"Time (s)","Acceleration x (m/s^2)","Acceleration y (m/s^2)","Acceleration z (m/s^2)","Absolute acceleration (m/s^2)"
2.120749967E-3,5.942642212E-1,5.780978394E-1,8.919352112E0,8.957800465E0
1.215274999E-2,3.698808289E-1,6.062393188E-1,8.794511719E0,8.823138575E0
2.218375000E-2,6.930587769E-2,6.153703308E-1,9.050778809E0,9.071939208E0
3.221575002E-2,-8.577163696E-2,5.849835205E-1,9.569749603E0,9.587996139E0
4.224674997E-2,-1.047821045E-2,5.574407959E-1,1.006267456E1,1.007810842E1
5.227874999E-2,1.553768921E-1,5.532495117E-1,1.035681290E1,1.037274315E1
6.230975001E-2,3.427871704E-1,5.713618469E-1,1.038480469E1,1.040615807E1
7.234174997E-2,4.486170959E-1,5.903723145E-1,1.022972717E1,1.025656447E1
8.237274998E-2,4.511618042E-1,6.114784241E-1,1.002420456E1,1.005296622E1
9.240475000E-2,3.571572876E-1,5.816903687E-1,9.839937744E0,9.863584532E0
1.024357500E-1,2.424957275E-1,5.411247253E-1,9.680818634E0,9.698962294E0
1.124677500E-1,1.683998108E-1,5.319937134E-1,9.550290070E0,9.566578083E0
1.224987500E-1,1.254391479E-1,5.001100159E-1,9.531728668E0,9.545663749E0
1.325307500E-1,1.475930786E-1,4.948709106E-1,9.668095093E0,9.681877073E0
1.425617500E-1,2.092648315E-1,4.948709106E-1,9.936187592E0,9.950704138E0
1.525937500E-1,2.947370911E-1,5.025050354E-1,1.018003052E1,1.019668586E1
1.626257500E-1,3.981719971E-1,5.147795105E-1,1.015129028E1,1.017213022E1
1.726567500E-1,3.345542908E-1,4.936734009E-1,9.941726074E0,9.959596244E0
1.826887500E-1,2.423460388E-1,4.584965515E-1,9.791737976E0,9.805461911E0
1.927197500E-1,2.056723022E-1,4.764591980E-1,9.714947662E0,9.728798618E0
2.027517500E-1,2.161505127E-1,5.060975647E-1,9.716294861E0,9.731867324E0
2.127827500E-1,2.606080627E-1,5.131329346E-1,9.724976807E0,9.741991370E0
2.228147500E-1,2.850073242E-1,5.388793945E-1,9.691147156E0,9.710301405E0
2.328457500E-1,2.803669739E-1,5.478607178E-1,9.710007935E0,9.729491821E0
2.428777500E-1,2.573149109E-1,5.989045715E-1,9.774074707E0,9.795786545E0
2.529087500E-1,2.315684509E-1,6.222560120E-1,9.865983582E0,9.888299071E0
2.629407500E-1,2.143542480E-1,6.655160522E-1,9.956096191E0,9.980616751E0
2.729717500E-1,2.116598511E-1,6.710545349E-1,9.976902924E0,1.000168516E1
2.830037500E-1,2.145039368E-1,6.560856628E-1,9.955647125E0,9.979547586E0
2.930347500E-1,2.201921082E-1,6.318360901E-1,9.898316345E0,9.920905598E0
3.030667500E-1,2.411485291E-1,5.951623535E-1,9.871372375E0,9.892237533E0
3.130977500E-1,2.637515259E-1,5.599855042E-1,9.864935760E0,9.884336406E0
3.231297500E-1,2.808160400E-1,4.989125061E-1,9.864037628E0,9.880638120E0
3.331617500E-1,2.752775574E-1,4.767585754E-1,9.859696655E0,9.875054157E0
3.431927500E-1,2.561174011E-1,4.682263184E-1,9.853110352E0,9.867553679E0
3.532247500E-1,2.255809021E-1,4.706213379E-1,9.827663269E0,9.841510886E0
3.632557500E-1,2.309696960E-1,5.046006775E-1,9.800419922E0,9.816119370E0
3.732877500E-1,2.285746765E-1,5.122348022E-1,9.812844086E0,9.828862596E0
3.833187500E-1,2.474354553E-1,5.310955811E-1,9.809550934E0,9.827032937E0
3.933507500E-1,2.463876343E-1,5.231620789E-1,9.848919067E0,9.865881219E0
4.033817500E-1,2.622546387E-1,5.113366699E-1,9.876461792E0,9.893166339E0
4.134137500E-1,2.764750671E-1,5.135820007E-1,9.881700897E0,9.898899815E0
4.234447500E-1,2.754272461E-1,5.260061646E-1,9.830956421E0,9.848870331E0
4.334767500E-1,2.357597351E-1,5.483097839E-1,9.804611206E0,9.822760670E0
4.435077500E-1,2.345622253E-1,5.728587341E-1,9.812844086E0,9.832349445E0
4.535397500E-1,2.336640930E-1,5.774990845E-1,9.825867004E0,9.845596299E0
4.635707500E-1,2.359094238E-1,5.358856201E-1,9.815837860E0,9.833285288E0
4.736027500E-1,2.451901245E-1,5.246589661E-1,9.827064514E0,9.844114089E0
4.836337500E-1,2.487826538E-1,5.104385376E-1,9.842482452E0,9.858848875E0
4.936657500E-1,2.471360779E-1,5.002597046E-1,9.888586578E0,9.904316258E0
5.036977500E-1,2.513273621E-1,5.237608337E-1,9.912686462E0,9.929695048E0
5.137287500E-1,2.417472839E-1,5.468128967E-1,9.935289459E0,9.953261914E0
5.237607500E-1,2.528242493E-1,5.548960876E-1,9.909393311E0,9.928137064E0
5.337917500E-1,2.595602417E-1,5.776487732E-1,9.889335022E0,9.909591152E0
5.438237500E-1,2.625540161E-1,5.786965942E-1,9.860445099E0,9.880900865E0
5.538547500E-1,2.604583740E-1,5.782475281E-1,9.851314087E0,9.871706945E0
5.638867500E-1,2.627037048E-1,5.727090454E-1,9.853709106E0,9.873833705E0
5.739177500E-1,2.647993469E-1,5.632786560E-1,9.844129028E0,9.863786183E0
5.839497500E-1,2.685415649E-1,5.484594727E-1,9.814939728E0,9.833919067E0
5.939807500E-1,2.592608643E-1,5.466632080E-1,9.817334747E0,9.835960472E0
6.040127500E-1,2.477348328E-1,5.331912231E-1,9.804910583E0,9.822521926E0
6.140437500E-1,2.303709412E-1,5.176235962E-1,9.812694397E0,9.829037404E0
6.240757500E-1,2.107617188E-1,5.007087708E-1,9.844727783E0,9.859705619E0
6.341067500E-1,2.354603577E-1,4.938230896E-1,9.854906616E0,9.870080407E0
6.441387500E-1,2.395019531E-1,4.810995483E-1,9.859097900E0,9.873734317E0
6.541707500E-1,2.555186462E-1,4.522096252E-1,9.849817200E0,9.863502532E0
6.642017500E-1,2.715353394E-1,4.555027771E-1,9.832303619E0,9.846593760E0
6.742337500E-1,2.668949890E-1,4.628375244E-1,9.824519806E0,9.839036585E0
6.842647500E-1,2.600093079E-1,4.770579529E-1,9.792037354E0,9.807098687E0
6.942967500E-1,2.483335876E-1,4.808001709E-1,9.799521790E0,9.814451879E0
7.043277500E-1,2.504292297E-1,4.857398987E-1,9.809101868E0,9.824313589E0
7.143597500E-1,2.179467773E-1,5.022056580E-1,9.832303619E0,9.847532980E0
7.243907500E-1,2.107617188E-1,5.069956970E-1,9.869127045E0,9.884388386E0
7.344227500E-1,2.293231201E-1,5.298980713E-1,9.896669769E0,9.913498554E0
7.444537500E-1,2.360591125E-1,5.629792786E-1,9.883946228E0,9.902780549E0
7.544857500E-1,2.245330811E-1,5.926176453E-1,9.855954437E0,9.876307440E0
7.645167500E-1,2.369572449E-1,5.942642212E-1,9.831854553E0,9.852647495E0
7.745487500E-1,2.210902405E-1,6.093827820E-1,9.815089417E0,9.836473378E0
7.845797500E-1,2.103126526E-1,5.860313416E-1,9.857451324E0,9.877095259E0
7.946117500E-1,2.106120300E-1,5.544470215E-1,9.858948212E0,9.876772184E0
8.046437500E-1,2.200424194E-1,5.204676819E-1,9.862690430E0,9.878864701E0
8.146747500E-1,2.118095398E-1,5.002597046E-1,9.859696655E0,9.874651446E0
8.247067500E-1,2.180964661E-1,5.113366699E-1,9.830357666E0,9.846063330E0
8.347377500E-1,2.386038208E-1,5.038522339E-1,9.827663269E0,9.843463018E0
8.447697500E-1,2.460882568E-1,5.095404053E-1,9.849817200E0,9.866057456E0
8.548007500E-1,2.896476746E-1,5.102888489E-1,9.986183624E0,1.000340711E1
8.648327500E-1,3.644920349E-1,4.875361633E-1,1.002719833E1,1.004565838E1
8.748637500E-1,3.541635132E-1,4.655319214E-1,9.861343231E0,9.878676130E0
8.848957500E-1,2.653981018E-1,4.406835938E-1,9.757010193E0,9.770562220E0
8.949267500E-1,1.814227295E-1,4.378395081E-1,9.734856262E0,9.746386207E0
9.049587500E-1,2.065704346E-1,4.538562012E-1,9.788145447E0,9.800839152E0
9.149897500E-1,2.519261169E-1,4.827461243E-1,9.813293152E0,9.828389139E0
9.250217500E-1,2.868035889E-1,4.980143738E-1,9.798174591E0,9.815014006E0
9.350527500E-1,2.848576355E-1,5.183720398E-1,9.751471710E0,9.769393735E0
9.450847500E-1,2.589614868E-1,5.727090454E-1,9.745484161E0,9.765731833E0
9.551167500E-1,2.386038208E-1,6.002517700E-1,9.795180817E0,9.816455633E0
9.651477500E-1,2.284249878E-1,6.289920044E-1,9.855205994E0,9.877899275E0
9.751797500E-1,2.326162720E-1,6.556365967E-1,9.928852844E0,9.953194888E0
9.852107500E-1,2.505789185E-1,6.373745728E-1,9.948312378E0,9.971858167E0
9.952427500E-1,2.484832764E-1,6.144721985E-1,9.922865295E0,9.944977410E0
1.005273750E0,2.556683350E-1,5.761518860E-1,9.921218719E0,9.941222167E0
1.015305750E0,2.775228882E-1,5.243595886E-1,9.914931793E0,9.932665523E0
1.025336750E0,2.719844055E-1,4.794529724E-1,9.910441132E0,9.925759119E0
1.035368750E0,2.570155334E-1,4.469705200E-1,9.866282959E0,9.879745900E0
1.045399750E0,2.411485291E-1,4.394860840E-1,9.825118561E0,9.837898930E0
1.055431750E0,2.354603577E-1,4.611909485E-1,9.821226654E0,9.834868157E0
1.065462750E0,2.195933533E-1,4.782554626E-1,9.799821167E0,9.813941330E0
1.075494750E0,2.326162720E-1,4.944218445E-1,9.799671478E0,9.814892988E0
1.085525375E0,2.570155334E-1,5.107379150E-1,9.835746460E0,9.852350919E0
1.095557375E0,2.749781799E-1,5.240602112E-1,9.863887939E0,9.881626252E0
1.105589375E0,2.903961182E-1,5.153782654E-1,9.865235138E0,9.882955478E0
1.115620375E0,2.881507874E-1,5.231620789E-1,9.864786072E0,9.882850483E0
1.125652375E0,2.811154175E-1,5.170248413E-1,9.835147705E0,9.852739261E0
1.135683375E0,2.460882568E-1,5.297483826E-1,9.802665253E0,9.820052894E0
1.145715375E0,2.380050659E-1,5.547463989E-1,9.806856537E0,9.825417300E0
1.155746375E0,2.118095398E-1,5.704637146E-1,9.819729767E0,9.838566198E0
1.165778375E0,2.101629639E-1,5.667214966E-1,9.824819183E0,9.843394420E0
1.175809375E0,2.451901245E-1,5.429209900E-1,9.814490662E0,9.832553501E0
1.185841375E0,2.573149109E-1,5.095404053E-1,9.820777588E0,9.837353039E0
1.195872375E0,2.589614868E-1,4.966671753E-1,9.864187317E0,9.880077467E0
1.205904375E0,2.659968567E-1,5.074447632E-1,9.895771637E0,9.912343356E0
1.215935375E0,2.721340942E-1,5.086422729E-1,9.900861053E0,9.917652118E0
1.225967375E0,2.752775574E-1,5.349874878E-1,9.904303894E0,9.922561412E0
1.235998375E0,2.724334717E-1,5.487588501E-1,9.897268524E0,9.916213013E0
1.246030375E0,2.775228882E-1,5.463638306E-1,9.899513855E0,9.918462933E0
1.256062375E0,2.824626160E-1,5.499563599E-1,9.857750702E0,9.877119318E0
1.266093375E0,2.716850281E-1,5.511538696E-1,9.849966888E0,9.869115008E0
1.276125375E0,2.600093079E-1,5.348377991E-1,9.840835876E0,9.858788316E0
1.286156375E0,2.588117981E-1,5.450166321E-1,9.835447083E0,9.853935558E0
1.296188375E0,2.468367004E-1,5.454656982E-1,9.807754669E0,9.826012051E0
1.306219375E0,2.323168945E-1,5.433700562E-1,9.795031128E0,9.812841431E0
1.316251375E0,2.420466614E-1,5.239105225E-1,9.811945953E0,9.828903917E0
1.326282375E0,2.318678284E-1,4.984634399E-1,9.827962646E0,9.843326586E0
1.336314375E0,2.357597351E-1,4.736151123E-1,9.850865021E0,9.865061357E0
1.346345375E0,2.510279846E-1,4.652325439E-1,9.868079224E0,9.882228693E0
1.356377375E0,2.772235107E-1,4.595443726E-1,9.853110352E0,9.867715921E0
1.366408375E0,2.805166626E-1,4.637356567E-1,9.842183075E0,9.857094300E0
1.376440375E0,2.805166626E-1,4.649331665E-1,9.839488678E0,9.854460406E0
1.386472375E0,2.621049500E-1,4.725672913E-1,9.824070740E0,9.838921930E0
1.396503375E0,2.469863892E-1,4.770579529E-1,9.805958405E0,9.820662238E0
1.406535375E0,2.300715637E-1,4.764591980E-1,9.832004242E0,9.846230431E0
1.416566375E0,2.203417969E-1,4.682263184E-1,9.890233154E0,9.903761823E0
1.426598375E0,1.941462708E-1,4.858895874E-1,9.901310120E0,9.915125998E0
1.436629375E0,1.695973206E-1,4.818479919E-1,9.872869263E0,9.886075471E0
1.446661375E0,1.341210938E-1,4.779560852E-1,9.834099884E0,9.846621300E0
1.456692375E0,1.207987976E-1,5.110372925E-1,9.805659027E0,9.819709793E0
1.466724375E0,1.568737793E-1,5.197192383E-1,9.829609222E0,9.844589120E0
1.476755375E0,2.103126526E-1,5.409750366E-1,9.840237122E0,9.857340007E0
1.486787375E0,3.197351074E-1,5.872288513E-1,9.847422180E0,9.870095838E0
1.496818375E0,4.361929321E-1,6.361770630E-1,9.875563660E0,9.905641985E0
1.506850375E0,5.126838684E-1,6.944059753E-1,9.835896149E0,9.873697254E0
1.516881375E0,5.248086548E-1,7.686515808E-1,9.798623657E0,9.842727008E0
1.526913375E0,4.858895874E-1,7.899073792E-1,9.822723541E0,9.866404620E0
1.536945375E0,4.111949158E-1,7.447013855E-1,9.822573853E0,9.859341687E0
1.546976375E0,3.516188049E-1,6.652166748E-1,9.962981873E0,9.991354102E0
1.557008375E0,3.213816833E-1,5.355862427E-1,1.004815475E1,1.006754949E1
1.567039375E0,2.695893860E-1,4.266128540E-1,9.907147980E0,9.919992846E0
1.577071375E0,1.411564636E-1,3.448828125E-1,9.760303345E0,9.767414739E0
1.587102375E0,5.254074097E-2,2.832110596E-1,9.737400970E0,9.741660366E0
1.597134375E0,6.616241455E-2,2.866539001E-1,9.763746185E0,9.768177286E0
1.607165375E0,1.498384094E-1,3.382965088E-1,9.788444824E0,9.795435067E0
1.617197375E0,2.547702026E-1,4.011657715E-1,9.786199493E0,9.797731490E0
1.627228375E0,3.228785706E-1,5.146298218E-1,9.724976807E0,9.743934950E0
1.637260375E0,3.454815674E-1,6.164181519E-1,9.724228363E0,9.749869030E0
1.647291375E0,3.591032410E-1,7.029382324E-1,9.765093384E0,9.796944732E0
1.657323375E0,3.516188049E-1,7.548802185E-1,9.852062531E0,9.887194548E0
1.667355375E0,3.547622681E-1,7.662565613E-1,9.900262299E0,9.936206468E0
1.677386375E0,3.465293884E-1,7.339237976E-1,9.934690704E0,9.967788428E0
1.687418375E0,3.234773254E-1,6.721023560E-1,9.938283234E0,9.966234634E0
1.697449375E0,3.085084534E-1,6.107299805E-1,9.924362183E0,9.947921055E0
1.707481375E0,2.903961182E-1,5.201683044E-1,9.931846619E0,9.949697595E0
1.717512375E0,2.692900085E-1,4.655319214E-1,9.927355957E0,9.941912964E0
1.727544375E0,2.543211365E-1,4.403842163E-1,9.894125061E0,9.907185686E0
1.737575375E0,2.362088013E-1,4.447251892E-1,9.843530273E0,9.856402150E0
1.747607375E0,2.478845215E-1,4.656816101E-1,9.822723541E0,9.836879783E0
1.757638375E0,2.805166626E-1,5.194198608E-1,9.811047821E0,9.828791682E0
1.767670375E0,2.971321106E-1,5.468128967E-1,9.823471985E0,9.843164820E0
1.777701375E0,3.267704773E-1,5.637277222E-1,9.863887939E0,9.885385838E0
1.787733375E0,3.487747192E-1,5.644761658E-1,9.876910858E0,9.899173968E0
1.797765375E0,3.468287659E-1,5.547463989E-1,9.858199768E0,9.879885446E0
1.807796375E0,3.206332397E-1,5.370831299E-1,9.846074982E0,9.865924007E0
1.817828375E0,3.044668579E-1,5.245092773E-1,9.834249573E0,9.852932290E0
1.827859375E0,2.890489197E-1,5.108876038E-1,9.777816925E0,9.795420320E0
1.837891375E0,2.589614868E-1,5.315446472E-1,9.759704590E0,9.777598603E0
1.847922375E0,2.520758057E-1,5.574407959E-1,9.782906342E0,9.802017085E0
1.857954375E0,2.326162720E-1,5.667214966E-1,9.799072723E0,9.818202983E0
1.867985375E0,2.662962341E-1,5.346881104E-1,9.804012451E0,9.822192484E0
1.878017375E0,2.947370911E-1,5.294490051E-1,9.838440857E0,9.857083986E0
1.888048375E0,2.992277527E-1,5.138813782E-1,9.878856812E0,9.896738009E0
1.898080375E0,3.065625000E-1,5.065466309E-1,9.877210236E0,9.894940732E0
1.908111375E0,3.059637451E-1,5.099894714E-1,9.881102142E0,9.898983919E0
1.918143375E0,2.770738220E-1,5.242098999E-1,9.879156189E0,9.896933511E0
1.928175375E0,2.553689575E-1,5.695655823E-1,9.883347473E0,9.903038702E0
1.938206375E0,2.721340942E-1,5.742059326E-1,9.883048096E0,9.903454401E0
1.948238375E0,2.912942505E-1,5.888754272E-1,9.885892181E0,9.907698564E0
1.958269375E0,3.101550293E-1,5.769003296E-1,9.882449341E0,9.904131214E0
1.968301375E0,3.064128113E-1,5.707630920E-1,9.873617706E0,9.894846433E0
1.978332375E0,2.951861572E-1,5.661227417E-1,9.870324554E0,9.890952261E0
1.988364375E0,2.944377136E-1,5.544470215E-1,9.853858795E0,9.873836044E0
1.998395375E0,2.697390747E-1,5.388793945E-1,9.828411713E0,9.846868891E0
2.008427375E0,2.538720703E-1,5.269042969E-1,9.793085175E0,9.810534970E0
2.018458375E0,2.402503967E-1,5.044509888E-1,9.782756653E0,9.798699852E0
2.028490375E0,2.601589966E-1,4.788542175E-1,9.821076965E0,9.836185075E0
2.038521375E0,2.558180237E-1,4.679269409E-1,9.855804749E0,9.870222172E0
2.048553375E0,2.704875183E-1,4.522096252E-1,9.851014709E0,9.865097458E0
2.058585375E0,2.911445618E-1,4.513114929E-1,9.838440857E0,9.853089146E0
2.068616375E0,2.995271301E-1,4.617897034E-1,9.834998016E0,9.850388430E0
2.078648375E0,3.010240173E-1,4.872367859E-1,9.817634125E0,9.834325343E0
2.088679667E0,2.989283752E-1,4.993615723E-1,9.800270233E0,9.817536188E0
2.098711667E0,2.670446777E-1,4.995112610E-1,9.816586304E0,9.832913659E0
2.108742667E0,2.553689575E-1,4.996609497E-1,9.850116577E0,9.866086912E0
2.118774667E0,2.835104370E-1,5.035528564E-1,9.895771637E0,9.912630324E0
2.128805667E0,2.915936279E-1,5.322930908E-1,9.902956696E0,9.921537889E0
2.138837667E0,3.088078308E-1,5.517526245E-1,9.871222687E0,9.891452399E0
2.148868667E0,2.884501648E-1,5.932164001E-1,9.835746460E0,9.857840414E0
2.158900667E0,2.642005920E-1,6.041436768E-1,9.812544708E0,9.834674636E0
2.168931667E0,2.547702026E-1,5.869294739E-1,9.826765137E0,9.847573666E0
2.178963667E0,2.505789185E-1,5.644761658E-1,9.857301636E0,9.876629925E0
2.188995667E0,2.469863892E-1,5.481600952E-1,9.883646851E0,9.901916826E0
2.199026667E0,2.619552612E-1,5.284011841E-1,9.885592804E0,9.903169869E0
2.209058667E0,2.571652222E-1,5.156776428E-1,9.840835876E0,9.857692840E0
2.219089667E0,2.785707092E-1,5.002597046E-1,9.845326538E0,9.861963093E0
2.229121667E0,3.010240173E-1,5.189707947E-1,9.820029144E0,9.838339217E0
2.239152667E0,3.074606323E-1,5.062472534E-1,9.849068756E0,9.866862403E0
2.249184667E0,3.363505554E-1,4.836442566E-1,9.970017242E0,9.987406434E0
2.259215667E0,3.763174438E-1,4.772076416E-1,9.930050354E0,9.948630156E0
2.269247667E0,3.104544067E-1,4.752616882E-1,9.767039337E0,9.783522526E0
2.279278667E0,2.158511353E-1,4.517605591E-1,9.731712799E0,9.744583794E0
2.289310667E0,1.893562317E-1,4.556524658E-1,9.761949921E0,9.774412576E0
2.299341667E0,2.281256104E-1,4.415817261E-1,9.814939728E0,9.827516348E0
2.309373667E0,2.778222656E-1,4.598437500E-1,9.833950195E0,9.848615026E0
2.319405667E0,2.924917603E-1,5.054988098E-1,9.791288910E0,9.808690993E0
2.329436667E0,2.809657288E-1,5.487588501E-1,9.734257507E0,9.753760671E0
2.339468667E0,2.760260010E-1,6.045927429E-1,9.765991516E0,9.788580747E0
2.349499667E0,2.860551453E-1,6.477030945E-1,9.848619690E0,9.874039530E0
2.359531667E0,2.986289978E-1,6.637197876E-1,9.915380859E0,9.942056167E0
2.369562667E0,2.996768188E-1,6.587800598E-1,9.965376892E0,9.991623190E0
2.379594667E0,3.025209045E-1,6.286926270E-1,9.962682495E0,9.987082448E0
2.389625667E0,3.040177917E-1,5.830375671E-1,9.955647125E0,9.977337786E0
2.399657667E0,3.020718384E-1,5.219645691E-1,9.949060822E0,9.967321889E0
2.409688667E0,2.875520325E-1,4.775070190E-1,9.921967163E0,9.937611962E0
2.419720667E0,2.793191528E-1,4.583468628E-1,9.858199768E0,9.872801209E0
2.429751667E0,2.820135498E-1,4.727169800E-1,9.810598755E0,9.826028746E0
2.439783667E0,2.724334717E-1,4.897814941E-1,9.777966614E0,9.794015367E0
2.449815667E0,2.908451843E-1,4.924758911E-1,9.791887665E0,9.808577240E0
2.459846667E0,2.908451843E-1,5.225633240E-1,9.823022919E0,9.841211440E0
2.469878667E0,3.094065857E-1,5.239105225E-1,9.832752686E0,9.851560285E0
2.479909667E0,3.198847961E-1,5.361849976E-1,9.858199768E0,9.877951372E0
2.489941667E0,3.209326172E-1,5.447172546E-1,9.868677979E0,9.888908922E0
2.499972667E0,3.297642517E-1,5.215155029E-1,9.859397278E0,9.878686024E0
2.510004667E0,3.029699707E-1,5.111869812E-1,9.869127045E0,9.887000129E0
2.520035667E0,2.888992310E-1,5.170248413E-1,9.831255798E0,9.849079552E0
2.530067667E0,2.891986084E-1,5.224136353E-1,9.786798248E0,9.804997287E0
2.540098667E0,2.474354553E-1,5.430706787E-1,9.802964630E0,9.821113257E0
2.550130667E0,2.585124207E-1,5.671705627E-1,9.816436615E0,9.836205515E0
2.560161667E0,2.686912537E-1,5.731581116E-1,9.808054047E0,9.828460174E0
2.570193667E0,3.107537842E-1,5.438191223E-1,9.849218445E0,9.869113999E0
2.580225667E0,3.335064697E-1,5.270539856E-1,9.873168640E0,9.892849512E0
2.590256667E0,3.240760803E-1,5.010081482E-1,9.870474243E0,9.888493124E0
2.600288667E0,2.956352234E-1,5.098397827E-1,9.857002258E0,9.874605324E0
2.610319667E0,2.856060791E-1,5.269042969E-1,9.877808990E0,9.895974405E0
2.620351667E0,2.709365845E-1,5.423222351E-1,9.887538757E0,9.906106335E0
2.630382667E0,2.773731995E-1,5.640270996E-1,9.887538757E0,9.907496411E0
2.640414667E0,2.924917603E-1,5.539979553E-1,9.875713348E0,9.895563617E0
2.650445667E0,3.083587646E-1,5.601351929E-1,9.869426422E0,9.890117010E0
2.660477667E0,3.245251465E-1,5.415737915E-1,9.866582336E0,9.886762147E0
2.670508667E0,2.990780640E-1,5.493576050E-1,9.861343231E0,9.881160448E0
2.680540667E0,2.920426941E-1,5.545967102E-1,9.852212219E0,9.872130067E0
2.690571667E0,2.836601257E-1,5.523513794E-1,9.831255798E0,9.850844922E0
2.700603667E0,2.682421875E-1,5.384303284E-1,9.814640350E0,9.833057830E0
2.710635667E0,2.622546387E-1,5.111869812E-1,9.797875214E0,9.814705718E0
2.720666667E0,2.481838989E-1,4.963677979E-1,9.806407471E0,9.822097725E0
2.730698667E0,2.622546387E-1,4.697232056E-1,9.856852570E0,9.871522677E0
2.740729667E0,2.655477905E-1,4.513114929E-1,9.879305878E0,9.893173521E0
2.750761667E0,2.881507874E-1,4.555027771E-1,9.863588562E0,9.878304155E0
2.760792667E0,2.890489197E-1,4.760101318E-1,9.825268250E0,9.841038111E0
2.770824667E0,3.067121887E-1,4.843927002E-1,9.807006226E0,9.823750799E0
2.780855667E0,3.010240173E-1,4.959187317E-1,9.813143463E0,9.830276470E0
2.790887667E0,3.088078308E-1,5.168751526E-1,9.820328522E0,9.838768951E0
2.800918667E0,3.215313721E-1,5.129832458E-1,9.853409729E0,9.871991568E0
2.810950667E0,2.993774414E-1,5.129832458E-1,9.853858795E0,9.871743099E0
2.820981667E0,2.686912537E-1,5.049000549E-1,9.878258057E0,9.894801731E0
2.831013667E0,2.412982178E-1,4.950205994E-1,9.876611481E0,9.891952515E0
2.841045667E0,2.415975952E-1,5.080435181E-1,9.865983582E0,9.882009393E0
2.851076667E0,2.607577515E-1,5.270539856E-1,9.875413971E0,9.892905620E0
2.861108667E0,2.650987244E-1,5.668711853E-1,9.840237122E0,9.860115967E0
2.871139667E0,2.773731995E-1,6.001020813E-1,9.825567627E0,9.847783385E0
2.881171667E0,2.742297363E-1,5.959107971E-1,9.793534241E0,9.815478824E0
2.891202667E0,2.594105530E-1,5.763015747E-1,9.824669495E0,9.844975775E0
2.901234667E0,2.541714478E-1,5.402265930E-1,9.855205994E0,9.873273676E0
2.911265667E0,2.673440552E-1,5.075944519E-1,9.883347473E0,9.899983952E0
2.921297667E0,2.883004761E-1,4.935237122E-1,9.898765411E0,9.915252871E0
2.931328667E0,2.902464294E-1,4.854405212E-1,9.852062531E0,9.868284126E0
2.941360667E0,2.826123047E-1,4.941224670E-1,9.843829651E0,9.860274282E0
2.951392667E0,3.008743286E-1,5.019062805E-1,9.825717316E0,9.843127351E0
2.961423667E0,3.052153015E-1,5.150788879E-1,9.818831635E0,9.837068532E0
2.971455667E0,3.258723450E-1,4.992118835E-1,9.920470276E0,9.938366857E0
2.981486667E0,3.665876770E-1,4.745132446E-1,9.974657593E0,9.992664481E0
2.991518667E0,3.608995056E-1,4.742138672E-1,9.824669495E0,9.842726143E0
3.001549667E0,2.610571289E-1,4.469705200E-1,9.751471710E0,9.765200151E0
3.011581667E0,1.962419128E-1,4.478686523E-1,9.766290894E0,9.778524175E0
3.021612667E0,2.185455322E-1,4.430786133E-1,9.807604980E0,9.820040543E0
3.031644667E0,2.561174011E-1,4.549040222E-1,9.842332764E0,9.856168019E0
3.041675667E0,2.811154175E-1,4.842430115E-1,9.804162140E0,9.820138107E0
3.051707667E0,2.619552612E-1,5.394781494E-1,9.750723267E0,9.769148451E0
3.061738667E0,2.642005920E-1,6.122268677E-1,9.756261749E0,9.779021782E0
3.071770667E0,2.815644836E-1,6.466552734E-1,9.822424164E0,9.847713341E0
3.081802667E0,3.233276367E-1,6.718029785E-1,9.903854828E0,9.931877992E0
3.091833792E0,3.397933960E-1,6.590794373E-1,9.965077515E0,9.992628039E0
3.101865792E0,3.385958862E-1,6.239025879E-1,9.967472534E0,9.992717865E0
3.111896792E0,3.197351074E-1,5.813909912E-1,9.945318604E0,9.967427359E0
3.121928792E0,3.135978699E-1,5.083428955E-1,9.914183350E0,9.932159262E0
3.131959792E0,2.749781799E-1,4.556524658E-1,9.902807007E0,9.917097296E0
3.141991792E0,2.677931213E-1,4.501139832E-1,9.845476227E0,9.859397440E0
3.152022792E0,2.709365845E-1,4.728666687E-1,9.793983307E0,9.809134444E0
3.162054792E0,2.773731995E-1,4.842430115E-1,9.773475952E0,9.789395251E0
3.172085792E0,3.049159241E-1,5.096900940E-1,9.797276459E0,9.815262794E0
3.182117792E0,3.162922668E-1,5.354365540E-1,9.832602997E0,9.852249225E0
3.192148792E0,3.366499329E-1,5.239105225E-1,9.867929535E0,9.887560302E0
3.202180792E0,3.426374817E-1,5.138813782E-1,9.905950470E0,9.925186609E0
3.212212792E0,3.519181824E-1,5.105882263E-1,9.893376617E0,9.912792121E0
3.222243792E0,3.216810608E-1,4.996609497E-1,9.854008484E0,9.871910806E0
3.232275792E0,2.911445618E-1,5.143304443E-1,9.835746460E0,9.853487169E0
3.242306792E0,2.932402039E-1,5.044509888E-1,9.837542725E0,9.854831682E0
3.252338792E0,2.719844055E-1,5.146298218E-1,9.802515564E0,9.819782622E0
3.262369792E0,2.712359619E-1,5.638774109E-1,9.798773346E0,9.818731373E0
3.272401792E0,2.601589966E-1,5.755531311E-1,9.820777588E0,9.841067856E0
3.282432792E0,2.677931213E-1,5.682183838E-1,9.818083191E0,9.838157492E0
3.292464792E0,3.091072083E-1,5.661227417E-1,9.840386810E0,9.861503679E0
3.302495792E0,3.391946411E-1,5.213658142E-1,9.875863037E0,9.895430564E0
3.312527792E0,3.403921509E-1,5.035528564E-1,9.855804749E0,9.874528826E0
3.322559792E0,3.149450684E-1,5.034031677E-1,9.846973114E0,9.864861107E0
3.332590792E0,2.903961182E-1,5.381309509E-1,9.832902374E0,9.851897479E0
3.342622792E0,2.833607483E-1,5.451663208E-1,9.849817200E0,9.868961369E0
3.352653792E0,2.809657288E-1,5.538482666E-1,9.856104126E0,9.875650773E0
3.362685792E0,3.064128113E-1,5.776487732E-1,9.880952454E0,9.902564734E0
3.372716792E0,3.010240173E-1,5.792953491E-1,9.876012726E0,9.897566667E0
3.382748792E0,3.119512939E-1,5.530998230E-1,9.897567902E0,9.917917291E0
3.392779792E0,3.128494263E-1,5.430706787E-1,9.899962921E0,9.919781568E0
3.402811792E0,3.158432007E-1,5.321434021E-1,9.880952454E0,9.900310850E0
3.412842792E0,3.082090759E-1,5.224136353E-1,9.847122803E0,9.865786149E0
3.422874792E0,2.936892700E-1,5.240602112E-1,9.820178833E0,9.838536721E0
3.432905792E0,2.691403198E-1,5.037025452E-1,9.787097626E0,9.803745851E0
3.442937792E0,2.691403198E-1,5.031037903E-1,9.809850311E0,9.826429314E0
3.452969792E0,2.754272461E-1,4.722679138E-1,9.836943970E0,9.852124838E0
3.463000792E0,3.035687256E-1,4.578977966E-1,9.850266266E0,9.865574989E0
3.473032792E0,2.956352234E-1,4.641847229E-1,9.831854553E0,9.847244873E0
3.483063792E0,3.098556519E-1,4.682263184E-1,9.823172607E0,9.839205582E0
3.493095792E0,2.883004761E-1,4.858895874E-1,9.836195526E0,9.852408248E0
3.503126792E0,3.043171692E-1,4.915777588E-1,9.834698639E0,9.851677773E0
3.513158792E0,3.008743286E-1,5.134323120E-1,9.836943970E0,9.854927943E0
3.523189792E0,3.079096985E-1,5.225633240E-1,9.842183075E0,9.860854349E0
3.533221792E0,3.118016052E-1,5.303471375E-1,9.852361908E0,9.871551220E0
3.543252792E0,3.046165466E-1,5.334906006E-1,9.839039612E0,9.858199833E0
3.553284792E0,2.947370911E-1,5.396278381E-1,9.841135254E0,9.860325108E0
3.563315792E0,2.737806702E-1,5.275030518E-1,9.861792297E0,9.879684339E0
3.573347792E0,2.682421875E-1,5.158273315E-1,9.863887939E0,9.881007893E0
3.583379792E0,2.609074402E-1,5.387297058E-1,9.888137512E0,9.906238734E0
3.593410792E0,2.764750671E-1,5.595364380E-1,9.861792297E0,9.881521482E0
3.603442792E0,2.990780640E-1,5.769003296E-1,9.837991791E0,9.859429200E0
3.613473792E0,3.073109436E-1,5.789959717E-1,9.797276459E0,9.819180330E0
3.623505792E0,2.796185303E-1,5.523513794E-1,9.798024902E0,9.817564390E0
3.633536792E0,2.748284912E-1,5.251080322E-1,9.823471985E0,9.841334817E0
3.643568792E0,2.896476746E-1,4.837939453E-1,9.854906616E0,9.871025112E0
3.653599792E0,2.942880249E-1,4.860392761E-1,9.883646851E0,9.899965388E0
3.663631792E0,3.001258850E-1,4.858895874E-1,9.842632141E0,9.859187173E0
3.673662792E0,3.076103210E-1,5.110372925E-1,9.835297394E0,9.853367853E0
3.683694792E0,3.173400879E-1,5.201683044E-1,9.852511597E0,9.871335500E0
3.693726792E0,3.204835510E-1,5.096900940E-1,9.831255798E0,9.849674323E0
3.703757792E0,3.288661194E-1,5.113366699E-1,9.915829926E0,9.934450223E0
3.713789792E0,3.647914124E-1,5.056484985E-1,9.966125336E0,9.985610016E0
3.723820792E0,3.680845642E-1,5.004093933E-1,9.829908600E0,9.849517698E0
3.733852792E0,2.793191528E-1,4.700225830E-1,9.707313538E0,9.722699035E0
3.743883792E0,1.977388000E-1,4.381388855E-1,9.716743927E0,9.728626771E0
3.753915792E0,1.990859985E-1,4.267625427E-1,9.780960388E0,9.792290213E0
3.763946792E0,2.791694641E-1,4.321513367E-1,9.839488678E0,9.852929910E0
3.773978792E0,2.887495422E-1,4.593946838E-1,9.827812958E0,9.842780466E0
3.784009792E0,3.055146790E-1,5.252577209E-1,9.773475952E0,9.792347373E0
3.794041792E0,2.878514099E-1,5.803431702E-1,9.750124512E0,9.771621392E0
3.804072792E0,3.124003601E-1,6.303392029E-1,9.807904358E0,9.833102735E0
3.814104792E0,3.496728516E-1,6.730004883E-1,9.881401520E0,9.910464003E0
3.824136792E0,3.661386108E-1,6.878196716E-1,9.954898682E0,9.985347322E0
3.834167792E0,3.611988831E-1,6.491999817E-1,9.970765686E0,9.998404553E0
3.844199792E0,3.362008667E-1,6.039939880E-1,9.971364441E0,9.995296322E0
3.854230792E0,3.137475586E-1,5.318440247E-1,9.950258331E0,9.969400005E0
3.864262792E0,2.899470520E-1,4.851411438E-1,9.904902649E0,9.921014449E0
3.874293792E0,2.806663513E-1,4.514611816E-1,9.850865021E0,9.865198044E0
3.884325792E0,2.785707092E-1,4.659809875E-1,9.790390778E0,9.805431734E0
3.894356792E0,2.888992310E-1,4.944218445E-1,9.770931244E0,9.787697027E0
3.904388792E0,3.122506714E-1,5.200186157E-1,9.803114319E0,9.821861850E0
3.914419792E0,3.321592712E-1,5.321434021E-1,9.807455292E0,9.827496410E0
3.924451792E0,3.390449524E-1,5.336402893E-1,9.841734009E0,9.862020672E0
3.934483792E0,3.646417236E-1,5.245092773E-1,9.883796539E0,9.904418590E0
3.944514792E0,3.438349915E-1,5.161267090E-1,9.889634399E0,9.909060391E0
3.954546792E0,3.469784546E-1,5.105882263E-1,9.871821442E0,9.891104739E0
3.964577792E0,3.200344849E-1,4.930746460E-1,9.854158173E0,9.871675540E0
3.974609792E0,3.109034729E-1,5.119354248E-1,9.865684204E0,9.883848626E0
3.984640792E0,2.972817993E-1,5.233117676E-1,9.808054047E0,9.826502728E0
3.994672792E0,2.637515259E-1,5.523513794E-1,9.798773346E0,9.817872275E0
4.004703792E0,2.564167786E-1,5.671705627E-1,9.790390778E0,9.810157164E0
4.014735792E0,2.540217590E-1,5.807922363E-1,9.800868988E0,9.821348156E0
4.024766792E0,3.023712158E-1,5.673202515E-1,9.816286926E0,9.837315164E0
4.034798792E0,3.520678711E-1,5.442681885E-1,9.886041870E0,9.907270235E0
4.044829792E0,3.694317627E-1,5.324427795E-1,9.878707123E0,9.899940887E0
4.054861792E0,3.445834351E-1,5.228627014E-1,9.866732025E0,9.886583030E0
4.064893792E0,2.918930054E-1,5.209167480E-1,9.842482452E0,9.860578919E0
4.074924792E0,2.891986084E-1,5.400769043E-1,9.822424164E0,9.841510827E0
4.084956792E0,2.972817993E-1,5.448669434E-1,9.844727783E0,9.864275015E0
4.094987667E0,3.086581421E-1,5.719606018E-1,9.850116577E0,9.871535107E0
4.105019667E0,3.344046021E-1,5.965095520E-1,9.864187317E0,9.887863344E0
4.115050667E0,3.294648743E-1,5.816903687E-1,9.876910858E0,9.899509023E0
4.125082667E0,3.281176758E-1,5.652246094E-1,9.917177124E0,9.938689158E0
4.135113667E0,3.409909058E-1,5.530998230E-1,9.930948486E0,9.952182276E0
4.145145667E0,3.372486877E-1,5.496569824E-1,9.893077240E0,9.914072662E0
4.155176667E0,3.137475586E-1,5.420228577E-1,9.845775604E0,9.865674004E0
4.165208667E0,2.896476746E-1,5.301974487E-1,9.793085175E0,9.811703336E0
4.175240667E0,2.885998535E-1,5.304968262E-1,9.792785797E0,9.811389832E0
4.185271667E0,2.935395813E-1,5.089416504E-1,9.814790039E0,9.832359361E0
4.195303667E0,3.098556519E-1,5.031037903E-1,9.843230896E0,9.860949164E0
4.205334667E0,3.260220337E-1,4.776567078E-1,9.843829651E0,9.860802629E0
4.215366667E0,3.311114502E-1,4.911286926E-1,9.846973114E0,9.864771751E0
4.225397667E0,3.261717224E-1,5.081932068E-1,9.825867004E0,9.844405046E0
4.235429667E0,3.200344849E-1,5.210664368E-1,9.809401245E0,9.828442658E0
4.245460667E0,3.125500488E-1,5.424719238E-1,9.801018677E0,9.820994370E0
4.255492667E0,3.121009827E-1,5.405259705E-1,9.836045837E0,9.855829395E0
4.265523667E0,3.112028503E-1,5.496569824E-1,9.850415955E0,9.870646610E0
4.275555667E0,3.228785706E-1,5.535488892E-1,9.842332764E0,9.863172977E0
4.285587667E0,3.210823059E-1,5.381309509E-1,9.867630157E0,9.887507456E0
4.295618667E0,3.204835510E-1,5.469625854E-1,9.858349457E0,9.878711039E0
4.305650667E0,3.216810608E-1,5.390290833E-1,9.860445099E0,9.880405285E0
4.315681667E0,3.085084534E-1,5.441184998E-1,9.853559418E0,9.873392305E0
4.325713667E0,2.833607483E-1,5.450166321E-1,9.859247589E0,9.878365222E0
4.335744667E0,2.902464294E-1,5.565426636E-1,9.877359924E0,9.897283557E0
4.345776667E0,3.125500488E-1,5.668711853E-1,9.883796539E0,9.904971706E0
4.355807667E0,3.231779480E-1,5.719606018E-1,9.869576111E0,9.891416255E0
4.365839667E0,3.363505554E-1,5.767506409E-1,9.816885681E0,9.839563886E0
4.375870667E0,3.233276367E-1,5.563929749E-1,9.765542450E0,9.786722293E0
4.385902667E0,3.077600098E-1,5.554948425E-1,9.771679688E0,9.792293636E0
4.395933667E0,2.950364685E-1,5.251080322E-1,9.818083191E0,9.836541186E0
4.405965667E0,2.670446777E-1,5.075944519E-1,9.867181091E0,9.883836688E0
4.415997667E0,2.968327332E-1,5.128335571E-1,9.886041870E0,9.903783711E0
4.426028667E0,3.097059631E-1,5.110372925E-1,9.870773621E0,9.888844663E0
4.436060667E0,3.218307495E-1,5.333409119E-1,9.864037628E0,9.883686857E0
4.446091667E0,3.432362366E-1,5.432203674E-1,9.839488678E0,9.860448110E0
4.456123667E0,3.288661194E-1,5.435197449E-1,9.849368134E0,9.869833801E0
4.466154667E0,3.312611389E-1,5.322930908E-1,9.904752960E0,9.924575612E0
4.476186667E0,3.646417236E-1,5.090913391E-1,9.891131287E0,9.910934149E0
4.486217667E0,3.367996216E-1,5.098397827E-1,9.758656769E0,9.777768279E0
4.496249667E0,2.534230042E-1,4.911286926E-1,9.699080658E0,9.714813237E0
4.506280667E0,2.068698120E-1,4.770579529E-1,9.749974823E0,9.763830624E0
4.516312667E0,2.293231201E-1,4.496649170E-1,9.796827393E0,9.809822353E0
4.526344667E0,2.498304749E-1,4.421804810E-1,9.836943970E0,9.850045965E0
4.536375667E0,2.746788025E-1,4.564009094E-1,9.809700623E0,9.824152714E0
4.546407667E0,2.814147949E-1,5.548960876E-1,9.747729492E0,9.767565419E0
4.556438667E0,3.067121887E-1,6.280938721E-1,9.723030853E0,9.748123063E0
4.566470667E0,3.394940186E-1,6.804849243E-1,9.762997742E0,9.792570695E0
4.576501667E0,3.492237854E-1,7.030879211E-1,9.868977356E0,9.900151712E0
4.586533667E0,3.778143311E-1,6.852749634E-1,9.946965179E0,9.977698218E0
4.596564667E0,3.829037476E-1,6.439608765E-1,1.000998413E1,1.003798203E1
4.606596667E0,3.800596619E-1,6.143225098E-1,1.002779709E1,1.005378297E1
4.616627667E0,3.629951477E-1,5.427713013E-1,9.982291718E0,1.000362505E1
4.626659667E0,3.260220337E-1,4.942721558E-1,9.895771637E0,9.913470211E0
4.636691667E0,2.927911377E-1,4.788542175E-1,9.836345215E0,9.852345670E0
4.646722667E0,2.642005920E-1,4.721182251E-1,9.778715057E0,9.793669677E0
4.656754667E0,2.734812927E-1,4.971162415E-1,9.750124512E0,9.766618891E0
4.666785667E0,3.062631226E-1,5.158273315E-1,9.775122528E0,9.793512923E0
4.676817667E0,3.504212952E-1,5.361849976E-1,9.829908600E0,9.850755936E0
4.686848667E0,3.570075989E-1,5.376818848E-1,9.873018951E0,9.894092149E0
4.696880667E0,3.715274048E-1,5.192701721E-1,9.876611481E0,9.897228322E0
4.706911667E0,3.519181824E-1,5.102888489E-1,9.872120819E0,9.891562596E0
4.716943667E0,3.299139404E-1,5.020559692E-1,9.852062531E0,9.870361671E0
4.726974667E0,2.971321106E-1,5.008584595E-1,9.841434631E0,9.858650125E0
4.737006667E0,2.785707092E-1,5.146298218E-1,9.821376343E0,9.838794579E0
4.747038667E0,2.845582581E-1,5.301974487E-1,9.788295135E0,9.806773394E0
4.757069667E0,2.893482971E-1,5.608836365E-1,9.770631866E0,9.790993819E0
4.767101667E0,2.703378296E-1,5.846841431E-1,9.809550934E0,9.830677882E0
4.777132667E0,2.929408264E-1,6.090834045E-1,9.818981323E0,9.842214748E0
4.787164667E0,3.525169373E-1,6.098318481E-1,9.854307861E0,9.879450719E0
4.797195667E0,4.004173279E-1,5.947132874E-1,9.902208252E0,9.928129038E0
4.807227667E0,3.734733582E-1,5.658233643E-1,9.879455566E0,9.902690580E0
4.817258667E0,3.571572876E-1,5.508544922E-1,9.852661285E0,9.874509426E0
4.827290667E0,3.101550293E-1,5.483097839E-1,9.811646576E0,9.831848671E0
4.837321667E0,2.826123047E-1,5.348377991E-1,9.811347198E0,9.829977367E0
4.847353667E0,2.746788025E-1,5.388793945E-1,9.845925293E0,9.864486014E0
4.857384667E0,2.782713318E-1,5.536985779E-1,9.866732025E0,9.886173067E0
4.867416667E0,3.034190369E-1,5.631289673E-1,9.882000275E0,9.902681797E0
4.877448667E0,3.173400879E-1,5.786965942E-1,9.886191559E0,9.908197516E0
4.887479667E0,3.354524231E-1,5.646258545E-1,9.893675995E0,9.915450336E0
4.897511667E0,3.285667419E-1,5.629792786E-1,9.896520081E0,9.917964079E0
4.907542667E0,3.342549133E-1,5.532495117E-1,9.876461792E0,9.897591065E0
4.917574667E0,3.061134338E-1,5.390290833E-1,9.849517822E0,9.869004971E0
4.927605667E0,2.778222656E-1,5.348377991E-1,9.811047821E0,9.829542005E0
4.937637667E0,2.757266235E-1,5.056484985E-1,9.799821167E0,9.816730641E0
4.947668667E0,2.757266235E-1,4.739144897E-1,9.795480194E0,9.810813032E0
4.957700667E0,2.833607483E-1,4.857398987E-1,9.837692413E0,9.853752005E0
4.967731667E0,3.032693481E-1,4.816983032E-1,9.841284943E0,9.857732745E0
4.977763667E0,3.189866638E-1,4.815486145E-1,9.847272491E0,9.864198755E0
4.987795667E0,3.215313721E-1,5.028044128E-1,9.830058289E0,9.848159252E0
4.997826667E0,3.354524231E-1,5.113366699E-1,9.822124786E0,9.841144691E0
5.007858667E0,3.282673645E-1,5.453160095E-1,9.809401245E0,9.830029593E0
5.017889667E0,3.281176758E-1,5.590873718E-1,9.816436615E0,9.837818240E0
5.027921667E0,3.138972473E-1,5.658233643E-1,9.822274475E0,9.843564569E0
5.037952667E0,3.170407104E-1,5.704637146E-1,9.841584320E0,9.863200575E0
5.047984667E0,2.951861572E-1,5.662724304E-1,9.858050079E0,9.878711996E0
5.058015667E0,2.905458069E-1,5.590873718E-1,9.869426422E0,9.889518363E0
5.068047667E0,2.826123047E-1,5.508544922E-1,9.871971130E0,9.891366154E0
5.078078667E0,2.935395813E-1,5.495072937E-1,9.883796539E0,9.903411421E0
5.088110667E0,2.818638611E-1,5.604345703E-1,9.847721558E0,9.867682302E0
5.098142292E0,2.707868958E-1,5.502557373E-1,9.836794281E0,9.855893092E0
5.108173292E0,2.686912537E-1,5.619314575E-1,9.844727783E0,9.864412151E0
5.118205292E0,3.103047180E-1,5.815406799E-1,9.860744476E0,9.882750640E0
5.128236292E0,3.251239014E-1,5.724096680E-1,9.858948212E0,9.880901691E0
5.138268292E0,3.344046021E-1,5.827381897E-1,9.833052063E0,9.855979054E0
5.148299292E0,3.201841736E-1,5.716612244E-1,9.818981323E0,9.840818497E0
5.158331292E0,3.022215271E-1,5.528004456E-1,9.824370117E0,9.844550492E0
5.168362292E0,2.881507874E-1,5.218148804E-1,9.835746460E0,9.853792674E0
5.178394292E0,2.736309814E-1,5.090913391E-1,9.837093658E0,9.854058025E0
5.188425292E0,2.872526550E-1,5.161267090E-1,9.827663269E0,9.845398224E0
5.198457292E0,2.839595032E-1,5.282514954E-1,9.791288910E0,9.809639196E0
5.208489292E0,2.888992310E-1,5.363346863E-1,9.791139221E0,9.810072625E0
5.218520292E0,2.915936279E-1,5.492079163E-1,9.793683929E0,9.813404154E0
5.228552292E0,3.159928894E-1,5.487588501E-1,9.877359924E0,9.897637438E0
5.238583292E0,3.541635132E-1,5.430706787E-1,9.980944519E0,1.000198036E1
5.248615292E0,3.866459656E-1,5.287005615E-1,9.986932068E0,1.000838806E1
5.258646292E0,3.239263916E-1,4.939727783E-1,9.839039612E0,9.856755952E0
5.268678292E0,2.168989563E-1,4.707710266E-1,9.743238831E0,9.757016625E0
5.278709292E0,2.023791504E-1,4.746629333E-1,9.770931244E0,9.784546979E0
5.288741292E0,2.583627319E-1,5.028044128E-1,9.815538483E0,9.831803460E0
5.298772292E0,3.227288818E-1,5.201683044E-1,9.825867004E0,9.844917033E0
5.308804292E0,3.338058472E-1,5.445675659E-1,9.801916809E0,9.822706007E0
5.318835292E0,3.204835510E-1,5.827381897E-1,9.760453033E0,9.783084223E0
5.328867292E0,3.055146790E-1,6.153703308E-1,9.751322021E0,9.775494925E0
5.338899292E0,2.962339783E-1,6.653663635E-1,9.796528015E0,9.823564939E0
5.348930292E0,2.969824219E-1,6.755451965E-1,9.847871246E0,9.875481151E0
5.358962292E0,2.989283752E-1,6.878196716E-1,9.872420197E0,9.900865347E0
5.368993292E0,3.203338623E-1,6.713539124E-1,9.927805023E0,9.955633703E0
5.379025292E0,3.412902832E-1,6.427633667E-1,9.953102417E0,9.979672917E0
5.389056292E0,3.475772095E-1,5.836363220E-1,9.963430939E0,9.986560837E0
5.399088292E0,3.317102051E-1,5.352868652E-1,9.940229187E0,9.960156624E0
5.409119292E0,3.126997375E-1,5.028044128E-1,9.886041870E0,9.903757734E0
5.419151292E0,2.770738220E-1,4.751119995E-1,9.824220428E0,9.839604074E0
5.429182292E0,2.851570129E-1,4.812492371E-1,9.801467743E0,9.817417444E0
5.439214292E0,2.793191528E-1,5.001100159E-1,9.801916809E0,9.818640555E0
5.449246292E0,2.975811768E-1,5.197192383E-1,9.804012451E0,9.822287045E0
5.459277292E0,3.381468201E-1,5.415737915E-1,9.842781830E0,9.863467929E0
5.469309292E0,3.555107117E-1,5.513035583E-1,9.877958679E0,9.899716721E0
5.479340292E0,3.550616455E-1,5.532495117E-1,9.877060547E0,9.898913013E0
5.489372292E0,3.396437073E-1,5.674699402E-1,9.856852570E0,9.879014250E0
5.499403292E0,3.197351074E-1,5.429209900E-1,9.844877472E0,9.865019320E0
5.509435292E0,2.880010986E-1,5.459147644E-1,9.839488678E0,9.858828785E0
5.519466292E0,2.535726929E-1,5.583389282E-1,9.787696381E0,9.806887473E0
5.529498292E0,2.378553772E-1,5.679190063E-1,9.760752411E0,9.780153107E0
5.539529292E0,2.130070496E-1,5.680686951E-1,9.785750427E0,9.804539024E0
5.549561292E0,2.345622253E-1,5.839356995E-1,9.794881439E0,9.815075280E0
5.559592292E0,2.848576355E-1,5.647755432E-1,9.836345215E0,9.856662847E0
5.569624292E0,3.379971313E-1,5.655239868E-1,9.897118835E0,9.919023172E0
5.579656292E0,3.571572876E-1,5.876779175E-1,9.890083466E0,9.913963769E0
5.589687292E0,3.429368591E-1,5.806425476E-1,9.864486694E0,9.887509757E0
5.599719292E0,3.417393494E-1,5.664221191E-1,9.842781830E0,9.864987276E0
5.609750292E0,3.294648743E-1,5.855822754E-1,9.839189301E0,9.862104228E0
5.619782292E0,3.510200500E-1,6.027964783E-1,9.864786072E0,9.889417724E0
5.629813292E0,3.290158081E-1,6.047424316E-1,9.885143738E0,9.909088330E0
5.639845292E0,3.222798157E-1,6.325845337E-1,9.872270508E0,9.897765023E0
5.649876292E0,3.236270142E-1,6.147715759E-1,9.885293427E0,9.909677324E0
5.659908292E0,3.086581421E-1,5.932164001E-1,9.889035645E0,9.911619521E0
5.669939292E0,2.995271301E-1,5.828878784E-1,9.876611481E0,9.898329613E0
5.679971292E0,2.853067017E-1,5.686674500E-1,9.842781830E0,9.863322804E0
5.690003292E0,2.709365845E-1,5.554948425E-1,9.815239105E0,9.834678431E0
5.700034292E0,2.615061951E-1,5.321434021E-1,9.798174591E0,9.816098380E0
5.710066292E0,2.686912537E-1,5.303471375E-1,9.796677704E0,9.814701071E0
5.720097292E0,2.832110596E-1,5.101391602E-1,9.821675720E0,9.838992043E0
5.730129292E0,2.954855347E-1,4.992118835E-1,9.841883698E0,9.858965408E0
5.740160292E0,3.140469360E-1,5.016069031E-1,9.841734009E0,9.859511310E0
5.750192292E0,3.362008667E-1,5.040019226E-1,9.833201752E0,9.851847829E0
5.760223292E0,3.336561584E-1,5.239105225E-1,9.829160156E0,9.848766321E0
5.770255292E0,3.305126953E-1,5.360353088E-1,9.823022919E0,9.843188089E0
5.780286292E0,3.269201660E-1,5.577401733E-1,9.804910583E0,9.826200814E0
5.790318292E0,3.098556519E-1,5.746549988E-1,9.815388794E0,9.837077618E0
5.800350292E0,2.802172852E-1,5.782475281E-1,9.845176849E0,9.866123815E0
5.810381292E0,2.734812927E-1,5.697152710E-1,9.843829651E0,9.864093963E0
5.820413292E0,2.758763123E-1,5.766009521E-1,9.854457550E0,9.875166328E0
5.830444292E0,2.839595032E-1,5.771997070E-1,9.860594788E0,9.881554638E0
5.840476292E0,2.814147949E-1,5.830375671E-1,9.862840118E0,9.884065069E0
5.850507292E0,2.839595032E-1,5.870791626E-1,9.859846344E0,9.881389825E0
5.860539292E0,2.674937439E-1,5.783972168E-1,9.854906616E0,9.875488882E0
5.870570292E0,2.604583740E-1,5.746549988E-1,9.845326538E0,9.865521860E0
5.880602292E0,2.534230042E-1,5.757028198E-1,9.840835876E0,9.860918198E0
5.890633292E0,2.480342102E-1,5.647755432E-1,9.867630157E0,9.886891185E0
5.900665292E0,2.627037048E-1,5.740562439E-1,9.880503387E0,9.900651544E0
5.910697292E0,2.884501648E-1,5.662724304E-1,9.873018951E0,9.893450924E0
5.920728292E0,3.269201660E-1,5.939648438E-1,9.813293152E0,9.836686104E0
5.930760292E0,3.341052246E-1,5.876779175E-1,9.793534241E0,9.816837809E0
5.940791292E0,3.138972473E-1,5.837860107E-1,9.768835602E0,9.791296472E0
5.950823292E0,2.784210205E-1,5.632786560E-1,9.792037354E0,9.812175938E0
5.960854292E0,2.779719543E-1,5.444178772E-1,9.834998016E0,9.853976112E0
5.970886292E0,2.778222656E-1,5.361849976E-1,9.877808990E0,9.896251311E0
5.980917292E0,2.769241333E-1,5.216651917E-1,9.849218445E0,9.866910637E0
5.990949292E0,2.764750671E-1,5.339396667E-1,9.819131012E0,9.837523258E0
6.000980292E0,2.802172852E-1,5.345384216E-1,9.804611206E0,9.823169242E0
6.011012292E0,3.065625000E-1,5.366340637E-1,9.871072998E0,9.890401348E0
6.021043292E0,3.468287659E-1,5.292993164E-1,1.002480331E1,1.004475632E1
6.031075292E0,3.951782227E-1,5.465135193E-1,1.001013382E1,1.003282722E1
6.041107292E0,3.574566650E-1,5.444178772E-1,9.829309845E0,9.850862811E0
6.051138292E0,2.368075562E-1,5.245092773E-1,9.735604706E0,9.752598976E0
6.061170292E0,2.046244812E-1,5.245092773E-1,9.770033112E0,9.786241779E0
6.071201292E0,2.604583740E-1,5.254074097E-1,9.799222412E0,9.816753608E0
6.081233292E0,3.038681030E-1,5.426216125E-1,9.829609222E0,9.849263501E0
6.091264625E0,3.400927734E-1,5.415737915E-1,9.823471985E0,9.844265697E0
6.101296625E0,3.332070923E-1,5.670208740E-1,9.759405212E0,9.781540254E0
6.111327625E0,3.121009827E-1,6.007008362E-1,9.772278442E0,9.795696732E0
6.121359625E0,2.823129272E-1,6.303392029E-1,9.824968872E0,9.849215270E0
6.131390625E0,2.661465454E-1,6.563850403E-1,9.882000275E0,9.907351045E0
6.141422625E0,2.534230042E-1,6.792874146E-1,9.918374634E0,9.944838359E0
6.151454625E0,2.847079468E-1,6.641688538E-1,9.935588837E0,9.961832382E0
6.161485625E0,3.082090759E-1,6.658154297E-1,9.917626190E0,9.944727863E0
6.171517625E0,3.284170532E-1,6.346801758E-1,9.891131287E0,9.916912565E0
6.181548625E0,3.294648743E-1,5.840853882E-1,9.870474243E0,9.893228221E0
6.191580625E0,3.164419556E-1,5.468128967E-1,9.840686188E0,9.860945416E0
6.201611625E0,2.897973633E-1,5.306465149E-1,9.812993774E0,9.831602873E0
6.211643625E0,2.803669739E-1,5.102888489E-1,9.811646576E0,9.828906800E0
6.221674625E0,2.719844055E-1,5.099894714E-1,9.810000000E0,9.827011996E0
6.231706625E0,2.713856506E-1,5.074447632E-1,9.841734009E0,9.858543435E0
6.241737625E0,2.871029663E-1,5.084925842E-1,9.851014709E0,9.868307029E0
6.251769625E0,3.077600098E-1,5.141807556E-1,9.851912842E0,9.870120806E0
6.261800625E0,3.324586487E-1,5.267546082E-1,9.858349457E0,9.878008564E0
6.271832625E0,3.412902832E-1,5.517526245E-1,9.845476227E0,9.866828880E0
6.281864625E0,3.149450684E-1,5.641767883E-1,9.839788055E0,9.860979405E0
6.291895625E0,2.948867798E-1,5.679190063E-1,9.840686188E0,9.861470218E0
6.301927625E0,2.896476746E-1,5.905220032E-1,9.827064514E0,9.849051171E0
6.311958625E0,2.724334717E-1,5.989045715E-1,9.773475952E0,9.795597933E0
6.321990625E0,2.621049500E-1,6.153703308E-1,9.799222412E0,9.822023189E0
6.332021625E0,2.522254944E-1,6.405180359E-1,9.805958405E0,9.830091621E0
6.342053625E0,2.903961182E-1,6.315367126E-1,9.810898132E0,9.835491380E0
6.352084625E0,3.381468201E-1,5.981561279E-1,9.876461792E0,9.900334921E0
6.362116625E0,3.487747192E-1,5.861810303E-1,9.904303894E0,9.927763476E0
6.372147625E0,3.321592712E-1,5.601351929E-1,9.880952454E0,9.902388732E0
6.382179625E0,3.129991150E-1,5.513035583E-1,9.837093658E0,9.857500480E0
6.392211625E0,2.924917603E-1,5.496569824E-1,9.826465759E0,9.846172025E0
6.402242625E0,2.848576355E-1,5.757028198E-1,9.857301636E0,9.878206980E0
6.412274625E0,2.806663513E-1,5.999523926E-1,9.868977356E0,9.891179431E0
6.422305625E0,2.894979858E-1,6.107299805E-1,9.890083466E0,9.913150415E0
6.432337625E0,3.011737061E-1,6.102809143E-1,9.885443115E0,9.908841203E0
6.442368625E0,3.125500488E-1,6.105802917E-1,9.872120819E0,9.895921649E0
6.452400625E0,3.132984924E-1,5.996530151E-1,9.878707123E0,9.901848014E0
6.462431625E0,3.089575195E-1,6.029461670E-1,9.861792297E0,9.885036477E0
6.472463625E0,2.906954956E-1,5.887257385E-1,9.819580078E0,9.841506733E0
6.482494625E0,2.757266235E-1,5.727090454E-1,9.797875214E0,9.818471344E0
6.492526625E0,2.689906311E-1,5.617817688E-1,9.779613190E0,9.799427986E0
6.502558625E0,2.559677124E-1,5.417234802E-1,9.798623657E0,9.816924639E0
6.512589625E0,2.694396973E-1,5.248086548E-1,9.816137238E0,9.833848287E0
6.522621625E0,2.847079468E-1,5.174739075E-1,9.853709106E0,9.871394077E0
6.532652625E0,2.953358459E-1,5.089416504E-1,9.836045837E0,9.853630934E0
6.542684625E0,3.010240173E-1,5.201683044E-1,9.832153931E0,9.850504629E0
6.552715625E0,2.959346008E-1,5.385800171E-1,9.804910583E0,9.824149697E0
6.562747625E0,2.966830444E-1,5.689668274E-1,9.803862762E0,9.824839395E0
6.572778625E0,2.945874023E-1,5.764512634E-1,9.796977081E0,9.818341903E0
6.582810625E0,2.817141724E-1,5.758525085E-1,9.811347198E0,9.832268448E0
6.592841625E0,2.776725769E-1,5.863307190E-1,9.830357666E0,9.851741857E0
6.602873625E0,2.682421875E-1,5.917195129E-1,9.853709106E0,9.875103494E0
6.612904625E0,2.797682190E-1,5.998027039E-1,9.855505371E0,9.877703157E0
6.622936625E0,2.662962341E-1,5.998027039E-1,9.881551208E0,9.903319204E0
6.632968625E0,2.948867798E-1,5.932164001E-1,9.892628174E0,9.914784723E0
6.642999625E0,2.848576355E-1,5.920188904E-1,9.879156189E0,9.900977590E0
6.653031625E0,2.695893860E-1,5.851332092E-1,9.874964905E0,9.895958326E0
6.663062625E0,2.510279846E-1,5.743556213E-1,9.861792297E0,9.881692504E0
6.673094625E0,2.618055725E-1,5.707630920E-1,9.868528290E0,9.888486399E0
6.683125625E0,2.662962341E-1,5.990542603E-1,9.877210236E0,9.898942455E0
6.693157625E0,2.989283752E-1,6.159690857E-1,9.874066772E0,9.897776049E0
6.703188625E0,3.129991150E-1,6.209088135E-1,9.851014709E0,9.875524645E0
6.713220625E0,3.041674805E-1,6.161187744E-1,9.811197510E0,9.835228354E0
6.723251625E0,2.953358459E-1,5.806425476E-1,9.798324280E0,9.819955587E0
6.733283625E0,2.839595032E-1,5.649252319E-1,9.807754669E0,9.828114019E0
6.743315625E0,2.820135498E-1,5.456153870E-1,9.823022919E0,9.842205396E0
6.753346625E0,2.760260010E-1,5.337899780E-1,9.857301636E0,9.875602140E0
6.763378625E0,2.761756897E-1,5.466632080E-1,9.795929260E0,9.815056992E0
6.773409625E0,2.782713318E-1,5.459147644E-1,9.730515289E0,9.749789006E0
6.783441625E0,2.601589966E-1,5.562432861E-1,9.796378326E0,9.815605820E0
6.793472625E0,3.086581421E-1,5.631289673E-1,9.935289459E0,9.956021330E0
6.803504625E0,3.592529297E-1,5.755531311E-1,1.010458740E1,1.012733976E1
6.813535625E0,3.993695068E-1,5.840853882E-1,1.002091141E1,1.004586070E1
6.823567625E0,3.215313721E-1,5.755531311E-1,9.801916809E0,9.824063160E0
6.833598625E0,2.119592285E-1,5.610333252E-1,9.701325989E0,9.719846246E0
6.843630625E0,1.649569702E-1,5.629792786E-1,9.703571320E0,9.721288640E0
6.853661625E0,2.137554932E-1,5.736071777E-1,9.798623657E0,9.817725917E0
6.863693625E0,2.847079468E-1,5.655239868E-1,9.853709106E0,9.874029529E0
6.873725625E0,3.168910217E-1,5.682183838E-1,9.830806732E0,9.852312067E0
6.883756625E0,3.038681030E-1,5.695655823E-1,9.797875214E0,9.819119079E0
6.893788625E0,2.918930054E-1,5.888754272E-1,9.788744202E0,9.810784313E0
6.903819625E0,2.715353394E-1,6.215075684E-1,9.801767120E0,9.825204414E0
6.913851625E0,2.673440552E-1,6.530918884E-1,9.855804749E0,9.881036843E0
6.923882625E0,2.528242493E-1,6.694079590E-1,9.888436890E0,9.914293280E0
6.933914625E0,2.677931213E-1,6.972500610E-1,9.904004517E0,9.932128486E0
6.943945625E0,2.839595032E-1,6.870712280E-1,9.907896423E0,9.935749162E0
6.953977625E0,3.167413330E-1,6.819818115E-1,9.903106384E0,9.931613178E0
6.964008625E0,3.294648743E-1,6.348298645E-1,9.887987823E0,9.913821627E0
6.974040625E0,3.192860413E-1,5.807922363E-1,9.870923309E0,9.893148648E0
6.984072625E0,3.011737061E-1,5.484594727E-1,9.842931519E0,9.862799515E0
6.994103625E0,2.725831604E-1,5.162763977E-1,9.814490662E0,9.831839596E0
7.004135625E0,2.510279846E-1,5.180726624E-1,9.786947937E0,9.803864761E0
7.014166625E0,2.285746765E-1,5.117857361E-1,9.778715057E0,9.794765908E0
7.024198625E0,2.333647156E-1,5.120851135E-1,9.824519806E0,9.840623947E0
7.034229625E0,2.549198914E-1,5.345384216E-1,9.859846344E0,9.877615370E0
7.044261625E0,2.915936279E-1,5.454656982E-1,9.873617706E0,9.892971560E0
7.054292625E0,3.248245239E-1,5.610333252E-1,9.872420197E0,9.893682323E0
7.064324625E0,3.324586487E-1,5.646258545E-1,9.866732025E0,9.888464591E0
7.074355625E0,3.338058472E-1,5.779481506E-1,9.855355682E0,9.877929238E0
7.084387625E0,3.149450684E-1,6.053411865E-1,9.850415955E0,9.874022626E0
7.094419375E0,2.854563904E-1,6.361770630E-1,9.805060272E0,9.829822661E0
7.104450375E0,2.311193848E-1,6.292913818E-1,9.796977081E0,9.819887155E0
7.114482375E0,1.965412903E-1,6.489006042E-1,9.795480194E0,9.818917084E0
7.124513375E0,2.183958435E-1,6.503974915E-1,9.801916809E0,9.825898777E0
7.134545375E0,2.642005920E-1,6.203100586E-1,9.846823425E0,9.869879335E0
7.144576375E0,3.150947571E-1,6.084846497E-1,9.868528290E0,9.892289365E0
7.154608375E0,3.230282593E-1,5.912704468E-1,9.869875488E0,9.892845402E0
7.164639375E0,3.273692322E-1,5.786965942E-1,9.844428406E0,9.866855173E0
7.174671375E0,2.971321106E-1,5.821394348E-1,9.845176849E0,9.866847572E0
7.184702375E0,2.722837830E-1,6.010002136E-1,9.857750702E0,9.879807114E0
7.194734375E0,2.677931213E-1,6.020480347E-1,9.868378601E0,9.890352431E0
7.204765375E0,2.544708252E-1,6.237528992E-1,9.876461792E0,9.899410114E0
7.214797375E0,2.754272461E-1,6.105802917E-1,9.856553192E0,9.879286882E0
7.224829375E0,2.959346008E-1,6.093827820E-1,9.858499146E0,9.881747318E0
7.234860375E0,3.029699707E-1,5.998027039E-1,9.886341248E0,9.909152201E0
7.244892375E0,3.144960022E-1,5.959107971E-1,9.870923309E0,9.893894299E0
7.254923375E0,2.990780640E-1,5.906716919E-1,9.845176849E0,9.867413437E0
7.264955375E0,2.848576355E-1,5.923182678E-1,9.816735992E0,9.838713856E0
7.274986375E0,2.547702026E-1,5.742059326E-1,9.806706848E0,9.826806171E0
7.285018375E0,2.383044434E-1,5.587879944E-1,9.789342957E0,9.808173558E0
7.295049375E0,2.459385681E-1,5.427713013E-1,9.808802490E0,9.826886219E0
7.305081375E0,2.639012146E-1,5.322930908E-1,9.816137238E0,9.834100368E0
7.315112375E0,2.748284912E-1,5.231620789E-1,9.825567627E0,9.843323039E0
7.325144375E0,2.863545227E-1,5.128335571E-1,9.837393036E0,9.854912425E0
7.335176375E0,2.942880249E-1,5.370831299E-1,9.824220428E0,9.843290647E0
7.345207375E0,2.905458069E-1,5.659730530E-1,9.821076965E0,9.841661197E0
7.355239375E0,2.930905151E-1,5.882766724E-1,9.835447083E0,9.857382554E0
7.365270375E0,2.891986084E-1,6.004014587E-1,9.847571869E0,9.870095717E0
7.375302375E0,2.758763123E-1,5.935157776E-1,9.851763153E0,9.873479931E0
7.385333375E0,2.529739380E-1,6.111790466E-1,9.859996033E0,9.882158540E0
7.395365375E0,2.612068176E-1,6.104306030E-1,9.856253815E0,9.878592703E0
7.405396375E0,2.633024597E-1,6.024971008E-1,9.873767395E0,9.895636084E0
7.415428375E0,2.532733154E-1,6.216572571E-1,9.869426422E0,9.892228415E0
7.425459375E0,2.621049500E-1,6.222560120E-1,9.846524048E0,9.869647277E0
7.435491375E0,2.335144043E-1,6.200106812E-1,9.817783813E0,9.840112867E0
7.445523375E0,2.275268555E-1,6.099815369E-1,9.817933502E0,9.839495119E0
7.455554375E0,2.418969727E-1,6.180647278E-1,9.859546967E0,9.881861390E0
7.465586375E0,2.926414490E-1,6.309379578E-1,9.881551208E0,9.905996972E0
7.475617375E0,2.945874023E-1,6.581813049E-1,9.845027161E0,9.871400314E0
7.485649375E0,2.920426941E-1,6.634204102E-1,9.800719299E0,9.827487693E0
7.495680375E0,2.761756897E-1,6.484515381E-1,9.795180817E0,9.820505569E0
7.505712375E0,2.644999695E-1,6.197113037E-1,9.792785797E0,9.815938875E0
7.515743375E0,2.487826538E-1,5.914201355E-1,9.824968872E0,9.845896806E0
7.525775375E0,2.553689575E-1,5.620811462E-1,9.848619690E0,9.867951070E0
7.535806375E0,2.550695801E-1,5.525010681E-1,9.818532257E0,9.837372292E0
7.545838375E0,2.456391907E-1,5.516029358E-1,9.757010193E0,9.775676566E0
7.555869375E0,2.489323425E-1,5.604345703E-1,9.807754669E0,9.826907238E0
7.565901375E0,2.862048340E-1,5.800437927E-1,9.954748993E0,9.975740149E0
7.575933375E0,3.582051086E-1,5.815406799E-1,1.008602600E1,1.010912563E1
7.585964375E0,3.613485718E-1,5.917195129E-1,9.998158722E0,1.002216956E1
7.595996375E0,2.941383362E-1,5.794450378E-1,9.800868988E0,9.822388041E0
7.606027375E0,2.004331970E-1,5.827381897E-1,9.692943420E0,9.712513033E0
7.616059375E0,1.751358032E-1,5.866300964E-1,9.702224121E0,9.721520473E0
7.626090375E0,2.106120300E-1,5.897735596E-1,9.798324280E0,9.818317013E0
7.636122375E0,2.782713318E-1,5.804928589E-1,9.860295410E0,9.881286984E0
7.646153375E0,3.204835510E-1,5.858816528E-1,9.855954437E0,9.878552773E0
7.656185375E0,3.267704773E-1,5.763015747E-1,9.832153931E0,9.854448405E0
7.666216375E0,2.945874023E-1,5.866300964E-1,9.817634125E0,9.839555702E0
7.676248375E0,2.689906311E-1,6.224057007E-1,9.841734009E0,9.865063260E0
7.686280375E0,2.568658447E-1,6.483018494E-1,9.873168640E0,9.897764108E0
7.696311375E0,2.480342102E-1,6.960525513E-1,9.889784088E0,9.917350424E0
7.706343375E0,2.522254944E-1,7.087760925E-1,9.886341248E0,9.914924332E0
7.716374375E0,2.668949890E-1,7.225474548E-1,9.880054321E0,9.910034367E0
7.726406375E0,2.930905151E-1,7.259902954E-1,9.888287201E0,9.919233223E0
7.736437375E0,3.023712158E-1,6.839277649E-1,9.866582336E0,9.894879107E0
7.746469375E0,2.993774414E-1,6.500981140E-1,9.847422180E0,9.873397490E0
7.756500375E0,2.929408264E-1,5.960604858E-1,9.826166382E0,9.848586101E0
7.766532375E0,2.671943665E-1,5.827381897E-1,9.825567627E0,9.846459050E0
7.776563375E0,2.345622253E-1,5.560935974E-1,9.796228638E0,9.814802853E0
7.786595375E0,2.203417969E-1,5.414241028E-1,9.782756653E0,9.800205013E0
7.796627375E0,2.170486450E-1,5.345384216E-1,9.787546692E0,9.804535261E0
7.806658375E0,2.288740540E-1,5.390290833E-1,9.806407471E0,9.823877196E0
7.816690375E0,2.670446777E-1,5.514532471E-1,9.858648834E0,9.877670291E0
7.826721375E0,3.002755737E-1,5.689668274E-1,9.870324554E0,9.891268649E0
7.836753375E0,2.972817993E-1,5.852828979E-1,9.871821442E0,9.893623761E0
7.846784375E0,2.965333557E-1,6.060896301E-1,9.862540741E0,9.885594901E0
7.856816375E0,3.052153015E-1,6.158193970E-1,9.857750702E0,9.881681983E0
7.866847375E0,2.631527710E-1,6.360273743E-1,9.795779572E0,9.819932669E0
7.876879375E0,2.149530029E-1,6.469546509E-1,9.765991516E0,9.789757168E0
7.886910375E0,1.880090332E-1,6.691085815E-1,9.786498871E0,9.811147427E0
7.896942375E0,1.983375549E-1,6.730004883E-1,9.792187042E0,9.817290589E0
7.906973375E0,2.436932373E-1,6.530918884E-1,9.863438873E0,9.888040343E0
7.917005375E0,3.076103210E-1,6.348298645E-1,9.924062805E0,9.949103257E0
7.927037375E0,3.171903992E-1,6.146218872E-1,9.902058563E0,9.926184242E0
7.937068375E0,3.020718384E-1,5.969586182E-1,9.855056305E0,9.877739709E0
7.947100375E0,2.891986084E-1,5.945635986E-1,9.828262024E0,9.850475934E0
7.957131375E0,2.824626160E-1,6.089337158E-1,9.844578094E0,9.867436509E0
7.967163375E0,2.676434326E-1,6.240522766E-1,9.865085449E0,9.888426830E0
7.977194375E0,2.559677124E-1,6.370751953E-1,9.890083466E0,9.913885980E0
7.987226375E0,2.625540161E-1,6.548881531E-1,9.873917084E0,9.899093478E0
7.997257375E0,2.668949890E-1,6.500981140E-1,9.849667511E0,9.874705594E0
8.007289375E0,2.779719543E-1,6.430627441E-1,9.857451324E0,9.882314745E0
8.017320375E0,2.823129272E-1,6.327342224E-1,9.884395294E0,9.908648925E0
8.027352375E0,2.800675964E-1,6.267466736E-1,9.875264282E0,9.899095610E0
8.037384375E0,2.776725769E-1,6.230044556E-1,9.825867004E0,9.849512628E0
8.047415375E0,2.579136658E-1,6.135740662E-1,9.805958405E0,9.828520378E0
8.057447375E0,2.282752991E-1,6.005511475E-1,9.794132996E0,9.815182751E0
8.067478375E0,2.468367004E-1,5.743556213E-1,9.787097626E0,9.807043014E0
8.077510375E0,2.368075562E-1,5.647755432E-1,9.810598755E0,9.829694663E0
8.087541375E0,2.526745605E-1,5.667214966E-1,9.850865021E0,9.870388004E0
8.097573417E0,2.790197754E-1,5.584886169E-1,9.864037628E0,9.883774578E0
8.107604417E0,2.881507874E-1,5.712121582E-1,9.835147705E0,9.855934486E0
8.117636417E0,2.630030823E-1,5.801934814E-1,9.810000000E0,9.830660969E0
8.127667417E0,2.591111755E-1,5.728587341E-1,9.822573853E0,9.842675592E0
8.137699417E0,2.523751831E-1,5.902226257E-1,9.833501129E0,9.854430498E0
8.147731417E0,2.519261169E-1,5.956114197E-1,9.821226654E0,9.842495249E0
8.157762417E0,2.586621094E-1,6.098318481E-1,9.852661285E0,9.874904322E0
8.167794417E0,2.600093079E-1,6.405180359E-1,9.869725800E0,9.893904970E0
8.177825417E0,2.625540161E-1,6.200106812E-1,9.868228912E0,9.891172313E0
8.187857417E0,2.401007080E-1,6.236032104E-1,9.853858795E0,9.876490392E0
8.197888417E0,2.171983337E-1,6.249504089E-1,9.836943970E0,9.859168565E0
8.207920417E0,2.101629639E-1,6.147715759E-1,9.840386810E0,9.861811453E0
8.217951417E0,2.282752991E-1,6.369255066E-1,9.878557434E0,9.901700899E0
8.227983417E0,2.544708252E-1,6.595285034E-1,9.879305878E0,9.904565507E0
8.238014417E0,2.769241333E-1,6.764433289E-1,9.845326538E0,9.872422053E0
8.248046417E0,2.844085693E-1,6.914122009E-1,9.806108093E0,9.834566335E0
8.258078417E0,2.758763123E-1,6.783892822E-1,9.778565369E0,9.805950256E0
8.268109417E0,2.553689575E-1,6.406677246E-1,9.809251556E0,9.833467574E0
8.278141417E0,2.468367004E-1,6.102809143E-1,9.837991791E0,9.859992577E0
8.288172417E0,2.501298523E-1,5.670208740E-1,9.865684204E0,9.885130370E0
8.298204417E0,2.534230042E-1,5.545967102E-1,9.803563385E0,9.822507611E0
8.308235417E0,2.441423035E-1,5.474116516E-1,9.761351166E0,9.779736273E0
8.318267417E0,2.489323425E-1,5.635780334E-1,9.823921051E0,9.843221644E0
8.328298417E0,2.933898926E-1,5.736071777E-1,9.946965179E0,9.967809143E0
8.338330417E0,3.486250305E-1,6.047424316E-1,1.008707382E1,1.011119731E1
8.348361417E0,3.549119568E-1,6.180647278E-1,9.977950745E0,1.000337281E1
8.358393417E0,2.900967407E-1,6.122268677E-1,9.768236847E0,9.791702046E0
8.368425417E0,1.836680603E-1,6.156697083E-1,9.659113770E0,9.680457735E0
8.378456417E0,1.598675537E-1,6.146218872E-1,9.689201202E0,9.709991640E0
8.388488417E0,2.061213684E-1,6.230044556E-1,9.785001984E0,9.806981411E0
8.398519417E0,2.619552612E-1,6.010002136E-1,9.857451324E0,9.879229141E0
8.408551417E0,3.041674805E-1,5.836363220E-1,9.849817200E0,9.871780391E0
8.418582417E0,3.016227722E-1,5.578898621E-1,9.816586304E0,9.837051593E0
8.428614417E0,2.721340942E-1,5.797444153E-1,9.825717316E0,9.846566981E0
8.438645417E0,2.454895020E-1,6.216572571E-1,9.843679962E0,9.866344715E0
8.448677417E0,2.353106689E-1,6.566844177E-1,9.872420197E0,9.897034206E0
8.458708417E0,2.230361938E-1,6.885681152E-1,9.899214478E0,9.925639449E0
8.468740417E0,2.326162720E-1,7.171586609E-1,9.891430664E0,9.920122351E0
8.478771417E0,2.573149109E-1,7.292834473E-1,9.869127045E0,9.899380482E0
8.488803417E0,2.644999695E-1,7.229965210E-1,9.866732025E0,9.896720925E0
8.498835417E0,2.749781799E-1,6.737489319E-1,9.862989807E0,9.889798712E0
8.508866417E0,2.844085693E-1,6.411167908E-1,9.879305878E0,9.904171020E0
8.518898417E0,2.859054565E-1,6.156697083E-1,9.849368134E0,9.872732335E0
8.528929417E0,2.583627319E-1,5.745053101E-1,9.834548950E0,9.854702467E0
8.538961417E0,2.354603577E-1,5.536985779E-1,9.813143463E0,9.831572017E0
8.548992417E0,2.037263489E-1,5.438191223E-1,9.791588287E0,9.808794261E0
8.559024417E0,1.920506287E-1,5.372328186E-1,9.788893890E0,9.805505910E0
8.569055417E0,2.308200073E-1,5.469625854E-1,9.825867004E0,9.843785265E0
8.579087417E0,2.619552612E-1,5.689668274E-1,9.859696655E0,9.879572964E0
8.589119417E0,2.912942505E-1,5.824388123E-1,9.877060547E0,9.898505562E0
8.599150417E0,3.085084534E-1,5.992039490E-1,9.884095917E0,9.907046731E0
8.609182417E0,2.942880249E-1,6.141728210E-1,9.867779846E0,9.891253348E0
8.619213417E0,2.824626160E-1,6.361770630E-1,9.852960663E0,9.877516905E0
8.629245417E0,2.522254944E-1,6.400689697E-1,9.775721283E0,9.799899621E0
8.639276417E0,2.062710571E-1,6.517446899E-1,9.775421906E0,9.799295501E0
8.649308417E0,1.758842468E-1,6.632707214E-1,9.782906342E0,9.806942429E0
8.659339417E0,1.859133911E-1,6.725514221E-1,9.789193268E0,9.814030469E0
8.669371417E0,2.374063110E-1,6.565347290E-1,9.884095917E0,9.908720992E0
8.679402417E0,2.881507874E-1,6.439608765E-1,9.909093933E0,9.934176315E0
8.689434417E0,2.878514099E-1,6.132746887E-1,9.889185333E0,9.912363534E0
8.699465417E0,2.933898926E-1,5.915698242E-1,9.858648834E0,9.880738298E0
8.709497417E0,2.790197754E-1,5.830375671E-1,9.840386810E0,9.861592033E0
8.719529417E0,2.679428101E-1,5.995033264E-1,9.842332764E0,9.864213695E0
8.729560417E0,2.704875183E-1,6.271957397E-1,9.866732025E0,9.890345740E0
8.739592417E0,2.456391907E-1,6.447093201E-1,9.860894165E0,9.884999871E0
8.749623417E0,2.568658447E-1,6.489006042E-1,9.863738251E0,9.888396449E0
8.759655417E0,2.606080627E-1,6.647676086E-1,9.855954437E0,9.881784778E0
8.769686417E0,2.679428101E-1,6.402186584E-1,9.882000275E0,9.906341540E0
8.779718417E0,2.627037048E-1,6.237528992E-1,9.884844360E0,9.907988138E0
8.789749417E0,2.607577515E-1,6.140231323E-1,9.857601013E0,9.880147608E0
8.799781417E0,2.514770508E-1,6.053411865E-1,9.821076965E0,9.842927990E0
8.809812417E0,2.275268555E-1,5.917195129E-1,9.785001984E0,9.805517032E0
8.819844417E0,2.402503967E-1,5.748046875E-1,9.789792023E0,9.809594718E0
8.829876417E0,2.356100464E-1,5.773493958E-1,9.802216187E0,9.822030675E0
8.839907417E0,2.438429260E-1,5.776487732E-1,9.830058289E0,9.850034692E0
8.849939417E0,2.606080627E-1,5.710624695E-1,9.852810974E0,9.872786486E0
8.859970417E0,2.785707092E-1,5.722599792E-1,9.860594788E0,9.881113940E0
8.870002417E0,2.621049500E-1,5.852828979E-1,9.833351440E0,9.854240490E0
8.880033417E0,2.465373230E-1,5.879772949E-1,9.813293152E0,9.833982939E0
8.890065417E0,2.345622253E-1,5.936654663E-1,9.812395020E0,9.833135519E0
8.900096417E0,2.567161560E-1,6.038442993E-1,9.829908600E0,9.851783301E0
8.910128417E0,2.405497742E-1,6.113287354E-1,9.812694397E0,9.834661069E0
8.920159417E0,2.365081787E-1,6.183641052E-1,9.834548950E0,9.856807969E0
8.930191417E0,2.475851440E-1,6.333329773E-1,9.848020935E0,9.871470276E0
8.940223417E0,2.356100464E-1,6.391708374E-1,9.868827667E0,9.892310700E0
8.950254417E0,2.225871277E-1,6.426136780E-1,9.865384827E0,9.888797457E0
8.960286417E0,2.112107849E-1,6.345304871E-1,9.832752686E0,9.855468751E0
8.970317417E0,1.992356873E-1,6.292913818E-1,9.822573853E0,9.844727502E0
8.980349417E0,2.089654541E-1,6.255491638E-1,9.835896149E0,9.857983129E0
8.990380417E0,2.204914856E-1,6.493496704E-1,9.870025177E0,9.893819712E0
9.000412417E0,2.733316040E-1,6.500981140E-1,9.882299652E0,9.907430754E0
9.010443417E0,2.926414490E-1,6.665638733E-1,9.858648834E0,9.885489530E0
9.020475417E0,2.782713318E-1,6.646179199E-1,9.830507355E0,9.856877130E0
9.030506417E0,2.564167786E-1,6.256988525E-1,9.816436615E0,9.839699001E0
9.040538417E0,2.288740540E-1,6.054908752E-1,9.813143463E0,9.834469338E0
9.050570417E0,2.285746765E-1,5.694158936E-1,9.828112335E0,9.847246971E0
9.060601417E0,2.239343262E-1,5.664221191E-1,9.847122803E0,9.865941825E0
9.070633417E0,2.284249878E-1,5.411247253E-1,9.774374084E0,9.792006060E0
9.080664417E0,2.317181396E-1,5.530998230E-1,9.775571594E0,9.793947759E0
9.090696417E0,2.594105530E-1,5.751040649E-1,9.879904633E0,9.900027983E0
9.100726917E0,3.047662354E-1,5.917195129E-1,1.002016296E1,1.004224478E1
9.110758917E0,3.644920349E-1,6.122268677E-1,1.009440857E1,1.011952373E1
9.120789917E0,3.245251465E-1,6.191125488E-1,9.917626190E0,9.942229436E0
9.130821917E0,2.255809021E-1,6.108796692E-1,9.712552643E0,9.734358713E0
9.140852917E0,1.202000427E-1,6.032455444E-1,9.658215637E0,9.677782935E0
9.150884917E0,1.276844788E-1,6.116281128E-1,9.714049530E0,9.734122998E0
9.160916917E0,1.933978271E-1,6.021977234E-1,9.795031128E0,9.815430689E0
9.170947917E0,2.887495422E-1,5.965095520E-1,9.853559418E0,9.875820631E0
9.180979917E0,3.276686096E-1,5.650749207E-1,9.851763153E0,9.873394229E0
9.191010917E0,2.942880249E-1,5.592370605E-1,9.815089417E0,9.835412131E0
9.201042917E0,2.594105530E-1,6.050418091E-1,9.828112335E0,9.850135101E0
9.211073917E0,2.412982178E-1,6.406677246E-1,9.854158173E0,9.877910369E0
9.221105917E0,2.133064270E-1,6.713539124E-1,9.880802765E0,9.905881030E0
9.231136917E0,2.173480225E-1,6.996450806E-1,9.895771637E0,9.922854413E0
9.241168917E0,2.163002014E-1,7.268884277E-1,9.870923309E0,9.900014118E0
9.251199917E0,2.269281006E-1,7.188052368E-1,9.864037628E0,9.892796150E0
9.261231917E0,2.478845215E-1,6.831793213E-1,9.878407745E0,9.905105769E0
9.271262917E0,2.728825378E-1,6.426136780E-1,9.874216461E0,9.898867003E0
9.281294917E0,2.936892700E-1,5.872288513E-1,9.883796539E0,9.905580505E0
9.291326917E0,2.796185303E-1,5.623805237E-1,9.864337006E0,9.884310949E0
9.301357917E0,2.522254944E-1,5.408253479E-1,9.813143463E0,9.831271250E0
9.311389917E0,1.989363098E-1,5.426216125E-1,9.795929260E0,9.812963056E0
9.321420917E0,1.890568542E-1,5.397775269E-1,9.789792023E0,9.806484086E0
9.331452917E0,1.960922241E-1,5.457650757E-1,9.811945953E0,9.829068881E0
9.341483917E0,2.380050659E-1,5.498066711E-1,9.857002258E0,9.875192520E0
9.351515917E0,2.673440552E-1,5.658233643E-1,9.857002258E0,9.876847799E0
9.361546917E0,2.971321106E-1,5.791456604E-1,9.869576111E0,9.891017632E0
9.371578917E0,3.107537842E-1,5.860313416E-1,9.869576111E0,9.891841752E0
9.381609917E0,2.944377136E-1,6.044430542E-1,9.861642609E0,9.884535392E0
9.391641917E0,2.565664673E-1,6.303392029E-1,9.805958405E0,9.829545976E0
9.401673917E0,2.257305908E-1,6.393205261E-1,9.763596497E0,9.787108949E0
9.411704917E0,1.567240906E-1,6.587800598E-1,9.777068481E0,9.800490891E0
9.421736917E0,1.565744019E-1,6.774911499E-1,9.760602722E0,9.785339815E0
9.431767917E0,1.953437805E-1,6.716532898E-1,9.815388794E0,9.840281221E0
9.441799917E0,2.618055725E-1,6.399192810E-1,9.896370392E0,9.920493222E0
9.451830917E0,3.046165466E-1,6.105802917E-1,9.903256073E0,9.926735636E0
9.461862917E0,2.999761963E-1,5.751040649E-1,9.875413971E0,9.896692958E0
9.471893917E0,2.767744446E-1,5.707630920E-1,9.857151947E0,9.877541147E0
9.481925917E0,2.634521484E-1,5.933660889E-1,9.851014709E0,9.872384776E0
9.491956917E0,2.436932373E-1,6.008505249E-1,9.841883698E0,9.863218666E0
9.501988917E0,2.398013306E-1,6.228547668E-1,9.863887939E0,9.886442132E0
9.512020917E0,2.350112915E-1,6.432124329E-1,9.848769379E0,9.872548345E0
9.522051917E0,2.203417969E-1,6.376739502E-1,9.870474243E0,9.893504958E0
9.532083917E0,2.366578674E-1,6.355783081E-1,9.877958679E0,9.901213784E0
9.542114917E0,2.406994629E-1,6.289920044E-1,9.890981598E0,9.913883404E0
9.552146917E0,2.567161560E-1,6.116281128E-1,9.866282959E0,9.888555585E0
9.562177917E0,2.480342102E-1,5.992039490E-1,9.838889923E0,9.860239412E0
9.572209917E0,2.415975952E-1,5.864804077E-1,9.812993774E0,9.833472199E0
9.582240917E0,2.176473999E-1,5.662724304E-1,9.767338715E0,9.786160658E0
9.592272917E0,2.149530029E-1,5.614823914E-1,9.790989532E0,9.809431344E0
9.602303917E0,2.269281006E-1,5.587879944E-1,9.825717316E0,9.844209524E0
9.612335917E0,2.333647156E-1,5.568420410E-1,9.845476227E0,9.863971527E0
9.622367917E0,2.600093079E-1,5.571414185E-1,9.870174866E0,9.889305500E0
9.632398917E0,2.682421875E-1,5.683680725E-1,9.854607239E0,9.874628093E0
9.642430917E0,2.730322266E-1,5.710624695E-1,9.833052063E0,9.853404072E0
9.652461917E0,2.406994629E-1,5.845344543E-1,9.801168365E0,9.821533388E0
9.662493917E0,2.338137817E-1,5.863307190E-1,9.821226654E0,9.841491025E0
9.672524917E0,2.245330811E-1,6.005511475E-1,9.843829651E0,9.864687475E0
9.682556917E0,2.269281006E-1,6.312373352E-1,9.820328522E0,9.843211326E0
9.692587917E0,2.149530029E-1,6.321354675E-1,9.831854553E0,9.854499683E0
9.702619917E0,2.233355713E-1,6.316864014E-1,9.859247589E0,9.881987124E0
9.712650917E0,2.406994629E-1,6.192622375E-1,9.880353699E0,9.902666871E0
9.722682917E0,2.219883728E-1,6.059399414E-1,9.863139496E0,9.884227980E0
9.732714917E0,2.128573608E-1,6.059399414E-1,9.865384827E0,9.886267711E0
9.742745917E0,2.071691895E-1,6.129753113E-1,9.855804749E0,9.877021061E0
9.752777917E0,2.333647156E-1,6.325845337E-1,9.873917084E0,9.896911683E0
9.762808917E0,2.647993469E-1,6.491999817E-1,9.865384827E0,9.890267797E0
9.772840917E0,2.709365845E-1,6.595285034E-1,9.834099884E0,9.859914047E0
9.782871917E0,2.588117981E-1,6.505471802E-1,9.810000000E0,9.834952729E0
9.792903917E0,2.335144043E-1,6.306385803E-1,9.790241089E0,9.813310072E0
9.802934917E0,2.216889954E-1,5.867797852E-1,9.818382568E0,9.838398893E0
9.812966917E0,2.062710571E-1,5.459147644E-1,9.857601013E0,9.874860425E0
9.822997917E0,2.140548706E-1,5.304968262E-1,9.847422180E0,9.864024025E0
9.833029917E0,2.327659607E-1,5.360353088E-1,9.778116302E0,9.795563908E0
9.843061917E0,2.303709412E-1,5.367837524E-1,9.765093384E0,9.782548562E0
9.853092917E0,2.540217590E-1,5.685177612E-1,9.867181091E0,9.886809505E0
9.863124917E0,3.047662354E-1,6.020480347E-1,1.001462448E1,1.003733270E1
9.873155917E0,3.432362366E-1,6.277944946E-1,1.007539810E1,1.010077145E1
9.883187917E0,3.234773254E-1,6.117778015E-1,9.903705139E0,9.927854005E0
9.893218917E0,2.139051819E-1,6.050418091E-1,9.725126495E0,9.746277052E0
9.903250917E0,1.202000427E-1,5.890251160E-1,9.691446533E0,9.710073869E0
9.913281917E0,1.276844788E-1,5.894741821E-1,9.741592255E0,9.760246042E0
9.923313917E0,1.990859985E-1,5.929170227E-1,9.811197510E0,9.831112979E0
9.933344917E0,2.818638611E-1,5.797444153E-1,9.856852570E0,9.877909364E0
9.943376917E0,3.125500488E-1,5.578898621E-1,9.819879456E0,9.840678897E0
9.953408917E0,3.071612549E-1,5.965095520E-1,9.811197510E0,9.834112479E0
9.963439917E0,2.472857666E-1,6.140231323E-1,9.844877472E0,9.867106318E0
9.973471917E0,2.303709412E-1,6.521937561E-1,9.890083466E0,9.914241192E0
9.983502917E0,2.067201233E-1,6.804849243E-1,9.926158447E0,9.951603613E0
9.993534917E0,2.020797729E-1,7.156617737E-1,9.902357941E0,9.930241729E0
1.000356592E1,2.146536255E-1,7.259902954E-1,9.874964905E0,9.903942142E0
1.001359792E1,2.366578674E-1,7.042854309E-1,9.860894165E0,9.888845163E0
1.002362892E1,2.513273621E-1,6.876699829E-1,9.864486694E0,9.891620352E0
1.003366092E1,2.639012146E-1,6.324348450E-1,9.852062531E0,9.875867242E0
1.004369192E1,2.615061951E-1,5.945635986E-1,9.856104126E0,9.877483480E0
1.005372392E1,2.589614868E-1,5.748046875E-1,9.847122803E0,9.867283769E0
1.006375592E1,2.333647156E-1,5.498066711E-1,9.826914825E0,9.845049591E0
1.007378692E1,2.155517578E-1,5.578898621E-1,9.813293152E0,9.831501724E0
1.008381892E1,2.070195007E-1,5.492079163E-1,9.807904358E0,9.825450336E0
1.009385025E1,2.189945984E-1,5.593867493E-1,9.827214203E0,9.845557940E0
1.010388225E1,2.534230042E-1,5.737568665E-1,9.840985565E0,9.860954166E0
1.011391325E1,2.881507874E-1,5.727090454E-1,9.854906616E0,9.875738501E0
1.012394525E1,3.153941345E-1,6.020480347E-1,9.849068756E0,9.872491613E0
1.013397625E1,3.170407104E-1,6.101312256E-1,9.856253815E0,9.880208206E0
1.014400825E1,3.118016052E-1,6.161187744E-1,9.864486694E0,9.888625806E0
1.015403925E1,2.601589966E-1,6.399192810E-1,9.809401245E0,9.833693720E0
1.016407125E1,1.910028076E-1,6.610253906E-1,9.782906342E0,9.807073627E0
1.017410325E1,1.535806274E-1,6.795867920E-1,9.785301361E0,9.810073799E0
1.018413425E1,1.776805115E-1,6.972500610E-1,9.770482178E0,9.796940849E0
1.019416625E1,2.386038208E-1,6.744973755E-1,9.830956421E0,9.856956054E0
1.020419725E1,2.847079468E-1,6.574328613E-1,9.884395294E0,9.910325268E0
1.021422925E1,3.016227722E-1,6.288423157E-1,9.891730042E0,9.916286713E0
1.022426025E1,2.947370911E-1,6.042933655E-1,9.889035645E0,9.911864931E0
1.023429225E1,2.797682190E-1,5.953120422E-1,9.863139496E0,9.885048680E0
1.024432325E1,2.618055725E-1,5.918692017E-1,9.886490936E0,9.907651303E0
1.025435525E1,2.418969727E-1,6.065386963E-1,9.890682220E0,9.912214592E0
1.026438625E1,2.439926147E-1,6.099815369E-1,9.867330780E0,9.889177246E0
1.027441825E1,2.285746765E-1,6.249504089E-1,9.867031403E0,9.889444782E0
1.028445025E1,2.574645996E-1,6.207591248E-1,9.870174866E0,9.893026928E0
1.029448125E1,2.601589966E-1,6.412664795E-1,9.877359924E0,9.901572828E0
1.030451325E1,2.565664673E-1,6.324348450E-1,9.880802765E0,9.904345686E0
1.031454425E1,2.767744446E-1,6.117778015E-1,9.859397278E0,9.882236126E0
1.032457625E1,2.639012146E-1,6.155200195E-1,9.837093658E0,9.859864116E0
1.033460725E1,2.468367004E-1,5.860313416E-1,9.809700623E0,9.830289283E0
1.034463925E1,2.341131592E-1,5.526507568E-1,9.795031128E0,9.813402398E0
1.035467025E1,2.442919922E-1,5.548960876E-1,9.812694397E0,9.831406795E0
1.036470225E1,2.368075562E-1,5.454656982E-1,9.830956421E0,9.848924550E0
1.037473325E1,2.520758057E-1,5.331912231E-1,9.848320312E0,9.865964123E0
1.038476525E1,2.589614868E-1,5.357359314E-1,9.871671753E0,9.889589336E0
1.039479725E1,2.707868958E-1,5.514532471E-1,9.847422180E0,9.866567276E0
1.040482825E1,2.656974792E-1,5.795947266E-1,9.829160156E0,9.849817997E0
1.041486025E1,2.514770508E-1,5.810916138E-1,9.822424164E0,9.842810809E0
1.042489125E1,2.442919922E-1,5.905220032E-1,9.812095642E0,9.832884404E0
1.043492325E1,2.240840149E-1,6.054908752E-1,9.810898132E0,9.832118541E0
1.044495425E1,2.288740540E-1,5.966592407E-1,9.829160156E0,9.849912434E0
1.045498625E1,2.442919922E-1,6.194119263E-1,9.854457550E0,9.876926815E0
1.046501725E1,2.206411743E-1,6.122268677E-1,9.852661285E0,9.874129768E0
1.047504925E1,2.176473999E-1,6.017486572E-1,9.864786072E0,9.885518503E0
1.048508025E1,1.910028076E-1,5.959107971E-1,9.884694672E0,9.904482849E0
1.049511225E1,2.046244812E-1,6.027964783E-1,9.866432648E0,9.886947353E0
1.050514425E1,2.143542480E-1,6.390211487E-1,9.864636383E0,9.887636054E0
1.051517525E1,2.242337036E-1,6.586303711E-1,9.852960663E0,9.877495054E0
1.052520725E1,2.317181396E-1,6.722520447E-1,9.810149689E0,9.835885981E0
1.053523825E1,2.324665833E-1,6.682104492E-1,9.790540466E0,9.816069913E0
1.054527025E1,2.291734314E-1,6.447093201E-1,9.796228638E0,9.820095014E0
1.055530125E1,2.354603577E-1,5.924679565E-1,9.835746460E0,9.856387182E0
1.056533325E1,2.469863892E-1,5.557942200E-1,9.872869263E0,9.891585160E0
1.057536425E1,2.529739380E-1,5.330415344E-1,9.873018951E0,9.890633564E0
1.058539625E1,2.384541321E-1,5.140310669E-1,9.806706848E0,9.823064059E0
1.059542725E1,2.408491516E-1,5.363346863E-1,9.799970856E0,9.817590946E0
1.060545925E1,2.471360779E-1,5.487588501E-1,9.857601013E0,9.875956169E0
1.061549125E1,2.929408264E-1,5.730084229E-1,9.967921600E0,9.988674287E0
1.062552225E1,3.608995056E-1,5.947132874E-1,1.005025040E1,1.007429727E1
1.063555425E1,3.429368591E-1,5.733078003E-1,9.894873505E0,9.917399316E0
1.064558525E1,2.525248718E-1,5.658233643E-1,9.751322021E0,9.770987978E0
1.065561725E1,1.767823792E-1,5.571414185E-1,9.712253265E0,9.729826415E0
1.066564825E1,1.727407837E-1,5.607339478E-1,9.744436340E0,9.762084897E0
1.067568025E1,2.146536255E-1,5.716612244E-1,9.792935486E0,9.811954859E0
1.068571125E1,2.727328491E-1,5.797444153E-1,9.813742218E0,9.834633858E0
1.069574325E1,2.908451843E-1,6.005511475E-1,9.782457275E0,9.805188573E0
1.070577425E1,2.806663513E-1,6.264472961E-1,9.750723267E0,9.774856216E0
1.071580625E1,2.327659607E-1,6.503974915E-1,9.790540466E0,9.814880514E0
1.072583825E1,2.218386841E-1,6.807843018E-1,9.837991791E0,9.864013491E0
1.073586925E1,2.186952209E-1,7.072792053E-1,9.901908875E0,9.929545349E0
1.074590125E1,2.044747925E-1,7.135661316E-1,9.922116852E0,9.949843687E0
1.075593225E1,2.200424194E-1,6.884184265E-1,9.939929810E0,9.966169937E0
1.076596425E1,2.492317200E-1,6.575825500E-1,9.916129303E0,9.941033730E0
1.077599525E1,2.743794250E-1,6.135740662E-1,9.906549225E0,9.929323982E0
1.078602725E1,2.850073242E-1,5.742059326E-1,9.892478485E0,9.913227134E0
1.079605825E1,2.930905151E-1,5.309458923E-1,9.866282959E0,9.884904907E0
1.080609025E1,2.860551453E-1,5.221142578E-1,9.841584320E0,9.859574675E0
1.081612225E1,2.324665833E-1,5.240602112E-1,9.802814941E0,9.819565194E0
1.082615325E1,2.058219910E-1,5.288502502E-1,9.787247314E0,9.803685800E0
1.083618525E1,2.038760376E-1,5.516029358E-1,9.792037354E0,9.809680258E0
1.084621625E1,2.276765442E-1,5.542973328E-1,9.811047821E0,9.829330673E0
1.085624825E1,2.454895020E-1,5.731581116E-1,9.833650818E0,9.853398588E0
1.086627925E1,2.817141724E-1,5.662724304E-1,9.847122803E0,9.867413786E0
1.087631125E1,2.992277527E-1,5.689668274E-1,9.864935760E0,9.885859500E0
1.088634225E1,3.031196594E-1,5.728587341E-1,9.856553192E0,9.877838300E0
1.089637425E1,2.844085693E-1,5.665718079E-1,9.831405487E0,9.851823471E0
1.090640525E1,2.516267395E-1,6.023474121E-1,9.782906342E0,9.804661897E0
1.091643725E1,2.139051819E-1,6.206094360E-1,9.804311829E0,9.826262867E0
1.092646925E1,1.960922241E-1,6.468049622E-1,9.812993774E0,9.836241947E0
1.093650025E1,2.275268555E-1,6.518943787E-1,9.822573853E0,9.846811252E0
1.094653225E1,2.573149109E-1,6.213578796E-1,9.854008484E0,9.876931699E0
1.095656325E1,2.772235107E-1,6.092330933E-1,9.861043854E0,9.883734300E0
1.096659525E1,2.921923828E-1,5.843847656E-1,9.883497162E0,9.905069313E0
1.097662625E1,2.935395813E-1,5.721102905E-1,9.891430664E0,9.912309330E0
1.098665825E1,2.695893860E-1,5.846841431E-1,9.889634399E0,9.910570243E0
1.099668925E1,2.627037048E-1,6.057902527E-1,9.898016968E0,9.920016883E0
1.100672125E1,2.505789185E-1,6.004014587E-1,9.866582336E0,9.888008834E0
1.101675225E1,2.688409424E-1,6.117778015E-1,9.856253815E0,9.878880847E0
1.102678425E1,2.767744446E-1,6.132746887E-1,9.842183075E0,9.865154718E0
1.103681625E1,2.803669739E-1,5.972579956E-1,9.859247589E0,9.881299802E0
1.104684725E1,2.874023438E-1,6.164181519E-1,9.864037628E0,9.887457195E0
1.105687925E1,2.893482971E-1,6.137237549E-1,9.851763153E0,9.875100835E0
1.106691025E1,2.606080627E-1,5.900729370E-1,9.842931519E0,9.864046001E0
1.107694225E1,2.571652222E-1,5.912704468E-1,9.798923035E0,9.820113407E0
1.108697325E1,2.393522644E-1,5.755531311E-1,9.800270233E0,9.820073704E0
1.109700587E1,2.258802795E-1,5.641767883E-1,9.797276459E0,9.816106324E0
1.110703687E1,2.357597351E-1,5.361849976E-1,9.790390778E0,9.807896236E0
1.111706887E1,2.427951050E-1,5.300477600E-1,9.832902374E0,9.850171024E0
1.112709988E1,2.618055725E-1,5.216651917E-1,9.846074982E0,9.863359938E0
1.113713187E1,2.772235107E-1,5.044509888E-1,9.840985565E0,9.857805058E0
1.114716387E1,2.823129272E-1,5.191204834E-1,9.825118561E0,9.842872619E0
1.115719488E1,2.734812927E-1,5.357359314E-1,9.815239105E0,9.833652612E0
1.116722687E1,2.598596191E-1,5.493576050E-1,9.811047821E0,9.829851481E0
1.117725787E1,2.607577515E-1,5.516029358E-1,9.802665253E0,9.821634612E0
1.118728988E1,2.423460388E-1,5.448669434E-1,9.797725525E0,9.815856409E0
1.119732088E1,2.574645996E-1,5.548960876E-1,9.839488678E0,9.858485438E0
1.120735287E1,2.418969727E-1,5.697152710E-1,9.842482452E0,9.861924278E0
1.121738387E1,2.332150269E-1,5.677693176E-1,9.860445099E0,9.879530798E0
1.122741588E1,2.359094238E-1,5.900729370E-1,9.876312103E0,9.896735830E0
1.123744688E1,2.261796570E-1,6.005511475E-1,9.864935760E0,9.885786589E0
1.124747887E1,2.143542480E-1,6.242019653E-1,9.853110352E0,9.875189084E0
1.125751088E1,2.293231201E-1,6.463558960E-1,9.838440857E0,9.862316337E0
1.126754188E1,2.383044434E-1,6.415658569E-1,9.830357666E0,9.854152810E0
1.127757387E1,2.466870117E-1,6.471043396E-1,9.803114319E0,9.827545414E0
1.128760487E1,2.616558838E-1,6.258485413E-1,9.828860779E0,9.852241086E0
1.129763688E1,2.760260010E-1,5.971083069E-1,9.837991791E0,9.859959998E0
1.130766787E1,2.706372070E-1,5.577401733E-1,9.862840118E0,9.882304073E0
1.131769987E1,2.649490356E-1,5.318440247E-1,9.883646851E0,9.901491359E0
1.132773087E1,2.547702026E-1,5.165757751E-1,9.856253815E0,9.873069312E0
1.133776288E1,2.507286072E-1,5.144801331E-1,9.798923035E0,9.815622613E0
1.134779387E1,2.457888794E-1,5.245092773E-1,9.780361633E0,9.797499468E0
1.135782587E1,2.631527710E-1,5.272036743E-1,9.825867004E0,9.843518450E0
1.136785788E1,3.144960022E-1,5.456153870E-1,9.991722107E0,1.001154906E1
1.137788887E1,3.849993896E-1,5.363346863E-1,1.005548950E1,1.007713990E1
1.138792087E1,3.565585327E-1,5.108876038E-1,9.889035645E0,9.908640982E0
1.139795187E1,2.371069336E-1,4.917274475E-1,9.761500854E0,9.776753782E0
1.140798388E1,1.899549866E-1,5.020559692E-1,9.720486145E0,9.735296297E0
1.141801487E1,1.951940918E-1,5.081932068E-1,9.756860504E0,9.772036019E0
1.142804687E1,2.423460388E-1,5.315446472E-1,9.791887665E0,9.809298413E0
1.143807788E1,2.821632385E-1,5.453160095E-1,9.773026886E0,9.792294938E0
1.144810987E1,2.838098145E-1,5.569917297E-1,9.749076691E0,9.769098429E0
1.145814187E1,2.609074402E-1,5.851332092E-1,9.760752411E0,9.781755527E0
1.146817288E1,2.421963501E-1,6.174659729E-1,9.829609222E0,9.851961265E0
1.147820488E1,2.441423035E-1,6.514453125E-1,9.903555450E0,9.927960366E0
1.148823587E1,2.457888794E-1,6.590794373E-1,9.954748993E0,9.979570401E0
1.149826787E1,2.477348328E-1,6.418652344E-1,9.955647125E0,9.979392427E0
1.150829888E1,2.790197754E-1,6.267466736E-1,9.952653351E0,9.976270453E0
1.151833087E1,2.760260010E-1,6.147715759E-1,9.913135529E0,9.936014817E0
1.152836187E1,3.016227722E-1,5.721102905E-1,9.890233154E0,9.911357038E0
1.153839388E1,2.947370911E-1,5.312452698E-1,9.877958679E0,9.896623624E0
1.154842488E1,2.820135498E-1,5.056484985E-1,9.860744476E0,9.877727151E0
1.155845687E1,2.541714478E-1,5.069956970E-1,9.844278717E0,9.860601970E0
1.156848787E1,2.363584900E-1,5.008584595E-1,9.809850311E0,9.825471371E0
1.157851988E1,2.246827698E-1,5.051994324E-1,9.810299377E0,9.825868037E0
1.158855187E1,2.429447937E-1,5.158273315E-1,9.805659027E0,9.822222201E0
1.159858287E1,2.595602417E-1,5.360353088E-1,9.823022919E0,9.841061154E0
1.160861488E1,2.757266235E-1,5.339396667E-1,9.849517822E0,9.867832491E0
1.161864588E1,2.954855347E-1,5.233117676E-1,9.857002258E0,9.875305587E0
1.162867787E1,2.981799316E-1,5.316943359E-1,9.854307861E0,9.873145070E0
1.163870887E1,2.999761963E-1,5.462141418E-1,9.850565643E0,9.870257297E0
1.164874088E1,2.874023438E-1,5.501060486E-1,9.809850311E0,9.829464884E0
1.165877187E1,2.670446777E-1,5.664221191E-1,9.800719299E0,9.820704947E0
1.166880387E1,2.374063110E-1,5.861810303E-1,9.816137238E0,9.836489222E0
1.167883588E1,2.263293457E-1,6.066883850E-1,9.852960663E0,9.874215391E0
1.168886688E1,2.468367004E-1,5.709127808E-1,9.858499146E0,9.878100787E0
1.169889887E1,2.787203979E-1,5.545967102E-1,9.841883698E0,9.861436877E0
1.170892987E1,2.707868958E-1,5.372328186E-1,9.831704865E0,9.850094679E0
1.171896188E1,2.781216431E-1,5.306465149E-1,9.858648834E0,9.876836245E0
1.172899287E1,2.865042114E-1,5.647755432E-1,9.888287201E0,9.908545799E0
1.173902487E1,2.805166626E-1,5.683680725E-1,9.908944244E0,9.929194726E0
1.174905587E1,2.832110596E-1,5.915698242E-1,9.920619965E0,9.942276593E0
1.175908788E1,2.902464294E-1,6.011499023E-1,9.931846619E0,9.954255444E0
1.176911887E1,2.899470520E-1,6.063890076E-1,9.967921600E0,9.990557440E0
1.177915087E1,2.784210205E-1,6.274951172E-1,9.965975647E0,9.989591532E0
1.178918288E1,2.725831604E-1,6.295907593E-1,9.913584595E0,9.937295689E0
1.179921387E1,2.363584900E-1,6.333329773E-1,9.853709106E0,9.876869907E0
1.180924587E1,1.987866211E-1,6.328839111E-1,9.791588287E0,9.814033796E0
1.181927688E1,1.740879822E-1,6.236032104E-1,9.723928986E0,9.745459584E0
1.182930888E1,1.651066589E-1,6.122268677E-1,9.700427856E0,9.721130724E0
1.183933987E1,2.076182556E-1,5.740562439E-1,9.714947662E0,9.734107766E0
1.184937187E1,2.399510193E-1,5.307962036E-1,9.733958130E0,9.751372312E0
1.185940288E1,3.061134338E-1,4.912783813E-1,9.827663269E0,9.844695283E0
1.186943487E1,3.600013733E-1,4.683760071E-1,9.869725800E0,9.887389162E0
1.187946587E1,4.062551880E-1,4.408332825E-1,9.903256073E0,9.921383881E0
1.188949788E1,4.108955383E-1,4.234693909E-1,9.903555450E0,9.921117479E0
1.189952987E1,4.038601685E-1,4.302053833E-1,9.882898407E0,9.900497999E0
1.190956087E1,3.827540588E-1,4.436773682E-1,9.844278717E0,9.861702375E0
1.191959287E1,3.716770935E-1,4.809498596E-1,9.822873230E0,9.841661197E0
1.192962388E1,3.365002441E-1,4.948709106E-1,9.814340973E0,9.832569266E0
1.193965587E1,3.237767029E-1,5.213658142E-1,9.823322296E0,9.842475024E0
1.194968687E1,3.004252625E-1,5.490582275E-1,9.846224670E0,9.866096520E0
1.195971888E1,2.607577515E-1,5.733078003E-1,9.854307861E0,9.874414406E0
1.196974988E1,2.427951050E-1,6.005511475E-1,9.866133270E0,9.887375630E0
1.197978187E1,2.296224976E-1,6.150709534E-1,9.833650818E0,9.855542967E0
1.198981387E1,2.363584900E-1,6.351292419E-1,9.833650818E0,9.856974328E0
1.199984488E1,2.502795410E-1,6.420149231E-1,9.829758911E0,9.853881634E0
1.200987687E1,2.658471680E-1,6.412664795E-1,9.808652802E0,9.833187031E0
1.201990787E1,2.885998535E-1,6.337820435E-1,9.808054047E0,9.832745992E0
1.202993988E1,2.929408264E-1,5.984555054E-1,9.824669495E0,9.847237887E0
1.203997088E1,2.984793091E-1,5.599855042E-1,9.845775604E0,9.866203470E0
1.205000287E1,3.040177917E-1,5.143304443E-1,9.862391052E0,9.880471643E0
1.206003387E1,2.989283752E-1,5.005590820E-1,9.870773621E0,9.887977014E0
1.207006588E1,2.920426941E-1,4.915777588E-1,9.838590546E0,9.855191604E0
1.208009687E1,3.010240173E-1,5.156776428E-1,9.823022919E0,9.841154310E0
1.209012887E1,3.041674805E-1,5.396278381E-1,9.815837860E0,9.835364200E0
1.210016038E1,3.131488037E-1,5.399272156E-1,9.886490936E0,9.906174166E0
1.211019138E1,3.540138245E-1,5.294490051E-1,1.002046234E1,1.004068262E1
1.212022337E1,3.897894287E-1,5.433700562E-1,9.953252106E0,9.975691169E0
1.213025437E1,3.246748352E-1,5.284011841E-1,9.776320038E0,9.795971368E0
1.214028638E1,2.463876343E-1,5.108876038E-1,9.757908325E0,9.774379156E0
1.215031737E1,2.432441711E-1,5.026547241E-1,9.784403229E0,9.800325303E0
1.216034937E1,2.778222656E-1,5.119354248E-1,9.821675720E0,9.838931702E0
1.217038037E1,3.222798157E-1,5.090913391E-1,9.793085175E0,9.811603106E0
1.218041238E1,3.287164307E-1,5.342390442E-1,9.748328247E0,9.768488597E0
1.219044337E1,2.972817993E-1,5.620811462E-1,9.723330231E0,9.744098853E0
1.220047537E1,2.956352234E-1,5.935157776E-1,9.763147430E0,9.785637890E0
1.221050738E1,3.085084534E-1,6.357279968E-1,9.840985565E0,9.866322742E0
1.222053837E1,3.058140564E-1,6.535409546E-1,9.906399536E0,9.932642639E0
1.223057037E1,3.474275208E-1,6.712042236E-1,9.967622223E0,9.996234980E0
1.224060138E1,3.842509460E-1,6.737489319E-1,9.996063080E0,1.002610909E1
1.225063338E1,3.980223083E-1,6.532415771E-1,9.983938293E0,1.001319980E1
1.226066437E1,3.841012573E-1,6.170169067E-1,9.954449615E0,9.980947389E0
1.227069637E1,3.614982605E-1,5.584886169E-1,9.901010742E0,9.923336346E0
1.228072738E1,3.360511780E-1,5.376818848E-1,9.860894165E0,9.881258318E0
1.229075937E1,3.128494263E-1,5.300477600E-1,9.826316071E0,9.845573265E0
1.230079037E1,2.716850281E-1,5.197192383E-1,9.796378326E0,9.813916097E0
1.231082238E1,2.490820312E-1,5.312452698E-1,9.782756653E0,9.800336276E0
1.232085437E1,2.674937439E-1,5.346881104E-1,9.780361633E0,9.798618166E0
1.233088537E1,2.791694641E-1,5.559439087E-1,9.811796265E0,9.831498114E0
1.234091737E1,3.125500488E-1,5.716612244E-1,9.823471985E0,9.845053881E0
1.235094838E1,3.580554199E-1,5.774990845E-1,9.856852570E0,9.880245516E0
1.236098037E1,3.781137085E-1,5.780978394E-1,9.858050079E0,9.882222344E0
1.237101137E1,3.782633972E-1,5.638774109E-1,9.873318329E0,9.896638609E0
1.238104338E1,3.830534363E-1,5.677693176E-1,9.855655060E0,9.879424507E0
1.239107438E1,3.577560425E-1,5.710624695E-1,9.838291168E0,9.861342446E0
1.240110637E1,3.433859253E-1,6.004014587E-1,9.841284943E0,9.865560558E0
1.241113837E1,3.097059631E-1,6.078858948E-1,9.819280701E0,9.842952632E0
1.242116938E1,3.150947571E-1,6.008505249E-1,9.822424164E0,9.845827670E0
1.243120137E1,3.537144470E-1,5.851332092E-1,9.812095642E0,9.835889165E0
1.244123237E1,3.662882996E-1,5.724096680E-1,9.829010468E0,9.852475157E0
1.245126438E1,3.701802063E-1,5.209167480E-1,9.892777863E0,9.913397071E0
1.246129538E1,3.760180664E-1,5.346881104E-1,9.922416229E0,9.943924014E0
1.247132737E1,3.734733582E-1,5.608836365E-1,9.928703156E0,9.951543556E0
1.248135837E1,3.435356140E-1,5.872288513E-1,9.902208252E0,9.925552010E0
1.249139038E1,3.501219177E-1,6.158193970E-1,9.881102142E0,9.906462458E0
1.250142137E1,3.559597778E-1,6.292913818E-1,9.859546967E0,9.886019492E0
1.251145337E1,3.656895447E-1,6.520440674E-1,9.823771362E0,9.852176109E0
1.252148538E1,3.844006348E-1,6.378236389E-1,9.829160156E0,9.857330887E0
1.253151638E1,3.884422302E-1,6.484515381E-1,9.828561401E0,9.857585708E0
1.254154837E1,3.805087280E-1,6.408174133E-1,9.829758911E0,9.857971095E0
1.255157937E1,3.601510620E-1,6.225553894E-1,9.807754669E0,9.834090484E0
1.256161138E1,3.388952637E-1,6.262976074E-1,9.793534241E0,9.819389575E0
1.257164237E1,3.324586487E-1,5.944139099E-1,9.783954163E0,9.807630484E0
1.258167437E1,3.302133179E-1,5.809419250E-1,9.786947937E0,9.809734159E0
1.259170538E1,3.341052246E-1,5.590873718E-1,9.826765137E0,9.848325647E0
1.260173738E1,3.381468201E-1,5.474116516E-1,9.849667511E0,9.870661217E0
1.261176937E1,3.430865479E-1,5.475613403E-1,9.826914825E0,9.848136209E0
1.262180037E1,3.694317627E-1,5.656736755E-1,9.832453308E0,9.855638213E0
1.263183238E1,3.835025024E-1,5.719606018E-1,9.802216187E0,9.826375490E0
1.264186337E1,4.031117249E-1,5.680686951E-1,9.811945953E0,9.836639899E0
1.265189537E1,3.944297791E-1,5.891748047E-1,9.819580078E0,9.845143712E0
1.266192638E1,3.805087280E-1,5.873785400E-1,9.832153931E0,9.857030555E0
1.267195837E1,3.550616455E-1,5.894741821E-1,9.837542725E0,9.861581792E0
1.268198937E1,3.550616455E-1,5.824388123E-1,9.846973114E0,9.870571577E0
1.269202137E1,3.463796997E-1,6.107299805E-1,9.855804749E0,9.880782218E0
1.270205238E1,3.532653809E-1,6.310876465E-1,9.856553192E0,9.883051597E0
1.271208437E1,3.879931641E-1,6.533912659E-1,9.816885681E0,9.846253263E0
1.272211637E1,3.638932800E-1,6.731501770E-1,9.819580078E0,9.849350354E0
1.273214738E1,3.525169373E-1,6.909631348E-1,9.820328522E0,9.850916227E0
1.274217937E1,3.529660034E-1,6.752458191E-1,9.826465759E0,9.855961203E0
1.275221037E1,3.552113342E-1,6.532415771E-1,9.828711090E0,9.856797723E0
1.276224237E1,3.580554199E-1,6.484515381E-1,9.850565643E0,9.878377224E0
1.277227338E1,3.525169373E-1,6.280938721E-1,9.862540741E0,9.888805791E0
1.278230537E1,3.617976379E-1,6.267466736E-1,9.828262024E0,9.854869017E0
1.279233637E1,3.667373657E-1,6.227050781E-1,9.835147705E0,9.861662552E0
1.280236838E1,3.719764709E-1,6.445596313E-1,9.831704865E0,9.859829824E0
1.281239938E1,3.903881836E-1,6.239025879E-1,9.820178833E0,9.847719009E0
1.282243137E1,4.168830872E-1,6.156697083E-1,9.938283234E0,9.966058114E0
1.283246338E1,4.665797424E-1,5.974076843E-1,9.983788605E0,1.001252353E1
1.284249438E1,4.511618042E-1,5.938151550E-1,9.840386810E0,9.868605575E0
1.285252637E1,3.643423462E-1,5.704637146E-1,9.731114044E0,9.754627350E0
1.286255737E1,3.065625000E-1,5.566923523E-1,9.713899841E0,9.734666767E0
1.287258938E1,3.365002441E-1,5.692662048E-1,9.760902100E0,9.783276865E0
1.288262038E1,3.561094666E-1,5.682183838E-1,9.804012451E0,9.826919468E0
1.289265237E1,3.683839417E-1,5.990542603E-1,9.795180817E0,9.820394084E0
1.290268337E1,3.743714905E-1,6.415658569E-1,9.752818909E0,9.781065250E0
1.291271538E1,3.685336304E-1,6.994953918E-1,9.754615173E0,9.786604519E0
1.292274737E1,3.906875610E-1,7.439529419E-1,9.794282684E0,9.830263275E0
1.293277837E1,4.104464722E-1,7.806266785E-1,9.868528290E0,9.907860260E0
1.294281038E1,4.114942932E-1,7.902067566E-1,9.910590820E0,9.950555998E0
1.295284137E1,4.107458496E-1,7.457492065E-1,9.947114868E0,9.983483772E0
1.296287337E1,3.998185730E-1,7.024891663E-1,9.950408020E0,9.983184146E0
1.297290437E1,3.863465881E-1,6.412664795E-1,9.939331055E0,9.967486554E0
1.298293638E1,3.779640198E-1,5.867797852E-1,9.903106384E0,9.927672606E0
1.299296737E1,3.601510620E-1,5.595364380E-1,9.855804749E0,9.878242610E0
1.300299937E1,3.402424622E-1,5.824388123E-1,9.799970856E0,9.823157775E0
1.301303038E1,3.487747192E-1,6.092330933E-1,9.758806458E0,9.784023316E0
1.302306237E1,3.586541748E-1,6.474037170E-1,9.768236847E0,9.796234761E0
1.303309437E1,3.728746033E-1,6.589297485E-1,9.796977081E0,9.826188672E0
1.304312537E1,4.183799744E-1,6.809339905E-1,9.859097900E0,9.891436918E0
1.305315738E1,4.387376404E-1,6.740483093E-1,9.885293427E0,9.917956340E0
1.306318837E1,4.361929321E-1,6.536906433E-1,9.873917084E0,9.905140802E0
1.307322037E1,4.194277954E-1,6.346801758E-1,9.858948212E0,9.888255581E0
1.308325138E1,3.933819580E-1,6.312373352E-1,9.840237122E0,9.868306671E0
1.309328337E1,3.775149536E-1,6.297404480E-1,9.835297394E0,9.862665228E0
1.310331412E1,3.588038635E-1,6.406677246E-1,9.806856537E0,9.834308846E0
1.311334612E1,3.490740967E-1,6.725514221E-1,9.788893890E0,9.818178127E0
1.312337713E1,3.399430847E-1,6.993457031E-1,9.819580078E0,9.850319722E0
1.313340912E1,3.507206726E-1,7.197033691E-1,9.833201752E0,9.865740450E0
1.314344112E1,4.152365112E-1,7.057823181E-1,9.819131012E0,9.853216930E0
1.315347213E1,4.375401306E-1,6.759942627E-1,9.848020935E0,9.880886901E0
1.316350412E1,4.444258118E-1,6.605763245E-1,9.858050079E0,9.890147964E0
1.317353512E1,4.317022705E-1,6.548881531E-1,9.853858795E0,9.885027997E0
1.318356713E1,3.966751099E-1,6.563850403E-1,9.831555176E0,9.861423307E0
1.319359813E1,3.570075989E-1,6.551875305E-1,9.857301636E0,9.885500527E0
1.320363012E1,3.671864319E-1,6.650669861E-1,9.858349457E0,9.887577761E0
1.321366112E1,3.888912964E-1,6.737489319E-1,9.850715332E0,9.881384853E0
1.322369313E1,4.014651489E-1,6.923103333E-1,9.860744476E0,9.893166808E0
1.323372413E1,4.093986511E-1,6.947053528E-1,9.875264282E0,9.908131379E0
1.324375612E1,4.254153442E-1,6.873706055E-1,9.884544983E0,9.917544358E0
1.325378813E1,4.111949158E-1,6.938072205E-1,9.862840118E0,9.895759947E0
1.326381913E1,4.070036316E-1,6.833290100E-1,9.834698639E0,9.866807377E0
1.327385112E1,3.667373657E-1,6.771917725E-1,9.822124786E0,9.852269805E0
1.328388212E1,3.579057312E-1,6.520440674E-1,9.798324280E0,9.826515999E0
1.329391413E1,3.634442139E-1,6.268963623E-1,9.782606964E0,9.809408227E0
1.330394512E1,3.574566650E-1,6.021977234E-1,9.809550934E0,9.834516098E0
1.331397712E1,3.619473267E-1,5.918692017E-1,9.833650818E0,9.858093296E0
1.332400812E1,3.839515686E-1,6.057902527E-1,9.829758911E0,9.855889655E0
1.333404013E1,3.956272888E-1,6.119274902E-1,9.818083191E0,9.845086782E0
1.334407212E1,4.074526978E-1,6.200106812E-1,9.816735992E0,9.844731408E0
1.335410312E1,4.159849548E-1,6.387217712E-1,9.818382568E0,9.847925936E0
1.336413513E1,4.170327759E-1,6.414161682E-1,9.819430389E0,9.849190028E0
1.337416612E1,3.984713745E-1,6.527925110E-1,9.813293152E0,9.843050339E0
1.338419812E1,3.755690002E-1,6.448590088E-1,9.814191284E0,9.842522328E0
1.339422912E1,3.623963928E-1,6.439608765E-1,9.850116577E0,9.877793951E0
1.340426113E1,3.915856934E-1,6.635700989E-1,9.878557434E0,9.908560017E0
1.341429212E1,4.068539429E-1,6.863227844E-1,9.872270508E0,9.904458293E0
1.342432412E1,4.089495850E-1,7.137158203E-1,9.826914825E0,9.861282119E0
1.343435613E1,4.022135925E-1,7.405101013E-1,9.788744202E0,9.824950078E0
1.344438712E1,3.842509460E-1,7.249424744E-1,9.783804474E0,9.818147502E0
1.345441912E1,3.718267822E-1,6.975494385E-1,9.792336731E0,9.824188976E0
1.346445013E1,3.635939026E-1,6.896159363E-1,9.825268250E0,9.856148682E0
1.347448213E1,3.519181824E-1,6.641688538E-1,9.890233154E0,9.918753879E0
1.348451312E1,3.748205566E-1,6.438111877E-1,9.865085449E0,9.893174122E0
1.349454512E1,3.751199341E-1,6.448590088E-1,9.830507355E0,9.858774415E0
1.350457613E1,3.959266663E-1,6.433621216E-1,9.837093658E0,9.866057186E0
1.351460812E1,4.221221924E-1,6.595285034E-1,9.824968872E0,9.856123900E0
1.352463912E1,4.242178345E-1,6.535409546E-1,9.804760895E0,9.835670427E0
1.353467113E1,4.460723877E-1,6.354286194E-1,9.907147980E0,9.937521381E0
1.354470312E1,4.857398987E-1,6.113287354E-1,9.952503662E0,9.983085456E0
1.355473412E1,4.538562012E-1,6.153703308E-1,9.811347198E0,9.841097497E0
1.356476612E1,3.493734741E-1,6.282435608E-1,9.725575562E0,9.752106019E0
1.357479713E1,3.228785706E-1,6.101312256E-1,9.724228363E0,9.748698782E0
1.358482912E1,3.305126953E-1,5.993536377E-1,9.773176575E0,9.797114054E0
1.359486012E1,3.661386108E-1,5.927673340E-1,9.805060272E0,9.829783189E0
1.360489213E1,3.888912964E-1,6.221063232E-1,9.787546692E0,9.815004991E0
1.361492313E1,3.725752258E-1,6.689588928E-1,9.766739960E0,9.796710047E0
1.362495512E1,3.858975220E-1,7.294331360E-1,9.755513306E0,9.790353898E0
1.363498712E1,4.260140991E-1,7.572752380E-1,9.816436615E0,9.854815149E0
1.364501813E1,4.522096252E-1,7.833210754E-1,9.911339264E0,9.952523874E0
1.365505012E1,4.523593140E-1,7.749385071E-1,9.955497437E0,9.995853533E0
1.366508112E1,4.474195862E-1,7.502398682E-1,9.963281250E0,1.000150076E1
1.367511313E1,4.263134766E-1,7.092251587E-1,9.946965179E0,9.981325553E0
1.368514413E1,3.978726196E-1,6.357279968E-1,9.906249847E0,9.934598067E0
1.369517612E1,3.864962769E-1,6.071374512E-1,9.845476227E0,9.871747433E0
1.370520712E1,3.745211792E-1,6.186634827E-1,9.822424164E0,9.849011477E0
1.371523913E1,3.772155762E-1,6.240522766E-1,9.793384552E0,9.820494581E0
1.372527012E1,3.806584167E-1,6.515950012E-1,9.775421906E0,9.804506632E0
1.373530212E1,4.025129700E-1,6.424639893E-1,9.801018677E0,9.830297237E0
1.374533413E1,4.345463562E-1,6.415658569E-1,9.850865021E0,9.881294396E0
1.375536513E1,4.444258118E-1,6.391708374E-1,9.871222687E0,9.901873105E0
1.376539712E1,4.487667847E-1,6.303392029E-1,9.844877472E0,9.875238305E0
1.377542812E1,4.387376404E-1,6.331832886E-1,9.802515564E0,9.832737319E0
1.378546013E1,4.122427368E-1,6.195616150E-1,9.787247314E0,9.815498493E0
1.379549112E1,3.921844482E-1,6.179150391E-1,9.807155914E0,9.834426001E0
1.380552312E1,3.785627747E-1,6.294410706E-1,9.825567627E0,9.852983560E0
1.381555413E1,3.870950317E-1,6.622229004E-1,9.853409729E0,9.883221389E0
1.382558613E1,3.694317627E-1,6.845265198E-1,9.834698639E0,9.865411988E0
1.383561812E1,3.712280273E-1,7.089257812E-1,9.841584320E0,9.874065421E0
1.384564912E1,3.917353821E-1,7.098239136E-1,9.829010468E0,9.862390855E0
1.385568113E1,4.079017639E-1,7.206015015E-1,9.812694397E0,9.847569330E0
1.386571212E1,4.402345276E-1,6.698570251E-1,9.856104126E0,9.888645176E0
1.387574412E1,4.622387695E-1,6.532415771E-1,9.848020935E0,9.880481040E0
1.388577513E1,4.387376404E-1,6.475534058E-1,9.818831635E0,9.849937604E0
1.389580712E1,3.900888062E-1,6.369255066E-1,9.790690155E0,9.819137288E0
1.390583812E1,3.656895447E-1,6.355783081E-1,9.800419922E0,9.827813555E0
1.391587012E1,3.872447205E-1,6.583309937E-1,9.852212219E0,9.881773312E0
1.392590113E1,4.167333984E-1,6.822811890E-1,9.884395294E0,9.916675082E0
1.393593312E1,4.192781067E-1,7.014413452E-1,9.906998291E0,9.940645313E0
1.394596512E1,4.218228149E-1,7.083270264E-1,9.923763428E0,9.957948696E0
1.395599613E1,4.162843323E-1,7.063810730E-1,9.899513855E0,9.933410363E0
1.396602812E1,4.258644104E-1,7.045848083E-1,9.879754944E0,9.913998083E0
1.397605912E1,4.216731262E-1,6.988966370E-1,9.834998016E0,9.868812022E0
1.398609112E1,4.176315308E-1,6.692582703E-1,9.802964630E0,9.834654964E0
1.399612213E1,4.026626587E-1,6.521937561E-1,9.785600739E0,9.815573123E0
1.400615412E1,3.873944092E-1,6.234535217E-1,9.763147430E0,9.790700510E0
1.401618512E1,3.785627747E-1,6.083349609E-1,9.781559143E0,9.807766334E0
1.402621713E1,3.854484558E-1,5.984555054E-1,9.829010468E0,9.854753486E0
1.403624912E1,4.080514526E-1,6.020480347E-1,9.835596771E0,9.862450592E0
1.404628012E1,4.087998962E-1,6.101312256E-1,9.825268250E0,9.852678501E0
1.405631213E1,4.105961609E-1,6.289920044E-1,9.818232880E0,9.846924242E0
1.406634313E1,3.977229309E-1,6.289920044E-1,9.801467743E0,9.829678753E0
1.407637512E1,4.037104797E-1,6.629713440E-1,9.799521790E0,9.830215687E0
1.408640612E1,4.126918030E-1,6.759942627E-1,9.816286926E0,9.848186218E0
1.409643788E1,4.095483398E-1,6.794371033E-1,9.824370117E0,9.856348858E0
1.410646888E1,3.905378723E-1,6.617738342E-1,9.849966888E0,9.879894339E0
1.411650087E1,4.049079895E-1,6.524931335E-1,9.883946228E0,9.913732436E0
1.412653187E1,3.912863159E-1,6.518943787E-1,9.879605255E0,9.908817854E0
1.413656388E1,3.817062378E-1,6.634204102E-1,9.890532532E0,9.920103833E0
1.414659587E1,3.980223083E-1,6.920109558E-1,9.887389069E0,9.919564684E0
1.415662687E1,4.122427368E-1,7.376660156E-1,9.829908600E0,9.866164316E0
1.416665888E1,4.168830872E-1,7.408094788E-1,9.778864746E0,9.815741740E0
1.417668988E1,4.062551880E-1,7.140151978E-1,9.755064240E0,9.789593418E0
1.418672187E1,3.911366272E-1,6.893165588E-1,9.768985291E0,9.801082531E0
1.419675287E1,3.992198181E-1,6.381230164E-1,9.808353424E0,9.837193418E0
1.420678488E1,3.867956543E-1,6.273454285E-1,9.874216461E0,9.901682882E0
1.421681587E1,3.845503235E-1,6.303392029E-1,9.874665527E0,9.902233371E0
1.422684787E1,3.944297791E-1,6.532415771E-1,9.842332764E0,9.871869815E0
1.423687988E1,4.028123474E-1,6.604266357E-1,9.839039612E0,9.869403306E0
1.424691087E1,4.209246826E-1,6.891668701E-1,9.828561401E0,9.861680779E0
1.425694287E1,4.252656555E-1,6.599775696E-1,9.846973114E0,9.878223564E0
1.426697387E1,4.315525818E-1,6.403683472E-1,9.885143738E0,9.915259753E0
1.427700588E1,4.658312988E-1,6.499484253E-1,9.884245605E0,9.916538859E0
1.428703687E1,4.378395081E-1,6.414161682E-1,9.780211945E0,9.810997086E0
1.429706887E1,3.508703613E-1,6.267466736E-1,9.739795990E0,9.766245304E0
1.430709988E1,3.255729675E-1,5.938151550E-1,9.754764862E0,9.778243795E0
1.431713187E1,3.650907898E-1,5.590873718E-1,9.785151672E0,9.807908198E0
1.432716287E1,3.763174438E-1,5.510041809E-1,9.811945953E0,9.834607456E0
1.433719487E1,3.579057312E-1,5.827381897E-1,9.785900116E0,9.809766633E0
1.434722688E1,3.650907898E-1,6.731501770E-1,9.745484161E0,9.775524742E0
1.435725787E1,3.944297791E-1,7.472460938E-1,9.746831360E0,9.783387610E0
1.436728987E1,4.263134766E-1,7.943980408E-1,9.789792023E0,9.831217589E0
1.437732088E1,4.587959290E-1,8.110134888E-1,9.882000275E0,9.925833265E0
1.438735287E1,4.722679138E-1,8.048762512E-1,9.934840393E0,9.978572864E0
1.439738387E1,4.541555786E-1,7.667056274E-1,9.976453857E0,1.001617324E1
1.440741588E1,4.186793518E-1,6.888674927E-1,9.967023468E0,9.999569372E0
1.441744688E1,3.980223083E-1,6.318360901E-1,9.927655334E0,9.955700831E0
1.442747887E1,3.715274048E-1,6.126759338E-1,9.870623932E0,9.896596446E0
1.443751087E1,3.791615295E-1,6.237528992E-1,9.783505096E0,9.810698401E0
1.444754188E1,3.876937866E-1,6.399192810E-1,9.745035095E0,9.773715372E0
1.445757387E1,4.058061218E-1,6.586303711E-1,9.761949921E0,9.792555276E0
1.446760487E1,4.236190796E-1,6.500981140E-1,9.814191284E0,9.844817482E0
1.447763688E1,4.613406372E-1,6.545887756E-1,9.869875488E0,9.902311033E0
1.448766788E1,4.742138672E-1,6.403683472E-1,9.915680237E0,9.947646203E0
1.449769987E1,4.787045288E-1,6.113287354E-1,9.923164673E0,9.953495766E0
1.450773087E1,4.510121155E-1,6.038442993E-1,9.879006500E0,9.907714635E0
1.451776288E1,4.218228149E-1,6.038442993E-1,9.845326538E0,9.872842401E0
1.452779487E1,3.963757324E-1,6.081852722E-1,9.816885681E0,9.843690747E0
1.453782587E1,3.754193115E-1,6.234535217E-1,9.805359650E0,9.832329928E0
1.454785788E1,3.806584167E-1,6.694079590E-1,9.765243073E0,9.795559204E0
1.455788888E1,3.514691162E-1,6.908134460E-1,9.746681671E0,9.777451475E0
1.456792087E1,3.586541748E-1,7.349716187E-1,9.779463501E0,9.813598854E0
1.457795187E1,3.800596619E-1,7.520361328E-1,9.809550934E0,9.845673832E0
1.458798388E1,4.477189636E-1,7.247927856E-1,9.853409729E0,9.890169874E0
1.459801487E1,4.793032837E-1,6.944059753E-1,9.891879730E0,9.927800154E0
1.460804687E1,4.722679138E-1,6.842271423E-1,9.858199768E0,9.893194956E0
1.461807787E1,4.236190796E-1,6.682104492E-1,9.793833618E0,9.825738408E0
1.462810988E1,3.703298950E-1,6.417155457E-1,9.789342957E0,9.817340709E0
1.463814187E1,3.544628906E-1,6.295907593E-1,9.785900116E0,9.812536346E0
1.464817287E1,3.724255371E-1,6.637197876E-1,9.833650818E0,9.863058002E0
1.465820488E1,3.878434753E-1,6.861730957E-1,9.860594788E0,9.892046585E0
1.466823587E1,4.284091187E-1,7.120692444E-1,9.876312103E0,9.911211719E0
1.467826787E1,4.523593140E-1,7.108717346E-1,9.902956696E0,9.938738294E0
1.468829888E1,4.451742554E-1,7.102729797E-1,9.913734283E0,9.949110275E0
1.469833088E1,4.303550720E-1,6.996450806E-1,9.895023193E0,9.929057998E0
1.470836187E1,4.017645264E-1,6.676116943E-1,9.871522064E0,9.902225405E0
1.471839387E1,3.622467041E-1,6.276448059E-1,9.815388794E0,9.842104341E0
1.472842588E1,3.647914124E-1,6.153703308E-1,9.780361633E0,9.806489030E0
1.473845687E1,3.671864319E-1,5.941145325E-1,9.788594513E0,9.813479530E0
1.474848887E1,3.888912964E-1,5.882766724E-1,9.782756653E0,9.808141190E0
1.475851988E1,4.029620361E-1,5.795947266E-1,9.808802490E0,9.834170770E0
1.476855187E1,4.020639038E-1,5.788462830E-1,9.833052063E0,9.858277298E0
1.477858287E1,4.125421143E-1,6.135740662E-1,9.812095642E0,9.839912856E0
1.478861487E1,4.059558105E-1,6.239025879E-1,9.783654785E0,9.811929245E0
1.479864588E1,4.041595459E-1,6.512956238E-1,9.787995758E0,9.817962716E0
1.480867787E1,4.104464722E-1,6.759942627E-1,9.784103851E0,9.816013586E0
1.481870887E1,3.929328918E-1,6.741979980E-1,9.813143463E0,9.844121283E0
1.482874088E1,3.992198181E-1,6.755451965E-1,9.845775604E0,9.876995243E0
1.483877287E1,4.005670166E-1,6.753955078E-1,9.874066772E0,9.905241423E0
1.484880387E1,4.047583008E-1,6.762936401E-1,9.882599030E0,9.913978311E0
1.485883587E1,3.990701294E-1,6.810836792E-1,9.873917084E0,9.905421269E0
1.486886688E1,3.906875610E-1,6.935078430E-1,9.880204010E0,9.912215755E0
1.487889887E1,3.975732422E-1,6.887178040E-1,9.876461792E0,9.908425416E0
1.488892987E1,3.965254211E-1,6.836283875E-1,9.844578094E0,9.876249189E0
1.489896188E1,3.733236694E-1,6.873706055E-1,9.836345215E0,9.867397635E0
1.490899288E1,3.670367432E-1,6.661148071E-1,9.849068756E0,9.878389559E0
1.491902487E1,3.872447205E-1,6.607260132E-1,9.863289185E0,9.892976846E0
1.492905688E1,3.968247986E-1,6.568341064E-1,9.869725800E0,9.899514550E0
1.493908788E1,4.210743713E-1,6.685098267E-1,9.845925293E0,9.877573279E0
1.494911987E1,4.195774841E-1,6.685098267E-1,9.812544708E0,9.844236096E0
1.495915087E1,3.963757324E-1,6.569837952E-1,9.784103851E0,9.814144364E0
1.496918288E1,3.704795837E-1,6.475534058E-1,9.761949921E0,9.790416068E0
1.497921388E1,3.619473267E-1,6.213578796E-1,9.781559143E0,9.807955483E0
1.498924587E1,3.716770935E-1,6.167175293E-1,9.822723541E0,9.849080269E0
1.499927687E1,3.718267822E-1,6.191125488E-1,9.820927277E0,9.847444749E0
1.500930888E1,3.839515686E-1,6.239025879E-1,9.786947937E0,9.814327443E0
1.501934087E1,3.927832031E-1,6.427633667E-1,9.813143463E0,9.842012397E0
1.502937187E1,3.959266663E-1,6.632707214E-1,9.845326538E0,9.875583052E0
1.503940388E1,4.126918030E-1,6.580316162E-1,9.882149963E0,9.912628714E0
1.504943488E1,4.369413757E-1,6.502478027E-1,9.958640900E0,9.989407817E0
1.505946687E1,4.534071350E-1,6.372248840E-1,9.958491211E0,9.989153156E0
1.506949787E1,4.167333984E-1,6.273454285E-1,9.798773346E0,9.827674603E0
1.507952988E1,3.369493103E-1,6.074368286E-1,9.714199219E0,9.739003070E0
1.508956087E1,3.200344849E-1,6.128256226E-1,9.749226379E0,9.773709240E0
1.509959329E1,3.643423462E-1,5.954617310E-1,9.812544708E0,9.837344849E0
1.510962429E1,3.936813354E-1,5.813909912E-1,9.855355682E0,9.880335830E0
1.511965629E1,3.984713745E-1,6.298901367E-1,9.812544708E0,9.840811688E0
1.512968829E1,3.745211792E-1,6.876699829E-1,9.755962372E0,9.787336610E0
1.513971929E1,3.763174438E-1,7.521858215E-1,9.745633850E0,9.781859612E0
1.514975129E1,4.013154602E-1,7.909552002E-1,9.779014435E0,9.819154115E0
1.515978229E1,4.152365112E-1,8.005352783E-1,9.847721558E0,9.888928050E0
1.516981429E1,4.234693909E-1,8.063731384E-1,9.929002533E0,9.970689809E0
1.517984529E1,4.444258118E-1,7.692503357E-1,9.972112885E0,1.001160805E1
1.518987729E1,4.388873291E-1,7.265890503E-1,9.972861328E0,1.000892186E1
1.519990829E1,4.242178345E-1,6.611750793E-1,9.934241638E0,9.965253142E0
1.520994029E1,3.932322693E-1,6.228547668E-1,9.857002258E0,9.884486491E0
1.521997229E1,3.745211792E-1,6.039939880E-1,9.789043579E0,9.814807642E0
1.523000329E1,3.614982605E-1,5.905220032E-1,9.725126495E0,9.749742693E0
1.524003529E1,3.408412170E-1,6.141728210E-1,9.746981049E0,9.772257700E0
1.525006629E1,3.483256531E-1,6.195616150E-1,9.781259766E0,9.807050013E0
1.526009829E1,3.817062378E-1,6.328839111E-1,9.848020935E0,9.875715571E0
1.527012929E1,4.317022705E-1,6.372248840E-1,9.900561676E0,9.930435232E0
1.528016129E1,4.559518433E-1,6.328839111E-1,9.915680237E0,9.946313321E0
1.529019229E1,4.571493530E-1,6.372248840E-1,9.883796539E0,9.914861326E0
1.530022429E1,4.270619202E-1,6.451583862E-1,9.837243347E0,9.867622201E0
1.531025629E1,3.888912964E-1,6.369255066E-1,9.815239105E0,9.843567912E0
1.532028729E1,3.673361206E-1,6.535409546E-1,9.818981323E0,9.847560400E0
1.533031929E1,3.579057312E-1,6.656657410E-1,9.795180817E0,9.824295121E0
1.534035029E1,3.510200500E-1,6.815327454E-1,9.753567352E0,9.783648504E0
1.535038229E1,3.382965088E-1,7.083270264E-1,9.782307587E0,9.813751241E0
1.536041329E1,3.568579102E-1,7.235952759E-1,9.801467743E0,9.834617817E0
1.537044529E1,4.004173279E-1,7.156617737E-1,9.822424164E0,9.856597905E0
1.538047629E1,4.520599365E-1,7.140151978E-1,9.893077240E0,9.929106363E0
1.539050829E1,4.538562012E-1,6.801855469E-1,9.888436890E0,9.922188365E0
1.540054029E1,4.102967834E-1,6.755451965E-1,9.832153931E0,9.863871232E0
1.541057129E1,3.661386108E-1,6.424639893E-1,9.816436615E0,9.844249351E0
1.542060329E1,3.483256531E-1,6.276448059E-1,9.826465759E0,9.852649293E0
1.543063429E1,3.451821899E-1,6.330335999E-1,9.829459534E0,9.855869165E0
1.544066629E1,3.695814514E-1,6.541397095E-1,9.849667511E0,9.878281191E0
1.545069729E1,3.969744873E-1,6.809339905E-1,9.866133270E0,9.897567658E0
1.546072929E1,4.082011414E-1,6.999444580E-1,9.867929535E0,9.901140526E0
1.547076029E1,4.047583008E-1,7.012916565E-1,9.887538757E0,9.920638182E0
1.548079229E1,3.980223083E-1,7.029382324E-1,9.898166656E0,9.931074820E0
1.549082329E1,3.930825806E-1,6.782395935E-1,9.874366150E0,9.905434353E0
1.550085529E1,3.800596619E-1,6.791377258E-1,9.829908600E0,9.860668156E0
1.551088729E1,3.427871704E-1,6.557862854E-1,9.805060272E0,9.832942878E0
1.552091829E1,3.547622681E-1,6.331832886E-1,9.777966614E0,9.804866569E0
1.553095029E1,3.480262756E-1,5.936654663E-1,9.798473969E0,9.822609281E0
1.554098129E1,3.686833191E-1,5.834866333E-1,9.802365875E0,9.826635273E0
1.555101329E1,3.849993896E-1,5.786965942E-1,9.839189301E0,9.863709260E0
1.556104429E1,3.987707520E-1,5.872288513E-1,9.839039612E0,9.864611311E0
1.557107629E1,3.951782227E-1,6.038442993E-1,9.821825409E0,9.848301789E0
1.558110729E1,3.906875610E-1,6.268963623E-1,9.801916809E0,9.829710522E0
1.559113929E1,3.769161987E-1,6.577322388E-1,9.787097626E0,9.816412657E0
1.560117129E1,3.689826965E-1,6.508465576E-1,9.811197510E0,9.839682213E0
1.561120229E1,3.754193115E-1,6.592291260E-1,9.809700623E0,9.838991259E0
1.562123429E1,3.736230469E-1,6.580316162E-1,9.837692413E0,9.866751837E0
1.563126529E1,3.570075989E-1,6.670129395E-1,9.858499146E0,9.887485327E0
1.564129729E1,3.740721130E-1,6.721023560E-1,9.877359924E0,9.907264537E0
1.565132829E1,3.694317627E-1,6.794371033E-1,9.871222687E0,9.901472211E0
1.566136029E1,3.562591553E-1,6.797364807E-1,9.855954437E0,9.885787785E0
1.567139129E1,3.586541748E-1,6.842271423E-1,9.824968872E0,9.855293650E0
1.568142329E1,3.680845642E-1,6.990463257E-1,9.810000000E0,9.841760615E0
1.569145529E1,3.722758484E-1,6.818321228E-1,9.803862762E0,9.834592489E0
1.570148629E1,3.854484558E-1,6.821315002E-1,9.813742218E0,9.844968777E0
1.571151829E1,4.082011414E-1,6.670129395E-1,9.832602997E0,9.863651257E0
1.572154929E1,3.887416077E-1,6.673123169E-1,9.868079224E0,9.898253044E0
1.573158129E1,3.716770935E-1,6.402186584E-1,9.874665527E0,9.902375628E0
1.574161229E1,3.646417236E-1,6.322851562E-1,9.859696655E0,9.886676198E0
1.575164429E1,3.399430847E-1,6.171665955E-1,9.864037628E0,9.889170554E0
1.576167529E1,3.571572876E-1,6.378236389E-1,9.868977356E0,9.896014065E0
1.577170729E1,3.716770935E-1,6.514453125E-1,9.842033386E0,9.870569691E0
1.578173929E1,3.921844482E-1,6.833290100E-1,9.787846069E0,9.819504970E0
1.579177029E1,3.814068604E-1,6.810836792E-1,9.760153656E0,9.791319909E0
1.580180229E1,3.555107117E-1,6.875202942E-1,9.766889648E0,9.797510165E0
1.581183329E1,3.393443298E-1,6.631210327E-1,9.799821167E0,9.828091319E0
1.582186529E1,3.321592712E-1,6.412664795E-1,9.836794281E0,9.863268941E0
1.583189629E1,3.481759644E-1,6.390211487E-1,9.865085449E0,9.891889883E0
1.584192829E1,3.616479492E-1,6.322851562E-1,9.842183075E0,9.869100336E0
1.585195929E1,3.513194275E-1,6.354286194E-1,9.821675720E0,9.848477488E0
1.586199129E1,3.510200500E-1,6.515950012E-1,9.815688171E0,9.843552479E0
1.587202229E1,3.597019958E-1,6.559359741E-1,9.835596771E0,9.864005341E0
1.588205429E1,4.116439819E-1,6.530918884E-1,9.941726074E0,9.971654683E0
1.589208629E1,4.507127380E-1,6.345304871E-1,9.981992340E0,1.001228955E1
1.590211729E1,4.185296631E-1,6.334826660E-1,9.833501129E0,9.862768973E0
1.591214929E1,3.243754578E-1,6.164181519E-1,9.738149414E0,9.763029488E0
1.592218029E1,2.927911377E-1,5.971083069E-1,9.753417664E0,9.776063681E0
1.593221229E1,3.264710999E-1,6.120771790E-1,9.818681946E0,9.843156862E0
1.594224329E1,3.820056152E-1,6.393205261E-1,9.848020935E0,9.876141725E0
1.595227529E1,3.920347595E-1,6.608757019E-1,9.817035370E0,9.847062069E0
1.596230629E1,3.767665100E-1,6.737489319E-1,9.763297119E0,9.793766449E0
1.597233829E1,3.487747192E-1,7.075785828E-1,9.738598480E0,9.770496999E0
1.598237029E1,3.450325012E-1,7.524851990E-1,9.788744202E0,9.823685380E0
1.599240129E1,3.546125793E-1,7.849676514E-1,9.840985565E0,9.878609274E0
1.600243329E1,3.614982605E-1,7.834707642E-1,9.898915100E0,9.936449446E0
1.601246429E1,3.902384949E-1,7.761360168E-1,9.924811249E0,9.962758229E0
1.602249629E1,4.147874451E-1,7.515870667E-1,9.930499420E0,9.967534824E0
1.603252729E1,4.067042542E-1,7.075785828E-1,9.925859070E0,9.959355103E0
1.604255929E1,3.788621521E-1,6.478527832E-1,9.901160431E0,9.929563316E0
1.605259029E1,3.673361206E-1,6.066883850E-1,9.862091675E0,9.887560813E0
1.606262229E1,3.441343689E-1,5.980064392E-1,9.807006226E0,9.831246680E0
1.607265429E1,3.393443298E-1,5.891748047E-1,9.787546692E0,9.811134072E0
1.608268529E1,3.432362366E-1,5.966592407E-1,9.785451050E0,9.809631268E0
1.609271729E1,3.531156921E-1,6.051914978E-1,9.826166382E0,9.851116343E0
1.610274862E1,3.833528137E-1,6.204597473E-1,9.846524048E0,9.873498139E0
1.611278063E1,4.162843323E-1,6.378236389E-1,9.871522064E0,9.900861554E0
1.612281163E1,4.197271729E-1,6.515950012E-1,9.860594788E0,9.891009883E0
1.613284362E1,4.123924255E-1,6.469546509E-1,9.841734009E0,9.871592887E0
1.614287462E1,3.890409851E-1,6.559359741E-1,9.828711090E0,9.858253729E0
1.615290663E1,3.462300110E-1,6.604266357E-1,9.812694397E0,9.840986225E0
1.616293862E1,3.370989990E-1,6.491999817E-1,9.819430389E0,9.846639504E0
1.617296962E1,3.287164307E-1,6.664141846E-1,9.776918793E0,9.805116187E0
1.618300163E1,3.215313721E-1,7.008425903E-1,9.789492645E0,9.819813084E0
1.619303263E1,3.378474426E-1,7.197033691E-1,9.814490662E0,9.846641091E0
1.620306462E1,3.573069763E-1,7.306306458E-1,9.815837860E0,9.849475230E0
1.621309562E1,3.882925415E-1,7.146139526E-1,9.823022919E0,9.856633475E0
1.622312763E1,4.096980286E-1,6.972500610E-1,9.883347473E0,9.916378744E0
1.623315863E1,4.041595459E-1,6.650669861E-1,9.874216461E0,9.904837695E0
1.624319062E1,3.784130859E-1,6.506968689E-1,9.836045837E0,9.864806161E0
1.625322162E1,3.691323853E-1,6.408174133E-1,9.836345215E0,9.864106288E0
1.626325363E1,3.353027344E-1,6.512956238E-1,9.851314087E0,9.878512193E0
1.627328562E1,3.345542908E-1,6.788383484E-1,9.861941986E0,9.890937661E0
1.628331662E1,3.579057312E-1,6.932084656E-1,9.878557434E0,9.909315388E0
1.629334863E1,3.734733582E-1,6.932084656E-1,9.872270508E0,9.903622837E0
1.630337962E1,3.885919189E-1,7.119195557E-1,9.877210236E0,9.910454842E0
1.631341162E1,3.784130859E-1,6.945556641E-1,9.856253815E0,9.887939284E0
1.632344262E1,3.766168213E-1,6.842271423E-1,9.859846344E0,9.890731871E0
1.633347463E1,3.701802063E-1,6.753955078E-1,9.829309845E0,9.859438346E0
1.634350562E1,3.460803223E-1,6.653663635E-1,9.804461517E0,9.833104781E0
1.635353762E1,3.418890381E-1,6.435118103E-1,9.790839844E0,9.817919352E0
1.636356963E1,3.278182983E-1,6.292913818E-1,9.779463501E0,9.805171026E0
1.637360062E1,3.344046021E-1,5.956114197E-1,9.796228638E0,9.820013998E0
1.638363262E1,3.561094666E-1,5.819897461E-1,9.833501129E0,9.857143119E0
1.639366363E1,3.815565491E-1,6.042933655E-1,9.846823425E0,9.872724418E0
1.640369563E1,3.805087280E-1,6.039939880E-1,9.855655060E0,9.881474196E0
1.641372662E1,3.770658875E-1,6.291416931E-1,9.843530273E0,9.870819935E0
1.642375862E1,3.707789612E-1,6.391708374E-1,9.813143463E0,9.840924805E0
1.643378963E1,3.525169373E-1,6.629713440E-1,9.795929260E0,9.824664333E0
1.644382162E1,3.406915283E-1,6.724017334E-1,9.814640350E0,9.843544078E0
1.645385362E1,3.453318787E-1,6.691085815E-1,9.850266266E0,9.879003285E0
1.646388463E1,3.484753418E-1,6.797364807E-1,9.860445099E0,9.889987578E0
1.647391663E1,3.546125793E-1,6.783892822E-1,9.885742493E0,9.915334928E0
1.648394762E1,3.568579102E-1,6.926097107E-1,9.880653076E0,9.911324886E0
1.649397962E1,3.504212952E-1,6.888674927E-1,9.845625916E0,9.875914296E0
1.650401063E1,3.396437073E-1,6.939569092E-1,9.817334747E0,9.847689860E0
1.651404262E1,3.436853027E-1,7.014413452E-1,9.822573853E0,9.853582934E0
1.652407362E1,3.555107117E-1,6.900650024E-1,9.824220428E0,9.854840668E0
1.653410563E1,3.661386108E-1,6.810836792E-1,9.842632141E0,9.872960039E0
1.654413762E1,3.565585327E-1,6.891668701E-1,9.856104126E0,9.886600705E0
1.655416862E1,3.294648743E-1,6.707551575E-1,9.845925293E0,9.874244501E0
1.656420062E1,3.365002441E-1,6.643185425E-1,9.852661285E0,9.880763429E0
1.657423163E1,3.570075989E-1,6.656657410E-1,9.890083466E0,9.918886846E0
1.658426362E1,3.528163147E-1,6.727011108E-1,9.864187317E0,9.893391611E0
1.659429462E1,3.817062378E-1,6.923103333E-1,9.823471985E0,9.855231864E0
1.660432663E1,3.701802063E-1,6.948550415E-1,9.761949921E0,9.793647082E0
1.661435763E1,3.550616455E-1,6.905140686E-1,9.739795990E0,9.770696207E0
1.662438962E1,3.667373657E-1,6.843768311E-1,9.755513306E0,9.786363359E0
1.663442162E1,3.478765869E-1,6.724017334E-1,9.813891907E0,9.843049150E0
1.664445263E1,3.463796997E-1,6.297404480E-1,9.869875488E0,9.896008998E0
1.665448462E1,3.492237854E-1,6.267466736E-1,9.863139496E0,9.889200643E0
1.666451562E1,3.412902832E-1,6.170169067E-1,9.821825409E0,9.847103294E0
1.667454763E1,3.336561584E-1,6.122268677E-1,9.775870972E0,9.800704129E0
1.668457863E1,3.312611389E-1,6.307882690E-1,9.822573853E0,9.848379809E0
1.669461062E1,3.740721130E-1,6.465055847E-1,9.955048370E0,9.983029975E0
1.670464162E1,4.309538269E-1,6.550378418E-1,1.005818390E1,1.008869958E1
1.671467363E1,4.314028931E-1,6.655160522E-1,9.933343506E0,9.964955257E0
1.672470562E1,3.472778320E-1,6.515950012E-1,9.782906342E0,9.810730576E0
1.673473662E1,2.745291138E-1,6.480024719E-1,9.761800232E0,9.787135291E0
1.674476863E1,2.866539001E-1,6.478527832E-1,9.773625641E0,9.799267414E0
1.675479963E1,3.534150696E-1,6.730004883E-1,9.814640350E0,9.844033578E0
1.676483162E1,3.927832031E-1,6.773414612E-1,9.783654785E0,9.814936121E0
1.677486262E1,3.921844482E-1,6.906637573E-1,9.744286652E0,9.776602038E0
1.678489463E1,3.420387268E-1,7.023394775E-1,9.740694122E0,9.771969772E0
1.679492562E1,3.315605164E-1,7.382647705E-1,9.796677704E0,9.830048895E0
1.680495762E1,3.213816833E-1,7.647596741E-1,9.875563660E0,9.910343139E0
1.681498863E1,3.415896606E-1,7.818241882E-1,9.926607513E0,9.963205773E0
1.682502062E1,3.805087280E-1,7.911048889E-1,9.939031677E0,9.977724416E0
1.683505262E1,4.052073669E-1,7.777825928E-1,9.924960938E0,9.963633292E0
1.684508362E1,4.215234375E-1,7.563771057E-1,9.896370392E0,9.934180151E0
1.685511563E1,4.093986511E-1,7.238946533E-1,9.866432648E0,9.901420298E0
1.686514662E1,3.893403625E-1,6.840774536E-1,9.848919067E0,9.880321588E0
1.687517862E1,3.583547974E-1,6.486012268E-1,9.820627899E0,9.848544768E0
1.688520963E1,3.311114502E-1,6.210585022E-1,9.786349182E0,9.811624675E0
1.689524162E1,3.037184143E-1,6.033952332E-1,9.774972839E0,9.798286824E0
1.690527262E1,3.146456909E-1,5.987548828E-1,9.790390778E0,9.813728185E0
1.691530462E1,3.210823059E-1,6.075865173E-1,9.808054047E0,9.832099440E0
1.692533663E1,3.574566650E-1,6.225553894E-1,9.845476227E0,9.871613476E0
1.693536762E1,3.779640198E-1,6.442602539E-1,9.853260040E0,9.881531334E0
1.694539962E1,4.074526978E-1,6.640191650E-1,9.858349457E0,9.889084546E0
1.695543063E1,3.968247986E-1,6.789880371E-1,9.810449066E0,9.841920826E0
1.696546262E1,3.607498169E-1,7.038363647E-1,9.807904358E0,9.839741559E0
1.697549362E1,3.408412170E-1,7.017407227E-1,9.817035370E0,9.847984374E0
1.698552563E1,3.165916443E-1,7.216493225E-1,9.812993774E0,9.844585051E0
1.699555663E1,3.115022278E-1,7.396119690E-1,9.798923035E0,9.831731899E0
1.700558862E1,3.062631226E-1,7.461982727E-1,9.799970856E0,9.833109261E0
1.701562062E1,3.180885315E-1,7.509883118E-1,9.824220428E0,9.858015560E0
1.702565163E1,3.465293884E-1,7.345225525E-1,9.822424164E0,9.855943509E0
1.703568362E1,3.912863159E-1,7.176077271E-1,9.864187317E0,9.897992587E0
1.704571462E1,4.061054993E-1,7.092251587E-1,9.890083466E0,9.923793275E0
1.705574663E1,3.980223083E-1,6.999444580E-1,9.863289185E0,9.896101128E0
1.706577763E1,3.893403625E-1,6.903643799E-1,9.846673737E0,9.878520768E0
1.707580962E1,3.785627747E-1,7.008425903E-1,9.831255798E0,9.863472040E0
1.708584062E1,3.718267822E-1,7.056326294E-1,9.848619690E0,9.880864454E0
1.709587263E1,3.731739807E-1,7.162605286E-1,9.883048096E0,9.915993527E0
1.710590492E1,3.715274048E-1,7.144642639E-1,9.876611481E0,9.909386769E0
1.711593592E1,3.773652649E-1,7.135661316E-1,9.877659302E0,9.910586988E0
1.712596792E1,3.610491943E-1,7.274871826E-1,9.864786072E0,9.898161363E0
1.713599892E1,3.583547974E-1,7.195536804E-1,9.843530273E0,9.876298087E0
1.714603092E1,3.552113342E-1,7.098239136E-1,9.835896149E0,9.867871003E0
1.715606192E1,3.553610229E-1,7.084767151E-1,9.806856537E0,9.838834069E0
1.716609392E1,3.441343689E-1,6.818321228E-1,9.784103851E0,9.813868334E0
1.717612492E1,3.379971313E-1,6.709048462E-1,9.791737976E0,9.820513630E0
1.718615692E1,3.415896606E-1,6.427633667E-1,9.796078949E0,9.823084598E0
1.719618892E1,3.586541748E-1,6.325845337E-1,9.831405487E0,9.858262010E0
1.720621992E1,3.571572876E-1,6.298901367E-1,9.833201752E0,9.859826550E0
1.721625192E1,3.721261597E-1,6.252497864E-1,9.827214203E0,9.854113566E0
1.722628292E1,3.613485718E-1,6.509962463E-1,9.807904358E0,9.836125091E0
1.723631492E1,3.613485718E-1,6.798861694E-1,9.793683929E0,9.823902631E0
1.724634592E1,3.460803223E-1,7.098239136E-1,9.798773346E0,9.830543254E0
1.725637792E1,3.405418396E-1,7.042854309E-1,9.819879456E0,9.850990774E0
1.726640892E1,3.418890381E-1,7.095245361E-1,9.842033386E0,9.873496562E0
1.727644092E1,3.324586487E-1,7.060816956E-1,9.858948212E0,9.889789682E0
1.728647292E1,3.363505554E-1,7.277865601E-1,9.858798523E0,9.891345373E0
1.729650392E1,3.372486877E-1,7.309300232E-1,9.852511597E0,9.885341680E0
1.730653592E1,3.378474426E-1,7.244934082E-1,9.820328522E0,9.852810963E0
1.731656692E1,3.519181824E-1,7.318281555E-1,9.853559418E0,9.886963743E0
1.732659892E1,3.475772095E-1,7.176077271E-1,9.843380585E0,9.875622112E0
1.733662992E1,3.502716064E-1,7.291337585E-1,9.827812958E0,9.861046282E0
1.734666192E1,3.447331238E-1,7.170089722E-1,9.831704865E0,9.863841206E0
1.735669292E1,3.297642517E-1,6.971003723E-1,9.830657043E0,9.860857534E0
1.736672492E1,3.372486877E-1,6.948550415E-1,9.858948212E0,9.889156690E0
1.737675692E1,3.613485718E-1,6.881190491E-1,9.883497162E0,9.914010125E0
1.738678792E1,3.764671326E-1,6.981481934E-1,9.870025177E0,9.901845050E0
1.739681992E1,3.848497009E-1,7.090754700E-1,9.815239105E0,9.848340774E0
1.740685092E1,3.635939026E-1,7.179071045E-1,9.775721283E0,9.808787781E0
1.741688292E1,3.321592712E-1,6.997947693E-1,9.758656769E0,9.789352605E0
1.742691392E1,3.396437073E-1,6.923103333E-1,9.788145447E0,9.818474562E0
1.743694592E1,3.445834351E-1,6.732998657E-1,9.810748444E0,9.839860542E0
1.744697692E1,3.538641357E-1,6.614744568E-1,9.826166382E0,9.854760984E0
1.745700892E1,3.357518005E-1,6.649172974E-1,9.797575836E0,9.825850424E0
1.746704092E1,3.326083374E-1,6.551875305E-1,9.755064240E0,9.782697855E0
1.747707192E1,3.382965088E-1,6.584806824E-1,9.828411713E0,9.856252743E0
1.748710392E1,3.785627747E-1,6.631210327E-1,9.985884247E0,1.001503487E1
1.749713492E1,4.308041382E-1,6.972500610E-1,1.010279114E1,1.013598237E1
1.750716692E1,4.352947998E-1,7.206015015E-1,9.975406036E0,1.001086778E1
1.751719792E1,3.525169373E-1,7.057823181E-1,9.766590271E0,9.798402033E0
1.752722992E1,2.730322266E-1,6.945556641E-1,9.667196960E0,9.695960563E0
1.753726092E1,2.604583740E-1,7.003935242E-1,9.705367584E0,9.734092130E0
1.754729292E1,3.016227722E-1,7.048841858E-1,9.785001984E0,9.814993726E0
1.755732492E1,3.519181824E-1,6.975494385E-1,9.853709106E0,9.884634782E0
1.756735592E1,3.697311401E-1,6.825805664E-1,9.825417938E0,9.856036476E0
1.757738792E1,3.480262756E-1,6.764433289E-1,9.782008209E0,9.811543328E0
1.758741892E1,3.266207886E-1,6.866221619E-1,9.773775330E0,9.803306347E0
1.759745092E1,3.153941345E-1,7.128176880E-1,9.810449066E0,9.841366439E0
1.760748192E1,3.206332397E-1,7.463479614E-1,9.854756927E0,9.888178551E0
1.761751392E1,3.409909058E-1,7.923023987E-1,9.902058563E0,9.939556413E0
1.762754492E1,3.682342529E-1,8.119116211E-1,9.906848602E0,9.946881229E0
1.763757692E1,3.890409851E-1,8.069718933E-1,9.909393311E0,9.949805642E0
1.764760892E1,3.987707520E-1,7.837701416E-1,9.882149963E0,9.921199607E0
1.765763992E1,4.046086121E-1,7.381150818E-1,9.857002258E0,9.892877009E0
1.766767192E1,3.658392334E-1,7.009922791E-1,9.835447083E0,9.867180339E0
1.767770292E1,3.359014893E-1,6.589297485E-1,9.795330505E0,9.823213218E0
1.768773492E1,3.106040955E-1,6.224057007E-1,9.778116302E0,9.802827255E0
1.769776592E1,2.890489197E-1,6.059399414E-1,9.781559143E0,9.804570963E0
1.770779792E1,2.794688416E-1,6.099815369E-1,9.783804474E0,9.806783891E0
1.771782892E1,3.008743286E-1,6.101312256E-1,9.818532257E0,9.842070979E0
1.772786092E1,3.288661194E-1,6.183641052E-1,9.834249573E0,9.859157761E0
1.773789292E1,3.613485718E-1,6.503974915E-1,9.855505371E0,9.883550769E0
1.774792392E1,3.826043701E-1,6.704557800E-1,9.846524048E0,9.876736955E0
1.775795592E1,3.802093506E-1,6.849755859E-1,9.846673737E0,9.877789954E0
1.776798692E1,3.534150696E-1,6.972500610E-1,9.845925293E0,9.876907650E0
1.777801892E1,3.445834351E-1,7.143145752E-1,9.849817200E0,9.881694284E0
1.778804992E1,3.219804382E-1,7.279362488E-1,9.795330505E0,9.827617325E0
1.779808192E1,2.891986084E-1,7.412585449E-1,9.787397003E0,9.819686358E0
1.780811292E1,2.835104370E-1,7.542814636E-1,9.812844086E0,9.845873640E0
1.781814492E1,3.107537842E-1,7.493417358E-1,9.784253540E0,9.817825538E0
1.782817692E1,3.445834351E-1,7.378157043E-1,9.822723541E0,9.856419610E0
1.783820792E1,3.546125793E-1,7.430548096E-1,9.861193542E0,9.895504970E0
1.784823992E1,3.571572876E-1,7.108717346E-1,9.850865021E0,9.882936892E0
1.785827092E1,3.649411011E-1,6.897656250E-1,9.855355682E0,9.886202216E0
1.786830292E1,3.493734741E-1,6.976991272E-1,9.842482452E0,9.873363496E0
1.787833392E1,3.329077148E-1,7.008425903E-1,9.855804749E0,9.886298353E0
1.788836592E1,3.305126953E-1,6.938072205E-1,9.880353699E0,9.910196583E0
1.789839692E1,3.327580261E-1,7.045848083E-1,9.881850586E0,9.912524333E0
1.790842892E1,3.427871704E-1,6.959028625E-1,9.875413971E0,9.905835903E0
1.791846092E1,3.489244080E-1,6.982978821E-1,9.849068756E0,9.879955644E0
1.792849192E1,3.429368591E-1,7.209008789E-1,9.860594788E0,9.892857693E0
1.793852392E1,3.357518005E-1,7.123686218E-1,9.848470001E0,9.879906866E0
1.794855492E1,3.314108276E-1,7.026388550E-1,9.827214203E0,9.857873680E0
1.795858692E1,3.439846802E-1,6.926097107E-1,9.790839844E0,9.821332828E0
1.796861792E1,3.150947571E-1,6.725514221E-1,9.783355408E0,9.811506161E0
1.797864992E1,3.091072083E-1,6.529421997E-1,9.783056030E0,9.809692456E0
1.798868092E1,3.103047180E-1,6.435118103E-1,9.801018677E0,9.827022111E0
1.799871292E1,3.270698547E-1,6.397695923E-1,9.825118561E0,9.851356991E0
1.800874492E1,3.432362366E-1,6.408174133E-1,9.833650818E0,9.860484089E0
1.801877592E1,3.487747192E-1,6.448590088E-1,9.816735992E0,9.844073978E0
1.802880792E1,3.448828125E-1,6.644682312E-1,9.810898132E0,9.839419919E0
1.803883892E1,3.326083374E-1,6.807843018E-1,9.811347198E0,9.840560422E0
1.804887092E1,3.203338623E-1,6.982978821E-1,9.816137238E0,9.846155797E0
1.805890192E1,3.242257690E-1,6.996450806E-1,9.820029144E0,9.850258777E0
1.806893392E1,3.186872864E-1,7.074288940E-1,9.834548950E0,9.865108731E0
1.807896492E1,3.242257690E-1,6.973997498E-1,9.842482452E0,9.872484469E0
1.808899692E1,3.212319946E-1,7.020401001E-1,9.836345215E0,9.866597057E0
1.809902892E1,3.251239014E-1,7.168592834E-1,9.851463776E0,9.882860482E0
1.810905925E1,3.285667419E-1,7.114704895E-1,9.853709106E0,9.884823191E0
1.811909125E1,3.177891541E-1,7.170089722E-1,9.834548950E0,9.865771377E0
1.812912225E1,3.032693481E-1,7.000941467E-1,9.824968872E0,9.854548059E0
1.813915425E1,2.945874023E-1,7.090754700E-1,9.824669495E0,9.854628376E0
1.814918525E1,3.077600098E-1,7.213499451E-1,9.857601013E0,9.888749147E0
1.815921725E1,3.287164307E-1,7.244934082E-1,9.859996033E0,9.892040586E0
1.816924825E1,3.492237854E-1,7.306306458E-1,9.848769379E0,9.882005701E0
1.817928025E1,3.632945251E-1,7.418572998E-1,9.829309845E0,9.863957988E0
1.818931225E1,3.474275208E-1,7.238946533E-1,9.803114319E0,9.835943254E0
1.819934325E1,3.272195435E-1,6.914122009E-1,9.796528015E0,9.826346453E0
1.820937525E1,3.179388428E-1,6.694079590E-1,9.822873230E0,9.850788325E0
1.821940625E1,3.026705933E-1,6.643185425E-1,9.851613464E0,9.878624219E0
1.822943825E1,3.109034729E-1,6.589297485E-1,9.808952179E0,9.835974392E0
1.823946925E1,3.168910217E-1,6.520440674E-1,9.722132721E0,9.749125398E0
1.824950125E1,3.185375977E-1,6.477030945E-1,9.760902100E0,9.787553080E0
1.825953225E1,3.267704773E-1,6.712042236E-1,9.916278992E0,9.944339249E0
1.826956425E1,3.918850708E-1,6.834786987E-1,1.007734406E1,1.010809479E1
1.827959625E1,4.240681458E-1,6.979985046E-1,1.005908203E1,1.009218346E1
1.828962725E1,3.836521912E-1,6.966513062E-1,9.873318329E0,9.905297919E0
1.829965925E1,2.857557678E-1,6.839277649E-1,9.718839569E0,9.747063974E0
1.830969025E1,2.486329651E-1,6.872209167E-1,9.682614899E0,9.710155623E0
1.831972225E1,2.571652222E-1,6.813830566E-1,9.751471710E0,9.778630647E0
1.832975325E1,3.156935120E-1,6.960525513E-1,9.821226654E0,9.850920999E0
1.833978525E1,3.632945251E-1,6.972500610E-1,9.832602997E0,9.863986124E0
1.834981625E1,3.634442139E-1,6.846762085E-1,9.803713074E0,9.834310512E0
1.835984825E1,3.399430847E-1,7.030879211E-1,9.798024902E0,9.829098937E0
1.836988025E1,3.092568970E-1,7.171586609E-1,9.817634125E0,9.848649460E0
1.837991125E1,3.155438232E-1,7.505392456E-1,9.865085449E0,9.898625560E0
1.838994325E1,3.001258850E-1,7.951464844E-1,9.886041870E0,9.922507613E0
1.839997425E1,3.121009827E-1,8.116122437E-1,9.873168640E0,9.911386404E0
1.841000625E1,3.303630066E-1,8.114625549E-1,9.874964905E0,9.913755245E0
1.842003725E1,3.647914124E-1,8.021818542E-1,9.872719574E0,9.911970555E0
1.843006925E1,3.851490784E-1,7.661068726E-1,9.873617706E0,9.910781309E0
1.844010025E1,3.869453430E-1,7.243437195E-1,9.847571869E0,9.881754512E0
1.845013225E1,3.586541748E-1,6.867718506E-1,9.851314087E0,9.881734546E0
1.846016425E1,3.213816833E-1,6.554869080E-1,9.825567627E0,9.852650834E0
1.847019525E1,2.957849121E-1,6.379733276E-1,9.801467743E0,9.826661111E0
1.848022725E1,2.730322266E-1,6.336323547E-1,9.783355408E0,9.807654133E0
1.849025825E1,2.703378296E-1,6.361770630E-1,9.786349182E0,9.810730560E0
1.850029025E1,3.056643677E-1,6.387217712E-1,9.824968872E0,9.850452251E0
1.851032125E1,3.365002441E-1,6.514453125E-1,9.841284943E0,9.868561330E0
1.852035325E1,3.704795837E-1,6.727011108E-1,9.847871246E0,9.877770497E0
1.853038425E1,3.841012573E-1,6.894662476E-1,9.839039612E0,9.870643240E0
1.854041625E1,3.611988831E-1,6.978488159E-1,9.846973114E0,9.878276019E0
1.855044825E1,3.311114502E-1,7.201524353E-1,9.829160156E0,9.861067067E0
1.856047925E1,3.100053406E-1,7.283853149E-1,9.801318054E0,9.833233653E0
1.857051125E1,2.847079468E-1,7.500901794E-1,9.775571594E0,9.808439931E0
1.858054225E1,2.589614868E-1,7.707472229E-1,9.793683929E0,9.827377943E0
1.859057425E1,2.591111755E-1,7.726931763E-1,9.794582062E0,9.828429738E0
1.860060525E1,3.061134338E-1,7.705975342E-1,9.801318054E0,9.836328664E0
1.861063725E1,3.465293884E-1,7.424560547E-1,9.868079224E0,9.902035709E0
1.862066825E1,3.683839417E-1,7.316784668E-1,9.884994049E0,9.918879345E0
1.863070025E1,3.650907898E-1,7.083270264E-1,9.878407745E0,9.910497366E0
1.864073225E1,3.508703613E-1,6.921606445E-1,9.858948212E0,9.889441653E0
1.865076325E1,3.359014893E-1,7.008425903E-1,9.845176849E0,9.875804643E0
1.866079525E1,3.150947571E-1,7.229965210E-1,9.861043854E0,9.892532262E0
1.867082625E1,3.153941345E-1,7.176077271E-1,9.872719574E0,9.903788472E0
1.868085825E1,3.161425781E-1,7.273374939E-1,9.865684204E0,9.897509322E0
1.869088925E1,3.347039795E-1,7.420069885E-1,9.839937744E0,9.873549308E0
1.870092125E1,3.350033569E-1,7.327262878E-1,9.857601013E0,9.890470808E0
1.871095225E1,3.477268982E-1,7.426057434E-1,9.860594788E0,9.894630203E0
1.872098425E1,3.496728516E-1,7.355703735E-1,9.854906616E0,9.888504401E0
1.873101625E1,3.332070923E-1,7.243437195E-1,9.829908600E0,9.862190622E0
1.874104725E1,3.281176758E-1,7.220983887E-1,9.789193268E0,9.821272429E0
1.875107925E1,3.106040955E-1,6.891668701E-1,9.771529999E0,9.800725708E0
1.876111025E1,3.118016052E-1,6.828799438E-1,9.796528015E0,9.825248415E0
1.877114225E1,3.186872864E-1,6.774911499E-1,9.818831635E0,9.847335199E0
1.878117325E1,3.270698547E-1,6.750961304E-1,9.838291168E0,9.866848665E0
1.879120525E1,3.186872864E-1,6.798861694E-1,9.830058289E0,9.858694272E0
1.880123625E1,3.338058472E-1,6.718029785E-1,9.818681946E0,9.847297129E0
1.881126825E1,3.339555359E-1,6.753955078E-1,9.811646576E0,9.840533213E0
1.882130025E1,3.260220337E-1,6.963519287E-1,9.810598755E0,9.840683122E0
1.883133125E1,3.224295044E-1,7.069798279E-1,9.831704865E0,9.862362892E0
1.884136325E1,3.210823059E-1,7.191046143E-1,9.836794281E0,9.868268694E0
1.885139425E1,3.023712158E-1,7.369175720E-1,9.851164398E0,9.883315024E0
1.886142625E1,3.073109436E-1,7.429051208E-1,9.852062531E0,9.884810779E0
1.887145725E1,3.107537842E-1,7.424560547E-1,9.857601013E0,9.890404776E0
1.888148925E1,3.052153015E-1,7.450007629E-1,9.846524048E0,9.879383500E0
1.889152025E1,3.008743286E-1,7.545808411E-1,9.819280701E0,9.852826553E0
1.890155225E1,3.088078308E-1,7.240443420E-1,9.821376343E0,9.852869417E0
1.891158425E1,2.987786865E-1,7.343728638E-1,9.833201752E0,9.865111702E0
1.892161525E1,3.131488037E-1,7.183561707E-1,9.845176849E0,9.876315353E0
1.893164725E1,3.135978699E-1,7.039860535E-1,9.821825409E0,9.852014736E0
1.894167825E1,3.092568970E-1,7.060816956E-1,9.827513580E0,9.857698228E0
1.895171025E1,3.064128113E-1,6.845265198E-1,9.840686188E0,9.869223374E0
1.896174125E1,3.221301270E-1,7.066804504E-1,9.862540741E0,9.893072068E0
1.897177325E1,3.385958862E-1,7.201524353E-1,9.893526306E0,9.925478803E0
1.898180425E1,3.517684937E-1,7.442523193E-1,9.853260040E0,9.887587472E0
1.899183625E1,3.424877930E-1,7.713459778E-1,9.799521790E0,9.835796857E0
1.900186825E1,3.129991150E-1,7.517367554E-1,9.768835602E0,9.802715216E0
1.901189925E1,3.002755737E-1,7.238946533E-1,9.761051788E0,9.792462454E0
1.902193125E1,2.911445618E-1,7.014413452E-1,9.786498871E0,9.815923047E0
1.903196225E1,2.908451843E-1,6.935078430E-1,9.838141479E0,9.866842039E0
1.904199425E1,3.070115662E-1,6.929090881E-1,9.823471985E0,9.852663647E0
1.905202525E1,2.939886475E-1,6.828799438E-1,9.749076691E0,9.777384654E0
1.906205725E1,2.863545227E-1,6.652166748E-1,9.809401245E0,9.836100087E0
1.907208825E1,3.378474426E-1,6.836283875E-1,9.943073273E0,9.972271295E0
1.908212025E1,3.864962769E-1,7.068301392E-1,1.006761429E1,1.009979434E1
1.909215225E1,4.222718811E-1,7.309300232E-1,9.991572418E0,1.002716768E1
1.910218367E1,3.499722290E-1,7.286846924E-1,9.792785797E0,9.826093609E0
1.911221567E1,2.475851440E-1,7.303312683E-1,9.669591980E0,9.700293358E0
1.912224667E1,2.207908630E-1,7.117698669E-1,9.694290619E0,9.722892345E0
1.913227867E1,2.622546387E-1,6.971003723E-1,9.788744202E0,9.817038223E0
1.914230967E1,3.170407104E-1,7.045848083E-1,9.849817200E0,9.880073554E0
1.915234167E1,3.629951477E-1,6.929090881E-1,9.850415955E0,9.881426160E0
1.916237267E1,3.441343689E-1,6.867718506E-1,9.822274475E0,9.852266739E0
1.917240467E1,3.285667419E-1,7.183561707E-1,9.817933502E0,9.849660397E0
1.918243667E1,3.094065857E-1,7.372169495E-1,9.818981323E0,9.851477833E0
1.919246767E1,3.059637451E-1,7.743397522E-1,9.838291168E0,9.873458815E0
1.920249967E1,3.001258850E-1,7.969427490E-1,9.873318329E0,9.909975182E0
1.921253067E1,2.999761963E-1,8.202941895E-1,9.859996033E0,9.898605459E0
1.922256267E1,3.029699707E-1,8.279283142E-1,9.869875488E0,9.909172430E0
1.923259367E1,3.365002441E-1,8.337661743E-1,9.877060547E0,9.917899147E0
1.924262567E1,3.432362366E-1,7.937992859E-1,9.861043854E0,9.898894600E0
1.925265667E1,3.339555359E-1,7.544311523E-1,9.848919067E0,9.883415374E0
1.926268867E1,3.351530457E-1,7.066804504E-1,9.832752686E0,9.863810126E0
1.927272067E1,3.147953796E-1,6.833290100E-1,9.821376343E0,9.850150655E0
1.928275167E1,2.923420715E-1,6.592291260E-1,9.800719299E0,9.827214545E0
1.929278367E1,2.646496582E-1,6.472540283E-1,9.793384552E0,9.818317483E0
1.930281467E1,2.694396973E-1,6.474037170E-1,9.814490662E0,9.839509961E0
1.931284667E1,2.737806702E-1,6.475534058E-1,9.837093658E0,9.862184997E0
1.932287767E1,3.097059631E-1,6.670129395E-1,9.846673737E0,9.874097818E0
1.933290967E1,3.388952637E-1,6.842271423E-1,9.840985565E0,9.870562987E0
1.934294167E1,3.447331238E-1,6.936575317E-1,9.842482452E0,9.872915604E0
1.935297267E1,3.365002441E-1,7.147636414E-1,9.836345215E0,9.868019389E0
1.936300467E1,3.336561584E-1,7.303312683E-1,9.855205994E0,9.887861011E0
1.937303567E1,3.185375977E-1,7.488926697E-1,9.804611206E0,9.838328483E0
1.938306767E1,2.725831604E-1,7.673043823E-1,9.789941711E0,9.823747569E0
1.939309867E1,2.336640930E-1,7.821235657E-1,9.798024902E0,9.831968682E0
1.940313067E1,2.339634705E-1,7.830216980E-1,9.760153656E0,9.794307595E0
1.941316167E1,2.805166626E-1,7.711962891E-1,9.827214203E0,9.861418372E0
1.942319367E1,3.324586487E-1,7.414082336E-1,9.885892181E0,9.919227749E0
1.943322567E1,3.490740967E-1,7.188052368E-1,9.885592804E0,9.917836396E0
1.944325667E1,3.430865479E-1,7.093748474E-1,9.857900391E0,9.889343819E0
1.945328867E1,3.269201660E-1,6.918612671E-1,9.827812958E0,9.857558336E0
1.946331967E1,3.089575195E-1,7.005432129E-1,9.827962646E0,9.857741391E0
1.947335167E1,2.933898926E-1,7.149133301E-1,9.848769379E0,9.879040286E0
1.948338267E1,2.974314880E-1,7.226971436E-1,9.884095917E0,9.914943709E0
1.949341467E1,3.016227722E-1,7.376660156E-1,9.873018951E0,9.905131532E0
1.950344567E1,2.951861572E-1,7.445516968E-1,9.855505371E0,9.887996674E0
1.951347767E1,3.091072083E-1,7.469467163E-1,9.862241364E0,9.895316133E0
1.952350967E1,3.135978699E-1,7.304809570E-1,9.854607239E0,9.886618729E0
1.953354067E1,3.152444458E-1,7.188052368E-1,9.835746460E0,9.867014161E0
1.954357267E1,3.070115662E-1,7.126679993E-1,9.820478210E0,9.851088471E0
1.955360367E1,3.161425781E-1,6.854246521E-1,9.807006226E0,9.836011600E0
1.956363567E1,2.969824219E-1,6.807843018E-1,9.787696381E0,9.815837522E0
1.957366667E1,2.824626160E-1,6.730004883E-1,9.789342957E0,9.816514163E0
1.958369867E1,2.769241333E-1,6.652166748E-1,9.811347198E0,9.837770787E0
1.959372967E1,2.725831604E-1,6.870712280E-1,9.821226654E0,9.849003068E0
1.960376167E1,2.857557678E-1,6.704557800E-1,9.829010468E0,9.855993815E0
1.961379367E1,2.972817993E-1,6.704557800E-1,9.807006226E0,9.834391620E0
1.962382467E1,2.993774414E-1,6.873706055E-1,9.795629883E0,9.824279617E0
1.963385667E1,2.900967407E-1,6.891668701E-1,9.791438599E0,9.819947908E0
1.964388767E1,2.884501648E-1,6.906637573E-1,9.822274475E0,9.850751027E0
1.965391967E1,2.850073242E-1,6.807843018E-1,9.852062531E0,9.879667633E0
1.966395067E1,2.770738220E-1,7.045848083E-1,9.871522064E0,9.900512993E0
1.967398267E1,2.703378296E-1,6.876699829E-1,9.885443115E0,9.913019627E0
1.968401367E1,2.583627319E-1,7.158114624E-1,9.862840118E0,9.892156112E0
1.969404567E1,2.674937439E-1,7.243437195E-1,9.877359924E0,9.907495435E0
1.970407767E1,2.727328491E-1,7.170089722E-1,9.867630157E0,9.897404205E0
1.971410867E1,2.621049500E-1,7.120692444E-1,9.844727783E0,9.873925599E0
1.972414067E1,2.573149109E-1,7.206015015E-1,9.821076965E0,9.850839063E0
1.973417167E1,2.478845215E-1,7.060816956E-1,9.791887665E0,9.820441036E0
1.974420367E1,2.493814087E-1,6.941065979E-1,9.812245331E0,9.839925482E0
1.975423467E1,2.707868958E-1,7.072792053E-1,9.872120819E0,9.901128162E0
1.976426667E1,3.049159241E-1,7.093748474E-1,9.891879730E0,9.921969109E0
1.977429867E1,3.269201660E-1,7.309300232E-1,9.870773621E0,9.903196825E0
1.978432967E1,3.396437073E-1,7.286846924E-1,9.827812958E0,9.860641296E0
1.979436167E1,2.959346008E-1,7.210505676E-1,9.800419922E0,9.831364191E0
1.980439267E1,2.679428101E-1,6.914122009E-1,9.775721283E0,9.803803894E0
1.981442467E1,2.644999695E-1,6.713539124E-1,9.790989532E0,9.817543091E0
1.982445567E1,2.454895020E-1,6.459068298E-1,9.840386810E0,9.864617241E0
1.983448767E1,2.664459229E-1,6.372248840E-1,9.796528015E0,9.820845693E0
1.984451867E1,2.555186462E-1,6.385720825E-1,9.743687897E0,9.767933144E0
1.985455067E1,2.667453003E-1,6.462062073E-1,9.837243347E0,9.862053143E0
1.986458267E1,3.052153015E-1,6.508465576E-1,9.988279266E0,1.001411406E1
1.987461367E1,3.583547974E-1,6.792874146E-1,1.009306137E1,1.012223974E1
1.988464567E1,3.689826965E-1,6.994953918E-1,9.973759460E0,1.000506471E1
1.989467667E1,2.905458069E-1,6.914122009E-1,9.778715057E0,9.807432685E0
1.990470867E1,1.959425354E-1,7.009922791E-1,9.659263458E0,9.686648244E0
1.991473967E1,1.748364258E-1,6.885681152E-1,9.679471436E0,9.705506741E0
1.992477167E1,2.266287231E-1,6.908134460E-1,9.771230621E0,9.798241253E0
1.993480267E1,3.094065857E-1,6.791377258E-1,9.825567627E0,9.853869274E0
1.994483467E1,3.381468201E-1,6.753955078E-1,9.842482452E0,9.871421538E0
1.995486667E1,3.249742126E-1,6.676116943E-1,9.840237122E0,9.868210589E0
1.996489767E1,3.007246399E-1,6.730004883E-1,9.823921051E0,9.851537432E0
1.997492967E1,2.754272461E-1,6.953041077E-1,9.837991791E0,9.866376764E0
1.998496067E1,2.609074402E-1,7.472460938E-1,9.856852570E0,9.888578866E0
1.999499267E1,2.549198914E-1,7.809260559E-1,9.865833893E0,9.899975154E0
2.000502367E1,2.588117981E-1,7.991880798E-1,9.871072998E0,9.906753619E0
2.001505567E1,2.633024597E-1,8.134085083E-1,9.860295410E0,9.897291911E0
2.002508667E1,2.981799316E-1,7.845185852E-1,9.869725800E0,9.905345428E0
2.003511867E1,3.140469360E-1,7.464976501E-1,9.869576111E0,9.902747943E0
2.004515067E1,3.156935120E-1,6.921606445E-1,9.864187317E0,9.893479680E0
2.005518167E1,2.996768188E-1,6.619235229E-1,9.837542725E0,9.864339603E0
2.006521367E1,2.851570129E-1,6.483018494E-1,9.802066498E0,9.827620131E0
2.007524467E1,2.484832764E-1,6.316864014E-1,9.787696381E0,9.811206454E0
2.008527667E1,2.161505127E-1,6.219566345E-1,9.799671478E0,9.821767264E0
2.009530767E1,2.149530029E-1,6.219566345E-1,9.817185059E0,9.839215280E0
2.010533950E1,2.453398132E-1,6.369255066E-1,9.832004242E0,9.855667057E0
2.011537050E1,2.956352234E-1,6.539900208E-1,9.852062531E0,9.878169832E0
2.012540250E1,3.185375977E-1,6.611750793E-1,9.855355682E0,9.882644095E0
2.013543450E1,3.427871704E-1,6.825805664E-1,9.847272491E0,9.876851462E0
2.014546550E1,3.426374817E-1,6.930587769E-1,9.855355682E0,9.885634352E0
2.015549750E1,3.173400879E-1,7.108717346E-1,9.851912842E0,9.882622627E0
2.016552850E1,2.836601257E-1,7.155120850E-1,9.785001984E0,9.815227172E0
2.017556050E1,2.110610962E-1,7.337741089E-1,9.777218170E0,9.806985591E0
2.018559150E1,1.971400452E-1,7.451504517E-1,9.790390778E0,9.820685565E0
2.019562350E1,2.314187622E-1,7.478448486E-1,9.783205719E0,9.814476079E0
2.020565550E1,2.724334717E-1,7.460485840E-1,9.845476227E0,9.877459725E0
2.021568650E1,3.360511780E-1,7.285350037E-1,9.871222687E0,9.903773573E0
2.022571850E1,3.372486877E-1,7.029382324E-1,9.862540741E0,9.893309290E0
2.023574950E1,3.203338623E-1,6.815327454E-1,9.843679962E0,9.872443257E0
2.024578150E1,2.841091919E-1,6.743476868E-1,9.831704865E0,9.858898690E0
2.025581250E1,2.826123047E-1,6.936575317E-1,9.859397278E0,9.887807905E0
2.026584450E1,2.607577515E-1,7.099736023E-1,9.872120819E0,9.901051792E0
2.027587550E1,2.652484131E-1,7.291337585E-1,9.879305878E0,9.909726403E0
2.028590750E1,2.664459229E-1,7.387138367E-1,9.868977356E0,9.900171999E0
2.029593950E1,2.957849121E-1,7.243437195E-1,9.868827667E0,9.899794041E0
2.030597050E1,3.135978699E-1,7.158114624E-1,9.853559418E0,9.884501144E0
2.031600250E1,3.155438232E-1,7.026388550E-1,9.855655060E0,9.885707153E0
2.032603350E1,3.146456909E-1,6.686595154E-1,9.841584320E0,9.869290217E0
2.033606550E1,3.073109436E-1,6.580316162E-1,9.816586304E0,9.843414666E0
2.034609650E1,2.863545227E-1,6.457571411E-1,9.803413696E0,9.828831126E0
2.035612850E1,2.707868958E-1,6.402186584E-1,9.793384552E0,9.818023551E0
2.036615950E1,2.466870117E-1,6.343807983E-1,9.801018677E0,9.824625213E0
2.037619150E1,2.709365845E-1,6.442602539E-1,9.826615448E0,9.851438934E0
2.038622350E1,2.836601257E-1,6.484515381E-1,9.842033386E0,9.867450210E0
2.039625450E1,2.905458069E-1,6.578819275E-1,9.831405487E0,9.857675149E0
2.040628650E1,2.947370911E-1,6.721023560E-1,9.808503113E0,9.835920132E0
2.041631750E1,2.909948730E-1,6.915618896E-1,9.795779572E0,9.824471145E0
2.042634950E1,2.805166626E-1,6.884184265E-1,9.802216187E0,9.830363762E0
2.043638050E1,2.597099304E-1,7.017407227E-1,9.813891907E0,9.842375915E0
2.044641250E1,2.679428101E-1,6.969506836E-1,9.835596771E0,9.863898694E0
2.045644350E1,2.650987244E-1,6.905140686E-1,9.869576111E0,9.897253135E0
2.046647550E1,2.642005920E-1,6.978488159E-1,9.881251831E0,9.909386090E0
2.047650750E1,2.546205139E-1,6.825805664E-1,9.871072998E0,9.897920487E0
2.048653850E1,2.327659607E-1,6.869215393E-1,9.865534515E0,9.892159141E0
2.049657050E1,2.531236267E-1,6.950047302E-1,9.843081207E0,9.870833339E0
2.050660150E1,2.555186462E-1,7.147636414E-1,9.844877472E0,9.874096884E0
2.051663350E1,2.806663513E-1,7.461982727E-1,9.830058289E0,9.862333974E0
2.052666450E1,2.881507874E-1,7.586224365E-1,9.811796265E0,9.845297599E0
2.053669650E1,2.953358459E-1,7.521858215E-1,9.786049805E0,9.819357288E0
2.054672850E1,2.770738220E-1,7.267387390E-1,9.821226654E0,9.851975035E0
2.055675950E1,2.728825378E-1,6.897656250E-1,9.837542725E0,9.865469495E0
2.056679150E1,2.692900085E-1,6.581813049E-1,9.884095917E0,9.909645394E0
2.057682250E1,2.665956116E-1,6.165678406E-1,9.890382843E0,9.913168106E0
2.058685450E1,2.704875183E-1,5.947132874E-1,9.812395020E0,9.834121385E0
2.059688550E1,2.574645996E-1,6.089337158E-1,9.788744202E0,9.811044865E0
2.060691750E1,2.694396973E-1,6.212081909E-1,9.827812958E0,9.851111861E0
2.061694850E1,3.080593872E-1,6.399192810E-1,9.918075256E0,9.943470926E0
2.062698050E1,3.646417236E-1,6.706054688E-1,1.004605911E1,1.007501757E1
2.063701250E1,3.844006348E-1,6.640191650E-1,9.950707397E0,9.980243635E0
2.064704350E1,3.028202820E-1,6.460565186E-1,9.783355408E0,9.809339029E0
2.065707550E1,2.050735474E-1,6.316864014E-1,9.736353149E0,9.758978201E0
2.066710650E1,2.008822632E-1,6.451583862E-1,9.740544434E0,9.763953548E0
2.067713850E1,2.573149109E-1,6.432124329E-1,9.779912567E0,9.804418546E0
2.068716950E1,3.203338623E-1,6.521937561E-1,9.808353424E0,9.835230926E0
2.069720150E1,3.414399719E-1,6.679110718E-1,9.779912567E0,9.808637840E0
2.070723250E1,3.249742126E-1,6.837780762E-1,9.775721283E0,9.804992978E0
2.071726450E1,2.779719543E-1,7.319778442E-1,9.784552917E0,9.815830875E0
2.072729650E1,2.591111755E-1,7.655081177E-1,9.846673737E0,9.879783649E0
2.073732750E1,2.570155334E-1,7.860154724E-1,9.915680237E0,9.950105118E0
2.074735950E1,2.495310974E-1,7.930508423E-1,9.933792572E0,9.968521970E0
2.075739050E1,2.637515259E-1,7.773335266E-1,9.916877747E0,9.950792758E0
2.076742250E1,2.797682190E-1,7.415579224E-1,9.891131287E0,9.922835106E0
2.077745350E1,3.089575195E-1,7.008425903E-1,9.862690430E0,9.892385839E0
2.078748550E1,3.197351074E-1,6.587800598E-1,9.862540741E0,9.889688143E0
2.079751750E1,3.216810608E-1,6.216572571E-1,9.840087433E0,9.864950944E0
2.080754850E1,3.126997375E-1,6.104306030E-1,9.829160156E0,9.853060237E0
2.081758050E1,2.927911377E-1,6.132746887E-1,9.801018677E0,9.824550860E0
2.082761150E1,2.642005920E-1,6.231541443E-1,9.780062256E0,9.803455552E0
2.083764350E1,2.643502808E-1,6.237528992E-1,9.782606964E0,9.806036292E0
2.084767450E1,2.547702026E-1,6.319857788E-1,9.795779572E0,9.819450662E0
2.085770650E1,2.737806702E-1,6.367758179E-1,9.829309845E0,9.853718655E0
2.086773750E1,3.156935120E-1,6.354286194E-1,9.835147705E0,9.860708002E0
2.087776950E1,3.122506714E-1,6.352789307E-1,9.844578094E0,9.869994816E0
2.088780150E1,3.239263916E-1,6.506968689E-1,9.854307861E0,9.881078795E0
2.089783250E1,3.109034729E-1,6.442602539E-1,9.865534515E0,9.891435867E0
2.090786450E1,2.888992310E-1,6.700067139E-1,9.812993774E0,9.840082245E0
2.091789550E1,2.562670898E-1,7.062313843E-1,9.801168365E0,9.829920494E0
2.092792750E1,2.191442871E-1,7.217990112E-1,9.827812958E0,9.856719818E0
2.093795850E1,2.435435486E-1,7.258406067E-1,9.832004242E0,9.861767867E0
2.094799050E1,2.839595032E-1,7.225474548E-1,9.838740234E0,9.869322025E0
2.095802150E1,3.011737061E-1,7.053332520E-1,9.857151947E0,9.886943163E0
2.096805350E1,3.318598938E-1,6.777905273E-1,9.861193542E0,9.890028770E0
2.097808550E1,3.294648743E-1,6.613247681E-1,9.853409729E0,9.881071847E0
2.098811650E1,3.089575195E-1,6.640191650E-1,9.842332764E0,9.869543578E0
2.099814850E1,3.031196594E-1,6.749464417E-1,9.873917084E0,9.901599507E0
2.100817950E1,3.019221497E-1,6.680607605E-1,9.868228912E0,9.895423388E0
2.101821150E1,2.941383362E-1,6.858737183E-1,9.870474243E0,9.898646468E0
2.102824250E1,3.013233948E-1,6.725514221E-1,9.864636383E0,9.892126777E0
2.103827450E1,3.263214111E-1,6.975494385E-1,9.856253815E0,9.886293549E0
2.104830650E1,3.047662354E-1,6.954537964E-1,9.849068756E0,9.878294074E0
2.105833750E1,3.124003601E-1,6.915618896E-1,9.853709106E0,9.882885964E0
2.106836950E1,3.080593872E-1,6.779402161E-1,9.846823425E0,9.874939751E0
2.107840050E1,2.871029663E-1,6.661148071E-1,9.815688171E0,9.842452506E0
2.108843250E1,2.908451843E-1,6.599775696E-1,9.810299377E0,9.836774633E0
2.109846350E1,2.633024597E-1,6.396199036E-1,9.804162140E0,9.828531786E0
2.110849500E1,2.676434326E-1,6.174659729E-1,9.809401245E0,9.832459002E0
2.111852600E1,2.761756897E-1,6.023474121E-1,9.821675720E0,9.844003727E0
2.112855800E1,2.874023438E-1,5.866300964E-1,9.839937744E0,9.861597730E0
2.113859000E1,3.068618774E-1,5.941145325E-1,9.832453308E0,9.855164856E0
2.114862100E1,3.125500488E-1,5.917195129E-1,9.804760895E0,9.827571201E0
2.115865300E1,3.086581421E-1,6.066883850E-1,9.773475952E0,9.797151261E0
2.116868400E1,2.912942505E-1,6.030958557E-1,9.796078949E0,9.818947995E0
2.117871600E1,2.880010986E-1,6.239025879E-1,9.819430389E0,9.843445141E0
2.118874700E1,2.869532776E-1,6.206094360E-1,9.849817200E0,9.873519997E0
2.119877900E1,2.856060791E-1,6.268963623E-1,9.849218445E0,9.873280805E0
2.120881000E1,2.628533936E-1,6.120771790E-1,9.862540741E0,9.885010888E0
2.121884200E1,2.438429260E-1,6.414161682E-1,9.858648834E0,9.882501248E0
2.122887400E1,2.740800476E-1,6.647676086E-1,9.863887939E0,9.890061735E0
2.123890500E1,2.751278687E-1,7.063810730E-1,9.848619690E0,9.877751736E0
2.124893700E1,2.668949890E-1,7.310797119E-1,9.817634125E0,9.848433900E0
2.125896800E1,2.728825378E-1,7.461982727E-1,9.801767120E0,9.833916586E0
2.126900000E1,2.730322266E-1,7.381150818E-1,9.828112335E0,9.859571621E0
2.127903100E1,2.715353394E-1,7.141648865E-1,9.845176849E0,9.874779497E0
2.128906300E1,2.754272461E-1,6.685098267E-1,9.874515839E0,9.900950894E0
2.129909400E1,2.860551453E-1,6.277944946E-1,9.853409729E0,9.877531916E0
2.130912600E1,2.782713318E-1,6.027964783E-1,9.823022919E0,9.845434363E0
2.131915800E1,2.718347168E-1,5.891748047E-1,9.781559143E0,9.803056683E0
2.132918900E1,2.827619934E-1,5.867797852E-1,9.791588287E0,9.813229135E0
2.133922100E1,3.067121887E-1,6.005511475E-1,9.865235138E0,9.888255578E0
2.134925200E1,3.724255371E-1,5.987548828E-1,1.000489471E1,1.002971218E1
2.135928400E1,4.330494690E-1,6.032455444E-1,1.002510269E1,1.005256788E1
2.136931500E1,3.861968994E-1,5.896238708E-1,9.858050079E0,9.883215859E0
2.137934700E1,2.803669739E-1,5.727090454E-1,9.770781555E0,9.791566447E0
2.138937800E1,2.492317200E-1,5.851332092E-1,9.762398987E0,9.783094158E0
2.139941000E1,2.719844055E-1,6.110293579E-1,9.781409454E0,9.804249247E0
2.140944200E1,2.989283752E-1,6.239025879E-1,9.789043579E0,9.813459472E0
2.141947300E1,3.126997375E-1,6.363267517E-1,9.767189026E0,9.792888967E0
2.142950500E1,3.047662354E-1,6.535409546E-1,9.739795990E0,9.766454022E0
2.143953600E1,2.767744446E-1,6.697073364E-1,9.757309570E0,9.784181216E0
2.144956800E1,2.555186462E-1,6.993457031E-1,9.830956421E0,9.859111438E0
2.145959900E1,2.695893860E-1,7.203021240E-1,9.900561676E0,9.930389473E0
2.146963100E1,2.761756897E-1,7.355703735E-1,9.947863312E0,9.978843683E0
2.147966300E1,2.944377136E-1,7.286846924E-1,9.942175140E0,9.973190135E0
2.148969400E1,3.147953796E-1,7.147636414E-1,9.912087708E0,9.942809760E0
2.149972600E1,3.221301270E-1,6.807843018E-1,9.872420197E0,9.901106788E0
2.150975700E1,3.230282593E-1,6.388714600E-1,9.853260040E0,9.879232633E0
2.151978900E1,3.131488037E-1,5.957611084E-1,9.847571869E0,9.870545334E0
2.152982000E1,3.034190369E-1,5.837860107E-1,9.837692413E0,9.859668414E0
2.153985200E1,2.703378296E-1,5.873785400E-1,9.808652802E0,9.829942313E0
2.154988300E1,2.478845215E-1,5.927673340E-1,9.798773346E0,9.819815626E0
2.155991500E1,2.609074402E-1,5.984555054E-1,9.813442841E0,9.835135081E0
2.156994700E1,2.872526550E-1,6.074368286E-1,9.834249573E0,9.857178006E0
2.157997800E1,3.156935120E-1,5.944139099E-1,9.842332764E0,9.865318268E0
2.159001000E1,3.194357300E-1,5.999523926E-1,9.823621674E0,9.847107435E0
2.160004100E1,3.237767029E-1,5.962101746E-1,9.812095642E0,9.835523312E0
2.161007300E1,3.129991150E-1,6.093827820E-1,9.811496887E0,9.835384435E0
2.162010400E1,2.953358459E-1,6.375242615E-1,9.807754669E0,9.832889306E0
2.163013600E1,2.974314880E-1,6.348298645E-1,9.801467743E0,9.826507231E0
2.164016700E1,2.963836670E-1,6.631210327E-1,9.826914825E0,9.853721519E0
2.165019900E1,2.715353394E-1,6.683601379E-1,9.875413971E0,9.901729031E0
2.166023100E1,2.923420715E-1,6.584806824E-1,9.875264282E0,9.901510255E0
2.167026200E1,3.242257690E-1,6.237528992E-1,9.854307861E0,9.879350862E0
2.168029400E1,3.403921509E-1,6.084846497E-1,9.813293152E0,9.838030437E0
2.169032500E1,3.132984924E-1,6.078858948E-1,9.829609222E0,9.853369914E0
2.170035700E1,3.097059631E-1,6.081852722E-1,9.828262024E0,9.851930852E0
2.171038800E1,3.079096985E-1,6.161187744E-1,9.851463776E0,9.875512607E0
2.172042000E1,3.073109436E-1,6.391708374E-1,9.862091675E0,9.887559435E0
2.173045100E1,3.065625000E-1,6.661148071E-1,9.878407745E0,9.905585752E0
2.174048300E1,3.308120728E-1,6.680607605E-1,9.893526306E0,9.921572687E0
2.175051500E1,3.403921509E-1,6.500981140E-1,9.914333038E0,9.941453313E0
2.176054600E1,3.341052246E-1,6.521937561E-1,9.896969147E0,9.924060726E0
2.177057800E1,3.118016052E-1,6.592291260E-1,9.863139496E0,9.890061880E0
2.178060900E1,3.058140564E-1,6.465055847E-1,9.834998016E0,9.860967381E0
2.179064100E1,2.971321106E-1,6.491999817E-1,9.798923035E0,9.824899020E0
2.180067200E1,2.821632385E-1,6.490502930E-1,9.791588287E0,9.817132146E0
2.181070400E1,2.646496582E-1,6.289920044E-1,9.808802490E0,9.832511209E0
2.182073600E1,2.724334717E-1,6.020480347E-1,9.820178833E0,9.842387624E0
2.183076700E1,2.833607483E-1,5.885760498E-1,9.838141479E0,9.859804402E0
2.184079900E1,2.905458069E-1,5.598358154E-1,9.847422180E0,9.867601360E0
2.185083000E1,3.246748352E-1,5.478607178E-1,9.843979340E0,9.864557484E0
2.186086200E1,3.285667419E-1,5.468128967E-1,9.835297394E0,9.855964452E0
2.187089300E1,3.302133179E-1,5.463638306E-1,9.809101868E0,9.829854207E0
2.188092500E1,3.261717224E-1,5.417234802E-1,9.795031128E0,9.815420883E0
2.189095600E1,3.115022278E-1,5.490582275E-1,9.798773346E0,9.819086396E0
2.190098800E1,3.044668579E-1,5.622308350E-1,9.823921051E0,9.844705602E0
2.191102000E1,3.061134338E-1,5.777984619E-1,9.850415955E0,9.872094559E0
2.192105100E1,2.980302429E-1,5.794450378E-1,9.849218445E0,9.870748834E0
2.193108300E1,2.832110596E-1,5.995033264E-1,9.863139496E0,9.885400015E0
2.194111400E1,2.823129272E-1,6.105802917E-1,9.876761169E0,9.899642422E0
2.195114600E1,2.697390747E-1,6.324348450E-1,9.860894165E0,9.884835190E0
2.196117700E1,2.757266235E-1,6.406677246E-1,9.846374359E0,9.871046972E0
2.197120900E1,2.921923828E-1,6.812333679E-1,9.833351440E0,9.861250217E0
2.198124000E1,2.932402039E-1,7.033872986E-1,9.805060272E0,9.834630163E0
2.199127200E1,2.902464294E-1,6.921606445E-1,9.796078949E0,9.824789673E0
2.200130400E1,2.960842896E-1,6.607260132E-1,9.805659027E0,9.832353418E0
2.201133500E1,2.866539001E-1,6.397695923E-1,9.825417938E0,9.850396604E0
2.202136700E1,2.788700867E-1,6.072871399E-1,9.877659302E0,9.900238355E0
2.203139800E1,2.911445618E-1,5.777984619E-1,9.882449341E0,9.903606474E0
2.204143000E1,3.023712158E-1,5.782475281E-1,9.842033386E0,9.863641302E0
2.205146100E1,3.167413330E-1,5.773493958E-1,9.844727783E0,9.866728056E0
2.206149300E1,3.243754578E-1,5.942642212E-1,9.831255798E0,9.854540069E0
2.207152500E1,3.356021118E-1,5.873785400E-1,9.898765411E0,9.921854615E0
2.208155600E1,3.838018799E-1,5.749543762E-1,1.002779709E1,1.005159643E1
2.209158800E1,4.177812195E-1,5.785469055E-1,9.943222961E0,9.968798349E0
2.210161900E1,3.580554199E-1,5.748046875E-1,9.775421906E0,9.798850828E0
2.211165163E1,2.543211365E-1,5.680686951E-1,9.718540192E0,9.738449812E0
2.212168262E1,2.514770508E-1,5.686674500E-1,9.745633850E0,9.765449427E0
2.213171462E1,2.805166626E-1,5.754034424E-1,9.792636108E0,9.813536604E0
2.214174563E1,3.014730835E-1,5.840853882E-1,9.810748444E0,9.832742587E0
2.215177762E1,2.929408264E-1,5.861810303E-1,9.768236847E0,9.790192727E0
2.216180962E1,2.918930054E-1,6.225553894E-1,9.747729492E0,9.771950010E0
2.217184063E1,3.052153015E-1,6.662644958E-1,9.793384552E0,9.820766047E0
2.218187263E1,3.056643677E-1,7.023394775E-1,9.848320312E0,9.878062787E0
2.219190362E1,3.209326172E-1,7.083270264E-1,9.903705139E0,9.934188462E0
2.220193562E1,3.311114502E-1,7.095245361E-1,9.936337280E0,9.967138928E0
2.221196663E1,3.588038635E-1,7.006929016E-1,9.931397552E0,9.962548273E0
2.222199862E1,3.594026184E-1,6.744973755E-1,9.909692688E0,9.939120993E0
2.223202962E1,3.610491943E-1,6.146218872E-1,9.917626190E0,9.943210037E0
2.224206163E1,3.516188049E-1,5.860313416E-1,9.884095917E0,9.907695020E0
2.225209363E1,3.421884155E-1,5.680686951E-1,9.861492920E0,9.883766365E0
2.226212462E1,3.013233948E-1,5.637277222E-1,9.799222412E0,9.820048096E0
2.227215662E1,2.685415649E-1,5.760021973E-1,9.735604706E0,9.756325747E0
2.228218763E1,2.737806702E-1,5.933660889E-1,9.760902100E0,9.782752627E0
2.229221962E1,3.035687256E-1,6.021977234E-1,9.809401245E0,9.832555561E0
2.230225062E1,3.353027344E-1,6.083349609E-1,9.848320312E0,9.872786452E0
2.231228263E1,3.324586487E-1,5.956114197E-1,9.892029419E0,9.915519540E0
2.232231462E1,3.505709839E-1,5.923182678E-1,9.879156189E0,9.903103955E0
2.233234562E1,3.613485718E-1,5.986051941E-1,9.877958679E0,9.902674822E0
2.234237762E1,3.484753418E-1,6.084846497E-1,9.860145721E0,9.885047409E0
2.235240863E1,3.348536682E-1,6.273454285E-1,9.854756927E0,9.880380730E0
2.236244062E1,3.098556519E-1,6.312373352E-1,9.818681946E0,9.843829857E0
2.237247162E1,2.974314880E-1,6.357279968E-1,9.819879456E0,9.844930071E0
2.238250363E1,2.799179077E-1,6.566844177E-1,9.831106110E0,9.856989185E0
2.239253463E1,2.975811768E-1,6.605763245E-1,9.832902374E0,9.859558040E0
2.240256662E1,3.354524231E-1,6.433621216E-1,9.836345215E0,9.863069012E0
2.241259863E1,3.510200500E-1,6.063890076E-1,9.843230896E0,9.868136459E0
2.242262963E1,3.603007507E-1,5.789959717E-1,9.867779846E0,9.891315992E0
2.243266162E1,3.579057312E-1,5.956114197E-1,9.854158173E0,9.878627575E0
2.244269262E1,3.442840576E-1,5.962101746E-1,9.838889923E0,9.862948494E0
2.245272463E1,3.147953796E-1,6.042933655E-1,9.819131012E0,9.842743542E0
2.246275563E1,3.194357300E-1,6.253994751E-1,9.823621674E0,9.848690597E0
2.247278762E1,3.224295044E-1,6.399192810E-1,9.849667511E0,9.875697826E0
2.248281862E1,3.365002441E-1,6.505471802E-1,9.896071014E0,9.923137889E0
2.249285063E1,3.570075989E-1,6.477030945E-1,9.904752960E0,9.932326260E0
2.250288262E1,3.570075989E-1,6.523434448E-1,9.884245605E0,9.912180264E0
2.251291362E1,3.397933960E-1,6.527925110E-1,9.864636383E0,9.892049767E0
2.252294563E1,3.269201660E-1,6.400689697E-1,9.824070740E0,9.850326440E0
2.253297663E1,3.053649902E-1,6.349795532E-1,9.791588287E0,9.816906234E0
2.254300862E1,2.881507874E-1,6.099815369E-1,9.790690155E0,9.813904527E0
2.255303962E1,2.760260010E-1,5.760021973E-1,9.823022919E0,9.843766969E0
2.256307163E1,2.853067017E-1,5.408253479E-1,9.842931519E0,9.861906147E0
2.257310362E1,3.150947571E-1,5.254074097E-1,9.880802765E0,9.899777822E0
2.258313462E1,3.231779480E-1,5.301974487E-1,9.879156189E0,9.898650430E0
2.259316663E1,3.321592712E-1,5.281018066E-1,9.851463776E0,9.871198500E0
2.260319762E1,3.291654968E-1,5.498066711E-1,9.806557159E0,9.827471731E0
2.261322962E1,3.387455750E-1,5.798941040E-1,9.767039337E0,9.790101284E0
2.262326062E1,3.463796997E-1,5.947132874E-1,9.790839844E0,9.814999115E0
2.263329263E1,3.179388428E-1,6.050418091E-1,9.805958405E0,9.829749790E0
2.264332362E1,3.144960022E-1,6.062393188E-1,9.837842102E0,9.861519714E0
2.265335562E1,2.971321106E-1,5.812413025E-1,9.853260040E0,9.874860119E0
2.266338763E1,2.740800476E-1,5.897735596E-1,9.869576111E0,9.890979999E0
2.267341862E1,2.740800476E-1,6.253994751E-1,9.879305878E0,9.902874785E0
2.268345062E1,2.968327332E-1,6.483018494E-1,9.864187317E0,9.889923983E0
2.269348162E1,3.064128113E-1,7.011419678E-1,9.833501129E0,9.863226314E0
2.270351363E1,3.311114502E-1,6.973997498E-1,9.801168365E0,9.831525951E0
2.271354462E1,3.227288818E-1,6.851252747E-1,9.814640350E0,9.843816119E0
2.272357662E1,3.023712158E-1,6.777905273E-1,9.815837860E0,9.843856015E0
2.273360763E1,3.107537842E-1,6.316864014E-1,9.848020935E0,9.873151065E0
2.274363962E1,3.043171692E-1,5.959107971E-1,9.874665527E0,9.897309629E0
2.275367162E1,3.128494263E-1,5.935157776E-1,9.878258057E0,9.901016007E0
2.276370263E1,3.245251465E-1,5.818400574E-1,9.826615448E0,9.849173853E0
2.277373463E1,3.474275208E-1,5.894741821E-1,9.834698639E0,9.858472651E0
2.278376562E1,3.502716064E-1,6.012995911E-1,9.811646576E0,9.836292997E0
2.279379762E1,3.622467041E-1,5.713618469E-1,9.874216461E0,9.897364687E0
2.280382863E1,3.724255371E-1,5.450166321E-1,9.988279266E0,1.001006826E1
2.281386062E1,4.231700134E-1,5.658233643E-1,9.923314362E0,9.948436905E0
2.282389262E1,3.430865479E-1,5.718109131E-1,9.736951904E0,9.759759653E0
2.283392363E1,2.612068176E-1,5.629792786E-1,9.698930969E0,9.718767237E0
2.284395562E1,2.436932373E-1,5.599855042E-1,9.713450775E0,9.732630483E0
2.285398662E1,2.790197754E-1,5.513035583E-1,9.795330505E0,9.814799405E0
2.286401862E1,2.989283752E-1,5.478607178E-1,9.831704865E0,9.851493800E0
2.287404963E1,3.131488037E-1,5.637277222E-1,9.791588287E0,9.812800431E0
2.288408162E1,2.939886475E-1,6.053411865E-1,9.762997742E0,9.786163302E0
2.289411262E1,3.053649902E-1,6.664141846E-1,9.779313812E0,9.806749425E0
2.290414463E1,3.252735901E-1,7.244934082E-1,9.838440857E0,9.870441333E0
2.291417662E1,3.474275208E-1,7.469467163E-1,9.921518097E0,9.955659527E0
2.292420762E1,3.727249146E-1,7.574249268E-1,9.967173157E0,1.000285745E1
2.293423962E1,3.760180664E-1,7.123686218E-1,9.978100433E0,1.001056177E1
2.294427063E1,3.507206726E-1,6.566844177E-1,9.964329071E0,9.992101543E0
2.295430262E1,3.267704773E-1,6.063890076E-1,9.932744751E0,9.956601070E0
2.296433362E1,2.874023438E-1,5.568420410E-1,9.869725800E0,9.889598603E0
2.297436563E1,2.689906311E-1,5.477110291E-1,9.812694397E0,9.831648624E0
2.298439663E1,2.773731995E-1,5.616320801E-1,9.779313812E0,9.799354322E0
2.299442862E1,2.932402039E-1,5.754034424E-1,9.772278442E0,9.793595095E0
2.300446063E1,3.261717224E-1,6.041436768E-1,9.801767120E0,9.825783239E0
2.301449163E1,3.677851868E-1,6.096821594E-1,9.861492920E0,9.887164451E0
2.302452362E1,3.832031250E-1,6.083349609E-1,9.895023193E0,9.921108812E0
2.303455462E1,3.965254211E-1,6.069877625E-1,9.889933777E0,9.916474004E0
2.304458663E1,3.882925415E-1,5.996530151E-1,9.842482452E0,9.868374520E0
2.305461763E1,3.421884155E-1,6.152206421E-1,9.835447083E0,9.860608940E0
2.306464962E1,3.153941345E-1,6.104306030E-1,9.800569611E0,9.824625371E0
2.307468163E1,3.023712158E-1,6.056405640E-1,9.812245331E0,9.835567461E0
2.308471263E1,2.999761963E-1,6.072871399E-1,9.804910583E0,9.828278330E0
2.309474462E1,2.848576355E-1,6.274951172E-1,9.808353424E0,9.832532272E0
2.310477562E1,2.863545227E-1,6.330335999E-1,9.852511597E0,9.876979053E0
2.311480767E1,3.173400879E-1,6.638694763E-1,9.867929535E0,9.895325195E0
2.312483867E1,3.408412170E-1,6.658154297E-1,9.836494904E0,9.864893051E0
2.313487067E1,3.644920349E-1,6.593788147E-1,9.859996033E0,9.888738880E0
2.314490167E1,3.571572876E-1,6.204597473E-1,9.873018951E0,9.898941097E0
2.315493367E1,3.710783386E-1,5.977070618E-1,9.868827667E0,9.893872467E0
2.316496567E1,3.487747192E-1,6.128256226E-1,9.865085449E0,9.890253281E0
2.317499667E1,3.182382202E-1,6.107299805E-1,9.834698639E0,9.858781060E0
2.318502867E1,2.990780640E-1,6.294410706E-1,9.822573853E0,9.847263622E0
2.319505967E1,3.029699707E-1,6.640191650E-1,9.846374359E0,9.873388490E0
2.320509167E1,3.185375977E-1,6.653663635E-1,9.854158173E0,9.881731219E0
2.321512267E1,3.305126953E-1,6.643185425E-1,9.864636383E0,9.892502653E0
2.322515467E1,3.450325012E-1,6.671626282E-1,9.886191559E0,9.914682896E0
2.323518667E1,3.430865479E-1,6.457571411E-1,9.890083466E0,9.917079289E0
2.324521767E1,3.309617615E-1,6.448590088E-1,9.862989807E0,9.889587795E0
2.325524967E1,3.318598938E-1,6.105802917E-1,9.828711090E0,9.853248245E0
2.326528067E1,3.183879089E-1,6.029461670E-1,9.803264008E0,9.826947651E0
2.327531267E1,3.164419556E-1,5.728587341E-1,9.776469727E0,9.798350012E0
2.328534367E1,3.207829285E-1,5.394781494E-1,9.795629883E0,9.815717150E0
2.329537567E1,3.285667419E-1,5.297483826E-1,9.826016693E0,9.845770336E0
2.330540667E1,3.261717224E-1,5.307962036E-1,9.840536499E0,9.860237887E0
2.331543867E1,3.405418396E-1,5.475613403E-1,9.832752686E0,9.853873225E0
2.332547067E1,3.462300110E-1,5.718109131E-1,9.839189301E0,9.861870463E0
2.333550167E1,3.561094666E-1,6.032455444E-1,9.812694397E0,9.837666922E0
2.334553367E1,3.619473267E-1,6.165678406E-1,9.804611206E0,9.830644062E0
2.335556467E1,3.543132019E-1,6.197113037E-1,9.786049805E0,9.812051301E0
2.336559667E1,3.436853027E-1,6.212081909E-1,9.814041595E0,9.839686562E0
2.337562767E1,3.098556519E-1,6.242019653E-1,9.844278717E0,9.868913926E0
2.338565967E1,2.820135498E-1,6.183641052E-1,9.855056305E0,9.878463473E0
2.339569067E1,2.785707092E-1,6.207591248E-1,9.882898407E0,9.906292165E0
2.340572267E1,2.981799316E-1,6.396199036E-1,9.863438873E0,9.888652653E0
2.341575467E1,3.113525391E-1,6.703060913E-1,9.867031403E0,9.894673282E0
2.342578567E1,3.433859253E-1,7.014413452E-1,9.839937744E0,9.870881858E0
2.343581767E1,3.522175598E-1,6.962022400E-1,9.796378326E0,9.827399609E0
2.344584867E1,3.293151855E-1,6.741979980E-1,9.784702606E0,9.813429397E0
2.345588067E1,3.216810608E-1,6.385720825E-1,9.813592529E0,9.839606259E0
2.346591167E1,3.224295044E-1,6.140231323E-1,9.850565643E0,9.874949554E0
2.347594367E1,3.135978699E-1,5.758525085E-1,9.880802765E0,9.902535686E0
2.348597567E1,3.129991150E-1,5.885760498E-1,9.862989807E0,9.885492307E0
2.349600667E1,3.246748352E-1,6.014492798E-1,9.826016693E0,9.849759339E0
2.350603867E1,3.384461975E-1,6.033952332E-1,9.843081207E0,9.867364354E0
2.351606967E1,3.632945251E-1,6.132746887E-1,9.834698639E0,9.860496239E0
2.352610167E1,3.704795837E-1,5.948629761E-1,9.865235138E0,9.890095116E0
2.353613267E1,3.872447205E-1,5.842350769E-1,9.942474518E0,9.967150477E0
2.354616467E1,4.052073669E-1,5.703140259E-1,9.915680237E0,9.940330259E0
2.355619567E1,3.323089600E-1,5.766009521E-1,9.739346924E0,9.762058001E0
2.356622767E1,2.622546387E-1,5.643264771E-1,9.707163849E0,9.727089588E0
2.357625967E1,2.579136658E-1,5.590873718E-1,9.736203461E0,9.755652514E0
2.358629067E1,2.978805542E-1,5.502557373E-1,9.801467743E0,9.821419659E0
2.359632267E1,3.104544067E-1,5.342390442E-1,9.838291168E0,9.857675507E0
2.360635367E1,2.960842896E-1,5.661227417E-1,9.821526031E0,9.842282990E0
2.361638567E1,3.047662354E-1,6.511459351E-1,9.797426147E0,9.823768758E0
2.362641667E1,3.384461975E-1,7.192543030E-1,9.794132996E0,9.826337757E0
2.363644867E1,3.646417236E-1,7.509883118E-1,9.839039612E0,9.874393526E0
2.364648067E1,3.761677551E-1,7.679031372E-1,9.887389069E0,9.924295441E0
2.365651167E1,3.885919189E-1,7.545808411E-1,9.924212494E0,9.960441233E0
2.366654367E1,3.685336304E-1,7.114704895E-1,9.940827942E0,9.973067104E0
2.367657467E1,3.417393494E-1,6.565347290E-1,9.932595062E0,9.960133950E0
2.368660667E1,3.119512939E-1,6.012995911E-1,9.894723816E0,9.917884563E0
2.369663767E1,3.010240173E-1,5.724096680E-1,9.862091675E0,9.883274786E0
2.370666967E1,2.984793091E-1,5.748046875E-1,9.823022919E0,9.844352167E0
2.371670067E1,3.186872864E-1,5.911207581E-1,9.785750427E0,9.808766322E0
2.372673267E1,3.329077148E-1,6.015989685E-1,9.768386536E0,9.792554538E0
2.373676467E1,3.535647583E-1,6.120771790E-1,9.809700623E0,9.835134611E0
2.374679567E1,3.969744873E-1,6.050418091E-1,9.870324554E0,9.896816213E0
2.375682767E1,4.117936707E-1,6.140231323E-1,9.896220703E0,9.923798801E0
2.376685867E1,3.924838257E-1,6.041436768E-1,9.884694672E0,9.910914281E0
2.377689067E1,3.722758484E-1,5.957611084E-1,9.843979340E0,9.869014634E0
2.378692167E1,3.432362366E-1,5.917195129E-1,9.827214203E0,9.850993964E0
2.379695367E1,3.171903992E-1,6.001020813E-1,9.810449066E0,9.833902742E0
2.380698467E1,3.010240173E-1,6.104306030E-1,9.817933502E0,9.841496798E0
2.381701667E1,3.017724609E-1,6.304888916E-1,9.811197510E0,9.836065242E0
2.382704867E1,3.103047180E-1,6.460565186E-1,9.797126770E0,9.823307538E0
2.383707967E1,3.098556519E-1,6.674620056E-1,9.808503113E0,9.836068796E0
2.384711167E1,3.191363525E-1,6.845265198E-1,9.828860779E0,9.857835907E0
2.385714267E1,3.595523071E-1,6.762936401E-1,9.837093658E0,9.866866909E0
2.386717467E1,3.861968994E-1,6.417155457E-1,9.890233154E0,9.918551242E0
2.387720567E1,3.674858093E-1,6.147715759E-1,9.909542999E0,9.935392914E0
2.388723767E1,3.484753418E-1,6.050418091E-1,9.861343231E0,9.886030598E0
2.389726967E1,3.293151855E-1,5.821394348E-1,9.843380585E0,9.866077039E0
2.390730067E1,2.971321106E-1,5.969586182E-1,9.806557159E0,9.829201921E0
2.391733267E1,3.165916443E-1,6.162684631E-1,9.813742218E0,9.838168194E0
2.392736367E1,3.547622681E-1,6.590794373E-1,9.832004242E0,9.860453812E0
2.393739567E1,3.459306335E-1,6.770420837E-1,9.870324554E0,9.899563667E0
2.394742667E1,3.537144470E-1,6.709048462E-1,9.895172882E0,9.924196370E0
2.395745867E1,3.553610229E-1,6.676116943E-1,9.917326813E0,9.946122759E0
2.396749067E1,3.507206726E-1,6.589297485E-1,9.884544983E0,9.912689994E0
2.397752167E1,3.333567810E-1,6.400689697E-1,9.858050079E0,9.884430504E0
2.398755367E1,3.200344849E-1,6.265969849E-1,9.827962646E0,9.853116037E0
2.399758467E1,3.028202820E-1,6.044430542E-1,9.769284668E0,9.792649001E0
2.400761667E1,3.044668579E-1,5.769003296E-1,9.807904358E0,9.829572827E0
2.401764767E1,3.161425781E-1,5.634283447E-1,9.829609222E0,9.850817991E0
2.402767967E1,3.495231628E-1,5.577401733E-1,9.853409729E0,9.875369554E0
2.403771067E1,3.448828125E-1,5.598358154E-1,9.845625916E0,9.867558460E0
2.404774267E1,3.415896606E-1,5.722599792E-1,9.812544708E0,9.835151175E0
2.405777467E1,3.381468201E-1,5.989045715E-1,9.805209961E0,9.829301722E0
2.406780567E1,3.303630066E-1,5.983058167E-1,9.799521790E0,9.823326161E0
2.407783767E1,3.376977539E-1,5.945635986E-1,9.822424164E0,9.846195311E0
2.408786867E1,3.394940186E-1,6.267466736E-1,9.823621674E0,9.849447211E0
2.409790067E1,3.370989990E-1,6.301895142E-1,9.836045837E0,9.861976084E0
2.410793117E1,3.233276367E-1,6.119274902E-1,9.847571869E0,9.871862424E0
2.411796317E1,3.423381042E-1,6.262976074E-1,9.871821442E0,9.897590750E0
2.412799417E1,3.188369751E-1,6.291416931E-1,9.861043854E0,9.886235996E0
2.413802617E1,3.022215271E-1,6.224057007E-1,9.837542725E0,9.861844329E0
2.414805817E1,3.126997375E-1,6.273454285E-1,9.826465759E0,9.851435059E0
2.415808917E1,3.132984924E-1,6.432124329E-1,9.819729767E0,9.845759030E0
2.416812117E1,3.115022278E-1,6.391708374E-1,9.838740234E0,9.864399748E0
2.417815217E1,3.002755737E-1,6.253994751E-1,9.876611481E0,9.900946635E0
2.418818417E1,3.185375977E-1,6.081852722E-1,9.883048096E0,9.906866063E0
2.419821517E1,3.312611389E-1,6.036946106E-1,9.903106384E0,9.927018545E0
2.420824717E1,3.525169373E-1,6.249504089E-1,9.901160431E0,9.927124915E0
2.421827917E1,3.604504395E-1,6.165678406E-1,9.852361908E0,9.878214190E0
2.422831017E1,3.444337463E-1,6.355783081E-1,9.791288910E0,9.817939341E0
2.423834217E1,3.125500488E-1,6.177653503E-1,9.753267975E0,9.777809456E0
2.424837317E1,2.942880249E-1,5.918692017E-1,9.745035095E0,9.767426662E0
2.425840517E1,2.803669739E-1,5.797444153E-1,9.790839844E0,9.811995418E0
2.426843617E1,2.893482971E-1,5.682183838E-1,9.857451324E0,9.878053512E0
2.427846817E1,3.141966248E-1,5.743556213E-1,9.865235138E0,9.886934218E0
2.428849917E1,3.423381042E-1,6.086343384E-1,9.852661285E0,9.877376450E0
2.429853117E1,3.318598938E-1,6.346801758E-1,9.868827667E0,9.894781930E0
2.430856317E1,3.484753418E-1,6.256988525E-1,9.880653076E0,9.906575560E0
2.431859417E1,3.535647583E-1,6.018983459E-1,9.921218719E0,9.945746354E0
2.432862617E1,3.638932800E-1,6.075865173E-1,9.951306152E0,9.976476023E0
2.433865717E1,3.594026184E-1,5.959107971E-1,9.839937744E0,9.864514926E0
2.434868917E1,2.845582581E-1,5.840853882E-1,9.686656494E0,9.708421251E0
2.435872017E1,2.366578674E-1,5.794450378E-1,9.685608673E0,9.705811603E0
2.436875217E1,2.489323425E-1,5.586383057E-1,9.737101593E0,9.756289843E0
2.437878417E1,2.924917603E-1,5.328918457E-1,9.828411713E0,9.847192592E0
2.438881517E1,3.137475586E-1,5.294490051E-1,9.866432648E0,9.885608073E0
2.439884717E1,3.095562744E-1,5.840853882E-1,9.826465759E0,9.848675553E0
2.440887817E1,3.309617615E-1,6.533912659E-1,9.769733734E0,9.797150252E0
2.441891017E1,3.565585327E-1,7.409591675E-1,9.789193268E0,9.823668322E0
2.442894117E1,3.622467041E-1,7.702981567E-1,9.818382568E0,9.855212742E0
2.443897317E1,3.921844482E-1,7.723937988E-1,9.898016968E0,9.935851283E0
2.444900417E1,3.933819580E-1,7.530839539E-1,9.965975647E0,1.000212754E1
2.445903617E1,3.722758484E-1,7.018904114E-1,9.991871796E0,1.002340967E1
2.446906817E1,3.296145630E-1,6.327342224E-1,9.956096191E0,9.981625606E0
2.447909917E1,2.751278687E-1,5.783972168E-1,9.895621948E0,9.916328576E0
2.448913117E1,2.496807861E-1,5.441184998E-1,9.814939728E0,9.833180935E0
2.449916217E1,2.537223816E-1,5.562432861E-1,9.745334473E0,9.764493106E0
2.450919417E1,2.689906311E-1,5.777984619E-1,9.706116028E0,9.727018833E0
2.451922517E1,3.065625000E-1,5.924679565E-1,9.758357391E0,9.781131725E0
2.452925717E1,3.558100891E-1,5.905220032E-1,9.825867004E0,9.850024337E0
2.453928917E1,4.144880676E-1,5.864804077E-1,9.904453583E0,9.930456203E0
2.454932017E1,4.447251892E-1,5.974076843E-1,9.955647125E0,9.983465637E0
2.455935217E1,4.477189636E-1,6.023474121E-1,9.928852844E0,9.957177988E0
2.456938317E1,3.869453430E-1,6.032455444E-1,9.882748718E0,9.908700930E0
2.457941517E1,3.408412170E-1,5.851332092E-1,9.825268250E0,9.848576028E0
2.458944617E1,3.128494263E-1,5.840853882E-1,9.790690155E0,9.813085357E0
2.459947817E1,2.933898926E-1,6.134243774E-1,9.823322296E0,9.846828323E0
2.460950917E1,2.899470520E-1,6.309379578E-1,9.835147705E0,9.859628917E0
2.461954117E1,2.942880249E-1,6.551875305E-1,9.783205719E0,9.809535681E0
2.462957317E1,2.793191528E-1,6.872209167E-1,9.797276459E0,9.825320238E0
2.463960417E1,2.845582581E-1,7.032376099E-1,9.814640350E0,9.843915976E0
2.464963617E1,3.429368591E-1,7.077282715E-1,9.855655060E0,9.886982434E0
2.465966717E1,3.812571716E-1,6.718029785E-1,9.900711365E0,9.930798649E0
2.466969917E1,3.944297791E-1,6.459068298E-1,9.882449341E0,9.911386152E0
2.467973017E1,3.766168213E-1,6.048921204E-1,9.848020935E0,9.873765799E0
2.468976217E1,3.203338623E-1,5.824388123E-1,9.812694397E0,9.835182768E0
2.469979417E1,2.888992310E-1,5.764512634E-1,9.802964630E0,9.824147513E0
2.470982517E1,2.835104370E-1,5.739065552E-1,9.831255798E0,9.852072750E0
2.471985717E1,2.966830444E-1,6.023474121E-1,9.853709106E0,9.876559441E0
2.472988817E1,2.993774414E-1,6.454577637E-1,9.863887939E0,9.889516058E0
2.473992017E1,3.213816833E-1,6.713539124E-1,9.901010742E0,9.928948382E0
2.474995117E1,3.520678711E-1,6.888674927E-1,9.903256073E0,9.933426954E0
2.475998317E1,3.691323853E-1,6.732998657E-1,9.901609497E0,9.931337375E0
2.477001417E1,3.505709839E-1,6.649172974E-1,9.864037628E0,9.892636320E0
2.478004617E1,3.168910217E-1,6.429130554E-1,9.833800507E0,9.859887906E0
2.479007817E1,2.959346008E-1,5.983058167E-1,9.818532257E0,9.841195193E0
2.480010917E1,2.942880249E-1,5.760021973E-1,9.800419922E0,9.821741934E0
2.481014117E1,3.014730835E-1,5.731581116E-1,9.813442841E0,9.834788082E0
2.482017217E1,3.076103210E-1,5.493576050E-1,9.826465759E0,9.846616028E0
2.483020417E1,3.201841736E-1,5.432203674E-1,9.849218445E0,9.869382465E0
2.484023517E1,3.079096985E-1,5.587879944E-1,9.830507355E0,9.851189129E0
2.485026717E1,3.323089600E-1,5.878276062E-1,9.813293152E0,9.836498006E0
2.486029917E1,3.272195435E-1,5.926176453E-1,9.805659027E0,9.828998792E0
2.487033017E1,3.481759644E-1,6.096821594E-1,9.819580078E0,9.844647873E0
2.488036217E1,3.468287659E-1,6.162684631E-1,9.836345215E0,9.861732312E0
2.489039317E1,3.492237854E-1,6.394702148E-1,9.831555176E0,9.858516957E0
2.490042517E1,3.420387268E-1,6.423143005E-1,9.842033386E0,9.868899601E0
2.491045617E1,3.019221497E-1,6.415658569E-1,9.825118561E0,9.850670965E0
2.492048817E1,2.972817993E-1,6.370751953E-1,9.810449066E0,9.835606344E0
2.493051917E1,2.815644836E-1,6.409671021E-1,9.833201752E0,9.858091807E0
2.494055117E1,2.962339783E-1,6.331832886E-1,9.850116577E0,9.874890998E0
2.495058317E1,3.032693481E-1,6.366261292E-1,9.844428406E0,9.869652261E0
2.496061417E1,3.155438232E-1,6.646179199E-1,9.860894165E0,9.888302110E0
2.497064617E1,3.513194275E-1,6.665638733E-1,9.849517822E0,9.878296112E0
2.498067717E1,3.559597778E-1,6.619235229E-1,9.842482452E0,9.871135241E0
2.499070917E1,3.388952637E-1,6.538403320E-1,9.835896149E0,9.863427915E0
2.500074017E1,3.255729675E-1,6.237528992E-1,9.821526031E0,9.846696859E0
2.501077217E1,3.300636292E-1,6.065386963E-1,9.823022919E0,9.847264110E0
2.502080417E1,3.218307495E-1,5.966592407E-1,9.828112335E0,9.851465340E0
2.503083517E1,3.164419556E-1,5.878276062E-1,9.859247589E0,9.881823710E0
2.504086717E1,3.210823059E-1,5.743556213E-1,9.860145721E0,9.882077306E0
2.505089817E1,3.104544067E-1,5.813909912E-1,9.873617706E0,9.895591141E0
2.506093017E1,3.049159241E-1,5.935157776E-1,9.852511597E0,9.875080732E0
2.507096117E1,2.978805542E-1,5.929170227E-1,9.833950195E0,9.856310662E0
2.508099317E1,3.126997375E-1,6.164181519E-1,9.852810974E0,9.877025694E0
2.509102517E1,3.396437073E-1,6.336323547E-1,9.851613464E0,9.877810266E0
2.510105617E1,3.538641357E-1,6.613247681E-1,9.810898132E0,9.839527043E0
2.511108837E1,3.312611389E-1,6.755451965E-1,9.777966614E0,9.806871385E0
2.512111937E1,3.019221497E-1,6.593788147E-1,9.785600739E0,9.812436966E0
2.513115138E1,2.836601257E-1,6.406677246E-1,9.819729767E0,9.844694556E0
2.514118237E1,2.767744446E-1,6.222560120E-1,9.848020935E0,9.871541064E0
2.515121437E1,2.758763123E-1,6.152206421E-1,9.870923309E0,9.893923951E0
2.516124537E1,2.806663513E-1,6.183641052E-1,9.849068756E0,9.872451728E0
2.517127738E1,2.868035889E-1,6.207591248E-1,9.801916809E0,9.825740243E0
2.518130937E1,2.884501648E-1,6.375242615E-1,9.811047821E0,9.835969705E0
2.519134037E1,3.031196594E-1,6.411167908E-1,9.837393036E0,9.862921170E0
2.520137238E1,3.517684937E-1,6.493496704E-1,9.923763428E0,9.951204783E0
2.521140337E1,4.080514526E-1,6.315367126E-1,1.000235001E1,1.003057078E1
2.522143537E1,3.956272888E-1,6.194119263E-1,9.892628174E0,9.919893360E0
2.523146638E1,2.945874023E-1,5.863307190E-1,9.762997742E0,9.785023779E0
2.524149838E1,2.438429260E-1,5.659730530E-1,9.751172333E0,9.770626732E0
2.525153037E1,2.662962341E-1,5.668711853E-1,9.781409454E0,9.801440075E0
2.526156137E1,3.107537842E-1,5.806425476E-1,9.831854553E0,9.853886423E0
2.527159338E1,3.405418396E-1,5.860313416E-1,9.822723541E0,9.846080400E0
2.528162437E1,3.273692322E-1,6.140231323E-1,9.772727509E0,9.797468958E0
2.529165637E1,3.038681030E-1,6.613247681E-1,9.734706573E0,9.761874735E0
2.530168738E1,3.201841736E-1,7.096742249E-1,9.743687897E0,9.774743436E0
2.531171937E1,3.387455750E-1,7.435038757E-1,9.781858521E0,9.815920879E0
2.532175037E1,3.611988831E-1,7.682025146E-1,9.866732025E0,9.903181337E0
2.533178237E1,3.761677551E-1,7.418572998E-1,9.941726074E0,9.976460884E0
2.534181438E1,3.683839417E-1,6.984475708E-1,9.964329071E0,9.995568497E0
2.535184537E1,3.520678711E-1,6.556365967E-1,9.986483002E0,1.001417265E1
2.536187737E1,3.180885315E-1,6.167175293E-1,9.960736542E0,9.984878231E0
2.537190838E1,2.869532776E-1,5.896238708E-1,9.902956696E0,9.924643561E0
2.538194037E1,2.835104370E-1,5.761518860E-1,9.827663269E0,9.848618913E0
2.539197137E1,2.851570129E-1,5.821394348E-1,9.782756653E0,9.804209737E0
2.540200337E1,2.736309814E-1,6.080355835E-1,9.770332489E0,9.793057650E0
2.541203538E1,3.017724609E-1,6.113287354E-1,9.808652802E0,9.832317083E0
2.542206637E1,3.227288818E-1,6.182144165E-1,9.828112335E0,9.852823710E0
2.543209837E1,3.507206726E-1,6.322851562E-1,9.849517822E0,9.876021002E0
2.544212938E1,3.647914124E-1,6.503974915E-1,9.851912842E0,9.880094955E0
2.545216137E1,3.429368591E-1,6.444099426E-1,9.840686188E0,9.867723877E0
2.546219237E1,3.275189209E-1,6.343807983E-1,9.821675720E0,9.847589634E0
2.547222438E1,3.019221497E-1,6.162684631E-1,9.806856537E0,9.830838160E0
2.548225538E1,2.823129272E-1,6.230044556E-1,9.822424164E0,9.846210012E0
2.549228737E1,2.942880249E-1,6.348298645E-1,9.820029144E0,9.844926957E0
2.550231937E1,2.899470520E-1,6.586303711E-1,9.782906342E0,9.809338395E0
2.551235038E1,2.763253784E-1,6.893165588E-1,9.807155914E0,9.835233610E0
2.552238237E1,2.971321106E-1,7.125183105E-1,9.820328522E0,9.850625468E0
2.553241337E1,3.224295044E-1,7.201524353E-1,9.824669495E0,9.856303110E0
2.554244538E1,3.722758484E-1,6.909631348E-1,9.856253815E0,9.887454608E0
2.555247638E1,3.766168213E-1,6.626719666E-1,9.899663544E0,9.928963322E0
2.556250837E1,3.523672485E-1,6.224057007E-1,9.863738251E0,9.889635171E0
2.557254037E1,3.275189209E-1,5.932164001E-1,9.842332764E0,9.865631686E0
2.558257138E1,2.971321106E-1,5.912704468E-1,9.830507355E0,9.852754086E0
2.559260337E1,2.866539001E-1,6.059399414E-1,9.843081207E0,9.865879653E0
2.560263437E1,2.851570129E-1,6.432124329E-1,9.848020935E0,9.873122763E0
2.561266638E1,3.032693481E-1,6.611750793E-1,9.858648834E0,9.885447973E0
2.562269738E1,3.327580261E-1,6.626719666E-1,9.864037628E0,9.891870418E0
2.563272937E1,3.276686096E-1,6.803352356E-1,9.885742493E0,9.914541209E0
2.564276037E1,3.332070923E-1,6.837780762E-1,9.888436890E0,9.917649094E0
2.565279238E1,3.299139404E-1,6.638694763E-1,9.876461792E0,9.904244717E0
2.566282437E1,2.933898926E-1,6.746470642E-1,9.832902374E0,9.860385154E0
2.567285537E1,2.811154175E-1,6.529421997E-1,9.810898132E0,9.836619417E0
2.568288738E1,2.845582581E-1,6.221063232E-1,9.805209961E0,9.829045328E0
2.569291838E1,2.923420715E-1,6.024971008E-1,9.820178833E0,9.842986282E0
2.570295037E1,2.933898926E-1,5.769003296E-1,9.834548950E0,9.855822882E0
2.571298137E1,3.001258850E-1,5.568420410E-1,9.853559418E0,9.873843315E0
2.572301338E1,3.236270142E-1,5.852828979E-1,9.863438873E0,9.886087038E0
2.573304537E1,3.221301270E-1,6.026467896E-1,9.843530273E0,9.867220440E0
2.574307637E1,2.986289978E-1,6.099815369E-1,9.816137238E0,9.839604007E0
2.575310838E1,2.927911377E-1,6.236032104E-1,9.799970856E0,9.824155760E0
2.576313938E1,3.014730835E-1,6.421646118E-1,9.805509338E0,9.831138021E0
2.577317137E1,3.029699707E-1,6.523434448E-1,9.832602997E0,9.858875416E0
2.578320237E1,2.857557678E-1,6.477030945E-1,9.838590546E0,9.864027554E0
2.579323438E1,3.077600098E-1,6.617738342E-1,9.873617706E0,9.900554906E0
2.580326537E1,3.125500488E-1,6.747967529E-1,9.871971130E0,9.899942030E0
2.581329737E1,2.978805542E-1,6.548881531E-1,9.852661285E0,9.878893952E0
2.582332938E1,2.821632385E-1,6.658154297E-1,9.834698639E0,9.861248582E0
2.583336038E1,2.818638611E-1,6.679110718E-1,9.810898132E0,9.837645785E0
2.584339237E1,2.784210205E-1,6.738986206E-1,9.803413696E0,9.830492242E0
2.585342337E1,3.050656128E-1,6.709048462E-1,9.821376343E0,9.848990385E0
2.586345538E1,3.074606323E-1,6.547384644E-1,9.839638367E0,9.866189623E0
2.587348637E1,3.100053406E-1,6.457571411E-1,9.838590546E0,9.864632255E0
2.588351837E1,3.255729675E-1,6.463558960E-1,9.850415955E0,9.876966547E0
2.589355038E1,3.170407104E-1,6.565347290E-1,9.863738251E0,9.890646336E0
2.590358137E1,3.152444458E-1,6.494993591E-1,9.843530273E0,9.869970452E0
2.591361337E1,3.149450684E-1,6.239025879E-1,9.821226654E0,9.846062047E0
2.592364437E1,3.055146790E-1,6.159690857E-1,9.832453308E0,9.856464639E0
2.593367638E1,3.028202820E-1,6.164181519E-1,9.842183075E0,9.866115707E0
2.594370737E1,3.128494263E-1,6.099815369E-1,9.836644592E0,9.860503490E0
2.595373937E1,3.028202820E-1,6.322851562E-1,9.856104126E0,9.881005677E0
2.596377138E1,2.999761963E-1,6.179150391E-1,9.843380585E0,9.867317064E0
2.597380237E1,2.945874023E-1,6.176156616E-1,9.840237122E0,9.864000074E0
2.598383437E1,2.676434326E-1,6.402186584E-1,9.847721558E0,9.872139222E0
2.599386537E1,2.817141724E-1,6.515950012E-1,9.856253815E0,9.881785172E0
2.600389738E1,2.945874023E-1,6.737489319E-1,9.854756927E0,9.882153281E0
2.601392837E1,3.032693481E-1,6.972500610E-1,9.825867004E0,9.855241871E0
2.602396037E1,3.044668579E-1,6.930587769E-1,9.783056030E0,9.812299212E0
2.603399238E1,2.936892700E-1,6.786886597E-1,9.776320038E0,9.804249342E0
2.604402337E1,2.888992310E-1,6.511459351E-1,9.809850311E0,9.835680806E0
2.605405537E1,2.731819153E-1,6.361770630E-1,9.819280701E0,9.843659030E0
2.606408638E1,2.592608643E-1,6.216572571E-1,9.857601013E0,9.880585594E0
2.607411838E1,2.691403198E-1,6.132746887E-1,9.865983582E0,9.888689215E0
2.608414937E1,2.884501648E-1,6.364764404E-1,9.849068756E0,9.873827076E0
2.609418137E1,2.996768188E-1,6.548881531E-1,9.828561401E0,9.854912679E0
2.610421238E1,3.050656128E-1,6.572831726E-1,9.830956421E0,9.857626000E0
2.611424400E1,3.275189209E-1,6.448590088E-1,9.920320587E0,9.946651313E0
2.612427600E1,3.749702454E-1,6.465055847E-1,1.003378464E1,1.006158071E1
2.613430700E1,3.969744873E-1,6.412664795E-1,9.949060822E0,9.977606059E0
2.614433900E1,3.203338623E-1,6.301895142E-1,9.764644318E0,9.790200777E0
2.615437000E1,2.191442871E-1,6.014492798E-1,9.713301086E0,9.734371241E0
2.616440200E1,2.206411743E-1,6.002517700E-1,9.737550659E0,9.758528452E0
2.617443300E1,2.891986084E-1,6.090834045E-1,9.789193268E0,9.812386217E0
2.618446500E1,3.234773254E-1,6.228547668E-1,9.819879456E0,9.844928550E0
2.619449700E1,3.180885315E-1,6.444099426E-1,9.803563385E0,9.829867727E0
2.620452800E1,3.132984924E-1,6.676116943E-1,9.767189026E0,9.794990699E0
2.621456000E1,3.040177917E-1,7.024891663E-1,9.799222412E0,9.829073086E0
2.622459100E1,3.055146790E-1,7.309300232E-1,9.851164398E0,9.882967060E0
2.623462300E1,3.071612549E-1,7.448510742E-1,9.907147980E0,9.939855746E0
2.624465400E1,3.275189209E-1,7.535330200E-1,9.933942261E0,9.967862835E0
2.625468600E1,3.329077148E-1,7.448510742E-1,9.932595062E0,9.966046124E0
2.626471700E1,3.314108276E-1,7.104226685E-1,9.909093933E0,9.940054129E0
2.627474900E1,3.173400879E-1,6.649172974E-1,9.875713348E0,9.903157773E0
2.628478100E1,2.981799316E-1,6.340814209E-1,9.853858795E0,9.878739984E0
2.629481200E1,2.815644836E-1,6.125262451E-1,9.819131012E0,9.842245719E0
2.630484400E1,2.556683350E-1,5.897735596E-1,9.804611206E0,9.825660286E0
2.631487500E1,2.372566223E-1,5.812413025E-1,9.797426147E0,9.817519609E0
2.632490700E1,2.520758057E-1,5.842350769E-1,9.817035370E0,9.837634690E0
2.633493800E1,2.900967407E-1,5.996530151E-1,9.845027161E0,9.867537669E0
2.634497000E1,3.291654968E-1,6.201603699E-1,9.866432648E0,9.891382209E0
2.635500200E1,3.493734741E-1,6.274951172E-1,9.873168640E0,9.899256080E0
2.636503300E1,3.606001282E-1,6.236032104E-1,9.862091675E0,9.888365164E0
2.637506500E1,3.403921509E-1,6.319857788E-1,9.825867004E0,9.852052336E0
2.638509600E1,3.179388428E-1,6.439608765E-1,9.793085175E0,9.819383278E0
2.639512800E1,2.866539001E-1,6.491999817E-1,9.795330505E0,9.821004571E0
2.640515900E1,2.642005920E-1,6.646179199E-1,9.807904358E0,9.833946656E0
2.641519100E1,2.785707092E-1,6.713539124E-1,9.781409454E0,9.808378491E0
2.642522300E1,2.782713318E-1,6.930587769E-1,9.822873230E0,9.851223472E0
2.643525400E1,2.615061951E-1,7.116201782E-1,9.834399261E0,9.863579350E0
2.644528600E1,2.903961182E-1,7.126679993E-1,9.834998016E0,9.865060140E0
2.645531700E1,3.323089600E-1,7.036866760E-1,9.832602997E0,9.863350641E0
2.646534900E1,3.399430847E-1,6.731501770E-1,9.870324554E0,9.899090831E0
2.647538000E1,3.167413330E-1,6.619235229E-1,9.867630157E0,9.894877096E0
2.648541200E1,3.282673645E-1,6.420149231E-1,9.836943970E0,9.863336620E0
2.649544300E1,3.180885315E-1,6.477030945E-1,9.842482452E0,9.868898644E0
2.650547500E1,2.787203979E-1,6.496490479E-1,9.864786072E0,9.890082567E0
2.651550700E1,2.790197754E-1,6.643185425E-1,9.884844360E0,9.911070537E0
2.652553800E1,3.007246399E-1,6.822811890E-1,9.888736267E0,9.916806335E0
2.653557000E1,3.254232788E-1,6.819818115E-1,9.874216461E0,9.903087914E0
2.654560100E1,3.122506714E-1,6.869215393E-1,9.857002258E0,9.885841148E0
2.655563300E1,3.070115662E-1,6.885681152E-1,9.858050079E0,9.886836376E0
2.656566400E1,3.091072083E-1,6.848258972E-1,9.848470001E0,9.877089406E0
2.657569600E1,2.974314880E-1,6.779402161E-1,9.815388794E0,9.843268035E0
2.658572800E1,2.888992310E-1,6.623725891E-1,9.781559143E0,9.808215917E0
2.659575900E1,2.824626160E-1,6.373745728E-1,9.790091400E0,9.814882633E0
2.660579100E1,2.850073242E-1,6.099815369E-1,9.796677704E0,9.819786183E0
2.661582200E1,2.936892700E-1,5.959107971E-1,9.814640350E0,9.837099586E0
2.662585400E1,2.941383362E-1,5.866300964E-1,9.837842102E0,9.859705343E0
2.663588500E1,3.032693481E-1,5.878276062E-1,9.841135254E0,9.863339023E0
2.664591700E1,3.164419556E-1,6.114784241E-1,9.837542725E0,9.861606777E0
2.665594900E1,3.097059631E-1,6.291416931E-1,9.813592529E0,9.838614505E0
2.666598000E1,3.201841736E-1,6.514453125E-1,9.805359650E0,9.832190842E0
2.667601200E1,2.921923828E-1,6.556365967E-1,9.821975098E0,9.848168893E0
2.668604300E1,2.878514099E-1,6.601272583E-1,9.850865021E0,9.877153846E0
2.669607500E1,2.863545227E-1,6.553372192E-1,9.870324554E0,9.896199907E0
2.670610600E1,2.800675964E-1,6.628216553E-1,9.875563660E0,9.901743685E0
2.671613800E1,2.797682190E-1,6.758445740E-1,9.869725800E0,9.896793597E0
2.672617000E1,2.742297363E-1,6.840774536E-1,9.846973114E0,9.874514845E0
2.673620100E1,2.748284912E-1,7.035369873E-1,9.811945953E0,9.840974463E0
2.674623300E1,2.646496582E-1,6.976991272E-1,9.794881439E0,9.823264525E0
2.675626400E1,2.751278687E-1,6.971003723E-1,9.816735992E0,9.845300900E0
2.676629600E1,2.941383362E-1,6.903643799E-1,9.846224670E0,9.874779015E0
2.677632700E1,2.947370911E-1,6.665638733E-1,9.858499146E0,9.885402508E0
2.678635900E1,3.044668579E-1,6.490502930E-1,9.848020935E0,9.874081359E0
2.679639000E1,2.984793091E-1,6.463558960E-1,9.860594788E0,9.886262965E0
2.680642200E1,3.040177917E-1,6.418652344E-1,9.839788055E0,9.865386296E0
2.681645400E1,3.132984924E-1,6.390211487E-1,9.822124786E0,9.847874862E0
2.682648500E1,3.180885315E-1,6.517446899E-1,9.832453308E0,9.859162719E0
2.683651700E1,3.152444458E-1,6.544390869E-1,9.845326538E0,9.872088139E0
2.684654800E1,3.110531616E-1,6.554869080E-1,9.858499146E0,9.885161737E0
2.685658000E1,3.016227722E-1,6.475534058E-1,9.834998016E0,9.860907042E0
2.686661100E1,2.891986084E-1,6.489006042E-1,9.835297394E0,9.860921998E0
2.687664300E1,2.862048340E-1,6.587800598E-1,9.845625916E0,9.871790822E0
2.688667500E1,2.793191528E-1,6.617738342E-1,9.851463776E0,9.877616227E0
2.689670600E1,2.950364685E-1,6.701564026E-1,9.842183075E0,9.869383152E0
2.690673800E1,2.978805542E-1,6.933581543E-1,9.802964630E0,9.831967956E0
2.691676900E1,3.038681030E-1,6.971003723E-1,9.767787781E0,9.797344685E0
2.692680100E1,2.790197754E-1,6.849755859E-1,9.781259766E0,9.809183768E0
2.693683200E1,2.851570129E-1,6.701564026E-1,9.817484436E0,9.844461630E0
2.694686400E1,2.851570129E-1,6.379733276E-1,9.853858795E0,9.878606058E0
2.695689600E1,2.914439392E-1,6.357279968E-1,9.872120819E0,9.896861074E0
2.696692700E1,2.817141724E-1,6.331832886E-1,9.838291168E0,9.862669875E0
2.697695900E1,2.616558838E-1,6.378236389E-1,9.772877197E0,9.797163442E0
2.698699000E1,2.591111755E-1,6.409671021E-1,9.794282684E0,9.818653203E0
2.699702200E1,2.827619934E-1,6.417155457E-1,9.906249847E0,9.931039182E0
2.700705300E1,3.477268982E-1,6.496490479E-1,1.005818390E1,1.008513863E1
2.701708500E1,4.061054993E-1,6.770420837E-1,1.000609222E1,1.003719031E1
2.702711600E1,3.423381042E-1,6.613247681E-1,9.812245331E0,9.840462604E0
2.703714800E1,2.430944824E-1,6.445596313E-1,9.720336456E0,9.744716151E0
2.704718000E1,2.174977112E-1,6.424639893E-1,9.730814667E0,9.754425627E0
2.705721100E1,2.493814087E-1,6.393205261E-1,9.803264008E0,9.827253280E0
2.706724300E1,3.020718384E-1,6.629713440E-1,9.829609222E0,9.856571202E0
2.707727400E1,3.104544067E-1,6.527925110E-1,9.797875214E0,9.824503993E0
2.708730600E1,2.871029663E-1,6.562353516E-1,9.758357391E0,9.784610975E0
2.709733700E1,2.770738220E-1,6.725514221E-1,9.777218170E0,9.804238393E0
2.710736900E1,2.854563904E-1,7.068301392E-1,9.822124786E0,9.851661257E0
2.711740154E1,2.853067017E-1,7.316784668E-1,9.875563660E0,9.906740679E0
2.712743254E1,3.038681030E-1,7.493417358E-1,9.910590820E0,9.943523484E0
2.713746454E1,3.362008667E-1,7.668553162E-1,9.924811249E0,9.960069097E0
2.714749554E1,3.526666260E-1,7.536827087E-1,9.921218719E0,9.956053046E0
2.715752754E1,3.480262756E-1,7.261399841E-1,9.908644867E0,9.941310007E0
2.716755854E1,3.209326172E-1,6.920109558E-1,9.895771637E0,9.925128372E0
2.717759054E1,2.959346008E-1,6.384223938E-1,9.850415955E0,9.875517957E0
2.718762154E1,2.782713318E-1,5.939648438E-1,9.815388794E0,9.837280434E0
2.719765354E1,2.514770508E-1,6.042933655E-1,9.798024902E0,9.819862686E0
2.720768554E1,2.474354553E-1,5.971083069E-1,9.786798248E0,9.808118198E0
2.721771654E1,2.591111755E-1,5.942642212E-1,9.787397003E0,9.808844410E0
2.722774854E1,2.842588806E-1,6.072871399E-1,9.824370117E0,9.847225446E0
2.723777954E1,3.195854187E-1,6.349795532E-1,9.848020935E0,9.873644221E0
2.724781154E1,3.406915283E-1,6.370751953E-1,9.849667511E0,9.876127055E0
2.725784254E1,3.411405945E-1,6.487509155E-1,9.847721558E0,9.874962002E0
2.726787454E1,3.305126953E-1,6.616241455E-1,9.835896149E0,9.863662514E0
2.727790654E1,2.969824219E-1,6.803352356E-1,9.818083191E0,9.846106445E0
2.728793754E1,2.755769348E-1,6.858737183E-1,9.805060272E0,9.832882199E0
2.729796954E1,2.718347168E-1,6.944059753E-1,9.793683929E0,9.822033327E0
2.730800054E1,2.594105530E-1,7.237449646E-1,9.800270233E0,9.830381338E0
2.731803254E1,2.324665833E-1,7.370672607E-1,9.820777588E0,9.851141116E0
2.732806354E1,2.576142883E-1,7.424560547E-1,9.834848328E0,9.866197228E0
2.733809554E1,2.957849121E-1,7.400610352E-1,9.847272491E0,9.879471371E0
2.734812754E1,3.279679871E-1,7.116201782E-1,9.892328796E0,9.923312718E0
2.735815854E1,3.460803223E-1,6.935078430E-1,9.883796539E0,9.914139335E0
2.736819054E1,3.370989990E-1,6.608757019E-1,9.851314087E0,9.879209567E0
2.737822154E1,3.216810608E-1,6.330335999E-1,9.832303619E0,9.857910768E0
2.738825354E1,2.881507874E-1,6.563850403E-1,9.837542725E0,9.863626060E0
2.739828454E1,2.833607483E-1,6.644682312E-1,9.861941986E0,9.888362406E0
2.740831654E1,2.815644836E-1,6.888674927E-1,9.884844360E0,9.912818217E0
2.741834854E1,2.993774414E-1,6.861730957E-1,9.884395294E0,9.912705519E0
2.742837954E1,3.028202820E-1,6.825805664E-1,9.870025177E0,9.898232840E0
2.743841154E1,3.010240173E-1,7.014413452E-1,9.858499146E0,9.888004896E0
2.744844254E1,2.944377136E-1,6.935078430E-1,9.852062531E0,9.880829054E0
2.745847454E1,2.926414490E-1,6.816824341E-1,9.819280701E0,9.847263754E0
2.746850554E1,2.947370911E-1,6.782395935E-1,9.808203735E0,9.836042874E0
2.747853754E1,2.854563904E-1,6.649172974E-1,9.787097626E0,9.813810692E0
2.748856954E1,2.746788025E-1,6.529421997E-1,9.791438599E0,9.817028664E0
2.749860054E1,2.839595032E-1,6.462062073E-1,9.810598755E0,9.835957675E0
2.750863254E1,2.971321106E-1,6.258485413E-1,9.845027161E0,9.869373520E0
2.751866354E1,3.074606323E-1,6.348298645E-1,9.859546967E0,9.884746197E0
2.752869554E1,3.137475586E-1,6.201603699E-1,9.843380585E0,9.867886185E0
2.753872654E1,3.025209045E-1,6.212081909E-1,9.829908600E0,9.854162653E0
2.754875854E1,2.863545227E-1,6.366261292E-1,9.794881439E0,9.819724749E0
2.755878954E1,2.755769348E-1,6.539900208E-1,9.810149689E0,9.835785810E0
2.756882154E1,2.577639771E-1,6.608757019E-1,9.818232880E0,9.843825265E0
2.757885354E1,2.755769348E-1,6.740483093E-1,9.846224670E0,9.873116227E0
2.758888454E1,2.809657288E-1,6.999444580E-1,9.869426422E0,9.898203973E0
2.759891654E1,2.763253784E-1,6.960525513E-1,9.862690430E0,9.891082215E0
2.760894754E1,2.829116821E-1,7.039860535E-1,9.860894165E0,9.890038884E0
2.761897954E1,2.704875183E-1,7.101232910E-1,9.834249573E0,9.863564429E0
2.762901054E1,2.640509033E-1,7.095245361E-1,9.820478210E0,9.849616248E0
2.763904254E1,2.612068176E-1,7.072792053E-1,9.840087433E0,9.868930720E0
2.764907454E1,2.541714478E-1,6.994953918E-1,9.834399261E0,9.862520254E0
2.765910554E1,2.553689575E-1,6.851252747E-1,9.827363892E0,9.854526422E0
2.766913754E1,2.695893860E-1,6.734495544E-1,9.849068756E0,9.875746458E0
2.767916854E1,2.927911377E-1,6.713539124E-1,9.859996033E0,9.887161599E0
2.768920054E1,3.195854187E-1,6.728507996E-1,9.854307861E0,9.882421083E0
2.769923154E1,3.059637451E-1,6.719526672E-1,9.851912842E0,9.879540518E0
2.770926354E1,2.859054565E-1,6.484515381E-1,9.830806732E0,9.856317382E0
2.771929554E1,2.721340942E-1,6.459068298E-1,9.830956421E0,9.855909737E0
2.772932654E1,2.926414490E-1,6.565347290E-1,9.855655060E0,9.881832498E0
2.773935854E1,2.950364685E-1,6.641688538E-1,9.868228912E0,9.894953696E0
2.774938954E1,2.965333557E-1,6.872209167E-1,9.862690430E0,9.891049850E0
2.775942154E1,3.219804382E-1,7.270381165E-1,9.840686188E0,9.872758504E0
2.776945254E1,3.138972473E-1,7.191046143E-1,9.787546692E0,9.818946643E0
2.777948454E1,2.884501648E-1,7.035369873E-1,9.784253540E0,9.813754894E0
2.778951554E1,2.731819153E-1,7.000941467E-1,9.798024902E0,9.826802744E0
2.779954754E1,2.609074402E-1,6.888674927E-1,9.809251556E0,9.836870804E0
2.780957954E1,2.612068176E-1,6.770420837E-1,9.797725525E0,9.824563117E0
2.781961054E1,2.556683350E-1,6.622229004E-1,9.765692139E0,9.791457931E0
2.782964254E1,2.567161560E-1,6.553372192E-1,9.737550659E0,9.762953595E0
2.783967354E1,2.737806702E-1,6.354286194E-1,9.875413971E0,9.899622542E0
2.784970554E1,3.230282593E-1,6.577322388E-1,1.003722748E1,1.006394030E1
2.785973654E1,3.847000122E-1,6.810836792E-1,1.008946884E1,1.011974558E1
2.786976854E1,3.514691162E-1,6.845265198E-1,9.908195801E0,9.938030545E0
2.787980054E1,2.936892700E-1,6.863227844E-1,9.736053772E0,9.764631862E0
2.788983154E1,2.183958435E-1,6.857240295E-1,9.695338440E0,9.722011194E0
2.789986354E1,2.267784119E-1,6.897656250E-1,9.765991516E0,9.792946204E0
2.790989454E1,2.709365845E-1,6.670129395E-1,9.833351440E0,9.859671062E0
2.791992654E1,3.061134338E-1,6.658154297E-1,9.840536499E0,9.867784666E0
2.792995754E1,3.231779480E-1,6.605763245E-1,9.815538483E0,9.843048347E0
2.793998954E1,2.851570129E-1,6.640191650E-1,9.783804474E0,9.810456970E0
2.795002154E1,2.619552612E-1,6.827302551E-1,9.802066498E0,9.829305611E0
2.796005254E1,2.562670898E-1,7.144642639E-1,9.825867004E0,9.855140506E0
2.797008454E1,2.613565063E-1,7.631130981E-1,9.860295410E0,9.893233769E0
2.798011554E1,2.734812927E-1,7.851173401E-1,9.873318329E0,9.908259992E0
2.799014754E1,3.147953796E-1,7.981402588E-1,9.890831909E0,9.927974610E0
2.800017854E1,3.372486877E-1,7.987390137E-1,9.884544983E0,9.922497176E0
2.801021054E1,3.474275208E-1,7.637118530E-1,9.900262299E0,9.935751369E0
2.802024154E1,3.365002441E-1,7.226971436E-1,9.890233154E0,9.922309984E0
2.803027354E1,3.264710999E-1,6.837780762E-1,9.859696655E0,9.888769083E0
2.804030554E1,2.900967407E-1,6.578819275E-1,9.810898132E0,9.837209305E0
2.805033654E1,2.564167786E-1,6.385720825E-1,9.783205719E0,9.807376714E0
2.806036854E1,2.306703186E-1,6.180647278E-1,9.782906342E0,9.805124644E0
2.807039954E1,2.468367004E-1,6.098318481E-1,9.782756653E0,9.804853439E0
2.808043154E1,2.698887634E-1,6.339317322E-1,9.822723541E0,9.846857730E0
2.809046254E1,3.058140564E-1,6.381230164E-1,9.851613464E0,9.876994030E0
2.810049454E1,3.372486877E-1,6.689588928E-1,9.879156189E0,9.907520865E0
2.811052625E1,3.300636292E-1,6.902146912E-1,9.862690430E0,9.892320296E0
2.812055725E1,3.188369751E-1,6.908134460E-1,9.837093658E0,9.866473123E0
2.813058925E1,2.980302429E-1,7.033872986E-1,9.824669495E0,9.854324249E0
2.814062025E1,2.778222656E-1,7.328759766E-1,9.828411713E0,9.859613035E0
2.815065225E1,2.589614868E-1,7.261399841E-1,9.784103851E0,9.814429607E0
2.816068325E1,2.387535095E-1,7.382647705E-1,9.789043579E0,9.819746041E0
2.817071525E1,2.339634705E-1,7.445516968E-1,9.806257782E0,9.837265261E0
2.818074725E1,2.442919922E-1,7.490423584E-1,9.798923035E0,9.830546052E0
2.819077825E1,3.019221497E-1,7.303312683E-1,9.829908600E0,9.861624807E0
2.820081025E1,3.198847961E-1,7.137158203E-1,9.884844360E0,9.915738227E0
2.821084125E1,3.272195435E-1,6.912625122E-1,9.886191559E0,9.915729929E0
2.822087325E1,3.209326172E-1,6.834786987E-1,9.839488678E0,9.868418228E0
2.823090425E1,2.986289978E-1,6.834786987E-1,9.820029144E0,9.848314313E0
2.824093625E1,2.921923828E-1,6.926097107E-1,9.837093658E0,9.865773981E0
2.825096825E1,2.805166626E-1,6.848258972E-1,9.866133270E0,9.893849696E0
2.826099925E1,2.842588806E-1,7.002438354E-1,9.872120819E0,9.901005707E0
2.827103125E1,2.871029663E-1,7.161108398E-1,9.867181091E0,9.897297891E0
2.828106225E1,3.016227722E-1,7.189549255E-1,9.868827667E0,9.899577365E0
2.829109425E1,2.998265076E-1,7.300318909E-1,9.883646851E0,9.915105525E0
2.830112525E1,3.011737061E-1,7.337741089E-1,9.889035645E0,9.920794123E0
2.831115725E1,3.064128113E-1,7.059320068E-1,9.849517822E0,9.879535927E0
2.832118925E1,2.842588806E-1,6.951544189E-1,9.821675720E0,9.850348051E0
2.833122025E1,2.803669739E-1,6.836283875E-1,9.796078949E0,9.823905343E0
2.834125225E1,2.763253784E-1,6.610253906E-1,9.788594513E0,9.814779306E0
2.835128325E1,2.766247559E-1,6.538403320E-1,9.801916809E0,9.827593885E0
2.836131525E1,2.884501648E-1,6.502478027E-1,9.824220428E0,9.849940748E0
2.837134625E1,3.077600098E-1,6.441105652E-1,9.838590546E0,9.864454297E0
2.838137825E1,3.065625000E-1,6.521937561E-1,9.834399261E0,9.860768028E0
2.839140925E1,3.094065857E-1,6.644682312E-1,9.819131012E0,9.846450340E0
2.840144125E1,2.865042114E-1,6.789880371E-1,9.806557159E0,9.834209309E0
2.841147325E1,2.694396973E-1,6.873706055E-1,9.807904358E0,9.835652698E0
2.842150425E1,2.622546387E-1,6.900650024E-1,9.812844086E0,9.840572964E0
2.843153625E1,2.719844055E-1,7.021897888E-1,9.852810974E0,9.881544925E0
2.844156725E1,2.713856506E-1,7.171586609E-1,9.861492920E0,9.891259239E0
2.845159925E1,2.719844055E-1,7.194039917E-1,9.854906616E0,9.884872383E0
2.846163025E1,2.653981018E-1,7.279362488E-1,9.850415955E0,9.880841149E0
2.847166225E1,2.734812927E-1,7.282356262E-1,9.846524048E0,9.877203803E0
2.848169425E1,2.709365845E-1,7.402107239E-1,9.824370117E0,9.855940683E0
2.849172525E1,2.734812927E-1,7.394622803E-1,9.825118561E0,9.856700828E0
2.850175725E1,2.697390747E-1,7.264393616E-1,9.812694397E0,9.843243604E0
2.851178825E1,2.544708252E-1,7.135661316E-1,9.828860779E0,9.858013808E0
2.852182025E1,2.582130432E-1,6.966513062E-1,9.834698639E0,9.862722461E0
2.853185125E1,2.619552612E-1,6.866221619E-1,9.834848328E0,9.862267091E0
2.854188325E1,2.866539001E-1,6.924600220E-1,9.834848328E0,9.863362153E0
2.855191525E1,3.029699707E-1,6.854246521E-1,9.849517822E0,9.877985578E0
2.856194625E1,3.188369751E-1,6.701564026E-1,9.858798523E0,9.886691810E0
2.857197825E1,3.173400879E-1,6.807843018E-1,9.845476227E0,9.874085990E0
2.858200925E1,2.953358459E-1,6.813830566E-1,9.834099884E0,9.862100520E0
2.859204125E1,2.770738220E-1,6.773414612E-1,9.823322296E0,9.850544264E0
2.860207225E1,2.671943665E-1,6.724017334E-1,9.845027161E0,9.871579241E0
2.861210425E1,2.781216431E-1,6.873706055E-1,9.867779846E0,9.895600492E0
2.862213625E1,2.888992310E-1,6.976991272E-1,9.855804749E0,9.884691906E0
2.863216725E1,2.971321106E-1,7.264393616E-1,9.810299377E0,9.841644960E0
2.864219925E1,2.838098145E-1,7.285350037E-1,9.782008209E0,9.813205178E0
2.865223025E1,2.659968567E-1,7.189549255E-1,9.790989532E0,9.820953443E0
2.866226225E1,2.516267395E-1,7.063810730E-1,9.791887665E0,9.820557738E0
2.867229325E1,2.621049500E-1,7.054829407E-1,9.848020935E0,9.876736380E0
2.868232525E1,2.769241333E-1,6.971003723E-1,9.856403503E0,9.884903941E0
2.869235725E1,2.646496582E-1,6.792874146E-1,9.773326263E0,9.800478411E0
2.870238825E1,2.564167786E-1,6.759942627E-1,9.767937469E0,9.794657739E0
2.871242025E1,2.665956116E-1,6.797364807E-1,9.880054321E0,9.906996936E0
2.872245125E1,3.141966248E-1,6.866221619E-1,1.001836670E1,1.004678261E1
2.873248325E1,3.486250305E-1,6.988966370E-1,1.007449997E1,1.010472887E1
2.874251425E1,3.462300110E-1,7.182064819E-1,9.888736267E0,9.920826615E0
2.875254625E1,2.529739380E-1,6.956034851E-1,9.724228363E0,9.752357524E0
2.876257825E1,1.953437805E-1,6.933581543E-1,9.687854004E0,9.714598289E0
2.877260925E1,2.142045593E-1,6.954537964E-1,9.752519531E0,9.779630708E0
2.878264125E1,2.900967407E-1,6.887178040E-1,9.815987549E0,9.844394338E0
2.879267225E1,3.135978699E-1,6.825805664E-1,9.848470001E0,9.877075540E0
2.880270425E1,3.176394653E-1,6.680607605E-1,9.823771362E0,9.851582806E0
2.881273525E1,2.874023438E-1,6.756948853E-1,9.810000000E0,9.837441928E0
2.882276725E1,2.715353394E-1,6.996450806E-1,9.819879456E0,9.848515990E0
2.883279825E1,2.650987244E-1,7.313790894E-1,9.846524048E0,9.877207527E0
2.884283025E1,2.689906311E-1,7.728428650E-1,9.864187317E0,9.898072210E0
2.885286225E1,2.733316040E-1,7.897576904E-1,9.871821442E0,9.907133084E0
2.886289325E1,2.914439392E-1,8.068222046E-1,9.873917084E0,9.911111957E0
2.887292525E1,3.026705933E-1,7.899073792E-1,9.880503387E0,9.916648141E0
2.888295625E1,3.134481812E-1,7.695497131E-1,9.891730042E0,9.926569384E0
2.889298825E1,3.106040955E-1,7.358697510E-1,9.867330780E0,9.899605847E0
2.890301925E1,2.868035889E-1,6.896159363E-1,9.836943970E0,9.865256870E0
2.891305125E1,2.739303589E-1,6.623725891E-1,9.814790039E0,9.840928757E0
2.892308325E1,2.362088013E-1,6.360273743E-1,9.800868988E0,9.824324829E0
2.893311425E1,2.320175171E-1,6.333329773E-1,9.772278442E0,9.795527997E0
2.894314625E1,2.432441711E-1,6.297404480E-1,9.789492645E0,9.812742074E0
2.895317725E1,2.652484131E-1,6.460565186E-1,9.820178833E0,9.844981364E0
2.896320925E1,2.927911377E-1,6.679110718E-1,9.852661285E0,9.879613669E0
2.897324025E1,3.170407104E-1,6.861730957E-1,9.850116577E0,9.879076116E0
2.898327225E1,3.233276367E-1,6.959028625E-1,9.848619690E0,9.878468067E0
2.899330425E1,3.126997375E-1,7.135661316E-1,9.832902374E0,9.863717699E0
2.900333525E1,2.877017212E-1,7.159611511E-1,9.843679962E0,9.873875017E0
2.901336725E1,2.703378296E-1,7.240443420E-1,9.825717316E0,9.856066331E0
2.902339825E1,2.628533936E-1,7.572752380E-1,9.795779572E0,9.828522529E0
2.903343025E1,2.263293457E-1,7.734416199E-1,9.799072723E0,9.832154553E0
2.904346125E1,2.143542480E-1,7.893086243E-1,9.812544708E0,9.846572475E0
2.905349325E1,2.468367004E-1,7.782316589E-1,9.784253540E0,9.818258003E0
2.906352525E1,2.942880249E-1,7.596702576E-1,9.829309845E0,9.863013554E0
2.907355625E1,3.270698547E-1,7.273374939E-1,9.884694672E0,9.916813161E0
2.908358825E1,3.248245239E-1,7.057823181E-1,9.895023193E0,9.925478510E0
2.909361925E1,3.080593872E-1,6.938072205E-1,9.846973114E0,9.876190994E0
2.910365125E1,2.859054565E-1,6.993457031E-1,9.830507355E0,9.859498019E0
2.911368250E1,2.794688416E-1,6.906637573E-1,9.836794281E0,9.864970400E0
2.912371450E1,2.716850281E-1,6.981481934E-1,9.860594788E0,9.889011741E0
2.913374650E1,2.628533936E-1,7.244934082E-1,9.879455566E0,9.909471474E0
2.914377750E1,2.516267395E-1,7.232958984E-1,9.882149963E0,9.911778895E0
2.915380950E1,2.751278687E-1,7.331753540E-1,9.857900391E0,9.888955534E0
2.916384050E1,2.905458069E-1,7.340734863E-1,9.864337006E0,9.895879209E0
2.917387250E1,3.040177917E-1,7.234455872E-1,9.843679962E0,9.874909394E0
2.918390350E1,3.086581421E-1,7.280859375E-1,9.855355682E0,9.887032649E0
2.919393550E1,3.065625000E-1,7.321275330E-1,9.827663269E0,9.859663109E0
2.920396650E1,2.915936279E-1,7.039860535E-1,9.789492645E0,9.819103292E0
2.921399850E1,2.652484131E-1,6.918612671E-1,9.778715057E0,9.806747519E0
2.922403050E1,2.534230042E-1,6.768923950E-1,9.795480194E0,9.822109690E0
2.923406150E1,2.656974792E-1,6.806346130E-1,9.846524048E0,9.873595822E0
2.924409350E1,2.850073242E-1,6.744973755E-1,9.867181091E0,9.894313446E0
2.925412450E1,2.824626160E-1,6.791377258E-1,9.846374359E0,9.873808850E0
2.926415650E1,2.911445618E-1,6.897656250E-1,9.815089417E0,9.843603102E0
2.927418750E1,2.761756897E-1,6.985972595E-1,9.787846069E0,9.816630879E0
2.928421950E1,2.755769348E-1,6.909631348E-1,9.802365875E0,9.830551839E0
2.929425150E1,2.730322266E-1,7.123686218E-1,9.817634125E0,9.847230852E0
2.930428250E1,2.627037048E-1,7.235952759E-1,9.837093658E0,9.867168540E0
2.931431450E1,2.588117981E-1,7.116201782E-1,9.854307861E0,9.883358248E0
2.932434550E1,2.549198914E-1,7.165599060E-1,9.874066772E0,9.903314439E0
2.933437750E1,2.595602417E-1,7.300318909E-1,9.883197784E0,9.913521903E0
2.934440850E1,2.662962341E-1,7.319778442E-1,9.854756927E0,9.885491356E0
2.935444050E1,2.704875183E-1,7.312294006E-1,9.834099884E0,9.864957195E0
2.936447250E1,2.544708252E-1,7.473957825E-1,9.809401245E0,9.841123343E0
2.937450350E1,2.526745605E-1,7.390132141E-1,9.815987549E0,9.847009522E0
2.938453550E1,2.808160400E-1,7.295828247E-1,9.844278717E0,9.875270741E0
2.939456650E1,2.770738220E-1,7.232958984E-1,9.831405487E0,9.861869027E0
2.940459850E1,2.630030823E-1,7.053332520E-1,9.824220428E0,9.853018453E0
2.941462950E1,2.622546387E-1,6.941065979E-1,9.830657043E0,9.858619547E0
2.942466150E1,2.758763123E-1,7.041357422E-1,9.858499146E0,9.887462783E0
2.943469350E1,2.896476746E-1,6.973997498E-1,9.892179108E0,9.920961127E0
2.944472450E1,3.019221497E-1,7.325765991E-1,9.875563660E0,9.907299483E0
2.945475650E1,2.963836670E-1,7.521858215E-1,9.815987549E0,9.849225266E0
2.946478750E1,2.868035889E-1,7.463479614E-1,9.784403229E0,9.817017781E0
2.947481950E1,2.528242493E-1,7.312294006E-1,9.781409454E0,9.811961448E0
2.948485050E1,2.421963501E-1,7.041357422E-1,9.806257782E0,9.834488187E0
2.949488250E1,2.341131592E-1,6.794371033E-1,9.843679962E0,9.869877352E0
2.950491450E1,2.561174011E-1,6.756948853E-1,9.838740234E0,9.865240448E0
2.951494550E1,2.499801636E-1,6.798861694E-1,9.759704590E0,9.786550412E0
2.952497750E1,2.661465454E-1,6.782395935E-1,9.777068481E0,9.804178243E0
2.953500850E1,2.832110596E-1,6.905140686E-1,9.888287201E0,9.916412756E0
2.954504050E1,3.391946411E-1,7.244934082E-1,1.002764740E1,1.005950576E1
2.955507150E1,3.806584167E-1,7.328759766E-1,1.005279510E1,1.008665938E1
2.956510350E1,3.370989990E-1,7.358697510E-1,9.855205994E0,9.888388403E0
2.957513550E1,2.167492676E-1,7.283853149E-1,9.681567078E0,9.711347306E0
2.958516650E1,1.661544800E-1,7.122189331E-1,9.682315521E0,9.709896857E0
2.959519850E1,1.983375549E-1,7.168592834E-1,9.762548676E0,9.790841724E0
2.960522950E1,2.707868958E-1,7.021897888E-1,9.847422180E0,9.876138903E0
2.961526150E1,3.330574036E-1,6.914122009E-1,9.859247589E0,9.889071801E0
2.962529250E1,3.266207886E-1,7.015910339E-1,9.823172607E0,9.853610059E0
2.963532450E1,2.885998535E-1,7.009922791E-1,9.804461517E0,9.833724915E0
2.964535650E1,2.727328491E-1,7.216493225E-1,9.816137238E0,9.846406005E0
2.965538750E1,2.531236267E-1,7.676037598E-1,9.851763153E0,9.884863394E0
2.966541950E1,2.613565063E-1,7.972421265E-1,9.875863037E0,9.911436473E0
2.967545050E1,2.568658447E-1,8.193960571E-1,9.873917084E0,9.911187040E0
2.968548250E1,2.845582581E-1,8.397537231E-1,9.858648834E0,9.898440107E0
2.969551350E1,3.001258850E-1,8.116122437E-1,9.858349457E0,9.896254038E0
2.970554550E1,3.074606323E-1,7.970924377E-1,9.863289185E0,9.900220297E0
2.971557650E1,3.095562744E-1,7.414082336E-1,9.867630157E0,9.900284651E0
2.972560850E1,2.987786865E-1,6.976991272E-1,9.858948212E0,9.888119772E0
2.973564050E1,2.800675964E-1,6.700067139E-1,9.826765137E0,9.853560773E0
2.974567150E1,2.537223816E-1,6.596781921E-1,9.798324280E0,9.823782828E0
2.975570350E1,2.369572449E-1,6.506968689E-1,9.791139221E0,9.815597914E0
2.976573450E1,2.398013306E-1,6.420149231E-1,9.818681946E0,9.842570954E0
2.977576650E1,2.615061951E-1,6.571334839E-1,9.821376343E0,9.846808781E0
2.978579750E1,2.941383362E-1,6.885681152E-1,9.848320312E0,9.876743208E0
2.979582950E1,3.219804382E-1,6.897656250E-1,9.841584320E0,9.870979179E0
2.980586150E1,3.317102051E-1,7.084767151E-1,9.849517822E0,9.880535018E0
2.981589250E1,3.168910217E-1,7.228468323E-1,9.847422180E0,9.879000509E0
2.982592450E1,3.008743286E-1,7.438032532E-1,9.844877472E0,9.877518974E0
2.983595550E1,2.737806702E-1,7.464976501E-1,9.830207977E0,9.862312278E0
2.984598750E1,2.390528870E-1,7.551795959E-1,9.779463501E0,9.811490655E0
2.985601850E1,2.089654541E-1,7.804769897E-1,9.783505096E0,9.816811237E0
2.986605050E1,2.073188782E-1,7.830216980E-1,9.798473969E0,9.831896877E0
2.987608250E1,2.603086853E-1,7.800279236E-1,9.798923035E0,9.833366505E0
2.988611350E1,2.923420715E-1,7.469467163E-1,9.853260040E0,9.885854880E0
2.989614550E1,3.216810608E-1,7.418572998E-1,9.879305878E0,9.912341579E0
2.990617650E1,3.185375977E-1,7.228468323E-1,9.854008484E0,9.885618693E0
2.991620850E1,2.989283752E-1,7.051835632E-1,9.841734009E0,9.871492812E0
2.992623950E1,2.779719543E-1,7.189549255E-1,9.836794281E0,9.866949190E0
2.993627150E1,2.603086853E-1,7.099736023E-1,9.846374359E0,9.875368912E0
2.994630350E1,2.621049500E-1,7.108717346E-1,9.863289185E0,9.892346090E0
2.995633450E1,2.644999695E-1,7.282356262E-1,9.869276733E0,9.899641943E0
2.996636650E1,2.859054565E-1,7.291337585E-1,9.874366150E0,9.905376562E0
2.997639750E1,2.844085693E-1,7.303312683E-1,9.875563660E0,9.906615446E0
2.998642950E1,2.917433167E-1,7.358697510E-1,9.872869263E0,9.904552788E0
2.999646050E1,2.888992310E-1,7.372169495E-1,9.874815216E0,9.906509332E0
3.000649250E1,2.716850281E-1,7.066804504E-1,9.846673737E0,9.875737628E0
3.001652450E1,2.719844055E-1,6.988966370E-1,9.805209961E0,9.833848403E0
3.002655550E1,2.703378296E-1,6.721023560E-1,9.785151672E0,9.811931378E0
3.003658750E1,2.622546387E-1,6.569837952E-1,9.798174591E0,9.823677037E0
3.004661850E1,2.856060791E-1,6.471043396E-1,9.839039612E0,9.864431831E0
3.005665050E1,2.826123047E-1,6.560856628E-1,9.859696655E0,9.885541778E0
3.006668150E1,2.903961182E-1,6.572831726E-1,9.845326538E0,9.871514864E0
3.007671350E1,2.850073242E-1,6.703060913E-1,9.844129028E0,9.871039244E0
3.008674550E1,2.814147949E-1,6.827302551E-1,9.814490662E0,9.842232564E0
3.009677650E1,2.656974792E-1,6.758445740E-1,9.783505096E0,9.810419614E0
3.010680850E1,2.534230042E-1,6.954537964E-1,9.790690155E0,9.818629890E0
3.011683904E1,2.523751831E-1,6.936575317E-1,9.809101868E0,9.836835541E0
3.012687104E1,2.466870117E-1,7.000941467E-1,9.834698639E0,9.862671221E0
3.013690204E1,2.504292297E-1,6.921606445E-1,9.828860779E0,9.856383990E0
3.014693404E1,2.592608643E-1,7.063810730E-1,9.865235138E0,9.893889768E0
3.015696604E1,2.580633545E-1,7.280859375E-1,9.880802765E0,9.910951978E0
3.016699704E1,2.767744446E-1,7.247927856E-1,9.880653076E0,9.911066234E0
3.017702904E1,2.603086853E-1,7.099736023E-1,9.848020935E0,9.877010654E0
3.018706004E1,2.372566223E-1,7.117698669E-1,9.822424164E0,9.851036671E0
3.019709204E1,2.432441711E-1,7.120692444E-1,9.818232880E0,9.847025298E0
3.020712304E1,2.314187622E-1,7.119195557E-1,9.828262024E0,9.856729605E0
3.021715504E1,2.604583740E-1,6.971003723E-1,9.865384827E0,9.893412216E0
3.022718604E1,2.930905151E-1,7.107220459E-1,9.866881714E0,9.896786480E0
3.023721804E1,3.028202820E-1,7.325765991E-1,9.826316071E0,9.858237982E0
3.024725004E1,2.903961182E-1,7.071295166E-1,9.818083191E0,9.847797703E0
3.025728104E1,2.728825378E-1,6.932084656E-1,9.816735992E0,9.844963606E0
3.026731304E1,2.637515259E-1,6.518943787E-1,9.838590546E0,9.863690743E0
3.027734404E1,2.683918762E-1,6.436614990E-1,9.853260040E0,9.877908065E0
3.028737604E1,2.562670898E-1,6.248007202E-1,9.823172607E0,9.846358151E0
3.029740804E1,2.516267395E-1,6.279441833E-1,9.743388519E0,9.766844411E0
3.030743904E1,2.490820312E-1,6.309379578E-1,9.755662994E0,9.779216994E0
3.031747104E1,2.601589966E-1,6.472540283E-1,9.845625916E0,9.870307500E0
3.032750204E1,3.200344849E-1,6.641688538E-1,1.000235001E1,1.002948393E1
3.033753404E1,3.803590393E-1,6.728507996E-1,1.007120682E1,1.010082214E1
3.034756504E1,3.586541748E-1,6.611750793E-1,9.910890198E0,9.939392829E0
3.035759704E1,2.540217590E-1,6.405180359E-1,9.796528015E0,9.820730704E0
3.036762804E1,1.884580994E-1,6.441105652E-1,9.755513306E0,9.778570178E0
3.037766004E1,2.032772827E-1,6.623725891E-1,9.770332489E0,9.794868863E0
3.038769204E1,2.618055725E-1,6.715036011E-1,9.786049805E0,9.812554714E0
3.039772304E1,2.977308655E-1,6.897656250E-1,9.776469727E0,9.805293499E0
3.040775504E1,3.118016052E-1,6.933581543E-1,9.752070465E0,9.781658557E0
3.041778604E1,2.790197754E-1,7.192543030E-1,9.766590271E0,9.797013030E0
3.042781804E1,2.526745605E-1,7.267387390E-1,9.807455292E0,9.837589793E0
3.043784904E1,2.463876343E-1,7.496411133E-1,9.893675995E0,9.925094123E0
3.044788104E1,2.477348328E-1,7.450007629E-1,9.928254089E0,9.959248363E0
3.045791304E1,2.493814087E-1,7.473957825E-1,9.945468292E0,9.976629245E0
3.046794404E1,2.793191528E-1,7.339237976E-1,9.915081482E0,9.946130108E0
3.047797604E1,2.914439392E-1,7.024891663E-1,9.885592804E0,9.914805882E0
3.048800704E1,3.167413330E-1,6.803352356E-1,9.855505371E0,9.884035979E0
3.049803904E1,3.070115662E-1,6.503974915E-1,9.850116577E0,9.876338875E0
3.050807004E1,3.070115662E-1,6.393205261E-1,9.836195526E0,9.861730541E0
3.051810204E1,2.695893860E-1,6.285429382E-1,9.822573853E0,9.846354744E0
3.052813404E1,2.320175171E-1,6.077362061E-1,9.799521790E0,9.821089691E0
3.053816504E1,2.149530029E-1,6.026467896E-1,9.802665253E0,9.823524520E0
3.054819704E1,2.227368164E-1,6.089337158E-1,9.812395020E0,9.833794180E0
3.055822804E1,2.597099304E-1,6.233038330E-1,9.826765137E0,9.849937562E0
3.056826004E1,2.891986084E-1,6.253994751E-1,9.834548950E0,9.858656774E0
3.057829104E1,3.125500488E-1,6.295907593E-1,9.851164398E0,9.876209397E0
3.058832304E1,3.378474426E-1,6.363267517E-1,9.833052063E0,9.859409998E0
3.059835504E1,3.185375977E-1,6.366261292E-1,9.847422180E0,9.873119194E0
3.060838604E1,2.803669739E-1,6.409671021E-1,9.827663269E0,9.852533166E0
3.061841804E1,2.661465454E-1,6.580316162E-1,9.782157898E0,9.807877076E0
3.062844904E1,2.275268555E-1,6.929090881E-1,9.794282684E0,9.821398311E0
3.063848104E1,2.134561157E-1,7.116201782E-1,9.840536499E0,9.868542211E0
3.064851204E1,2.489323425E-1,7.271878052E-1,9.859846344E0,9.889759317E0
3.065854404E1,2.903961182E-1,7.098239136E-1,9.845326538E0,9.875152380E0
3.066857604E1,2.972817993E-1,6.836283875E-1,9.853110352E0,9.881270558E0
3.067860704E1,2.811154175E-1,6.450086975E-1,9.845176849E0,9.870287194E0
3.068863904E1,2.933898926E-1,6.577322388E-1,9.842183075E0,9.868498214E0
3.069867004E1,2.975811768E-1,6.655160522E-1,9.858948212E0,9.885864960E0
3.070870204E1,2.817141724E-1,6.697073364E-1,9.868827667E0,9.895535878E0
3.071873304E1,2.802172852E-1,6.764433289E-1,9.880353699E0,9.907446014E0
3.072876504E1,2.784210205E-1,6.758445740E-1,9.885143738E0,9.912131500E0
3.073879704E1,2.924917603E-1,6.691085815E-1,9.888736267E0,9.915662493E0
3.074882804E1,3.043171692E-1,6.771917725E-1,9.893376617E0,9.921194410E0
3.075886004E1,3.026705933E-1,6.724017334E-1,9.858798523E0,9.886336121E0
3.076889104E1,2.983296204E-1,6.701564026E-1,9.847721558E0,9.875005319E0
3.077892304E1,2.793191528E-1,6.601272583E-1,9.816286926E0,9.842422273E0
3.078895404E1,2.695893860E-1,6.553372192E-1,9.780960388E0,9.806596322E0
3.079898604E1,2.689906311E-1,6.471043396E-1,9.799521790E0,9.824547180E0
3.080901804E1,2.667453003E-1,6.285429382E-1,9.822124786E0,9.845829300E0
3.081904904E1,2.688409424E-1,5.998027039E-1,9.828411713E0,9.850366264E0
3.082908104E1,2.838098145E-1,5.771997070E-1,9.854158173E0,9.875127382E0
3.083911204E1,2.890489197E-1,5.724096680E-1,9.856104126E0,9.876942373E0
3.084914404E1,2.888992310E-1,5.792953491E-1,9.836195526E0,9.857473728E0
3.085917504E1,2.933898926E-1,5.745053101E-1,9.803114319E0,9.824315973E0
3.086920704E1,2.874023438E-1,5.851332092E-1,9.784253540E0,9.805947089E0
3.087923904E1,2.859054565E-1,5.966592407E-1,9.803264008E0,9.825565092E0
3.088927004E1,2.851570129E-1,6.056405640E-1,9.832902374E0,9.855662541E0
3.089930204E1,2.751278687E-1,6.228547668E-1,9.848769379E0,9.872279457E0
3.090933304E1,2.650987244E-1,6.228547668E-1,9.850116577E0,9.873349076E0
3.091936504E1,2.606080627E-1,6.261479187E-1,9.848769379E0,9.872093803E0
3.092939604E1,2.562670898E-1,6.432124329E-1,9.857002258E0,9.881289823E0
3.093942804E1,2.490820312E-1,6.634204102E-1,9.876910858E0,9.902299561E0
3.094946004E1,2.393522644E-1,6.997947693E-1,9.874515839E0,9.902174775E0
3.095949104E1,2.594105530E-1,7.279362488E-1,9.848619690E0,9.878891376E0
3.096952304E1,2.637515259E-1,7.382647705E-1,9.821076965E0,9.852317113E0
3.097955404E1,2.543211365E-1,7.271878052E-1,9.818681946E0,9.848857624E0
3.098958604E1,2.639012146E-1,7.036866760E-1,9.831704865E0,9.860387382E0
3.099961704E1,2.752775574E-1,6.761439514E-1,9.844578094E0,9.871609101E0
3.100964904E1,2.803669739E-1,6.116281128E-1,9.868677979E0,9.891587316E0
3.101968104E1,2.743794250E-1,5.845344543E-1,9.854457550E0,9.875591031E0
3.102971204E1,2.659968567E-1,5.764512634E-1,9.814640350E0,9.835152037E0
3.103974404E1,2.653981018E-1,5.959107971E-1,9.798024902E0,9.819716789E0
3.104977504E1,2.653981018E-1,5.915698242E-1,9.808054047E0,9.829461592E0
3.105980704E1,3.017724609E-1,5.902226257E-1,9.897567902E0,9.919741919E0
3.106983804E1,3.838018799E-1,5.965095520E-1,1.002390518E1,1.004897023E1
3.107987004E1,4.059558105E-1,5.887257385E-1,9.947414246E0,9.973086197E0
3.108990204E1,3.436853027E-1,5.831872559E-1,9.792785797E0,9.816154065E0
3.109993304E1,2.540217590E-1,5.869294739E-1,9.735455017E0,9.756438779E0
3.110996504E1,2.444416809E-1,6.059399414E-1,9.765692139E0,9.787525627E0
3.111999617E1,2.713856506E-1,6.384223938E-1,9.799521790E0,9.824045024E0
3.113002817E1,2.841091919E-1,6.225553894E-1,9.793683929E0,9.817562740E0
3.114005917E1,2.683918762E-1,6.218069458E-1,9.761800232E0,9.785265548E0
3.115009117E1,2.426454163E-1,6.515950012E-1,9.743538208E0,9.768315600E0
3.116012317E1,2.438429260E-1,6.713539124E-1,9.795629883E0,9.821636333E0
3.117015417E1,2.472857666E-1,6.933581543E-1,9.871222687E0,9.898632891E0
3.118018617E1,2.588117981E-1,7.264393616E-1,9.924362183E0,9.954278599E0
3.119021717E1,2.891986084E-1,7.207511902E-1,9.939480743E0,9.969774098E0
3.120024917E1,3.200344849E-1,7.120692444E-1,9.931696930E0,9.962332487E0
3.121028017E1,3.218307495E-1,6.834786987E-1,9.898765411E0,9.927551301E0
3.122031217E1,3.071612549E-1,6.530918884E-1,9.884095917E0,9.910410140E0
3.123034417E1,3.071612549E-1,6.195616150E-1,9.869576111E0,9.893772649E0
3.124037517E1,2.905458069E-1,5.885760498E-1,9.842033386E0,9.863896786E0
3.125040717E1,2.659968567E-1,5.703140259E-1,9.801318054E0,9.821499275E0
3.126043817E1,2.480342102E-1,5.737568665E-1,9.788145447E0,9.808083870E0
3.127047017E1,2.471360779E-1,5.872288513E-1,9.802365875E0,9.823048952E0
3.128050117E1,2.561174011E-1,5.963598633E-1,9.824519806E0,9.845934726E0
3.129053317E1,2.805166626E-1,6.005511475E-1,9.853110352E0,9.875380240E0
3.130056517E1,3.122506714E-1,6.026467896E-1,9.867630157E0,9.890945787E0
3.131059617E1,3.109034729E-1,6.120771790E-1,9.844727783E0,9.868635395E0
3.132062817E1,3.088078308E-1,6.167175293E-1,9.824220428E0,9.848401384E0
3.133065917E1,3.074606323E-1,6.207591248E-1,9.817634125E0,9.842043169E0
3.134069117E1,2.902464294E-1,6.167175293E-1,9.803563385E0,9.827229444E0
3.135072217E1,2.704875183E-1,6.285429382E-1,9.765841827E0,9.789785305E0
3.136075417E1,2.429447937E-1,6.565347290E-1,9.796827393E0,9.821806707E0
3.137078617E1,2.200424194E-1,6.719526672E-1,9.842482452E0,9.867846770E0
3.138081717E1,2.725831604E-1,6.547384644E-1,9.864786072E0,9.890247129E0
3.139084917E1,3.212319946E-1,6.489006042E-1,9.871072998E0,9.897592845E0
3.140088017E1,3.097059631E-1,6.273454285E-1,9.833501129E0,9.858358105E0
3.141091217E1,3.001258850E-1,6.138734436E-1,9.843979340E0,9.867666664E0
3.142094317E1,3.128494263E-1,6.192622375E-1,9.868677979E0,9.893036214E0
3.143097517E1,3.014730835E-1,6.288423157E-1,9.873468018E0,9.898065436E0
3.144100617E1,2.866539001E-1,6.505471802E-1,9.889185333E0,9.914704668E0
3.145103817E1,2.929408264E-1,6.556365967E-1,9.887538757E0,9.913581409E0
3.146107017E1,2.980302429E-1,6.435118103E-1,9.857900391E0,9.883376426E0
3.147110117E1,3.091072083E-1,6.414161682E-1,9.869127045E0,9.894777946E0
3.148113317E1,2.962339783E-1,6.438111877E-1,9.848769379E0,9.874234436E0
3.149116417E1,3.022215271E-1,6.373745728E-1,9.841135254E0,9.866383698E0
3.150119617E1,2.854563904E-1,6.402186584E-1,9.819580078E0,9.844567954E0
3.151122817E1,2.797682190E-1,6.547384644E-1,9.799821167E0,9.825652529E0
3.152125917E1,2.694396973E-1,6.259982300E-1,9.792037354E0,9.815725499E0
3.153129117E1,2.552192688E-1,6.140231323E-1,9.813592529E0,9.836094734E0
3.154132217E1,2.652484131E-1,5.918692017E-1,9.820029144E0,9.841424606E0
3.155135417E1,2.652484131E-1,5.721102905E-1,9.847422180E0,9.867592944E0
3.156138517E1,2.845582581E-1,5.635780334E-1,9.868528290E0,9.888702858E0
3.157141717E1,3.141966248E-1,5.707630920E-1,9.844877472E0,9.866412847E0
3.158144817E1,3.143463135E-1,5.575904846E-1,9.828411713E0,9.849233348E0
3.159148017E1,3.135978699E-1,5.727090454E-1,9.807904358E0,9.829614803E0
3.160151217E1,2.968327332E-1,5.791456604E-1,9.821526031E0,9.843063190E0
3.161154317E1,2.818638611E-1,5.797444153E-1,9.810598755E0,9.831754612E0
3.162157517E1,2.754272461E-1,5.661227417E-1,9.808203735E0,9.828388252E0
3.163160617E1,2.625540161E-1,5.828878784E-1,9.832303619E0,9.853064871E0
3.164163817E1,2.680924988E-1,6.062393188E-1,9.856403503E0,9.878668418E0
3.165166917E1,2.832110596E-1,6.390211487E-1,9.870474243E0,9.895191677E0
3.166170117E1,2.977308655E-1,6.756948853E-1,9.844428406E0,9.872080727E0
3.167173317E1,2.860551453E-1,6.879693604E-1,9.837692413E0,9.865866480E0
3.168176417E1,2.662962341E-1,6.950047302E-1,9.824220428E0,9.852372927E0
3.169179617E1,2.577639771E-1,6.887178040E-1,9.831106110E0,9.858570983E0
3.170182717E1,2.567161560E-1,6.593788147E-1,9.849517822E0,9.874901768E0
3.171185917E1,2.555186462E-1,6.333329773E-1,9.867929535E0,9.891533437E0
3.172189017E1,2.647993469E-1,6.035449219E-1,9.864337006E0,9.886330448E0
3.173192217E1,2.784210205E-1,6.023474121E-1,9.829459534E0,9.851833098E0
3.174195417E1,2.911445618E-1,5.860313416E-1,9.818382568E0,9.840164335E0
3.175198517E1,3.043171692E-1,6.107299805E-1,9.817334747E0,9.841019337E0
3.176201717E1,3.150947571E-1,6.007008362E-1,9.845027161E0,9.868367950E0
3.177204817E1,3.556604004E-1,5.791456604E-1,9.977501678E0,1.000062217E1
3.178208017E1,3.980223083E-1,5.728587341E-1,9.977651367E0,1.000200558E1
3.179211117E1,3.502716064E-1,5.644761658E-1,9.796228638E0,9.818727976E0
3.180214317E1,2.597099304E-1,5.468128967E-1,9.721983032E0,9.740811448E0
3.181217517E1,2.477348328E-1,5.554948425E-1,9.740843811E0,9.759814815E0
3.182220617E1,2.757266235E-1,5.777984619E-1,9.772877197E0,9.793824837E0
3.183223817E1,3.089575195E-1,5.867797852E-1,9.811796265E0,9.834180759E0
3.184226917E1,3.103047180E-1,5.984555054E-1,9.775272217E0,9.798488910E0
3.185230117E1,2.761756897E-1,6.316864014E-1,9.753717041E0,9.778051792E0
3.186233217E1,2.661465454E-1,6.638694763E-1,9.772727509E0,9.798865221E0
3.187236417E1,2.865042114E-1,6.933581543E-1,9.851613464E0,9.880137552E0
3.188239617E1,2.995271301E-1,7.161108398E-1,9.909842377E0,9.940196536E0
3.189242717E1,3.182382202E-1,7.246430969E-1,9.941277008E0,9.972731408E0
3.190245917E1,3.131488037E-1,7.065307617E-1,9.941277008E0,9.971270553E0
3.191249017E1,3.149450684E-1,6.765930176E-1,9.903405762E0,9.931486001E0
3.192252217E1,3.264710999E-1,6.120771790E-1,9.891280975E0,9.915576695E0
3.193255317E1,3.068618774E-1,5.902226257E-1,9.857301636E0,9.879722795E0
3.194258517E1,3.026705933E-1,5.713618469E-1,9.833351440E0,9.854585958E0
3.195261717E1,2.695893860E-1,5.658233643E-1,9.796528015E0,9.816557221E0
3.196264817E1,2.486329651E-1,5.846841431E-1,9.799970856E0,9.820544927E0
3.197268017E1,2.682421875E-1,5.842350769E-1,9.816735992E0,9.837763467E0
3.198271117E1,2.817141724E-1,5.857319641E-1,9.817484436E0,9.838975834E0
3.199274317E1,3.118016052E-1,5.977070618E-1,9.833650818E0,9.856731831E0
3.200277417E1,3.270698547E-1,6.014492798E-1,9.830956421E0,9.854766363E0
3.201280617E1,3.456312561E-1,6.056405640E-1,9.840087433E0,9.864764678E0
3.202283817E1,3.267704773E-1,5.995033264E-1,9.826465759E0,9.850157994E0
3.203286917E1,3.174897766E-1,5.956114197E-1,9.822573853E0,9.845735615E0
3.204290117E1,3.135978699E-1,5.926176453E-1,9.851014709E0,9.873805249E0
3.205293217E1,3.001258850E-1,6.069877625E-1,9.842183075E0,9.865448665E0
3.206296417E1,2.848576355E-1,6.194119263E-1,9.828112335E0,9.851731172E0
3.207299617E1,2.486329651E-1,6.674620056E-1,9.846074982E0,9.871804112E0
3.208302717E1,2.489323425E-1,6.683601379E-1,9.844578094E0,9.870379448E0
3.209305917E1,2.894979858E-1,6.512956238E-1,9.845775604E0,9.871539511E0
3.210309017E1,3.206332397E-1,6.399192810E-1,9.810449066E0,9.836524449E0
3.211312217E1,3.246748352E-1,6.090834045E-1,9.845625916E0,9.869789563E0
3.212315337E1,3.236270142E-1,5.885760498E-1,9.855355682E0,9.878218050E0
3.213318538E1,3.162922668E-1,5.948629761E-1,9.867031403E0,9.890005635E0
3.214321637E1,2.983296204E-1,6.072871399E-1,9.864486694E0,9.887663828E0
3.215324837E1,2.865042114E-1,6.191125488E-1,9.849068756E0,9.872666325E0
3.216328038E1,3.147953796E-1,6.265969849E-1,9.850415955E0,9.875343761E0
3.217331137E1,3.180885315E-1,6.403683472E-1,9.867031403E0,9.892904560E0
3.218334337E1,3.327580261E-1,6.450086975E-1,9.871372375E0,9.898017817E0
3.219337437E1,3.306623840E-1,6.399192810E-1,9.878407745E0,9.904633960E0
3.220340638E1,3.132984924E-1,6.334826660E-1,9.862540741E0,9.887829191E0
3.221343737E1,3.019221497E-1,6.450086975E-1,9.832153931E0,9.857912767E0
3.222346937E1,2.975811768E-1,6.230044556E-1,9.820029144E0,9.844270491E0
3.223350138E1,2.802172852E-1,6.063890076E-1,9.811646576E0,9.834360065E0
3.224353237E1,2.718347168E-1,5.803431702E-1,9.799821167E0,9.820752884E0
3.225356437E1,2.728825378E-1,5.522016907E-1,9.813742218E0,9.833052827E0
3.226359537E1,2.775228882E-1,5.447172546E-1,9.852062531E0,9.871011698E0
3.227362738E1,2.942880249E-1,5.451663208E-1,9.845925293E0,9.865396932E0
3.228365837E1,3.079096985E-1,5.542973328E-1,9.839638367E0,9.860047520E0
3.229369037E1,3.028202820E-1,5.888754272E-1,9.827812958E0,9.850095529E0
3.230372238E1,2.960842896E-1,5.628295898E-1,9.817484436E0,9.838060973E0
3.231375337E1,2.927911377E-1,5.721102905E-1,9.811646576E0,9.832672341E0
3.232378537E1,2.850073242E-1,5.734574890E-1,9.800719299E0,9.821618067E0
3.233381638E1,2.787203979E-1,5.771997070E-1,9.837542725E0,9.858402072E0
3.234384838E1,2.969824219E-1,5.809419250E-1,9.888137512E0,9.909639526E0
3.235388037E1,3.097059631E-1,6.168672180E-1,9.899962921E0,9.923996614E0
3.236391137E1,3.302133179E-1,6.677613831E-1,9.857451324E0,9.885559808E0
3.237394338E1,3.071612549E-1,6.848258972E-1,9.807305603E0,9.835983822E0
3.238397437E1,2.751278687E-1,6.894662476E-1,9.780211945E0,9.808343628E0
3.239400637E1,2.577639771E-1,6.683601379E-1,9.805209961E0,9.831342224E0
3.240403738E1,2.505789185E-1,6.436614990E-1,9.840237122E0,9.864449124E0
3.241406937E1,2.627037048E-1,6.140231323E-1,9.885443115E0,9.907977757E0
3.242410137E1,2.839595032E-1,6.036946106E-1,9.851763153E0,9.874326175E0
3.243413237E1,2.972817993E-1,6.108796692E-1,9.826465759E0,9.849922830E0
3.244416438E1,3.138972473E-1,5.963598633E-1,9.841883698E0,9.864930374E0
3.245419537E1,3.194357300E-1,6.011499023E-1,9.812993774E0,9.836578023E0
3.246422737E1,3.483256531E-1,5.712121582E-1,9.898166656E0,9.920751849E0
3.247425838E1,4.046086121E-1,5.677693176E-1,9.993967438E0,1.001825610E1
3.248429037E1,4.291575623E-1,5.619314575E-1,9.900561676E0,9.925777787E0
3.249432137E1,3.312611389E-1,5.427713013E-1,9.760602722E0,9.781293377E0
3.250435337E1,2.305206299E-1,5.294490051E-1,9.730066223E0,9.747186503E0
3.251438538E1,2.293231201E-1,5.408253479E-1,9.766889648E0,9.784539568E0
3.252441637E1,2.630030823E-1,5.441184998E-1,9.799671478E0,9.818288886E0
3.253444837E1,2.883004761E-1,5.556445312E-1,9.800569611E0,9.820540856E0
3.254447938E1,2.848576355E-1,5.983058167E-1,9.761351166E0,9.783817778E0
3.255451137E1,2.752775574E-1,6.500981140E-1,9.741891632E0,9.767438654E0
3.256454237E1,3.212319946E-1,7.036866760E-1,9.793534241E0,9.824035721E0
3.257457438E1,3.366499329E-1,7.213499451E-1,9.850715332E0,9.882827099E0
3.258460638E1,3.474275208E-1,7.494914246E-1,9.930050354E0,9.964353632E0
3.259463737E1,3.225791931E-1,7.174580383E-1,9.957892456E0,9.988915133E0
3.260466937E1,2.978805542E-1,6.753955078E-1,9.951904907E0,9.979243619E0
3.261470038E1,2.857557678E-1,6.251000977E-1,9.930499420E0,9.954256638E0
3.262473237E1,2.679428101E-1,5.836363220E-1,9.914782104E0,9.935558811E0
3.263476437E1,2.827619934E-1,5.662724304E-1,9.882748718E0,9.902996569E0
3.264479538E1,2.885998535E-1,5.607339478E-1,9.833650818E0,9.853852081E0
3.265482737E1,3.007246399E-1,5.860313416E-1,9.788594513E0,9.810731399E0
3.266485837E1,2.975811768E-1,6.063890076E-1,9.790690155E0,9.813963312E0
3.267489037E1,3.279679871E-1,6.195616150E-1,9.827064514E0,9.852036163E0
3.268492138E1,3.294648743E-1,6.221063232E-1,9.846224670E0,9.871357741E0
3.269495337E1,3.385958862E-1,6.135740662E-1,9.855804749E0,9.880688617E0
3.270498537E1,3.543132019E-1,5.866300964E-1,9.871522064E0,9.895282744E0
3.271501638E1,3.471281433E-1,5.718109131E-1,9.842781830E0,9.865486294E0
3.272504837E1,3.339555359E-1,5.677693176E-1,9.809550934E0,9.831641665E0
3.273507937E1,2.995271301E-1,5.815406799E-1,9.799222412E0,9.821031817E0
3.274511137E1,2.888992310E-1,5.879772949E-1,9.806257782E0,9.828116389E0
3.275514238E1,2.800675964E-1,6.107299805E-1,9.785301361E0,9.808340925E0
3.276517437E1,2.537223816E-1,6.494993591E-1,9.805209961E0,9.829972881E0
3.277520537E1,2.586621094E-1,6.744973755E-1,9.834848328E0,9.861343439E0
3.278523738E1,2.962339783E-1,6.689588928E-1,9.859846344E0,9.886952538E0
3.279526937E1,3.487747192E-1,6.647676086E-1,9.853409729E0,9.881965547E0
3.280530037E1,3.620970154E-1,6.224057007E-1,9.873468018E0,9.899690591E0
3.281533238E1,3.457809448E-1,6.131250000E-1,9.875264282E0,9.900319761E0
3.282536338E1,3.326083374E-1,5.969586182E-1,9.835447083E0,9.859158545E0
3.283539537E1,3.074606323E-1,5.954617310E-1,9.819430389E0,9.842272090E0
3.284542737E1,2.877017212E-1,6.188131714E-1,9.820927277E0,9.844608402E0
3.285545838E1,3.016227722E-1,6.315367126E-1,9.815837860E0,9.840756465E0
3.286549037E1,3.370989990E-1,6.466552734E-1,9.876012726E0,9.902899885E0
3.287552137E1,3.556604004E-1,6.539900208E-1,9.909542999E0,9.937466464E0
3.288555338E1,3.493734741E-1,6.481521606E-1,9.924362183E0,9.951639452E0
3.289558438E1,3.502716064E-1,6.363267517E-1,9.922266541E0,9.948817781E0
3.290561637E1,3.258723450E-1,6.408174133E-1,9.881850586E0,9.907967034E0
3.291564837E1,3.073109436E-1,6.288423157E-1,9.829459534E0,9.854347132E0
3.292567938E1,2.935395813E-1,6.174659729E-1,9.793833618E0,9.817668086E0
3.293571137E1,2.659968567E-1,6.060896301E-1,9.764344940E0,9.786752836E0
3.294574237E1,2.540217590E-1,5.864804077E-1,9.763297119E0,9.784194242E0
3.295577438E1,2.585124207E-1,5.514532471E-1,9.799072723E0,9.817981238E0
3.296580538E1,2.778222656E-1,5.321434021E-1,9.833800507E0,9.852106080E0
3.297583737E1,2.975811768E-1,5.571414185E-1,9.852960663E0,9.873185653E0
3.298586837E1,3.210823059E-1,5.743556213E-1,9.829908600E0,9.851907496E0
3.299590038E1,3.303630066E-1,5.851332092E-1,9.823921051E0,9.846874906E0
3.300593237E1,3.312611389E-1,6.021977234E-1,9.808652802E0,9.832702875E0
3.301596337E1,3.281176758E-1,5.974076843E-1,9.797276459E0,9.820956326E0
3.302599538E1,3.109034729E-1,5.950126648E-1,9.795779572E0,9.818757480E0
3.303602638E1,2.930905151E-1,5.905220032E-1,9.822723541E0,9.844821789E0
3.304605837E1,2.877017212E-1,5.766009521E-1,9.852212219E0,9.873263217E0
3.305609038E1,2.966830444E-1,6.102809143E-1,9.897567902E0,9.920802084E0
3.306612138E1,3.207829285E-1,6.330335999E-1,9.907896423E0,9.933279658E0
3.307615337E1,3.329077148E-1,6.454577637E-1,9.876910858E0,9.903575686E0
3.308618437E1,3.418890381E-1,6.683601379E-1,9.845925293E0,9.874504457E0
3.309621638E1,3.110531616E-1,6.691085815E-1,9.813442841E0,9.841144280E0
3.310624738E1,3.038681030E-1,6.629713440E-1,9.804910583E0,9.831995646E0
3.311627942E1,2.832110596E-1,6.328839111E-1,9.805808716E0,9.830291711E0
3.312631142E1,2.685415649E-1,6.005511475E-1,9.863588562E0,9.885502292E0
3.313634242E1,2.787203979E-1,6.001020813E-1,9.849068756E0,9.871269570E0
3.314637442E1,2.790197754E-1,6.071374512E-1,9.815688171E0,9.838404454E0
3.315640542E1,2.920426941E-1,6.074368286E-1,9.832153931E0,9.855228021E0
3.316643742E1,3.305126953E-1,6.255491638E-1,9.825417938E0,9.850857225E0
3.317646842E1,3.261717224E-1,5.962101746E-1,9.822873230E0,9.846354303E0
3.318650042E1,3.504212952E-1,5.673202515E-1,9.906698914E0,9.929115304E0
3.319653242E1,3.797602844E-1,5.629792786E-1,9.944570160E0,9.967729892E0
3.320656342E1,3.444337463E-1,5.617817688E-1,9.800120544E0,9.822250050E0
3.321659542E1,2.472857666E-1,5.312452698E-1,9.731263733E0,9.748890482E0
3.322662642E1,2.146536255E-1,5.291496277E-1,9.754914551E0,9.771613654E0
3.323665842E1,2.712359619E-1,5.117857361E-1,9.791288910E0,9.808406196E0
3.324668942E1,3.089575195E-1,5.382806396E-1,9.815837860E0,9.835439680E0
3.325672142E1,3.073109436E-1,5.920188904E-1,9.797426147E0,9.820106186E0
3.326675342E1,3.147953796E-1,6.628216553E-1,9.776918793E0,9.804415829E0
3.327678442E1,3.294648743E-1,7.250921631E-1,9.802814941E0,9.835114973E0
3.328681642E1,3.547622681E-1,7.488926697E-1,9.855205994E0,9.889983907E0
3.329684742E1,3.534150696E-1,7.634124756E-1,9.904752960E0,9.940414077E0
3.330687942E1,3.483256531E-1,7.307803345E-1,9.955946503E0,9.988805806E0
3.331691042E1,3.357518005E-1,6.822811890E-1,9.956096191E0,9.985093303E0
3.332694242E1,3.124003601E-1,6.144721985E-1,9.935289459E0,9.959173997E0
3.333697442E1,2.856060791E-1,5.816903687E-1,9.880054321E0,9.901283145E0
3.334700542E1,2.956352234E-1,5.617817688E-1,9.837243347E0,9.857705393E0
3.335703742E1,2.844085693E-1,5.638774109E-1,9.813891907E0,9.834191392E0
3.336706842E1,3.185375977E-1,5.810916138E-1,9.800719299E0,9.823096887E0
3.337710042E1,3.415896606E-1,6.294410706E-1,9.803862762E0,9.829984976E0
3.338713142E1,3.469784546E-1,6.258485413E-1,9.838740234E0,9.864729588E0
3.339716342E1,3.619473267E-1,6.503974915E-1,9.861792297E0,9.889841762E0
3.340719542E1,3.686833191E-1,6.506968689E-1,9.878557434E0,9.906827483E0
3.341722642E1,3.718267822E-1,6.189628601E-1,9.880204010E0,9.906553460E0
3.342725842E1,3.562591553E-1,6.218069458E-1,9.854307861E0,9.880331365E0
3.343728942E1,3.359014893E-1,5.950126648E-1,9.821825409E0,9.845563683E0
3.344732142E1,3.315605164E-1,5.873785400E-1,9.820178833E0,9.843315409E0
3.345735242E1,3.125500488E-1,5.963598633E-1,9.821526031E0,9.844577503E0
3.346738442E1,2.959346008E-1,6.227050781E-1,9.798324280E0,9.822550463E0
3.347741642E1,2.740800476E-1,6.298901367E-1,9.782606964E0,9.806695696E0
3.348744742E1,2.601589966E-1,6.632707214E-1,9.818083191E0,9.843900055E0
3.349747942E1,2.812651062E-1,6.692582703E-1,9.794731750E0,9.821597974E0
3.350751042E1,3.285667419E-1,6.640191650E-1,9.796378326E0,9.824352695E0
3.351754242E1,3.490740967E-1,6.288423157E-1,9.851164398E0,9.877385048E0
3.352757342E1,3.595523071E-1,6.138734436E-1,9.870174866E0,9.895780431E0
3.353760542E1,3.514691162E-1,5.881269836E-1,9.845625916E0,9.869436334E0
3.354763742E1,3.234773254E-1,5.842350769E-1,9.824370117E0,9.847040997E0
3.355766842E1,2.884501648E-1,6.051914978E-1,9.830507355E0,9.853341316E0
3.356770042E1,2.891986084E-1,5.953120422E-1,9.836494904E0,9.858735429E0
3.357773142E1,3.236270142E-1,6.280938721E-1,9.837393036E0,9.862734818E0
3.358776342E1,3.483256531E-1,6.351292419E-1,9.871522064E0,9.898063840E0
3.359779442E1,3.685336304E-1,6.442602539E-1,9.885443115E0,9.913267569E0
3.360782642E1,3.585044861E-1,6.491999817E-1,9.893077240E0,9.920834812E0
3.361785842E1,3.442840576E-1,6.489006042E-1,9.893675995E0,9.920908638E0
3.362788942E1,3.258723450E-1,6.277944946E-1,9.861792297E0,9.887126278E0
3.363792142E1,3.147953796E-1,6.057902527E-1,9.825717316E0,9.849406009E0
3.364795242E1,2.938389587E-1,5.866300964E-1,9.788744202E0,9.810707887E0
3.365798442E1,2.908451843E-1,5.622308350E-1,9.796827393E0,9.817256307E0
3.366801542E1,3.109034729E-1,5.396278381E-1,9.808952179E0,9.828702967E0
3.367804742E1,3.194357300E-1,5.496569824E-1,9.833650818E0,9.854179336E0
3.368807942E1,3.270698547E-1,5.611830139E-1,9.855505371E0,9.876886513E0
3.369811042E1,3.363505554E-1,5.791456604E-1,9.844727783E0,9.867482279E0
3.370814242E1,3.282673645E-1,6.053411865E-1,9.843530273E0,9.867587631E0
3.371817342E1,3.252735901E-1,6.093827820E-1,9.828411713E0,9.852655839E0
3.372820542E1,3.122506714E-1,6.312373352E-1,9.815538483E0,9.840770130E0
3.373823642E1,3.137475586E-1,6.270460510E-1,9.808652802E0,9.833681613E0
3.374826842E1,3.067121887E-1,6.328839111E-1,9.811496887E0,9.836670452E0
3.375830042E1,3.023712158E-1,6.340814209E-1,9.846074982E0,9.871103289E0
3.376833142E1,3.140469360E-1,6.237528992E-1,9.865534515E0,9.890220646E0
3.377836342E1,3.113525391E-1,6.204597473E-1,9.856403503E0,9.880819841E0
3.378839442E1,3.207829285E-1,6.095324707E-1,9.835746460E0,9.859834681E0
3.379842642E1,2.784210205E-1,6.092330933E-1,9.845176849E0,9.867937496E0
3.380845742E1,2.779719543E-1,6.197113037E-1,9.866732025E0,9.890081464E0
3.381848942E1,3.055146790E-1,6.321354675E-1,9.852661285E0,9.877644905E0
3.382852142E1,3.234773254E-1,6.439608765E-1,9.830956421E0,9.857333683E0
3.383855242E1,3.447331238E-1,6.506968689E-1,9.781110077E0,9.808790021E0
3.384858442E1,3.315605164E-1,6.316864014E-1,9.803264008E0,9.829188435E0
3.385861542E1,3.125500488E-1,6.039939880E-1,9.832902374E0,9.856392107E0
3.386864742E1,3.198847961E-1,5.593867493E-1,9.832153931E0,9.853247725E0
3.387867842E1,3.109034729E-1,5.364843750E-1,9.845625916E0,9.865131835E0
3.388871042E1,3.050656128E-1,5.519023132E-1,9.854307861E0,9.874464270E0
3.389874242E1,3.068618774E-1,5.773493958E-1,9.843829651E0,9.865519689E0
3.390877342E1,3.061134338E-1,5.941145325E-1,9.839937744E0,9.862608799E0
3.391880542E1,3.263214111E-1,6.262976074E-1,9.848619690E0,9.873907238E0
3.392883642E1,3.357518005E-1,6.333329773E-1,9.855954437E0,9.881987543E0
3.393886842E1,3.698808289E-1,5.983058167E-1,9.933493195E0,9.958366770E0
3.394889942E1,4.067042542E-1,6.078858948E-1,9.965825958E0,9.992628315E0
3.395893142E1,3.607498169E-1,6.066883850E-1,9.793534241E0,9.818937017E0
3.396896342E1,2.724334717E-1,5.815406799E-1,9.680668945E0,9.701946237E0
3.397899442E1,2.142045593E-1,5.592370605E-1,9.712702332E0,9.731146709E0
3.398902642E1,2.311193848E-1,5.381309509E-1,9.795480194E0,9.812972706E0
3.399905742E1,2.612068176E-1,5.041516113E-1,9.864187317E0,9.880515638E0
3.400908942E1,2.784210205E-1,5.316943359E-1,9.836195526E0,9.854489310E0
3.401912042E1,2.676434326E-1,6.072871399E-1,9.778265991E0,9.800761015E0
3.402915242E1,2.899470520E-1,6.957531738E-1,9.733808441E0,9.762948763E0
3.403918442E1,3.273692322E-1,7.580236816E-1,9.763746185E0,9.798597353E0
3.404921542E1,3.547622681E-1,7.707472229E-1,9.857002258E0,9.893452434E0
3.405924742E1,3.677851868E-1,7.774832153E-1,9.938432922E0,9.975579935E0
3.406927842E1,3.852987671E-1,7.051835632E-1,1.000594254E1,1.003815845E1
3.407931042E1,3.641926575E-1,6.483018494E-1,1.003588028E1,1.006339031E1
3.408934242E1,3.308120728E-1,5.923182678E-1,1.000324814E1,1.002622815E1
3.409937342E1,3.068618774E-1,5.551954651E-1,9.907297668E0,9.927585472E0
3.410940542E1,2.877017212E-1,5.475613403E-1,9.785600739E0,9.805130163E0
3.411943629E1,2.737806702E-1,5.563929749E-1,9.721833344E0,9.741589837E0
3.412946829E1,2.986289978E-1,5.680686951E-1,9.701625366E0,9.722829633E0
3.413949929E1,3.128494263E-1,5.896238708E-1,9.758207703E0,9.781009592E0
3.414953129E1,3.616479492E-1,5.897735596E-1,9.834698639E0,9.859001948E0
3.415956229E1,3.923341370E-1,5.938151550E-1,9.902208252E0,9.927752554E0
3.416959429E1,3.927832031E-1,5.843847656E-1,9.936187592E0,9.961104761E0
3.417962629E1,3.649411011E-1,5.813909912E-1,9.908195801E0,9.931945505E0
3.418965729E1,3.357518005E-1,5.914201355E-1,9.848919067E0,9.872371237E0
3.419968929E1,3.065625000E-1,5.779481506E-1,9.816885681E0,9.838660941E0
3.420972029E1,2.785707092E-1,5.966592407E-1,9.783954163E0,9.806088055E0
3.421975229E1,2.805166626E-1,6.268963623E-1,9.782307587E0,9.806387223E0
3.422978429E1,2.891986084E-1,6.562353516E-1,9.764943695E0,9.791241292E0
3.423981529E1,2.942880249E-1,6.718029785E-1,9.777667236E0,9.805136474E0
3.424984729E1,2.881507874E-1,7.071295166E-1,9.825268250E0,9.854895190E0
3.425987829E1,3.360511780E-1,7.090754700E-1,9.861941986E0,9.893109630E0
3.426991029E1,3.881428528E-1,6.744973755E-1,9.899813232E0,9.930352643E0
3.427994129E1,3.900888062E-1,6.432124329E-1,9.901010742E0,9.929547081E0
3.428997329E1,3.854484558E-1,6.074368286E-1,9.854756927E0,9.880980929E0
3.430000529E1,3.435356140E-1,5.915698242E-1,9.793683929E0,9.817546358E0
3.431003629E1,3.070115662E-1,5.821394348E-1,9.785600739E0,9.807707389E0
3.432006829E1,2.733316040E-1,5.706134033E-1,9.807455292E0,9.827842547E0
3.433009929E1,2.724334717E-1,5.969586182E-1,9.847422180E0,9.869260519E0
3.434013129E1,2.947370911E-1,6.358776855E-1,9.874066772E0,9.898909284E0
3.435016229E1,3.173400879E-1,6.441105652E-1,9.879605255E0,9.905664195E0
3.436019429E1,3.288661194E-1,6.577322388E-1,9.914033661E0,9.941268936E0
3.437022629E1,3.438349915E-1,6.646179199E-1,9.908195801E0,9.936412004E0
3.438025729E1,3.379971313E-1,6.557862854E-1,9.879605255E0,9.907113490E0
3.439028929E1,3.264710999E-1,6.493496704E-1,9.853260040E0,9.880028937E0
3.440032029E1,3.047662354E-1,6.288423157E-1,9.814191284E0,9.839038351E0
3.441035229E1,2.948867798E-1,6.036946106E-1,9.793085175E0,9.816105268E0
3.442038329E1,2.984793091E-1,5.803431702E-1,9.803413696E0,9.825111103E0
3.443041529E1,3.073109436E-1,5.535488892E-1,9.810898132E0,9.831306045E0
3.444044729E1,3.076103210E-1,5.298980713E-1,9.822573853E0,9.841665162E0
3.445047829E1,3.121009827E-1,5.381309509E-1,9.831555176E0,9.851216631E0
3.446051029E1,3.053649902E-1,5.670208740E-1,9.830956421E0,9.852028451E0
3.447054129E1,2.995271301E-1,5.887257385E-1,9.825567627E0,9.847745615E0
3.448057329E1,3.103047180E-1,6.215075684E-1,9.831405487E0,9.855916727E0
3.449060429E1,3.317102051E-1,6.373745728E-1,9.834249573E0,9.860463613E0
3.450063629E1,3.306623840E-1,6.563850403E-1,9.815089417E0,9.842568729E0
3.451066829E1,3.333567810E-1,6.695576477E-1,9.800719299E0,9.829218330E0
3.452069929E1,3.056643677E-1,6.556365967E-1,9.819280701E0,9.845890693E0
3.453073129E1,2.850073242E-1,6.459068298E-1,9.848619690E0,9.873891563E0
3.454076229E1,2.779719543E-1,6.453080750E-1,9.851912842E0,9.876936649E0
3.455079429E1,2.894979858E-1,6.536906433E-1,9.849667511E0,9.875579508E0
3.456082529E1,3.011737061E-1,6.571334839E-1,9.839189301E0,9.865707076E0
3.457085729E1,3.329077148E-1,6.607260132E-1,9.859846344E0,9.887565744E0
3.458088929E1,3.652404785E-1,6.565347290E-1,9.885143738E0,9.913652464E0
3.459092029E1,3.650907898E-1,6.337820435E-1,9.864187317E0,9.891266976E0
3.460095229E1,3.523672485E-1,6.194119263E-1,9.866732025E0,9.892433203E0
3.461098329E1,3.213816833E-1,5.954617310E-1,9.875264282E0,9.898419344E0
3.462101529E1,3.104544067E-1,5.906716919E-1,9.870324554E0,9.892855088E0
3.463104629E1,3.035687256E-1,5.996530151E-1,9.852062531E0,9.874961965E0
3.464107829E1,3.228785706E-1,6.324348450E-1,9.825567627E0,9.851193004E0
3.465111029E1,3.119512939E-1,6.369255066E-1,9.765841827E0,9.791560361E0
3.466114129E1,2.930905151E-1,6.298901367E-1,9.739646301E0,9.764393156E0
3.467117329E1,2.790197754E-1,6.297404480E-1,9.776170349E0,9.800404673E0
3.468120429E1,2.887495422E-1,6.098318481E-1,9.829758911E0,9.852889497E0
3.469123629E1,3.037184143E-1,6.092330933E-1,9.887538757E0,9.910945087E0
3.470126729E1,3.092568970E-1,6.132746887E-1,9.884844360E0,9.908677697E0
3.471129929E1,3.044668579E-1,6.249504089E-1,9.826615448E0,9.851174257E0
3.472133129E1,3.029699707E-1,6.424639893E-1,9.822723541E0,9.848372888E0
3.473136229E1,3.008743286E-1,6.491999817E-1,9.832902374E0,9.858902326E0
3.474139429E1,3.198847961E-1,6.345304871E-1,9.905651093E0,9.931106625E0
3.475142529E1,3.638932800E-1,6.165678406E-1,9.958191833E0,9.983894972E0
3.476145729E1,3.852987671E-1,6.174659729E-1,9.896819458E0,9.923545473E0
3.477148829E1,2.965333557E-1,5.938151550E-1,9.754914551E0,9.777469323E0
3.478152029E1,2.287243652E-1,5.776487732E-1,9.740843811E0,9.760636818E0
3.479155229E1,2.511776733E-1,5.783972168E-1,9.794731750E0,9.815009100E0
3.480158329E1,2.936892700E-1,5.547463989E-1,9.842632141E0,9.862626649E0
3.481161529E1,3.215313721E-1,5.833369446E-1,9.837842102E0,9.860365188E0
3.482164629E1,3.177891541E-1,6.141728210E-1,9.759704590E0,9.784172519E0
3.483167829E1,3.014730835E-1,6.849755859E-1,9.719737701E0,9.748506478E0
3.484171029E1,3.146456909E-1,7.298822021E-1,9.758058014E0,9.790374157E0
3.485174129E1,3.387455750E-1,7.391629028E-1,9.819131012E0,9.852737903E0
3.486177329E1,3.546125793E-1,7.497908020E-1,9.927805023E0,9.962391726E0
3.487180429E1,3.680845642E-1,7.234455872E-1,9.983489227E0,1.001643234E1
3.488183629E1,3.655398560E-1,6.948550415E-1,9.993518372E0,1.002431306E1
3.489186729E1,3.442840576E-1,6.595285034E-1,9.983189850E0,1.001087354E1
3.490189929E1,3.189866638E-1,6.264472961E-1,9.920919342E0,9.945794553E0
3.491193129E1,2.891986084E-1,6.020480347E-1,9.831405487E0,9.854066750E0
3.492196229E1,2.755769348E-1,6.071374512E-1,9.771679688E0,9.794400566E0
3.493199429E1,2.731819153E-1,5.956114197E-1,9.743388519E0,9.765398157E0
3.494202529E1,2.800675964E-1,6.054908752E-1,9.766290894E0,9.789049743E0
3.495205729E1,3.035687256E-1,6.343807983E-1,9.820178833E0,9.845329110E0
3.496208829E1,3.481759644E-1,6.294410706E-1,9.861193542E0,9.887394027E0
3.497212029E1,3.673361206E-1,6.321354675E-1,9.906249847E0,9.933192695E0
3.498215229E1,3.695814514E-1,6.264472961E-1,9.901759186E0,9.928437019E0
3.499218329E1,3.360511780E-1,6.195616150E-1,9.871372375E0,9.896503401E0
3.500221529E1,3.073109436E-1,6.144721985E-1,9.827214203E0,9.851200693E0
3.501224629E1,2.920426941E-1,6.167175293E-1,9.795929260E0,9.819666976E0
3.502227829E1,2.778222656E-1,6.240522766E-1,9.802216187E0,9.825989448E0
3.503230929E1,2.700384521E-1,6.306385803E-1,9.803713074E0,9.827686188E0
3.504234129E1,2.755769348E-1,6.617738342E-1,9.802216187E0,9.828394041E0
3.505237329E1,2.802172852E-1,6.888674927E-1,9.848769379E0,9.876807097E0
3.506240429E1,2.990780640E-1,7.011419678E-1,9.855655060E0,9.885088993E0
3.507243629E1,3.297642517E-1,6.973997498E-1,9.838889923E0,9.869086371E0
3.508246729E1,3.694317627E-1,6.759942627E-1,9.866881714E0,9.896908751E0
3.509249929E1,3.588038635E-1,6.650669861E-1,9.831106110E0,9.860106574E0
3.510253029E1,3.456312561E-1,6.474037170E-1,9.798623657E0,9.826068294E0
3.511256229E1,3.189866638E-1,6.363267517E-1,9.803413696E0,9.829220942E0
3.512259487E1,3.023712158E-1,6.198609924E-1,9.812095642E0,9.836304026E0
3.513262588E1,2.902464294E-1,6.349795532E-1,9.832453308E0,9.857209548E0
3.514265787E1,2.835104370E-1,6.563850403E-1,9.861642609E0,9.887528226E0
3.515268887E1,2.983296204E-1,6.511459351E-1,9.871821442E0,9.897769959E0
3.516272087E1,3.004252625E-1,6.719526672E-1,9.893975372E0,9.921316666E0
3.517275188E1,3.245251465E-1,6.881190491E-1,9.910590820E0,9.939750239E0
3.518278387E1,3.231779480E-1,6.800358582E-1,9.890981598E0,9.919597256E0
3.519281587E1,3.174897766E-1,6.759942627E-1,9.869426422E0,9.897643452E0
3.520284688E1,3.031196594E-1,6.569837952E-1,9.826465759E0,9.853067469E0
3.521287887E1,2.897973633E-1,6.346801758E-1,9.786947937E0,9.811786349E0
3.522290987E1,2.806663513E-1,6.249504089E-1,9.793384552E0,9.817317230E0
3.523294188E1,3.020718384E-1,5.912704468E-1,9.803264008E0,9.825723044E0
3.524297288E1,3.038681030E-1,5.739065552E-1,9.823621674E0,9.845062079E0
3.525300487E1,3.097059631E-1,5.806425476E-1,9.839189301E0,9.861171819E0
3.526303687E1,3.073109436E-1,5.986051941E-1,9.838141479E0,9.861125492E0
3.527306788E1,3.137475586E-1,6.077362061E-1,9.812844086E0,9.836650338E0
3.528309987E1,3.022215271E-1,6.101312256E-1,9.811646576E0,9.835243083E0
3.529313087E1,3.011737061E-1,6.366261292E-1,9.823022919E0,9.848237289E0
3.530316288E1,2.854563904E-1,6.578819275E-1,9.816885681E0,9.843045182E0
3.531319388E1,2.980302429E-1,6.619235229E-1,9.833800507E0,9.860557651E0
3.532322587E1,3.044668579E-1,6.647676086E-1,9.860145721E0,9.887218501E0
3.533325787E1,3.131488037E-1,6.692582703E-1,9.861492920E0,9.889136030E0
3.534328888E1,2.996768188E-1,6.655160522E-1,9.858798523E0,9.885778984E0
3.535332087E1,2.914439392E-1,6.771917725E-1,9.846074982E0,9.873637669E0
3.536335187E1,2.859054565E-1,6.836283875E-1,9.830956421E0,9.858843434E0
3.537338388E1,2.806663513E-1,6.783892822E-1,9.823172607E0,9.850568801E0
3.538341587E1,2.844085693E-1,6.722520447E-1,9.838889923E0,9.865929554E0
3.539344687E1,2.857557678E-1,6.562353516E-1,9.844578094E0,9.870563259E0
3.540347887E1,3.113525391E-1,6.599775696E-1,9.853709106E0,9.880692989E0
3.541350988E1,3.354524231E-1,6.466552734E-1,9.864486694E0,9.891349206E0
3.542354187E1,3.354524231E-1,6.351292419E-1,9.861193542E0,9.887317916E0
3.543357287E1,3.444337463E-1,6.629713440E-1,9.857301636E0,9.885573385E0
3.544360488E1,3.138972473E-1,6.462062073E-1,9.838141479E0,9.864336861E0
3.545363687E1,2.959346008E-1,6.267466736E-1,9.818232880E0,9.842666588E0
3.546366787E1,2.787203979E-1,6.361770630E-1,9.817334747E0,9.841873188E0
3.547369988E1,2.833607483E-1,6.342311096E-1,9.839488678E0,9.863978906E0
3.548373088E1,2.842588806E-1,6.556365967E-1,9.862540741E0,9.888395842E0
3.549376287E1,2.962339783E-1,6.845265198E-1,9.837243347E0,9.865479603E0
3.550379387E1,3.155438232E-1,6.854246521E-1,9.806856537E0,9.835843126E0
3.551382588E1,3.044668579E-1,6.806346130E-1,9.787546692E0,9.815907181E0
3.552385787E1,2.883004761E-1,6.771917725E-1,9.793534241E0,9.821151602E0
3.553388887E1,2.974314880E-1,6.590794373E-1,9.830657043E0,9.857214064E0
3.554392088E1,2.764750671E-1,6.391708374E-1,9.860744476E0,9.885305228E0
3.555395188E1,2.830613708E-1,6.369255066E-1,9.858050079E0,9.882659015E0
3.556398387E1,2.888992310E-1,6.114784241E-1,9.812993774E0,9.836270403E0
3.557401487E1,2.888992310E-1,6.319857788E-1,9.786498871E0,9.811138004E0
3.558404688E1,2.885998535E-1,6.438111877E-1,9.816885681E0,9.842206419E0
3.559407887E1,3.174897766E-1,6.520440674E-1,9.872420197E0,9.899022263E0
3.560410987E1,3.679348755E-1,6.593788147E-1,1.000025436E1,1.002872095E1
3.561414188E1,4.044589233E-1,6.703060913E-1,9.971813507E0,1.000249778E1
3.562417288E1,3.362008667E-1,6.472540283E-1,9.795779572E0,9.822895002E0
3.563420487E1,2.362088013E-1,6.120771790E-1,9.749825134E0,9.771874089E0
3.564423587E1,2.356100464E-1,6.201603699E-1,9.790390778E0,9.812841717E0
3.565426788E1,2.845582581E-1,6.433621216E-1,9.833052063E0,9.858184473E0
3.566429987E1,3.071612549E-1,6.361770630E-1,9.847571869E0,9.872879064E0
3.567433087E1,2.950364685E-1,6.471043396E-1,9.788594513E0,9.814396216E0
3.568436288E1,2.734812927E-1,6.610253906E-1,9.761201477E0,9.787379673E0
3.569439388E1,2.656974792E-1,7.077282715E-1,9.783654785E0,9.812816895E0
3.570442587E1,2.826123047E-1,7.424560547E-1,9.839788055E0,9.871805290E0
3.571445687E1,3.092568970E-1,7.680528259E-1,9.887838135E0,9.922443648E0
3.572448888E1,3.336561584E-1,7.692503357E-1,9.904453583E0,9.939882961E0
3.573452087E1,3.570075989E-1,7.652087402E-1,9.903555450E0,9.939487381E0
3.574455187E1,3.679348755E-1,7.496411133E-1,9.903106384E0,9.938252056E0
3.575458388E1,3.409909058E-1,6.996450806E-1,9.875713348E0,9.906335961E0
3.576461488E1,3.209326172E-1,6.474037170E-1,9.847272491E0,9.873748267E0
3.577464687E1,2.770738220E-1,6.156697083E-1,9.823621674E0,9.846794498E0
3.578467787E1,2.653981018E-1,5.926176453E-1,9.800120544E0,9.821608550E0
3.579470988E1,2.528242493E-1,5.824388123E-1,9.794432373E0,9.814991624E0
3.580474187E1,2.647993469E-1,5.718109131E-1,9.813592529E0,9.833803168E0
3.581477287E1,3.017724609E-1,5.903723145E-1,9.829908600E0,9.852243865E0
3.582480488E1,3.246748352E-1,6.261479187E-1,9.862989807E0,9.888176925E0
3.583483587E1,3.457809448E-1,6.373745728E-1,9.880952454E0,9.907524020E0
3.584486787E1,3.565585327E-1,6.566844177E-1,9.875264282E0,9.903494992E0
3.585489988E1,3.121009827E-1,6.713539124E-1,9.838440857E0,9.866257730E0
3.586493088E1,2.827619934E-1,6.664141846E-1,9.802814941E0,9.829508787E0
3.587496287E1,2.770738220E-1,6.758445740E-1,9.807006226E0,9.834170372E0
3.588499387E1,2.692900085E-1,6.776408386E-1,9.801318054E0,9.828405253E0
3.589502588E1,2.637515259E-1,6.985972595E-1,9.758507080E0,9.787035477E0
3.590505687E1,2.670446777E-1,7.235952759E-1,9.810898132E0,9.841169907E0
3.591508887E1,2.701881409E-1,7.265890503E-1,9.827513580E0,9.858040193E0
3.592512088E1,2.999761963E-1,7.306306458E-1,9.809700623E0,9.841444668E0
3.593515188E1,3.311114502E-1,7.074288940E-1,9.850116577E0,9.881036738E0
3.594518387E1,3.213816833E-1,6.779402161E-1,9.880952454E0,9.909395063E0
3.595521487E1,3.206332397E-1,6.626719666E-1,9.863289185E0,9.890723601E0
3.596524688E1,3.209326172E-1,6.477030945E-1,9.854756927E0,9.881232268E0
3.597527787E1,2.993774414E-1,6.553372192E-1,9.829010468E0,9.855381296E0
3.598530987E1,2.951861572E-1,6.586303711E-1,9.839788055E0,9.866223077E0
3.599534188E1,2.975811768E-1,6.815327454E-1,9.861043854E0,9.889045825E0
3.600537288E1,3.059637451E-1,6.795867920E-1,9.885293427E0,9.913348483E0
3.601540487E1,3.248245239E-1,7.027885437E-1,9.884095917E0,9.914372133E0
3.602543587E1,3.152444458E-1,6.951544189E-1,9.868677979E0,9.898152543E0
3.603546788E1,3.104544067E-1,6.917115784E-1,9.867630157E0,9.896715201E0
3.604549887E1,3.058140564E-1,6.990463257E-1,9.838740234E0,9.868282394E0
3.605553087E1,2.911445618E-1,6.924600220E-1,9.810748444E0,9.839463962E0
3.606556288E1,2.881507874E-1,6.753955078E-1,9.809550934E0,9.836995450E0
3.607559387E1,2.799179077E-1,6.568341064E-1,9.784403229E0,9.810419544E0
3.608562587E1,2.933898926E-1,6.231541443E-1,9.788893890E0,9.813095450E0
3.609565687E1,2.787203979E-1,6.090834045E-1,9.810898132E0,9.833737327E0
3.610568888E1,3.020718384E-1,6.090834045E-1,9.843530273E0,9.866981212E0
3.611572087E1,3.110531616E-1,6.047424316E-1,9.852361908E0,9.875803899E0
3.612575129E1,3.082090759E-1,6.312373352E-1,9.834698639E0,9.859754091E0
3.613578329E1,2.983296204E-1,6.454577637E-1,9.813742218E0,9.839469122E0
3.614581429E1,2.912942505E-1,6.680607605E-1,9.812395020E0,9.839423435E0
3.615584629E1,2.832110596E-1,6.809339905E-1,9.815538483E0,9.843204524E0
3.616587729E1,2.631527710E-1,6.885681152E-1,9.817185059E0,9.844820867E0
3.617590929E1,2.704875183E-1,6.899153137E-1,9.826615448E0,9.854517634E0
3.618594129E1,2.796185303E-1,7.147636414E-1,9.847272491E0,9.877137698E0
3.619597229E1,2.847079468E-1,6.976991272E-1,9.856253815E0,9.885018055E0
3.620600429E1,2.885998535E-1,7.051835632E-1,9.855954437E0,9.885363504E0
3.621603529E1,2.938389587E-1,7.050338745E-1,9.837393036E0,9.867001360E0
3.622606729E1,2.862048340E-1,7.131170654E-1,9.837842102E0,9.867805550E0
3.623609829E1,2.773731995E-1,7.045848083E-1,9.828112335E0,9.857239356E0
3.624613029E1,2.806663513E-1,6.909631348E-1,9.827812958E0,9.856069764E0
3.625616229E1,2.893482971E-1,6.876699829E-1,9.841584320E0,9.869822408E0
3.626619329E1,2.820135498E-1,6.671626282E-1,9.824519806E0,9.851184042E0
3.627622529E1,2.883004761E-1,6.743476868E-1,9.832004242E0,9.859318911E0
3.628625629E1,3.041674805E-1,6.698570251E-1,9.856253815E0,9.883671663E0
3.629628829E1,3.218307495E-1,6.545887756E-1,9.868228912E0,9.895150497E0
3.630631929E1,3.237767029E-1,6.554869080E-1,9.856852570E0,9.883928218E0
3.631635129E1,3.052153015E-1,6.481521606E-1,9.848619690E0,9.874642647E0
3.632638329E1,2.891986084E-1,6.491999817E-1,9.822873230E0,9.848549890E0
3.633641429E1,2.899470520E-1,6.447093201E-1,9.839039612E0,9.864401649E0
3.634644629E1,3.014730835E-1,6.741979980E-1,9.852212219E0,9.879853975E0
3.635647729E1,3.144960022E-1,6.975494385E-1,9.836794281E0,9.866509245E0
3.636650929E1,3.086581421E-1,7.192543030E-1,9.794432373E0,9.825655302E0
3.637654029E1,3.116519165E-1,7.259902954E-1,9.785900116E0,9.817740570E0
3.638657229E1,2.817141724E-1,7.265890503E-1,9.783056030E0,9.814045028E0
3.639660429E1,2.644999695E-1,6.997947693E-1,9.819729767E0,9.848185906E0
3.640663529E1,2.637515259E-1,6.800358582E-1,9.857002258E0,9.883952001E0
3.641666729E1,2.644999695E-1,6.577322388E-1,9.866881714E0,9.892316548E0
3.642669829E1,2.763253784E-1,6.444099426E-1,9.809401245E0,9.834427928E0
3.643673029E1,2.659968567E-1,6.391708374E-1,9.765542450E0,9.790051738E0
3.644676129E1,2.630030823E-1,6.242019653E-1,9.814490662E0,9.837836432E0
3.645679329E1,3.014730835E-1,6.450086975E-1,9.930649109E0,9.956139511E0
3.646682529E1,3.631448364E-1,6.806346130E-1,1.004620880E1,1.007578528E1
3.647685629E1,3.947291565E-1,6.804849243E-1,9.963430939E0,9.994439800E0
3.648688829E1,3.329077148E-1,6.917115784E-1,9.777966614E0,9.808054015E0
3.649691929E1,2.266287231E-1,6.596781921E-1,9.724827118E0,9.749810171E0
3.650695129E1,2.327659607E-1,6.641688538E-1,9.770781555E0,9.796094755E0
3.651698229E1,2.773731995E-1,6.586303711E-1,9.833501129E0,9.859435801E0
3.652701429E1,3.091072083E-1,6.503974915E-1,9.855355682E0,9.881629410E0
3.653704629E1,3.079096985E-1,6.469546509E-1,9.809251556E0,9.835383816E0
3.654707729E1,2.749781799E-1,6.623725891E-1,9.756710815E0,9.783034109E0
3.655710929E1,2.737806702E-1,6.923103333E-1,9.767937469E0,9.796267241E0
3.656714029E1,2.757266235E-1,7.277865601E-1,9.810598755E0,9.841419937E0
3.657717229E1,2.794688416E-1,7.719447327E-1,9.870174866E0,9.904259356E0
3.658720429E1,2.893482971E-1,7.794291687E-1,9.901609497E0,9.936453235E0
3.659723529E1,3.197351074E-1,7.921527100E-1,9.918374634E0,9.955093763E0
3.660726729E1,3.344046021E-1,7.875123596E-1,9.910141754E0,9.947005164E0
3.661729829E1,3.270698547E-1,7.568261719E-1,9.904154205E0,9.938411899E0
3.662733029E1,3.103047180E-1,7.150630188E-1,9.861642609E0,9.892401078E0
3.663736129E1,2.969824219E-1,6.650669861E-1,9.845326538E0,9.872232133E0
3.664739329E1,2.745291138E-1,6.409671021E-1,9.789193268E0,9.813995613E0
3.665742529E1,2.534230042E-1,6.063890076E-1,9.788594513E0,9.810632670E0
3.666745629E1,2.426454163E-1,6.092330933E-1,9.794881439E0,9.816809266E0
3.667748829E1,2.637515259E-1,5.974076843E-1,9.810598755E0,9.832309431E0
3.668751929E1,2.903961182E-1,6.135740662E-1,9.843081207E0,9.866460900E0
3.669755129E1,3.215313721E-1,6.194119263E-1,9.861193542E0,9.885858164E0
3.670758229E1,3.367996216E-1,6.336323547E-1,9.849068756E0,9.875174900E0
3.671761429E1,3.366499329E-1,6.578819275E-1,9.831106110E0,9.858843195E0
3.672764629E1,3.104544067E-1,6.857240295E-1,9.809850311E0,9.838687032E0
3.673767729E1,2.875520325E-1,6.857240295E-1,9.811496887E0,9.839632858E0
3.674770929E1,2.604583740E-1,7.143145752E-1,9.819131012E0,9.848523631E0
3.675774029E1,2.544708252E-1,7.212002563E-1,9.804611206E0,9.834393022E0
3.676777229E1,2.412982178E-1,7.283853149E-1,9.815987549E0,9.845932234E0
3.677780329E1,2.350112915E-1,7.496411133E-1,9.836045837E0,9.867369955E0
3.678783529E1,2.655477905E-1,7.557783508E-1,9.798024902E0,9.830717600E0
3.679786729E1,2.983296204E-1,7.322772217E-1,9.809550934E0,9.841367792E0
3.680789829E1,3.318598938E-1,7.171586609E-1,9.841135254E0,9.872810675E0
3.681793029E1,3.296145630E-1,6.920109558E-1,9.853110352E0,9.882879566E0
3.682796129E1,3.016227722E-1,6.864724731E-1,9.846973114E0,9.875479748E0
3.683799329E1,2.923420715E-1,6.830296326E-1,9.833201752E0,9.861229642E0
3.684802429E1,2.841091919E-1,6.872209167E-1,9.858648834E0,9.886655019E0
3.685805629E1,3.005749512E-1,6.932084656E-1,9.886490936E0,9.915320787E0
3.686808829E1,3.138972473E-1,7.071295166E-1,9.910890198E0,9.941041603E0
3.687811929E1,3.040177917E-1,7.050338745E-1,9.886191559E0,9.915961029E0
3.688815129E1,3.023712158E-1,7.144642639E-1,9.876012726E0,9.906438053E0
3.689818229E1,3.052153015E-1,7.087760925E-1,9.868677979E0,9.898804219E0
3.690821429E1,2.908451843E-1,7.086264038E-1,9.838440857E0,9.868214671E0
3.691824629E1,2.945874023E-1,7.110214233E-1,9.808353424E0,9.838502431E0
3.692827729E1,2.800675964E-1,6.966513062E-1,9.797126770E0,9.825856393E0
3.693830929E1,2.812651062E-1,6.577322388E-1,9.778864746E0,9.804994517E0
3.694834029E1,2.793191528E-1,6.505471802E-1,9.784253540E0,9.809834257E0
3.695837229E1,2.927911377E-1,6.315367126E-1,9.812993774E0,9.837652773E0
3.696840329E1,3.002755737E-1,6.243516541E-1,9.830357666E0,9.854740598E0
3.697843529E1,3.077600098E-1,6.327342224E-1,9.841584320E0,9.866704148E0
3.698846729E1,3.028202820E-1,6.388714600E-1,9.830956421E0,9.856346230E0
3.699849829E1,2.987786865E-1,6.572831726E-1,9.809101868E0,9.835637718E0
3.700853029E1,2.817141724E-1,6.628216553E-1,9.797725525E0,9.824160060E0
3.701856129E1,2.622546387E-1,6.947053528E-1,9.789792023E0,9.817913265E0
3.702859329E1,2.564167786E-1,7.068301392E-1,9.821825409E0,9.850564084E0
3.703862429E1,2.574645996E-1,7.128176880E-1,9.855056305E0,9.884155596E0
3.704865629E1,2.631527710E-1,7.255412292E-1,9.865384827E0,9.895528143E0
3.705868829E1,2.727328491E-1,7.149133301E-1,9.882299652E0,9.911878262E0
3.706871929E1,2.938389587E-1,7.241940308E-1,9.866582336E0,9.897486819E0
3.707875129E1,2.683918762E-1,7.216493225E-1,9.847871246E0,9.877923872E0
3.708878229E1,2.713856506E-1,7.331753540E-1,9.810898132E0,9.841997685E0
3.709881429E1,2.606080627E-1,7.234455872E-1,9.810299377E0,9.840389421E0
3.710884529E1,2.659968567E-1,7.165599060E-1,9.793683929E0,9.823464630E0
3.711887729E1,2.790197754E-1,7.068301392E-1,9.814640350E0,9.844014734E0
3.712890887E1,2.887495422E-1,6.875202942E-1,9.858798523E0,9.886959531E0
3.713893988E1,3.061134338E-1,6.794371033E-1,9.893825684E0,9.921850980E0
3.714897187E1,3.164419556E-1,6.643185425E-1,9.870174866E0,9.897565686E0
3.715900287E1,2.998265076E-1,6.560856628E-1,9.862690430E0,9.889034677E0
3.716903487E1,2.832110596E-1,6.670129395E-1,9.845326538E0,9.871958742E0
3.717906588E1,2.877017212E-1,6.758445740E-1,9.841135254E0,9.868509576E0
3.718909787E1,2.824626160E-1,6.873706055E-1,9.845925293E0,9.873930745E0
3.719912987E1,2.820135498E-1,6.953041077E-1,9.824220428E0,9.852831394E0
3.720916088E1,2.990780640E-1,7.126679993E-1,9.792486420E0,9.822939155E0
3.721919287E1,2.981799316E-1,7.255412292E-1,9.789342957E0,9.820720792E0
3.722922387E1,2.719844055E-1,7.149133301E-1,9.793983307E0,9.823807083E0
3.723925587E1,2.556683350E-1,6.985972595E-1,9.832153931E0,9.860256353E0
3.724928688E1,2.597099304E-1,6.938072205E-1,9.861642609E0,9.889429339E0
3.725931887E1,2.670446777E-1,6.698570251E-1,9.844278717E0,9.870655741E0
3.726935087E1,2.742297363E-1,6.746470642E-1,9.755962372E0,9.783105458E0
3.727938188E1,2.630030823E-1,6.773414612E-1,9.725725250E0,9.752830036E0
3.728941387E1,2.653981018E-1,6.830296326E-1,9.848170624E0,9.875395195E0
3.729944487E1,3.326083374E-1,7.018904114E-1,1.000998413E1,1.004007275E1
3.730947688E1,3.845503235E-1,7.223977661E-1,1.009994705E1,1.013304830E1
3.731950788E1,3.664379883E-1,7.176077271E-1,9.922116852E0,9.954779780E0
3.732953987E1,2.739303589E-1,6.840774536E-1,9.736951904E0,9.764795553E0
3.733957187E1,2.046244812E-1,6.982978821E-1,9.700128479E0,9.727383185E0
3.734960288E1,2.155517578E-1,6.840774536E-1,9.748178558E0,9.774528619E0
3.735963487E1,2.868035889E-1,6.765930176E-1,9.826914825E0,9.854353829E0
3.736966587E1,3.296145630E-1,6.691085815E-1,9.848170624E0,9.876376698E0
3.737969788E1,3.252735901E-1,6.686595154E-1,9.806108093E0,9.834259728E0
3.738972888E1,3.053649902E-1,6.668632507E-1,9.783654785E0,9.811108772E0
3.739976087E1,2.803669739E-1,6.996450806E-1,9.789642334E0,9.818615274E0
3.740979287E1,2.823129272E-1,7.381150818E-1,9.817334747E0,9.849090110E0
3.741982388E1,2.781216431E-1,7.694000244E-1,9.861941986E0,9.895818702E0
3.742985587E1,2.860551453E-1,7.955955505E-1,9.883197784E0,9.919294243E0
3.743988687E1,2.905458069E-1,8.003855896E-1,9.881700897E0,9.918318738E0
3.744991888E1,3.146456909E-1,7.926017761E-1,9.877659302E0,9.914402290E0
3.745995087E1,3.369493103E-1,7.616162109E-1,9.881401520E0,9.916435352E0
3.746998187E1,3.201841736E-1,7.379653931E-1,9.871971130E0,9.904692061E0
3.748001387E1,2.999761963E-1,6.839277649E-1,9.842931519E0,9.871223014E0
3.749004488E1,2.959346008E-1,6.659651184E-1,9.822873230E0,9.849869305E0
3.750007687E1,2.567161560E-1,6.496490479E-1,9.798473969E0,9.823341549E0
3.751010787E1,2.360591125E-1,6.354286194E-1,9.784552917E0,9.808005364E0
3.752013988E1,2.406994629E-1,6.195616150E-1,9.807155914E0,9.829654112E0
3.753017187E1,2.625540161E-1,6.412664795E-1,9.832153931E0,9.856541393E0
3.754020287E1,2.986289978E-1,6.515950012E-1,9.838740234E0,9.864814480E0
3.755023488E1,3.294648743E-1,6.544390869E-1,9.852810974E0,9.880016281E0
3.756026588E1,3.281176758E-1,6.777905273E-1,9.847122803E0,9.875874073E0
3.757029787E1,3.070115662E-1,7.101232910E-1,9.827513580E0,9.857918358E0
3.758032887E1,2.859054565E-1,7.159611511E-1,9.834099884E0,9.864272037E0
3.759036088E1,2.656974792E-1,7.473957825E-1,9.822124786E0,9.854102238E0
3.760039287E1,2.504292297E-1,7.420069885E-1,9.786798248E0,9.818080725E0
3.761042387E1,2.228865051E-1,7.677534485E-1,9.804461517E0,9.837001037E0
3.762045588E1,2.145039368E-1,7.631130981E-1,9.823771362E0,9.855700752E0
3.763048688E1,2.743794250E-1,7.580236816E-1,9.816286926E0,9.849333632E0
3.764051887E1,3.034190369E-1,7.319778442E-1,9.836345215E0,9.868208645E0
3.765054987E1,3.219804382E-1,7.116201782E-1,9.871372375E0,9.902225369E0
3.766058188E1,3.156935120E-1,6.956034851E-1,9.850715332E0,9.880289427E0
3.767061387E1,3.134481812E-1,6.867718506E-1,9.841135254E0,9.870048046E0
3.768064487E1,2.993774414E-1,7.068301392E-1,9.811496887E0,9.841478896E0
3.769067688E1,2.878514099E-1,6.966513062E-1,9.828561401E0,9.857423634E0
3.770070788E1,2.718347168E-1,7.204518127E-1,9.877060547E0,9.907031340E0
3.771073987E1,2.685415649E-1,7.315287781E-1,9.892777863E0,9.923421928E0
3.772077187E1,2.844085693E-1,7.349716187E-1,9.860145721E0,9.891589618E0
3.773080288E1,2.971321106E-1,7.559280396E-1,9.852511597E0,9.885934425E0
3.774083487E1,3.020718384E-1,7.496411133E-1,9.866881714E0,9.899927472E0
3.775086587E1,2.929408264E-1,7.379653931E-1,9.852810974E0,9.884750444E0
3.776089788E1,2.987786865E-1,7.454498291E-1,9.830507355E0,9.863257018E0
3.777092888E1,2.875520325E-1,7.188052368E-1,9.806108093E0,9.836621528E0
3.778096087E1,2.764750671E-1,6.968009949E-1,9.792636108E0,9.821287698E0
3.779099288E1,2.615061951E-1,6.819818115E-1,9.794582062E0,9.821777968E0
3.780102388E1,2.770738220E-1,6.728507996E-1,9.807604980E0,9.834562194E0
3.781105587E1,2.869532776E-1,6.664141846E-1,9.826465759E0,9.853216702E0
3.782108687E1,2.897973633E-1,6.762936401E-1,9.828262024E0,9.855764304E0
3.783111888E1,3.017724609E-1,6.718029785E-1,9.824220428E0,9.851786279E0
3.784114988E1,2.945874023E-1,6.712042236E-1,9.789342957E0,9.816747545E0
3.785118187E1,2.818638611E-1,6.985972595E-1,9.788594513E0,9.817538791E0
3.786121388E1,2.830613708E-1,6.954537964E-1,9.813742218E0,9.842424297E0
3.787124488E1,2.707868958E-1,7.128176880E-1,9.829459534E0,9.858991293E0
3.788127687E1,2.707868958E-1,7.214996338E-1,9.858948212E0,9.889021544E0
3.789130787E1,2.695893860E-1,7.304809570E-1,9.861193542E0,9.891886521E0
3.790133988E1,2.649490356E-1,7.349716187E-1,9.862989807E0,9.893884435E0
3.791137087E1,2.712359619E-1,7.484436035E-1,9.865384827E0,9.897451922E0
3.792140287E1,2.784210205E-1,7.384144592E-1,9.845027161E0,9.876605387E0
3.793143488E1,2.713856506E-1,7.617658997E-1,9.807455292E0,9.840737612E0
3.794146588E1,2.695893860E-1,7.641609192E-1,9.805509338E0,9.838934583E0
3.795149787E1,2.573149109E-1,7.435038757E-1,9.823172607E0,9.854629828E0
3.796152887E1,2.755769348E-1,7.318281555E-1,9.844578094E0,9.875587727E0
3.797156088E1,2.721340942E-1,7.152127075E-1,9.850715332E0,9.880393653E0
3.798159187E1,2.802172852E-1,7.014413452E-1,9.826765137E0,9.855752368E0
3.799162387E1,2.686912537E-1,7.056326294E-1,9.836195526E0,9.865133290E0
3.800165588E1,2.736309814E-1,6.954537964E-1,9.861193542E0,9.889472583E0
3.801168688E1,2.842588806E-1,6.976991272E-1,9.890682220E0,9.919333746E0
3.802171887E1,3.092568970E-1,7.234455872E-1,9.872270508E0,9.903571998E0
3.803174987E1,3.303630066E-1,7.526348877E-1,9.819729767E0,9.854069803E0
3.804178188E1,3.052153015E-1,7.518864441E-1,9.780211945E0,9.813818588E0
3.805181287E1,2.621049500E-1,7.424560547E-1,9.744436340E0,9.776194535E0
3.806184487E1,2.582130432E-1,7.243437195E-1,9.777367859E0,9.807561881E0
3.807187688E1,2.550695801E-1,7.048841858E-1,9.826615448E0,9.855165821E0
3.808190788E1,2.531236267E-1,6.959028625E-1,9.850266266E0,9.878061443E0
3.809193987E1,2.456391907E-1,6.740483093E-1,9.787546692E0,9.813804053E0
3.810197087E1,2.439926147E-1,6.851252747E-1,9.747579803E0,9.774673450E0
3.811200288E1,2.619552612E-1,6.921606445E-1,9.871671753E0,9.899374228E0
3.812203567E1,3.173400879E-1,7.102729797E-1,1.001073257E1,1.004091426E1
3.813206667E1,3.749702454E-1,7.297325134E-1,1.007509872E1,1.010844828E1
3.814209867E1,3.632945251E-1,7.342231750E-1,9.896669769E0,9.930515551E0
3.815212967E1,2.721340942E-1,7.276368713E-1,9.708511047E0,9.739543066E0
3.816216167E1,1.890568542E-1,7.273374939E-1,9.667496338E0,9.696661682E0
3.817219267E1,2.124082947E-1,7.229965210E-1,9.751621399E0,9.780693286E0
3.818222467E1,2.788700867E-1,7.114704895E-1,9.827812958E0,9.857477685E0
3.819225667E1,3.291654968E-1,6.984475708E-1,9.860445099E0,9.890629731E0
3.820228767E1,3.248245239E-1,6.900650024E-1,9.828112335E0,9.857661627E0
3.821231967E1,2.900967407E-1,6.887178040E-1,9.807904358E0,9.836334491E0
3.822235067E1,2.585124207E-1,7.183561707E-1,9.811796265E0,9.841453663E0
3.823238267E1,2.492317200E-1,7.714956665E-1,9.837991791E0,9.871342588E0
3.824241367E1,2.631527710E-1,8.057743835E-1,9.854008484E0,9.890399635E0
3.825244567E1,2.707868958E-1,8.307723999E-1,9.850715332E0,9.889393352E0
3.826247767E1,2.743794250E-1,8.436456299E-1,9.852661285E0,9.892520226E0
3.827250867E1,3.122506714E-1,8.460406494E-1,9.878407745E0,9.919487126E0
3.828254067E1,3.228785706E-1,7.951464844E-1,9.877060547E0,9.914274232E0
3.829257167E1,3.209326172E-1,7.479945374E-1,9.860594788E0,9.894130742E0
3.830260367E1,3.082090759E-1,7.137158203E-1,9.840087433E0,9.870749910E0
3.831263467E1,2.842588806E-1,6.825805664E-1,9.811197510E0,9.839020069E0
3.832266667E1,2.573149109E-1,6.682104492E-1,9.795779572E0,9.821914965E0
3.833269867E1,2.302212524E-1,6.574328613E-1,9.787247314E0,9.812004372E0
3.834272967E1,2.171983337E-1,6.524931335E-1,9.798623657E0,9.822726097E0
3.835276167E1,2.502795410E-1,6.703060913E-1,9.833950195E0,9.859945565E0
3.836279267E1,2.914439392E-1,6.876699829E-1,9.854756927E0,9.883018956E0
3.837282467E1,3.204835510E-1,7.057823181E-1,9.858199768E0,9.888626854E0
3.838285567E1,3.195854187E-1,7.183561707E-1,9.841584320E0,9.872940411E0
3.839288767E1,3.153941345E-1,7.203021240E-1,9.826765137E0,9.858175372E0
3.840291967E1,3.135978699E-1,7.396119690E-1,9.842033386E0,9.874765347E0
3.841295067E1,2.841091919E-1,7.536827087E-1,9.833800507E0,9.866731377E0
3.842298267E1,2.520758057E-1,7.599696350E-1,9.790091400E0,9.822778918E0
3.843301367E1,2.010319519E-1,7.903564453E-1,9.789342957E0,9.823253671E0
3.844304567E1,2.037263489E-1,7.872129822E-1,9.798923035E0,9.832603996E0
3.845307767E1,2.378553772E-1,8.005352783E-1,9.794881439E0,9.830418827E0
3.846310867E1,3.046165466E-1,7.768844604E-1,9.849517822E0,9.884803591E0
3.847314067E1,3.362008667E-1,7.568261719E-1,9.879305878E0,9.913954887E0
3.848317167E1,3.381468201E-1,7.307803345E-1,9.877210236E0,9.909978063E0
3.849320367E1,3.100053406E-1,7.195536804E-1,9.855355682E0,9.886450143E0
3.850323467E1,3.032693481E-1,7.104226685E-1,9.833650818E0,9.863942471E0
3.851326667E1,2.948867798E-1,7.222480774E-1,9.837093658E0,9.867979132E0
3.852329867E1,2.820135498E-1,7.376660156E-1,9.849817200E0,9.881426094E0
3.853332967E1,2.665956116E-1,7.548802185E-1,9.865384827E0,9.897814665E0
3.854336167E1,2.706372070E-1,7.547305298E-1,9.885892181E0,9.918353033E0
3.855339267E1,2.881507874E-1,7.701484680E-1,9.863887939E0,9.898103092E0
3.856342467E1,2.912942505E-1,7.725434875E-1,9.857151947E0,9.891669237E0
3.857345567E1,3.023712158E-1,7.512876892E-1,9.844578094E0,9.877832728E0
3.858348767E1,2.963836670E-1,7.336244202E-1,9.829010468E0,9.860805993E0
3.859351967E1,2.899470520E-1,7.340734863E-1,9.806108093E0,9.837819327E0
3.860355067E1,2.917433167E-1,7.171586609E-1,9.788594513E0,9.819165608E0
3.861358267E1,2.797682190E-1,6.815327454E-1,9.772877197E0,9.800606402E0
3.862361367E1,2.772235107E-1,6.759942627E-1,9.814640350E0,9.841797921E0
3.863364567E1,2.749781799E-1,6.885681152E-1,9.830507355E0,9.858428572E0
3.864367667E1,2.868035889E-1,6.870712280E-1,9.852062531E0,9.880154820E0
3.865370867E1,2.863545227E-1,6.982978821E-1,9.829010468E0,9.857944290E0
3.866374067E1,2.727328491E-1,7.114704895E-1,9.806407471E0,9.835964668E0
3.867377167E1,2.706372070E-1,7.122189331E-1,9.799970856E0,9.829543686E0
3.868380367E1,2.796185303E-1,7.252418518E-1,9.796827393E0,9.827613608E0
3.869383467E1,2.665956116E-1,7.246430969E-1,9.814490662E0,9.844816290E0
3.870386667E1,2.537223816E-1,7.467970276E-1,9.839488678E0,9.871049503E0
3.871389867E1,2.558180237E-1,7.421566772E-1,9.869576111E0,9.900746033E0
3.872392967E1,2.671943665E-1,7.611671448E-1,9.865833893E0,9.898759854E0
3.873396167E1,2.659968567E-1,7.677534485E-1,9.851763153E0,9.885213043E0
3.874399267E1,2.489323425E-1,7.753875732E-1,9.846973114E0,9.880590706E0
3.875402467E1,2.525248718E-1,7.644602966E-1,9.822274475E0,9.855214063E0
3.876405567E1,2.534230042E-1,7.503895569E-1,9.804910583E0,9.836848035E0
3.877408767E1,2.582130432E-1,7.506889343E-1,9.820927277E0,9.852959983E0
3.878411967E1,2.890489197E-1,7.282356262E-1,9.844129028E0,9.875259629E0
3.879415067E1,2.809657288E-1,7.101232910E-1,9.850565643E0,9.880124509E0
3.880418267E1,2.733316040E-1,7.033872986E-1,9.854008484E0,9.882861279E0
3.881421367E1,2.597099304E-1,7.093748474E-1,9.840835876E0,9.869787874E0
3.882424567E1,2.650987244E-1,7.099736023E-1,9.845625916E0,9.874750099E0
3.883427667E1,2.838098145E-1,7.235952759E-1,9.879754944E0,9.910282331E0
3.884430867E1,3.101550293E-1,7.441026306E-1,9.866432648E0,9.899311999E0
3.885434067E1,3.185375977E-1,7.592211914E-1,9.809101868E0,9.843594997E0
3.886437167E1,2.900967407E-1,7.578739929E-1,9.785301361E0,9.818892597E0
3.887440367E1,2.661465454E-1,7.384144592E-1,9.780960388E0,9.812404191E0
3.888443467E1,2.577639771E-1,7.174580383E-1,9.789193268E0,9.818833594E0
3.889446667E1,2.433938599E-1,7.002438354E-1,9.829160156E0,9.857077223E0
3.890449767E1,2.378553772E-1,6.951544189E-1,9.823921051E0,9.851357250E0
3.891452967E1,2.359094238E-1,6.939569092E-1,9.739945679E0,9.767485412E0
3.892456167E1,2.456391907E-1,6.938072205E-1,9.756411438E0,9.784133647E0
3.893459267E1,2.697390747E-1,7.179071045E-1,9.874216461E0,9.903953781E0
3.894462467E1,3.290158081E-1,7.294331360E-1,1.004082001E1,1.007265558E1
3.895465567E1,3.680845642E-1,7.369175720E-1,1.007539810E1,1.010901482E1
3.896468767E1,3.426374817E-1,7.381150818E-1,9.875863037E0,9.909333229E0
3.897471867E1,2.339634705E-1,7.387138367E-1,9.715546417E0,9.746398269E0
3.898475067E1,1.675016785E-1,7.216493225E-1,9.683812408E0,9.712108799E0
3.899478267E1,2.058219910E-1,7.194039917E-1,9.754315796E0,9.782974059E0
3.900481367E1,2.547702026E-1,7.174580383E-1,9.831704865E0,9.861139611E0
3.901484567E1,3.067121887E-1,6.972500610E-1,9.835297394E0,9.864750622E0
3.902487667E1,3.110531616E-1,7.048841858E-1,9.807305603E0,9.837523010E0
3.903490867E1,2.787203979E-1,6.996450806E-1,9.802964630E0,9.831851496E0
3.904494067E1,2.589614868E-1,7.261399841E-1,9.825567627E0,9.855765801E0
3.905497167E1,2.550695801E-1,7.463479614E-1,9.851314087E0,9.882837903E0
3.906500367E1,2.576142883E-1,7.915539551E-1,9.872120819E0,9.907153590E0
3.907503467E1,2.688409424E-1,8.273295593E-1,9.866432648E0,9.904708115E0
3.908506667E1,2.661465454E-1,8.313711548E-1,9.855954437E0,9.894536364E0
3.909509767E1,2.737806702E-1,8.071215820E-1,9.846224670E0,9.883043123E0
3.910512967E1,2.862048340E-1,7.849676514E-1,9.850266266E0,9.885637710E0
3.911516167E1,2.918930054E-1,7.303312683E-1,9.851014709E0,9.882361868E0
3.912519262E1,3.074606323E-1,6.954537964E-1,9.855056305E0,9.884347363E0
3.913522463E1,2.739303589E-1,6.683601379E-1,9.824819183E0,9.851335701E0
3.914525563E1,2.618055725E-1,6.744973755E-1,9.791438599E0,9.818134176E0
3.915528762E1,2.330653381E-1,6.512956238E-1,9.791288910E0,9.815693758E0
3.916531862E1,2.243833923E-1,6.547384644E-1,9.803563385E0,9.827964459E0
3.917535063E1,2.565664673E-1,6.715036011E-1,9.837542725E0,9.863771606E0
3.918538262E1,2.782713318E-1,6.810836792E-1,9.846224670E0,9.873674603E0
3.919541362E1,2.993774414E-1,6.969506836E-1,9.854307861E0,9.883458430E0
3.920544563E1,3.177891541E-1,7.131170654E-1,9.834998016E0,9.865936949E0
3.921547663E1,3.101550293E-1,7.209008789E-1,9.837243347E0,9.868497904E0
3.922550862E1,2.856060791E-1,7.291337585E-1,9.847422180E0,9.878508514E0
3.923554062E1,2.688409424E-1,7.596702576E-1,9.820029144E0,9.853037438E0
3.924557163E1,2.290237427E-1,7.719447327E-1,9.794881439E0,9.827922108E0
3.925560362E1,1.842668152E-1,8.026309204E-1,9.790091400E0,9.824665912E0
3.926563462E1,1.987866211E-1,7.870632935E-1,9.797276459E0,9.830849951E0
3.927566663E1,2.438429260E-1,7.851173401E-1,9.799671478E0,9.834095266E0
3.928569763E1,2.948867798E-1,7.707472229E-1,9.847122803E0,9.881641412E0
3.929572962E1,3.275189209E-1,7.331753540E-1,9.856702881E0,9.889358241E0
3.930576163E1,3.138972473E-1,7.334747314E-1,9.840985565E0,9.873272687E0
3.931579263E1,2.950364685E-1,7.030879211E-1,9.832752686E0,9.862271773E0
3.932582462E1,2.652484131E-1,7.093748474E-1,9.838440857E0,9.867547207E0
3.933585562E1,2.433938599E-1,7.270381165E-1,9.860295410E0,9.890058168E0
3.934588763E1,2.538720703E-1,7.250921631E-1,9.865833893E0,9.895700484E0
3.935591863E1,2.487826538E-1,7.487429810E-1,9.861492920E0,9.893005179E0
3.936595062E1,2.571652222E-1,7.509883118E-1,9.852511597E0,9.884437372E0
3.937598263E1,2.757266235E-1,7.399113464E-1,9.853110352E0,9.884699164E0
3.938601363E1,2.769241333E-1,7.426057434E-1,9.863289185E0,9.895080788E0
3.939604562E1,2.883004761E-1,7.439529419E-1,9.855954437E0,9.888196044E0
3.940607662E1,2.881507874E-1,7.273374939E-1,9.824819183E0,9.855918156E0
3.941610863E1,2.731819153E-1,7.050338745E-1,9.794282684E0,9.823424781E0
3.942613962E1,2.442919922E-1,6.954537964E-1,9.788145447E0,9.815860933E0
3.943617162E1,2.481838989E-1,6.797364807E-1,9.787247314E0,9.813961836E0
3.944620363E1,2.577639771E-1,6.744973755E-1,9.831255798E0,9.857737040E0
3.945623463E1,2.540217590E-1,6.728507996E-1,9.843679962E0,9.869918462E0
3.946626662E1,2.591111755E-1,6.887178040E-1,9.846823425E0,9.874279841E0
3.947629762E1,2.817141724E-1,6.987469482E-1,9.834099884E0,9.862916947E0
3.948632963E1,2.730322266E-1,7.131170654E-1,9.805509338E0,9.835196792E0
3.949636062E1,2.680924988E-1,7.137158203E-1,9.807604980E0,9.837193671E0
3.950639262E1,2.423460388E-1,7.246430969E-1,9.797126770E0,9.826878048E0
3.951642463E1,2.252815247E-1,7.327262878E-1,9.827962646E0,9.857813620E0
3.952645563E1,2.305206299E-1,7.441026306E-1,9.837542725E0,9.868337010E0
3.953648762E1,2.221380615E-1,7.538323975E-1,9.861941986E0,9.893205160E0
3.954651862E1,2.402503967E-1,7.469467163E-1,9.862540741E0,9.893703024E0
3.955655063E1,2.432441711E-1,7.342231750E-1,9.842931519E0,9.873274648E0
3.956658262E1,2.570155334E-1,7.453001404E-1,9.827064514E0,9.858637140E0
3.957661362E1,2.531236267E-1,7.587721252E-1,9.825417938E0,9.857922924E0
3.958664563E1,2.562670898E-1,7.412585449E-1,9.837542725E0,9.868757972E0
3.959667663E1,2.683918762E-1,7.321275330E-1,9.835746460E0,9.866607996E0
3.960670862E1,2.418969727E-1,7.134164429E-1,9.837243347E0,9.866044488E0
3.961673962E1,2.171983337E-1,7.077282715E-1,9.824519806E0,9.852372498E0
3.962677163E1,2.372566223E-1,7.119195557E-1,9.838740234E0,9.867316229E0
3.963680362E1,2.564167786E-1,7.098239136E-1,9.863738251E0,9.892569526E0
3.964683462E1,2.977308655E-1,7.387138367E-1,9.884544983E0,9.916580626E0
3.965686663E1,3.279679871E-1,7.505392456E-1,9.840536499E0,9.874564838E0
3.966689763E1,3.038681030E-1,7.526348877E-1,9.791139221E0,9.824724034E0
3.967692962E1,2.639012146E-1,7.409591675E-1,9.790091400E0,9.821637031E0
3.968696062E1,2.448907471E-1,7.116201782E-1,9.785900116E0,9.814795761E0
3.969699263E1,2.029779053E-1,6.870712280E-1,9.804910583E0,9.831049713E0
3.970702462E1,2.158511353E-1,6.815327454E-1,9.818232880E0,9.844225489E0
3.971705562E1,2.183958435E-1,6.774911499E-1,9.770482178E0,9.796377544E0
3.972708763E1,2.188449097E-1,6.870712280E-1,9.716294861E0,9.743015231E0
3.973711862E1,2.415975952E-1,6.879693604E-1,9.789043579E0,9.816162460E0
3.974715062E1,2.835104370E-1,7.120692444E-1,9.930649109E0,9.960181349E0
3.975718162E1,3.628454590E-1,7.279362488E-1,1.007345215E1,1.010623502E1
3.976721363E1,3.956272888E-1,7.512876892E-1,1.001477417E1,1.005070424E1
3.977724562E1,3.055146790E-1,7.357200623E-1,9.815837860E0,9.848111297E0
3.978727662E1,1.836680603E-1,7.002438354E-1,9.723180542E0,9.750093089E0
3.979730863E1,1.490899658E-1,6.909631348E-1,9.741292877E0,9.766905589E0
3.980733962E1,1.963916016E-1,6.806346130E-1,9.810748444E0,9.836290874E0
3.981737162E1,2.682421875E-1,6.652166748E-1,9.853709106E0,9.879779869E0
3.982740363E1,3.121009827E-1,6.753955078E-1,9.839788055E0,9.867876929E0
3.983743463E1,3.097059631E-1,6.771917725E-1,9.805958405E0,9.834191716E0
3.984746662E1,2.658471680E-1,7.057823181E-1,9.799671478E0,9.828650186E0
3.985749762E1,2.531236267E-1,7.506889343E-1,9.838440857E0,9.870284897E0
3.986752963E1,2.420466614E-1,7.774832153E-1,9.874815216E0,9.908331963E0
3.987756062E1,2.368075562E-1,8.036787415E-1,9.901010742E0,9.936397287E0
3.988759262E1,2.489323425E-1,8.069718933E-1,9.879455566E0,9.915483510E0
3.989762463E1,2.341131592E-1,7.897576904E-1,9.866432648E0,9.900758525E0
3.990765563E1,2.627037048E-1,7.539820862E-1,9.861941986E0,9.894210527E0
3.991768762E1,2.986289978E-1,7.147636414E-1,9.859097900E0,9.889483189E0
3.992771862E1,2.998265076E-1,6.765930176E-1,9.857900391E0,9.885639795E0
3.993775063E1,2.851570129E-1,6.727011108E-1,9.829609222E0,9.856726575E0
3.994778262E1,2.592608643E-1,6.670129395E-1,9.793534241E0,9.819645380E0
3.995781362E1,2.198927307E-1,6.616241455E-1,9.798773346E0,9.823546122E0
3.996784563E1,1.980381775E-1,6.518943787E-1,9.797126770E0,9.820788072E0
3.997787662E1,2.046244812E-1,6.462062073E-1,9.796977081E0,9.820397832E0
3.998790862E1,2.406994629E-1,6.638694763E-1,9.832153931E0,9.857479892E0
3.999793962E1,2.932402039E-1,6.548881531E-1,9.849368134E0,9.875470669E0
4.000797163E1,3.047662354E-1,6.685098267E-1,9.845476227E0,9.872851158E0
4.001800362E1,3.028202820E-1,6.664141846E-1,9.847721558E0,9.874888752E0
4.002803462E1,3.001258850E-1,6.665638733E-1,9.868827667E0,9.895864918E0
4.003806663E1,2.832110596E-1,6.870712280E-1,9.863887939E0,9.891843138E0
4.004809762E1,2.451901245E-1,7.102729797E-1,9.792187042E0,9.820974136E0
4.005812962E1,1.868115234E-1,7.310797119E-1,9.808652802E0,9.837634160E0
4.006816063E1,1.848655701E-1,7.411088562E-1,9.820178833E0,9.849839081E0
4.007819263E1,2.192939758E-1,7.370672607E-1,9.792486420E0,9.822634487E0
4.008822462E1,2.603086853E-1,7.301815796E-1,9.819430389E0,9.849981671E0
4.009825562E1,2.874023438E-1,7.176077271E-1,9.820627899E0,9.851004684E0
4.010828763E1,2.888992310E-1,6.951544189E-1,9.824070740E0,9.852871070E0
4.011831862E1,2.975811768E-1,6.788383484E-1,9.847721558E0,9.875575727E0
4.012835062E1,2.793191528E-1,6.972500610E-1,9.863887939E0,9.892444699E0
4.013838163E1,2.760260010E-1,7.005432129E-1,9.872270508E0,9.900943194E0
4.014841363E1,2.489323425E-1,6.923103333E-1,9.887389069E0,9.914722563E0
4.015844562E1,2.528242493E-1,6.984475708E-1,9.896520081E0,9.924356846E0
4.016847662E1,2.475851440E-1,6.996450806E-1,9.872869263E0,9.900724677E0
4.017850863E1,2.598596191E-1,7.068301392E-1,9.867480469E0,9.896176366E0
4.018853962E1,2.680924988E-1,7.047344971E-1,9.849068756E0,9.877888421E0
4.019857162E1,2.701881409E-1,7.071295166E-1,9.865384827E0,9.894384850E0
4.020860363E1,2.692900085E-1,7.056326294E-1,9.829459534E0,9.858433407E0
4.021863462E1,2.716850281E-1,6.890171814E-1,9.806557159E0,9.834486298E0
4.022866662E1,2.650987244E-1,6.494993591E-1,9.811347198E0,9.836394695E0
4.023869762E1,2.591111755E-1,6.514453125E-1,9.826166382E0,9.851145383E0
4.024872963E1,2.595602417E-1,6.170169067E-1,9.836195526E0,9.858946384E0
4.025876062E1,2.646496582E-1,6.089337158E-1,9.844129028E0,9.866494618E0
4.026879262E1,2.722837830E-1,6.174659729E-1,9.838291168E0,9.861408408E0
4.027882463E1,2.731819153E-1,6.066883850E-1,9.828561401E0,9.851056714E0
4.028885562E1,2.634521484E-1,6.152206421E-1,9.811047821E0,9.833847814E0
4.029888762E1,2.490820312E-1,6.285429382E-1,9.799372101E0,9.822667746E0
4.030891862E1,2.525248718E-1,6.524931335E-1,9.799372101E0,9.824317262E0
4.031895063E1,2.451901245E-1,6.535409546E-1,9.814640350E0,9.839430836E0
4.032898162E1,2.266287231E-1,6.583309937E-1,9.813442841E0,9.838110625E0
4.033901362E1,2.233355713E-1,6.626719666E-1,9.829160156E0,9.854004378E0
4.034904563E1,2.275268555E-1,6.767427063E-1,9.852212219E0,9.878048126E0
4.035907662E1,2.306703186E-1,6.770420837E-1,9.866432648E0,9.892324700E0
4.036910862E1,2.300715637E-1,6.863227844E-1,9.859546967E0,9.886083060E0
4.037913963E1,2.118095398E-1,6.794371033E-1,9.859097900E0,9.884751361E0
4.038917163E1,2.164498901E-1,6.968009949E-1,9.858648834E0,9.885612729E0
4.039920362E1,2.321672058E-1,6.971003723E-1,9.861792297E0,9.889125232E0
4.040923462E1,2.300715637E-1,7.011419678E-1,9.852062531E0,9.879659361E0
4.041926663E1,2.363584900E-1,6.968009949E-1,9.825268250E0,9.852780985E0
4.042929762E1,2.465373230E-1,6.972500610E-1,9.821825409E0,9.849629062E0
4.043932962E1,2.544708252E-1,6.741979980E-1,9.834249573E0,9.860616766E0
4.044936063E1,2.647993469E-1,6.664141846E-1,9.851014709E0,9.877080407E0
4.045939262E1,2.631527710E-1,6.381230164E-1,9.847871246E0,9.872032134E0
4.046942462E1,2.636018372E-1,6.233038330E-1,9.865085449E0,9.888271058E0
4.047945562E1,2.451901245E-1,6.099815369E-1,9.856852570E0,9.878751857E0
4.048948763E1,2.383044434E-1,6.008505249E-1,9.783954163E0,9.805282730E0
4.049951862E1,2.225871277E-1,6.182144165E-1,9.788444824E0,9.810473290E0
4.050955062E1,2.555186462E-1,6.280938721E-1,9.833351440E0,9.856702909E0
4.051958163E1,3.125500488E-1,6.313870239E-1,9.980645142E0,1.000547923E1
4.052961362E1,3.754193115E-1,6.165678406E-1,1.006027954E1,1.008614495E1
4.053964562E1,3.586541748E-1,6.201603699E-1,9.874964905E0,9.900917310E0
4.054967662E1,2.508782959E-1,5.995033264E-1,9.742939453E0,9.764589768E0
4.055970863E1,1.980381775E-1,6.024971008E-1,9.722432098E0,9.743095390E0
4.056973962E1,2.061213684E-1,6.234535217E-1,9.726473694E0,9.748613790E0
4.057977162E1,2.348616028E-1,6.415658569E-1,9.777667236E0,9.801507196E0
4.058980363E1,2.692900085E-1,6.619235229E-1,9.785301361E0,9.811359874E0
4.059983462E1,2.609074402E-1,6.613247681E-1,9.774074707E0,9.799895893E0
4.060986662E1,2.441423035E-1,6.807843018E-1,9.778116302E0,9.804826931E0
4.061989763E1,2.161505127E-1,7.098239136E-1,9.827214203E0,9.855186960E0
4.062992963E1,2.032772827E-1,7.349716187E-1,9.911189575E0,9.940482067E0
4.063996062E1,2.207908630E-1,7.438032532E-1,9.943522339E0,9.973746958E0
4.064999262E1,2.442919922E-1,7.337741089E-1,9.957443390E0,9.987431195E0
4.066002463E1,2.591111755E-1,7.399113464E-1,9.921518097E0,9.952443356E0
4.067005562E1,2.624043274E-1,7.056326294E-1,9.883048096E0,9.911680640E0
4.068008762E1,2.785707092E-1,6.694079590E-1,9.857301636E0,9.883931616E0
4.069011863E1,2.785707092E-1,6.379733276E-1,9.854756927E0,9.879314030E0
4.070015062E1,2.661465454E-1,5.935157776E-1,9.830806732E0,9.852302064E0
4.071018162E1,2.535726929E-1,5.893244934E-1,9.810000000E0,9.830956335E0
4.072021362E1,2.236349487E-1,5.837860107E-1,9.811197510E0,9.831094307E0
4.073024563E1,2.272274780E-1,6.004014587E-1,9.792636108E0,9.813655598E0
4.074027662E1,2.335144043E-1,6.044430542E-1,9.776469727E0,9.797920223E0
4.075030862E1,2.618055725E-1,6.318360901E-1,9.796078949E0,9.819924734E0
4.076033963E1,2.887495422E-1,6.399192810E-1,9.817035370E0,9.842106301E0
4.077037162E1,3.092568970E-1,6.438111877E-1,9.838440857E0,9.864332272E0
4.078040362E1,3.097059631E-1,6.303392029E-1,9.868228912E0,9.893188928E0
4.079043462E1,2.815644836E-1,6.140231323E-1,9.853559418E0,9.876686497E0
4.080046663E1,2.674937439E-1,6.222560120E-1,9.820178833E0,9.843508915E0
4.081049762E1,2.372566223E-1,6.427633667E-1,9.801617432E0,9.825535086E0
4.082052962E1,2.050735474E-1,6.638694763E-1,9.825118561E0,9.849656470E0
4.083056063E1,2.134561157E-1,6.830296326E-1,9.841883698E0,9.867865408E0
4.084059262E1,2.624043274E-1,6.863227844E-1,9.852361908E0,9.879723182E0
4.085062462E1,2.740800476E-1,6.620732117E-1,9.840087433E0,9.866143193E0
4.086065563E1,2.740800476E-1,6.583309937E-1,9.834099884E0,9.859920897E0
4.087068763E1,2.625540161E-1,6.496490479E-1,9.864486694E0,9.889341547E0
4.088071862E1,2.817141724E-1,6.354286194E-1,9.874815216E0,9.899247848E0
4.089075062E1,2.790197754E-1,6.518943787E-1,9.904004517E0,9.929356665E0
4.090078163E1,2.730322266E-1,6.494993591E-1,9.907896423E0,9.932915360E0
4.091081362E1,2.667453003E-1,6.521937561E-1,9.913285217E0,9.938296310E0
4.092084562E1,2.733316040E-1,6.553372192E-1,9.888736267E0,9.914195983E0
4.093087663E1,2.655477905E-1,6.427633667E-1,9.850865021E0,9.875383640E0
4.094090862E1,2.565664673E-1,6.566844177E-1,9.816735992E0,9.842020439E0
4.095093962E1,2.541714478E-1,6.697073364E-1,9.812694397E0,9.838804926E0
4.096097162E1,2.423460388E-1,6.481521606E-1,9.810449066E0,9.834823013E0
4.097100363E1,2.411485291E-1,6.490502930E-1,9.807455292E0,9.831866466E0
4.098103462E1,2.565664673E-1,6.328839111E-1,9.817334747E0,9.841058375E0
4.099106662E1,2.520758057E-1,6.035449219E-1,9.827363892E0,9.849106038E0
4.100109763E1,2.435435486E-1,5.789959717E-1,9.844727783E0,9.864746065E0
4.101112962E1,2.433938599E-1,5.718109131E-1,9.844278717E0,9.863875088E0
4.102116062E1,2.727328491E-1,5.601351929E-1,9.834548950E0,9.854262413E0
4.103119262E1,2.787203979E-1,5.617817688E-1,9.821675720E0,9.841676573E0
4.104122463E1,2.788700867E-1,5.670208740E-1,9.820328522E0,9.840636843E0
4.105125562E1,2.751278687E-1,5.766009521E-1,9.802665253E0,9.823462224E0
4.106128762E1,2.667453003E-1,5.849835205E-1,9.824370117E0,9.845385060E0
4.107131863E1,2.531236267E-1,5.956114197E-1,9.823172607E0,9.844467716E0
4.108135062E1,2.505789185E-1,5.986051941E-1,9.829459534E0,9.850857460E0
4.109138262E1,2.553689575E-1,6.056405640E-1,9.834099884E0,9.856040499E0
4.110141363E1,2.398013306E-1,6.092330933E-1,9.829908600E0,9.851688826E0
4.111144563E1,2.230361938E-1,6.176156616E-1,9.843979340E0,9.865856450E0
4.112147662E1,2.191442871E-1,6.381230164E-1,9.853559418E0,9.876631936E0
4.113150862E1,2.424957275E-1,6.538403320E-1,9.862840118E0,9.887463100E0
4.114153963E1,2.356100464E-1,6.640191650E-1,9.861492920E0,9.886631183E0
4.115157162E1,2.477348328E-1,6.971003723E-1,9.841734009E0,9.869500989E0
4.116160362E1,2.492317200E-1,6.968009949E-1,9.828860779E0,9.856680592E0
4.117163463E1,2.475851440E-1,6.839277649E-1,9.805359650E0,9.832300517E0
4.118166662E1,2.411485291E-1,6.532415771E-1,9.830806732E0,9.855436986E0
4.119169762E1,2.423460388E-1,6.307882690E-1,9.842332764E0,9.865502505E0
4.120172962E1,2.351609802E-1,6.081852722E-1,9.872270508E0,9.893781632E0
4.121176063E1,2.421963501E-1,5.742059326E-1,9.848320312E0,9.868018266E0
4.122179262E1,2.523751831E-1,5.842350769E-1,9.814939728E0,9.835551114E0
4.123182462E1,2.484832764E-1,5.819897461E-1,9.799072723E0,9.819484826E0
4.124185563E1,2.579136658E-1,5.887257385E-1,9.811496887E0,9.832527072E0
4.125188762E1,2.890489197E-1,5.999523926E-1,9.910740509E0,9.933089630E0
4.126191862E1,3.486250305E-1,5.891748047E-1,1.003348526E1,1.005681325E1
4.127195062E1,3.900888062E-1,5.917195129E-1,9.954299927E0,9.979498399E0
4.128198263E1,3.041674805E-1,5.572911072E-1,9.801018677E0,9.821560891E0
4.129201362E1,2.188449097E-1,5.519023132E-1,9.746531982E0,9.764598043E0
4.130204562E1,2.160008240E-1,5.767506409E-1,9.753717041E0,9.773141449E0
4.131207663E1,2.294728088E-1,5.876779175E-1,9.791139221E0,9.811443847E0
4.132210862E1,2.642005920E-1,5.987548828E-1,9.804012451E0,9.825831746E0
4.133213962E1,2.531236267E-1,6.128256226E-1,9.773475952E0,9.795940945E0
4.134217163E1,2.315684509E-1,6.357279968E-1,9.747130737E0,9.770585021E0
4.135220363E1,2.273771667E-1,6.628216553E-1,9.793234863E0,9.818272863E0
4.136223462E1,2.327659607E-1,6.985972595E-1,9.856852570E0,9.884318930E0
4.137226662E1,2.493814087E-1,7.126679993E-1,9.901160431E0,9.929907585E0
4.138229763E1,2.688409424E-1,7.150630188E-1,9.926906891E0,9.956257881E0
4.139232962E1,2.812651062E-1,7.000941467E-1,9.923913116E0,9.952552106E0
4.140236062E1,2.841091919E-1,6.710545349E-1,9.909243622E0,9.936002284E0
4.141239263E1,2.878514099E-1,6.454577637E-1,9.892029419E0,9.917243578E0
4.142242462E1,2.905458069E-1,5.930667114E-1,9.869127045E0,9.891198796E0
4.143245562E1,2.791694641E-1,5.673202515E-1,9.824819183E0,9.845143973E0
4.144248762E1,2.570155334E-1,5.456153870E-1,9.802515564E0,9.821052108E0
4.145251863E1,2.404000854E-1,5.586383057E-1,9.786199493E0,9.805078760E0
4.146255062E1,2.380050659E-1,5.619314575E-1,9.815987549E0,9.834938990E0
4.147258262E1,2.448907471E-1,5.733078003E-1,9.862690430E0,9.882373997E0
4.148261363E1,2.537223816E-1,5.736071777E-1,9.872869263E0,9.892772499E0
4.149264562E1,2.703378296E-1,5.911207581E-1,9.870324554E0,9.891704257E0
4.150267662E1,2.893482971E-1,5.995033264E-1,9.843979340E0,9.866461165E0
4.151270862E1,2.950364685E-1,6.057902527E-1,9.826615448E0,9.849690326E0
4.152273963E1,2.912942505E-1,5.890251160E-1,9.827812958E0,9.849756873E0
4.153277162E1,2.896476746E-1,5.963598633E-1,9.811047821E0,9.833422609E0
4.154280362E1,2.743794250E-1,6.044430542E-1,9.783654785E0,9.806147889E0
4.155283463E1,2.287243652E-1,6.242019653E-1,9.815987549E0,9.838473179E0
4.156286662E1,2.273771667E-1,6.560856628E-1,9.852810974E0,9.877248244E0
4.157289762E1,2.540217590E-1,6.387217712E-1,9.871671753E0,9.895574554E0
4.158292963E1,2.984793091E-1,6.246510315E-1,9.871522064E0,9.895768119E0
4.159296063E1,2.859054565E-1,6.038442993E-1,9.814490662E0,9.837204726E0
4.160299262E1,2.697390747E-1,5.866300964E-1,9.840087433E0,9.861248132E0
4.161302462E1,2.854563904E-1,5.800437927E-1,9.873018951E0,9.894161883E0
4.162305563E1,2.802172852E-1,6.117778015E-1,9.892179108E0,9.915039148E0
4.163308762E1,2.779719543E-1,6.261479187E-1,9.916129303E0,9.939766093E0
4.164311862E1,2.862048340E-1,6.460565186E-1,9.919422455E0,9.944558516E0
4.165315063E1,2.980302429E-1,6.376739502E-1,9.895771637E0,9.920773477E0
4.166318262E1,2.695893860E-1,6.366261292E-1,9.875413971E0,9.899584454E0
4.167321362E1,2.730322266E-1,6.219566345E-1,9.854307861E0,9.877690017E0
4.168324562E1,2.721340942E-1,6.120771790E-1,9.834548950E0,9.857334756E0
4.169327663E1,2.589614868E-1,6.146218872E-1,9.801916809E0,9.824581123E0
4.170330862E1,2.613565063E-1,6.222560120E-1,9.808054047E0,9.831247833E0
4.171333962E1,2.728825378E-1,6.027964783E-1,9.793534241E0,9.815861725E0
4.172337163E1,2.679428101E-1,5.990542603E-1,9.808353424E0,9.830282613E0
4.173340362E1,2.549198914E-1,5.646258545E-1,9.834548950E0,9.854041788E0
4.174343462E1,2.547702026E-1,5.475613403E-1,9.845027161E0,9.863533397E0
4.175346662E1,2.510279846E-1,5.409750366E-1,9.846973114E0,9.865016399E0
4.176349763E1,2.689906311E-1,5.441184998E-1,9.832453308E0,9.851170436E0
4.177352962E1,2.667453003E-1,5.399272156E-1,9.816286926E0,9.834742674E0
4.178356062E1,2.775228882E-1,5.544470215E-1,9.804461517E0,9.824046829E0
4.179359263E1,2.851570129E-1,5.662724304E-1,9.807604980E0,9.828076843E0
4.180362462E1,2.782713318E-1,5.613327026E-1,9.833351440E0,9.853290308E0
4.181365562E1,2.745291138E-1,5.683680725E-1,9.846823425E0,9.867032992E0
4.182368763E1,2.799179077E-1,5.819897461E-1,9.846673737E0,9.867829030E0
4.183371863E1,2.743794250E-1,5.855822754E-1,9.853709106E0,9.874906269E0
4.184375062E1,2.504292297E-1,5.866300964E-1,9.871671753E0,9.892257218E0
4.185378162E1,2.516267395E-1,6.027964783E-1,9.847422180E0,9.869062934E0
4.186381363E1,2.757266235E-1,6.255491638E-1,9.858349457E0,9.882023626E0
4.187384562E1,2.577639771E-1,6.468049622E-1,9.858349457E0,9.882907110E0
4.188387662E1,2.574645996E-1,6.664141846E-1,9.839488678E0,9.865390683E0
4.189390863E1,2.558180237E-1,6.694079590E-1,9.827214203E0,9.853308524E0
4.190393963E1,2.514770508E-1,6.533912659E-1,9.811347198E0,9.836294765E0
4.191397162E1,2.583627319E-1,6.245013428E-1,9.836045837E0,9.859236834E0
4.192400362E1,2.594105530E-1,5.968089294E-1,9.843530273E0,9.865017130E0
4.193403463E1,2.559677124E-1,5.662724304E-1,9.863139496E0,9.882697236E0
4.194406662E1,2.718347168E-1,5.777984619E-1,9.852212219E0,9.872883611E0
4.195409762E1,2.803669739E-1,5.908213806E-1,9.829309845E0,9.851040939E0
4.196412963E1,2.842588806E-1,5.947132874E-1,9.805808716E0,9.827938318E0
4.197416063E1,2.903961182E-1,5.896238708E-1,9.795929260E0,9.817953773E0
4.198419262E1,3.221301270E-1,5.739065552E-1,9.915680237E0,9.937497226E0
4.199422462E1,3.617976379E-1,5.643264771E-1,9.989476776E0,1.001194328E1
4.200425563E1,3.710783386E-1,5.554948425E-1,9.846973114E0,9.869607549E0
4.201428762E1,2.531236267E-1,5.360353088E-1,9.740095367E0,9.758117810E0
4.202431862E1,2.209405518E-1,5.331912231E-1,9.762249298E0,9.779295423E0
4.203435063E1,2.546205139E-1,5.507048035E-1,9.800868988E0,9.819630355E0
4.204438262E1,2.640509033E-1,5.533992004E-1,9.824070740E0,9.843187464E0
4.205441362E1,2.573149109E-1,5.652246094E-1,9.776918793E0,9.796623444E0
4.206444563E1,2.345622253E-1,6.048921204E-1,9.725425873E0,9.747041722E0
4.207447663E1,2.231858826E-1,6.533912659E-1,9.735754395E0,9.760207258E0
4.208450862E1,2.495310974E-1,6.818321228E-1,9.789492645E0,9.816380548E0
4.209453962E1,2.576142883E-1,6.981481934E-1,9.873168640E0,9.901173416E0
4.210457163E1,2.881507874E-1,7.237449646E-1,9.947713623E0,9.978168368E0
4.211460362E1,3.161425781E-1,6.918612671E-1,9.963580627E0,9.992575097E0
4.212463454E1,3.317102051E-1,6.533912659E-1,9.950258331E0,9.977203650E0
4.213466654E1,3.182382202E-1,6.093827820E-1,9.918973389E0,9.942769032E0
4.214469754E1,2.968327332E-1,5.715115356E-1,9.907746735E0,9.928654514E0
4.215472954E1,2.743794250E-1,5.427713013E-1,9.869875488E0,9.888595801E0
4.216476054E1,2.460882568E-1,5.436694336E-1,9.833052063E0,9.851144540E0
4.217479254E1,2.417472839E-1,5.448669434E-1,9.807455292E0,9.825553472E0
4.218482454E1,2.501298523E-1,5.656736755E-1,9.788594513E0,9.808115731E0
4.219485554E1,2.812651062E-1,5.960604858E-1,9.820328522E0,9.842420964E0
4.220488754E1,2.950364685E-1,5.840853882E-1,9.838590546E0,9.860327894E0
4.221491854E1,3.367996216E-1,5.944139099E-1,9.839338989E0,9.863029637E0
4.222495054E1,3.466790771E-1,5.935157776E-1,9.839189301E0,9.863168530E0
4.223498154E1,3.490740967E-1,5.860313416E-1,9.852511597E0,9.876095900E0
4.224501354E1,3.156935120E-1,5.809419250E-1,9.846224670E0,9.868398866E0
4.225504554E1,2.829116821E-1,5.761518860E-1,9.843829651E0,9.864733763E0
4.226507654E1,2.613565063E-1,5.742059326E-1,9.818532257E0,9.838780176E0
4.227510854E1,2.453398132E-1,6.080355835E-1,9.796677704E0,9.818594244E0
4.228513954E1,2.086660767E-1,6.472540283E-1,9.812993774E0,9.836530187E0
4.229517154E1,2.151026917E-1,6.712042236E-1,9.832752686E0,9.857982027E0
4.230520354E1,2.704875183E-1,6.685098267E-1,9.826316071E0,9.852743598E0
4.231523454E1,3.064128113E-1,6.253994751E-1,9.828561401E0,9.853204176E0
4.232526654E1,2.981799316E-1,6.102809143E-1,9.848470001E0,9.871864841E0
4.233529754E1,3.200344849E-1,5.825885010E-1,9.886940002E0,9.909259006E0
4.234532954E1,3.204835510E-1,5.819897461E-1,9.914482727E0,9.936719253E0
4.235536054E1,3.118016052E-1,5.936654663E-1,9.874066772E0,9.896810272E0
4.236539254E1,2.833607483E-1,5.906716919E-1,9.850415955E0,9.872177107E0
4.237542454E1,2.814147949E-1,6.105802917E-1,9.851164398E0,9.874079328E0
4.238545554E1,3.028202820E-1,6.005511475E-1,9.858199768E0,9.881116560E0
4.239548754E1,3.004252625E-1,6.114784241E-1,9.875863037E0,9.899334924E0
4.240551854E1,2.835104370E-1,6.060896301E-1,9.873168640E0,9.895816379E0
4.241555054E1,2.926414490E-1,6.086343384E-1,9.875413971E0,9.898478463E0
4.242558254E1,2.906954956E-1,6.228547668E-1,9.851463776E0,9.875413432E0
4.243561354E1,2.763253784E-1,6.173162842E-1,9.824819183E0,9.848071237E0
4.244564554E1,2.643502808E-1,5.963598633E-1,9.796977081E0,9.818670281E0
4.245567654E1,2.522254944E-1,5.807922363E-1,9.801467743E0,9.821899370E0
4.246570854E1,2.553689575E-1,5.432203674E-1,9.830357666E0,9.848666586E0
4.247573954E1,2.532733154E-1,5.123844910E-1,9.847122803E0,9.863696707E0
4.248577154E1,2.712359619E-1,5.143304443E-1,9.863289185E0,9.880413872E0
4.249580354E1,2.814147949E-1,5.215155029E-1,9.848619690E0,9.866432106E0
4.250583454E1,2.933898926E-1,5.539979553E-1,9.804461517E0,9.824482531E0
4.251586654E1,2.920426941E-1,5.656736755E-1,9.790390778E0,9.811066569E0
4.252589754E1,2.809657288E-1,5.611830139E-1,9.789342957E0,9.809439517E0
4.253592954E1,2.926414490E-1,5.685177612E-1,9.827962646E0,9.848741099E0
4.254596054E1,2.915936279E-1,5.748046875E-1,9.851763153E0,9.872824545E0
4.255599254E1,2.691403198E-1,5.887257385E-1,9.861343231E0,9.882566713E0
4.256602454E1,2.555186462E-1,5.749543762E-1,9.882599030E0,9.902607025E0
4.257605554E1,2.547702026E-1,5.812413025E-1,9.879156189E0,9.899518994E0
4.258608754E1,2.555186462E-1,6.053411865E-1,9.875264282E0,9.897099190E0
4.259611854E1,2.580633545E-1,6.262976074E-1,9.840686188E0,9.863972325E0
4.260615054E1,2.676434326E-1,6.554869080E-1,9.820478210E0,9.845968128E0
4.261618254E1,2.588117981E-1,6.599775696E-1,9.810598755E0,9.836178215E0
4.262621354E1,2.582130432E-1,6.348298645E-1,9.812395020E0,9.836299048E0
4.263624554E1,2.616558838E-1,5.950126648E-1,9.832153931E0,9.853616331E0
4.264627654E1,2.553689575E-1,5.668711853E-1,9.856702881E0,9.876292216E0
4.265630854E1,2.784210205E-1,5.414241028E-1,9.868528290E0,9.887290272E0
4.266633954E1,2.761756897E-1,5.486091614E-1,9.871971130E0,9.891059550E0
4.267637154E1,2.897973633E-1,5.643264771E-1,9.837991791E0,9.858424284E0
4.268640354E1,3.149450684E-1,5.884263611E-1,9.854457550E0,9.877032428E0
4.269643454E1,3.058140564E-1,5.858816528E-1,9.811047821E0,9.833282204E0
4.270646654E1,2.885998535E-1,5.791456604E-1,9.856403503E0,9.877620644E0
4.271649754E1,3.242257690E-1,5.424719238E-1,9.954898682E0,9.974938892E0
4.272652954E1,3.625460815E-1,5.334906006E-1,9.915231171E0,9.936189463E0
4.273656054E1,3.008743286E-1,5.345384216E-1,9.754615173E0,9.773882231E0
4.274659254E1,1.926493835E-1,5.252577209E-1,9.720486145E0,9.736573337E0
4.275662454E1,1.826202393E-1,5.216651917E-1,9.770332489E0,9.785953284E0
4.276665554E1,2.287243652E-1,5.369334412E-1,9.818681946E0,9.836011768E0
4.277668754E1,2.544708252E-1,5.492079163E-1,9.818831635E0,9.837471189E0
4.278671854E1,2.674937439E-1,5.899232483E-1,9.771679688E0,9.793124438E0
4.279675054E1,2.647993469E-1,6.346801758E-1,9.750573578E0,9.774795278E0
4.280678254E1,2.748284912E-1,6.831793213E-1,9.784103851E0,9.811776234E0
4.281681354E1,2.975811768E-1,7.291337585E-1,9.887239380E0,9.918552977E0
4.282684554E1,3.257226562E-1,7.197033691E-1,9.965376892E0,9.996639675E0
4.283687654E1,3.317102051E-1,6.914122009E-1,9.993967438E0,1.002334613E1
4.284690854E1,3.118016052E-1,6.518943787E-1,9.983040161E0,1.000915967E1
4.285693954E1,2.944377136E-1,5.956114197E-1,9.936786346E0,9.958974316E0
4.286697154E1,2.730322266E-1,5.574407959E-1,9.895771637E0,9.915219772E0
4.287700354E1,2.742297363E-1,5.330415344E-1,9.834399261E0,9.852651626E0
4.288703454E1,2.510279846E-1,5.370831299E-1,9.763746185E0,9.781728524E0
4.289706654E1,2.411485291E-1,5.471122742E-1,9.751621399E0,9.769933693E0
4.290709754E1,2.472857666E-1,5.501060486E-1,9.774523773E0,9.793114005E0
4.291712954E1,2.694396973E-1,5.776487732E-1,9.839788055E0,9.860410987E0
4.292716154E1,3.149450684E-1,5.664221191E-1,9.880204010E0,9.901437052E0
4.293719254E1,3.471281433E-1,5.795947266E-1,9.905052338E0,9.928065764E0
4.294722454E1,3.475772095E-1,5.757028198E-1,9.881700897E0,9.904557349E0
4.295725554E1,3.375480652E-1,5.637277222E-1,9.850565643E0,9.872455173E0
4.296728754E1,3.176394653E-1,5.587879944E-1,9.813143463E0,9.834171215E0
4.297731854E1,2.814147949E-1,5.511538696E-1,9.814191284E0,9.833682700E0
4.298735054E1,2.585124207E-1,5.697152710E-1,9.821526031E0,9.841431692E0
4.299738254E1,2.511776733E-1,6.080355835E-1,9.791588287E0,9.813663877E0
4.300741354E1,2.460882568E-1,6.306385803E-1,9.818083191E0,9.841393295E0
4.301744554E1,2.484832764E-1,6.526428223E-1,9.843380585E0,9.868121803E0
4.302747654E1,2.829116821E-1,6.662644958E-1,9.838440857E0,9.865032483E0
4.303750854E1,3.162922668E-1,6.429130554E-1,9.833501129E0,9.859570095E0
4.304753954E1,3.348536682E-1,6.050418091E-1,9.854158173E0,9.878392372E0
4.305757154E1,3.174897766E-1,6.059399414E-1,9.882748718E0,9.906396176E0
4.306760354E1,2.881507874E-1,5.662724304E-1,9.850415955E0,9.870885969E0
4.307763454E1,2.772235107E-1,5.622308350E-1,9.846224670E0,9.866159164E0
4.308766654E1,2.483335876E-1,5.766009521E-1,9.833201752E0,9.853222565E0
4.309769754E1,2.640509033E-1,5.909710693E-1,9.833351440E0,9.854631918E0
4.310772954E1,2.909948730E-1,6.008505249E-1,9.853110352E0,9.875701644E0
4.311776154E1,3.049159241E-1,6.083349609E-1,9.855205994E0,9.878670473E0
4.312779262E1,3.126997375E-1,6.315367126E-1,9.876611481E0,9.901720764E0
4.313782463E1,3.008743286E-1,6.253994751E-1,9.892927551E0,9.917240816E0
4.314785562E1,2.811154175E-1,6.101312256E-1,9.855954437E0,9.878821987E0
4.315788762E1,2.707868958E-1,6.195616150E-1,9.854008484E0,9.877179017E0
4.316791862E1,2.547702026E-1,5.939648438E-1,9.823921051E0,9.845157536E0
4.317795063E1,2.664459229E-1,5.650749207E-1,9.810000000E0,9.829872995E0
4.318798262E1,2.790197754E-1,5.292993164E-1,9.815688171E0,9.833907874E0
4.319801362E1,2.758763123E-1,5.146298218E-1,9.827214203E0,9.844546235E0
4.320804563E1,2.824626160E-1,5.123844910E-1,9.845027161E0,9.862397416E0
4.321807662E1,2.897973633E-1,5.138813782E-1,9.850865021E0,9.868515503E0
4.322810862E1,2.923420715E-1,5.390290833E-1,9.838740234E0,9.857830676E0
4.323814063E1,2.909948730E-1,5.670208740E-1,9.813143463E0,9.833817942E0
4.324817163E1,2.989283752E-1,5.703140259E-1,9.799821167E0,9.820952661E0
4.325820362E1,2.951861572E-1,5.794450378E-1,9.812844086E0,9.834368331E0
4.326823462E1,2.963836670E-1,5.912704468E-1,9.835297394E0,9.857510783E0
4.327826663E1,2.850073242E-1,5.951623535E-1,9.836045837E0,9.858156274E0
4.328829762E1,2.671943665E-1,5.870791626E-1,9.845775604E0,9.866881575E0
4.329832962E1,2.359094238E-1,5.918692017E-1,9.870025177E0,9.890569215E0
4.330836163E1,2.287243652E-1,5.848338318E-1,9.864337006E0,9.884305236E0
4.331839263E1,2.215393066E-1,6.062393188E-1,9.891879730E0,9.912915332E0
4.332842462E1,2.691403198E-1,6.418652344E-1,9.880503387E0,9.904987364E0
4.333845562E1,2.957849121E-1,6.608757019E-1,9.837542725E0,9.864151878E0
4.334848763E1,3.077600098E-1,6.691085815E-1,9.801318054E0,9.828950001E0
4.335851862E1,2.965333557E-1,6.483018494E-1,9.783505096E0,9.809444393E0
4.336855062E1,2.862048340E-1,6.107299805E-1,9.808203735E0,9.831366377E0
4.337858263E1,2.624043274E-1,5.602848816E-1,9.855954437E0,9.875353819E0
4.338861363E1,2.567161560E-1,5.263055420E-1,9.888736267E0,9.906059038E0
4.339864562E1,2.448907471E-1,5.331912231E-1,9.884994049E0,9.902392222E0
4.340867662E1,2.588117981E-1,5.400769043E-1,9.833351440E0,9.851571812E0
4.341870863E1,2.797682190E-1,5.607339478E-1,9.837991791E0,9.857929564E0
4.342874062E1,3.100053406E-1,5.761518860E-1,9.788145447E0,9.809987033E0
4.343877162E1,2.987786865E-1,5.565426636E-1,9.840087433E0,9.860341228E0
4.344880363E1,3.183879089E-1,5.584886169E-1,9.919422455E0,9.940232504E0
4.345883462E1,3.499722290E-1,5.622308350E-1,9.892628174E0,9.914770610E0
4.346886662E1,2.890489197E-1,5.462141418E-1,9.765392761E0,9.784926926E0
4.347889762E1,2.124082947E-1,5.147795105E-1,9.752070465E0,9.767957493E0
4.348892963E1,2.154020691E-1,5.066963196E-1,9.818232880E0,9.833658327E0
4.349896162E1,2.679428101E-1,5.017565918E-1,9.849368134E0,9.865779526E0
4.350899262E1,2.706372070E-1,5.254074097E-1,9.833800507E0,9.851544541E0
4.351902463E1,2.541714478E-1,5.891748047E-1,9.750723267E0,9.771813255E0
4.352905562E1,2.537223816E-1,6.408174133E-1,9.711205444E0,9.735632141E0
4.353908762E1,2.748284912E-1,6.997947693E-1,9.753866730E0,9.782799170E0
4.354911963E1,2.972817993E-1,7.343728638E-1,9.857002258E0,9.888790295E0
4.355915063E1,3.320095825E-1,7.313790894E-1,9.959838409E0,9.992173281E0
4.356918262E1,3.272195435E-1,7.035369873E-1,9.996212769E0,1.002628080E1
4.357921362E1,3.026705933E-1,6.456074524E-1,1.000579285E1,1.003116688E1
4.358924563E1,2.893482971E-1,5.780978394E-1,9.960886230E0,9.981842217E0
4.359927662E1,2.793191528E-1,5.394781494E-1,9.894723816E0,9.913355398E0
4.360930862E1,2.633024597E-1,5.325924683E-1,9.812844086E0,9.830813393E0
4.361934063E1,2.637515259E-1,5.486091614E-1,9.763297119E0,9.782254726E0
4.362937163E1,2.766247559E-1,5.620811462E-1,9.749376068E0,9.769482596E0
4.363940362E1,2.884501648E-1,5.712121582E-1,9.783804474E0,9.804708910E0
4.364943462E1,2.978805542E-1,5.882766724E-1,9.835447083E0,9.857526139E0
4.365946663E1,3.197351074E-1,5.766009521E-1,9.898765411E0,9.920698356E0
4.366949762E1,3.335064697E-1,5.777984619E-1,9.918224945E0,9.940636986E0
4.367952962E1,3.333567810E-1,5.632786560E-1,9.894574127E0,9.916199209E0
4.368956163E1,3.206332397E-1,5.409750366E-1,9.857002258E0,9.877041722E0
4.369959262E1,2.956352234E-1,5.415737915E-1,9.809401245E0,9.828787064E0
4.370962462E1,2.799179077E-1,5.475613403E-1,9.784702606E0,9.804008494E0
4.371965562E1,2.631527710E-1,5.745053101E-1,9.796827393E0,9.817185579E0
4.372968763E1,2.502795410E-1,5.914201355E-1,9.798174591E0,9.819197673E0
4.373971962E1,2.573149109E-1,6.189628601E-1,9.803114319E0,9.826005106E0
4.374975062E1,2.516267395E-1,6.541397095E-1,9.843679962E0,9.868599190E0
4.375978263E1,2.788700867E-1,6.551875305E-1,9.845476227E0,9.871192499E0
4.376981362E1,3.294648743E-1,6.361770630E-1,9.850565643E0,9.876584017E0
4.377984562E1,3.450325012E-1,6.108796692E-1,9.878557434E0,9.903439724E0
4.378987663E1,3.291654968E-1,5.798941040E-1,9.868977356E0,9.891478208E0
4.379990863E1,3.176394653E-1,5.695655823E-1,9.831555176E0,9.853160760E0
4.380994062E1,2.719844055E-1,5.662724304E-1,9.808203735E0,9.828300997E0
4.381997162E1,2.460882568E-1,5.709127808E-1,9.817634125E0,9.837298442E0
4.383000363E1,2.501298523E-1,5.758525085E-1,9.831555176E0,9.851581001E0
4.384003462E1,2.757266235E-1,5.965095520E-1,9.881700897E0,9.903527727E0
4.385006662E1,3.034190369E-1,6.174659729E-1,9.888736267E0,9.912640027E0
4.386009763E1,3.146456909E-1,6.140231323E-1,9.903405762E0,9.927410136E0
4.387012963E1,3.034190369E-1,6.206094360E-1,9.893975372E0,9.918062707E0
4.388016162E1,2.977308655E-1,6.198609924E-1,9.868378601E0,9.892308504E0
4.389019262E1,2.677931213E-1,6.090834045E-1,9.845176849E0,9.867634111E0
4.390022463E1,2.487826538E-1,5.769003296E-1,9.825417938E0,9.845483455E0
4.391025562E1,2.438429260E-1,5.536985779E-1,9.802515564E0,9.821168610E0
4.392028762E1,2.583627319E-1,5.324427795E-1,9.824070740E0,9.841880537E0
4.393031963E1,2.685415649E-1,5.090913391E-1,9.847571869E0,9.864378352E0
4.394035062E1,2.918930054E-1,4.933740234E-1,9.851164398E0,9.867829521E0
4.395038262E1,3.089575195E-1,4.902305603E-1,9.838889923E0,9.855939106E0
4.396041362E1,3.019221497E-1,5.201683044E-1,9.801018677E0,9.819455135E0
4.397044563E1,2.838098145E-1,5.379812622E-1,9.769434357E0,9.788351215E0
4.398047662E1,2.719844055E-1,5.776487732E-1,9.774523773E0,9.795354440E0
4.399050862E1,2.668949890E-1,5.831872559E-1,9.816436615E0,9.837365914E0
4.400054063E1,2.701881409E-1,5.854325867E-1,9.852361908E0,9.873437502E0
4.401057162E1,2.921923828E-1,5.947132874E-1,9.867181091E0,9.889404581E0
4.402060362E1,2.989283752E-1,5.929170227E-1,9.874665527E0,9.896965598E0
4.403063462E1,2.974314880E-1,5.915698242E-1,9.878557434E0,9.900723071E0
4.404066663E1,2.766247559E-1,6.010002136E-1,9.847272491E0,9.869473037E0
4.405069862E1,2.535726929E-1,5.929170227E-1,9.827663269E0,9.848797644E0
4.406072962E1,2.183958435E-1,6.008505249E-1,9.812395020E0,9.833199587E0
4.407076163E1,2.363584900E-1,6.107299805E-1,9.845176849E0,9.866932839E0
4.408079262E1,2.722837830E-1,6.322851562E-1,9.880353699E0,9.904307759E0
4.409082462E1,3.125500488E-1,6.309379578E-1,9.866432648E0,9.891524828E0
4.410085563E1,3.248245239E-1,6.197113037E-1,9.842632141E0,9.867469814E0
4.411088763E1,3.010240173E-1,6.105802917E-1,9.815089417E0,9.838668813E0
4.412091962E1,2.743794250E-1,5.637277222E-1,9.810748444E0,9.830760807E0
4.413094992E1,2.513273621E-1,5.313949585E-1,9.824070740E0,9.841641730E0
4.414098192E1,2.414479065E-1,5.037025452E-1,9.864486694E0,9.880289018E0
4.415101292E1,2.528242493E-1,5.195695496E-1,9.863139496E0,9.880050270E0
4.416104492E1,2.745291138E-1,5.301974487E-1,9.826615448E0,9.844737007E0
4.417107692E1,3.022215271E-1,5.725593567E-1,9.855954437E0,9.877195955E0
4.418110792E1,3.100053406E-1,5.923182678E-1,9.842033386E0,9.864713144E0
4.419113992E1,3.188369751E-1,5.800437927E-1,9.874066772E0,9.896226677E0
4.420117092E1,3.170407104E-1,5.709127808E-1,9.947414246E0,9.968826731E0
4.421120292E1,3.207829285E-1,5.465135193E-1,9.896969147E0,9.917236359E0
4.422123392E1,2.474354553E-1,5.379812622E-1,9.747430115E0,9.765400247E0
4.423126592E1,1.672023010E-1,5.037025452E-1,9.727222137E0,9.741689965E0
4.424129792E1,1.857637024E-1,5.014572144E-1,9.768685913E0,9.783311912E0
4.425132892E1,2.423460388E-1,4.980143738E-1,9.817035370E0,9.832646306E0
4.426136092E1,2.682421875E-1,5.099894714E-1,9.850715332E0,9.867554696E0
4.427139192E1,2.692900085E-1,5.782475281E-1,9.781110077E0,9.801887657E0
4.428142392E1,2.508782959E-1,6.421646118E-1,9.742041321E0,9.766405910E0
4.429145592E1,2.859054565E-1,7.018904114E-1,9.770182800E0,9.799533868E0
4.430148692E1,3.126997375E-1,7.453001404E-1,9.871222687E0,9.904256194E0
4.431151892E1,3.269201660E-1,7.400610352E-1,9.946665802E0,9.979515404E0
4.432154992E1,3.435356140E-1,7.225474548E-1,9.979297943E0,1.001131754E1
4.433158192E1,3.269201660E-1,6.906637573E-1,9.964179382E0,9.993436045E0
4.434161292E1,3.049159241E-1,6.245013428E-1,9.887089691E0,9.911484158E0
4.435164492E1,2.689906311E-1,5.785469055E-1,9.829160156E0,9.849845778E0
4.436167692E1,2.438429260E-1,5.346881104E-1,9.780661011E0,9.798299881E0
4.437170792E1,2.276765442E-1,5.098397827E-1,9.754315796E0,9.770284021E0
4.438173992E1,2.588117981E-1,5.315446472E-1,9.798324280E0,9.816143945E0
4.439177092E1,2.936892700E-1,5.507048035E-1,9.865384827E0,9.885107331E0
4.440180292E1,3.411405945E-1,5.625302124E-1,9.907447357E0,9.929266352E0
4.441183492E1,3.924838257E-1,5.782475281E-1,9.925709381E0,9.950282432E0
4.442186592E1,3.857478333E-1,5.948629761E-1,9.924811249E0,9.950102596E0
4.443189792E1,3.682342529E-1,5.819897461E-1,9.869725800E0,9.893725076E0
4.444192892E1,2.993774414E-1,5.647755432E-1,9.809251556E0,9.830056682E0
4.445196092E1,2.275268555E-1,5.525010681E-1,9.788744202E0,9.806963799E0
4.446199192E1,2.085163879E-1,5.568420410E-1,9.798174591E0,9.816199746E0
4.447202392E1,2.194436646E-1,5.514532471E-1,9.812395020E0,9.830328185E0
4.448205592E1,2.475851440E-1,5.650749207E-1,9.817334747E0,9.836700138E0
4.449208692E1,2.749781799E-1,5.803431702E-1,9.822573853E0,9.843544498E0
4.450211892E1,2.748284912E-1,6.289920044E-1,9.837991791E0,9.861908746E0
4.451214992E1,2.877017212E-1,6.653663635E-1,9.803264008E0,9.830028987E0
4.452218192E1,3.179388428E-1,6.596781921E-1,9.814191284E0,9.841474025E0
4.453221392E1,3.260220337E-1,6.433621216E-1,9.845326538E0,9.871710076E0
4.454224492E1,3.237767029E-1,6.206094360E-1,9.830507355E0,9.855397621E0
4.455227692E1,3.050656128E-1,5.926176453E-1,9.795031128E0,9.817682797E0
4.456230792E1,2.715353394E-1,5.662724304E-1,9.832303619E0,9.852339335E0
4.457233992E1,2.688409424E-1,5.680686951E-1,9.881251831E0,9.901217867E0
4.458237092E1,2.812651062E-1,5.776487732E-1,9.902208252E0,9.923029599E0
4.459240292E1,3.050656128E-1,5.971083069E-1,9.922416229E0,9.945046364E0
4.460243492E1,3.100053406E-1,6.268963623E-1,9.919572144E0,9.944194984E0
4.461246592E1,3.109034729E-1,6.456074524E-1,9.896969147E0,9.922876007E0
4.462249792E1,2.957849121E-1,6.460565186E-1,9.877659302E0,9.903182873E0
4.463252892E1,2.871029663E-1,6.259982300E-1,9.838740234E0,9.862814573E0
4.464256092E1,2.802172852E-1,6.026467896E-1,9.821526031E0,9.843986919E0
4.465259292E1,2.487826538E-1,5.638774109E-1,9.803114319E0,9.822469185E0
4.466262392E1,2.496807861E-1,5.459147644E-1,9.824370117E0,9.842693312E0
4.467265592E1,2.668949890E-1,5.113366699E-1,9.827363892E0,9.844276468E0
4.468268692E1,2.733316040E-1,4.791535950E-1,9.844578094E0,9.860021105E0
4.469271892E1,2.758763123E-1,4.924758911E-1,9.855355682E0,9.871508287E0
4.470274992E1,2.945874023E-1,5.049000549E-1,9.845326538E0,9.862664977E0
4.471278192E1,3.017724609E-1,5.453160095E-1,9.812095642E0,9.831869459E0
4.472281392E1,2.880010986E-1,5.700146484E-1,9.810449066E0,9.831214178E0
4.473284492E1,2.815644836E-1,6.039939880E-1,9.805060272E0,9.827680003E0
4.474287692E1,2.743794250E-1,6.165678406E-1,9.806557159E0,9.829750927E0
4.475290792E1,2.920426941E-1,6.312373352E-1,9.827064514E0,9.851646891E0
4.476293992E1,2.887495422E-1,6.141728210E-1,9.838740234E0,9.862119141E0
4.477297192E1,2.742297363E-1,6.072871399E-1,9.855355682E0,9.877855802E0
4.478300292E1,2.878514099E-1,6.092330933E-1,9.847721558E0,9.870746845E0
4.479303492E1,2.833607483E-1,6.146218872E-1,9.847871246E0,9.871100317E0
4.480306592E1,2.685415649E-1,6.149212646E-1,9.872120819E0,9.894898292E0
4.481309792E1,2.728825378E-1,6.168672180E-1,9.871072998E0,9.894092792E0
4.482312992E1,2.676434326E-1,6.110293579E-1,9.854756927E0,9.877308539E0
4.483316092E1,2.624043274E-1,6.090834045E-1,9.845625916E0,9.867937388E0
4.484319292E1,2.751278687E-1,6.012995911E-1,9.868977356E0,9.891105631E0
4.485322392E1,2.871029663E-1,6.140231323E-1,9.902357941E0,9.925529976E0
4.486325592E1,3.170407104E-1,6.319857788E-1,9.897268524E0,9.922491878E0
4.487328692E1,3.162922668E-1,6.330335999E-1,9.840985565E0,9.866395960E0
4.488331892E1,2.875520325E-1,6.222560120E-1,9.763297119E0,9.787331575E0
4.489335092E1,2.622546387E-1,5.851332092E-1,9.741442566E0,9.762523323E0
4.490338192E1,2.544708252E-1,5.580395508E-1,9.781110077E0,9.800320295E0
4.491341392E1,2.474354553E-1,5.432203674E-1,9.823921051E0,9.842039295E0
4.492344492E1,2.454895020E-1,5.373825073E-1,9.876761169E0,9.894415407E0
4.493347692E1,2.695893860E-1,5.441184998E-1,9.851613464E0,9.870310594E0
4.494350892E1,2.763253784E-1,5.736071777E-1,9.834399261E0,9.854988064E0
4.495353992E1,2.891986084E-1,5.936654663E-1,9.830058289E0,9.852213989E0
4.496357192E1,3.032693481E-1,6.065386963E-1,9.834399261E0,9.857751788E0
4.497360292E1,3.291654968E-1,5.888754272E-1,9.928254089E0,9.951148349E0
4.498363492E1,3.499722290E-1,5.854325867E-1,9.964478760E0,9.987794993E0
4.499366592E1,3.258723450E-1,5.795947266E-1,9.847871246E0,9.870293355E0
4.500369792E1,2.323168945E-1,5.468128967E-1,9.739197235E0,9.757301792E0
4.501372992E1,1.805245972E-1,5.224136353E-1,9.751920776E0,9.767572061E0
4.502376092E1,2.179467773E-1,5.369334412E-1,9.812694397E0,9.829789909E0
4.503379292E1,2.769241333E-1,5.511538696E-1,9.849517822E0,9.868812436E0
4.504382392E1,2.800675964E-1,5.954617310E-1,9.795330505E0,9.817408632E0
4.505385592E1,2.773731995E-1,6.327342224E-1,9.723928986E0,9.748440050E0
4.506388792E1,2.737806702E-1,6.921606445E-1,9.723030853E0,9.751480461E0
4.507391892E1,3.025209045E-1,7.279362488E-1,9.786049805E0,9.817748258E0
4.508395092E1,3.077600098E-1,7.505392456E-1,9.879605255E0,9.912851526E0
4.509398192E1,3.109034729E-1,7.454498291E-1,9.956245880E0,9.988953321E0
4.510401392E1,3.299139404E-1,6.993457031E-1,9.999505920E0,1.002935922E1
4.511404492E1,3.278182983E-1,6.592291260E-1,1.002719833E1,1.005419088E1
4.512407692E1,3.138972473E-1,6.093827820E-1,9.971364441E0,9.994898082E0
4.513410913E1,2.914439392E-1,5.535488892E-1,9.874515839E0,9.894312457E0
4.514414013E1,2.580633545E-1,5.331912231E-1,9.817933502E0,9.835787098E0
4.515417212E1,2.424957275E-1,5.203179932E-1,9.756561127E0,9.773434402E0
4.516420312E1,2.462379456E-1,5.313949585E-1,9.744885406E0,9.762469222E0
4.517423513E1,2.565664673E-1,5.625302124E-1,9.788744202E0,9.808250590E0
4.518426612E1,2.915936279E-1,5.751040649E-1,9.839638367E0,9.860743112E0
4.519429812E1,3.311114502E-1,5.819897461E-1,9.876162415E0,9.898834825E0
4.520433013E1,3.474275208E-1,5.839356995E-1,9.885143738E0,9.908468777E0
4.521436113E1,3.228785706E-1,5.840853882E-1,9.859546967E0,9.882108717E0
4.522439312E1,3.052153015E-1,5.821394348E-1,9.823771362E0,9.845736462E0
4.523442412E1,2.773731995E-1,5.777984619E-1,9.798024902E0,9.818965268E0
4.524445613E1,2.689906311E-1,5.926176453E-1,9.814191284E0,9.835746143E0
4.525448812E1,2.585124207E-1,6.090834045E-1,9.805359650E0,9.827659392E0
4.526451912E1,2.534230042E-1,6.265969849E-1,9.777816925E0,9.801150485E0
4.527455113E1,2.558180237E-1,6.556365967E-1,9.831704865E0,9.856861709E0
4.528458212E1,2.607577515E-1,6.875202942E-1,9.834698639E0,9.862148654E0
4.529461412E1,2.930905151E-1,6.908134460E-1,9.822274475E0,9.850898494E0
4.530464512E1,3.353027344E-1,6.665638733E-1,9.854906616E0,9.883112857E0
4.531467713E1,3.403921509E-1,6.328839111E-1,9.869725800E0,9.895852476E0
4.532470912E1,3.085084534E-1,6.156697083E-1,9.843679962E0,9.867738437E0
4.533474012E1,2.924917603E-1,5.869294739E-1,9.826615448E0,9.848472409E0
4.534477213E1,2.603086853E-1,5.746549988E-1,9.841883698E0,9.862082118E0
4.535480312E1,2.615061951E-1,5.917195129E-1,9.849368134E0,9.870591173E0
4.536483512E1,2.835104370E-1,6.228547668E-1,9.853559418E0,9.877295147E0
4.537486713E1,2.932402039E-1,6.330335999E-1,9.876012726E0,9.900623653E0
4.538489813E1,2.956352234E-1,6.512956238E-1,9.874665527E0,9.900535614E0
4.539493012E1,2.850073242E-1,6.619235229E-1,9.878108368E0,9.904362516E0
4.540496112E1,2.817141724E-1,6.560856628E-1,9.854756927E0,9.880589323E0
4.541499313E1,2.731819153E-1,6.459068298E-1,9.837243347E0,9.862209725E0
4.542502412E1,2.598596191E-1,6.292913818E-1,9.820777588E0,9.844348993E0
4.543505612E1,2.516267395E-1,6.161187744E-1,9.819729767E0,9.842256401E0
4.544508813E1,2.429447937E-1,5.691165161E-1,9.832453308E0,9.851906102E0
4.545511913E1,2.639012146E-1,5.460644531E-1,9.833950195E0,9.852634505E0
4.546515112E1,2.766247559E-1,5.255570984E-1,9.845476227E0,9.863373340E0
4.547518212E1,2.915936279E-1,5.364843750E-1,9.829309845E0,9.848257427E0
4.548521413E1,3.164419556E-1,5.662724304E-1,9.816436615E0,9.837846705E0
4.549524612E1,3.128494263E-1,5.595364380E-1,9.811945953E0,9.832865258E0
4.550527712E1,2.820135498E-1,5.933660889E-1,9.802066498E0,9.824058356E0
4.551530913E1,2.724334717E-1,6.149212646E-1,9.796977081E0,9.820036053E0
4.552534012E1,2.541714478E-1,6.143225098E-1,9.816137238E0,9.838625185E0
4.553537212E1,2.606080627E-1,6.331832886E-1,9.836794281E0,9.860596299E0
4.554540312E1,2.588117981E-1,6.391708374E-1,9.836045837E0,9.860188671E0
4.555543513E1,2.800675964E-1,6.426136780E-1,9.845775604E0,9.870698428E0
4.556546712E1,2.812651062E-1,6.456074524E-1,9.849368134E0,9.874511212E0
4.557549812E1,2.874023438E-1,6.530918884E-1,9.864786072E0,9.890557788E0
4.558553013E1,2.773731995E-1,6.523434448E-1,9.877060547E0,9.902464992E0
4.559556112E1,2.556683350E-1,6.349795532E-1,9.860594788E0,9.884325718E0
4.560559312E1,2.360591125E-1,6.210585022E-1,9.846823425E0,9.869213197E0
4.561562513E1,2.359094238E-1,6.207591248E-1,9.851763153E0,9.874119321E0
4.562565613E1,2.594105530E-1,6.227050781E-1,9.876012726E0,9.899024336E0
4.563568812E1,3.016227722E-1,6.316864014E-1,9.853260040E0,9.878093816E0
4.564571912E1,2.983296204E-1,6.568341064E-1,9.828262024E0,9.854702736E0
4.565575113E1,3.037184143E-1,6.548881531E-1,9.770931244E0,9.797561979E0
4.566578212E1,2.712359619E-1,6.465055847E-1,9.772128754E0,9.797246491E0
4.567581412E1,2.495310974E-1,6.095324707E-1,9.798473969E0,9.820584897E0
4.568584613E1,2.621049500E-1,5.873785400E-1,9.832453308E0,9.853468963E0
4.569587713E1,2.583627319E-1,5.754034424E-1,9.869127045E0,9.889262311E0
4.570590912E1,2.755769348E-1,5.842350769E-1,9.839638367E0,9.860819259E0
4.571594012E1,2.615061951E-1,6.014492798E-1,9.805808716E0,9.827716484E0
4.572597213E1,2.709365845E-1,5.965095520E-1,9.799671478E0,9.821547300E0
4.573600412E1,2.883004761E-1,6.147715759E-1,9.839638367E0,9.863039311E0
4.574603512E1,3.305126953E-1,6.092330933E-1,9.981692963E0,1.000572826E1
4.575606713E1,3.805087280E-1,6.102809143E-1,1.000908600E1,1.003489074E1
4.576609812E1,3.499722290E-1,5.909710693E-1,9.823322296E0,9.847303606E0
4.577613012E1,2.170486450E-1,5.578898621E-1,9.738748169E0,9.757129040E0
4.578616112E1,1.935475159E-1,5.683680725E-1,9.761949921E0,9.780397188E0
4.579619313E1,2.435435486E-1,5.828878784E-1,9.819879456E0,9.840178060E0
4.580622512E1,2.760260010E-1,5.941145325E-1,9.848619690E0,9.870383591E0
4.581625612E1,3.005749512E-1,6.288423157E-1,9.802665253E0,9.827412376E0
4.582628813E1,2.664459229E-1,6.673123169E-1,9.734107819E0,9.760591897E0
4.583631912E1,2.535726929E-1,6.954537964E-1,9.738149414E0,9.766243347E0
4.584635112E1,2.409988403E-1,7.249424744E-1,9.811496887E0,9.841193688E0
4.585638212E1,2.534230042E-1,7.535330200E-1,9.897268524E0,9.929146966E0
4.586641413E1,2.874023438E-1,7.529342651E-1,9.956694946E0,9.989258449E0
4.587644612E1,3.097059631E-1,7.372169495E-1,9.951006775E0,9.983082813E0
4.588647712E1,3.341052246E-1,6.870712280E-1,9.930050354E0,9.959397231E0
4.589650913E1,3.272195435E-1,6.625222778E-1,9.900711365E0,9.928247274E0
4.590654012E1,2.869532776E-1,6.150709534E-1,9.842183075E0,9.865557366E0
4.591657212E1,2.709365845E-1,5.908213806E-1,9.817484436E0,9.838977446E0
4.592660413E1,2.460882568E-1,5.661227417E-1,9.813442841E0,9.832838592E0
4.593663513E1,2.342628479E-1,5.752537537E-1,9.809101868E0,9.828747398E0
4.594666712E1,2.543211365E-1,5.701643372E-1,9.827663269E0,9.847473379E0
4.595669812E1,2.859054565E-1,5.783972168E-1,9.844578094E0,9.865698309E0
4.596673013E1,3.058140564E-1,5.863307190E-1,9.865983582E0,9.888121054E0
4.597676112E1,3.267704773E-1,6.039939880E-1,9.860295410E0,9.884179949E0
4.598679312E1,3.260220337E-1,6.035449219E-1,9.844578094E0,9.868448444E0
4.599682513E1,2.984793091E-1,6.225553894E-1,9.800270233E0,9.824559112E0
4.600685612E1,2.754272461E-1,6.414161682E-1,9.796078949E0,9.820918371E0
4.601688812E1,2.492317200E-1,6.336323547E-1,9.797276459E0,9.820907922E0
4.602691912E1,2.293231201E-1,6.490502930E-1,9.806706848E0,9.830836922E0
4.603695113E1,2.505789185E-1,6.635700989E-1,9.790690155E0,9.816350074E0
4.604698312E1,2.549198914E-1,6.845265198E-1,9.821076965E0,9.848203565E0
4.605701412E1,2.610571289E-1,6.968009949E-1,9.841734009E0,9.869823238E0
4.606704613E1,2.880010986E-1,6.985972595E-1,9.834548950E0,9.863535665E0
4.607707712E1,3.185375977E-1,6.794371033E-1,9.843979340E0,9.872539198E0
4.608710912E1,3.297642517E-1,6.429130554E-1,9.866881714E0,9.893302604E0
4.609714012E1,3.052153015E-1,6.357279968E-1,9.854457550E0,9.879657892E0
4.610717213E1,2.781216431E-1,6.240522766E-1,9.839338989E0,9.863031209E0
4.611720412E1,2.779719543E-1,6.333329773E-1,9.834548950E0,9.858840303E0
4.612723512E1,2.612068176E-1,6.337820435E-1,9.852511597E0,9.876329958E0
4.613726713E1,2.677931213E-1,6.550378418E-1,9.896669769E0,9.921938331E0
4.614729812E1,2.953358459E-1,6.735992432E-1,9.905202026E0,9.932471313E0
4.615733012E1,2.905458069E-1,6.638694763E-1,9.890682220E0,9.917193874E0
4.616736213E1,3.020718384E-1,6.806346130E-1,9.879754944E0,9.907778188E0
4.617739313E1,2.817141724E-1,6.725514221E-1,9.864337006E0,9.891250318E0
4.618742512E1,2.719844055E-1,6.661148071E-1,9.838889923E0,9.865162917E0
4.619745612E1,2.606080627E-1,6.652166748E-1,9.798923035E0,9.824933711E0
4.620748813E1,2.570155334E-1,6.331832886E-1,9.787397003E0,9.811224091E0
4.621751912E1,2.475851440E-1,6.095324707E-1,9.787097626E0,9.809184888E0
4.622755112E1,2.677931213E-1,5.881269836E-1,9.800419922E0,9.821702355E0
4.623758313E1,2.820135498E-1,5.713618469E-1,9.826016693E0,9.846653749E0
4.624761412E1,3.017724609E-1,5.589376831E-1,9.850266266E0,9.870725579E0
4.625764612E1,3.041674805E-1,5.840853882E-1,9.839189301E0,9.861202751E0
4.626767712E1,3.007246399E-1,5.969586182E-1,9.833950195E0,9.856640977E0
4.627770913E1,2.719844055E-1,6.213578796E-1,9.811496887E0,9.834913945E0
4.628774112E1,2.724334717E-1,6.417155457E-1,9.799222412E0,9.823989959E0
4.629777212E1,2.591111755E-1,6.370751953E-1,9.802066498E0,9.826164615E0
4.630780413E1,2.627037048E-1,6.632707214E-1,9.862391052E0,9.888159513E0
4.631783512E1,2.655477905E-1,6.490502930E-1,9.858050079E0,9.882961767E0
4.632786712E1,2.637515259E-1,6.619235229E-1,9.855205994E0,9.880930766E0
4.633789812E1,2.637515259E-1,6.643185425E-1,9.840686188E0,9.866609784E0
4.634793013E1,2.528242493E-1,6.578819275E-1,9.837842102E0,9.863055610E0
4.635796212E1,2.674937439E-1,6.691085815E-1,9.855056305E0,9.881365997E0
4.636799312E1,2.556683350E-1,6.650669861E-1,9.849218445E0,9.874957436E0
4.637802513E1,2.448907471E-1,6.620732117E-1,9.831704865E0,9.857014404E0
4.638805612E1,2.335144043E-1,6.477030945E-1,9.833501129E0,9.857575398E0
4.639808812E1,2.531236267E-1,6.616241455E-1,9.850715332E0,9.876153636E0
4.640812013E1,2.775228882E-1,6.676116943E-1,9.868528290E0,9.894977258E0
4.641815113E1,3.020718384E-1,6.780899048E-1,9.843979340E0,9.871929019E0
4.642818312E1,3.121009827E-1,6.881190491E-1,9.798324280E0,9.827414387E0
4.643821412E1,2.909948730E-1,6.849755859E-1,9.783205719E0,9.811472046E0
4.644824613E1,2.763253784E-1,6.724017334E-1,9.788444824E0,9.815402788E0
4.645827712E1,2.734812927E-1,6.432124329E-1,9.819430389E0,9.844273839E0
4.646830912E1,2.504292297E-1,6.264472961E-1,9.873018951E0,9.896042352E0
4.647834113E1,2.610571289E-1,6.050418091E-1,9.859696655E0,9.881692393E0
4.648837212E1,2.665956116E-1,6.074368286E-1,9.800569611E0,9.822994320E0
4.649840412E1,2.677931213E-1,6.002517700E-1,9.806257782E0,9.828260631E0
4.650843512E1,2.779719543E-1,6.274951172E-1,9.823771362E0,9.847715588E0
4.651846713E1,3.141966248E-1,6.182144165E-1,9.896819458E0,9.921085826E0
4.652849912E1,3.483256531E-1,6.313870239E-1,1.001836670E1,1.004428453E1
4.653853012E1,3.568579102E-1,6.289920044E-1,9.943821716E0,9.970083692E0
4.654856213E1,2.829116821E-1,6.177653503E-1,9.781259766E0,9.804831240E0
4.655859312E1,1.951940918E-1,6.210585022E-1,9.742191010E0,9.763918274E0
4.656862512E1,1.914518738E-1,6.122268677E-1,9.799821167E0,9.820792761E0
4.657865612E1,2.631527710E-1,6.355783081E-1,9.833950195E0,9.857980808E0
4.658868813E1,2.862048340E-1,6.376739502E-1,9.835596771E0,9.860400860E0
4.659872012E1,2.803669739E-1,6.529421997E-1,9.762398987E0,9.788226251E0
4.660875112E1,2.573149109E-1,6.697073364E-1,9.745933228E0,9.772304404E0
4.661878313E1,2.228865051E-1,6.978488159E-1,9.776469727E0,9.803878400E0
4.662881412E1,2.330653381E-1,7.119195557E-1,9.843679962E0,9.872141819E0
4.663884612E1,2.642005920E-1,7.435038757E-1,9.909393311E0,9.940758309E0
4.664887813E1,2.908451843E-1,7.494914246E-1,9.945917358E0,9.978356599E0
4.665890913E1,3.155438232E-1,7.562274170E-1,9.922715607E0,9.956491994E0
4.666894112E1,3.246748352E-1,7.352709961E-1,9.914931793E0,9.947457447E0
4.667897212E1,3.261717224E-1,6.960525513E-1,9.887538757E0,9.917373635E0
4.668900413E1,3.118016052E-1,6.688092041E-1,9.852511597E0,9.880106819E0
4.669903512E1,2.868035889E-1,6.369255066E-1,9.820478210E0,9.845289365E0
4.670906712E1,2.517764282E-1,5.930667114E-1,9.789792023E0,9.810970764E0
4.671909913E1,2.272274780E-1,5.815406799E-1,9.784253540E0,9.804154182E0
4.672913012E1,2.401007080E-1,5.677693176E-1,9.784552917E0,9.803952578E0
4.673916212E1,2.444416809E-1,5.752537537E-1,9.807904358E0,9.827800187E0
4.674919312E1,2.859054565E-1,5.972579956E-1,9.841584320E0,9.863835003E0
4.675922513E1,3.189866638E-1,6.093827820E-1,9.873318329E0,9.897247834E0
4.676925712E1,3.345542908E-1,6.334826660E-1,9.852960663E0,9.878970629E0
4.677928812E1,3.230282593E-1,6.418652344E-1,9.829609222E0,9.855838660E0
4.678932013E1,2.977308655E-1,6.483018494E-1,9.807155914E0,9.833069006E0
4.679935112E1,2.734812927E-1,6.577322388E-1,9.837243347E0,9.862999563E0
4.680938312E1,2.532733154E-1,6.703060913E-1,9.819131012E0,9.845242072E0
4.681941412E1,2.294728088E-1,6.962022400E-1,9.797126770E0,9.824512623E0
4.682944613E1,2.122586060E-1,7.054829407E-1,9.822124786E0,9.849715489E0
4.683947812E1,2.609074402E-1,7.387138367E-1,9.808652802E0,9.839890274E0
4.684950912E1,2.799179077E-1,7.246430969E-1,9.804012451E0,9.834740556E0
4.685954113E1,2.984793091E-1,6.960525513E-1,9.846524048E0,9.875607064E0
4.686957212E1,3.059637451E-1,6.968009949E-1,9.871072998E0,9.900365022E0
4.687960412E1,2.933898926E-1,6.641688538E-1,9.869875488E0,9.896546875E0
4.688963613E1,2.917433167E-1,6.713539124E-1,9.838590546E0,9.865784012E0
4.689966713E1,2.733316040E-1,6.523434448E-1,9.836045837E0,9.861443092E0
4.690969912E1,2.721340942E-1,6.670129395E-1,9.869276733E0,9.895533663E0
4.691973012E1,2.568658447E-1,6.797364807E-1,9.881850586E0,9.908531311E0
4.692976213E1,2.794688416E-1,6.819818115E-1,9.883048096E0,9.910491496E0
4.693979312E1,2.779719543E-1,6.867718506E-1,9.875114594E0,9.902868888E0
4.694982512E1,2.710862732E-1,7.029382324E-1,9.852511597E0,9.881274953E0
4.695985713E1,2.767744446E-1,6.869215393E-1,9.857002258E0,9.884784207E0
4.696988812E1,2.565664673E-1,6.878196716E-1,9.834399261E0,9.861761054E0
4.697992012E1,2.893482971E-1,6.685098267E-1,9.810598755E0,9.837605184E0
4.698995112E1,2.778222656E-1,6.676116943E-1,9.792636108E0,9.819297966E0
4.699998313E1,2.695893860E-1,6.324348450E-1,9.795779572E0,9.819875238E0
4.701001512E1,2.636018372E-1,6.072871399E-1,9.803713074E0,9.826040588E0
4.702004612E1,2.722837830E-1,5.876779175E-1,9.839937744E0,9.861231090E0
4.703007813E1,2.818638611E-1,5.864804077E-1,9.834698639E0,9.856201288E0
4.704010912E1,2.905458069E-1,6.014492798E-1,9.836794281E0,9.859446223E0
4.705014112E1,2.902464294E-1,6.207591248E-1,9.834548950E0,9.858394288E0
4.706017313E1,2.793191528E-1,6.277944946E-1,9.802814941E0,9.826867552E0
4.707020413E1,2.733316040E-1,6.478527832E-1,9.808054047E0,9.833226712E0
4.708023612E1,2.567161560E-1,6.650669861E-1,9.827363892E0,9.853187217E0
4.709026712E1,2.604583740E-1,6.759942627E-1,9.847571869E0,9.874182423E0
4.710029913E1,2.552192688E-1,6.776408386E-1,9.863289185E0,9.889833544E0
4.711033012E1,2.505789185E-1,7.026388550E-1,9.852511597E0,9.880712318E0
4.712036212E1,2.576142883E-1,7.002438354E-1,9.842632141E0,9.870871999E0
4.713039438E1,2.541714478E-1,7.035369873E-1,9.859546967E0,9.887883181E0
4.714042537E1,2.447410583E-1,6.929090881E-1,9.837093658E0,9.864503679E0
4.715045737E1,2.380050659E-1,6.785389709E-1,9.839039612E0,9.865280636E0
4.716048837E1,2.510279846E-1,6.813830566E-1,9.826016693E0,9.852811882E0
4.717052038E1,2.495310974E-1,6.676116943E-1,9.859846344E0,9.885572369E0
4.718055237E1,2.667453003E-1,6.840774536E-1,9.884844360E0,9.912076626E0
4.719058337E1,3.076103210E-1,7.030879211E-1,9.878856812E0,9.908620925E0
4.720061538E1,2.989283752E-1,7.027885437E-1,9.821376343E0,9.851025489E0
4.721064637E1,2.796185303E-1,7.081773376E-1,9.786798248E0,9.816370084E0
4.722067837E1,2.606080627E-1,6.839277649E-1,9.783205719E0,9.810544730E0
4.723070937E1,2.490820312E-1,6.695576477E-1,9.805659027E0,9.831647790E0
4.724074138E1,2.260299683E-1,6.363267517E-1,9.851014709E0,9.874132473E0
4.725077337E1,2.348616028E-1,6.327342224E-1,9.849966888E0,9.873062355E0
4.726080437E1,2.504292297E-1,6.185137939E-1,9.800868988E0,9.823558776E0
4.727083638E1,2.472857666E-1,6.261479187E-1,9.736053772E0,9.759300924E0
4.728086737E1,2.679428101E-1,6.206094360E-1,9.808503113E0,9.831769054E0
4.729089937E1,3.085084534E-1,6.644682312E-1,9.948611755E0,9.975548674E0
4.730093138E1,3.628454590E-1,6.656657410E-1,1.008901978E1,1.011746449E1
4.731096238E1,3.766168213E-1,6.842271423E-1,9.982441406E0,1.001294879E1
4.732099437E1,2.739303589E-1,6.508465576E-1,9.785451050E0,9.810896561E0
4.733102537E1,1.951940918E-1,6.415658569E-1,9.694140930E0,9.717308056E0
4.734105738E1,1.803749084E-1,6.496490479E-1,9.724378052E0,9.747723195E0
4.735108837E1,2.323168945E-1,6.512956238E-1,9.796977081E0,9.821350063E0
4.736112037E1,3.011737061E-1,6.532415771E-1,9.835896149E0,9.862164225E0
4.737115238E1,2.971321106E-1,6.448590088E-1,9.801467743E0,9.827151192E0
4.738118337E1,2.950364685E-1,6.724017334E-1,9.781110077E0,9.808633184E0
4.739121537E1,2.534230042E-1,6.908134460E-1,9.797276459E0,9.824870098E0
4.740124637E1,2.420466614E-1,7.316784668E-1,9.833950195E0,9.864102413E0
4.741127838E1,2.296224976E-1,7.677534485E-1,9.876162415E0,9.908620282E0
4.742131037E1,2.552192688E-1,7.825726318E-1,9.903854828E0,9.938002679E0
4.743134137E1,2.682421875E-1,7.937992859E-1,9.889634399E0,9.925066233E0
4.744137338E1,2.809657288E-1,7.788304138E-1,9.899364166E0,9.933928198E0
4.745140437E1,2.954855347E-1,7.406597900E-1,9.894424438E0,9.926506112E0
4.746143637E1,3.115022278E-1,7.015910339E-1,9.881850586E0,9.911621190E0
4.747146838E1,2.986289978E-1,6.542893982E-1,9.832453308E0,9.858722633E0
4.748149938E1,2.698887634E-1,6.259982300E-1,9.815239105E0,9.838883698E0
4.749153137E1,2.396516418E-1,6.036946106E-1,9.789342957E0,9.810867220E0
4.750156237E1,2.248324585E-1,5.987548828E-1,9.790091400E0,9.810960537E0
4.751159438E1,2.342628479E-1,6.010002136E-1,9.792336731E0,9.813558936E0
4.752162537E1,2.668949890E-1,6.074368286E-1,9.830956421E0,9.853320079E0
4.753165737E1,2.950364685E-1,6.101312256E-1,9.850116577E0,9.873403831E0
4.754168938E1,3.411405945E-1,6.373745728E-1,9.867630157E0,9.894076419E0
4.755172038E1,3.278182983E-1,6.634204102E-1,9.852212219E0,9.879963415E0
4.756175237E1,2.923420715E-1,6.730004883E-1,9.812395020E0,9.839791134E0
4.757178337E1,2.668949890E-1,6.647676086E-1,9.822124786E0,9.848212235E0
4.758181538E1,2.534230042E-1,6.979985046E-1,9.823771362E0,9.851797243E0
4.759184737E1,2.115101624E-1,7.185058594E-1,9.786947937E0,9.815566063E0
4.760187837E1,1.942959595E-1,7.360194397E-1,9.805808716E0,9.835311897E0
4.761191038E1,1.981878662E-1,7.587721252E-1,9.814340973E0,9.845623510E0
4.762194137E1,2.668949890E-1,7.541317749E-1,9.802515564E0,9.835103408E0
4.763197337E1,2.933898926E-1,7.222480774E-1,9.843979340E0,9.874798689E0
4.764200437E1,3.177891541E-1,7.074288940E-1,9.878258057E0,9.908654188E0
4.765203638E1,3.103047180E-1,6.878196716E-1,9.859546967E0,9.888379610E0
4.766206837E1,3.035687256E-1,6.740483093E-1,9.835746460E0,9.863488405E0
4.767209937E1,2.689906311E-1,6.858737183E-1,9.839189301E0,9.866733239E0
4.768213138E1,2.615061951E-1,6.918612671E-1,9.860594788E0,9.888295458E0
4.769216237E1,2.472857666E-1,6.890171814E-1,9.878258057E0,9.905345888E0
4.770219437E1,2.528242493E-1,6.852749634E-1,9.890831909E0,9.917765763E0
4.771222638E1,2.615061951E-1,7.126679993E-1,9.881551208E0,9.910667760E0
4.772225738E1,2.803669739E-1,6.939569092E-1,9.879156189E0,9.907467327E0
4.773228937E1,2.719844055E-1,6.982978821E-1,9.862690430E0,9.891120157E0
4.774232037E1,2.764750671E-1,7.063810730E-1,9.844578094E0,9.873759696E0
4.775235238E1,2.677931213E-1,7.065307617E-1,9.807305603E0,9.836368337E0
4.776238437E1,2.558180237E-1,6.792874146E-1,9.796528015E0,9.823382076E0
4.777241537E1,2.637515259E-1,6.637197876E-1,9.764943695E0,9.791027229E0
4.778244738E1,2.493814087E-1,6.319857788E-1,9.795330505E0,9.818864335E0
4.779247838E1,2.490820312E-1,6.297404480E-1,9.840985565E0,9.864259313E0
4.780251037E1,2.637515259E-1,6.192622375E-1,9.853110352E0,9.876073824E0
4.781254137E1,2.764750671E-1,6.242019653E-1,9.857002258E0,9.880615369E0
4.782257338E1,2.908451843E-1,6.520440674E-1,9.836644592E0,9.862521443E0
4.783260537E1,2.860551453E-1,6.574328613E-1,9.795031128E0,9.821236191E0
4.784263637E1,2.731819153E-1,6.683601379E-1,9.792187042E0,9.818770835E0
4.785266838E1,2.601589966E-1,6.740483093E-1,9.809850311E0,9.836421451E0
4.786269937E1,2.453398132E-1,6.791377258E-1,9.836943970E0,9.863411496E0
4.787273137E1,2.417472839E-1,6.969506836E-1,9.855505371E0,9.883074831E0
4.788276338E1,2.401007080E-1,7.002438354E-1,9.864337006E0,9.892074319E0
4.789279438E1,2.498304749E-1,7.017407227E-1,9.890532532E0,9.918542689E0
4.790282637E1,2.480342102E-1,7.053332520E-1,9.875413971E0,9.903676947E0
4.791285737E1,2.543211365E-1,7.122189331E-1,9.843979340E0,9.872986594E0
4.792288938E1,2.183958435E-1,6.915618896E-1,9.819430389E0,9.846175286E0
4.793292037E1,2.164498901E-1,7.078779602E-1,9.820927277E0,9.848784409E0
4.794295237E1,2.354603577E-1,7.116201782E-1,9.845775604E0,9.874266662E0
4.795298438E1,2.686912537E-1,7.331753540E-1,9.870324554E0,9.901163967E0
4.796301538E1,2.860551453E-1,7.414082336E-1,9.841734009E0,9.873765341E0
4.797304737E1,2.761756897E-1,7.331753540E-1,9.806407471E0,9.837654527E0
4.798307837E1,2.585124207E-1,7.206015015E-1,9.805060272E0,9.834902243E0
4.799311038E1,2.299218750E-1,6.756948853E-1,9.799072723E0,9.825032004E0
4.800314237E1,2.424957275E-1,6.520440674E-1,9.826914825E0,9.851508546E0
4.801317337E1,2.525248718E-1,6.322851562E-1,9.842482452E0,9.866002947E0
4.802320538E1,2.627037048E-1,6.340814209E-1,9.789642334E0,9.813672580E0
4.803323638E1,2.582130432E-1,6.328839111E-1,9.728419647E0,9.752403030E0
4.804326837E1,2.625540161E-1,6.354286194E-1,9.796078949E0,9.820176522E0
4.805329937E1,3.041674805E-1,6.562353516E-1,9.954000549E0,9.980244968E0
4.806333138E1,3.614982605E-1,6.866221619E-1,1.010159363E1,1.013135355E1
4.807336337E1,3.644920349E-1,6.918612671E-1,1.000594254E1,1.003645418E1
4.808339437E1,2.885998535E-1,6.786886597E-1,9.791737976E0,9.819472530E0
4.809342638E1,1.890568542E-1,6.631210327E-1,9.669741669E0,9.694296052E0
4.810345738E1,1.781295776E-1,6.744973755E-1,9.707762604E0,9.732796701E0
4.811348937E1,2.228865051E-1,6.897656250E-1,9.786648560E0,9.813457344E0
4.812352138E1,2.833607483E-1,6.878196716E-1,9.819729767E0,9.847866871E0
4.813355362E1,3.020718384E-1,6.783892822E-1,9.837842102E0,9.865829749E0
4.814358562E1,2.716850281E-1,6.776408386E-1,9.811646576E0,9.838771183E0
4.815361663E1,2.543211365E-1,6.994953918E-1,9.815837860E0,9.844015743E0
4.816364863E1,2.429447937E-1,7.433541870E-1,9.845476227E0,9.876487217E0
4.817368062E1,2.460882568E-1,7.735913086E-1,9.882449341E0,9.915735369E0
4.818371162E1,2.489323425E-1,8.003855896E-1,9.880503387E0,9.915993727E0
4.819374363E1,2.498304749E-1,8.202941895E-1,9.880054321E0,9.917195733E0
4.820377462E1,2.688409424E-1,8.117619324E-1,9.899813232E0,9.936676251E0
4.821380662E1,2.877017212E-1,7.840695190E-1,9.903555450E0,9.938709567E0
4.822383763E1,2.842588806E-1,7.355703735E-1,9.874366150E0,9.905805053E0
4.823386962E1,2.824626160E-1,7.156617737E-1,9.852361908E0,9.882357617E0
4.824390162E1,2.628533936E-1,6.703060913E-1,9.822723541E0,9.849076095E0
4.825393262E1,2.432441711E-1,6.596781921E-1,9.798324280E0,9.823517788E0
4.826396463E1,2.290237427E-1,6.343807983E-1,9.785151672E0,9.808368066E0
4.827399562E1,2.362088013E-1,6.276448059E-1,9.776020660E0,9.798995487E0
4.828402762E1,2.402503967E-1,6.376739502E-1,9.823771362E0,9.847376915E0
4.829405963E1,2.809657288E-1,6.382727051E-1,9.831854553E0,9.856556079E0
4.830409062E1,3.122506714E-1,6.530918884E-1,9.822424164E0,9.849063202E0
4.831412262E1,3.333567810E-1,6.792874146E-1,9.843679962E0,9.872719652E0
4.832415362E1,3.221301270E-1,6.976991272E-1,9.859097900E0,9.889002139E0
4.833418563E1,2.930905151E-1,7.008425903E-1,9.855804749E0,9.885037664E0
4.834421662E1,2.637515259E-1,7.057823181E-1,9.859996033E0,9.888741847E0
4.835424862E1,2.395019531E-1,7.292834473E-1,9.805060272E0,9.835060878E0
4.836428063E1,1.932481384E-1,7.662565613E-1,9.810149689E0,9.841927193E0
4.837431162E1,1.836680603E-1,7.671546936E-1,9.814041595E0,9.845693105E0
4.838434362E1,2.255809021E-1,7.849676514E-1,9.779164124E0,9.813211091E0
4.839437463E1,2.656974792E-1,7.530839539E-1,9.831704865E0,9.864083897E0
4.840440663E1,2.887495422E-1,7.310797119E-1,9.868677979E0,9.899932267E0
4.841443862E1,2.986289978E-1,7.074288940E-1,9.869725800E0,9.899551620E0
4.842446962E1,2.808160400E-1,6.902146912E-1,9.856553192E0,9.884679802E0
4.843450163E1,2.975811768E-1,6.908134460E-1,9.850116577E0,9.878794175E0
4.844453262E1,2.733316040E-1,7.009922791E-1,9.855205994E0,9.883885143E0
4.845456462E1,2.700384521E-1,7.194039917E-1,9.862690430E0,9.892579309E0
4.846459663E1,2.718347168E-1,7.150630188E-1,9.873767395E0,9.903357603E0
4.847462762E1,2.724334717E-1,7.198530579E-1,9.857750702E0,9.887752895E0
4.848465962E1,2.791694641E-1,7.351213074E-1,9.855655060E0,9.886975047E0
4.849469062E1,2.658471680E-1,7.324269104E-1,9.851164398E0,9.881931183E0
4.850472263E1,2.848576355E-1,7.333250427E-1,9.852661285E0,9.884019622E0
4.851475362E1,2.924917603E-1,7.246430969E-1,9.851613464E0,9.882557710E0
4.852478562E1,2.727328491E-1,7.099736023E-1,9.824070740E0,9.853466985E0
4.853481763E1,2.718347168E-1,6.957531738E-1,9.798324280E0,9.826755583E0
4.854484862E1,2.706372070E-1,6.867718506E-1,9.777816925E0,9.805641432E0
4.855488062E1,2.571652222E-1,6.619235229E-1,9.799970856E0,9.825665650E0
4.856491162E1,2.591111755E-1,6.462062073E-1,9.817783813E0,9.842438726E0
4.857494363E1,2.812651062E-1,6.532415771E-1,9.836345215E0,9.862024224E0
4.858497562E1,2.799179077E-1,6.680607605E-1,9.851314087E0,9.877907089E0
4.859500662E1,2.601589966E-1,6.640191650E-1,9.819580078E0,9.845443467E0
4.860503863E1,2.510279846E-1,6.822811890E-1,9.798923035E0,9.825854432E0
4.861506962E1,2.653981018E-1,6.978488159E-1,9.802515564E0,9.830907410E0
4.862510162E1,2.668949890E-1,7.024891663E-1,9.819280701E0,9.847994590E0
4.863513363E1,2.710862732E-1,7.177574158E-1,9.827812958E0,9.857716318E0
4.864516463E1,2.644999695E-1,7.310797119E-1,9.850266266E0,9.880899923E0
4.865519662E1,2.622546387E-1,7.369175720E-1,9.866432648E0,9.897389464E0
4.866522762E1,2.522254944E-1,7.333250427E-1,9.871971130E0,9.902383416E0
4.867525963E1,2.374063110E-1,7.274871826E-1,9.870324554E0,9.899944756E0
4.868529062E1,2.161505127E-1,7.122189331E-1,9.824370117E0,9.852523791E0
4.869532262E1,2.195933533E-1,7.149133301E-1,9.844428406E0,9.872795599E0
4.870535463E1,2.323168945E-1,7.433541870E-1,9.844727783E0,9.875485391E0
4.871538562E1,2.561174011E-1,7.728428650E-1,9.848619690E0,9.882215947E0
4.872541762E1,2.862048340E-1,7.839198303E-1,9.817334747E0,9.852740992E0
4.873544862E1,2.869532776E-1,7.668553162E-1,9.792187042E0,9.826359261E0
4.874548063E1,2.622546387E-1,7.560777283E-1,9.797126770E0,9.829757066E0
4.875551262E1,2.559677124E-1,7.125183105E-1,9.803563385E0,9.832754286E0
4.876554362E1,2.653981018E-1,6.730004883E-1,9.841584320E0,9.868138008E0
4.877557563E1,2.625540161E-1,6.737489319E-1,9.837093658E0,9.863634415E0
4.878560662E1,2.534230042E-1,6.668632507E-1,9.734257507E0,9.760363673E0
4.879563862E1,2.303709412E-1,6.631210327E-1,9.758806458E0,9.784022882E0
4.880566962E1,2.757266235E-1,6.730004883E-1,9.877509613E0,9.904249138E0
4.881570163E1,3.347039795E-1,6.978488159E-1,1.003273682E1,1.006254579E1
4.882573362E1,3.626957703E-1,7.017407227E-1,1.003513184E1,1.006617401E1
4.883576462E1,3.278182983E-1,7.090754700E-1,9.863887939E0,9.894773274E0
4.884579663E1,2.275268555E-1,6.962022400E-1,9.709558868E0,9.737145344E0
4.885582762E1,1.755848694E-1,6.933581543E-1,9.686806183E0,9.713176082E0
4.886585962E1,2.106120300E-1,7.134164429E-1,9.763596497E0,9.791891390E0
4.887589163E1,2.791694641E-1,7.059320068E-1,9.829758911E0,9.859028139E0
4.888592263E1,3.296145630E-1,6.982978821E-1,9.826914825E0,9.857206535E0
4.889595462E1,2.920426941E-1,6.857240295E-1,9.810598755E0,9.838869565E0
4.890598562E1,2.713856506E-1,7.104226685E-1,9.800868988E0,9.830329774E0
4.891601763E1,2.570155334E-1,7.369175720E-1,9.820328522E0,9.851292137E0
4.892604962E1,2.508782959E-1,7.792794800E-1,9.873018951E0,9.906902626E0
4.893608062E1,2.606080627E-1,8.152047729E-1,9.881401520E0,9.918395605E0
4.894611263E1,2.525248718E-1,8.425978088E-1,9.880802765E0,9.919879191E0
4.895614362E1,2.525248718E-1,8.539741516E-1,9.872869263E0,9.912950526E0
4.896617562E1,2.650987244E-1,8.262817383E-1,9.877659302E0,9.915703310E0
4.897620763E1,2.722837830E-1,7.801776123E-1,9.864037628E0,9.898588480E0
4.898623863E1,2.764750671E-1,7.337741089E-1,9.851463776E0,9.882621182E0
4.899627062E1,2.751278687E-1,6.960525513E-1,9.826016693E0,9.854480633E0
4.900630162E1,2.688409424E-1,6.533912659E-1,9.816735992E0,9.842128893E0
4.901633363E1,2.441423035E-1,6.418652344E-1,9.802365875E0,9.826391667E0
4.902636462E1,2.405497742E-1,6.429130554E-1,9.792037354E0,9.816068303E0
4.903639662E1,2.338137817E-1,6.505471802E-1,9.829160156E0,9.853439496E0
4.904642863E1,2.737806702E-1,6.644682312E-1,9.842781830E0,9.868983131E0
4.905645963E1,2.869532776E-1,6.715036011E-1,9.845925293E0,9.872968355E0
4.906649162E1,3.100053406E-1,6.794371033E-1,9.862091675E0,9.890328118E0
4.907652262E1,3.040177917E-1,7.000941467E-1,9.842931519E0,9.872479907E0
4.908655463E1,2.866539001E-1,7.072792053E-1,9.828561401E0,9.858145543E0
4.909658662E1,2.748284912E-1,7.156617737E-1,9.839937744E0,9.869755685E0
4.910661762E1,2.490820312E-1,7.375163269E-1,9.797126770E0,9.828004128E0
4.911664963E1,2.148033142E-1,7.694000244E-1,9.798024902E0,9.830534515E0
4.912668063E1,1.872605896E-1,7.815248108E-1,9.798473969E0,9.831375268E0
4.913671104E1,2.174977112E-1,7.866142273E-1,9.780211945E0,9.814204648E0
4.914674204E1,2.713856506E-1,7.882608032E-1,9.814490662E0,9.849834121E0
4.915677404E1,3.109034729E-1,7.556286621E-1,9.868677979E0,9.902446197E0
4.916680604E1,3.113525391E-1,7.336244202E-1,9.857601013E0,9.889764554E0
4.917683704E1,3.116519165E-1,7.117698669E-1,9.849667511E0,9.880267878E0
4.918686904E1,2.941383362E-1,7.128176880E-1,9.823022919E0,9.853243409E0
4.919690004E1,2.649490356E-1,7.105723572E-1,9.830507355E0,9.859715306E0
4.920693204E1,2.650987244E-1,7.203021240E-1,9.867181091E0,9.896988187E0
4.921696404E1,2.613565063E-1,7.450007629E-1,9.874366150E0,9.905879074E0
4.922699504E1,2.636018372E-1,7.623646545E-1,9.873767395E0,9.906662827E0
4.923702704E1,2.845582581E-1,7.626640320E-1,9.860744476E0,9.894286809E0
4.924705804E1,2.549198914E-1,7.535330200E-1,9.844877472E0,9.876963531E0
4.925709004E1,2.790197754E-1,7.574249268E-1,9.853409729E0,9.886416330E0
4.926712204E1,2.683918762E-1,7.340734863E-1,9.851014709E0,9.881972925E0
4.927715304E1,2.905458069E-1,7.243437195E-1,9.806257782E0,9.837264985E0
4.928718504E1,2.679428101E-1,6.890171814E-1,9.782157898E0,9.810053576E0
4.929721604E1,2.447410583E-1,6.759942627E-1,9.784552917E0,9.810929733E0
4.930724804E1,2.469863892E-1,6.698570251E-1,9.786349182E0,9.812356548E0
4.931728004E1,2.649490356E-1,6.703060913E-1,9.830507355E0,9.856895206E0
4.932731104E1,2.760260010E-1,6.843768311E-1,9.854756927E0,9.882347702E0
4.933734304E1,2.923420715E-1,6.985972595E-1,9.845625916E0,9.874707676E0
4.934737404E1,2.871029663E-1,6.906637573E-1,9.808952179E0,9.837427885E0
4.935740604E1,2.691403198E-1,6.982978821E-1,9.789193268E0,9.817757447E0
4.936743704E1,2.574645996E-1,7.309300232E-1,9.802365875E0,9.832950904E0
4.937746904E1,2.597099304E-1,7.381150818E-1,9.806407471E0,9.837575443E0
4.938750104E1,2.544708252E-1,7.460485840E-1,9.856702881E0,9.888171498E0
4.939753204E1,2.583627319E-1,7.316784668E-1,9.880802765E0,9.911224342E0
4.940756404E1,2.613565063E-1,7.291337585E-1,9.877808990E0,9.908130687E0
4.941759504E1,2.424957275E-1,7.179071045E-1,9.884395294E0,9.913398263E0
4.942762704E1,2.357597351E-1,7.101232910E-1,9.887987823E0,9.916257406E0
4.943765904E1,2.393522644E-1,7.271878052E-1,9.896819458E0,9.926385394E0
4.944769004E1,2.468367004E-1,7.388635254E-1,9.876461792E0,9.907136074E0
4.945772204E1,2.647993469E-1,7.713459778E-1,9.821675720E0,9.855476004E0
4.946775304E1,2.630030823E-1,7.719447327E-1,9.783654785E0,9.817584746E0
4.947778504E1,2.395019531E-1,7.521858215E-1,9.756561127E0,9.788443682E0
4.948781704E1,2.209405518E-1,7.372169495E-1,9.757908325E0,9.788211197E0
4.949784804E1,2.387535095E-1,6.968009949E-1,9.781559143E0,9.809252476E0
4.950788004E1,2.457888794E-1,6.873706055E-1,9.829160156E0,9.856230512E0
4.951791104E1,2.528242493E-1,6.674620056E-1,9.785750427E0,9.811744853E0
4.952794304E1,2.589614868E-1,6.608757019E-1,9.753866730E0,9.779659193E0
4.953797404E1,2.637515259E-1,6.818321228E-1,9.769284668E0,9.796600575E0
4.954800604E1,2.809657288E-1,7.078779602E-1,9.846673737E0,9.876083061E0
4.955803804E1,3.266207886E-1,7.378157043E-1,1.000773880E1,1.004021360E1
4.956806904E1,3.679348755E-1,7.352709961E-1,1.004695724E1,1.008054311E1
4.957810104E1,3.373983765E-1,6.881190491E-1,9.898765411E0,9.928388699E0
4.958813204E1,2.366578674E-1,6.789880371E-1,9.799072723E0,9.825418970E0
4.959816404E1,1.916015625E-1,6.541397095E-1,9.792037354E0,9.815732548E0
4.960819604E1,2.365081787E-1,6.448590088E-1,9.818831635E0,9.842826521E0
4.961822704E1,2.803669739E-1,6.255491638E-1,9.812844086E0,9.836758940E0
4.962825904E1,2.969824219E-1,6.376739502E-1,9.778715057E0,9.803983619E0
4.963829004E1,2.745291138E-1,6.502478027E-1,9.749974823E0,9.775489629E0
4.964832204E1,2.383044434E-1,6.725514221E-1,9.736502838E0,9.762612455E0
4.965835404E1,2.143542480E-1,7.271878052E-1,9.791887665E0,9.821192081E0
4.966838504E1,2.267784119E-1,7.695497131E-1,9.861492920E0,9.894072863E0
4.967841704E1,2.401007080E-1,7.759863281E-1,9.933792572E0,9.966947276E0
4.968844804E1,2.475851440E-1,7.822732544E-1,9.938283234E0,9.972097246E0
4.969848004E1,2.664459229E-1,7.665559387E-1,9.908644867E0,9.941822999E0
4.970851104E1,2.844085693E-1,7.538323975E-1,9.887538757E0,9.920311194E0
4.971854304E1,2.936892700E-1,7.170089722E-1,9.851463776E0,9.881887157E0
4.972857504E1,2.784210205E-1,6.698570251E-1,9.852810974E0,9.879479277E0
4.973860604E1,2.634521484E-1,6.550378418E-1,9.821825409E0,9.847168932E0
4.974863804E1,2.468367004E-1,6.375242615E-1,9.812993774E0,9.836778556E0
4.975866904E1,2.110610962E-1,6.376739502E-1,9.798324280E0,9.821320356E0
4.976870104E1,2.188449097E-1,6.271957397E-1,9.829609222E0,9.852029489E0
4.977873304E1,2.420466614E-1,6.306385803E-1,9.849218445E0,9.872355118E0
4.978876404E1,2.839595032E-1,6.135740662E-1,9.862540741E0,9.885687432E0
4.979879604E1,3.089575195E-1,6.300398254E-1,9.859097900E0,9.884038463E0
4.980882704E1,3.143463135E-1,6.342311096E-1,9.845925293E0,9.871337679E0
4.981885904E1,3.101550293E-1,6.303392029E-1,9.858948212E0,9.883945745E0
4.982889104E1,2.817141724E-1,6.394702148E-1,9.870174866E0,9.894879328E0
4.983892204E1,2.701881409E-1,6.518943787E-1,9.837692413E0,9.862969124E0
4.984895404E1,2.327659607E-1,6.566844177E-1,9.761650543E0,9.786482297E0
4.985898504E1,1.775308228E-1,6.830296326E-1,9.762398987E0,9.787874164E0
4.986901704E1,1.890568542E-1,7.075785828E-1,9.801018677E0,9.828345591E0
4.987904804E1,2.296224976E-1,6.947053528E-1,9.824370117E0,9.851578057E0
4.988908004E1,2.718347168E-1,6.852749634E-1,9.859996033E0,9.887518276E0
4.989911204E1,3.001258850E-1,6.417155457E-1,9.892628174E0,9.917961816E0
4.990914304E1,2.926414490E-1,6.162684631E-1,9.870923309E0,9.894470820E0
4.991917504E1,2.809657288E-1,6.204597473E-1,9.853260040E0,9.876773029E0
4.992920604E1,2.508782959E-1,6.435118103E-1,9.853409729E0,9.877587289E0
4.993923804E1,2.450404358E-1,6.735992432E-1,9.837842102E0,9.863920011E0
4.994927004E1,2.436932373E-1,6.765930176E-1,9.836494904E0,9.862747918E0
4.995930104E1,2.568658447E-1,6.911128235E-1,9.859247589E0,9.886778040E0
4.996933304E1,2.728825378E-1,6.830296326E-1,9.873468018E0,9.900826483E0
4.997936404E1,2.694396973E-1,6.737489319E-1,9.885592804E0,9.912188480E0
4.998939604E1,2.604583740E-1,6.846762085E-1,9.856702881E0,9.883886470E0
4.999942804E1,2.671943665E-1,6.885681152E-1,9.837991791E0,9.865677947E0
5.000945904E1,2.616558838E-1,6.782395935E-1,9.815538483E0,9.842421879E0
5.001949104E1,2.471360779E-1,6.548881531E-1,9.792636108E0,9.817620724E0
5.002952204E1,2.427951050E-1,6.267466736E-1,9.818681946E0,9.841660226E0
5.003955404E1,2.456391907E-1,6.010002136E-1,9.833650818E0,9.855061049E0
5.004958604E1,2.556683350E-1,5.577401733E-1,9.846673737E0,9.865770323E0
5.005961704E1,2.679428101E-1,5.486091614E-1,9.859846344E0,9.878731462E0
5.006964904E1,2.697390747E-1,5.484594727E-1,9.841584320E0,9.860545061E0
5.007968004E1,2.576142883E-1,5.700146484E-1,9.806257782E0,9.826188147E0
5.008971204E1,2.526745605E-1,5.795947266E-1,9.779014435E0,9.799433545E0
5.009974304E1,2.395019531E-1,5.942642212E-1,9.765392761E0,9.786388861E0
5.010977504E1,2.406994629E-1,6.065386963E-1,9.792187042E0,9.813906077E0
5.011980704E1,2.412982178E-1,6.054908752E-1,9.797725525E0,9.819382338E0
5.012983804E1,2.267784119E-1,6.111790466E-1,9.821675720E0,9.843286150E0
5.013987050E1,2.230361938E-1,6.027964783E-1,9.875264282E0,9.896158516E0
5.014990150E1,2.311193848E-1,6.180647278E-1,9.892328796E0,9.914312341E0
5.015993350E1,2.559677124E-1,6.515950012E-1,9.890831909E0,9.915576200E0
5.016996550E1,2.496807861E-1,6.985972595E-1,9.878108368E0,9.905927698E0
5.017999650E1,2.486329651E-1,7.303312683E-1,9.823771362E0,9.854018769E0
5.019002850E1,2.237846375E-1,7.244934082E-1,9.807604980E0,9.836873778E0
5.020005950E1,2.167492676E-1,7.152127075E-1,9.817933502E0,9.846335751E0
5.021009150E1,2.112107849E-1,6.833290100E-1,9.850266266E0,9.876198360E0
5.022012350E1,2.279759216E-1,6.376739502E-1,9.865983582E0,9.889197800E0
5.023015450E1,2.436932373E-1,6.105802917E-1,9.837542725E0,9.859484852E0
5.024018650E1,2.448907471E-1,5.911207581E-1,9.799072723E0,9.819939993E0
5.025021750E1,2.505789185E-1,5.857319641E-1,9.803713074E0,9.824391165E0
5.026024950E1,2.577639771E-1,5.887257385E-1,9.816286926E0,9.837302948E0
5.027028150E1,2.915936279E-1,5.917195129E-1,9.937235413E0,9.959106711E0
5.028031250E1,3.662882996E-1,5.745053101E-1,1.003647903E1,1.005957926E1
5.029034450E1,3.620970154E-1,5.710624695E-1,9.892478485E0,9.915561364E0
5.030037550E1,2.577639771E-1,5.436694336E-1,9.770631866E0,9.789140197E0
5.031040750E1,2.131567383E-1,5.471122742E-1,9.749076691E0,9.766742751E0
5.032043850E1,2.243833923E-1,5.861810303E-1,9.779313812E0,9.799435430E0
5.033047050E1,2.607577515E-1,6.069877625E-1,9.814490662E0,9.836699431E0
5.034050250E1,2.866539001E-1,6.176156616E-1,9.785301361E0,9.808962345E0
5.035053350E1,2.821632385E-1,6.550378418E-1,9.747879181E0,9.773936730E0
5.036056550E1,2.477348328E-1,6.580316162E-1,9.736203461E0,9.761559096E0
5.037059650E1,2.285746765E-1,6.730004883E-1,9.792785797E0,9.818545193E0
5.038062850E1,2.133064270E-1,6.912625122E-1,9.867929535E0,9.894411392E0
5.039066050E1,2.131567383E-1,7.119195557E-1,9.934690704E0,9.962446720E0
5.040069150E1,2.392025757E-1,7.125183105E-1,9.946965179E0,9.975320371E0
5.041072350E1,2.534230042E-1,7.009922791E-1,9.929002533E0,9.956942537E0
5.042075450E1,2.610571289E-1,6.596781921E-1,9.915380859E0,9.940729537E0
5.043078650E1,2.900967407E-1,6.191125488E-1,9.896370392E0,9.919959849E0
5.044081850E1,2.701881409E-1,5.912704468E-1,9.864935760E0,9.886331976E0
5.045084950E1,2.613565063E-1,5.773493958E-1,9.843679962E0,9.864059750E0
5.046088150E1,2.487826538E-1,5.701643372E-1,9.818532257E0,9.838219141E0
5.047091250E1,2.173480225E-1,5.614823914E-1,9.810149689E0,9.828608221E0
5.048094450E1,2.276765442E-1,5.611830139E-1,9.817933502E0,9.836593986E0
5.049097650E1,2.432441711E-1,5.739065552E-1,9.814939728E0,9.834712925E0
5.050100750E1,2.662962341E-1,5.801934814E-1,9.825118561E0,9.845836323E0
5.051103950E1,2.850073242E-1,5.900729370E-1,9.842033386E0,9.863824635E0
5.052107050E1,2.963836670E-1,5.933660889E-1,9.852062531E0,9.874363914E0
5.053110250E1,2.661465454E-1,5.887257385E-1,9.838889923E0,9.860080471E0
5.054113350E1,2.612068176E-1,5.977070618E-1,9.824819183E0,9.846448838E0
5.055116550E1,2.483335876E-1,5.989045715E-1,9.785301361E0,9.806756803E0
5.056119750E1,2.285746765E-1,6.273454285E-1,9.786349182E0,9.809099805E0
5.057122850E1,2.112107849E-1,6.526428223E-1,9.821376343E0,9.845302734E0
5.058126050E1,2.406994629E-1,6.604266357E-1,9.852212219E0,9.877255954E0
5.059129150E1,2.872526550E-1,6.409671021E-1,9.844278717E0,9.869304756E0
5.060132350E1,2.853067017E-1,6.342311096E-1,9.836345215E0,9.860899361E0
5.061135550E1,2.697390747E-1,6.167175293E-1,9.828711090E0,9.851733927E0
5.062138650E1,2.466870117E-1,6.068380737E-1,9.851164398E0,9.872919879E0
5.063141850E1,2.621049500E-1,6.078858948E-1,9.869875488E0,9.892050668E0
5.064144950E1,2.609074402E-1,6.210585022E-1,9.898166656E0,9.921062923E0
5.065148150E1,2.752775574E-1,6.322851562E-1,9.892478485E0,9.916485911E0
5.066151350E1,2.806663513E-1,6.259982300E-1,9.890382843E0,9.914147476E0
5.067154450E1,2.887495422E-1,6.264472961E-1,9.882898407E0,9.906941679E0
5.068157650E1,2.842588806E-1,6.194119263E-1,9.855505371E0,9.879041470E0
5.069160750E1,2.716850281E-1,6.243516541E-1,9.852212219E0,9.875713309E0
5.070163950E1,2.665956116E-1,6.354286194E-1,9.817484436E0,9.841638248E0
5.071167150E1,2.567161560E-1,6.264472961E-1,9.804311829E0,9.827658410E0
5.072170250E1,2.447410583E-1,6.194119263E-1,9.805659027E0,9.828251028E0
5.073173450E1,2.323168945E-1,6.098318481E-1,9.825417938E0,9.847065740E0
5.074176550E1,2.267784119E-1,5.751040649E-1,9.821675720E0,9.841112086E0
5.075179750E1,2.311193848E-1,5.450166321E-1,9.845027161E0,9.862809898E0
5.076182850E1,2.573149109E-1,5.444178772E-1,9.856702881E0,9.875079416E0
5.077186050E1,2.806663513E-1,5.336402893E-1,9.857900391E0,9.876322477E0
5.078189250E1,2.788700867E-1,5.517526245E-1,9.820178833E0,9.839619494E0
5.079192350E1,2.832110596E-1,5.484594727E-1,9.797875214E0,9.817299781E0
5.080195550E1,2.633024597E-1,5.679190063E-1,9.803862762E0,9.823827424E0
5.081198750E1,2.571652222E-1,5.563929749E-1,9.828411713E0,9.847506481E0
5.082201850E1,2.450404358E-1,5.533992004E-1,9.827663269E0,9.846281573E0
5.083205050E1,2.344125366E-1,5.646258545E-1,9.863438873E0,9.882367024E0
5.084208150E1,2.278262329E-1,5.581892395E-1,9.918524323E0,9.936830720E0
5.085211350E1,2.427951050E-1,6.004014587E-1,9.914033661E0,9.935164558E0
5.086214450E1,2.794688416E-1,6.442602539E-1,9.878557434E0,9.903487824E0
5.087217650E1,2.782713318E-1,6.743476868E-1,9.825417938E0,9.852462504E0
5.088220850E1,2.347119141E-1,6.822811890E-1,9.795031128E0,9.821569737E0
5.089223950E1,2.297721863E-1,6.758445740E-1,9.795929260E0,9.821903645E0
5.090227150E1,2.128573608E-1,6.619235229E-1,9.809850311E0,9.834460541E0
5.091230250E1,2.323168945E-1,6.251000977E-1,9.819131012E0,9.841750612E0
5.092233450E1,2.327659607E-1,5.989045715E-1,9.855056305E0,9.875981037E0
5.093236650E1,2.495310974E-1,5.783972168E-1,9.851463776E0,9.871582833E0
5.094239750E1,2.501298523E-1,5.727090454E-1,9.848619690E0,9.868427959E0
5.095242950E1,2.733316040E-1,5.589376831E-1,9.837093658E0,9.856750638E0
5.096246050E1,2.845582581E-1,5.668711853E-1,9.823172607E0,9.843629230E0
5.097249250E1,3.149450684E-1,5.511538696E-1,9.953102417E0,9.973324857E0
5.098252450E1,3.480262756E-1,5.532495117E-1,9.983638916E0,1.000501141E1
5.099255550E1,3.242257690E-1,5.372328186E-1,9.835746460E0,9.855741975E0
5.100258750E1,2.454895020E-1,5.357359314E-1,9.731862488E0,9.749688486E0
5.101261850E1,2.154020691E-1,5.183720398E-1,9.745035095E0,9.761189304E0
5.102265050E1,2.507286072E-1,5.569917297E-1,9.801617432E0,9.820631797E0
5.103268250E1,2.588117981E-1,5.505551147E-1,9.820927277E0,9.839751372E0
5.104271350E1,2.606080627E-1,5.674699402E-1,9.793983307E0,9.813870170E0
5.105274550E1,2.311193848E-1,5.882766724E-1,9.752220154E0,9.772680469E0
5.106277650E1,2.261796570E-1,6.432124329E-1,9.764195251E0,9.787971617E0
5.107280850E1,2.366578674E-1,6.602769470E-1,9.833351440E0,9.858335212E0
5.108284050E1,2.650987244E-1,6.966513062E-1,9.895771637E0,9.923804546E0
5.109287150E1,2.796185303E-1,7.038363647E-1,9.940229187E0,9.969038491E0
5.110290350E1,2.938389587E-1,7.017407227E-1,9.940229187E0,9.969299758E0
5.111293450E1,2.835104370E-1,6.727011108E-1,9.930200043E0,9.956996427E0
5.112296650E1,2.601589966E-1,6.255491638E-1,9.910890198E0,9.934019276E0
5.113299750E1,2.459385681E-1,5.851332092E-1,9.876761169E0,9.897134830E0
5.114302954E1,2.469863892E-1,5.501060486E-1,9.861043854E0,9.879463792E0
5.115306154E1,2.444416809E-1,5.523513794E-1,9.820478210E0,9.839036338E0
5.116309254E1,2.417472839E-1,5.490582275E-1,9.803563385E0,9.821902144E0
5.117312454E1,2.314187622E-1,5.566923523E-1,9.795929260E0,9.814463362E0
5.118315554E1,2.468367004E-1,5.777984619E-1,9.818681946E0,9.838764891E0
5.119318754E1,2.808160400E-1,5.872288513E-1,9.867929535E0,9.889374534E0
5.120321954E1,2.947370911E-1,5.914201355E-1,9.875713348E0,9.897795809E0
5.121325054E1,3.041674805E-1,5.836363220E-1,9.862091675E0,9.884027591E0
5.122328254E1,3.143463135E-1,5.816903687E-1,9.843081207E0,9.865263552E0
5.123331354E1,2.930905151E-1,5.725593567E-1,9.836644592E0,9.857652008E0
5.124334554E1,2.646496582E-1,5.599855042E-1,9.831106110E0,9.850597471E0
5.125337754E1,2.582130432E-1,5.930667114E-1,9.810898132E0,9.832198343E0
5.126340854E1,2.423460388E-1,6.045927429E-1,9.809700623E0,9.831301556E0
5.127344054E1,2.338137817E-1,6.469546509E-1,9.837243347E0,9.861266444E0
5.128347154E1,2.475851440E-1,6.611750793E-1,9.832602997E0,9.857917254E0
5.129350354E1,2.871029663E-1,6.441105652E-1,9.828860779E0,9.854126584E0
5.130353554E1,3.201841736E-1,6.237528992E-1,9.824669495E0,9.849655642E0
5.131356654E1,3.167413330E-1,5.939648438E-1,9.849218445E0,9.872194451E0
5.132359854E1,3.038681030E-1,5.727090454E-1,9.861642609E0,9.882931064E0
5.133362954E1,2.797682190E-1,5.719606018E-1,9.861492920E0,9.882026705E0
5.134366154E1,2.564167786E-1,5.911207581E-1,9.838440857E0,9.859517828E0
5.135369354E1,2.468367004E-1,6.319857788E-1,9.862989807E0,9.886298717E0
5.136372454E1,2.695893860E-1,6.236032104E-1,9.882149963E0,9.905475622E0
5.137375654E1,2.802172852E-1,6.465055847E-1,9.893226929E0,9.918287668E0
5.138378754E1,2.742297363E-1,6.456074524E-1,9.886191559E0,9.911044066E0
5.139381954E1,2.680924988E-1,6.415658569E-1,9.874665527E0,9.899116103E0
5.140385054E1,2.742297363E-1,6.369255066E-1,9.840386810E0,9.864790349E0
5.141388254E1,2.570155334E-1,6.280938721E-1,9.849517822E0,9.872869908E0
5.142391454E1,2.366578674E-1,6.063890076E-1,9.816137238E0,9.837696114E0
5.143394554E1,2.350112915E-1,5.893244934E-1,9.798174591E0,9.818694362E0
5.144397754E1,2.305206299E-1,5.604345703E-1,9.809251556E0,9.827952115E0
5.145400854E1,2.387535095E-1,5.246589661E-1,9.828262024E0,9.845151328E0
5.146404054E1,2.745291138E-1,5.147795105E-1,9.832453308E0,9.849746303E0
5.147407254E1,2.981799316E-1,5.342390442E-1,9.851613464E0,9.870593218E0
5.148410354E1,3.052153015E-1,5.403762817E-1,9.847571869E0,9.867108726E0
5.149413554E1,2.888992310E-1,5.566923523E-1,9.834848328E0,9.854826775E0
5.150416654E1,2.924917603E-1,5.662724304E-1,9.811646576E0,9.832325484E0
5.151419854E1,2.709365845E-1,5.782475281E-1,9.805359650E0,9.826131217E0
5.152423054E1,2.659968567E-1,5.550457764E-1,9.802515564E0,9.821819665E0
5.153426154E1,2.525248718E-1,5.435197449E-1,9.852062531E0,9.870274496E0
5.154429354E1,2.613565063E-1,5.763015747E-1,9.890233154E0,9.910456224E0
5.155432454E1,2.909948730E-1,6.185137939E-1,9.880503387E0,9.904119573E0
5.156435654E1,2.836601257E-1,6.373745728E-1,9.841883698E0,9.866579150E0
5.157438854E1,2.603086853E-1,6.649172974E-1,9.805060272E0,9.831026527E0
5.158441954E1,2.444416809E-1,6.782395935E-1,9.795180817E0,9.821676431E0
5.159445154E1,2.269281006E-1,6.515950012E-1,9.792037354E0,9.816316414E0
5.160448254E1,2.396516418E-1,6.183641052E-1,9.854607239E0,9.876896826E0
5.161451454E1,2.532733154E-1,5.978567505E-1,9.888137512E0,9.909432049E0
5.162454654E1,2.583627319E-1,5.758525085E-1,9.857900391E0,9.878084709E0
5.163457754E1,2.670446777E-1,5.855822754E-1,9.868079224E0,9.889044798E0
5.164460954E1,2.880010986E-1,5.719606018E-1,9.850116577E0,9.870910806E0
5.165464054E1,2.945874023E-1,5.864804077E-1,9.813143463E0,9.835066123E0
5.166467254E1,3.043171692E-1,5.466632080E-1,9.886041870E0,9.905820181E0
5.167470454E1,3.436853027E-1,5.547463989E-1,9.969717865E0,9.991052871E0
5.168473554E1,3.285667419E-1,5.406756592E-1,9.863289185E0,9.883560078E0
5.169476754E1,2.585124207E-1,5.303471375E-1,9.750872955E0,9.768706166E0
5.170479854E1,1.788780212E-1,5.200186157E-1,9.746531982E0,9.762033722E0
5.171483054E1,2.218386841E-1,5.209167480E-1,9.798024902E0,9.814370008E0
5.172486254E1,2.610571289E-1,5.182223511E-1,9.836045837E0,9.853146855E0
5.173489354E1,2.788700867E-1,5.447172546E-1,9.785001984E0,9.804118993E0
5.174492554E1,2.448907471E-1,5.905220032E-1,9.730365601E0,9.751343622E0
5.175495654E1,2.412982178E-1,6.497987366E-1,9.728569336E0,9.753231493E0
5.176498854E1,2.658471680E-1,7.099736023E-1,9.804311829E0,9.833578579E0
5.177501954E1,2.915936279E-1,7.237449646E-1,9.894274750E0,9.924994027E0
5.178505154E1,3.071612549E-1,7.188052368E-1,9.977501678E0,1.000807518E1
5.179508354E1,3.019221497E-1,6.950047302E-1,9.984237671E0,1.001295113E1
5.180511454E1,2.860551453E-1,6.333329773E-1,9.941127319E0,9.965387628E0
5.181514654E1,2.730322266E-1,6.002517700E-1,9.901310120E0,9.923244977E0
5.182517754E1,2.553689575E-1,5.671705627E-1,9.853559418E0,9.873172183E0
5.183520954E1,2.350112915E-1,5.400769043E-1,9.816735992E0,9.834389606E0
5.184524154E1,2.472857666E-1,5.385800171E-1,9.785151672E0,9.803081757E0
5.185527254E1,2.383044434E-1,5.575904846E-1,9.793983307E0,9.812736885E0
5.186530454E1,2.802172852E-1,5.804928589E-1,9.826765137E0,9.847883363E0
5.187533554E1,3.077600098E-1,5.780978394E-1,9.850415955E0,9.872163279E0
5.188536754E1,3.182382202E-1,5.909710693E-1,9.880353699E0,9.903126354E0
5.189539954E1,3.436853027E-1,6.048921204E-1,9.884844360E0,9.909296751E0
5.190543054E1,3.367996216E-1,5.897735596E-1,9.879305878E0,9.902623464E0
5.191546254E1,2.962339783E-1,5.801934814E-1,9.853260040E0,9.874771515E0
5.192549354E1,2.733316040E-1,5.728587341E-1,9.844578094E0,9.865018761E0
5.193552554E1,2.697390747E-1,5.587879944E-1,9.842332764E0,9.861871903E0
5.194555754E1,2.603086853E-1,5.707630920E-1,9.808203735E0,9.828244586E0
5.195558854E1,2.432441711E-1,5.929170227E-1,9.770631866E0,9.791627311E0
5.196562054E1,2.490820312E-1,6.227050781E-1,9.796977081E0,9.819906487E0
5.197565154E1,2.504292297E-1,6.520440674E-1,9.808203735E0,9.833043109E0
5.198568354E1,2.905458069E-1,6.385720825E-1,9.823172607E0,9.848193299E0
5.199571554E1,3.309617615E-1,6.149212646E-1,9.877509613E0,9.902164410E0
5.200574654E1,3.261717224E-1,5.876779175E-1,9.881850586E0,9.904681940E0
5.201577854E1,3.005749512E-1,5.713618469E-1,9.856403503E0,9.877524471E0
5.202580954E1,2.676434326E-1,5.611830139E-1,9.833351440E0,9.852987361E0
5.203584154E1,2.315684509E-1,5.800437927E-1,9.839937744E0,9.859738818E0
5.204587354E1,2.408491516E-1,5.893244934E-1,9.843829651E0,9.864395261E0
5.205590454E1,2.694396973E-1,6.231541443E-1,9.849218445E0,9.872589468E0
5.206593654E1,2.995271301E-1,6.405180359E-1,9.882000275E0,9.907265480E0
5.207596754E1,3.013233948E-1,6.527925110E-1,9.891280975E0,9.917377334E0
5.208599954E1,2.914439392E-1,6.373745728E-1,9.890831909E0,9.915631184E0
5.209603054E1,2.794688416E-1,6.216572571E-1,9.873168640E0,9.896667094E0
5.210606254E1,2.589614868E-1,6.203100586E-1,9.861043854E0,9.883927939E0
5.211609454E1,2.457888794E-1,6.020480347E-1,9.831255798E0,9.852738938E0
5.212612554E1,2.541714478E-1,5.771997070E-1,9.815688171E0,9.835928879E0
5.213615754E1,2.540217590E-1,5.429209900E-1,9.791288910E0,9.809619196E0
5.214618854E1,2.622546387E-1,5.164260864E-1,9.805958405E0,9.823049100E0
5.215622054E1,2.734812927E-1,5.132826233E-1,9.843380585E0,9.860547267E0
5.216625254E1,2.933898926E-1,5.213658142E-1,9.850415955E0,9.868565976E0
5.217628354E1,2.921923828E-1,5.466632080E-1,9.819879456E0,9.839423234E0
5.218631554E1,2.927911377E-1,5.767506409E-1,9.802066498E0,9.823384121E0
5.219634654E1,2.974314880E-1,5.777984619E-1,9.800569611E0,9.822091490E0
5.220637854E1,2.920426941E-1,5.836363220E-1,9.816137238E0,9.837808219E0
5.221641054E1,2.706372070E-1,5.665718079E-1,9.817933502E0,9.837990972E0
5.222644154E1,2.562670898E-1,5.619314575E-1,9.846673737E0,9.866023690E0
5.223647354E1,2.454895020E-1,5.780978394E-1,9.870174866E0,9.890137213E0
5.224650454E1,2.589614868E-1,5.876779175E-1,9.876162415E0,9.897020280E0
5.225653654E1,2.694396973E-1,6.294410706E-1,9.851314087E0,9.875078888E0
5.226656854E1,2.730322266E-1,6.601272583E-1,9.819131012E0,9.845082449E0
5.227659954E1,2.640509033E-1,6.698570251E-1,9.798773346E0,9.825191621E0
5.228663154E1,2.628533936E-1,6.649172974E-1,9.783205719E0,9.809297684E0
5.229666254E1,2.456391907E-1,6.451583862E-1,9.830657043E0,9.854866101E0
5.230669454E1,2.574645996E-1,6.032455444E-1,9.890682220E0,9.912405762E0
5.231672654E1,2.773731995E-1,5.882766724E-1,9.897418213E0,9.918764672E0
5.232675754E1,2.755769348E-1,5.914201355E-1,9.864786072E0,9.886340307E0
5.233678954E1,2.857557678E-1,5.813909912E-1,9.850266266E0,9.871545844E0
5.234682054E1,2.847079468E-1,5.782475281E-1,9.846673737E0,9.867746070E0
5.235685254E1,2.960842896E-1,5.733078003E-1,9.849068756E0,9.870182526E0
5.236688454E1,3.107537842E-1,5.577401733E-1,9.898016968E0,9.918587697E0
5.237691554E1,3.514691162E-1,5.367837524E-1,9.929301910E0,9.950010239E0
5.238694754E1,3.324586487E-1,5.399272156E-1,9.787546692E0,9.808064049E0
5.239697854E1,2.525248718E-1,5.297483826E-1,9.692045288E0,9.709796292E0
5.240701054E1,2.037263489E-1,5.150788879E-1,9.720935211E0,9.736703347E0
5.241704254E1,2.047741699E-1,4.947212219E-1,9.789043579E0,9.803675624E0
5.242707354E1,2.329156494E-1,4.971162415E-1,9.838740234E0,9.854044026E0
5.243710554E1,2.495310974E-1,5.304968262E-1,9.838889923E0,9.856340476E0
5.244713654E1,2.561174011E-1,5.992039490E-1,9.774523773E0,9.796221541E0
5.245716854E1,2.948867798E-1,6.679110718E-1,9.766290894E0,9.793543855E0
5.246720054E1,3.222798157E-1,7.174580383E-1,9.811945953E0,9.843418802E0
5.247723154E1,3.378474426E-1,7.372169495E-1,9.898316345E0,9.931480061E0
5.248726354E1,3.400927734E-1,7.334747314E-1,9.989177399E0,1.002184182E1
5.249729454E1,3.146456909E-1,7.153623962E-1,9.996362457E0,1.002686430E1
5.250732654E1,2.751278687E-1,6.459068298E-1,9.985285492E0,1.000993593E1
5.251735754E1,2.510279846E-1,5.968089294E-1,9.928254089E0,9.949342954E0
5.252738954E1,2.363584900E-1,5.414241028E-1,9.862391052E0,9.880068960E0
5.253742154E1,2.344125366E-1,5.284011841E-1,9.796228638E0,9.813269209E0
5.254745254E1,2.616558838E-1,5.400769043E-1,9.762548676E0,9.780976613E0
5.255748454E1,2.691403198E-1,5.662724304E-1,9.751022644E0,9.771158764E0
5.256751554E1,2.918930054E-1,5.959107971E-1,9.798923035E0,9.821364663E0
5.257754754E1,3.179388428E-1,6.048921204E-1,9.848919067E0,9.872597752E0
5.258757954E1,3.341052246E-1,5.953120422E-1,9.904603271E0,9.928100961E0
5.259761054E1,3.354524231E-1,5.902226257E-1,9.909692688E0,9.932920026E0
5.260764254E1,3.035687256E-1,5.798941040E-1,9.874366150E0,9.896036480E0
5.261767354E1,3.038681030E-1,5.622308350E-1,9.858948212E0,9.879640640E0
5.262770554E1,2.731819153E-1,5.626799011E-1,9.853110352E0,9.872943868E0
5.263773754E1,2.805166626E-1,5.725593567E-1,9.836195526E0,9.856838045E0
5.264776854E1,2.718347168E-1,5.978567505E-1,9.797575836E0,9.819563080E0
5.265780054E1,2.574645996E-1,6.259982300E-1,9.775721283E0,9.799126921E0
5.266783154E1,2.523751831E-1,6.358776855E-1,9.801467743E0,9.825314426E0
5.267786354E1,2.659968567E-1,6.379733276E-1,9.808802490E0,9.833126186E0
5.268789554E1,3.008743286E-1,6.162684631E-1,9.854307861E0,9.878142316E0
5.269792654E1,3.296145630E-1,5.876779175E-1,9.915081482E0,9.937950085E0
5.270795854E1,3.344046021E-1,5.697152710E-1,9.877958679E0,9.900023717E0
5.271798954E1,3.055146790E-1,5.718109131E-1,9.824968872E0,9.846335373E0
5.272802154E1,2.543211365E-1,5.722599792E-1,9.791438599E0,9.811443857E0
5.273805354E1,2.341131592E-1,5.715115356E-1,9.786798248E0,9.806266076E0
5.274808454E1,2.366578674E-1,6.185137939E-1,9.821675720E0,9.843976849E0
5.275811654E1,2.656974792E-1,6.334826660E-1,9.866732025E0,9.890616578E0
5.276814754E1,3.067121887E-1,6.424639893E-1,9.905351715E0,9.930902524E0
5.277817954E1,3.198847961E-1,6.454577637E-1,9.949809265E0,9.975853168E0
5.278821154E1,3.161425781E-1,6.397695923E-1,9.943971405E0,9.969544552E0
5.279824254E1,2.893482971E-1,6.300398254E-1,9.900861053E0,9.925105653E0
5.280827454E1,2.791694641E-1,6.155200195E-1,9.838889923E0,9.862076627E0
5.281830554E1,2.642005920E-1,5.969586182E-1,9.820178833E0,9.841853172E0
5.282833754E1,2.733316040E-1,5.667214966E-1,9.774074707E0,9.794305478E0
5.283836954E1,2.622546387E-1,5.188211060E-1,9.787397003E0,9.804646497E0
5.284840054E1,2.743794250E-1,5.102888489E-1,9.816137238E0,9.833220685E0
5.285843254E1,2.966830444E-1,4.972659302E-1,9.857301636E0,9.874294394E0
5.286846354E1,2.908451843E-1,5.062472534E-1,9.870474243E0,9.887726685E0
5.287849554E1,2.676434326E-1,5.186714172E-1,9.828411713E0,9.845726476E0
5.288852754E1,2.565664673E-1,5.635780334E-1,9.786947937E0,9.806518061E0
5.289855854E1,2.610571289E-1,5.924679565E-1,9.768087158E0,9.789519694E0
5.290859054E1,2.601589966E-1,6.072871399E-1,9.775122528E0,9.797423172E0
5.291862154E1,2.526745605E-1,6.298901367E-1,9.798473969E0,9.821949813E0
5.292865354E1,2.673440552E-1,6.322851562E-1,9.840835876E0,9.864750788E0
5.293868554E1,2.639012146E-1,6.010002136E-1,9.873917084E0,9.895710368E0
5.294871654E1,2.591111755E-1,5.812413025E-1,9.886191559E0,9.906652492E0
5.295874854E1,2.697390747E-1,5.911207581E-1,9.879455566E0,9.900799221E0
5.296877954E1,2.871029663E-1,6.207591248E-1,9.864187317E0,9.887869408E0
5.297881154E1,2.942880249E-1,6.480024719E-1,9.846524048E0,9.872210921E0
5.298884254E1,3.017724609E-1,6.848258972E-1,9.819580078E0,9.848055952E0
5.299887454E1,2.794688416E-1,6.770420837E-1,9.811646576E0,9.838947980E0
5.300890654E1,2.601589966E-1,6.343807983E-1,9.815688171E0,9.839606495E0
5.301893754E1,2.722837830E-1,5.977070618E-1,9.859097900E0,9.880951553E0
5.302896954E1,2.954855347E-1,5.535488892E-1,9.907896423E0,9.927745948E0
5.303900154E1,2.963836670E-1,5.456153870E-1,9.885592804E0,9.905073675E0
5.304903254E1,2.996768188E-1,5.322930908E-1,9.836644592E0,9.855593283E0
5.305906454E1,2.914439392E-1,5.677693176E-1,9.823471985E0,9.844181195E0
5.306909554E1,2.806663513E-1,5.861810303E-1,9.812993774E0,9.834491782E0
5.307912754E1,2.652484131E-1,5.803431702E-1,9.828262024E0,9.848953717E0
5.308915854E1,2.824626160E-1,5.716612244E-1,9.884095917E0,9.904642032E0
5.309919054E1,3.234773254E-1,5.536985779E-1,9.897418213E0,9.918170546E0
5.310922254E1,3.195854187E-1,5.661227417E-1,9.783804474E0,9.805379125E0
5.311925354E1,2.564167786E-1,5.743556213E-1,9.697434082E0,9.717811570E0
5.312928554E1,2.312690735E-1,5.610333252E-1,9.737999725E0,9.756888973E0
5.313932600E1,2.594105530E-1,5.360353088E-1,9.822723541E0,9.840758378E0
5.314935800E1,2.790197754E-1,5.324427795E-1,9.859996033E0,9.878302947E0
5.315939000E1,2.528242493E-1,5.683680725E-1,9.820478210E0,9.840160296E0
5.316942100E1,2.426454163E-1,6.291416931E-1,9.761500854E0,9.784763411E0
5.317945300E1,2.621049500E-1,6.930587769E-1,9.756112061E0,9.784209320E0
5.318948400E1,3.071612549E-1,7.460485840E-1,9.801318054E0,9.834468574E0
5.319951600E1,3.170407104E-1,7.518864441E-1,9.876910858E0,9.910560839E0
5.320954800E1,3.101550293E-1,7.387138367E-1,9.973310394E0,1.000543925E1
5.321957900E1,3.242257690E-1,6.932084656E-1,1.002450394E1,1.005367294E1
5.322961100E1,3.140469360E-1,6.331832886E-1,1.001941452E1,1.004431251E1
5.323964200E1,2.793191528E-1,5.680686951E-1,9.969568176E0,9.989645182E0
5.324967400E1,2.570155334E-1,5.444178772E-1,9.870623932E0,9.888966812E0
5.325970600E1,2.438429260E-1,5.378315735E-1,9.777218170E0,9.795035340E0
5.326973700E1,2.430944824E-1,5.483097839E-1,9.720186768E0,9.738673901E0
5.327976900E1,2.573149109E-1,5.713618469E-1,9.733658752E0,9.753808386E0
5.328980000E1,2.929408264E-1,5.882766724E-1,9.780661011E0,9.802714603E0
5.329983200E1,3.095562744E-1,5.953120422E-1,9.837093658E0,9.859950971E0
5.330986400E1,3.336561584E-1,6.001020813E-1,9.872420197E0,9.896268462E0
5.331989500E1,3.471281433E-1,6.059399414E-1,9.900411987E0,9.925009757E0
5.332992700E1,3.344046021E-1,5.929170227E-1,9.888287201E0,9.911690108E0
5.333995800E1,3.052153015E-1,5.767506409E-1,9.848919067E0,9.870511865E0
5.334999000E1,2.755769348E-1,5.638774109E-1,9.838440857E0,9.858438968E0
5.336002200E1,2.595602417E-1,5.731581116E-1,9.805958405E0,9.826123446E0
5.337005300E1,2.489323425E-1,5.945635986E-1,9.753417664E0,9.774693310E0
5.338008500E1,2.402503967E-1,6.321354675E-1,9.769284668E0,9.792662479E0
5.339011600E1,2.603086853E-1,6.737489319E-1,9.813143463E0,9.839689165E0
5.340014800E1,2.897973633E-1,6.863227844E-1,9.856253815E0,9.884369516E0
5.341018000E1,3.329077148E-1,6.752458191E-1,9.922715607E0,9.951234570E0
5.342021100E1,3.790118408E-1,6.530918884E-1,9.949509888E0,9.978122368E0
5.343024300E1,3.444337463E-1,6.301895142E-1,9.881401520E0,9.907465338E0
5.344027400E1,2.906954956E-1,6.018983459E-1,9.799970856E0,9.822739652E0
5.345030600E1,2.436932373E-1,5.950126648E-1,9.765841827E0,9.786985903E0
5.346033800E1,2.360591125E-1,6.017486572E-1,9.786049805E0,9.807374579E0
5.347036900E1,2.532733154E-1,6.201603699E-1,9.815987549E0,9.838818924E0
5.348040100E1,2.760260010E-1,6.210585022E-1,9.868228912E0,9.891604818E0
5.349043200E1,3.122506714E-1,6.376739502E-1,9.917775879E0,9.943158801E0
5.350046400E1,3.273692322E-1,6.578819275E-1,9.938133545E0,9.965263549E0
5.351049600E1,3.122506714E-1,6.553372192E-1,9.930050354E0,9.956548970E0
5.352052700E1,2.968327332E-1,6.568341064E-1,9.867630157E0,9.893920640E0
5.353055900E1,2.659968567E-1,6.444099426E-1,9.817185059E0,9.841907385E0
5.354059000E1,2.145039368E-1,6.249504089E-1,9.797725525E0,9.819979654E0
5.355062200E1,2.254312134E-1,5.953120422E-1,9.776619415E0,9.797321208E0
5.356065400E1,2.468367004E-1,5.536985779E-1,9.795929260E0,9.814669660E0
5.357068500E1,2.769241333E-1,5.352868652E-1,9.820927277E0,9.839401993E0
5.358071700E1,3.106040955E-1,5.295986938E-1,9.845027161E0,9.864152750E0
5.359074800E1,3.150947571E-1,5.504054260E-1,9.869276733E0,9.889633668E0
5.360078000E1,2.990780640E-1,5.692662048E-1,9.858199768E0,9.879150488E0
5.361081200E1,3.025209045E-1,5.800437927E-1,9.824070740E0,9.845828335E0
5.362084300E1,2.865042114E-1,6.053411865E-1,9.814490662E0,9.837314144E0
5.363087500E1,2.854563904E-1,6.051914978E-1,9.814640350E0,9.837423815E0
5.364090600E1,2.824626160E-1,6.132746887E-1,9.826914825E0,9.850083551E0
5.365093800E1,2.767744446E-1,6.213578796E-1,9.815538483E0,9.839079500E0
5.366097000E1,2.862048340E-1,6.405180359E-1,9.811197510E0,9.836247920E0
5.367100100E1,2.685415649E-1,6.514453125E-1,9.837542725E0,9.862745177E0
5.368103300E1,2.550695801E-1,6.496490479E-1,9.833201752E0,9.857938987E0
5.369106400E1,2.375559998E-1,6.509962463E-1,9.840237122E0,9.864608232E0
5.370109600E1,2.285746765E-1,6.430627441E-1,9.831255798E0,9.854915862E0
5.371112700E1,2.478845215E-1,6.451583862E-1,9.840237122E0,9.864478835E0
5.372115900E1,2.878514099E-1,6.608757019E-1,9.854307861E0,9.880637558E0
5.373119100E1,3.329077148E-1,6.715036011E-1,9.882599030E0,9.910979175E0
5.374122200E1,3.468287659E-1,6.789880371E-1,9.885742493E0,9.915100583E0
5.375125400E1,3.167413330E-1,6.599775696E-1,9.878856812E0,9.905943033E0
5.376128500E1,2.905458069E-1,6.307882690E-1,9.868977356E0,9.893382877E0
5.377131700E1,2.900967407E-1,5.963598633E-1,9.850565643E0,9.872864058E0
5.378134900E1,2.781216431E-1,5.462141418E-1,9.835596771E0,9.854677335E0
5.379138000E1,2.857557678E-1,5.275030518E-1,9.822573853E0,9.840877650E0
5.380141200E1,2.841091919E-1,5.363346863E-1,9.782157898E0,9.800968629E0
5.381144300E1,3.001258850E-1,5.650749207E-1,9.796528015E0,9.817400184E0
5.382147500E1,2.921923828E-1,6.221063232E-1,9.842332764E0,9.866301581E0
5.383150700E1,2.745291138E-1,6.346801758E-1,9.849517822E0,9.873762530E0
5.384153800E1,2.805166626E-1,6.105802917E-1,9.905052338E0,9.927817469E0
5.385157000E1,3.138972473E-1,5.969586182E-1,9.954599304E0,9.977421429E0
5.386160100E1,3.077600098E-1,5.771997070E-1,9.868977356E0,9.890631415E0
5.387163300E1,2.480342102E-1,5.716612244E-1,9.732012177E0,9.751942295E0
5.388166500E1,1.782792664E-1,5.641767883E-1,9.733808441E0,9.751774491E0
5.389169600E1,2.085163879E-1,5.589376831E-1,9.768985291E0,9.787183662E0
5.390172800E1,2.692900085E-1,5.658233643E-1,9.797725525E0,9.817744071E0
5.391175900E1,2.516267395E-1,6.018983459E-1,9.794731750E0,9.816433553E0
5.392179100E1,2.360591125E-1,6.283932495E-1,9.779014435E0,9.802026591E0
5.393182300E1,2.673440552E-1,6.824308777E-1,9.783056030E0,9.810472468E0
5.394185400E1,3.071612549E-1,7.396119690E-1,9.835447083E0,9.867998440E0
5.395188600E1,3.543132019E-1,7.574249268E-1,9.905800781E0,9.941032114E0
5.396191700E1,3.797602844E-1,7.623646545E-1,9.959688721E0,9.996040074E0
5.397194900E1,3.607498169E-1,7.360194397E-1,9.971663818E0,1.000529582E1
5.398198100E1,3.245251465E-1,6.759942627E-1,9.930349731E0,9.958620919E0
5.399201200E1,2.959346008E-1,6.017486572E-1,9.881551208E0,9.904278521E0
5.400204400E1,2.547702026E-1,5.340893555E-1,9.842781830E0,9.860553405E0
5.401207500E1,2.221380615E-1,5.107379150E-1,9.823172607E0,9.838949060E0
5.402210700E1,2.420466614E-1,5.098397827E-1,9.822723541E0,9.838923770E0
5.403213900E1,2.526745605E-1,5.322930908E-1,9.831555176E0,9.849195782E0
5.404217000E1,2.911445618E-1,5.656736755E-1,9.841584320E0,9.862126231E0
5.405220200E1,3.270698547E-1,5.885760498E-1,9.863289185E0,9.886246507E0
5.406223300E1,3.564088440E-1,6.146218872E-1,9.866732025E0,9.892279221E0
5.407226500E1,3.435356140E-1,6.165678406E-1,9.838440857E0,9.863726026E0
5.408229700E1,3.387455750E-1,6.014492798E-1,9.804311829E0,9.828581802E0
5.409232800E1,3.043171692E-1,5.760021973E-1,9.789342957E0,9.810995005E0
5.410236000E1,2.914439392E-1,5.649252319E-1,9.802216187E0,9.822806231E0
5.411239100E1,2.716850281E-1,5.545967102E-1,9.838590546E0,9.857953854E0
5.412242300E1,2.779719543E-1,5.767506409E-1,9.842632141E0,9.863433336E0
5.413245500E1,2.643502808E-1,6.304888916E-1,9.820178833E0,9.843947868E0
5.414247662E1,2.583627319E-1,6.813830566E-1,9.815388794E0,9.842402722E0
5.415250863E1,2.656974792E-1,7.158114624E-1,9.789941711E0,9.819671070E0
5.416253963E1,2.775228882E-1,7.197033691E-1,9.795929260E0,9.826251674E0
5.417257162E1,3.146456909E-1,6.789880371E-1,9.860145721E0,9.888503442E0
5.418260362E1,3.228785706E-1,6.354286194E-1,9.893077240E0,9.918719543E0
5.419263463E1,2.984793091E-1,6.132746887E-1,9.888586578E0,9.912080521E0
5.420266662E1,2.918930054E-1,5.869294739E-1,9.857750702E0,9.879521073E0
5.421269762E1,2.655477905E-1,5.882766724E-1,9.863139496E0,9.884235215E0
5.422272963E1,2.698887634E-1,5.962101746E-1,9.868977356E0,9.890653192E0
5.423276162E1,2.848576355E-1,6.119274902E-1,9.853110352E0,9.876202850E0
5.424279262E1,2.912942505E-1,6.292913818E-1,9.851463776E0,9.875839129E0
5.425282463E1,2.859054565E-1,6.397695923E-1,9.868378601E0,9.893227142E0
5.426285563E1,3.029699707E-1,6.376739502E-1,9.858648834E0,9.883894764E0
5.427288762E1,2.992277527E-1,6.273454285E-1,9.849068756E0,9.873563435E0
5.428291962E1,2.939886475E-1,6.138734436E-1,9.831405487E0,9.854938040E0
5.429295063E1,2.773731995E-1,5.806425476E-1,9.826765137E0,9.847811671E0
5.430298262E1,2.507286072E-1,5.535488892E-1,9.806407471E0,9.825217997E0
5.431301362E1,2.573149109E-1,5.613327026E-1,9.806257782E0,9.825680488E0
5.432304563E1,2.692900085E-1,5.499563599E-1,9.799521790E0,9.818635160E0
5.433307762E1,2.701881409E-1,5.444178772E-1,9.815837860E0,9.834636005E0
5.434310862E1,2.990780640E-1,5.688171387E-1,9.841734009E0,9.862693797E0
5.435314062E1,3.064128113E-1,5.872288513E-1,9.845326538E0,9.867582337E0
5.436317163E1,3.152444458E-1,5.950126648E-1,9.837243347E0,9.860262461E0
5.437320362E1,3.167413330E-1,6.189628601E-1,9.829459534E0,9.854020236E0
5.438323562E1,2.996768188E-1,6.273454285E-1,9.827064514E0,9.851627553E0
5.439326663E1,2.857557678E-1,6.304888916E-1,9.837393036E0,9.861717616E0
5.440329862E1,2.773731995E-1,6.303392029E-1,9.852810974E0,9.876849067E0
5.441332962E1,2.814147949E-1,6.415658569E-1,9.848020935E0,9.872908253E0
5.442336162E1,2.838098145E-1,6.409671021E-1,9.845925293E0,9.870847568E0
5.443339363E1,2.835104370E-1,6.421646118E-1,9.838740234E0,9.863749944E0
5.444342462E1,2.731819153E-1,6.453080750E-1,9.840985565E0,9.865903292E0
5.445345662E1,2.746788025E-1,6.569837952E-1,9.830657043E0,9.856413854E0
5.446348763E1,2.754272461E-1,6.459068298E-1,9.836345215E0,9.861376323E0
5.447351962E1,2.772235107E-1,6.294410706E-1,9.840237122E0,9.864244297E0
5.448355162E1,2.754272461E-1,6.256988525E-1,9.835297394E0,9.859028048E0
5.449358263E1,2.833607483E-1,6.074368286E-1,9.830507355E0,9.853331805E0
5.450361463E1,2.932402039E-1,6.060896301E-1,9.819879456E0,9.842934876E0
5.451364562E1,3.067121887E-1,6.129753113E-1,9.840686188E0,9.864528156E0
5.452367762E1,3.038681030E-1,6.030958557E-1,9.865684204E0,9.888770664E0
5.453370963E1,3.001258850E-1,5.960604858E-1,9.843380585E0,9.865977143E0
5.454374062E1,2.830613708E-1,5.917195129E-1,9.840237122E0,9.862074951E0
5.455377262E1,2.567161560E-1,5.881269836E-1,9.847122803E0,9.868010135E0
5.456380363E1,2.579136658E-1,6.015989685E-1,9.840087433E0,9.861833575E0
5.457383562E1,2.752775574E-1,6.177653503E-1,9.883048096E0,9.906162295E0
5.458386762E1,2.920426941E-1,6.318360901E-1,9.851763153E0,9.876322342E0
5.459389862E1,2.914439392E-1,6.536906433E-1,9.808802490E0,9.834879629E0
5.460393063E1,2.945874023E-1,6.734495544E-1,9.783654785E0,9.811229128E0
5.461396162E1,2.736309814E-1,6.581813049E-1,9.784253540E0,9.810183173E0
5.462399362E1,2.573149109E-1,6.313870239E-1,9.813293152E0,9.836949884E0
5.463402563E1,2.686912537E-1,6.345304871E-1,9.862540741E0,9.886583525E0
5.464405662E1,2.689906311E-1,6.286926270E-1,9.884994049E0,9.908618356E0
5.465408862E1,2.877017212E-1,6.218069458E-1,9.836045837E0,9.859878999E0
5.466411962E1,2.856060791E-1,6.273454285E-1,9.818981323E0,9.843146212E0
5.467415163E1,2.826123047E-1,6.426136780E-1,9.810299377E0,9.835384890E0
5.468418362E1,2.956352234E-1,6.427633667E-1,9.844278717E0,9.869669112E0
5.469421462E1,3.245251465E-1,6.119274902E-1,9.971065063E0,9.995094313E0
5.470424663E1,3.623963928E-1,5.968089294E-1,9.975256348E0,9.999662557E0
5.471427762E1,3.034190369E-1,5.854325867E-1,9.807155914E0,9.829298121E0
5.472430962E1,2.275268555E-1,5.610333252E-1,9.737550659E0,9.756352787E0
5.473434163E1,2.134561157E-1,5.614823914E-1,9.779463501E0,9.797894282E0
5.474437263E1,2.685415649E-1,5.831872559E-1,9.811796265E0,9.832780272E0
5.475440462E1,3.029699707E-1,5.993536377E-1,9.815987549E0,9.838934248E0
5.476443562E1,3.049159241E-1,6.328839111E-1,9.764644318E0,9.789882247E0
5.477446763E1,2.779719543E-1,6.569837952E-1,9.701176300E0,9.727369517E0
5.478449962E1,2.469863892E-1,7.068301392E-1,9.737999725E0,9.766742024E0
5.479453062E1,2.644999695E-1,7.258406067E-1,9.818831635E0,9.849175574E0
5.480456263E1,2.806663513E-1,7.436535645E-1,9.901908875E0,9.933760294E0
5.481459363E1,3.140469360E-1,7.420069885E-1,9.951755219E0,9.984319295E0
5.482462562E1,3.370989990E-1,7.188052368E-1,9.963430939E0,9.995012395E0
5.483465763E1,3.418890381E-1,6.800358582E-1,9.979447632E0,1.000843204E1
5.484468863E1,3.330574036E-1,6.477030945E-1,9.921967163E0,9.948662167E0
5.485472062E1,3.068618774E-1,5.989045715E-1,9.887688446E0,9.910561725E0
5.486475162E1,2.676434326E-1,5.749543762E-1,9.834548950E0,9.854976337E0
5.487478363E1,2.498304749E-1,5.631289673E-1,9.808054047E0,9.827382850E0
5.488481562E1,2.622546387E-1,5.629792786E-1,9.806407471E0,9.826054684E0
5.489484662E1,2.676434326E-1,5.644761658E-1,9.824819183E0,9.844660397E0
5.490487863E1,2.999761963E-1,5.891748047E-1,9.848320312E0,9.870487609E0
5.491490963E1,3.186872864E-1,6.204597473E-1,9.864187317E0,9.888818095E0
5.492494162E1,3.330574036E-1,6.385720825E-1,9.852661285E0,9.878949132E0
5.493497363E1,3.299139404E-1,6.373745728E-1,9.828561401E0,9.854730274E0
5.494500463E1,2.972817993E-1,6.337820435E-1,9.803413696E0,9.828376074E0
5.495503662E1,2.665956116E-1,6.321354675E-1,9.807604980E0,9.831570776E0
5.496506762E1,2.447410583E-1,6.265969849E-1,9.808203735E0,9.831245215E0
5.497509963E1,2.601589966E-1,6.286926270E-1,9.807006226E0,9.830580259E0
5.498513162E1,2.615061951E-1,6.566844177E-1,9.831405487E0,9.856782120E0
5.499516262E1,2.598596191E-1,6.887178040E-1,9.855355682E0,9.882808045E0
5.500519463E1,2.850073242E-1,7.053332520E-1,9.834548950E0,9.863928083E0
5.501522563E1,3.080593872E-1,7.143145752E-1,9.799521790E0,9.830349597E0
5.502525762E1,3.370989990E-1,6.857240295E-1,9.824370117E0,9.854039851E0
5.503528962E1,3.329077148E-1,6.646179199E-1,9.859097900E0,9.887080253E0
5.504532063E1,2.978805542E-1,6.364764404E-1,9.856104126E0,9.881124613E0
5.505535262E1,2.871029663E-1,6.204597473E-1,9.839937744E0,9.863659221E0
5.506538362E1,2.621049500E-1,6.230044556E-1,9.851763153E0,9.874921305E0
5.507541563E1,2.740800476E-1,6.230044556E-1,9.861193542E0,9.884654395E0
5.508544762E1,2.817141724E-1,6.451583862E-1,9.884395294E0,9.909433009E0
5.509547862E1,3.056643677E-1,6.457571411E-1,9.868827667E0,9.894654745E0
5.510551062E1,3.077600098E-1,6.590794373E-1,9.864037628E0,9.890821010E0
5.511554163E1,2.900967407E-1,6.860234070E-1,9.848320312E0,9.876446588E0
5.512557362E1,2.866539001E-1,6.741979980E-1,9.836494904E0,9.863738915E0
5.513560562E1,2.841091919E-1,6.728507996E-1,9.830357666E0,9.857452920E0
5.514563663E1,2.748284912E-1,6.643185425E-1,9.796528015E0,9.822871829E0
5.515566862E1,2.692900085E-1,6.348298645E-1,9.812095642E0,9.836297421E0
5.516569962E1,2.830613708E-1,5.990542603E-1,9.813891907E0,9.836232211E0
5.517573163E1,2.736309814E-1,5.810916138E-1,9.804910583E0,9.825925551E0
5.518576363E1,2.838098145E-1,5.599855042E-1,9.842781830E0,9.862782869E0
5.519579462E1,2.926414490E-1,5.590873718E-1,9.839638367E0,9.859852985E0
5.520582662E1,3.028202820E-1,5.968089294E-1,9.831106110E0,9.853858552E0
5.521585763E1,2.990780640E-1,6.233038330E-1,9.826465759E0,9.850755538E0
5.522588962E1,2.981799316E-1,6.312373352E-1,9.818382568E0,9.843170633E0
5.523592162E1,2.847079468E-1,6.496490479E-1,9.830357666E0,9.855913674E0
5.524595263E1,2.787203979E-1,6.462062073E-1,9.845027161E0,9.870148293E0
5.525598462E1,2.662962341E-1,6.412664795E-1,9.844727783E0,9.869184440E0
5.526601562E1,2.644999695E-1,6.518943787E-1,9.859996033E0,9.885061875E0
5.527604762E1,2.728825378E-1,6.577322388E-1,9.857002258E0,9.882690428E0
5.528607963E1,2.749781799E-1,6.746470642E-1,9.849667511E0,9.876573887E0
5.529611062E1,2.716850281E-1,6.881190491E-1,9.834548950E0,9.862336114E0
5.530614262E1,2.677931213E-1,6.866221619E-1,9.834548950E0,9.862125339E0
5.531617363E1,2.737806702E-1,6.834786987E-1,9.839338989E0,9.866848065E0
5.532620562E1,2.742297363E-1,6.750961304E-1,9.854607239E0,9.881510035E0
5.533623762E1,2.781216431E-1,6.574328613E-1,9.847272491E0,9.873112232E0
5.534626862E1,2.942880249E-1,6.427633667E-1,9.843081207E0,9.868434417E0
5.535630063E1,2.921923828E-1,6.505471802E-1,9.849068756E0,9.874854094E0
5.536633162E1,3.052153015E-1,6.264472961E-1,9.841584320E0,9.866223924E0
5.537636362E1,3.050656128E-1,6.328839111E-1,9.829609222E0,9.854685410E0
5.538639563E1,2.947370911E-1,6.345304871E-1,9.821975098E0,9.846862125E0
5.539642662E1,3.020718384E-1,6.462062073E-1,9.816137238E0,9.842021140E0
5.540645862E1,2.877017212E-1,6.318360901E-1,9.829309845E0,9.853797296E0
5.541648963E1,2.776725769E-1,6.321354675E-1,9.854158173E0,9.878316182E0
5.542652163E1,2.600093079E-1,6.249504089E-1,9.848919067E0,9.872151470E0
5.543655362E1,2.559677124E-1,6.192622375E-1,9.858648834E0,9.881394741E0
5.544658462E1,2.427951050E-1,6.310876465E-1,9.851613464E0,9.874791589E0
5.545661663E1,2.546205139E-1,6.418652344E-1,9.845925293E0,9.870109800E0
5.546664762E1,2.844085693E-1,6.474037170E-1,9.819580078E0,9.845007502E0
5.547667962E1,3.019221497E-1,6.815327454E-1,9.786798248E0,9.815144615E0
5.548671163E1,2.824626160E-1,6.897656250E-1,9.787397003E0,9.815737458E0
5.549674262E1,2.727328491E-1,6.846762085E-1,9.824370117E0,9.851975077E0
5.550677462E1,2.652484131E-1,6.586303711E-1,9.837093658E0,9.862685351E0
5.551680562E1,2.558180237E-1,6.249504089E-1,9.862091675E0,9.885183765E0
5.552683763E1,2.718347168E-1,6.200106812E-1,9.855954437E0,9.879177356E0
5.553686962E1,2.597099304E-1,6.236032104E-1,9.825118561E0,9.848313812E0
5.554690062E1,2.619552612E-1,6.015989685E-1,9.781409454E0,9.803392922E0
5.555693263E1,2.520758057E-1,6.363267517E-1,9.798773346E0,9.822647964E0
5.556696362E1,2.784210205E-1,6.489006042E-1,9.836644592E0,9.861955541E0
5.557699562E1,3.237767029E-1,6.544390869E-1,9.988279266E0,1.001493108E1
5.558702763E1,3.758683777E-1,6.643185425E-1,1.002734802E1,1.005635642E1
5.559705863E1,3.483256531E-1,6.433621216E-1,9.854607239E0,9.881727046E0
5.560709062E1,2.480342102E-1,6.165678406E-1,9.760153656E0,9.782754022E0
5.561712162E1,2.272274780E-1,6.107299805E-1,9.782457275E0,9.804136565E0
5.562715363E1,2.598596191E-1,6.189628601E-1,9.816586304E0,9.839512625E0
5.563718562E1,2.956352234E-1,6.301895142E-1,9.808952179E0,9.833619977E0
5.564721662E1,2.945874023E-1,6.432124329E-1,9.764195251E0,9.789791258E0
5.565724863E1,2.689906311E-1,6.626719666E-1,9.723180542E0,9.749447674E0
5.566727963E1,2.424957275E-1,6.926097107E-1,9.745035095E0,9.772626126E0
5.567731162E1,2.615061951E-1,7.214996338E-1,9.829758911E0,9.859670758E0
5.568734363E1,2.802172852E-1,7.445516968E-1,9.898615723E0,9.930532321E0
5.569737463E1,3.183879089E-1,7.686515808E-1,9.946366425E0,9.981102202E0
5.570740662E1,3.204835510E-1,7.497908020E-1,9.934690704E0,9.968097880E0
5.571743762E1,3.312611389E-1,7.348219299E-1,9.911638641E0,9.944359093E0
5.572746963E1,3.147953796E-1,6.924600220E-1,9.878707123E0,9.907948901E0
5.573750162E1,2.908451843E-1,6.469546509E-1,9.844877472E0,9.870397848E0
5.574753262E1,2.755769348E-1,5.941145325E-1,9.819729767E0,9.841544971E0
5.575756463E1,2.411485291E-1,5.875282288E-1,9.798773346E0,9.819333028E0
5.576759563E1,2.492317200E-1,5.819897461E-1,9.800270233E0,9.820698812E0
5.577762762E1,2.625540161E-1,5.869294739E-1,9.810000000E0,9.831048816E0
5.578765962E1,2.932402039E-1,5.951623535E-1,9.832004242E0,9.854365300E0
5.579769063E1,3.055146790E-1,6.233038330E-1,9.864187317E0,9.888581208E0
5.580772262E1,3.228785706E-1,6.358776855E-1,9.872719574E0,9.898443453E0
5.581775362E1,3.225791931E-1,6.500981140E-1,9.862840118E0,9.889504542E0
5.582778563E1,2.998265076E-1,6.614744568E-1,9.837393036E0,9.864164746E0
5.583781762E1,2.802172852E-1,6.586303711E-1,9.811047821E0,9.837122295E0
5.584784862E1,2.688409424E-1,6.361770630E-1,9.803563385E0,9.827860996E0
5.585788063E1,2.502795410E-1,6.517446899E-1,9.813143463E0,9.837946718E0
5.586791163E1,2.541714478E-1,6.776408386E-1,9.823921051E0,9.850544404E0
5.587794362E1,2.568658447E-1,7.138655090E-1,9.823471985E0,9.852724794E0
5.588797562E1,2.606080627E-1,7.256909180E-1,9.833201752E0,9.863386871E0
5.589800663E1,2.947370911E-1,7.342231750E-1,9.822424164E0,9.854236149E0
5.590803862E1,3.240760803E-1,7.213499451E-1,9.824819183E0,9.856593886E0
5.591806962E1,3.116519165E-1,6.956034851E-1,9.847871246E0,9.877325509E0
5.592810163E1,3.180885315E-1,6.801855469E-1,9.859546967E0,9.888098861E0
5.593813362E1,3.122506714E-1,6.607260132E-1,9.854158173E0,9.881219188E0
5.594816462E1,2.948867798E-1,6.634204102E-1,9.843979340E0,9.870714974E0
5.595819662E1,2.776725769E-1,6.655160522E-1,9.856403503E0,9.882747781E0
5.596822763E1,2.859054565E-1,6.728507996E-1,9.905351715E0,9.932293931E0
5.597825962E1,2.959346008E-1,6.791377258E-1,9.888287201E0,9.915998644E0
5.598829162E1,2.921923828E-1,6.644682312E-1,9.882149963E0,9.908772998E0
5.599832263E1,2.893482971E-1,6.915618896E-1,9.857451324E0,9.885915582E0
5.600835462E1,2.817141724E-1,7.089257812E-1,9.848470001E0,9.877970439E0
5.601838562E1,2.942880249E-1,6.999444580E-1,9.826914825E0,9.856205288E0
5.602841762E1,2.939886475E-1,6.891668701E-1,9.810598755E0,9.839168066E0
5.603844963E1,2.778222656E-1,6.716532898E-1,9.796977081E0,9.823902650E0
5.604848062E1,2.731819153E-1,6.459068298E-1,9.790241089E0,9.815327023E0
5.605851262E1,2.746788025E-1,6.090834045E-1,9.810449066E0,9.833175576E0
5.606854363E1,2.764750671E-1,5.929170227E-1,9.848769379E0,9.870473511E0
5.607857562E1,2.874023438E-1,5.902226257E-1,9.854906616E0,9.876747808E0
5.608860762E1,3.023712158E-1,6.017486572E-1,9.851912842E0,9.874903364E0
5.609863863E1,3.079096985E-1,6.363267517E-1,9.821825409E0,9.847231818E0
5.610867063E1,2.926414490E-1,6.486012268E-1,9.798024902E0,9.823828915E0
5.611870162E1,2.727328491E-1,6.665638733E-1,9.783355408E0,9.809828420E0
5.612873362E1,2.600093079E-1,6.683601379E-1,9.819729767E0,9.845882531E0
5.613876567E1,2.592608643E-1,6.813830566E-1,9.839338989E0,9.866310902E0
5.614879667E1,2.621049500E-1,6.732998657E-1,9.866133270E0,9.892553635E0
5.615882867E1,2.653981018E-1,6.878196716E-1,9.874515839E0,9.901999551E0
5.616886067E1,2.743794250E-1,6.902146912E-1,9.861343231E0,9.889275540E0
5.617889167E1,2.778222656E-1,6.897656250E-1,9.852361908E0,9.880384456E0
5.618892367E1,2.630030823E-1,6.884184265E-1,9.829309845E0,9.856897209E0
5.619895467E1,2.707868958E-1,7.006929016E-1,9.823172607E0,9.851853438E0
5.620898667E1,2.576142883E-1,6.905140686E-1,9.828112335E0,9.855707325E0
5.621901767E1,2.701881409E-1,6.935078430E-1,9.851014709E0,9.879091333E0
5.622904967E1,2.805166626E-1,6.965016174E-1,9.834848328E0,9.863470268E0
5.623908167E1,2.939886475E-1,6.836283875E-1,9.856104126E0,9.884157305E0
5.624911267E1,2.796185303E-1,6.724017334E-1,9.855056305E0,9.881925186E0
5.625914467E1,2.918930054E-1,6.692582703E-1,9.840686188E0,9.867735951E0
5.626917667E1,2.927911377E-1,6.610253906E-1,9.831255798E0,9.857802584E0
5.627920767E1,2.954855347E-1,6.556365967E-1,9.830357666E0,9.856627359E0
5.628923967E1,2.902464294E-1,6.572831726E-1,9.807155914E0,9.833441477E0
5.629927067E1,3.022215271E-1,6.601272583E-1,9.825567627E0,9.852354289E0
5.630930267E1,3.044668579E-1,6.493496704E-1,9.845326538E0,9.871413764E0
5.631933467E1,2.983296204E-1,6.617738342E-1,9.853409729E0,9.880112776E0
5.632936567E1,2.903961182E-1,6.724017334E-1,9.845925293E0,9.873130146E0
5.633939767E1,2.621049500E-1,6.517446899E-1,9.837093658E0,9.862143874E0
5.634942867E1,2.469863892E-1,6.545887756E-1,9.834848328E0,9.859702347E0
5.635946067E1,2.649490356E-1,6.776408386E-1,9.842332764E0,9.869189902E0
5.636949267E1,2.844085693E-1,6.894662476E-1,9.859546967E0,9.887715526E0
5.637952367E1,2.990780640E-1,7.171586609E-1,9.821825409E0,9.852513314E0
5.638955567E1,2.845582581E-1,7.289840698E-1,9.791887665E0,9.823108226E0
5.639958667E1,2.697390747E-1,7.265890503E-1,9.802365875E0,9.832958231E0
5.640961867E1,2.644999695E-1,7.035369873E-1,9.813592529E0,9.842333202E0
5.641965067E1,2.680924988E-1,6.743476868E-1,9.837542725E0,9.864272160E0
5.642968167E1,2.671943665E-1,6.521937561E-1,9.864187317E0,9.889334707E0
5.643971367E1,2.710862732E-1,6.560856628E-1,9.854457550E0,9.879993409E0
5.644974467E1,2.674937439E-1,6.607260132E-1,9.766440582E0,9.792419181E0
5.645977667E1,2.487826538E-1,6.539900208E-1,9.770332489E0,9.795355670E0
5.646980867E1,2.763253784E-1,6.637197876E-1,9.871971130E0,9.898115663E0
5.647983967E1,3.198847961E-1,6.673123169E-1,1.000549347E1,1.003282271E1
5.648987167E1,3.742218018E-1,6.821315002E-1,1.003393433E1,1.006405402E1
5.649990267E1,3.333567810E-1,6.896159363E-1,9.863887939E0,9.893582878E0
5.650993467E1,2.454895020E-1,6.619235229E-1,9.735754395E0,9.761317610E0
5.651996667E1,2.188449097E-1,6.472540283E-1,9.754166107E0,9.778066645E0
5.652999767E1,2.513273621E-1,6.441105652E-1,9.793983307E0,9.818357952E0
5.654002967E1,2.954855347E-1,6.646179199E-1,9.824370117E0,9.851257629E0
5.655006067E1,3.131488037E-1,6.586303711E-1,9.813143463E0,9.840205321E0
5.656009267E1,2.935395813E-1,6.706054688E-1,9.762997742E0,9.790403571E0
5.657012467E1,2.612068176E-1,6.957531738E-1,9.759105835E0,9.787361656E0
5.658015567E1,2.703378296E-1,7.217990112E-1,9.798473969E0,9.828741957E0
5.659018767E1,2.671943665E-1,7.656578064E-1,9.872270508E0,9.905521172E0
5.660021867E1,2.751278687E-1,7.807763672E-1,9.920769653E0,9.955248746E0
5.661025067E1,3.001258850E-1,7.960446167E-1,9.912536774E0,9.948977227E0
5.662028267E1,3.152444458E-1,7.930508423E-1,9.915829926E0,9.952486715E0
5.663031367E1,3.179388428E-1,7.547305298E-1,9.894873505E0,9.928707114E0
5.664034567E1,3.228785706E-1,7.158114624E-1,9.876611481E0,9.907779315E0
5.665037667E1,3.106040955E-1,6.776408386E-1,9.832004242E0,9.860222078E0
5.666040867E1,2.838098145E-1,6.450086975E-1,9.806257782E0,9.831544941E0
5.667044067E1,2.588117981E-1,6.209088135E-1,9.789642334E0,9.812726855E0
5.668047167E1,2.381547546E-1,6.032455444E-1,9.769733734E0,9.791236904E0
5.669050367E1,2.383044434E-1,5.956114197E-1,9.804910583E0,9.825874695E0
5.670053467E1,2.775228882E-1,6.197113037E-1,9.815388794E0,9.838847404E0
5.671056667E1,2.969824219E-1,6.367758179E-1,9.845176849E0,9.870217282E0
5.672059867E1,3.131488037E-1,6.697073364E-1,9.863887939E0,9.891554750E0
5.673062967E1,3.258723450E-1,6.849755859E-1,9.840237122E0,9.869430123E0
5.674066167E1,3.164419556E-1,6.798861694E-1,9.835447083E0,9.863995135E0
5.675069267E1,2.808160400E-1,6.825805664E-1,9.818681946E0,9.846384566E0
5.676072467E1,2.671943665E-1,6.966513062E-1,9.834698639E0,9.862961685E0
5.677075667E1,2.496807861E-1,6.979985046E-1,9.819580078E0,9.847522293E0
5.678078767E1,2.281256104E-1,7.277865601E-1,9.800270233E0,9.829903927E0
5.679081967E1,2.251318359E-1,7.400610352E-1,9.807754669E0,9.838212558E0
5.680085067E1,2.445913696E-1,7.610174561E-1,9.812245331E0,9.844751441E0
5.681088267E1,2.811154175E-1,7.484436035E-1,9.832303619E0,9.864754846E0
5.682091467E1,3.095562744E-1,7.285350037E-1,9.869576111E0,9.901268653E0
5.683094567E1,3.215313721E-1,7.107220459E-1,9.882449341E0,9.913188852E0
5.684097767E1,3.109034729E-1,6.837780762E-1,9.853260040E0,9.881849364E0
5.685100967E1,2.999761963E-1,6.863227844E-1,9.842482452E0,9.870941470E0
5.686104067E1,2.927911377E-1,6.824308777E-1,9.854158173E0,9.882098555E0
5.687107267E1,2.963836670E-1,6.900650024E-1,9.852511597E0,9.881093955E0
5.688110367E1,2.815644836E-1,7.093748474E-1,9.874366150E0,9.903817350E0
5.689113567E1,2.941383362E-1,7.180567932E-1,9.883497162E0,9.913911391E0
5.690116767E1,2.938389587E-1,7.171586609E-1,9.866881714E0,9.897272990E0
5.691119867E1,2.927911377E-1,7.352709961E-1,9.853709106E0,9.885440468E0
5.692123067E1,2.986289978E-1,7.128176880E-1,9.843530273E0,9.873822795E0
5.693126167E1,2.853067017E-1,7.072792053E-1,9.824220428E0,9.853778504E0
5.694129367E1,2.986289978E-1,6.985972595E-1,9.804012451E0,9.833406203E0
5.695132567E1,2.953358459E-1,6.800358582E-1,9.799671478E0,9.827676893E0
5.696135667E1,2.897973633E-1,6.457571411E-1,9.801168365E0,9.826692532E0
5.697138867E1,2.655477905E-1,6.349795532E-1,9.807604980E0,9.831725694E0
5.698141967E1,2.803669739E-1,6.318360901E-1,9.833052063E0,9.857318873E0
5.699145167E1,2.833607483E-1,6.330335999E-1,9.852960663E0,9.877340668E0
5.700148367E1,2.814147949E-1,6.448590088E-1,9.839189301E0,9.864313637E0
5.701151467E1,2.856060791E-1,6.530918884E-1,9.810149689E0,9.836012239E0
5.702154667E1,2.808160400E-1,6.869215393E-1,9.792636108E0,9.820714882E0
5.703157767E1,2.746788025E-1,7.035369873E-1,9.806706848E0,9.835746639E0
5.704160967E1,2.658471680E-1,6.997947693E-1,9.820927277E0,9.849416227E0
5.705164167E1,2.650987244E-1,7.090754700E-1,9.839338989E0,9.868417153E0
5.706167267E1,2.701881409E-1,7.023394775E-1,9.865534515E0,9.894192926E0
5.707170467E1,2.745291138E-1,7.129673767E-1,9.873018951E0,9.902534621E0
5.708173567E1,2.697390747E-1,7.189549255E-1,9.867929535E0,9.897761800E0
5.709176767E1,2.585124207E-1,7.237449646E-1,9.848320312E0,9.878261407E0
5.710179967E1,2.628533936E-1,7.253915405E-1,9.836045837E0,9.866259803E0
5.711183067E1,2.562670898E-1,7.271878052E-1,9.827064514E0,9.857264930E0
5.712186267E1,2.698887634E-1,7.165599060E-1,9.822274475E0,9.852074599E0
5.713189367E1,2.686912537E-1,6.988966370E-1,9.824819183E0,9.853310281E0
5.714192592E1,2.773731995E-1,7.008425903E-1,9.838740234E0,9.867569388E0
5.715195792E1,2.875520325E-1,7.087760925E-1,9.837842102E0,9.867531958E0
5.716198892E1,2.971321106E-1,6.954537964E-1,9.841883698E0,9.870897537E0
5.717202092E1,3.008743286E-1,6.842271423E-1,9.843979340E0,9.872315908E0
5.718205192E1,2.989283752E-1,6.887178040E-1,9.850415955E0,9.878987036E0
5.719208392E1,2.926414490E-1,6.774911499E-1,9.824370117E0,9.852049608E0
5.720211592E1,2.918930054E-1,6.836283875E-1,9.845176849E0,9.873198899E0
5.721214692E1,2.694396973E-1,6.893165588E-1,9.819729767E0,9.847580808E0
5.722217892E1,2.788700867E-1,6.843768311E-1,9.822873230E0,9.850633414E0
5.723220992E1,2.856060791E-1,6.809339905E-1,9.820927277E0,9.848647344E0
5.724224192E1,3.026705933E-1,6.896159363E-1,9.862540741E0,9.891253181E0
5.725227392E1,2.947370911E-1,7.014413452E-1,9.843530273E0,9.872891074E0
5.726230492E1,2.841091919E-1,6.987469482E-1,9.823322296E0,9.852239657E0
5.727233692E1,2.531236267E-1,6.930587769E-1,9.814041595E0,9.841738387E0
5.728236792E1,2.427951050E-1,6.914122009E-1,9.827812958E0,9.855095526E0
5.729239992E1,2.498304749E-1,6.941065979E-1,9.872420197E0,9.899943423E0
5.730243192E1,2.673440552E-1,7.086264038E-1,9.877210236E0,9.906205442E0
5.731246292E1,2.800675964E-1,7.165599060E-1,9.837243347E0,9.867281927E0
5.732249492E1,2.878514099E-1,7.268884277E-1,9.811047821E0,9.842148372E0
5.733252692E1,2.740800476E-1,7.312294006E-1,9.777667236E0,9.808801807E0
5.734255792E1,2.650987244E-1,7.354206848E-1,9.792187042E0,9.823341997E0
5.735258992E1,2.510279846E-1,7.158114624E-1,9.818232880E0,9.847491964E0
5.736262092E1,2.543211365E-1,7.134164429E-1,9.845775604E0,9.874864025E0
5.737265292E1,2.520758057E-1,7.027885437E-1,9.826914825E0,9.855237640E0
5.738268492E1,2.519261169E-1,7.006929016E-1,9.752669220E0,9.781052818E0
5.739271592E1,2.532733154E-1,6.825805664E-1,9.793534241E0,9.820558870E0
5.740274792E1,3.017724609E-1,6.767427063E-1,9.924212494E0,9.951836058E0
5.741277892E1,3.562591553E-1,6.912625122E-1,1.005548950E1,1.008551603E1
5.742281092E1,3.863465881E-1,7.032376099E-1,9.993668060E0,1.002582705E1
5.743284292E1,3.198847961E-1,6.999444580E-1,9.802515564E0,9.832678166E0
5.744287392E1,2.176473999E-1,6.786886597E-1,9.697284393E0,9.723441433E0
5.745290592E1,2.046244812E-1,6.764433289E-1,9.724976807E0,9.750621552E0
5.746293692E1,2.531236267E-1,6.797364807E-1,9.791588287E0,9.818417105E0
5.747296892E1,2.995271301E-1,6.893165588E-1,9.831255798E0,9.859942413E0
5.748300092E1,3.122506714E-1,6.731501770E-1,9.818232880E0,9.846234230E0
5.749303192E1,3.031196594E-1,6.765930176E-1,9.776469727E0,9.804540782E0
5.750306392E1,2.830613708E-1,7.014413452E-1,9.790839844E0,9.820014692E0
5.751309492E1,2.674937439E-1,7.464976501E-1,9.823771362E0,9.855723993E0
5.752312692E1,2.737806702E-1,7.789801025E-1,9.860894165E0,9.895402952E0
5.753315892E1,2.775228882E-1,7.966433716E-1,9.895621948E0,9.931515159E0
5.754318992E1,2.791694641E-1,8.144563293E-1,9.899663544E0,9.937032403E0
5.755322192E1,2.939886475E-1,8.077203369E-1,9.881401520E0,9.918716523E0
5.756325292E1,2.862048340E-1,7.876620483E-1,9.879156189E0,9.914638254E0
5.757328492E1,2.959346008E-1,7.454498291E-1,9.862241364E0,9.894800526E0
5.758331692E1,2.992277527E-1,7.235952759E-1,9.841883698E0,9.872983444E0
5.759334792E1,2.778222656E-1,6.976991272E-1,9.813143463E0,9.841836918E0
5.760337992E1,2.667453003E-1,6.589297485E-1,9.796827393E0,9.822584610E0
5.761341092E1,2.418969727E-1,6.511459351E-1,9.788145447E0,9.812761918E0
5.762344292E1,2.462379456E-1,6.477030945E-1,9.819280701E0,9.843699808E0
5.763347492E1,2.462379456E-1,6.538403320E-1,9.827663269E0,9.852466982E0
5.764350592E1,2.859054565E-1,6.628216553E-1,9.837542725E0,9.863991146E0
5.765353792E1,3.038681030E-1,6.863227844E-1,9.845625916E0,9.874194876E0
5.766356892E1,3.192860413E-1,6.894662476E-1,9.843829651E0,9.873109413E0
5.767360092E1,3.222798157E-1,7.009922791E-1,9.826615448E0,9.856856782E0
5.768363292E1,2.944377136E-1,7.110214233E-1,9.844578094E0,9.874612037E0
5.769366392E1,2.848576355E-1,7.162605286E-1,9.857301636E0,9.887394427E0
5.770369592E1,2.586621094E-1,7.285350037E-1,9.813293152E0,9.843698077E0
5.771372692E1,2.408491516E-1,7.445516968E-1,9.809700623E0,9.840863369E0
5.772375892E1,2.180964661E-1,7.572752380E-1,9.814490662E0,9.846078346E0
5.773379092E1,2.336640930E-1,7.737409973E-1,9.802365875E0,9.835631693E0
5.774382192E1,2.806663513E-1,7.691006470E-1,9.791737976E0,9.825905658E0
5.775385392E1,3.141966248E-1,7.438032532E-1,9.830058289E0,9.863164236E0
5.776388492E1,3.191363525E-1,7.319778442E-1,9.860744476E0,9.893023865E0
5.777391692E1,3.165916443E-1,7.292834473E-1,9.855505371E0,9.887520960E0
5.778394892E1,3.067121887E-1,7.110214233E-1,9.855655060E0,9.886028550E0
5.779397992E1,2.941383362E-1,7.271878052E-1,9.863139496E0,9.894283207E0
5.780401192E1,2.877017212E-1,7.390132141E-1,9.859696655E0,9.891538351E0
5.781404292E1,2.841091919E-1,7.445516968E-1,9.874515839E0,9.906620933E0
5.782407492E1,2.716850281E-1,7.450007629E-1,9.852960663E0,9.884820318E0
5.783410692E1,2.818638611E-1,7.515870667E-1,9.831255798E0,9.863970850E0
5.784413792E1,2.806663513E-1,7.541317749E-1,9.848320312E0,9.881138665E0
5.785416992E1,2.794688416E-1,7.518864441E-1,9.868827667E0,9.901373419E0
5.786420192E1,2.868035889E-1,7.399113464E-1,9.843081207E0,9.875017608E0
5.787423292E1,2.938389587E-1,7.192543030E-1,9.819879456E0,9.850568542E0
5.788426492E1,2.737806702E-1,7.066804504E-1,9.801467743E0,9.830723424E0
5.789429592E1,2.655477905E-1,6.985972595E-1,9.787546692E0,9.816039120E0
5.790432792E1,2.688409424E-1,6.831793213E-1,9.793833618E0,9.821312864E0
5.791435992E1,2.719844055E-1,6.770420837E-1,9.830058289E0,9.857099343E0
5.792439092E1,3.013233948E-1,6.770420837E-1,9.844727783E0,9.872580559E0
5.793442292E1,2.960842896E-1,6.851252747E-1,9.842332764E0,9.870591511E0
5.794445392E1,2.790197754E-1,6.923103333E-1,9.817783813E0,9.846117237E0
5.795448592E1,2.869532776E-1,7.126679993E-1,9.817484436E0,9.847499099E0
5.796451792E1,2.736309814E-1,7.056326294E-1,9.792336731E0,9.821540102E0
5.797454892E1,2.519261169E-1,7.231462097E-1,9.806108093E0,9.835962746E0
5.798458092E1,2.532733154E-1,7.315287781E-1,9.842482452E0,9.872879142E0
5.799461192E1,2.674937439E-1,7.442523193E-1,9.867330780E0,9.898973742E0
5.800464392E1,2.576142883E-1,7.367678833E-1,9.853409729E0,9.884274142E0
5.801467592E1,2.582130432E-1,7.388635254E-1,9.858349457E0,9.889370420E0
5.802470692E1,2.640509033E-1,7.441026306E-1,9.848769379E0,9.880367902E0
5.803473892E1,2.595602417E-1,7.484436035E-1,9.834099884E0,9.865954585E0
5.804476992E1,2.546205139E-1,7.628137207E-1,9.824370117E0,9.857229052E0
5.805480192E1,2.637515259E-1,7.535330200E-1,9.812694397E0,9.845117989E0
5.806483392E1,2.577639771E-1,7.418572998E-1,9.812095642E0,9.843475779E0
5.807486492E1,2.830613708E-1,7.324269104E-1,9.826166382E0,9.857490486E0
5.808489692E1,2.799179077E-1,7.264393616E-1,9.841734009E0,9.872476715E0
5.809492792E1,2.800675964E-1,7.277865601E-1,9.848619690E0,9.879444364E0
5.810495992E1,2.857557678E-1,7.342231750E-1,9.853559418E0,9.885007498E0
5.811499192E1,2.815644836E-1,7.220983887E-1,9.826316071E0,9.856834794E0
5.812502292E1,2.860551453E-1,7.081773376E-1,9.816586304E0,9.846253569E0
5.813505492E1,2.821632385E-1,7.059320068E-1,9.814041595E0,9.843442920E0
5.814508500E1,2.775228882E-1,7.147636414E-1,9.819280701E0,9.849171513E0
5.815511700E1,2.862048340E-1,7.247927856E-1,9.845476227E0,9.876266497E0
5.816514900E1,2.802172852E-1,7.234455872E-1,9.844428406E0,9.874951437E0
5.817518000E1,2.749781799E-1,7.092251587E-1,9.835147705E0,9.864519436E0
5.818521200E1,2.598596191E-1,7.020401001E-1,9.839189301E0,9.867625521E0
5.819524400E1,2.457888794E-1,7.108717346E-1,9.822274475E0,9.851031756E0
5.820527500E1,2.517764282E-1,7.333250427E-1,9.842482452E0,9.872974112E0
5.821530700E1,2.803669739E-1,7.438032532E-1,9.872569885E0,9.904518416E0
5.822533800E1,2.927911377E-1,7.619155884E-1,9.844129028E0,9.877910626E0
5.823537000E1,2.863545227E-1,7.641609192E-1,9.799372101E0,9.833292144E0
5.824540200E1,2.821632385E-1,7.691006470E-1,9.783205719E0,9.817446004E0
5.825543300E1,2.541714478E-1,7.661068726E-1,9.797126770E0,9.830321247E0
5.826546500E1,2.309696960E-1,7.414082336E-1,9.817334747E0,9.847999528E0
5.827549600E1,2.354603577E-1,7.274871826E-1,9.846973114E0,9.876616763E0
5.828552800E1,2.252815247E-1,7.015910339E-1,9.821376343E0,9.848980405E0
5.829556000E1,2.299218750E-1,7.057823181E-1,9.753267975E0,9.781473761E0
5.830559100E1,2.306703186E-1,7.182064819E-1,9.800270233E0,9.829258669E0
5.831562300E1,2.784210205E-1,7.229965210E-1,9.931397552E0,9.961571140E0
5.832565400E1,3.438349915E-1,7.435038757E-1,1.005279510E1,1.008611471E1
5.833568600E1,3.793112183E-1,7.461982727E-1,1.001507355E1,1.004999438E1
5.834571800E1,3.067121887E-1,7.505392456E-1,9.834099884E0,9.867466851E0
5.835574900E1,2.061213684E-1,7.195536804E-1,9.718091125E0,9.746873275E0
5.836578100E1,1.887574768E-1,7.141648865E-1,9.718390503E0,9.746423695E0
5.837581200E1,2.409988403E-1,7.054829407E-1,9.768087158E0,9.796494952E0
5.838584400E1,2.823129272E-1,7.119195557E-1,9.826615448E0,9.856414216E0
5.839587600E1,3.115022278E-1,7.011419678E-1,9.836644592E0,9.866519677E0
5.840590700E1,3.065625000E-1,6.971003723E-1,9.822274475E0,9.851751385E0
5.841593900E1,2.911445618E-1,7.122189331E-1,9.799072723E0,9.829234314E0
5.842597000E1,2.773731995E-1,7.373666382E-1,9.827962646E0,9.859487574E0
5.843600200E1,2.703378296E-1,7.842192078E-1,9.840237122E0,9.875137919E0
5.844603400E1,2.718347168E-1,8.146060181E-1,9.869576111E0,9.906866795E0
5.845606500E1,2.627037048E-1,8.345146179E-1,9.871971130E0,9.910663040E0
5.846609700E1,2.683918762E-1,8.250842285E-1,9.867031403E0,9.905105092E0
5.847612800E1,2.624043274E-1,8.126600647E-1,9.852810974E0,9.889750073E0
5.848616000E1,2.709365845E-1,7.786807251E-1,9.858948212E0,9.893361923E0
5.849619200E1,2.748284912E-1,7.325765991E-1,9.855505371E0,9.886515326E0
5.850622300E1,2.869532776E-1,7.128176880E-1,9.835447083E0,9.865417911E0
5.851625500E1,2.761756897E-1,6.830296326E-1,9.822124786E0,9.849717651E0
5.852628600E1,2.547702026E-1,6.688092041E-1,9.811496887E0,9.837564982E0
5.853631800E1,2.406994629E-1,6.497987366E-1,9.804311829E0,9.828769255E0
5.854635000E1,2.457888794E-1,6.625222778E-1,9.825867004E0,9.851244101E0
5.855638100E1,2.426454163E-1,6.851252747E-1,9.842482452E0,9.869282358E0
5.856641300E1,2.772235107E-1,6.930587769E-1,9.847721558E0,9.875971001E0
5.857644500E1,2.836601257E-1,7.361691284E-1,9.840237122E0,9.871812127E0
5.858647600E1,2.803669739E-1,7.367678833E-1,9.823322296E0,9.854902003E0
5.859650800E1,2.951861572E-1,7.336244202E-1,9.836345215E0,9.868081214E0
5.860653900E1,2.860551453E-1,7.355703735E-1,9.844877472E0,9.876462107E0
5.861657100E1,2.815644836E-1,7.505392456E-1,9.817484436E0,9.850156769E0
5.862660300E1,2.459385681E-1,7.607180786E-1,9.795031128E0,9.827604620E0
5.863663400E1,2.001338196E-1,7.750881958E-1,9.805359650E0,9.837982167E0
5.864666600E1,2.245330811E-1,7.969427490E-1,9.798623657E0,9.833542517E0
5.865669700E1,2.799179077E-1,7.908055115E-1,9.804611206E0,9.840433339E0
5.866672900E1,2.850073242E-1,7.782316589E-1,9.852661285E0,9.887457110E0
5.867676100E1,3.077600098E-1,7.542814636E-1,9.859696655E0,9.893294440E0
5.868679200E1,3.155438232E-1,7.273374939E-1,9.856852570E0,9.888686986E0
5.869682400E1,2.866539001E-1,7.203021240E-1,9.860295410E0,9.890724502E0
5.870685500E1,2.742297363E-1,7.334747314E-1,9.847721558E0,9.878805950E0
5.871688700E1,2.871029663E-1,7.435038757E-1,9.857601013E0,9.889768646E0
5.872691900E1,2.766247559E-1,7.475454712E-1,9.877808990E0,9.909917050E0
5.873695000E1,2.561174011E-1,7.536827087E-1,9.868677979E0,9.900729205E0
5.874698200E1,2.559677124E-1,7.423063660E-1,9.830657043E0,9.861965124E0
5.875701300E1,2.517764282E-1,7.622149658E-1,9.844428406E0,9.877101481E0
5.876704500E1,2.835104370E-1,7.470964050E-1,9.865684204E0,9.897992525E0
5.877707700E1,2.885998535E-1,7.384144592E-1,9.838889923E0,9.870780147E0
5.878710800E1,2.712359619E-1,7.298822021E-1,9.826465759E0,9.857267689E0
5.879714000E1,2.909948730E-1,7.110214233E-1,9.812095642E0,9.842126313E0
5.880717100E1,2.788700867E-1,6.914122009E-1,9.789043579E0,9.817392401E0
5.881720300E1,2.646496582E-1,6.756948853E-1,9.808802490E0,9.835609250E0
5.882723500E1,2.721340942E-1,6.701564026E-1,9.827513580E0,9.854095075E0
5.883726600E1,2.691403198E-1,6.783892822E-1,9.852810974E0,9.879804281E0
5.884729800E1,2.695893860E-1,6.965016174E-1,9.851164398E0,9.879434849E0
5.885733000E1,2.649490356E-1,7.150630188E-1,9.836045837E0,9.865561861E0
5.886736100E1,2.556683350E-1,7.222480774E-1,9.802216187E0,9.832113239E0
5.887739300E1,2.393522644E-1,7.168592834E-1,9.786648560E0,9.815786610E0
5.888742400E1,2.348616028E-1,7.355703735E-1,9.794881439E0,9.825269775E0
5.889745600E1,2.436932373E-1,7.517367554E-1,9.824968872E0,9.856698630E0
5.890748800E1,2.574645996E-1,7.461982727E-1,9.837842102E0,9.869459818E0
5.891751900E1,2.577639771E-1,7.566764832E-1,9.852960663E0,9.885334359E0
5.892755100E1,2.644999695E-1,7.490423584E-1,9.851763153E0,9.883737244E0
5.893758200E1,2.621049500E-1,7.544311523E-1,9.850266266E0,9.882591304E0
5.894761400E1,2.448907471E-1,7.509883118E-1,9.835447083E0,9.867115801E0
5.895764600E1,2.496807861E-1,7.535330200E-1,9.821825409E0,9.853852387E0
5.896767700E1,2.597099304E-1,7.457492065E-1,9.824220428E0,9.855906765E0
5.897770900E1,2.508782959E-1,7.385641479E-1,9.825567627E0,9.856479905E0
5.898774000E1,2.541714478E-1,7.244934082E-1,9.830956421E0,9.860892352E0
5.899777200E1,2.643502808E-1,7.107220459E-1,9.838740234E0,9.867918539E0
5.900780400E1,2.782713318E-1,7.298822021E-1,9.832004242E0,9.862984861E0
5.901783500E1,2.897973633E-1,7.176077271E-1,9.829459534E0,9.859879213E0
5.902786700E1,2.809657288E-1,7.116201782E-1,9.833351440E0,9.863069784E0
5.903789800E1,2.797682190E-1,7.114704895E-1,9.842183075E0,9.871830033E0
5.904793000E1,2.871029663E-1,7.129673767E-1,9.843530273E0,9.873491725E0
5.905796200E1,2.715353394E-1,6.959028625E-1,9.830507355E0,9.858848162E0
5.906799300E1,2.522254944E-1,6.860234070E-1,9.820777588E0,9.847939797E0
5.907802500E1,2.359094238E-1,7.015910339E-1,9.846224670E0,9.874007469E0
5.908805600E1,2.417472839E-1,7.213499451E-1,9.849817200E0,9.879154132E0
5.909808800E1,2.659968567E-1,7.354206848E-1,9.871522064E0,9.902451503E0
5.910812000E1,2.812651062E-1,7.491920471E-1,9.849966888E0,9.882421084E0
5.911815100E1,2.733316040E-1,7.578739929E-1,9.804162140E0,9.837208873E0
5.912818300E1,2.574645996E-1,7.518864441E-1,9.786648560E0,9.818865071E0
5.913821400E1,2.357597351E-1,7.403604126E-1,9.783654785E0,9.814459595E0
5.914824650E1,2.254312134E-1,7.134164429E-1,9.834548950E0,9.862967875E0
5.915827850E1,2.195933533E-1,7.018904114E-1,9.846973114E0,9.874398761E0
5.916830950E1,2.261796570E-1,7.069798279E-1,9.814640350E0,9.842669502E0
5.917834150E1,2.194436646E-1,7.027885437E-1,9.737999725E0,9.765792641E0
5.918837350E1,2.507286072E-1,7.081773376E-1,9.788295135E0,9.817082135E0
5.919840450E1,2.841091919E-1,7.327262878E-1,9.932145996E0,9.963188743E0
5.920843650E1,3.379971313E-1,7.297325134E-1,1.007330246E1,1.010535373E1
5.921846750E1,3.603007507E-1,7.485932922E-1,1.003782623E1,1.007214794E1
5.922849950E1,2.930905151E-1,7.294331360E-1,9.862540741E0,9.893820527E0
5.923853150E1,1.972897339E-1,6.927593994E-1,9.730664978E0,9.757288544E0
5.924856250E1,1.803749084E-1,6.981481934E-1,9.720037079E0,9.746746474E0
5.925859450E1,2.350112915E-1,6.806346130E-1,9.759554901E0,9.786082242E0
5.926862550E1,2.745291138E-1,7.023394775E-1,9.801916809E0,9.830880943E0
5.927865750E1,3.089575195E-1,6.939569092E-1,9.801916809E0,9.831307343E0
5.928868950E1,2.805166626E-1,7.054829407E-1,9.787546692E0,9.816947898E0
5.929872050E1,2.656974792E-1,7.182064819E-1,9.796977081E0,9.826859907E0
5.930875250E1,2.562670898E-1,7.466473389E-1,9.826615448E0,9.858271970E0
5.931878350E1,2.517764282E-1,7.671546936E-1,9.865384827E0,9.898370344E0
5.932881550E1,2.501298523E-1,8.047265625E-1,9.872719574E0,9.908619559E0
5.933884750E1,2.528242493E-1,8.252339172E-1,9.888436890E0,9.926032200E0
5.934887850E1,2.577639771E-1,7.960446167E-1,9.859696655E0,9.895137565E0
5.935891050E1,2.570155334E-1,7.906558228E-1,9.868528290E0,9.903486468E0
5.936894150E1,2.775228882E-1,7.583230591E-1,9.848320312E0,9.881370643E0
5.937897350E1,2.998265076E-1,7.194039917E-1,9.837692413E0,9.868517115E0
5.938900550E1,2.871029663E-1,6.851252747E-1,9.825717316E0,9.853757939E0
5.939903650E1,2.528242493E-1,6.822811890E-1,9.812993774E0,9.839932649E0
5.940906850E1,2.303709412E-1,6.524931335E-1,9.809101868E0,9.833478403E0
5.941909950E1,1.910028076E-1,6.415658569E-1,9.808652802E0,9.831467775E0
5.942913150E1,2.130070496E-1,6.527925110E-1,9.821675720E0,9.845650005E0
5.943916350E1,2.351609802E-1,6.724017334E-1,9.864786072E0,9.890471628E0
5.944919450E1,2.653981018E-1,6.939569092E-1,9.854158173E0,9.882127586E0
5.945922650E1,2.866539001E-1,7.101232910E-1,9.831255798E0,9.861036260E0
5.946925850E1,2.953358459E-1,7.176077271E-1,9.836794281E0,9.867355565E0
5.947928950E1,2.941383362E-1,7.122189331E-1,9.835596771E0,9.865735503E0
5.948932150E1,2.784210205E-1,7.345225525E-1,9.849817200E0,9.881090047E0
5.949935250E1,2.420466614E-1,7.420069885E-1,9.812095642E0,9.843088024E0
5.950938450E1,2.028282166E-1,7.602690125E-1,9.815388794E0,9.846877954E0
5.951941650E1,1.960922241E-1,7.797285461E-1,9.805359650E0,9.838267461E0
5.952944750E1,2.333647156E-1,7.807763672E-1,9.809101868E0,9.842893389E0
5.953947950E1,2.838098145E-1,7.680528259E-1,9.806706848E0,9.840830878E0
5.954951050E1,3.037184143E-1,7.479945374E-1,9.815987549E0,9.849129518E0
5.955954250E1,2.887495422E-1,7.207511902E-1,9.836045837E0,9.866643618E0
5.956957450E1,2.773731995E-1,7.129673767E-1,9.826615448E0,9.856349706E0
5.957960550E1,2.650987244E-1,7.207511902E-1,9.839039612E0,9.868964489E0
5.958963750E1,2.546205139E-1,7.346722412E-1,9.855954437E0,9.886577405E0
5.959966850E1,2.399510193E-1,7.455995178E-1,9.856403503E0,9.887476177E0
5.960970050E1,2.507286072E-1,7.444020081E-1,9.865684204E0,9.896904769E0
5.961973250E1,2.483335876E-1,7.418572998E-1,9.850565643E0,9.881582126E0
5.962976350E1,2.523751831E-1,7.559280396E-1,9.836345215E0,9.868576778E0
5.963979550E1,2.760260010E-1,7.439529419E-1,9.856702881E0,9.888591812E0
5.964982650E1,2.836601257E-1,7.447013855E-1,9.862690430E0,9.894832274E0
5.965985850E1,2.755769348E-1,7.316784668E-1,9.843230896E0,9.874233666E0
5.966989050E1,2.680924988E-1,7.132667542E-1,9.837991791E0,9.867456893E0
5.967992150E1,2.568658447E-1,6.945556641E-1,9.807155914E0,9.835074721E0
5.968995350E1,2.421963501E-1,6.571334839E-1,9.802814941E0,9.827800581E0
5.969998450E1,2.474354553E-1,6.483018494E-1,9.799372101E0,9.823910279E0
5.971001650E1,2.492317200E-1,6.535409546E-1,9.823921051E0,9.848789623E0
5.972004850E1,2.650987244E-1,6.530918884E-1,9.841734009E0,9.866941504E0
5.973007950E1,2.748284912E-1,6.746470642E-1,9.838740234E0,9.865672241E0
5.974011150E1,2.740800476E-1,6.917115784E-1,9.824370117E0,9.852503894E0
5.975014350E1,2.525248718E-1,7.234455872E-1,9.818382568E0,9.848237334E0
5.976017450E1,2.541714478E-1,7.301815796E-1,9.803413696E0,9.833854197E0
5.977020650E1,2.395019531E-1,7.234455872E-1,9.803862762E0,9.833435807E0
5.978023750E1,2.279759216E-1,7.235952759E-1,9.824968872E0,9.854216178E0
5.979026950E1,2.273771667E-1,7.418572998E-1,9.840536499E0,9.871079537E0
5.980030150E1,2.366578674E-1,7.442523193E-1,9.853858795E0,9.884758551E0
5.981033250E1,2.526745605E-1,7.432044983E-1,9.860445099E0,9.891641669E0
5.982036450E1,2.549198914E-1,7.372169495E-1,9.876162415E0,9.906919653E0
5.983039550E1,2.653981018E-1,7.283853149E-1,9.877958679E0,9.908332301E0
5.984042750E1,2.628533936E-1,7.247927856E-1,9.882000275E0,9.912030363E0
5.985045950E1,2.516267395E-1,7.122189331E-1,9.863438873E0,9.892320164E0
5.986049050E1,2.561174011E-1,7.017407227E-1,9.859696655E0,9.887955011E0
5.987052250E1,2.392025757E-1,6.935078430E-1,9.831555176E0,9.858886761E0
5.988055350E1,2.508782959E-1,6.743476868E-1,9.822424164E0,9.848741096E0
5.989058550E1,2.628533936E-1,6.673123169E-1,9.812544708E0,9.838721019E0
5.990061750E1,2.718347168E-1,6.544390869E-1,9.822573853E0,9.848103458E0
5.991064850E1,2.841091919E-1,6.593788147E-1,9.836045837E0,9.862215581E0
5.992068050E1,2.838098145E-1,6.688092041E-1,9.854756927E0,9.881502308E0
5.993071150E1,2.555186462E-1,6.584806824E-1,9.846973114E0,9.872272590E0
5.994074350E1,2.504292297E-1,6.598278809E-1,9.852361908E0,9.877607139E0
5.995077550E1,2.306703186E-1,6.637197876E-1,9.854607239E0,9.879626338E0
5.996080650E1,2.273771667E-1,6.774911499E-1,9.858948212E0,9.884814337E0
5.997083850E1,2.486329651E-1,6.885681152E-1,9.839937744E0,9.867133282E0
5.998087050E1,2.543211365E-1,7.024891663E-1,9.807754669E0,9.836169067E0
5.999090150E1,2.480342102E-1,7.201524353E-1,9.789342957E0,9.818929474E0
6.000093350E1,2.396516418E-1,6.896159363E-1,9.805659027E0,9.832799805E0
6.001096450E1,2.338137817E-1,6.800358582E-1,9.856104126E0,9.882302677E0
6.002099650E1,2.357597351E-1,6.571334839E-1,9.912237396E0,9.936793108E0
6.003102850E1,2.406994629E-1,6.417155457E-1,9.889185333E0,9.912906820E0
6.004105950E1,2.257305908E-1,6.381230164E-1,9.833052063E0,9.856321228E0
6.005109150E1,2.176473999E-1,6.625222778E-1,9.796977081E0,9.821764917E0
6.006112250E1,2.014810181E-1,6.500981140E-1,9.798623657E0,9.822232319E0
6.007115450E1,2.405497742E-1,6.545887756E-1,9.897567902E0,9.922106683E0
6.008118650E1,3.025209045E-1,6.559359741E-1,1.002450394E1,1.005049502E1
6.009121750E1,3.448828125E-1,6.358776855E-1,9.987530823E0,1.001369345E1
6.010124950E1,2.865042114E-1,6.144721985E-1,9.809101868E0,9.832504269E0
6.011128050E1,2.136058044E-1,5.959107971E-1,9.763746185E0,9.784246353E0
6.012131250E1,2.112107849E-1,6.048921204E-1,9.746981049E0,9.768016382E0
6.013134450E1,2.646496582E-1,6.224057007E-1,9.769434357E0,9.792817569E0
6.014137487E1,2.695893860E-1,6.468049622E-1,9.784403229E0,9.809463881E0
6.015140687E1,2.731819153E-1,6.694079590E-1,9.749525757E0,9.776297247E0
6.016143788E1,2.447410583E-1,6.953041077E-1,9.720785522E0,9.748693100E0
6.017146987E1,2.005828857E-1,7.229965210E-1,9.773775330E0,9.802532410E0
6.018150187E1,2.101629639E-1,7.336244202E-1,9.861492920E0,9.890976487E0
6.019153288E1,2.457888794E-1,7.497908020E-1,9.946516113E0,9.977764339E0
6.020156487E1,2.585124207E-1,7.122189331E-1,9.964179382E0,9.992945274E0
6.021159687E1,2.627037048E-1,6.780899048E-1,9.926457825E0,9.953059032E0
6.022162787E1,2.845582581E-1,6.596781921E-1,9.901908875E0,9.927937756E0
6.023165988E1,2.914439392E-1,6.385720825E-1,9.868079224E0,9.893012758E0
6.024169087E1,2.896476746E-1,6.239025879E-1,9.858499146E0,9.882467081E0
6.025172287E1,2.766247559E-1,5.966592407E-1,9.837243347E0,9.859202816E0
6.026175488E1,2.706372070E-1,5.776487732E-1,9.833950195E0,9.854618158E0
6.027178587E1,2.487826538E-1,5.734574890E-1,9.817185059E0,9.837066065E0
6.028181787E1,2.411485291E-1,5.915698242E-1,9.815987549E0,9.836753480E0
6.029184888E1,2.353106689E-1,5.914201355E-1,9.808952179E0,9.829582480E0
6.030188088E1,2.381547546E-1,5.996530151E-1,9.817035370E0,9.838215533E0
6.031191287E1,2.579136658E-1,5.995033264E-1,9.838291168E0,9.859913631E0
6.032194387E1,2.742297363E-1,6.321354675E-1,9.836195526E0,9.860301193E0
6.033197588E1,2.746788025E-1,6.182144165E-1,9.831704865E0,9.854950941E0
6.034200687E1,2.640509033E-1,6.179150391E-1,9.845476227E0,9.868381023E0
6.035203887E1,2.618055725E-1,6.201603699E-1,9.827363892E0,9.850391977E0
6.036207088E1,2.486329651E-1,6.113287354E-1,9.797126770E0,9.819329617E0
6.037210188E1,2.236349487E-1,6.325845337E-1,9.822274475E0,9.845163871E0
6.038213387E1,2.230361938E-1,6.547384644E-1,9.857151947E0,9.881390191E0
6.039216487E1,2.336640930E-1,6.709048462E-1,9.849068756E0,9.874657846E0
6.040219688E1,2.634521484E-1,6.550378418E-1,9.855505371E0,9.880762507E0
6.041222887E1,2.698887634E-1,6.438111877E-1,9.842482452E0,9.867207995E0
6.042225987E1,2.718347168E-1,6.400689697E-1,9.814490662E0,9.839095962E0
6.043229188E1,2.781216431E-1,6.253994751E-1,9.838590546E0,9.862369902E0
6.044232287E1,2.805166626E-1,6.394702148E-1,9.860445099E0,9.885139822E0
6.045235487E1,2.686912537E-1,6.524931335E-1,9.879904633E0,9.905072328E0
6.046238688E1,2.616558838E-1,6.423143005E-1,9.915680237E0,9.939906741E0
6.047241788E1,2.772235107E-1,6.141728210E-1,9.916728058E0,9.939595389E0
6.048244987E1,2.827619934E-1,6.087840271E-1,9.894574127E0,9.917316648E0
6.049248188E1,2.897973633E-1,6.195616150E-1,9.879754944E0,9.903403297E0
6.050251288E1,2.845582581E-1,6.306385803E-1,9.835447083E0,9.859751403E0
6.051254487E1,2.769241333E-1,6.313870239E-1,9.802814941E0,9.827029934E0
6.052257587E1,2.767744446E-1,6.333329773E-1,9.796078949E0,9.820431637E0
6.053260788E1,2.755769348E-1,6.472540283E-1,9.796677704E0,9.821902792E0
6.054263987E1,2.562670898E-1,6.197113037E-1,9.803713074E0,9.826622256E0
6.055267087E1,2.502795410E-1,5.998027039E-1,9.818981323E0,9.840467334E0
6.056270288E1,2.336640930E-1,5.828878784E-1,9.842931519E0,9.862943682E0
6.057273388E1,2.398013306E-1,5.637277222E-1,9.843530273E0,9.862574809E0
6.058276587E1,2.377056885E-1,5.489085388E-1,9.850715332E0,9.868859971E0
6.059279787E1,2.610571289E-1,5.390290833E-1,9.848470001E0,9.866664307E0
6.060282888E1,2.673440552E-1,5.433700562E-1,9.813592529E0,9.832259262E0
6.061286087E1,2.731819153E-1,5.716612244E-1,9.806108093E0,9.826554882E0
6.062289187E1,2.636018372E-1,5.589376831E-1,9.790390778E0,9.809875068E0
6.063292388E1,2.356100464E-1,5.779481506E-1,9.824070740E0,9.843876374E0
6.064295587E1,2.372566223E-1,5.935157776E-1,9.837842102E0,9.858584529E0
6.065298687E1,2.213896179E-1,5.996530151E-1,9.836943970E0,9.857690590E0
6.066301887E1,2.439926147E-1,5.945635986E-1,9.843679962E0,9.864637523E0
6.067304988E1,2.460882568E-1,6.056405640E-1,9.864636383E0,9.886273863E0
6.068308187E1,2.568658447E-1,6.201603699E-1,9.877210236E0,9.899992979E0
6.069311387E1,2.513273621E-1,6.221063232E-1,9.864187317E0,9.886979981E0
6.070314488E1,2.448907471E-1,6.158193970E-1,9.836644592E0,9.858944256E0
6.071317687E1,2.333647156E-1,6.255491638E-1,9.845925293E0,9.868536656E0
6.072320887E1,2.225871277E-1,6.367758179E-1,9.857151947E0,9.880206120E0
6.073323988E1,2.264790344E-1,6.222560120E-1,9.856702881E0,9.878921347E0
6.074327188E1,2.305206299E-1,6.225553894E-1,9.856702881E0,9.879033690E0
6.075330287E1,2.543211365E-1,6.367758179E-1,9.842033386E0,9.865889917E0
6.076333487E1,2.811154175E-1,6.125262451E-1,9.851314087E0,9.874340662E0
6.077336688E1,2.944377136E-1,6.054908752E-1,9.834548950E0,9.857568961E0
6.078339787E1,2.963836670E-1,5.993536377E-1,9.840237122E0,9.862927287E0
6.079342987E1,2.862048340E-1,5.920188904E-1,9.862540741E0,9.884437740E0
6.080346088E1,2.766247559E-1,5.843847656E-1,9.874815216E0,9.895958890E0
6.081349287E1,2.591111755E-1,5.731581116E-1,9.853858795E0,9.873914218E0
6.082352487E1,2.478845215E-1,5.792953491E-1,9.816137238E0,9.836339772E0
6.083355587E1,2.519261169E-1,5.842350769E-1,9.803862762E0,9.824485862E0
6.084358788E1,2.523751831E-1,5.742059326E-1,9.786648560E0,9.806727064E0
6.085361887E1,2.883004761E-1,5.547463989E-1,9.855804749E0,9.875613802E0
6.086365087E1,3.350033569E-1,5.441184998E-1,9.985884247E0,1.000630683E1
6.087368288E1,3.746708679E-1,5.499563599E-1,9.920470276E0,9.942764241E0
6.088371387E1,3.206332397E-1,5.387297058E-1,9.789642334E0,9.809695836E0
6.089374587E1,2.499801636E-1,5.354365540E-1,9.767039337E0,9.784898558E0
6.090377788E1,2.415975952E-1,5.462141418E-1,9.805958405E0,9.824130471E0
6.091380888E1,2.499801636E-1,5.724096680E-1,9.809850311E0,9.829715461E0
6.092384087E1,2.504292297E-1,6.012995911E-1,9.799671478E0,9.821295082E0
6.093387187E1,2.398013306E-1,6.231541443E-1,9.750723267E0,9.773557693E0
6.094390388E1,2.291734314E-1,6.450086975E-1,9.739945679E0,9.763969403E0
6.095393587E1,2.222877502E-1,6.768923950E-1,9.792636108E0,9.818519089E0
6.096396687E1,2.510279846E-1,6.972500610E-1,9.874964905E0,9.902732177E0
6.097399888E1,2.679428101E-1,6.851252747E-1,9.942175140E0,9.969354869E0
6.098402988E1,2.887495422E-1,6.659651184E-1,9.937534790E0,9.964009411E0
6.099406187E1,3.038681030E-1,6.545887756E-1,9.955347748E0,9.981471388E0
6.100409388E1,2.851570129E-1,6.312373352E-1,9.915081482E0,9.939246243E0
6.101412488E1,2.856060791E-1,5.990542603E-1,9.895921326E0,9.918149814E0
6.102415687E1,2.760260010E-1,5.854325867E-1,9.870174866E0,9.891373694E0
6.103418787E1,2.619552612E-1,5.587879944E-1,9.831106110E0,9.850457447E0
6.104421988E1,2.671943665E-1,5.475613403E-1,9.826465759E0,9.845336234E0
6.105425187E1,2.642005920E-1,5.496569824E-1,9.811047821E0,9.829983932E0
6.106428287E1,2.634521484E-1,5.659730530E-1,9.791288910E0,9.811170728E0
6.107431488E1,2.692900085E-1,5.810916138E-1,9.810748444E0,9.831631075E0
6.108434588E1,2.981799316E-1,5.935157776E-1,9.823322296E0,9.845752037E0
6.109437787E1,3.080593872E-1,5.974076843E-1,9.854307861E0,9.877205068E0
6.110440987E1,3.230282593E-1,5.963598633E-1,9.838440857E0,9.861790448E0
6.111444088E1,3.189866638E-1,5.530998230E-1,9.853709106E0,9.874373654E0
6.112447287E1,3.140469360E-1,5.445675659E-1,9.847871246E0,9.867915048E0
6.113450487E1,2.679428101E-1,5.542973328E-1,9.818382568E0,9.837666143E0
6.114453650E1,2.502795410E-1,5.860313416E-1,9.799821167E0,9.820517679E0
6.115456850E1,2.484832764E-1,6.245013428E-1,9.820627899E0,9.843600876E0
6.116459950E1,2.523751831E-1,6.249504089E-1,9.840835876E0,9.863889040E0
6.117463150E1,2.875520325E-1,6.240522766E-1,9.842482452E0,9.866437465E0
6.118466350E1,3.095562744E-1,6.138734436E-1,9.819729767E0,9.843767489E0
6.119469450E1,2.883004761E-1,5.990542603E-1,9.814191284E0,9.836683066E0
6.120472650E1,2.787203979E-1,5.942642212E-1,9.854756927E0,9.876591979E0
6.121475750E1,2.790197754E-1,6.078858948E-1,9.867929535E0,9.890571804E0
6.122478950E1,2.595602417E-1,6.255491638E-1,9.862091675E0,9.885319189E0
6.123482150E1,2.773731995E-1,6.240522766E-1,9.871671753E0,9.895265551E0
6.124485250E1,3.164419556E-1,6.289920044E-1,9.887389069E0,9.912428010E0
6.125488450E1,3.146456909E-1,6.126759338E-1,9.886041870E0,9.910004923E0
6.126491550E1,3.064128113E-1,6.168672180E-1,9.864486694E0,9.888504018E0
6.127494750E1,2.899470520E-1,6.087840271E-1,9.859247589E0,9.882279611E0
6.128497950E1,2.662962341E-1,6.267466736E-1,9.842332764E0,9.865862320E0
6.129501050E1,2.600093079E-1,6.150709534E-1,9.811496887E0,9.834194847E0
6.130504250E1,2.712359619E-1,6.125262451E-1,9.810449066E0,9.833293865E0
6.131507350E1,2.881507874E-1,6.036946106E-1,9.825867004E0,9.848611092E0
6.132510550E1,2.954855347E-1,5.682183838E-1,9.839338989E0,9.860161032E0
6.133513750E1,2.836601257E-1,5.399272156E-1,9.852361908E0,9.871221790E0
6.134516850E1,2.791694641E-1,5.378315735E-1,9.857601013E0,9.876208591E0
6.135520050E1,2.707868958E-1,5.402265930E-1,9.837093658E0,9.855637065E0
6.136523250E1,2.691403198E-1,5.421725464E-1,9.820777588E0,9.839413601E0
6.137526350E1,2.541714478E-1,5.451663208E-1,9.839189301E0,9.857558295E0
6.138529550E1,2.781216431E-1,5.586383057E-1,9.805808716E0,9.825645677E0
6.139532650E1,3.058140564E-1,5.634283447E-1,9.807455292E0,9.828385068E0
6.140535850E1,2.909948730E-1,5.462141418E-1,9.822124786E0,9.841603692E0
6.141539050E1,3.088078308E-1,5.539979553E-1,9.851763153E0,9.872158489E0
6.142542150E1,2.978805542E-1,5.686674500E-1,9.846524048E0,9.867428810E0
6.143545350E1,2.829116821E-1,5.861810303E-1,9.842033386E0,9.863532247E0
6.144548450E1,2.701881409E-1,6.048921204E-1,9.839189301E0,9.861467548E0
6.145551650E1,2.538720703E-1,6.218069458E-1,9.845925293E0,9.868806401E0
6.146554850E1,2.698887634E-1,6.394702148E-1,9.845476227E0,9.869912068E0
6.147557950E1,2.655477905E-1,6.435118103E-1,9.844278717E0,9.868862474E0
6.148561150E1,2.674937439E-1,6.620732117E-1,9.843679962E0,9.869545534E0
6.149564250E1,2.817141724E-1,6.533912659E-1,9.830657043E0,9.856373620E0
6.150567450E1,2.755769348E-1,6.388714600E-1,9.818532257E0,9.843153716E0
6.151570650E1,2.734812927E-1,6.054908752E-1,9.841434631E0,9.863835300E0
6.152573750E1,2.718347168E-1,5.795947266E-1,9.874515839E0,9.895245687E0
6.153576950E1,2.739303589E-1,5.646258545E-1,9.868528290E0,9.888462510E0
6.154580150E1,2.722837830E-1,5.634283447E-1,9.839937744E0,9.859815656E0
6.155583250E1,2.814147949E-1,5.740562439E-1,9.844129028E0,9.864867520E0
6.156586450E1,3.076103210E-1,5.875282288E-1,9.824968872E0,9.847325874E0
6.157589550E1,3.204835510E-1,5.779481506E-1,9.797725525E0,9.819987741E0
6.158592750E1,3.373983765E-1,5.486091614E-1,9.880353699E0,9.901323088E0
6.159595950E1,3.619473267E-1,5.436694336E-1,9.960437164E0,9.981828030E0
6.160599050E1,3.564088440E-1,5.536985779E-1,9.836195526E0,9.858212404E0
6.161602250E1,2.475851440E-1,5.559439087E-1,9.721234589E0,9.740265600E0
6.162605350E1,1.945953369E-1,5.487588501E-1,9.729317780E0,9.746723966E0
6.163608550E1,2.360591125E-1,5.516029358E-1,9.782756653E0,9.801138578E0
6.164611750E1,2.978805542E-1,5.533992004E-1,9.846973114E0,9.867008818E0
6.165614850E1,3.171903992E-1,5.647755432E-1,9.813891907E0,9.835245575E0
6.166618050E1,3.080593872E-1,5.998027039E-1,9.772727509E0,9.795961761E0
6.167621150E1,2.954855347E-1,6.337820435E-1,9.771529999E0,9.796519275E0
6.168624350E1,2.933898926E-1,6.697073364E-1,9.820328522E0,9.847509219E0
6.169627550E1,2.929408264E-1,6.839277649E-1,9.910291443E0,9.938181322E0
6.170630650E1,3.109034729E-1,6.855743408E-1,9.965077515E0,9.993470019E0
6.171633850E1,3.124003601E-1,6.438111877E-1,9.987081757E0,1.001268639E1
6.172636950E1,3.150947571E-1,6.243516541E-1,9.976004791E0,1.000048855E1
6.173640150E1,3.147953796E-1,5.989045715E-1,9.925260315E0,9.948295087E0
6.174643350E1,2.885998535E-1,5.556445312E-1,9.871072998E0,9.890910618E0
6.175646450E1,2.781216431E-1,5.516029358E-1,9.806706848E0,9.826144547E0
6.176649650E1,2.538720703E-1,5.462141418E-1,9.768685913E0,9.787237883E0
6.177652850E1,2.528242493E-1,5.632786560E-1,9.755513306E0,9.775031601E0
6.178655950E1,2.710862732E-1,5.771997070E-1,9.788444824E0,9.809194633E0
6.179659150E1,2.938389587E-1,5.721102905E-1,9.820328522E0,9.841366968E0
6.180662250E1,3.150947571E-1,5.715115356E-1,9.854906616E0,9.876492017E0
6.181665450E1,3.233276367E-1,5.638774109E-1,9.874815216E0,9.896184823E0
6.182668650E1,3.302133179E-1,5.644761658E-1,9.863289185E0,9.884945509E0
6.183671750E1,3.345542908E-1,5.495072937E-1,9.829609222E0,9.850639690E0
6.184674950E1,3.180885315E-1,5.547463989E-1,9.822274475E0,9.843068614E0
6.185678050E1,3.156935120E-1,5.538482666E-1,9.823621674E0,9.844285301E0
6.186681250E1,3.008743286E-1,5.580395508E-1,9.847422180E0,9.867809134E0
6.187684450E1,2.966830444E-1,5.813909912E-1,9.840386810E0,9.862010388E0
6.188687550E1,2.826123047E-1,6.069877625E-1,9.853559418E0,9.876281540E0
6.189690750E1,2.983296204E-1,6.270460510E-1,9.872719574E0,9.897109634E0
6.190693850E1,3.341052246E-1,6.364764404E-1,9.859097900E0,9.885268836E0
6.191697050E1,3.354524231E-1,6.128256226E-1,9.828112335E0,9.852912039E0
6.192700250E1,3.197351074E-1,5.659730530E-1,9.816735992E0,9.838234678E0
6.193703350E1,3.076103210E-1,5.601351929E-1,9.823621674E0,9.844385117E0
6.194706550E1,2.992277527E-1,5.385800171E-1,9.843679962E0,9.862942810E0
6.195709750E1,2.847079468E-1,5.635780334E-1,9.853260040E0,9.873470121E0
6.196712850E1,2.766247559E-1,5.888754272E-1,9.825417938E0,9.846935218E0
6.197716050E1,2.709365845E-1,5.966592407E-1,9.839338989E0,9.861135869E0
6.198719150E1,2.957849121E-1,6.017486572E-1,9.867031403E0,9.889787604E0
6.199722350E1,3.037184143E-1,6.005511475E-1,9.861343231E0,9.884280291E0
6.200725550E1,3.350033569E-1,6.218069458E-1,9.886790314E0,9.911987381E0
6.201728650E1,3.140469360E-1,6.294410706E-1,9.885742493E0,9.910737923E0
6.202731850E1,2.992277527E-1,6.291416931E-1,9.850715332E0,9.875320201E0
6.203734950E1,2.966830444E-1,6.113287354E-1,9.843230896E0,9.866657900E0
6.204738150E1,2.857557678E-1,5.957611084E-1,9.828262024E0,9.850447811E0
6.205741350E1,2.933898926E-1,5.852828979E-1,9.820927277E0,9.842725551E0
6.206744450E1,2.785707092E-1,5.496569824E-1,9.837243347E0,9.856524799E0
6.207747650E1,2.871029663E-1,5.239105225E-1,9.851463776E0,9.869561737E0
6.208750750E1,2.893482971E-1,5.180726624E-1,9.864636383E0,9.882467945E0
6.209753950E1,2.974314880E-1,5.230123901E-1,9.863139496E0,9.881473987E0
6.210757150E1,2.984793091E-1,5.502557373E-1,9.823471985E0,9.843397437E0
6.211760250E1,3.091072083E-1,5.565426636E-1,9.827962646E0,9.848560138E0
6.212763450E1,3.249742126E-1,5.475613403E-1,9.826016693E0,9.846625600E0
6.213766650E1,3.306623840E-1,5.522016907E-1,9.821526031E0,9.842593048E0
6.214769717E1,3.044668579E-1,5.444178772E-1,9.823022919E0,9.842808042E0
6.215772917E1,2.954855347E-1,5.307962036E-1,9.853709106E0,9.872418116E0
6.216776017E1,3.020718384E-1,5.292993164E-1,9.885293427E0,9.904061353E0
6.217779217E1,3.038681030E-1,5.691165161E-1,9.867330780E0,9.888399575E0
6.218782417E1,2.954855347E-1,6.206094360E-1,9.831854553E0,9.855852664E0
6.219785517E1,2.790197754E-1,6.505471802E-1,9.795330505E0,9.820873860E0
6.220788717E1,2.570155334E-1,6.503974915E-1,9.766290894E0,9.791297754E0
6.221791817E1,2.513273621E-1,6.396199036E-1,9.774224396E0,9.798354025E0
6.222795017E1,2.615061951E-1,6.084846497E-1,9.816286926E0,9.838603970E0
6.223798217E1,2.848576355E-1,6.057902527E-1,9.872120819E0,9.894791315E0
6.224801317E1,3.059637451E-1,5.921685791E-1,9.887239380E0,9.909681125E0
6.225804517E1,3.294648743E-1,5.858816528E-1,9.877210236E0,9.900054871E0
6.226807617E1,3.243754578E-1,5.846841431E-1,9.880353699E0,9.902952297E0
6.227810817E1,3.174897766E-1,5.834866333E-1,9.843530273E0,9.865918338E0
6.228814017E1,3.013233948E-1,5.605842590E-1,9.849817200E0,9.870357104E0
6.229817117E1,3.338058472E-1,5.328918457E-1,9.929900665E0,9.949790314E0
6.230820317E1,3.781137085E-1,5.384303284E-1,9.913285217E0,9.935094413E0
6.231823517E1,3.336561584E-1,5.394781494E-1,9.745633850E0,9.766255283E0
6.232826617E1,2.576142883E-1,5.215155029E-1,9.721234589E0,9.738621333E0
6.233829817E1,2.544708252E-1,5.105882263E-1,9.757758636E0,9.774421177E0
6.234832917E1,2.790197754E-1,5.037025452E-1,9.800419922E0,9.817321373E0
6.235836117E1,2.971321106E-1,5.081932068E-1,9.800569611E0,9.818233676E0
6.236839317E1,2.788700867E-1,5.616320801E-1,9.756860504E0,9.776989619E0
6.237842417E1,2.869532776E-1,6.397695923E-1,9.743089142E0,9.768287124E0
6.238845617E1,3.174897766E-1,6.891668701E-1,9.763147430E0,9.792588957E0
6.239848717E1,3.403921509E-1,7.128176880E-1,9.848919067E0,9.880545667E0
6.240851917E1,3.400927734E-1,7.282356262E-1,9.937235413E0,9.969685946E0
6.241855117E1,3.321592712E-1,6.879693604E-1,9.965077515E0,9.994318461E0
6.242858217E1,2.965333557E-1,6.201603699E-1,9.991871796E0,1.001548965E1
6.243861417E1,2.796185303E-1,5.749543762E-1,9.983788605E0,1.000423880E1
6.244864517E1,2.715353394E-1,5.522016907E-1,9.920021210E0,9.939088437E0
6.245867717E1,2.722837830E-1,5.522016907E-1,9.858499146E0,9.877705734E0
6.246870917E1,2.844085693E-1,5.541476440E-1,9.783205719E0,9.803013924E0
6.247874017E1,3.159928894E-1,5.860313416E-1,9.763746185E0,9.786420378E0
6.248877217E1,3.385958862E-1,5.842350769E-1,9.784702606E0,9.807975474E0
6.249880417E1,3.303630066E-1,5.771997070E-1,9.835896149E0,9.858354440E0
6.250883517E1,3.369493103E-1,5.740562439E-1,9.874964905E0,9.897373757E0
6.251886717E1,3.353027344E-1,5.730084229E-1,9.885592804E0,9.907861104E0
6.252889817E1,3.155438232E-1,5.638774109E-1,9.872869263E0,9.893991769E0
6.253893017E1,3.213816833E-1,5.655239868E-1,9.837842102E0,9.859322532E0
6.254896217E1,2.986289978E-1,5.662724304E-1,9.810299377E0,9.831165629E0
6.255899317E1,3.146456909E-1,5.704637146E-1,9.790241089E0,9.811893362E0
6.256902517E1,3.167413330E-1,6.024971008E-1,9.824070740E0,9.847623760E0
6.257905617E1,3.291654968E-1,6.152206421E-1,9.825717316E0,9.850460250E0
6.258908817E1,3.100053406E-1,6.279441833E-1,9.819879456E0,9.844818420E0
6.259912017E1,3.005749512E-1,6.412664795E-1,9.819580078E0,9.845086130E0
6.260915117E1,3.046165466E-1,6.644682312E-1,9.818831635E0,9.846002434E0
6.261918317E1,3.246748352E-1,6.619235229E-1,9.820178833E0,9.847815433E0
6.262921417E1,3.698808289E-1,6.231541443E-1,9.848619690E0,9.875243932E0
6.263924617E1,3.794609070E-1,5.771997070E-1,9.870025177E0,9.894167326E0
6.264927817E1,3.613485718E-1,5.445675659E-1,9.845027161E0,9.866695821E0
6.265930917E1,3.106040955E-1,5.426216125E-1,9.822723541E0,9.842601835E0
6.266934117E1,2.618055725E-1,5.574407959E-1,9.836045837E0,9.855307205E0
6.267937317E1,2.710862732E-1,5.731581116E-1,9.820777588E0,9.841223014E0
6.268940417E1,3.031196594E-1,6.152206421E-1,9.835896149E0,9.859778446E0
6.269943617E1,3.257226562E-1,6.539900208E-1,9.866881714E0,9.893894731E0
6.270946717E1,3.505709839E-1,6.535409546E-1,9.901609497E0,9.929344713E0
6.271949917E1,3.459306335E-1,6.547384644E-1,9.928403778E0,9.955980717E0
6.272953117E1,3.251239014E-1,6.409671021E-1,9.891879730E0,9.917954879E0
6.273956217E1,3.074606323E-1,6.093827820E-1,9.869576111E0,9.893149752E0
6.274959417E1,2.945874023E-1,6.033952332E-1,9.849517822E0,9.872379089E0
6.275962517E1,2.610571289E-1,5.786965942E-1,9.840835876E0,9.861292579E0
6.276965717E1,2.866539001E-1,5.617817688E-1,9.801916809E0,9.822186230E0
6.277968917E1,3.005749512E-1,5.391787720E-1,9.793384552E0,9.812820188E0
6.278972017E1,3.115022278E-1,5.260061646E-1,9.797426147E0,9.816479778E0
6.279975217E1,3.110531616E-1,5.385800171E-1,9.814939728E0,9.834625787E0
6.280978317E1,2.987786865E-1,5.436694336E-1,9.822873230E0,9.842442972E0
6.281981517E1,3.113525391E-1,5.664221191E-1,9.807754669E0,9.829029762E0
6.282984717E1,3.104544067E-1,5.933660889E-1,9.805659027E0,9.828500100E0
6.283987817E1,3.170407104E-1,6.114784241E-1,9.836644592E0,9.860730070E0
6.284991017E1,3.275189209E-1,6.200106812E-1,9.832902374E0,9.857872539E0
6.285994217E1,3.061134338E-1,5.974076843E-1,9.873318329E0,9.896111165E0
6.286997317E1,3.062631226E-1,6.066883850E-1,9.887838135E0,9.911165970E0
6.288000517E1,3.005749512E-1,5.948629761E-1,9.873018951E0,9.895489401E0
6.289003617E1,3.028202820E-1,6.074368286E-1,9.863289185E0,9.886614848E0
6.290006817E1,3.224295044E-1,6.271957397E-1,9.871821442E0,9.896979027E0
6.291010017E1,3.261717224E-1,6.499484253E-1,9.814640350E0,9.841543891E0
6.292013117E1,3.164419556E-1,6.478527832E-1,9.762848053E0,9.789435676E0
6.293016317E1,2.953358459E-1,6.306385803E-1,9.756112061E0,9.780933024E0
6.294019417E1,2.820135498E-1,6.057902527E-1,9.795480194E0,9.818245551E0
6.295022617E1,2.769241333E-1,5.849835205E-1,9.888137512E0,9.909296451E0
6.296025817E1,2.968327332E-1,5.706134033E-1,9.928852844E0,9.949664725E0
6.297028917E1,3.132984924E-1,5.749543762E-1,9.887538757E0,9.909195283E0
6.298032117E1,3.245251465E-1,5.882766724E-1,9.895023193E0,9.917805705E0
6.299035317E1,3.555107117E-1,5.996530151E-1,9.864187317E0,9.888789766E0
6.300038417E1,3.478765869E-1,5.881269836E-1,9.840835876E0,9.864530512E0
6.301041617E1,3.525169373E-1,5.893244934E-1,9.851613464E0,9.875518184E0
6.302044717E1,3.742218018E-1,5.730084229E-1,9.870324554E0,9.894022813E0
6.303047917E1,3.564088440E-1,6.056405640E-1,9.764344940E0,9.789599576E0
6.304051117E1,2.848576355E-1,5.812413025E-1,9.703721008E0,9.725285946E0
6.305054217E1,2.438429260E-1,5.429209900E-1,9.778116302E0,9.796212584E0
6.306057417E1,2.727328491E-1,4.917274475E-1,9.854158173E0,9.870188062E0
6.307060517E1,2.956352234E-1,4.701722717E-1,9.883946228E0,9.899538130E0
6.308063717E1,2.848576355E-1,5.146298218E-1,9.843979340E0,9.861537252E0
6.309066917E1,2.797682190E-1,6.125262451E-1,9.739945679E0,9.763196223E0
6.310070017E1,3.156935120E-1,7.048841858E-1,9.683213654E0,9.713966789E0
6.311073217E1,3.360511780E-1,7.578739929E-1,9.738299103E0,9.773524073E0
6.312076317E1,3.522175598E-1,7.668553162E-1,9.848919067E0,9.885005366E0
6.313079517E1,3.631448364E-1,7.399113464E-1,9.954150238E0,9.988215553E0
6.314082717E1,3.559597778E-1,6.927593994E-1,1.003932312E1,1.006949014E1
6.315085854E1,3.221301270E-1,6.325845337E-1,1.001447479E1,1.003960340E1
6.316089054E1,2.862048340E-1,5.930667114E-1,9.935888214E0,9.957686274E0
6.317092154E1,2.859054565E-1,5.548960876E-1,9.840087433E0,9.859866748E0
6.318095354E1,2.782713318E-1,5.593867493E-1,9.762548676E0,9.782520386E0
6.319098554E1,3.025209045E-1,5.932164001E-1,9.734257507E0,9.757007421E0
6.320101654E1,3.326083374E-1,5.932164001E-1,9.773475952E0,9.797110094E0
6.321104854E1,3.746708679E-1,6.002517700E-1,9.855355682E0,9.880724471E0
6.322108054E1,3.984713745E-1,5.944139099E-1,9.927056580E0,9.952816670E0
6.323111154E1,4.126918030E-1,5.825885010E-1,9.965227203E0,9.990769595E0
6.324114354E1,3.944297791E-1,5.595364380E-1,9.943522339E0,9.967060368E0
6.325117454E1,3.514691162E-1,5.526507568E-1,9.865534515E0,9.887250612E0
6.326120654E1,2.980302429E-1,5.522016907E-1,9.792935486E0,9.813018606E0
6.327123854E1,2.766247559E-1,5.692662048E-1,9.741741943E0,9.762280541E0
6.328126954E1,2.790197754E-1,5.888754272E-1,9.735005951E0,9.756790823E0
6.329130154E1,2.842588806E-1,6.174659729E-1,9.788594513E0,9.812168460E0
6.330133254E1,3.107537842E-1,6.643185425E-1,9.818232880E0,9.845587028E0
6.331136454E1,3.119512939E-1,6.759942627E-1,9.862989807E0,9.891048973E0
6.332139654E1,3.246748352E-1,6.976991272E-1,9.896669769E0,9.926543726E0
6.333142754E1,3.318598938E-1,6.944059753E-1,9.894723816E0,9.924610322E0
6.334145954E1,3.665876770E-1,6.384223938E-1,9.908046112E0,9.935358445E0
6.335149154E1,3.721261597E-1,6.301895142E-1,9.852810974E0,9.879954494E0
6.336152254E1,3.787124634E-1,6.048921204E-1,9.791588287E0,9.817561754E0
6.337155454E1,3.303630066E-1,5.843847656E-1,9.758507080E0,9.781569695E0
6.338158554E1,2.978805542E-1,5.674699402E-1,9.779762878E0,9.800740631E0
6.339161754E1,2.862048340E-1,5.719606018E-1,9.840386810E0,9.861149259E0
6.340164954E1,2.956352234E-1,5.915698242E-1,9.866732025E0,9.888870304E0
6.341168054E1,3.185375977E-1,6.212081909E-1,9.892777863E0,9.917379677E0
6.342171254E1,3.381468201E-1,6.409671021E-1,9.924661560E0,9.951084824E0
6.343174354E1,3.544628906E-1,6.520440674E-1,9.935289459E0,9.962970543E0
6.344177554E1,3.480262756E-1,6.670129395E-1,9.916129303E0,9.944629149E0
6.345180754E1,3.312611389E-1,6.477030945E-1,9.868528290E0,9.895307163E0
6.346183854E1,3.011737061E-1,6.188131714E-1,9.833950195E0,9.858002424E0
6.347187054E1,2.923420715E-1,5.944139099E-1,9.820777588E0,9.843092208E0
6.348190254E1,2.941383362E-1,5.629792786E-1,9.810449066E0,9.830990485E0
6.349193354E1,2.998265076E-1,5.468128967E-1,9.807006226E0,9.826813898E0
6.350196554E1,3.210823059E-1,5.436694336E-1,9.821376343E0,9.841651465E0
6.351199654E1,3.357518005E-1,5.511538696E-1,9.834548950E0,9.855701543E0
6.352202854E1,3.412902832E-1,5.502557373E-1,9.843081207E0,9.864355432E0
6.353206054E1,3.356021118E-1,5.861810303E-1,9.817484436E0,9.840692945E0
6.354209154E1,3.257226562E-1,5.941145325E-1,9.799222412E0,9.822618144E0
6.355212354E1,3.387455750E-1,6.119274902E-1,9.775571594E0,9.800561403E0
6.356215454E1,3.306623840E-1,6.198609924E-1,9.771829376E0,9.797051323E0
6.357218654E1,3.227288818E-1,6.256988525E-1,9.832902374E0,9.858073954E0
6.358221854E1,3.388952637E-1,6.297404480E-1,9.854457550E0,9.880372292E0
6.359224954E1,3.335064697E-1,6.300398254E-1,9.881551208E0,9.907231250E0
6.360228154E1,3.162922668E-1,6.466552734E-1,9.906848602E0,9.932967989E0
6.361231254E1,3.176394653E-1,6.267466736E-1,9.897118835E0,9.922029403E0
6.362234454E1,3.173400879E-1,6.324348450E-1,9.879006500E0,9.904314615E0
6.363237654E1,3.239263916E-1,6.390211487E-1,9.859696655E0,9.885691401E0
6.364240754E1,3.010240173E-1,6.366261292E-1,9.829010468E0,9.854204943E0
6.365243954E1,2.883004761E-1,6.167175293E-1,9.806257782E0,9.829860089E0
6.366247154E1,3.091072083E-1,5.936654663E-1,9.811347198E0,9.834150690E0
6.367250254E1,2.966830444E-1,5.926176453E-1,9.841734009E0,9.864022749E0
6.368253454E1,3.323089600E-1,5.773493958E-1,9.863438873E0,9.885908556E0
6.369256554E1,3.606001282E-1,5.927673340E-1,9.853709106E0,9.878106535E0
6.370259754E1,3.483256531E-1,6.089337158E-1,9.811646576E0,9.836693528E0
6.371262954E1,3.234773254E-1,6.001020813E-1,9.789193268E0,9.812902981E0
6.372266054E1,2.938389587E-1,5.721102905E-1,9.779613190E0,9.800739036E0
6.373269254E1,2.733316040E-1,5.647755432E-1,9.792935486E0,9.813015184E0
6.374272354E1,2.676434326E-1,5.635780334E-1,9.812844086E0,9.832657945E0
6.375275554E1,2.890489197E-1,5.656736755E-1,9.816286926E0,9.836819862E0
6.376278754E1,3.255729675E-1,5.783972168E-1,9.805209961E0,9.827648929E0
6.377281854E1,3.367996216E-1,5.830375671E-1,9.843530273E0,9.866532067E0
6.378285054E1,3.417393494E-1,5.953120422E-1,9.897717590E0,9.921491607E0
6.379288254E1,3.628454590E-1,5.998027039E-1,9.960437164E0,9.985075293E0
6.380291354E1,3.845503235E-1,6.131250000E-1,9.974507904E0,1.000073043E1
6.381294554E1,3.980223083E-1,6.213578796E-1,9.863588562E0,9.891151940E0
6.382297654E1,3.498225403E-1,6.253994751E-1,9.720336456E0,9.746714376E0
6.383300854E1,2.823129272E-1,5.703140259E-1,9.708061981E0,9.728896449E0
6.384304054E1,2.543211365E-1,5.177732849E-1,9.775721283E0,9.792726639E0
6.385307154E1,2.793191528E-1,4.695735168E-1,9.834249573E0,9.849415370E0
6.386310354E1,3.050656128E-1,4.550537109E-1,9.892478485E0,9.907636927E0
6.387313454E1,3.170407104E-1,4.986131287E-1,9.873318329E0,9.890982999E0
6.388316654E1,3.438349915E-1,6.038442993E-1,9.832303619E0,9.856827324E0
6.389319854E1,3.839515686E-1,7.003935242E-1,9.770631866E0,9.803224825E0
6.390322954E1,3.867956543E-1,7.692503357E-1,9.777667236E0,9.815504752E0
6.391326154E1,3.757186890E-1,7.848179626E-1,9.832752686E0,9.871176685E0
6.392329254E1,3.760180664E-1,7.586224365E-1,9.912087708E0,9.948184775E0
6.393332454E1,3.598516846E-1,6.948550415E-1,9.972861328E0,1.000351337E1
6.394335654E1,3.344046021E-1,6.093827820E-1,9.994117126E0,1.001826087E1
6.395338754E1,3.050656128E-1,5.487588501E-1,9.942324829E0,9.962129507E0
6.396341954E1,2.716850281E-1,5.263055420E-1,9.887089691E0,9.904814629E0
6.397345154E1,2.773731995E-1,5.403762817E-1,9.802365875E0,9.821166895E0
6.398348254E1,2.981799316E-1,5.640270996E-1,9.745184784E0,9.766046504E0
6.399351454E1,3.183879089E-1,5.821394348E-1,9.752968597E0,9.775512961E0
6.400354554E1,3.676354980E-1,5.839356995E-1,9.804162140E0,9.828414522E0
6.401357754E1,4.049079895E-1,5.758525085E-1,9.870923309E0,9.895993309E0
6.402360954E1,4.272116089E-1,5.655239868E-1,9.933792572E0,9.959044231E0
6.403364054E1,4.180805969E-1,5.655239868E-1,9.918224945E0,9.943128020E0
6.404367254E1,3.827540588E-1,5.620811462E-1,9.865684204E0,9.889093017E0
6.405370354E1,3.417393494E-1,5.653742981E-1,9.812993774E0,9.835206185E0
6.406373554E1,3.074606323E-1,5.792953491E-1,9.792785797E0,9.814722044E0
6.407376754E1,2.981799316E-1,5.951623535E-1,9.812694397E0,9.835247878E0
6.408379854E1,3.168910217E-1,6.132746887E-1,9.831106110E0,9.855311923E0
6.409383054E1,3.228785706E-1,6.270460510E-1,9.814640350E0,9.839949315E0
6.410386154E1,3.249742126E-1,6.450086975E-1,9.824669495E0,9.851181408E0
6.411389354E1,3.248245239E-1,6.641688538E-1,9.851314087E0,9.879019206E0
6.412392554E1,3.565585327E-1,6.459068298E-1,9.857002258E0,9.884575011E0
6.413395654E1,3.673361206E-1,6.018983459E-1,9.882748718E0,9.907872611E0
6.414398854E1,3.736230469E-1,6.087840271E-1,9.861941986E0,9.887775883E0
6.415402025E1,3.695814514E-1,5.876779175E-1,9.806257782E0,9.830800958E0
6.416405125E1,3.338058472E-1,5.872288513E-1,9.789342957E0,9.812619405E0
6.417408325E1,3.128494263E-1,5.933660889E-1,9.796827393E0,9.819765020E0
6.418411425E1,3.198847961E-1,5.842350769E-1,9.793534241E0,9.816158609E0
6.419414625E1,3.350033569E-1,6.150709534E-1,9.807455292E0,9.832431989E0
6.420417825E1,3.329077148E-1,6.373745728E-1,9.871671753E0,9.897826887E0
6.421420925E1,3.445834351E-1,6.509962463E-1,9.924811249E0,9.952105917E0
6.422424125E1,3.486250305E-1,6.345304871E-1,9.973310394E0,9.999554419E0
6.423427225E1,3.754193115E-1,6.647676086E-1,9.967023468E0,9.996219908E0
6.424430425E1,3.604504395E-1,6.210585022E-1,9.901310120E0,9.927314857E0
6.425433625E1,3.381468201E-1,5.897735596E-1,9.841284943E0,9.864738488E0
6.426436725E1,3.144960022E-1,5.761518860E-1,9.782157898E0,9.804155847E0
6.427439925E1,3.170407104E-1,5.442681885E-1,9.771829376E0,9.792108661E0
6.428443125E1,3.168910217E-1,5.231620789E-1,9.813891907E0,9.832934091E0
6.429446225E1,3.206332397E-1,5.134323120E-1,9.827812958E0,9.846437221E0
6.430449425E1,3.356021118E-1,5.239105225E-1,9.852511597E0,9.872137346E0
6.431452525E1,3.290158081E-1,5.234614563E-1,9.846823425E0,9.866214820E0
6.432455725E1,3.029699707E-1,5.345384216E-1,9.800270233E0,9.819512145E0
6.433458925E1,2.995271301E-1,5.593867493E-1,9.776320038E0,9.796890503E0
6.434462025E1,2.980302429E-1,5.755531311E-1,9.775721283E0,9.797183781E0
6.435465225E1,2.980302429E-1,5.849835205E-1,9.814340973E0,9.836275539E0
6.436468325E1,3.339555359E-1,5.857319641E-1,9.871072998E0,9.894073497E0
6.437471525E1,3.637435913E-1,6.146218872E-1,9.856104126E0,9.881946064E0
6.438474725E1,3.429368591E-1,6.239025879E-1,9.835746460E0,9.861479025E0
6.439477825E1,3.360511780E-1,6.237528992E-1,9.825118561E0,9.850632102E0
6.440481025E1,3.198847961E-1,6.197113037E-1,9.818681946E0,9.843418285E0
6.441484225E1,3.025209045E-1,6.283932495E-1,9.846673737E0,9.871341380E0
6.442487325E1,3.146456909E-1,6.346801758E-1,9.859546967E0,9.884962682E0
6.443490525E1,3.376977539E-1,6.197113037E-1,9.881551208E0,9.906721767E0
6.444493625E1,3.585044861E-1,6.218069458E-1,9.889634399E0,9.915646116E0
6.445496825E1,3.824546814E-1,6.126759338E-1,9.891430664E0,9.917764061E0
6.446500025E1,3.700305176E-1,5.915698242E-1,9.880802765E0,9.905409669E0
6.447503125E1,3.603007507E-1,5.691165161E-1,9.838590546E0,9.861621275E0
6.448506325E1,3.698808289E-1,5.668711853E-1,9.804611206E0,9.827947684E0
6.449509425E1,3.676354980E-1,5.703140259E-1,9.790241089E0,9.813726842E0
6.450512625E1,3.577560425E-1,5.733078003E-1,9.794432373E0,9.817717491E0
6.451515825E1,3.543132019E-1,5.604345703E-1,9.848919067E0,9.871212263E0
6.452518925E1,3.445834351E-1,5.581892395E-1,9.851463776E0,9.873279673E0
6.453522125E1,3.231779480E-1,5.574407959E-1,9.849218445E0,9.870272955E0
6.454525325E1,3.234773254E-1,5.456153870E-1,9.834399261E0,9.854833462E0
6.455528425E1,2.905458069E-1,5.584886169E-1,9.829010468E0,9.849150886E0
6.456531625E1,3.041674805E-1,5.798941040E-1,9.830657043E0,9.852441978E0
6.457534725E1,3.326083374E-1,5.914201355E-1,9.836345215E0,9.859720750E0
6.458537925E1,3.766168213E-1,6.231541443E-1,9.830806732E0,9.857734137E0
6.459541125E1,3.600013733E-1,6.460565186E-1,9.827363892E0,9.855154543E0
6.460544225E1,3.243754578E-1,6.267466736E-1,9.817484436E0,9.842816237E0
6.461547425E1,3.023712158E-1,5.981561279E-1,9.797725525E0,9.820623431E0
6.462550525E1,2.968327332E-1,5.810916138E-1,9.815688171E0,9.837352866E0
6.463553725E1,3.037184143E-1,5.547463989E-1,9.870324554E0,9.890565972E0
6.464556925E1,3.011737061E-1,5.513035583E-1,9.857451324E0,9.877448447E0
6.465560025E1,3.118016052E-1,5.676196289E-1,9.843081207E0,9.864363129E0
6.466563225E1,3.393443298E-1,5.843847656E-1,9.868528290E0,9.891638425E0
6.467566325E1,3.608995056E-1,6.014492798E-1,9.891131287E0,9.915970342E0
6.468569525E1,3.875440979E-1,5.941145325E-1,9.928254089E0,9.953561763E0
6.469572725E1,4.131408691E-1,6.192622375E-1,9.905052338E0,9.932987109E0
6.470575825E1,3.908372498E-1,6.074368286E-1,9.823621674E0,9.850140915E0
6.471579025E1,3.076103210E-1,5.819897461E-1,9.737400970E0,9.759626726E0
6.472582225E1,2.504292297E-1,5.539979553E-1,9.728868713E0,9.747846684E0
6.473585325E1,2.625540161E-1,5.252577209E-1,9.781858521E0,9.799468679E0
6.474588525E1,3.192860413E-1,4.830455017E-1,9.830806732E0,9.847844309E0
6.475591625E1,3.484753418E-1,4.863386536E-1,9.850415955E0,9.868569037E0
6.476594825E1,3.513194275E-1,5.212161255E-1,9.835447083E0,9.855511702E0
6.477598025E1,3.489244080E-1,5.825885010E-1,9.774823151E0,9.798383807E0
6.478601125E1,3.574566650E-1,6.628216553E-1,9.744136963E0,9.773193591E0
6.479604325E1,3.469784546E-1,7.388635254E-1,9.767338715E0,9.801388622E0
6.480607425E1,3.577560425E-1,7.418572998E-1,9.850116577E0,9.884489781E0
6.481610625E1,3.787124634E-1,7.219487000E-1,9.949060822E0,9.982406738E0
6.482613825E1,3.685336304E-1,6.661148071E-1,9.976753235E0,1.000575490E1
6.483616925E1,3.779640198E-1,6.004014587E-1,1.000205063E1,1.002718083E1
6.484620125E1,3.429368591E-1,5.590873718E-1,9.952503662E0,9.974092115E0
6.485623325E1,3.206332397E-1,5.231620789E-1,9.882149963E0,9.901181350E0
6.486626425E1,3.037184143E-1,5.285508728E-1,9.817783813E0,9.836691004E0
6.487629625E1,2.995271301E-1,5.620811462E-1,9.767189026E0,9.787933039E0
6.488632725E1,3.294648743E-1,5.825885010E-1,9.778715057E0,9.801592964E0
6.489635925E1,3.418890381E-1,6.014492798E-1,9.799222412E0,9.823613858E0
6.490639125E1,3.562591553E-1,6.149212646E-1,9.820328522E0,9.846009396E0
6.491642225E1,3.794609070E-1,6.075865173E-1,9.842931519E0,9.868964122E0
6.492645425E1,3.716770935E-1,6.074368286E-1,9.839937744E0,9.865672718E0
6.493648525E1,3.477268982E-1,5.673202515E-1,9.836794281E0,9.859274212E0
6.494651725E1,3.390449524E-1,5.477110291E-1,9.860894165E0,9.881911383E0
6.495654925E1,3.258723450E-1,5.493576050E-1,9.875264282E0,9.895899717E0
6.496658025E1,3.438349915E-1,5.685177612E-1,9.898615723E0,9.920888477E0
6.497661225E1,3.635939026E-1,6.008505249E-1,9.890083466E0,9.914987284E0
6.498664425E1,3.507206726E-1,6.210585022E-1,9.816586304E0,9.842463376E0
6.499667525E1,3.216810608E-1,6.584806824E-1,9.783654785E0,9.811063983E0
6.500670725E1,2.999761963E-1,6.782395935E-1,9.791288910E0,9.819334661E0
6.501673825E1,3.044668579E-1,6.845265198E-1,9.776769104E0,9.805431696E0
6.502677025E1,3.471281433E-1,6.423143005E-1,9.820478210E0,9.847581322E0
6.503680225E1,3.894900513E-1,5.911207581E-1,9.903106384E0,9.928375613E0
6.504683325E1,4.153862000E-1,5.668711853E-1,9.887987823E0,9.912930537E0
6.505686525E1,3.890409851E-1,5.475613403E-1,9.863738251E0,9.886582250E0
6.506689625E1,3.432362366E-1,5.539979553E-1,9.843380585E0,9.864931129E0
6.507692825E1,3.141966248E-1,5.607339478E-1,9.852661285E0,9.873605040E0
6.508696025E1,3.002755737E-1,5.866300964E-1,9.829908600E0,9.851974593E0
6.509699125E1,2.924917603E-1,6.349795532E-1,9.826166382E0,9.851004833E0
6.510702325E1,3.164419556E-1,6.502478027E-1,9.860295410E0,9.886778206E0
6.511705525E1,3.544628906E-1,6.465055847E-1,9.895921326E0,9.923349853E0
6.512708625E1,3.752696228E-1,6.453080750E-1,9.896370392E0,9.924484709E0
6.513711825E1,3.739224243E-1,6.411167908E-1,9.884544983E0,9.912369961E0
6.514714954E1,3.312611389E-1,6.177653503E-1,9.817484436E0,9.842477768E0
6.515718154E1,2.992277527E-1,5.945635986E-1,9.783205719E0,9.805822620E0
6.516721354E1,3.025209045E-1,5.780978394E-1,9.812993774E0,9.834661297E0
6.517724454E1,3.149450684E-1,5.625302124E-1,9.830058289E0,9.851176407E0
6.518727654E1,3.338058472E-1,5.577401733E-1,9.844727783E0,9.866162657E0
6.519730754E1,3.365002441E-1,5.602848816E-1,9.851613464E0,9.873268933E0
6.520733954E1,3.496728516E-1,5.673202515E-1,9.846374359E0,9.868901225E0
6.521737154E1,3.513194275E-1,5.816903687E-1,9.839488678E0,9.862926871E0
6.522740254E1,3.272195435E-1,5.834866333E-1,9.825118561E0,9.847866978E0
6.523743454E1,3.049159241E-1,5.760021973E-1,9.785750427E0,9.807429004E0
6.524746654E1,3.085084534E-1,5.839356995E-1,9.802365875E0,9.824588293E0
6.525749754E1,3.348536682E-1,5.974076843E-1,9.841734009E0,9.865533499E0
6.526752954E1,3.296145630E-1,6.044430542E-1,9.849368134E0,9.873401126E0
6.527756054E1,3.254232788E-1,5.978567505E-1,9.854607239E0,9.878087711E0
6.528759254E1,3.323089600E-1,6.234535217E-1,9.846074982E0,9.871388762E0
6.529762454E1,3.233276367E-1,6.126759338E-1,9.860894165E0,9.885198344E0
6.530765554E1,3.107537842E-1,6.230044556E-1,9.825417938E0,9.850052798E0
6.531768754E1,3.070115662E-1,6.448590088E-1,9.792935486E0,9.818945191E0
6.532771854E1,3.082090759E-1,6.414161682E-1,9.795929260E0,9.821743104E0
6.533775054E1,3.125500488E-1,6.480024719E-1,9.806257782E0,9.832613408E0
6.534778254E1,3.391946411E-1,6.454577637E-1,9.847721558E0,9.874679165E0
6.535781354E1,3.595523071E-1,6.340814209E-1,9.874665527E0,9.901533032E0
6.536784554E1,3.535647583E-1,6.279441833E-1,9.874665527E0,9.900926281E0
6.537787654E1,3.462300110E-1,6.150709534E-1,9.864486694E0,9.889706024E0
6.538790854E1,3.426374817E-1,6.020480347E-1,9.843230896E0,9.867576032E0
6.539794054E1,3.186872864E-1,6.030958557E-1,9.848020935E0,9.871616004E0
6.540797154E1,3.365002441E-1,5.849835205E-1,9.835297394E0,9.858423452E0
6.541800354E1,3.324586487E-1,5.891748047E-1,9.822124786E0,9.845394407E0
6.542803554E1,3.471281433E-1,5.930667114E-1,9.822274475E0,9.846283661E0
6.543806654E1,3.474275208E-1,6.035449219E-1,9.821076965E0,9.845736393E0
6.544809854E1,3.522175598E-1,6.015989685E-1,9.834249573E0,9.858927081E0
6.545812954E1,3.433859253E-1,5.960604858E-1,9.847721558E0,9.871718284E0
6.546816154E1,3.144960022E-1,6.017486572E-1,9.854906616E0,9.878268755E0
6.547819354E1,2.890489197E-1,5.854325867E-1,9.845326538E0,9.866951669E0
6.548822454E1,2.918930054E-1,5.968089294E-1,9.854906616E0,9.877275274E0
6.549825654E1,3.150947571E-1,6.102809143E-1,9.849966888E0,9.873883491E0
6.550828754E1,3.203338623E-1,6.423143005E-1,9.825867004E0,9.852047697E0
6.551831954E1,3.381468201E-1,6.756948853E-1,9.810898132E0,9.839950661E0
6.552835154E1,3.198847961E-1,6.777905273E-1,9.797875214E0,9.826499121E0
6.553838254E1,3.124003601E-1,6.746470642E-1,9.790390778E0,9.818579033E0
6.554841454E1,3.082090759E-1,6.328839111E-1,9.830956421E0,9.856126979E0
6.555844654E1,2.956352234E-1,5.963598633E-1,9.893675995E0,9.916041043E0
6.556847754E1,3.171903992E-1,5.942642212E-1,9.908944244E0,9.931814323E0
6.557850954E1,3.302133179E-1,6.093827820E-1,9.879754944E0,9.904036852E0
6.558854054E1,3.273692322E-1,6.385720825E-1,9.831704865E0,9.857858056E0
6.559857254E1,3.399430847E-1,6.608757019E-1,9.821675720E0,9.849752888E0
6.560860454E1,3.540138245E-1,6.635700989E-1,9.811646576E0,9.840429848E0
6.561863554E1,3.608995056E-1,6.294410706E-1,9.873767395E0,9.900390249E0
6.562866754E1,3.902384949E-1,6.036946106E-1,9.949659576E0,9.975593163E0
6.563869854E1,3.617976379E-1,5.881269836E-1,9.852212219E0,9.876379726E0
6.564873054E1,2.778222656E-1,5.664221191E-1,9.744136963E0,9.764539128E0
6.565876254E1,2.423460388E-1,5.396278381E-1,9.748927002E0,9.766857606E0
6.566879354E1,2.914439392E-1,5.414241028E-1,9.776769104E0,9.796085634E0
6.567882554E1,3.210823059E-1,5.505551147E-1,9.818232880E0,9.838897380E0
6.568885754E1,3.423381042E-1,5.707630920E-1,9.813592529E0,9.836135634E0
6.569888854E1,3.224295044E-1,6.089337158E-1,9.765692139E0,9.789969561E0
6.570892054E1,3.044668579E-1,6.834786987E-1,9.739346924E0,9.768045951E0
6.571895154E1,3.043171692E-1,7.367678833E-1,9.752220154E0,9.784744952E0
6.572898354E1,3.255729675E-1,7.762857056E-1,9.800868988E0,9.836953297E0
6.573901554E1,3.397933960E-1,7.711962891E-1,9.877509613E0,9.913394949E0
6.574904654E1,3.680845642E-1,7.490423584E-1,9.940827942E0,9.975801265E0
6.575907854E1,3.824546814E-1,7.080276489E-1,9.983040161E0,1.001542139E1
6.576910954E1,3.742218018E-1,6.457571411E-1,9.986932068E0,1.001478189E1
6.577914154E1,3.685336304E-1,6.014492798E-1,9.935738525E0,9.960745872E0
6.578917354E1,3.412902832E-1,5.664221191E-1,9.896071014E0,9.918141691E0
6.579920454E1,3.158432007E-1,5.727090454E-1,9.833650818E0,9.855376248E0
6.580923654E1,3.067121887E-1,6.010002136E-1,9.811047821E0,9.834222540E0
6.581926854E1,3.070115662E-1,6.050418091E-1,9.799970856E0,9.823429160E0
6.582929954E1,3.411405945E-1,6.170169067E-1,9.812993774E0,9.838289159E0
6.583933154E1,3.707789612E-1,6.146218872E-1,9.836045837E0,9.862202331E0
6.584936254E1,3.884422302E-1,6.102809143E-1,9.870174866E0,9.896650041E0
6.585939454E1,3.802093506E-1,6.086343384E-1,9.864337006E0,9.890406436E0
6.586942654E1,3.739224243E-1,5.990542603E-1,9.853709106E0,9.878981078E0
6.587945754E1,3.367996216E-1,5.920188904E-1,9.838889923E0,9.862437593E0
6.588948954E1,3.029699707E-1,6.087840271E-1,9.822573853E0,9.846083784E0
6.589952054E1,2.921923828E-1,6.215075684E-1,9.810449066E0,9.834457734E0
6.590955254E1,2.872526550E-1,6.451583862E-1,9.782008209E0,9.807467973E0
6.591958454E1,2.903961182E-1,6.744973755E-1,9.760003967E0,9.787591842E0
6.592961554E1,3.052153015E-1,7.038363647E-1,9.786947937E0,9.816969590E0
6.593964754E1,3.156935120E-1,7.292834473E-1,9.815239105E0,9.847356774E0
6.594967954E1,3.508703613E-1,7.122189331E-1,9.815388794E0,9.847447537E0
6.595971054E1,3.688330078E-1,6.915618896E-1,9.881551208E0,9.912585431E0
6.596974254E1,4.016148376E-1,6.469546509E-1,9.908195801E0,9.937413588E0
6.597977354E1,3.881428528E-1,6.271957397E-1,9.899364166E0,9.926804132E0
6.598980554E1,3.486250305E-1,6.059399414E-1,9.858499146E0,9.883253919E0
6.599983754E1,3.076103210E-1,6.012995911E-1,9.833052063E0,9.856221293E0
6.600986854E1,2.832110596E-1,6.102809143E-1,9.820627899E0,9.843646867E0
6.601990054E1,3.071612549E-1,6.252497864E-1,9.830058289E0,9.854711122E0
6.602993154E1,3.309617615E-1,6.608757019E-1,9.827363892E0,9.855119149E0
6.603996354E1,3.378474426E-1,6.800358582E-1,9.864337006E0,9.893519810E0
6.604999554E1,3.677851868E-1,6.821315002E-1,9.873018951E0,9.903386923E0
6.606002654E1,3.640429688E-1,6.897656250E-1,9.893226929E0,9.923922761E0
6.607005854E1,3.403921509E-1,6.680607605E-1,9.887838135E0,9.916224835E0
6.608009054E1,3.264710999E-1,6.430627441E-1,9.838740234E0,9.865136718E0
6.609012154E1,2.953358459E-1,6.265969849E-1,9.812245331E0,9.836666380E0
6.610015354E1,2.782713318E-1,6.063890076E-1,9.799821167E0,9.822506679E0
6.611018454E1,3.017724609E-1,5.739065552E-1,9.792037354E0,9.813482098E0
6.612021654E1,3.204835510E-1,5.791456604E-1,9.812245331E0,9.834545126E0
6.613024854E1,3.365002441E-1,5.906716919E-1,9.819729767E0,9.843232099E0
6.614027954E1,3.354524231E-1,5.929170227E-1,9.807305603E0,9.830936991E0
6.615031100E1,3.269201660E-1,6.186634827E-1,9.801318054E0,9.826263629E0
6.616034200E1,3.379971313E-1,6.369255066E-1,9.820328522E0,9.846764364E0
6.617037400E1,3.382965088E-1,6.686595154E-1,9.833351440E0,9.861863446E0
6.618040600E1,3.369493103E-1,6.601272583E-1,9.845326538E0,9.873183756E0
6.619043700E1,3.215313721E-1,6.641688538E-1,9.870474243E0,9.898018209E0
6.620046900E1,3.327580261E-1,6.580316162E-1,9.870474243E0,9.897979354E0
6.621050100E1,3.391946411E-1,6.400689697E-1,9.864636383E0,9.891197716E0
6.622053200E1,3.412902832E-1,6.390211487E-1,9.860145721E0,9.886723458E0
6.623056400E1,3.330574036E-1,6.529421997E-1,9.831555176E0,9.858840597E0
6.624059500E1,3.243754578E-1,6.532415771E-1,9.839488678E0,9.866482729E0
6.625062700E1,3.162922668E-1,6.661148071E-1,9.832004242E0,9.859617495E0
6.626065900E1,3.249742126E-1,6.616241455E-1,9.822274475E0,9.849894954E0
6.627069000E1,3.305126953E-1,6.706054688E-1,9.837692413E0,9.866060123E0
6.628072200E1,3.288661194E-1,6.629713440E-1,9.819580078E0,9.847427930E0
6.629075300E1,3.363505554E-1,6.668632507E-1,9.840087433E0,9.868391914E0
6.630078500E1,3.402424622E-1,6.541397095E-1,9.824370117E0,9.852000401E0
6.631081700E1,3.261717224E-1,6.551875305E-1,9.822124786E0,9.849355005E0
6.632084800E1,3.210823059E-1,6.417155457E-1,9.838141479E0,9.864274959E0
6.633088000E1,3.135978699E-1,6.345304871E-1,9.842033386E0,9.867451228E0
6.634091200E1,3.200344849E-1,6.249504089E-1,9.837692413E0,9.862716517E0
6.635094300E1,3.104544067E-1,6.394702148E-1,9.832153931E0,9.857816950E0
6.636097500E1,3.222798157E-1,6.265969849E-1,9.840386810E0,9.865581617E0
6.637100600E1,3.372486877E-1,6.376739502E-1,9.842632141E0,9.869030966E0
6.638103800E1,3.362008667E-1,6.628216553E-1,9.847721558E0,9.875726983E0
6.639107000E1,3.441343689E-1,6.685098267E-1,9.840087433E0,9.868771683E0
6.640110100E1,3.311114502E-1,6.617738342E-1,9.846973114E0,9.874738422E0
6.641113300E1,3.207829285E-1,6.644682312E-1,9.840237122E0,9.867861284E0
6.642116400E1,3.028202820E-1,6.584806824E-1,9.827363892E0,9.854053886E0
6.643119600E1,3.098556519E-1,6.634204102E-1,9.848919067E0,9.876099633E0
6.644122800E1,3.239263916E-1,6.833290100E-1,9.848919067E0,9.877908364E0
6.645125900E1,3.360511780E-1,6.897656250E-1,9.805509338E0,9.835482723E0
6.646129100E1,3.201841736E-1,6.785389709E-1,9.799970856E0,9.828650050E0
6.647132300E1,3.188369751E-1,6.800358582E-1,9.824669495E0,9.853336311E0
6.648135400E1,3.134481812E-1,6.653663635E-1,9.837692413E0,9.865148462E0
6.649138600E1,3.094065857E-1,6.433621216E-1,9.849517822E0,9.875355618E0
6.650141700E1,3.188369751E-1,6.589297485E-1,9.849218445E0,9.876383417E0
6.651144900E1,3.195854187E-1,6.689588928E-1,9.816436615E0,9.844392752E0
6.652148100E1,3.388952637E-1,6.679110718E-1,9.813293152E0,9.841833045E0
6.653151200E1,3.442840576E-1,6.707551575E-1,9.830806732E0,9.859675705E0
6.654154400E1,3.544628906E-1,6.731501770E-1,9.823471985E0,9.852886731E0
6.655157600E1,3.475772095E-1,6.661148071E-1,9.875713348E0,9.904253278E0
6.656160700E1,3.625460815E-1,6.526428223E-1,9.941726074E0,9.969719136E0
6.657163900E1,3.733236694E-1,6.289920044E-1,9.895921326E0,9.922915922E0
6.658167000E1,3.038681030E-1,6.201603699E-1,9.790390778E0,9.814717840E0
6.659170200E1,2.466870117E-1,6.168672180E-1,9.788744202E0,9.811263562E0
6.660173400E1,2.929408264E-1,6.182144165E-1,9.822873230E0,9.846666537E0
6.661176500E1,3.354524231E-1,6.231541443E-1,9.837093658E0,9.862517988E0
6.662179700E1,3.400927734E-1,6.249504089E-1,9.806108093E0,9.831885986E0
6.663182800E1,3.353027344E-1,6.727011108E-1,9.742041321E0,9.770994003E0
6.664186000E1,3.067121887E-1,7.015910339E-1,9.734107819E0,9.764177250E0
6.665189200E1,2.820135498E-1,7.361691284E-1,9.759405212E0,9.791193325E0
6.666192300E1,3.065625000E-1,7.596702576E-1,9.825567627E0,9.859658141E0
6.667195500E1,3.285667419E-1,7.629634094E-1,9.896819458E0,9.931621451E0
6.668198700E1,3.577560425E-1,7.704478455E-1,9.948013000E0,9.984214637E0
6.669201800E1,3.845503235E-1,7.487429810E-1,9.946815491E0,9.982366123E0
6.670205000E1,3.885919189E-1,7.170089722E-1,9.925559692E0,9.959008021E0
6.671208100E1,3.773652649E-1,6.520440674E-1,9.895172882E0,9.923810376E0
6.672211300E1,3.329077148E-1,6.346801758E-1,9.852810974E0,9.878842572E0
6.673214500E1,2.963836670E-1,6.030958557E-1,9.808652802E0,9.831644708E0
6.674217600E1,2.727328491E-1,5.938151550E-1,9.780361633E0,9.802166767E0
6.675220800E1,2.785707092E-1,6.066883850E-1,9.797126770E0,9.819845487E0
6.676223900E1,2.896476746E-1,6.176156616E-1,9.824819183E0,9.848472819E0
6.677227100E1,3.182382202E-1,6.400689697E-1,9.859546967E0,9.885425142E0
6.678230300E1,3.662882996E-1,6.503974915E-1,9.856553192E0,9.884777430E0
6.679233400E1,3.824546814E-1,6.596781921E-1,9.837542725E0,9.867050915E0
6.680236600E1,3.670367432E-1,6.689588928E-1,9.838740234E0,9.868284115E0
6.681239800E1,3.399430847E-1,6.538403320E-1,9.814490662E0,9.842118442E0
6.682242900E1,3.101550293E-1,6.569837952E-1,9.791887665E0,9.818802773E0
6.683246100E1,2.974314880E-1,6.584806824E-1,9.784852295E0,9.811493094E0
6.684249200E1,2.903961182E-1,6.819818115E-1,9.788744202E0,9.816768416E0
6.685252400E1,2.927911377E-1,7.120692444E-1,9.806257782E0,9.836435378E0
6.686255600E1,2.856060791E-1,7.279362488E-1,9.846224670E0,9.877226446E0
6.687258700E1,2.927911377E-1,7.481442261E-1,9.884994049E0,9.917588103E0
6.688261900E1,3.441343689E-1,7.328759766E-1,9.865235138E0,9.898403911E0
6.689265000E1,3.683839417E-1,7.201524353E-1,9.844278717E0,9.877456642E0
6.690268200E1,3.676354980E-1,6.894662476E-1,9.872420197E0,9.903292387E0
6.691271400E1,3.688330078E-1,6.560856628E-1,9.866282959E0,9.894949500E0
6.692274500E1,3.350033569E-1,6.508465576E-1,9.831405487E0,9.858618683E0
6.693277700E1,3.210823059E-1,6.601272583E-1,9.831405487E0,9.858772525E0
6.694280900E1,2.905458069E-1,6.641688538E-1,9.834848328E0,9.861530244E0
6.695284000E1,2.833607483E-1,6.774911499E-1,9.842033386E0,9.869392522E0
6.696287200E1,3.077600098E-1,6.957531738E-1,9.857151947E0,9.886467175E0
6.697290300E1,3.266207886E-1,7.018904114E-1,9.876312103E0,9.906607495E0
6.698293500E1,3.498225403E-1,6.948550415E-1,9.877808990E0,9.908395924E0
6.699296700E1,3.483256531E-1,7.099736023E-1,9.849368134E0,9.881065019E0
6.700299800E1,3.424877930E-1,6.975494385E-1,9.834399261E0,9.865053570E0
6.701303000E1,3.284170532E-1,6.860234070E-1,9.802216187E0,9.831679818E0
6.702306100E1,3.019221497E-1,6.667135620E-1,9.802066498E0,9.829352552E0
6.703309300E1,2.950364685E-1,6.385720825E-1,9.801617432E0,9.826826807E0
6.704312500E1,2.887495422E-1,6.188131714E-1,9.813592529E0,9.837322012E0
6.705315600E1,2.917433167E-1,5.893244934E-1,9.835596771E0,9.857554533E0
6.706318800E1,3.293151855E-1,6.083349609E-1,9.837093658E0,9.861385884E0
6.707322000E1,3.471281433E-1,6.324348450E-1,9.850415955E0,9.876799394E0
6.708325100E1,3.510200500E-1,6.547384644E-1,9.832153931E0,9.860179940E0
6.709328300E1,3.483256531E-1,6.668632507E-1,9.806257782E0,9.835076463E0
6.710331400E1,3.264710999E-1,6.722520447E-1,9.809401245E0,9.837827960E0
6.711334600E1,3.137475586E-1,6.674620056E-1,9.829309845E0,9.856940453E0
6.712337800E1,2.992277527E-1,6.664141846E-1,9.845775604E0,9.872838617E0
6.713340900E1,2.975811768E-1,6.673123169E-1,9.848619690E0,9.875685803E0
6.714344100E1,2.911445618E-1,6.887178040E-1,9.854158173E0,9.882486057E0
6.715347175E1,3.126997375E-1,6.837780762E-1,9.856852570E0,9.885488160E0
6.716350375E1,3.182382202E-1,6.950047302E-1,9.831106110E0,9.860778594E0
6.717353575E1,3.067121887E-1,7.156617737E-1,9.832752686E0,9.863532304E0
6.718356675E1,3.138972473E-1,7.168592834E-1,9.840536499E0,9.871604596E0
6.719359875E1,2.998265076E-1,7.235952759E-1,9.839189301E0,9.870315707E0
6.720363075E1,2.927911377E-1,7.253915405E-1,9.840087433E0,9.871131659E0
6.721366175E1,3.040177917E-1,7.140151978E-1,9.837842102E0,9.868403201E0
6.722369375E1,3.031196594E-1,6.860234070E-1,9.838590546E0,9.867136037E0
6.723372475E1,3.121009827E-1,6.887178040E-1,9.827663269E0,9.856708607E0
6.724375675E1,3.135978699E-1,6.721023560E-1,9.839937744E0,9.867848804E0
6.725378875E1,3.390449524E-1,6.691085815E-1,9.843979340E0,9.872516752E0
6.726381975E1,3.414399719E-1,6.709048462E-1,9.839488678E0,9.868243613E0
6.727385175E1,3.359014893E-1,6.761439514E-1,9.846224670E0,9.875127377E0
6.728388375E1,3.444337463E-1,6.695576477E-1,9.855205994E0,9.883927723E0
6.729391475E1,3.215313721E-1,6.701564026E-1,9.842482452E0,9.870509250E0
6.730394675E1,2.947370911E-1,6.703060913E-1,9.828411713E0,9.855651019E0
6.731397775E1,2.911445618E-1,6.650669861E-1,9.829309845E0,9.856084987E0
6.732400975E1,2.874023438E-1,6.694079590E-1,9.843979340E0,9.870898458E0
6.733404175E1,3.005749512E-1,6.911128235E-1,9.856253815E0,9.885025114E0
6.734407275E1,3.302133179E-1,7.072792053E-1,9.839189301E0,9.870102877E0
6.735410475E1,3.311114502E-1,7.069798279E-1,9.807604980E0,9.838626465E0
6.736413675E1,3.236270142E-1,7.123686218E-1,9.802216187E0,9.833394412E0
6.737416775E1,2.950364685E-1,6.920109558E-1,9.803563385E0,9.832384285E0
6.738419975E1,3.023712158E-1,6.866221619E-1,9.831405487E0,9.859990476E0
6.739423075E1,2.710862732E-1,6.713539124E-1,9.861343231E0,9.887886234E0
6.740426275E1,2.833607483E-1,6.577322388E-1,9.849667511E0,9.875669855E0
6.741429475E1,3.001258850E-1,6.623725891E-1,9.822723541E0,9.849604599E0
6.742432575E1,2.999761963E-1,6.689588928E-1,9.761201477E0,9.788694805E0
6.743435775E1,2.944377136E-1,6.671626282E-1,9.786049805E0,9.813183496E0
6.744438875E1,3.234773254E-1,6.876699829E-1,9.877359924E0,9.906551704E0
6.745442075E1,3.733236694E-1,7.005432129E-1,9.984836426E0,1.001634114E1
6.746445275E1,4.055067444E-1,7.015910339E-1,9.993218994E0,1.002602072E1
6.747448375E1,3.475772095E-1,6.956034851E-1,9.837842102E0,9.868526301E0
6.748451575E1,2.300715637E-1,6.638694763E-1,9.753717041E0,9.778990322E0
6.749454675E1,2.140548706E-1,6.710545349E-1,9.774074707E0,9.799421925E0
6.750457875E1,2.835104370E-1,6.704557800E-1,9.805659027E0,9.832641460E0
6.751461075E1,3.245251465E-1,6.800358582E-1,9.804760895E0,9.833671824E0
6.752464175E1,3.439846802E-1,6.813830566E-1,9.784253540E0,9.813981132E0
6.753467375E1,3.213816833E-1,6.948550415E-1,9.760153656E0,9.790133253E0
6.754470575E1,2.971321106E-1,7.167095947E-1,9.783056030E0,9.813773251E0
6.755473675E1,2.941383362E-1,7.349716187E-1,9.807754669E0,9.839652041E0
6.756476875E1,2.957849121E-1,7.485932922E-1,9.871821442E0,9.904581728E0
6.757479975E1,2.998265076E-1,7.643106079E-1,9.895172882E0,9.929174840E0
6.758483175E1,3.219804382E-1,7.774832153E-1,9.925859070E0,9.961467253E0
6.759486375E1,3.451821899E-1,7.683522034E-1,9.917626190E0,9.953332362E0
6.760489475E1,3.626957703E-1,7.472460938E-1,9.886940002E0,9.921769376E0
6.761492675E1,3.559597778E-1,7.003935242E-1,9.875863037E0,9.907064610E0
6.762495875E1,3.451821899E-1,6.821315002E-1,9.853709106E0,9.883321167E0
6.763498975E1,3.037184143E-1,6.559359741E-1,9.816436615E0,9.843014005E0
6.764502175E1,2.817141724E-1,6.387217712E-1,9.776769104E0,9.801660190E0
6.765505275E1,2.502795410E-1,6.201603699E-1,9.767638092E0,9.790505229E0
6.766508475E1,2.556683350E-1,6.245013428E-1,9.790390778E0,9.813619098E0
6.767511675E1,2.966830444E-1,6.390211487E-1,9.818831635E0,9.844075555E0
6.768514775E1,3.164419556E-1,6.505471802E-1,9.826765137E0,9.853357813E0
6.769517975E1,3.382965088E-1,6.706054688E-1,9.851314087E0,9.879906146E0
6.770521075E1,3.385958862E-1,6.843768311E-1,9.843530273E0,9.873100175E0
6.771524275E1,3.341052246E-1,6.903643799E-1,9.807155914E0,9.837100000E0
6.772527475E1,3.131488037E-1,7.087760925E-1,9.812095642E0,9.842644290E0
6.773530575E1,2.950364685E-1,7.033872986E-1,9.824819183E0,9.854383400E0
6.774533775E1,2.959346008E-1,7.237449646E-1,9.833650818E0,9.864688159E0
6.775536975E1,2.888992310E-1,7.481442261E-1,9.822873230E0,9.855557876E0
6.776540075E1,2.592608643E-1,7.679031372E-1,9.845476227E0,9.878779963E0
6.777543275E1,2.803669739E-1,7.746391296E-1,9.843380585E0,9.877793922E0
6.778546375E1,2.999761963E-1,7.640112305E-1,9.839788055E0,9.873962115E0
6.779549575E1,3.197351074E-1,7.378157043E-1,9.845027161E0,9.877811617E0
6.780552775E1,3.305126953E-1,7.128176880E-1,9.859247589E0,9.890506090E0
6.781555875E1,3.454815674E-1,6.902146912E-1,9.844877472E0,9.875088165E0
6.782559075E1,3.302133179E-1,6.929090881E-1,9.842781830E0,9.872665192E0
6.783562175E1,3.189866638E-1,6.981481934E-1,9.833351440E0,9.863263352E0
6.784565375E1,2.945874023E-1,6.942562866E-1,9.856553192E0,9.885363643E0
6.785568575E1,2.960842896E-1,6.957531738E-1,9.873917084E0,9.902826716E0
6.786571675E1,3.014730835E-1,7.068301392E-1,9.887987823E0,9.917802078E0
6.787574875E1,3.195854187E-1,7.255412292E-1,9.876611481E0,9.908380254E0
6.788578075E1,3.147953796E-1,7.188052368E-1,9.849068756E0,9.880279979E0
6.789581175E1,3.261717224E-1,7.244934082E-1,9.839937744E0,9.871963001E0
6.790584375E1,3.204835510E-1,7.244934082E-1,9.822124786E0,9.854021297E0
6.791587475E1,3.200344849E-1,7.282356262E-1,9.818382568E0,9.850552546E0
6.792590675E1,2.993774414E-1,7.225474548E-1,9.804012451E0,9.835159471E0
6.793593875E1,2.996768188E-1,6.988966370E-1,9.809850311E0,9.839279742E0
6.794596975E1,2.918930054E-1,6.655160522E-1,9.839039612E0,9.865840746E0
6.795600175E1,2.938389587E-1,6.644682312E-1,9.830956421E0,9.857766660E0
6.796603375E1,3.020718384E-1,6.493496704E-1,9.843979340E0,9.869996536E0
6.797606475E1,3.110531616E-1,6.789880371E-1,9.826166382E0,9.854507831E0
6.798609675E1,3.216810608E-1,6.797364807E-1,9.806108093E0,9.834900931E0
6.799612775E1,3.159928894E-1,6.816824341E-1,9.789492645E0,9.818284407E0
6.800615975E1,3.029699707E-1,7.191046143E-1,9.798473969E0,9.829496140E0
6.801619175E1,3.025209045E-1,7.063810730E-1,9.829459534E0,9.859450687E0
6.802622275E1,2.999761963E-1,7.048841858E-1,9.850865021E0,9.880606717E0
6.803625475E1,2.918930054E-1,7.161108398E-1,9.866582336E0,9.896841075E0
6.804628575E1,2.900967407E-1,7.246430969E-1,9.873617706E0,9.904422767E0
6.805631775E1,2.746788025E-1,7.369175720E-1,9.857601013E0,9.888922777E0
6.806634975E1,2.860551453E-1,7.238946533E-1,9.837093658E0,9.867839817E0
6.807638075E1,2.673440552E-1,7.217990112E-1,9.829908600E0,9.859998465E0
6.808641275E1,2.811154175E-1,7.397616577E-1,9.810299377E0,9.842166787E0
6.809644475E1,2.824626160E-1,7.352709961E-1,9.790690155E0,9.822322652E0
6.810647575E1,2.887495422E-1,7.125183105E-1,9.822873230E0,9.852913129E0
6.811650775E1,2.962339783E-1,7.207511902E-1,9.862840118E0,9.893576302E0
6.812653875E1,3.159928894E-1,7.149133301E-1,9.857301636E0,9.888242923E0
6.813657075E1,3.022215271E-1,7.068301392E-1,9.844727783E0,9.874695531E0
6.814660275E1,2.932402039E-1,6.963519287E-1,9.839788055E0,9.868754977E0
6.815663487E1,2.909948730E-1,6.839277649E-1,9.860295410E0,9.888268846E0
6.816666688E1,2.951861572E-1,6.822811890E-1,9.876461792E0,9.904400033E0
6.817669787E1,3.119512939E-1,7.053332520E-1,9.868827667E0,9.898917523E0
6.818672987E1,3.287164307E-1,7.324269104E-1,9.836794281E0,9.869499754E0
6.819676188E1,3.299139404E-1,7.418572998E-1,9.797875214E0,9.831457377E0
6.820679288E1,3.126997375E-1,7.315287781E-1,9.790390778E0,9.822660895E0
6.821682487E1,3.043171692E-1,7.220983887E-1,9.793384552E0,9.824684016E0
6.822685688E1,2.838098145E-1,7.059320068E-1,9.840835876E0,9.870204595E0
6.823688788E1,2.772235107E-1,6.951544189E-1,9.858648834E0,9.887014179E0
6.824691987E1,2.715353394E-1,6.812333679E-1,9.809101868E0,9.836477509E0
6.825695087E1,2.624043274E-1,6.833290100E-1,9.753717041E0,9.781144651E0
6.826698288E1,2.695893860E-1,6.774911499E-1,9.780960388E0,9.808101693E0
6.827701487E1,3.002755737E-1,6.882687378E-1,9.909243622E0,9.937655077E0
6.828704587E1,3.760180664E-1,7.056326294E-1,1.004725662E1,1.007902141E1
6.829707788E1,3.945794678E-1,7.179071045E-1,1.000459534E1,1.003807807E1
6.830710987E1,3.284170532E-1,7.116201782E-1,9.838740234E0,9.869907317E0
6.831714087E1,2.448907471E-1,7.137158203E-1,9.715097351E0,9.744356228E0
6.832717287E1,2.267784119E-1,7.134164429E-1,9.730814667E0,9.759566873E0
6.833720388E1,2.474354553E-1,7.113208008E-1,9.785900116E0,9.814837883E0
6.834723587E1,3.079096985E-1,6.957531738E-1,9.834548950E0,9.863936025E0
6.835726787E1,3.317102051E-1,7.005432129E-1,9.822723541E0,9.853257848E0
6.836729888E1,3.173400879E-1,6.891668701E-1,9.795031128E0,9.824372270E0
6.837733087E1,2.930905151E-1,6.939569092E-1,9.783355408E0,9.812314777E0
6.838736287E1,2.769241333E-1,7.463479614E-1,9.801617432E0,9.833891729E0
6.839739387E1,2.727328491E-1,7.529342651E-1,9.843230896E0,9.875752512E0
6.840742588E1,2.930905151E-1,7.997868347E-1,9.873318329E0,9.909993736E0
6.841745687E1,3.062631226E-1,8.134085083E-1,9.885892181E0,9.924026135E0
6.842748887E1,3.213816833E-1,8.056246948E-1,9.902807007E0,9.940719489E0
6.843752088E1,3.192860413E-1,8.015830994E-1,9.897268524E0,9.934807662E0
6.844755187E1,3.272195435E-1,7.661068726E-1,9.889035645E0,9.924062593E0
6.845758387E1,3.406915283E-1,7.394622803E-1,9.851613464E0,9.885199190E0
6.846761488E1,3.126997375E-1,7.114704895E-1,9.815239105E0,9.845958058E0
6.847764688E1,2.781216431E-1,6.792874146E-1,9.787097626E0,9.814584198E0
6.848767887E1,2.490820312E-1,6.658154297E-1,9.772278442E0,9.798100734E0
6.849770987E1,2.405497742E-1,6.593788147E-1,9.780810699E0,9.805962602E0
6.850774188E1,2.790197754E-1,6.536906433E-1,9.816436615E0,9.842133473E0
6.851777287E1,2.944377136E-1,6.520440674E-1,9.840985565E0,9.866957582E0
6.852780487E1,3.330574036E-1,6.744973755E-1,9.865684204E0,9.894321541E0
6.853783688E1,3.363505554E-1,6.987469482E-1,9.839039612E0,9.869553155E0
6.854786787E1,3.279679871E-1,7.005432129E-1,9.836195526E0,9.866563040E0
6.855789987E1,3.311114502E-1,7.273374939E-1,9.826765137E0,9.859207254E0
6.856793188E1,3.113525391E-1,7.424560547E-1,9.834998016E0,9.867895793E0
6.857796288E1,2.823129272E-1,7.611671448E-1,9.840985565E0,9.874415066E0
6.858799487E1,2.664459229E-1,7.722441101E-1,9.795330505E0,9.829336402E0
6.859802587E1,2.353106689E-1,7.852670288E-1,9.821076965E0,9.855230498E0
6.860805788E1,2.356100464E-1,7.936495972E-1,9.835147705E0,9.869930200E0
6.861808987E1,2.736309814E-1,7.866142273E-1,9.793683929E0,9.829032545E0
6.862812087E1,3.055146790E-1,7.779322815E-1,9.811347198E0,9.846880303E0
6.863815288E1,3.338058472E-1,7.535330200E-1,9.848170624E0,9.882595964E0
6.864818487E1,3.387455750E-1,7.291337585E-1,9.861941986E0,9.894659385E0
6.865821587E1,3.180885315E-1,7.294331360E-1,9.852960663E0,9.885043593E0
6.866824788E1,3.068618774E-1,7.268884277E-1,9.829908600E0,9.861522909E0
6.867827888E1,2.960842896E-1,7.229965210E-1,9.845027161E0,9.875978416E0
6.868831087E1,2.971321106E-1,7.294331360E-1,9.855056305E0,9.886480413E0
6.869834287E1,2.957849121E-1,7.310797119E-1,9.867480469E0,9.898946260E0
6.870837388E1,2.896476746E-1,7.376660156E-1,9.852361908E0,9.884183431E0
6.871840587E1,2.909948730E-1,7.466473389E-1,9.857750702E0,9.890268407E0
6.872843787E1,3.162922668E-1,7.650590515E-1,9.854307861E0,9.889021164E0
6.873846888E1,3.326083374E-1,7.602690125E-1,9.855205994E0,9.890082025E0
6.874850087E1,3.131488037E-1,7.539820862E-1,9.846524048E0,9.880313102E0
6.875853187E1,3.167413330E-1,7.403604126E-1,9.837842102E0,9.870744442E0
6.876856387E1,3.007246399E-1,7.180567932E-1,9.812844086E0,9.843675630E0
6.877859588E1,2.785707092E-1,7.138655090E-1,9.800868988E0,9.830780159E0
6.878862687E1,2.728825378E-1,6.939569092E-1,9.803862762E0,9.832180131E0
6.879865887E1,2.844085693E-1,6.896159363E-1,9.816586304E0,9.844888269E0
6.880868988E1,2.935395813E-1,6.893165588E-1,9.833800507E0,9.862299692E0
6.881872187E1,2.981799316E-1,7.143145752E-1,9.824370117E0,9.854816324E0
6.882875387E1,2.947370911E-1,7.120692444E-1,9.810449066E0,9.840671900E0
6.883878487E1,2.998265076E-1,7.234455872E-1,9.795779572E0,9.827032455E0
6.884881688E1,2.936892700E-1,7.280859375E-1,9.793384552E0,9.824802466E0
6.885884887E1,2.868035889E-1,7.454498291E-1,9.822723541E0,9.855143303E0
6.886887987E1,2.817141724E-1,7.490423584E-1,9.846074982E0,9.878543409E0
6.887891188E1,2.668949890E-1,7.488926697E-1,9.865534515E0,9.897517085E0
6.888894287E1,2.655477905E-1,7.518864441E-1,9.867330780E0,9.899498249E0
6.889897487E1,2.670446777E-1,7.536827087E-1,9.843979340E0,9.876400140E0
6.890900688E1,2.808160400E-1,7.592211914E-1,9.844578094E0,9.877803011E0
6.891903788E1,2.995271301E-1,7.601193237E-1,9.856253815E0,9.890057490E0
6.892906987E1,2.791694641E-1,7.497908020E-1,9.843530273E0,9.875991600E0
6.893910188E1,2.688409424E-1,7.409591675E-1,9.819131012E0,9.850717221E0
6.894913288E1,2.670446777E-1,7.427554321E-1,9.829609222E0,9.861248195E0
6.895916487E1,2.656974792E-1,7.271878052E-1,9.828860779E0,9.859305324E0
6.896919587E1,2.954855347E-1,7.414082336E-1,9.862241364E0,9.894483442E0
6.897922788E1,3.192860413E-1,7.586224365E-1,9.866432648E0,9.900704256E0
6.898925987E1,3.303630066E-1,7.679031372E-1,9.827064514E0,9.862556054E0
6.899929087E1,3.180885315E-1,7.668553162E-1,9.797426147E0,9.832538152E0
6.900932288E1,2.839595032E-1,7.686515808E-1,9.774523773E0,9.808811001E0
6.901935388E1,2.722837830E-1,7.372169495E-1,9.790091400E0,9.821584236E0
6.902938587E1,2.859054565E-1,7.161108398E-1,9.828411713E0,9.858612147E0
6.903941787E1,2.788700867E-1,7.149133301E-1,9.827812958E0,9.857726773E0
6.904944888E1,2.817141724E-1,7.191046143E-1,9.765542450E0,9.796034589E0
6.905948087E1,2.731819153E-1,7.080276489E-1,9.731114044E0,9.760661456E0
6.906951287E1,2.742297363E-1,7.140151978E-1,9.852212219E0,9.881857379E0
6.907954388E1,3.278182983E-1,7.249424744E-1,9.989476776E0,1.002111035E1
6.908957587E1,3.814068604E-1,7.412585449E-1,1.008273285E1,1.011713582E1
6.909960687E1,3.664379883E-1,7.408094788E-1,9.928104401E0,9.962446109E0
6.910963888E1,2.896476746E-1,7.538323975E-1,9.746681671E0,9.780079890E0
6.911967088E1,2.191442871E-1,7.509883118E-1,9.696386261E0,9.727893615E0
6.912970187E1,2.224374390E-1,7.617658997E-1,9.732311554E0,9.764612326E0
6.913973387E1,2.775228882E-1,7.433541870E-1,9.808652802E0,9.840694294E0
6.914976588E1,3.234773254E-1,7.382647705E-1,9.838740234E0,9.871701062E0
6.915979662E1,3.424877930E-1,7.140151978E-1,9.827962646E0,9.859815686E0
6.916982862E1,3.110531616E-1,7.137158203E-1,9.815987549E0,9.846814505E0
6.917985963E1,2.863545227E-1,7.373666382E-1,9.829609222E0,9.861385599E0
6.918989163E1,2.715353394E-1,7.689509583E-1,9.837692413E0,9.871433991E0
6.919992362E1,2.692900085E-1,7.999365234E-1,9.854457550E0,9.890538365E0
6.920995462E1,2.628533936E-1,8.345146179E-1,9.851014709E0,9.889792584E0
6.921998663E1,2.754272461E-1,8.532257080E-1,9.853858795E0,9.894563529E0
6.923001762E1,2.932402039E-1,8.448431396E-1,9.859846344E0,9.900319170E0
6.924004962E1,3.083587646E-1,8.306227112E-1,9.863139496E0,9.902855140E0
6.925008163E1,3.311114502E-1,8.026309204E-1,9.869426422E0,9.907544049E0
6.926011262E1,3.243754578E-1,7.533833313E-1,9.850865021E0,9.884955616E0
6.927014462E1,3.125500488E-1,7.373666382E-1,9.823022919E0,9.855616488E0
6.928017663E1,2.543211365E-1,7.017407227E-1,9.782157898E0,9.810592868E0
6.929020763E1,2.574645996E-1,6.710545349E-1,9.778864746E0,9.805243390E0
6.930023962E1,2.631527710E-1,6.834786987E-1,9.801467743E0,9.828792521E0
6.931027062E1,2.667453003E-1,6.882687378E-1,9.821675720E0,9.849374643E0
6.932030263E1,2.727328491E-1,6.920109558E-1,9.846973114E0,9.875026171E0
6.933033462E1,2.983296204E-1,7.119195557E-1,9.859696655E0,9.889865932E0
6.934036562E1,3.158432007E-1,7.204518127E-1,9.840835876E0,9.872226623E0
6.935039763E1,3.162922668E-1,7.396119690E-1,9.842183075E0,9.875000473E0
6.936042962E1,3.083587646E-1,7.565267944E-1,9.839189301E0,9.873047352E0
6.937046062E1,2.966830444E-1,7.734416199E-1,9.855056305E0,9.889811300E0
6.938049263E1,2.841091919E-1,7.782316589E-1,9.801767120E0,9.836716994E0
6.939052363E1,2.583627319E-1,8.027806091E-1,9.783355408E0,9.819635993E0
6.940055562E1,2.173480225E-1,8.135581970E-1,9.801018677E0,9.837127843E0
6.941058762E1,2.323168945E-1,7.988887024E-1,9.767338715E0,9.802708802E0
6.942061863E1,2.802172852E-1,7.988887024E-1,9.798174591E0,9.834682008E0
6.943065062E1,3.119512939E-1,7.716453552E-1,9.868977356E0,9.904012531E0
6.944068262E1,3.306623840E-1,7.547305298E-1,9.866582336E0,9.900929390E0
6.945071363E1,3.189866638E-1,7.385641479E-1,9.841883698E0,9.874710335E0
6.946074562E1,2.987786865E-1,7.352709961E-1,9.813891907E0,9.845931469E0
6.947077662E1,2.776725769E-1,7.354206848E-1,9.821675720E0,9.853083761E0
6.948080862E1,2.733316040E-1,7.482939148E-1,9.852511597E0,9.884666849E0
6.949084063E1,2.748284912E-1,7.649093628E-1,9.868228912E0,9.901644252E0
6.950087162E1,2.811154175E-1,7.785310364E-1,9.867031403E0,9.901689005E0
6.951090362E1,2.815644836E-1,7.720944214E-1,9.871671753E0,9.905822104E0
6.952093463E1,3.019221497E-1,7.807763672E-1,9.868079224E0,9.903522418E0
6.953096662E1,3.119512939E-1,7.918533325E-1,9.866133270E0,9.902773905E0
6.954099862E1,3.135978699E-1,7.720944214E-1,9.852960663E0,9.888139726E0
6.955102962E1,3.001258850E-1,7.472460938E-1,9.814790039E0,9.847769076E0
6.956106163E1,2.863545227E-1,7.346722412E-1,9.793234863E0,9.824927038E0
6.957109362E1,2.592608643E-1,7.143145752E-1,9.785750427E0,9.815211304E0
6.958112462E1,2.627037048E-1,7.065307617E-1,9.803563385E0,9.832499885E0
6.959115663E1,2.680924988E-1,7.074288940E-1,9.835297394E0,9.864350159E0
6.960118762E1,2.794688416E-1,7.038363647E-1,9.843979340E0,9.873065264E0
6.961121962E1,2.981799316E-1,7.141648865E-1,9.859696655E0,9.890023301E0
6.962125163E1,2.989283752E-1,7.363188171E-1,9.829908600E0,9.861978841E0
6.963128263E1,2.894979858E-1,7.372169495E-1,9.796677704E0,9.828641409E0
6.964131462E1,2.709365845E-1,7.604187012E-1,9.798623657E0,9.831819201E0
6.965134663E1,2.776725769E-1,7.508386230E-1,9.798623657E0,9.831270837E0
6.966137763E1,2.704875183E-1,7.580236816E-1,9.795330505E0,9.828339794E0
6.967140962E1,2.649490356E-1,7.581733704E-1,9.801018677E0,9.833869633E0
6.968144062E1,2.644999695E-1,7.599696350E-1,9.824669495E0,9.857567893E0
6.969147263E1,2.644999695E-1,7.737409973E-1,9.843230896E0,9.877136723E0
6.970150462E1,2.733316040E-1,7.719447327E-1,9.845476227E0,9.879474225E0
6.971153562E1,2.622546387E-1,7.713459778E-1,9.850415955E0,9.884050111E0
6.972156763E1,2.459385681E-1,7.725434875E-1,9.847122803E0,9.880442131E0
6.973159863E1,2.429447937E-1,7.780819702E-1,9.870025177E0,9.903627150E0
6.974163062E1,2.640509033E-1,7.774832153E-1,9.875863037E0,9.909938131E0
6.975166262E1,2.885998535E-1,7.851173401E-1,9.862241364E0,9.897651430E0
6.976169363E1,2.983296204E-1,7.940986633E-1,9.822124786E0,9.858687974E0
6.977172562E1,2.899470520E-1,7.559280396E-1,9.791288910E0,9.824705340E0
6.978175762E1,2.833607483E-1,7.529342651E-1,9.781259766E0,9.814287846E0
6.979178863E1,2.658471680E-1,7.226971436E-1,9.792785797E0,9.823014789E0
6.980182062E1,2.685415649E-1,7.008425903E-1,9.818681946E0,9.847325021E0
6.981185162E1,2.776725769E-1,6.900650024E-1,9.793384552E0,9.821592170E0
6.982188363E1,2.785707092E-1,6.941065979E-1,9.750723267E0,9.779365513E0
6.983191563E1,2.755769348E-1,6.978488159E-1,9.816436615E0,9.845067975E0
6.984194662E1,2.847079468E-1,7.138655090E-1,9.873018951E0,9.902886740E0
6.985197862E1,3.146456909E-1,7.098239136E-1,9.992769928E0,1.002288894E1
6.986201063E1,3.445834351E-1,7.050338745E-1,1.005683670E1,1.008740675E1
6.987204162E1,3.318598938E-1,6.852749634E-1,9.911638641E0,9.940840675E0
6.988207362E1,2.387535095E-1,6.818321228E-1,9.781409454E0,9.808051244E0
6.989210463E1,1.901046753E-1,6.758445740E-1,9.772428131E0,9.797614876E0
6.990213662E1,2.305206299E-1,6.929090881E-1,9.807754669E0,9.834902868E0
6.991216862E1,2.903961182E-1,7.038363647E-1,9.844578094E0,9.873977587E0
6.992219962E1,3.417393494E-1,7.135661316E-1,9.830507355E0,9.862293712E0
6.993223163E1,3.353027344E-1,7.155120850E-1,9.790690155E0,9.822525092E0
6.994226362E1,2.935395813E-1,7.387138367E-1,9.764195251E0,9.796497973E0
6.995229462E1,2.534230042E-1,7.653584290E-1,9.804611206E0,9.837702864E0
6.996232663E1,2.389031982E-1,7.812254333E-1,9.884694672E0,9.918395872E0
6.997235762E1,2.453398132E-1,7.906558228E-1,9.923314362E0,9.957785706E0
6.998238962E1,2.534230042E-1,7.875123596E-1,9.912237396E0,9.946700414E0
6.999242163E1,2.691403198E-1,7.699987793E-1,9.906249847E0,9.939774679E0
7.000245263E1,2.851570129E-1,7.509883118E-1,9.882599030E0,9.915193470E0
7.001248462E1,3.119512939E-1,7.301815796E-1,9.848170624E0,9.880128713E0
7.002251562E1,3.005749512E-1,6.941065979E-1,9.833800507E0,9.862847544E0
7.003254763E1,2.778222656E-1,6.595285034E-1,9.820478210E0,9.846519961E0
7.004257962E1,2.642005920E-1,6.331832886E-1,9.812694397E0,9.836650566E0
7.005261062E1,2.401007080E-1,6.131250000E-1,9.806557159E0,9.828638458E0
7.006264263E1,2.432441711E-1,6.045927429E-1,9.794881439E0,9.816537196E0
7.007267462E1,2.659968567E-1,6.063890076E-1,9.828711090E0,9.850990998E0
7.008270562E1,2.869532776E-1,5.905220032E-1,9.827513580E0,9.849420368E0
7.009273763E1,3.143463135E-1,5.923182678E-1,9.835447083E0,9.858279457E0
7.010276863E1,3.379971313E-1,6.068380737E-1,9.823621674E0,9.848148927E0
7.011280062E1,3.318598938E-1,6.322851562E-1,9.823322296E0,9.849242430E0
7.012283262E1,3.110531616E-1,6.289920044E-1,9.837393036E0,9.862387477E0
7.013286363E1,2.996768188E-1,6.448590088E-1,9.849667511E0,9.875302497E0
7.014289562E1,2.920426941E-1,6.707551575E-1,9.827064514E0,9.854257881E0
7.015292725E1,2.634521484E-1,6.882687378E-1,9.792336731E0,9.820029508E0
7.016295825E1,2.357597351E-1,7.053332520E-1,9.824968872E0,9.853075205E0
7.017299025E1,2.395019531E-1,7.110214233E-1,9.842183075E0,9.870738591E0
7.018302125E1,2.743794250E-1,7.129673767E-1,9.852661285E0,9.882233601E0
7.019305325E1,2.951861572E-1,6.900650024E-1,9.865235138E0,9.893744938E0
7.020308525E1,3.198847961E-1,6.746470642E-1,9.875713348E0,9.903897671E0
7.021311625E1,3.146456909E-1,6.671626282E-1,9.863289185E0,9.890833202E0
7.022314825E1,2.944377136E-1,6.616241455E-1,9.847871246E0,9.874462424E0
7.023318025E1,2.826123047E-1,6.604266357E-1,9.865085449E0,9.891205385E0
7.024321125E1,2.977308655E-1,6.765930176E-1,9.869276733E0,9.896920987E0
7.025324325E1,3.073109436E-1,6.794371033E-1,9.871372375E0,9.899498339E0
7.026327425E1,3.085084534E-1,7.006929016E-1,9.868079224E0,9.897733860E0
7.027330625E1,3.019221497E-1,6.935078430E-1,9.833950195E0,9.862995821E0
7.028333825E1,3.215313721E-1,6.891668701E-1,9.821526031E0,9.850924169E0
7.029336925E1,3.062631226E-1,6.981481934E-1,9.835147705E0,9.864650951E0
7.030340125E1,2.960842896E-1,6.872209167E-1,9.840985565E0,9.869393871E0
7.031343225E1,2.883004761E-1,6.686595154E-1,9.843530273E0,9.870426078E0
7.032346425E1,2.805166626E-1,6.497987366E-1,9.833201752E0,9.858640103E0
7.033349625E1,2.772235107E-1,6.375242615E-1,9.826166382E0,9.850727680E0
7.034352725E1,2.550695801E-1,5.998027039E-1,9.825717316E0,9.847311539E0
7.035355925E1,2.588117981E-1,5.779481506E-1,9.846074982E0,9.866417798E0
7.036359125E1,2.559677124E-1,5.810916138E-1,9.835896149E0,9.856370528E0
7.037362225E1,2.698887634E-1,5.686674500E-1,9.833950195E0,9.854075251E0
7.038365425E1,2.835104370E-1,5.774990845E-1,9.796528015E0,9.817629271E0
7.039368525E1,2.857557678E-1,5.755531311E-1,9.787397003E0,9.808468681E0
7.040371725E1,2.784210205E-1,5.932164001E-1,9.789342957E0,9.811251678E0
7.041374925E1,2.633024597E-1,5.993536377E-1,9.813592529E0,9.835402956E0
7.042378025E1,2.706372070E-1,6.081852722E-1,9.823172607E0,9.845702306E0
7.043381225E1,2.692900085E-1,6.023474121E-1,9.802964630E0,9.825144022E0
7.044384425E1,2.604583740E-1,6.120771790E-1,9.820478210E0,9.842980713E0
7.045387525E1,2.438429260E-1,6.352789307E-1,9.861343231E0,9.884792816E0
7.046390725E1,2.486329651E-1,6.610253906E-1,9.872420197E0,9.897648885E0
7.047393825E1,2.725831604E-1,6.920109558E-1,9.891730042E0,9.919652411E0
7.048397025E1,2.914439392E-1,7.246430969E-1,9.879754944E0,9.910580454E0
7.049400225E1,2.930905151E-1,7.529342651E-1,9.836794281E0,9.869920657E0
7.050403325E1,2.781216431E-1,7.360194397E-1,9.827962646E0,9.859407997E0
7.051406525E1,2.727328491E-1,7.165599060E-1,9.836794281E0,9.866628757E0
7.052409725E1,2.704875183E-1,6.655160522E-1,9.855655060E0,9.881802051E0
7.053412825E1,2.492317200E-1,6.327342224E-1,9.866582336E0,9.889990700E0
7.054416025E1,2.516267395E-1,6.188131714E-1,9.864935760E0,9.887527664E0
7.055419125E1,2.585124207E-1,6.173162842E-1,9.830657043E0,9.853411895E0
7.056422325E1,2.630030823E-1,6.018983459E-1,9.832752686E0,9.854667808E0
7.057425525E1,2.941383362E-1,6.024971008E-1,9.821376343E0,9.844234525E0
7.058428625E1,3.168910217E-1,5.792953491E-1,9.828711090E0,9.850866191E0
7.059431825E1,3.481759644E-1,5.502557373E-1,9.968819733E0,9.990063801E0
7.060434925E1,3.924838257E-1,5.643264771E-1,9.984836426E0,1.000846973E1
7.061438125E1,3.556604004E-1,5.644761658E-1,9.817185059E0,9.839829782E0
7.062441325E1,2.475851440E-1,5.593867493E-1,9.731563110E0,9.750770867E0
7.063444425E1,2.203417969E-1,5.755531311E-1,9.750124512E0,9.769582381E0
7.064447625E1,2.646496582E-1,5.986051941E-1,9.779164124E0,9.801041709E0
7.065450825E1,2.899470520E-1,6.246510315E-1,9.799222412E0,9.823391374E0
7.066453925E1,3.002755737E-1,6.276448059E-1,9.770182800E0,9.794926001E0
7.067457125E1,2.692900085E-1,6.568341064E-1,9.753417664E0,9.779217979E0
7.068460225E1,2.459385681E-1,6.704557800E-1,9.767338715E0,9.793411168E0
7.069463425E1,2.456391907E-1,6.994953918E-1,9.830357666E0,9.858273898E0
7.070466625E1,2.573149109E-1,7.174580383E-1,9.897418213E0,9.926723744E0
7.071469725E1,2.815644836E-1,7.047344971E-1,9.931696930E0,9.960649235E0
7.072472925E1,2.894979858E-1,7.081773376E-1,9.929152222E0,9.958583638E0
7.073476125E1,2.966830444E-1,6.896159363E-1,9.922416229E0,9.950775588E0
7.074479225E1,3.092568970E-1,6.480024719E-1,9.912985840E0,9.938955443E0
7.075482425E1,3.149450684E-1,6.230044556E-1,9.904603271E0,9.929173728E0
7.076485525E1,3.049159241E-1,6.182144165E-1,9.859546967E0,9.883614176E0
7.077488725E1,2.763253784E-1,6.008505249E-1,9.822124786E0,9.844364499E0
7.078491925E1,2.582130432E-1,5.896238708E-1,9.804311829E0,9.825419112E0
7.079495025E1,2.583627319E-1,6.015989685E-1,9.806706848E0,9.828538641E0
7.080498225E1,2.728825378E-1,5.906716919E-1,9.800868988E0,9.822443222E0
7.081501425E1,2.862048340E-1,6.113287354E-1,9.816885681E0,9.840065066E0
7.082504525E1,3.014730835E-1,6.119274902E-1,9.829459534E0,9.853101847E0
7.083507725E1,3.414399719E-1,6.092330933E-1,9.832902374E0,9.857672916E0
7.084510825E1,3.390449524E-1,6.059399414E-1,9.819879456E0,9.844396742E0
7.085514025E1,3.124003601E-1,5.992039490E-1,9.837991791E0,9.861172437E0
7.086517225E1,3.016227722E-1,6.007008362E-1,9.836794281E0,9.859733238E0
7.087520325E1,2.835104370E-1,6.170169067E-1,9.828112335E0,9.851542017E0
7.088523525E1,2.538720703E-1,6.426136780E-1,9.849817200E0,9.874021584E0
7.089526725E1,2.332150269E-1,6.509962463E-1,9.851912842E0,9.876151680E0
7.090529825E1,2.508782959E-1,6.539900208E-1,9.856104126E0,9.880963081E0
7.091533025E1,3.103047180E-1,6.420149231E-1,9.851014709E0,9.876789103E0
7.092536125E1,3.061134338E-1,6.179150391E-1,9.818532257E0,9.842718126E0
7.093539325E1,2.902464294E-1,6.047424316E-1,9.813143463E0,9.836042956E0
7.094542525E1,2.999761963E-1,6.131250000E-1,9.835147705E0,9.858805119E0
7.095545625E1,2.948867798E-1,6.469546509E-1,9.859696655E0,9.885298512E0
7.096548825E1,2.752775574E-1,6.505471802E-1,9.864935760E0,9.890194484E0
7.097551925E1,2.862048340E-1,6.484515381E-1,9.871072998E0,9.896488505E0
7.098555125E1,3.002755737E-1,6.427633667E-1,9.880802765E0,9.906239117E0
7.099558325E1,3.266207886E-1,6.337820435E-1,9.899364166E0,9.925007391E0
7.100561425E1,3.369493103E-1,6.345304871E-1,9.875264282E0,9.901363968E0
7.101564625E1,3.206332397E-1,6.556365967E-1,9.855954437E0,9.882939992E0
7.102567825E1,3.046165466E-1,6.620732117E-1,9.813143463E0,9.840168535E0
7.103570925E1,2.785707092E-1,6.500981140E-1,9.800868988E0,9.826355485E0
7.104574125E1,2.656974792E-1,6.249504089E-1,9.801617432E0,9.825113864E0
7.105577225E1,2.739303589E-1,6.122268677E-1,9.814640350E0,9.837531438E0
7.106580425E1,2.954855347E-1,5.734574890E-1,9.848919067E0,9.870023910E0
7.107583625E1,2.746788025E-1,5.486091614E-1,9.857301636E0,9.876376663E0
7.108586725E1,2.829116821E-1,5.457650757E-1,9.873468018E0,9.892586579E0
7.109589925E1,2.974314880E-1,5.617817688E-1,9.840386810E0,9.860896350E0
7.110593125E1,3.065625000E-1,5.653742981E-1,9.821526031E0,9.842560757E0
7.111596225E1,2.821632385E-1,5.824388123E-1,9.804910583E0,9.826246619E0
7.112599425E1,2.917433167E-1,5.828878784E-1,9.786947937E0,9.808629994E0
7.113602525E1,3.088078308E-1,5.941145325E-1,9.812993774E0,9.835811160E0
7.114605725E1,2.945874023E-1,6.179150391E-1,9.831405487E0,9.855208500E0
7.115608900E1,2.865042114E-1,6.004014587E-1,9.851314087E0,9.873750848E0
7.116612000E1,2.851570129E-1,6.044430542E-1,9.863738251E0,9.886354141E0
7.117615200E1,2.685415649E-1,6.007008362E-1,9.873468018E0,9.895368955E0
7.118618400E1,2.814147949E-1,6.270460510E-1,9.863438873E0,9.887355938E0
7.119621500E1,2.815644836E-1,6.535409546E-1,9.867779846E0,9.893405553E0
7.120624700E1,2.878514099E-1,6.842271423E-1,9.818681946E0,9.846702005E0
7.121627800E1,2.842588806E-1,7.092251587E-1,9.808203735E0,9.837919696E0
7.122631000E1,2.908451843E-1,7.006929016E-1,9.781409454E0,9.810786532E0
7.123634200E1,2.836601257E-1,6.746470642E-1,9.782606964E0,9.809944482E0
7.124637300E1,2.713856506E-1,6.352789307E-1,9.832602997E0,9.856840832E0
7.125640500E1,2.769241333E-1,5.962101746E-1,9.893975372E0,9.915790549E0
7.126643700E1,2.772235107E-1,5.878276062E-1,9.891730042E0,9.913057923E0
7.127646800E1,2.947370911E-1,5.801934814E-1,9.871522064E0,9.892949120E0
7.128650000E1,3.137475586E-1,5.824388123E-1,9.867779846E0,9.889931830E0
7.129653100E1,3.233276367E-1,5.987548828E-1,9.804012451E0,9.827599316E0
7.130656300E1,3.415896606E-1,5.788462830E-1,9.810898132E0,9.833893872E0
7.131659500E1,3.597019958E-1,5.739065552E-1,9.930798798E0,9.953869550E0
7.132662600E1,3.767665100E-1,5.568420410E-1,9.911039886E0,9.933817881E0
7.133665800E1,3.129991150E-1,5.516029358E-1,9.775272217E0,9.795824680E0
7.134669000E1,2.442919922E-1,5.423222351E-1,9.738299103E0,9.756447171E0
7.135672100E1,2.383044434E-1,5.469625854E-1,9.767787781E0,9.785991785E0
7.136675300E1,2.812651062E-1,5.634283447E-1,9.813592529E0,9.833776482E0
7.137678400E1,2.924917603E-1,5.613327026E-1,9.817334747E0,9.837718606E0
7.138681600E1,2.769241333E-1,5.830375671E-1,9.789792023E0,9.811047224E0
7.139684800E1,2.761756897E-1,6.375242615E-1,9.732311554E0,9.757079398E0
7.140687900E1,2.842588806E-1,6.927593994E-1,9.781110077E0,9.809731547E0
7.141691100E1,3.095562744E-1,7.177574158E-1,9.868977356E0,9.899884588E0
7.142694300E1,3.399430847E-1,7.435038757E-1,9.948013000E0,9.981549077E0
7.143697400E1,3.435356140E-1,7.210505676E-1,9.996961212E0,1.002881669E1
7.144700600E1,3.266207886E-1,6.773414612E-1,9.992320862E0,1.002057627E1
7.145703700E1,2.908451843E-1,6.346801758E-1,9.939780121E0,9.964268096E0
7.146706900E1,2.671943665E-1,5.945635986E-1,9.895921326E0,9.917366464E0
7.147710100E1,2.577639771E-1,5.665718079E-1,9.865833893E0,9.885450130E0
7.148713200E1,2.674937439E-1,5.644761658E-1,9.808054047E0,9.827925032E0
7.149716400E1,2.763253784E-1,5.724096680E-1,9.771979065E0,9.792629034E0
7.150719500E1,2.788700867E-1,5.945635986E-1,9.784552917E0,9.806566687E0
7.151722700E1,3.056643677E-1,5.989045715E-1,9.819430389E0,9.842425035E0
7.152725900E1,3.427871704E-1,6.167175293E-1,9.849068756E0,9.874310048E0
7.153729000E1,3.459306335E-1,5.998027039E-1,9.853559418E0,9.877857282E0
7.154732200E1,3.474275208E-1,6.060896301E-1,9.843979340E0,9.868737496E0
7.155735400E1,3.382965088E-1,6.038442993E-1,9.816137238E0,9.840509272E0
7.156738500E1,3.356021118E-1,5.851332092E-1,9.785301361E0,9.808523456E0
7.157741700E1,3.212319946E-1,5.813909912E-1,9.804461517E0,9.826935999E0
7.158744800E1,3.179388428E-1,5.864804077E-1,9.844428406E0,9.867006386E0
7.159748000E1,3.144960022E-1,5.921685791E-1,9.840686188E0,9.863502218E0
7.160751200E1,2.933898926E-1,6.218069458E-1,9.836345215E0,9.860345262E0
7.161754300E1,2.773731995E-1,6.444099426E-1,9.842931519E0,9.867902561E0
7.162757500E1,2.885998535E-1,6.809339905E-1,9.824370117E0,9.852167740E0
7.163760700E1,3.186872864E-1,6.629713440E-1,9.771829376E0,9.799476616E0
7.164763800E1,3.474275208E-1,6.384223938E-1,9.777218170E0,9.804197274E0
7.165767000E1,3.369493103E-1,6.004014587E-1,9.808802490E0,9.832935627E0
7.166770100E1,3.417393494E-1,5.736071777E-1,9.873018951E0,9.895570433E0
7.167773300E1,3.359014893E-1,5.704637146E-1,9.908644867E0,9.930735207E0
7.168776500E1,3.373983765E-1,5.821394348E-1,9.884395294E0,9.907269771E0
7.169779600E1,3.047662354E-1,5.977070618E-1,9.870324554E0,9.893100778E0
7.170782800E1,3.007246399E-1,6.221063232E-1,9.883197784E0,9.907323051E0
7.171786000E1,3.124003601E-1,6.256988525E-1,9.886191559E0,9.910896860E0
7.172789100E1,3.067121887E-1,6.328839111E-1,9.897567902E0,9.922523105E0
7.173792300E1,3.137475586E-1,6.469546509E-1,9.882000275E0,9.908123802E0
7.174795400E1,3.038681030E-1,6.469546509E-1,9.855355682E0,9.881240902E0
7.175798600E1,3.035687256E-1,6.411167908E-1,9.826166382E0,9.851737434E0
7.176801800E1,2.960842896E-1,6.215075684E-1,9.823621674E0,9.847714473E0
7.177804900E1,2.880010986E-1,5.984555054E-1,9.812993774E0,9.835443073E0
7.178808100E1,2.736309814E-1,5.668711853E-1,9.815688171E0,9.835850300E0
7.179811300E1,2.698887634E-1,5.411247253E-1,9.840686188E0,9.859247464E0
7.180814400E1,2.821632385E-1,5.375321960E-1,9.860295410E0,9.878966673E0
7.181817600E1,3.137475586E-1,5.264552307E-1,9.860295410E0,9.879322761E0
7.182820700E1,3.273692322E-1,5.475613403E-1,9.851463776E0,9.872098691E0
7.183823900E1,3.329077148E-1,5.634283447E-1,9.827812958E0,9.849577990E0
7.184827100E1,3.284170532E-1,5.694158936E-1,9.811197510E0,9.833193215E0
7.185830200E1,3.203338623E-1,5.867797852E-1,9.810299377E0,9.833051316E0
7.186833400E1,2.811154175E-1,5.769003296E-1,9.799072723E0,9.820064465E0
7.187836600E1,2.606080627E-1,5.614823914E-1,9.841135254E0,9.860584269E0
7.188839700E1,2.682421875E-1,5.583389282E-1,9.876611481E0,9.896016904E0
7.189842900E1,2.999761963E-1,5.824388123E-1,9.895621948E0,9.917285638E0
7.190846000E1,3.118016052E-1,6.111790466E-1,9.876761169E0,9.900564189E0
7.191849200E1,3.212319946E-1,6.451583862E-1,9.823471985E0,9.849874171E0
7.192852400E1,3.029699707E-1,6.607260132E-1,9.801168365E0,9.828084808E0
7.193855500E1,2.703378296E-1,6.646179199E-1,9.788744202E0,9.815004461E0
7.194858700E1,2.552192688E-1,6.267466736E-1,9.801318054E0,9.824651845E0
7.195861900E1,2.549198914E-1,5.851332092E-1,9.835746460E0,9.856433100E0
7.196865000E1,2.710862732E-1,5.658233643E-1,9.870773621E0,9.890693389E0
7.197868200E1,3.014730835E-1,5.632786560E-1,9.856403503E0,9.877087571E0
7.198871300E1,3.204835510E-1,5.733078003E-1,9.837243347E0,9.859145410E0
7.199874500E1,3.321592712E-1,5.851332092E-1,9.853260040E0,9.876205956E0
7.200877700E1,3.158432007E-1,5.806425476E-1,9.824669495E0,9.846879372E0
7.201880800E1,3.152444458E-1,5.664221191E-1,9.843530273E0,9.864851814E0
7.202884000E1,3.311114502E-1,5.472619629E-1,9.928254089E0,9.948837103E0
7.203887200E1,3.706292725E-1,5.652246094E-1,9.881251831E0,9.904341607E0
7.204890300E1,3.216810608E-1,5.469625854E-1,9.742191010E0,9.762834242E0
7.205893500E1,2.381547546E-1,5.376818848E-1,9.722881165E0,9.740648728E0
7.206896600E1,2.550695801E-1,5.237608337E-1,9.766290894E0,9.783650838E0
7.207899800E1,2.926414490E-1,5.171745300E-1,9.839338989E0,9.857266368E0
7.208903000E1,3.171903992E-1,5.304968262E-1,9.868827667E0,9.888164448E0
7.209906100E1,3.109034729E-1,5.885760498E-1,9.814640350E0,9.837186993E0
7.210909300E1,3.125500488E-1,6.529421997E-1,9.754016418E0,9.780841341E0
7.211912400E1,3.158432007E-1,6.852749634E-1,9.765542450E0,9.794650481E0
7.212915600E1,3.186872864E-1,7.125183105E-1,9.837692413E0,9.868608613E0
7.213918800E1,3.305126953E-1,7.164102173E-1,9.936786346E0,9.968059246E0
7.214921900E1,3.285667419E-1,6.866221619E-1,9.977651367E0,1.000664444E1
7.215925150E1,3.115022278E-1,6.468049622E-1,9.964478760E0,9.990306665E0
7.216928350E1,3.092568970E-1,6.027964783E-1,9.949360199E0,9.972400503E0
7.217931450E1,2.887495422E-1,5.417234802E-1,9.871072998E0,9.890142707E0
7.218934650E1,2.752775574E-1,5.333409119E-1,9.802964630E0,9.821320980E0
7.219937750E1,2.719844055E-1,5.376818848E-1,9.770482178E0,9.789044862E0
7.220940950E1,2.689906311E-1,5.854325867E-1,9.752070465E0,9.773329301E0
7.221944150E1,2.945874023E-1,5.927673340E-1,9.786498871E0,9.808859006E0
7.222947250E1,3.141966248E-1,5.911207581E-1,9.854906616E0,9.877617511E0
7.223950450E1,3.448828125E-1,6.008505249E-1,9.890831909E0,9.915065374E0
7.224953650E1,3.691323853E-1,5.860313416E-1,9.892478485E0,9.916694108E0
7.225956750E1,3.582051086E-1,5.763015747E-1,9.861941986E0,9.885258426E0
7.226959950E1,3.492237854E-1,5.685177612E-1,9.831555176E0,9.854169010E0
7.227963050E1,3.155438232E-1,5.526507568E-1,9.797426147E0,9.818072615E0
7.228966250E1,2.829116821E-1,5.542973328E-1,9.809850311E0,9.829570066E0
7.229969450E1,2.731819153E-1,5.786965942E-1,9.848619690E0,9.869388426E0
7.230972550E1,2.908451843E-1,6.111790466E-1,9.836794281E0,9.860053371E0
7.231975750E1,2.731819153E-1,6.228547668E-1,9.828112335E0,9.851617557E0
7.232978950E1,2.923420715E-1,6.346801758E-1,9.873917084E0,9.898612094E0
7.233982050E1,3.282673645E-1,6.515950012E-1,9.865833893E0,9.892775844E0
7.234985250E1,3.570075989E-1,6.227050781E-1,9.835297394E0,9.861454805E0
7.235988450E1,3.614982605E-1,6.068380737E-1,9.858199768E0,9.883472877E0
7.236991550E1,3.683839417E-1,5.873785400E-1,9.844428406E0,9.868814058E0
7.237994750E1,3.510200500E-1,5.707630920E-1,9.808652802E0,9.831513381E0
7.238997850E1,3.140469360E-1,5.700146484E-1,9.798024902E0,9.819614767E0
7.240001050E1,2.661465454E-1,5.737568665E-1,9.798773346E0,9.819164425E0
7.241004250E1,2.601589966E-1,5.870791626E-1,9.836644592E0,9.857581929E0
7.242007350E1,2.809657288E-1,6.117778015E-1,9.860744476E0,9.883698470E0
7.243010550E1,3.080593872E-1,6.176156616E-1,9.889484711E0,9.913539102E0
7.244013650E1,3.215313721E-1,6.399192810E-1,9.912087708E0,9.937925429E0
7.245016850E1,3.278182983E-1,6.316864014E-1,9.909542999E0,9.935065928E0
7.246020050E1,2.918930054E-1,6.111790466E-1,9.862690430E0,9.885919475E0
7.247023150E1,2.758763123E-1,6.065386963E-1,9.835746460E0,9.858291198E0
7.248026350E1,2.815644836E-1,5.966592407E-1,9.817035370E0,9.839180060E0
7.249029550E1,2.799179077E-1,5.664221191E-1,9.808952179E0,9.829279267E0
7.250032650E1,2.944377136E-1,5.501060486E-1,9.810000000E0,9.829822492E0
7.251035850E1,3.004252625E-1,5.266049194E-1,9.837393036E0,9.856057519E0
7.252038950E1,2.984793091E-1,5.022056580E-1,9.840835876E0,9.858161653E0
7.253042150E1,2.993774414E-1,5.138813782E-1,9.850116577E0,9.868054393E0
7.254045350E1,3.056643677E-1,5.315446472E-1,9.835746460E0,9.854840376E0
7.255048450E1,3.038681030E-1,5.477110291E-1,9.815538483E0,9.835502982E0
7.256051650E1,3.308120728E-1,5.725593567E-1,9.830207977E0,9.852423546E0
7.257054850E1,3.388952637E-1,5.837860107E-1,9.834548950E0,9.857687820E0
7.258057950E1,3.365002441E-1,5.942642212E-1,9.840686188E0,9.864354364E0
7.259061150E1,3.216810608E-1,5.767506409E-1,9.839488678E0,9.861625497E0
7.260064250E1,2.894979858E-1,5.716612244E-1,9.835596771E0,9.856448117E0
7.261067450E1,2.624043274E-1,5.581892395E-1,9.843679962E0,9.862984663E0
7.262070650E1,2.483335876E-1,5.766009521E-1,9.835746460E0,9.855762104E0
7.263073750E1,2.673440552E-1,6.134243774E-1,9.824519806E0,9.847281438E0
7.264076950E1,3.153941345E-1,6.466552734E-1,9.814041595E0,9.840378496E0
7.265080150E1,3.327580261E-1,6.801855469E-1,9.799671478E0,9.828883017E0
7.266083250E1,3.176394653E-1,6.596781921E-1,9.801018677E0,9.828328304E0
7.267086450E1,3.053649902E-1,6.239025879E-1,9.838291168E0,9.862782332E0
7.268089550E1,2.829116821E-1,5.721102905E-1,9.899364166E0,9.919917343E0
7.269092750E1,2.902464294E-1,5.435197449E-1,9.931996307E0,9.951090762E0
7.270095950E1,2.872526550E-1,5.622308350E-1,9.891879730E0,9.912007980E0
7.271099050E1,2.863545227E-1,5.592370605E-1,9.833201752E0,9.853253356E0
7.272102250E1,3.076103210E-1,5.766009521E-1,9.858199768E0,9.879837824E0
7.273105450E1,3.418890381E-1,5.843847656E-1,9.858798523E0,9.882019125E0
7.274108550E1,3.430865479E-1,5.798941040E-1,9.833201752E0,9.856259039E0
7.275111750E1,3.300636292E-1,5.700146484E-1,9.845176849E0,9.867186321E0
7.276114850E1,3.408412170E-1,5.685177612E-1,9.837991791E0,9.860297544E0
7.277118050E1,3.080593872E-1,5.550457764E-1,9.734556885E0,9.755233167E0
7.278121250E1,2.387535095E-1,5.333409119E-1,9.732311554E0,9.749838150E0
7.279124350E1,2.430944824E-1,5.037025452E-1,9.802216187E0,9.818159367E0
7.280127550E1,2.664459229E-1,4.456233215E-1,9.849966888E0,9.863641380E0
7.281130750E1,2.833607483E-1,4.558021545E-1,9.835447083E0,9.850079605E0
7.282133850E1,2.567161560E-1,5.245092773E-1,9.771679688E0,9.789113192E0
7.283137050E1,2.745291138E-1,6.262976074E-1,9.739646301E0,9.763622535E0
7.284140150E1,3.213816833E-1,6.953041077E-1,9.747130737E0,9.777182191E0
7.285143350E1,3.547622681E-1,7.325765991E-1,9.811347198E0,9.845052493E0
7.286146550E1,3.450325012E-1,7.304809570E-1,9.874815216E0,9.907806286E0
7.287149650E1,3.234773254E-1,6.876699829E-1,9.945767670E0,9.974759251E0
7.288152850E1,2.953358459E-1,6.406677246E-1,9.968220978E0,9.993153049E0
7.289156050E1,2.740800476E-1,5.800437927E-1,9.940827942E0,9.961507458E0
7.290159150E1,2.570155334E-1,5.557942200E-1,9.890981598E0,9.909918323E0
7.291162350E1,2.713856506E-1,5.568420410E-1,9.858798523E0,9.878240306E0
7.292165450E1,3.107537842E-1,5.665718079E-1,9.815239105E0,9.836487697E0
7.293168650E1,3.321592712E-1,5.833369446E-1,9.818083191E0,9.841004487E0
7.294171850E1,3.585044861E-1,5.879772949E-1,9.859397278E0,9.883418308E0
7.295174950E1,3.607498169E-1,5.766009521E-1,9.899364166E0,9.922702252E0
7.296178150E1,3.808081055E-1,5.686674500E-1,9.922416229E0,9.945991218E0
7.297181350E1,3.824546814E-1,5.673202515E-1,9.920320587E0,9.943886786E0
7.298184450E1,3.784130859E-1,5.536985779E-1,9.882898407E0,9.905627668E0
7.299187650E1,3.523672485E-1,5.294490051E-1,9.836943970E0,9.857481706E0
7.300190750E1,3.329077148E-1,5.099894714E-1,9.797426147E0,9.816337195E0
7.301193950E1,3.016227722E-1,5.260061646E-1,9.785600739E0,9.804368445E0
7.302197150E1,2.938389587E-1,5.616320801E-1,9.820328522E0,9.840763395E0
7.303200250E1,2.796185303E-1,5.894741821E-1,9.792636108E0,9.814346045E0
7.304203450E1,2.444416809E-1,6.242019653E-1,9.744436340E0,9.767467400E0
7.305206650E1,2.338137817E-1,6.477030945E-1,9.802665253E0,9.826822184E0
7.306209750E1,2.496807861E-1,6.643185425E-1,9.818981323E0,9.844595159E0
7.307212950E1,3.125500488E-1,6.506968689E-1,9.838590546E0,9.865037145E0
7.308216050E1,3.532653809E-1,6.120771790E-1,9.879455566E0,9.904699753E0
7.309219250E1,3.763174438E-1,5.939648438E-1,9.866282959E0,9.891306713E0
7.310222450E1,3.477268982E-1,5.861810303E-1,9.809700623E0,9.833348794E0
7.311225550E1,3.013233948E-1,5.659730530E-1,9.791887665E0,9.812858163E0
7.312228750E1,2.622546387E-1,5.572911072E-1,9.806257782E0,9.825581029E0
7.313231950E1,2.469863892E-1,5.643264771E-1,9.800270233E0,9.819611158E0
7.314235050E1,2.642005920E-1,5.662724304E-1,9.813442841E0,9.833317182E0
7.315238250E1,2.877017212E-1,5.945635986E-1,9.878557434E0,9.900614887E0
7.316241375E1,3.393443298E-1,5.959107971E-1,9.939031677E0,9.962661037E0
7.317244575E1,3.701802063E-1,5.932164001E-1,9.979297943E0,1.000376562E1
7.318247775E1,3.709286499E-1,5.965095520E-1,9.972711639E0,9.997419125E0
7.319250875E1,3.255729675E-1,5.734574890E-1,9.934541016E0,9.956402786E0
7.320254075E1,3.046165466E-1,5.361849976E-1,9.852361908E0,9.871642252E0
7.321257275E1,2.881507874E-1,5.180726624E-1,9.795180817E0,9.813103352E0
7.322260375E1,2.790197754E-1,5.068460083E-1,9.748178558E0,9.765333078E0
7.323263575E1,2.803669739E-1,4.884342957E-1,9.732461243E0,9.748742254E0
7.324266675E1,3.029699707E-1,5.017565918E-1,9.799072723E0,9.816586816E0
7.325269875E1,3.306623840E-1,5.113366699E-1,9.847721558E0,9.866530428E0
7.326273075E1,3.356021118E-1,5.507048035E-1,9.860744476E0,9.881810876E0
7.327276175E1,3.056643677E-1,5.740562439E-1,9.877958679E0,9.899345380E0
7.328279375E1,2.999761963E-1,5.740562439E-1,9.860894165E0,9.882143493E0
7.329282575E1,2.959346008E-1,6.165678406E-1,9.849667511E0,9.873382565E0
7.330285675E1,2.844085693E-1,6.011499023E-1,9.820478210E0,9.842970168E0
7.331288875E1,2.872526550E-1,6.072871399E-1,9.799521790E0,9.822522032E0
7.332291975E1,2.791694641E-1,5.996530151E-1,9.787696381E0,9.810021395E0
7.333295175E1,2.850073242E-1,5.891748047E-1,9.835896149E0,9.857647243E0
7.334298375E1,2.890489197E-1,5.727090454E-1,9.902058563E0,9.922817580E0
7.335301475E1,2.743794250E-1,5.668711853E-1,9.916877747E0,9.936855199E0
7.336304675E1,2.674937439E-1,5.547463989E-1,9.899364166E0,9.918503283E0
7.337307875E1,2.862048340E-1,5.712121582E-1,9.867779846E0,9.888441517E0
7.338310975E1,2.983296204E-1,5.754034424E-1,9.862989807E0,9.884263130E0
7.339314175E1,3.179388428E-1,5.947132874E-1,9.843979340E0,9.867051142E0
7.340317275E1,3.351530457E-1,6.144721985E-1,9.803413696E0,9.828368316E0
7.341320475E1,3.481759644E-1,6.020480347E-1,9.761351166E0,9.786095489E0
7.342323675E1,3.095562744E-1,5.822891235E-1,9.746531982E0,9.768816274E0
7.343326775E1,2.700384521E-1,5.578898621E-1,9.760303345E0,9.779963356E0
7.344329975E1,2.644999695E-1,5.158273315E-1,9.811646576E0,9.828756106E0
7.345333175E1,2.830613708E-1,5.209167480E-1,9.893675995E0,9.911422839E0
7.346336275E1,2.929408264E-1,5.384303284E-1,9.927206268E0,9.946112097E0
7.347339475E1,3.206332397E-1,5.547463989E-1,9.922116852E0,9.942783919E0
7.348342575E1,3.338058472E-1,5.816903687E-1,9.939780121E0,9.962380181E0
7.349345775E1,3.321592712E-1,5.888754272E-1,9.925859070E0,9.948858343E0
7.350348975E1,3.237767029E-1,5.622308350E-1,9.865684204E0,9.886994472E0
7.351352075E1,3.007246399E-1,5.547463989E-1,9.820178833E0,9.840431453E0
7.352355275E1,3.156935120E-1,5.423222351E-1,9.812395020E0,9.832439769E0
7.353358475E1,2.915936279E-1,5.224136353E-1,9.735604706E0,9.753970568E0
7.354361575E1,2.290237427E-1,5.117857361E-1,9.755363617E0,9.771463340E0
7.355364775E1,2.104623413E-1,4.761598206E-1,9.810299377E0,9.824102832E0
7.356367875E1,2.624043274E-1,4.481680298E-1,9.873018951E0,9.886668490E0
7.357371075E1,2.559677124E-1,4.638853455E-1,9.860894165E0,9.875117357E0
7.358374275E1,2.371069336E-1,5.291496277E-1,9.806257782E0,9.823385909E0
7.359377375E1,2.639012146E-1,6.336323547E-1,9.732910309E0,9.757083421E0
7.360380575E1,2.748284912E-1,7.277865601E-1,9.711654510E0,9.742763330E0
7.361383775E1,3.037184143E-1,7.632627869E-1,9.783954163E0,9.818379398E0
7.362386875E1,3.378474426E-1,7.689509583E-1,9.912686462E0,9.948204832E0
7.363390075E1,3.544628906E-1,7.119195557E-1,1.001821701E1,1.004973360E1
7.364393175E1,3.658392334E-1,6.490502930E-1,1.003752686E1,1.006514034E1
7.365396375E1,3.486250305E-1,5.944139099E-1,9.987830200E0,1.001157427E1
7.366399575E1,3.083587646E-1,5.572911072E-1,9.899663544E0,9.920130885E0
7.367402675E1,2.718347168E-1,5.249583435E-1,9.810898132E0,9.828692565E0
7.368405875E1,2.565664673E-1,5.246589661E-1,9.752369843E0,9.769841909E0
7.369409075E1,2.743794250E-1,5.316943359E-1,9.748927002E0,9.767269865E0
7.370412175E1,3.097059631E-1,5.352868652E-1,9.778265991E0,9.797802591E0
7.371415375E1,3.426374817E-1,5.385800171E-1,9.842632141E0,9.863309604E0
7.372418475E1,3.477268982E-1,5.439688110E-1,9.894424438E0,9.915465245E0
7.373421675E1,3.733236694E-1,5.212161255E-1,9.917326813E0,9.938028372E0
7.374424875E1,3.453318787E-1,5.258564758E-1,9.882149963E0,9.902154666E0
7.375427975E1,3.089575195E-1,5.278024292E-1,9.839638367E0,9.858626341E0
7.376431175E1,2.793191528E-1,5.267546082E-1,9.788893890E0,9.807034883E0
7.377434375E1,2.552192688E-1,5.508544922E-1,9.758956146E0,9.777821977E0
7.378437475E1,2.612068176E-1,5.774990845E-1,9.792785797E0,9.813276102E0
7.379440675E1,2.788700867E-1,6.312373352E-1,9.782157898E0,9.806469407E0
7.380443775E1,2.859054565E-1,6.505471802E-1,9.795929260E0,9.821669086E0
7.381446975E1,2.962339783E-1,6.620732117E-1,9.843679962E0,9.870366290E0
7.382450175E1,3.173400879E-1,6.882687378E-1,9.867929535E0,9.896992063E0
7.383453275E1,3.579057312E-1,6.619235229E-1,9.907447357E0,9.935982709E0
7.384456475E1,3.632945251E-1,6.324348450E-1,9.932744751E0,9.959486685E0
7.385459675E1,3.700305176E-1,6.116281128E-1,9.868528290E0,9.894385385E0
7.386462775E1,3.513194275E-1,5.945635986E-1,9.792785797E0,9.817106747E0
7.387465975E1,3.026705933E-1,5.731581116E-1,9.778265991E0,9.799724767E0
7.388469075E1,2.941383362E-1,5.718109131E-1,9.815239105E0,9.836279976E0
7.389472275E1,2.853067017E-1,5.900729370E-1,9.854307861E0,9.876080671E0
7.390475475E1,2.844085693E-1,5.956114197E-1,9.895771637E0,9.917758693E0
7.391478575E1,3.035687256E-1,6.150709534E-1,9.916428680E0,9.940121932E0
7.392481775E1,3.336561584E-1,6.158193970E-1,9.935738525E0,9.960394571E0
7.393484975E1,3.447331238E-1,6.387217712E-1,9.915530548E0,9.942059770E0
7.394488075E1,3.261717224E-1,6.200106812E-1,9.863438873E0,9.888287397E0
7.395491275E1,3.053649902E-1,6.099815369E-1,9.806407471E0,9.830104411E0
7.396494375E1,2.760260010E-1,5.836363220E-1,9.804611206E0,9.825844626E0
7.397497575E1,2.498304749E-1,5.575904846E-1,9.789043579E0,9.808093424E0
7.398500775E1,2.644999695E-1,5.415737915E-1,9.771829376E0,9.790398958E0
7.399503875E1,2.779719543E-1,5.361849976E-1,9.766290894E0,9.784947653E0
7.400507075E1,2.999761963E-1,5.251080322E-1,9.805359650E0,9.823991145E0
7.401510275E1,3.246748352E-1,5.236111450E-1,9.842332764E0,9.861597062E0
7.402513375E1,3.165916443E-1,5.399272156E-1,9.875264282E0,9.895079399E0
7.403516575E1,3.332070923E-1,5.691165161E-1,9.864935760E0,9.886954948E0
7.404519675E1,3.344046021E-1,5.843847656E-1,9.863139496E0,9.886093905E0
7.405522875E1,3.124003601E-1,5.986051941E-1,9.859996033E0,9.883088785E0
7.406526075E1,3.186872864E-1,5.939648438E-1,9.871522064E0,9.894508764E0
7.407529175E1,2.986289978E-1,5.845344543E-1,9.848919067E0,9.870768288E0
7.408532375E1,2.995271301E-1,5.863307190E-1,9.852062531E0,9.874038501E0
7.409535575E1,2.923420715E-1,5.788462830E-1,9.839937744E0,9.861282965E0
7.410538675E1,3.031196594E-1,5.864804077E-1,9.827663269E0,9.849812492E0
7.411541875E1,3.044668579E-1,6.010002136E-1,9.854906616E0,9.877908976E0
7.412544975E1,2.927911377E-1,5.941145325E-1,9.870324554E0,9.892522708E0
7.413548175E1,2.987786865E-1,5.983058167E-1,9.870474243E0,9.893103676E0
7.414551375E1,3.056643677E-1,6.074368286E-1,9.851763153E0,9.875203665E0
7.415554467E1,3.022215271E-1,6.015989685E-1,9.834249573E0,9.857267564E0
7.416557667E1,3.013233948E-1,5.923182678E-1,9.815089417E0,9.837561536E0
7.417560867E1,3.257226562E-1,5.852828979E-1,9.819729767E0,9.842547638E0
7.418563967E1,3.432362366E-1,5.739065552E-1,9.855205994E0,9.877867433E0
7.419567167E1,3.387455750E-1,5.578898621E-1,9.871671753E0,9.893224594E0
7.420570267E1,3.207829285E-1,5.584886169E-1,9.885443115E0,9.906401809E0
7.421573467E1,2.887495422E-1,5.566923523E-1,9.872420197E0,9.892318394E0
7.422576667E1,2.662962341E-1,5.397775269E-1,9.872719574E0,9.891049755E0
7.423579767E1,2.659968567E-1,5.453160095E-1,9.879305878E0,9.897919403E0
7.424582967E1,2.945874023E-1,5.794450378E-1,9.848020935E0,9.869450574E0
7.425586167E1,3.189866638E-1,5.897735596E-1,9.836794281E0,9.859620027E0
7.426589267E1,3.288661194E-1,5.766009521E-1,9.785001984E0,9.807491290E0
7.427592467E1,3.112028503E-1,5.719606018E-1,9.762548676E0,9.784239510E0
7.428595567E1,2.862048340E-1,5.460644531E-1,9.784552917E0,9.803957129E0
7.429598767E1,2.631527710E-1,5.315446472E-1,9.819280701E0,9.837177571E0
7.430601967E1,2.642005920E-1,5.319937134E-1,9.847272491E0,9.865170793E0
7.431605067E1,2.685415649E-1,5.629792786E-1,9.839788055E0,9.859537982E0
7.432608267E1,2.525248718E-1,5.881269836E-1,9.808054047E0,9.828915827E0
7.433611467E1,2.311193848E-1,6.215075684E-1,9.801617432E0,9.824021178E0
7.434614567E1,2.472857666E-1,6.286926270E-1,9.843979340E0,9.867134027E0
7.435617767E1,3.156935120E-1,6.357279968E-1,9.889335022E0,9.914774816E0
7.436620867E1,3.694317627E-1,6.277944946E-1,9.922865295E0,9.949565891E0
7.437624067E1,3.933819580E-1,5.854325867E-1,9.845027161E0,9.870260405E0
7.438627267E1,3.263214111E-1,5.581892395E-1,9.755962372E0,9.777364813E0
7.439630367E1,2.808160400E-1,5.159770203E-1,9.782606964E0,9.800229025E0
7.440633567E1,2.999761963E-1,4.858895874E-1,9.819280701E0,9.835870469E0
7.441636767E1,3.324586487E-1,4.670288086E-1,9.833800507E0,9.850496285E0
7.442639867E1,3.180885315E-1,4.775070190E-1,9.801617432E0,9.818395874E0
7.443643067E1,2.868035889E-1,5.156776428E-1,9.709109802E0,9.727023845E0
7.444646167E1,2.694396973E-1,5.924679565E-1,9.682764587E0,9.704614680E0
7.445649367E1,2.905458069E-1,6.830296326E-1,9.738598480E0,9.766844255E0
7.446652567E1,3.230282593E-1,7.194039917E-1,9.849368134E0,9.880887713E0
7.447655667E1,3.661386108E-1,7.161108398E-1,9.993967438E0,1.002627834E1
7.448658867E1,3.983216858E-1,6.942562866E-1,1.007150620E1,1.010326130E1
7.449662067E1,3.918850708E-1,6.439608765E-1,1.007225464E1,1.010042440E1
7.450665167E1,3.460803223E-1,5.957611084E-1,1.002121078E1,1.004486777E1
7.451668367E1,3.055146790E-1,5.438191223E-1,9.917925568E0,9.937521121E0
7.452671467E1,2.631527710E-1,5.354365540E-1,9.794881439E0,9.813034398E0
7.453674667E1,2.534230042E-1,5.415737915E-1,9.702224121E0,9.720631579E0
7.454677867E1,2.576142883E-1,5.830375671E-1,9.714797974E0,9.735686807E0
7.455680967E1,2.854563904E-1,5.878276062E-1,9.776769104E0,9.798583610E0
7.456684167E1,3.224295044E-1,5.827381897E-1,9.878707123E0,9.901131198E0
7.457687367E1,3.357518005E-1,5.783972168E-1,9.942025452E0,9.964494101E0
7.458690467E1,3.514691162E-1,5.605842590E-1,9.934990082E0,9.956998201E0
7.459693667E1,3.291654968E-1,5.569917297E-1,9.854906616E0,9.876121411E0
7.460696767E1,2.969824219E-1,5.653742981E-1,9.774523773E0,9.795364294E0
7.461699967E1,2.718347168E-1,5.499563599E-1,9.713899841E0,9.733252090E0
7.462703167E1,2.556683350E-1,5.598358154E-1,9.716294861E0,9.735767472E0
7.463706267E1,2.664459229E-1,5.646258545E-1,9.776769104E0,9.796683617E0
7.464709467E1,2.880010986E-1,6.012995911E-1,9.837991791E0,9.860557201E0
7.465712667E1,3.064128113E-1,6.276448059E-1,9.889634399E0,9.914267263E0
7.466715767E1,3.194357300E-1,6.578819275E-1,9.919871521E0,9.946793393E0
7.467718967E1,3.520678711E-1,6.767427063E-1,9.918674011E0,9.947965954E0
7.468722167E1,3.767665100E-1,6.701564026E-1,9.892927551E0,9.922755572E0
7.469725267E1,3.656895447E-1,6.331832886E-1,9.877958679E0,9.904984482E0
7.470728467E1,3.480262756E-1,6.044430542E-1,9.831255798E0,9.855965923E0
7.471731567E1,3.402424622E-1,5.595364380E-1,9.768087158E0,9.790013927E0
7.472734767E1,2.914439392E-1,5.309458923E-1,9.773475952E0,9.792225247E0
7.473737967E1,2.806663513E-1,5.056484985E-1,9.797725525E0,9.814778625E0
7.474741067E1,2.866539001E-1,5.225633240E-1,9.811197510E0,9.829284789E0
7.475744267E1,2.942880249E-1,5.396278381E-1,9.848020935E0,9.867183995E0
7.476747467E1,3.022215271E-1,5.804928589E-1,9.855355682E0,9.877061579E0
7.477750567E1,3.086581421E-1,6.164181519E-1,9.876461792E0,9.900491842E0
7.478753767E1,3.182382202E-1,6.351292419E-1,9.882000275E0,9.907501913E0
7.479756867E1,3.311114502E-1,6.608757019E-1,9.873468018E0,9.901099039E0
7.480760067E1,3.131488037E-1,6.658154297E-1,9.859846344E0,9.887261617E0
7.481763267E1,3.040177917E-1,6.430627441E-1,9.835447083E0,9.861134611E0
7.482766367E1,3.026705933E-1,6.243516541E-1,9.826765137E0,9.851230255E0
7.483769567E1,3.097059631E-1,5.905220032E-1,9.808054047E0,9.830694696E0
7.484772767E1,3.135978699E-1,5.548960876E-1,9.816885681E0,9.837555477E0
7.485775867E1,3.101550293E-1,5.504054260E-1,9.858499146E0,9.878721966E0
7.486779067E1,3.058140564E-1,5.357359314E-1,9.872270508E0,9.891524665E0
7.487782167E1,3.113525391E-1,5.519023132E-1,9.877509613E0,9.897814543E0
7.488785367E1,3.004252625E-1,5.595364380E-1,9.859846344E0,9.880278655E0
7.489788567E1,3.100053406E-1,5.801934814E-1,9.834848328E0,9.856823495E0
7.490791667E1,3.089575195E-1,5.821394348E-1,9.821825409E0,9.843911592E0
7.491794867E1,3.034190369E-1,5.861810303E-1,9.810299377E0,9.832479097E0
7.492798067E1,3.089575195E-1,5.956114197E-1,9.817035370E0,9.839938575E0
7.493801167E1,2.975811768E-1,5.956114197E-1,9.839788055E0,9.862288603E0
7.494804367E1,2.932402039E-1,5.962101746E-1,9.853110352E0,9.875486823E0
7.495807467E1,3.011737061E-1,5.960604858E-1,9.853559418E0,9.876164585E0
7.496810667E1,2.854563904E-1,6.131250000E-1,9.838590546E0,9.861808736E0
7.497813867E1,2.862048340E-1,6.099815369E-1,9.828112335E0,9.851181795E0
7.498816967E1,2.788700867E-1,6.111790466E-1,9.819131012E0,9.842085256E0
7.499820167E1,2.659968567E-1,6.192622375E-1,9.820029144E0,9.843130216E0
7.500823367E1,2.936892700E-1,6.210585022E-1,9.830207977E0,9.854184691E0
7.501826467E1,3.056643677E-1,6.113287354E-1,9.824370117E0,9.848116659E0
7.502829667E1,3.185375977E-1,6.077362061E-1,9.840386810E0,9.864280109E0
7.503832767E1,3.499722290E-1,6.066883850E-1,9.874366150E0,9.899174623E0
7.504835967E1,3.397933960E-1,5.956114197E-1,9.869426422E0,9.893219416E0
7.505839167E1,3.264710999E-1,5.843847656E-1,9.854307861E0,9.877017382E0
7.506842267E1,3.138972473E-1,5.701643372E-1,9.840686188E0,9.862186548E0
7.507845467E1,2.971321106E-1,5.833369446E-1,9.832902374E0,9.854670902E0
7.508848667E1,2.893482971E-1,5.860313416E-1,9.832004242E0,9.853702988E0
7.509851767E1,2.972817993E-1,5.872288513E-1,9.840985565E0,9.862971717E0
7.510854967E1,3.082090759E-1,6.024971008E-1,9.852062531E0,9.875278816E0
7.511858067E1,3.251239014E-1,6.224057007E-1,9.879754944E0,9.904678297E0
7.512861267E1,3.234773254E-1,6.044430542E-1,9.877210236E0,9.900973236E0
7.513864467E1,3.122506714E-1,5.825885010E-1,9.850415955E0,9.872568274E0
7.514867567E1,2.894979858E-1,5.770500183E-1,9.826465759E0,9.847650741E0
7.515870717E1,2.715353394E-1,5.876779175E-1,9.814191284E0,9.835519678E0
7.516873917E1,2.788700867E-1,6.122268677E-1,9.825567627E0,9.848571950E0
7.517877017E1,3.052153015E-1,6.280938721E-1,9.833800507E0,9.858564332E0
7.518880217E1,3.140469360E-1,6.459068298E-1,9.815239105E0,9.841480570E0
7.519883317E1,3.034190369E-1,6.542893982E-1,9.807155914E0,9.833639451E0
7.520886517E1,2.902464294E-1,6.369255066E-1,9.814041595E0,9.838969942E0
7.521889717E1,2.903961182E-1,6.096821594E-1,9.831555176E0,9.854720667E0
7.522892817E1,2.784210205E-1,6.010002136E-1,9.861343231E0,9.883562609E0
7.523896017E1,2.859054565E-1,6.029461670E-1,9.862989807E0,9.885537615E0
7.524899217E1,2.832110596E-1,6.122268677E-1,9.827663269E0,9.850786546E0
7.525902317E1,2.975811768E-1,6.262976074E-1,9.837542725E0,9.861949610E0
7.526905517E1,3.059637451E-1,6.427633667E-1,9.831106110E0,9.856845636E0
7.527908717E1,3.435356140E-1,6.387217712E-1,9.859846344E0,9.886483305E0
7.528911817E1,3.356021118E-1,6.081852722E-1,9.924960938E0,9.949239555E0
7.529915017E1,3.583547974E-1,5.694158936E-1,9.929900665E0,9.952666971E0
7.530918117E1,3.197351074E-1,5.411247253E-1,9.810449066E0,9.830562415E0
7.531921317E1,2.347119141E-1,5.213658142E-1,9.738598480E0,9.755368386E0
7.532924517E1,2.387535095E-1,5.204676819E-1,9.777218170E0,9.793971870E0
7.533927617E1,2.956352234E-1,5.322930908E-1,9.793683929E0,9.812592982E0
7.534930817E1,3.475772095E-1,5.855822754E-1,9.823322296E0,9.846896844E0
7.535934017E1,3.477268982E-1,6.200106812E-1,9.791887665E0,9.817657118E0
7.536937117E1,3.179388428E-1,6.652166748E-1,9.749974823E0,9.777811994E0
7.537940317E1,2.960842896E-1,7.223977661E-1,9.768087158E0,9.799237275E0
7.538943417E1,2.764750671E-1,7.384144592E-1,9.801318054E0,9.832981744E0
7.539946617E1,2.664459229E-1,7.444020081E-1,9.856104126E0,9.887765992E0
7.540949817E1,2.899470520E-1,7.390132141E-1,9.920021210E0,9.951735056E0
7.541952917E1,3.242257690E-1,7.029382324E-1,9.955796814E0,9.985846720E0
7.542956117E1,3.393443298E-1,6.635700989E-1,9.974358215E0,1.000216485E1
7.543959317E1,3.385958862E-1,6.126759338E-1,9.967173157E0,9.991724561E0
7.544962417E1,3.409909058E-1,5.807922363E-1,9.916877747E0,9.939721257E0
7.545965617E1,3.266207886E-1,5.658233643E-1,9.870623932E0,9.892221895E0
7.546968717E1,3.016227722E-1,5.701643372E-1,9.801018677E0,9.822221275E0
7.547971917E1,2.921923828E-1,5.770500183E-1,9.779912567E0,9.801278128E0
7.548975117E1,3.079096985E-1,5.891748047E-1,9.778265991E0,9.800837777E0
7.549978217E1,3.230282593E-1,6.129753113E-1,9.793234863E0,9.817715369E0
7.550981417E1,3.282673645E-1,6.325845337E-1,9.830657043E0,9.856456795E0
7.551984617E1,3.287164307E-1,6.253994751E-1,9.875863037E0,9.901103460E0
7.552987717E1,3.302133179E-1,6.242019653E-1,9.864037628E0,9.889282444E0
7.553990917E1,2.992277527E-1,6.186634827E-1,9.831704865E0,9.855693902E0
7.554994017E1,2.826123047E-1,6.150709534E-1,9.833052063E0,9.856322583E0
7.555997217E1,2.776725769E-1,6.098318481E-1,9.819131012E0,9.841967830E0
7.557000417E1,2.733316040E-1,6.239025879E-1,9.815538483E0,9.839144287E0
7.558003517E1,2.977308655E-1,6.535409546E-1,9.809850311E0,9.836103018E0
7.559006717E1,3.008743286E-1,6.782395935E-1,9.814340973E0,9.842348451E0
7.560009917E1,2.945874023E-1,7.003935242E-1,9.833052063E0,9.862365117E0
7.561013017E1,3.062631226E-1,6.920109558E-1,9.821526031E0,9.850637028E0
7.562016217E1,3.382965088E-1,6.776408386E-1,9.828860779E0,9.857999079E0
7.563019317E1,3.613485718E-1,6.590794373E-1,9.866881714E0,9.895469329E0
7.564022517E1,3.480262756E-1,6.330335999E-1,9.855655060E0,9.882094438E0
7.565025717E1,3.350033569E-1,6.149212646E-1,9.838740234E0,9.863628380E0
7.566028817E1,3.035687256E-1,6.075865173E-1,9.815089417E0,9.838561663E0
7.567032017E1,2.883004761E-1,6.156697083E-1,9.832752686E0,9.856226039E0
7.568035217E1,2.866539001E-1,6.259982300E-1,9.865384827E0,9.889381276E0
7.569038317E1,3.026705933E-1,6.337820435E-1,9.880204010E0,9.905136064E0
7.570041517E1,3.132984924E-1,6.475534058E-1,9.884544983E0,9.910686701E0
7.571044617E1,3.165916443E-1,6.809339905E-1,9.888586578E0,9.917058328E0
7.572047817E1,3.243754578E-1,6.761439514E-1,9.861492920E0,9.889966263E0
7.573051017E1,3.121009827E-1,6.846762085E-1,9.852810974E0,9.881501537E0
7.574054117E1,2.927911377E-1,6.806346130E-1,9.829160156E0,9.857047200E0
7.575057317E1,2.721340942E-1,6.523434448E-1,9.802365875E0,9.827816934E0
7.576060517E1,2.704875183E-1,6.255491638E-1,9.790390778E0,9.814083087E0
7.577063617E1,2.748284912E-1,5.977070618E-1,9.807006226E0,9.829046522E0
7.578066817E1,2.871029663E-1,5.722599792E-1,9.810598755E0,9.831467720E0
7.579069917E1,3.089575195E-1,5.806425476E-1,9.836943970E0,9.858908012E0
7.580073117E1,3.100053406E-1,5.822891235E-1,9.858050079E0,9.880096928E0
7.581076317E1,3.342549133E-1,5.927673340E-1,9.849218445E0,9.872699906E0
7.582079417E1,3.233276367E-1,6.108796692E-1,9.828860779E0,9.853132443E0
7.583082617E1,3.064128113E-1,6.364764404E-1,9.826166382E0,9.851524594E0
7.584085817E1,3.046165466E-1,6.538403320E-1,9.793983307E0,9.820509530E0
7.585088917E1,2.963836670E-1,6.527925110E-1,9.804162140E0,9.830339598E0
7.586092117E1,2.823129272E-1,6.565347290E-1,9.824220428E0,9.850179971E0
7.587095317E1,2.999761963E-1,6.638694763E-1,9.854008484E0,9.880900344E0
7.588098417E1,3.065625000E-1,6.596781921E-1,9.865833893E0,9.892615139E0
7.589101617E1,3.061134338E-1,6.595285034E-1,9.866881714E0,9.893636239E0
7.590104717E1,3.064128113E-1,6.647676086E-1,9.864187317E0,9.891309125E0
7.591107917E1,2.890489197E-1,6.608757019E-1,9.840985565E0,9.867385817E0
7.592111117E1,2.902464294E-1,6.741979980E-1,9.831106110E0,9.858470128E0
7.593114217E1,3.037184143E-1,6.611750793E-1,9.833052063E0,9.859934596E0
7.594117417E1,3.004252625E-1,6.662644958E-1,9.825567627E0,9.852712465E0
7.595120617E1,3.019221497E-1,6.671626282E-1,9.835147705E0,9.862372602E0
7.596123717E1,3.083587646E-1,6.655160522E-1,9.841284943E0,9.868580752E0
7.597126917E1,2.993774414E-1,6.599775696E-1,9.842183075E0,9.868827941E0
7.598130017E1,3.221301270E-1,6.505471802E-1,9.832453308E0,9.859214853E0
7.599133217E1,2.986289978E-1,6.447093201E-1,9.810149689E0,9.835845988E0
7.600136417E1,3.002755737E-1,6.497987366E-1,9.808652802E0,9.834738105E0
7.601139517E1,3.047662354E-1,6.506968689E-1,9.829160156E0,9.855388285E0
7.602142717E1,2.986289978E-1,6.484515381E-1,9.855804749E0,9.881627190E0
7.603145917E1,3.020718384E-1,6.460565186E-1,9.857601013E0,9.883366540E0
7.604149017E1,2.983296204E-1,6.340814209E-1,9.856852570E0,9.881730739E0
7.605152217E1,2.883004761E-1,6.274951172E-1,9.863438873E0,9.887582803E0
7.606155317E1,2.850073242E-1,6.361770630E-1,9.878856812E0,9.903421749E0
7.607158517E1,2.975811768E-1,6.619235229E-1,9.863438873E0,9.890102311E0
7.608161717E1,3.064128113E-1,6.816824341E-1,9.830207977E0,9.858578428E0
7.609164817E1,3.086581421E-1,7.057823181E-1,9.789941711E0,9.820201487E0
7.610168017E1,2.957849121E-1,6.932084656E-1,9.774224396E0,9.803238711E0
7.611171217E1,2.763253784E-1,6.971003723E-1,9.782756653E0,9.811454142E0
7.612174317E1,2.941383362E-1,6.596781921E-1,9.824968872E0,9.851482427E0
7.613177517E1,2.766247559E-1,6.478527832E-1,9.848919067E0,9.874079262E0
7.614180617E1,2.782713318E-1,6.289920044E-1,9.851014709E0,9.874996541E0
7.615183817E1,2.880010986E-1,6.219566345E-1,9.822723541E0,9.846607155E0
7.616187012E1,2.785707092E-1,6.318360901E-1,9.819879456E0,9.844127742E0
7.617190112E1,2.927911377E-1,6.459068298E-1,9.833800507E0,9.859338451E0
7.618193313E1,3.159928894E-1,6.619235229E-1,9.839937744E0,9.867237155E0
7.619196512E1,3.591032410E-1,6.692582703E-1,9.936337280E0,9.965322891E0
7.620199612E1,4.107458496E-1,6.737489319E-1,9.984537048E0,1.001566922E1
7.621202813E1,3.791615295E-1,6.670129395E-1,9.858648834E0,9.888459261E0
7.622205912E1,2.745291138E-1,6.460565186E-1,9.759405212E0,9.784617793E0
7.623209112E1,2.242337036E-1,6.210585022E-1,9.785750427E0,9.808002133E0
7.624212313E1,2.685415649E-1,6.251000977E-1,9.823621674E0,9.847152253E0
7.625215413E1,3.073109436E-1,6.494993591E-1,9.824220428E0,9.850461738E0
7.626218612E1,3.031196594E-1,6.333329773E-1,9.789492645E0,9.814640006E0
7.627221812E1,3.010240173E-1,6.592291260E-1,9.754764862E0,9.781647919E0
7.628224913E1,2.671943665E-1,7.035369873E-1,9.775870972E0,9.804795275E0
7.629228112E1,2.784210205E-1,7.312294006E-1,9.819729767E0,9.850853130E0
7.630231312E1,2.850073242E-1,7.485932922E-1,9.876162415E0,9.908592490E0
7.631234413E1,3.059637451E-1,7.720944214E-1,9.905052338E0,9.939809124E0
7.632237612E1,3.405418396E-1,7.800279236E-1,9.898466034E0,9.934990797E0
7.633240712E1,3.408412170E-1,7.632627869E-1,9.880204010E0,9.915501707E0
7.634243913E1,3.408412170E-1,7.393125916E-1,9.865684204E0,9.899216164E0
7.635247113E1,3.290158081E-1,6.953041077E-1,9.859696655E0,9.889657089E0
7.636250212E1,2.932402039E-1,6.628216553E-1,9.833501129E0,9.860175801E0
7.637253412E1,2.682421875E-1,6.271957397E-1,9.826765137E0,9.850413261E0
7.638256613E1,2.588117981E-1,6.041436768E-1,9.825118561E0,9.847077123E0
7.639259712E1,2.865042114E-1,5.981561279E-1,9.818232880E0,9.840608330E0
7.640262912E1,3.028202820E-1,6.086343384E-1,9.825867004E0,9.849355221E0
7.641266013E1,3.216810608E-1,6.174659729E-1,9.839189301E0,9.863791818E0
7.642269212E1,3.433859253E-1,6.490502930E-1,9.844578094E0,9.871924738E0
7.643272412E1,3.489244080E-1,6.691085815E-1,9.827513580E0,9.856443461E0
7.644275512E1,3.192860413E-1,6.743476868E-1,9.826166382E0,9.854452503E0
7.645278713E1,2.814147949E-1,6.738986206E-1,9.827064514E0,9.854163110E0
7.646281912E1,2.796185303E-1,6.756948853E-1,9.835746460E0,9.862893010E0
7.647285012E1,2.811154175E-1,6.944059753E-1,9.838291168E0,9.866772453E0
7.648288213E1,2.915936279E-1,7.099736023E-1,9.805359650E0,9.835352928E0
7.649291312E1,2.924917603E-1,7.179071045E-1,9.828262024E0,9.858786764E0
7.650294512E1,2.847079468E-1,7.399113464E-1,9.816137238E0,9.848100207E0
7.651297713E1,3.131488037E-1,7.539820862E-1,9.817634125E0,9.851522266E0
7.652300813E1,3.354524231E-1,7.322772217E-1,9.808952179E0,9.841966323E0
7.653304012E1,3.345542908E-1,7.054829407E-1,9.853858795E0,9.884744099E0
7.654307213E1,3.324586487E-1,6.718029785E-1,9.858798523E0,9.887252212E0
7.655310313E1,3.296145630E-1,6.646179199E-1,9.857151947E0,9.885029451E0
7.656313512E1,2.986289978E-1,6.701564026E-1,9.844578094E0,9.871879595E0
7.657316612E1,2.954855347E-1,6.849755859E-1,9.842183075E0,9.870413919E0
7.658319813E1,2.965333557E-1,7.030879211E-1,9.864636383E0,9.894105095E0
7.659323012E1,3.119512939E-1,7.009922791E-1,9.889185333E0,9.918905703E0
7.660326112E1,3.115022278E-1,7.104226685E-1,9.877359924E0,9.907773366E0
7.661329313E1,3.219804382E-1,7.191046143E-1,9.864786072E0,9.896200639E0
7.662332512E1,3.185375977E-1,7.316784668E-1,9.851164398E0,9.883433593E0
7.663335612E1,2.954855347E-1,7.289840698E-1,9.832902374E0,9.864314400E0
7.664338812E1,2.998265076E-1,7.116201782E-1,9.812844086E0,9.843180800E0
7.665342013E1,2.906954956E-1,6.930587769E-1,9.790540466E0,9.819344019E0
7.666345112E1,2.908451843E-1,6.768923950E-1,9.789342957E0,9.817026523E0
7.667348312E1,3.008743286E-1,6.592291260E-1,9.817334747E0,9.844042358E0
7.668351413E1,3.147953796E-1,6.336323547E-1,9.828860779E0,9.854292988E0
7.669354612E1,3.004252625E-1,6.324348450E-1,9.848470001E0,9.873327227E0
7.670357812E1,3.218307495E-1,6.225553894E-1,9.859696655E0,9.884572241E0
7.671360912E1,3.237767029E-1,6.435118103E-1,9.843530273E0,9.869854459E0
7.672364113E1,3.260220337E-1,6.559359741E-1,9.802665253E0,9.829994325E0
7.673367312E1,3.044668579E-1,6.786886597E-1,9.787846069E0,9.816070957E0
7.674370412E1,3.019221497E-1,6.842271423E-1,9.786648560E0,9.815182820E0
7.675373613E1,2.793191528E-1,6.831793213E-1,9.821825409E0,9.849518137E0
7.676376712E1,2.832110596E-1,6.959028625E-1,9.853260040E0,9.881863322E0
7.677379912E1,2.838098145E-1,7.018904114E-1,9.876162415E0,9.905139181E0
7.678383113E1,2.884501648E-1,7.029382324E-1,9.873468018E0,9.902661074E0
7.679386213E1,2.969824219E-1,7.126679993E-1,9.871971130E0,9.902116351E0
7.680389412E1,3.062631226E-1,7.322772217E-1,9.836045837E0,9.868020305E0
7.681392613E1,2.893482971E-1,7.291337585E-1,9.822274475E0,9.853549327E0
7.682395713E1,2.953358459E-1,7.220983887E-1,9.813891907E0,9.844852650E0
7.683398912E1,3.001258850E-1,7.240443420E-1,9.819729767E0,9.850959773E0
7.684402012E1,2.856060791E-1,7.165599060E-1,9.836045837E0,9.866246837E0
7.685405213E1,3.056643677E-1,6.978488159E-1,9.847571869E0,9.876998299E0
7.686408412E1,3.182382202E-1,6.848258972E-1,9.845775604E0,9.874692872E0
7.687411512E1,3.237767029E-1,6.905140686E-1,9.864337006E0,9.893775093E0
7.688414713E1,3.143463135E-1,6.972500610E-1,9.867330780E0,9.896928209E0
7.689417912E1,3.106040955E-1,6.815327454E-1,9.844278717E0,9.872729372E0
7.690421012E1,2.912942505E-1,6.792874146E-1,9.840237122E0,9.867955733E0
7.691424212E1,2.881507874E-1,6.789880371E-1,9.832303619E0,9.859931546E0
7.692427313E1,2.990780640E-1,6.774911499E-1,9.836045837E0,9.863885627E0
7.693430512E1,3.189866638E-1,6.938072205E-1,9.832752686E0,9.862360079E0
7.694433712E1,3.112028503E-1,7.220983887E-1,9.810149689E0,9.841611159E0
7.695436813E1,3.138972473E-1,7.253915405E-1,9.796378326E0,9.828212080E0
7.696440012E1,2.939886475E-1,7.231462097E-1,9.790540466E0,9.821611496E0
7.697443212E1,2.773731995E-1,7.259902954E-1,9.810449066E0,9.841184313E0
7.698446313E1,2.634521484E-1,7.071295166E-1,9.828411713E0,9.857338179E0
7.699449513E1,2.692900085E-1,7.033872986E-1,9.845625916E0,9.874392157E0
7.700452612E1,2.803669739E-1,6.732998657E-1,9.827214203E0,9.854241591E0
7.701455812E1,2.888992310E-1,6.716532898E-1,9.762997742E0,9.790337370E0
7.702459013E1,2.835104370E-1,6.545887756E-1,9.762099609E0,9.788128188E0
7.703462112E1,3.001258850E-1,6.731501770E-1,9.849517822E0,9.877054624E0
7.704465312E1,3.370989990E-1,6.738986206E-1,9.991422729E0,1.001979557E1
7.705468513E1,4.002676392E-1,7.018904114E-1,1.005623795E1,1.008864639E1
7.706471612E1,3.703298950E-1,7.171586609E-1,9.910890198E0,9.943701790E0
7.707474812E1,2.739303589E-1,7.012916565E-1,9.771080933E0,9.800044409E0
7.708478013E1,2.137554932E-1,7.015910339E-1,9.758357391E0,9.785880664E0
7.709481113E1,2.478845215E-1,6.857240295E-1,9.783355408E0,9.810489652E0
7.710484312E1,2.915936279E-1,6.926097107E-1,9.813742218E0,9.842472828E0
7.711487412E1,3.213816833E-1,6.864724731E-1,9.807305603E0,9.836552945E0
7.712490613E1,3.215313721E-1,6.933581543E-1,9.772727509E0,9.802567567E0
7.713493812E1,2.871029663E-1,7.050338745E-1,9.769134979E0,9.798749875E0
7.714496912E1,2.673440552E-1,7.364685059E-1,9.809850311E0,9.841088448E0
7.715500113E1,2.836601257E-1,7.846682739E-1,9.864187317E0,9.899412043E0
7.716503325E1,2.924917603E-1,7.854167175E-1,9.894723816E0,9.930155600E0
7.717506425E1,3.183879089E-1,8.107141113E-1,9.894574127E0,9.932835717E0
7.718509625E1,3.354524231E-1,8.060737610E-1,9.890083466E0,9.928546429E0
7.719512725E1,3.460803223E-1,8.081694031E-1,9.897268524E0,9.936238404E0
7.720515925E1,3.526666260E-1,7.785310364E-1,9.890981598E0,9.927839709E0
7.721519125E1,3.359014893E-1,7.289840698E-1,9.857151947E0,9.889777151E0
7.722522225E1,3.050656128E-1,6.906637573E-1,9.827513580E0,9.856475264E0
7.723525425E1,2.715353394E-1,6.785389709E-1,9.797126770E0,9.824349318E0
7.724528625E1,2.561174011E-1,6.475534058E-1,9.797276459E0,9.821993054E0
7.725531725E1,2.484832764E-1,6.228547668E-1,9.791139221E0,9.814076587E0
7.726534925E1,2.698887634E-1,6.399192810E-1,9.813592529E0,9.838136763E0
7.727538025E1,2.965333557E-1,6.589297485E-1,9.832602997E0,9.859117716E0
7.728541225E1,3.135978699E-1,6.753955078E-1,9.848170624E0,9.876283074E0
7.729544425E1,3.388952637E-1,6.780899048E-1,9.849368134E0,9.878497282E0
7.730547525E1,3.342549133E-1,7.042854309E-1,9.840087433E0,9.870920170E0
7.731550725E1,3.203338623E-1,7.105723572E-1,9.811796265E0,9.842706579E0
7.732553925E1,3.156935120E-1,7.072792053E-1,9.828860779E0,9.859331137E0
7.733557025E1,2.872526550E-1,7.194039917E-1,9.814041595E0,9.844565436E0
7.734560225E1,2.652484131E-1,7.455995178E-1,9.796378326E0,9.828290984E0
7.735563425E1,2.327659607E-1,7.695497131E-1,9.819580078E0,9.852438260E0
7.736566525E1,2.561174011E-1,7.863148499E-1,9.810898132E0,9.845689886E0
7.737569725E1,2.977308655E-1,7.696994019E-1,9.818981323E0,9.853602136E0
7.738572825E1,3.126997375E-1,7.496411133E-1,9.845326538E0,9.878775105E0
7.739576025E1,3.266207886E-1,7.369175720E-1,9.855355682E0,9.888263967E0
7.740579225E1,3.201841736E-1,7.182064819E-1,9.840087433E0,9.871456789E0
7.741582325E1,3.296145630E-1,7.096742249E-1,9.839338989E0,9.870403994E0
7.742585525E1,3.210823059E-1,7.092251587E-1,9.837842102E0,9.868598249E0
7.743588725E1,3.041674805E-1,7.271878052E-1,9.860145721E0,9.891602176E0
7.744591825E1,2.805166626E-1,7.313790894E-1,9.868079224E0,9.899120796E0
7.745595025E1,2.869532776E-1,7.358697510E-1,9.883796539E0,9.915305366E0
7.746598125E1,2.996768188E-1,7.402107239E-1,9.878407745E0,9.910633567E0
7.747601325E1,2.999761963E-1,7.467970276E-1,9.861043854E0,9.893830270E0
7.748604525E1,3.161425781E-1,7.584727478E-1,9.854307861E0,9.888509011E0
7.749607625E1,3.046165466E-1,7.569758606E-1,9.833052063E0,9.866849374E0
7.750610825E1,3.080593872E-1,7.283853149E-1,9.812844086E0,9.844661234E0
7.751614025E1,3.121009827E-1,7.319778442E-1,9.807006226E0,9.839236235E0
7.752617125E1,2.987786865E-1,7.203021240E-1,9.788893890E0,9.819905674E0
7.753620325E1,2.841091919E-1,6.777905273E-1,9.787995758E0,9.815547819E0
7.754623425E1,2.832110596E-1,6.632707214E-1,9.825268250E0,9.851702022E0
7.755626625E1,2.939886475E-1,6.566844177E-1,9.840237122E0,9.866505479E0
7.756629825E1,2.969824219E-1,6.623725891E-1,9.833501129E0,9.860257627E0
7.757632925E1,2.926414490E-1,6.725514221E-1,9.822723541E0,9.850069147E0
7.758636125E1,2.990780640E-1,7.027885437E-1,9.828112335E0,9.857745762E0
7.759639325E1,3.050656128E-1,7.125183105E-1,9.809850311E0,9.840422272E0
7.760642425E1,2.911445618E-1,7.234455872E-1,9.797276459E0,9.828263564E0
7.761645625E1,2.872526550E-1,7.387138367E-1,9.814640350E0,9.846592173E0
7.762648825E1,2.859054565E-1,7.309300232E-1,9.858199768E0,9.889393475E0
7.763651925E1,2.731819153E-1,7.503895569E-1,9.864935760E0,9.897205181E0
7.764655125E1,2.794688416E-1,7.512876892E-1,9.861941986E0,9.894464905E0
7.765658225E1,2.615061951E-1,7.481442261E-1,9.853858795E0,9.885678451E0
7.766661425E1,2.694396973E-1,7.466473389E-1,9.821825409E0,9.853848708E0
7.767664625E1,2.601589966E-1,7.485932922E-1,9.804910583E0,9.836887016E0
7.768667725E1,2.627037048E-1,7.503895569E-1,9.821825409E0,9.853951090E0
7.769670925E1,2.784210205E-1,7.466473389E-1,9.856403503E0,9.888563623E0
7.770674125E1,2.965333557E-1,7.397616577E-1,9.870623932E0,9.902746899E0
7.771677225E1,2.896476746E-1,7.241940308E-1,9.857750702E0,9.888559130E0
7.772680425E1,2.796185303E-1,7.250921631E-1,9.836943970E0,9.867594024E0
7.773683525E1,2.880010986E-1,7.050338745E-1,9.840686188E0,9.870112565E0
7.774686725E1,2.890489197E-1,7.256909180E-1,9.847721558E0,9.878653575E0
7.775689925E1,3.017724609E-1,7.342231750E-1,9.863588562E0,9.895480262E0
7.776693025E1,3.168910217E-1,7.482939148E-1,9.840835876E0,9.874331089E0
7.777696225E1,3.171903992E-1,7.508386230E-1,9.804311829E0,9.838134926E0
7.778699425E1,3.150947571E-1,7.574249268E-1,9.782307587E0,9.816644994E0
7.779702525E1,2.897973633E-1,7.490423584E-1,9.781110077E0,9.814028801E0
7.780705725E1,2.670446777E-1,7.122189331E-1,9.800270233E0,9.829743909E0
7.781708825E1,2.634521484E-1,7.077282715E-1,9.834698639E0,9.863649612E0
7.782712025E1,2.613565063E-1,6.956034851E-1,9.795629883E0,9.823774032E0
7.783715225E1,2.585124207E-1,6.994953918E-1,9.729617157E0,9.758154154E0
7.784718325E1,2.676434326E-1,6.914122009E-1,9.769284668E0,9.797377545E0
7.785721525E1,3.186872864E-1,7.053332520E-1,9.910441132E0,9.940618693E0
7.786724725E1,3.778143311E-1,7.204518127E-1,1.005084915E1,1.008371772E1
7.787727825E1,4.004173279E-1,7.271878052E-1,1.003198837E1,1.006627671E1
7.788731025E1,3.365002441E-1,7.291337585E-1,9.854008484E0,9.886675460E0
7.789734225E1,2.526745605E-1,7.294331360E-1,9.726324005E0,9.756910156E0
7.790737325E1,2.088157654E-1,7.367678833E-1,9.713899841E0,9.744038232E0
7.791740525E1,2.163002014E-1,7.325765991E-1,9.761351166E0,9.791191492E0
7.792743625E1,2.829116821E-1,7.355703735E-1,9.834099884E0,9.865628380E0
7.793746825E1,3.118016052E-1,7.267387390E-1,9.837243347E0,9.868977967E0
7.794750025E1,3.311114502E-1,7.188052368E-1,9.800868988E0,9.832769126E0
7.795753125E1,2.990780640E-1,7.409591675E-1,9.799372101E0,9.831895125E0
7.796756325E1,2.763253784E-1,7.559280396E-1,9.820627899E0,9.853553433E0
7.797759525E1,2.806663513E-1,7.848179626E-1,9.840835876E0,9.876070250E0
7.798762625E1,2.770738220E-1,8.210426331E-1,9.852511597E0,9.890544256E0
7.799765825E1,2.887495422E-1,8.479866028E-1,9.860295410E0,9.900903148E0
7.800768925E1,3.025209045E-1,8.445437622E-1,9.870773621E0,9.911455238E0
7.801772125E1,3.159928894E-1,8.187973022E-1,9.864786072E0,9.903751045E0
7.802775325E1,3.197351074E-1,7.960446167E-1,9.868528290E0,9.905744201E0
7.803778425E1,3.318598938E-1,7.635621643E-1,9.841434631E0,9.876588164E0
7.804781625E1,3.194357300E-1,7.363188171E-1,9.839638367E0,9.872319270E0
7.805784825E1,2.860551453E-1,7.063810730E-1,9.808802490E0,9.838364095E0
7.806787925E1,2.630030823E-1,6.866221619E-1,9.792037354E0,9.819603665E0
7.807791125E1,2.670446777E-1,6.731501770E-1,9.793683929E0,9.820422034E0
7.808794225E1,2.679428101E-1,6.758445740E-1,9.797426147E0,9.824363509E0
7.809797425E1,2.854563904E-1,6.927593994E-1,9.846823425E0,9.875288983E0
7.810800625E1,3.047662354E-1,6.988966370E-1,9.838889923E0,9.868388616E0
7.811803725E1,3.218307495E-1,7.267387390E-1,9.836943970E0,9.869001514E0
7.812806925E1,3.219804382E-1,7.336244202E-1,9.838740234E0,9.871306175E0
7.813810125E1,3.005749512E-1,7.336244202E-1,9.824819183E0,9.856755149E0
7.814813225E1,3.097059631E-1,7.450007629E-1,9.840386810E0,9.873406529E0
7.815816425E1,2.944377136E-1,7.691006470E-1,9.839039612E0,9.873444680E0
7.816819642E1,2.655477905E-1,7.873626709E-1,9.806257782E0,9.841399661E0
7.817822742E1,2.356100464E-1,8.075706482E-1,9.805808716E0,9.841827423E0
7.818825942E1,2.438429260E-1,8.092172241E-1,9.821226654E0,9.857524277E0
7.819829042E1,2.766247559E-1,8.123606873E-1,9.789492645E0,9.827035026E0
7.820832242E1,2.862048340E-1,8.033793640E-1,9.826465759E0,9.863405139E0
7.821835442E1,3.115022278E-1,7.711962891E-1,9.856253815E0,9.891284882E0
7.822838542E1,3.016227722E-1,7.575746155E-1,9.849517822E0,9.883212885E0
7.823841742E1,3.047662354E-1,7.556286621E-1,9.829459534E0,9.863170477E0
7.824844942E1,3.089575195E-1,7.580236816E-1,9.823022919E0,9.857070250E0
7.825848042E1,3.098556519E-1,7.592211914E-1,9.852960663E0,9.887024890E0
7.826851242E1,2.951861572E-1,7.544311523E-1,9.859097900E0,9.892325947E0
7.827854342E1,2.897973633E-1,7.744894409E-1,9.864786072E0,9.899384862E0
7.828857542E1,2.863545227E-1,7.926017761E-1,9.859397278E0,9.895348967E0
7.829860742E1,2.869532776E-1,7.843688965E-1,9.863139496E0,9.898439143E0
7.830863842E1,2.923420715E-1,7.824229431E-1,9.850415955E0,9.885764716E0
7.831867042E1,2.965333557E-1,7.725434875E-1,9.848470001E0,9.883173419E0
7.832870242E1,3.034190369E-1,7.728428650E-1,9.825567627E0,9.860584587E0
7.833873342E1,3.079096985E-1,7.481442261E-1,9.802066498E0,9.835397084E0
7.834876542E1,3.077600098E-1,7.307803345E-1,9.781409454E0,9.813497187E0
7.835879742E1,3.014730835E-1,7.234455872E-1,9.787097626E0,9.818428564E0
7.836882842E1,2.905458069E-1,7.078779602E-1,9.809700623E0,9.839498685E0
7.837886042E1,2.983296204E-1,7.174580383E-1,9.825118561E0,9.855795317E0
7.838889142E1,2.888992310E-1,7.179071045E-1,9.834548950E0,9.864948374E0
7.839892342E1,2.926414490E-1,7.216493225E-1,9.825118561E0,9.855930778E0
7.840895542E1,2.836601257E-1,7.381150818E-1,9.808203735E0,9.840027310E0
7.841898642E1,2.803669739E-1,7.478448486E-1,9.802964630E0,9.835445750E0
7.842901842E1,2.799179077E-1,7.494914246E-1,9.812694397E0,9.845255850E0
7.843905042E1,2.770738220E-1,7.623646545E-1,9.838141479E0,9.871524580E0
7.844908142E1,2.715353394E-1,7.699987793E-1,9.849368134E0,9.883151430E0
7.845911342E1,2.604583740E-1,7.611671448E-1,9.851613464E0,9.884407005E0
7.846914442E1,2.781216431E-1,7.768844604E-1,9.844428406E0,9.878950944E0
7.847917642E1,2.664459229E-1,7.930508423E-1,9.831405487E0,9.866937565E0
7.848920842E1,2.806663513E-1,7.762857056E-1,9.838740234E0,9.873307576E0
7.849923942E1,2.881507874E-1,7.899073792E-1,9.843979340E0,9.879823570E0
7.850927142E1,2.704875183E-1,7.765850830E-1,9.817334747E0,9.851716065E0
7.851930342E1,2.764750671E-1,7.673043823E-1,9.819131012E0,9.852945159E0
7.852933442E1,2.565664673E-1,7.610174561E-1,9.825717316E0,9.858483387E0
7.853936642E1,2.541714478E-1,7.473957825E-1,9.847571869E0,9.879163694E0
7.854939742E1,2.818638611E-1,7.560777283E-1,9.876012726E0,9.908921643E0
7.855942942E1,3.174897766E-1,7.777825928E-1,9.890981598E0,9.926593700E0
7.856946142E1,3.394940186E-1,7.940986633E-1,9.845027161E0,9.882834040E0
7.857949242E1,3.113525391E-1,7.914042664E-1,9.800120544E0,9.836951957E0
7.858952442E1,2.915936279E-1,7.689509583E-1,9.787546692E0,9.822035566E0
7.859955642E1,2.734812927E-1,7.529342651E-1,9.779613190E0,9.812366492E0
7.860958742E1,2.486329651E-1,7.246430969E-1,9.830058289E0,9.859866730E0
7.861961942E1,2.680924988E-1,7.104226685E-1,9.811646576E0,9.840984833E0
7.862965142E1,2.689906311E-1,6.988966370E-1,9.755213928E0,9.783915947E0
7.863968242E1,2.644999695E-1,6.939569092E-1,9.743388519E0,9.771650642E0
7.864971442E1,2.888992310E-1,7.222480774E-1,9.840985565E0,9.871681819E0
7.865974542E1,3.365002441E-1,7.361691284E-1,9.991123352E0,1.002385770E1
7.866977742E1,3.670367432E-1,7.548802185E-1,1.007569748E1,1.011060037E1
7.867980942E1,3.532653809E-1,7.625143433E-1,9.928852844E0,9.964353635E0
7.868984042E1,2.778222656E-1,7.554789734E-1,9.747579803E0,9.780758954E0
7.869987242E1,2.041754150E-1,7.485932922E-1,9.677525482E0,9.708582748E0
7.870990442E1,2.281256104E-1,7.634124756E-1,9.732760620E0,9.765319718E0
7.871993542E1,2.814147949E-1,7.509883118E-1,9.783056030E0,9.815873014E0
7.872996742E1,3.231779480E-1,7.448510742E-1,9.826465759E0,9.859953166E0
7.873999842E1,3.216810608E-1,7.442523193E-1,9.823771362E0,9.857173733E0
7.875003042E1,2.980302429E-1,7.379653931E-1,9.808652802E0,9.840888412E0
7.876006242E1,2.758763123E-1,7.611671448E-1,9.824819183E0,9.858121279E0
7.877009342E1,2.544708252E-1,7.854167175E-1,9.841734009E0,9.876303110E0
7.878012542E1,2.571652222E-1,8.220904541E-1,9.863887939E0,9.901426763E0
7.879015742E1,2.713856506E-1,8.428971863E-1,9.877210236E0,9.916824485E0
7.880018842E1,2.818638611E-1,8.464897156E-1,9.862840118E0,9.903110990E0
7.881022042E1,2.844085693E-1,8.509803772E-1,9.861043854E0,9.901779725E0
7.882025242E1,3.128494263E-1,8.199948120E-1,9.876312103E0,9.915231062E0
7.883028342E1,3.046165466E-1,7.785310364E-1,9.862391052E0,9.897760306E0
7.884031542E1,2.963836670E-1,7.420069885E-1,9.838889923E0,9.871280189E0
7.885034642E1,2.737806702E-1,7.081773376E-1,9.818232880E0,9.847546287E0
7.886037842E1,2.487826538E-1,6.885681152E-1,9.797875214E0,9.825190968E0
7.887041042E1,2.387535095E-1,6.797364807E-1,9.786049805E0,9.812533603E0
7.888044142E1,2.468367004E-1,6.894662476E-1,9.803862762E0,9.831175775E0
7.889047342E1,2.692900085E-1,6.924600220E-1,9.849667511E0,9.877649926E0
7.890050542E1,2.915936279E-1,7.149133301E-1,9.859397278E0,9.889582529E0
7.891053642E1,3.167413330E-1,7.286846924E-1,9.850565643E0,9.882557865E0
7.892056842E1,3.345542908E-1,7.484436035E-1,9.844877472E0,9.878952720E0
7.893059942E1,3.309617615E-1,7.458988953E-1,9.757908325E0,9.791969962E0
7.894063142E1,5.044509888E-1,8.021818542E-1,8.208929443E0,8.263442935E0
7.895066342E1,3.957769775E-1,7.752378845E-1,8.494685211E0,8.539163310E0
7.896069442E1,2.737806702E-1,4.468208313E-1,1.041549088E1,1.042866506E1
7.897072642E1,-1.146615601E-1,4.607418823E-1,1.154878418E1,1.155853998E1
7.898075842E1,-3.323089600E-1,6.712042236E-1,1.170745422E1,1.173138648E1
7.899078942E1,-1.225950623E-1,8.756790161E-1,1.097667389E1,1.101223015E1
7.900082142E1,4.679269409E-1,7.424560547E-1,1.029648834E1,1.033382160E1