"Time (s)","Acceleration x (m/s^2)","Acceleration y (m/s^2)","Acceleration z (m/s^2)","Absolute acceleration (m/s^2)"
-1.687791664E-3,7.185058594E-2,2.086660767E-1,9.690847778E0,9.693360341E0
8.343208348E-3,1.020877075E-1,2.401007080E-1,9.615105286E0,9.618644390E0
1.837420836E-2,6.092330933E-2,2.685415649E-1,9.583221588E0,9.587176969E0
2.840520837E-2,-7.035369873E-3,2.721340942E-1,9.651329956E0,9.655168377E0
3.843620833E-2,-3.128494263E-2,2.755769348E-1,9.797575836E0,9.801500582E0
4.846820835E-2,-2.814147949E-2,2.350112915E-1,9.932445374E0,9.935265137E0
5.849920836E-2,7.634124756E-3,2.121089172E-1,1.003318588E1,1.003543060E1
6.853020837E-2,4.894821167E-2,1.824705505E-1,1.002794678E1,1.002972622E1
7.856120833E-2,7.229965210E-2,1.667532349E-1,9.984537048E0,9.986191163E0
8.859320835E-2,5.942642212E-2,1.669029236E-1,9.901310120E0,9.902895040E0
9.862420836E-2,3.457809448E-2,1.422042847E-1,9.835447083E0,9.836535824E0
1.086552084E-1,1.212478638E-2,1.288819885E-1,9.783355408E0,9.784211803E0
1.186862083E-1,-9.280700684E-3,1.303788757E-1,9.755363617E0,9.756239239E0
1.287172083E-1,-2.424957275E-2,1.321751404E-1,9.742191010E0,9.743117775E0
1.387492084E-1,-2.649490356E-2,1.345701599E-1,9.779014435E0,9.779976198E0
1.487802084E-1,-1.392105103E-2,1.339714050E-1,9.830207977E0,9.831130709E0
1.588112083E-1,-1.796264648E-3,1.404080200E-1,9.854756927E0,9.855757289E0
1.688422083E-1,1.077758789E-2,1.510359192E-1,9.871372375E0,9.872533645E0
1.788742084E-1,2.065704346E-2,1.678010559E-1,9.916129303E0,9.917570482E0
1.889052084E-1,1.811233521E-2,1.660047913E-1,9.883646851E0,9.885057446E0
1.989362083E-1,-1.197509766E-3,1.766326904E-1,9.837542725E0,9.839128386E0
2.089672083E-1,-2.125579834E-2,1.963916016E-1,9.814041595E0,9.816029437E0
2.189982084E-1,-4.251159668E-2,2.038760376E-1,9.819729767E0,9.821937964E0
2.290302084E-1,-5.358856201E-2,2.227368164E-1,9.848320312E0,9.850984540E0
2.390612083E-1,-3.682342529E-2,2.421963501E-1,9.876312103E0,9.879349968E0
2.490922083E-1,-2.499801636E-2,2.630030823E-1,9.887987823E0,9.891516503E0
2.591232084E-1,-2.874023438E-2,2.633024597E-1,9.866133270E0,9.869687933E0
2.691542084E-1,-1.317260742E-2,2.662962341E-1,9.860145721E0,9.863749837E0
2.791862083E-1,-5.089416504E-3,2.525248718E-1,9.864786072E0,9.868018999E0
2.892172083E-1,9.430389404E-3,2.119592285E-1,9.874665527E0,9.876944615E0
2.992482084E-1,4.490661621E-3,1.701960754E-1,9.898316345E0,9.899780469E0
3.092792084E-1,2.035766602E-2,1.531315613E-1,9.876312103E0,9.877520158E0
3.193112083E-1,1.362167358E-2,1.234931946E-1,9.800719299E0,9.801506767E0
3.293422083E-1,2.544708252E-3,1.387614441E-1,9.792336731E0,9.793320166E0
3.393732083E-1,-1.047821045E-3,1.414558411E-1,9.864187317E0,9.865201583E0
3.494042084E-1,3.742218018E-2,1.495390320E-1,1.000893631E1,1.001012330E1
3.594352084E-1,9.774673462E-2,1.526824951E-1,1.008872040E1,1.009034913E1
3.694672083E-1,1.017883301E-1,1.276844788E-1,9.896520081E0,9.897867139E0
3.794982083E-1,2.245330811E-2,1.225950623E-1,9.745783539E0,9.746580451E0
3.895292084E-1,-4.415817261E-2,1.317260742E-1,9.733059998E0,9.734051501E0
3.995602084E-1,-6.496490479E-2,1.368154907E-1,9.784103851E0,9.785276035E0
4.095922083E-1,-5.269042969E-2,1.344204712E-1,9.853559418E0,9.854617108E0
4.196232083E-1,-3.442840576E-3,1.625619507E-1,9.833800507E0,9.835144668E0
4.296542084E-1,6.406677246E-2,1.895059204E-1,9.758656769E0,9.760706889E0
4.396852084E-1,7.604187012E-2,2.173480225E-1,9.721084900E0,9.723811709E0
4.497162083E-1,5.074447632E-2,2.597099304E-1,9.760303345E0,9.763889882E0
4.597482083E-1,8.681945801E-3,2.748284912E-1,9.842033386E0,9.845873615E0
4.697792084E-1,-1.841171265E-2,2.859054565E-1,9.934241638E0,9.938371992E0
4.798102084E-1,-3.861968994E-2,2.588117981E-1,9.963131561E0,9.966567390E0
4.898412083E-1,-2.170486450E-2,2.600093079E-1,9.960437164E0,9.963853895E0
4.998732083E-1,1.137634277E-2,2.386038208E-1,9.952204285E0,9.955070634E0
5.099042084E-1,2.649490356E-2,2.163002014E-1,9.954898682E0,9.957283541E0
5.199352084E-1,1.152603149E-2,1.803749084E-1,9.939480743E0,9.941123951E0
5.299662083E-1,-4.939727783E-3,1.484912109E-1,9.910291443E0,9.911405073E0
5.399972083E-1,-8.382568359E-3,1.293310547E-1,9.861792297E0,9.862643870E0
5.500292084E-1,-4.939727783E-3,1.377136230E-1,9.796977081E0,9.797946181E0
5.600602084E-1,-2.200424194E-2,1.399589539E-1,9.780511322E0,9.781537426E0
5.700912083E-1,-2.888992310E-2,1.445993042E-1,9.753717041E0,9.754831608E0
5.801222083E-1,-5.239105225E-3,1.573228455E-1,9.775721283E0,9.776988520E0
5.901532084E-1,1.586700439E-2,1.547781372E-1,9.819430389E0,9.820662972E0
6.001852084E-1,2.694396973E-2,1.537303162E-1,9.855355682E0,9.856591430E0
6.102162083E-1,4.116439819E-2,1.637594604E-1,9.878108368E0,9.879551437E0
6.202472083E-1,4.535568237E-2,1.748364258E-1,9.883946228E0,9.885596489E0
6.302782084E-1,2.185455322E-2,1.829196167E-1,9.817185059E0,9.818913366E0
6.403102084E-1,-2.574645996E-2,2.040257263E-1,9.802665253E0,9.804822050E0
6.503412083E-1,-3.727249146E-2,2.212399292E-1,9.829160156E0,9.831720385E0
6.603722083E-1,-5.508544922E-2,2.309696960E-1,9.829160156E0,9.832027806E0
6.704032084E-1,-2.185455322E-2,2.127076721E-1,9.849817200E0,9.852137892E0
6.804342084E-1,1.032852173E-2,1.953437805E-1,9.871072998E0,9.873011091E0
6.904662083E-1,3.861968994E-2,1.709445190E-1,9.890831909E0,9.892384413E0
7.004972083E-1,5.388793945E-2,1.576222229E-1,9.923763428E0,9.925161422E0
7.105285417E-1,5.553451538E-2,1.649569702E-1,9.934990082E0,9.936514621E0
7.205595417E-1,4.670288086E-2,1.722917175E-1,9.918224945E0,9.919831231E0
7.305905417E-1,1.227447510E-2,1.874102783E-1,9.918224945E0,9.920002991E0
7.406225417E-1,1.661544800E-2,2.068698120E-1,9.885892181E0,9.888070358E0
7.506535417E-1,1.407073975E-2,2.207908630E-1,9.860744476E0,9.863226055E0
7.606845417E-1,2.874023438E-2,2.273771667E-1,9.846224670E0,9.848891645E0
7.707155417E-1,1.526824951E-2,2.124082947E-1,9.850865021E0,9.853166601E0
7.807475417E-1,3.263214111E-2,2.163002014E-1,9.861193542E0,9.863619453E0
7.907785417E-1,3.203338623E-2,2.125579834E-1,9.858349457E0,9.860692726E0
8.008095417E-1,1.841171265E-2,2.125579834E-1,9.839638367E0,9.841951182E0
8.108405417E-1,1.481918335E-2,1.838177490E-1,9.822723541E0,9.824454506E0
8.208715417E-1,7.484436035E-4,1.541793823E-1,9.825867004E0,9.827076586E0
8.309035417E-1,-2.095642090E-3,1.386117554E-1,9.829309845E0,9.830287363E0
8.409345417E-1,-7.334747314E-3,1.127156067E-1,9.836943970E0,9.837592453E0
8.509655417E-1,7.634124756E-3,9.235794067E-2,9.861343231E0,9.861778673E0
8.609965417E-1,1.751358032E-2,8.891510010E-2,9.864037628E0,9.864453910E0
8.710285417E-1,2.874023438E-2,9.999206543E-2,9.843679962E0,9.844229762E0
8.810595417E-1,1.257385254E-2,1.213975525E-1,9.817933502E0,9.818692058E0
8.910905417E-1,1.601669312E-2,1.332229614E-1,9.810299377E0,9.811216987E0
9.011215417E-1,2.095642090E-3,1.552272034E-1,9.821376343E0,9.822603175E0
9.111525417E-1,-2.395019531E-3,1.549278259E-1,9.835596771E0,9.836817179E0
9.211845417E-1,-2.125579834E-2,1.525328064E-1,9.841883698E0,9.843088579E0
9.312155417E-1,-2.514770508E-2,1.477427673E-1,9.846673737E0,9.847814174E0
9.412465417E-1,-3.637435913E-2,1.456471252E-1,9.866732025E0,9.867873988E0
9.512775417E-1,-2.829116821E-2,1.634600830E-1,9.883347473E0,9.884739595E0
9.613085417E-1,-2.559677124E-2,1.821711731E-1,9.914632416E0,9.916338915E0
9.713405417E-1,-1.212478638E-2,2.143542480E-1,9.899513855E0,9.901841713E0
9.813715417E-1,-2.844085693E-3,2.459385681E-1,9.855056305E0,9.858125006E0
9.914025417E-1,-1.826202393E-2,2.561174011E-1,9.832303619E0,9.835655753E0
1.001433542E0,-1.691482544E-2,2.451901245E-1,9.824819183E0,9.827892770E0
1.011465542E0,-4.939727783E-3,2.137554932E-1,9.844129028E0,9.846450738E0
1.021496542E0,9.729766846E-3,1.724414062E-1,9.858050079E0,9.859562976E0
1.031527542E0,9.280700684E-3,1.652563477E-1,9.872869263E0,9.874256593E0
1.041558542E0,2.245330811E-2,1.438508606E-1,9.864935760E0,9.866010074E0
1.051589542E0,1.212478638E-2,1.428030396E-1,9.841135254E0,9.842178763E0
1.061621542E0,7.185058594E-3,1.230441284E-1,9.859996033E0,9.860766362E0
1.071652542E0,2.514770508E-2,1.255888367E-1,9.916728058E0,9.917555159E0
1.081683542E0,5.418731689E-2,1.070274353E-1,1.005878265E1,1.005949798E1
1.091714542E0,1.013392639E-1,9.834548950E-2,1.005369324E1,1.005468494E1
1.101746542E0,9.400451660E-2,9.355545044E-2,9.832004242E0,9.832898702E0
1.111777542E0,1.496887207E-4,9.565109253E-2,9.755662994E0,9.756131898E0
1.121808542E0,-3.652404785E-2,1.085243225E-1,9.761949921E0,9.762621461E0
1.131839542E0,-2.559677124E-2,1.199006653E-1,9.817035370E0,9.817800916E0
1.141870542E0,-9.280700684E-3,1.389111328E-1,9.821975098E0,9.822961735E0
1.151902542E0,4.101470947E-2,1.498384094E-1,9.775421906E0,9.776656237E0
1.161933542E0,6.271957397E-2,1.987866211E-1,9.705666962E0,9.707905080E0
1.171964542E0,4.430786133E-2,2.378553772E-1,9.720336456E0,9.723347119E0
1.181995542E0,5.239105225E-3,2.508782959E-1,9.795031128E0,9.798244851E0
1.192026542E0,-2.200424194E-2,2.589614868E-1,9.898316345E0,9.901727713E0
1.202058542E0,-3.861968994E-2,2.469863892E-1,9.950258331E0,9.953398144E0
1.212089542E0,-1.152603149E-2,2.381547546E-1,9.971065063E0,9.973915432E0
1.222120542E0,3.038681030E-2,2.257305908E-1,9.976453857E0,9.979053524E0
1.232151542E0,3.667373657E-2,2.020797729E-1,9.959389343E0,9.961506778E0
1.242183542E0,3.622467041E-2,1.558259583E-1,9.956994324E0,9.958279466E0
1.252214542E0,1.362167358E-2,1.393601990E-1,9.923464050E0,9.924451903E0
1.262245542E0,-3.442840576E-3,1.155596924E-1,9.890682220E0,9.891357879E0
1.272276542E0,-1.451980591E-2,9.445358276E-2,9.839788055E0,9.840252094E0
1.282307542E0,-9.131011963E-3,1.167572021E-1,9.804910583E0,9.805609985E0
1.292339542E0,1.496887207E-4,1.073268127E-1,9.798623657E0,9.799211430E0
1.302370542E0,1.257385254E-2,1.219963074E-1,9.808802490E0,9.809569180E0
1.312401542E0,3.367996216E-2,1.196012878E-1,9.856403503E0,9.857186659E0
1.322432542E0,4.296066284E-2,1.326242065E-1,9.887838135E0,9.888820849E0
1.332463542E0,5.239105225E-2,1.320254517E-1,9.886341248E0,9.887361569E0
1.342495542E0,5.298980713E-2,1.535806274E-1,9.884694672E0,9.886029723E0
1.352526542E0,4.790039063E-2,1.764830017E-1,9.824519806E0,9.826221558E0
1.362557542E0,3.727249146E-2,1.941462708E-1,9.785600739E0,9.787597449E0
1.372588542E0,1.751358032E-2,2.275268555E-1,9.784552917E0,9.787213648E0
1.382620542E0,-5.388793945E-3,2.450404358E-1,9.811197510E0,9.814258527E0
1.392651542E0,-1.496887207E-4,2.201921082E-1,9.828262024E0,9.830728305E0
1.402682542E0,1.227447510E-2,1.875599670E-1,9.827962646E0,9.829759874E0
1.412713542E0,1.511856079E-2,1.892065430E-1,9.879006500E0,9.880829779E0
1.422744542E0,3.517684937E-2,1.719923401E-1,9.929152222E0,9.930704034E0
1.432776542E0,5.912704468E-2,1.817221069E-1,9.946965179E0,9.948800692E0
1.442807542E0,6.481521606E-2,1.924996948E-1,9.942624207E0,9.944698751E0
1.452838542E0,6.586303711E-2,2.004331970E-1,9.933642883E0,9.935883068E0
1.462869542E0,5.658233643E-2,2.130070496E-1,9.917476501E0,9.919925086E0
1.472901542E0,4.550537109E-2,2.198927307E-1,9.885293427E0,9.887843530E0
1.482932542E0,3.951782227E-2,2.308200073E-1,9.875563660E0,9.878339796E0
1.492963542E0,5.807922363E-2,2.287243652E-1,9.879904633E0,9.882722478E0
1.502994542E0,6.242019653E-2,2.342628479E-1,9.891280975E0,9.894251599E0
1.513025542E0,6.511459351E-2,2.279759216E-1,9.857900391E0,9.860751140E0
1.523057542E0,5.224136353E-2,2.133064270E-1,9.833950195E0,9.836402047E0
1.533088542E0,4.026626587E-2,1.871109009E-1,9.796827393E0,9.798696792E0
1.543119542E0,1.901046753E-2,1.543290710E-1,9.810000000E0,9.811232280E0
1.553150542E0,1.347198486E-2,1.258882141E-1,9.831106110E0,9.831921311E0
1.563181542E0,1.766326904E-2,1.139131165E-1,9.848769379E0,9.849443967E0
1.573213542E0,4.595443726E-2,1.031355286E-1,9.861792297E0,9.862438647E0
1.583244542E0,4.535568237E-2,1.028361511E-1,9.845925293E0,9.846566777E0
1.593275542E0,5.658233643E-2,1.221459961E-1,9.831106110E0,9.832027692E0
1.603306542E0,6.316864014E-2,1.267863464E-1,9.835447083E0,9.836467067E0
1.613338542E0,6.227050781E-2,1.393601990E-1,9.840536499E0,9.841720250E0
1.623369542E0,5.703140259E-2,1.463955688E-1,9.839638367E0,9.840892614E0
1.633400542E0,4.236190796E-2,1.552272034E-1,9.844428406E0,9.845743276E0
1.643431542E0,4.191284180E-2,1.576222229E-1,9.861941986E0,9.863290586E0
1.653462542E0,3.622467041E-2,1.713935852E-1,9.871671753E0,9.873225977E0
1.663494542E0,2.200424194E-2,1.901046753E-1,9.855505371E0,9.857363242E0
1.673525542E0,1.182540894E-2,1.869612122E-1,9.864636383E0,9.866415018E0
1.683556542E0,4.640350342E-3,2.070195007E-1,9.881251831E0,9.883421288E0
1.693587542E0,1.631607056E-2,2.161505127E-1,9.887838135E0,9.890213862E0
1.703618542E0,1.945953369E-2,2.469863892E-1,9.870773621E0,9.873882358E0
1.713650208E0,1.601669312E-2,2.716850281E-1,9.853709106E0,9.857466837E0
1.723681208E0,4.355941772E-2,2.616558838E-1,9.863139496E0,9.866705729E0
1.733712208E0,5.194198608E-2,2.348616028E-1,9.862540741E0,9.865473522E0
1.743743208E0,6.361770630E-2,2.059716797E-1,9.887838135E0,9.890187790E0
1.753775208E0,5.433700562E-2,1.866618347E-1,9.900561676E0,9.902470230E0
1.763806208E0,5.897735596E-2,1.707948303E-1,9.893825684E0,9.895475525E0
1.773837208E0,6.152206421E-2,1.826202393E-1,9.856553192E0,9.858436790E0
1.783868208E0,5.149291992E-2,1.814227295E-1,9.821825409E0,9.823635788E0
1.793899208E0,7.319778442E-2,1.954934692E-1,9.816586304E0,9.818805542E0
1.803931208E0,9.714797974E-2,1.995350647E-1,9.902657318E0,9.905143812E0
1.813962208E0,1.335223389E-1,1.829196167E-1,1.000444565E1,1.000700857E1
1.823993208E0,1.606159973E-1,1.613644409E-1,9.925410004E0,9.928020937E0
1.834024208E0,1.212478638E-1,1.423539734E-1,9.782157898E0,9.783944953E0
1.844055208E0,3.951782227E-2,1.213975525E-1,9.793534241E0,9.794366337E0
1.854087208E0,3.278182983E-2,1.258882141E-1,9.833950195E0,9.834810569E0
1.864118208E0,3.158432007E-2,1.149609375E-1,9.882299652E0,9.883018770E0
1.874149208E0,3.637435913E-2,1.362167358E-1,9.836345215E0,9.837355604E0
1.884180208E0,7.140151978E-2,1.779798889E-1,9.743238831E0,9.745125855E0
1.894212208E0,8.038284302E-2,2.510279846E-1,9.708810425E0,9.712387776E0
1.904243208E0,8.966354370E-2,3.031196594E-1,9.744586029E0,9.749711686E0
1.914274208E0,9.639953613E-2,3.170407104E-1,9.831106110E0,9.836689231E0
1.924305208E0,9.235794067E-2,3.264710999E-1,9.896370392E0,9.902184623E0
1.934336208E0,8.352630615E-2,3.173400879E-1,9.944570160E0,9.949982766E0
1.944368208E0,1.064286804E-1,2.900967407E-1,9.950108643E0,9.954905584E0
1.954399208E0,1.188528442E-1,2.543211365E-1,9.980046387E0,9.983993746E0
1.964430208E0,1.082249451E-1,2.064207458E-1,9.986632690E0,9.989352064E0
1.974461208E0,7.155120850E-2,1.681004333E-1,9.936337280E0,9.938016697E0
1.984492208E0,4.460723877E-2,1.642085266E-1,9.873468018E0,9.874934174E0
1.994524208E0,3.442840576E-2,1.637594604E-1,9.767787781E0,9.769221085E0
2.004555208E0,2.529739380E-2,1.764830017E-1,9.728868713E0,9.730502179E0
2.014586208E0,3.832031250E-2,2.073188782E-1,9.751172333E0,9.753451257E0
2.024617208E0,5.239105225E-2,2.052232361E-1,9.769434357E0,9.771730095E0
2.034649208E0,8.487350464E-2,2.127076721E-1,9.839488678E0,9.842153500E0
2.044680208E0,1.145118713E-1,2.092648315E-1,9.895322571E0,9.898197488E0
2.054711208E0,1.359173584E-1,2.020797729E-1,9.911788330E0,9.914779759E0
2.064742208E0,1.236428833E-1,2.104623413E-1,9.906848602E0,9.909855256E0
2.074773208E0,1.228944397E-1,2.049238586E-1,9.889634399E0,9.892520679E0
2.084805208E0,9.086105347E-2,2.168989563E-1,9.851164398E0,9.853970818E0
2.094836208E0,5.328918457E-2,2.218386841E-1,9.801318054E0,9.803973059E0
2.104867208E0,2.799179077E-2,2.215393066E-1,9.792486420E0,9.795032082E0
2.114898208E0,2.499801636E-2,2.242337036E-1,9.805209961E0,9.807805465E0
2.124929208E0,6.541397095E-2,2.345622253E-1,9.826765137E0,9.829781863E0
2.134961208E0,1.085243225E-1,2.119592285E-1,9.859097900E0,9.861973213E0
2.144992208E0,1.234931946E-1,2.086660767E-1,9.902058563E0,9.905026799E0
2.155023208E0,1.423539734E-1,1.959425354E-1,9.921967163E0,9.924922696E0
2.165054208E0,1.336720276E-1,2.180964661E-1,9.918973389E0,9.922271281E0
2.175085208E0,1.079255676E-1,2.514770508E-1,9.900711365E0,9.904492625E0
2.185117208E0,8.891510010E-2,2.730322266E-1,9.874815216E0,9.878989222E0
2.195148208E0,9.026229858E-2,2.811154175E-1,9.885443115E0,9.889851300E0
2.205179208E0,9.714797974E-2,2.845582581E-1,9.853709106E0,9.858295709E0
2.215210208E0,1.068777466E-1,2.839595032E-1,9.855655060E0,9.860324158E0
2.225242208E0,1.187031555E-1,2.841091919E-1,9.866432648E0,9.871236076E0
2.235273208E0,1.124162292E-1,2.649490356E-1,9.872420197E0,9.876614599E0
2.245304208E0,1.010398865E-1,2.450404358E-1,9.864187317E0,9.867747732E0
2.255335208E0,1.029858398E-1,2.272274780E-1,9.840087433E0,9.843249418E0
2.265366208E0,8.277786255E-2,2.148033142E-1,9.813143463E0,9.815843177E0
2.275398208E0,6.301895142E-2,2.032772827E-1,9.812993774E0,9.815301313E0
2.285429208E0,5.343887329E-2,1.649569702E-1,9.823172607E0,9.824702875E0
2.295460208E0,6.825805664E-2,1.499880981E-1,9.852810974E0,9.854188941E0
2.305491208E0,7.155120850E-2,1.326242065E-1,9.857601013E0,9.858752786E0
2.315522208E0,8.292755127E-2,1.357676697E-1,9.869127045E0,9.870409235E0
2.325554208E0,1.125659180E-1,1.504371643E-1,9.843979340E0,9.845772274E0
2.335585208E0,9.774673462E-2,1.526824951E-1,9.825717316E0,9.827389640E0
2.345616208E0,9.744735718E-2,1.718426514E-1,9.830806732E0,9.832791409E0
2.355647208E0,1.118174744E-1,1.787283325E-1,9.830956421E0,9.833216723E0
2.365679208E0,1.070274353E-1,1.800755310E-1,9.834698639E0,9.836929368E0
2.375710208E0,1.019380188E-1,1.989363098E-1,9.870174866E0,9.872705753E0
2.385741208E0,9.999206543E-2,2.091151428E-1,9.891430664E0,9.894146155E0
2.395772208E0,7.634124756E-2,2.285746765E-1,9.882748718E0,9.885686450E0
2.405803208E0,5.957611084E-2,2.547702026E-1,9.869725800E0,9.873193229E0
2.415835208E0,4.460723877E-2,2.688409424E-1,9.845925293E0,9.849695941E0
2.425866208E0,3.802093506E-2,2.724334717E-1,9.828112335E0,9.831961028E0
2.435897208E0,4.520599365E-2,2.805166626E-1,9.839638367E0,9.843739958E0
2.445928208E0,5.343887329E-2,2.480342102E-1,9.847571869E0,9.850839984E0
2.455959208E0,6.795867920E-2,2.266287231E-1,9.883646851E0,9.886478343E0
2.465991208E0,9.535171509E-2,2.142045593E-1,9.917476501E0,9.920247764E0
2.476022208E0,1.137634277E-1,2.104623413E-1,9.876461792E0,9.879358989E0
2.486053208E0,1.196012878E-1,2.198927307E-1,9.865235138E0,9.868410288E0
2.496084208E0,1.255888367E-1,2.466870117E-1,9.851763153E0,9.855651387E0
2.506115208E0,1.091230774E-1,2.415975952E-1,9.839338989E0,9.842909579E0
2.516147208E0,1.276844788E-1,2.091151428E-1,9.903106384E0,9.906136912E0
2.526178208E0,1.519340515E-1,1.893562317E-1,9.963730316E0,9.966687592E0
2.536209208E0,1.540296936E-1,1.651066589E-1,9.851912842E0,9.854500089E0
2.546240208E0,8.247848511E-2,1.471440125E-1,9.755812683E0,9.757270887E0
2.556272208E0,3.472778320E-2,1.296304321E-1,9.770332489E0,9.771254117E0
2.566303208E0,4.370910645E-2,1.203497314E-1,9.836345215E0,9.837178545E0
2.576334208E0,4.565505981E-2,1.169068909E-1,9.861193542E0,9.861992176E0
2.586365208E0,9.190887451E-2,1.529818726E-1,9.829908600E0,9.831528557E0
2.596396208E0,1.137634277E-1,2.068698120E-1,9.763596497E0,9.766450419E0
2.606428208E0,1.386117554E-1,2.871029663E-1,9.774224396E0,9.779422471E0
2.616459208E0,1.486408997E-1,3.257226562E-1,9.806108093E0,9.812642116E0
2.626490208E0,1.703457642E-1,3.608995056E-1,9.873018951E0,9.881081386E0
2.636521208E0,1.598675537E-1,3.622467041E-1,9.920619965E0,9.928518560E0
2.646552208E0,1.416055298E-1,3.110531616E-1,9.975855103E0,9.981707831E0
2.656584208E0,1.242416382E-1,2.746788025E-1,9.991123352E0,9.995670576E0
2.666615208E0,6.601272583E-2,2.231858826E-1,9.995464325E0,9.998173668E0
2.676646208E0,3.098556519E-2,1.749861145E-1,9.963131561E0,9.964716291E0
2.686677208E0,1.332229614E-2,1.570234680E-1,9.885443115E0,9.886699117E0
2.696709208E0,3.143463135E-2,1.709445190E-1,9.811945953E0,9.813485291E0
2.706740208E0,6.511459351E-2,1.930984497E-1,9.763446808E0,9.765573229E0
2.716770792E0,1.040336609E-1,2.438429260E-1,9.754764862E0,9.758366661E0
2.726801792E0,1.556762695E-1,2.520758057E-1,9.741592255E0,9.746096499E0
2.736832792E0,1.703457642E-1,2.628533936E-1,9.795779572E0,9.800786040E0
2.746864792E0,1.799258423E-1,2.556683350E-1,9.818681946E0,9.823657911E0
2.756895792E0,1.574725342E-1,2.305206299E-1,9.818981323E0,9.822949231E0
2.766926792E0,1.293310547E-1,2.137554932E-1,9.863588562E0,9.866752113E0
2.776957792E0,1.134640503E-1,1.808239746E-1,9.897118835E0,9.899420824E0
2.786988792E0,1.016386414E-1,1.779798889E-1,9.923913116E0,9.926029357E0
2.797020792E0,8.906478882E-2,1.847158813E-1,9.878707123E0,9.880835335E0
2.807051792E0,9.026229858E-2,2.139051819E-1,9.857151947E0,9.859885761E0
2.817082792E0,8.217910767E-2,2.201921082E-1,9.840686188E0,9.843492399E0
2.827113792E0,1.028361511E-1,2.354603577E-1,9.843530273E0,9.846883014E0
2.837144792E0,1.297801208E-1,2.438429260E-1,9.835746460E0,9.839624519E0
2.847176792E0,1.356179810E-1,2.240840149E-1,9.846374359E0,9.849857557E0
2.857207792E0,1.353186035E-1,2.056723022E-1,9.878108368E0,9.881175899E0
2.867238792E0,1.532812500E-1,2.076182556E-1,9.905202026E0,9.908563350E0
2.877269792E0,1.103205872E-1,2.067201233E-1,9.885592804E0,9.888369377E0
2.887300792E0,8.981323242E-2,2.189945984E-1,9.858798523E0,9.861639487E0
2.897332792E0,8.771759033E-2,2.432441711E-1,9.868827667E0,9.872214626E0
2.907363792E0,1.104702759E-1,2.736309814E-1,9.867630157E0,9.872041457E0
2.917394792E0,1.588197327E-1,2.938389587E-1,9.850266266E0,9.855927686E0
2.927425792E0,1.514849854E-1,3.230282593E-1,9.851613464E0,9.858071962E0
2.937457792E0,1.634600830E-1,3.252735901E-1,9.872719574E0,9.879428824E0
2.947488792E0,1.450483704E-1,3.129991150E-1,9.894574127E0,9.900586075E0
2.957519792E0,1.251397705E-1,2.888992310E-1,9.893376617E0,9.898384900E0
2.967550792E0,9.011260986E-2,2.366578674E-1,9.878856812E0,9.882101959E0
2.977581792E0,7.858657837E-2,1.981878662E-1,9.858798523E0,9.861103518E0
2.987613792E0,6.541397095E-2,1.589694214E-1,9.852960663E0,9.854460111E0
2.997644792E0,6.391708374E-2,1.218466187E-1,9.877659302E0,9.878617579E0
3.007675792E0,7.529342651E-2,1.026864624E-1,9.876910858E0,9.877731607E0
3.017706792E0,9.340576172E-2,1.098715210E-1,9.855056305E0,9.856111361E0
3.027737792E0,1.239422607E-1,1.181044006E-1,9.846374359E0,9.847862629E0
3.037769792E0,1.399589539E-1,1.431024170E-1,9.824819183E0,9.826858033E0
3.047800792E0,1.185534668E-1,1.654060364E-1,9.803563385E0,9.805675353E0
3.057831792E0,1.234931946E-1,1.645079041E-1,9.827962646E0,9.830115116E0
3.067862792E0,1.302291870E-1,1.874102783E-1,9.830207977E0,9.832856713E0
3.077893792E0,1.330732727E-1,2.055226135E-1,9.826166382E0,9.829216337E0
3.087925792E0,1.182540894E-1,2.055226135E-1,9.838291168E0,9.841148139E0
3.097956792E0,8.891510010E-2,2.142045593E-1,9.866282959E0,9.869008507E0
3.107987792E0,6.571334839E-2,2.314187622E-1,9.886490936E0,9.889417370E0
3.118018792E0,6.496490479E-2,2.481838989E-1,9.876312103E0,9.879643538E0
3.128050792E0,8.307723999E-2,2.613565063E-1,9.841284943E0,9.845105300E0
3.138081792E0,7.484436035E-2,2.610571289E-1,9.813442841E0,9.817199850E0
3.148112792E0,8.247848511E-2,2.424957275E-1,9.804611206E0,9.807956351E0
3.158143792E0,9.310638428E-2,2.082170105E-1,9.845027161E0,9.847668908E0
3.168174792E0,1.154100037E-1,1.983375549E-1,9.874964905E0,9.877630745E0
3.178206792E0,1.528321838E-1,2.143542480E-1,9.898765411E0,9.902265503E0
3.188237792E0,1.598675537E-1,2.116598511E-1,9.890682220E0,9.894238339E0
3.198268792E0,1.519340515E-1,2.351609802E-1,9.876162415E0,9.880129993E0
3.208299792E0,1.525328064E-1,2.417472839E-1,9.871522064E0,9.875659769E0
3.218330792E0,1.640588379E-1,2.300715637E-1,9.869276733E0,9.873321197E0
3.228362792E0,1.715432739E-1,1.907034302E-1,9.927655334E0,9.930968499E0
3.238393792E0,1.939965820E-1,1.672023010E-1,9.962682495E0,9.965973800E0
3.248424792E0,1.704954529E-1,1.547781372E-1,9.816286926E0,9.818987422E0
3.258455792E0,9.610015869E-2,1.428030396E-1,9.710756378E0,9.712281781E0
3.268486792E0,4.116439819E-2,1.125659180E-1,9.748477936E0,9.749214720E0
3.278518792E0,2.933898926E-2,8.577163696E-2,9.796528015E0,9.796947418E0
3.288549792E0,4.520599365E-2,9.310638428E-2,9.821226654E0,9.821772008E0
3.298580792E0,6.451583862E-2,1.528321838E-1,9.811347198E0,9.812749554E0
3.308611792E0,1.440005493E-1,2.204914856E-1,9.774972839E0,9.778519656E0
3.318643792E0,2.164498901E-1,2.962339783E-1,9.800270233E0,9.807135248E0
3.328674792E0,2.655477905E-1,3.450325012E-1,9.840985565E0,9.850612161E0
3.338705792E0,2.692900085E-1,3.477268982E-1,9.897867279E0,9.907633813E0
3.348736792E0,2.427951050E-1,3.359014893E-1,9.957892456E0,9.966514006E0
3.358767792E0,1.978884888E-1,2.963836670E-1,9.996512146E0,1.000286250E1
3.368799792E0,1.320254517E-1,2.438429260E-1,9.999505920E0,1.000334988E1
3.378830792E0,6.795867920E-2,1.948947144E-1,9.974956970E0,9.977092206E0
3.388861792E0,3.143463135E-2,1.695973206E-1,9.891730042E0,9.893233779E0
3.398892792E0,2.993774414E-2,1.526824951E-1,9.817933502E0,9.819166282E0
3.408923792E0,6.406677246E-2,1.597178650E-1,9.804611206E0,9.806121315E0
3.418955792E0,1.294807434E-1,1.715432739E-1,9.793683929E0,9.796041918E0
3.428986792E0,1.884580994E-1,2.151026917E-1,9.786199493E0,9.790377222E0
3.439017792E0,2.296224976E-1,2.435435486E-1,9.792486420E0,9.798205460E0
3.449048792E0,2.372566223E-1,2.612068176E-1,9.833800507E0,9.840129680E0
3.459079792E0,2.303709412E-1,2.585124207E-1,9.883946228E0,9.890009731E0
3.469111792E0,1.905537415E-1,2.177970886E-1,9.908345490E0,9.912570637E0
3.479142792E0,1.429527283E-1,1.924996948E-1,9.899513855E0,9.902417189E0
3.489173792E0,1.270857239E-1,1.803749084E-1,9.902058563E0,9.904516630E0
3.499204792E0,1.083746338E-1,1.739382935E-1,9.853559418E0,9.855690376E0
3.509235792E0,9.595046997E-2,1.815724182E-1,9.797276459E0,9.799428608E0
3.519267792E0,9.340576172E-2,1.947450256E-1,9.790839844E0,9.793221896E0
3.529298792E0,1.017883301E-1,2.130070496E-1,9.816586304E0,9.819424603E0
3.539329792E0,1.290316772E-1,2.284249878E-1,9.850116577E0,9.853609680E0
3.549360792E0,1.851649475E-1,2.080673218E-1,9.845925293E0,9.849864108E0
3.559392792E0,2.140548706E-1,1.924996948E-1,9.866881714E0,9.871080507E0
3.569423792E0,2.269281006E-1,1.736389160E-1,9.890981598E0,9.895108074E0
3.579454792E0,1.977388000E-1,1.821711731E-1,9.904154205E0,9.907802859E0
3.589485792E0,1.718426514E-1,1.874102783E-1,9.871821442E0,9.875095498E0
3.599516792E0,1.480421448E-1,2.062710571E-1,9.850715332E0,9.853986847E0
3.609548792E0,1.463955688E-1,2.429447937E-1,9.845176849E0,9.849261954E0
3.619579792E0,1.360670471E-1,2.653981018E-1,9.833501129E0,9.838022914E0
3.629610792E0,1.484912109E-1,2.639012146E-1,9.849817200E0,9.854470679E0
3.639641792E0,1.342707825E-1,2.513273621E-1,9.862391052E0,9.866506543E0
3.649672792E0,1.118174744E-1,2.351609802E-1,9.880802765E0,9.884233259E0
3.659704792E0,1.092727661E-1,2.146536255E-1,9.877659302E0,9.880595630E0
3.669735792E0,1.127156067E-1,1.963916016E-1,9.864187317E0,9.866785996E0
3.679766792E0,1.059796143E-1,1.618135071E-1,9.844428406E0,9.846328551E0
3.689797792E0,1.386117554E-1,1.366658020E-1,9.826914825E0,9.828842544E0
3.699828792E0,1.583706665E-1,1.260379028E-1,9.840536499E0,9.842617813E0
3.709860792E0,1.672023010E-1,1.207987976E-1,9.867031403E0,9.869187285E0
3.719892292E0,1.833686829E-1,1.359173584E-1,9.862091675E0,9.864732627E0
3.729923292E0,1.731898499E-1,1.368154907E-1,9.876761169E0,9.879226913E0
3.739954292E0,1.544787598E-1,1.390608215E-1,9.857002258E0,9.859193431E0
3.749985292E0,1.475930786E-1,1.543290710E-1,9.841734009E0,9.844050461E0
3.760017292E0,1.076261902E-1,1.697470093E-1,9.815837860E0,9.817895413E0
3.770048292E0,1.077758789E-1,1.552272034E-1,9.815388794E0,9.817207765E0
3.780079292E0,9.565109253E-2,1.573228455E-1,9.836494904E0,9.838217908E0
3.790110292E0,1.188528442E-1,1.636097717E-1,9.850865021E0,9.852940465E0
3.800142292E0,1.260379028E-1,1.484912109E-1,9.837842102E0,9.839769937E0
3.810173292E0,1.431024170E-1,1.546284485E-1,9.848170624E0,9.850423996E0
3.820204292E0,1.402583313E-1,1.910028076E-1,9.890831909E0,9.893670215E0
3.830235292E0,1.294807434E-1,1.933978271E-1,9.921817474E0,9.924546840E0
3.840266292E0,1.215472412E-1,2.234852600E-1,9.880054321E0,9.883329034E0
3.850298292E0,1.239422607E-1,2.546205139E-1,9.820328522E0,9.824410698E0
3.860329292E0,1.425036621E-1,2.644999695E-1,9.784552917E0,9.789164588E0
3.870360292E0,1.312770081E-1,2.474354553E-1,9.783056030E0,9.787065099E0
3.880391292E0,1.282832336E-1,2.209405518E-1,9.827663269E0,9.830983503E0
3.890422292E0,1.344204712E-1,1.752854919E-1,9.909093933E0,9.911555702E0
3.900454292E0,1.573228455E-1,1.739382935E-1,9.927355957E0,9.930125946E0
3.910485292E0,1.414558411E-1,1.826202393E-1,9.874216461E0,9.876918073E0
3.920516292E0,1.221459961E-1,1.785786438E-1,9.840835876E0,9.843213943E0
3.930547292E0,1.302291870E-1,1.875599670E-1,9.846074982E0,9.848722299E0
3.940578292E0,1.216969299E-1,1.501377869E-1,9.888736267E0,9.890624675E0
3.950610292E0,1.601669312E-1,1.287322998E-1,9.959688721E0,9.961808313E0
3.960641292E0,2.008822632E-1,1.013392639E-1,9.982591095E0,9.985126354E0
3.970672292E0,1.746867371E-1,1.088237000E-1,9.852062531E0,9.854212001E0
3.980703292E0,9.400451660E-2,1.059796143E-1,9.751022644E0,9.752051637E0
3.990734292E0,6.601272583E-2,1.110690308E-1,9.782606964E0,9.783460176E0
4.000766292E0,8.038284302E-2,1.169068909E-1,9.840237122E0,9.841259840E0
4.010797292E0,6.930587769E-2,1.164578247E-1,9.841734009E0,9.842667018E0
4.020828292E0,8.023315430E-2,1.342707825E-1,9.782756653E0,9.784007039E0
4.030859292E0,1.047821045E-1,1.779798889E-1,9.731862488E0,9.734053812E0
4.040890292E0,1.252894592E-1,2.374063110E-1,9.745035095E0,9.748731621E0
4.050922292E0,1.766326904E-1,2.965333557E-1,9.791588287E0,9.797669740E0
4.060953292E0,2.161505127E-1,3.216810608E-1,9.846074982E0,9.853699422E0
4.070984292E0,2.392025757E-1,3.110531616E-1,9.927805023E0,9.935556578E0
4.081015292E0,2.526745605E-1,2.671943665E-1,9.971364441E0,9.978143418E0
4.091047292E0,2.139051819E-1,2.170486450E-1,1.001237915E1,1.001701561E1
4.101078292E0,1.573228455E-1,1.812730408E-1,1.002106110E1,1.002393515E1
4.111109292E0,1.152603149E-1,1.395098877E-1,9.984686737E0,9.986326511E0
4.121140292E0,9.774673462E-2,1.233435059E-1,9.918524323E0,9.919772819E0
4.131171292E0,9.595046997E-2,1.285826111E-1,9.845625916E0,9.846933007E0
4.141203292E0,1.130149841E-1,1.432521057E-1,9.782307587E0,9.784009162E0
4.151234292E0,1.561253357E-1,1.478924561E-1,9.741741943E0,9.744115321E0
4.161265292E0,1.734892273E-1,1.603166199E-1,9.720935211E0,9.723804878E0
4.171296292E0,1.859133911E-1,1.549278259E-1,9.759105835E0,9.762105978E0
4.181327292E0,1.924996948E-1,1.612147522E-1,9.813592529E0,9.816804198E0
4.191359292E0,1.880090332E-1,1.540296936E-1,9.847571869E0,9.850570758E0
4.201390292E0,1.730401611E-1,1.544787598E-1,9.876312103E0,9.879035750E0
4.211421292E0,1.725910950E-1,1.411564636E-1,9.906998291E0,9.909506949E0
4.221452292E0,1.678010559E-1,1.434017944E-1,9.905800781E0,9.908259705E0
4.231483292E0,1.345701599E-1,1.591191101E-1,9.880054321E0,9.882251839E0
4.241515292E0,1.293310547E-1,1.703457642E-1,9.839189301E0,9.841513618E0
4.251546292E0,1.046324158E-1,1.929487610E-1,9.831555176E0,9.834005000E0
4.261577292E0,1.288819885E-1,1.878593445E-1,9.837093658E0,9.839731366E0
4.271608292E0,1.797761536E-1,1.811233521E-1,9.873018951E0,9.876316538E0
4.281639292E0,2.082170105E-1,1.655557251E-1,9.912985840E0,9.916554406E0
4.291671292E0,2.252815247E-1,1.576222229E-1,9.865983582E0,9.869814008E0
4.301702292E0,2.103126526E-1,1.341210938E-1,9.841584320E0,9.844744883E0
4.311733292E0,1.779798889E-1,1.489402771E-1,9.872420197E0,9.875147623E0
4.321764292E0,1.396595764E-1,1.417552185E-1,9.871971130E0,9.873976572E0
4.331795292E0,1.019380188E-1,1.592687988E-1,9.877060547E0,9.878870530E0
4.341827292E0,1.260379028E-1,1.902543640E-1,9.864337006E0,9.866976580E0
4.351858292E0,1.694476318E-1,2.104623413E-1,9.854906616E0,9.858610009E0
4.361889292E0,1.965412903E-1,2.438429260E-1,9.864935760E0,9.869906049E0
4.371920292E0,1.740879822E-1,2.447410583E-1,9.874366150E0,9.878932719E0
4.381952292E0,1.534309387E-1,2.330653381E-1,9.895921326E0,9.899854514E0
4.391983292E0,1.432521057E-1,2.125579834E-1,9.883946228E0,9.887269345E0
4.402014292E0,1.199006653E-1,1.800755310E-1,9.861492920E0,9.863865671E0
4.412045292E0,1.193019104E-1,1.621128845E-1,9.847571869E0,9.849628686E0
4.422076292E0,1.309776306E-1,1.314266968E-1,9.814939728E0,9.816693434E0
4.432108292E0,1.206491089E-1,1.213975525E-1,9.821825409E0,9.823316545E0
4.442139292E0,1.308279419E-1,9.804611206E-2,9.837842102E0,9.839200487E0
4.452170292E0,1.437011719E-1,9.580078125E-2,9.848170624E0,9.849684891E0
4.462201292E0,1.558259583E-1,9.624984741E-2,9.846673737E0,9.848376995E0
4.472232292E0,1.592687988E-1,9.639953613E-2,9.832602997E0,9.834365313E0
4.482264292E0,1.606159973E-1,1.154100037E-1,9.847122803E0,9.849108816E0
4.492295292E0,1.538800049E-1,1.366658020E-1,9.845176849E0,9.847327749E0
4.502326292E0,1.435514832E-1,1.375639343E-1,9.846973114E0,9.848980169E0
4.512357292E0,1.270857239E-1,1.498384094E-1,9.850865021E0,9.852824163E0
4.522388292E0,1.173559570E-1,1.493893433E-1,9.861043854E0,9.862873592E0
4.532420292E0,1.113684082E-1,1.486408997E-1,9.868827667E0,9.870575290E0
4.542451292E0,9.624984741E-2,1.634600830E-1,9.858349457E0,9.860174301E0
4.552482292E0,1.068777466E-1,1.745370483E-1,9.870923309E0,9.873044769E0
4.562513292E0,1.236428833E-1,1.845661926E-1,9.855355682E0,9.857859193E0
4.572544292E0,1.395098877E-1,1.776805115E-1,9.836195526E0,9.838789346E0
4.582576292E0,1.401086426E-1,1.745370483E-1,9.838740234E0,9.841285638E0
4.592607292E0,1.413061523E-1,1.769320679E-1,9.837243347E0,9.839849036E0
4.602638292E0,1.146615601E-1,1.706451416E-1,9.859247589E0,9.861390879E0
4.612669292E0,1.166075134E-1,1.775308228E-1,9.879754944E0,9.882037859E0
4.622700292E0,1.181044006E-1,1.803749084E-1,9.877060547E0,9.879413384E0
4.632732292E0,1.414558411E-1,1.862127686E-1,9.849218445E0,9.851994160E0
4.642763292E0,1.450483704E-1,1.746867371E-1,9.818083191E0,9.820708326E0
4.652794292E0,1.395098877E-1,1.649569702E-1,9.817634125E0,9.820010877E0
4.662825292E0,1.444496155E-1,1.537303162E-1,9.836644592E0,9.838906216E0
4.672856292E0,1.442999268E-1,1.543290710E-1,9.873617706E0,9.875878014E0
4.682888292E0,1.586700439E-1,1.459465027E-1,9.876461792E0,9.878814407E0
4.692919292E0,1.378633118E-1,1.695973206E-1,9.844428406E0,9.846854329E0
4.702950292E0,1.193019104E-1,1.700463867E-1,9.803413696E0,9.805614148E0
4.712981292E0,1.157093811E-1,1.607656860E-1,9.844129028E0,9.846121602E0
4.723011958E0,1.246907043E-1,1.525328064E-1,9.920320587E0,9.922276683E0
4.733043958E0,1.622625732E-1,1.383123779E-1,1.003168900E1,1.003395453E1
4.743074958E0,1.926493835E-1,1.233435059E-1,9.939630432E0,9.942262345E0
4.753105958E0,1.454974365E-1,1.118174744E-1,9.749974823E0,9.751701477E0
4.763136958E0,6.945556641E-2,1.014889526E-1,9.694889374E0,9.695669345E0
4.773168958E0,4.071533203E-2,8.846603394E-2,9.774523773E0,9.775008899E0
4.783199958E0,6.331832886E-2,8.577163696E-2,9.903705139E0,9.904278947E0
4.793230958E0,1.143621826E-1,8.023315430E-2,9.922565918E0,9.923549288E0
4.803261958E0,1.523831177E-1,1.215472412E-1,9.870174866E0,9.872099383E0
4.813292958E0,1.709445190E-1,1.992356873E-1,9.785900116E0,9.789420717E0
4.823324958E0,1.672023010E-1,2.442919922E-1,9.769733734E0,9.774217740E0
4.833355958E0,1.541793823E-1,2.853067017E-1,9.804760895E0,9.810122701E0
4.843386958E0,1.428030396E-1,2.894979858E-1,9.872270508E0,9.877546597E0
4.853417958E0,1.306782532E-1,2.758763123E-1,9.912387085E0,9.917086380E0
4.863448958E0,1.579216003E-1,2.589614868E-1,9.919123077E0,9.923759515E0
4.873480958E0,1.678010559E-1,2.463876343E-1,9.939031677E0,9.943501131E0
4.883511958E0,1.348695374E-1,2.077679443E-1,9.949060822E0,9.952143917E0
4.893542958E0,1.053808594E-1,1.484912109E-1,9.948611755E0,9.950277917E0
4.903573958E0,8.232879639E-2,1.160087585E-1,9.916278992E0,9.917299285E0
4.913604958E0,7.409591675E-2,1.002914429E-1,9.873767395E0,9.874554732E0
4.923636958E0,8.202941895E-2,1.097218323E-1,9.811796265E0,9.812752603E0
4.933667958E0,1.050814819E-1,1.121168518E-1,9.806257782E0,9.807461649E0
4.943698958E0,1.330732727E-1,1.260379028E-1,9.814191284E0,9.815902639E0
4.953729958E0,1.374142456E-1,1.372645569E-1,9.830207977E0,9.832126581E0
4.963760958E0,1.516346741E-1,1.210981750E-1,9.842632141E0,9.844544952E0
4.973792958E0,1.597178650E-1,1.483415222E-1,9.860594788E0,9.863003831E0
4.983823958E0,1.517843628E-1,1.510359192E-1,9.850715332E0,9.853042317E0
4.993854958E0,1.315763855E-1,1.505868530E-1,9.854158173E0,9.856186993E0
5.003885958E0,1.300794983E-1,1.722917175E-1,9.851314087E0,9.853679229E0
5.013916958E0,9.595046997E-2,1.719923401E-1,9.809850311E0,9.811827097E0
5.023948958E0,7.289840698E-2,1.796264648E-1,9.782756653E0,9.784677183E0
5.033979958E0,4.969665527E-2,1.835183716E-1,9.805808716E0,9.807651774E0
5.044010958E0,6.885681152E-2,1.823208618E-1,9.832902374E0,9.834833565E0
5.054041958E0,1.206491089E-1,1.681004333E-1,9.885592804E0,9.887758040E0
5.064072958E0,1.719923401E-1,1.676513672E-1,9.930499420E0,9.933403600E0
5.074104958E0,1.875599670E-1,1.651066589E-1,9.898316345E0,9.901469862E0
5.084135958E0,2.010319519E-1,1.654060364E-1,9.880054321E0,9.883483515E0
5.094166958E0,1.809736633E-1,1.791773987E-1,9.875563660E0,9.878846775E0
5.104197958E0,1.570234680E-1,1.763333130E-1,9.886041870E0,9.888861090E0
5.114228958E0,1.249900818E-1,1.797761536E-1,9.880353699E0,9.882779528E0
5.124260958E0,1.011895752E-1,1.963916016E-1,9.858199768E0,9.860675010E0
5.134291958E0,9.580078125E-2,2.267784119E-1,9.838590546E0,9.841670090E0
5.144322958E0,9.879455566E-2,2.285746765E-1,9.839039612E0,9.842190164E0
5.154353958E0,9.714797974E-2,2.303709412E-1,9.855655060E0,9.858825749E0
5.164384958E0,1.124162292E-1,2.207908630E-1,9.898915100E0,9.902015258E0
5.174416958E0,1.284329224E-1,1.841171265E-1,9.896370392E0,9.898916156E0
5.184447958E0,1.384620667E-1,1.791773987E-1,9.896969147E0,9.899559312E0
5.194478958E0,1.326242065E-1,1.540296936E-1,9.869725800E0,9.871818560E0
5.204509958E0,1.339714050E-1,1.321751404E-1,9.823471985E0,9.825274573E0
5.214540958E0,1.178050232E-1,1.209484863E-1,9.809101868E0,9.810554827E0
5.224572958E0,1.222956848E-1,1.170565796E-1,9.806706848E0,9.808167907E0
5.234603958E0,1.070274353E-1,1.191522217E-1,9.827513580E0,9.828818611E0
5.244634958E0,1.227447510E-1,1.155596924E-1,9.835596771E0,9.837041433E0
5.254665958E0,1.139131165E-1,1.202000427E-1,9.830507355E0,9.831902110E0
5.264696958E0,1.237925720E-1,1.133143616E-1,9.853709106E0,9.855138147E0
5.274728958E0,1.224453735E-1,1.249900818E-1,9.847272491E0,9.848826880E0
5.284759958E0,1.061293030E-1,1.284329224E-1,9.861043854E0,9.862451233E0
5.294790958E0,1.064286804E-1,1.445993042E-1,9.870773621E0,9.872406388E0
5.304821958E0,1.050814819E-1,1.661544800E-1,9.859696655E0,9.861656431E0
5.314852958E0,1.001417542E-1,1.875599670E-1,9.866732025E0,9.869022645E0
5.324884958E0,1.133143616E-1,1.938468933E-1,9.849368134E0,9.851927192E0
5.334915958E0,8.547225952E-2,2.127076721E-1,9.843081207E0,9.845750236E0
5.344946958E0,9.744735718E-2,2.221380615E-1,9.863588562E0,9.866570865E0
5.354977958E0,1.062789917E-1,2.142045593E-1,9.868677979E0,9.871574538E0
5.365008958E0,1.014889526E-1,2.088157654E-1,9.865684204E0,9.868415721E0
5.375040958E0,1.101708984E-1,1.872605896E-1,9.866133270E0,9.868525212E0
5.385071958E0,1.020877075E-1,1.814227295E-1,9.865534515E0,9.867730609E0
5.395102958E0,1.004411316E-1,1.675016785E-1,9.890382843E0,9.892311055E0
5.405133958E0,1.302291870E-1,1.663041687E-1,9.892478485E0,9.894733311E0
5.415165958E0,1.381626892E-1,1.660047913E-1,9.898166656E0,9.900522697E0
5.425196958E0,1.383123779E-1,1.636097717E-1,9.880802765E0,9.883125100E0
5.435227958E0,1.107696533E-1,1.595681763E-1,9.842632141E0,9.844548714E0
5.445258958E0,9.340576172E-2,1.672023010E-1,9.850865021E0,9.852726674E0
5.455289958E0,8.637039185E-2,1.592687988E-1,9.858199768E0,9.859864556E0
5.465321958E0,9.475296021E-2,1.703457642E-1,9.869276733E0,9.871201499E0
5.475352958E0,1.133143616E-1,1.948947144E-1,9.838291168E0,9.840873803E0
5.485383958E0,1.194515991E-1,1.945953369E-1,9.811047821E0,9.813704468E0
5.495414958E0,1.196012878E-1,2.055226135E-1,9.781259766E0,9.784149765E0
5.505445958E0,1.038839722E-1,1.806742859E-1,9.810299377E0,9.812512877E0
5.515477958E0,9.280700684E-2,1.695973206E-1,9.861043854E0,9.862938826E0
5.525508958E0,9.041198730E-2,1.490899658E-1,9.924212494E0,9.925744091E0
5.535539958E0,9.101074219E-2,1.457968140E-1,9.909842377E0,9.911332685E0
5.545570958E0,8.562194824E-2,1.442999268E-1,9.839488678E0,9.840919217E0
5.555601958E0,8.367599487E-2,1.445993042E-1,9.800719299E0,9.802143103E0
5.565633958E0,8.457412720E-2,1.437011719E-1,9.888736267E0,9.890141949E0
5.575664958E0,1.342707825E-1,1.618135071E-1,1.000055374E1,1.000276399E1
5.585695958E0,1.853146362E-1,1.719923401E-1,9.992171173E0,9.995369309E0
5.595726958E0,1.719923401E-1,1.728904724E-1,9.821526031E0,9.824553225E0
5.605757958E0,8.666976929E-2,1.643582153E-1,9.665400696E0,9.667186555E0
5.615789958E0,3.667373657E-2,1.460961914E-1,9.697733459E0,9.698903201E0
5.625820958E0,4.625381470E-2,1.360670471E-1,9.847871246E0,9.848919826E0
5.635851958E0,9.086105347E-2,1.056802368E-1,9.970166931E0,9.971140992E0
5.645882958E0,1.210981750E-1,1.194515991E-1,9.950258331E0,9.951712130E0
5.655913958E0,1.330732727E-1,1.453477478E-1,9.866732025E0,9.868699779E0
5.665945958E0,1.450483704E-1,1.913021851E-1,9.800569611E0,9.803509588E0
5.675976958E0,1.363664246E-1,2.423460388E-1,9.789193268E0,9.793142102E0
5.686007958E0,1.083746338E-1,2.694396973E-1,9.822873230E0,9.827165477E0
5.696038958E0,8.292755127E-2,2.736309814E-1,9.875863037E0,9.880001094E0
5.706069958E0,9.026229858E-2,2.894979858E-1,9.883048096E0,9.887699228E0
5.716102333E0,1.209484863E-1,2.857557678E-1,9.905052338E0,9.909911539E0
5.726133333E0,1.363664246E-1,2.624043274E-1,9.929152222E0,9.933555037E0
5.736164333E0,1.227447510E-1,2.439926147E-1,9.943522339E0,9.947272751E0
5.746195333E0,1.028361511E-1,1.962419128E-1,9.935888214E0,9.938358052E0
5.756226333E0,8.487350464E-2,1.477427673E-1,9.912237396E0,9.913701712E0
5.766258333E0,7.409591675E-2,1.224453735E-1,9.854906616E0,9.855945794E0
5.776289333E0,6.825805664E-2,1.119671631E-1,9.806557159E0,9.807433871E0
5.786320333E0,6.870712280E-2,9.774673462E-2,9.783654785E0,9.784384296E0
5.796351333E0,7.020401001E-2,1.098715210E-1,9.797875214E0,9.798742728E0
5.806382333E0,1.122665405E-1,1.154100037E-1,9.811197510E0,9.812518526E0
5.816414333E0,1.375639343E-1,1.193019104E-1,9.821675720E0,9.823363514E0
5.826445333E0,1.365161133E-1,1.451980591E-1,9.846524048E0,9.848540752E0
5.836476333E0,1.447489929E-1,1.568737793E-1,9.857451324E0,9.859762080E0
5.846507333E0,1.318757629E-1,1.874102783E-1,9.886790314E0,9.889445714E0
5.856538333E0,1.131646729E-1,1.778302002E-1,9.901010742E0,9.903254189E0
5.866570333E0,6.631210327E-2,1.935475159E-1,9.843979340E0,9.846105178E0
5.876601333E0,3.053649902E-2,2.101629639E-1,9.818083191E0,9.820379753E0
5.886632333E0,1.451980591E-2,2.207908630E-1,9.796677704E0,9.799176162E0
5.896663333E0,3.143463135E-2,2.279759216E-1,9.821226654E0,9.823922544E0
5.906694333E0,9.550140381E-2,2.209405518E-1,9.863139496E0,9.866076016E0
5.916726333E0,1.468446350E-1,2.110610962E-1,9.881251831E0,9.884596496E0
5.926757333E0,1.413061523E-1,1.992356873E-1,9.884694672E0,9.887712124E0
5.936788333E0,1.514849854E-1,1.896556091E-1,9.858199768E0,9.861187536E0
5.946819333E0,1.440005493E-1,1.769320679E-1,9.889784088E0,9.892414792E0
5.956850333E0,1.103205872E-1,1.963916016E-1,9.898915100E0,9.901477690E0
5.966882333E0,9.849517822E-2,1.884580994E-1,9.905651093E0,9.907933252E0
5.976913333E0,8.173004150E-2,2.164498901E-1,9.880952454E0,9.883660847E0
5.986944333E0,8.397537231E-2,2.231858826E-1,9.863289185E0,9.866171362E0
5.996975333E0,1.010398865E-1,2.276765442E-1,9.850865021E0,9.854013767E0
6.007006333E0,9.580078125E-2,2.311193848E-1,9.867630157E0,9.870801329E0
6.017038333E0,9.774673462E-2,2.278262329E-1,9.867181091E0,9.870294925E0
6.027069333E0,9.849517822E-2,2.179467773E-1,9.882149963E0,9.885043753E0
6.037100333E0,9.669891357E-2,1.942959595E-1,9.859397278E0,9.861785654E0
6.047131333E0,9.729766846E-2,1.752854919E-1,9.861043854E0,9.863081553E0
6.057162333E0,7.963439941E-2,1.571731567E-1,9.839488678E0,9.841066125E0
6.067194333E0,7.873626709E-2,1.369651794E-1,9.843230896E0,9.844498633E0
6.077225333E0,8.023315430E-2,1.182540894E-1,9.851463776E0,9.852500186E0
6.087256333E0,7.619155884E-2,1.257385254E-1,9.837393036E0,9.838491606E0
6.097287333E0,9.280700684E-2,1.311273193E-1,9.842183075E0,9.843494054E0
6.107318333E0,1.020877075E-1,1.416055298E-1,9.824519806E0,9.826070600E0
6.117350333E0,1.040336609E-1,1.460961914E-1,9.822424164E0,9.824061459E0
6.127381333E0,9.654922485E-2,1.600172424E-1,9.864636383E0,9.866406552E0
6.137412333E0,8.816665649E-2,1.657054138E-1,9.866881714E0,9.868666901E0
6.147443333E0,7.544311523E-2,1.764830017E-1,9.864935760E0,9.866802698E0
6.157474333E0,8.637039185E-2,1.965412903E-1,9.862690430E0,9.865026652E0
6.167506333E0,6.840774536E-2,1.914518738E-1,9.874216461E0,9.876309238E0
6.177537333E0,6.227050781E-2,2.050735474E-1,9.852062531E0,9.854393380E0
6.187568333E0,6.556365967E-2,2.151026917E-1,9.877808990E0,9.880368324E0
6.197599333E0,5.433700562E-2,2.239343262E-1,9.863139496E0,9.865830923E0
6.207630333E0,4.355941772E-2,2.163002014E-1,9.845027161E0,9.847499327E0
6.217662333E0,5.613327026E-2,2.113604736E-1,9.873318329E0,9.875739922E0
6.227693333E0,6.780899048E-2,2.213896179E-1,9.855205994E0,9.857925573E0
6.237724333E0,7.903564453E-2,1.959425354E-1,9.854607239E0,9.856871915E0
6.247755333E0,1.047821045E-1,1.936972046E-1,9.874216461E0,9.876671940E0
6.257786333E0,1.082249451E-1,1.907034302E-1,9.865983582E0,9.868419958E0
6.267818333E0,1.064286804E-1,1.848655701E-1,9.874366150E0,9.876669945E0
6.277849333E0,1.294807434E-1,1.824705505E-1,9.894424438E0,9.896953861E0
6.287880333E0,1.213975525E-1,1.761836243E-1,9.889634399E0,9.891948574E0
6.297911333E0,1.179547119E-1,1.751358032E-1,9.869426422E0,9.871684951E0
6.307942333E0,7.858657837E-2,1.661544800E-1,9.838889923E0,9.840606591E0
6.317974333E0,5.134323120E-2,1.698966980E-1,9.842183075E0,9.843783251E0
6.328005333E0,6.631210327E-2,1.664538574E-1,9.852511597E0,9.854140700E0
6.338036333E0,8.577163696E-2,1.854643250E-1,9.869426422E0,9.871541505E0
6.348067333E0,9.430389404E-2,2.028282166E-1,9.864486694E0,9.867022360E0
6.358099333E0,1.062789917E-1,2.221380615E-1,9.809550934E0,9.812641340E0
6.368130333E0,9.924362183E-2,2.489323425E-1,9.770781555E0,9.774455934E0
6.378161333E0,7.993377686E-2,2.243833923E-1,9.784253540E0,9.787152530E0
6.388192333E0,7.933502197E-2,2.082170105E-1,9.830657043E0,9.833181900E0
6.398223333E0,7.424560547E-2,1.913021851E-1,9.896370392E0,9.898497657E0
6.408255333E0,5.837860107E-2,1.796264648E-1,9.901759186E0,9.903560405E0
6.418286333E0,6.765930176E-2,1.645079041E-1,9.801767120E0,9.803381014E0
6.428317333E0,4.700225830E-2,1.654060364E-1,9.808353424E0,9.809860614E0
6.438348333E0,8.307723999E-2,1.806742859E-1,9.944270782E0,9.946258916E0
6.448379333E0,1.431024170E-1,2.061213684E-1,1.007255402E1,1.007567907E1
6.458410333E0,1.437011719E-1,2.016307068E-1,9.982591095E0,9.985661217E0
6.468442333E0,9.460327148E-2,2.022294617E-1,9.766889648E0,9.769441127E0
6.478473333E0,4.670288086E-2,2.086660767E-1,9.655221863E0,9.657589343E0
6.488504333E0,2.409988403E-2,2.071691895E-1,9.713151398E0,9.715390365E0
6.498535333E0,3.936813354E-2,1.856140137E-1,9.886191559E0,9.888012235E0
6.508567333E0,9.265731812E-2,1.574725342E-1,9.985884247E0,9.987555615E0
6.518598333E0,1.245410156E-1,1.505868530E-1,9.949958954E0,9.951877715E0
6.528629333E0,1.380130005E-1,1.568737793E-1,9.870623932E0,9.872835144E0
6.538660333E0,1.390608215E-1,2.020797729E-1,9.815538483E0,9.818603254E0
6.548691333E0,1.287322998E-1,2.585124207E-1,9.801617432E0,9.805870943E0
6.558722333E0,8.427474976E-2,2.799179077E-1,9.835746460E0,9.840089669E0
6.568754333E0,7.319778442E-2,3.019221497E-1,9.875563660E0,9.880449003E0
6.578785333E0,7.708969116E-2,3.228785706E-1,9.872270508E0,9.877849886E0
6.588816333E0,9.370513916E-2,3.260220337E-1,9.879305878E0,9.885128003E0
6.598847333E0,1.175056458E-1,3.314108276E-1,9.885742493E0,9.891994002E0
6.608879333E0,1.142124939E-1,3.134481812E-1,9.894424438E0,9.900046930E0
6.618910333E0,1.107696533E-1,2.736309814E-1,9.884245605E0,9.888652841E0
6.628941333E0,7.858657837E-2,2.360591125E-1,9.870474243E0,9.873609347E0
6.638972333E0,7.574249268E-2,1.821711731E-1,9.859996033E0,9.861969632E0
6.649003333E0,5.718109131E-2,1.507365417E-1,9.832453308E0,9.833774923E0
6.659035333E0,5.373825073E-2,1.399589539E-1,9.815837860E0,9.816982693E0
6.669066333E0,6.885681152E-2,1.233435059E-1,9.805509338E0,9.806526820E0
6.679097333E0,7.484436035E-2,1.269360352E-1,9.818532257E0,9.819637983E0
6.689128333E0,9.610015869E-2,1.550775146E-1,9.834249573E0,9.835941690E0
6.699159333E0,1.164578247E-1,1.698966980E-1,9.847721558E0,9.849875491E0
6.709191333E0,1.101708984E-1,1.757345581E-1,9.856852570E0,9.859034580E0
6.719221917E0,1.121168518E-1,1.993853760E-1,9.869875488E0,9.872525861E0
6.729252917E0,9.145980835E-2,2.263293457E-1,9.873617706E0,9.876634876E0
6.739283917E0,9.430389404E-2,2.532733154E-1,9.813742218E0,9.817462855E0
6.749314917E0,5.703140259E-2,2.710862732E-1,9.783954163E0,9.787875122E0
6.759345917E0,1.826202393E-2,2.749781799E-1,9.793534241E0,9.797410853E0
6.769377917E0,4.176315308E-2,2.781216431E-1,9.856104126E0,9.860115839E0
6.779408917E0,1.023870850E-1,2.820135498E-1,9.895921326E0,9.900468355E0
6.789439917E0,1.305285645E-1,2.607577515E-1,9.899064789E0,9.903358824E0
6.799470917E0,1.323248291E-1,2.486329651E-1,9.880952454E0,9.884965837E0
6.809502917E0,1.339714050E-1,2.287243652E-1,9.866133270E0,9.869693454E0
6.819533917E0,1.305285645E-1,2.230361938E-1,9.882149963E0,9.885528349E0
6.829564917E0,1.113684082E-1,2.171983337E-1,9.889784088E0,9.892795730E0
6.839595917E0,8.547225952E-2,2.164498901E-1,9.908195801E0,9.910928316E0
6.849626917E0,8.487350464E-2,2.423460388E-1,9.907597046E0,9.910923990E0
6.859658917E0,8.053253174E-2,2.628533936E-1,9.878407745E0,9.882232388E0
6.869689917E0,9.774673462E-2,2.802172852E-1,9.856403503E0,9.860870457E0
6.879720917E0,1.046324158E-1,2.881507874E-1,9.864037628E0,9.868800188E0
6.889751917E0,1.172062683E-1,2.751278687E-1,9.869875488E0,9.874405036E0
6.899782917E0,1.007405090E-1,2.610571289E-1,9.879156189E0,9.883118257E0
6.909814917E0,9.535171509E-2,2.474354553E-1,9.869875488E0,9.873437011E0
6.919845917E0,1.052311707E-1,2.309696960E-1,9.868677979E0,9.871941331E0
6.929876917E0,8.966354370E-2,2.067201233E-1,9.862391052E0,9.864964776E0
6.939907917E0,8.891510010E-2,1.929487610E-1,9.847422180E0,9.849713636E0
6.949938917E0,9.086105347E-2,1.850152588E-1,9.824070740E0,9.826232863E0
6.959970917E0,8.966354370E-2,1.914518738E-1,9.833351440E0,9.835623718E0
6.970001917E0,9.160949707E-2,1.875599670E-1,9.808353424E0,9.810574292E0
6.980032917E0,8.786727905E-2,1.957928467E-1,9.802515564E0,9.804864450E0
6.990063917E0,8.367599487E-2,1.933978271E-1,9.811496887E0,9.813759502E0
7.000094917E0,8.532257080E-2,2.085163879E-1,9.861043854E0,9.863617233E0
7.010126917E0,1.040336609E-1,2.209405518E-1,9.871222687E0,9.874243012E0
7.020157917E0,1.004411316E-1,2.243833923E-1,9.874665527E0,9.877725224E0
7.030188917E0,1.110690308E-1,2.377056885E-1,9.878108368E0,9.881592243E0
7.040219917E0,8.487350464E-2,2.323168945E-1,9.858648834E0,9.861750934E0
7.050250917E0,7.200027466E-2,2.420466614E-1,9.861492920E0,9.864725705E0
7.060282917E0,6.152206421E-2,2.649490356E-1,9.858499146E0,9.862250674E0
7.070313917E0,5.134323120E-2,2.727328491E-1,9.876761169E0,9.880659418E0
7.080344917E0,5.523513794E-2,2.639012146E-1,9.881102142E0,9.884779933E0
7.090375917E0,4.969665527E-2,2.647993469E-1,9.855804749E0,9.859486584E0
7.100406917E0,6.885681152E-2,2.670446777E-1,9.866133270E0,9.869986820E0
7.110438917E0,7.035369873E-2,2.535726929E-1,9.852661285E0,9.856174875E0
7.120469917E0,9.774673462E-2,2.405497742E-1,9.881551208E0,9.884961958E0
7.130500917E0,1.188528442E-1,2.315684509E-1,9.886041870E0,9.889467822E0
7.140531917E0,1.058299255E-1,2.269281006E-1,9.874066772E0,9.877241060E0
7.150562917E0,1.037342834E-1,2.189945984E-1,9.830507355E0,9.833493494E0
7.160593917E0,8.337661743E-2,2.306703186E-1,9.848470001E0,9.851523832E0
7.170625917E0,8.412506104E-2,2.245330811E-1,9.886790314E0,9.889697409E0
7.180656917E0,9.445358276E-2,2.430944824E-1,9.902507629E0,9.905941336E0
7.190687917E0,1.002914429E-1,2.658471680E-1,9.852062531E0,9.856158947E0
7.200718917E0,1.014889526E-1,2.619552612E-1,9.781409454E0,9.785442835E0
7.210750917E0,8.247848511E-2,2.574645996E-1,9.758357391E0,9.762101705E0
7.220781917E0,7.424560547E-2,2.547702026E-1,9.792785797E0,9.796380655E0
7.230812917E0,5.822891235E-2,2.348616028E-1,9.836794281E0,9.839769932E0
7.240843917E0,7.110214233E-2,2.056723022E-1,9.889335022E0,9.891729060E0
7.250874917E0,6.945556641E-2,2.005828857E-1,9.860894165E0,9.863178560E0
7.260906917E0,6.930587769E-2,2.185455322E-1,9.792785797E0,9.795469316E0
7.270937917E0,8.846603394E-2,2.037263489E-1,9.873168640E0,9.875666543E0
7.280968917E0,1.233435059E-1,2.041754150E-1,1.000190094E1,1.000474506E1
7.290999917E0,1.672023010E-1,2.276765442E-1,1.007749374E1,1.008145195E1
7.301030917E0,1.555265808E-1,2.278262329E-1,9.941277008E0,9.945103411E0
7.311062917E0,8.517288208E-2,2.430944824E-1,9.693841553E0,9.697263191E0
7.321093917E0,1.257385254E-2,2.523751831E-1,9.644444275E0,9.647753972E0
7.331124917E0,1.122665405E-2,2.386038208E-1,9.765093384E0,9.768014466E0
7.341155917E0,6.750961304E-2,2.122586060E-1,9.928403778E0,9.930901915E0
7.351186917E0,9.864486694E-2,1.844165039E-1,9.996212769E0,9.998400371E0
7.361218917E0,1.112187195E-1,1.781295776E-1,9.924062805E0,9.926284416E0
7.371249917E0,1.290316772E-1,2.070195007E-1,9.833052063E0,9.836077426E0
7.381280917E0,1.193019104E-1,2.490820312E-1,9.792037354E0,9.795931315E0
7.391311917E0,9.550140381E-2,2.865042114E-1,9.797875214E0,9.802528443E0
7.401342917E0,7.334747314E-2,2.897973633E-1,9.847122803E0,9.851659244E0
7.411373917E0,5.867797852E-2,3.100053406E-1,9.883048096E0,9.888083034E0
7.421405917E0,7.679031372E-2,3.218307495E-1,9.890831909E0,9.896364365E0
7.431436917E0,1.068777466E-1,3.405418396E-1,9.895172882E0,9.901607847E0
7.441467917E0,1.140628052E-1,3.273692322E-1,9.899513855E0,9.905582038E0
7.451498917E0,1.008901978E-1,3.122506714E-1,9.907147980E0,9.912580915E0
7.461529917E0,7.664062500E-2,2.697390747E-1,9.906998291E0,9.910966052E0
7.471561917E0,6.975494385E-2,2.119592285E-1,9.891580353E0,9.894096944E0
7.481592917E0,5.074447632E-2,1.865121460E-1,9.862241364E0,9.864135365E0
7.491623917E0,5.643264771E-2,1.842668152E-1,9.838740234E0,9.840627434E0
7.501654917E0,4.131408691E-2,1.651066589E-1,9.802066498E0,9.803543986E0
7.511685917E0,4.999603271E-2,1.716929626E-1,9.814490662E0,9.816119652E0
7.521717917E0,7.200027466E-2,1.956431580E-1,9.824070740E0,9.826282419E0
7.531748917E0,8.906478882E-2,1.776805115E-1,9.839638367E0,9.841645497E0
7.541779917E0,1.118174744E-1,1.960922241E-1,9.860295410E0,9.862878935E0
7.551810917E0,1.224453735E-1,2.171983337E-1,9.862091675E0,9.865243037E0
7.561841917E0,1.170565796E-1,2.387535095E-1,9.881700897E0,9.885277847E0
7.571873917E0,1.092727661E-1,2.582130432E-1,9.848170624E0,9.852161141E0
7.581904917E0,7.185058594E-2,2.659968567E-1,9.788744202E0,9.792621196E0
7.591935917E0,9.729766846E-3,2.835104370E-1,9.760453033E0,9.764574556E0
7.601966917E0,1.002914429E-2,2.896476746E-1,9.793085175E0,9.797372790E0
7.611997917E0,3.832031250E-2,2.880010986E-1,9.858948212E0,9.863228321E0
7.622029917E0,1.053808594E-1,2.656974792E-1,9.896220703E0,9.900347695E0
7.632060917E0,1.411564636E-1,2.604583740E-1,9.904004517E0,9.908434244E0
7.642091917E0,1.296304321E-1,2.380050659E-1,9.893526306E0,9.897237657E0
7.652122917E0,1.188528442E-1,2.420466614E-1,9.867779846E0,9.871463502E0
7.662153917E0,1.155596924E-1,2.266287231E-1,9.891131287E0,9.894402092E0
7.672185917E0,9.011260986E-2,2.321672058E-1,9.915231171E0,9.918358285E0
7.682216917E0,5.673202515E-2,2.414479065E-1,9.894873505E0,9.897981475E0
7.692247917E0,7.065307617E-2,2.695893860E-1,9.871971130E0,9.875904227E0
7.702278917E0,6.975494385E-2,2.893482971E-1,9.843679962E0,9.848178684E0
7.712309917E0,8.367599487E-2,2.918930054E-1,9.848919067E0,9.853598835E0
7.722341917E0,9.041198730E-2,2.764750671E-1,9.857301636E0,9.861592586E0
7.732372917E0,7.963439941E-2,2.544708252E-1,9.880952454E0,9.884549480E0
7.742403917E0,7.319778442E-2,2.354603577E-1,9.880802765E0,9.883878934E0
7.752434917E0,8.771759033E-2,2.182461548E-1,9.870923309E0,9.873725373E0
7.762465917E0,8.652008057E-2,2.002835083E-1,9.852212219E0,9.854627584E0
7.772497917E0,8.831634521E-2,1.818717957E-1,9.830956421E0,9.833035202E0
7.782528917E0,8.427474976E-2,1.832189941E-1,9.822573853E0,9.824643939E0
7.792559917E0,7.948471069E-2,1.998344421E-1,9.837692413E0,9.840042868E0
7.802590917E0,7.888595581E-2,1.960922241E-1,9.816735992E0,9.819011187E0
7.812621917E0,7.634124756E-2,2.098635864E-1,9.824819183E0,9.827356852E0
7.822653917E0,6.825805664E-2,2.041754150E-1,9.830956421E0,9.833313323E0
7.832684917E0,6.706054688E-2,2.139051819E-1,9.822723541E0,9.825281182E0
7.842715917E0,7.978408813E-2,2.210902405E-1,9.856104126E0,9.858906376E0
7.852746917E0,6.975494385E-2,2.207908630E-1,9.887838135E0,9.890548890E0
7.862777917E0,6.526428223E-2,2.408491516E-1,9.892179108E0,9.895325929E0
7.872809917E0,6.092330933E-2,2.486329651E-1,9.879006500E0,9.882322573E0
7.882840917E0,6.047424316E-2,2.552192688E-1,9.874515839E0,9.877998636E0
7.892871917E0,4.505630493E-2,2.450404358E-1,9.852361908E0,9.855511659E0
7.902902917E0,3.996688843E-2,2.375559998E-1,9.856553192E0,9.859496490E0
7.912933917E0,4.251159668E-2,2.498304749E-1,9.881551208E0,9.884800291E0
7.922965917E0,3.787124634E-2,2.411485291E-1,9.865085449E0,9.868105075E0
7.932996917E0,3.861968994E-2,2.525248718E-1,9.851613464E0,9.854925070E0
7.943027917E0,6.032455444E-2,2.402503967E-1,9.835447083E0,9.838565882E0
7.953058917E0,7.170089722E-2,2.418969727E-1,9.837842102E0,9.841076790E0
7.963089917E0,8.666976929E-2,2.353106689E-1,9.912686462E0,9.915857787E0
7.973121917E0,1.001417542E-1,2.402503967E-1,9.922266541E0,9.925679923E0
7.983152917E0,1.059796143E-1,2.441423035E-1,9.861492920E0,9.865083870E0
7.993183917E0,8.472381592E-2,2.592608643E-1,9.816286926E0,9.820075526E0
8.003214917E0,6.825805664E-2,2.598596191E-1,9.790091400E0,9.793777402E0
8.013245917E0,4.565505981E-2,2.396516418E-1,9.815089417E0,9.818120877E0
8.023277917E0,5.298980713E-2,2.097138977E-1,9.858499146E0,9.860871830E0
8.033308917E0,5.658233643E-2,2.058219910E-1,9.883197784E0,9.885502653E0
8.043339917E0,5.852828979E-2,1.799258423E-1,9.825268250E0,9.827089856E0
8.053370917E0,5.254074097E-2,1.811233521E-1,9.792336731E0,9.794152585E0
8.063401917E0,7.020401001E-2,2.013313293E-1,9.854457550E0,9.856763998E0
8.073433917E0,1.137634277E-1,2.101629639E-1,1.001312759E1,1.001597897E1
8.083464917E0,1.549278259E-1,2.053729248E-1,1.006836273E1,1.007164876E1
8.093495917E0,1.546284485E-1,2.070195007E-1,9.873018951E0,9.876399660E0
8.103526917E0,5.149291992E-2,2.107617188E-1,9.706864471E0,9.709288846E0
8.113557917E0,-2.335144043E-2,1.974394226E-1,9.718540192E0,9.720573598E0
8.123589917E0,-4.041595459E-3,1.996847534E-1,9.815239105E0,9.817270956E0
8.133620917E0,2.185455322E-2,1.901046753E-1,9.909093933E0,9.910941428E0
8.143651917E0,8.831634521E-2,1.797761536E-1,9.914482727E0,9.916505785E0
8.153682917E0,1.185534668E-1,2.191442871E-1,9.833351440E0,9.836507495E0
8.163713917E0,1.308279419E-1,2.426454163E-1,9.771679688E0,9.775567332E0
8.173745917E0,1.115180969E-1,2.779719543E-1,9.772428131E0,9.777016737E0
8.183776917E0,6.825805664E-2,2.977308655E-1,9.826316071E0,9.831062524E0
8.193807917E0,3.188369751E-2,3.065625000E-1,9.903555450E0,9.908350402E0
8.203838917E0,3.203338623E-2,3.001258850E-1,9.947114868E0,9.951693117E0
8.213869917E0,4.370910645E-2,2.920426941E-1,9.932295685E0,9.936684406E0
8.223901917E0,7.035369873E-2,2.761756897E-1,9.922865295E0,9.926957153E0
8.233932917E0,7.649093628E-2,2.520758057E-1,9.926757202E0,9.930251841E0
8.243963917E0,7.529342651E-2,2.294728088E-1,9.917326813E0,9.920267032E0
8.253994917E0,7.364685059E-2,2.037263489E-1,9.887389069E0,9.889761922E0
8.264025917E0,7.514373779E-2,1.826202393E-1,9.843679962E0,9.845660563E0
8.274057917E0,7.005432129E-2,1.742376709E-1,9.802365875E0,9.804164581E0
8.284088917E0,6.002517700E-2,1.649569702E-1,9.792636108E0,9.794209298E0
8.294119917E0,5.553451538E-2,1.703457642E-1,9.796378326E0,9.798016640E0
8.304150917E0,5.463638306E-2,1.742376709E-1,9.813742218E0,9.815440908E0
8.314181917E0,6.346801758E-2,1.827699280E-1,9.840386810E0,9.842288637E0
8.324213917E0,7.319778442E-2,1.877096558E-1,9.855355682E0,9.857414897E0
8.334244917E0,8.562194824E-2,1.911524963E-1,9.879605255E0,9.881825256E0
8.344275917E0,9.535171509E-2,1.830693054E-1,9.874066772E0,9.876224023E0
8.354306917E0,8.502319336E-2,2.127076721E-1,9.861343231E0,9.864003438E0
8.364337917E0,7.858657837E-2,2.351609802E-1,9.780511322E0,9.783653625E0
8.374369917E0,3.921844482E-2,2.526745605E-1,9.794432373E0,9.797769544E0
8.384400917E0,1.616638184E-2,2.685415649E-1,9.845176849E0,9.848851868E0
8.394431917E0,4.580474854E-2,2.615061951E-1,9.859097900E0,9.862671797E0
8.404462917E0,6.062393188E-2,2.478845215E-1,9.876012726E0,9.879309154E0
8.414493917E0,8.786727905E-2,2.270777893E-1,9.906399536E0,9.909391341E0
8.424525917E0,1.080752563E-1,2.017803955E-1,9.933343506E0,9.935980515E0
8.434556917E0,1.161584473E-1,1.884580994E-1,9.912087708E0,9.914559595E0
8.444587917E0,1.026864624E-1,1.830693054E-1,9.903555450E0,9.905779598E0
8.454618917E0,9.190887451E-2,1.995350647E-1,9.893077240E0,9.895516094E0
8.464649917E0,7.559280396E-2,2.125579834E-1,9.880952454E0,9.883527536E0
8.474681917E0,7.738906860E-2,2.305206299E-1,9.868827667E0,9.871822950E0
8.484712917E0,7.080276489E-2,2.314187622E-1,9.862391052E0,9.865359849E0
8.494743917E0,7.948471069E-2,2.456391907E-1,9.864037628E0,9.867415810E0
8.504774917E0,8.786727905E-2,2.477348328E-1,9.880353699E0,9.883849575E0
8.514805917E0,8.382568359E-2,2.538720703E-1,9.898765411E0,9.902375192E0
8.524837917E0,7.604187012E-2,2.555186462E-1,9.861343231E0,9.864946146E0
8.534868917E0,6.466552734E-2,2.164498901E-1,9.832453308E0,9.835048055E0
8.544899917E0,4.819976807E-2,2.029779053E-1,9.823322296E0,9.825537348E0
8.554930917E0,5.777984619E-2,1.791773987E-1,9.814939728E0,9.816745128E0
8.564961917E0,6.541397095E-2,1.544787598E-1,9.834998016E0,9.836428654E0
8.574993917E0,6.017486572E-2,1.534309387E-1,9.851613464E0,9.852991927E0
8.585024917E0,6.885681152E-2,1.543290710E-1,9.853858795E0,9.855307802E0
8.595055917E0,9.550140381E-2,1.490899658E-1,9.845176849E0,9.846768786E0
8.605086917E0,8.038284302E-2,1.658551025E-1,9.839488678E0,9.841214699E0
8.615117917E0,7.933502197E-2,1.636097717E-1,9.824968872E0,9.826651288E0
8.625148917E0,6.945556641E-2,1.694476318E-1,9.837991791E0,9.839696085E0
8.635180917E0,4.266128540E-2,1.712438965E-1,9.834249573E0,9.835832914E0
8.645211917E0,2.499801636E-2,1.561253357E-1,9.827214203E0,9.828486100E0
8.655242917E0,4.116439819E-2,1.604663086E-1,9.847871246E0,9.849264543E0
8.665273917E0,4.011657715E-2,1.778302002E-1,9.853709106E0,9.855395277E0
8.675305917E0,4.864883423E-2,1.851649475E-1,9.864486694E0,9.866344334E0
8.685336917E0,4.610412598E-2,1.960922241E-1,9.877958679E0,9.880012420E0
8.695367917E0,3.682342529E-2,2.155517578E-1,9.864786072E0,9.867209472E0
8.705398917E0,2.679428101E-2,2.198927307E-1,9.855954437E0,9.858443519E0
8.715429917E0,2.619552612E-2,2.324665833E-1,9.854756927E0,9.857533212E0
8.725460792E0,3.667373657E-2,2.489323425E-1,9.865983582E0,9.869191674E0
8.735492792E0,5.658233643E-2,2.492317200E-1,9.859696655E0,9.863008473E0
8.745523792E0,8.202941895E-2,2.671943665E-1,9.835896149E0,9.839866600E0
8.755554792E0,8.816665649E-2,2.356100464E-1,9.837093658E0,9.840309807E0
8.765585792E0,9.205856323E-2,2.040257263E-1,9.848919067E0,9.851462230E0
8.775616792E0,8.592132568E-2,1.820214844E-1,9.875114594E0,9.877165713E0
8.785648792E0,7.903564453E-2,1.585203552E-1,9.889634399E0,9.891220546E0
8.795679792E0,6.511459351E-2,1.643582153E-1,9.857900391E0,9.859485466E0
8.805710792E0,6.870712280E-2,1.553768921E-1,9.817634125E0,9.819103954E0
8.815741792E0,4.281097412E-2,1.619631958E-1,9.833052063E0,9.834479027E0
8.825772792E0,6.242019653E-2,1.712438965E-1,9.919272766E0,9.920947181E0
8.835804792E0,1.330732727E-1,1.727407837E-1,1.004201752E1,1.004438468E1
8.845835792E0,1.836680603E-1,1.610650635E-1,9.982441406E0,9.985430003E0
8.855866792E0,1.296304321E-1,1.532812500E-1,9.791438599E0,9.793496261E0
8.865897792E0,5.269042969E-2,1.413061523E-1,9.714648285E0,9.715818803E0
8.875928792E0,3.083587646E-2,1.550775146E-1,9.785001984E0,9.786279360E0
8.885960792E0,3.652404785E-2,1.589694214E-1,9.869276733E0,9.870624526E0
8.895991792E0,6.301895142E-2,1.604663086E-1,9.892927551E0,9.894429562E0
8.906022792E0,9.370513916E-2,1.778302002E-1,9.818083191E0,9.820140619E0
8.916053792E0,1.065783691E-1,2.121089172E-1,9.743538208E0,9.746429395E0
8.926084792E0,9.550140381E-2,2.510279846E-1,9.737251282E0,9.740954681E0
8.936116792E0,6.406677246E-2,2.625540161E-1,9.798773346E0,9.802499592E0
8.946147792E0,5.164260864E-2,2.688409424E-1,9.882000275E0,9.885791412E0
8.956178792E0,3.427871704E-2,2.713856506E-1,9.936786346E0,9.940550694E0
8.966209792E0,5.418731689E-2,2.670446777E-1,9.951605530E0,9.955335341E0
8.976240792E0,7.259902954E-2,2.522254944E-1,9.952353973E0,9.955814278E0
8.986272792E0,8.517288208E-2,2.189945984E-1,9.938582611E0,9.941359936E0
8.996303792E0,8.607101440E-2,1.944456482E-1,9.944420471E0,9.946693714E0
9.006334792E0,8.292755127E-2,1.643582153E-1,9.919871521E0,9.921579592E0
9.016365792E0,8.502319336E-2,1.460961914E-1,9.860145721E0,9.861594531E0
9.026396792E0,7.484436035E-2,1.344204712E-1,9.820328522E0,9.821533629E0
9.036428792E0,6.256988525E-2,1.416055298E-1,9.788744202E0,9.789968343E0
9.046459792E0,4.864883423E-2,1.586700439E-1,9.781858521E0,9.783266275E0
9.056490792E0,5.628295898E-2,1.701960754E-1,9.815089417E0,9.816726274E0
9.066521792E0,8.023315430E-2,1.550775146E-1,9.843230896E0,9.844779371E0
9.076552792E0,9.340576172E-2,1.628613281E-1,9.891730042E0,9.893511594E0
9.086584792E0,9.205856323E-2,1.691482544E-1,9.885892181E0,9.887767702E0
9.096615792E0,1.008901978E-1,1.707948303E-1,9.864786072E0,9.866780323E0
9.106646792E0,8.202941895E-2,1.645079041E-1,9.832752686E0,9.834470858E0
9.116677792E0,6.197113037E-2,1.941462708E-1,9.791887665E0,9.794008231E0
9.126708792E0,4.505630493E-2,2.306703186E-1,9.783056030E0,9.785878814E0
9.136740792E0,4.326004028E-2,2.339634705E-1,9.820178833E0,9.823060758E0
9.146771792E0,7.873626709E-2,2.272274780E-1,9.849218445E0,9.852153861E0
9.156802792E0,1.131646729E-1,2.092648315E-1,9.862989807E0,9.865858602E0
9.166833792E0,1.190025330E-1,1.936972046E-1,9.864935760E0,9.867554802E0
9.176864792E0,1.303788757E-1,1.841171265E-1,9.891730042E0,9.894302450E0
9.186896792E0,1.234931946E-1,1.790277100E-1,9.934690704E0,9.937071041E0
9.196927792E0,1.167572021E-1,1.927990723E-1,9.940229187E0,9.942784319E0
9.206958792E0,1.143621826E-1,2.180964661E-1,9.915530548E0,9.918588147E0
9.216989792E0,1.091230774E-1,2.363584900E-1,9.900861053E0,9.904283052E0
9.227020792E0,9.924362183E-2,2.312690735E-1,9.875114594E0,9.878320855E0
9.237052792E0,9.684860229E-2,2.386038208E-1,9.850565643E0,9.853930938E0
9.247083792E0,8.756790161E-2,2.448907471E-1,9.883197784E0,9.886619142E0
9.257114792E0,8.786727905E-2,2.296224976E-1,9.893675995E0,9.896730361E0
9.267145792E0,9.265731812E-2,2.107617188E-1,9.880054321E0,9.882736426E0
9.277176792E0,7.843688965E-2,2.040257263E-1,9.856852570E0,9.859275908E0
9.287208792E0,5.972579956E-2,1.944456482E-1,9.812844086E0,9.814952131E0
9.297239792E0,7.349716187E-2,1.739382935E-1,9.790390778E0,9.792211596E0
9.307270792E0,7.424560547E-2,1.547781372E-1,9.802365875E0,9.803868901E0
9.317301792E0,9.041198730E-2,1.489402771E-1,9.824370117E0,9.825915007E0
9.327332792E0,9.116043091E-2,1.240919495E-1,9.833800507E0,9.835005920E0
9.337364792E0,1.028361511E-1,1.251397705E-1,9.860295410E0,9.861625668E0
9.347395792E0,1.251397705E-1,1.404080200E-1,9.853409729E0,9.855204598E0
9.357426792E0,1.118174744E-1,1.353186035E-1,9.823471985E0,9.825040260E0
9.367457792E0,9.265731812E-2,1.413061523E-1,9.825717316E0,9.827170171E0
9.377488792E0,7.858657837E-2,1.540296936E-1,9.820627899E0,9.822150138E0
9.387519792E0,5.822891235E-2,1.423539734E-1,9.850116577E0,9.851317264E0
9.397551792E0,5.388793945E-2,1.549278259E-1,9.859996033E0,9.861360368E0
9.407582792E0,4.939727783E-2,1.654060364E-1,9.883646851E0,9.885154238E0
9.417613792E0,6.271957397E-2,1.700463867E-1,9.890682220E0,9.892342711E0
9.427644792E0,7.978408813E-2,1.842668152E-1,9.889035645E0,9.891074044E0
9.437676792E0,8.187973022E-2,2.174977112E-1,9.880802765E0,9.883535441E0
9.447707792E0,7.708969116E-2,2.495310974E-1,9.868378601E0,9.871833913E0
9.457738792E0,8.981323242E-2,2.667453003E-1,9.837393036E0,9.841418659E0
9.467769792E0,7.409591675E-2,2.616558838E-1,9.838141479E0,9.841899297E0
9.477800792E0,5.718109131E-2,2.555186462E-1,9.840386810E0,9.843869769E0
9.487831792E0,6.167175293E-2,2.139051819E-1,9.846973114E0,9.849489243E0
9.497863792E0,7.604187012E-2,1.773811340E-1,9.875264282E0,9.877149947E0
9.507894792E0,7.664062500E-2,1.652563477E-1,9.883796539E0,9.885475076E0
9.517925792E0,1.059796143E-1,1.576222229E-1,9.848619690E0,9.850451068E0
9.527956792E0,1.016386414E-1,1.721420288E-1,9.812844086E0,9.814880149E0
9.537987792E0,9.744735718E-2,1.746867371E-1,9.824519806E0,9.826555900E0
9.548019792E0,1.106199646E-1,1.760339355E-1,9.860445099E0,9.862636679E0
9.558050792E0,1.371148682E-1,1.648072815E-1,9.967771912E0,9.970077172E0
9.568081792E0,1.782792664E-1,1.505868530E-1,1.002300705E1,1.002572343E1
9.578112792E0,1.766326904E-1,1.384620667E-1,9.864486694E0,9.867039505E0
9.588143792E0,1.032852173E-1,1.234931946E-1,9.768236847E0,9.769563424E0
9.598175792E0,5.239105225E-2,1.459465027E-1,9.818681946E0,9.819906331E0
9.608206792E0,6.017486572E-2,1.499880981E-1,9.858199768E0,9.859524335E0
9.618237792E0,7.185058594E-2,1.610650635E-1,9.856253815E0,9.857831593E0
9.628268792E0,8.756790161E-2,1.838177490E-1,9.777068481E0,9.779188371E0
9.638299792E0,9.355545044E-2,2.180964661E-1,9.712103577E0,9.715002551E0
9.648331792E0,6.870712280E-2,2.477348328E-1,9.727671204E0,9.731067786E0
9.658362792E0,8.277786255E-2,2.589614868E-1,9.804611206E0,9.808379791E0
9.668393792E0,7.379653931E-2,2.502795410E-1,9.913584595E0,9.917017964E0
9.678424792E0,9.280700684E-2,2.643502808E-1,9.962832184E0,9.966770758E0
9.688455792E0,1.270857239E-1,2.459385681E-1,9.971514130E0,9.975356164E0
9.698487792E0,1.440005493E-1,2.401007080E-1,9.977801056E0,9.981728228E0
9.708518792E0,1.434017944E-1,2.183958435E-1,9.962083740E0,9.965509183E0
9.718549792E0,1.204994202E-1,1.779798889E-1,9.922565918E0,9.924893518E0
9.728581417E0,1.017883301E-1,1.372645569E-1,9.887838135E0,9.889314708E0
9.738612417E0,7.200027466E-2,1.118174744E-1,9.831255798E0,9.832155296E0
9.748644417E0,5.493576050E-2,1.240919495E-1,9.807455292E0,9.808394163E0
9.758675417E0,5.328918457E-2,1.490899658E-1,9.779762878E0,9.781044398E0
9.768706417E0,8.128097534E-2,1.471440125E-1,9.810898132E0,9.812338158E0
9.778737417E0,1.086740112E-1,1.678010559E-1,9.856403503E0,9.858430771E0
9.788768417E0,1.173559570E-1,1.601669312E-1,9.872120819E0,9.874117446E0
9.798800417E0,1.212478638E-1,1.710942078E-1,9.884544983E0,9.886769128E0
9.808831417E0,1.118174744E-1,1.636097717E-1,9.889933777E0,9.891918996E0
9.818862417E0,1.008901978E-1,1.700463867E-1,9.868977356E0,9.870957839E0
9.828893417E0,8.367599487E-2,1.657054138E-1,9.834998016E0,9.836749765E0
9.838924417E0,7.125183105E-2,1.733395386E-1,9.777816925E0,9.779612837E0
9.848956417E0,4.191284180E-2,2.089654541E-1,9.780810699E0,9.783132483E0
9.858987417E0,4.535568237E-2,2.264790344E-1,9.791887665E0,9.794611474E0
9.869018417E0,7.020401001E-2,2.161505127E-1,9.842033386E0,9.844656968E0
9.879049417E0,1.037342834E-1,2.112107849E-1,9.849068756E0,9.851879321E0
9.889080417E0,1.184037781E-1,2.113604736E-1,9.845625916E0,9.848606113E0
9.899112417E0,1.357676697E-1,2.113604736E-1,9.897118835E0,9.900306427E0
9.909143417E0,1.516346741E-1,2.272274780E-1,9.925260315E0,9.929018971E0
9.919174417E0,1.267863464E-1,2.294728088E-1,9.904303894E0,9.907773119E0
9.929205417E0,1.007405090E-1,2.384541321E-1,9.873318329E0,9.876711186E0
9.939236417E0,9.430389404E-2,2.163002014E-1,9.872569885E0,9.875389367E0
9.949268417E0,9.490264893E-2,2.236349487E-1,9.879904633E0,9.882891007E0
9.959299417E0,1.122665405E-1,1.987866211E-1,9.871072998E0,9.873712677E0
9.969330417E0,1.049317932E-1,2.010319519E-1,9.889933777E0,9.892533277E0
9.979361417E0,1.058299255E-1,1.972897339E-1,9.891280975E0,9.893814358E0
9.989392417E0,1.001417542E-1,1.901046753E-1,9.887389069E0,9.889723492E0
9.999423417E0,1.026864624E-1,1.996847534E-1,9.836345215E0,9.838907749E0
1.000945542E1,1.101708984E-1,1.990859985E-1,9.820178833E0,9.822814524E0
1.001948642E1,9.295669556E-2,1.721420288E-1,9.792187042E0,9.794141151E0
1.002951742E1,8.307723999E-2,1.438508606E-1,9.803413696E0,9.804821008E0
1.003954842E1,6.451583862E-2,1.178050232E-1,9.824220428E0,9.825138541E0
1.004957942E1,7.679031372E-2,1.130149841E-1,9.855954437E0,9.856901491E0
1.005961142E1,8.966354370E-2,1.004411316E-1,9.847721558E0,9.848641929E0
1.006964242E1,9.610015869E-2,1.121168518E-1,9.850565643E0,9.851672392E0
1.007967342E1,9.774673462E-2,1.228944397E-1,9.845326538E0,9.846578701E0
1.008970442E1,1.184037781E-1,1.486408997E-1,9.822424164E0,9.824262315E0
1.009973542E1,1.182540894E-1,1.718426514E-1,9.833650818E0,9.835863070E0
1.010976742E1,1.059796143E-1,1.781295776E-1,9.843979340E0,9.846161235E0
1.011979842E1,7.604187012E-2,1.812730408E-1,9.852960663E0,9.854921415E0
1.012982942E1,6.466552734E-2,1.886077881E-1,9.859696655E0,9.861712461E0
1.013986042E1,6.915618896E-2,2.077679443E-1,9.874665527E0,9.877093164E0
1.014989142E1,7.155120850E-2,2.125579834E-1,9.885892181E0,9.888435907E0
1.015992342E1,8.427474976E-2,2.516267395E-1,9.897567902E0,9.901124614E0
1.016995442E1,7.050338745E-2,2.739303589E-1,9.886191559E0,9.890237212E0
1.017998542E1,6.885681152E-2,2.903961182E-1,9.851912842E0,9.856432306E0
1.019001642E1,7.050338745E-2,2.835104370E-1,9.835147705E0,9.839485722E0
1.020004742E1,7.604187012E-2,2.448907471E-1,9.861492920E0,9.864826225E0
1.021007942E1,8.637039185E-2,2.163002014E-1,9.885293427E0,9.888036800E0
1.022011042E1,9.610015869E-2,1.634600830E-1,9.892478485E0,9.894295580E0
1.023014142E1,9.265731812E-2,1.374142456E-1,9.862241364E0,9.863633852E0
1.024017242E1,8.322692871E-2,1.387614441E-1,9.795779572E0,9.797115845E0
1.025020342E1,1.079255676E-1,1.281335449E-1,9.807305603E0,9.808736378E0
1.026023542E1,1.333726501E-1,1.474433899E-1,9.941277008E0,9.943264875E0
1.027026642E1,1.692979431E-1,1.549278259E-1,1.004276596E1,1.004538763E1
1.028029742E1,1.950444031E-1,1.450483704E-1,9.941576385E0,9.944547369E0
1.029032842E1,1.284329224E-1,1.534309387E-1,9.761650543E0,9.763701009E0
1.030035942E1,4.924758911E-2,1.574725342E-1,9.742191010E0,9.743588076E0
1.031039142E1,4.026626587E-2,1.546284485E-1,9.808952179E0,9.810253523E0
1.032042242E1,3.936813354E-2,1.454974365E-1,9.883197784E0,9.884347110E0
1.033045342E1,9.774673462E-2,1.514849854E-1,9.864636383E0,9.866283652E0
1.034048442E1,1.207987976E-1,1.751358032E-1,9.785301361E0,9.787613990E0
1.035051542E1,1.300794983E-1,2.251318359E-1,9.720336456E0,9.723813339E0
1.036054742E1,9.939331055E-2,2.601589966E-1,9.740843811E0,9.744824261E0
1.037057842E1,6.721023560E-2,2.763253784E-1,9.812095642E0,9.816215861E0
1.038060942E1,5.448669434E-2,2.716850281E-1,9.884095917E0,9.887979250E0
1.039064042E1,6.721023560E-2,2.817141724E-1,9.938133545E0,9.942352762E0
1.040067142E1,9.160949707E-2,2.838098145E-1,9.942025452E0,9.946497393E0
1.041070342E1,1.187031555E-1,2.658471680E-1,9.978549500E0,9.982795965E0
1.042073442E1,1.290316772E-1,2.273771667E-1,9.987530823E0,9.990951981E0
1.043076542E1,1.058299255E-1,1.890568542E-1,9.977202301E0,9.979554510E0
1.044079642E1,1.046324158E-1,1.612147522E-1,9.909393311E0,9.911256929E0
1.045082742E1,8.876541138E-2,1.445993042E-1,9.856253815E0,9.857714112E0
1.046085942E1,9.026229858E-2,1.529818726E-1,9.803563385E0,9.805172399E0
1.047089042E1,9.370513916E-2,1.610650635E-1,9.784852295E0,9.786626438E0
1.048092142E1,9.415420532E-2,1.731898499E-1,9.786199493E0,9.788184728E0
1.049095242E1,1.013392639E-1,1.606159973E-1,9.832752686E0,9.834586545E0
1.050098342E1,1.154100037E-1,1.637594604E-1,9.853709106E0,9.855745521E0
1.051101542E1,1.185534668E-1,1.634600830E-1,9.863887939E0,9.865954561E0
1.052104642E1,1.040336609E-1,1.567240906E-1,9.851912842E0,9.853708545E0
1.053107742E1,6.661148071E-2,1.731898499E-1,9.862989807E0,9.864735159E0
1.054110842E1,7.514373779E-2,1.754351807E-1,9.844877472E0,9.846727198E0
1.055113942E1,5.553451538E-2,1.954934692E-1,9.789193268E0,9.791302600E0
1.056117142E1,3.832031250E-2,2.330653381E-1,9.780211945E0,9.783063609E0
1.057120242E1,4.326004028E-2,2.502795410E-1,9.811496887E0,9.814783872E0
1.058123342E1,5.987548828E-2,2.676434326E-1,9.823172607E0,9.827000466E0
1.059126442E1,1.142124939E-1,2.647993469E-1,9.865534515E0,9.869748450E0
1.060129542E1,1.431024170E-1,2.348616028E-1,9.897418213E0,9.901238587E0
1.061132642E1,1.781295776E-1,2.055226135E-1,9.911339264E0,9.915070131E0
1.062135842E1,1.640588379E-1,1.968406677E-1,9.896969147E0,9.900285846E0
1.063138942E1,1.305285645E-1,1.890568542E-1,9.900711365E0,9.903376481E0
1.064142042E1,9.535171509E-2,1.887574768E-1,9.896370392E0,9.898629616E0
1.065145142E1,5.538482666E-2,1.987866211E-1,9.878108368E0,9.880263586E0
1.066148242E1,6.391708374E-2,2.074685669E-1,9.868677979E0,9.871065477E0
1.067151442E1,8.472381592E-2,2.151026917E-1,9.869576111E0,9.872283419E0
1.068154542E1,8.427474976E-2,2.198927307E-1,9.874815216E0,9.877622720E0
1.069157642E1,1.008901978E-1,2.197430420E-1,9.903405762E0,9.906357126E0
1.070160742E1,1.124162292E-1,2.201921082E-1,9.901609497E0,9.904695483E0
1.071163842E1,1.209484863E-1,2.161505127E-1,9.888287201E0,9.891388848E0
1.072167042E1,1.115180969E-1,2.088157654E-1,9.863289185E0,9.866129629E0
1.073170142E1,9.295669556E-2,2.079176331E-1,9.814640350E0,9.817282511E0
1.074173242E1,7.289840698E-2,1.869612122E-1,9.780062256E0,9.782120752E0
1.075176342E1,6.406677246E-2,1.463955688E-1,9.794731750E0,9.796035233E0
1.076179442E1,6.466552734E-2,1.341210938E-1,9.823621674E0,9.824750016E0
1.077182642E1,6.885681152E-2,1.399589539E-1,9.855505371E0,9.856739618E0
1.078185742E1,8.217910767E-2,1.302291870E-1,9.854906616E0,9.856109651E0
1.079188842E1,9.550140381E-2,1.462458801E-1,9.851463776E0,9.853012072E0
1.080191942E1,9.041198730E-2,1.440005493E-1,9.860295410E0,9.861761306E0
1.081195042E1,9.131011963E-2,1.642085266E-1,9.874665527E0,9.876452868E0
1.082198242E1,8.921447754E-2,1.924996948E-1,9.857900391E0,9.860183338E0
1.083201342E1,8.187973022E-2,2.089654541E-1,9.855804749E0,9.858359807E0
1.084204442E1,7.918533325E-2,2.242337036E-1,9.862391052E0,9.865257642E0
1.085207542E1,5.194198608E-2,2.320175171E-1,9.848470001E0,9.851339577E0
1.086210642E1,3.248245239E-2,2.389031982E-1,9.847571869E0,9.850522908E0
1.087213842E1,3.652404785E-2,2.300715637E-1,9.861941986E0,9.864692933E0
1.088216942E1,3.338058472E-2,2.353106689E-1,9.900561676E0,9.903413900E0
1.089220042E1,4.954696655E-2,2.438429260E-1,9.886940002E0,9.890070621E0
1.090223142E1,6.810836792E-2,2.647993469E-1,9.856253815E0,9.860045472E0
1.091226242E1,8.696914673E-2,2.683918762E-1,9.809850311E0,9.813906509E0
1.092229442E1,8.666976929E-2,2.625540161E-1,9.797426147E0,9.801326715E0
1.093232542E1,1.083746338E-1,2.215393066E-1,9.812993774E0,9.816092478E0
1.094235642E1,9.744735718E-2,1.716929626E-1,9.851763153E0,9.853740999E0
1.095238742E1,1.074765015E-1,1.613644409E-1,9.885293427E0,9.887194537E0
1.096241842E1,1.107696533E-1,1.474433899E-1,9.853260040E0,9.854985687E0
1.097245042E1,9.834548950E-2,1.423539734E-1,9.785750427E0,9.787279904E0
1.098248142E1,9.355545044E-2,1.498384094E-1,9.816137238E0,9.817726541E0
1.099251242E1,1.281335449E-1,1.594184875E-1,9.965975647E0,9.968074190E0
1.100254342E1,1.664538574E-1,1.646575928E-1,1.009261230E1,1.009532774E1
1.101257442E1,1.776805115E-1,1.681004333E-1,9.954898682E0,9.957903187E0
1.102260642E1,9.849517822E-2,1.836680603E-1,9.742640076E0,9.744868952E0
1.103263742E1,2.005828857E-2,1.920506287E-1,9.666897583E0,9.668825919E0
1.104266842E1,-1.646575928E-3,1.877096558E-1,9.769883423E0,9.771686637E0
1.105269942E1,2.694396973E-2,1.803749084E-1,9.908195801E0,9.909874122E0
1.106273042E1,7.454498291E-2,1.778302002E-1,9.949659576E0,9.951527834E0
1.107276142E1,1.441502380E-1,1.914518738E-1,9.876611481E0,9.879518584E0
1.108279342E1,1.531315613E-1,2.148033142E-1,9.768985291E0,9.772546411E0
1.109282442E1,1.178050232E-1,2.535726929E-1,9.742490387E0,9.746501735E0
1.110285542E1,8.786727905E-2,2.703378296E-1,9.794731750E0,9.798855712E0
1.111288642E1,3.233276367E-2,2.905458069E-1,9.859996033E0,9.864328869E0
1.112291842E1,3.382965088E-2,2.957849121E-1,9.924062805E0,9.928527369E0
1.113294942E1,7.110214233E-2,2.929408264E-1,9.943672028E0,9.948240208E0
1.114298042E1,9.535171509E-2,2.987786865E-1,9.954449615E0,9.959388927E0
1.115301142E1,1.155596924E-1,2.743794250E-1,9.958191833E0,9.962641352E0
1.116304242E1,1.139131165E-1,2.447410583E-1,9.955796814E0,9.959456039E0
1.117307342E1,1.095721436E-1,2.073188782E-1,9.905202026E0,9.907977309E0
1.118310542E1,7.963439941E-2,1.821711731E-1,9.842033386E0,9.844041302E0
1.119313642E1,6.825805664E-2,1.573228455E-1,9.815089417E0,9.816587487E0
1.120316742E1,4.984634399E-2,1.508862305E-1,9.798473969E0,9.799762417E0
1.121319842E1,4.670288086E-2,1.495390320E-1,9.782008209E0,9.783262630E0
1.122322942E1,6.361770630E-2,1.414558411E-1,9.813592529E0,9.814818149E0
1.123326142E1,8.831634521E-2,1.576222229E-1,9.842632141E0,9.844290325E0
1.124329242E1,9.654922485E-2,1.643582153E-1,9.838740234E0,9.840586607E0
1.125332342E1,8.726852417E-2,1.725910950E-1,9.841734009E0,9.843634074E0
1.126335442E1,9.565109253E-2,1.814227295E-1,9.849966888E0,9.852101859E0
1.127338542E1,7.963439941E-2,1.904040527E-1,9.856553192E0,9.858713718E0
1.128341742E1,7.963439941E-2,2.213896179E-1,9.830207977E0,9.833023130E0
1.129344842E1,4.520599365E-2,2.387535095E-1,9.771979065E0,9.774999829E0
1.130347942E1,1.916015625E-2,2.568658447E-1,9.789342957E0,9.792731115E0
1.131351042E1,1.945953369E-2,2.670446777E-1,9.813891907E0,9.817543781E0
1.132354142E1,5.448669434E-2,2.677931213E-1,9.843829651E0,9.847622259E0
1.133357342E1,9.954299927E-2,2.454895020E-1,9.896370392E0,9.899915193E0
1.134360442E1,1.353186035E-1,2.171983337E-1,9.932595062E0,9.935891048E0
1.135363542E1,1.389111328E-1,2.005828857E-1,9.899663544E0,9.902669745E0
1.136366642E1,1.251397705E-1,1.896556091E-1,9.884095917E0,9.886707303E0
1.137369742E1,1.273851013E-1,1.916015625E-1,9.899513855E0,9.902187268E0
1.138372942E1,9.041198730E-2,2.011816406E-1,9.895921326E0,9.898379022E0
1.139376042E1,6.167175293E-2,2.192939758E-1,9.894125061E0,9.896747141E0
1.140379142E1,8.083190918E-2,2.359094238E-1,9.879904633E0,9.883051280E0
1.141382242E1,7.948471069E-2,2.414479065E-1,9.873318329E0,9.876589985E0
1.142385342E1,9.699829102E-2,2.420466614E-1,9.860145721E0,9.863593103E0
1.143388542E1,9.774673462E-2,2.571652222E-1,9.883347473E0,9.887175818E0
1.144391642E1,8.307723999E-2,2.415975952E-1,9.891879730E0,9.895178413E0
1.145394742E1,7.559280396E-2,2.257305908E-1,9.861642609E0,9.864515371E0
1.146397842E1,6.047424316E-2,1.992356873E-1,9.833201752E0,9.835405873E0
1.147400942E1,4.999603271E-2,1.935475159E-1,9.813442841E0,9.815478625E0
1.148404142E1,5.523513794E-2,1.734892273E-1,9.824819183E0,9.826506064E0
1.149407242E1,7.499404907E-2,1.499880981E-1,9.825567627E0,9.826998511E0
1.150410342E1,7.858657837E-2,1.595681763E-1,9.851763153E0,9.853368717E0
1.151413442E1,9.849517822E-2,1.481918335E-1,9.850116577E0,9.851723641E0
1.152416542E1,9.924362183E-2,1.444496155E-1,9.823621674E0,9.825184872E0
1.153419742E1,9.131011963E-2,1.603166199E-1,9.852960663E0,9.854687858E0
1.154422842E1,6.855743408E-2,1.778302002E-1,9.853858795E0,9.855701744E0
1.155425942E1,5.538482666E-2,1.911524963E-1,9.869576111E0,9.871582414E0
1.156429042E1,3.412902832E-2,1.977388000E-1,9.877060547E0,9.879098667E0
1.157432142E1,4.445755005E-2,1.996847534E-1,9.864187317E0,9.866308423E0
1.158435242E1,3.502716064E-2,2.192939758E-1,9.846673737E0,9.849177652E0
1.159438442E1,4.460723877E-2,2.338137817E-1,9.861642609E0,9.864514871E0
1.160441542E1,4.281097412E-2,2.192939758E-1,9.882149963E0,9.884675540E0
1.161444642E1,4.340972900E-2,2.133064270E-1,9.864037628E0,9.866439194E0
1.162447742E1,2.829116821E-2,2.137554932E-1,9.820777588E0,9.823144315E0
1.163450942E1,2.005828857E-2,1.977388000E-1,9.852810974E0,9.854815425E0
1.164454042E1,3.667373657E-2,2.177970886E-1,9.882599030E0,9.885066723E0
1.165457142E1,7.214996338E-2,2.222877502E-1,9.879455566E0,9.882219374E0
1.166460242E1,1.038839722E-1,2.336640930E-1,9.870474243E0,9.873786132E0
1.167463342E1,1.230441284E-1,2.526745605E-1,9.826914825E0,9.830932778E0
1.168466442E1,1.086740112E-1,2.471360779E-1,9.787846069E0,9.791568667E0
1.169469642E1,8.307723999E-2,2.311193848E-1,9.787546692E0,9.790627572E0
1.170472742E1,5.403762817E-2,1.886077881E-1,9.824519806E0,9.826478636E0
1.171475842E1,4.535568237E-2,1.715432739E-1,9.898316345E0,9.899906601E0
1.172478896E1,4.745132446E-2,1.552272034E-1,9.890532532E0,9.891864378E0
1.173481996E1,6.002517700E-2,1.490899658E-1,9.805659027E0,9.806976078E0
1.174485196E1,5.089416504E-2,1.553768921E-1,9.808054047E0,9.809416719E0
1.175488296E1,8.292755127E-2,1.781295776E-1,9.933792572E0,9.935735604E0
1.176491396E1,1.483415222E-1,1.993853760E-1,1.008527756E1,1.008833897E1
1.177494496E1,1.733395386E-1,2.122586060E-1,9.997709656E0,1.000146483E1
1.178497596E1,1.029858398E-1,2.182461548E-1,9.779463501E0,9.782440587E0
1.179500796E1,3.233276367E-2,2.293231201E-1,9.647138672E0,9.649918085E0
1.180503896E1,-1.930984497E-2,2.228865051E-1,9.703721008E0,9.706299638E0
1.181506996E1,-1.496887207E-4,1.968406677E-1,9.869725800E0,9.871688489E0
1.182510096E1,4.745132446E-2,1.610650635E-1,9.986782379E0,9.988193824E0
1.183513196E1,9.804611206E-2,1.440005493E-1,9.939031677E0,9.940558328E0
1.184516396E1,1.169068909E-1,1.666035461E-1,9.811347198E0,9.813457995E0
1.185519496E1,1.258882141E-1,2.160008240E-1,9.758656769E0,9.761858744E0
1.186522596E1,9.849517822E-2,2.586621094E-1,9.773176575E0,9.777095057E0
1.187525696E1,6.346801758E-2,2.704875183E-1,9.850116577E0,9.854034111E0
1.188528796E1,3.592529297E-2,2.758763123E-1,9.897118835E0,9.901028210E0
1.189531996E1,4.116439819E-2,2.797682190E-1,9.900262299E0,9.904299993E0
1.190535096E1,7.694000244E-2,3.092568970E-1,9.912237396E0,9.917359013E0
1.191538196E1,1.007405090E-1,2.960842896E-1,9.924212494E0,9.929139347E0
1.192541296E1,9.999206543E-2,2.683918762E-1,9.930200043E0,9.934329645E0
1.193544396E1,7.155120850E-2,2.360591125E-1,9.905351715E0,9.908422482E0
1.194547596E1,6.990463257E-2,2.022294617E-1,9.885742493E0,9.888057850E0
1.195550696E1,5.313949585E-2,1.655557251E-1,9.847122803E0,9.848657776E0
1.196553796E1,2.814147949E-2,1.574725342E-1,9.815987549E0,9.817290925E0
1.197556896E1,4.146377563E-2,1.451980591E-1,9.808952179E0,9.810114401E0
1.198559996E1,4.984634399E-2,1.499880981E-1,9.817185059E0,9.818457290E0
1.199563196E1,7.574249268E-2,1.523831177E-1,9.835147705E0,9.836619741E0
1.200566296E1,8.996292114E-2,1.477427673E-1,9.847122803E0,9.848641975E0
1.201569396E1,8.771759033E-2,1.751358032E-1,9.854008484E0,9.855955059E0
1.202572496E1,1.050814819E-1,1.814227295E-1,9.860295410E0,9.862524114E0
1.203575596E1,6.840774536E-2,2.091151428E-1,9.864037628E0,9.866491124E0
1.204578796E1,6.047424316E-2,2.302212524E-1,9.858199768E0,9.861073046E0
1.205581896E1,4.415817261E-2,2.481838989E-1,9.797575836E0,9.800818203E0
1.206584996E1,1.930984497E-2,2.646496582E-1,9.761800232E0,9.765406089E0
1.207588096E1,2.993774414E-3,2.734812927E-1,9.801018677E0,9.804833914E0
1.208591196E1,4.071533203E-2,2.803669739E-1,9.841734009E0,9.845810870E0
1.209594396E1,8.547225952E-2,2.713856506E-1,9.902657318E0,9.906744048E0
1.210597496E1,1.065783691E-1,2.348616028E-1,9.923314362E0,9.926665444E0
1.211600596E1,1.197509766E-1,2.106120300E-1,9.903256073E0,9.906219186E0
1.212603696E1,1.101708984E-1,2.038760376E-1,9.863887939E0,9.866609770E0
1.213606796E1,9.400451660E-2,2.026785278E-1,9.874366150E0,9.876893353E0
1.214609896E1,7.170089722E-2,2.064207458E-1,9.898166656E0,9.900578453E0
1.215613096E1,4.864883423E-2,2.191442871E-1,9.891879730E0,9.894426488E0
1.216616196E1,5.643264771E-2,2.326162720E-1,9.881700897E0,9.884599516E0
1.217619296E1,5.957611084E-2,2.336640930E-1,9.861792297E0,9.864740014E0
1.218622396E1,7.634124756E-2,2.462379456E-1,9.850266266E0,9.853639258E0
1.219625496E1,6.661148071E-2,2.489323425E-1,9.857451324E0,9.860818983E0
1.220628696E1,7.993377686E-2,2.414479065E-1,9.869576111E0,9.872852633E0
1.221631796E1,8.532257080E-2,2.222877502E-1,9.859996033E0,9.862870452E0
1.222634896E1,8.367599487E-2,2.112107849E-1,9.855056305E0,9.857674495E0
1.223637996E1,6.795867920E-2,1.972897339E-1,9.830507355E0,9.832721723E0
1.224641096E1,6.212081909E-2,1.766326904E-1,9.821526031E0,9.823310628E0
1.225644296E1,6.526428223E-2,1.619631958E-1,9.843230896E0,9.844779631E0
1.226647396E1,6.361770630E-2,1.773811340E-1,9.833201752E0,9.835007268E0
1.227650496E1,5.448669434E-2,1.692979431E-1,9.833501129E0,9.835109305E0
1.228653596E1,6.122268677E-2,1.592687988E-1,9.829609222E0,9.831090084E0
1.229656696E1,6.017486572E-2,1.737886047E-1,9.835447083E0,9.837166401E0
1.230659896E1,7.140151978E-2,1.856140137E-1,9.847721558E0,9.849729469E0
1.231662996E1,7.170089722E-2,1.972897339E-1,9.854457550E0,9.856693049E0
1.232666096E1,5.658233643E-2,2.079176331E-1,9.860445099E0,9.862799240E0
1.233669196E1,4.730163574E-2,2.025288391E-1,9.851314087E0,9.853509254E0
1.234672296E1,5.029541016E-2,2.067201233E-1,9.868827667E0,9.871120623E0
1.235675496E1,4.086502075E-2,2.323168945E-1,9.870773621E0,9.873591695E0
1.236678596E1,4.191284180E-2,2.445913696E-1,9.877210236E0,9.880327103E0
1.237681696E1,3.936813354E-2,2.517764282E-1,9.883946228E0,9.887230869E0
1.238684796E1,3.607498169E-2,2.525248718E-1,9.858199768E0,9.861499525E0
1.239687896E1,2.963836670E-2,2.414479065E-1,9.852511597E0,9.855514207E0
1.240691096E1,4.984634399E-2,2.423460388E-1,9.858798523E0,9.861902685E0
1.241694196E1,7.664062500E-2,2.409988403E-1,9.870324554E0,9.873563746E0
1.242697296E1,7.559280396E-2,2.309696960E-1,9.867181091E0,9.870173451E0
1.243700396E1,6.481521606E-2,2.086660767E-1,9.843380585E0,9.845805395E0
1.244703496E1,5.074447632E-2,1.983375549E-1,9.854158173E0,9.856284598E0
1.245706696E1,5.284011841E-2,1.995350647E-1,9.896669769E0,9.898822094E0
1.246709796E1,8.337661743E-2,2.025288391E-1,9.928852844E0,9.931268217E0
1.247712896E1,1.041833496E-1,2.263293457E-1,9.890083466E0,9.893221422E0
1.248715996E1,8.517288208E-2,2.435435486E-1,9.827663269E0,9.831049446E0
1.249719096E1,7.723937988E-2,2.618055725E-1,9.776918793E0,9.780728457E0
1.250722296E1,4.730163574E-2,2.411485291E-1,9.774224396E0,9.777313158E0
1.251725396E1,2.829116821E-2,2.255809021E-1,9.806706848E0,9.809341789E0
1.252728496E1,2.694396973E-2,1.951940918E-1,9.859846344E0,9.861815078E0
1.253731596E1,3.098556519E-2,1.636097717E-1,9.861343231E0,9.862749038E0
1.254734696E1,3.906875610E-2,1.713935852E-1,9.773026886E0,9.774607749E0
1.255737796E1,4.191284180E-2,1.703457642E-1,9.763147430E0,9.764723351E0
1.256740996E1,7.185058594E-2,1.814227295E-1,9.900561676E0,9.902484447E0
1.257744096E1,1.230441284E-1,2.005828857E-1,1.006447083E1,1.006722138E1
1.258747196E1,1.496887207E-1,2.237846375E-1,1.003064117E1,1.003425377E1
1.259750296E1,1.184037781E-1,2.315684509E-1,9.810898132E0,9.814344887E0
1.260753396E1,1.556762695E-2,2.508782959E-1,9.652228088E0,9.655500471E0
1.261756596E1,-3.113525391E-2,2.288740540E-1,9.717192993E0,9.719937881E0
1.262759696E1,-2.095642090E-2,1.977388000E-1,9.876910858E0,9.878912283E0
1.263762796E1,2.484832764E-2,1.808239746E-1,9.991123352E0,9.992790430E0
1.264765896E1,7.993377686E-2,1.633103943E-1,9.945168915E0,9.946830874E0
1.265768996E1,9.071136475E-2,1.859133911E-1,9.857750702E0,9.859920955E0
1.266772196E1,9.864486694E-2,2.291734314E-1,9.781110077E0,9.784291779E0
1.267775296E1,9.265731812E-2,2.561174011E-1,9.792336731E0,9.796123731E0
1.268778396E1,6.137237549E-2,2.884501648E-1,9.859397278E0,9.863806808E0
1.269781496E1,3.472778320E-2,3.043171692E-1,9.895771637E0,9.900510656E0
1.270784596E1,3.906875610E-2,3.116519165E-1,9.904004517E0,9.908983739E0
1.271787796E1,5.867797852E-2,3.278182983E-1,9.904154205E0,9.909751685E0
1.272790942E1,8.816665649E-2,3.267704773E-1,9.916129303E0,9.921903681E0
1.273794042E1,8.427474976E-2,2.932402039E-1,9.909842377E0,9.914538213E0
1.274797142E1,6.571334839E-2,2.692900085E-1,9.906399536E0,9.910276844E0
1.275800242E1,4.101470947E-2,2.424957275E-1,9.881251831E0,9.884312021E0
1.276803442E1,4.805007935E-2,1.916015625E-1,9.845176849E0,9.847158329E0
1.277806542E1,3.113525391E-2,1.710942078E-1,9.820328522E0,9.821868198E0
1.278809642E1,1.871109009E-2,1.745370483E-1,9.797725525E0,9.799297870E0
1.279812742E1,3.802093506E-2,1.673519897E-1,9.820627899E0,9.822127296E0
1.280815842E1,5.089416504E-2,1.504371643E-1,9.834399261E0,9.835681491E0
1.281819042E1,6.616241455E-2,1.613644409E-1,9.859996033E0,9.861538304E0
1.282822142E1,8.517288208E-2,1.815724182E-1,9.856104126E0,9.858144425E0
1.283825242E1,7.753875732E-2,1.950444031E-1,9.859397278E0,9.861631166E0
1.284828342E1,7.843688965E-2,2.136058044E-1,9.859846344E0,9.862471785E0
1.285831442E1,7.484436035E-2,2.402503967E-1,9.867630157E0,9.870838204E0
1.286834642E1,2.978805542E-2,2.586621094E-1,9.800719299E0,9.804177283E0
1.287837742E1,-1.347198486E-3,2.878514099E-1,9.774224396E0,9.778462189E0
1.288840842E1,-2.619552612E-2,2.880010986E-1,9.763895874E0,9.768177592E0
1.289843942E1,-1.062789917E-2,2.875520325E-1,9.834099884E0,9.838308780E0
1.290847042E1,4.834945679E-2,2.772235107E-1,9.901908875E0,9.905906819E0
1.291850242E1,1.047821045E-1,2.607577515E-1,9.925410004E0,9.929387576E0
1.292853342E1,1.216969299E-1,2.453398132E-1,9.895172882E0,9.898961972E0
1.293856442E1,1.107696533E-1,2.195933533E-1,9.858948212E0,9.862015565E0
1.294859542E1,1.016386414E-1,2.115101624E-1,9.867779846E0,9.870569693E0
1.295862642E1,7.469467163E-2,2.110610962E-1,9.890083466E0,9.892617300E0
1.296865842E1,3.547622681E-2,2.177970886E-1,9.897717590E0,9.900177152E0
1.297868942E1,2.829116821E-2,2.290237427E-1,9.881401520E0,9.884095723E0
1.298872042E1,3.308120728E-2,2.520758057E-1,9.865235138E0,9.868510572E0
1.299875142E1,5.523513794E-2,2.674937439E-1,9.870923309E0,9.874701555E0
1.300878242E1,6.406677246E-2,2.685415649E-1,9.884544983E0,9.888399701E0
1.301881342E1,6.975494385E-2,2.659968567E-1,9.895621948E0,9.899442097E0
1.302884542E1,8.008346558E-2,2.478845215E-1,9.890831909E0,9.894261769E0
1.303887642E1,8.322692871E-2,2.291734314E-1,9.877509613E0,9.880518374E0
1.304890742E1,7.469467163E-2,1.960922241E-1,9.838291168E0,9.840528673E0
1.305893842E1,5.343887329E-2,1.871109009E-1,9.832153931E0,9.834079373E0
1.306897042E1,5.209167480E-2,1.710942078E-1,9.836195526E0,9.837821364E0
1.307900142E1,4.116439819E-2,1.767823792E-1,9.828262024E0,9.829937992E0
1.308903242E1,4.296066284E-2,1.725910950E-1,9.829459534E0,9.831068509E0
1.309906342E1,5.418731689E-2,1.919009399E-1,9.844877472E0,9.846896703E0
1.310909442E1,5.328918457E-2,2.026785278E-1,9.822573853E0,9.824809179E0
1.311912542E1,4.745132446E-2,2.128573608E-1,9.826316071E0,9.828735799E0
1.312915742E1,4.909790039E-2,2.248324585E-1,9.841734009E0,9.844424236E0
1.313918842E1,3.742218018E-2,2.279759216E-1,9.870773621E0,9.873476860E0
1.314921942E1,3.876937866E-2,2.320175171E-1,9.881401520E0,9.884201090E0
1.315925042E1,4.805007935E-2,2.261796570E-1,9.883796539E0,9.886500902E0
1.316928142E1,3.382965088E-2,2.357597351E-1,9.865983582E0,9.868858046E0
1.317931342E1,2.978805542E-2,2.492317200E-1,9.859996033E0,9.863190434E0
1.318934442E1,3.981719971E-2,2.607577515E-1,9.879006500E0,9.882527483E0
1.319937542E1,4.191284180E-2,2.523751831E-1,9.856852570E0,9.860172032E0
1.320940642E1,2.993774414E-2,2.556683350E-1,9.845925293E0,9.849289692E0
1.321943742E1,3.008743286E-2,2.508782959E-1,9.838740234E0,9.841984280E0
1.322946942E1,4.161346436E-2,2.430944824E-1,9.843829651E0,9.846918747E0
1.323950042E1,6.421646118E-2,2.302212524E-1,9.874366150E0,9.877258346E0
1.324953142E1,6.780899048E-2,2.234852600E-1,9.878707123E0,9.881467408E0
1.325956242E1,6.421646118E-2,2.174977112E-1,9.854158173E0,9.856767335E0
1.326959342E1,3.951782227E-2,2.050735474E-1,9.844727783E0,9.846942771E0
1.327962542E1,3.472778320E-2,2.103126526E-1,9.865235138E0,9.867537776E0
1.328965642E1,6.825805664E-2,2.139051819E-1,9.905651093E0,9.908195505E0
1.329968742E1,8.277786255E-2,2.475851440E-1,9.893675995E0,9.897119544E0
1.330971842E1,8.592132568E-2,2.586621094E-1,9.842183075E0,9.845956340E0
1.331974942E1,7.798782349E-2,2.785707092E-1,9.794881439E0,9.799152318E0
1.332978142E1,5.284011841E-2,2.707868958E-1,9.765991516E0,9.769887815E0
1.333981242E1,2.395019531E-2,2.505789185E-1,9.793683929E0,9.796918307E0
1.334984342E1,1.930984497E-2,2.128573608E-1,9.863588562E0,9.865903935E0
1.335987442E1,1.886077881E-2,1.969903564E-1,9.895322571E0,9.897301133E0
1.336990542E1,1.811233521E-2,1.859133911E-1,9.822573853E0,9.824349797E0
1.337993742E1,2.799179077E-2,1.760339355E-1,9.776020660E0,9.777645496E0
1.338996842E1,4.161346436E-2,1.839674377E-1,9.864935760E0,9.866738735E0
1.339999942E1,1.016386414E-1,2.264790344E-1,1.004755600E1,1.005062211E1
1.341003042E1,1.520837402E-1,2.411485291E-1,1.010174332E1,1.010576569E1
1.342006142E1,1.264869690E-1,2.344125366E-1,9.884544983E0,9.888133176E0
1.343009342E1,2.529739380E-2,2.466870117E-1,9.682614899E0,9.685789886E0
1.344012442E1,-4.176315308E-2,2.465373230E-1,9.652078400E0,9.655316786E0
1.345015542E1,-3.278182983E-2,2.487826538E-1,9.809550934E0,9.812759906E0
1.346018642E1,5.987548828E-3,2.146536255E-1,9.947414246E0,9.949731765E0
1.347021742E1,6.017486572E-2,1.878593445E-1,9.967173157E0,9.969124981E0
1.348024842E1,9.595046997E-2,1.942959595E-1,9.876312103E0,9.878689092E0
1.349028042E1,1.056802368E-1,2.180964661E-1,9.768536224E0,9.771542066E0
1.350031142E1,9.819580078E-2,2.489323425E-1,9.767937469E0,9.771602332E0
1.351034242E1,6.227050781E-2,2.829116821E-1,9.827513580E0,9.831782128E0
1.352037342E1,2.290237427E-2,2.806663513E-1,9.887389069E0,9.891398319E0
1.353040542E1,1.975891113E-2,2.993774414E-1,9.913285217E0,9.917824412E0
1.354043642E1,4.281097412E-2,3.242257690E-1,9.920769653E0,9.926158655E0
1.355046742E1,6.661148071E-2,3.345542908E-1,9.906998291E0,9.912869353E0
1.356049842E1,7.933502197E-2,3.251239014E-1,9.904752960E0,9.910405178E0
1.357052942E1,6.631210327E-2,2.853067017E-1,9.896819458E0,9.901153094E0
1.358056042E1,4.056564331E-2,2.510279846E-1,9.892927551E0,9.896195034E0
1.359059242E1,3.023712158E-2,2.140548706E-1,9.861642609E0,9.864011796E0
1.360062342E1,2.933898926E-2,1.844165039E-1,9.820029144E0,9.821804448E0
1.361065442E1,1.227447510E-2,1.808239746E-1,9.795330505E0,9.797007078E0
1.362068542E1,1.152603149E-2,1.734892273E-1,9.794731750E0,9.796274875E0
1.363071642E1,2.544708252E-2,1.799258423E-1,9.826166382E0,9.827846490E0
1.364074842E1,4.939727783E-2,1.785786438E-1,9.851912842E0,9.853655010E0
1.365077942E1,6.047424316E-2,1.953437805E-1,9.871671753E0,9.873789522E0
1.366081042E1,7.783813477E-2,2.053729248E-1,9.870025177E0,9.872468476E0
1.367084142E1,8.472381592E-2,2.219883728E-1,9.876162415E0,9.879020245E0
1.368087242E1,7.858657837E-2,2.411485291E-1,9.879305878E0,9.882561059E0
1.369090442E1,6.017486572E-2,2.498304749E-1,9.817933502E0,9.821295970E0
1.370093542E1,2.469863892E-2,2.713856506E-1,9.773475952E0,9.777274282E0
1.371096642E1,-1.451980591E-2,2.915936279E-1,9.770631866E0,9.774992825E0
1.372099742E1,-9.879455566E-3,3.043171692E-1,9.803264008E0,9.807991219E0
1.373102804E1,2.335144043E-2,2.865042114E-1,9.869127045E0,9.873312442E0
1.374106004E1,9.145980835E-2,2.619552612E-1,9.932445374E0,9.936320071E0
1.375109104E1,1.104702759E-1,2.502795410E-1,9.931696930E0,9.935464128E0
1.376112204E1,1.191522217E-1,2.236349487E-1,9.881102142E0,9.884350732E0
1.377115304E1,9.160949707E-2,2.158511353E-1,9.872120819E0,9.874905239E0
1.378118404E1,6.915618896E-2,2.276765442E-1,9.878258057E0,9.881123490E0
1.379121604E1,4.041595459E-2,2.421963501E-1,9.884095917E0,9.887145423E0
1.380124704E1,3.293151855E-2,2.598596191E-1,9.872270508E0,9.875744857E0
1.381127804E1,3.083587646E-2,2.698887634E-1,9.866282959E0,9.870021794E0
1.382130904E1,4.700225830E-2,2.656974792E-1,9.859846344E0,9.863537615E0
1.383134004E1,5.373825073E-2,2.754272461E-1,9.867630157E0,9.871619568E0
1.384137204E1,7.469467163E-2,2.692900085E-1,9.889933777E0,9.893881266E0
1.385140304E1,6.346801758E-2,2.393522644E-1,9.872569885E0,9.875674855E0
1.386143404E1,5.523513794E-2,2.351609802E-1,9.877060547E0,9.880014001E0
1.387146504E1,5.358856201E-2,2.064207458E-1,9.861792297E0,9.864097961E0
1.388149604E1,5.224136353E-2,1.941462708E-1,9.836345215E0,9.838399724E0
1.389152804E1,2.664459229E-2,1.960922241E-1,9.821675720E0,9.823669174E0
1.390155904E1,4.805007935E-2,1.942959595E-1,9.836644592E0,9.838680631E0
1.391159004E1,5.029541016E-2,1.884580994E-1,9.841883698E0,9.843816374E0
1.392162104E1,4.340972900E-2,1.857637024E-1,9.848320312E0,9.850167792E0
1.393165204E1,3.562591553E-2,1.920506287E-1,9.830207977E0,9.832148368E0
1.394168404E1,4.011657715E-2,2.017803955E-1,9.809401245E0,9.811558360E0
1.395171504E1,3.772155762E-2,2.031275940E-1,9.823471985E0,9.825644283E0
1.396174604E1,3.068618774E-2,2.097138977E-1,9.836494904E0,9.838778052E0
1.397177704E1,3.712280273E-2,2.210902405E-1,9.870174866E0,9.872720541E0
1.398180804E1,2.754272461E-2,2.312690735E-1,9.874216461E0,9.876962828E0
1.399183904E1,3.353027344E-2,2.564167786E-1,9.873318329E0,9.876704342E0
1.400187104E1,3.966751099E-2,2.604583740E-1,9.868079224E0,9.871595597E0
1.401190204E1,3.203338623E-2,2.697390747E-1,9.876162415E0,9.879897234E0
1.402193304E1,3.203338623E-2,2.761756897E-1,9.851763153E0,9.855685485E0
1.403196404E1,1.182540894E-2,2.585124207E-1,9.864636383E0,9.868030172E0
1.404199604E1,2.350112915E-2,2.556683350E-1,9.862690430E0,9.866031680E0
1.405202704E1,2.529739380E-2,2.474354553E-1,9.845027161E0,9.848168564E0
1.406205804E1,2.799179077E-2,2.305206299E-1,9.832902374E0,9.835643975E0
1.407208904E1,4.146377563E-2,2.266287231E-1,9.861193542E0,9.863884524E0
1.408212004E1,5.583389282E-2,2.176473999E-1,9.887538757E0,9.890091531E0
1.409215104E1,6.885681152E-2,2.106120300E-1,9.867330780E0,9.869818408E0
1.410218304E1,7.963439941E-2,2.139051819E-1,9.838440857E0,9.841088129E0
1.411221404E1,5.673202515E-2,2.207908630E-1,9.833650818E0,9.836292774E0
1.412224504E1,4.430786133E-2,2.034269714E-1,9.868827667E0,9.871023516E0
1.413227604E1,4.026626587E-2,2.339634705E-1,9.911488953E0,9.914331724E0
1.414230704E1,6.346801758E-2,2.393522644E-1,9.904902649E0,9.907997486E0
1.415233904E1,6.017486572E-2,2.607577515E-1,9.835896149E0,9.839535999E0
1.416237004E1,3.308120728E-2,2.794688416E-1,9.781559143E0,9.785606597E0
1.417240104E1,7.035369873E-3,2.459385681E-1,9.776320038E0,9.779415563E0
1.418243204E1,-1.526824951E-2,2.219883728E-1,9.799821167E0,9.802347008E0
1.419246304E1,-1.392105103E-2,1.974394226E-1,9.862989807E0,9.864975624E0
1.420249504E1,8.681945801E-3,1.936972046E-1,9.876012726E0,9.877915840E0
1.421252604E1,1.975891113E-2,1.793270874E-1,9.816436615E0,9.818094338E0
1.422255704E1,3.607498169E-2,1.913021851E-1,9.774074707E0,9.776013211E0
1.423258804E1,5.508544922E-2,2.107617188E-1,9.884844360E0,9.887244456E0
1.424261904E1,9.819580078E-2,2.219883728E-1,1.003138962E1,1.003432603E1
1.425265104E1,1.414558411E-1,2.362088013E-1,1.009425888E1,1.009801301E1
1.426268204E1,1.103205872E-1,2.372566223E-1,9.902507629E0,9.905963794E0
1.427271304E1,1.706451416E-2,2.359094238E-1,9.707163849E0,9.710045028E0
1.428274404E1,-6.541397095E-2,2.483335876E-1,9.695338440E0,9.698738888E0
1.429277504E1,-7.244934082E-2,2.161505127E-1,9.815987549E0,9.818634401E0
1.430280704E1,-2.035766602E-2,1.975891113E-1,9.932744751E0,9.934730705E0
1.431283804E1,6.406677246E-2,1.802252197E-1,9.933642883E0,9.935484216E0
1.432286904E1,1.158590698E-1,1.945953369E-1,9.854607239E0,9.857209265E0
1.433290004E1,1.248403931E-1,2.128573608E-1,9.780960388E0,9.784072746E0
1.434293104E1,1.101708984E-1,2.493814087E-1,9.766290894E0,9.770095523E0
1.435296304E1,4.864883423E-2,2.633024597E-1,9.819280701E0,9.822930743E0
1.436299404E1,9.879455566E-3,2.836601257E-1,9.887089691E0,9.891162886E0
1.437302504E1,8.981323242E-4,3.140469360E-1,9.912237396E0,9.917211124E0
1.438305604E1,2.065704346E-2,3.203338623E-1,9.913734283E0,9.918929778E0
1.439308704E1,3.652404785E-2,3.194357300E-1,9.892179108E0,9.897402724E0
1.440311904E1,5.074447632E-2,3.038681030E-1,9.876761169E0,9.881564756E0
1.441315004E1,5.074447632E-2,2.733316040E-1,9.883347473E0,9.887256568E0
1.442318104E1,3.173400879E-2,2.384541321E-1,9.871222687E0,9.874153369E0
1.443321204E1,4.131408691E-2,2.050735474E-1,9.834998016E0,9.837222575E0
1.444324304E1,3.936813354E-2,1.661544800E-1,9.811197510E0,9.812683310E0
1.445327504E1,3.128494263E-2,1.411564636E-1,9.820328522E0,9.821392782E0
1.446330604E1,1.122665405E-2,1.505868530E-1,9.834698639E0,9.835857856E0
1.447333704E1,1.047821045E-2,1.487905884E-1,9.858199768E0,9.859328126E0
1.448336804E1,3.547622681E-2,1.636097717E-1,9.856104126E0,9.857525818E0
1.449339904E1,5.837860107E-2,1.863624573E-1,9.861043854E0,9.862977487E0
1.450343104E1,7.020401001E-2,1.954934692E-1,9.871222687E0,9.873407904E0
1.451346204E1,6.780899048E-2,2.230361938E-1,9.875413971E0,9.878165027E0
1.452349304E1,6.451583862E-2,2.383044434E-1,9.873617706E0,9.876703798E0
1.453352404E1,5.254074097E-2,2.502795410E-1,9.794432373E0,9.797770455E0
1.454355504E1,-1.496887207E-3,2.767744446E-1,9.769434357E0,9.773354285E0
1.455358704E1,-4.625381470E-2,2.966830444E-1,9.790839844E0,9.795443078E0
1.456361804E1,-2.604583740E-2,2.850073242E-1,9.810898132E0,9.815071560E0
1.457364904E1,1.287322998E-2,2.799179077E-1,9.872120819E0,9.876096862E0
1.458368004E1,7.634124756E-2,2.586621094E-1,9.902807007E0,9.906478723E0
1.459371104E1,9.565109253E-2,2.480342102E-1,9.918224945E0,9.921786944E0
1.460374204E1,9.131011963E-2,2.312690735E-1,9.897118835E0,9.900241622E0
1.461377404E1,8.472381592E-2,2.215393066E-1,9.883048096E0,9.885893862E0
1.462380504E1,6.960525513E-2,2.127076721E-1,9.906549225E0,9.909077000E0
1.463383604E1,5.149291992E-2,2.261796570E-1,9.893226929E0,9.895946030E0
1.464386704E1,1.901046753E-2,2.333647156E-1,9.874066772E0,9.876842366E0
1.465389804E1,6.137237549E-3,2.498304749E-1,9.866282959E0,9.869447419E0
1.466393004E1,1.871109009E-2,2.603086853E-1,9.844727783E0,9.848186424E0
1.467396104E1,3.113525391E-2,2.679428101E-1,9.861941986E0,9.865630365E0
1.468399204E1,5.493576050E-2,2.600093079E-1,9.872420197E0,9.875996320E0
1.469402304E1,5.448669434E-2,2.453398132E-1,9.881251831E0,9.884447287E0
1.470405404E1,5.149291992E-2,2.290237427E-1,9.863887939E0,9.866680733E0
1.471408604E1,5.508544922E-2,2.013313293E-1,9.833950195E0,9.836165165E0
1.472411779E1,4.296066284E-2,1.838177490E-1,9.821226654E0,9.823040648E0
1.473414879E1,4.056564331E-2,1.778302002E-1,9.816885681E0,9.818580021E0
1.474417979E1,3.068618774E-2,1.734892273E-1,9.827363892E0,9.828943036E0
1.475421079E1,2.424957275E-2,1.682501221E-1,9.847721558E0,9.849188597E0
1.476424279E1,4.101470947E-2,1.749861145E-1,9.845775604E0,9.847415884E0
1.477427379E1,3.278182983E-2,1.898052979E-1,9.849517822E0,9.851401019E0
1.478430479E1,3.502716064E-2,1.938468933E-1,9.840536499E0,9.842507918E0
1.479433579E1,2.230361938E-2,1.948947144E-1,9.845476227E0,9.847430301E0
1.480436679E1,2.874023438E-2,2.218386841E-1,9.858349457E0,9.860886999E0
1.481439879E1,3.861968994E-2,2.260299683E-1,9.874216461E0,9.876878644E0
1.482442979E1,2.125579834E-2,2.459385681E-1,9.865833893E0,9.868921724E0
1.483446079E1,1.481918335E-2,2.574645996E-1,9.871372375E0,9.874740513E0
1.484449179E1,1.691482544E-2,2.606080627E-1,9.870474243E0,9.873928522E0
1.485452279E1,1.721420288E-2,2.597099304E-1,9.865833893E0,9.869266638E0
1.486455479E1,6.137237549E-3,2.522254944E-1,9.861492920E0,9.864719863E0
1.487458579E1,1.541793823E-2,2.556683350E-1,9.854158173E0,9.857486358E0
1.488461679E1,2.679428101E-2,2.520758057E-1,9.864935760E0,9.868192221E0
1.489464779E1,2.454895020E-2,2.393522644E-1,9.861642609E0,9.864577391E0
1.490467879E1,3.802093506E-2,2.366578674E-1,9.839788055E0,9.842707022E0
1.491471079E1,4.565505981E-2,2.206411743E-1,9.842033386E0,9.844612135E0
1.492474179E1,5.658233643E-2,2.236349487E-1,9.864337006E0,9.867033937E0
1.493477279E1,7.035369873E-2,2.182461548E-1,9.877659302E0,9.880320557E0
1.494480379E1,5.927673340E-2,2.040257263E-1,9.867330780E0,9.869617873E0
1.495483479E1,3.891906738E-2,2.028282166E-1,9.838740234E0,9.840907650E0
1.496486679E1,1.960922241E-2,1.963916016E-1,9.847122803E0,9.849100552E0
1.497489779E1,2.948867798E-2,2.056723022E-1,9.884694672E0,9.886878144E0
1.498492879E1,3.293151855E-2,2.207908630E-1,9.918674011E0,9.921185777E0
1.499495979E1,4.999603271E-2,2.484832764E-1,9.870025177E0,9.873279118E0
1.500499079E1,3.936813354E-2,2.673440552E-1,9.814340973E0,9.818060472E0
1.501502279E1,3.906875610E-2,2.689906311E-1,9.783205719E0,9.786980968E0
1.502505379E1,1.706451416E-2,2.546205139E-1,9.790091400E0,9.793416790E0
1.503508479E1,-4.340972900E-3,2.165995789E-1,9.841883698E0,9.844267821E0
1.504511579E1,-1.077758789E-2,1.719923401E-1,9.881850586E0,9.883353101E0
1.505514679E1,1.496887207E-3,1.667532349E-1,9.850565643E0,9.851977080E0
1.506517879E1,9.131011963E-3,1.972897339E-1,9.779613190E0,9.781607268E0
1.507520979E1,3.637435913E-2,2.008822632E-1,9.818981323E0,9.821103350E0
1.508524079E1,7.574249268E-2,2.248324585E-1,9.967173157E0,9.969996354E0
1.509527179E1,1.305285645E-1,2.338137817E-1,1.008228378E1,1.008583922E1
1.510530279E1,1.366658020E-1,2.417472839E-1,9.987231445E0,9.991091594E0
1.511533479E1,5.837860107E-2,2.451901245E-1,9.771679688E0,9.774929676E0
1.512536579E1,-4.340972900E-2,2.332150269E-1,9.682165833E0,9.685071443E0
1.513539679E1,-8.262817383E-2,2.215393066E-1,9.764494629E0,9.767356983E0
1.514542779E1,-3.861968994E-2,1.932481384E-1,9.886640625E0,9.888604511E0
1.515545879E1,1.945953369E-3,1.806742859E-1,9.950408020E0,9.952048370E0
1.516549079E1,7.918533325E-2,1.871109009E-1,9.891280975E0,9.893367482E0
1.517552179E1,1.181044006E-1,2.029779053E-1,9.792636108E0,9.795451528E0
1.518555279E1,1.154100037E-1,2.398013306E-1,9.742640076E0,9.746274149E0
1.519558379E1,6.765930176E-2,2.680924988E-1,9.786349182E0,9.790254424E0
1.520561479E1,2.918930054E-2,2.921923828E-1,9.879006500E0,9.883369761E0
1.521564579E1,2.065704346E-2,2.944377136E-1,9.922565918E0,9.926954955E0
1.522567779E1,1.541793823E-2,2.918930054E-1,9.924511871E0,9.928815394E0
1.523570879E1,3.577560425E-2,3.014730835E-1,9.908944244E0,9.913593796E0
1.524573979E1,4.535568237E-2,3.029699707E-1,9.888436890E0,9.893181089E0
1.525577079E1,4.984634399E-2,2.775228882E-1,9.891131287E0,9.895149405E0
1.526580179E1,3.951782227E-2,2.350112915E-1,9.892029419E0,9.894899595E0
1.527583379E1,2.664459229E-2,2.032772827E-1,9.871372375E0,9.873501110E0
1.528586479E1,3.412902832E-2,1.853146362E-1,9.824070740E0,9.825877681E0
1.529589579E1,2.439926147E-2,1.694476318E-1,9.802216187E0,9.803711032E0
1.530592679E1,8.831634521E-3,1.607656860E-1,9.799521790E0,9.800844398E0
1.531595779E1,2.035766602E-2,1.675016785E-1,9.832303619E0,9.833751355E0
1.532598979E1,2.020797729E-2,1.728904724E-1,9.867031403E0,9.868566673E0
1.533602079E1,4.311035156E-2,1.740879822E-1,9.862391052E0,9.864021614E0
1.534605179E1,6.286926270E-2,1.899549866E-1,9.864037628E0,9.866066783E0
1.535608279E1,7.140151978E-2,1.956431580E-1,9.878856812E0,9.881051884E0
1.536611379E1,6.765930176E-2,2.091151428E-1,9.853110352E0,9.855561401E0
1.537614579E1,6.765930176E-2,2.267784119E-1,9.810748444E0,9.813602359E0
1.538617679E1,2.903961182E-2,2.722837830E-1,9.781409454E0,9.785241574E0
1.539620779E1,-2.963836670E-2,3.082090759E-1,9.787247314E0,9.792143854E0
1.540623879E1,-3.442840576E-2,3.092568970E-1,9.807455292E0,9.812390353E0
1.541626979E1,-9.729766846E-3,2.803669739E-1,9.830507355E0,9.834509401E0
1.542630179E1,2.559677124E-2,2.670446777E-1,9.874066772E0,9.877710397E0
1.543633279E1,7.604187012E-2,2.465373230E-1,9.927954712E0,9.931306449E0
1.544636379E1,8.217910767E-2,2.177970886E-1,9.926607513E0,9.929336619E0
1.545639479E1,7.649093628E-2,1.998344421E-1,9.920619965E0,9.922927247E0
1.546642579E1,8.008346558E-2,1.896556091E-1,9.910740509E0,9.912878495E0
1.547645779E1,5.763015747E-2,2.200424194E-1,9.922715607E0,9.925322408E0
1.548648879E1,4.026626587E-2,2.255809021E-1,9.896819458E0,9.899471880E0
1.549651979E1,9.280700684E-3,2.275268555E-1,9.870623932E0,9.873250296E0
1.550655079E1,1.167572021E-2,2.392025757E-1,9.862690430E0,9.865597636E0
1.551658179E1,2.365081787E-2,2.447410583E-1,9.873917084E0,9.876978087E0
1.552661379E1,4.430786133E-2,2.335144043E-1,9.876761169E0,9.879620608E0
1.553664479E1,6.421646118E-2,2.457888794E-1,9.896220703E0,9.899480801E0
1.554667579E1,5.852828979E-2,2.339634705E-1,9.880353699E0,9.883296701E0
1.555670679E1,4.296066284E-2,2.215393066E-1,9.841883698E0,9.844470529E0
1.556673779E1,3.906875610E-2,2.044747925E-1,9.837393036E0,9.839595421E0
1.557676979E1,4.206253052E-2,1.698966980E-1,9.827962646E0,9.829521043E0
1.558680079E1,2.559677124E-2,1.592687988E-1,9.835447083E0,9.836769849E0
1.559683179E1,2.275268555E-2,1.532812500E-1,9.844428406E0,9.845647945E0
1.560686279E1,4.565505981E-2,1.535806274E-1,9.845775604E0,9.847079193E0
1.561689379E1,5.298980713E-2,1.633103943E-1,9.836943970E0,9.838442197E0
1.562692579E1,5.298980713E-2,1.606159973E-1,9.827513580E0,9.828968847E0
1.563695679E1,5.718109131E-2,1.830693054E-1,9.825417938E0,9.827289642E0
1.564698779E1,3.143463135E-2,1.968406677E-1,9.843380585E0,9.845398708E0
1.565701879E1,1.616638184E-2,1.998344421E-1,9.846973114E0,9.849013893E0
1.566704979E1,-2.245330811E-3,1.981878662E-1,9.873468018E0,9.875457162E0
1.567708179E1,-3.891906738E-3,2.240840149E-1,9.877359924E0,9.879902220E0
1.568711279E1,2.095642090E-3,2.294728088E-1,9.871522064E0,9.874189082E0
1.569714379E1,4.939727783E-3,2.290237427E-1,9.867480469E0,9.870139162E0
1.570717479E1,1.092727661E-2,2.466870117E-1,9.868079224E0,9.871168191E0
1.571720579E1,2.380050659E-2,2.430944824E-1,9.863887939E0,9.866911709E0
1.572723846E1,3.098556519E-2,2.151026917E-1,9.883497162E0,9.885886173E0
1.573726946E1,2.918930054E-2,2.165995789E-1,9.851314087E0,9.853738206E0
1.574730046E1,7.484436035E-3,2.070195007E-1,9.836794281E0,9.838975293E0
1.575733146E1,2.544708252E-3,1.990859985E-1,9.850565643E0,9.852577592E0
1.576736246E1,8.831634521E-3,1.791773987E-1,9.872420197E0,9.874049983E0
1.577739446E1,4.161346436E-2,1.910028076E-1,9.904603271E0,9.906532174E0
1.578742546E1,4.715194702E-2,2.002835083E-1,9.879455566E0,9.881598002E0
1.579745646E1,7.110214233E-2,2.210902405E-1,9.838141479E0,9.840882287E0
1.580748746E1,6.391708374E-2,2.174977112E-1,9.837991791E0,9.840603291E0
1.581751846E1,6.107299805E-2,2.040257263E-1,9.828711090E0,9.831018162E0
1.582755046E1,5.658233643E-2,1.823208618E-1,9.843829651E0,9.845680507E0
1.583758146E1,4.236190796E-2,1.634600830E-1,9.882449341E0,9.883891880E0
1.584761246E1,2.709365845E-2,1.760339355E-1,9.852062531E0,9.853672316E0
1.585764346E1,7.783813477E-3,1.543290710E-1,9.798324280E0,9.799542680E0
1.586767446E1,-1.646575928E-3,1.627116394E-1,9.812395020E0,9.813744128E0
1.587770546E1,3.143463135E-3,1.767823792E-1,9.884245605E0,9.885826879E0
1.588773746E1,7.529342651E-2,1.716929626E-1,1.005025040E1,1.005199884E1
1.589776846E1,1.317260742E-1,1.709445190E-1,1.004486160E1,1.004717962E1
1.590779946E1,9.969268799E-2,1.616638184E-1,9.817185059E0,9.819022166E0
1.591783046E1,1.197509766E-2,1.445993042E-1,9.729168091E0,9.730249951E0
1.592786146E1,-2.649490356E-2,1.685494995E-1,9.762698364E0,9.764189176E0
1.593789346E1,-1.407073975E-2,1.787283325E-1,9.856852570E0,9.858482864E0
1.594792446E1,1.841171265E-2,1.725910950E-1,9.915231171E0,9.916750266E0
1.595795546E1,5.748046875E-2,1.959425354E-1,9.866582336E0,9.868695176E0
1.596798646E1,8.622070312E-2,2.263293457E-1,9.789043579E0,9.792039276E0
1.597801746E1,6.301895142E-2,2.459385681E-1,9.745184784E0,9.748491352E0
1.598804946E1,3.487747192E-2,2.775228882E-1,9.791288910E0,9.795283248E0
1.599808046E1,2.095642090E-3,2.670446777E-1,9.864786072E0,9.868400149E0
1.600811146E1,-1.496887207E-3,2.528242493E-1,9.905501404E0,9.908727487E0
1.601814246E1,-1.496887207E-4,2.421963501E-1,9.932295685E0,9.935248193E0
1.602817346E1,3.218307495E-2,2.318678284E-1,9.930050354E0,9.932809193E0
1.603820546E1,6.676116943E-2,2.249821472E-1,9.932295685E0,9.935067770E0
1.604823646E1,7.454498291E-2,2.171983337E-1,9.939480743E0,9.942133047E0
1.605826746E1,6.616241455E-2,1.966909790E-1,9.920170898E0,9.922341229E0
1.606829846E1,6.047424316E-2,1.748364258E-1,9.873917084E0,9.875650029E0
1.607832946E1,5.269042969E-2,1.573228455E-1,9.812395020E0,9.813797572E0
1.608836146E1,2.305206299E-2,1.583706665E-1,9.788145447E0,9.789453711E0
1.609839246E1,1.302291870E-2,1.630110168E-1,9.791288910E0,9.792654426E0
1.610842346E1,-7.334747314E-3,1.471440125E-1,9.812544708E0,9.813650636E0
1.611845446E1,4.041595459E-3,1.422042847E-1,9.815987549E0,9.817018384E0
1.612848546E1,2.709365845E-2,1.351689148E-1,9.866282959E0,9.867246026E0
1.613851746E1,4.116439819E-2,1.374142456E-1,9.863588562E0,9.864631595E0
1.614854846E1,4.805007935E-2,1.442999268E-1,9.868977356E0,9.870149205E0
1.615857946E1,6.436614990E-2,1.604663086E-1,9.844727783E0,9.846245861E0
1.616861046E1,6.661148071E-2,1.887574768E-1,9.784702606E0,9.786749796E0
1.617864146E1,2.484832764E-2,2.062710571E-1,9.785750427E0,9.787955691E0
1.618867346E1,1.302291870E-2,2.404000854E-1,9.822573853E0,9.825523848E0
1.619870446E1,2.260299683E-2,2.131567383E-1,9.862391052E0,9.864720166E0
1.620873546E1,4.281097412E-2,2.086660767E-1,9.890233154E0,9.892526783E0
1.621876646E1,7.469467163E-2,1.920506287E-1,9.871821442E0,9.873971912E0
1.622879746E1,8.696914673E-2,1.871109009E-1,9.873917084E0,9.876072737E0
1.623882946E1,1.076261902E-1,1.981878662E-1,9.898166656E0,9.900735578E0
1.624886046E1,1.092727661E-1,1.956431580E-1,9.893077240E0,9.895614890E0
1.625889146E1,9.969268799E-2,2.206411743E-1,9.894574127E0,9.897535972E0
1.626892246E1,7.783813477E-2,2.215393066E-1,9.871222687E0,9.874015180E0
1.627895346E1,4.445755005E-2,2.243833923E-1,9.867330780E0,9.869981819E0
1.628898546E1,3.143463135E-2,2.142045593E-1,9.876312103E0,9.878684755E0
1.629901646E1,3.158432007E-2,2.008822632E-1,9.897867279E0,9.899955956E0
1.630904746E1,4.430786133E-2,1.972897339E-1,9.916278992E0,9.918340358E0
1.631907846E1,4.834945679E-2,2.092648315E-1,9.908794556E0,9.911121984E0
1.632910946E1,7.694000244E-2,2.139051819E-1,9.894125061E0,9.896736124E0
1.633914146E1,7.214996338E-2,1.999841309E-1,9.843081207E0,9.845376931E0
1.634917246E1,5.688171387E-2,1.865121460E-1,9.839788055E0,9.841719935E0
1.635920346E1,3.652404785E-2,1.564247131E-1,9.829758911E0,9.831071302E0
1.636923446E1,2.709365845E-2,1.266366577E-1,9.832153931E0,9.833006754E0
1.637926546E1,1.930984497E-2,1.353186035E-1,9.864037628E0,9.864984659E0
1.638929746E1,2.903961182E-2,1.191522217E-1,9.849368134E0,9.850131633E0
1.639932846E1,4.191284180E-2,1.290316772E-1,9.848320312E0,9.849254735E0
1.640935946E1,4.550537109E-2,1.344204712E-1,9.825417938E0,9.826442757E0
1.641939046E1,5.119354248E-2,1.486408997E-1,9.800868988E0,9.802129759E0
1.642942146E1,4.266128540E-2,1.603166199E-1,9.807155914E0,9.808558943E0
1.643945346E1,2.484832764E-2,1.570234680E-1,9.822573853E0,9.823860285E0
1.644948446E1,1.871109009E-2,1.706451416E-1,9.833650818E0,9.835149123E0
1.645951546E1,8.532257080E-3,1.755848694E-1,9.854607239E0,9.856175053E0
1.646954646E1,2.140548706E-2,1.754351807E-1,9.881251831E0,9.882832258E0
1.647957746E1,2.604583740E-2,1.713935852E-1,9.896520081E0,9.898038384E0
1.648960946E1,2.529739380E-2,1.908531189E-1,9.894424438E0,9.896297279E0
1.649964046E1,2.874023438E-2,1.971400452E-1,9.905501404E0,9.907504643E0
1.650967146E1,2.095642090E-2,2.121089172E-1,9.859397278E0,9.861700870E0
1.651970246E1,2.305206299E-2,2.192939758E-1,9.849218445E0,9.851686415E0
1.652973346E1,2.963836670E-2,2.412982178E-1,9.852062531E0,9.855061612E0
1.653976446E1,3.622467041E-2,2.543211365E-1,9.830507355E0,9.833863245E0
1.654979646E1,4.385879517E-2,2.399510193E-1,9.842332764E0,9.845354961E0
1.655982746E1,6.571334839E-2,2.174977112E-1,9.854008484E0,9.856627552E0
1.656985846E1,6.960525513E-2,1.866618347E-1,9.877808990E0,9.879817710E0
1.657988946E1,6.271957397E-2,1.730401611E-1,9.901160431E0,9.902871024E0
1.658992046E1,7.439529419E-2,1.522334290E-1,9.886341248E0,9.887793128E0
1.659995246E1,5.523513794E-2,1.600172424E-1,9.855056305E0,9.856510093E0
1.660998346E1,5.448669434E-2,1.520837402E-1,9.800270233E0,9.801601650E0
1.662001446E1,4.984634399E-2,1.595681763E-1,9.805359650E0,9.806784617E0
1.663004546E1,6.511459351E-2,1.612147522E-1,9.859247589E0,9.860780554E0
1.664007746E1,9.744735718E-2,1.516346741E-1,1.001043320E1,1.001205583E1
1.665010846E1,1.475930786E-1,1.489402771E-1,9.994416504E0,9.996615836E0
1.666013946E1,1.131646729E-1,1.390608215E-1,9.829758911E0,9.831393818E0
1.667017046E1,5.478607178E-2,1.357676697E-1,9.782157898E0,9.783253422E0
1.668020146E1,4.535568237E-2,1.450483704E-1,9.829459534E0,9.830634308E0
1.669023246E1,4.445755005E-2,1.490899658E-1,9.901310120E0,9.902532321E0
1.670026446E1,4.056564331E-2,1.652563477E-1,9.881551208E0,9.883016216E0
1.671029546E1,5.209167480E-2,1.930984497E-1,9.798024902E0,9.800065946E0
1.672032646E1,5.403762817E-2,2.269281006E-1,9.720336456E0,9.723135155E0
1.673035617E1,4.610412598E-2,2.586621094E-1,9.731712799E0,9.735258891E0
1.674038717E1,4.999603271E-2,2.701881409E-1,9.807305603E0,9.811154082E0
1.675041917E1,5.179229736E-2,2.802172852E-1,9.900561676E0,9.904661815E0
1.676045017E1,3.427871704E-2,2.724334717E-1,9.947863312E0,9.951652099E0
1.677048117E1,6.002517700E-2,2.549198914E-1,9.969268799E0,9.972708136E0
1.678051217E1,8.607101440E-2,2.330653381E-1,9.959988098E0,9.963086399E0
1.679054317E1,9.460327148E-2,2.203417969E-1,9.946815491E0,9.949705458E0
1.680057517E1,9.535171509E-2,1.974394226E-1,9.922266541E0,9.924688790E0
1.681060617E1,8.771759033E-2,1.718426514E-1,9.869426422E0,9.871312080E0
1.682063717E1,9.116043091E-2,1.640588379E-1,9.807604980E0,9.809400643E0
1.683066817E1,5.837860107E-2,1.603166199E-1,9.778715057E0,9.780203354E0
1.684069917E1,5.972579956E-2,1.616638184E-1,9.769284668E0,9.770804741E0
1.685073117E1,4.715194702E-2,1.672023010E-1,9.804611206E0,9.806150153E0
1.686076217E1,4.550537109E-2,1.642085266E-1,9.841135254E0,9.842610338E0
1.687079317E1,7.035369873E-2,1.731898499E-1,9.867031403E0,9.868802008E0
1.688082417E1,8.726852417E-2,1.618135071E-1,9.865534515E0,9.867247371E0
1.689085517E1,9.056167603E-2,1.495390320E-1,9.879605255E0,9.881151924E0
1.690088717E1,8.412506104E-2,1.603166199E-1,9.870025177E0,9.871685542E0
1.691091817E1,7.888595581E-2,1.784289551E-1,9.828860779E0,9.830796717E0
1.692094917E1,8.711883545E-2,1.987866211E-1,9.804162140E0,9.806564183E0
1.693098017E1,5.688171387E-2,2.151026917E-1,9.799222412E0,9.801748037E0
1.694101117E1,5.254074097E-2,2.384541321E-1,9.838740234E0,9.841769673E0
1.695104317E1,7.753875732E-2,2.216889954E-1,9.876910858E0,9.879702747E0
1.696107417E1,9.879455566E-2,2.146536255E-1,9.851014709E0,9.853848352E0
1.697110517E1,1.062789917E-1,2.086660767E-1,9.851613464E0,9.854396207E0
1.698113617E1,1.305285645E-1,1.996847534E-1,9.902208252E0,9.905081523E0
1.699116717E1,1.363664246E-1,2.064207458E-1,9.912387085E0,9.915473919E0
1.700119917E1,1.297801208E-1,2.230361938E-1,9.929301910E0,9.932654451E0
1.701123017E1,9.789642334E-2,2.375559998E-1,9.895621948E0,9.898957031E0
1.702126117E1,9.475296021E-2,2.444416809E-1,9.881850586E0,9.885327555E0
1.703129217E1,9.131011963E-2,2.471360779E-1,9.877509613E0,9.881022717E0
1.704132317E1,9.041198730E-2,2.224374390E-1,9.894125061E0,9.897038116E0
1.705135517E1,8.846603394E-2,2.136058044E-1,9.910890198E0,9.913586545E0
1.706138617E1,7.649093628E-2,2.176473999E-1,9.882449341E0,9.885141690E0
1.707141717E1,8.637039185E-2,2.335144043E-1,9.867480469E0,9.870621035E0
1.708144817E1,9.086105347E-2,2.124082947E-1,9.837542725E0,9.840255072E0
1.709147917E1,8.966354370E-2,2.020797729E-1,9.803862762E0,9.806355126E0
1.710151117E1,8.292755127E-2,1.788780212E-1,9.798024902E0,9.800008485E0
1.711154217E1,8.292755127E-2,1.558259583E-1,9.819580078E0,9.821166510E0
1.712157317E1,7.274871826E-2,1.399589539E-1,9.843530273E0,9.844794011E0
1.713160417E1,7.933502197E-2,1.267863464E-1,9.861642609E0,9.862776676E0
1.714163517E1,1.056802368E-1,1.315763855E-1,9.865085449E0,9.866528852E0
1.715166717E1,9.101074219E-2,1.442999268E-1,9.833950195E0,9.835429928E0
1.716169817E1,9.580078125E-2,1.472937012E-1,9.821975098E0,9.823546612E0
1.717172917E1,9.729766846E-2,1.559756470E-1,9.824669495E0,9.826389261E0
1.718176017E1,8.726852417E-2,1.570234680E-1,9.827663269E0,9.829305036E0
1.719179117E1,7.753875732E-2,1.675016785E-1,9.841135254E0,9.842866054E0
1.720182317E1,6.212081909E-2,1.740879822E-1,9.814340973E0,9.816081415E0
1.721185417E1,7.140151978E-2,1.892065430E-1,9.836644592E0,9.838723196E0
1.722188517E1,6.571334839E-2,2.101629639E-1,9.875114594E0,9.877569284E0
1.723191617E1,7.319778442E-2,2.356100464E-1,9.876162415E0,9.879243597E0
1.724194717E1,5.777984619E-2,2.592608643E-1,9.870623932E0,9.874197259E0
1.725197917E1,6.017486572E-2,2.709365845E-1,9.864037628E0,9.867941324E0
1.726201017E1,6.721023560E-2,2.671943665E-1,9.851912842E0,9.855764642E0
1.727204117E1,5.463638306E-2,2.520758057E-1,9.835147705E0,9.838529246E0
1.728207217E1,5.553451538E-2,2.249821472E-1,9.851613464E0,9.854338583E0
1.729210317E1,6.586303711E-2,2.032772827E-1,9.878108368E0,9.880419248E0
1.730213517E1,8.622070312E-2,1.862127686E-1,9.886490936E0,9.888620340E0
1.731216617E1,1.074765015E-1,1.817221069E-1,9.867031403E0,9.869289884E0
1.732219717E1,1.176553345E-1,1.899549866E-1,9.846823425E0,9.849358215E0
1.733222817E1,1.199006653E-1,1.939965820E-1,9.840686188E0,9.843328476E0
1.734225917E1,1.471440125E-1,1.916015625E-1,9.920170898E0,9.923112071E0
1.735229117E1,1.645079041E-1,1.609153748E-1,1.002570145E1,1.002834214E1
1.736232217E1,1.752854919E-1,1.454974365E-1,9.928553467E0,9.931166520E0
1.737235317E1,9.205856323E-2,1.380130005E-1,9.779164124E0,9.780571217E0
1.738238417E1,3.832031250E-2,1.423539734E-1,9.759105835E0,9.760219249E0
1.739241517E1,3.308120728E-2,1.511856079E-1,9.805209961E0,9.806431249E0
1.740244717E1,5.763015747E-2,1.416055298E-1,9.864486694E0,9.865671346E0
1.741247817E1,9.190887451E-2,1.775308228E-1,9.845176849E0,9.847206286E0
1.742250917E1,1.176553345E-1,2.164498901E-1,9.756261749E0,9.759371735E0
1.743254017E1,1.188528442E-1,2.571652222E-1,9.719887390E0,9.724015160E0
1.744257117E1,9.355545044E-2,2.839595032E-1,9.754016418E0,9.758597333E0
1.745260317E1,8.652008057E-2,2.929408264E-1,9.848020935E0,9.852756791E0
1.746263417E1,7.529342651E-2,2.839595032E-1,9.921518097E0,9.925866383E0
1.747266517E1,1.008901978E-1,2.897973633E-1,9.949060822E0,9.953791869E0
1.748269617E1,1.306782532E-1,2.631527710E-1,9.964628448E0,9.968959138E0
1.749272717E1,1.152603149E-1,2.480342102E-1,9.971065063E0,9.974815508E0
1.750275817E1,9.056167603E-2,1.941462708E-1,9.985734558E0,9.988032282E0
1.751279017E1,7.604187012E-2,1.588197327E-1,9.924661560E0,9.926223509E0
1.752282117E1,6.661148071E-2,1.429527283E-1,9.868079224E0,9.869339397E0
1.753285217E1,7.619155884E-2,1.531315613E-1,9.805359650E0,9.806851293E0
1.754288317E1,1.071771240E-1,1.568737793E-1,9.776170349E0,9.778016313E0
1.755291517E1,1.145118713E-1,1.703457642E-1,9.779164124E0,9.781317989E0
1.756294617E1,1.440005493E-1,1.812730408E-1,9.816137238E0,9.818866856E0
1.757297717E1,1.559756470E-1,1.806742859E-1,9.864935760E0,9.867822919E0
1.758300817E1,1.413061523E-1,1.922003174E-1,9.876761169E0,9.879641673E0
1.759303917E1,1.350192261E-1,1.862127686E-1,9.878108368E0,9.880785916E0
1.760307017E1,1.290316772E-1,1.725910950E-1,9.886041870E0,9.888390198E0
1.761310217E1,8.652008057E-2,1.648072815E-1,9.859846344E0,9.861603170E0
1.762313317E1,8.577163696E-2,1.791773987E-1,9.834848328E0,9.836854321E0
1.763316417E1,9.086105347E-2,2.145039368E-1,9.788893890E0,9.791665398E0
1.764319517E1,7.738906860E-2,2.471360779E-1,9.796078949E0,9.799501420E0
1.765322717E1,8.083190918E-2,2.701881409E-1,9.798174591E0,9.802232437E0
1.766325817E1,1.157093811E-1,2.894979858E-1,9.836195526E0,9.841135106E0
1.767328917E1,1.588197327E-1,2.420466614E-1,9.848020935E0,9.852275201E0
1.768332017E1,1.576222229E-1,2.119592285E-1,9.854756927E0,9.858296282E0
1.769335117E1,1.642085266E-1,1.986369324E-1,9.883347473E0,9.886707154E0
1.770338217E1,1.456471252E-1,1.929487610E-1,9.905052338E0,9.908002025E0
1.771341417E1,1.302291870E-1,1.944456482E-1,9.912985840E0,9.915747930E0
1.772344517E1,1.243913269E-1,2.043251038E-1,9.896969147E0,9.899859607E0
1.773347633E1,1.245410156E-1,2.227368164E-1,9.872719574E0,9.876017109E0
1.774350733E1,1.483415222E-1,2.402503967E-1,9.864187317E0,9.868227646E0
1.775353833E1,1.419049072E-1,2.471360779E-1,9.873767395E0,9.877879115E0
1.776357033E1,1.317260742E-1,2.288740540E-1,9.893077240E0,9.896601051E0
1.777360133E1,1.115180969E-1,2.197430420E-1,9.889484711E0,9.892554328E0
1.778363233E1,8.487350464E-2,2.240840149E-1,9.861492920E0,9.864403670E0
1.779366333E1,9.235794067E-2,2.116598511E-1,9.838440857E0,9.841150765E0
1.780369433E1,8.427474976E-2,2.002835083E-1,9.818382568E0,9.820786729E0
1.781372633E1,9.520202637E-2,1.730401611E-1,9.799671478E0,9.801661461E0
1.782375733E1,9.834548950E-2,1.528321838E-1,9.808503113E0,9.810186687E0
1.783378833E1,1.091230774E-1,1.369651794E-1,9.839338989E0,9.840897269E0
1.784381933E1,1.311273193E-1,1.362167358E-1,9.847721558E0,9.849536499E0
1.785385033E1,1.219963074E-1,1.393601990E-1,9.856702881E0,9.858442881E0
1.786388233E1,1.308279419E-1,1.594184875E-1,9.834548950E0,9.836710998E0
1.787391333E1,1.312770081E-1,1.670526123E-1,9.843081207E0,9.845373933E0
1.788394433E1,1.224453735E-1,1.667532349E-1,9.834698639E0,9.836874342E0
1.789397533E1,1.047821045E-1,1.722917175E-1,9.824819183E0,9.826888404E0
1.790400633E1,6.361770630E-2,1.728904724E-1,9.832752686E0,9.834478314E0
1.791403833E1,6.346801758E-2,1.793270874E-1,9.865983582E0,9.867817308E0
1.792406933E1,7.200027466E-2,2.062710571E-1,9.902657318E0,9.905067074E0
1.793410033E1,9.175918579E-2,2.438429260E-1,9.905052338E0,9.908478235E0
1.794413133E1,1.100212097E-1,2.894979858E-1,9.880503387E0,9.885355883E0
1.795416233E1,9.310638428E-2,3.043171692E-1,9.846673737E0,9.851815133E0
1.796419433E1,8.996292114E-2,2.929408264E-1,9.839937744E0,9.844708348E0
1.797422533E1,8.202941895E-2,2.775228882E-1,9.818232880E0,9.822496865E0
1.798425633E1,7.080276489E-2,2.242337036E-1,9.845176849E0,9.847984615E0
1.799428733E1,9.355545044E-2,1.986369324E-1,9.872420197E0,9.874861507E0
1.800431833E1,1.182540894E-1,1.809736633E-1,9.856702881E0,9.859073343E0
1.801435033E1,1.285826111E-1,1.821711731E-1,9.803264008E0,9.805799561E0
1.802438133E1,1.269360352E-1,1.814227295E-1,9.814790039E0,9.817287328E0
1.803441233E1,1.288819885E-1,1.648072815E-1,9.850116577E0,9.852338230E0
1.804444333E1,1.700463867E-1,1.571731567E-1,1.000100281E1,1.000368314E1
1.805447433E1,2.125579834E-1,1.416055298E-1,1.001522324E1,1.001847940E1
1.806450633E1,1.836680603E-1,1.338217163E-1,9.830058289E0,9.832684688E0
1.807453733E1,9.071136475E-2,1.526824951E-1,9.736502838E0,9.738122407E0
1.808456833E1,3.607498169E-2,1.492396545E-1,9.751621399E0,9.752830040E0
1.809459933E1,4.685256958E-2,1.537303162E-1,9.854008484E0,9.855318938E0
1.810463033E1,7.873626709E-2,1.654060364E-1,9.882449341E0,9.884147082E0
1.811466233E1,1.143621826E-1,1.890568542E-1,9.822873230E0,9.825357993E0
1.812469333E1,1.155596924E-1,2.231858826E-1,9.744136963E0,9.747377654E0
1.813472433E1,1.077758789E-1,2.701881409E-1,9.742340698E0,9.746682490E0
1.814475533E1,9.714797974E-2,2.989283752E-1,9.795629883E0,9.800671442E0
1.815478633E1,6.721023560E-2,2.900967407E-1,9.875863037E0,9.880351414E0
1.816481833E1,7.559280396E-2,2.929408264E-1,9.917626190E0,9.922239558E0
1.817484933E1,1.113684082E-1,2.960842896E-1,9.963281250E0,9.968301866E0
1.818488033E1,1.417552185E-1,2.844085693E-1,9.959539032E0,9.964607393E0
1.819491133E1,1.392105103E-1,2.655477905E-1,9.978399811E0,9.982903284E0
1.820494233E1,1.239422607E-1,2.131567383E-1,9.981992340E0,9.985037234E0
1.821497433E1,1.050814819E-1,1.683998108E-1,9.936786346E0,9.938768712E0
1.822500533E1,8.113128662E-2,1.445993042E-1,9.864337006E0,9.865730374E0
1.823503633E1,7.364685059E-2,1.396595764E-1,9.810748444E0,9.812018838E0
1.824506733E1,8.622070312E-2,1.474433899E-1,9.783505096E0,9.784995939E0
1.825509833E1,1.040336609E-1,1.778302002E-1,9.798024902E0,9.800190741E0
1.826513033E1,1.139131165E-1,1.889071655E-1,9.818831635E0,9.821309321E0
1.827516133E1,1.285826111E-1,1.818717957E-1,9.854906616E0,9.857423358E0
1.828519233E1,1.369651794E-1,1.797761536E-1,9.874066772E0,9.876652953E0
1.829522333E1,1.314266968E-1,1.856140137E-1,9.843979340E0,9.846606257E0
1.830525433E1,8.547225952E-2,2.038760376E-1,9.837842102E0,9.840325613E0
1.831528633E1,8.472381592E-2,2.007325745E-1,9.823621674E0,9.826037578E0
1.832531733E1,6.765930176E-2,2.061213684E-1,9.814340973E0,9.816738386E0
1.833534833E1,5.733078003E-2,2.374063110E-1,9.773925018E0,9.776975956E0
1.834537933E1,4.340972900E-2,2.547702026E-1,9.808054047E0,9.811458426E0
1.835541033E1,7.214996338E-2,2.808160400E-1,9.840237122E0,9.844507599E0
1.836544233E1,1.121168518E-1,2.722837830E-1,9.852361908E0,9.856761325E0
1.837547333E1,1.559756470E-1,2.561174011E-1,9.892179108E0,9.896723297E0
1.838550433E1,1.712438965E-1,2.248324585E-1,9.921069031E0,9.925093693E0
1.839553533E1,1.829196167E-1,1.989363098E-1,9.909542999E0,9.913227411E0
1.840556633E1,1.561253357E-1,1.950444031E-1,9.889335022E0,9.892490314E0
1.841559833E1,1.110690308E-1,1.904040527E-1,9.892179108E0,9.894634785E0
1.842562933E1,8.592132568E-2,2.040257263E-1,9.869276733E0,9.871759327E0
1.843566033E1,5.703140259E-2,2.101629639E-1,9.879605255E0,9.882004910E0
1.844569133E1,7.409591675E-2,2.234852600E-1,9.876461792E0,9.879267857E0
1.845572233E1,9.954299927E-2,2.384541321E-1,9.873018951E0,9.876399769E0
1.846575433E1,1.242416382E-1,2.418969727E-1,9.887538757E0,9.891277613E0
1.847578533E1,1.311273193E-1,2.505789185E-1,9.911339264E0,9.915373426E0
1.848581633E1,1.243913269E-1,2.523751831E-1,9.882898407E0,9.886902819E0
1.849584733E1,1.145118713E-1,2.429447937E-1,9.857301636E0,9.860959927E0
1.850587833E1,8.367599487E-2,2.103126526E-1,9.814939728E0,9.817549335E0
1.851591033E1,6.242019653E-2,1.787283325E-1,9.793534241E0,9.795363853E0
1.852594133E1,7.304809570E-2,1.742376709E-1,9.792935486E0,9.794757793E0
1.853597233E1,7.649093628E-2,1.547781372E-1,9.806706848E0,9.808226463E0
1.854600333E1,8.607101440E-2,1.483415222E-1,9.840237122E0,9.841731557E0
1.855603433E1,1.133143616E-1,1.570234680E-1,9.871072998E0,9.872972128E0
1.856606633E1,1.175056458E-1,1.610650635E-1,9.880653076E0,9.882664354E0
1.857609733E1,1.210981750E-1,1.899549866E-1,9.859846344E0,9.862419459E0
1.858612833E1,1.184037781E-1,1.998344421E-1,9.840686188E0,9.843427142E0
1.859615933E1,9.939331055E-2,1.972897339E-1,9.849667511E0,9.852144556E0
1.860619033E1,8.741821289E-2,2.140548706E-1,9.864037628E0,9.866747172E0
1.861622233E1,6.735992432E-2,1.981878662E-1,9.882898407E0,9.885114906E0
1.862625333E1,4.505630493E-2,1.998344421E-1,9.859696655E0,9.861824477E0
1.863628433E1,3.532653809E-2,2.122586060E-1,9.882449341E0,9.884791685E0
1.864631533E1,5.269042969E-2,2.195933533E-1,9.885742493E0,9.888321503E0
1.865634633E1,6.765930176E-2,2.516267395E-1,9.896071014E0,9.899500761E0
1.866637833E1,8.487350464E-2,2.758763123E-1,9.872420197E0,9.876638689E0
1.867640933E1,1.065783691E-1,2.890489197E-1,9.810449066E0,9.815284973E0
1.868644033E1,1.157093811E-1,2.938389587E-1,9.786199493E0,9.791293608E0
1.869647133E1,9.729766846E-2,2.680924988E-1,9.798024902E0,9.802174882E0
1.870650233E1,8.726852417E-2,2.377056885E-1,9.845326538E0,9.848582356E0
1.871653433E1,9.610015869E-2,1.877096558E-1,9.882748718E0,9.884998350E0
1.872656533E1,9.774673462E-2,1.639091492E-1,9.887838135E0,9.889679652E0
1.873659646E1,9.310638428E-2,1.703457642E-1,9.828711090E0,9.830628066E0
1.874662746E1,8.607101440E-2,1.492396545E-1,9.783355408E0,9.784872188E0
1.875665846E1,9.460327148E-2,1.672023010E-1,9.881850586E0,9.883717792E0
1.876669046E1,1.429527283E-1,1.880090332E-1,1.004022125E1,1.004299884E1
1.877672146E1,2.010319519E-1,1.778302002E-1,1.008393036E1,1.008750162E1
1.878675246E1,1.609153748E-1,1.957928467E-1,9.855655060E0,9.858912985E0
1.879678346E1,7.185058594E-2,1.999841309E-1,9.694140930E0,9.696469694E0
1.880681446E1,1.796264648E-2,2.210902405E-1,9.703421631E0,9.705956671E0
1.881684646E1,1.407073975E-2,1.986369324E-1,9.829309845E0,9.831326800E0
1.882687746E1,5.044509888E-2,1.781295776E-1,9.928254089E0,9.929980066E0
1.883690846E1,1.085243225E-1,1.773811340E-1,9.911938019E0,9.914119067E0
1.884693946E1,1.203497314E-1,2.050735474E-1,9.787846069E0,9.790733879E0
1.885697046E1,1.326242065E-1,2.372566223E-1,9.754016418E0,9.757802836E0
1.886700246E1,1.139131165E-1,2.739303589E-1,9.791887665E0,9.796380866E0
1.887703346E1,8.187973022E-2,2.888992310E-1,9.844578094E0,9.849156559E0
1.888706446E1,7.170089722E-2,3.017724609E-1,9.913285217E0,9.918136490E0
1.889709546E1,7.858657837E-2,3.119512939E-1,9.927206268E0,9.932417317E0
1.890712646E1,1.136137390E-1,3.134481812E-1,9.948162689E0,9.953747974E0
1.891715846E1,1.365161133E-1,3.004252625E-1,9.952204285E0,9.957673529E0
1.892718946E1,1.233435059E-1,2.785707092E-1,9.946216736E0,9.950881499E0
1.893722046E1,1.115180969E-1,2.326162720E-1,9.902208252E0,9.905567873E0
1.894725146E1,7.005432129E-2,1.924996948E-1,9.863139496E0,9.865266568E0
1.895728246E1,5.149291992E-2,1.592687988E-1,9.808652802E0,9.810080930E0
1.896731446E1,4.460723877E-2,1.615141296E-1,9.783654785E0,9.785089554E0
1.897734546E1,5.733078003E-2,1.613644409E-1,9.785301361E0,9.786799683E0
1.898737646E1,8.232879639E-2,1.639091492E-1,9.801318054E0,9.803034216E0
1.899740746E1,9.729766846E-2,1.675016785E-1,9.834548950E0,9.836456511E0
1.900743846E1,9.819580078E-2,1.736389160E-1,9.874366150E0,9.876380903E0
1.901747046E1,1.221459961E-1,1.797761536E-1,9.855205994E0,9.857602360E0
1.902750146E1,1.213975525E-1,1.838177490E-1,9.856852570E0,9.859313815E0
1.903753246E1,1.040336609E-1,2.155517578E-1,9.854307861E0,9.857214058E0
1.904756346E1,8.921447754E-2,2.103126526E-1,9.850266266E0,9.852915109E0
1.905759446E1,6.301895142E-2,2.356100464E-1,9.811496887E0,9.814527734E0
1.906762646E1,4.640350342E-2,2.685415649E-1,9.767488403E0,9.771289453E0
1.907765746E1,2.559677124E-2,2.815644836E-1,9.795929260E0,9.800008358E0
1.908768846E1,3.098556519E-2,2.784210205E-1,9.815538483E0,9.819535329E0
1.909771946E1,8.786727905E-2,2.758763123E-1,9.858349457E0,9.862600185E0
1.910775046E1,1.309776306E-1,2.633024597E-1,9.932295685E0,9.936648373E0
1.911778246E1,1.510359192E-1,2.309696960E-1,9.912686462E0,9.916527202E0
1.912781346E1,1.444496155E-1,2.058219910E-1,9.891430664E0,9.894626267E0
1.913784446E1,1.281335449E-1,2.068698120E-1,9.892628174E0,9.895620522E0
1.914787546E1,1.076261902E-1,2.242337036E-1,9.873168640E0,9.876301086E0
1.915790646E1,7.200027466E-2,2.242337036E-1,9.891430664E0,9.894233946E0
1.916793846E1,7.334747314E-2,2.359094238E-1,9.884844360E0,9.887931085E0
1.917796946E1,7.948471069E-2,2.655477905E-1,9.851613464E0,9.855512229E0
1.918800046E1,1.004411316E-1,2.673440552E-1,9.859546967E0,9.863682256E0
1.919803146E1,9.999206543E-2,2.767744446E-1,9.882000275E0,9.886381134E0
1.920806246E1,8.741821289E-2,2.685415649E-1,9.908794556E0,9.912818270E0
1.921809446E1,1.079255676E-1,2.405497742E-1,9.903555450E0,9.907064282E0
1.922812546E1,9.639953613E-2,2.213896179E-1,9.865085449E0,9.868040188E0
1.923815646E1,8.726852417E-2,2.101629639E-1,9.834698639E0,9.837331019E0
1.924818746E1,7.319778442E-2,1.939965820E-1,9.827663269E0,9.829850351E0
1.925821846E1,7.604187012E-2,1.740879822E-1,9.817783813E0,9.819621581E0
1.926825046E1,7.304809570E-2,1.637594604E-1,9.807006226E0,9.808645385E0
1.927828146E1,7.694000244E-2,1.663041687E-1,9.812245331E0,9.813956148E0
1.928831246E1,1.029858398E-1,1.697470093E-1,9.831854553E0,9.833859064E0
1.929834346E1,9.235794067E-2,1.773811340E-1,9.839638367E0,9.841670450E0
1.930837446E1,8.831634521E-2,1.833686829E-1,9.842183075E0,9.844287254E0
1.931840646E1,8.861572266E-2,2.186952209E-1,9.850415955E0,9.853241843E0
1.932843746E1,8.592132568E-2,2.197430420E-1,9.867630157E0,9.870450567E0
1.933846846E1,8.307723999E-2,2.320175171E-1,9.849667511E0,9.852750075E0
1.934849946E1,5.508544922E-2,2.381547546E-1,9.851164398E0,9.854196674E0
1.935853046E1,4.969665527E-2,2.374063110E-1,9.865833893E0,9.868815021E0
1.936856246E1,4.640350342E-2,2.387535095E-1,9.889035645E0,9.892026208E0
1.937859346E1,4.445755005E-2,2.453398132E-1,9.876012726E0,9.879159653E0
1.938862446E1,4.370910645E-2,2.387535095E-1,9.864037628E0,9.867023465E0
1.939865546E1,4.475692749E-2,2.192939758E-1,9.868677979E0,9.871215633E0
1.940868646E1,6.825805664E-2,2.392025757E-1,9.891430664E0,9.894557980E0
1.941871846E1,8.247848511E-2,2.537223816E-1,9.891879730E0,9.895476863E0
1.942874946E1,1.118174744E-1,2.618055725E-1,9.865684204E0,9.869790784E0
1.943878046E1,9.654922485E-2,2.752775574E-1,9.815388794E0,9.819722840E0
1.944881146E1,1.020877075E-1,2.679428101E-1,9.783056030E0,9.787257049E0
1.945884246E1,7.185058594E-2,2.471360779E-1,9.788594513E0,9.791977394E0
1.946887446E1,7.035369873E-2,2.315684509E-1,9.837243347E0,9.840220031E0
1.947890546E1,6.975494385E-2,1.850152588E-1,9.873617706E0,9.875597349E0
1.948893646E1,6.706054688E-2,1.725910950E-1,9.864786072E0,9.866523656E0
1.949896746E1,7.469467163E-2,1.803749084E-1,9.793833618E0,9.795779262E0
1.950899846E1,7.843688965E-2,1.848655701E-1,9.788295135E0,9.790354911E0
1.951903046E1,8.547225952E-2,1.924996948E-1,9.914333038E0,9.916570034E0
1.952906146E1,1.392105103E-1,2.176473999E-1,1.007090744E1,1.007422089E1
1.953909246E1,1.704954529E-1,2.219883728E-1,1.002001328E1,1.002392207E1
1.954912346E1,1.332229614E-1,2.342628479E-1,9.818681946E0,9.822379681E0
1.955915446E1,4.715194702E-2,2.293231201E-1,9.658215637E0,9.661052825E0
1.956918646E1,-2.993774414E-4,2.275268555E-1,9.685758362E0,9.688430399E0
1.957921746E1,1.496887207E-3,2.056723022E-1,9.863289185E0,9.865433436E0
1.958924846E1,4.760101318E-2,1.704954529E-1,9.975555725E0,9.977126168E0
1.959927946E1,9.340576172E-2,1.637594604E-1,9.941277008E0,9.943064434E0
1.960931046E1,1.225950623E-1,1.899549866E-1,9.825417938E0,9.828018626E0
1.961934246E1,1.164578247E-1,2.212399292E-1,9.749076691E0,9.752282084E0
1.962937346E1,1.143621826E-1,2.625540161E-1,9.789941711E0,9.794129468E0
1.963940446E1,5.523513794E-2,2.811154175E-1,9.858199768E0,9.862361759E0
1.964943546E1,4.191284180E-2,3.086581421E-1,9.899663544E0,9.904562828E0
1.965946646E1,7.424560547E-2,3.126997375E-1,9.929002533E0,9.934202778E0
1.966949846E1,9.490264893E-2,3.212319946E-1,9.934840393E0,9.940485408E0
1.967952946E1,1.077758789E-1,3.281176758E-1,9.931547241E0,9.937550375E0
1.968956046E1,1.140628052E-1,2.953358459E-1,9.935888214E0,9.940930952E0
1.969959146E1,7.424560547E-2,2.528242493E-1,9.907746735E0,9.911250066E0
1.970962246E1,5.224136353E-2,2.131567383E-1,9.882299652E0,9.884736282E0
1.971965446E1,5.074447632E-2,1.901046753E-1,9.849218445E0,9.851183622E0
1.972968521E1,3.652404785E-2,1.863624573E-1,9.801467743E0,9.803307344E0
1.973971621E1,4.520599365E-2,1.706451416E-1,9.779463501E0,9.781056677E0
1.974974721E1,6.421646118E-2,1.678010559E-1,9.807155914E0,9.808801562E0
1.975977821E1,9.175918579E-2,1.734892273E-1,9.811796265E0,9.813758923E0
1.976981021E1,9.879455566E-2,1.658551025E-1,9.857601013E0,9.859491164E0
1.977984121E1,1.041833496E-1,1.766326904E-1,9.840087433E0,9.842224035E0
1.978987221E1,9.879455566E-2,1.984872437E-1,9.868079224E0,9.870569645E0
1.979990321E1,9.475296021E-2,2.164498901E-1,9.874815216E0,9.877641633E0
1.980993421E1,6.316864014E-2,2.291734314E-1,9.863887939E0,9.866752050E0
1.981996621E1,5.209167480E-2,2.552192688E-1,9.834399261E0,9.837848304E0
1.982999721E1,3.412902832E-2,2.679428101E-1,9.778415680E0,9.782145539E0
1.984002821E1,1.332229614E-2,2.842588806E-1,9.795480194E0,9.799612892E0
1.985005921E1,2.903961182E-2,2.776725769E-1,9.833950195E0,9.837912472E0
1.986009021E1,8.038284302E-2,2.683918762E-1,9.892179108E0,9.896145871E0
1.987012221E1,1.218466187E-1,2.528242493E-1,9.929451599E0,9.933417124E0
1.988015321E1,1.448986816E-1,2.323168945E-1,9.894424438E0,9.898212047E0
1.989018421E1,1.326242065E-1,2.177970886E-1,9.879156189E0,9.882446648E0
1.990021521E1,1.148112488E-1,2.177970886E-1,9.876910858E0,9.879979013E0
1.991024621E1,7.768844604E-2,2.164498901E-1,9.867181091E0,9.869860624E0
1.992027821E1,5.343887329E-2,2.237846375E-1,9.883497162E0,9.886174762E0
1.993030921E1,5.074447632E-2,2.329156494E-1,9.884095917E0,9.886970051E0
1.994034021E1,7.200027466E-2,2.514770508E-1,9.867779846E0,9.871246316E0
1.995037121E1,7.110214233E-2,2.662962341E-1,9.855655060E0,9.859508398E0
1.996040221E1,7.140151978E-2,2.823129272E-1,9.870923309E0,9.875217757E0
1.997043421E1,8.637039185E-2,2.667453003E-1,9.895172882E0,9.899144370E0
1.998046521E1,9.475296021E-2,2.514770508E-1,9.899064789E0,9.902711877E0
1.999049621E1,8.158035278E-2,2.255809021E-1,9.880353699E0,9.883265215E0
2.000052721E1,6.750961304E-2,2.218386841E-1,9.855505371E0,9.858232908E0
2.001055821E1,6.616241455E-2,2.183958435E-1,9.849068756E0,9.851712012E0
2.002059021E1,7.514373779E-2,2.023791504E-1,9.816735992E0,9.819109402E0
2.003062121E1,6.047424316E-2,1.784289551E-1,9.813592529E0,9.815400774E0
2.004065221E1,5.433700562E-2,1.657054138E-1,9.817484436E0,9.819033122E0
2.005068321E1,6.167175293E-2,1.772314453E-1,9.805659027E0,9.807454478E0
2.006071421E1,7.424560547E-2,1.712438965E-1,9.829010468E0,9.830782454E0
2.007074621E1,8.696914673E-2,1.797761536E-1,9.845775604E0,9.847800787E0
2.008077721E1,8.442443848E-2,2.017803955E-1,9.866732025E0,9.869156178E0
2.009080821E1,7.544311523E-2,2.266287231E-1,9.874515839E0,9.877404279E0
2.010083921E1,5.328918457E-2,2.502795410E-1,9.880952454E0,9.884265323E0
2.011087021E1,3.742218018E-2,2.516267395E-1,9.864935760E0,9.868215340E0
2.012090221E1,3.382965088E-2,2.477348328E-1,9.876461792E0,9.879626234E0
2.013093321E1,3.143463135E-2,2.570155334E-1,9.864187317E0,9.867585142E0
2.014096421E1,3.263214111E-2,2.561174011E-1,9.846524048E0,9.849908467E0
2.015099521E1,3.607498169E-2,2.493814087E-1,9.846823425E0,9.850046906E0
2.016102621E1,5.733078003E-2,2.538720703E-1,9.873318329E0,9.876748082E0
2.017105821E1,5.927673340E-2,2.529739380E-1,9.898915100E0,9.902324460E0
2.018108921E1,7.753875732E-2,2.356100464E-1,9.882449341E0,9.885561660E0
2.019112021E1,7.499404907E-2,2.192939758E-1,9.856104126E0,9.858828657E0
2.020115121E1,6.571334839E-2,2.049238586E-1,9.861492920E0,9.863840765E0
2.021118221E1,6.092330933E-2,2.083666992E-1,9.890981598E0,9.893363700E0
2.022121421E1,9.490264893E-2,2.318678284E-1,9.909243622E0,9.912410320E0
2.023124521E1,1.004411316E-1,2.496807861E-1,9.867031403E0,9.870700969E0
2.024127621E1,8.502319336E-2,2.610571289E-1,9.811347198E0,9.815187905E0
2.025130721E1,7.170089722E-2,2.694396973E-1,9.765542450E0,9.769521898E0
2.026133821E1,5.254074097E-2,2.510279846E-1,9.783954163E0,9.787314986E0
2.027137021E1,3.173400879E-2,2.245330811E-1,9.823322296E0,9.825939298E0
2.028140121E1,3.712280273E-2,2.037263489E-1,9.887239380E0,9.889407722E0
2.029143221E1,5.179229736E-2,1.932481384E-1,9.895172882E0,9.897195242E0
2.030146321E1,6.795867920E-2,1.957928467E-1,9.805209961E0,9.807400043E0
2.031149421E1,5.957611084E-2,2.085163879E-1,9.816735992E0,9.819131018E0
2.032152621E1,7.948471069E-2,2.213896179E-1,9.926757202E0,9.929543783E0
2.033155721E1,1.240919495E-1,2.177970886E-1,1.006851242E1,1.007163228E1
2.034158821E1,1.288819885E-1,2.420466614E-1,1.000100281E1,1.000476158E1
2.035161921E1,9.295669556E-2,2.535726929E-1,9.772428131E0,9.776159350E0
2.036165021E1,2.484832764E-2,2.466870117E-1,9.640552368E0,9.643740036E0
2.037168221E1,-2.544708252E-2,2.351609802E-1,9.707612915E0,9.710494156E0
2.038171321E1,-9.580078125E-3,2.101629639E-1,9.874515839E0,9.876756720E0
2.039174421E1,4.131408691E-2,1.793270874E-1,1.000160156E1,1.000329440E1
2.040177521E1,9.550140381E-2,1.535806274E-1,9.959838409E0,9.961480245E0
2.041180621E1,1.228944397E-1,1.716929626E-1,9.842033386E0,9.844297979E0
2.042183821E1,1.294807434E-1,2.127076721E-1,9.767488403E0,9.770662185E0
2.043186921E1,1.011895752E-1,2.616558838E-1,9.797276459E0,9.801292218E0
2.044190021E1,6.706054688E-2,2.788700867E-1,9.846074982E0,9.850251681E0
2.045193121E1,3.622467041E-2,2.960842896E-1,9.889634399E0,9.894131932E0
2.046196221E1,5.298980713E-2,3.242257690E-1,9.895921326E0,9.901373094E0
2.047199421E1,8.741821289E-2,3.445834351E-1,9.895322571E0,9.901706341E0
2.048202521E1,9.580078125E-2,3.523672485E-1,9.885892181E0,9.892633860E0
2.049205621E1,8.607101440E-2,3.231779480E-1,9.906848602E0,9.912492191E0
2.050208721E1,6.316864014E-2,2.791694641E-1,9.908944244E0,9.913077318E0
2.051211821E1,4.296066284E-2,2.312690735E-1,9.901759186E0,9.904552790E0
2.052215021E1,3.158432007E-2,2.014810181E-1,9.873468018E0,9.875574052E0
2.053218121E1,3.233276367E-2,1.742376709E-1,9.829609222E0,9.831206520E0
2.054221221E1,3.727249146E-2,1.604663086E-1,9.804012451E0,9.805396413E0
2.055224321E1,4.355941772E-2,1.462458801E-1,9.804162140E0,9.805349588E0
2.056227421E1,6.735992432E-2,1.598675537E-1,9.821675720E0,9.823207671E0
2.057230621E1,9.370513916E-2,1.740879822E-1,9.842482452E0,9.844467893E0
2.058233721E1,1.088237000E-1,1.854643250E-1,9.860445099E0,9.862789522E0
2.059236821E1,1.083746338E-1,2.074685669E-1,9.849218445E0,9.851999403E0
2.060239921E1,9.011260986E-2,2.486329651E-1,9.861792297E0,9.865337599E0
2.061243021E1,7.364685059E-2,2.718347168E-1,9.877958679E0,9.881972761E0
2.062246221E1,4.670288086E-2,2.839595032E-1,9.832602997E0,9.836813298E0
2.063249321E1,1.481918335E-2,2.995271301E-1,9.777218170E0,9.781816358E0
2.064252421E1,-2.484832764E-2,3.201841736E-1,9.776918793E0,9.782191801E0
2.065255521E1,1.496887207E-4,3.088078308E-1,9.836494904E0,9.841341082E0
2.066258621E1,4.909790039E-2,2.944377136E-1,9.893226929E0,9.897729196E0
2.067261821E1,1.107696533E-1,2.790197754E-1,9.921667786E0,9.926208420E0
2.068264921E1,1.245410156E-1,2.558180237E-1,9.898466034E0,9.902554375E0
2.069268021E1,1.213975525E-1,2.371069336E-1,9.862391052E0,9.865987752E0
2.070271121E1,9.789642334E-2,2.251318359E-1,9.855954437E0,9.859011407E0
2.071274221E1,7.304809570E-2,2.209405518E-1,9.896370392E0,9.899105903E0
2.072277421E1,7.214996338E-2,2.362088013E-1,9.883497162E0,9.886582643E0
2.073280504E1,6.137237549E-2,2.411485291E-1,9.875413971E0,9.878548490E0
2.074283604E1,5.568420410E-2,2.498304749E-1,9.852361908E0,9.855686235E0
2.075286704E1,5.493576050E-2,2.724334717E-1,9.853858795E0,9.857777188E0
2.076289804E1,7.559280396E-2,2.751278687E-1,9.851613464E0,9.855744389E0
2.077293004E1,8.173004150E-2,2.737806702E-1,9.870773621E0,9.874907975E0
2.078296104E1,7.125183105E-2,2.682421875E-1,9.899214478E0,9.903104461E0
2.079299204E1,7.409591675E-2,2.363584900E-1,9.892029419E0,9.895130194E0
2.080302304E1,7.274871826E-2,2.165995789E-1,9.870923309E0,9.873567477E0
2.081305404E1,6.900650024E-2,2.097138977E-1,9.846973114E0,9.849447767E0
2.082308604E1,6.077362061E-2,1.953437805E-1,9.824519806E0,9.826649584E0
2.083311704E1,5.194198608E-2,1.959425354E-1,9.832303619E0,9.834393012E0
2.084314804E1,5.942642212E-2,1.992356873E-1,9.827064514E0,9.829263621E0
2.085317904E1,5.029541016E-2,1.996847534E-1,9.816885681E0,9.819045173E0
2.086321004E1,5.927673340E-2,1.963916016E-1,9.816885681E0,9.819028866E0
2.087324204E1,4.745132446E-2,2.140548706E-1,9.832453308E0,9.834897517E0
2.088327304E1,6.631210327E-2,2.219883728E-1,9.859546967E0,9.862268629E0
2.089330404E1,5.014572144E-2,2.191442871E-1,9.871671753E0,9.874231211E0
2.090333504E1,5.343887329E-2,2.305206299E-1,9.879156189E0,9.881989804E0
2.091336704E1,5.284011841E-2,2.495310974E-1,9.880802765E0,9.884094350E0
2.092339804E1,4.056564331E-2,2.568658447E-1,9.879605255E0,9.883027149E0
2.093342904E1,3.622467041E-2,2.674937439E-1,9.872420197E0,9.876109845E0
2.094346004E1,3.847000122E-2,2.701881409E-1,9.868378601E0,9.872151629E0
2.095349104E1,3.996688843E-2,2.734812927E-1,9.877060547E0,9.880926799E0
2.096352304E1,3.697311401E-2,2.529739380E-1,9.847571869E0,9.850890038E0
2.097355404E1,4.819976807E-2,2.656974792E-1,9.841135254E0,9.844839331E0
2.098358504E1,4.221221924E-2,2.549198914E-1,9.835297394E0,9.838691013E0
2.099361604E1,6.271957397E-2,2.445913696E-1,9.853709106E0,9.856943839E0
2.100364704E1,9.071136475E-2,2.284249878E-1,9.871671753E0,9.874730868E0
2.101367904E1,8.891510010E-2,2.383044434E-1,9.860594788E0,9.863874719E0
2.102371004E1,7.933502197E-2,2.275268555E-1,9.828262024E0,9.831215435E0
2.103374104E1,5.792953491E-2,2.309696960E-1,9.837842102E0,9.840723553E0
2.104377204E1,5.598358154E-2,2.186952209E-1,9.891879730E0,9.894455334E0
2.105380304E1,8.337661743E-2,2.224374390E-1,9.930499420E0,9.933340264E0
2.106383504E1,9.744735718E-2,2.676434326E-1,9.887838135E0,9.891939748E0
2.107386604E1,9.325607300E-2,2.947370911E-1,9.827812958E0,9.832673806E0
2.108389704E1,5.493576050E-2,3.013233948E-1,9.758357391E0,9.763163048E0
2.109392804E1,3.397933960E-2,2.565664673E-1,9.761500854E0,9.764931125E0
2.110395904E1,1.916015625E-2,2.296224976E-1,9.826765137E0,9.829466245E0
2.111399104E1,2.200424194E-2,1.889071655E-1,9.889185333E0,9.891013935E0
2.112402204E1,2.155517578E-2,1.582209778E-1,9.896520081E0,9.897808253E0
2.113405304E1,3.502716064E-2,1.715432739E-1,9.804611206E0,9.806174325E0
2.114408404E1,3.891906738E-2,1.889071655E-1,9.816137238E0,9.818031925E0
2.115411504E1,9.460327148E-2,2.106120300E-1,9.941726074E0,9.944406696E0
2.116414704E1,1.413061523E-1,2.275268555E-1,1.007629623E1,1.007985524E1
2.117417804E1,1.499880981E-1,2.529739380E-1,1.001731888E1,1.002163508E1
2.118420904E1,9.505233765E-2,2.624043274E-1,9.785001984E0,9.788981295E0
2.119424004E1,1.182540894E-2,2.543211365E-1,9.648934937E0,9.652293224E0
2.120427104E1,-5.179229736E-2,2.504292297E-1,9.707463226E0,9.710831042E0
2.121430304E1,-3.427871704E-2,2.115101624E-1,9.865833893E0,9.868160415E0
2.122433404E1,2.574645996E-2,1.850152588E-1,9.995614014E0,9.997359303E0
2.123436504E1,8.292755127E-2,1.823208618E-1,9.969418488E0,9.971430331E0
2.124439604E1,1.224453735E-1,1.917512512E-1,9.850266266E0,9.852893327E0
2.125442704E1,1.332229614E-1,2.384541321E-1,9.774374084E0,9.778189887E0
2.126445904E1,1.082249451E-1,2.698887634E-1,9.782606964E0,9.786927587E0
2.127449004E1,6.601272583E-2,2.835104370E-1,9.843230896E0,9.847534225E0
2.128452104E1,3.861968994E-2,2.978805542E-1,9.901310120E0,9.905865252E0
2.129455204E1,4.071533203E-2,3.204835510E-1,9.917326813E0,9.922587291E0
2.130458304E1,6.361770630E-2,3.505709839E-1,9.900861053E0,9.907269898E0
2.131461504E1,6.556365967E-2,3.367996216E-1,9.899663544E0,9.905608051E0
2.132464604E1,7.005432129E-2,3.055146790E-1,9.904902649E0,9.909860913E0
2.133467704E1,5.284011841E-2,2.824626160E-1,9.893376617E0,9.897549096E0
2.134470804E1,4.311035156E-2,2.353106689E-1,9.896370392E0,9.899261414E0
2.135473904E1,4.385879517E-2,2.076182556E-1,9.852511597E0,9.854796482E0
2.136477104E1,4.760101318E-2,1.782792664E-1,9.821975098E0,9.823708270E0
2.137480204E1,4.191284180E-2,1.746867371E-1,9.802066498E0,9.803712550E0
2.138483304E1,3.652404785E-2,1.663041687E-1,9.807754669E0,9.809232525E0
2.139486404E1,4.281097412E-2,1.736389160E-1,9.833201752E0,9.834827906E0
2.140489504E1,6.466552734E-2,1.601669312E-1,9.848170624E0,9.849685260E0
2.141492704E1,8.711883545E-2,1.875599670E-1,9.857900391E0,9.860069399E0
2.142495804E1,9.954299927E-2,2.028282166E-1,9.876910858E0,9.879494734E0
2.143498904E1,7.604187012E-2,2.207908630E-1,9.872420197E0,9.875181594E0
2.144502004E1,6.795867920E-2,2.453398132E-1,9.867480469E0,9.870763942E0
2.145505104E1,4.550537109E-2,2.595602417E-1,9.812694397E0,9.816232148E0
2.146508304E1,1.197509766E-2,2.830613708E-1,9.753417664E0,9.757531617E0
2.147511404E1,-2.125579834E-2,2.923420715E-1,9.775272217E0,9.779665772E0
2.148514504E1,7.035369873E-3,2.986289978E-1,9.800120544E0,9.804671920E0
2.149517604E1,7.679031372E-2,2.727328491E-1,9.886790314E0,9.890849441E0
2.150520704E1,1.100212097E-1,2.636018372E-1,9.930349731E0,9.934457025E0
2.151523904E1,1.294807434E-1,2.393522644E-1,9.934541016E0,9.938267453E0
2.152527004E1,1.133143616E-1,2.167492676E-1,9.895023193E0,9.898045483E0
2.153530104E1,7.963439941E-2,2.180964661E-1,9.893376617E0,9.896100677E0
2.154533204E1,7.529342651E-2,2.353106689E-1,9.895621948E0,9.898705671E0
2.155536304E1,3.861968994E-2,2.451901245E-1,9.877808990E0,9.880927089E0
2.156539504E1,3.353027344E-2,2.432441711E-1,9.859397278E0,9.862454395E0
2.157542604E1,4.355941772E-2,2.624043274E-1,9.850415955E0,9.854006694E0
2.158545704E1,5.508544922E-2,3.010240173E-1,9.840686188E0,9.845443337E0
2.159548804E1,7.604187012E-2,2.975811768E-1,9.854607239E0,9.859392514E0
2.160551904E1,7.559280396E-2,2.752775574E-1,9.905202026E0,9.909314769E0
2.161555104E1,6.855743408E-2,2.484832764E-1,9.904453583E0,9.907807267E0
2.162558204E1,5.538482666E-2,2.206411743E-1,9.882748718E0,9.885366571E0
2.163561304E1,5.777984619E-2,2.014810181E-1,9.857451324E0,9.859679494E0
2.164564404E1,3.353027344E-2,1.803749084E-1,9.847422180E0,9.849131077E0
2.165567504E1,4.969665527E-2,1.794767761E-1,9.833052063E0,9.834815430E0
2.166570704E1,5.822891235E-2,1.893562317E-1,9.810449066E0,9.812449096E0
2.167573804E1,6.691085815E-2,1.924996948E-1,9.821076965E0,9.823191231E0
2.168576904E1,5.822891235E-2,2.043251038E-1,9.837842102E0,9.840136004E0
2.169580004E1,6.286926270E-2,1.999841309E-1,9.829309845E0,9.831545058E0
2.170583204E1,5.733078003E-2,1.944456482E-1,9.836045837E0,9.838134663E0
2.171586304E1,3.921844482E-2,2.067201233E-1,9.857151947E0,9.859397335E0
2.172589404E1,3.817062378E-2,2.158511353E-1,9.869725800E0,9.872159646E0
2.173592467E1,2.709365845E-2,2.326162720E-1,9.870025177E0,9.872803117E0
2.174595567E1,2.948867798E-2,2.350112915E-1,9.873767395E0,9.876607842E0
2.175598767E1,3.427871704E-2,2.442919922E-1,9.860744476E0,9.863829643E0
2.176601867E1,3.353027344E-2,2.594105530E-1,9.854158173E0,9.857629097E0
2.177604967E1,5.014572144E-2,2.755769348E-1,9.862091675E0,9.866068591E0
2.178608067E1,4.879852295E-2,2.826123047E-1,9.862391052E0,9.866560104E0
2.179611167E1,4.864883423E-2,2.695893860E-1,9.857301636E0,9.861107478E0
2.180614367E1,5.373825073E-2,2.625540161E-1,9.862840118E0,9.866480508E0
2.181617467E1,5.179229736E-2,2.540217590E-1,9.879455566E0,9.882856459E0
2.182620567E1,5.912704468E-2,2.354603577E-1,9.875863037E0,9.878846507E0
2.183623667E1,5.179229736E-2,2.293231201E-1,9.861343231E0,9.864145268E0
2.184626767E1,5.029541016E-2,2.133064270E-1,9.824070740E0,9.826514904E0
2.185629967E1,5.059478760E-2,2.052232361E-1,9.834548950E0,9.836820089E0
2.186633067E1,5.403762817E-2,2.291734314E-1,9.881401520E0,9.884206418E0
2.187636167E1,7.888595581E-2,2.329156494E-1,9.921069031E0,9.924116253E0
2.188639267E1,1.022373962E-1,2.658471680E-1,9.907597046E0,9.911690392E0
2.189642367E1,9.475296021E-2,2.766247559E-1,9.836494904E0,9.840839973E0
2.190645567E1,6.825805664E-2,2.764750671E-1,9.787397003E0,9.791539089E0
2.191648667E1,3.517684937E-2,2.445913696E-1,9.787696381E0,9.790815226E0
2.192651767E1,7.484436035E-3,2.180964661E-1,9.821526031E0,9.823950105E0
2.193654867E1,-3.293151855E-3,1.856140137E-1,9.876012726E0,9.877757375E0
2.194657967E1,4.490661621E-4,1.643582153E-1,9.865983582E0,9.867352525E0
2.195661167E1,3.038681030E-2,1.821711731E-1,9.778565369E0,9.780309318E0
2.196664267E1,4.909790039E-2,2.041754150E-1,9.784552917E0,9.786806118E0
2.197667367E1,7.289840698E-2,2.308200073E-1,9.909393311E0,9.912349259E0
2.198670467E1,1.492396545E-1,2.453398132E-1,1.005953110E1,1.006362907E1
2.199673567E1,1.733395386E-1,2.444416809E-1,1.003064117E1,1.003511638E1
2.200676767E1,1.110690308E-1,2.526745605E-1,9.828112335E0,9.831987227E0
2.201679867E1,-4.640350342E-3,2.475851440E-1,9.681866455E0,9.685032679E0
2.202682967E1,-6.661148071E-2,2.478845215E-1,9.707014160E0,9.710407187E0
2.203686067E1,-6.900650024E-2,2.342628479E-1,9.842183075E0,9.845212474E0
2.204689167E1,-8.981323242E-3,2.004331970E-1,9.940977631E0,9.943002081E0
2.205692367E1,6.900650024E-2,1.845661926E-1,9.906100159E0,9.908059696E0
2.206695467E1,1.068777466E-1,2.077679443E-1,9.819879456E0,9.822658647E0
2.207698567E1,1.333726501E-1,2.269281006E-1,9.739496613E0,9.743052853E0
2.208701667E1,1.175056458E-1,2.752775574E-1,9.776020660E0,9.780601478E0
2.209704767E1,5.538482666E-2,2.960842896E-1,9.870025177E0,9.874620518E0
2.210707967E1,4.311035156E-2,3.082090759E-1,9.913734283E0,9.918617786E0
2.211711067E1,3.981719971E-2,3.177891541E-1,9.923763428E0,9.928930251E0
2.212714167E1,6.945556641E-2,3.270698547E-1,9.904453583E0,9.910095839E0
2.213717267E1,5.882766724E-2,3.320095825E-1,9.880802765E0,9.886554220E0
2.214720367E1,5.733078003E-2,3.052153015E-1,9.880204010E0,9.885083433E0
2.215723567E1,4.296066284E-2,2.701881409E-1,9.884395294E0,9.888180701E0
2.216726667E1,3.367996216E-2,2.342628479E-1,9.878258057E0,9.881092837E0
2.217729767E1,3.158432007E-2,2.031275940E-1,9.835147705E0,9.837295806E0
2.218732867E1,4.565505981E-2,1.892065430E-1,9.808952179E0,9.810883057E0
2.219735967E1,3.008743286E-2,1.820214844E-1,9.796228638E0,9.797965738E0
2.220739167E1,5.089416504E-2,1.823208618E-1,9.815688171E0,9.817513198E0
2.221742267E1,6.271957397E-2,1.779798889E-1,9.838440857E0,9.840250458E0
2.222745367E1,8.202941895E-2,1.957928467E-1,9.871222687E0,9.873505001E0
2.223748467E1,9.490264893E-2,1.868115234E-1,9.874815216E0,9.877038048E0
2.224751567E1,9.624984741E-2,2.119592285E-1,9.868977356E0,9.871722484E0
2.225754767E1,8.532257080E-2,2.534230042E-1,9.866582336E0,9.870205173E0
2.226757867E1,6.242019653E-2,2.296224976E-1,9.871821442E0,9.874688924E0
2.227760967E1,3.891906738E-2,2.591111755E-1,9.814939728E0,9.818436492E0
2.228764067E1,-1.047821045E-3,2.817141724E-1,9.783355408E0,9.787410638E0
2.229767167E1,-2.065704346E-2,3.062631226E-1,9.795779572E0,9.800587800E0
2.230770367E1,4.041595459E-3,3.086581421E-1,9.803413696E0,9.808272339E0
2.231773467E1,4.909790039E-2,3.056643677E-1,9.867330780E0,9.872186082E0
2.232776567E1,1.115180969E-1,2.797682190E-1,9.917177124E0,9.921749274E0
2.233779667E1,1.374142456E-1,2.576142883E-1,9.911788330E0,9.916087721E0
2.234782767E1,1.011895752E-1,2.357597351E-1,9.891730042E0,9.895056604E0
2.235785967E1,1.008901978E-1,2.071691895E-1,9.882299652E0,9.884985803E0
2.236789067E1,5.822891235E-2,2.264790344E-1,9.877958679E0,9.880726240E0
2.237792167E1,4.041595459E-2,2.281256104E-1,9.885293427E0,9.888007932E0
2.238795267E1,3.143463135E-2,2.436932373E-1,9.868079224E0,9.871137832E0
2.239798467E1,3.802093506E-2,2.746788025E-1,9.852212219E0,9.856113821E0
2.240801567E1,5.059478760E-2,2.781216431E-1,9.852511597E0,9.856566149E0
2.241804667E1,6.945556641E-2,2.839595032E-1,9.868079224E0,9.872408249E0
2.242807767E1,7.409591675E-2,2.790197754E-1,9.884994049E0,9.889208744E0
2.243810867E1,7.634124756E-2,2.589614868E-1,9.897567902E0,9.901249386E0
2.244814067E1,5.748046875E-2,2.266287231E-1,9.864935760E0,9.867706022E0
2.245817167E1,6.092330933E-2,2.185455322E-1,9.822424164E0,9.825044033E0
2.246820267E1,5.358856201E-2,1.939965820E-1,9.826615448E0,9.828676288E0
2.247823367E1,5.313949585E-2,1.701960754E-1,9.829309845E0,9.830926840E0
2.248826467E1,6.601272583E-2,1.808239746E-1,9.838440857E0,9.840323851E0
2.249829667E1,5.942642212E-2,1.791773987E-1,9.834698639E0,9.836510223E0
2.250832767E1,6.466552734E-2,1.812730408E-1,9.826914825E0,9.828799343E0
2.251835867E1,6.631210327E-2,2.008822632E-1,9.828411713E0,9.830688062E0
2.252838967E1,6.256988525E-2,2.091151428E-1,9.827663269E0,9.830086951E0
2.253842067E1,5.568420410E-2,2.300715637E-1,9.843679962E0,9.846525725E0
2.254845267E1,2.963836670E-2,2.423460388E-1,9.856553192E0,9.859576607E0
2.255848367E1,3.173400879E-2,2.568658447E-1,9.872569885E0,9.875961890E0
2.256851467E1,2.918930054E-2,2.649490356E-1,9.869276733E0,9.872875632E0
2.257854567E1,2.619552612E-2,2.636018372E-1,9.873468018E0,9.877020949E0
2.258857667E1,2.245330811E-2,2.691403198E-1,9.853409729E0,9.857110325E0
2.259860867E1,4.475692749E-2,2.658471680E-1,9.863139496E0,9.866823127E0
2.260863967E1,4.610412598E-2,2.591111755E-1,9.867181091E0,9.870690294E0
2.261867067E1,3.547622681E-2,2.598596191E-1,9.856403503E0,9.859892272E0
2.262870167E1,4.819976807E-2,2.579136658E-1,9.868378601E0,9.871866029E0
2.263873267E1,5.209167480E-2,2.537223816E-1,9.852511597E0,9.855915653E0
2.264876467E1,6.107299805E-2,2.399510193E-1,9.823621674E0,9.826741535E0
2.265879567E1,5.972579956E-2,2.406994629E-1,9.838440857E0,9.841566029E0
2.266882667E1,7.454498291E-2,2.333647156E-1,9.865384827E0,9.868426107E0
2.267885767E1,8.158035278E-2,2.254312134E-1,9.890382843E0,9.893287996E0
2.268888867E1,8.337661743E-2,2.085163879E-1,9.887838135E0,9.890387946E0
2.269892067E1,7.020401001E-2,2.158511353E-1,9.850715332E0,9.853330040E0
2.270895167E1,4.251159668E-2,2.139051819E-1,9.837542725E0,9.839959833E0
2.271898267E1,3.652404785E-2,2.249821472E-1,9.861343231E0,9.863976951E0
2.272901367E1,3.502716064E-2,2.221380615E-1,9.900861053E0,9.903414655E0
2.273904529E1,5.628295898E-2,2.525248718E-1,9.884694672E0,9.888079962E0
2.274907729E1,6.137237549E-2,2.745291138E-1,9.818382568E0,9.822411571E0
2.275910829E1,5.119354248E-2,2.918930054E-1,9.769134979E0,9.773628832E0
2.276913929E1,3.263214111E-2,2.674937439E-1,9.772278442E0,9.775993234E0
2.277917029E1,1.586700439E-2,2.255809021E-1,9.803862762E0,9.806470495E0
2.278920129E1,1.212478638E-2,2.145039368E-1,9.881102142E0,9.883437585E0
2.279923329E1,2.978805542E-2,1.924996948E-1,9.898915100E0,9.900831461E0
2.280926429E1,4.595443726E-2,1.916015625E-1,9.836345215E0,9.838318462E0
2.281929529E1,4.505630493E-2,2.061213684E-1,9.786199493E0,9.788473661E0
2.282932629E1,6.256988525E-2,2.264790344E-1,9.884245605E0,9.887037925E0
2.283935829E1,1.037342834E-1,2.445913696E-1,1.003872437E1,1.004223942E1
2.284938929E1,1.287322998E-1,2.415975952E-1,1.008437943E1,1.008809446E1
2.285942029E1,1.071771240E-1,2.692900085E-1,9.889784088E0,9.894030188E0
2.286945129E1,2.874023438E-2,2.649490356E-1,9.700727234E0,9.704387300E0
2.287948229E1,-5.703140259E-2,2.570155334E-1,9.695937195E0,9.699510691E0
2.288951429E1,-4.834945679E-2,2.426454163E-1,9.805958405E0,9.809079197E0
2.289954529E1,8.532257080E-3,2.133064270E-1,9.930499420E0,9.932793724E0
2.290957629E1,6.706054688E-2,1.799258423E-1,9.947563934E0,9.949417001E0
2.291960729E1,1.112187195E-1,1.992356873E-1,9.862540741E0,9.865179893E0
2.292963829E1,1.323248291E-1,2.300715637E-1,9.764794006E0,9.768400318E0
2.293967029E1,1.184037781E-1,2.597099304E-1,9.758207703E0,9.762381178E0
2.294970129E1,6.361770630E-2,2.802172852E-1,9.815837860E0,9.820042863E0
2.295973229E1,4.161346436E-2,3.044668579E-1,9.890831909E0,9.895604459E0
2.296976329E1,4.131408691E-2,3.188369751E-1,9.917177124E0,9.922387111E0
2.297979429E1,3.832031250E-2,3.221301270E-1,9.901609497E0,9.906922171E0
2.298982629E1,6.047424316E-2,3.332070923E-1,9.886940002E0,9.892738080E0
2.299985729E1,6.421646118E-2,3.095562744E-1,9.887987823E0,9.893040586E0
2.300988829E1,4.326004028E-2,2.791694641E-1,9.889933777E0,9.893967714E0
2.301991929E1,4.131408691E-2,2.409988403E-1,9.882449341E0,9.885473801E0
2.302995029E1,3.667373657E-2,2.065704346E-1,9.861193542E0,9.863425084E0
2.303998229E1,4.400848389E-2,1.932481384E-1,9.842632141E0,9.844627421E0
2.305001329E1,4.011657715E-2,1.839674377E-1,9.820927277E0,9.822732101E0
2.306004429E1,3.113525391E-2,1.751358032E-1,9.828262024E0,9.829871635E0
2.307007529E1,3.158432007E-2,1.799258423E-1,9.836345215E0,9.838041373E0
2.308010629E1,4.400848389E-2,1.838177490E-1,9.854008484E0,9.855821067E0
2.309013829E1,7.439529419E-2,2.065704346E-1,9.855655060E0,9.858100358E0
2.310016929E1,7.723937988E-2,2.186952209E-1,9.856253815E0,9.858982340E0
2.311020029E1,6.840774536E-2,2.318678284E-1,9.862540741E0,9.865503139E0
2.312023129E1,5.837860107E-2,2.456391907E-1,9.882449341E0,9.885674061E0
2.313026229E1,4.775070190E-2,2.689906311E-1,9.831106110E0,9.834901292E0
2.314029429E1,2.454895020E-2,2.974314880E-1,9.783205719E0,9.787756754E0
2.315032529E1,-1.437011719E-2,3.092568970E-1,9.805659027E0,9.810545106E0
2.316035629E1,-1.496887207E-3,3.059637451E-1,9.804760895E0,9.809533743E0
2.317038729E1,2.933898926E-2,2.974314880E-1,9.849966888E0,9.854500189E0
2.318041829E1,1.016386414E-1,2.722837830E-1,9.922565918E0,9.926821408E0
2.319045029E1,1.320254517E-1,2.516267395E-1,9.920919342E0,9.924988027E0
2.320048129E1,1.149609375E-1,2.414479065E-1,9.905950470E0,9.909559416E0
2.321051229E1,9.220825195E-2,2.201921082E-1,9.889784088E0,9.892664769E0
2.322054329E1,7.394622803E-2,2.149530029E-1,9.880802765E0,9.883417229E0
2.323057429E1,3.876937866E-2,2.333647156E-1,9.865983582E0,9.868819290E0
2.324060629E1,2.424957275E-2,2.374063110E-1,9.865384827E0,9.868270749E0
2.325063729E1,3.577560425E-2,2.698887634E-1,9.853709106E0,9.857469401E0
2.326066829E1,4.625381470E-2,2.812651062E-1,9.858050079E0,9.862170189E0
2.327069929E1,6.032455444E-2,3.017724609E-1,9.858349457E0,9.863151610E0
2.328073129E1,6.825805664E-2,2.833607483E-1,9.886041870E0,9.890337524E0
2.329076229E1,7.289840698E-2,2.642005920E-1,9.892628174E0,9.896424017E0
2.330079329E1,7.813751221E-2,2.474354553E-1,9.880653076E0,9.884059641E0
2.331082429E1,6.541397095E-2,2.183958435E-1,9.839788055E0,9.842428801E0
2.332085529E1,6.631210327E-2,1.865121460E-1,9.834548950E0,9.836540913E0
2.333088729E1,4.969665527E-2,1.800755310E-1,9.823621674E0,9.825397689E0
2.334091829E1,3.817062378E-2,1.663041687E-1,9.820777588E0,9.822259745E0
2.335094929E1,5.463638306E-2,1.755848694E-1,9.839788055E0,9.841506193E0
2.336098029E1,5.074447632E-2,1.971400452E-1,9.861792297E0,9.863893071E0
2.337101129E1,6.855743408E-2,2.061213684E-1,9.851463776E0,9.853858364E0
2.338104329E1,7.005432129E-2,2.191442871E-1,9.822274475E0,9.824968585E0
2.339107429E1,4.625381470E-2,2.363584900E-1,9.865833893E0,9.868773133E0
2.340110529E1,4.266128540E-2,2.436932373E-1,9.870474243E0,9.873574234E0
2.341113629E1,2.305206299E-2,2.481838989E-1,9.861343231E0,9.864492738E0
2.342116729E1,1.152603149E-2,2.564167786E-1,9.868378601E0,9.871716093E0
2.343119929E1,1.017883301E-2,2.698887634E-1,9.851912842E0,9.855614146E0
2.344123029E1,1.047821045E-2,2.652484131E-1,9.852810974E0,9.856386285E0
2.345126129E1,3.158432007E-2,2.630030823E-1,9.847871246E0,9.851433209E0
2.346129229E1,4.056564331E-2,2.721340942E-1,9.860744476E0,9.864582311E0
2.347132329E1,5.463638306E-2,2.513273621E-1,9.869576111E0,9.872926779E0
2.348135529E1,5.523513794E-2,2.658471680E-1,9.884994049E0,9.888722515E0
2.349138629E1,5.643264771E-2,2.639012146E-1,9.874665527E0,9.878352483E0
2.350141729E1,4.849914551E-2,2.511776733E-1,9.855804749E0,9.859124182E0
2.351144829E1,6.765930176E-2,2.392025757E-1,9.854457550E0,9.857592468E0
2.352147929E1,4.984634399E-2,2.213896179E-1,9.843230896E0,9.845846459E0
2.353151129E1,6.361770630E-2,2.133064270E-1,9.847871246E0,9.850386537E0
2.354154229E1,6.945556641E-2,2.115101624E-1,9.852960663E0,9.855475354E0
2.355157329E1,7.005432129E-2,2.028282166E-1,9.883946228E0,9.886275332E0
2.356160429E1,7.005432129E-2,2.080673218E-1,9.872719574E0,9.875160323E0
2.357163529E1,5.343887329E-2,2.149530029E-1,9.828561401E0,9.831056898E0
2.358166729E1,4.056564331E-2,2.246827698E-1,9.840237122E0,9.842885478E0
2.359169829E1,2.170486450E-2,2.303709412E-1,9.865684204E0,9.868397372E0
2.360172929E1,3.577560425E-2,2.411485291E-1,9.901160431E0,9.904161266E0
2.361176029E1,5.583389282E-2,2.540217590E-1,9.867929535E0,9.871356431E0
2.362179129E1,7.035369873E-2,2.680924988E-1,9.824519806E0,9.828428799E0
2.363182329E1,4.580474854E-2,2.671943665E-1,9.792935486E0,9.796687008E0
2.364185429E1,2.799179077E-2,2.447410583E-1,9.790690155E0,9.793788615E0
2.365188529E1,8.981323242E-4,2.179467773E-1,9.835746460E0,9.838160907E0
2.366191629E1,1.332229614E-2,1.911524963E-1,9.887389069E0,9.889245641E0
2.367194729E1,2.200424194E-2,1.784289551E-1,9.895921326E0,9.897554241E0
2.368197929E1,3.412902832E-2,1.978884888E-1,9.815987549E0,9.818041363E0
2.369201029E1,4.385879517E-2,2.028282166E-1,9.786049805E0,9.788249775E0
2.370204129E1,7.035369873E-2,2.243833923E-1,9.882748718E0,9.885546003E0
2.371207229E1,1.059796143E-1,2.639012146E-1,1.004067032E1,1.004469691E1
2.372210429E1,1.384620667E-1,2.496807861E-1,1.008991791E1,1.009395639E1
2.373213529E1,1.142124939E-1,2.395019531E-1,9.875563660E0,9.879127658E0
2.374216679E1,7.484436035E-3,2.276765442E-1,9.724976807E0,9.727644448E0
2.375219779E1,-6.316864014E-2,2.188449097E-1,9.717642059E0,9.720311238E0
2.376222879E1,-6.286926270E-2,2.062710571E-1,9.814340973E0,9.816709684E0
2.377226079E1,-1.616638184E-2,1.835183716E-1,9.917925568E0,9.919636481E0
2.378229179E1,6.601272583E-2,1.821711731E-1,9.902956696E0,9.904852110E0
2.379232279E1,1.320254517E-1,2.028282166E-1,9.814640350E0,9.817623705E0
2.380235379E1,1.386117554E-1,2.424957275E-1,9.745035095E0,9.749037204E0
2.381238479E1,1.252894592E-1,2.719844055E-1,9.760902100E0,9.765494497E0
2.382241679E1,7.679031372E-2,2.996768188E-1,9.819729767E0,9.824601551E0
2.383244779E1,3.158432007E-2,2.824626160E-1,9.902357941E0,9.906436064E0
2.384247879E1,2.260299683E-2,2.900967407E-1,9.937684479E0,9.941943463E0
2.385250979E1,1.571731567E-2,2.902464294E-1,9.931397552E0,9.935650324E0
2.386254079E1,3.891906738E-2,2.779719543E-1,9.905501404E0,9.909477341E0
2.387257279E1,4.311035156E-2,2.790197754E-1,9.903256073E0,9.907279717E0
2.388260379E1,4.864883423E-2,2.435435486E-1,9.908046112E0,9.911158254E0
2.389263479E1,4.340972900E-2,2.186952209E-1,9.873767395E0,9.876284452E0
2.390266579E1,5.044509888E-2,1.880090332E-1,9.833800507E0,9.835726944E0
2.391269679E1,5.014572144E-2,1.704954529E-1,9.814790039E0,9.816398871E0
2.392272879E1,4.819976807E-2,1.585203552E-1,9.799222412E0,9.800623031E0
2.393275979E1,3.592529297E-2,1.553768921E-1,9.811646576E0,9.812942532E0
2.394279079E1,3.053649902E-2,1.531315613E-1,9.852361908E0,9.853599186E0
2.395282179E1,5.179229736E-2,1.678010559E-1,9.867031403E0,9.868594040E0
2.396285279E1,6.960525513E-2,1.591191101E-1,9.851463776E0,9.852994586E0
2.397288479E1,6.421646118E-2,1.872605896E-1,9.861043854E0,9.863030780E0
2.398291579E1,6.167175293E-2,2.103126526E-1,9.866432648E0,9.868866602E0
2.399294679E1,5.598358154E-2,2.233355713E-1,9.856852570E0,9.859541344E0
2.400297779E1,2.993774414E-2,2.383044434E-1,9.795330505E0,9.798274592E0
2.401300879E1,3.442840576E-3,2.737806702E-1,9.783355408E0,9.787186048E0
2.402304079E1,-1.362167358E-2,3.061134338E-1,9.813143463E0,9.817926238E0
2.403307179E1,5.987548828E-3,2.951861572E-1,9.844278717E0,9.848705203E0
2.404310279E1,3.667373657E-2,2.712359619E-1,9.871821442E0,9.875615043E0
2.405313379E1,7.649093628E-2,2.359094238E-1,9.912836151E0,9.915937912E0
2.406316579E1,1.091230774E-1,2.049238586E-1,9.909093933E0,9.911813366E0
2.407319679E1,9.669891357E-2,1.899549866E-1,9.908345490E0,9.910637917E0
2.408322779E1,7.723937988E-2,1.844165039E-1,9.894424438E0,9.896444328E0
2.409325879E1,6.721023560E-2,1.935475159E-1,9.896520081E0,9.898640693E0
2.410328979E1,4.041595459E-2,1.965412903E-1,9.881551208E0,9.883588226E0
2.411332179E1,2.365081787E-2,2.083666992E-1,9.862540741E0,9.864769937E0
2.412335279E1,2.709365845E-2,2.266287231E-1,9.856852570E0,9.859494775E0
2.413338379E1,5.882766724E-2,2.206411743E-1,9.883048096E0,9.885685757E0
2.414341479E1,6.496490479E-2,2.417472839E-1,9.903405762E0,9.906568925E0
2.415344579E1,8.098159790E-2,2.360591125E-1,9.904004517E0,9.907148298E0
2.416347779E1,8.562194824E-2,2.356100464E-1,9.895023193E0,9.898198180E0
2.417350879E1,6.780899048E-2,2.302212524E-1,9.855205994E0,9.858127868E0
2.418353979E1,6.391708374E-2,2.001338196E-1,9.821226654E0,9.823473517E0
2.419357079E1,2.140548706E-2,1.748364258E-1,9.798324280E0,9.799907380E0
2.420360179E1,3.427871704E-2,1.360670471E-1,9.808802490E0,9.809806092E0
2.421363379E1,1.706451416E-2,1.300794983E-1,9.830956421E0,9.831831774E0
2.422366479E1,2.454895020E-2,1.296304321E-1,9.841135254E0,9.842019599E0
2.423369579E1,6.017486572E-2,1.426533508E-1,9.854607239E0,9.855823397E0
2.424372679E1,6.451583862E-2,1.546284485E-1,9.844129028E0,9.845554762E0
2.425375779E1,7.948471069E-2,1.730401611E-1,9.841734009E0,9.843576028E0
2.426378979E1,6.152206421E-2,1.862127686E-1,9.834249573E0,9.836204798E0
2.427382079E1,2.874023438E-2,2.010319519E-1,9.840386810E0,9.842482026E0
2.428385179E1,8.831634521E-3,2.080673218E-1,9.837093658E0,9.839297823E0
2.429388279E1,-9.729766846E-3,2.176473999E-1,9.845925293E0,9.848335389E0
2.430391379E1,-6.885681152E-3,2.113604736E-1,9.848020935E0,9.850291214E0
2.431394579E1,-3.891906738E-3,2.152523804E-1,9.867929535E0,9.870277708E0
2.432397679E1,1.526824951E-2,2.330653381E-1,9.882299652E0,9.885059382E0
2.433400779E1,2.769241333E-2,2.392025757E-1,9.887389069E0,9.890320891E0
2.434403879E1,4.460723877E-2,2.399510193E-1,9.889784088E0,9.892795136E0
2.435406979E1,5.792953491E-2,2.353106689E-1,9.855355682E0,9.858334675E0
2.436410179E1,4.041595459E-2,2.318678284E-1,9.836045837E0,9.838861410E0
2.437413279E1,4.236190796E-2,2.139051819E-1,9.844278717E0,9.846693527E0
2.438416379E1,5.134323120E-2,1.980381775E-1,9.862091675E0,9.864213473E0
2.439419479E1,5.074447632E-2,1.875599670E-1,9.861343231E0,9.863257275E0
2.440422679E1,5.298980713E-2,1.784289551E-1,9.873617706E0,9.875371964E0
2.441425779E1,5.313949585E-2,1.661544800E-1,9.837991791E0,9.839538281E0
2.442428879E1,4.849914551E-2,1.643582153E-1,9.857002258E0,9.858491736E0
2.443431979E1,3.966751099E-2,1.701960754E-1,9.877509613E0,9.879055439E0
2.444435079E1,6.256988525E-2,1.826202393E-1,9.889484711E0,9.891368610E0
2.445438279E1,6.780899048E-2,1.892065430E-1,9.870025177E0,9.872071422E0
2.446441379E1,7.798782349E-2,2.137554932E-1,9.834848328E0,9.837480121E0
2.447444479E1,8.277786255E-2,2.390528870E-1,9.828112335E0,9.831367684E0
2.448447579E1,6.017486572E-2,2.356100464E-1,9.843230896E0,9.846234183E0
2.449450679E1,4.251159668E-2,2.158511353E-1,9.848020935E0,9.850477922E0
2.450453879E1,2.888992310E-2,1.971400452E-1,9.869127045E0,9.871138103E0
2.451456979E1,9.729766846E-3,1.779798889E-1,9.859696655E0,9.861307705E0
2.452460079E1,7.484436035E-3,1.612147522E-1,9.798773346E0,9.800102311E0
2.453463179E1,8.083190918E-3,1.725910950E-1,9.793983307E0,9.795507237E0
2.454466279E1,2.380050659E-2,1.769320679E-1,9.834848328E0,9.836468525E0
2.455469479E1,7.574249268E-2,1.669029236E-1,9.948312378E0,9.950000637E0
2.456472579E1,1.426533508E-1,1.803749084E-1,1.006237518E1,1.006500270E1
2.457475679E1,1.679507446E-1,1.769320679E-1,9.930948486E0,9.933944345E0
2.458478779E1,6.586303711E-2,1.598675537E-1,9.779912567E0,9.781440865E0
2.459481879E1,-1.002914429E-2,1.667532349E-1,9.781708832E0,9.783135228E0
2.460485079E1,-3.637435913E-2,1.585203552E-1,9.833950195E0,9.835295026E0
2.461488179E1,-8.083190918E-3,1.652563477E-1,9.902208252E0,9.903590423E0
2.462491279E1,2.065704346E-2,1.689985657E-1,9.885443115E0,9.886909164E0
2.463494379E1,6.930587769E-2,1.990859985E-1,9.811796265E0,9.814060550E0
2.464497479E1,7.903564453E-2,2.336640930E-1,9.755662994E0,9.758780969E0
2.465500679E1,7.005432129E-2,2.909948730E-1,9.792037354E0,9.796610697E0
2.466503779E1,3.188369751E-2,3.146456909E-1,9.855505371E0,9.860578310E0
2.467506879E1,8.981323242E-3,3.255729675E-1,9.902058563E0,9.907413498E0
2.468509979E1,1.182540894E-2,3.245251465E-1,9.894574127E0,9.899901695E0
2.469513179E1,2.739303589E-2,3.079096985E-1,9.872120819E0,9.876959463E0
2.470516279E1,4.116439819E-2,2.640509033E-1,9.867330780E0,9.870948997E0
2.471519379E1,4.595443726E-2,2.074685669E-1,9.888736267E0,9.891019158E0
2.472522479E1,4.266128540E-2,1.570234680E-1,9.884095917E0,9.885435167E0
2.473525521E1,6.735992432E-2,9.460327148E-2,9.888885956E0,9.889567866E0
2.474528721E1,9.295669556E-2,5.194198608E-2,9.880503387E0,9.881077173E0
2.475531821E1,8.771759033E-2,2.619552612E-2,9.840536499E0,9.840962309E0
2.476534921E1,9.759704590E-2,3.951782227E-2,9.826316071E0,9.826880195E0
2.477538021E1,1.062789917E-1,5.313949585E-2,9.832453308E0,9.833171263E0
2.478541121E1,1.079255676E-1,1.077758789E-1,9.852212219E0,9.853392775E0
2.479544321E1,1.386117554E-1,1.451980591E-1,9.878258057E0,9.880297462E0
2.480547421E1,1.152603149E-1,1.814227295E-1,9.862540741E0,9.864882615E0
2.481550521E1,1.082249451E-1,1.896556091E-1,9.850565643E0,9.852985608E0
2.482553621E1,8.936416626E-2,2.101629639E-1,9.835746460E0,9.838397372E0
2.483556721E1,5.613327026E-2,2.341131592E-1,9.794282684E0,9.797241102E0
2.484559921E1,1.661544800E-2,2.487826538E-1,9.770033112E0,9.773214204E0
2.485563021E1,-1.272354126E-2,2.859054565E-1,9.789193268E0,9.793375754E0
2.486566121E1,-2.050735474E-2,2.915936279E-1,9.840686188E0,9.845026767E0
2.487569221E1,8.232879639E-3,2.625540161E-1,9.864786072E0,9.868282861E0
2.488572321E1,4.520599365E-2,2.399510193E-1,9.846074982E0,9.849102122E0
2.489575521E1,4.610412598E-2,2.204914856E-1,9.837842102E0,9.840420688E0
2.490578621E1,8.143066406E-2,1.776805115E-1,9.885143738E0,9.887075808E0
2.491581721E1,9.220825195E-2,1.525328064E-1,9.904603271E0,9.906206872E0
2.492584821E1,9.280700684E-2,1.501377869E-1,9.925859070E0,9.927428306E0
2.493588021E1,8.816665649E-2,1.667532349E-1,9.901609497E0,9.903406012E0
2.494591121E1,1.076261902E-1,1.993853760E-1,9.920170898E0,9.922758114E0
2.495594221E1,1.025367737E-1,2.100132751E-1,9.910441132E0,9.913196396E0
2.496597321E1,8.756790161E-2,2.163002014E-1,9.910441132E0,9.913188051E0
2.497600421E1,7.289840698E-2,2.324665833E-1,9.915380859E0,9.918373479E0
2.498603521E1,5.418731689E-2,2.242337036E-1,9.895322571E0,9.898011204E0
2.499606721E1,3.278182983E-2,2.206411743E-1,9.847272491E0,9.849798612E0
2.500609821E1,1.930984497E-2,2.330653381E-1,9.796378326E0,9.799169385E0
2.501612921E1,1.347198486E-2,2.145039368E-1,9.764344940E0,9.766710068E0
2.502616021E1,-7.484436035E-4,2.103126526E-1,9.779014435E0,9.781275750E0
2.503619221E1,2.110610962E-2,1.803749084E-1,9.769284668E0,9.770972495E0
2.504622321E1,3.203338623E-2,1.478924561E-1,9.830806732E0,9.831971284E0
2.505625421E1,4.924758911E-2,1.306782532E-1,9.882299652E0,9.883286323E0
2.506628521E1,7.514373779E-2,1.219963074E-1,9.893077240E0,9.894114764E0
2.507631621E1,7.484436035E-2,1.161584473E-1,9.890233154E0,9.891198426E0
2.508634821E1,7.559280396E-2,1.219963074E-1,9.861343231E0,9.862387525E0
2.509637921E1,6.316864014E-2,1.249900818E-1,9.835896149E0,9.836893099E0
2.510641021E1,5.598358154E-2,1.368154907E-1,9.834998016E0,9.836108917E0
2.511644121E1,4.805007935E-2,1.329235840E-1,9.849368134E0,9.850382232E0
2.512647221E1,3.547622681E-2,1.341210938E-1,9.859097900E0,9.860073957E0
2.513650421E1,4.370910645E-2,1.444496155E-1,9.862391052E0,9.863545683E0
2.514653521E1,4.146377563E-2,1.736389160E-1,9.868228912E0,9.869843544E0
2.515656621E1,5.418731689E-2,1.960922241E-1,9.880353699E0,9.882447958E0
2.516659721E1,5.538482666E-2,2.203417969E-1,9.883646851E0,9.886257788E0
2.517662821E1,6.511459351E-2,2.213896179E-1,9.872270508E0,9.874967253E0
2.518666021E1,2.963836670E-2,2.278262329E-1,9.854457550E0,9.857135326E0
2.519669121E1,1.526824951E-2,2.171983337E-1,9.840686188E0,9.843094680E0
2.520672221E1,2.424957275E-2,2.243833923E-1,9.852361908E0,9.854946530E0
2.521675321E1,3.472778320E-2,2.192939758E-1,9.858499146E0,9.860999000E0
2.522678521E1,5.059478760E-2,2.290237427E-1,9.865684204E0,9.868471843E0
2.523681621E1,5.912704468E-2,2.290237427E-1,9.855804749E0,9.858642661E0
2.524684721E1,9.505233765E-2,2.143542480E-1,9.851763153E0,9.854553258E0
2.525687821E1,8.337661743E-2,2.068698120E-1,9.853409729E0,9.855933749E0
2.526690921E1,6.421646118E-2,1.749861145E-1,9.852511597E0,9.854274639E0
2.527694121E1,6.661148071E-2,1.706451416E-1,9.853709106E0,9.855411712E0
2.528697221E1,6.646179199E-2,1.667532349E-1,9.841284943E0,9.842921981E0
2.529700321E1,5.718109131E-2,1.556762695E-1,9.831405487E0,9.832804210E0
2.530703421E1,3.472778320E-2,1.540296936E-1,9.818681946E0,9.819951442E0
2.531706521E1,4.924758911E-2,1.440005493E-1,9.863887939E0,9.865061924E0
2.532709721E1,8.232879639E-2,1.405577087E-1,9.927355957E0,9.928692300E0
2.533712821E1,1.284329224E-1,1.315763855E-1,1.003962250E1,1.004130605E1
2.534715921E1,1.453477478E-1,1.258882141E-1,9.927655334E0,9.929517322E0
2.535719021E1,7.364685059E-2,1.254391479E-1,9.744586029E0,9.745671640E0
2.536722121E1,9.580078125E-3,1.329235840E-1,9.742789764E0,9.743701188E0
2.537725321E1,4.041595459E-3,1.407073975E-1,9.825417938E0,9.826426236E0
2.538728421E1,1.706451416E-2,1.543290710E-1,9.860145721E0,9.861368176E0
2.539731521E1,2.799179077E-2,1.541793823E-1,9.843829651E0,9.845076791E0
2.540734621E1,4.730163574E-2,1.850152588E-1,9.783355408E0,9.785219013E0
2.541737721E1,6.900650024E-2,2.311193848E-1,9.719138947E0,9.722131450E0
2.542740921E1,5.897735596E-2,2.513273621E-1,9.775122528E0,9.778530780E0
2.543744021E1,5.239105225E-2,2.658471680E-1,9.869127045E0,9.872846001E0
2.544747121E1,7.319778442E-2,2.616558838E-1,9.925709381E0,9.929427397E0
2.545750221E1,9.415420532E-2,2.670446777E-1,9.964778137E0,9.968800389E0
2.546753321E1,1.163081360E-1,2.585124207E-1,9.963580627E0,9.967612311E0
2.547756521E1,1.107696533E-1,2.424957275E-1,9.971813507E0,9.975376620E0
2.548759621E1,8.966354370E-2,2.049238586E-1,9.959089966E0,9.961601592E0
2.549762721E1,7.229965210E-2,1.721420288E-1,9.931098175E0,9.932853119E0
2.550765821E1,4.760101318E-2,1.441502380E-1,9.869725800E0,9.870893197E0
2.551769021E1,3.143463135E-2,1.264869690E-1,9.822873230E0,9.823737862E0
2.552772121E1,1.930984497E-2,1.381626892E-1,9.789642334E0,9.790636283E0
2.553775221E1,4.745132446E-2,1.440005493E-1,9.790690155E0,9.791864046E0
2.554778321E1,7.140151978E-2,1.564247131E-1,9.804162140E0,9.805669897E0
2.555781421E1,9.789642334E-2,1.686991882E-1,9.826016693E0,9.827952339E0
2.556784621E1,1.020877075E-1,1.633103943E-1,9.875713348E0,9.877591120E0
2.557787721E1,8.831634521E-2,1.469943237E-1,9.879006500E0,9.880494752E0
2.558790821E1,9.145980835E-2,1.499880981E-1,9.856553192E0,9.858118591E0
2.559793921E1,6.062393188E-2,1.404080200E-1,9.827064514E0,9.828254506E0
2.560797021E1,5.448669434E-2,1.529818726E-1,9.807305603E0,9.808650032E0
2.561800221E1,3.517684937E-2,1.865121460E-1,9.778415680E0,9.780257532E0
2.562803321E1,1.646575928E-2,2.154020691E-1,9.794731750E0,9.797113822E0
2.563806421E1,4.475692749E-2,2.212399292E-1,9.856852570E0,9.859436742E0
2.564809521E1,7.544311523E-2,2.278262329E-1,9.894125061E0,9.897035272E0
2.565812621E1,9.624984741E-2,2.118095398E-1,9.916578369E0,9.919307126E0
2.566815821E1,8.861572266E-2,1.862127686E-1,9.874815216E0,9.876968335E0
2.567818921E1,9.699829102E-2,1.941462708E-1,9.905351715E0,9.907729005E0
2.568822021E1,9.954299927E-2,1.980381775E-1,9.903106384E0,9.905586504E0
2.569825121E1,7.499404907E-2,2.082170105E-1,9.879156189E0,9.881634755E0
2.570828321E1,6.271957397E-2,2.047741699E-1,9.862840118E0,9.865165047E0
2.571831421E1,7.918533325E-2,2.089654541E-1,9.854457550E0,9.856990945E0
2.572834521E1,9.265731812E-2,2.085163879E-1,9.863887939E0,9.866526732E0
2.573837654E1,8.861572266E-2,2.185455322E-1,9.895172882E0,9.897982686E0
2.574840754E1,1.014889526E-1,2.070195007E-1,9.921967163E0,9.924645559E0
2.575843954E1,8.592132568E-2,2.131567383E-1,9.908195801E0,9.910860825E0
2.576847054E1,9.774673462E-2,2.239343262E-1,9.868378601E0,9.871403002E0
2.577850154E1,9.535171509E-2,2.161505127E-1,9.834848328E0,9.837685430E0
2.578853254E1,6.721023560E-2,2.032772827E-1,9.791288910E0,9.793629429E0
2.579856354E1,6.167175293E-2,1.689985657E-1,9.804012451E0,9.805662857E0
2.580859554E1,6.077362061E-2,1.363664246E-1,9.808203735E0,9.809339924E0
2.581862654E1,5.882766724E-2,1.257385254E-1,9.845775604E0,9.846754192E0
2.582865754E1,4.939727783E-2,1.065783691E-1,9.863588562E0,9.864288031E0
2.583868854E1,7.140151978E-2,1.055305481E-1,9.851164398E0,9.851988372E0
2.584871954E1,9.415420532E-2,1.350192261E-1,9.849966888E0,9.851342188E0
2.585875154E1,8.906478882E-2,1.435514832E-1,9.841883698E0,9.843333494E0
2.586878254E1,8.292755127E-2,1.487905884E-1,9.822274475E0,9.823751396E0
2.587881354E1,8.816665649E-2,1.526824951E-1,9.817334747E0,9.818917804E0
2.588884454E1,8.187973022E-2,1.595681763E-1,9.830657043E0,9.832292927E0
2.589887554E1,7.304809570E-2,1.695973206E-1,9.854906616E0,9.856636530E0
2.590890754E1,6.526428223E-2,1.730401611E-1,9.867929535E0,9.869662387E0
2.591893854E1,3.936813354E-2,1.748364258E-1,9.875413971E0,9.877039978E0
2.592896954E1,4.296066284E-2,1.972897339E-1,9.891879730E0,9.893940239E0
2.593900054E1,5.014572144E-2,2.221380615E-1,9.880653076E0,9.883277044E0
2.594903254E1,5.029541016E-2,2.411485291E-1,9.871671753E0,9.874744829E0
2.595906354E1,5.284011841E-2,2.577639771E-1,9.857151947E0,9.860663206E0
2.596909454E1,6.197113037E-2,2.510279846E-1,9.837393036E0,9.840790477E0
2.597912554E1,6.601272583E-2,2.435435486E-1,9.819280701E0,9.822522314E0
2.598915654E1,7.035369873E-2,2.094145203E-1,9.832602997E0,9.835084432E0
2.599918854E1,6.481521606E-2,1.881587219E-1,9.856403503E0,9.858412384E0
2.600921954E1,5.478607178E-2,1.654060364E-1,9.880503387E0,9.882039661E0
2.601925054E1,8.083190918E-2,1.701960754E-1,9.878707123E0,9.880503779E0
2.602928154E1,9.565109253E-2,1.743873596E-1,9.841734009E0,9.843743616E0
2.603931254E1,9.624984741E-2,1.814227295E-1,9.855205994E0,9.857345658E0
2.604934454E1,1.193019104E-1,1.624122620E-1,9.874964905E0,9.877020935E0
2.605937554E1,1.371148682E-1,1.404080200E-1,9.976004791E0,9.977934981E0
2.606940654E1,1.613644409E-1,1.326242065E-1,1.000699036E1,1.000916998E1
2.607943754E1,1.410067749E-1,1.196012878E-1,9.850865021E0,9.852600115E0
2.608946854E1,6.616241455E-2,1.293310547E-1,9.751322021E0,9.752404070E0
2.609950054E1,3.353027344E-2,1.327738953E-1,9.773176575E0,9.774135949E0
2.610953154E1,1.736389160E-2,1.402583313E-1,9.834399261E0,9.835414721E0
2.611956254E1,5.807922363E-2,1.516346741E-1,9.850116577E0,9.851454860E0
2.612959354E1,7.798782349E-2,1.666035461E-1,9.796677704E0,9.798404609E0
2.613962454E1,9.041198730E-2,2.149530029E-1,9.730066223E0,9.732860208E0
2.614965654E1,8.726852417E-2,2.646496582E-1,9.738448792E0,9.742435019E0
2.615968754E1,6.167175293E-2,2.719844055E-1,9.801617432E0,9.805584286E0
2.616971854E1,7.110214233E-2,2.826123047E-1,9.892179108E0,9.896470721E0
2.617974954E1,8.472381592E-2,2.627037048E-1,9.934241638E0,9.938075683E0
2.618978154E1,1.181044006E-1,2.695893860E-1,9.969568176E0,9.973911806E0
2.619981254E1,1.377136230E-1,2.541714478E-1,9.956844635E0,9.961040270E0
2.620984354E1,1.218466187E-1,2.207908630E-1,9.963580627E0,9.966771499E0
2.621987454E1,8.068222046E-2,1.672023010E-1,9.974358215E0,9.976085807E0
2.622990554E1,6.631210327E-2,1.294807434E-1,9.922715607E0,9.923781919E0
2.623993754E1,6.855743408E-2,1.221459961E-1,9.847422180E0,9.848418318E0
2.624996854E1,5.628295898E-2,1.534309387E-1,9.792187042E0,9.793550730E0
2.625999954E1,6.706054688E-2,1.797761536E-1,9.764045563E0,9.765930695E0
2.627003054E1,8.921447754E-2,1.803749084E-1,9.776170349E0,9.778241203E0
2.628006154E1,1.001417542E-1,1.856140137E-1,9.832453308E0,9.834714993E0
2.629009354E1,1.203497314E-1,1.755848694E-1,9.852810974E0,9.855110258E0
2.630012454E1,1.104702759E-1,1.683998108E-1,9.855355682E0,9.857413342E0
2.631015554E1,1.127156067E-1,1.681004333E-1,9.844428406E0,9.846508681E0
2.632018654E1,9.565109253E-2,1.643582153E-1,9.850116577E0,9.851952057E0
2.633021754E1,7.649093628E-2,1.679507446E-1,9.842781830E0,9.844511794E0
2.634024954E1,6.780899048E-2,1.854643250E-1,9.822573853E0,9.824558624E0
2.635028054E1,6.122268677E-2,2.097138977E-1,9.797725525E0,9.800160897E0
2.636031154E1,3.981719971E-2,2.339634705E-1,9.818532257E0,9.821400104E0
2.637034254E1,5.373825073E-2,2.556683350E-1,9.863139496E0,9.866598949E0
2.638037454E1,1.017883301E-1,2.582130432E-1,9.888586578E0,9.892480951E0
2.639040554E1,1.237925720E-1,2.281256104E-1,9.880353699E0,9.883762194E0
2.640043654E1,1.233435059E-1,1.956431580E-1,9.902357941E0,9.905058438E0
2.641046754E1,1.362167358E-1,1.859133911E-1,9.901160431E0,9.903842520E0
2.642049854E1,1.167572021E-1,1.872605896E-1,9.879605255E0,9.882069559E0
2.643053054E1,8.711883545E-2,1.899549866E-1,9.879305878E0,9.881515937E0
2.644056154E1,8.412506104E-2,1.971400452E-1,9.870324554E0,9.872651520E0
2.645059254E1,8.801696777E-2,2.044747925E-1,9.851314087E0,9.853829010E0
2.646062354E1,1.356179810E-1,2.281256104E-1,9.868977356E0,9.872545142E0
2.647065454E1,1.179547119E-1,2.255809021E-1,9.876162415E0,9.879442499E0
2.648068654E1,1.011895752E-1,2.264790344E-1,9.898615723E0,9.901723350E0
2.649071754E1,9.265731812E-2,2.098635864E-1,9.894723816E0,9.897382861E0
2.650074854E1,7.304809570E-2,2.016307068E-1,9.878258057E0,9.880585671E0
2.651077954E1,7.125183105E-2,2.134561157E-1,9.833950195E0,9.836524629E0
2.652081054E1,5.912704468E-2,2.029779053E-1,9.786049805E0,9.788333199E0
2.653084254E1,6.271957397E-2,1.716929626E-1,9.773326263E0,9.775035472E0
2.654087354E1,6.586303711E-2,1.375639343E-1,9.815837860E0,9.817022699E0
2.655090454E1,8.457412720E-2,1.127156067E-1,9.870324554E0,9.871330427E0
2.656093554E1,1.175056458E-1,9.834548950E-2,9.904902649E0,9.906087820E0
2.657096654E1,1.103205872E-1,1.076261902E-1,9.869875488E0,9.871078775E0
2.658099854E1,1.170565796E-1,1.261875916E-1,9.847721558E0,9.849225626E0
2.659102954E1,1.038839722E-1,1.347198486E-1,9.831704865E0,9.833176591E0
2.660106054E1,8.562194824E-2,1.448986816E-1,9.827812958E0,9.829254004E0
2.661109154E1,5.493576050E-2,1.574725342E-1,9.810299377E0,9.811716945E0
2.662112354E1,3.353027344E-2,1.725910950E-1,9.834848328E0,9.836419755E0
2.663115454E1,4.041595459E-2,1.926493835E-1,9.866282959E0,9.868246382E0
2.664118554E1,5.553451538E-2,2.168989563E-1,9.890532532E0,9.893066410E0
2.665121654E1,7.708969116E-2,2.335144043E-1,9.882748718E0,9.885807707E0
2.666124754E1,8.487350464E-2,2.460882568E-1,9.838291168E0,9.841734403E0
2.667127954E1,7.768844604E-2,2.709365845E-1,9.827663269E0,9.831704199E0
2.668131054E1,6.032455444E-2,2.601589966E-1,9.835297394E0,9.838922531E0
2.669134154E1,4.685256958E-2,2.249821472E-1,9.854457550E0,9.857136792E0
2.670137254E1,6.032455444E-2,1.865121460E-1,9.901908875E0,9.903849009E0
2.671140354E1,7.708969116E-2,1.604663086E-1,9.909243622E0,9.910842619E0
2.672143554E1,8.187973022E-2,1.483415222E-1,9.882299652E0,9.883752117E0
2.673146654E1,9.116043091E-2,1.478924561E-1,9.845925293E0,9.847457909E0
2.674149717E1,1.240919495E-1,1.721420288E-1,9.849667511E0,9.851953196E0
2.675152817E1,1.216969299E-1,1.667532349E-1,9.860894165E0,9.863054827E0
2.676155917E1,1.546284485E-1,1.468446350E-1,9.984237671E0,9.986514666E0
2.677159117E1,1.872605896E-1,1.442999268E-1,9.967622223E0,9.970425356E0
2.678162217E1,1.392105103E-1,1.312770081E-1,9.790091400E0,9.791961134E0
2.679165317E1,3.757186890E-2,1.167572021E-1,9.708511047E0,9.709285795E0
2.680168417E1,-1.197509766E-2,1.240919495E-1,9.784253540E0,9.785047754E0
2.681171617E1,-0.000000000E0,1.251397705E-1,9.879455566E0,9.880248086E0
2.682174717E1,3.592529297E-2,1.221459961E-1,9.884395294E0,9.885215253E0
2.683177817E1,8.113128662E-2,1.535806274E-1,9.811197510E0,9.812734882E0
2.684180917E1,1.077758789E-1,2.094145203E-1,9.745334473E0,9.748180039E0
2.685184017E1,1.020877075E-1,2.716850281E-1,9.750872955E0,9.755191338E0
2.686187217E1,1.050814819E-1,2.990780640E-1,9.823471985E0,9.828585435E0
2.687190317E1,1.070274353E-1,3.032693481E-1,9.874665527E0,9.879901135E0
2.688193417E1,1.077758789E-1,2.960842896E-1,9.909393311E0,9.914401511E0
2.689196517E1,1.167572021E-1,2.763253784E-1,9.939929810E0,9.944455369E0
2.690199617E1,9.610015869E-2,2.351609802E-1,9.976004791E0,9.979238825E0
2.691202817E1,7.095245361E-2,1.850152588E-1,9.992769928E0,9.994734400E0
2.692205917E1,4.610412598E-2,1.580712891E-1,9.966724091E0,9.968084130E0
2.693209017E1,4.176315308E-2,1.411564636E-1,9.896669769E0,9.897764487E0
2.694212117E1,3.622467041E-2,1.425036621E-1,9.816286926E0,9.817388071E0
2.695215317E1,7.544311523E-2,1.606159973E-1,9.777816925E0,9.779427027E0
2.696218417E1,9.714797974E-2,1.695973206E-1,9.790690155E0,9.792640844E0
2.697221517E1,1.305285645E-1,1.712438965E-1,9.809850311E0,9.812213069E0
2.698224617E1,1.351689148E-1,1.719923401E-1,9.853260040E0,9.855687973E0
2.699227717E1,1.459465027E-1,1.573228455E-1,9.870324554E0,9.872657072E0
2.700230917E1,1.188528442E-1,1.493893433E-1,9.864486694E0,9.866333712E0
2.701234017E1,8.786727905E-2,1.454974365E-1,9.849667511E0,9.851133957E0
2.702237117E1,7.095245361E-2,1.480421448E-1,9.830806732E0,9.832177365E0
2.703240217E1,6.361770630E-2,1.710942078E-1,9.836045837E0,9.837739484E0
2.704243317E1,5.044509888E-2,1.936972046E-1,9.816436615E0,9.818477027E0
2.705246517E1,4.281097412E-2,2.194436646E-1,9.793683929E0,9.796235665E0
2.706249617E1,5.703140259E-2,2.439926147E-1,9.806706848E0,9.809907450E0
2.707252717E1,5.807922363E-2,2.773731995E-1,9.840386810E0,9.844466551E0
2.708255817E1,1.287322998E-1,2.540217590E-1,9.845027161E0,9.849145082E0
2.709258917E1,1.435514832E-1,2.436932373E-1,9.879156189E0,9.883203956E0
2.710262117E1,1.523831177E-1,2.165995789E-1,9.924212494E0,9.927745445E0
2.711265217E1,1.561253357E-1,1.920506287E-1,9.906698914E0,9.909790206E0
2.712268317E1,1.160087585E-1,1.654060364E-1,9.891280975E0,9.893344052E0
2.713271417E1,6.915618896E-2,1.615141296E-1,9.901609497E0,9.903168181E0
2.714274517E1,2.514770508E-2,1.809736633E-1,9.874366150E0,9.876056436E0
2.715277717E1,3.652404785E-2,1.883084106E-1,9.856253815E0,9.858120172E0
2.716280817E1,6.346801758E-2,2.101629639E-1,9.845176849E0,9.847624275E0
2.717283917E1,9.475296021E-2,2.227368164E-1,9.854158173E0,9.857130572E0
2.718287017E1,1.122665405E-1,2.380050659E-1,9.884544983E0,9.888047315E0
2.719290217E1,1.113684082E-1,2.345622253E-1,9.899064789E0,9.902469695E0
2.720293317E1,9.879455566E-2,2.275268555E-1,9.894125061E0,9.897233935E0
2.721296417E1,7.873626709E-2,2.118095398E-1,9.866282959E0,9.868870356E0
2.722299517E1,7.050338745E-2,1.924996948E-1,9.824819183E0,9.826957761E0
2.723302617E1,7.140151978E-2,1.672023010E-1,9.807006226E0,9.808691345E0
2.724305817E1,8.382568359E-2,1.468446350E-1,9.811496887E0,9.812953748E0
2.725308917E1,6.676116943E-2,1.206491089E-1,9.821526031E0,9.822493922E0
2.726312017E1,8.711883545E-2,1.335223389E-1,9.822873230E0,9.824166957E0
2.727315117E1,9.954299927E-2,1.422042847E-1,9.818232880E0,9.819767194E0
2.728318217E1,1.020877075E-1,1.550775146E-1,9.816885681E0,9.818641220E0
2.729321417E1,1.067280579E-1,1.646575928E-1,9.841434631E0,9.843390605E0
2.730324517E1,1.058299255E-1,1.758842468E-1,9.851314087E0,9.853452414E0
2.731327617E1,8.906478882E-2,1.657054138E-1,9.860894165E0,9.862688505E0
2.732330717E1,5.927673340E-2,1.709445190E-1,9.855954437E0,9.857615007E0
2.733333817E1,3.847000122E-2,1.785786438E-1,9.881401520E0,9.883089915E0
2.734337017E1,3.847000122E-2,1.818717957E-1,9.894274750E0,9.896020923E0
2.735340117E1,4.565505981E-2,2.080673218E-1,9.929002533E0,9.931287313E0
2.736343217E1,5.972579956E-2,2.493814087E-1,9.889484711E0,9.892808807E0
2.737346317E1,6.466552734E-2,2.921923828E-1,9.831555176E0,9.836108742E0
2.738349517E1,7.050338745E-2,3.095562744E-1,9.779912567E0,9.785064417E0
2.739352617E1,6.406677246E-2,2.932402039E-1,9.770631866E0,9.775241247E0
2.740355717E1,6.346801758E-2,2.534230042E-1,9.818083191E0,9.821558377E0
2.741358817E1,8.367599487E-2,2.119592285E-1,9.881700897E0,9.884328050E0
2.742361917E1,8.577163696E-2,1.770817566E-1,9.891730042E0,9.893686772E0
2.743365117E1,9.086105347E-2,1.721420288E-1,9.837542725E0,9.839468251E0
2.744368217E1,9.789642334E-2,1.472937012E-1,9.821675720E0,9.823267944E0
2.745371317E1,9.310638428E-2,1.410067749E-1,9.888137512E0,9.889581142E0
2.746374417E1,1.148112488E-1,1.640588379E-1,1.003064117E1,1.003263970E1
2.747377517E1,1.859133911E-1,1.739382935E-1,1.006656647E1,1.006978544E1
2.748380717E1,1.754351807E-1,1.887574768E-1,9.847422180E0,9.850793394E0
2.749383817E1,7.649093628E-2,2.029779053E-1,9.674082642E0,9.676514137E0
2.750386917E1,8.981323242E-3,2.031275940E-1,9.690249023E0,9.692381937E0
2.751390017E1,1.811233521E-2,1.901046753E-1,9.826016693E0,9.827872196E0
2.752393217E1,6.421646118E-2,1.568737793E-1,9.916428680E0,9.917877339E0
2.753396317E1,8.397537231E-2,1.486408997E-1,9.901609497E0,9.903081168E0
2.754399417E1,1.320254517E-1,2.106120300E-1,9.820029144E0,9.823174667E0
2.755402517E1,1.203497314E-1,2.248324585E-1,9.772877197E0,9.776203885E0
2.756405617E1,8.951385498E-2,2.721340942E-1,9.801617432E0,9.805803076E0
2.757408817E1,4.924758911E-2,2.814147949E-1,9.863139496E0,9.867276236E0
2.758411917E1,3.547622681E-2,2.888992310E-1,9.882898407E0,9.887183737E0
2.759415017E1,6.271957397E-2,2.939886475E-1,9.935439148E0,9.939985620E0
2.760418117E1,9.295669556E-2,2.841091919E-1,9.928553467E0,9.933052548E0
2.761421217E1,1.064286804E-1,2.763253784E-1,9.930200043E0,9.934614017E0
2.762424417E1,9.145980835E-2,2.565664673E-1,9.925410004E0,9.929146740E0
2.763427517E1,6.825805664E-2,2.065704346E-1,9.890831909E0,9.893224265E0
2.764430617E1,6.152206421E-2,1.713935852E-1,9.877359924E0,9.879038405E0
2.765433717E1,5.807922363E-2,1.425036621E-1,9.819879456E0,9.821085124E0
2.766436817E1,5.074447632E-2,1.531315613E-1,9.797875214E0,9.799203181E0
2.767440017E1,5.972579956E-2,1.414558411E-1,9.797126770E0,9.798329953E0
2.768443117E1,7.259902954E-2,1.490899658E-1,9.824370117E0,9.825769519E0
2.769446217E1,1.034349060E-1,1.688488770E-1,9.846823425E0,9.848814157E0
2.770449317E1,1.142124939E-1,1.770817566E-1,9.849667511E0,9.851921260E0
2.771452517E1,1.188528442E-1,1.930984497E-1,9.858050079E0,9.860657401E0
2.772455617E1,8.696914673E-2,2.022294617E-1,9.848020935E0,9.850481040E0
2.773458717E1,6.631210327E-2,1.996847534E-1,9.846973114E0,9.849220822E0
2.774462792E1,4.894821167E-2,2.182461548E-1,9.855355682E0,9.857893433E0
2.775465892E1,3.442840576E-2,2.249821472E-1,9.817634125E0,9.820271997E0
2.776469092E1,2.454895020E-2,2.528242493E-1,9.766440582E0,9.769743313E0
2.777472192E1,3.278182983E-2,2.764750671E-1,9.786498871E0,9.790458276E0
2.778475292E1,5.822891235E-2,2.734812927E-1,9.835447083E0,9.839420813E0
2.779478392E1,1.115180969E-1,2.525248718E-1,9.893376617E0,9.897227187E0
2.780481492E1,1.428030396E-1,2.381547546E-1,9.937385101E0,9.941264157E0
2.781484692E1,1.499880981E-1,2.228865051E-1,9.908046112E0,9.911687676E0
2.782487792E1,1.341210938E-1,2.002835083E-1,9.867181091E0,9.870124854E0
2.783490892E1,1.055305481E-1,1.916015625E-1,9.868528290E0,9.870952257E0
2.784493992E1,7.604187012E-2,2.095642090E-1,9.893226929E0,9.895738405E0
2.785497092E1,3.412902832E-2,2.038760376E-1,9.871372375E0,9.873536489E0
2.786500292E1,2.215393066E-2,2.215393066E-1,9.874515839E0,9.877025540E0
2.787503392E1,6.451583862E-2,2.359094238E-1,9.855205994E0,9.858240245E0
2.788506492E1,7.783813477E-2,2.495310974E-1,9.869127045E0,9.872587967E0
2.789509592E1,9.340576172E-2,2.504292297E-1,9.888436890E0,9.892048501E0
2.790512792E1,1.017883301E-1,2.567161560E-1,9.904603271E0,9.908452453E0
2.791515892E1,8.936416626E-2,2.460882568E-1,9.888436890E0,9.891902219E0
2.792518992E1,7.993377686E-2,2.224374390E-1,9.855655060E0,9.858488955E0
2.793522092E1,6.436614990E-2,2.010319519E-1,9.842482452E0,9.844745689E0
2.794525192E1,4.251159668E-2,1.703457642E-1,9.826914825E0,9.828483093E0
2.795528392E1,5.478607178E-2,1.597178650E-1,9.814041595E0,9.815494065E0
2.796531492E1,7.185058594E-2,1.508862305E-1,9.811197510E0,9.812620737E0
2.797534592E1,7.005432129E-2,1.568737793E-1,9.823471985E0,9.824974241E0
2.798537692E1,8.143066406E-2,1.505868530E-1,9.828411713E0,9.829902550E0
2.799540792E1,9.280700684E-2,1.713935852E-1,9.828711090E0,9.830643448E0
2.800543992E1,9.295669556E-2,1.742376709E-1,9.845027161E0,9.847007642E0
2.801547092E1,9.624984741E-2,1.887574768E-1,9.883347473E0,9.885618377E0
2.802550192E1,8.367599487E-2,2.001338196E-1,9.893975372E0,9.896353060E0
2.803553292E1,5.792953491E-2,2.088157654E-1,9.879305878E0,9.881682270E0
2.804556492E1,3.293151855E-2,2.055226135E-1,9.867630157E0,9.869825173E0
2.805559592E1,1.841171265E-2,2.143542480E-1,9.877210236E0,9.879553065E0
2.806562692E1,1.856140137E-2,2.321672058E-1,9.894424438E0,9.897165307E0
2.807565792E1,4.385879517E-2,2.679428101E-1,9.887538757E0,9.891265825E0
2.808568892E1,4.954696655E-2,2.948867798E-1,9.853858795E0,9.858394711E0
2.809572092E1,5.733078003E-2,3.083587646E-1,9.803264008E0,9.808280030E0
2.810575192E1,4.805007935E-2,3.011737061E-1,9.780511322E0,9.785265256E0
2.811578292E1,4.775070190E-2,2.621049500E-1,9.805359650E0,9.808978387E0
2.812581392E1,4.670288086E-2,2.189945984E-1,9.854307861E0,9.856851588E0
2.813584492E1,6.721023560E-2,1.878593445E-1,9.908046112E0,9.910054798E0
2.814587692E1,8.756790161E-2,1.658551025E-1,9.889784088E0,9.891562332E0
2.815590792E1,8.771759033E-2,1.597178650E-1,9.818532257E0,9.820223004E0
2.816593892E1,8.158035278E-2,1.689985657E-1,9.825118561E0,9.826910532E0
2.817596992E1,1.097218323E-1,1.974394226E-1,9.952653351E0,9.955216217E0
2.818600092E1,1.519340515E-1,1.948947144E-1,1.007300308E1,1.007603389E1
2.819603292E1,1.468446350E-1,1.999841309E-1,9.962083740E0,9.965172826E0
2.820606392E1,7.723937988E-2,2.064207458E-1,9.749525757E0,9.752016608E0
2.821609492E1,8.981323242E-3,2.139051819E-1,9.669891357E0,9.672261109E0
2.822612592E1,-2.799179077E-2,1.944456482E-1,9.756261749E0,9.758239389E0
2.823615792E1,1.152603149E-2,1.637594604E-1,9.919422455E0,9.920780808E0
2.824618892E1,7.664062500E-2,1.598675537E-1,9.969717865E0,9.971294085E0
2.825621992E1,1.222956848E-1,1.643582153E-1,9.904603271E0,9.906721750E0
2.826625092E1,1.327738953E-1,1.960922241E-1,9.786947937E0,9.789812613E0
2.827628192E1,1.371148682E-1,2.519261169E-1,9.745783539E0,9.750003284E0
2.828631392E1,7.873626709E-2,2.721340942E-1,9.795929260E0,9.800024818E0
2.829634492E1,4.266128540E-2,2.936892700E-1,9.880204010E0,9.884660068E0
2.830637592E1,2.933898926E-2,2.954855347E-1,9.899214478E0,9.903666985E0
2.831640692E1,4.655319214E-2,3.098556519E-1,9.917626190E0,9.922574614E0
2.832643792E1,7.813751221E-2,3.179388428E-1,9.924362183E0,9.929761090E0
2.833646992E1,8.487350464E-2,3.070115662E-1,9.931247864E0,9.936354651E0
2.834650092E1,7.963439941E-2,2.767744446E-1,9.927505646E0,9.931682339E0
2.835653192E1,5.882766724E-2,2.288740540E-1,9.893975372E0,9.896797093E0
2.836656292E1,4.116439819E-2,2.064207458E-1,9.856852570E0,9.859099686E0
2.837659492E1,3.323089600E-2,1.892065430E-1,9.816735992E0,9.818615430E0
2.838662592E1,3.367996216E-2,1.731898499E-1,9.787546692E0,9.789136801E0
2.839665692E1,4.625381470E-2,1.522334290E-1,9.796677704E0,9.797969609E0
2.840668792E1,4.445755005E-2,1.507365417E-1,9.812993774E0,9.814252126E0
2.841671892E1,8.756790161E-2,1.546284485E-1,9.852511597E0,9.854114007E0
2.842675092E1,1.020877075E-1,1.724414062E-1,9.858050079E0,9.860086678E0
2.843678192E1,1.131646729E-1,1.829196167E-1,9.855804749E0,9.858151605E0
2.844681292E1,1.139131165E-1,2.040257263E-1,9.843679962E0,9.846453062E0
2.845684392E1,7.379653931E-2,2.347119141E-1,9.866732025E0,9.869799211E0
2.846687492E1,5.703140259E-2,2.477348328E-1,9.874515839E0,9.877787615E0
2.847690692E1,3.742218018E-2,2.616558838E-1,9.819580078E0,9.823136828E0
2.848693792E1,8.981323242E-3,2.694396973E-1,9.755812683E0,9.759536850E0
2.849696892E1,-8.831634521E-3,2.832110596E-1,9.777218170E0,9.781323103E0
2.850699992E1,2.499801636E-2,2.802172852E-1,9.849667511E0,9.853684423E0
2.851703192E1,8.457412720E-2,2.564167786E-1,9.939331055E0,9.942997745E0
2.852706292E1,1.420545959E-1,2.430944824E-1,9.986782379E0,9.990750559E0
2.853709392E1,1.615141296E-1,2.415975952E-1,9.939480743E0,9.943728358E0
2.854712492E1,1.431024170E-1,2.489323425E-1,9.901759186E0,9.905921491E0
2.855715592E1,9.774673462E-2,2.350112915E-1,9.873617706E0,9.876897860E0
2.856718792E1,5.568420410E-2,2.263293457E-1,9.861642609E0,9.864396618E0
2.857721892E1,3.143463135E-2,2.200424194E-1,9.867330780E0,9.869834017E0
2.858724992E1,2.694396973E-2,2.161505127E-1,9.861792297E0,9.864197602E0
2.859728092E1,6.900650024E-2,2.155517578E-1,9.860445099E0,9.863042229E0
2.860731192E1,8.502319336E-2,2.398013306E-1,9.864636383E0,9.867916933E0
2.861734392E1,1.041833496E-1,2.552192688E-1,9.872569885E0,9.876417730E0
2.862737492E1,1.064286804E-1,2.504292297E-1,9.880802765E0,9.884548808E0
2.863740592E1,1.083746338E-1,2.519261169E-1,9.886490936E0,9.890293973E0
2.864743692E1,9.295669556E-2,2.417472839E-1,9.870174866E0,9.873572534E0
2.865746792E1,6.017486572E-2,2.348616028E-1,9.835147705E0,9.838135564E0
2.866749992E1,4.206253052E-2,1.924996948E-1,9.821526031E0,9.823502378E0
2.867753092E1,5.014572144E-2,1.832189941E-1,9.819131012E0,9.820968263E0
2.868756192E1,3.532653809E-2,1.686991882E-1,9.829908600E0,9.831419555E0
2.869759292E1,4.730163574E-2,1.701960754E-1,9.806856537E0,9.808447343E0
2.870762492E1,5.882766724E-2,1.832189941E-1,9.828112335E0,9.829996031E0
2.871765592E1,7.214996338E-2,1.746867371E-1,9.849068756E0,9.850882013E0
2.872768692E1,6.825805664E-2,1.986369324E-1,9.865684204E0,9.867919771E0
2.873771792E1,6.242019653E-2,2.161505127E-1,9.881401520E0,9.883962430E0
2.874773942E1,7.664062500E-2,2.180964661E-1,9.892179108E0,9.894879855E0
2.875777142E1,6.017486572E-2,2.219883728E-1,9.881102142E0,9.883778599E0
2.876780242E1,3.981719971E-2,2.513273621E-1,9.843979340E0,9.847267646E0
2.877783342E1,3.847000122E-2,2.359094238E-1,9.854158173E0,9.857056685E0
2.878786442E1,3.248245239E-2,2.261796570E-1,9.871821442E0,9.874465602E0
2.879789542E1,2.724334717E-2,2.332150269E-1,9.869276733E0,9.872069423E0
2.880792742E1,2.559677124E-2,2.278262329E-1,9.860295410E0,9.862960284E0
2.881795842E1,1.167572021E-2,2.213896179E-1,9.862091675E0,9.864583209E0
2.882798942E1,2.619552612E-2,2.151026917E-1,9.886341248E0,9.888715722E0
2.883802042E1,6.571334839E-2,2.423460388E-1,9.906848602E0,9.910030226E0
2.884805242E1,9.400451660E-2,2.444416809E-1,9.914033661E0,9.917492224E0
2.885808342E1,1.061293030E-1,2.692900085E-1,9.851014709E0,9.855266173E0
2.886811442E1,8.607101440E-2,2.737806702E-1,9.796228638E0,9.800431603E0
2.887814542E1,7.214996338E-2,2.609074402E-1,9.788295135E0,9.792037580E0
2.888817642E1,4.715194702E-2,2.170486450E-1,9.815987549E0,9.818500139E0
2.889820842E1,4.071533203E-2,1.833686829E-1,9.874066772E0,9.875853201E0
2.890823942E1,5.972579956E-2,1.718426514E-1,9.903405762E0,9.905076615E0
2.891827042E1,7.259902954E-2,1.793270874E-1,9.875413971E0,9.877308840E0
2.892830142E1,6.496490479E-2,1.785786438E-1,9.777816925E0,9.779663317E0
2.893833242E1,5.313949585E-2,1.797761536E-1,9.814790039E0,9.816580198E0
2.894836442E1,8.322692871E-2,2.037263489E-1,9.967023468E0,9.969452741E0
2.895839542E1,1.155596924E-1,2.025288391E-1,1.005114853E1,1.005385293E1
2.896842642E1,1.154100037E-1,2.195933533E-1,9.930200043E0,9.933298224E0
2.897845742E1,7.170089722E-2,2.291734314E-1,9.731712799E0,9.734674904E0
2.898848942E1,-2.844085693E-3,2.432441711E-1,9.643396454E0,9.646464170E0
2.899852042E1,-2.230361938E-2,2.273771667E-1,9.754764862E0,9.757439999E0
2.900855142E1,9.580078125E-3,1.945953369E-1,9.911788330E0,9.913702992E0
2.901858242E1,5.209167480E-2,1.657054138E-1,9.992470551E0,9.993980165E0
2.902861342E1,1.121168518E-1,1.546284485E-1,9.921667786E0,9.923506023E0
2.903864542E1,1.222956848E-1,1.860630798E-1,9.807754669E0,9.810281716E0
2.904867642E1,1.076261902E-1,2.498304749E-1,9.773026886E0,9.776812015E0
2.905870742E1,7.155120850E-2,2.742297363E-1,9.808652802E0,9.812746369E0
2.906873842E1,3.697311401E-2,2.918930054E-1,9.875713348E0,9.880095277E0
2.907876942E1,3.173400879E-2,3.083587646E-1,9.914482727E0,9.919327594E0
2.908880142E1,6.960525513E-2,3.302133179E-1,9.904154205E0,9.909901929E0
2.909883242E1,8.008346558E-2,3.335064697E-1,9.906549225E0,9.912484929E0
2.910886342E1,8.412506104E-2,3.362008667E-1,9.921667786E0,9.927718756E0
2.911889442E1,6.227050781E-2,2.787203979E-1,9.917925568E0,9.922036597E0
2.912892542E1,2.948867798E-2,2.398013306E-1,9.900112610E0,9.903060332E0
2.913895742E1,1.541793823E-2,1.860630798E-1,9.874964905E0,9.876729674E0
2.914898842E1,2.589614868E-2,1.607656860E-1,9.815688171E0,9.817038784E0
2.915901942E1,3.817062378E-2,1.384620667E-1,9.794432373E0,9.795485401E0
2.916905042E1,3.757186890E-2,1.285826111E-1,9.783056030E0,9.783973141E0
2.917908242E1,7.259902954E-2,1.338217163E-1,9.799671478E0,9.800854042E0
2.918911342E1,9.580078125E-2,1.399589539E-1,9.818382568E0,9.819847380E0
2.919914442E1,9.475296021E-2,1.492396545E-1,9.846074982E0,9.847661811E0
2.920917542E1,1.121168518E-1,1.929487610E-1,9.840686188E0,9.843216144E0
2.921920642E1,9.250762939E-2,2.041754150E-1,9.848769379E0,9.851319888E0
2.922923842E1,7.948471069E-2,2.324665833E-1,9.867929535E0,9.870987379E0
2.923926942E1,4.326004028E-2,2.556683350E-1,9.891131287E0,9.894529593E0
2.924930042E1,2.664459229E-2,2.634521484E-1,9.816735992E0,9.820306641E0
2.925933142E1,1.197509766E-3,2.939886475E-1,9.771979065E0,9.776400442E0
2.926936342E1,-2.365081787E-2,2.963836670E-1,9.783954163E0,9.788470856E0
2.927939442E1,1.466949463E-2,3.058140564E-1,9.859247589E0,9.864000226E0
2.928942542E1,1.005908203E-1,2.871029663E-1,9.929900665E0,9.934559570E0
2.929945642E1,1.389111328E-1,2.562670898E-1,9.927805023E0,9.932083452E0
2.930948742E1,1.359173584E-1,2.348616028E-1,9.874216461E0,9.877944332E0
2.931951942E1,1.161584473E-1,2.167492676E-1,9.857601013E0,9.860667866E0
2.932955042E1,8.232879639E-2,2.010319519E-1,9.853858795E0,9.856253093E0
2.933958142E1,4.879852295E-2,1.974394226E-1,9.861792297E0,9.863889240E0
2.934961242E1,2.978805542E-2,2.025288391E-1,9.867330780E0,9.869453986E0
2.935964342E1,3.966751099E-2,2.267784119E-1,9.867031403E0,9.869716848E0
2.936967542E1,5.718109131E-2,2.561174011E-1,9.854307861E0,9.857801440E0
2.937970642E1,7.379653931E-2,2.668949890E-1,9.858199768E0,9.862088092E0
2.938973742E1,8.187973022E-2,2.724334717E-1,9.874216461E0,9.878313369E0
2.939976842E1,7.499404907E-2,2.571652222E-1,9.890682220E0,9.894309114E0
2.940979942E1,7.349716187E-2,2.302212524E-1,9.894574127E0,9.897524984E0
2.941983142E1,6.092330933E-2,2.133064270E-1,9.886490936E0,9.888979437E0
2.942986242E1,5.343887329E-2,1.916015625E-1,9.860894165E0,9.862900213E0
2.943989342E1,5.942642212E-2,1.794767761E-1,9.845625916E0,9.847440941E0
2.944992442E1,5.074447632E-2,1.796264648E-1,9.843979340E0,9.845748824E0
2.945995642E1,5.254074097E-2,1.818717957E-1,9.814939728E0,9.816765238E0
2.946998742E1,5.388793945E-2,1.776805115E-1,9.803713074E0,9.805471141E0
2.948001842E1,5.313949585E-2,1.758842468E-1,9.800120544E0,9.801842774E0
2.949004942E1,5.074447632E-2,1.773811340E-1,9.812544708E0,9.814279022E0
2.950008042E1,4.894821167E-2,1.975891113E-1,9.842482452E0,9.844587254E0
2.951011242E1,5.328918457E-2,2.089654541E-1,9.876312103E0,9.878666259E0
2.952014342E1,5.388793945E-2,2.360591125E-1,9.889634399E0,9.892598060E0
2.953017442E1,7.304809570E-2,2.315684509E-1,9.890083466E0,9.893063779E0
2.954020542E1,5.942642212E-2,2.406994629E-1,9.879455566E0,9.882565963E0
2.955023742E1,3.891906738E-2,2.495310974E-1,9.865833893E0,9.869065754E0
2.956026842E1,3.068618774E-2,2.417472839E-1,9.854457550E0,9.857470111E0
2.957029942E1,2.185455322E-2,2.480342102E-1,9.852361908E0,9.855507788E0
2.958033042E1,2.424957275E-2,2.603086853E-1,9.853858795E0,9.857326301E0
2.959036142E1,5.403762817E-2,2.420466614E-1,9.867480469E0,9.870596611E0
2.960039342E1,6.735992432E-2,2.412982178E-1,9.853709106E0,9.856893291E0
2.961042442E1,4.775070190E-2,2.374063110E-1,9.831405487E0,9.834387410E0
2.962045542E1,4.146377563E-2,2.168989563E-1,9.843829651E0,9.846306241E0
2.963048642E1,6.511459351E-2,1.998344421E-1,9.886341248E0,9.888575073E0
2.964051742E1,8.951385498E-2,2.182461548E-1,9.910291443E0,9.913098436E0
2.965054942E1,9.834548950E-2,2.306703186E-1,9.894574127E0,9.897751148E0
2.966058042E1,7.619155884E-2,2.398013306E-1,9.833650818E0,9.836869331E0
2.967061142E1,5.478607178E-2,2.537223816E-1,9.791288910E0,9.794728944E0
2.968064242E1,2.619552612E-2,2.457888794E-1,9.784702606E0,9.787824246E0
2.969067442E1,3.891906738E-3,2.002835083E-1,9.832902374E0,9.834942691E0
2.970070542E1,1.407073975E-2,1.910028076E-1,9.871522064E0,9.873379762E0
2.971073642E1,3.412902832E-2,1.652563477E-1,9.878258057E0,9.879699220E0
2.972076742E1,5.313949585E-2,1.657054138E-1,9.801916809E0,9.803461390E0
2.973079842E1,5.044509888E-2,1.832189941E-1,9.793534241E0,9.795377830E0
2.974083008E1,5.673202515E-2,2.065704346E-1,9.895472260E0,9.897790718E0
2.975086108E1,1.035845947E-1,1.999841309E-1,1.004381378E1,1.004633857E1
2.976089208E1,1.320254517E-1,2.007325745E-1,1.004096970E1,1.004384372E1
2.977092308E1,8.562194824E-2,2.152523804E-1,9.834998016E0,9.837725890E0
2.978095408E1,2.619552612E-2,2.401007080E-1,9.667346649E0,9.670363271E0
2.979098608E1,-3.682342529E-2,2.302212524E-1,9.680519257E0,9.683326436E0
2.980101708E1,-3.607498169E-2,2.071691895E-1,9.829758911E0,9.832007970E0
2.981104808E1,1.466949463E-2,1.582209778E-1,9.982291718E0,9.983556331E0
2.982107908E1,7.514373779E-2,1.646575928E-1,9.979747009E0,9.981388134E0
2.983111108E1,1.179547119E-1,1.847158813E-1,9.864786072E0,9.867220354E0
2.984114208E1,1.339714050E-1,2.110610962E-1,9.786349182E0,9.789541636E0
2.985117308E1,1.154100037E-1,2.544708252E-1,9.801617432E0,9.805599377E0
2.986120408E1,6.212081909E-2,2.845582581E-1,9.848320312E0,9.852626319E0
2.987123508E1,2.619552612E-2,3.031196594E-1,9.912985840E0,9.917653755E0
2.988126708E1,3.173400879E-2,3.155438232E-1,9.911788330E0,9.916860534E0
2.989129808E1,5.418731689E-2,3.390449524E-1,9.902507629E0,9.908458260E0
2.990132908E1,6.331832886E-2,3.543132019E-1,9.906998291E0,9.913534294E0
2.991136008E1,4.400848389E-2,3.098556519E-1,9.887538757E0,9.892490584E0
2.992139108E1,3.667373657E-2,2.547702026E-1,9.901908875E0,9.905253766E0
2.993142308E1,2.544708252E-2,1.948947144E-1,9.885443115E0,9.887396881E0
2.994145408E1,3.308120728E-2,1.547781372E-1,9.860145721E0,9.861415937E0
2.995148508E1,2.829116821E-2,1.426533508E-1,9.806407471E0,9.807485807E0
2.996151608E1,5.433700562E-2,1.142124939E-1,9.792336731E0,9.793153509E0
2.997154808E1,5.373825073E-2,9.999206543E-2,9.798473969E0,9.799131509E0
2.998157908E1,7.409591675E-2,1.136137390E-1,9.812095642E0,9.813033128E0
2.999161008E1,7.664062500E-2,1.203497314E-1,9.845775604E0,9.846809386E0
3.000164108E1,9.205856323E-2,1.519340515E-1,9.845027161E0,9.846629806E0
3.001167208E1,8.247848511E-2,1.998344421E-1,9.858948212E0,9.861318185E0
3.002170408E1,7.963439941E-2,2.266287231E-1,9.854756927E0,9.857684125E0
3.003173508E1,6.212081909E-2,2.522254944E-1,9.874366150E0,9.877782320E0
3.004176608E1,5.463638306E-2,2.808160400E-1,9.871372375E0,9.875516967E0
3.005179708E1,3.293151855E-2,2.871029663E-1,9.786648560E0,9.790914290E0
3.006182908E1,-8.532257080E-3,2.972817993E-1,9.785451050E0,9.789969434E0
3.007186008E1,-1.107696533E-2,3.124003601E-1,9.829609222E0,9.834578494E0
3.008189108E1,5.373825073E-2,2.957849121E-1,9.894125061E0,9.898691188E0
3.009192208E1,9.026229858E-2,2.613565063E-1,9.919721832E0,9.923574746E0
3.010195308E1,1.197509766E-1,2.460882568E-1,9.901908875E0,9.905690238E0
3.011198508E1,1.160087585E-1,2.206411743E-1,9.868977356E0,9.872125132E0
3.012201608E1,8.547225952E-2,2.091151428E-1,9.857451324E0,9.860039618E0
3.013204708E1,7.708969116E-2,1.977388000E-1,9.856403503E0,9.858688223E0
3.014207808E1,4.775070190E-2,1.857637024E-1,9.866732025E0,9.868596108E0
3.015210908E1,4.505630493E-2,2.118095398E-1,9.865534515E0,9.867910854E0
3.016214108E1,5.284011841E-2,2.495310974E-1,9.862540741E0,9.865838419E0
3.017217208E1,6.795867920E-2,2.730322266E-1,9.863438873E0,9.867451109E0
3.018220308E1,7.259902954E-2,2.776725769E-1,9.873917084E0,9.878087429E0
3.019223408E1,6.017486572E-2,2.552192688E-1,9.899663544E0,9.903135674E0
3.020226608E1,6.361770630E-2,2.463876343E-1,9.896669769E0,9.899940737E0
3.021229708E1,5.763015747E-2,2.089654541E-1,9.891131287E0,9.893506250E0
3.022232808E1,4.505630493E-2,1.823208618E-1,9.854008484E0,9.855797998E0
3.023235908E1,3.367996216E-2,1.704954529E-1,9.826615448E0,9.828152126E0
3.024239008E1,4.191284180E-2,1.667532349E-1,9.818532257E0,9.820037628E0
3.025242208E1,5.628295898E-2,1.568737793E-1,9.799970856E0,9.801387959E0
3.026245308E1,6.092330933E-2,1.701960754E-1,9.805659027E0,9.807325186E0
3.027248408E1,6.271957397E-2,1.736389160E-1,9.829609222E0,9.831342822E0
3.028251508E1,6.212081909E-2,1.962419128E-1,9.836794281E0,9.838947688E0
3.029254608E1,6.676116943E-2,1.945953369E-1,9.830806732E0,9.832959138E0
3.030257808E1,5.328918457E-2,2.107617188E-1,9.851912842E0,9.854311081E0
3.031260908E1,4.640350342E-2,2.218386841E-1,9.871522064E0,9.874123432E0
3.032264008E1,3.293151855E-2,2.318678284E-1,9.886041870E0,9.888815451E0
3.033267108E1,3.397933960E-2,2.415975952E-1,9.867480469E0,9.870496178E0
3.034270308E1,2.694396973E-2,2.574645996E-1,9.861941986E0,9.865339008E0
3.035273408E1,2.035766602E-2,2.561174011E-1,9.867181091E0,9.870525480E0
3.036276508E1,4.550537109E-2,2.694396973E-1,9.879156189E0,9.882934559E0
3.037279608E1,3.293151855E-2,2.600093079E-1,9.877808990E0,9.881285330E0
3.038282708E1,4.071533203E-2,2.549198914E-1,9.862540741E0,9.865918698E0
3.039285908E1,3.802093506E-2,2.453398132E-1,9.834698639E0,9.837831800E0
3.040289008E1,4.834945679E-2,2.466870117E-1,9.854906616E0,9.858112221E0
3.041292108E1,5.927673340E-2,2.201921082E-1,9.852212219E0,9.854850781E0
3.042295208E1,6.212081909E-2,2.203417969E-1,9.836943970E0,9.839607521E0
3.043298408E1,7.768844604E-2,1.933978271E-1,9.833650818E0,9.835859221E0
3.044301508E1,7.559280396E-2,1.878593445E-1,9.854457550E0,9.856537882E0
3.045304608E1,7.454498291E-2,1.989363098E-1,9.881102142E0,9.883385663E0
3.046307708E1,8.981323242E-2,1.987866211E-1,9.937983856E0,9.940377541E0
3.047310808E1,7.574249268E-2,2.427951050E-1,9.880802765E0,9.884075560E0
3.048314008E1,8.412506104E-2,2.532733154E-1,9.835596771E0,9.839216851E0
3.049317108E1,4.490661621E-2,2.487826538E-1,9.773026886E0,9.776296023E0
3.050320208E1,1.916015625E-2,2.408491516E-1,9.778715057E0,9.781699423E0
3.051323308E1,9.580078125E-3,2.014810181E-1,9.825268250E0,9.827338528E0
3.052326408E1,3.742218018E-3,1.927990723E-1,9.869276733E0,9.871160455E0
3.053329608E1,2.993774414E-2,1.757345581E-1,9.868528290E0,9.870138272E0
3.054332708E1,5.254074097E-2,1.742376709E-1,9.782457275E0,9.784149919E0
3.055335808E1,4.715194702E-2,1.821711731E-1,9.800120544E0,9.801926970E0
3.056338908E1,8.337661743E-2,1.932481384E-1,9.938881989E0,9.941110184E0
3.057342108E1,1.016386414E-1,2.130070496E-1,1.006656647E1,1.006933279E1
3.058345208E1,1.172062683E-1,2.318678284E-1,1.001357666E1,1.001694652E1
3.059348308E1,7.529342651E-2,2.300715637E-1,9.794881439E0,9.797872444E0
3.060351408E1,8.981323242E-4,2.447410583E-1,9.657467194E0,9.660567871E0
3.061354508E1,-5.313949585E-2,2.451901245E-1,9.692494354E0,9.695740756E0
3.062357708E1,-3.906875610E-2,2.065704346E-1,9.858499146E0,9.860740495E0
3.063360808E1,4.206253052E-2,1.727407837E-1,9.977351990E0,9.978935883E0
3.064363908E1,1.020877075E-1,1.719923401E-1,9.952503662E0,9.954513168E0
3.065367008E1,1.438508606E-1,1.914518738E-1,9.875563660E0,9.878466707E0
3.066370108E1,1.401086426E-1,2.320175171E-1,9.802365875E0,9.806112344E0
3.067373308E1,7.394622803E-2,2.583627319E-1,9.802964630E0,9.806647485E0
3.068376408E1,4.266128540E-2,2.754272461E-1,9.866881714E0,9.870817337E0
3.069379508E1,2.155517578E-2,2.903961182E-1,9.914183350E0,9.918458853E0
3.070382608E1,2.065704346E-2,3.177891541E-1,9.900262299E0,9.905382892E0
3.071385808E1,5.972579956E-2,3.356021118E-1,9.886490936E0,9.892365692E0
3.072388908E1,6.436614990E-2,3.318598938E-1,9.886940002E0,9.892717352E0
3.073392008E1,4.894821167E-2,2.883004761E-1,9.890981598E0,9.895303435E0
3.074395158E1,3.083587646E-2,2.321672058E-1,9.892328796E0,9.895100883E0
3.075398258E1,5.388793945E-2,1.853146362E-1,9.876761169E0,9.878646497E0
3.076401458E1,4.805007935E-2,1.516346741E-1,9.864636383E0,9.865918754E0
3.077404558E1,4.041595459E-2,1.372645569E-1,9.822124786E0,9.823167021E0
3.078407658E1,5.269042969E-2,1.188528442E-1,9.803862762E0,9.804724746E0
3.079410758E1,5.224136353E-2,1.145118713E-1,9.802665253E0,9.803473271E0
3.080413958E1,6.107299805E-2,1.231938171E-1,9.823771362E0,9.824733605E0
3.081417058E1,8.128097534E-2,1.383123779E-1,9.834698639E0,9.836007027E0
3.082420158E1,9.729766846E-2,1.712438965E-1,9.836045837E0,9.838017535E0
3.083423258E1,8.607101440E-2,1.941462708E-1,9.853409729E0,9.855698062E0
3.084426358E1,7.708969116E-2,2.177970886E-1,9.872120819E0,9.874823941E0
3.085429558E1,5.583389282E-2,2.535726929E-1,9.882599030E0,9.886009312E0
3.086432658E1,3.592529297E-2,2.630030823E-1,9.862690430E0,9.866261894E0
3.087435758E1,1.227447510E-2,2.836601257E-1,9.794282684E0,9.798397166E0
3.088438858E1,-4.041595459E-3,3.031196594E-1,9.814041595E0,9.818722437E0
3.089441958E1,9.729766846E-3,3.104544067E-1,9.827064514E0,9.831972008E0
3.090445158E1,5.538482666E-2,2.942880249E-1,9.896669769E0,9.901199192E0
3.091448258E1,1.176553345E-1,2.832110596E-1,9.906998291E0,9.911743864E0
3.092451358E1,1.219963074E-1,2.522254944E-1,9.904303894E0,9.908266065E0
3.093454458E1,1.095721436E-1,2.381547546E-1,9.875114594E0,9.878593623E0
3.094457658E1,8.861572266E-2,2.174977112E-1,9.848320312E0,9.851120291E0
3.095460758E1,4.041595459E-2,2.026785278E-1,9.861642609E0,9.863807935E0
3.096463858E1,2.514770508E-2,1.923500061E-1,9.869426422E0,9.871332678E0
3.097466958E1,1.930984497E-2,2.101629639E-1,9.864935760E0,9.867193061E0
3.098470058E1,4.340972900E-2,2.369572449E-1,9.872270508E0,9.875209270E0
3.099473258E1,7.454498291E-2,2.653981018E-1,9.855954437E0,9.859808871E0
3.100476358E1,7.664062500E-2,2.671943665E-1,9.878707123E0,9.882617115E0
3.101479458E1,7.604187012E-2,2.574645996E-1,9.895921326E0,9.899562075E0
3.102482558E1,7.259902954E-2,2.489323425E-1,9.901010742E0,9.904405669E0
3.103485758E1,6.631210327E-2,2.296224976E-1,9.867031403E0,9.869925658E0
3.104488858E1,4.460723877E-2,1.818717957E-1,9.840985565E0,9.842767093E0
3.105491958E1,2.784210205E-2,1.586700439E-1,9.815538483E0,9.816860347E0
3.106495058E1,2.559677124E-2,1.441502380E-1,9.813891907E0,9.814983894E0
3.107498158E1,4.385879517E-2,1.405577087E-1,9.818382568E0,9.819486561E0
3.108501358E1,5.673202515E-2,1.640588379E-1,9.837842102E0,9.839373509E0
3.109504458E1,6.691085815E-2,1.591191101E-1,9.834998016E0,9.836512692E0
3.110507558E1,6.735992432E-2,1.904040527E-1,9.829609222E0,9.831683911E0
3.111510658E1,7.394622803E-2,2.171983337E-1,9.829758911E0,9.832436291E0
3.112513858E1,6.152206421E-2,2.296224976E-1,9.852361908E0,9.855229405E0
3.113516958E1,5.897735596E-2,2.326162720E-1,9.859397278E0,9.862317341E0
3.114520058E1,3.712280273E-2,2.392025757E-1,9.869875488E0,9.872843467E0
3.115523158E1,2.679428101E-2,2.469863892E-1,9.867779846E0,9.870906711E0
3.116526258E1,2.589614868E-2,2.532733154E-1,9.865833893E0,9.869118318E0
3.117529458E1,2.634521484E-2,2.483335876E-1,9.857900391E0,9.861063013E0
3.118532558E1,3.008743286E-2,2.507286072E-1,9.864187317E0,9.867419192E0
3.119535658E1,2.709365845E-2,2.604583740E-1,9.865235138E0,9.868709995E0
3.120538758E1,5.134323120E-2,2.636018372E-1,9.857601013E0,9.861258530E0
3.121541858E1,4.819976807E-2,2.538720703E-1,9.856553192E0,9.859939912E0
3.122545058E1,6.242019653E-2,2.526745605E-1,9.847871246E0,9.851310004E0
3.123548158E1,6.810836792E-2,2.170486450E-1,9.843230896E0,9.845859197E0
3.124551258E1,6.840774536E-2,2.155517578E-1,9.852960663E0,9.855555591E0
3.125554358E1,6.182144165E-2,2.091151428E-1,9.878258057E0,9.880664617E0
3.126557558E1,6.631210327E-2,1.904040527E-1,9.860594788E0,9.862655858E0
3.127560658E1,4.430786133E-2,1.866618347E-1,9.830956421E0,9.832828178E0
3.128563758E1,4.400848389E-2,1.854643250E-1,9.831704865E0,9.833552476E0
3.129566858E1,5.373825073E-2,1.984872437E-1,9.861792297E0,9.863935944E0
3.130569958E1,7.738906860E-2,2.204914856E-1,9.923014984E0,9.925766063E0
3.131573158E1,9.041198730E-2,2.324665833E-1,9.914183350E0,9.917320532E0
3.132576258E1,8.936416626E-2,2.636018372E-1,9.846074982E0,9.850008347E0
3.133579358E1,5.987548828E-2,2.570155334E-1,9.794731750E0,9.798286183E0
3.134582458E1,1.751358032E-2,2.409988403E-1,9.785600739E0,9.788583604E0
3.135585658E1,-1.362167358E-2,2.025288391E-1,9.815388794E0,9.817487492E0
3.136588758E1,-2.439926147E-2,1.881587219E-1,9.863289185E0,9.865113916E0
3.137591858E1,5.239105225E-3,1.639091492E-1,9.886940002E0,9.888299969E0
3.138594958E1,2.260299683E-2,1.764830017E-1,9.809251556E0,9.810865061E0
3.139598058E1,3.517684937E-2,1.924996948E-1,9.794881439E0,9.796836017E0
3.140601258E1,6.706054688E-2,2.230361938E-1,9.927206268E0,9.929937893E0
3.141604358E1,1.245410156E-1,2.312690735E-1,1.005608826E1,1.005951822E1
3.142607458E1,1.327738953E-1,2.573149109E-1,1.005249573E1,1.005666497E1
3.143610558E1,9.624984741E-2,2.495310974E-1,9.855056305E0,9.858684728E0
3.144613658E1,1.272354126E-2,2.510279846E-1,9.673633575E0,9.676898444E0
3.145616858E1,-4.790039063E-2,2.272274780E-1,9.682614899E0,9.685399220E0
3.146619958E1,-4.640350342E-2,2.013313293E-1,9.826765137E0,9.828936903E0
3.147623058E1,1.032852173E-2,1.841171265E-1,9.965975647E0,9.967681596E0
3.148626158E1,1.017883301E-1,1.618135071E-1,9.973759460E0,9.975591323E0
3.149629358E1,1.642085266E-1,1.812730408E-1,9.887688446E0,9.890713178E0
3.150632458E1,1.534309387E-1,2.327659607E-1,9.805060272E0,9.809022785E0
3.151635558E1,9.714797974E-2,2.787203979E-1,9.786349182E0,9.790799411E0
3.152638658E1,3.128494263E-2,2.935395813E-1,9.834848328E0,9.839277710E0
3.153641758E1,3.742218018E-3,2.775228882E-1,9.892777863E0,9.896670490E0
3.154644958E1,2.275268555E-2,2.953358459E-1,9.912087708E0,9.916512677E0
3.155648058E1,5.134323120E-2,3.278182983E-1,9.873617706E0,9.879191646E0
3.156651158E1,6.825805664E-2,3.411405945E-1,9.851014709E0,9.857156125E0
3.157654258E1,7.140151978E-2,3.174897766E-1,9.867181091E0,9.872545803E0
3.158657458E1,4.879852295E-2,2.598596191E-1,9.899513855E0,9.903044122E0
3.159660558E1,4.071533203E-2,1.995350647E-1,9.890532532E0,9.892628859E0
3.160663658E1,4.296066284E-2,1.755848694E-1,9.870174866E0,9.871830000E0
3.161666758E1,4.146377563E-2,1.353186035E-1,9.842482452E0,9.843499946E0
3.162669858E1,4.730163574E-2,1.193019104E-1,9.807904358E0,9.808743971E0
3.163673058E1,3.712280273E-2,1.136137390E-1,9.809850311E0,9.810578439E0
3.164676158E1,4.700225830E-2,1.182540894E-1,9.839638367E0,9.840461190E0
3.165679258E1,6.556365967E-2,1.363664246E-1,9.856553192E0,9.857714503E0
3.166682358E1,8.382568359E-2,1.664538574E-1,9.852960663E0,9.854723104E0
3.167685558E1,9.116043091E-2,1.806742859E-1,9.863887939E0,9.865963648E0
3.168688658E1,8.532257080E-2,2.221380615E-1,9.853858795E0,9.856731629E0
3.169691758E1,6.391708374E-2,2.363584900E-1,9.868528290E0,9.871565293E0
3.170694858E1,4.595443726E-2,2.713856506E-1,9.849068756E0,9.852914155E0
3.171697958E1,2.335144043E-2,2.932402039E-1,9.787696381E0,9.792115989E0
3.172701158E1,-1.197509766E-2,3.170407104E-1,9.807604980E0,9.812735280E0
3.173704258E1,-1.197509766E-2,3.448828125E-1,9.816885681E0,9.822949253E0
3.174707358E1,4.685256958E-2,3.222798157E-1,9.856253815E0,9.861632659E0
3.175710458E1,9.325607300E-2,2.983296204E-1,9.905800781E0,9.910730870E0
3.176713558E1,1.233435059E-1,2.547702026E-1,9.912087708E0,9.916128488E0
3.177716758E1,1.255888367E-1,2.239343262E-1,9.893526306E0,9.896857173E0
3.178719858E1,9.744735718E-2,2.077679443E-1,9.875863037E0,9.878528951E0
3.179722958E1,6.002517700E-2,1.913021851E-1,9.877808990E0,9.879843622E0
3.180726058E1,3.742218018E-2,2.017803955E-1,9.876162415E0,9.878294376E0
3.181729258E1,3.487747192E-2,2.070195007E-1,9.867330780E0,9.869563832E0
3.182732358E1,3.817062378E-2,2.378553772E-1,9.871821442E0,9.874760288E0
3.183735458E1,5.718109131E-2,2.764750671E-1,9.868378601E0,9.872416338E0
3.184738558E1,4.954696655E-2,2.797682190E-1,9.868977356E0,9.873066353E0
3.185741658E1,6.212081909E-2,2.743794250E-1,9.882149963E0,9.886153497E0
3.186744858E1,7.499404907E-2,2.454895020E-1,9.892328796E0,9.895658554E0
3.187747958E1,5.523513794E-2,2.106120300E-1,9.870923309E0,9.873324431E0
3.188751058E1,4.131408691E-2,1.866618347E-1,9.845326538E0,9.847182548E0
3.189754158E1,3.996688843E-2,1.645079041E-1,9.836345215E0,9.837801959E0
3.190757358E1,4.041595459E-2,1.651066589E-1,9.831106110E0,9.832575502E0
3.191760458E1,4.954696655E-2,1.613644409E-1,9.815538483E0,9.816989818E0
3.192763558E1,5.553451538E-2,1.574725342E-1,9.835447083E0,9.836864388E0
3.193766658E1,7.424560547E-2,1.853146362E-1,9.840985565E0,9.843010252E0
3.194769758E1,5.553451538E-2,1.857637024E-1,9.825268250E0,9.827181102E0
3.195772958E1,5.972579956E-2,2.115101624E-1,9.823471985E0,9.825930264E0
3.196776058E1,3.847000122E-2,2.174977112E-1,9.833052063E0,9.835532424E0
3.197779158E1,3.742218018E-2,2.266287231E-1,9.870773621E0,9.873445846E0
3.198782258E1,3.802093506E-2,2.404000854E-1,9.876162415E0,9.879160988E0
3.199785458E1,4.146377563E-2,2.430944824E-1,9.886640625E0,9.889715720E0
3.200788558E1,4.475692749E-2,2.516267395E-1,9.883946228E0,9.887249984E0
3.201791658E1,2.993774414E-2,2.576142883E-1,9.879754944E0,9.883158359E0
3.202794758E1,3.921844482E-2,2.616558838E-1,9.877359924E0,9.880902841E0
3.203797858E1,5.119354248E-2,2.549198914E-1,9.862690430E0,9.866117141E0
3.204801058E1,3.936813354E-2,2.652484131E-1,9.873917084E0,9.877557651E0
3.205804158E1,5.179229736E-2,2.508782959E-1,9.861492920E0,9.864819561E0
3.206807258E1,3.712280273E-2,2.418969727E-1,9.851314087E0,9.854353428E0
3.207810358E1,6.361770630E-2,2.433938599E-1,9.837991791E0,9.841207764E0
3.208813558E1,5.897735596E-2,2.219883728E-1,9.836045837E0,9.838727300E0
3.209816658E1,6.676116943E-2,2.008822632E-1,9.846074982E0,9.848350282E0
3.210819758E1,7.694000244E-2,2.061213684E-1,9.864636383E0,9.867089579E0
3.211822858E1,8.008346558E-2,2.103126526E-1,9.872270508E0,9.874835176E0
3.212825958E1,6.571334839E-2,1.935475159E-1,9.867330780E0,9.869447584E0
3.213829158E1,5.942642212E-2,2.040257263E-1,9.836644592E0,9.838939721E0
3.214832258E1,3.308120728E-2,1.947450256E-1,9.844428406E0,9.846410038E0
3.215835358E1,3.592529297E-2,1.960922241E-1,9.884395294E0,9.886405470E0
3.216838458E1,5.134323120E-2,2.230361938E-1,9.908794556E0,9.911437374E0
3.217841558E1,6.646179199E-2,2.164498901E-1,9.882898407E0,9.885491826E0
3.218844758E1,6.586303711E-2,2.496807861E-1,9.828262024E0,9.831653617E0
3.219847858E1,5.104385376E-2,2.565664673E-1,9.783505096E0,9.787001778E0
3.220850958E1,2.784210205E-2,2.417472839E-1,9.783654785E0,9.786680637E0
3.221854058E1,1.691482544E-2,2.165995789E-1,9.823172607E0,9.825574872E0
3.222857258E1,1.407073975E-2,1.953437805E-1,9.857900391E0,9.859845703E0
3.223860358E1,2.514770508E-2,1.920506287E-1,9.868677979E0,9.870578549E0
3.224863458E1,3.173400879E-2,1.853146362E-1,9.786199493E0,9.788005368E0
3.225866558E1,4.655319214E-2,1.986369324E-1,9.803413696E0,9.805536392E0
3.226869658E1,7.020401001E-2,2.174977112E-1,9.949210510E0,9.951835189E0
3.227872858E1,1.353186035E-1,2.248324585E-1,1.006342300E1,1.006684376E1
3.228875958E1,1.330732727E-1,2.396516418E-1,1.004261627E1,1.004635670E1
3.229879058E1,8.173004150E-2,2.356100464E-1,9.835297394E0,9.838458554E0
3.230882158E1,3.143463135E-3,2.445913696E-1,9.671238556E0,9.674331503E0
3.231885358E1,-5.493576050E-2,2.357597351E-1,9.688901825E0,9.691925462E0
3.232888458E1,-4.385879517E-2,2.109114075E-1,9.844578094E0,9.846934806E0
3.233891558E1,3.293151855E-2,1.772314453E-1,9.962981873E0,9.964612550E0
3.234894658E1,1.106199646E-1,1.704954529E-1,9.948312378E0,9.950388166E0
3.235897758E1,1.580712891E-1,1.950444031E-1,9.854607239E0,9.857804658E0
3.236900958E1,1.540296936E-1,2.332150269E-1,9.802066498E0,9.806050276E0
3.237904058E1,9.954299927E-2,2.426454163E-1,9.797276459E0,9.800786275E0
3.238907158E1,2.874023438E-2,2.721340942E-1,9.852062531E0,9.855862168E0
3.239910258E1,-7.484436035E-3,2.815644836E-1,9.894723816E0,9.898731937E0
3.240913458E1,3.891906738E-3,3.052153015E-1,9.886790314E0,9.891501111E0
3.241916558E1,3.981719971E-2,3.240760803E-1,9.871072998E0,9.876471680E0
3.242919658E1,5.598358154E-2,3.320095825E-1,9.876312103E0,9.882049650E0
3.243922758E1,5.912704468E-2,2.968327332E-1,9.883796539E0,9.888429588E0
3.244925858E1,5.074447632E-2,2.460882568E-1,9.916728058E0,9.919910776E0
3.245929058E1,5.448669434E-2,2.041754150E-1,9.898615723E0,9.900871155E0
3.246932158E1,5.568420410E-2,1.710942078E-1,9.861043854E0,9.862685225E0
3.247935258E1,3.727249146E-2,1.404080200E-1,9.820178833E0,9.821253279E0
3.248938358E1,3.742218018E-2,1.317260742E-1,9.796677704E0,9.797634725E0
3.249941558E1,2.469863892E-2,1.269360352E-1,9.813143463E0,9.813995486E0
3.250944658E1,4.849914551E-2,1.248403931E-1,9.833201752E0,9.834113787E0
3.251947758E1,7.005432129E-2,1.392105103E-1,9.831704865E0,9.832939933E0
3.252950858E1,8.921447754E-2,1.730401611E-1,9.836943970E0,9.838870300E0
3.253953958E1,7.604187012E-2,1.972897339E-1,9.843829651E0,9.846100132E0
3.254957158E1,7.918533325E-2,2.285746765E-1,9.861492920E0,9.864459403E0
3.255960258E1,5.748046875E-2,2.442919922E-1,9.871671753E0,9.874861304E0
3.256963358E1,4.146377563E-2,2.722837830E-1,9.850565643E0,9.854415315E0
3.257966458E1,2.050735474E-2,2.954855347E-1,9.818831635E0,9.823298169E0
3.258969658E1,-8.681945801E-3,3.297642517E-1,9.814191284E0,9.819733723E0
3.259972758E1,9.580078125E-3,3.291654968E-1,9.804162140E0,9.809690972E0
3.260975858E1,3.682342529E-2,3.001258850E-1,9.810598755E0,9.815257482E0
3.261978958E1,9.789642334E-2,2.868035889E-1,9.863438873E0,9.868093353E0
3.262982058E1,1.341210938E-1,2.481838989E-1,9.925110626E0,9.929119027E0
3.263985258E1,1.213975525E-1,2.254312134E-1,9.921518097E0,9.924821305E0
3.264988358E1,9.639953613E-2,1.890568542E-1,9.892777863E0,9.895053775E0
3.265991458E1,6.990463257E-2,1.869612122E-1,9.890682220E0,9.892696090E0
3.266994558E1,3.966751099E-2,2.025288391E-1,9.861792297E0,9.863951478E0
3.267997758E1,3.442840576E-2,2.158511353E-1,9.862690430E0,9.865112242E0
3.269000858E1,2.649490356E-2,2.368075562E-1,9.869576111E0,9.872452198E0
3.270003958E1,4.954696655E-2,2.522254944E-1,9.872719574E0,9.876065228E0
3.271007058E1,6.840774536E-2,2.640509033E-1,9.881401520E0,9.885165577E0
3.272010158E1,6.915618896E-2,2.733316040E-1,9.880503387E0,9.884525276E0
3.273013358E1,8.801696777E-2,2.534230042E-1,9.873617706E0,9.877261605E0
3.274016458E1,6.406677246E-2,2.109114075E-1,9.861492920E0,9.863956143E0
3.275019533E1,3.861968994E-2,1.865121460E-1,9.837692413E0,9.839536081E0
3.276022633E1,2.918930054E-2,1.571731567E-1,9.825417938E0,9.826718327E0
3.277025733E1,3.293151855E-2,1.519340515E-1,9.818981323E0,9.820211946E0
3.278028933E1,5.164260864E-2,1.407073975E-1,9.811796265E0,9.812941020E0
3.279032033E1,5.074447632E-2,1.471440125E-1,9.817634125E0,9.818867866E0
3.280035133E1,4.490661621E-2,1.743873596E-1,9.853110352E0,9.854755763E0
3.281038233E1,6.286926270E-2,2.013313293E-1,9.847721558E0,9.849980037E0
3.282041433E1,5.807922363E-2,2.088157654E-1,9.854008484E0,9.856391856E0
3.283044533E1,4.565505981E-2,2.212399292E-1,9.862840118E0,9.865426838E0
3.284047633E1,3.876937866E-2,2.347119141E-1,9.873318329E0,9.876183857E0
3.285050733E1,3.847000122E-2,2.444416809E-1,9.881850586E0,9.884948289E0
3.286053833E1,2.619552612E-2,2.466870117E-1,9.872120819E0,9.875237220E0
3.287057033E1,3.248245239E-2,2.544708252E-1,9.867480469E0,9.870814622E0
3.288060133E1,4.161346436E-2,2.577639771E-1,9.865833893E0,9.869288341E0
3.289063233E1,4.625381470E-2,2.665956116E-1,9.872719574E0,9.876426703E0
3.290066333E1,5.837860107E-2,2.457888794E-1,9.874066772E0,9.877297953E0
3.291069533E1,5.628295898E-2,2.345622253E-1,9.856553192E0,9.859504452E0
3.292072633E1,4.939727783E-2,2.330653381E-1,9.855505371E0,9.858384536E0
3.293075733E1,4.879852295E-2,2.218386841E-1,9.855655060E0,9.858272179E0
3.294078833E1,5.373825073E-2,2.287243652E-1,9.845476227E0,9.848279280E0
3.295081933E1,6.047424316E-2,2.182461548E-1,9.828860779E0,9.831469510E0
3.296085133E1,5.044509888E-2,2.008822632E-1,9.840835876E0,9.843015246E0
3.297088233E1,7.828720093E-2,2.049238586E-1,9.863588562E0,9.866027670E0
3.298091333E1,7.065307617E-2,1.990859985E-1,9.870174866E0,9.872435311E0
3.299094433E1,6.721023560E-2,1.860630798E-1,9.858349457E0,9.860334208E0
3.300097633E1,5.074447632E-2,1.775308228E-1,9.844129028E0,9.845860476E0
3.301100733E1,3.547622681E-2,1.845661926E-1,9.846673737E0,9.848467237E0
3.302103833E1,4.445755005E-2,1.844165039E-1,9.889335022E0,9.891154285E0
3.303106933E1,6.616241455E-2,2.189945984E-1,9.919572144E0,9.922209815E0
3.304110133E1,5.837860107E-2,2.356100464E-1,9.872719574E0,9.875703111E0
3.305113233E1,7.649093628E-2,2.439926147E-1,9.836794281E0,9.840117123E0
3.306116333E1,5.688171387E-2,2.568658447E-1,9.788295135E0,9.791830128E0
3.307119433E1,2.050735474E-2,2.417472839E-1,9.790690155E0,9.793695728E0
3.308122533E1,2.679428101E-2,2.198927307E-1,9.842033386E0,9.844525988E0
3.309125733E1,1.781295776E-2,1.926493835E-1,9.871372375E0,9.873268135E0
3.310128833E1,2.095642090E-2,1.709445190E-1,9.840985565E0,9.842492474E0
3.311131933E1,1.437011719E-2,1.950444031E-1,9.777218170E0,9.779173992E0
3.312135033E1,1.017883301E-2,1.963916016E-1,9.827064514E0,9.829032009E0
3.313138233E1,6.107299805E-2,2.112107849E-1,9.968969421E0,9.971393645E0
3.314141333E1,1.255888367E-1,2.279759216E-1,1.008842102E1,1.009177805E1
3.315144433E1,1.371148682E-1,2.378553772E-1,9.995614014E0,9.999383740E0
3.316147533E1,7.768844604E-2,2.261796570E-1,9.787247314E0,9.790168677E0
3.317150633E1,9.729766846E-3,2.525248718E-1,9.680818634E0,9.684116527E0
3.318153833E1,-3.697311401E-2,2.257305908E-1,9.729317780E0,9.732006256E0
3.319156933E1,-1.706451416E-2,1.992356873E-1,9.860894165E0,9.862921463E0
3.320160033E1,4.086502075E-2,1.830693054E-1,9.942175140E0,9.943944431E0
3.321163133E1,1.092727661E-1,1.773811340E-1,9.917326813E0,9.919514893E0
3.322166233E1,1.471440125E-1,2.010319519E-1,9.846823425E0,9.849974456E0
3.323169433E1,1.454974365E-1,2.432441711E-1,9.794582062E0,9.798682309E0
3.324172533E1,8.726852417E-2,2.522254944E-1,9.828262024E0,9.831885267E0
3.325175633E1,2.215393066E-2,2.546205139E-1,9.870474243E0,9.873782669E0
3.326178733E1,-1.676513672E-2,2.607577515E-1,9.898765411E0,9.902213507E0
3.327181933E1,4.490661621E-3,2.965333557E-1,9.906998291E0,9.911436189E0
3.328185033E1,4.460723877E-2,3.251239014E-1,9.884095917E0,9.889542328E0
3.329188133E1,5.104385376E-2,3.273692322E-1,9.866582336E0,9.872143794E0
3.330191233E1,6.616241455E-2,3.132984924E-1,9.893975372E0,9.899155625E0
3.331194333E1,6.346801758E-2,2.526745605E-1,9.888885956E0,9.892317123E0
3.332197533E1,6.391708374E-2,1.889071655E-1,9.881700897E0,9.883713064E0
3.333200633E1,5.553451538E-2,1.598675537E-1,9.853110352E0,9.854563680E0
3.334203733E1,4.834945679E-2,1.604663086E-1,9.812395020E0,9.813826121E0
3.335206833E1,3.847000122E-2,1.504371643E-1,9.806108093E0,9.807337417E0
3.336210033E1,2.769241333E-2,1.478924561E-1,9.831704865E0,9.832856126E0
3.337213133E1,3.367996216E-2,1.435514832E-1,9.824370117E0,9.825476557E0
3.338216233E1,5.044509888E-2,1.519340515E-1,9.837542725E0,9.838845233E0
3.339219333E1,7.304809570E-2,1.698966980E-1,9.842632141E0,9.844369374E0
3.340222533E1,8.008346558E-2,1.856140137E-1,9.841883698E0,9.843959602E0
3.341225633E1,6.915618896E-2,2.270777893E-1,9.855505371E0,9.858363608E0
3.342228733E1,5.089416504E-2,2.398013306E-1,9.861343231E0,9.864389754E0
3.343231833E1,4.595443726E-2,2.682421875E-1,9.829908600E0,9.833675242E0
3.344234933E1,1.047821045E-2,3.064128113E-1,9.826914825E0,9.831696374E0
3.345238133E1,7.783813477E-3,3.333567810E-1,9.837991791E0,9.843641085E0
3.346241233E1,2.784210205E-2,3.363505554E-1,9.808353424E0,9.814158332E0
3.347244333E1,6.706054688E-2,2.998265076E-1,9.801168365E0,9.805982581E0
3.348247433E1,1.017883301E-1,2.604583740E-1,9.874216461E0,9.878175446E0
3.349250533E1,1.128652954E-1,2.305206299E-1,9.916278992E0,9.919600162E0
3.350253733E1,1.073268127E-1,2.014810181E-1,9.920769653E0,9.923395798E0
3.351256833E1,8.397537231E-2,1.721420288E-1,9.901609497E0,9.903461787E0
3.352259933E1,6.331832886E-2,1.766326904E-1,9.879305878E0,9.881087640E0
3.353263033E1,2.948867798E-2,1.954934692E-1,9.860145721E0,9.862127606E0
3.354266233E1,2.275268555E-2,2.332150269E-1,9.863588562E0,9.866371484E0
3.355269333E1,4.221221924E-2,2.634521484E-1,9.853709106E0,9.857320734E0
3.356272433E1,5.508544922E-2,2.776725769E-1,9.859696655E0,9.863759659E0
3.357275533E1,6.092330933E-2,2.844085693E-1,9.882149963E0,9.886429476E0
3.358278733E1,7.005432129E-2,2.541714478E-1,9.878258057E0,9.881775800E0
3.359281833E1,6.541397095E-2,2.398013306E-1,9.870474243E0,9.873603468E0
3.360284933E1,5.658233643E-2,2.046244812E-1,9.836943970E0,9.839234696E0
3.361288033E1,3.981719971E-2,1.704954529E-1,9.846823425E0,9.848379850E0
3.362291133E1,2.888992310E-2,1.607656860E-1,9.821226654E0,9.822584854E0
3.363294333E1,4.385879517E-2,1.517843628E-1,9.813891907E0,9.815163597E0
3.364297433E1,5.942642212E-2,1.483415222E-1,9.836644592E0,9.837942546E0
3.365300533E1,6.182144165E-2,1.688488770E-1,9.850266266E0,9.851907295E0
3.366303633E1,8.622070312E-2,1.878593445E-1,9.831704865E0,9.833877449E0
3.367306733E1,7.214996338E-2,2.164498901E-1,9.830657043E0,9.833304332E0
3.368309933E1,6.271957397E-2,2.222877502E-1,9.840835876E0,9.843545923E0
3.369313033E1,3.323089600E-2,2.242337036E-1,9.851613464E0,9.854221070E0
3.370316133E1,1.901046753E-2,2.149530029E-1,9.863588562E0,9.865948789E0
3.371319233E1,2.454895020E-2,2.297721863E-1,9.877359924E0,9.880062600E0
3.372322433E1,2.649490356E-2,2.508782959E-1,9.879006500E0,9.882227043E0
3.373325533E1,4.266128540E-2,2.460882568E-1,9.862241364E0,9.865403394E0
3.374328633E1,3.861968994E-2,2.647993469E-1,9.846374359E0,9.850010061E0
3.375331729E1,3.876937866E-2,2.686912537E-1,9.852212219E0,9.855951688E0
3.376334929E1,5.748046875E-2,2.559677124E-1,9.881102142E0,9.884584110E0
3.377338029E1,5.718109131E-2,2.477348328E-1,9.866582336E0,9.869857609E0
3.378341129E1,5.972579956E-2,2.450404358E-1,9.855205994E0,9.858432794E0
3.379344229E1,6.406677246E-2,2.248324585E-1,9.859846344E0,9.862617508E0
3.380347329E1,7.259902954E-2,2.010319519E-1,9.861792297E0,9.864108261E0
3.381350529E1,6.047424316E-2,2.104623413E-1,9.840985565E0,9.843421581E0
3.382353629E1,5.583389282E-2,1.827699280E-1,9.838740234E0,9.840596103E0
3.383356729E1,5.493576050E-2,1.966909790E-1,9.824819183E0,9.826941399E0
3.384359829E1,4.939727783E-2,2.086660767E-1,9.881551208E0,9.883877575E0
3.385363029E1,6.062393188E-2,2.180964661E-1,9.922416229E0,9.924997993E0
3.386366129E1,9.430389404E-2,2.320175171E-1,9.896669769E0,9.899838275E0
3.387369229E1,7.484436035E-2,2.450404358E-1,9.850715332E0,9.854046836E0
3.388372329E1,4.400848389E-2,2.556683350E-1,9.808203735E0,9.811634092E0
3.389375429E1,3.652404785E-2,2.258802795E-1,9.799222412E0,9.801893480E0
3.390378629E1,7.185058594E-3,1.945953369E-1,9.839788055E0,9.841714685E0
3.391381729E1,2.694396973E-3,1.844165039E-1,9.864187317E0,9.865911419E0
3.392384829E1,1.032852173E-2,1.727407837E-1,9.847571869E0,9.849092231E0
3.393387929E1,1.960922241E-2,1.808239746E-1,9.778415680E0,9.780107108E0
3.394391129E1,2.679428101E-2,1.859133911E-1,9.817185059E0,9.818981831E0
3.395394229E1,8.921447754E-2,1.996847534E-1,9.933193817E0,9.935601272E0
3.396397329E1,1.231938171E-1,2.188449097E-1,1.005294479E1,1.005608119E1
3.397400429E1,1.477427673E-1,2.044747925E-1,1.000624191E1,1.000942132E1
3.398403529E1,8.786727905E-2,2.243833923E-1,9.777816925E0,9.780785878E0
3.399406729E1,-8.981323242E-3,2.390528870E-1,9.675878906E0,9.678835651E0
3.400409829E1,-5.538482666E-2,2.261796570E-1,9.744136963E0,9.746918994E0
3.401412929E1,-3.517684937E-2,2.005828857E-1,9.875114594E0,9.877214139E0
3.402416029E1,3.787124634E-2,1.728904724E-1,9.976304169E0,9.977874033E0
3.403419229E1,1.101708984E-1,1.721420288E-1,9.937983856E0,9.940085192E0
3.404422329E1,1.507365417E-1,2.061213684E-1,9.872420197E0,9.875722154E0
3.405425429E1,1.390608215E-1,2.529739380E-1,9.811945953E0,9.816191579E0
3.406428529E1,8.277786255E-2,2.706372070E-1,9.807305603E0,9.811388274E0
3.407431629E1,2.050735474E-2,2.791694641E-1,9.852661285E0,9.856636878E0
3.408434829E1,6.137237549E-3,3.070115662E-1,9.887538757E0,9.892305922E0
3.409437929E1,1.826202393E-2,3.176394653E-1,9.898016968E0,9.903129214E0
3.410441029E1,3.188369751E-2,3.237767029E-1,9.878108368E0,9.883464618E0
3.411444129E1,5.568420410E-2,3.174897766E-1,9.873018951E0,9.878279390E0
3.412447329E1,4.939727783E-2,2.811154175E-1,9.878258057E0,9.882380695E0
3.413450429E1,5.239105225E-2,2.380050659E-1,9.902058563E0,9.905057043E0
3.414453529E1,6.466552734E-2,1.941462708E-1,9.882449341E0,9.884567739E0
3.415456629E1,5.613327026E-2,1.459465027E-1,9.841883698E0,9.843125827E0
3.416459729E1,6.256988525E-2,1.389111328E-1,9.825417938E0,9.826599053E0
3.417462929E1,4.655319214E-2,1.315763855E-1,9.808203735E0,9.809196708E0
3.418466029E1,4.236190796E-2,1.257385254E-1,9.822873230E0,9.823769297E0
3.419469129E1,4.805007935E-2,1.296304321E-1,9.828561401E0,9.829533665E0
3.420472229E1,5.373825073E-2,1.380130005E-1,9.844727783E0,9.845841788E0
3.421475429E1,7.454498291E-2,1.523831177E-1,9.855804749E0,9.857264570E0
3.422478529E1,6.825805664E-2,1.817221069E-1,9.858199768E0,9.860110788E0
3.423481629E1,7.229965210E-2,2.151026917E-1,9.873318329E0,9.875925842E0
3.424484729E1,6.077362061E-2,2.519261169E-1,9.879006500E0,9.882405053E0
3.425487829E1,4.505630493E-2,2.764750671E-1,9.810449066E0,9.814447484E0
3.426491029E1,5.688171387E-3,3.176394653E-1,9.821975098E0,9.827111580E0
3.427494129E1,3.442840576E-3,3.288661194E-1,9.836644592E0,9.842141109E0
3.428497229E1,2.260299683E-2,3.430865479E-1,9.817334747E0,9.823353848E0
3.429500329E1,4.834945679E-2,2.945874023E-1,9.840985565E0,9.845512496E0
3.430503529E1,8.816665649E-2,2.701881409E-1,9.876461792E0,9.880550213E0
3.431506629E1,1.202000427E-1,2.314187622E-1,9.921967163E0,9.925393447E0
3.432509729E1,1.145118713E-1,2.077679443E-1,9.904752960E0,9.907593638E0
3.433512829E1,9.580078125E-2,2.010319519E-1,9.884994049E0,9.887502161E0
3.434515929E1,5.972579956E-2,1.971400452E-1,9.877659302E0,9.879806914E0
3.435519129E1,3.772155762E-2,2.100132751E-1,9.867779846E0,9.870086503E0
3.436522229E1,1.916015625E-2,2.395019531E-1,9.861792297E0,9.864718730E0
3.437525329E1,3.338058472E-2,2.550695801E-1,9.861193542E0,9.864548283E0
3.438528429E1,4.924758911E-2,2.588117981E-1,9.874815216E0,9.878329030E0
3.439531629E1,5.912704468E-2,2.673440552E-1,9.893526306E0,9.897314364E0
3.440534729E1,5.972579956E-2,2.743794250E-1,9.886640625E0,9.890627588E0
3.441537829E1,8.472381592E-2,2.357597351E-1,9.883347473E0,9.886522040E0
3.442540929E1,7.514373779E-2,2.160008240E-1,9.870025177E0,9.872674406E0
3.443544029E1,5.703140259E-2,1.914518738E-1,9.847272491E0,9.849298550E0
3.444547229E1,4.355941772E-2,1.588197327E-1,9.827363892E0,9.828743673E0
3.445550329E1,4.221221924E-2,1.389111328E-1,9.819280701E0,9.820353947E0
3.446553429E1,4.116439819E-2,1.505868530E-1,9.820927277E0,9.822167962E0
3.447556529E1,4.775070190E-2,1.523831177E-1,9.823471985E0,9.824769849E0
3.448559729E1,5.733078003E-2,1.883084106E-1,9.829010468E0,9.830981317E0
3.449562829E1,5.792953491E-2,1.966909790E-1,9.844278717E0,9.846413897E0
3.450565929E1,5.673202515E-2,2.061213684E-1,9.828262024E0,9.830586908E0
3.451569029E1,3.906875610E-2,2.293231201E-1,9.850266266E0,9.853012786E0
3.452572229E1,3.727249146E-2,2.454895020E-1,9.857151947E0,9.860278842E0
3.453575329E1,4.355941772E-2,2.448907471E-1,9.901010742E0,9.904134622E0
3.454578429E1,4.685256958E-2,2.477348328E-1,9.885293427E0,9.888508171E0
3.455581529E1,3.936813354E-2,2.547702026E-1,9.865833893E0,9.869201392E0
3.456584629E1,3.876937866E-2,2.691403198E-1,9.873468018E0,9.877211665E0
3.457587829E1,4.236190796E-2,2.659968567E-1,9.870324554E0,9.873998970E0
3.458590929E1,4.670288086E-2,2.405497742E-1,9.864187317E0,9.867230451E0
3.459594029E1,4.790039063E-2,2.308200073E-1,9.882299652E0,9.885110962E0
3.460597129E1,4.355941772E-2,2.368075562E-1,9.859397278E0,9.862336940E0
3.461600329E1,4.879852295E-2,2.140548706E-1,9.841135254E0,9.843583894E0
3.462603429E1,4.340972900E-2,2.098635864E-1,9.830207977E0,9.832543720E0
3.463606529E1,5.059478760E-2,2.058219910E-1,9.826465759E0,9.828751286E0
3.464609629E1,7.274871826E-2,2.221380615E-1,9.894125061E0,9.896885794E0
3.465612729E1,8.008346558E-2,2.236349487E-1,9.930200043E0,9.933040765E0
3.466615929E1,1.143621826E-1,2.514770508E-1,9.901459808E0,9.905313006E0
3.467619029E1,8.981323242E-2,2.630030823E-1,9.841284943E0,9.845208294E0
3.468622129E1,6.092330933E-2,2.731819153E-1,9.790241089E0,9.794241195E0
3.469625229E1,2.140548706E-2,2.375559998E-1,9.795929260E0,9.798832641E0
3.470628429E1,-9.131011963E-3,1.984872437E-1,9.825417938E0,9.827426836E0
3.471631529E1,5.688171387E-3,1.845661926E-1,9.860894165E0,9.862622915E0
3.472634629E1,2.035766602E-2,1.583706665E-1,9.829160156E0,9.830457013E0
3.473637729E1,4.430786133E-2,1.523831177E-1,9.764344940E0,9.765634435E0
3.474640792E1,4.580474854E-2,1.586700439E-1,9.850715332E0,9.852099614E0
3.475643992E1,9.789642334E-2,1.944456482E-1,9.982740784E0,9.985114239E0
3.476647092E1,1.414558411E-1,2.149530029E-1,1.007000931E1,1.007329648E1
3.477650192E1,1.362167358E-1,2.342628479E-1,9.939929810E0,9.943623017E0
3.478653292E1,6.137237549E-2,2.315684509E-1,9.720186768E0,9.723138450E0
3.479656492E1,-3.008743286E-2,2.421963501E-1,9.650431824E0,9.653517427E0
3.480659592E1,-6.975494385E-2,2.278262329E-1,9.754615173E0,9.757524672E0
3.481662692E1,-2.320175171E-2,2.083666992E-1,9.882299652E0,9.884523328E0
3.482665792E1,4.864883423E-2,1.727407837E-1,9.945168915E0,9.946787966E0
3.483668892E1,1.324745178E-1,1.895059204E-1,9.915680237E0,9.918375701E0
3.484672092E1,1.589694214E-1,2.092648315E-1,9.846074982E0,9.849581493E0
3.485675192E1,1.237925720E-1,2.429447937E-1,9.812395020E0,9.816182700E0
3.486678292E1,6.286926270E-2,2.712359619E-1,9.848919067E0,9.852853814E0
3.487681392E1,1.811233521E-2,2.893482971E-1,9.894125061E0,9.898371645E0
3.488684592E1,-1.257385254E-2,3.010240173E-1,9.905950470E0,9.910531180E0
3.489687692E1,2.814147949E-2,3.203338623E-1,9.877509613E0,9.882742630E0
3.490690792E1,5.807922363E-2,3.501219177E-1,9.868378601E0,9.874758466E0
3.491693892E1,6.870712280E-2,3.450325012E-1,9.867779846E0,9.874049179E0
3.492697092E1,6.107299805E-2,3.025209045E-1,9.885742493E0,9.890558803E0
3.493700192E1,5.583389282E-2,2.591111755E-1,9.881700897E0,9.885255113E0
3.494703292E1,5.703140259E-2,2.025288391E-1,9.871821442E0,9.874063454E0
3.495706392E1,4.924758911E-2,1.737886047E-1,9.836943970E0,9.838602262E0
3.496709492E1,4.296066284E-2,1.526824951E-1,9.808203735E0,9.809486127E0
3.497712692E1,5.957611084E-2,1.435514832E-1,9.818681946E0,9.819911990E0
3.498715792E1,6.002517700E-2,1.097218323E-1,9.825268250E0,9.826064221E0
3.499718892E1,5.748046875E-2,1.248403931E-1,9.830956421E0,9.831917070E0
3.500721992E1,7.723937988E-2,1.369651794E-1,9.847122803E0,9.848378185E0
3.501725192E1,8.876541138E-2,1.624122620E-1,9.832602997E0,9.834344855E0
3.502728292E1,9.265731812E-2,1.871109009E-1,9.852212219E0,9.854424462E0
3.503731392E1,9.056167603E-2,2.261796570E-1,9.873318329E0,9.876323885E0
3.504734492E1,6.062393188E-2,2.362088013E-1,9.863738251E0,9.866752360E0
3.505737592E1,2.784210205E-2,2.643502808E-1,9.831106110E0,9.834698958E0
3.506740792E1,-1.287322998E-2,3.101550293E-1,9.834698639E0,9.839596495E0
3.507743892E1,-1.481918335E-2,3.275189209E-1,9.821226654E0,9.826697372E0
3.508746992E1,1.526824951E-2,3.173400879E-1,9.803413696E0,9.808560442E0
3.509750092E1,6.616241455E-2,2.969824219E-1,9.832602997E0,9.837309476E0
3.510753292E1,1.115180969E-1,2.598596191E-1,9.884844360E0,9.888888276E0
3.511756392E1,1.245410156E-1,2.224374390E-1,9.926008759E0,9.929281885E0
3.512759492E1,1.154100037E-1,1.996847534E-1,9.892777863E0,9.895465997E0
3.513762592E1,9.774673462E-2,1.972897339E-1,9.888885956E0,9.891336771E0
3.514765692E1,5.688171387E-2,1.947450256E-1,9.866881714E0,9.868967317E0
3.515768892E1,3.128494263E-2,2.095642090E-1,9.871971130E0,9.874244776E0
3.516771992E1,3.098556519E-2,2.335144043E-1,9.869576111E0,9.872386828E0
3.517775092E1,2.963836670E-2,2.586621094E-1,9.882299652E0,9.885728650E0
3.518778192E1,5.957611084E-2,2.806663513E-1,9.881251831E0,9.885416565E0
3.519781392E1,5.403762817E-2,2.778222656E-1,9.884844360E0,9.888895454E0
3.520784492E1,7.319778442E-2,2.553689575E-1,9.902208252E0,9.905771019E0
3.521787592E1,6.062393188E-2,2.260299683E-1,9.880353699E0,9.883124709E0
3.522790692E1,5.403762817E-2,1.957928467E-1,9.850116577E0,9.852210487E0
3.523793892E1,5.284011841E-2,1.691482544E-1,9.834848328E0,9.836444725E0
3.524796992E1,3.996688843E-2,1.410067749E-1,9.813293152E0,9.814387538E0
3.525800092E1,5.658233643E-2,1.357676697E-1,9.800719299E0,9.801822953E0
3.526803192E1,6.780899048E-2,1.483415222E-1,9.832752686E0,9.834105381E0
3.527806292E1,7.918533325E-2,1.622625732E-1,9.830806732E0,9.832464618E0
3.528809492E1,7.753875732E-2,1.667532349E-1,9.836045837E0,9.837764818E0
3.529812592E1,6.780899048E-2,1.752854919E-1,9.842931519E0,9.844725692E0
3.530815692E1,4.565505981E-2,2.008822632E-1,9.833201752E0,9.835359412E0
3.531818792E1,3.128494263E-2,2.207908630E-1,9.851314087E0,9.853837658E0
3.532821992E1,1.721420288E-2,2.356100464E-1,9.871372375E0,9.874198752E0
3.533825092E1,2.140548706E-2,2.406994629E-1,9.887838135E0,9.890790535E0
3.534828192E1,3.936813354E-2,2.580633545E-1,9.888137512E0,9.891582786E0
3.535831292E1,3.891906738E-2,2.642005920E-1,9.852212219E0,9.855830876E0
3.536834392E1,6.137237549E-2,2.574645996E-1,9.844877472E0,9.848434750E0
3.537837592E1,6.406677246E-2,2.615061951E-1,9.844578094E0,9.848259130E0
3.538840692E1,5.388793945E-2,2.418969727E-1,9.867929535E0,9.871041047E0
3.539843792E1,3.891906738E-2,2.338137817E-1,9.890382843E0,9.893222749E0
3.540846892E1,2.694396973E-2,2.221380615E-1,9.856104126E0,9.858643915E0
3.541850092E1,2.634521484E-2,2.263293457E-1,9.831555176E0,9.834195250E0
3.542853192E1,3.457809448E-2,2.221380615E-1,9.830956421E0,9.833526586E0
3.543856292E1,6.511459351E-2,2.332150269E-1,9.877359924E0,9.880327334E0
3.544859392E1,8.936416626E-2,2.612068176E-1,9.907147980E0,9.910993696E0
3.545862492E1,1.080752563E-1,2.586621094E-1,9.864935760E0,9.868918072E0
3.546865692E1,9.550140381E-2,2.647993469E-1,9.827962646E0,9.831993134E0
3.547868792E1,5.583389282E-2,2.481838989E-1,9.814191284E0,9.817487623E0
3.548871892E1,2.499801636E-2,2.177970886E-1,9.831704865E0,9.834148718E0
3.549874992E1,1.107696533E-2,1.764830017E-1,9.867779846E0,9.869364115E0
3.550878192E1,3.742218018E-3,1.456471252E-1,9.872719574E0,9.873794553E0
3.551881292E1,1.541793823E-2,1.442999268E-1,9.816885681E0,9.817958273E0
3.552884392E1,4.460723877E-2,1.577719116E-1,9.777966614E0,9.779341127E0
3.553887492E1,7.873626709E-2,1.763333130E-1,9.891879730E0,9.893764573E0
3.554890692E1,1.227447510E-1,1.877096558E-1,1.001716919E1,1.001967962E1
3.555893792E1,1.555265808E-1,2.179467773E-1,1.004965164E1,1.005321777E1
3.556896892E1,1.231938171E-1,2.342628479E-1,9.862091675E0,9.865642807E0
3.557899992E1,2.350112915E-2,2.137554932E-1,9.676627350E0,9.679016509E0
3.558903092E1,-5.613327026E-2,2.140548706E-1,9.689500580E0,9.692027235E0
3.559906292E1,-5.179229736E-2,2.136058044E-1,9.832303619E0,9.834760004E0
3.560909392E1,2.844085693E-3,1.871109009E-1,9.940528564E0,9.942289813E0
3.561912492E1,8.382568359E-2,1.772314453E-1,9.947713623E0,9.949645424E0
3.562915592E1,1.375639343E-1,2.038760376E-1,9.882748718E0,9.885808591E0
3.563918792E1,1.507365417E-1,2.339634705E-1,9.807006226E0,9.810954669E0
3.564921892E1,1.092727661E-1,2.836601257E-1,9.815538483E0,9.820244361E0
3.565924992E1,4.011657715E-2,2.909948730E-1,9.845775604E0,9.850156578E0
3.566928092E1,-1.287322998E-2,3.002755737E-1,9.898466034E0,9.903027869E0
3.567931192E1,-1.407073975E-2,3.275189209E-1,9.897268524E0,9.902696141E0
3.568934392E1,2.649490356E-2,3.450325012E-1,9.878258057E0,9.884317460E0
3.569937492E1,5.298980713E-2,3.299139404E-1,9.889335022E0,9.894978439E0
3.570940592E1,7.095245361E-2,3.004252625E-1,9.899064789E0,9.903876679E0
3.571943692E1,8.412506104E-2,2.730322266E-1,9.923314362E0,9.927426229E0
3.572946892E1,6.451583862E-2,2.173480225E-1,9.890831909E0,9.893430058E0
3.573949992E1,6.271957397E-2,1.678010559E-1,9.862989807E0,9.864616509E0
3.574953242E1,6.032455444E-2,1.579216003E-1,9.823771362E0,9.825225802E0
3.575956342E1,3.382965088E-2,1.341210938E-1,9.797126770E0,9.798103177E0
3.576959542E1,3.502716064E-2,1.282832336E-1,9.810598755E0,9.811499958E0
3.577962642E1,3.697311401E-2,1.263372803E-1,9.821526031E0,9.822408142E0
3.578965742E1,5.852828979E-2,1.284329224E-1,9.840386810E0,9.841398943E0
3.579968842E1,8.981323242E-2,1.422042847E-1,9.853559418E0,9.854994758E0
3.580971942E1,9.999206543E-2,1.660047913E-1,9.866732025E0,9.868635005E0
3.581975142E1,9.789642334E-2,1.905537415E-1,9.879156189E0,9.881478707E0
3.582978242E1,8.906478882E-2,2.311193848E-1,9.880653076E0,9.883757075E0
3.583981342E1,6.691085815E-2,2.686912537E-1,9.830657043E0,9.834555911E0
3.584984442E1,1.721420288E-2,3.082090759E-1,9.828860779E0,9.833707001E0
3.585987642E1,-2.215393066E-2,3.213816833E-1,9.832602997E0,9.837878769E0
3.586990742E1,2.993774414E-3,3.206332397E-1,9.802216187E0,9.807459243E0
3.587993842E1,4.056564331E-2,3.098556519E-1,9.799222412E0,9.804203995E0
3.588996942E1,9.295669556E-2,2.769241333E-1,9.868079224E0,9.872401708E0
3.590000042E1,1.179547119E-1,2.462379456E-1,9.918823700E0,9.922580815E0
3.591003242E1,1.071771240E-1,2.185455322E-1,9.920320587E0,9.923306386E0
3.592006342E1,9.370513916E-2,1.996847534E-1,9.890083466E0,9.892542929E0
3.593009442E1,6.840774536E-2,2.020797729E-1,9.894424438E0,9.896724247E0
3.594012542E1,4.775070190E-2,2.266287231E-1,9.873318329E0,9.876034403E0
3.595015742E1,3.427871704E-2,2.490820312E-1,9.854457550E0,9.857664556E0
3.596018842E1,3.053649902E-2,2.653981018E-1,9.853709106E0,9.857329851E0
3.597021942E1,4.580474854E-2,2.817141724E-1,9.862690430E0,9.866819318E0
3.598025042E1,7.544311523E-2,2.935395813E-1,9.872270508E0,9.876921693E0
3.599028242E1,6.616241455E-2,2.815644836E-1,9.879904633E0,9.884137371E0
3.600031342E1,7.065307617E-2,2.401007080E-1,9.889634399E0,9.892800855E0
3.601034442E1,7.454498291E-2,2.152523804E-1,9.866732025E0,9.869361246E0
3.602037542E1,3.802093506E-2,1.856140137E-1,9.845775604E0,9.847598459E0
3.603040642E1,2.948867798E-2,1.547781372E-1,9.817185059E0,9.818449385E0
3.604043842E1,2.679428101E-2,1.448986816E-1,9.814340973E0,9.815447127E0
3.605046942E1,4.221221924E-2,1.459465027E-1,9.812993774E0,9.814169811E0
3.606050042E1,6.227050781E-2,1.520837402E-1,9.814041595E0,9.815417440E0
3.607053142E1,7.454498291E-2,1.613644409E-1,9.833650818E0,9.835257182E0
3.608056342E1,8.367599487E-2,1.733395386E-1,9.829908600E0,9.831792886E0
3.609059442E1,7.125183105E-2,1.898052979E-1,9.845775604E0,9.847862719E0
3.610062542E1,6.586303711E-2,2.171983337E-1,9.846224670E0,9.848840202E0
3.611065642E1,5.553451538E-2,2.374063110E-1,9.888137512E0,9.891142972E0
3.612068742E1,3.068618774E-2,2.520758057E-1,9.892927551E0,9.896186103E0
3.613071942E1,3.128494263E-2,2.450404358E-1,9.886640625E0,9.889726306E0
3.614075042E1,3.323089600E-2,2.686912537E-1,9.842931519E0,9.846654262E0
3.615078142E1,4.805007935E-2,2.642005920E-1,9.823322296E0,9.826991996E0
3.616081242E1,3.981719971E-2,2.646496582E-1,9.850266266E0,9.853901276E0
3.617084442E1,4.790039063E-2,2.456391907E-1,9.870773621E0,9.873945763E0
3.618087542E1,4.266128540E-2,2.380050659E-1,9.864037628E0,9.867000797E0
3.619090642E1,4.445755005E-2,2.204914856E-1,9.849517822E0,9.852085784E0
3.620093742E1,5.179229736E-2,2.282752991E-1,9.843081207E0,9.845864091E0
3.621096942E1,6.331832886E-2,2.263293457E-1,9.875413971E0,9.878210125E0
3.622100042E1,8.831634521E-2,2.414479065E-1,9.888736267E0,9.892077731E0
3.623103142E1,9.056167603E-2,2.478845215E-1,9.886191559E0,9.889713428E0
3.624106242E1,8.966354370E-2,2.634521484E-1,9.852511597E0,9.856441110E0
3.625109342E1,6.870712280E-2,2.585124207E-1,9.806257782E0,9.809905251E0
3.626112542E1,2.514770508E-2,2.332150269E-1,9.793234863E0,9.796043627E0
3.627115642E1,2.080673218E-2,2.085163879E-1,9.831854553E0,9.834087449E0
3.628118742E1,1.437011719E-2,1.802252197E-1,9.878557434E0,9.880211769E0
3.629121842E1,1.886077881E-2,1.757345581E-1,9.843679962E0,9.845266556E0
3.630125042E1,4.131408691E-2,1.660047913E-1,9.776918793E0,9.778415287E0
3.631128142E1,7.544311523E-2,1.651066589E-1,9.829010468E0,9.830686580E0
3.632131242E1,1.124162292E-1,1.889071655E-1,9.949809265E0,9.952237323E0
3.633134342E1,1.574725342E-1,1.938468933E-1,1.006147705E1,1.006457623E1
3.634137442E1,1.549278259E-1,2.049238586E-1,9.960736542E0,9.964048819E0
3.635140642E1,6.990463257E-2,2.103126526E-1,9.714498596E0,9.717026348E0
3.636143742E1,-2.365081787E-2,2.122586060E-1,9.646240540E0,9.648604543E0
3.637146842E1,-5.044509888E-2,2.139051819E-1,9.748328247E0,9.750805287E0
3.638149942E1,-1.362167358E-2,2.041754150E-1,9.885443115E0,9.887560808E0
3.639153142E1,4.924758911E-2,1.908531189E-1,9.968819733E0,9.970768130E0
3.640156242E1,1.326242065E-1,2.053729248E-1,9.930499420E0,9.933508240E0
3.641159342E1,1.628613281E-1,2.207908630E-1,9.857301636E0,9.861119001E0
3.642162442E1,1.308279419E-1,2.659968567E-1,9.818532257E0,9.823005953E0
3.643165642E1,6.900650024E-2,2.869532776E-1,9.854158173E0,9.858576843E0
3.644168742E1,1.631607056E-2,3.017724609E-1,9.899064789E0,9.903676919E0
3.645171842E1,-1.122665405E-2,3.128494263E-1,9.895921326E0,9.900871663E0
3.646174942E1,4.340972900E-3,3.252735901E-1,9.890981598E0,9.896329558E0
3.647178042E1,4.400848389E-2,3.359014893E-1,9.863887939E0,9.869703736E0
3.648181242E1,7.364685059E-2,3.279679871E-1,9.867630157E0,9.873353624E0
3.649184342E1,7.020401001E-2,3.026705933E-1,9.888137512E0,9.893017818E0
3.650187442E1,7.229965210E-2,2.456391907E-1,9.895472260E0,9.898784627E0
3.651190542E1,6.960525513E-2,1.664538574E-1,9.872569885E0,9.874218345E0
3.652193742E1,5.852828979E-2,1.381626892E-1,9.844428406E0,9.845571854E0
3.653196842E1,5.777984619E-2,1.254391479E-1,9.830207977E0,9.831178076E0
3.654199942E1,5.433700562E-2,1.236428833E-1,9.807305603E0,9.808235482E0
3.655203042E1,5.478607178E-2,1.297801208E-1,9.819131012E0,9.820141456E0
3.656206242E1,6.152206421E-2,1.266366577E-1,9.821526031E0,9.822535080E0
3.657209342E1,8.607101440E-2,1.365161133E-1,9.818981323E0,9.820307485E0
3.658212442E1,8.247848511E-2,1.597178650E-1,9.842033386E0,9.843674805E0
3.659215542E1,8.876541138E-2,1.860630798E-1,9.856403503E0,9.858559164E0
3.660218642E1,6.990463257E-2,1.984872437E-1,9.889784088E0,9.892022703E0
3.661221842E1,4.640350342E-2,2.306703186E-1,9.865983582E0,9.868788888E0
3.662224942E1,4.101470947E-2,2.627037048E-1,9.818981323E0,9.822580601E0
3.663228042E1,9.430389404E-3,3.049159241E-1,9.818831635E0,9.823569480E0
3.664231142E1,1.901046753E-2,3.345542908E-1,9.810898132E0,9.816619079E0
3.665234342E1,3.966751099E-2,3.263214111E-1,9.778415680E0,9.783939513E0
3.666237442E1,7.723937988E-2,2.815644836E-1,9.828112335E0,9.832448147E0
3.667240542E1,1.061293030E-1,2.541714478E-1,9.888137512E0,9.891973009E0
3.668243642E1,1.134640503E-1,2.309696960E-1,9.924811249E0,9.928146827E0
3.669246742E1,9.310638428E-2,2.044747925E-1,9.907597046E0,9.910144195E0
3.670249942E1,7.379653931E-2,2.037263489E-1,9.888137512E0,9.890511302E0
3.671253042E1,4.849914551E-2,1.975891113E-1,9.877359924E0,9.879455081E0
3.672256142E1,3.233276367E-2,2.177970886E-1,9.870025177E0,9.872480842E0
3.673259242E1,2.005828857E-2,2.474354553E-1,9.863289185E0,9.866412731E0
3.674262442E1,4.565505981E-2,2.767744446E-1,9.865983582E0,9.869970644E0
3.675265408E1,6.601272583E-2,2.712359619E-1,9.881551208E0,9.885493458E0
3.676268508E1,8.502319336E-2,2.644999695E-1,9.891580353E0,9.895481345E0
3.677271608E1,8.577163696E-2,2.513273621E-1,9.900112610E0,9.903673657E0
3.678274808E1,9.310638428E-2,2.173480225E-1,9.876312103E0,9.879142155E0
3.679277908E1,6.047424316E-2,2.044747925E-1,9.839338989E0,9.841649192E0
3.680281008E1,3.772155762E-2,1.573228455E-1,9.819430389E0,9.820763034E0
3.681284108E1,5.044509888E-2,1.489402771E-1,9.797276459E0,9.798538356E0
3.682287208E1,3.757186890E-2,1.395098877E-1,9.812245331E0,9.813308977E0
3.683290408E1,5.927673340E-2,1.306782532E-1,9.827214203E0,9.828261775E0
3.684293508E1,6.286926270E-2,1.434017944E-1,9.842482452E0,9.843727823E0
3.685296608E1,8.607101440E-2,1.748364258E-1,9.832602997E0,9.834533933E0
3.686299708E1,9.145980835E-2,1.959425354E-1,9.834848328E0,9.837225219E0
3.687302908E1,5.927673340E-2,2.152523804E-1,9.852361908E0,9.854891297E0
3.688306008E1,5.987548828E-2,2.239343262E-1,9.871821442E0,9.874542533E0
3.689309108E1,3.727249146E-2,2.291734314E-1,9.877958679E0,9.880687090E0
3.690312208E1,2.110610962E-2,2.450404358E-1,9.896520081E0,9.899575748E0
3.691315408E1,3.562591553E-2,2.523751831E-1,9.867630157E0,9.870921303E0
3.692318508E1,3.472778320E-2,2.604583740E-1,9.843979340E0,9.847485660E0
3.693321608E1,5.777984619E-2,2.526745605E-1,9.838291168E0,9.841704936E0
3.694324708E1,5.044509888E-2,2.559677124E-1,9.874665527E0,9.878111330E0
3.695327808E1,5.269042969E-2,2.392025757E-1,9.877509613E0,9.880546053E0
3.696331008E1,5.119354248E-2,2.335144043E-1,9.858050079E0,9.860948287E0
3.697334108E1,3.218307495E-2,2.197430420E-1,9.851164398E0,9.853667477E0
3.698337208E1,2.978805542E-2,2.137554932E-1,9.834548950E0,9.836916783E0
3.699340308E1,7.020401001E-2,2.218386841E-1,9.904154205E0,9.906887076E0
3.700343508E1,7.978408813E-2,2.266287231E-1,9.915530548E0,9.918441013E0
3.701346608E1,8.876541138E-2,2.460882568E-1,9.874515839E0,9.877980653E0
3.702349708E1,8.337661743E-2,2.647993469E-1,9.837692413E0,9.841608729E0
3.703352808E1,6.122268677E-2,2.501298523E-1,9.802665253E0,9.806047074E0
3.704356008E1,3.128494263E-2,2.360591125E-1,9.784702606E0,9.787599693E0
3.705359108E1,1.272354126E-2,1.962419128E-1,9.845176849E0,9.847140700E0
3.706362208E1,4.011657715E-2,1.637594604E-1,9.869127045E0,9.870567113E0
3.707365308E1,4.984634399E-2,1.507365417E-1,9.840237122E0,9.841517808E0
3.708368408E1,5.418731689E-2,1.513352966E-1,9.784403229E0,9.785723539E0
3.709371608E1,5.927673340E-2,1.654060364E-1,9.835447083E0,9.837016428E0
3.710374708E1,1.122665405E-1,1.893562317E-1,9.970017242E0,9.972447211E0
3.711377808E1,1.526824951E-1,2.064207458E-1,1.003947281E1,1.004275539E1
3.712380908E1,1.477427673E-1,2.100132751E-1,9.918973389E0,9.922296437E0
3.713384108E1,4.969665527E-2,2.070195007E-1,9.697733459E0,9.700070159E0
3.714387208E1,-4.011657715E-2,2.200424194E-1,9.646390228E0,9.648982975E0
3.715390308E1,-5.478607178E-2,2.008822632E-1,9.761800232E0,9.764020635E0
3.716393408E1,-1.511856079E-2,1.899549866E-1,9.894574127E0,9.896408875E0
3.717396508E1,6.915618896E-2,1.758842468E-1,9.959389343E0,9.961182356E0
3.718399708E1,1.429527283E-1,1.941462708E-1,9.892927551E0,9.895864985E0
3.719402808E1,1.685494995E-1,2.149530029E-1,9.837991791E0,9.841783182E0
3.720405908E1,1.314266968E-1,2.676434326E-1,9.828860779E0,9.833382439E0
3.721409008E1,5.493576050E-2,2.941383362E-1,9.843230896E0,9.847777910E0
3.722412208E1,1.601669312E-2,3.082090759E-1,9.879904633E0,9.884723816E0
3.723415308E1,-5.837860107E-3,3.224295044E-1,9.891730042E0,9.896985303E0
3.724418408E1,1.077758789E-2,3.282673645E-1,9.867480469E0,9.872945175E0
3.725421508E1,5.254074097E-2,3.293151855E-1,9.876910858E0,9.882539002E0
3.726424708E1,4.730163574E-2,3.264710999E-1,9.888287201E0,9.893788182E0
3.727427808E1,7.664062500E-2,2.736309814E-1,9.889784088E0,9.893865625E0
3.728430908E1,7.753875732E-2,2.182461548E-1,9.887987823E0,9.890700018E0
3.729434008E1,8.577163696E-2,1.853146362E-1,9.870923309E0,9.873035261E0
3.730437208E1,7.155120850E-2,1.660047913E-1,9.838590546E0,9.840251069E0
3.731440308E1,6.541397095E-2,1.453477478E-1,9.825118561E0,9.826411333E0
3.732443408E1,5.373825073E-2,1.209484863E-1,9.817334747E0,9.818226819E0
3.733446508E1,5.074447632E-2,1.164578247E-1,9.828411713E0,9.829232636E0
3.734449608E1,5.568420410E-2,1.194515991E-1,9.836943970E0,9.837826797E0
3.735452808E1,8.352630615E-2,1.350192261E-1,9.838440857E0,9.839721812E0
3.736455908E1,8.457412720E-2,1.592687988E-1,9.841284943E0,9.842936993E0
3.737459008E1,9.505233765E-2,1.910028076E-1,9.857151947E0,9.859460509E0
3.738462108E1,8.187973022E-2,2.095642090E-1,9.870923309E0,9.873487146E0
3.739465308E1,5.942642212E-2,2.471360779E-1,9.839488678E0,9.842771215E0
3.740468408E1,3.682342529E-2,2.796185303E-1,9.833501129E0,9.837544762E0
3.741471508E1,-8.981323242E-4,3.137475586E-1,9.853409729E0,9.858403604E0
3.742474608E1,5.837860107E-3,3.203338623E-1,9.808203735E0,9.813435096E0
3.743477808E1,5.284011841E-2,2.999761963E-1,9.811796265E0,9.816522996E0
3.744480908E1,9.639953613E-2,2.760260010E-1,9.858199768E0,9.862534456E0
3.745484008E1,1.163081360E-1,2.414479065E-1,9.909992065E0,9.913615254E0
3.746487108E1,1.296304321E-1,2.139051819E-1,9.924362183E0,9.927513496E0
3.747490208E1,1.076261902E-1,2.104623413E-1,9.902208252E0,9.905029332E0
3.748493408E1,7.963439941E-2,2.207908630E-1,9.866881714E0,9.869672993E0
3.749496508E1,3.607498169E-2,2.189945984E-1,9.864187317E0,9.866683914E0
3.750499608E1,3.727249146E-2,2.354603577E-1,9.858648834E0,9.861530695E0
3.751502708E1,1.886077881E-2,2.401007080E-1,9.871971130E0,9.874908510E0
3.752505908E1,3.817062378E-2,2.465373230E-1,9.884844360E0,9.887991994E0
3.753509008E1,6.062393188E-2,2.534230042E-1,9.897867279E0,9.901296640E0
3.754512108E1,6.915618896E-2,2.550695801E-1,9.901609497E0,9.905135724E0
3.755515208E1,8.786727905E-2,2.267784119E-1,9.892927551E0,9.895916564E0
3.756518308E1,7.499404907E-2,2.086660767E-1,9.863139496E0,9.865631574E0
3.757521508E1,6.616241455E-2,1.866618347E-1,9.842931519E0,9.844923615E0
3.758524608E1,4.924758911E-2,1.704954529E-1,9.812993774E0,9.814598354E0
3.759527708E1,4.535568237E-2,1.531315613E-1,9.796078949E0,9.797380731E0
3.760530808E1,4.775070190E-2,1.398092651E-1,9.800120544E0,9.801234078E0
3.761534008E1,7.170089722E-2,1.258882141E-1,9.822124786E0,9.823193176E0
3.762537108E1,9.654922485E-2,1.327738953E-1,9.850715332E0,9.852083192E0
3.763540208E1,8.696914673E-2,1.420545959E-1,9.865983582E0,9.867389481E0
3.764543308E1,9.669891357E-2,1.561253357E-1,9.863738251E0,9.865447688E0
3.765546508E1,8.023315430E-2,1.860630798E-1,9.869127045E0,9.871206889E0
3.766549608E1,4.146377563E-2,2.291734314E-1,9.856253815E0,9.859004968E0
3.767552708E1,3.397933960E-2,2.438429260E-1,9.855355682E0,9.858430382E0
3.768555808E1,3.442840576E-2,2.695893860E-1,9.851463776E0,9.855211935E0
3.769558908E1,3.472778320E-2,2.778222656E-1,9.850565643E0,9.854543862E0
3.770562108E1,3.502716064E-2,2.662962341E-1,9.846673737E0,9.850336251E0
3.771565208E1,2.948867798E-2,2.540217590E-1,9.855355682E0,9.858672946E0
3.772568308E1,3.278182983E-2,2.429447937E-1,9.858199768E0,9.861247360E0
3.773571408E1,4.385879517E-2,2.321672058E-1,9.896819458E0,9.899639417E0
3.774574608E1,5.613327026E-2,2.300715637E-1,9.913883972E0,9.916712121E0
3.775577767E1,7.768844604E-2,2.386038208E-1,9.900411987E0,9.903591510E0
3.776580867E1,8.592132568E-2,2.490820312E-1,9.876312103E0,9.879826167E0
3.777583967E1,8.442443848E-2,2.662962341E-1,9.811945953E0,9.815921992E0
3.778587167E1,7.634124756E-2,2.477348328E-1,9.804162140E0,9.807588684E0
3.779590267E1,5.343887329E-2,2.276765442E-1,9.814191284E0,9.816977278E0
3.780593367E1,3.921844482E-2,2.095642090E-1,9.863139496E0,9.865443526E0
3.781596467E1,1.990859985E-2,1.643582153E-1,9.869576111E0,9.870964623E0
3.782599667E1,2.574645996E-2,1.589694214E-1,9.833501129E0,9.834819704E0
3.783602767E1,4.101470947E-2,1.657054138E-1,9.799821167E0,9.801307841E0
3.784605867E1,4.849914551E-2,1.673519897E-1,9.865983582E0,9.867522024E0
3.785608967E1,1.035845947E-1,1.860630798E-1,9.961784363E0,9.964060263E0
3.786612067E1,1.612147522E-1,1.890568542E-1,1.004635849E1,1.004943041E1
3.787615267E1,1.642085266E-1,2.052232361E-1,9.908944244E0,9.912429422E0
3.788618367E1,9.041198730E-2,1.884580994E-1,9.700128479E0,9.702380290E0
3.789621467E1,1.197509766E-2,1.996847534E-1,9.669292603E0,9.671361685E0
3.790624567E1,-2.380050659E-2,1.875599670E-1,9.771380310E0,9.773209215E0
3.791627767E1,8.382568359E-3,1.748364258E-1,9.901609497E0,9.903156501E0
3.792630867E1,5.763015747E-2,1.707948303E-1,9.934541016E0,9.936176191E0
3.793633967E1,1.276844788E-1,1.856140137E-1,9.899064789E0,9.901628128E0
3.794637067E1,1.615141296E-1,2.122586060E-1,9.822274475E0,9.825895196E0
3.795640167E1,1.246907043E-1,2.374063110E-1,9.795629883E0,9.799299686E0
3.796643367E1,6.945556641E-2,2.642005920E-1,9.833800507E0,9.837594138E0
3.797646467E1,1.257385254E-2,2.812651062E-1,9.855205994E0,9.859226812E0
3.798649567E1,-3.742218018E-3,2.971321106E-1,9.865983582E0,9.870457615E0
3.799652667E1,2.514770508E-2,3.264710999E-1,9.836644592E0,9.842092898E0
3.800655867E1,5.643264771E-2,3.288661194E-1,9.817933502E0,9.823601978E0
3.801658967E1,8.113128662E-2,2.984793091E-1,9.861792297E0,9.866641754E0
3.802662067E1,8.936416626E-2,2.564167786E-1,9.901310120E0,9.905032943E0
3.803665167E1,7.813751221E-2,2.026785278E-1,9.923164673E0,9.925541858E0
3.804668367E1,7.409591675E-2,1.475930786E-1,9.912686462E0,9.914062075E0
3.805671467E1,7.888595581E-2,1.264869690E-1,9.879605255E0,9.880729829E0
3.806674567E1,5.463638306E-2,1.143621826E-1,9.861193542E0,9.862008007E0
3.807677667E1,7.140151978E-2,1.143621826E-1,9.831555176E0,9.832479548E0
3.808680867E1,5.807922363E-2,1.288819885E-1,9.839488678E0,9.840504113E0
3.809683967E1,7.005432129E-2,1.251397705E-1,9.830507355E0,9.831553408E0
3.810687067E1,9.490264893E-2,1.257385254E-1,9.850865021E0,9.852124560E0
3.811690167E1,1.071771240E-1,1.483415222E-1,9.845625916E0,9.847326633E0
3.812693267E1,1.026864624E-1,1.658551025E-1,9.870174866E0,9.872102324E0
3.813696467E1,9.535171509E-2,1.974394226E-1,9.882449341E0,9.884881347E0
3.814699567E1,8.277786255E-2,2.200424194E-1,9.841284943E0,9.844092653E0
3.815702667E1,5.284011841E-2,2.501298523E-1,9.822124786E0,9.825451254E0
3.816705767E1,1.451980591E-2,2.686912537E-1,9.782157898E0,9.785858110E0
3.817708967E1,1.571731567E-2,2.826123047E-1,9.771380310E0,9.775479012E0
3.818712067E1,3.951782227E-2,2.679428101E-1,9.770781555E0,9.774534629E0
3.819715167E1,8.158035278E-2,2.339634705E-1,9.804461517E0,9.807591952E0
3.820718267E1,1.010398865E-1,1.930984497E-1,9.877210236E0,9.879614269E0
3.821721467E1,1.303788757E-1,1.874102783E-1,9.929750977E0,9.932375130E0
3.822724567E1,1.381626892E-1,1.989363098E-1,9.937684479E0,9.940635663E0
3.823727667E1,1.326242065E-1,2.127076721E-1,9.930798798E0,9.933961873E0
3.824730767E1,1.044827271E-1,2.293231201E-1,9.908944244E0,9.912148192E0
3.825733867E1,7.065307617E-2,2.471360779E-1,9.900262299E0,9.903598421E0
3.826737067E1,6.496490479E-2,2.525248718E-1,9.885443115E0,9.888881374E0
3.827740167E1,6.331832886E-2,2.519261169E-1,9.877808990E0,9.881223934E0
3.828743267E1,6.077362061E-2,2.338137817E-1,9.874815216E0,9.877769883E0
3.829746367E1,6.945556641E-2,1.999841309E-1,9.883646851E0,9.885913857E0
3.830749567E1,6.990463257E-2,1.951940918E-1,9.893825684E0,9.895997880E0
3.831752667E1,7.933502197E-2,1.770817566E-1,9.867181091E0,9.869088848E0
3.832755767E1,7.185058594E-2,1.710942078E-1,9.834249573E0,9.836000223E0
3.833758867E1,6.242019653E-2,1.511856079E-1,9.804461517E0,9.805825769E0
3.834762067E1,5.882766724E-2,1.440005493E-1,9.790690155E0,9.791925784E0
3.835765167E1,6.137237549E-2,1.378633118E-1,9.796378326E0,9.797540568E0
3.836768267E1,6.765930176E-2,1.386117554E-1,9.824070740E0,9.825281518E0
3.837771367E1,6.810836792E-2,1.381626892E-1,9.832752686E0,9.833959175E0
3.838774467E1,9.101074219E-2,1.416055298E-1,9.838590546E0,9.840030437E0
3.839777667E1,1.047821045E-1,1.634600830E-1,9.846973114E0,9.848887145E0
3.840780767E1,1.092727661E-1,1.742376709E-1,9.832004242E0,9.834155109E0
3.841783867E1,8.173004150E-2,2.041754150E-1,9.841883698E0,9.844340614E0
3.842786967E1,6.646179199E-2,2.094145203E-1,9.857301636E0,9.859749852E0
3.843790167E1,6.331832886E-2,2.257305908E-1,9.860594788E0,9.863381422E0
3.844793267E1,4.954696655E-2,2.423460388E-1,9.863438873E0,9.866540068E0
3.845796367E1,4.685256958E-2,2.324665833E-1,9.854008484E0,9.856861523E0
3.846799467E1,4.610412598E-2,2.245330811E-1,9.885443115E0,9.888100236E0
3.847802667E1,4.954696655E-2,2.224374390E-1,9.902507629E0,9.905129513E0
3.848805767E1,5.942642212E-2,2.133064270E-1,9.905800781E0,9.908275342E0
3.849808867E1,7.110214233E-2,2.303709412E-1,9.912836151E0,9.915767587E0
3.850811967E1,9.131011963E-2,2.392025757E-1,9.864636383E0,9.867958572E0
3.851815167E1,9.535171509E-2,2.547702026E-1,9.811047821E0,9.814818345E0
3.852818267E1,9.190887451E-2,2.492317200E-1,9.795929260E0,9.799530283E0
3.853821367E1,6.885681152E-2,2.390528870E-1,9.837243347E0,9.840388418E0
3.854824467E1,7.858657837E-2,2.065704346E-1,9.862241364E0,9.864717528E0
3.855827567E1,8.202941895E-2,1.806742859E-1,9.868378601E0,9.870373257E0
3.856830767E1,7.499404907E-2,1.627116394E-1,9.838740234E0,9.840371364E0
3.857833867E1,7.349716187E-2,1.399589539E-1,9.794282684E0,9.795558363E0
3.858836967E1,8.187973022E-2,1.351689148E-1,9.881850586E0,9.883114182E0
3.859840067E1,1.172062683E-1,1.645079041E-1,9.996961212E0,9.999001632E0
3.860843267E1,1.667532349E-1,1.675016785E-1,1.005668701E1,1.005946406E1
3.861846367E1,1.823208618E-1,1.646575928E-1,9.876611481E0,9.879666359E0
3.862849467E1,8.637039185E-2,1.749861145E-1,9.699829102E0,9.701791823E0
3.863852567E1,1.407073975E-2,1.917512512E-1,9.674082642E0,9.675993049E0
3.864855767E1,1.496887207E-3,1.776805115E-1,9.775721283E0,9.777335997E0
3.865858867E1,1.766326904E-2,1.770817566E-1,9.916728058E0,9.918324723E0
3.866861967E1,6.301895142E-2,1.713935852E-1,9.941875763E0,9.943552727E0
3.867865067E1,1.366658020E-1,1.658551025E-1,9.901160431E0,9.903492482E0
3.868868267E1,1.642085266E-1,1.939965820E-1,9.822424164E0,9.825711962E0
3.869871367E1,1.669029236E-1,2.204914856E-1,9.798174591E0,9.802076229E0
3.870874467E1,1.167572021E-1,2.522254944E-1,9.835596771E0,9.839523047E0
3.871877567E1,5.269042969E-2,2.556683350E-1,9.880054321E0,9.883502212E0
3.872880667E1,1.451980591E-2,2.823129272E-1,9.908644867E0,9.912676456E0
3.873883867E1,1.676513672E-2,2.799179077E-1,9.882000275E0,9.885978178E0
3.874886867E1,5.658233643E-2,2.857557678E-1,9.875264282E0,9.879559837E0
3.875889967E1,8.502319336E-2,2.842588806E-1,9.898316345E0,9.902762166E0
3.876893067E1,1.062789917E-1,2.481838989E-1,9.923763428E0,9.927435270E0
3.877896267E1,1.154100037E-1,2.155517578E-1,9.904004517E0,9.907022130E0
3.878899367E1,1.164578247E-1,1.815724182E-1,9.879305878E0,9.881660569E0
3.879902467E1,1.080752563E-1,1.537303162E-1,9.850266266E0,9.852058606E0
3.880905567E1,8.592132568E-2,1.398092651E-1,9.817185059E0,9.818556492E0
3.881908767E1,7.020401001E-2,1.329235840E-1,9.816586304E0,9.817737211E0
3.882911867E1,7.349716187E-2,1.345701599E-1,9.811945953E0,9.813143959E0
3.883914967E1,7.963439941E-2,1.368154907E-1,9.824070740E0,9.825346102E0
3.884918067E1,9.819580078E-2,1.544787598E-1,9.834548950E0,9.836252292E0
3.885921167E1,1.076261902E-1,1.598675537E-1,9.844578094E0,9.846464284E0
3.886924367E1,1.143621826E-1,1.854643250E-1,9.875713348E0,9.878116716E0
3.887927467E1,1.044827271E-1,2.050735474E-1,9.883497162E0,9.886176609E0
3.888930567E1,9.969268799E-2,2.188449097E-1,9.840386810E0,9.843324860E0
3.889933667E1,6.945556641E-2,2.423460388E-1,9.833950195E0,9.837181107E0
3.890936867E1,5.224136353E-2,2.686912537E-1,9.844129028E0,9.847933818E0
3.891939967E1,5.239105225E-2,2.670446777E-1,9.825417938E0,9.829185894E0
3.892943067E1,7.050338745E-2,2.453398132E-1,9.805359650E0,9.808681879E0
3.893946167E1,9.385482788E-2,2.171983337E-1,9.846973114E0,9.849815397E0
3.894949367E1,1.333726501E-1,1.938468933E-1,9.886191559E0,9.888991274E0
3.895952467E1,1.516346741E-1,1.812730408E-1,9.896669769E0,9.899491174E0
3.896955567E1,1.465452576E-1,1.685494995E-1,9.896669769E0,9.899189713E0
3.897958667E1,1.315763855E-1,1.871109009E-1,9.889185333E0,9.891830437E0
3.898961867E1,1.260379028E-1,1.924996948E-1,9.893675995E0,9.896351165E0
3.899964967E1,1.026864624E-1,2.029779053E-1,9.883347473E0,9.885964890E0
3.900968067E1,8.846603394E-2,2.249821472E-1,9.850116577E0,9.853082756E0
3.901971167E1,9.385482788E-2,2.317181396E-1,9.844428406E0,9.847602381E0
3.902974267E1,7.723937988E-2,2.424957275E-1,9.859546967E0,9.862831058E0
3.903977467E1,8.622070312E-2,2.257305908E-1,9.850565643E0,9.853528901E0
3.904980567E1,1.158590698E-1,2.155517578E-1,9.863887939E0,9.866923085E0
3.905983667E1,1.107696533E-1,1.927990723E-1,9.877659302E0,9.880161673E0
3.906986767E1,1.155596924E-1,1.847158813E-1,9.851463776E0,9.853872971E0
3.907989967E1,1.146615601E-1,1.752854919E-1,9.836943970E0,9.839173692E0
3.908993067E1,9.175918579E-2,1.547781372E-1,9.818232880E0,9.819881511E0
3.909996167E1,8.951385498E-2,1.601669312E-1,9.814340973E0,9.816055975E0
3.910999267E1,8.292755127E-2,1.442999268E-1,9.842482452E0,9.843889489E0
3.912002467E1,1.115180969E-1,1.565744019E-1,9.837393036E0,9.839270988E0
3.913005567E1,1.022373962E-1,1.475930786E-1,9.835896149E0,9.837534714E0
3.914008667E1,1.100212097E-1,1.776805115E-1,9.832004242E0,9.834225056E0
3.915011767E1,1.121168518E-1,1.781295776E-1,9.826465759E0,9.828719634E0
3.916014867E1,1.148112488E-1,1.791773987E-1,9.871671753E0,9.873965230E0
3.917018067E1,1.260379028E-1,2.026785278E-1,9.888287201E0,9.891167166E0
3.918021167E1,1.321751404E-1,1.947450256E-1,9.911488953E0,9.914283088E0
3.919024267E1,1.260379028E-1,2.022294617E-1,9.889484711E0,9.892355137E0
3.920027367E1,1.161584473E-1,2.050735474E-1,9.851912842E0,9.854731584E0
3.921030567E1,9.565109253E-2,2.101629639E-1,9.818681946E0,9.821396680E0
3.922033667E1,8.173004150E-2,2.031275940E-1,9.824519806E0,9.826959348E0
3.923036767E1,9.190887451E-2,2.206411743E-1,9.857151947E0,9.860049405E0
3.924039867E1,1.122665405E-1,2.273771667E-1,9.884994049E0,9.888246129E0
3.925043067E1,1.410067749E-1,2.368075562E-1,9.884245605E0,9.888087374E0
3.926046167E1,1.457968140E-1,2.498304749E-1,9.842482452E0,9.846732087E0
3.927049267E1,1.477427673E-1,2.356100464E-1,9.817484436E0,9.821422538E0
3.928052367E1,1.374142456E-1,2.293231201E-1,9.821825409E0,9.825463151E0
3.929055567E1,1.291813660E-1,2.032772827E-1,9.844278717E0,9.847224631E0
3.930058667E1,1.133143616E-1,1.833686829E-1,9.890682220E0,9.893030830E0
3.931061767E1,1.065783691E-1,1.583706665E-1,9.871222687E0,9.873068295E0
3.932064867E1,1.020877075E-1,1.625619507E-1,9.810898132E0,9.812775879E0
3.933067967E1,1.215472412E-1,1.531315613E-1,9.850116577E0,9.852056617E0
3.934071167E1,1.538800049E-1,1.582209778E-1,9.965825958E0,9.968269657E0
3.935074267E1,2.041754150E-1,1.535806274E-1,1.007734406E1,1.008058222E1
3.936077367E1,2.228865051E-1,1.703457642E-1,9.964927826E0,9.968875696E0
3.937080467E1,1.697470093E-1,1.689985657E-1,9.744885406E0,9.747828791E0
3.938083667E1,8.532257080E-2,1.532812500E-1,9.677525482E0,9.679115380E0
3.939086767E1,5.583389282E-2,1.616638184E-1,9.727072449E0,9.728576003E0
3.940089867E1,7.529342651E-2,1.636097717E-1,9.857601013E0,9.859246168E0
3.941092967E1,1.167572021E-1,1.577719116E-1,9.938881989E0,9.940819856E0
3.942096167E1,1.802252197E-1,1.562750244E-1,9.894274750E0,9.897149885E0
3.943099267E1,2.183958435E-1,1.784289551E-1,9.859996033E0,9.864028356E0
3.944102367E1,2.014810181E-1,2.065704346E-1,9.832752686E0,9.836985886E0
3.945105467E1,1.797761536E-1,2.203417969E-1,9.855355682E0,9.859457673E0
3.946108567E1,1.303788757E-1,2.505789185E-1,9.880503387E0,9.884540234E0
3.947111767E1,8.068222046E-2,2.532733154E-1,9.902357941E0,9.905924983E0
3.948114867E1,6.765930176E-2,2.746788025E-1,9.905800781E0,9.909839320E0
3.949117967E1,9.116043091E-2,2.897973633E-1,9.890682220E0,9.895346761E0
3.950121067E1,1.154100037E-1,2.914439392E-1,9.895472260E0,9.900435863E0
3.951124267E1,1.425036621E-1,2.936892700E-1,9.912686462E0,9.918059971E0
3.952127367E1,1.561253357E-1,2.716850281E-1,9.934690704E0,9.939631143E0
3.953130467E1,1.627116394E-1,2.543211365E-1,9.911638641E0,9.916235923E0
3.954133567E1,1.496887207E-1,2.086660767E-1,9.886940002E0,9.890274559E0
3.955136767E1,1.263372803E-1,1.601669312E-1,9.844428406E0,9.846541788E0
3.956139867E1,9.879455566E-2,1.282832336E-1,9.825268250E0,9.826602319E0
3.957142967E1,7.664062500E-2,9.954299927E-2,9.825867004E0,9.826670086E0
3.958146067E1,1.043330383E-1,8.053253174E-2,9.833351440E0,9.834234664E0
3.959149267E1,1.068777466E-1,8.637039185E-2,9.841734009E0,9.842693280E0
3.960152367E1,1.428030396E-1,1.248403931E-1,9.853409729E0,9.855235214E0
3.961155467E1,1.571731567E-1,1.585203552E-1,9.877808990E0,9.880331095E0
3.962158567E1,1.905537415E-1,1.763333130E-1,9.899513855E0,9.902917688E0
3.963161767E1,1.707948303E-1,2.062710571E-1,9.880952454E0,9.884580923E0
3.964164867E1,1.290316772E-1,2.134561157E-1,9.794282684E0,9.797458139E0
3.965167967E1,7.334747314E-2,2.451901245E-1,9.800719299E0,9.804060222E0
3.966171067E1,3.966751099E-2,2.510279846E-1,9.811047821E0,9.814338893E0
3.967174167E1,4.176315308E-2,2.565664673E-1,9.818981323E0,9.822421531E0
3.968177367E1,8.577163696E-2,2.290237427E-1,9.884994049E0,9.888018811E0
3.969180467E1,1.419049072E-1,2.154020691E-1,9.923464050E0,9.926815895E0
3.970183567E1,1.471440125E-1,1.899549866E-1,9.901609497E0,9.904524466E0
3.971186667E1,1.571731567E-1,1.848655701E-1,9.898466034E0,9.901439719E0
3.972189867E1,1.493893433E-1,2.007325745E-1,9.898765411E0,9.901927459E0
3.973192967E1,1.191522217E-1,2.062710571E-1,9.894125061E0,9.896992256E0
3.974196067E1,1.213975525E-1,2.179467773E-1,9.879605255E0,9.882754584E0
3.975199242E1,1.010398865E-1,2.148033142E-1,9.860594788E0,9.863451682E0
3.976202442E1,1.089733887E-1,2.442919922E-1,9.866282959E0,9.869908470E0
3.977205542E1,1.300794983E-1,2.454895020E-1,9.848470001E0,9.852387890E0
3.978208642E1,1.350192261E-1,2.348616028E-1,9.884994049E0,9.888705553E0
3.979211742E1,1.419049072E-1,2.236349487E-1,9.901908875E0,9.905450467E0
3.980214842E1,1.287322998E-1,2.046244812E-1,9.892927551E0,9.895880897E0
3.981218042E1,1.255888367E-1,1.859133911E-1,9.876012726E0,9.878560811E0
3.982221142E1,1.139131165E-1,1.874102783E-1,9.843979340E0,9.846422094E0
3.983224242E1,1.094224548E-1,1.618135071E-1,9.824519806E0,9.826461535E0
3.984227342E1,9.131011963E-2,1.586700439E-1,9.824519806E0,9.826225274E0
3.985230542E1,1.067280579E-1,1.603166199E-1,9.844428406E0,9.846312149E0
3.986233642E1,9.924362183E-2,1.498384094E-1,9.827363892E0,9.829007168E0
3.987236742E1,1.137634277E-1,1.652563477E-1,9.815388794E0,9.817439022E0
3.988239842E1,1.236428833E-1,1.675016785E-1,9.836943970E0,9.839146865E0
3.989243042E1,1.297801208E-1,1.710942078E-1,9.824519806E0,9.826866516E0
3.990246142E1,1.300794983E-1,1.889071655E-1,9.837991791E0,9.840665072E0
3.991249242E1,1.173559570E-1,2.073188782E-1,9.863289185E0,9.866165774E0
3.992252342E1,1.097218323E-1,2.019300842E-1,9.866133270E0,9.868809470E0
3.993255542E1,1.125659180E-1,2.098635864E-1,9.896969147E0,9.899833943E0
3.994258642E1,8.996292114E-2,2.279759216E-1,9.882748718E0,9.885787201E0
3.995261742E1,9.639953613E-2,2.154020691E-1,9.877659302E0,9.880477934E0
3.996264842E1,7.619155884E-2,2.284249878E-1,9.873318329E0,9.876254247E0
3.997268042E1,7.993377686E-2,2.368075562E-1,9.885592804E0,9.888751808E0
3.998271142E1,9.220825195E-2,2.570155334E-1,9.887688446E0,9.891458040E0
3.999274242E1,1.248403931E-1,2.992277527E-1,9.878707123E0,9.884026345E0
4.000277342E1,1.296304321E-1,3.089575195E-1,9.839488678E0,9.845191529E0
4.001280442E1,1.372645569E-1,3.013233948E-1,9.829609222E0,9.835184534E0
4.002283642E1,1.339714050E-1,2.811154175E-1,9.850116577E0,9.855037839E0
4.003286742E1,1.270857239E-1,2.463876343E-1,9.869576111E0,9.873469008E0
4.004289842E1,1.269360352E-1,2.234852600E-1,9.887838135E0,9.891177958E0
4.005292942E1,1.293310547E-1,1.781295776E-1,9.875264282E0,9.877717414E0
4.006296142E1,1.240919495E-1,1.799258423E-1,9.797875214E0,9.800312792E0
4.007299242E1,1.227447510E-1,1.802252197E-1,9.782756653E0,9.785186515E0
4.008302342E1,1.345701599E-1,1.895059204E-1,9.847272491E0,9.850015083E0
4.009305442E1,1.769320679E-1,2.118095398E-1,9.960886230E0,9.964708863E0
4.010308642E1,2.136058044E-1,2.192939758E-1,1.006132736E1,1.006598359E1
4.011311742E1,2.195933533E-1,2.192939758E-1,9.890532532E0,9.895400186E0
4.012314842E1,1.567240906E-1,2.113604736E-1,9.767189026E0,9.770732683E0
4.013317942E1,8.981323242E-2,2.002835083E-1,9.746531982E0,9.749003312E0
4.014321142E1,7.828720093E-2,2.234852600E-1,9.834548950E0,9.837399433E0
4.015324242E1,1.019380188E-1,2.216889954E-1,9.884994049E0,9.888005093E0
4.016327342E1,1.420545959E-1,2.146536255E-1,9.857900391E0,9.861260355E0
4.017330442E1,1.972897339E-1,2.390528870E-1,9.792636108E0,9.797540073E0
4.018333542E1,1.809736633E-1,2.588117981E-1,9.757608948E0,9.762718238E0
4.019336742E1,1.757345581E-1,3.008743286E-1,9.764045563E0,9.770260680E0
4.020339842E1,1.393601990E-1,3.138972473E-1,9.820478210E0,9.826481824E0
4.021342942E1,1.142124939E-1,3.414399719E-1,9.892328796E0,9.898878460E0
4.022346042E1,1.303788757E-1,3.597019958E-1,9.925859070E0,9.933230212E0
4.023349242E1,1.410067749E-1,3.462300110E-1,9.928104401E0,9.935140418E0
4.024352342E1,1.529818726E-1,3.338058472E-1,9.923014984E0,9.929806452E0
4.025355442E1,1.573228455E-1,2.971321106E-1,9.936636658E0,9.942322970E0
4.026358542E1,1.628613281E-1,2.631527710E-1,9.931846619E0,9.936666969E0
4.027361742E1,1.544787598E-1,2.285746765E-1,9.898765411E0,9.902609087E0
4.028364842E1,1.666035461E-1,2.243833923E-1,9.852661285E0,9.856624121E0
4.029367942E1,1.558259583E-1,2.260299683E-1,9.805808716E0,9.809651158E0
4.030371042E1,1.592687988E-1,2.236349487E-1,9.782606964E0,9.786458918E0
4.031374242E1,1.682501221E-1,2.294728088E-1,9.757159882E0,9.761308049E0
4.032377342E1,1.588197327E-1,2.442919922E-1,9.782307587E0,9.786646208E0
4.033380442E1,1.766326904E-1,2.332150269E-1,9.820478210E0,9.824834891E0
4.034383542E1,1.902543640E-1,2.266287231E-1,9.859696655E0,9.864135818E0
4.035386642E1,1.954934692E-1,2.396516418E-1,9.877509613E0,9.882350265E0
4.036389842E1,2.008822632E-1,2.624043274E-1,9.881102142E0,9.886626789E0
4.037392942E1,2.001338196E-1,2.727328491E-1,9.851314087E0,9.857120573E0
4.038396042E1,1.663041687E-1,3.010240173E-1,9.801168365E0,9.807200103E0
4.039399142E1,1.401086426E-1,3.252735901E-1,9.819580078E0,9.825964902E0
4.040402342E1,1.184037781E-1,3.345542908E-1,9.852810974E0,9.859200278E0
4.041405442E1,1.369651794E-1,3.261717224E-1,9.880653076E0,9.886984002E0
4.042408542E1,1.760339355E-1,3.285667419E-1,9.879006500E0,9.886036288E0
4.043411642E1,1.862127686E-1,3.044668579E-1,9.888736267E0,9.895174593E0
4.044414842E1,2.192939758E-1,2.847079468E-1,9.913734283E0,9.920245758E0
4.045417942E1,2.231858826E-1,2.736309814E-1,9.899364166E0,9.905659834E0
4.046421042E1,2.180964661E-1,2.743794250E-1,9.882898407E0,9.889111743E0
4.047424142E1,2.125579834E-1,2.938389587E-1,9.858199768E0,9.864868215E0
4.048427342E1,1.986369324E-1,2.896476746E-1,9.866133270E0,9.872382596E0
4.049430442E1,1.827699280E-1,3.071612549E-1,9.846224670E0,9.852709939E0
4.050433542E1,1.965412903E-1,3.115022278E-1,9.858648834E0,9.865526796E0
4.051436642E1,2.004331970E-1,3.153941345E-1,9.865085449E0,9.872160749E0
4.052439842E1,2.100132751E-1,3.285667419E-1,9.884395294E0,9.892084311E0
4.053442942E1,2.002835083E-1,3.308120728E-1,9.870474243E0,9.878046968E0
4.054446042E1,2.062710571E-1,3.465293884E-1,9.840835876E0,9.849095446E0
4.055449142E1,2.005828857E-1,3.300636292E-1,9.832602997E0,9.840185831E0
4.056452242E1,1.863624573E-1,3.070115662E-1,9.834698639E0,9.841254208E0
4.057455442E1,1.820214844E-1,3.002755737E-1,9.849218445E0,9.855475697E0
4.058458542E1,1.833686829E-1,2.637515259E-1,9.840237122E0,9.845478940E0
4.059461642E1,1.981878662E-1,2.406994629E-1,9.853409729E0,9.858341542E0
4.060464742E1,1.999841309E-1,2.350112915E-1,9.858948212E0,9.863776346E0
4.061467942E1,1.999841309E-1,2.405497742E-1,9.849218445E0,9.854184990E0
4.062471042E1,2.258802795E-1,2.583627319E-1,9.849368134E0,9.855345039E0
4.063474142E1,2.284249878E-1,2.583627319E-1,9.824070740E0,9.830121829E0
4.064477242E1,2.049238586E-1,2.606080627E-1,9.818382568E0,9.823978146E0
4.065480442E1,1.886077881E-1,2.529739380E-1,9.825417938E0,9.830483527E0
4.066483542E1,1.782792664E-1,2.603086853E-1,9.823172607E0,9.828238102E0
4.067486642E1,1.760339355E-1,2.695893860E-1,9.838141479E0,9.843408665E0
4.068489742E1,1.588197327E-1,2.818638611E-1,9.852062531E0,9.857373233E0
4.069492942E1,1.579216003E-1,3.038681030E-1,9.857002258E0,9.862949284E0
4.070496042E1,1.636097717E-1,3.275189209E-1,9.858349457E0,9.865145250E0
4.071499142E1,1.907034302E-1,3.655398560E-1,9.832153931E0,9.840794587E0
4.072502242E1,1.927990723E-1,3.951782227E-1,9.820777588E0,9.830615939E0
4.073505442E1,1.875599670E-1,4.093986511E-1,9.807604980E0,9.817937739E0
4.074508542E1,1.866618347E-1,3.902384949E-1,9.820777588E0,9.830300156E0
4.075511617E1,1.844165039E-1,3.656895447E-1,9.835297394E0,9.843821063E0
4.076514717E1,1.859133911E-1,3.174897766E-1,9.847571869E0,9.854442412E0
4.077517817E1,1.766326904E-1,3.008743286E-1,9.880204010E0,9.886362109E0
4.078521017E1,1.803749084E-1,2.733316040E-1,9.890831909E0,9.896251873E0
4.079524117E1,1.797761536E-1,2.475851440E-1,9.867480469E0,9.872223087E0
4.080527217E1,1.899549866E-1,2.424957275E-1,9.834848328E0,9.839671168E0
4.081530317E1,2.128573608E-1,2.570155334E-1,9.790540466E0,9.796226205E0
4.082533517E1,2.359094238E-1,2.644999695E-1,9.857900391E0,9.864269542E0
4.083536617E1,2.914439392E-1,2.465373230E-1,9.990374908E0,9.997665279E0
4.084539717E1,3.189866638E-1,2.463876343E-1,9.933343506E0,9.941517619E0
4.085542817E1,2.420466614E-1,2.677931213E-1,9.770332489E0,9.776998348E0
4.086546017E1,1.926493835E-1,2.728825378E-1,9.773176575E0,9.778883322E0
4.087549117E1,1.752854919E-1,2.691403198E-1,9.834399261E0,9.839642796E0
4.088552217E1,1.675016785E-1,2.923420715E-1,9.861193542E0,9.866947795E0
4.089555317E1,1.838177490E-1,2.972817993E-1,9.842183075E0,9.848387336E0
4.090558517E1,2.064207458E-1,3.107537842E-1,9.787097626E0,9.794205296E0
4.091561617E1,1.787283325E-1,3.273692322E-1,9.730066223E0,9.737212288E0
4.092564717E1,1.526824951E-1,3.453318787E-1,9.776619415E0,9.783907872E0
4.093567817E1,1.642085266E-1,3.577560425E-1,9.886640625E0,9.894474047E0
4.094571017E1,1.675016785E-1,3.709286499E-1,9.944420471E0,9.952745520E0
4.095574117E1,2.043251038E-1,3.767665100E-1,9.955347748E0,9.964569761E0
4.096577217E1,2.306703186E-1,3.655398560E-1,9.936337280E0,9.945734097E0
4.097580317E1,2.329156494E-1,3.444337463E-1,9.937085724E0,9.945780864E0
4.098583417E1,2.335144043E-1,3.053649902E-1,9.954599304E0,9.962019076E0
4.099586617E1,2.279759216E-1,2.784210205E-1,9.948761444E0,9.955267227E0
4.100589717E1,1.965412903E-1,2.624043274E-1,9.886940002E0,9.892374190E0
4.101592817E1,1.715432739E-1,2.484832764E-1,9.824370117E0,9.829009067E0
4.102595917E1,1.643582153E-1,2.595602417E-1,9.791438599E0,9.796257192E0
4.103599117E1,2.071691895E-1,2.707868958E-1,9.801168365E0,9.807096713E0
4.104602217E1,2.192939758E-1,2.722837830E-1,9.834099884E0,9.840312436E0
4.105605317E1,2.097138977E-1,2.706372070E-1,9.874216461E0,9.880150563E0
4.106608417E1,2.456391907E-1,2.805166626E-1,9.893675995E0,9.900699617E0
4.107611617E1,2.453398132E-1,2.782713318E-1,9.887089691E0,9.894047156E0
4.108614717E1,2.269281006E-1,2.912942505E-1,9.866133270E0,9.873040788E0
4.109617817E1,2.269281006E-1,2.911445618E-1,9.820478210E0,9.827413383E0
4.110620917E1,1.838177490E-1,2.912942505E-1,9.777517548E0,9.783582713E0
4.111624117E1,1.793270874E-1,3.103047180E-1,9.774972839E0,9.781540841E0
4.112627217E1,1.639091492E-1,3.279679871E-1,9.797276459E0,9.804134598E0
4.113630317E1,1.905537415E-1,3.453318787E-1,9.855655060E0,9.863544064E0
4.114633417E1,2.168989563E-1,3.296145630E-1,9.896969147E0,9.904831609E0
4.115636617E1,2.460882568E-1,3.197351074E-1,9.884544983E0,9.892776126E0
4.116639717E1,2.374063110E-1,3.134481812E-1,9.875713348E0,9.883538114E0
4.117642817E1,2.439926147E-1,3.049159241E-1,9.893376617E0,9.901081103E0
4.118645917E1,2.433938599E-1,3.242257690E-1,9.899214478E0,9.907512816E0
4.119649017E1,2.414479065E-1,3.351530457E-1,9.917476501E0,9.926074995E0
4.120652217E1,2.390528870E-1,3.496728516E-1,9.895921326E0,9.904982396E0
4.121655317E1,2.365081787E-1,3.649411011E-1,9.881850586E0,9.891414920E0
4.122658417E1,2.516267395E-1,3.749702454E-1,9.879605255E0,9.889920055E0
4.123661517E1,2.516267395E-1,3.653901672E-1,9.883048096E0,9.893000842E0
4.124664717E1,2.399510193E-1,3.622467041E-1,9.883646851E0,9.893193328E0
4.125667817E1,2.424957275E-1,3.459306335E-1,9.881551208E0,9.890577661E0
4.126670917E1,2.366578674E-1,3.263214111E-1,9.836943970E0,9.845199809E0
4.127674017E1,2.213896179E-1,3.308120728E-1,9.826166382E0,9.834225732E0
4.128677217E1,2.186952209E-1,3.098556519E-1,9.790241089E0,9.797584330E0
4.129680317E1,1.929487610E-1,2.868035889E-1,9.793983307E0,9.800081354E0
4.130683417E1,1.959425354E-1,2.709365845E-1,9.830357666E0,9.836042494E0
4.131686517E1,2.236349487E-1,2.712359619E-1,9.838141479E0,9.844420212E0
4.132689717E1,2.314187622E-1,2.604583740E-1,9.866133270E0,9.872283369E0
4.133692817E1,2.362088013E-1,2.601589966E-1,9.855056305E0,9.861318983E0
4.134695917E1,2.305206299E-1,2.462379456E-1,9.827962646E0,9.833749166E0
4.135699017E1,2.478845215E-1,2.478845215E-1,9.846224670E0,9.852463333E0
4.136702217E1,2.233355713E-1,2.613565063E-1,9.840536499E0,9.846539727E0
4.137705317E1,2.225871277E-1,2.682421875E-1,9.825717316E0,9.831898070E0
4.138708417E1,2.110610962E-1,2.881507874E-1,9.835447083E0,9.841930551E0
4.139711517E1,2.212399292E-1,3.058140564E-1,9.859696655E0,9.866918844E0
4.140714717E1,2.472857666E-1,3.474275208E-1,9.881850586E0,9.891047828E0
4.141717817E1,2.384541321E-1,3.641926575E-1,9.877958679E0,9.887545921E0
4.142720917E1,2.453398132E-1,3.936813354E-1,9.885293427E0,9.896171115E0
4.143724017E1,2.392025757E-1,4.055067444E-1,9.893675995E0,9.904871442E0
4.144727117E1,2.095642090E-1,4.077520752E-1,9.878557434E0,9.889189850E0
4.145730317E1,1.936972046E-1,4.120930481E-1,9.857151947E0,9.867663543E0
4.146733417E1,1.996847534E-1,3.775149536E-1,9.826914825E0,9.836190651E0
4.147736517E1,2.043251038E-1,3.652404785E-1,9.843979340E0,9.852871591E0
4.148739617E1,2.293231201E-1,3.520678711E-1,9.848320312E0,9.857279232E0
4.149742817E1,2.546205139E-1,3.532653809E-1,9.865534515E0,9.875140470E0
4.150745917E1,2.649490356E-1,3.427871704E-1,9.853559418E0,9.863079348E0
4.151749017E1,2.818638611E-1,3.354524231E-1,9.825717316E0,9.835481500E0
4.152752117E1,3.135978699E-1,2.990780640E-1,9.888436890E0,9.897927835E0
4.153755317E1,3.296145630E-1,2.680924988E-1,9.975106659E0,9.984151051E0
4.154758417E1,3.150947571E-1,2.721340942E-1,9.838291168E0,9.847096769E0
4.155761517E1,2.703378296E-1,2.595602417E-1,9.741442566E0,9.748649000E0
4.156764617E1,2.246827698E-1,2.595602417E-1,9.802515564E0,9.808525131E0
4.157767817E1,2.305206299E-1,2.540217590E-1,9.837093658E0,9.843072613E0
4.158770917E1,2.444416809E-1,2.639012146E-1,9.874964905E0,9.881514431E0
4.159774017E1,2.481838989E-1,2.914439392E-1,9.882898407E0,9.890309183E0
4.160777117E1,2.713856506E-1,3.306623840E-1,9.861193542E0,9.870467358E0
4.161780317E1,3.020718384E-1,3.851490784E-1,9.871522064E0,9.883649886E0
4.162783417E1,3.049159241E-1,4.272116089E-1,9.892179108E0,9.906093629E0
4.163786517E1,3.118016052E-1,4.465214539E-1,9.877210236E0,9.892213286E0
4.164789617E1,3.034190369E-1,4.785548401E-1,9.833800507E0,9.850112195E0
4.165792817E1,2.926414490E-1,4.986131287E-1,9.828561401E0,9.845550939E0
4.166795917E1,2.779719543E-1,4.643344116E-1,9.849667511E0,9.864523553E0
4.167799017E1,2.402503967E-1,4.029620361E-1,9.911039886E0,9.922137385E0
4.168802117E1,2.118095398E-1,3.689826965E-1,9.927355957E0,9.936468578E0
4.169805217E1,2.040257263E-1,3.553610229E-1,9.906848602E0,9.915319318E0
4.170808417E1,2.191442871E-1,3.516188049E-1,9.867779846E0,9.876474021E0
4.171811517E1,2.546205139E-1,3.760180664E-1,9.833201752E0,9.843682130E0
4.172814617E1,2.766247559E-1,3.870950317E-1,9.815538483E0,9.827062609E0
4.173817717E1,3.085084534E-1,3.968247986E-1,9.778565369E0,9.791475275E0
4.174820917E1,3.382965088E-1,4.005670166E-1,9.786498871E0,9.800533588E0
4.175824067E1,3.312611389E-1,3.954776001E-1,9.787397003E0,9.800983449E0
4.176827167E1,3.095562744E-1,3.841012573E-1,9.813891907E0,9.826282777E0
4.177830267E1,2.977308655E-1,3.733236694E-1,9.840835876E0,9.852414170E0
4.178833467E1,2.712359619E-1,3.671864319E-1,9.836794281E0,9.847381203E0
4.179836567E1,2.498304749E-1,3.553610229E-1,9.839488678E0,9.849072757E0
4.180839667E1,2.433938599E-1,3.505709839E-1,9.839039612E0,9.848291277E0
4.181842767E1,2.583627319E-1,3.769161987E-1,9.820927277E0,9.831552761E0
4.182845967E1,2.643502808E-1,4.239184570E-1,9.832004242E0,9.844688687E0
4.183849067E1,3.092568970E-1,4.409829712E-1,9.847721558E0,9.862440149E0
4.184852167E1,3.688330078E-1,4.541555786E-1,9.849966888E0,9.867327033E0
4.185855267E1,3.742218018E-1,4.218228149E-1,9.850266266E0,9.866393564E0
4.186858467E1,3.543132019E-1,4.230203247E-1,9.882449341E0,9.897842644E0
4.187861567E1,3.204835510E-1,4.052073669E-1,9.896669769E0,9.910145066E0
4.188864667E1,2.836601257E-1,3.957769775E-1,9.895023193E0,9.906996845E0
4.189867767E1,2.680924988E-1,4.008663940E-1,9.892628174E0,9.904375782E0
4.190870967E1,2.797682190E-1,4.025129700E-1,9.865833893E0,9.878004118E0
4.191874067E1,2.942880249E-1,4.328997803E-1,9.843380585E0,9.857289130E0
4.192877167E1,3.100053406E-1,4.605921936E-1,9.816885681E0,9.832573059E0
4.193880267E1,2.956352234E-1,4.592449951E-1,9.842632141E0,9.857774273E0
4.194883367E1,2.902464294E-1,4.465214539E-1,9.852212219E0,9.866595665E0
4.195886567E1,2.897973633E-1,4.267625427E-1,9.874066772E0,9.887532726E0
4.196889667E1,2.779719543E-1,4.179309082E-1,9.863588562E0,9.876351248E0
4.197892767E1,2.755769348E-1,3.930825806E-1,9.846224670E0,9.857920512E0
4.198895867E1,2.725831604E-1,3.803590393E-1,9.814790039E0,9.825939044E0
4.199899067E1,2.833607483E-1,3.617976379E-1,9.811047821E0,9.821804834E0
4.200902167E1,2.839595032E-1,3.456312561E-1,9.820777588E0,9.830959587E0
4.201905267E1,2.883004761E-1,3.359014893E-1,9.827812958E0,9.837776909E0
4.202908367E1,3.007246399E-1,3.302133179E-1,9.828262024E0,9.838404879E0
4.203911567E1,2.981799316E-1,3.344046021E-1,9.824819183E0,9.835029725E0
4.204914667E1,2.836601257E-1,3.311114502E-1,9.828411713E0,9.838077793E0
4.205917767E1,2.797682190E-1,3.393443298E-1,9.828561401E0,9.838396417E0
4.206920867E1,2.883004761E-1,3.579057312E-1,9.850266266E0,9.860981654E0
4.207924067E1,2.902464294E-1,3.736230469E-1,9.886191559E0,9.897505782E0
4.208927167E1,3.143463135E-1,4.143383789E-1,9.869576111E0,9.883269829E0
4.209930267E1,3.158432007E-1,4.391867065E-1,9.846823425E0,9.861671940E0
4.210933367E1,3.350033569E-1,4.592449951E-1,9.789193268E0,9.805683966E0
4.211936567E1,3.097059631E-1,4.788542175E-1,9.772727509E0,9.789352486E0
4.212939667E1,3.070115662E-1,4.661306763E-1,9.794432373E0,9.810323105E0
4.213942767E1,2.787203979E-1,4.507127380E-1,9.845625916E0,9.859877114E0
4.214945867E1,2.667453003E-1,4.149371338E-1,9.899962921E0,9.912244535E0
4.215949067E1,2.838098145E-1,3.998185730E-1,9.920320587E0,9.932429887E0
4.216952167E1,2.826123047E-1,4.086502075E-1,9.892777863E0,9.905247021E0
4.217955267E1,3.059637451E-1,4.324507141E-1,9.827663269E0,9.841930337E0
4.218958367E1,3.047662354E-1,4.282594299E-1,9.773475952E0,9.787600359E0
4.219961567E1,3.079096985E-1,4.146377563E-1,9.802365875E0,9.815961981E0
4.220964667E1,3.122506714E-1,3.712280273E-1,9.897418213E0,9.909298563E0
4.221967767E1,3.429368591E-1,3.317102051E-1,9.938881989E0,9.950327257E0
4.222970867E1,3.156935120E-1,3.162922668E-1,9.795929260E0,9.806117135E0
4.223973967E1,2.585124207E-1,3.103047180E-1,9.730814667E0,9.739192562E0
4.224977167E1,2.418969727E-1,3.091072083E-1,9.763596497E0,9.771482895E0
4.225980267E1,2.535726929E-1,3.017724609E-1,9.814939728E0,9.822851296E0
4.226983367E1,2.462379456E-1,2.971321106E-1,9.866282959E0,9.873827021E0
4.227986467E1,2.788700867E-1,3.348536682E-1,9.852212219E0,9.861844712E0
4.228989667E1,3.168910217E-1,4.149371338E-1,9.819430389E0,9.833300866E0
4.229992767E1,3.523672485E-1,4.974156189E-1,9.784552917E0,9.803522876E0
4.230995867E1,3.722758484E-1,5.364843750E-1,9.791438599E0,9.813188810E0
4.231998967E1,3.709286499E-1,5.502557373E-1,9.784103851E0,9.806582362E0
4.233002167E1,3.305126953E-1,5.159770203E-1,9.820178833E0,9.839277577E0
4.234005267E1,2.820135498E-1,4.635859680E-1,9.912985840E0,9.927826139E0
4.235008367E1,2.219883728E-1,4.020639038E-1,9.982142029E0,9.992702022E0
4.236011467E1,1.916015625E-1,3.481759644E-1,1.000085312E1,1.000874621E1
4.237014667E1,1.990859985E-1,3.200344849E-1,9.954599304E0,9.961732009E0
4.238017767E1,2.207908630E-1,3.252735901E-1,9.894873505E0,9.902680101E0
4.239020867E1,2.945874023E-1,3.519181824E-1,9.815688171E0,9.826411472E0
4.240023967E1,3.402424622E-1,3.806584167E-1,9.767787781E0,9.781121812E0
4.241027167E1,3.595523071E-1,4.102967834E-1,9.737550659E0,9.752820831E0
4.242030267E1,3.754193115E-1,4.236190796E-1,9.727222137E0,9.743677093E0
4.243033367E1,3.561094666E-1,4.227209473E-1,9.739496613E0,9.755167924E0
4.244036467E1,3.213816833E-1,4.152365112E-1,9.761949921E0,9.776061262E0
4.245039667E1,2.676434326E-1,3.652404785E-1,9.823022919E0,9.833453761E0
4.246042767E1,2.396516418E-1,3.357518005E-1,9.898016968E0,9.906609010E0
4.247045867E1,2.383044434E-1,3.251239014E-1,9.951156464E0,9.959317724E0
4.248048967E1,2.737806702E-1,3.335064697E-1,9.962233429E0,9.971573462E0
4.249052067E1,3.107537842E-1,3.634442139E-1,9.906399536E0,9.917933826E0
4.250055267E1,3.206332397E-1,3.998185730E-1,9.859397278E0,9.872708607E0
4.251058367E1,3.155438232E-1,4.400848389E-1,9.847871246E0,9.862748636E0
4.252061467E1,3.341052246E-1,4.599934387E-1,9.845176849E0,9.861578345E0
4.253064567E1,3.516188049E-1,4.361929321E-1,9.803862762E0,9.819858712E0
4.254067767E1,3.341052246E-1,4.068539429E-1,9.813442841E0,9.827553959E0
4.255070867E1,3.079096985E-1,3.653901672E-1,9.824819183E0,9.836431789E0
4.256073967E1,2.891986084E-1,3.305126953E-1,9.839488678E0,9.849284843E0
4.257077067E1,2.564167786E-1,3.200344849E-1,9.858648834E0,9.867174290E0
4.258080267E1,2.481838989E-1,3.275189209E-1,9.841883698E0,9.850458802E0
4.259083367E1,2.585124207E-1,3.412902832E-1,9.871372375E0,9.880652828E0
4.260086467E1,2.888992310E-1,3.775149536E-1,9.870174866E0,9.881615869E0
4.261089567E1,3.109034729E-1,4.297563171E-1,9.861193542E0,9.875448827E0
4.262092767E1,3.218307495E-1,4.694238281E-1,9.834548950E0,9.851004356E0
4.263095867E1,3.061134338E-1,4.766088867E-1,9.824819183E0,9.841134764E0
4.264098967E1,2.835104370E-1,4.505630493E-1,9.846224670E0,9.860604722E0
4.265102067E1,2.574645996E-1,4.281097412E-1,9.849517822E0,9.862178629E0
4.266105267E1,2.486329651E-1,3.653901672E-1,9.836494904E0,9.846418654E0
4.267108367E1,2.628533936E-1,3.344046021E-1,9.856553192E0,9.865726490E0
4.268111467E1,2.746788025E-1,3.101550293E-1,9.858648834E0,9.867350274E0
4.269114567E1,2.856060791E-1,2.785707092E-1,9.851763153E0,9.859838219E0
4.270117767E1,2.933898926E-1,2.799179077E-1,9.845176849E0,9.853524185E0
4.271120867E1,3.032693481E-1,2.869532776E-1,9.827214203E0,9.836079172E0
4.272123967E1,2.719844055E-1,2.944377136E-1,9.837991791E0,9.846154151E0
4.273127067E1,2.683918762E-1,3.025209045E-1,9.860145721E0,9.868435881E0
4.274130267E1,2.868035889E-1,3.079096985E-1,9.869426422E0,9.878392713E0
4.275133367E1,2.695893860E-1,3.106040955E-1,9.857750702E0,9.866326684E0
4.276136454E1,2.591111755E-1,2.974314880E-1,9.862840118E0,9.870725368E0
4.277139554E1,2.619552612E-1,3.082090759E-1,9.866432648E0,9.874720583E0
4.278142754E1,2.502795410E-1,3.411405945E-1,9.864786072E0,9.873855427E0
4.279145854E1,2.471360779E-1,3.805087280E-1,9.876761169E0,9.887177268E0
4.280148954E1,2.432441711E-1,4.159849548E-1,9.849218445E0,9.860999705E0
4.281152054E1,2.399510193E-1,4.372407532E-1,9.811646576E0,9.824314963E0
4.282155154E1,2.395019531E-1,4.391867065E-1,9.802515564E0,9.815271648E0
4.283158354E1,2.588117981E-1,4.192781067E-1,9.810748444E0,9.823113697E0
4.284161454E1,2.517764282E-1,3.885919189E-1,9.857750702E0,9.868619151E0
4.285164554E1,2.689906311E-1,3.607498169E-1,9.896819458E0,9.907044553E0
4.286167654E1,2.829116821E-1,3.528163147E-1,9.873617706E0,9.883969090E0
4.287170854E1,2.698887634E-1,3.454815674E-1,9.866133270E0,9.875868730E0
4.288173954E1,2.865042114E-1,3.450325012E-1,9.869875488E0,9.880059425E0
4.289177054E1,2.924917603E-1,3.264710999E-1,9.872120819E0,9.881847210E0
4.290180154E1,3.150947571E-1,3.138972473E-1,9.948162689E0,9.958100074E0
4.291183354E1,3.641926575E-1,2.865042114E-1,9.959688721E0,9.970462395E0
4.292186454E1,3.369493103E-1,2.808160400E-1,9.799970856E0,9.809781917E0
4.293189554E1,2.662962341E-1,2.817141724E-1,9.746082916E0,9.753789457E0
4.294192654E1,2.436932373E-1,2.559677124E-1,9.780661011E0,9.787044277E0
4.295195854E1,2.445913696E-1,2.402503967E-1,9.839488678E0,9.845460001E0
4.296198954E1,2.281256104E-1,2.412982178E-1,9.869276733E0,9.874861486E0
4.297202054E1,2.267784119E-1,2.692900085E-1,9.832602997E0,9.838903763E0
4.298205154E1,2.386038208E-1,3.329077148E-1,9.780810699E0,9.789382885E0
4.299208354E1,2.600093079E-1,3.954776001E-1,9.789642334E0,9.801076696E0
4.300211454E1,2.874023438E-1,4.370910645E-1,9.796977081E0,9.810933118E0
4.301214554E1,3.183879089E-1,4.769082642E-1,9.857151947E0,9.873816732E0
4.302217654E1,3.462300110E-1,4.599934387E-1,9.917476501E0,9.934173813E0
4.303220854E1,3.333567810E-1,4.412823486E-1,9.955497437E0,9.970846808E0
4.304223954E1,2.793191528E-1,3.921844482E-1,9.963730316E0,9.975357119E0
4.305227054E1,2.047741699E-1,3.360511780E-1,9.961335297E0,9.969105464E0
4.306230154E1,1.531315613E-1,3.028202820E-1,9.925859070E0,9.931657851E0
4.307233354E1,1.417552185E-1,2.884501648E-1,9.867929535E0,9.873162176E0
4.308236454E1,1.689985657E-1,2.821632385E-1,9.832902374E0,9.838401583E0
4.309239554E1,2.146536255E-1,2.999761963E-1,9.815388794E0,9.822317398E0
4.310242654E1,2.556683350E-1,3.168910217E-1,9.822274475E0,9.830710151E0
4.311245854E1,3.131488037E-1,3.399430847E-1,9.808952179E0,9.819835351E0
4.312248954E1,3.652404785E-1,3.568579102E-1,9.835447083E0,9.848693695E0
4.313252054E1,3.558100891E-1,3.570075989E-1,9.861941986E0,9.874814175E0
4.314255154E1,3.140469360E-1,3.351530457E-1,9.878407745E0,9.889079463E0
4.315258354E1,2.652484131E-1,3.177891541E-1,9.890233154E0,9.898891782E0
4.316261454E1,2.221380615E-1,3.020718384E-1,9.882599030E0,9.889709616E0
4.317264554E1,2.089654541E-1,2.996768188E-1,9.865983582E0,9.872745555E0
4.318267654E1,2.055226135E-1,3.007246399E-1,9.827214203E0,9.833962266E0
4.319270754E1,2.219883728E-1,3.165916443E-1,9.777068481E0,9.784711401E0
4.320273954E1,2.116598511E-1,3.502716064E-1,9.777966614E0,9.786527535E0
4.321277054E1,2.318678284E-1,3.782633972E-1,9.789193268E0,9.799242355E0
4.322280154E1,2.906954956E-1,3.776646423E-1,9.850266266E0,9.861788882E0
4.323283254E1,3.291654968E-1,3.472778320E-1,9.911788330E0,9.923331080E0
4.324286454E1,3.411405945E-1,3.228785706E-1,9.920769653E0,9.931882903E0
4.325289554E1,3.138972473E-1,3.010240173E-1,9.895472260E0,9.905024895E0
4.326292654E1,2.797682190E-1,2.960842896E-1,9.865983582E0,9.874389510E0
4.327295754E1,2.564167786E-1,3.089575195E-1,9.875713348E0,9.883871633E0
4.328298954E1,2.311193848E-1,3.300636292E-1,9.868677979E0,9.876900486E0
4.329302054E1,2.234852600E-1,3.619473267E-1,9.846673737E0,9.855857913E0
4.330305154E1,2.459385681E-1,3.821553040E-1,9.842332764E0,9.852819022E0
4.331308254E1,2.706372070E-1,3.885919189E-1,9.847871246E0,9.859250289E0
4.332311454E1,2.703378296E-1,3.844006348E-1,9.889784088E0,9.900943172E0
4.333314554E1,2.547702026E-1,3.495231628E-1,9.909992065E0,9.919426245E0
4.334317654E1,2.417472839E-1,3.242257690E-1,9.906100159E0,9.914352447E0
4.335320754E1,2.194436646E-1,3.264710999E-1,9.872120819E0,9.879954877E0
4.336323954E1,2.035766602E-1,2.897973633E-1,9.848470001E0,9.854835733E0
4.337327054E1,2.116598511E-1,2.939886475E-1,9.831704865E0,9.838376378E0
4.338330154E1,2.293231201E-1,2.893482971E-1,9.830806732E0,9.837737165E0
4.339333254E1,2.378553772E-1,2.779719543E-1,9.806407471E0,9.813229390E0
4.340336454E1,2.498304749E-1,2.679428101E-1,9.804012451E0,9.810854640E0
4.341339554E1,2.445913696E-1,2.811154175E-1,9.817933502E0,9.825002243E0
4.342342654E1,2.404000854E-1,2.896476746E-1,9.832153931E0,9.839356630E0
4.343345754E1,2.321672058E-1,2.784210205E-1,9.875863037E0,9.882514387E0
4.344348954E1,2.380050659E-1,2.832110596E-1,9.867330780E0,9.874263093E0
4.345352054E1,2.378553772E-1,3.047662354E-1,9.839788055E0,9.847379683E0
4.346355154E1,2.354603577E-1,2.996768188E-1,9.832752686E0,9.840135830E0
4.347358254E1,2.345622253E-1,3.085084534E-1,9.829010468E0,9.836647990E0
4.348361454E1,2.261796570E-1,3.192860413E-1,9.836494904E0,9.844274112E0
4.349364554E1,2.151026917E-1,3.144960022E-1,9.841883698E0,9.849256399E0
4.350367654E1,2.058219910E-1,3.107537842E-1,9.844129028E0,9.851183022E0
4.351370754E1,2.275268555E-1,3.397933960E-1,9.896370392E0,9.904815746E0
4.352373954E1,2.454895020E-1,3.579057312E-1,9.911938019E0,9.921435224E0
4.353377054E1,2.432441711E-1,3.686833191E-1,9.892777863E0,9.902633435E0
4.354380154E1,2.454895020E-1,3.842509460E-1,9.846673737E0,9.857225652E0
4.355383254E1,2.540217590E-1,3.683839417E-1,9.814490662E0,9.824686292E0
4.356386454E1,2.495310974E-1,3.454815674E-1,9.812095642E0,9.821346352E0
4.357389554E1,2.389031982E-1,3.062631226E-1,9.843829651E0,9.851489940E0
4.358392654E1,2.433938599E-1,2.980302429E-1,9.896669769E0,9.904147370E0
4.359395754E1,2.375559998E-1,2.794688416E-1,9.878707123E0,9.885514155E0
4.360398954E1,2.472857666E-1,2.962339783E-1,9.833351440E0,9.840919945E0
4.361402054E1,2.281256104E-1,2.853067017E-1,9.797575836E0,9.804383381E0
4.362405154E1,2.315684509E-1,2.814147949E-1,9.829309845E0,9.836063759E0
4.363408254E1,2.433938599E-1,2.803669739E-1,9.946067047E0,9.952994319E0
4.364411354E1,2.757266235E-1,2.739303589E-1,1.000145187E1,1.000900108E1
4.365414554E1,2.862048340E-1,2.603086853E-1,9.888436890E0,9.896002119E0
4.366417654E1,2.145039368E-1,2.824626160E-1,9.714498596E0,9.720971147E0
4.367420754E1,1.582209778E-1,2.770738220E-1,9.708361359E0,9.713603042E0
4.368423854E1,1.601669312E-1,2.701881409E-1,9.817484436E0,9.822507609E0
4.369427054E1,1.769320679E-1,2.541714478E-1,9.894125061E0,9.898970593E0
4.370430154E1,1.996847534E-1,2.610571289E-1,9.903256073E0,9.908708577E0
4.371433254E1,2.308200073E-1,2.862048340E-1,9.818681946E0,9.825563914E0
4.372436354E1,2.535726929E-1,3.460803223E-1,9.784403229E0,9.793805044E0
4.373439554E1,2.662962341E-1,4.016148376E-1,9.791887665E0,9.803737665E0
4.374442654E1,2.776725769E-1,4.275109863E-1,9.796977081E0,9.810230764E0
4.375445817E1,2.633024597E-1,4.417314148E-1,9.859996033E0,9.873397419E0
4.376448917E1,2.769241333E-1,4.192781067E-1,9.908495178E0,9.921227636E0
4.377452117E1,2.751278687E-1,4.064048767E-1,9.926308136E0,9.938433150E0
4.378455217E1,2.474354553E-1,3.568579102E-1,9.958640900E0,9.968104155E0
4.379458317E1,2.158511353E-1,3.086581421E-1,9.969867554E0,9.976979533E0
4.380461417E1,1.886077881E-1,2.796185303E-1,9.929152222E0,9.934879127E0
4.381464617E1,1.794767761E-1,2.667453003E-1,9.886191559E0,9.891417922E0
4.382467717E1,2.109114075E-1,2.706372070E-1,9.834848328E0,9.840831761E0
4.383470817E1,2.174977112E-1,2.860551453E-1,9.818981323E0,9.825554795E0
4.384473917E1,2.395019531E-1,2.986289978E-1,9.808054047E0,9.815521619E0
4.385477117E1,2.670446777E-1,3.010240173E-1,9.811796265E0,9.820044514E0
4.386480217E1,2.655477905E-1,2.791694641E-1,9.842033386E0,9.849572193E0
4.387483317E1,2.606080627E-1,2.832110596E-1,9.841135254E0,9.848658190E0
4.388486417E1,2.317181396E-1,2.815644836E-1,9.846374359E0,9.853124371E0
4.389489617E1,2.203417969E-1,2.869532776E-1,9.839338989E0,9.845988241E0
4.390492717E1,2.233355713E-1,2.974314880E-1,9.830058289E0,9.837092570E0
4.391495817E1,2.216889954E-1,3.230282593E-1,9.847721558E0,9.855511815E0
4.392498917E1,2.242337036E-1,3.285667419E-1,9.837093658E0,9.845133239E0
4.393502117E1,2.182461548E-1,3.409909058E-1,9.813442841E0,9.821790395E0
4.394505217E1,2.077679443E-1,3.650907898E-1,9.835596771E0,9.844563101E0
4.395508317E1,2.140548706E-1,3.746708679E-1,9.843081207E0,9.852534973E0
4.396511417E1,2.426454163E-1,3.721261597E-1,9.878108368E0,9.888092819E0
4.397514617E1,2.817141724E-1,3.495231628E-1,9.914333038E0,9.924491368E0
4.398517717E1,2.856060791E-1,3.335064697E-1,9.870773621E0,9.880534867E0
4.399520817E1,2.668949890E-1,3.125500488E-1,9.862091675E0,9.870652089E0
4.400523917E1,2.498304749E-1,3.043171692E-1,9.874964905E0,9.882811142E0
4.401527117E1,2.260299683E-1,3.073109436E-1,9.888736267E0,9.896091881E0
4.402530217E1,2.284249878E-1,3.182382202E-1,9.883497162E0,9.891257235E0
4.403533317E1,2.171983337E-1,3.318598938E-1,9.870474243E0,9.878439547E0
4.404536417E1,2.477348328E-1,3.540138245E-1,9.874366150E0,9.883815316E0
4.405539617E1,2.619552612E-1,3.866459656E-1,9.858499146E0,9.869555262E0
4.406542717E1,2.365081787E-1,3.658392334E-1,9.882000275E0,9.891597641E0
4.407545817E1,2.142045593E-1,3.652404785E-1,9.883796539E0,9.892861984E0
4.408548917E1,2.152523804E-1,3.393443298E-1,9.849517822E0,9.857712183E0
4.409552117E1,2.071691895E-1,3.129991150E-1,9.815388794E0,9.822563041E0
4.410555217E1,2.091151428E-1,3.104544067E-1,9.815089417E0,9.822224358E0
4.411558317E1,2.176473999E-1,2.797682190E-1,9.825717316E0,9.832108696E0
4.412561417E1,2.191442871E-1,2.564167786E-1,9.833201752E0,9.838985236E0
4.413564617E1,2.348616028E-1,2.359094238E-1,9.854906616E0,9.860527250E0
4.414567717E1,2.395019531E-1,2.402503967E-1,9.832303619E0,9.838154090E0
4.415570817E1,2.402503967E-1,2.466870117E-1,9.841135254E0,9.847157855E0
4.416573917E1,2.261796570E-1,2.600093079E-1,9.838141479E0,9.844175428E0
4.417577017E1,2.377056885E-1,2.692900085E-1,9.840536499E0,9.847089910E0
4.418580217E1,2.308200073E-1,2.903961182E-1,9.858499146E0,9.865475821E0
4.419583317E1,2.324665833E-1,3.079096985E-1,9.843380585E0,9.850938556E0
4.420586417E1,2.424957275E-1,3.218307495E-1,9.848020935E0,9.856261743E0
4.421589517E1,2.378553772E-1,3.421884155E-1,9.847721558E0,9.856535292E0
4.422592717E1,2.106120300E-1,3.382965088E-1,9.831255798E0,9.839328866E0
4.423595817E1,2.164498901E-1,3.321592712E-1,9.833800507E0,9.841789103E0
4.424598917E1,2.104623413E-1,3.252735901E-1,9.844727783E0,9.852348067E0
4.425602017E1,1.935475159E-1,3.177891541E-1,9.848470001E0,9.855496535E0
4.426605217E1,1.922003174E-1,3.158432007E-1,9.841584320E0,9.848526784E0
4.427608317E1,1.874102783E-1,3.132984924E-1,9.873318329E0,9.880065454E0
4.428611417E1,1.962419128E-1,3.203338623E-1,9.893376617E0,9.900506329E0
4.429614517E1,2.338137817E-1,3.418890381E-1,9.925110626E0,9.933749440E0
4.430617717E1,2.387535095E-1,3.508703613E-1,9.894274750E0,9.903372460E0
4.431620817E1,2.421963501E-1,3.529660034E-1,9.837393036E0,9.846702281E0
4.432623917E1,2.398013306E-1,3.456312561E-1,9.806856537E0,9.815874937E0
4.433627017E1,2.330653381E-1,3.266207886E-1,9.812694397E0,9.820894660E0
4.434630217E1,2.326162720E-1,3.076103210E-1,9.831555176E0,9.839116404E0
4.435633317E1,2.170486450E-1,3.056643677E-1,9.862540741E0,9.869663150E0
4.436636417E1,2.198927307E-1,2.971321106E-1,9.859996033E0,9.866922624E0
4.437639517E1,2.300715637E-1,2.996768188E-1,9.826615448E0,9.833875649E0
4.438642717E1,2.164498901E-1,2.794688416E-1,9.801168365E0,9.807540707E0
4.439645817E1,1.992356873E-1,2.868035889E-1,9.809401245E0,9.815615312E0
4.440648917E1,2.378553772E-1,2.820135498E-1,9.910441132E0,9.917305594E0
4.441652017E1,2.728825378E-1,2.601589966E-1,1.004516098E1,1.005223392E1
4.442655217E1,3.076103210E-1,2.770738220E-1,9.967322845E0,9.975916936E0
4.443658317E1,2.544708252E-1,3.122506714E-1,9.777068481E0,9.785362741E0
4.444661417E1,1.836680603E-1,3.227288818E-1,9.684710541E0,9.691826770E0
4.445664517E1,1.621128845E-1,3.201841736E-1,9.752070465E0,9.758671879E0
4.446667717E1,1.712438965E-1,3.077600098E-1,9.864037628E0,9.870323147E0
4.447670817E1,2.049238586E-1,2.752775574E-1,9.902208252E0,9.908153198E0
4.448673917E1,2.267784119E-1,2.700384521E-1,9.842033386E0,9.848348612E0
4.449677017E1,2.284249878E-1,2.981799316E-1,9.767189026E0,9.774408970E0
4.450680217E1,2.157014465E-1,3.248245239E-1,9.778116302E0,9.785887620E0
4.451683317E1,2.085163879E-1,3.459306335E-1,9.825867004E0,9.834165418E0
4.452686417E1,2.252815247E-1,3.745211792E-1,9.861941986E0,9.871621833E0
4.453689517E1,2.415975952E-1,3.890409851E-1,9.857750702E0,9.868382400E0
4.454692717E1,2.664459229E-1,4.134402466E-1,9.872420197E0,9.884665235E0
4.455695817E1,2.719844055E-1,4.165837097E-1,9.890532532E0,9.903037477E0
4.456698917E1,2.633024597E-1,3.965254211E-1,9.898316345E0,9.909754137E0
4.457702017E1,2.242337036E-1,3.350033569E-1,9.938881989E0,9.947053995E0
4.458705217E1,1.963916016E-1,2.763253784E-1,9.958790588E0,9.964558965E0
4.459708317E1,1.784289551E-1,2.285746765E-1,9.941875763E0,9.946103607E0
4.460711417E1,1.706451416E-1,2.303709412E-1,9.878108368E0,9.882267729E0
4.461714517E1,1.722917175E-1,2.357597351E-1,9.827513580E0,9.831850805E0
4.462717717E1,1.990859985E-1,2.637515259E-1,9.798473969E0,9.804044686E0
4.463720817E1,2.300715637E-1,2.769241333E-1,9.787247314E0,9.793866953E0
4.464723917E1,2.404000854E-1,2.749781799E-1,9.800569611E0,9.807373241E0
4.465727017E1,2.570155334E-1,2.710862732E-1,9.827214203E0,9.834311554E0
4.466730217E1,2.565664673E-1,2.790197754E-1,9.829609222E0,9.836914956E0
4.467733317E1,2.182461548E-1,2.724334717E-1,9.845326538E0,9.851512880E0
4.468736417E1,1.889071655E-1,2.856060791E-1,9.867779846E0,9.873719453E0
4.469739517E1,1.913021851E-1,3.032693481E-1,9.890382843E0,9.896880398E0
4.470742717E1,1.767823792E-1,3.155438232E-1,9.831854553E0,9.838505164E0
4.471745817E1,1.751358032E-1,3.285667419E-1,9.787546692E0,9.794626021E0
4.472748917E1,1.797761536E-1,3.823049927E-1,9.790839844E0,9.799950072E0
4.473752017E1,1.809736633E-1,3.673361206E-1,9.826765137E0,9.835293607E0
4.474755217E1,2.324665833E-1,3.484753418E-1,9.900112610E0,9.908970959E0
4.475758221E1,2.725831604E-1,3.397933960E-1,9.925859070E0,9.935413399E0
4.476761321E1,2.695893860E-1,3.206332397E-1,9.880952454E0,9.889828386E0
4.477764421E1,2.519261169E-1,2.896476746E-1,9.859846344E0,9.867316376E0
4.478767621E1,2.481838989E-1,2.865042114E-1,9.861492920E0,9.868775128E0
4.479770721E1,2.239343262E-1,3.038681030E-1,9.857301636E0,9.864526240E0
4.480773821E1,2.005828857E-1,3.115022278E-1,9.866432648E0,9.873386467E0
4.481776921E1,2.034269714E-1,3.296145630E-1,9.869426422E0,9.877024157E0
4.482780121E1,2.161505127E-1,3.447331238E-1,9.872270508E0,9.880652152E0
4.483783221E1,2.273771667E-1,3.335064697E-1,9.873468018E0,9.881715318E0
4.484786321E1,2.192939758E-1,3.459306335E-1,9.877659302E0,9.886147436E0
4.485789421E1,2.043251038E-1,3.245251465E-1,9.892927551E0,9.900357612E0
4.486792521E1,2.062710571E-1,3.150947571E-1,9.881251831E0,9.888426073E0
4.487795721E1,2.001338196E-1,2.986289978E-1,9.844428406E0,9.850989974E0
4.488798821E1,2.037263489E-1,2.772235107E-1,9.829908600E0,9.835927022E0
4.489801921E1,1.981878662E-1,2.652484131E-1,9.815688171E0,9.821271274E0
4.490805021E1,1.998344421E-1,2.493814087E-1,9.820777588E0,9.825975642E0
4.491808221E1,2.091151428E-1,2.421963501E-1,9.823022919E0,9.828233182E0
4.492811321E1,2.254312134E-1,2.493814087E-1,9.815987549E0,9.821742304E0
4.493814421E1,2.209405518E-1,2.519261169E-1,9.818681946E0,9.824398030E0
4.494817521E1,2.276765442E-1,2.609074402E-1,9.845775604E0,9.851863100E0
4.495820721E1,2.282752991E-1,2.824626160E-1,9.866282959E0,9.872964811E0
4.496823821E1,2.219883728E-1,2.695893860E-1,9.884095917E0,9.890263362E0
4.497826921E1,2.086660767E-1,2.900967407E-1,9.883347473E0,9.889805606E0
4.498830021E1,2.022294617E-1,3.074606323E-1,9.876461792E0,9.883315553E0
4.499833221E1,1.785786438E-1,3.085084534E-1,9.868827667E0,9.875263405E0
4.500836321E1,1.586700439E-1,3.171903992E-1,9.878856812E0,9.885221183E0
4.501839421E1,1.685494995E-1,3.281176758E-1,9.849517822E0,9.856422854E0
4.502842521E1,1.805245972E-1,3.206332397E-1,9.842332764E0,9.849208549E0
4.503845721E1,1.791773987E-1,3.257226562E-1,9.846074982E0,9.853090497E0
4.504848821E1,2.034269714E-1,3.388952637E-1,9.840985565E0,9.848920216E0
4.505851921E1,2.167492676E-1,3.073109436E-1,9.856702881E0,9.863874084E0
4.506855021E1,2.285746765E-1,3.004252625E-1,9.872869263E0,9.880083461E0
4.507858221E1,2.038760376E-1,2.926414490E-1,9.865534515E0,9.871979322E0
4.508861321E1,1.893562317E-1,2.553689575E-1,9.880802765E0,9.885915859E0
4.509864421E1,1.987866211E-1,2.541714478E-1,9.924661560E0,9.929905656E0
4.510867521E1,2.092648315E-1,2.737806702E-1,9.928403778E0,9.934382175E0
4.511870721E1,2.281256104E-1,2.856060791E-1,9.880653076E0,9.887412065E0
4.512873821E1,2.414479065E-1,3.194357300E-1,9.809401245E0,9.817570426E0
4.513876921E1,2.311193848E-1,3.237767029E-1,9.747280426E0,9.755394571E0
4.514880021E1,2.257305908E-1,3.347039795E-1,9.762398987E0,9.770742809E0
4.515883221E1,2.097138977E-1,3.221301270E-1,9.792187042E0,9.799728303E0
4.516886321E1,2.001338196E-1,2.980302429E-1,9.848619690E0,9.855160342E0
4.517889421E1,2.019300842E-1,2.785707092E-1,9.883497162E0,9.889483988E0
4.518892521E1,1.922003174E-1,2.555186462E-1,9.859996033E0,9.865178787E0
4.519895721E1,1.845661926E-1,2.498304749E-1,9.803713074E0,9.808632421E0
4.520898821E1,1.863624573E-1,2.487826538E-1,9.852810974E0,9.857713115E0
4.521901921E1,2.001338196E-1,2.893482971E-1,9.981692963E0,9.987891188E0
4.522905021E1,2.478845215E-1,2.866539001E-1,1.007569748E1,1.008282187E1
4.523908221E1,2.646496582E-1,2.935395813E-1,9.948312378E0,9.956160108E0
4.524911321E1,2.022294617E-1,3.100053406E-1,9.741592255E0,9.748621427E0
4.525914421E1,1.645079041E-1,3.091072083E-1,9.692194977E0,9.698518113E0
4.526917521E1,1.544787598E-1,2.859054565E-1,9.783205719E0,9.788601522E0
4.527920721E1,1.704954529E-1,2.621049500E-1,9.916877747E0,9.921805881E0
4.528923821E1,1.972897339E-1,2.511776733E-1,9.918973389E0,9.924114396E0
4.529926921E1,2.152523804E-1,2.427951050E-1,9.856104126E0,9.861443687E0
4.530930021E1,2.273771667E-1,2.788700867E-1,9.772577820E0,9.779199668E0
4.531933221E1,2.287243652E-1,3.076103210E-1,9.787397003E0,9.794900665E0
4.532936321E1,1.930984497E-1,3.318598938E-1,9.844278717E0,9.851763368E0
4.533939421E1,1.908531189E-1,3.679348755E-1,9.879455566E0,9.888146605E0
4.534942521E1,2.163002014E-1,3.876937866E-1,9.898765411E0,9.908715806E0
4.535945721E1,2.474354553E-1,4.104464722E-1,9.911189575E0,9.922770249E0
4.536948821E1,2.579136658E-1,4.167333984E-1,9.905351715E0,9.917468366E0
4.537951921E1,2.378553772E-1,3.929328918E-1,9.918075256E0,9.928705264E0
4.538955021E1,1.930984497E-1,3.508703613E-1,9.920470276E0,9.928551129E0
4.539958221E1,1.640588379E-1,2.951861572E-1,9.911788330E0,9.917539920E0
4.540961321E1,1.324745178E-1,2.624043274E-1,9.872120819E0,9.876496089E0
4.541964421E1,1.216969299E-1,2.474354553E-1,9.836045837E0,9.839910170E0
4.542967521E1,1.469943237E-1,2.308200073E-1,9.809101868E0,9.812918254E0
4.543970721E1,1.722917175E-1,2.430944824E-1,9.810748444E0,9.815271998E0
4.544973821E1,2.195933533E-1,2.435435486E-1,9.811047821E0,9.816526578E0
4.545976921E1,2.414479065E-1,2.460882568E-1,9.826166382E0,9.832212482E0
4.546980021E1,2.631527710E-1,2.580633545E-1,9.827962646E0,9.834871420E0
4.547983221E1,2.484832764E-1,2.715353394E-1,9.832004242E0,9.838891340E0
4.548986321E1,2.326162720E-1,2.712359619E-1,9.846524048E0,9.853005384E0
4.549989421E1,1.965412903E-1,2.977308655E-1,9.865534515E0,9.871982750E0
4.550992521E1,1.817221069E-1,3.085084534E-1,9.877359924E0,9.883847402E0
4.551995721E1,1.716929626E-1,3.243754578E-1,9.826016693E0,9.832868450E0
4.552998821E1,1.519340515E-1,3.406915283E-1,9.773775330E0,9.780891517E0
4.554001921E1,1.401086426E-1,3.649411011E-1,9.780960388E0,9.788769001E0
4.555005021E1,1.570234680E-1,3.656895447E-1,9.825717316E0,9.833773741E0
4.556008221E1,2.267784119E-1,3.388952637E-1,9.918374634E0,9.926753438E0
4.557011321E1,2.477348328E-1,3.263214111E-1,9.931247864E0,9.939695284E0
4.558014421E1,2.474354553E-1,2.966830444E-1,9.883197784E0,9.890745350E0
4.559017521E1,2.421963501E-1,2.745291138E-1,9.880503387E0,9.887283373E0
4.560020721E1,2.412982178E-1,2.772235107E-1,9.895921326E0,9.902743892E0
4.561023821E1,2.180964661E-1,2.987786865E-1,9.899813232E0,9.906721799E0
4.562026921E1,2.136058044E-1,3.095562744E-1,9.887089691E0,9.894240501E0
4.563030021E1,2.065704346E-1,3.299139404E-1,9.850415955E0,9.858103724E0
4.564033221E1,2.073188782E-1,3.312611389E-1,9.836045837E0,9.843805807E0
4.565036321E1,2.056723022E-1,3.300636292E-1,9.837542725E0,9.845226760E0
4.566039421E1,2.107617188E-1,3.396437073E-1,9.870923309E0,9.879013378E0
4.567042521E1,2.005828857E-1,3.216810608E-1,9.901160431E0,9.908415114E0
4.568045721E1,1.956431580E-1,3.040177917E-1,9.904752960E0,9.911348761E0
4.569048821E1,2.077679443E-1,3.056643677E-1,9.873767395E0,9.880682203E0
4.570051921E1,1.944456482E-1,2.826123047E-1,9.844129028E0,9.850104322E0
4.571055021E1,1.760339355E-1,2.794688416E-1,9.815837860E0,9.821393164E0
4.572058221E1,1.871109009E-1,2.728825378E-1,9.812395020E0,9.817971857E0
4.573061321E1,1.892065430E-1,2.659968567E-1,9.818382568E0,9.823807292E0
4.574064421E1,1.872605896E-1,2.567161560E-1,9.811796265E0,9.816940239E0
4.575067521E1,2.037263489E-1,2.507286072E-1,9.802216187E0,9.807538500E0
4.576070717E1,2.088157654E-1,2.616558838E-1,9.811945953E0,9.817655077E0
4.577073817E1,2.065704346E-1,2.495310974E-1,9.832303619E0,9.837638516E0
4.578076917E1,2.038760376E-1,2.619552612E-1,9.853858795E0,9.859448217E0
4.579080017E1,1.953437805E-1,2.658471680E-1,9.871222687E0,9.876733835E0
4.580083217E1,1.836680603E-1,2.844085693E-1,9.877659302E0,9.883459691E0
4.581086317E1,1.724414062E-1,3.028202820E-1,9.873168640E0,9.879316533E0
4.582089417E1,1.615141296E-1,3.260220337E-1,9.853709106E0,9.860423943E0
4.583092517E1,1.588197327E-1,3.097059631E-1,9.848919067E0,9.855067138E0
4.584095717E1,1.441502380E-1,3.050656128E-1,9.848470001E0,9.854248103E0
4.585098817E1,1.516346741E-1,3.129991150E-1,9.842931519E0,9.849074190E0
4.586101917E1,1.812730408E-1,3.141966248E-1,9.859097900E0,9.865768639E0
4.587105017E1,1.766326904E-1,3.137475586E-1,9.879455566E0,9.886014309E0
4.588108217E1,1.969903564E-1,3.225791931E-1,9.894574127E0,9.901790732E0
4.589111317E1,1.929487610E-1,3.032693481E-1,9.883197784E0,9.889732047E0
4.590114417E1,1.835183716E-1,2.914439392E-1,9.882748718E0,9.888748191E0
4.591117517E1,1.833686829E-1,2.752775574E-1,9.885293427E0,9.890825443E0
4.592120717E1,1.880090332E-1,2.856060791E-1,9.899064789E0,9.904968547E0
4.593123817E1,1.936972046E-1,2.969824219E-1,9.865983582E0,9.872352769E0
4.594126917E1,2.148033142E-1,3.052153015E-1,9.834848328E0,9.841927579E0
4.595130017E1,2.059716797E-1,3.270698547E-1,9.790241089E0,9.797868115E0
4.596133217E1,2.088157654E-1,3.477268982E-1,9.774224396E0,9.782636687E0
4.597136317E1,1.773811340E-1,3.248245239E-1,9.779463501E0,9.786464193E0
4.598139417E1,1.553768921E-1,2.811154175E-1,9.819280701E0,9.824532627E0
4.599142517E1,1.707948303E-1,2.526745605E-1,9.885742493E0,9.890445892E0
4.600145717E1,1.715432739E-1,2.341131592E-1,9.880952454E0,9.885214082E0
4.601148817E1,1.666035461E-1,2.308200073E-1,9.816735992E0,9.820862496E0
4.602151917E1,1.704954529E-1,2.341131592E-1,9.792187042E0,9.796468994E0
4.603155017E1,2.002835083E-1,2.384541321E-1,9.930499420E0,9.935380848E0
4.604158217E1,2.588117981E-1,2.547702026E-1,1.000220032E1,1.000879127E1
4.605161317E1,2.751278687E-1,2.616558838E-1,9.915680237E0,9.922946826E0
4.606164417E1,2.511776733E-1,2.767744446E-1,9.751621399E0,9.758781390E0
4.607167517E1,1.916015625E-1,2.954855347E-1,9.658215637E0,9.664634093E0
4.608170717E1,1.692979431E-1,2.998265076E-1,9.730365601E0,9.736455846E0
4.609173817E1,1.859133911E-1,2.647993469E-1,9.878258057E0,9.883555267E0
4.610176917E1,1.999841309E-1,2.414479065E-1,9.956694946E0,9.961629636E0
4.611180017E1,2.299218750E-1,2.200424194E-1,9.950707397E0,9.955795320E0
4.612183217E1,2.712359619E-1,2.158511353E-1,9.875563660E0,9.881645524E0
4.613186317E1,2.647993469E-1,2.393522644E-1,9.857151947E0,9.863612559E0
4.614189417E1,2.496807861E-1,2.698887634E-1,9.861941986E0,9.868793248E0
4.615192517E1,2.074685669E-1,2.923420715E-1,9.892179108E0,9.898672365E0
4.616195717E1,1.869612122E-1,3.234773254E-1,9.906698914E0,9.913741748E0
4.617198817E1,1.904040527E-1,3.567082214E-1,9.895172882E0,9.903430760E0
4.618201917E1,2.034269714E-1,3.879931641E-1,9.885443115E0,9.895145619E0
4.619205017E1,2.288740540E-1,3.685336304E-1,9.885443115E0,9.894957602E0
4.620208217E1,2.182461548E-1,3.483256531E-1,9.900561676E0,9.909090960E0
4.621211317E1,2.040257263E-1,3.074606323E-1,9.913734283E0,9.920599074E0
4.622214417E1,1.939965820E-1,2.701881409E-1,9.879605255E0,9.885202896E0
4.623217517E1,1.703457642E-1,2.492317200E-1,9.869725800E0,9.874341572E0
4.624220717E1,1.588197327E-1,2.112107849E-1,9.826465759E0,9.830018465E0
4.625223817E1,1.640588379E-1,1.930984497E-1,9.811197510E0,9.814468854E0
4.626226917E1,1.799258423E-1,2.005828857E-1,9.808503113E0,9.812203632E0
4.627230017E1,2.022294617E-1,2.046244812E-1,9.812544708E0,9.816761257E0
4.628233217E1,2.230361938E-1,2.070195007E-1,9.832902374E0,9.837610041E0
4.629236317E1,2.390528870E-1,2.119592285E-1,9.826615448E0,9.831807777E0
4.630239417E1,2.365081787E-1,2.465373230E-1,9.838440857E0,9.844370740E0
4.631242517E1,2.360591125E-1,2.558180237E-1,9.868079224E0,9.874216644E0
4.632245717E1,2.104623413E-1,2.752775574E-1,9.854008484E0,9.860099154E0
4.633248817E1,2.092648315E-1,2.926414490E-1,9.819879456E0,9.826467489E0
4.634251917E1,1.715432739E-1,3.092568970E-1,9.789043579E0,9.795429603E0
4.635255017E1,1.368154907E-1,3.124003601E-1,9.787846069E0,9.793785945E0
4.636258217E1,1.508862305E-1,3.035687256E-1,9.828112335E0,9.833957123E0
4.637261317E1,1.853146362E-1,2.990780640E-1,9.893825684E0,9.900079589E0
4.638264417E1,2.073188782E-1,2.760260010E-1,9.912387085E0,9.918396503E0
4.639267517E1,2.215393066E-1,2.583627319E-1,9.872869263E0,9.878733646E0
4.640270717E1,2.233355713E-1,2.478845215E-1,9.852960663E0,9.858608387E0
4.641273817E1,2.186952209E-1,2.429447937E-1,9.850865021E0,9.856286899E0
4.642276917E1,1.939965820E-1,2.330653381E-1,9.867779846E0,9.872438058E0
4.643280017E1,1.974394226E-1,2.432441711E-1,9.891430664E0,9.896390788E0
4.644283217E1,1.767823792E-1,2.399510193E-1,9.899364166E0,9.903849726E0
4.645286317E1,1.908531189E-1,2.621049500E-1,9.885892181E0,9.891207618E0
4.646289417E1,1.911524963E-1,2.716850281E-1,9.873917084E0,9.879503561E0
4.647292517E1,1.766326904E-1,2.743794250E-1,9.884395294E0,9.889780256E0
4.648295717E1,1.859133911E-1,2.787203979E-1,9.907896423E0,9.913559421E0
4.649298817E1,1.862127686E-1,2.656974792E-1,9.923314362E0,9.928617138E0
4.650301917E1,1.803749084E-1,2.567161560E-1,9.906399536E0,9.911366710E0
4.651305017E1,1.683998108E-1,2.565664673E-1,9.879455566E0,9.884221119E0
4.652308217E1,1.676513672E-1,2.402503967E-1,9.837243347E0,9.841604742E0
4.653311317E1,1.606159973E-1,2.360591125E-1,9.832602997E0,9.836747587E0
4.654314417E1,1.821711731E-1,2.390528870E-1,9.805659027E0,9.810264093E0
4.655317517E1,1.661544800E-1,2.333647156E-1,9.795480194E0,9.799668292E0
4.656320717E1,1.691482544E-1,2.338137817E-1,9.781858521E0,9.786114455E0
4.657323817E1,1.766326904E-1,2.308200073E-1,9.831106110E0,9.835401584E0
4.658326917E1,1.742376709E-1,2.171983337E-1,9.866881714E0,9.870809928E0
4.659330017E1,1.793270874E-1,2.092648315E-1,9.876611481E0,9.880455673E0
4.660333217E1,1.832189941E-1,1.999841309E-1,9.879605255E0,9.883327519E0
4.661336317E1,1.718426514E-1,2.043251038E-1,9.871522064E0,9.875131721E0
4.662339417E1,1.603166199E-1,2.291734314E-1,9.858648834E0,9.862615207E0
4.663342517E1,1.615141296E-1,2.381547546E-1,9.850565643E0,9.854767780E0
4.664345717E1,1.490899658E-1,2.597099304E-1,9.854008484E0,9.858557717E0
4.665348817E1,1.481918335E-1,2.639012146E-1,9.845476227E0,9.850127248E0
4.666351917E1,1.477427673E-1,2.811154175E-1,9.849368134E0,9.854486614E0
4.667355117E1,1.447489929E-1,2.755769348E-1,9.870474243E0,9.875381345E0
4.668358217E1,1.667532349E-1,2.713856506E-1,9.879754944E0,9.884888192E0
4.669361317E1,1.767823792E-1,2.579136658E-1,9.848769379E0,9.853731767E0
4.670364417E1,1.576222229E-1,2.477348328E-1,9.843081207E0,9.847459823E0
4.671367617E1,1.493893433E-1,2.306703186E-1,9.858349457E0,9.862179272E0
4.672370717E1,1.660047913E-1,2.345622253E-1,9.893226929E0,9.897399461E0
4.673373817E1,1.959425354E-1,2.489323425E-1,9.904303894E0,9.909369123E0
4.674376917E1,2.058219910E-1,2.718347168E-1,9.887389069E0,9.893266367E0
4.675380117E1,2.148033142E-1,2.891986084E-1,9.821675720E0,9.828280127E0
4.676383192E1,1.971400452E-1,2.983296204E-1,9.766739960E0,9.773283696E0
4.677386292E1,1.628613281E-1,3.002755737E-1,9.768685913E0,9.774656705E0
4.678389392E1,1.550775146E-1,2.836601257E-1,9.818382568E0,9.823703393E0
4.679392592E1,1.570234680E-1,2.424957275E-1,9.884544983E0,9.888765852E0
4.680395692E1,1.670526123E-1,2.435435486E-1,9.869127045E0,9.873544888E0
4.681398792E1,1.784289551E-1,2.230361938E-1,9.809101868E0,9.813259473E0
4.682401892E1,1.770817566E-1,2.383044434E-1,9.830657043E0,9.835139290E0
4.683405092E1,2.115101624E-1,2.323168945E-1,9.944719849E0,9.949681430E0
4.684408192E1,2.404000854E-1,2.386038208E-1,1.006656647E1,1.007226312E1
4.685411292E1,2.609074402E-1,2.619552612E-1,9.996961212E0,1.000379562E1
4.686414392E1,2.097138977E-1,2.694396973E-1,9.791139221E0,9.797090635E0
4.687417592E1,1.239422607E-1,2.760260010E-1,9.641300812E0,9.646047552E0
4.688420692E1,9.160949707E-2,2.658471680E-1,9.685608673E0,9.689689489E0
4.689423792E1,1.043330383E-1,2.351609802E-1,9.815538483E0,9.818909398E0
4.690426892E1,1.492396545E-1,2.026785278E-1,9.944869537E0,9.948054140E0
4.691430092E1,1.951940918E-1,1.998344421E-1,9.933044128E0,9.936971379E0
4.692433192E1,2.070195007E-1,2.237846375E-1,9.836494904E0,9.841217843E0
4.693436292E1,2.249821472E-1,2.559677124E-1,9.762249298E0,9.768195729E0
4.694439392E1,2.109114075E-1,2.878514099E-1,9.784103851E0,9.790609288E0
4.695442592E1,1.965412903E-1,3.059637451E-1,9.846973114E0,9.853685696E0
4.696445692E1,1.734892273E-1,3.330574036E-1,9.906399536E0,9.913514892E0
4.697448792E1,1.704954529E-1,3.608995056E-1,9.904303894E0,9.912343455E0
4.698451892E1,1.827699280E-1,3.842509460E-1,9.893077240E0,9.902223534E0
4.699455092E1,1.851649475E-1,4.037104797E-1,9.887688446E0,9.897658865E0
4.700458192E1,1.770817566E-1,3.580554199E-1,9.895771637E0,9.903830467E0
4.701461292E1,1.604663086E-1,3.131488037E-1,9.901908875E0,9.908158808E0
4.702464392E1,1.657054138E-1,2.644999695E-1,9.880054321E0,9.884983152E0
4.703467592E1,1.562750244E-1,2.192939758E-1,9.854008484E0,9.857687098E0
4.704470692E1,1.456471252E-1,1.826202393E-1,9.829459534E0,9.832234637E0
4.705473792E1,1.630110168E-1,1.628613281E-1,9.806407471E0,9.809114327E0
4.706476892E1,1.648072815E-1,1.607656860E-1,9.817185059E0,9.819884394E0
4.707480092E1,1.639091492E-1,1.679507446E-1,9.811047821E0,9.813854136E0
4.708483192E1,1.779798889E-1,1.833686829E-1,9.849667511E0,9.852981833E0
4.709486292E1,1.893562317E-1,2.055226135E-1,9.843380585E0,9.847346681E0
4.710489392E1,1.833686829E-1,2.255809021E-1,9.813143463E0,9.817448520E0
4.711492592E1,1.749861145E-1,2.424957275E-1,9.824370117E0,9.828920211E0
4.712495692E1,1.571731567E-1,2.667453003E-1,9.819729767E0,9.824609364E0
4.713498792E1,1.451980591E-1,2.935395813E-1,9.803563385E0,9.809031706E0
4.714501892E1,1.362167358E-1,2.968327332E-1,9.782457275E0,9.787907591E0
4.715505092E1,1.202000427E-1,3.044668579E-1,9.807006226E0,9.812467540E0
4.716508192E1,1.273851013E-1,2.992277527E-1,9.867779846E0,9.873137460E0
4.717511292E1,1.428030396E-1,2.781216431E-1,9.930798798E0,9.935718852E0
4.718514392E1,1.737886047E-1,2.677931213E-1,9.938133545E0,9.943259727E0
4.719517592E1,1.821711731E-1,2.453398132E-1,9.902357941E0,9.907071754E0
4.720520692E1,1.648072815E-1,2.083666992E-1,9.864935760E0,9.868512334E0
4.721523792E1,1.466949463E-1,1.857637024E-1,9.870474243E0,9.873311974E0
4.722526892E1,1.381626892E-1,1.704954529E-1,9.890981598E0,9.893415719E0
4.723530092E1,1.437011719E-1,1.932481384E-1,9.900112610E0,9.903041177E0
4.724533192E1,1.469943237E-1,2.124082947E-1,9.897118835E0,9.900489173E0
4.725536292E1,1.543290710E-1,2.442919922E-1,9.872270508E0,9.876498419E0
4.726539392E1,1.698966980E-1,2.523751831E-1,9.858499146E0,9.863192360E0
4.727542592E1,1.598675537E-1,2.658471680E-1,9.878407745E0,9.883277388E0
4.728545692E1,1.547781372E-1,2.686912537E-1,9.887089691E0,9.891950961E0
4.729548792E1,1.484912109E-1,2.499801636E-1,9.885892181E0,9.890167033E0
4.730551992E1,1.296304321E-1,2.177970886E-1,9.896220703E0,9.899465835E0
4.731555092E1,1.022373962E-1,2.052232361E-1,9.867480469E0,9.870143862E0
4.732558192E1,1.157093811E-1,1.896556091E-1,9.848470001E0,9.850975549E0
4.733561292E1,1.389111328E-1,1.731898499E-1,9.849817200E0,9.852319011E0
4.734564392E1,1.357676697E-1,1.636097717E-1,9.853260040E0,9.855553482E0
4.735567592E1,1.489402771E-1,1.558259583E-1,9.835746460E0,9.838108221E0
4.736570692E1,1.348695374E-1,1.660047913E-1,9.812245331E0,9.814576191E0
4.737573792E1,1.296304321E-1,1.751358032E-1,9.800868988E0,9.803290749E0
4.738576992E1,1.448986816E-1,1.794767761E-1,9.816586304E0,9.819296013E0
4.739580092E1,1.330732727E-1,1.844165039E-1,9.845775604E0,9.848401657E0
4.740583192E1,1.378633118E-1,1.899549866E-1,9.870623932E0,9.873414100E0
4.741586292E1,1.381626892E-1,2.017803955E-1,9.886341248E0,9.889365375E0
4.742589492E1,1.383123779E-1,1.993853760E-1,9.893675995E0,9.896651430E0
4.743592592E1,1.236428833E-1,2.121089172E-1,9.884544983E0,9.887593604E0
4.744595692E1,1.305285645E-1,2.200424194E-1,9.871821442E0,9.875136199E0
4.745598792E1,8.891510010E-2,2.336640930E-1,9.839039612E0,9.842215466E0
4.746601992E1,1.062789917E-1,2.309696960E-1,9.831854553E0,9.835141391E0
4.747605092E1,1.088237000E-1,2.318678284E-1,9.864636383E0,9.867961099E0
4.748608192E1,1.097218323E-1,2.276765442E-1,9.880802765E0,9.884034539E0
4.749611292E1,9.550140381E-2,2.209405518E-1,9.863289185E0,9.866225661E0
4.750614492E1,9.145980835E-2,2.053729248E-1,9.834848328E0,9.837417576E0
4.751617592E1,1.064286804E-1,1.989363098E-1,9.863887939E0,9.866467858E0
4.752620692E1,1.202000427E-1,1.923500061E-1,9.897717590E0,9.900316160E0
4.753623792E1,1.451980591E-1,1.941462708E-1,9.917476501E0,9.920439275E0
4.754626992E1,1.688488770E-1,2.252815247E-1,9.909542999E0,9.913541454E0
4.755630092E1,1.715432739E-1,2.508782959E-1,9.845625916E0,9.850315563E0
4.756633192E1,1.609153748E-1,2.511776733E-1,9.785001984E0,9.789547885E0
4.757636292E1,1.309776306E-1,2.412982178E-1,9.778415680E0,9.782269327E0
4.758639492E1,1.154100037E-1,2.216889954E-1,9.812095642E0,9.815278211E0
4.759642592E1,1.097218323E-1,1.966909790E-1,9.870623932E0,9.873193152E0
4.760645692E1,1.166075134E-1,1.685494995E-1,9.884095917E0,9.886220630E0
4.761648792E1,1.094224548E-1,1.525328064E-1,9.820178833E0,9.821972910E0
4.762651992E1,1.029858398E-1,1.621128845E-1,9.811047821E0,9.812927495E0
4.763655092E1,1.275347900E-1,1.627116394E-1,9.937983856E0,9.940133969E0
4.764658192E1,1.742376709E-1,1.818717957E-1,1.007000931E1,1.007315857E1
4.765661292E1,2.173480225E-1,2.094145203E-1,1.004680756E1,1.005134004E1
4.766664492E1,1.757345581E-1,2.302212524E-1,9.829758911E0,9.834024848E0
4.767667592E1,9.340576172E-2,2.451901245E-1,9.662706299E0,9.666267938E0
4.768670692E1,4.535568237E-2,2.508782959E-1,9.669142914E0,9.672503386E0
4.769673792E1,4.954696655E-2,2.171983337E-1,9.813742218E0,9.816270490E0
4.770676992E1,9.639953613E-2,1.945953369E-1,9.974507904E0,9.976871661E0
4.771680092E1,1.395098877E-1,1.683998108E-1,9.984686737E0,9.987081192E0
4.772683192E1,1.676513672E-1,1.808239746E-1,9.917326813E0,9.920391898E0
4.773686292E1,1.742376709E-1,2.004331970E-1,9.828411713E0,9.831999238E0
4.774689492E1,1.633103943E-1,2.327659607E-1,9.785301361E0,9.789431700E0
4.775692592E1,1.323248291E-1,2.724334717E-1,9.830956421E0,9.835620672E0
4.776695733E1,1.106199646E-1,2.727328491E-1,9.887538757E0,9.891918048E0
4.777698833E1,8.966354370E-2,2.808160400E-1,9.895322571E0,9.899712419E0
4.778702033E1,1.185534668E-1,2.945874023E-1,9.881102142E0,9.886203326E0
4.779705133E1,1.309776306E-1,2.969824219E-1,9.889185333E0,9.894510612E0
4.780708233E1,1.537303162E-1,2.917433167E-1,9.909992065E0,9.915477291E0
4.781711433E1,1.565744019E-1,2.541714478E-1,9.911339264E0,9.915834038E0
4.782714533E1,1.263372803E-1,2.258802795E-1,9.910141754E0,9.913520696E0
4.783717633E1,1.119671631E-1,1.924996948E-1,9.893077240E0,9.895583361E0
4.784720733E1,9.445358276E-2,1.733395386E-1,9.866432648E0,9.868407230E0
4.785723933E1,8.607101440E-2,1.601669312E-1,9.834698639E0,9.836379364E0
4.786727033E1,1.005908203E-1,1.549278259E-1,9.819580078E0,9.821317328E0
4.787730133E1,1.013392639E-1,1.616638184E-1,9.797575836E0,9.799433509E0
4.788733233E1,1.098715210E-1,1.686991882E-1,9.825268250E0,9.827330632E0
4.789736433E1,1.348695374E-1,1.914518738E-1,9.845027161E0,9.847812113E0
4.790739533E1,1.398092651E-1,2.046244812E-1,9.870474243E0,9.873584941E0
4.791742633E1,1.380130005E-1,2.161505127E-1,9.888287201E0,9.891612225E0
4.792745733E1,1.279838562E-1,2.294728088E-1,9.887089691E0,9.890580377E0
4.793748933E1,1.158590698E-1,2.567161560E-1,9.855355682E0,9.859379399E0
4.794752033E1,8.652008057E-2,2.785707092E-1,9.794881439E0,9.799223937E0
4.795755133E1,6.002517700E-2,2.827619934E-1,9.790989532E0,9.795255657E0
4.796758233E1,6.331832886E-2,2.761756897E-1,9.832303619E0,9.836385347E0
4.797761433E1,1.101708984E-1,2.692900085E-1,9.891580353E0,9.895858559E0
4.798764533E1,1.520837402E-1,2.647993469E-1,9.932744751E0,9.937437620E0
4.799767633E1,1.895059204E-1,2.368075562E-1,9.919422455E0,9.924058250E0
4.800770733E1,1.889071655E-1,2.146536255E-1,9.872719574E0,9.876859515E0
4.801773933E1,1.570234680E-1,2.043251038E-1,9.864037628E0,9.867403075E0
4.802777033E1,1.381626892E-1,1.939965820E-1,9.882299652E0,9.885169195E0
4.803780133E1,1.103205872E-1,2.160008240E-1,9.873767395E0,9.876745899E0
4.804783233E1,1.086740112E-1,2.287243652E-1,9.866432648E0,9.869681761E0
4.805786433E1,1.184037781E-1,2.484832764E-1,9.860145721E0,9.863986874E0
4.806789533E1,1.245410156E-1,2.691403198E-1,9.857002258E0,9.861462391E0
4.807792633E1,1.246907043E-1,2.621049500E-1,9.867480469E0,9.871748456E0
4.808795733E1,1.389111328E-1,2.647993469E-1,9.878707123E0,9.883231729E0
4.809798933E1,1.442999268E-1,2.570155334E-1,9.898915100E0,9.903302460E0
4.810802033E1,1.264869690E-1,2.372566223E-1,9.885293427E0,9.888949175E0
4.811805133E1,1.119671631E-1,2.100132751E-1,9.861941986E0,9.864813326E0
4.812808233E1,1.092727661E-1,1.996847534E-1,9.837093658E0,9.839726936E0
4.813811433E1,1.194515991E-1,2.008822632E-1,9.815089417E0,9.817871593E0
4.814814533E1,1.231938171E-1,2.014810181E-1,9.820029144E0,9.822868406E0
4.815817633E1,1.333726501E-1,1.966909790E-1,9.842033386E0,9.844902071E0
4.816820833E1,1.505868530E-1,1.968406677E-1,9.840835876E0,9.843956186E0
4.817823933E1,1.438508606E-1,1.926493835E-1,9.845925293E0,9.848860428E0
4.818827033E1,1.574725342E-1,2.116598511E-1,9.835147705E0,9.838685272E0
4.819830133E1,1.496887207E-1,2.077679443E-1,9.845326538E0,9.848656196E0
4.820833333E1,1.221459961E-1,2.179467773E-1,9.851014709E0,9.854182424E0
4.821836433E1,1.239422607E-1,2.354603577E-1,9.865235138E0,9.868823009E0
4.822839533E1,1.175056458E-1,2.406994629E-1,9.860594788E0,9.864232021E0
4.823842633E1,1.107696533E-1,2.468367004E-1,9.833052063E0,9.836773411E0
4.824845833E1,1.227447510E-1,2.691403198E-1,9.853559418E0,9.857998579E0
4.825848933E1,1.164578247E-1,2.644999695E-1,9.856104126E0,9.860340319E0
4.826852033E1,1.392105103E-1,2.863545227E-1,9.884095917E0,9.889222951E0
4.827855133E1,1.389111328E-1,2.787203979E-1,9.876162415E0,9.881071066E0
4.828858333E1,1.169068909E-1,2.591111755E-1,9.835596771E0,9.839703739E0
4.829861433E1,1.133143616E-1,2.595602417E-1,9.841434631E0,9.845508990E0
4.830864533E1,1.212478638E-1,2.538720703E-1,9.877659302E0,9.881665110E0
4.831867633E1,1.413061523E-1,2.516267395E-1,9.891879730E0,9.896088522E0
4.832870833E1,1.537303162E-1,2.689906311E-1,9.891280975E0,9.896131987E0
4.833873933E1,1.776805115E-1,2.908451843E-1,9.850266266E0,9.856160855E0
4.834877033E1,1.907034302E-1,2.820135498E-1,9.820627899E0,9.826526944E0
4.835880133E1,1.748364258E-1,2.698887634E-1,9.825268250E0,9.830529177E0
4.836883333E1,1.628613281E-1,2.421963501E-1,9.851014709E0,9.855337320E0
4.837886433E1,1.495390320E-1,2.293231201E-1,9.884395294E0,9.888185948E0
4.838889533E1,1.460961914E-1,2.134561157E-1,9.868977356E0,9.872366569E0
4.839892633E1,1.318757629E-1,2.189945984E-1,9.811047821E0,9.814377678E0
4.840895833E1,1.320254517E-1,2.182461548E-1,9.789043579E0,9.792366226E0
4.841898933E1,1.513352966E-1,2.305206299E-1,9.880054321E0,9.883901837E0
4.842902033E1,1.986369324E-1,2.480342102E-1,1.000175125E1,1.000679797E1
4.843905133E1,2.378553772E-1,2.519261169E-1,1.005668701E1,1.006265351E1
4.844908333E1,2.330653381E-1,2.483335876E-1,9.880204010E0,9.886072036E0
4.845911433E1,1.634600830E-1,2.478845215E-1,9.751771088E0,9.756290549E0
4.846914533E1,1.067280579E-1,2.553689575E-1,9.755662994E0,9.759588344E0
4.847917633E1,9.520202637E-2,2.511776733E-1,9.814640350E0,9.818315480E0
4.848920833E1,1.182540894E-1,2.576142883E-1,9.878856812E0,9.882922698E0
4.849923933E1,1.520837402E-1,2.487826538E-1,9.850865021E0,9.855179548E0
4.850927033E1,1.827699280E-1,2.686912537E-1,9.779313812E0,9.784711466E0
4.851930133E1,2.197430420E-1,2.999761963E-1,9.742789764E0,9.749883339E0
4.852933333E1,2.116598511E-1,3.338058472E-1,9.770931244E0,9.778922416E0
4.853936433E1,1.826202393E-1,3.412902832E-1,9.856253815E0,9.863851604E0
4.854939533E1,1.681004333E-1,3.646417236E-1,9.915829926E0,9.923956089E0
4.855942733E1,1.700463867E-1,3.748205566E-1,9.930349731E0,9.938875792E0
4.856945833E1,1.661544800E-1,3.623963928E-1,9.934541016E0,9.942537083E0
4.857948933E1,1.689985657E-1,3.489244080E-1,9.926757202E0,9.934325206E0
4.858952033E1,1.857637024E-1,3.243754578E-1,9.933942261E0,9.940972610E0
4.859955233E1,1.583706665E-1,2.915936279E-1,9.929301910E0,9.934844968E0
4.860958333E1,1.468446350E-1,2.570155334E-1,9.888436890E0,9.892866342E0
4.861961433E1,1.555265808E-1,2.389031982E-1,9.843081207E0,9.847208280E0
4.862964533E1,1.730401611E-1,2.405497742E-1,9.801018677E0,9.805497142E0
4.863967733E1,1.627116394E-1,2.433938599E-1,9.781110077E0,9.785490789E0
4.864970833E1,1.799258423E-1,2.380050659E-1,9.768536224E0,9.773091614E0
4.865973933E1,1.767823792E-1,2.529739380E-1,9.798174591E0,9.803033874E0
4.866977033E1,1.981878662E-1,2.451901245E-1,9.821076965E0,9.826136035E0
4.867980233E1,2.104623413E-1,2.409988403E-1,9.842632141E0,9.847831350E0
4.868983333E1,2.047741699E-1,2.541714478E-1,9.852810974E0,9.858215847E0
4.869986433E1,2.092648315E-1,2.603086853E-1,9.857601013E0,9.863257581E0
4.870989533E1,1.983375549E-1,2.643502808E-1,9.863139496E0,9.868674661E0
4.871992733E1,1.830693054E-1,2.972817993E-1,9.822424164E0,9.828626928E0
4.872995833E1,1.676513672E-1,3.318598938E-1,9.820178833E0,9.827214777E0
4.873998933E1,1.538800049E-1,3.513194275E-1,9.845326538E0,9.852794479E0
4.875002033E1,1.847158813E-1,3.528163147E-1,9.850116577E0,9.858163921E0
4.876005279E1,1.856140137E-1,3.466790771E-1,9.854307861E0,9.862151001E0
4.877008379E1,2.010319519E-1,3.261717224E-1,9.883048096E0,9.890472259E0
4.878011479E1,2.056723022E-1,2.935395813E-1,9.877060547E0,9.883561687E0
4.879014579E1,1.929487610E-1,2.737806702E-1,9.874665527E0,9.880344344E0
4.880017779E1,1.924996948E-1,2.764750671E-1,9.862091675E0,9.867844081E0
4.881020879E1,1.779798889E-1,2.933898926E-1,9.865085449E0,9.871051889E0
4.882023979E1,1.881587219E-1,2.995271301E-1,9.860594788E0,9.866937203E0
4.883027079E1,1.978884888E-1,2.971321106E-1,9.852062531E0,9.858528463E0
4.884030279E1,1.986369324E-1,3.131488037E-1,9.859247589E0,9.866219227E0
4.885033379E1,2.107617188E-1,3.275189209E-1,9.873468018E0,9.881146686E0
4.886036479E1,2.134561157E-1,3.146456909E-1,9.904603271E0,9.911898476E0
4.887039679E1,2.179467773E-1,3.216810608E-1,9.898615723E0,9.906239081E0
4.888042779E1,2.183958435E-1,3.236270142E-1,9.872719574E0,9.880436376E0
4.889045879E1,1.983375549E-1,2.981799316E-1,9.844278717E0,9.850790451E0
4.890048979E1,1.728904724E-1,2.877017212E-1,9.835147705E0,9.840873629E0
4.891052179E1,1.698966980E-1,2.603086853E-1,9.804611206E0,9.809537522E0
4.892055279E1,1.606159973E-1,2.302212524E-1,9.821226654E0,9.825237519E0
4.893058379E1,1.633103943E-1,2.115101624E-1,9.834249573E0,9.837879421E0
4.894061479E1,1.594184875E-1,2.014810181E-1,9.840087433E0,9.843440940E0
4.895064679E1,1.797761536E-1,2.092648315E-1,9.833950195E0,9.837819254E0
4.896067779E1,1.944456482E-1,2.148033142E-1,9.816735992E0,9.821010901E0
4.897070879E1,1.835183716E-1,2.354603577E-1,9.823771362E0,9.828306281E0
4.898073979E1,1.812730408E-1,2.441423035E-1,9.831405487E0,9.836106914E0
4.899077179E1,1.752854919E-1,2.531236267E-1,9.842931519E0,9.847745806E0
4.900080279E1,1.633103943E-1,2.604583740E-1,9.847122803E0,9.851920439E0
4.901083379E1,1.766326904E-1,2.574645996E-1,9.861193542E0,9.866135272E0
4.902086479E1,1.654060364E-1,2.613565063E-1,9.870025177E0,9.874870297E0
4.903089679E1,1.667532349E-1,2.749781799E-1,9.863887939E0,9.869128884E0
4.904092779E1,1.541793823E-1,2.848576355E-1,9.867031403E0,9.872346421E0
4.905095879E1,1.519340515E-1,3.074606323E-1,9.867480469E0,9.873438449E0
4.906098979E1,1.577719116E-1,3.216810608E-1,9.877060547E0,9.883556836E0
4.907102179E1,1.441502380E-1,3.393443298E-1,9.882449341E0,9.889324489E0
4.908105279E1,1.669029236E-1,3.423381042E-1,9.858798523E0,9.866152253E0
4.909108379E1,1.901046753E-1,3.342549133E-1,9.856104126E0,9.863602520E0
4.910111479E1,1.944456482E-1,3.242257690E-1,9.833800507E0,9.841065179E0
4.911114679E1,2.067201233E-1,2.903961182E-1,9.849517822E0,9.855965932E0
4.912117779E1,1.922003174E-1,2.606080627E-1,9.848470001E0,9.853792107E0
4.913120879E1,1.950444031E-1,2.607577515E-1,9.879006500E0,9.884371824E0
4.914124079E1,1.880090332E-1,2.540217590E-1,9.868827667E0,9.873886468E0
4.915127179E1,1.883084106E-1,2.374063110E-1,9.827663269E0,9.832333759E0
4.916130279E1,1.683998108E-1,2.356100464E-1,9.815987549E0,9.820258762E0
4.917133379E1,1.785786438E-1,2.320175171E-1,9.873468018E0,9.877808115E0
4.918136579E1,2.245330811E-1,2.258802795E-1,9.968370667E0,9.973457312E0
4.919139679E1,2.656974792E-1,2.300715637E-1,1.002225861E1,1.002841940E1
4.920142779E1,2.757266235E-1,2.369572449E-1,9.849368134E0,9.856075615E0
4.921145879E1,1.890568542E-1,2.492317200E-1,9.740843811E0,9.745865641E0
4.922149079E1,1.523831177E-1,2.673440552E-1,9.776469727E0,9.781311455E0
4.923152179E1,1.444496155E-1,2.601589966E-1,9.850715332E0,9.855208823E0
4.924155279E1,1.514849854E-1,2.426454163E-1,9.906399536E0,9.910528556E0
4.925158379E1,1.841171265E-1,2.424957275E-1,9.867630157E0,9.872326383E0
4.926161579E1,1.851649475E-1,2.508782959E-1,9.773475952E0,9.778448658E0
4.927164679E1,1.892065430E-1,2.683918762E-1,9.731413422E0,9.736952321E0
4.928167779E1,1.528321838E-1,2.929408264E-1,9.773775330E0,9.779358680E0
4.929170879E1,1.606159973E-1,3.221301270E-1,9.839937744E0,9.846519188E0
4.930174079E1,1.710942078E-1,3.336561584E-1,9.886490936E0,9.893599077E0
4.931177179E1,2.089654541E-1,3.382965088E-1,9.922116852E0,9.930081264E0
4.932180279E1,2.275268555E-1,3.519181824E-1,9.930798798E0,9.939636796E0
4.933183379E1,2.309696960E-1,3.418890381E-1,9.944719849E0,9.953275239E0
4.934186579E1,2.270777893E-1,3.115022278E-1,9.966574402E0,9.974026432E0
4.935189679E1,1.805245972E-1,2.763253784E-1,9.909243622E0,9.914739230E0
4.936192779E1,1.535806274E-1,2.386038208E-1,9.861193542E0,9.865275307E0
4.937195979E1,1.408570862E-1,2.345622253E-1,9.806108093E0,9.809924367E0
4.938199079E1,1.329235840E-1,2.454895020E-1,9.776469727E0,9.780454697E0
4.939202179E1,1.589694214E-1,2.393522644E-1,9.788295135E0,9.792511549E0
4.940205279E1,1.874102783E-1,2.356100464E-1,9.803114319E0,9.807735980E0
4.941208479E1,2.189945984E-1,2.317181396E-1,9.837991791E0,9.843156730E0
4.942211579E1,2.130070496E-1,2.297721863E-1,9.891280975E0,9.896242044E0
4.943214679E1,2.179467773E-1,2.401007080E-1,9.890831909E0,9.896145967E0
4.944217779E1,2.070195007E-1,2.520758057E-1,9.886640625E0,9.892020124E0
4.945220979E1,1.907034302E-1,2.550695801E-1,9.856702881E0,9.861846682E0
4.946224079E1,1.703457642E-1,2.653981018E-1,9.813293152E0,9.818359146E0
4.947227179E1,1.627116394E-1,2.902464294E-1,9.754166107E0,9.759839882E0
4.948230279E1,1.472937012E-1,3.007246399E-1,9.787995758E0,9.793722056E0
4.949233479E1,1.466949463E-1,3.126997375E-1,9.839638367E0,9.845698742E0
4.950236579E1,1.916015625E-1,3.065625000E-1,9.879006500E0,9.885618906E0
4.951239679E1,2.308200073E-1,2.848576355E-1,9.890981598E0,9.897774433E0
4.952242779E1,2.291734314E-1,2.796185303E-1,9.913434906E0,9.920025132E0
4.953245979E1,2.396516418E-1,2.730322266E-1,9.902657318E0,9.909318920E0
4.954249079E1,2.333647156E-1,2.585124207E-1,9.889634399E0,9.895764565E0
4.955252179E1,2.136058044E-1,2.748284912E-1,9.864636383E0,9.870775507E0
4.956255279E1,1.926493835E-1,2.766247559E-1,9.860744476E0,9.866504785E0
4.957258479E1,1.938468933E-1,2.986289978E-1,9.865983582E0,9.872405377E0
4.958261579E1,2.022294617E-1,2.923420715E-1,9.862840118E0,9.869243935E0
4.959264679E1,2.076182556E-1,2.920426941E-1,9.878856812E0,9.885353113E0
4.960267779E1,2.064207458E-1,2.980302429E-1,9.902956696E0,9.909590449E0
4.961270979E1,1.926493835E-1,3.053649902E-1,9.895172882E0,9.901757820E0
4.962274079E1,1.995350647E-1,3.132984924E-1,9.898466034E0,9.905432853E0
4.963277179E1,1.901046753E-1,3.221301270E-1,9.851014709E0,9.858113329E0
4.964280379E1,1.787283325E-1,3.010240173E-1,9.803413696E0,9.809662552E0
4.965283479E1,1.778302002E-1,2.643502808E-1,9.792187042E0,9.797368612E0
4.966286579E1,1.742376709E-1,2.427951050E-1,9.796977081E0,9.801533970E0
4.967289679E1,1.820214844E-1,2.191442871E-1,9.840835876E0,9.844958445E0
4.968292879E1,1.758842468E-1,1.984872437E-1,9.870324554E0,9.873886735E0
4.969295979E1,1.899549866E-1,2.026785278E-1,9.873767395E0,9.877674020E0
4.970299079E1,2.028282166E-1,1.951940918E-1,9.857151947E0,9.861170545E0
4.971302179E1,2.183958435E-1,2.201921082E-1,9.846823425E0,9.851706090E0
4.972305379E1,2.068698120E-1,2.332150269E-1,9.831555176E0,9.836496406E0
4.973308479E1,2.005828857E-1,2.492317200E-1,9.837991791E0,9.843192186E0
4.974311579E1,2.029779053E-1,2.600093079E-1,9.830058289E0,9.835591026E0
4.975314679E1,1.808239746E-1,2.679428101E-1,9.824370117E0,9.829686610E0
4.976317817E1,1.686991882E-1,2.766247559E-1,9.841734009E0,9.847066008E0
4.977320917E1,1.639091492E-1,2.903961182E-1,9.874665527E0,9.880294297E0
4.978324017E1,1.722917175E-1,2.971321106E-1,9.892328796E0,9.898289799E0
4.979327117E1,1.616638184E-1,3.314108276E-1,9.873917084E0,9.880799912E0
4.980330317E1,1.767823792E-1,3.489244080E-1,9.858798523E0,9.866555051E0
4.981333417E1,1.752854919E-1,3.526666260E-1,9.854307861E0,9.862174313E0
4.982336517E1,1.692979431E-1,3.508703613E-1,9.861043854E0,9.868736378E0
4.983339617E1,1.721420288E-1,3.094065857E-1,9.870773621E0,9.877121908E0
4.984342817E1,1.698966980E-1,2.725831604E-1,9.875413971E0,9.880635990E0
4.985345917E1,1.782792664E-1,2.603086853E-1,9.877659302E0,9.882696868E0
4.986349017E1,1.971400452E-1,2.516267395E-1,9.837093658E0,9.842285906E0
4.987352217E1,1.960922241E-1,2.386038208E-1,9.831405487E0,9.836255273E0
4.988355317E1,2.218386841E-1,2.508782959E-1,9.857451324E0,9.863138392E0
4.989358417E1,2.312690735E-1,2.465373230E-1,9.909542999E0,9.915306777E0
4.990361517E1,2.633024597E-1,2.456391907E-1,1.000429596E1,1.001077442E1
4.991364717E1,2.844085693E-1,2.417472839E-1,9.978399811E0,9.985378950E0
4.992367817E1,2.501298523E-1,2.369572449E-1,9.810149689E0,9.816198378E0
4.993370917E1,1.701960754E-1,2.354603577E-1,9.724378052E0,9.728717119E0
4.994374017E1,1.410067749E-1,2.420466614E-1,9.764644318E0,9.768661533E0
4.995377217E1,1.613644409E-1,2.362088013E-1,9.837243347E0,9.841401818E0
4.996380317E1,1.728904724E-1,2.498304749E-1,9.864037628E0,9.868715454E0
4.997383417E1,2.011816406E-1,2.650987244E-1,9.820178833E0,9.825816185E0
4.998386517E1,2.163002014E-1,3.038681030E-1,9.758058014E0,9.765183962E0
4.999389717E1,2.104623413E-1,3.492237854E-1,9.786349182E0,9.794839558E0
5.000392817E1,2.091151428E-1,3.665876770E-1,9.840835876E0,9.849881543E0
5.001395917E1,2.173480225E-1,3.674858093E-1,9.892927551E0,9.902136210E0
5.002399017E1,2.189945984E-1,3.647914124E-1,9.928703156E0,9.937815543E0
5.003402217E1,2.447410583E-1,3.526666260E-1,9.954898682E0,9.964149723E0
5.004405317E1,2.493814087E-1,3.373983765E-1,9.967023468E0,9.975850117E0
5.005408417E1,2.412982178E-1,3.023712158E-1,9.951904907E0,9.959420890E0
5.006411517E1,2.074685669E-1,2.791694641E-1,9.916877747E0,9.922975513E0
5.007414717E1,1.832189941E-1,2.450404358E-1,9.877659302E0,9.882396840E0
5.008417817E1,1.672023010E-1,2.453398132E-1,9.827214203E0,9.831698084E0
5.009420917E1,1.763333130E-1,2.465373230E-1,9.775870972E0,9.780568866E0
5.010424117E1,1.769320679E-1,2.634521484E-1,9.780810699E0,9.785957793E0
5.011427217E1,1.990859985E-1,2.772235107E-1,9.804910583E0,9.810849079E0
5.012430317E1,2.219883728E-1,2.793191528E-1,9.825417938E0,9.831893800E0
5.013433417E1,2.386038208E-1,2.811154175E-1,9.868827667E0,9.875713503E0
5.014436617E1,2.436932373E-1,2.643502808E-1,9.857750702E0,9.864305164E0
5.015439717E1,2.333647156E-1,2.529739380E-1,9.858050079E0,9.864056279E0
5.016442817E1,2.076182556E-1,2.547702026E-1,9.846074982E0,9.851558544E0
5.017445917E1,2.043251038E-1,2.736309814E-1,9.842632141E0,9.848554723E0
5.018449117E1,1.924996948E-1,2.715353394E-1,9.804162140E0,9.809810540E0
5.019452217E1,1.872605896E-1,3.115022278E-1,9.786049805E0,9.792796891E0
5.020455317E1,1.962419128E-1,3.508703613E-1,9.816436615E0,9.824665323E0
5.021458417E1,2.204914856E-1,3.567082214E-1,9.858948212E0,9.867862843E0
5.022461617E1,2.532733154E-1,3.531156921E-1,9.869576111E0,9.879138154E0
5.023464717E1,2.619552612E-1,3.233276367E-1,9.870324554E0,9.879092475E0
5.024467817E1,2.474354553E-1,2.966830444E-1,9.897118835E0,9.904655793E0
5.025470917E1,2.290237427E-1,2.865042114E-1,9.911339264E0,9.918123943E0
5.026474117E1,2.167492676E-1,2.667453003E-1,9.903854828E0,9.909817039E0
5.027477217E1,1.977388000E-1,2.787203979E-1,9.884544983E0,9.890450708E0
5.028480317E1,2.167492676E-1,3.050656128E-1,9.873617706E0,9.880707054E0
5.029483517E1,2.353106689E-1,3.293151855E-1,9.863738251E0,9.872038892E0
5.030486617E1,2.676434326E-1,3.535647583E-1,9.865384827E0,9.875346010E0
5.031489717E1,2.643502808E-1,3.626957703E-1,9.878407745E0,9.888597923E0
5.032492817E1,2.368075562E-1,3.454815674E-1,9.875114594E0,9.883993301E0
5.033496017E1,2.287243652E-1,3.327580261E-1,9.885293427E0,9.893536722E0
5.034499117E1,2.136058044E-1,3.224295044E-1,9.853858795E0,9.861446211E0
5.035502217E1,1.754351807E-1,2.856060791E-1,9.812993774E0,9.818716574E0
5.036505317E1,1.541793823E-1,2.709365845E-1,9.787696381E0,9.792659412E0
5.037508517E1,1.568737793E-1,2.366578674E-1,9.789941711E0,9.794058150E0
5.038511617E1,1.893562317E-1,2.230361938E-1,9.831555176E0,9.835907589E0
5.039514717E1,2.201921082E-1,2.261796570E-1,9.869875488E0,9.874921972E0
5.040517817E1,2.481838989E-1,2.136058044E-1,9.858050079E0,9.863486912E0
5.041521017E1,2.552192688E-1,2.330653381E-1,9.850865021E0,9.856926396E0
5.042524117E1,2.570155334E-1,2.330653381E-1,9.860594788E0,9.866696813E0
5.043527217E1,2.392025757E-1,2.547702026E-1,9.834848328E0,9.841055195E0
5.044530317E1,1.992356873E-1,2.477348328E-1,9.830207977E0,9.835347288E0
5.045533517E1,1.746867371E-1,2.558180237E-1,9.826465759E0,9.831347193E0
5.046536617E1,1.688488770E-1,2.760260010E-1,9.862840118E0,9.868146508E0
5.047539717E1,1.914518738E-1,2.936892700E-1,9.876611481E0,9.882831656E0
5.048542917E1,2.154020691E-1,3.305126953E-1,9.884844360E0,9.892713719E0
5.049546017E1,2.125579834E-1,3.620970154E-1,9.877659302E0,9.886579208E0
5.050549117E1,2.177970886E-1,3.652404785E-1,9.855355682E0,9.864525929E0
5.051552217E1,1.986369324E-1,3.510200500E-1,9.824070740E0,9.832346495E0
5.052555417E1,1.706451416E-1,3.564088440E-1,9.846374359E0,9.854300333E0
5.053558517E1,1.715432739E-1,3.218307495E-1,9.847571869E0,9.854322597E0
5.054561617E1,1.854643250E-1,3.025209045E-1,9.852212219E0,9.858600384E0
5.055564717E1,2.028282166E-1,3.106040955E-1,9.831405487E0,9.838401702E0
5.056567917E1,2.329156494E-1,2.936892700E-1,9.842931519E0,9.850066191E0
5.057571017E1,2.555186462E-1,2.975811768E-1,9.859546967E0,9.867345678E0
5.058574117E1,2.724334717E-1,2.911445618E-1,9.880054321E0,9.888096811E0
5.059577217E1,2.880010986E-1,2.725831604E-1,9.962981873E0,9.970870273E0
5.060580417E1,3.046165466E-1,2.534230042E-1,9.997559967E0,1.000540952E1
5.061583517E1,2.758763123E-1,2.406994629E-1,9.852062531E0,9.858863021E0
5.062586617E1,1.901046753E-1,2.409988403E-1,9.720486145E0,9.725331415E0
5.063589717E1,1.585203552E-1,2.287243652E-1,9.763895874E0,9.767860880E0
5.064592917E1,1.627116394E-1,2.454895020E-1,9.821376343E0,9.825791237E0
5.065596017E1,1.718426514E-1,2.273771667E-1,9.861792297E0,9.865909871E0
5.066599117E1,2.161505127E-1,2.538720703E-1,9.845176849E0,9.850821248E0
5.067602317E1,2.390528870E-1,2.995271301E-1,9.773475952E0,9.780986401E0
5.068605417E1,2.399510193E-1,3.614982605E-1,9.754615173E0,9.764260067E0
5.069608517E1,2.471360779E-1,4.189787292E-1,9.787995758E0,9.800075529E0
5.070611617E1,2.472857666E-1,4.108955383E-1,9.850116577E0,9.861783915E0
5.071614817E1,2.477348328E-1,4.173321533E-1,9.894873505E0,9.906768411E0
5.072617917E1,2.433938599E-1,4.041595459E-1,9.927655334E0,9.938859389E0
5.073621017E1,2.454895020E-1,3.544628906E-1,9.959389343E0,9.968718329E0
5.074624117E1,1.977388000E-1,3.246748352E-1,9.975705414E0,9.982946102E0
5.075627317E1,1.651066589E-1,2.731819153E-1,9.971813507E0,9.976921027E0
5.076630479E1,1.637594604E-1,2.433938599E-1,9.937983856E0,9.942312651E0
5.077633579E1,1.686991882E-1,2.534230042E-1,9.857301636E0,9.862001733E0
5.078636679E1,1.892065430E-1,2.615061951E-1,9.791887665E0,9.797206165E0
5.079639879E1,2.231858826E-1,2.905458069E-1,9.769584045E0,9.776451362E0
5.080642979E1,2.567161560E-1,3.028202820E-1,9.803114319E0,9.811149456E0
5.081646079E1,2.646496582E-1,3.016227722E-1,9.842332764E0,9.850509122E0
5.082649179E1,2.618055725E-1,2.978805542E-1,9.850565643E0,9.858545454E0
5.083652379E1,2.475851440E-1,2.812651062E-1,9.850565643E0,9.857689991E0
5.084655479E1,2.309696960E-1,2.664459229E-1,9.858050079E0,9.864354606E0
5.085658579E1,1.977388000E-1,2.314187622E-1,9.841883698E0,9.846589765E0
5.086661679E1,1.802252197E-1,2.682421875E-1,9.843679962E0,9.848983206E0
5.087664879E1,1.892065430E-1,2.932402039E-1,9.819280701E0,9.825480264E0
5.088667979E1,1.893562317E-1,3.255729675E-1,9.789492645E0,9.796735160E0
5.089671079E1,1.895059204E-1,3.671864319E-1,9.803563385E0,9.812267496E0
5.090674279E1,2.312690735E-1,3.945794678E-1,9.841883698E0,9.852504913E0
5.091677379E1,2.826123047E-1,3.875440979E-1,9.889484711E0,9.901109432E0
5.092680479E1,3.083587646E-1,3.522175598E-1,9.900561676E0,9.911622664E0
5.093683579E1,2.871029663E-1,3.360511780E-1,9.902208252E0,9.912067734E0
5.094686779E1,2.739303589E-1,2.980302429E-1,9.920919342E0,9.929174208E0
5.095689879E1,2.261796570E-1,2.888992310E-1,9.903256073E0,9.910050497E0
5.096692979E1,1.923500061E-1,2.918930054E-1,9.870474243E0,9.876662485E0
5.097696079E1,1.995350647E-1,3.186872864E-1,9.838740234E0,9.845922264E0
5.098699279E1,2.326162720E-1,3.379971313E-1,9.830058289E0,9.838617705E0
5.099702379E1,2.522254944E-1,3.579057312E-1,9.847422180E0,9.857151607E0
5.100705479E1,2.642005920E-1,3.462300110E-1,9.880802765E0,9.890396375E0
5.101708579E1,2.498304749E-1,3.493734741E-1,9.887239380E0,9.896564032E0
5.102711779E1,2.276765442E-1,3.433859253E-1,9.895621948E0,9.904195285E0
5.103714879E1,2.273771667E-1,3.415896606E-1,9.854158173E0,9.862698270E0
5.104717979E1,2.044747925E-1,3.228785706E-1,9.835297394E0,9.842719916E0
5.105721179E1,1.917512512E-1,2.806663513E-1,9.811496887E0,9.817383221E0
5.106724279E1,1.772314453E-1,2.429447937E-1,9.794582062E0,9.799197463E0
5.107727379E1,1.878593445E-1,2.266287231E-1,9.820478210E0,9.824889007E0
5.108730479E1,1.971400452E-1,2.285746765E-1,9.846524048E0,9.851149497E0
5.109733679E1,2.206411743E-1,2.236349487E-1,9.862241364E0,9.867243781E0
5.110736779E1,2.351609802E-1,2.357597351E-1,9.868378601E0,9.873995116E0
5.111739879E1,2.538720703E-1,2.550695801E-1,9.861792297E0,9.868356440E0
5.112742979E1,2.538720703E-1,2.772235107E-1,9.840686188E0,9.847863146E0
5.113746179E1,2.294728088E-1,2.960842896E-1,9.822274475E0,9.829415015E0
5.114749279E1,1.956431580E-1,3.046165466E-1,9.793833618E0,9.800522661E0
5.115752379E1,1.980381775E-1,3.192860413E-1,9.835596771E0,9.842770268E0
5.116755479E1,1.992356873E-1,3.441343689E-1,9.860145721E0,9.868160769E0
5.117758679E1,2.113604736E-1,3.749702454E-1,9.876910858E0,9.886285654E0
5.118761779E1,2.055226135E-1,4.026626587E-1,9.860894165E0,9.871251719E0
5.119764879E1,2.183958435E-1,3.763174438E-1,9.840686188E0,9.850300311E0
5.120767979E1,1.848655701E-1,3.475772095E-1,9.846074982E0,9.853942244E0
5.121771179E1,1.872605896E-1,3.318598938E-1,9.872420197E0,9.879771154E0
5.122774279E1,2.163002014E-1,2.968327332E-1,9.896220703E0,9.903033861E0
5.123777379E1,2.378553772E-1,2.823129272E-1,9.904752960E0,9.911629885E0
5.124780479E1,2.444416809E-1,2.896476746E-1,9.864786072E0,9.872064209E0
5.125783679E1,2.493814087E-1,3.026705933E-1,9.807305603E0,9.815143594E0
5.126786779E1,2.505789185E-1,3.156935120E-1,9.812694397E0,9.820968563E0
5.127789879E1,2.216889954E-1,3.156935120E-1,9.817334747E0,9.824910684E0
5.128793079E1,2.365081787E-1,3.049159241E-1,9.904902649E0,9.912416775E0
5.129796179E1,2.850073242E-1,2.749781799E-1,9.988279266E0,9.996127494E0
5.130799279E1,2.438429260E-1,2.598596191E-1,9.855804749E0,9.862244858E0
5.131802379E1,1.543290710E-1,2.636018372E-1,9.724228363E0,9.729024650E0
5.132805579E1,1.335223389E-1,2.427951050E-1,9.772727509E0,9.776654880E0
5.133808679E1,1.612147522E-1,2.478845215E-1,9.859397278E0,9.863830474E0
5.134811779E1,2.002835083E-1,2.401007080E-1,9.882299652E0,9.887244725E0
5.135814879E1,2.415975952E-1,2.532733154E-1,9.831106110E0,9.837335214E0
5.136818079E1,2.353106689E-1,3.165916443E-1,9.743987274E0,9.751968487E0
5.137821179E1,2.454895020E-1,3.752696228E-1,9.732012177E0,9.742338189E0
5.138824279E1,2.264790344E-1,3.965254211E-1,9.792187042E0,9.802828787E0
5.139827379E1,2.348616028E-1,4.040098572E-1,9.869576111E0,9.880633408E0
5.140830579E1,2.411485291E-1,4.131408691E-1,9.906848602E0,9.918391362E0
5.141833679E1,2.493814087E-1,3.924838257E-1,9.938133545E0,9.949006634E0
5.142836779E1,2.435435486E-1,3.600013733E-1,9.950857086E0,9.960344934E0
5.143839979E1,1.878593445E-1,3.186872864E-1,9.975555725E0,9.982412772E0
5.144843079E1,1.486408997E-1,2.893482971E-1,9.973011017E0,9.978314752E0
5.145846179E1,1.507365417E-1,2.508782959E-1,9.921069031E0,9.925385239E0
5.146849279E1,1.725910950E-1,2.489323425E-1,9.840237122E0,9.844898253E0
5.147852479E1,2.020797729E-1,2.686912537E-1,9.780211945E0,9.785988806E0
5.148855579E1,2.272274780E-1,2.794688416E-1,9.769733734E0,9.776371126E0
5.149858679E1,2.438429260E-1,2.938389587E-1,9.795929260E0,9.803368338E0
5.150861779E1,2.609074402E-1,2.915936279E-1,9.849368134E0,9.857137118E0
5.151864979E1,2.589614868E-1,2.803669739E-1,9.874515839E0,9.881888976E0
5.152868079E1,2.492317200E-1,2.842588806E-1,9.880952454E0,9.888181883E0
5.153871179E1,2.375559998E-1,2.769241333E-1,9.845625916E0,9.852383950E0
5.154874279E1,2.173480225E-1,2.805166626E-1,9.864187317E0,9.870568433E0
5.155877479E1,1.992356873E-1,2.936892700E-1,9.846374359E0,9.852767949E0
5.156880579E1,1.862127686E-1,3.052153015E-1,9.823921051E0,9.830425036E0
5.157883679E1,1.874102783E-1,3.254232788E-1,9.785451050E0,9.792654143E0
5.158886879E1,1.823208618E-1,3.451821899E-1,9.803713074E0,9.811482134E0
5.159889979E1,1.889071655E-1,3.773652649E-1,9.863738251E0,9.872761657E0
5.160893079E1,2.300715637E-1,3.884422302E-1,9.885443115E0,9.895746858E0
5.161896179E1,2.944377136E-1,3.586541748E-1,9.913883972E0,9.924737870E0
5.162899379E1,3.029699707E-1,3.254232788E-1,9.929301910E0,9.939251860E0
5.163902479E1,2.856060791E-1,3.129991150E-1,9.900262299E0,9.909325550E0
5.164905579E1,2.463876343E-1,2.836601257E-1,9.893975372E0,9.901106938E0
5.165908679E1,2.050735474E-1,2.875520325E-1,9.873318329E0,9.879633402E0
5.166911879E1,1.736389160E-1,3.052153015E-1,9.851014709E0,9.857271309E0
5.167914979E1,1.528321838E-1,3.234773254E-1,9.821376343E0,9.827890339E0
5.168918079E1,1.754351807E-1,3.300636292E-1,9.834099884E0,9.841201148E0
5.169921179E1,2.091151428E-1,3.396437073E-1,9.865983582E0,9.874042689E0
5.170924379E1,2.151026917E-1,3.273692322E-1,9.900411987E0,9.908158118E0
5.171927479E1,2.183958435E-1,3.323089600E-1,9.919272766E0,9.927240211E0
5.172930579E1,2.308200073E-1,3.308120728E-1,9.896969147E0,9.905186156E0
5.173933779E1,1.975891113E-1,3.038681030E-1,9.856403503E0,9.863065817E0
5.174936879E1,1.947450256E-1,2.986289978E-1,9.814640350E0,9.821113486E0
5.175939979E1,1.748364258E-1,2.782713318E-1,9.792336731E0,9.797849834E0
5.176943046E1,1.772314453E-1,2.595602417E-1,9.808802490E0,9.813836599E0
5.177946246E1,1.884580994E-1,2.526745605E-1,9.820927277E0,9.825984605E0
5.178949346E1,2.127076721E-1,2.383044434E-1,9.837093658E0,9.842278456E0
5.179952446E1,2.270777893E-1,2.457888794E-1,9.836794281E0,9.842484352E0
5.180955546E1,2.267784119E-1,2.603086853E-1,9.857601013E0,9.863644701E0
5.181958746E1,2.233355713E-1,2.589614868E-1,9.867929535E0,9.873853004E0
5.182961846E1,2.098635864E-1,2.676434326E-1,9.847871246E0,9.853742630E0
5.183964946E1,2.061213684E-1,2.812651062E-1,9.841584320E0,9.847760050E0
5.184968046E1,1.803749084E-1,3.019221497E-1,9.833201752E0,9.839489254E0
5.185971246E1,1.585203552E-1,3.076103210E-1,9.855655060E0,9.861728523E0
5.186974346E1,1.712438965E-1,3.213816833E-1,9.875863037E0,9.882574633E0
5.187977446E1,1.841171265E-1,3.540138245E-1,9.892328796E0,9.900373423E0
5.188980646E1,2.013313293E-1,3.942800903E-1,9.865235138E0,9.875163564E0
5.189983746E1,1.893562317E-1,4.180805969E-1,9.823471985E0,9.834187765E0
5.190986846E1,1.929487610E-1,4.099974060E-1,9.807455292E0,9.817917620E0
5.191989946E1,1.914518738E-1,3.779640198E-1,9.815239105E0,9.824379335E0
5.192993146E1,1.999841309E-1,3.474275208E-1,9.825417938E0,9.833592283E0
5.193996246E1,2.092648315E-1,2.974314880E-1,9.850865021E0,9.857575712E0
5.194999346E1,2.209405518E-1,2.894979858E-1,9.877808990E0,9.884519931E0
5.196002446E1,2.263293457E-1,2.673440552E-1,9.851613464E0,9.857838793E0
5.197005646E1,2.231858826E-1,2.621049500E-1,9.826615448E0,9.832643699E0
5.198008746E1,2.207908630E-1,2.474354553E-1,9.856253815E0,9.861831076E0
5.199011846E1,2.248324585E-1,2.396516418E-1,9.932445374E0,9.937879736E0
5.200014946E1,2.683918762E-1,2.456391907E-1,1.003498215E1,1.004157555E1
5.201018146E1,2.900967407E-1,2.586621094E-1,9.923464050E0,9.931072498E0
5.202021246E1,2.248324585E-1,2.754272461E-1,9.733059998E0,9.739551669E0
5.203024346E1,1.474433899E-1,2.850073242E-1,9.708810425E0,9.714111827E0
5.204027546E1,1.585203552E-1,2.814147949E-1,9.817783813E0,9.823095337E0
5.205030646E1,1.875599670E-1,2.806663513E-1,9.903256073E0,9.909007679E0
5.206033746E1,2.134561157E-1,2.921923828E-1,9.877659302E0,9.884285163E0
5.207036846E1,2.200424194E-1,3.170407104E-1,9.814490662E0,9.822075159E0
5.208040046E1,2.046244812E-1,3.559597778E-1,9.743538208E0,9.752185158E0
5.209043146E1,1.896556091E-1,4.005670166E-1,9.779014435E0,9.789052380E0
5.210046246E1,1.914518738E-1,4.058061218E-1,9.843679962E0,9.853901137E0
5.211049346E1,1.995350647E-1,4.108955383E-1,9.883946228E0,9.894495562E0
5.212052546E1,2.333647156E-1,4.290078735E-1,9.897717590E0,9.909758844E0
5.213055646E1,2.541714478E-1,4.391867065E-1,9.925260315E0,9.938223202E0
5.214058746E1,2.531236267E-1,4.070036316E-1,9.958940277E0,9.970467139E0
5.215061846E1,2.139051819E-1,3.568579102E-1,9.975855103E0,9.984527431E0
5.216065046E1,1.859133911E-1,3.156935120E-1,9.952204285E0,9.958945542E0
5.217068146E1,1.651066589E-1,2.778222656E-1,9.899513855E0,9.904787730E0
5.218071246E1,1.618135071E-1,2.704875183E-1,9.838440857E0,9.843488488E0
5.219074346E1,1.743873596E-1,2.766247559E-1,9.803862762E0,9.809314822E0
5.220077546E1,1.948947144E-1,2.799179077E-1,9.808203735E0,9.814132590E0
5.221080646E1,2.290237427E-1,2.824626160E-1,9.824519806E0,9.831247450E0
5.222083746E1,2.368075562E-1,2.764750671E-1,9.847871246E0,9.854597118E0
5.223086946E1,2.529739380E-1,2.721340942E-1,9.852361908E0,9.859365494E0
5.224090046E1,2.281256104E-1,2.761756897E-1,9.848619690E0,9.855131866E0
5.225093146E1,2.016307068E-1,2.812651062E-1,9.836943970E0,9.843029598E0
5.226096246E1,1.842668152E-1,3.065625000E-1,9.838440857E0,9.844940494E0
5.227099446E1,1.645079041E-1,3.089575195E-1,9.828262024E0,9.834492972E0
5.228102546E1,1.746867371E-1,3.388952637E-1,9.801467743E0,9.808880434E0
5.229105646E1,1.534309387E-1,3.712280273E-1,9.756261749E0,9.764527363E0
5.230108746E1,1.522334290E-1,3.841012573E-1,9.790241089E0,9.798955524E0
5.231111946E1,1.725910950E-1,3.861968994E-1,9.837393036E0,9.846483508E0
5.232115046E1,2.389031982E-1,3.793112183E-1,9.881850586E0,9.892013078E0
5.233118146E1,2.728825378E-1,3.760180664E-1,9.933792572E0,9.944651293E0
5.234121346E1,2.665956116E-1,3.537144470E-1,9.914333038E0,9.924222223E0
5.235124446E1,2.504292297E-1,3.197351074E-1,9.885592804E0,9.893932000E0
5.236127546E1,2.300715637E-1,3.070115662E-1,9.890831909E0,9.898269792E0
5.237130646E1,1.926493835E-1,3.055146790E-1,9.872270508E0,9.878875340E0
5.238133846E1,1.742376709E-1,3.296145630E-1,9.867330780E0,9.874371942E0
5.239136946E1,1.836680603E-1,3.384461975E-1,9.859247589E0,9.866764556E0
5.240140046E1,1.968406677E-1,3.501219177E-1,9.853110352E0,9.861293790E0
5.241143146E1,2.155517578E-1,3.658392334E-1,9.858349457E0,9.867489798E0
5.242146346E1,2.338137817E-1,3.573069763E-1,9.901310120E0,9.910513571E0
5.243149446E1,2.218386841E-1,3.543132019E-1,9.895621948E0,9.904447687E0
5.244152546E1,2.083666992E-1,3.531156921E-1,9.877509613E0,9.886015554E0
5.245155646E1,2.011816406E-1,3.294648743E-1,9.837692413E0,9.845263489E0
5.246158846E1,1.619631958E-1,3.040177917E-1,9.786049805E0,9.792110583E0
5.247161946E1,1.686991882E-1,2.887495422E-1,9.777517548E0,9.783234900E0
5.248165046E1,1.725910950E-1,2.615061951E-1,9.794132996E0,9.799143550E0
5.249168146E1,1.919009399E-1,2.445913696E-1,9.809850311E0,9.814775292E0
5.250171346E1,2.100132751E-1,2.377056885E-1,9.842931519E0,9.848040945E0
5.251174446E1,2.287243652E-1,2.636018372E-1,9.849817200E0,9.855998155E0
5.252177546E1,2.127076721E-1,2.688409424E-1,9.853709106E0,9.859670540E0
5.253180746E1,2.085163879E-1,2.920426941E-1,9.875264282E0,9.881781857E0
5.254183846E1,2.011816406E-1,3.106040955E-1,9.870623932E0,9.877558694E0
5.255186946E1,2.125579834E-1,3.143463135E-1,9.845326538E0,9.852636659E0
5.256190046E1,2.026785278E-1,3.412902832E-1,9.861043854E0,9.869029513E0
5.257193246E1,1.987866211E-1,3.522175598E-1,9.866732025E0,9.875017680E0
5.258196346E1,1.883084106E-1,3.565585327E-1,9.868079224E0,9.876314171E0
5.259199446E1,1.652563477E-1,3.595523071E-1,9.860445099E0,9.868382090E0
5.260202546E1,1.564247131E-1,3.677851868E-1,9.858199768E0,9.866298055E0
5.261205746E1,1.546284485E-1,3.552113342E-1,9.885592804E0,9.893180992E0
5.262208846E1,1.730401611E-1,3.743714905E-1,9.896370392E0,9.904960567E0
5.263211946E1,1.824705505E-1,3.826043701E-1,9.887389069E0,9.896471300E0
5.264215046E1,2.058219910E-1,3.814068604E-1,9.831405487E0,9.840953599E0
5.265218246E1,2.320175171E-1,3.653901672E-1,9.814790039E0,9.824329270E0
5.266221346E1,2.158511353E-1,3.538641357E-1,9.818532257E0,9.827277712E0
5.267224446E1,2.180964661E-1,3.115022278E-1,9.848020935E0,9.855359762E0
5.268227646E1,2.019300842E-1,2.847079468E-1,9.853260040E0,9.859440542E0
5.269230746E1,2.116598511E-1,2.836601257E-1,9.868528290E0,9.874872838E0
5.270233846E1,2.183958435E-1,2.924917603E-1,9.839189301E0,9.845958271E0
5.271236946E1,1.948947144E-1,3.011737061E-1,9.781409454E0,9.787985516E0
5.272240146E1,1.814227295E-1,2.785707092E-1,9.810449066E0,9.816080008E0
5.273243246E1,2.062710571E-1,2.860551453E-1,9.939031677E0,9.945286621E0
5.274246346E1,2.668949890E-1,2.933898926E-1,1.009081604E1,1.009860777E1
5.275249446E1,3.023712158E-1,2.998265076E-1,9.995763702E0,1.000482965E1
5.276252592E1,2.146536255E-1,3.182382202E-1,9.766141205E0,9.773682304E0
5.277255692E1,1.222956848E-1,3.254232788E-1,9.662706299E0,9.668958039E0
5.278258792E1,9.774673462E-2,3.332070923E-1,9.752818909E0,9.758998824E0
5.279261992E1,1.333726501E-1,3.177891541E-1,9.898316345E0,9.904314448E0
5.280265092E1,1.869612122E-1,2.908451843E-1,9.925559692E0,9.931579966E0
5.281268192E1,2.387535095E-1,3.065625000E-1,9.834548950E0,9.842222150E0
5.282271292E1,2.381547546E-1,3.276686096E-1,9.753417664E0,9.761825676E0
5.283274492E1,2.275268555E-1,3.677851868E-1,9.741143188E0,9.750738692E0
5.284277592E1,2.112107849E-1,3.833528137E-1,9.815837860E0,9.825591192E0
5.285280692E1,1.851649475E-1,3.996688843E-1,9.893226929E0,9.903027837E0
5.286283792E1,1.990859985E-1,4.123924255E-1,9.926308136E0,9.936865500E0
5.287286992E1,2.372566223E-1,4.360432434E-1,9.945318604E0,9.957699862E0
5.288290092E1,2.588117981E-1,4.321513367E-1,9.951605530E0,9.964345987E0
5.289293192E1,2.297721863E-1,4.143383789E-1,9.957742767E0,9.969007602E0
5.290296392E1,1.886077881E-1,3.724255371E-1,9.946366425E0,9.955123240E0
5.291299492E1,1.595681763E-1,3.104544067E-1,9.885443115E0,9.891603992E0
5.292302592E1,1.547781372E-1,2.700384521E-1,9.823921051E0,9.828850485E0
5.293305692E1,1.543290710E-1,2.823129272E-1,9.782457275E0,9.787746850E0
5.294308892E1,1.692979431E-1,2.640509033E-1,9.784852295E0,9.789878401E0
5.295311992E1,1.978884888E-1,2.704875183E-1,9.798324280E0,9.804054368E0
5.296315092E1,2.290237427E-1,2.727328491E-1,9.837692413E0,9.844136686E0
5.297318192E1,2.601589966E-1,2.745291138E-1,9.866133270E0,9.873380102E0
5.298321392E1,2.695893860E-1,2.761756897E-1,9.875713348E0,9.883251772E0
5.299324492E1,2.495310974E-1,2.971321106E-1,9.854008484E0,9.861644714E0
5.300327592E1,1.941462708E-1,3.032693481E-1,9.836494904E0,9.843083717E0
5.301330692E1,1.622625732E-1,3.076103210E-1,9.831255798E0,9.837405340E0
5.302333892E1,1.523831177E-1,3.423381042E-1,9.833950195E0,9.841086954E0
5.303336992E1,1.634600830E-1,3.568579102E-1,9.788744202E0,9.796610629E0
5.304340092E1,1.555265808E-1,3.652404785E-1,9.772577820E0,9.780637319E0
5.305343292E1,1.573228455E-1,3.956272888E-1,9.813592529E0,9.822823920E0
5.306346392E1,2.065704346E-1,3.962260437E-1,9.849068756E0,9.859199855E0
5.307349492E1,2.532733154E-1,3.727249146E-1,9.913434906E0,9.923671844E0
5.308352592E1,2.739303589E-1,3.665876770E-1,9.926906891E0,9.937449612E0
5.309355792E1,2.615061951E-1,3.421884155E-1,9.880353699E0,9.889735467E0
5.310358892E1,2.345622253E-1,3.308120728E-1,9.862540741E0,9.870874629E0
5.311361992E1,1.899549866E-1,3.216810608E-1,9.865983582E0,9.873053916E0
5.312365092E1,1.613644409E-1,3.312611389E-1,9.853709106E0,9.860596107E0
5.313368292E1,1.520837402E-1,3.370989990E-1,9.860295410E0,9.867228120E0
5.314371392E1,1.806742859E-1,3.474275208E-1,9.863289185E0,9.871059853E0
5.315374492E1,1.990859985E-1,3.456312561E-1,9.853858795E0,9.861928278E0
5.316377592E1,2.145039368E-1,3.472778320E-1,9.888736267E0,9.897157107E0
5.317380792E1,2.128573608E-1,3.472778320E-1,9.895172882E0,9.903552722E0
5.318383892E1,2.103126526E-1,3.406915283E-1,9.883048096E0,9.891154725E0
5.319386992E1,2.025288391E-1,3.324586487E-1,9.845176849E0,9.852870337E0
5.320390192E1,1.881587219E-1,3.218307495E-1,9.809700623E0,9.816781807E0
5.321393292E1,1.645079041E-1,3.010240173E-1,9.790690155E0,9.796698016E0
5.322396392E1,1.559756470E-1,2.761756897E-1,9.811197510E0,9.816323038E0
5.323399492E1,1.609153748E-1,2.469863892E-1,9.827214203E0,9.831634402E0
5.324402692E1,1.749861145E-1,2.603086853E-1,9.827064514E0,9.832068842E0
5.325405792E1,2.040257263E-1,2.585124207E-1,9.837243347E0,9.842754281E0
5.326408892E1,2.173480225E-1,2.695893860E-1,9.843230896E0,9.849320437E0
5.327411992E1,2.103126526E-1,2.644999695E-1,9.837692413E0,9.843494484E0
5.328415192E1,2.134561157E-1,2.918930054E-1,9.848170624E0,9.854807440E0
5.329418292E1,1.953437805E-1,3.068618774E-1,9.846823425E0,9.853540225E0
5.330421392E1,1.709445190E-1,3.016227722E-1,9.851613464E0,9.857712015E0
5.331424592E1,1.742376709E-1,3.245251465E-1,9.855505371E0,9.862386195E0
5.332427692E1,1.655557251E-1,3.537144470E-1,9.854008484E0,9.861744562E0
5.333430792E1,1.604663086E-1,3.620970154E-1,9.870174866E0,9.878118017E0
5.334433892E1,1.782792664E-1,3.626957703E-1,9.893526306E0,9.901777340E0
5.335437092E1,1.691482544E-1,3.670367432E-1,9.898765411E0,9.907011849E0
5.336440192E1,1.606159973E-1,3.626957703E-1,9.867630157E0,9.875599761E0
5.337443292E1,1.405577087E-1,3.632945251E-1,9.854906616E0,9.862602283E0
5.338446392E1,1.564247131E-1,3.555107117E-1,9.880952454E0,9.888583212E0
5.339449592E1,1.857637024E-1,3.595523071E-1,9.889185333E0,9.897462936E0
5.340452692E1,2.023791504E-1,3.652404785E-1,9.879605255E0,9.888425452E0
5.341455792E1,2.279759216E-1,3.742218018E-1,9.824070740E0,9.833838563E0
5.342458992E1,2.219883728E-1,3.603007507E-1,9.796977081E0,9.806113165E0
5.343462092E1,2.134561157E-1,3.332070923E-1,9.811197510E0,9.819174459E0
5.344465192E1,1.895059204E-1,3.173400879E-1,9.836195526E0,9.843137694E0
5.345468292E1,1.850152588E-1,2.839595032E-1,9.869127045E0,9.874944672E0
5.346471492E1,1.797761536E-1,2.703378296E-1,9.880054321E0,9.885386963E0
5.347474592E1,1.920506287E-1,2.727328491E-1,9.846224670E0,9.851873269E0
5.348477692E1,1.787283325E-1,2.784210205E-1,9.782008209E0,9.787601682E0
5.349480792E1,1.583706665E-1,2.752775574E-1,9.861043854E0,9.866156541E0
5.350483992E1,2.182461548E-1,2.710862732E-1,1.000175125E1,1.000780432E1
5.351487092E1,2.646496582E-1,3.112028503E-1,1.005459137E1,1.006288697E1
5.352490192E1,2.501298523E-1,3.321592712E-1,9.869576111E0,9.878331202E0
5.353493292E1,1.933978271E-1,3.454815674E-1,9.689949646E0,9.698035078E0
5.354496492E1,1.450483704E-1,3.378474426E-1,9.658515015E0,9.665510448E0
5.355499592E1,1.179547119E-1,3.287164307E-1,9.785900116E0,9.792129946E0
5.356502692E1,1.357676697E-1,3.031196594E-1,9.908944244E0,9.914509087E0
5.357505892E1,1.740879822E-1,2.827619934E-1,9.922565918E0,9.928120435E0
5.358508992E1,2.038760376E-1,2.845582581E-1,9.827962646E0,9.834194864E0
5.359512092E1,2.080673218E-1,3.186872864E-1,9.760303345E0,9.767721074E0
5.360515192E1,1.698966980E-1,3.360511780E-1,9.792785797E0,9.800022906E0
5.361518392E1,1.613644409E-1,3.534150696E-1,9.876312103E0,9.883950701E0
5.362521492E1,1.523831177E-1,3.646417236E-1,9.921518097E0,9.929385960E0
5.363524592E1,1.740879822E-1,3.995191956E-1,9.939031677E0,9.948581451E0
5.364527692E1,1.941462708E-1,4.330494690E-1,9.919871521E0,9.931217227E0
5.365530892E1,2.137554932E-1,4.448748779E-1,9.931996307E0,9.944252396E0
5.366533992E1,2.106120300E-1,4.260140991E-1,9.942923584E0,9.954274199E0
5.367537092E1,1.898052979E-1,3.625460815E-1,9.931247864E0,9.939675540E0
5.368540192E1,1.517843628E-1,3.098556519E-1,9.887089691E0,9.893108287E0
5.369543392E1,1.447489929E-1,2.797682190E-1,9.843679962E0,9.848718583E0
5.370546492E1,1.348695374E-1,2.558180237E-1,9.806108093E0,9.810371481E0
5.371549592E1,1.460961914E-1,2.369572449E-1,9.782008209E0,9.785968396E0
5.372552792E1,1.621128845E-1,2.302212524E-1,9.813742218E0,9.817780744E0
5.373555892E1,1.974394226E-1,2.311193848E-1,9.816586304E0,9.821291420E0
5.374558992E1,2.031275940E-1,2.396516418E-1,9.845176849E0,9.850187862E0
5.375562092E1,2.122586060E-1,2.568658447E-1,9.848020935E0,9.853656688E0
5.376565304E1,1.844165039E-1,2.842588806E-1,9.835746460E0,9.841581224E0
5.377568404E1,1.709445190E-1,3.082090759E-1,9.837393036E0,9.843704415E0
5.378571504E1,1.619631958E-1,3.282673645E-1,9.860894165E0,9.867685913E0
5.379574704E1,1.456471252E-1,3.405418396E-1,9.851912842E0,9.858872576E0
5.380577804E1,1.267863464E-1,3.659889221E-1,9.799222412E0,9.806874250E0
5.381580904E1,1.386117554E-1,3.674858093E-1,9.801018677E0,9.808885061E0
5.382584004E1,1.212478638E-1,3.806584167E-1,9.840835876E0,9.848941701E0
5.383587204E1,1.580712891E-1,3.808081055E-1,9.865534515E0,9.874146678E0
5.384590304E1,1.872605896E-1,3.499722290E-1,9.890981598E0,9.898942573E0
5.385593404E1,2.128573608E-1,3.333567810E-1,9.897717590E0,9.905617018E0
5.386596504E1,2.221380615E-1,3.285667419E-1,9.876910858E0,9.884870739E0
5.387599704E1,2.079176331E-1,3.049159241E-1,9.858199768E0,9.865105480E0
5.388602804E1,1.922003174E-1,3.086581421E-1,9.838889923E0,9.845606418E0
5.389605904E1,1.791773987E-1,3.026705933E-1,9.862690430E0,9.868960256E0
5.390609004E1,1.748364258E-1,3.147953796E-1,9.894574127E0,9.901124232E0
5.391612204E1,1.739382935E-1,3.344046021E-1,9.899513855E0,9.906687415E0
5.392615304E1,1.706451416E-1,3.212319946E-1,9.894274750E0,9.900958670E0
5.393618404E1,1.880090332E-1,3.427871704E-1,9.891131287E0,9.898854912E0
5.394621604E1,1.805245972E-1,3.429368591E-1,9.884994049E0,9.892588244E0
5.395624704E1,1.691482544E-1,3.421884155E-1,9.885143738E0,9.892510842E0
5.396627804E1,1.576222229E-1,3.305126953E-1,9.852960663E0,9.859762534E0
5.397630904E1,1.490899658E-1,3.267704773E-1,9.808203735E0,9.814778004E0
5.398634104E1,1.441502380E-1,2.926414490E-1,9.811496887E0,9.816918533E0
5.399637204E1,1.423539734E-1,2.914439392E-1,9.797575836E0,9.802943256E0
5.400640304E1,1.586700439E-1,2.706372070E-1,9.826914825E0,9.831921260E0
5.401643404E1,1.709445190E-1,2.582130432E-1,9.833501129E0,9.838375906E0
5.402646604E1,1.701960754E-1,2.715353394E-1,9.844428406E0,9.849643079E0
5.403649704E1,1.862127686E-1,2.691403198E-1,9.858648834E0,9.864079711E0
5.404652804E1,1.895059204E-1,2.727328491E-1,9.845775604E0,9.851375181E0
5.405656004E1,1.763333130E-1,2.893482971E-1,9.851314087E0,9.857139804E0
5.406659104E1,1.710942078E-1,3.049159241E-1,9.856553192E0,9.862752546E0
5.407662204E1,1.706451416E-1,3.122506714E-1,9.858648834E0,9.865068529E0
5.408665304E1,1.549278259E-1,3.225791931E-1,9.887089691E0,9.893563692E0
5.409668504E1,1.513352966E-1,3.258723450E-1,9.871072998E0,9.877609898E0
5.410671604E1,1.300794983E-1,3.324586487E-1,9.866133270E0,9.872590093E0
5.411674704E1,1.299298096E-1,3.294648743E-1,9.860594788E0,9.866952844E0
5.412677804E1,1.335223389E-1,3.296145630E-1,9.864636383E0,9.871044775E0
5.413681004E1,1.429527283E-1,3.228785706E-1,9.857002258E0,9.863324976E0
5.414684104E1,1.336720276E-1,3.058140564E-1,9.852511597E0,9.858162872E0
5.415687204E1,1.338217163E-1,3.011737061E-1,9.839638367E0,9.845156019E0
5.416690404E1,1.543290710E-1,2.920426941E-1,9.870025177E0,9.875550789E0
5.417693504E1,1.760339355E-1,3.194357300E-1,9.889484711E0,9.896208111E0
5.418696604E1,1.796264648E-1,3.239263916E-1,9.879904633E0,9.886845277E0
5.419699704E1,1.965412903E-1,3.525169373E-1,9.829010468E0,9.837293502E0
5.420702904E1,1.796264648E-1,3.571572876E-1,9.789792023E0,9.797951564E0
5.421706004E1,1.484912109E-1,3.516188049E-1,9.779313812E0,9.786759630E0
5.422709104E1,1.459465027E-1,3.224295044E-1,9.804760895E0,9.811146588E0
5.423712204E1,1.359173584E-1,2.897973633E-1,9.860744476E0,9.865938256E0
5.424715404E1,1.454974365E-1,2.691403198E-1,9.900711365E0,9.905437474E0
5.425718504E1,1.633103943E-1,2.665956116E-1,9.863289185E0,9.868242855E0
5.426721604E1,1.526824951E-1,2.877017212E-1,9.787546692E0,9.792964539E0
5.427724804E1,1.543290710E-1,2.863545227E-1,9.831106110E0,9.836486350E0
5.428727904E1,1.872605896E-1,2.827619934E-1,9.981393585E0,9.987153687E0
5.429731004E1,2.218386841E-1,2.945874023E-1,1.009021729E1,1.009695395E1
5.430734104E1,2.115101624E-1,3.077600098E-1,9.934541016E0,9.941557120E0
5.431737304E1,1.664538574E-1,3.089575195E-1,9.740245056E0,9.746565312E0
5.432740404E1,9.999206543E-2,3.146456909E-1,9.675429840E0,9.681061043E0
5.433743504E1,7.768844604E-2,3.032693481E-1,9.778265991E0,9.783276220E0
5.434746604E1,1.148112488E-1,2.752775574E-1,9.924960938E0,9.929441523E0
5.435749804E1,1.682501221E-1,2.490820312E-1,9.954898682E0,9.959435613E0
5.436752904E1,2.089654541E-1,2.680924988E-1,9.870174866E0,9.876026125E0
5.437756004E1,1.975891113E-1,2.796185303E-1,9.767937469E0,9.773936279E0
5.438759104E1,1.851649475E-1,3.206332397E-1,9.756261749E0,9.763285054E0
5.439762304E1,1.534309387E-1,3.385958862E-1,9.808802490E0,9.815844055E0
5.440765404E1,1.305285645E-1,3.436853027E-1,9.898316345E0,9.905141279E0
5.441768504E1,1.273851013E-1,3.634442139E-1,9.916129303E0,9.923605142E0
5.442771704E1,1.549278259E-1,3.983216858E-1,9.914632416E0,9.923839919E0
5.443774804E1,1.865121460E-1,4.201762390E-1,9.913734283E0,9.924387250E0
5.444777904E1,1.945953369E-1,4.052073669E-1,9.911938019E0,9.922125561E0
5.445781004E1,1.764830017E-1,3.730242920E-1,9.913135529E0,9.921721090E0
5.446784204E1,1.517843628E-1,3.329077148E-1,9.901010742E0,9.907768657E0
5.447787304E1,1.402583313E-1,3.001258850E-1,9.861343231E0,9.866906216E0
5.448790404E1,1.294807434E-1,2.758763123E-1,9.820478210E0,9.825205610E0
5.449793604E1,1.148112488E-1,2.721340942E-1,9.786049805E0,9.790506083E0
5.450796704E1,1.065783691E-1,2.438429260E-1,9.787846069E0,9.791463067E0
5.451799804E1,1.448986816E-1,2.392025757E-1,9.820478210E0,9.824459567E0
5.452802904E1,1.649569702E-1,2.387535095E-1,9.856403503E0,9.860674625E0
5.453806104E1,1.860630798E-1,2.383044434E-1,9.855205994E0,9.859842476E0
5.454809204E1,1.820214844E-1,2.577639771E-1,9.835896149E0,9.840956617E0
5.455812304E1,1.857637024E-1,2.751278687E-1,9.851912842E0,9.857504255E0
5.456815404E1,1.764830017E-1,2.890489197E-1,9.882299652E0,9.888101028E0
5.457818604E1,1.564247131E-1,3.179388428E-1,9.873468018E0,9.879824112E0
5.458821704E1,1.245410156E-1,3.369493103E-1,9.807006226E0,9.813583261E0
5.459824804E1,9.999206543E-2,3.454815674E-1,9.786648560E0,9.793255126E0
5.460827904E1,9.190887451E-2,3.610491943E-1,9.797126770E0,9.804208112E0
5.461831104E1,1.191522217E-1,3.658392334E-1,9.837542725E0,9.845063862E0
5.462834204E1,1.510359192E-1,3.582051086E-1,9.896969147E0,9.904601004E0
5.463837304E1,2.058219910E-1,3.242257690E-1,9.923464050E0,9.930892397E0
5.464840504E1,2.029779053E-1,2.921923828E-1,9.888287201E0,9.894685452E0
5.465843604E1,1.877096558E-1,2.942880249E-1,9.878258057E0,9.884423230E0
5.466846704E1,1.645079041E-1,2.761756897E-1,9.879904633E0,9.885132847E0
5.467849804E1,1.559756470E-1,2.912942505E-1,9.873917084E0,9.879444282E0
5.468853004E1,1.375639343E-1,3.115022278E-1,9.870923309E0,9.876795252E0
5.469856104E1,1.528321838E-1,3.379971313E-1,9.875713348E0,9.882677465E0
5.470859204E1,1.652563477E-1,3.414399719E-1,9.846823425E0,9.854127180E0
5.471862404E1,1.881587219E-1,3.655398560E-1,9.869127045E0,9.877686557E0
5.472865504E1,1.823208618E-1,3.606001282E-1,9.875563660E0,9.883826736E0
5.473868604E1,1.689985657E-1,3.514691162E-1,9.881401520E0,9.889094349E0
5.474871704E1,1.660047913E-1,3.293151855E-1,9.875264282E0,9.882148083E0
5.475874904E1,1.369651794E-1,3.135978699E-1,9.855804749E0,9.861743777E0
5.476878004E1,1.170565796E-1,2.815644836E-1,9.829908600E0,9.834636947E0
5.477881104E1,1.152603149E-1,2.758763123E-1,9.816586304E0,9.821138393E0
5.478884204E1,1.302291870E-1,2.505789185E-1,9.832004242E0,9.836059010E0
5.479887404E1,1.571731567E-1,2.580633545E-1,9.840237122E0,9.844875149E0
5.480890504E1,1.627116394E-1,2.682421875E-1,9.826765137E0,9.831772068E0
5.481893604E1,1.788780212E-1,2.668949890E-1,9.823022919E0,9.828276021E0
5.482896704E1,1.778302002E-1,2.722837830E-1,9.832902374E0,9.838278871E0
5.483899904E1,1.722917175E-1,2.700384521E-1,9.843530273E0,9.848740704E0
5.484903004E1,1.630110168E-1,2.808160400E-1,9.846823425E0,9.852175486E0
5.485906104E1,1.577719116E-1,2.909948730E-1,9.864337006E0,9.869889288E0
5.486909304E1,1.463955688E-1,2.986289978E-1,9.852960663E0,9.858572146E0
5.487912404E1,1.341210938E-1,3.055146790E-1,9.837243347E0,9.842900201E0
5.488915504E1,1.339714050E-1,3.155438232E-1,9.850266266E0,9.856229591E0
5.489918604E1,1.417552185E-1,3.161425781E-1,9.881850586E0,9.887922516E0
5.490921804E1,1.285826111E-1,3.152444458E-1,9.889335022E0,9.895193769E0
5.491924904E1,1.354682922E-1,3.317102051E-1,9.870025177E0,9.876526733E0
5.492928004E1,1.127156067E-1,3.161425781E-1,9.842332764E0,9.848053877E0
5.493931104E1,1.035845947E-1,3.155438232E-1,9.867330780E0,9.872918231E0
5.494934304E1,1.270857239E-1,3.179388428E-1,9.915380859E0,9.921290918E0
5.495937404E1,1.538800049E-1,3.156935120E-1,9.909393311E0,9.915614819E0
5.496940504E1,1.775308228E-1,3.430865479E-1,9.860744476E0,9.868308224E0
5.497943704E1,1.966909790E-1,3.707789612E-1,9.790390778E0,9.799383448E0
5.498946804E1,1.731898499E-1,3.793112183E-1,9.758058014E0,9.766963086E0
5.499949904E1,1.576222229E-1,3.701802063E-1,9.768985291E0,9.777267090E0
5.500953004E1,1.398092651E-1,3.240760803E-1,9.819430389E0,9.825771477E0
5.501956204E1,1.354682922E-1,2.832110596E-1,9.886041870E0,9.891025428E0
5.502959304E1,1.255888367E-1,2.607577515E-1,9.891430664E0,9.895664088E0
5.503962404E1,1.428030396E-1,2.664459229E-1,9.810748444E0,9.815404788E0
5.504965604E1,1.384620667E-1,2.510279846E-1,9.832153931E0,9.836332533E0
5.505968704E1,1.652563477E-1,2.679428101E-1,9.965825958E0,9.970796861E0
5.506971804E1,2.188449097E-1,2.710862732E-1,1.008063721E1,1.008665591E1
5.507974904E1,2.278262329E-1,2.772235107E-1,9.978399811E0,9.984849546E0
5.508978104E1,1.731898499E-1,3.004252625E-1,9.748777313E0,9.754942807E0
5.509981204E1,1.017883301E-1,3.046165466E-1,9.639654236E0,9.645003157E0
5.510984304E1,8.382568359E-2,2.856060791E-1,9.730365601E0,9.734917170E0
5.511987404E1,1.157093811E-1,2.727328491E-1,9.894125061E0,9.898559622E0
5.512990604E1,1.555265808E-1,2.565664673E-1,9.975406036E0,9.979916856E0
5.513993704E1,1.983375549E-1,2.469863892E-1,9.905501404E0,9.910564975E0
5.514996804E1,2.005828857E-1,2.691403198E-1,9.787097626E0,9.792851982E0
5.516000004E1,1.936972046E-1,3.026705933E-1,9.741292877E0,9.747918497E0
5.517003104E1,1.637594604E-1,3.296145630E-1,9.785750427E0,9.792669419E0
5.518006204E1,1.354682922E-1,3.396437073E-1,9.855804749E0,9.862585703E0
5.519009304E1,1.203497314E-1,3.671864319E-1,9.890382843E0,9.897928203E0
5.520012504E1,1.243913269E-1,3.927832031E-1,9.901010742E0,9.909579485E0
5.521015604E1,1.579216003E-1,4.212240601E-1,9.932145996E0,9.942328350E0
5.522018704E1,1.621128845E-1,4.251159668E-1,9.932744751E0,9.943159581E0
5.523021804E1,1.604663086E-1,3.900888062E-1,9.942324829E0,9.951268347E0
5.524025004E1,1.351689148E-1,3.414399719E-1,9.941576385E0,9.948356292E0
5.525028104E1,1.190025330E-1,3.335064697E-1,9.895771637E0,9.902105052E0
5.526031204E1,1.218466187E-1,3.106040955E-1,9.841434631E0,9.847088763E0
5.527034404E1,1.380130005E-1,2.812651062E-1,9.796677704E0,9.801686165E0
5.528037504E1,1.317260742E-1,2.555186462E-1,9.776619415E0,9.780844991E0
5.529040604E1,1.396595764E-1,2.377056885E-1,9.813891907E0,9.817763653E0
5.530043704E1,1.549278259E-1,2.489323425E-1,9.843829651E0,9.848195375E0
5.531046904E1,1.833686829E-1,2.412982178E-1,9.839338989E0,9.844005315E0
5.532050004E1,1.800755310E-1,2.541714478E-1,9.845625916E0,9.850552268E0
5.533053104E1,1.733395386E-1,2.601589966E-1,9.851763153E0,9.856721895E0
5.534056204E1,1.561253357E-1,2.851570129E-1,9.862989807E0,9.868346243E0
5.535059404E1,1.582209778E-1,3.122506714E-1,9.863139496E0,9.869349273E0
5.536062504E1,1.333726501E-1,3.252735901E-1,9.785151672E0,9.791464876E0
5.537065604E1,1.028361511E-1,3.459306335E-1,9.770033112E0,9.776696286E0
5.538068804E1,7.514373779E-2,3.616479492E-1,9.773775330E0,9.780752528E0
5.539071904E1,9.250762939E-2,3.595523071E-1,9.815688171E0,9.822706847E0
5.540075004E1,1.447489929E-1,3.501219177E-1,9.890382843E0,9.897636607E0
5.541078104E1,1.922003174E-1,3.293151855E-1,9.909243622E0,9.916576960E0
5.542081304E1,2.040257263E-1,3.046165466E-1,9.895771637E0,9.902560983E0
5.543084404E1,1.845661926E-1,3.031196594E-1,9.876910858E0,9.883284591E0
5.544087504E1,1.933978271E-1,2.945874023E-1,9.875863037E0,9.882148308E0
5.545090604E1,1.666035461E-1,3.097059631E-1,9.862690430E0,9.868958255E0
5.546093804E1,1.342707825E-1,3.080593872E-1,9.881850586E0,9.887562907E0
5.547096904E1,1.339714050E-1,3.356021118E-1,9.870324554E0,9.876936971E0
5.548100004E1,1.377136230E-1,3.308120728E-1,9.853709106E0,9.860222352E0
5.549103204E1,1.507365417E-1,3.588038635E-1,9.844578094E0,9.852267738E0
5.550106304E1,1.513352966E-1,3.570075989E-1,9.866133270E0,9.873750174E0
5.551109404E1,1.487905884E-1,3.403921509E-1,9.882449341E0,9.889429227E0
5.552112504E1,1.517843628E-1,3.129991150E-1,9.885443115E0,9.891561683E0
5.553115704E1,1.622625732E-1,3.207829285E-1,9.879605255E0,9.886143375E0
5.554118804E1,1.526824951E-1,3.044668579E-1,9.836045837E0,9.841941360E0
5.555121904E1,1.505868530E-1,2.906954956E-1,9.822124786E0,9.827579335E0
5.556125004E1,1.429527283E-1,2.734812927E-1,9.824519806E0,9.829365031E0
5.557128204E1,1.341210938E-1,2.588117981E-1,9.815239105E0,9.819566727E0
5.558131304E1,1.194515991E-1,2.685415649E-1,9.815688171E0,9.820087450E0
5.559134404E1,1.255888367E-1,2.627037048E-1,9.805060272E0,9.809382893E0
5.560137604E1,1.224453735E-1,2.636018372E-1,9.817634125E0,9.821935583E0
5.561140704E1,1.288819885E-1,2.809657288E-1,9.854906616E0,9.859753380E0
5.562143804E1,1.445993042E-1,2.917433167E-1,9.869576111E0,9.874945860E0
5.563146904E1,1.558259583E-1,3.128494263E-1,9.885443115E0,9.891619790E0
5.564150104E1,1.589694214E-1,3.135978699E-1,9.904902649E0,9.911140771E0
5.565153204E1,1.649569702E-1,3.246748352E-1,9.878557434E0,9.885267904E0
5.566156304E1,1.525328064E-1,3.251239014E-1,9.869576111E0,9.876107756E0
5.567159504E1,1.404080200E-1,3.291654968E-1,9.857002258E0,9.863496229E0
5.568162604E1,1.318757629E-1,3.318598938E-1,9.902058563E0,9.908495647E0
5.569165704E1,1.053808594E-1,3.225791931E-1,9.889484711E0,9.895305468E0
5.570168804E1,1.044827271E-1,3.132984924E-1,9.843380585E0,9.848919429E0
5.571172004E1,9.654922485E-2,3.189866638E-1,9.817035370E0,9.822690960E0
5.572175104E1,1.011895752E-1,3.155438232E-1,9.826615448E0,9.832201096E0
5.573178204E1,1.329235840E-1,3.110531616E-1,9.884694672E0,9.890480853E0
5.574181304E1,1.850152588E-1,3.347039795E-1,9.896819458E0,9.904205813E0
5.575184504E1,1.959425354E-1,3.531156921E-1,9.845925293E0,9.854203623E0
5.576187604E1,1.721420288E-1,3.680845642E-1,9.798923035E0,9.807344787E0
5.577190721E1,1.624122620E-1,3.694317627E-1,9.786349182E0,9.794666298E0
5.578193921E1,1.393601990E-1,3.276686096E-1,9.814939728E0,9.821396532E0
5.579197021E1,1.255888367E-1,2.878514099E-1,9.882000275E0,9.886989452E0
5.580200121E1,1.101708984E-1,2.709365845E-1,9.909093933E0,9.913409446E0
5.581203221E1,1.344204712E-1,2.615061951E-1,9.829609222E0,9.834005889E0
5.582206421E1,1.273851013E-1,2.725831604E-1,9.775272217E0,9.779901608E0
5.583209521E1,1.404080200E-1,2.929408264E-1,9.859696655E0,9.865046724E0
5.584212621E1,1.802252197E-1,2.888992310E-1,9.999356232E0,1.000515212E1
5.585215721E1,2.273771667E-1,3.059637451E-1,1.006686584E1,1.007408071E1
5.586218921E1,2.210902405E-1,3.200344849E-1,9.890532532E0,9.898178455E0
5.587222021E1,1.450483704E-1,3.152444458E-1,9.686357117E0,9.692570984E0
5.588225121E1,7.319778442E-2,3.369493103E-1,9.690997467E0,9.697129712E0
5.589228321E1,6.810836792E-2,3.222798157E-1,9.818232880E0,9.823756914E0
5.590231421E1,1.227447510E-1,2.929408264E-1,9.939331055E0,9.944404578E0
5.591234521E1,1.661544800E-1,2.664459229E-1,9.960586853E0,9.965535169E0
5.592237621E1,1.827699280E-1,2.656974792E-1,9.868228912E0,9.873496942E0
5.593240821E1,2.032772827E-1,2.857557678E-1,9.772128754E0,9.778419013E0
5.594243921E1,1.678010559E-1,3.248245239E-1,9.763446808E0,9.770289747E0
5.595247021E1,1.272354126E-1,3.326083374E-1,9.812395020E0,9.818854983E0
5.596250221E1,1.202000427E-1,3.411405945E-1,9.875264282E0,9.881885933E0
5.597253321E1,1.245410156E-1,3.737727356E-1,9.893825684E0,9.901666687E0
5.598256421E1,1.552272034E-1,3.933819580E-1,9.910890198E0,9.919908738E0
5.599259521E1,1.806742859E-1,4.083508301E-1,9.903705139E0,9.913766644E0
5.600262721E1,1.683998108E-1,4.029620361E-1,9.909692688E0,9.919311774E0
5.601265821E1,1.592687988E-1,3.770658875E-1,9.917476501E0,9.925919876E0
5.602268921E1,1.483415222E-1,3.510200500E-1,9.882449341E0,9.889793995E0
5.603272021E1,1.246907043E-1,3.079096985E-1,9.856702881E0,9.862299318E0
5.604275221E1,1.203497314E-1,2.844085693E-1,9.803264008E0,9.808127115E0
5.605278321E1,1.194515991E-1,2.752775574E-1,9.793833618E0,9.798429637E0
5.606281421E1,1.028361511E-1,2.580633545E-1,9.818532257E0,9.822461385E0
5.607284621E1,1.218466187E-1,2.450404358E-1,9.819430389E0,9.823243079E0
5.608287721E1,1.437011719E-1,2.513273621E-1,9.842781830E0,9.847038622E0
5.609290821E1,1.706451416E-1,2.493814087E-1,9.850116577E0,9.854750501E0
5.610293921E1,1.713935852E-1,2.619552612E-1,9.850715332E0,9.855688148E0
5.611297121E1,1.657054138E-1,2.918930054E-1,9.856403503E0,9.862116904E0
5.612300221E1,1.651066589E-1,3.091072083E-1,9.876012726E0,9.882228232E0
5.613303321E1,1.582209778E-1,3.266207886E-1,9.841883698E0,9.848572980E0
5.614306421E1,1.167572021E-1,3.528163147E-1,9.763746185E0,9.770816300E0
5.615309621E1,8.128097534E-2,3.811074829E-1,9.781259766E0,9.789018956E0
5.616312721E1,7.888595581E-2,3.734733582E-1,9.806557159E0,9.813983323E0
5.617315821E1,1.052311707E-1,3.664379883E-1,9.871821442E0,9.879180582E0
5.618319021E1,1.637594604E-1,3.299139404E-1,9.919721832E0,9.926557389E0
5.619322121E1,1.941462708E-1,3.061134338E-1,9.904154205E0,9.910785475E0
5.620325221E1,1.815724182E-1,2.914439392E-1,9.873468018E0,9.879437171E0
5.621328321E1,1.746867371E-1,2.794688416E-1,9.877060547E0,9.882557530E0
5.622331521E1,1.698966980E-1,2.808160400E-1,9.889933777E0,9.895378348E0
5.623334621E1,1.498384094E-1,3.062631226E-1,9.886191559E0,9.892069156E0
5.624337721E1,1.312770081E-1,3.182382202E-1,9.879754944E0,9.885750703E0
5.625340921E1,1.302291870E-1,3.366499329E-1,9.865833893E0,9.872434918E0
5.626344021E1,1.339714050E-1,3.559597778E-1,9.850865021E0,9.858204571E0
5.627347121E1,1.366658020E-1,3.498225403E-1,9.862540741E0,9.869689115E0
5.628350221E1,1.462458801E-1,3.297642517E-1,9.870923309E0,9.877512809E0
5.629353421E1,1.451980591E-1,3.231779480E-1,9.871372375E0,9.877728435E0
5.630356521E1,1.477427673E-1,3.132984924E-1,9.884395294E0,9.890462790E0
5.631359621E1,1.434017944E-1,2.775228882E-1,9.869127045E0,9.874069660E0
5.632362721E1,1.240919495E-1,2.746788025E-1,9.833800507E0,9.838418555E0
5.633365921E1,1.309776306E-1,2.588117981E-1,9.837093658E0,9.841369332E0
5.634369021E1,1.396595764E-1,2.594105530E-1,9.828112335E0,9.832527178E0
5.635372121E1,1.282832336E-1,2.556683350E-1,9.833351440E0,9.837511039E0
5.636375321E1,1.299298096E-1,2.634521484E-1,9.831255798E0,9.835643312E0
5.637378421E1,1.487905884E-1,2.844085693E-1,9.815089417E0,9.820336406E0
5.638381521E1,1.104702759E-1,2.767744446E-1,9.834399261E0,9.838913386E0
5.639384621E1,1.228944397E-1,2.935395813E-1,9.839937744E0,9.845082190E0
5.640387821E1,1.294807434E-1,2.871029663E-1,9.868228912E0,9.873253529E0
5.641390921E1,1.284329224E-1,2.770738220E-1,9.862391052E0,9.867118231E0
5.642394021E1,1.308279419E-1,2.915936279E-1,9.859696655E0,9.864875110E0
5.643397121E1,1.281335449E-1,3.141966248E-1,9.864187317E0,9.870021740E0
5.644400321E1,1.178050232E-1,3.164419556E-1,9.881251831E0,9.887019333E0
5.645403421E1,1.169068909E-1,3.204835510E-1,9.881102142E0,9.886989252E0
5.646406521E1,9.999206543E-2,3.128494263E-1,9.834998016E0,9.840480637E0
5.647409721E1,8.292755127E-2,3.097059631E-1,9.832602997E0,9.837828849E0
5.648412821E1,8.861572266E-2,3.158432007E-1,9.858648834E0,9.864104952E0
5.649415921E1,1.278341675E-1,3.305126953E-1,9.897567902E0,9.903909863E0
5.650419021E1,1.571731567E-1,3.393443298E-1,9.879455566E0,9.886531255E0
5.651422221E1,1.621128845E-1,3.571572876E-1,9.812095642E0,9.819931914E0
5.652425321E1,1.513352966E-1,3.439846802E-1,9.810000000E0,9.817195518E0
5.653428421E1,1.240919495E-1,3.234773254E-1,9.810449066E0,9.816564943E0
5.654431621E1,1.019380188E-1,2.887495422E-1,9.829459534E0,9.834228103E0
5.655434721E1,1.031355286E-1,2.606080627E-1,9.896669769E0,9.900637657E0
5.656437821E1,1.122665405E-1,2.489323425E-1,9.874964905E0,9.878739948E0
5.657440921E1,1.151106262E-1,2.457888794E-1,9.781559143E0,9.785323801E0
5.658444121E1,1.166075134E-1,2.583627319E-1,9.807604980E0,9.811700366E0
5.659447221E1,1.435514832E-1,2.766247559E-1,9.927056580E0,9.931947474E0
5.660450321E1,1.797761536E-1,2.835104370E-1,1.008018814E1,1.008577665E1
5.661453421E1,2.076182556E-1,2.701881409E-1,1.003034180E1,1.003612792E1
5.662456621E1,1.567240906E-1,2.805166626E-1,9.774224396E0,9.779504823E0
5.663459721E1,6.616241455E-2,2.948867798E-1,9.637109528E0,9.641847112E0
5.664462821E1,2.724334717E-2,3.137475586E-1,9.704768829E0,9.709877330E0
5.665466021E1,6.930587769E-2,2.908451843E-1,9.851763153E0,9.856299075E0
5.666469121E1,1.125659180E-1,2.613565063E-1,9.962832184E0,9.966895376E0
5.667472221E1,1.764830017E-1,2.776725769E-1,9.929451599E0,9.934900974E0
5.668475321E1,2.007325745E-1,2.802172852E-1,9.850865021E0,9.856893879E0
5.669478521E1,1.833686829E-1,2.863545227E-1,9.771080933E0,9.776995734E0
5.670481621E1,1.544787598E-1,2.921923828E-1,9.766290894E0,9.771882004E0
5.671484721E1,1.157093811E-1,3.034190369E-1,9.849667511E0,9.855019120E0
5.672487921E1,7.828720093E-2,3.150947571E-1,9.890532532E0,9.895860112E0
5.673491021E1,8.502319336E-2,3.257226562E-1,9.900561676E0,9.906283142E0
5.674494121E1,1.079255676E-1,3.466790771E-1,9.881401520E0,9.888070100E0
5.675497221E1,1.178050232E-1,3.611988831E-1,9.883347473E0,9.890647094E0
5.676500421E1,1.230441284E-1,3.421884155E-1,9.892777863E0,9.899458905E0
5.677503558E1,1.306782532E-1,3.281176758E-1,9.897118835E0,9.903418564E0
5.678506658E1,1.423539734E-1,3.115022278E-1,9.869276733E0,9.875217544E0
5.679509758E1,1.218466187E-1,2.893482971E-1,9.849817200E0,9.854819527E0
5.680512958E1,9.984237671E-2,2.644999695E-1,9.799970856E0,9.804048016E0
5.681516058E1,9.116043091E-2,2.498304749E-1,9.805060272E0,9.808666190E0
5.682519158E1,8.861572266E-2,2.326162720E-1,9.832303619E0,9.835454109E0
5.683522358E1,9.205856323E-2,2.239343262E-1,9.844727783E0,9.847704630E0
5.684525458E1,1.008901978E-1,2.378553772E-1,9.860445099E0,9.863829457E0
5.685528558E1,1.155596924E-1,2.354603577E-1,9.872270508E0,9.875754179E0
5.686531658E1,1.366658020E-1,2.427951050E-1,9.880353699E0,9.884281270E0
5.687534858E1,1.501377869E-1,2.655477905E-1,9.900711365E0,9.905409760E0
5.688537958E1,1.496887207E-1,2.880010986E-1,9.873168640E0,9.878502434E0
5.689541058E1,1.356179810E-1,2.900967407E-1,9.792336731E0,9.797571485E0
5.690544258E1,9.071136475E-2,3.173400879E-1,9.771979065E0,9.777551234E0
5.691547358E1,6.810836792E-2,3.381468201E-1,9.782606964E0,9.788686379E0
5.692550458E1,8.696914673E-2,3.273692322E-1,9.818382568E0,9.824223659E0
5.693553558E1,1.299298096E-1,3.044668579E-1,9.895023193E0,9.900558864E0
5.694556758E1,1.598675537E-1,2.918930054E-1,9.950557709E0,9.956121628E0
5.695559858E1,1.676513672E-1,2.613565063E-1,9.922416229E0,9.927273444E0
5.696562958E1,1.513352966E-1,2.441423035E-1,9.883796539E0,9.887969552E0
5.697566058E1,1.287322998E-1,2.615061951E-1,9.881102142E0,9.885400196E0
5.698569258E1,1.028361511E-1,2.643502808E-1,9.876162415E0,9.880234834E0
5.699572358E1,9.056167603E-2,2.686912537E-1,9.857002258E0,9.861079552E0
5.700575458E1,8.577163696E-2,3.010240173E-1,9.852960663E0,9.857931125E0
5.701578658E1,8.517288208E-2,3.076103210E-1,9.845326538E0,9.850499133E0
5.702581758E1,9.954299927E-2,3.116519165E-1,9.844727783E0,9.850162478E0
5.703584858E1,1.219963074E-1,3.125500488E-1,9.857451324E0,9.863159598E0
5.704587958E1,1.363664246E-1,2.939886475E-1,9.887987823E0,9.893297141E0
5.705591158E1,1.234931946E-1,2.839595032E-1,9.895023193E0,9.899867048E0
5.706594258E1,1.157093811E-1,2.532733154E-1,9.881102142E0,9.885024814E0
5.707597358E1,1.043330383E-1,2.260299683E-1,9.852062531E0,9.855207306E0
5.708600558E1,9.355545044E-2,2.273771667E-1,9.818083191E0,9.821161364E0
5.709603658E1,9.714797974E-2,2.145039368E-1,9.829160156E0,9.831980423E0
5.710606758E1,9.909393311E-2,2.195933533E-1,9.837842102E0,9.840791537E0
5.711609858E1,1.173559570E-1,2.305206299E-1,9.832602997E0,9.836004975E0
5.712613058E1,1.175056458E-1,2.451901245E-1,9.829309845E0,9.833069602E0
5.713616158E1,1.118174744E-1,2.414479065E-1,9.827513580E0,9.831115064E0
5.714619258E1,1.184037781E-1,2.447410583E-1,9.833501129E0,9.837258871E0
5.715622358E1,1.070274353E-1,2.564167786E-1,9.848919067E0,9.852837725E0
5.716625558E1,1.080752563E-1,2.469863892E-1,9.856702881E0,9.860389151E0
5.717628658E1,1.007405090E-1,2.528242493E-1,9.870773621E0,9.874524830E0
5.718631758E1,8.861572266E-2,2.746788025E-1,9.876910858E0,9.881126924E0
5.719634958E1,7.559280396E-2,2.646496582E-1,9.880503387E0,9.884336139E0
5.720638058E1,6.316864014E-2,2.722837830E-1,9.839788055E0,9.843757296E0
5.721641158E1,5.867797852E-2,2.752775574E-1,9.840686188E0,9.844710533E0
5.722644258E1,5.119354248E-2,2.612068176E-1,9.851463776E0,9.855059021E0
5.723647458E1,7.140151978E-2,2.862048340E-1,9.888586578E0,9.892985187E0
5.724650558E1,1.034349060E-1,2.914439392E-1,9.902507629E0,9.907335449E0
5.725653658E1,1.227447510E-1,3.158432007E-1,9.857151947E0,9.862974587E0
5.726656858E1,1.321751404E-1,3.162922668E-1,9.813293152E0,9.819278668E0
5.727659958E1,1.079255676E-1,3.059637451E-1,9.799821167E0,9.805190291E0
5.728663058E1,1.010398865E-1,2.719844055E-1,9.830058289E0,9.834339354E0
5.729666158E1,6.631210327E-2,2.517764282E-1,9.883796539E0,9.887225227E0
5.730669358E1,8.277786255E-2,2.145039368E-1,9.887239380E0,9.889912369E0
5.731672458E1,8.846603394E-2,1.927990723E-1,9.807754669E0,9.810048388E0
5.732675558E1,8.412506104E-2,1.981878662E-1,9.774374084E0,9.776745072E0
5.733678658E1,9.370513916E-2,2.142045593E-1,9.847571869E0,9.850346997E0
5.734681858E1,1.365161133E-1,2.375559998E-1,9.993668060E0,9.997423208E0
5.735684958E1,1.815724182E-1,2.426454163E-1,1.008737320E1,1.009192466E1
5.736688058E1,1.751358032E-1,2.404000854E-1,9.931098175E0,9.935551103E0
5.737691258E1,7.918533325E-2,2.636018372E-1,9.724078674E0,9.727973186E0
5.738694358E1,5.239105225E-3,2.393522644E-1,9.674831085E0,9.677792800E0
5.739697458E1,7.484436035E-4,2.519261169E-1,9.762698364E0,9.765948325E0
5.740700558E1,4.131408691E-2,2.350112915E-1,9.882898407E0,9.885778578E0
5.741703758E1,9.984237671E-2,2.125579834E-1,9.934840393E0,9.937615561E0
5.742706858E1,1.434017944E-1,2.191442871E-1,9.854158173E0,9.857637728E0
5.743709958E1,1.664538574E-1,2.381547546E-1,9.770631866E0,9.774951235E0
5.744713158E1,1.444496155E-1,2.619552612E-1,9.756860504E0,9.761445239E0
5.745716258E1,1.140628052E-1,2.918930054E-1,9.815388794E0,9.820390472E0
5.746719358E1,6.481521606E-2,2.903961182E-1,9.882599030E0,9.887077146E0
5.747722458E1,5.269042969E-2,3.031196594E-1,9.922116852E0,9.926885747E0
5.748725658E1,4.999603271E-2,3.282673645E-1,9.913883972E0,9.919443255E0
5.749728758E1,7.514373779E-2,3.459306335E-1,9.900861053E0,9.907187501E0
5.750731858E1,8.158035278E-2,3.370989990E-1,9.902208252E0,9.908280343E0
5.751735058E1,8.427474976E-2,3.191363525E-1,9.910590820E0,9.916085954E0
5.752738158E1,9.325607300E-2,2.826123047E-1,9.898765411E0,9.903238010E0
5.753741258E1,7.080276489E-2,2.460882568E-1,9.884694672E0,9.888010984E0
5.754744358E1,7.843688965E-2,2.240840149E-1,9.840386810E0,9.843250407E0
5.755747558E1,7.185058594E-2,1.935475159E-1,9.822573853E0,9.824743266E0
5.756750658E1,6.152206421E-2,1.987866211E-1,9.822274475E0,9.824478457E0
5.757753758E1,7.604187012E-2,1.905537415E-1,9.835147705E0,9.837287404E0
5.758756858E1,8.472381592E-2,2.026785278E-1,9.845625916E0,9.848076278E0
5.759760058E1,9.385482788E-2,1.947450256E-1,9.852960663E0,9.855331967E0
5.760763158E1,1.197509766E-1,2.086660767E-1,9.869127045E0,9.872059079E0
5.761766258E1,1.251397705E-1,2.249821472E-1,9.890682220E0,9.894032126E0
5.762769458E1,1.348695374E-1,2.609074402E-1,9.877509613E0,9.881875259E0
5.763772558E1,9.864486694E-2,2.600093079E-1,9.837692413E0,9.841622207E0
5.764775658E1,6.002517700E-2,2.987786865E-1,9.805659027E0,9.810393503E0
5.765778758E1,2.185455322E-2,3.103047180E-1,9.811945953E0,9.816875778E0
5.766781958E1,3.532653809E-2,3.046165466E-1,9.805958405E0,9.810752236E0
5.767785058E1,7.604187012E-2,3.097059631E-1,9.853559418E0,9.858718646E0
5.768788158E1,1.199006653E-1,2.787203979E-1,9.901459808E0,9.906107589E0
5.769791358E1,1.451980591E-1,2.639012146E-1,9.913285217E0,9.917860159E0
5.770794458E1,1.329235840E-1,2.637515259E-1,9.899813232E0,9.904218070E0
5.771797558E1,1.311273193E-1,2.390528870E-1,9.883048096E0,9.886808399E0
5.772800658E1,1.050814819E-1,2.460882568E-1,9.897268524E0,9.900885101E0
5.773803858E1,8.801696777E-2,2.571652222E-1,9.890083466E0,9.893817862E0
5.774806958E1,7.274871826E-2,2.511776733E-1,9.875114594E0,9.878576357E0
5.775810058E1,7.888595581E-2,2.914439392E-1,9.872120819E0,9.876736912E0
5.776813321E1,8.936416626E-2,2.953358459E-1,9.861193542E0,9.866019831E0
5.777816421E1,1.016386414E-1,2.948867798E-1,9.871522064E0,9.876448577E0
5.778819521E1,1.019380188E-1,2.938389587E-1,9.888586578E0,9.893476498E0
5.779822621E1,1.056802368E-1,2.790197754E-1,9.885143738E0,9.889645447E0
5.780825821E1,1.100212097E-1,2.526745605E-1,9.853858795E0,9.857711816E0
5.781828921E1,1.010398865E-1,2.469863892E-1,9.836943970E0,9.840562890E0
5.782832021E1,7.394622803E-2,2.200424194E-1,9.815837860E0,9.818582362E0
5.783835121E1,7.768844604E-2,1.874102783E-1,9.827513580E0,9.829607382E0
5.784838321E1,8.158035278E-2,1.980381775E-1,9.851014709E0,9.853342848E0
5.785841421E1,9.190887451E-2,2.008822632E-1,9.844278717E0,9.846757049E0
5.786844521E1,8.741821289E-2,2.171983337E-1,9.859097900E0,9.861877533E0
5.787847721E1,8.307723999E-2,2.323168945E-1,9.836195526E0,9.839289375E0
5.788850821E1,9.969268799E-2,2.585124207E-1,9.823322296E0,9.827228920E0
5.789853921E1,8.442443848E-2,2.585124207E-1,9.848320312E0,9.852074357E0
5.790857021E1,8.352630615E-2,2.597099304E-1,9.860295410E0,9.864068708E0
5.791860221E1,9.370513916E-2,2.610571289E-1,9.859247589E0,9.863148306E0
5.792863321E1,7.813751221E-2,2.781216431E-1,9.858349457E0,9.862581362E0
5.793866421E1,7.723937988E-2,2.698887634E-1,9.888586578E0,9.892570464E0
5.794869621E1,8.367599487E-2,2.793191528E-1,9.875413971E0,9.879717706E0
5.795872721E1,7.065307617E-2,2.826123047E-1,9.849068756E0,9.853375916E0
5.796875821E1,6.316864014E-2,2.679428101E-1,9.857750702E0,9.861593813E0
5.797878921E1,7.140151978E-2,2.826123047E-1,9.876162415E0,9.880463144E0
5.798882121E1,9.370513916E-2,3.052153015E-1,9.898765411E0,9.903913050E0
5.799885221E1,1.175056458E-1,3.115022278E-1,9.865983582E0,9.871599326E0
5.800888321E1,1.202000427E-1,3.161425781E-1,9.828112335E0,9.833930356E0
5.801891521E1,1.032852173E-1,3.149450684E-1,9.792935486E0,9.798542936E0
5.802894621E1,9.624984741E-2,2.936892700E-1,9.818382568E0,9.823245578E0
5.803897721E1,8.352630615E-2,2.549198914E-1,9.869725800E0,9.873370658E0
5.804900821E1,9.071136475E-2,2.212399292E-1,9.886041870E0,9.888933184E0
5.805904021E1,1.026864624E-1,2.025288391E-1,9.845775604E0,9.848393762E0
5.806907121E1,7.289840698E-2,2.116598511E-1,9.786947937E0,9.789507852E0
5.807910221E1,8.202941895E-2,2.317181396E-1,9.814490662E0,9.817568389E0
5.808913421E1,1.112187195E-1,2.519261169E-1,9.920919342E0,9.924740650E0
5.809916521E1,1.758842468E-1,2.493814087E-1,1.004740631E1,1.005203959E1
5.810919621E1,1.926493835E-1,2.546205139E-1,1.000309845E1,1.000819284E1
5.811922721E1,1.345701599E-1,2.444416809E-1,9.786349182E0,9.790326408E0
5.812925921E1,4.041595459E-2,2.401007080E-1,9.715247040E0,9.718297528E0
5.813929021E1,1.646575928E-2,2.540217590E-1,9.768835602E0,9.772151615E0
5.814932121E1,1.242416382E-2,2.362088013E-1,9.864187317E0,9.867022873E0
5.815935221E1,6.137237549E-2,2.300715637E-1,9.912536774E0,9.915396350E0
5.816938421E1,1.368154907E-1,2.486329651E-1,9.842781830E0,9.846872142E0
5.817941521E1,1.648072815E-1,2.710862732E-1,9.764195251E0,9.769347886E0
5.818944621E1,1.670526123E-1,2.935395813E-1,9.742490387E0,9.748342987E0
5.819947821E1,1.285826111E-1,3.308120728E-1,9.804311829E0,9.810733945E0
5.820950921E1,7.529342651E-2,3.305126953E-1,9.882299652E0,9.888111759E0
5.821954021E1,5.358856201E-2,3.347039795E-1,9.934690704E0,9.940471713E0
5.822957121E1,6.765930176E-2,3.359014893E-1,9.952054596E0,9.957951510E0
5.823960321E1,9.071136475E-2,3.249742126E-1,9.925110626E0,9.930843757E0
5.824963421E1,8.502319336E-2,3.309617615E-1,9.916578369E0,9.922463967E0
5.825966521E1,1.022373962E-1,3.031196594E-1,9.919272766E0,9.924429768E0
5.826969721E1,1.106199646E-1,2.769241333E-1,9.901310120E0,9.905799606E0
5.827972821E1,1.049317932E-1,2.582130432E-1,9.868528290E0,9.872463485E0
5.828975921E1,1.136137390E-1,2.477348328E-1,9.823172607E0,9.826952768E0
5.829979021E1,1.031355286E-1,2.415975952E-1,9.801767120E0,9.805286585E0
5.830982221E1,9.041198730E-2,2.197430420E-1,9.802515564E0,9.805395082E0
5.831985321E1,7.694000244E-2,2.197430420E-1,9.822424164E0,9.825183114E0
5.832988421E1,7.469467163E-2,2.056723022E-1,9.848170624E0,9.850601252E0
5.833991621E1,8.741821289E-2,1.977388000E-1,9.844578094E0,9.846951835E0
5.834994721E1,1.213975525E-1,2.091151428E-1,9.871072998E0,9.874034061E0
5.835997821E1,1.453477478E-1,2.254312134E-1,9.877958679E0,9.881599712E0
5.837000921E1,1.459465027E-1,2.493814087E-1,9.893825684E0,9.898044157E0
5.838004121E1,1.511856079E-1,2.707868958E-1,9.824519806E0,9.829413617E0
5.839007221E1,1.275347900E-1,3.186872864E-1,9.780960388E0,9.786981804E0
5.840010321E1,9.145980835E-2,3.384461975E-1,9.812844086E0,9.819104836E0
5.841013421E1,7.439529419E-2,3.315605164E-1,9.823322296E0,9.829197728E0
5.842016621E1,9.535171509E-2,3.246748352E-1,9.839338989E0,9.845156040E0
5.843019721E1,9.759704590E-2,3.159928894E-1,9.899064789E0,9.904587845E0
5.844022821E1,1.356179810E-1,2.835104370E-1,9.902357941E0,9.907343902E0
5.845026021E1,1.312770081E-1,2.808160400E-1,9.896669769E0,9.901523308E0
5.846029121E1,1.510359192E-1,2.797682190E-1,9.890831909E0,9.895940479E0
5.847032221E1,1.264869690E-1,2.725831604E-1,9.890532532E0,9.895096477E0
5.848035321E1,1.191522217E-1,2.941383362E-1,9.878108368E0,9.883204923E0
5.849038521E1,1.047821045E-1,3.089575195E-1,9.861343231E0,9.866738284E0
5.850041621E1,1.050814819E-1,3.164419556E-1,9.860145721E0,9.865781838E0
5.851044721E1,1.293310547E-1,3.131488037E-1,9.873168640E0,9.878980094E0
5.852047921E1,1.405577087E-1,3.174897766E-1,9.873617706E0,9.879720787E0
5.853051021E1,1.312770081E-1,2.951861572E-1,9.879605255E0,9.884885863E0
5.854054121E1,1.282832336E-1,2.990780640E-1,9.869127045E0,9.874491020E0
5.855057221E1,1.369651794E-1,2.758763123E-1,9.856104126E0,9.860915563E0
5.856060421E1,1.167572021E-1,2.658471680E-1,9.840237122E0,9.844519977E0
5.857063521E1,1.261875916E-1,2.514770508E-1,9.810149689E0,9.814183661E0
5.858066621E1,1.248403931E-1,2.480342102E-1,9.814640350E0,9.818567681E0
5.859069821E1,1.222956848E-1,2.336640930E-1,9.832752686E0,9.836288961E0
5.860072921E1,1.155596924E-1,2.279759216E-1,9.845625916E0,9.848942925E0
5.861076021E1,1.255888367E-1,2.124082947E-1,9.847721558E0,9.850812642E0
5.862079121E1,1.393601990E-1,2.052232361E-1,9.855804749E0,9.858926163E0
5.863082321E1,1.243913269E-1,2.270777893E-1,9.843979340E0,9.847383752E0
5.864085421E1,1.207987976E-1,2.224374390E-1,9.840686188E0,9.843941051E0
5.865088521E1,1.047821045E-1,2.353106689E-1,9.828262024E0,9.831636934E0
5.866091721E1,1.013392639E-1,2.630030823E-1,9.836794281E0,9.840831367E0
5.867094821E1,9.550140381E-2,2.779719543E-1,9.833351440E0,9.837743109E0
5.868097921E1,8.711883545E-2,2.811154175E-1,9.830207977E0,9.834612572E0
5.869101021E1,1.110690308E-1,3.040177917E-1,9.858199768E0,9.863511840E0
5.870104221E1,1.148112488E-1,3.065625000E-1,9.857900391E0,9.863334239E0
5.871107321E1,9.864486694E-2,2.975811768E-1,9.864187317E0,9.869167989E0
5.872110421E1,7.993377686E-2,2.826123047E-1,9.873318329E0,9.877685657E0
5.873113521E1,8.711883545E-2,2.869532776E-1,9.879605255E0,9.884155597E0
5.874116721E1,8.966354370E-2,3.013233948E-1,9.889185333E0,9.894181214E0
5.875119821E1,9.669891357E-2,3.182382202E-1,9.883048096E0,9.888643279E0
5.876122921E1,1.210981750E-1,3.317102051E-1,9.852212219E0,9.858538535E0
5.877126029E1,1.555265808E-1,3.275189209E-1,9.832153931E0,9.838836724E0
5.878129129E1,1.350192261E-1,3.068618774E-1,9.836943970E0,9.842655184E0
5.879132229E1,1.396595764E-1,2.821632385E-1,9.846973114E0,9.852004892E0
5.880135329E1,1.493893433E-1,2.462379456E-1,9.853559418E0,9.857767673E0
5.881138529E1,1.278341675E-1,2.324665833E-1,9.864337006E0,9.867903873E0
5.882141629E1,1.154100037E-1,2.116598511E-1,9.827513580E0,9.830470107E0
5.883144729E1,1.149609375E-1,2.179467773E-1,9.805359650E0,9.808455264E0
5.884147929E1,1.101708984E-1,2.444416809E-1,9.838141479E0,9.841794406E0
5.885151029E1,1.341210938E-1,2.353106689E-1,9.932744751E0,9.936436880E0
5.886154129E1,1.963916016E-1,2.347119141E-1,1.005249573E1,1.005715316E1
5.887157229E1,2.174977112E-1,2.395019531E-1,9.984387360E0,9.989627490E0
5.888160429E1,1.657054138E-1,2.421963501E-1,9.777667236E0,9.782070023E0
5.889163529E1,9.026229858E-2,2.300715637E-1,9.729916534E0,9.733054812E0
5.890166629E1,6.316864014E-2,2.383044434E-1,9.800569611E0,9.803669924E0
5.891169829E1,7.888595581E-2,2.408491516E-1,9.854607239E0,9.857865648E0
5.892172929E1,1.070274353E-1,2.445913696E-1,9.847721558E0,9.851339994E0
5.893176029E1,1.475930786E-1,2.631527710E-1,9.765991516E0,9.770651124E0
5.894179129E1,1.588197327E-1,2.926414490E-1,9.742340698E0,9.748028775E0
5.895182329E1,1.329235840E-1,3.094065857E-1,9.762398987E0,9.768205316E0
5.896185429E1,1.097218323E-1,3.323089600E-1,9.850116577E0,9.856331199E0
5.897188529E1,8.756790161E-2,3.344046021E-1,9.932445374E0,9.938458918E0
5.898191729E1,1.013392639E-1,3.359014893E-1,9.975705414E0,9.981873469E0
5.899194829E1,1.213975525E-1,3.359014893E-1,9.962981873E0,9.969381875E0
5.900197929E1,1.499880981E-1,3.333567810E-1,9.952503662E0,9.959214443E0
5.901201029E1,1.375639343E-1,3.177891541E-1,9.935738525E0,9.941771161E0
5.902204229E1,1.329235840E-1,2.809657288E-1,9.899214478E0,9.904092977E0
5.903207329E1,1.282832336E-1,2.493814087E-1,9.867929535E0,9.871913745E0
5.904210429E1,1.179547119E-1,2.398013306E-1,9.823771362E0,9.827405648E0
5.905213629E1,1.185534668E-1,2.293231201E-1,9.798473969E0,9.801874113E0
5.906216729E1,1.239422607E-1,2.333647156E-1,9.789193268E0,9.792758835E0
5.907219829E1,1.333726501E-1,2.327659607E-1,9.797725525E0,9.801397539E0
5.908222929E1,1.284329224E-1,2.353106689E-1,9.825417938E0,9.829074412E0
5.909226129E1,1.448986816E-1,2.155517578E-1,9.857301636E0,9.860722779E0
5.910229229E1,1.601669312E-1,2.077679443E-1,9.877359924E0,9.880843083E0
5.911232329E1,1.592687988E-1,2.097138977E-1,9.884395294E0,9.887902548E0
5.912235529E1,1.568737793E-1,2.263293457E-1,9.862840118E0,9.866683818E0
5.913238629E1,1.651066589E-1,2.603086853E-1,9.818981323E0,9.823818761E0
5.914241729E1,1.471440125E-1,2.727328491E-1,9.783654785E0,9.788561463E0
5.915244829E1,1.070274353E-1,3.168910217E-1,9.794731750E0,9.800441054E0
5.916248029E1,1.052311707E-1,3.359014893E-1,9.832004242E0,9.838303249E0
5.917251129E1,1.113684082E-1,3.204835510E-1,9.854756927E0,9.860595658E0
5.918254229E1,1.411564636E-1,2.990780640E-1,9.873318329E0,9.878855584E0
5.919257329E1,1.489402771E-1,2.948867798E-1,9.884694672E0,9.890213859E0
5.920260529E1,1.462458801E-1,2.671943665E-1,9.903705139E0,9.908388172E0
5.921263629E1,1.648072815E-1,2.682421875E-1,9.911638641E0,9.916637327E0
5.922266729E1,1.595681763E-1,2.733316040E-1,9.887688446E0,9.892752649E0
5.923269929E1,1.381626892E-1,2.874023438E-1,9.879006500E0,9.884151884E0
5.924273029E1,1.395098877E-1,2.968327332E-1,9.873018951E0,9.878465260E0
5.925276129E1,1.565744019E-1,3.182382202E-1,9.888137512E0,9.894496176E0
5.926279229E1,1.420545959E-1,3.019221497E-1,9.894125061E0,9.899749856E0
5.927282429E1,1.540296936E-1,2.983296204E-1,9.903405762E0,9.909095387E0
5.928285529E1,1.362167358E-1,2.875520325E-1,9.897867279E0,9.902980251E0
5.929288629E1,1.445993042E-1,2.989283752E-1,9.862989807E0,9.868578169E0
5.930291829E1,1.413061523E-1,2.794688416E-1,9.829908600E0,9.834895696E0
5.931294929E1,1.327738953E-1,2.633024597E-1,9.792935486E0,9.797374267E0
5.932298029E1,1.447489929E-1,2.448907471E-1,9.816885681E0,9.821006477E0
5.933301129E1,1.279838562E-1,2.173480225E-1,9.821226654E0,9.824465025E0
5.934304329E1,1.275347900E-1,2.056723022E-1,9.848619690E0,9.851592562E0
5.935307429E1,1.441502380E-1,2.034269714E-1,9.869426422E0,9.872575131E0
5.936310529E1,1.517843628E-1,2.059716797E-1,9.855954437E0,9.859274856E0
5.937313729E1,1.603166199E-1,2.110610962E-1,9.846524048E0,9.850090559E0
5.938316829E1,1.619631958E-1,2.179467773E-1,9.831106110E0,9.834855373E0
5.939319929E1,1.495390320E-1,2.323168945E-1,9.822124786E0,9.826009789E0
5.940323029E1,1.377136230E-1,2.501298523E-1,9.824070740E0,9.828219365E0
5.941326229E1,1.193019104E-1,2.526745605E-1,9.819879456E0,9.823854127E0
5.942329329E1,1.022373962E-1,2.607577515E-1,9.823172607E0,9.827164757E0
5.943332429E1,1.086740112E-1,2.630030823E-1,9.861492920E0,9.865597968E0
5.944335629E1,1.297801208E-1,2.664459229E-1,9.875563660E0,9.880009813E0
5.945338729E1,1.469943237E-1,2.739303589E-1,9.892628174E0,9.897511675E0
5.946341829E1,1.320254517E-1,2.731819153E-1,9.885592804E0,9.890247932E0
5.947344929E1,1.227447510E-1,2.787203979E-1,9.850116577E0,9.854823586E0
5.948348129E1,9.175918579E-2,2.999761963E-1,9.848320312E0,9.853315099E0
5.949351229E1,9.145980835E-2,3.170407104E-1,9.844727783E0,9.850256080E0
5.950354329E1,1.249900818E-1,3.077600098E-1,9.850415955E0,9.856015078E0
5.951357529E1,1.499880981E-1,3.173400879E-1,9.855056305E0,9.861304981E0
5.952360629E1,1.513352966E-1,3.194357300E-1,9.854607239E0,9.860944447E0
5.953363729E1,1.663041687E-1,2.995271301E-1,9.849667511E0,9.855623961E0
5.954366829E1,1.586700439E-1,2.677931213E-1,9.867929535E0,9.872837619E0
5.955370029E1,1.544787598E-1,2.415975952E-1,9.876012726E0,9.880175122E0
5.956373129E1,1.547781372E-1,2.398013306E-1,9.865534515E0,9.869662214E0
5.957376229E1,1.460961914E-1,2.513273621E-1,9.840087433E0,9.844380642E0
5.958379429E1,1.267863464E-1,2.402503967E-1,9.796378326E0,9.800144047E0
5.959382529E1,1.155596924E-1,2.282752991E-1,9.801168365E0,9.804507381E0
5.960385629E1,1.399589539E-1,2.356100464E-1,9.847571869E0,9.851384284E0
5.961388729E1,1.893562317E-1,2.365081787E-1,9.993368683E0,9.997960269E0
5.962391929E1,2.387535095E-1,2.076182556E-1,1.003049149E1,1.003548046E1
5.963395029E1,2.227368164E-1,2.203417969E-1,9.837243347E0,9.842231397E0
5.964398129E1,1.288819885E-1,2.306703186E-1,9.736203461E0,9.739788355E0
5.965401329E1,8.741821289E-2,2.411485291E-1,9.780062256E0,9.783425386E0
5.966404429E1,8.562194824E-2,2.477348328E-1,9.854008484E0,9.857493945E0
5.967407529E1,1.240919495E-1,2.469863892E-1,9.880952454E0,9.884817777E0
5.968410629E1,1.585203552E-1,2.633024597E-1,9.813592529E0,9.818403904E0
5.969413829E1,1.505868530E-1,2.793191528E-1,9.738598480E0,9.743767031E0
5.970416929E1,1.401086426E-1,2.929408264E-1,9.733808441E0,9.739223353E0
5.971420029E1,1.263372803E-1,3.112028503E-1,9.815538483E0,9.821283217E0
5.972423229E1,1.293310547E-1,3.164419556E-1,9.902657318E0,9.908556100E0
5.973426329E1,1.276844788E-1,3.415896606E-1,9.929301910E0,9.935996339E0
5.974429429E1,1.731898499E-1,3.546125793E-1,9.963281250E0,9.971094126E0
5.975432529E1,1.757345581E-1,3.591032410E-1,9.950408020E0,9.958436501E0
5.976435729E1,1.685494995E-1,3.330574036E-1,9.926308136E0,9.933324186E0
5.977438858E1,1.552272034E-1,2.987786865E-1,9.926158447E0,9.931867181E0
5.978441958E1,1.249900818E-1,2.664459229E-1,9.889484711E0,9.893862936E0
5.979445158E1,1.184037781E-1,2.273771667E-1,9.845176849E0,9.848513950E0
5.980448258E1,1.139131165E-1,2.073188782E-1,9.813442841E0,9.816293481E0
5.981451358E1,1.107696533E-1,2.101629639E-1,9.781559143E0,9.784443656E0
5.982454458E1,1.314266968E-1,2.160008240E-1,9.808952179E0,9.812210362E0
5.983457658E1,1.543290710E-1,2.233355713E-1,9.838889923E0,9.842634361E0
5.984460758E1,1.847158813E-1,2.170486450E-1,9.869426422E0,9.873540802E0
5.985463858E1,1.790277100E-1,2.282752991E-1,9.882599030E0,9.886856129E0
5.986467058E1,1.643582153E-1,2.055226135E-1,9.863588562E0,9.867098484E0
5.987470158E1,1.565744019E-1,2.151026917E-1,9.863139496E0,9.866727189E0
5.988473258E1,1.517843628E-1,2.441423035E-1,9.839788055E0,9.843986638E0
5.989476358E1,1.163081360E-1,2.618055725E-1,9.803563385E0,9.807748202E0
5.990479558E1,1.164578247E-1,2.902464294E-1,9.793384552E0,9.798376723E0
5.991482658E1,1.124162292E-1,3.204835510E-1,9.819280701E0,9.825152446E0
5.992485758E1,1.306782532E-1,3.338058472E-1,9.861941986E0,9.868454939E0
5.993488958E1,1.516346741E-1,3.216810608E-1,9.876012726E0,9.882413629E0
5.994492058E1,1.681004333E-1,2.951861572E-1,9.870623932E0,9.876467457E0
5.995495158E1,1.716929626E-1,2.899470520E-1,9.877958679E0,9.883704540E0
5.996498258E1,1.603166199E-1,2.670446777E-1,9.897717590E0,9.902617219E0
5.997501458E1,1.633103943E-1,2.631527710E-1,9.883497162E0,9.888348488E0
5.998504558E1,1.437011719E-1,2.710862732E-1,9.888287201E0,9.893046122E0
5.999507658E1,1.393601990E-1,2.733316040E-1,9.875114594E0,9.879879537E0
6.000510858E1,1.672023010E-1,2.883004761E-1,9.886191559E0,9.891807586E0
6.001513958E1,1.767823792E-1,2.897973633E-1,9.901459808E0,9.907277167E0
6.002517058E1,1.669029236E-1,3.022215271E-1,9.890682220E0,9.896705978E0
6.003520158E1,1.686991882E-1,2.908451843E-1,9.901010742E0,9.906718127E0
6.004523358E1,1.459465027E-1,3.008743286E-1,9.887239380E0,9.892892817E0
6.005526458E1,1.486408997E-1,2.969824219E-1,9.851763153E0,9.857359175E0
6.006529558E1,1.384620667E-1,2.782713318E-1,9.818232880E0,9.823151407E0
6.007532758E1,1.227447510E-1,2.526745605E-1,9.789642334E0,9.793671821E0
6.008535858E1,1.146615601E-1,2.218386841E-1,9.788295135E0,9.791480038E0
6.009538958E1,1.306782532E-1,1.990859985E-1,9.810898132E0,9.813787964E0
6.010542058E1,1.472937012E-1,1.838177490E-1,9.855655060E0,9.858469509E0
6.011545258E1,1.645079041E-1,1.863624573E-1,9.870025177E0,9.873155059E0
6.012548358E1,1.570234680E-1,2.149530029E-1,9.859546967E0,9.863139842E0
6.013551458E1,1.691482544E-1,2.227368164E-1,9.859247589E0,9.863213769E0
6.014554658E1,1.469943237E-1,2.405497742E-1,9.831555176E0,9.835596001E0
6.015557758E1,1.398092651E-1,2.502795410E-1,9.822873230E0,9.827055763E0
6.016560858E1,1.342707825E-1,2.510279846E-1,9.827064514E0,9.831187144E0
6.017563958E1,1.275347900E-1,2.531236267E-1,9.832602997E0,9.836687369E0
6.018567158E1,1.303788757E-1,2.658471680E-1,9.856403503E0,9.860850034E0
6.019570258E1,1.398092651E-1,2.598596191E-1,9.860894165E0,9.865308276E0
6.020573358E1,1.333726501E-1,2.722837830E-1,9.865235138E0,9.869893163E0
6.021576558E1,1.242416382E-1,2.730322266E-1,9.856702881E0,9.861266362E0
6.022579658E1,1.182540894E-1,2.900967407E-1,9.870324554E0,9.875294778E0
6.023582758E1,1.275347900E-1,2.926414490E-1,9.880054321E0,9.885210040E0
6.024585858E1,1.366658020E-1,2.902464294E-1,9.888287201E0,9.893489996E0
6.025589058E1,1.481918335E-1,3.049159241E-1,9.888137512E0,9.893947544E0
6.026592158E1,1.498384094E-1,3.174897766E-1,9.854158173E0,9.860409961E0
6.027595258E1,1.462458801E-1,2.969824219E-1,9.838440857E0,9.844008579E0
6.028598458E1,1.408570862E-1,2.630030823E-1,9.836494904E0,9.841018409E0
6.029601558E1,1.463955688E-1,2.528242493E-1,9.845625916E0,9.849959463E0
6.030604658E1,1.489402771E-1,2.305206299E-1,9.871671753E0,9.875486123E0
6.031607758E1,1.576222229E-1,2.308200073E-1,9.869725800E0,9.873682697E0
6.032610958E1,1.591191101E-1,2.330653381E-1,9.842033386E0,9.846078383E0
6.033614058E1,1.748364258E-1,2.459385681E-1,9.831704865E0,9.836334383E0
6.034617158E1,1.913021851E-1,2.609074402E-1,9.851314087E0,9.856625105E0
6.035620358E1,1.802252197E-1,2.594105530E-1,9.891580353E0,9.896622497E0
6.036623458E1,1.950444031E-1,2.396516418E-1,9.988428955E0,9.993207104E0
6.037626558E1,2.122586060E-1,2.146536255E-1,9.992320862E0,9.996879818E0
6.038629658E1,1.883084106E-1,2.094145203E-1,9.806557159E0,9.810600278E0
6.039632858E1,1.082249451E-1,2.071691895E-1,9.708361359E0,9.711174593E0
6.040635958E1,7.065307617E-2,2.073188782E-1,9.771829376E0,9.774283725E0
6.041639058E1,8.008346558E-2,2.239343262E-1,9.843979340E0,9.846851740E0
6.042642258E1,1.276844788E-1,2.338137817E-1,9.863588562E0,9.867185593E0
6.043645358E1,1.643582153E-1,2.604583740E-1,9.794731750E0,9.799572555E0
6.044648458E1,1.848655701E-1,3.082090759E-1,9.730814667E0,9.737449471E0
6.045651558E1,1.796264648E-1,3.270698547E-1,9.769733734E0,9.776857245E0
6.046654758E1,1.577719116E-1,3.379971313E-1,9.847571869E0,9.854633720E0
6.047657858E1,1.565744019E-1,3.376977539E-1,9.910890198E0,9.917877789E0
6.048660958E1,1.790277100E-1,3.486250305E-1,9.951455841E0,9.959169829E0
6.049664158E1,1.830693054E-1,3.555107117E-1,9.949509888E0,9.957542329E0
6.050667258E1,1.850152588E-1,3.282673645E-1,9.949210510E0,9.956343701E0
6.051670358E1,1.658551025E-1,3.020718384E-1,9.972561951E0,9.978514277E0
6.052673458E1,1.284329224E-1,2.667453003E-1,9.940378876E0,9.944786587E0
6.053676658E1,1.207987976E-1,2.420466614E-1,9.877060547E0,9.880764342E0
6.054679758E1,1.233435059E-1,2.080673218E-1,9.807305603E0,9.810287907E0
6.055682858E1,1.219963074E-1,2.119592285E-1,9.792486420E0,9.795539806E0
6.056686058E1,1.422042847E-1,2.168989563E-1,9.785600739E0,9.789037186E0
6.057689158E1,1.568737793E-1,2.188449097E-1,9.805659027E0,9.809355302E0
6.058692258E1,1.788780212E-1,2.110610962E-1,9.829609222E0,9.833502001E0
6.059695358E1,1.936972046E-1,2.276765442E-1,9.841734009E0,9.846272570E0
6.060698558E1,1.841171265E-1,2.236349487E-1,9.851613464E0,9.855871324E0
6.061701658E1,1.589694214E-1,2.344125366E-1,9.846823425E0,9.850896004E0
6.062704758E1,1.586700439E-1,2.457888794E-1,9.834249573E0,9.838600155E0
6.063707958E1,1.302291870E-1,2.772235107E-1,9.849667511E0,9.854428578E0
6.064711058E1,1.321751404E-1,2.829116821E-1,9.809700623E0,9.814669408E0
6.065714158E1,1.323248291E-1,2.954855347E-1,9.812993774E0,9.818333279E0
6.066717258E1,1.408570862E-1,3.285667419E-1,9.846374359E0,9.852861759E0
6.067720458E1,1.444496155E-1,3.478765869E-1,9.867330780E0,9.874517737E0
6.068723558E1,1.806742859E-1,3.293151855E-1,9.865983582E0,9.873131404E0
6.069726658E1,2.125579834E-1,3.152444458E-1,9.879754944E0,9.887068206E0
6.070729858E1,1.951940918E-1,2.884501648E-1,9.887688446E0,9.893820649E0
6.071732958E1,1.829196167E-1,2.603086853E-1,9.893675995E0,9.898790072E0
6.072736058E1,1.733395386E-1,2.577639771E-1,9.897567902E0,9.902441074E0
6.073739158E1,1.564247131E-1,2.633024597E-1,9.887089691E0,9.891831956E0
6.074742358E1,1.628613281E-1,2.917433167E-1,9.872869263E0,9.878521420E0
6.075745458E1,1.793270874E-1,2.921923828E-1,9.868827667E0,9.874780712E0
6.076748558E1,1.752854919E-1,3.086581421E-1,9.861792297E0,9.868178260E0
6.077752358E1,1.820214844E-1,3.074606323E-1,9.873318329E0,9.879781308E0
6.078755458E1,1.630110168E-1,2.951861572E-1,9.885443115E0,9.891192701E0
6.079758558E1,1.505868530E-1,2.942880249E-1,9.870623932E0,9.876158091E0
6.080761658E1,1.519340515E-1,2.869532776E-1,9.840985565E0,9.846340591E0
6.081764858E1,1.483415222E-1,2.773731995E-1,9.824519806E0,9.829553933E0
6.082767958E1,1.422042847E-1,2.492317200E-1,9.810748444E0,9.814943888E0
6.083771058E1,1.480421448E-1,2.284249878E-1,9.810598755E0,9.814374274E0
6.084774258E1,1.416055298E-1,2.058219910E-1,9.850865021E0,9.854032498E0
6.085777358E1,1.698966980E-1,1.911524963E-1,9.871821442E0,9.875133556E0
6.086780458E1,1.860630798E-1,2.064207458E-1,9.856553192E0,9.860470061E0
6.087783558E1,1.761836243E-1,2.261796570E-1,9.837093658E0,9.841270729E0
6.088786758E1,1.643582153E-1,2.466870117E-1,9.821076965E0,9.825549392E0
6.089789858E1,1.646575928E-1,2.445913696E-1,9.846074982E0,9.850488800E0
6.090792958E1,1.405577087E-1,2.580633545E-1,9.852661285E0,9.857042537E0
6.091796158E1,1.411564636E-1,2.691403198E-1,9.843829651E0,9.848519881E0
6.092799258E1,1.378633118E-1,2.719844055E-1,9.857002258E0,9.861717666E0
6.093802358E1,1.688488770E-1,2.859054565E-1,9.882748718E0,9.888325141E0
6.094805458E1,1.701960754E-1,2.917433167E-1,9.892628174E0,9.898392448E0
6.095808658E1,1.568737793E-1,2.841091919E-1,9.875264282E0,9.880595734E0
6.096811758E1,1.484912109E-1,2.784210205E-1,9.865085449E0,9.870130639E0
6.097814858E1,1.336720276E-1,2.878514099E-1,9.851763153E0,9.856873940E0
6.098818058E1,1.196012878E-1,2.924917603E-1,9.864337006E0,9.869397168E0
6.099821158E1,1.374142456E-1,3.112028503E-1,9.862241364E0,9.868106941E0
6.100824258E1,1.448986816E-1,3.150947571E-1,9.838740234E0,9.844850925E0
6.101827458E1,1.646575928E-1,3.194357300E-1,9.811796265E0,9.818375489E0
6.102830558E1,1.579216003E-1,2.978805542E-1,9.819580078E0,9.825366404E0
6.103833658E1,1.591191101E-1,2.686912537E-1,9.825717316E0,9.830678239E0
6.104836758E1,1.724414062E-1,2.411485291E-1,9.860594788E0,9.865050340E0
6.105839958E1,1.727407837E-1,2.216889954E-1,9.894574127E0,9.898564671E0
6.106843058E1,1.585203552E-1,2.236349487E-1,9.870025177E0,9.873830983E0
6.107846158E1,1.498384094E-1,2.359094238E-1,9.837692413E0,9.841661284E0
6.108849258E1,1.695973206E-1,2.565664673E-1,9.833950195E0,9.838758359E0
6.109852458E1,1.722917175E-1,2.659968567E-1,9.855205994E0,9.860300398E0
6.110855558E1,1.639091492E-1,2.633024597E-1,9.933193817E0,9.938034705E0
6.111858658E1,2.186952209E-1,2.466870117E-1,1.001701950E1,1.002244290E1
6.112861858E1,2.341131592E-1,2.463876343E-1,9.894723816E0,9.900559339E0
6.113864958E1,1.312770081E-1,2.408491516E-1,9.717043304E0,9.720914183E0
6.114868058E1,6.900650024E-2,2.371069336E-1,9.748777313E0,9.751904465E0
6.115871258E1,8.756790161E-2,2.415975952E-1,9.816137238E0,9.819500385E0
6.116874358E1,1.143621826E-1,2.098635864E-1,9.866881714E0,9.869775894E0
6.117877458E1,1.451980591E-1,2.299218750E-1,9.850715332E0,9.854467976E0
6.118880558E1,1.853146362E-1,2.558180237E-1,9.750573578E0,9.755689082E0
6.119883758E1,1.754351807E-1,2.981799316E-1,9.743837585E0,9.749977419E0
6.120886858E1,1.936972046E-1,3.432362366E-1,9.809700623E0,9.817614579E0
6.121889958E1,1.941462708E-1,3.481759644E-1,9.874066772E0,9.882110802E0
6.122893158E1,1.945953369E-1,3.637435913E-1,9.919123077E0,9.927697587E0
6.123896258E1,2.074685669E-1,3.694317627E-1,9.933193817E0,9.942226232E0
6.124899358E1,1.951940918E-1,3.472778320E-1,9.956096191E0,9.964063127E0
6.125902458E1,1.655557251E-1,3.203338623E-1,9.970765686E0,9.977283741E0
6.126905658E1,1.416055298E-1,2.823129272E-1,9.971514130E0,9.976514760E0
6.127908758E1,1.034349060E-1,2.360591125E-1,9.924212494E0,9.927558426E0
6.128911858E1,1.058299255E-1,2.149530029E-1,9.848470001E0,9.851383970E0
6.129915058E1,1.266366577E-1,2.210902405E-1,9.794881439E0,9.798194739E0
6.130918158E1,1.389111328E-1,2.305206299E-1,9.761650543E0,9.765360075E0
6.131921258E1,1.570234680E-1,2.243833923E-1,9.784852295E0,9.788684217E0
6.132924358E1,1.681004333E-1,2.143542480E-1,9.802814941E0,9.806599119E0
6.133927558E1,1.871109009E-1,2.246827698E-1,9.843380585E0,9.847722283E0
6.134930658E1,2.089654541E-1,2.371069336E-1,9.866582336E0,9.871642886E0
6.135933758E1,2.022294617E-1,2.441423035E-1,9.857002258E0,9.862098952E0
6.136936958E1,1.886077881E-1,2.561174011E-1,9.852511597E0,9.857644434E0
6.137940058E1,1.681004333E-1,2.719844055E-1,9.848320312E0,9.853509337E0
6.138943158E1,1.559756470E-1,2.893482971E-1,9.837842102E0,9.843332163E0
6.139946258E1,1.281335449E-1,3.132984924E-1,9.806557159E0,9.812397132E0
6.140949458E1,1.215472412E-1,3.273692322E-1,9.819280701E0,9.825488172E0
6.141952558E1,1.154100037E-1,3.519181824E-1,9.851912842E0,9.858871767E0
6.142955658E1,1.543290710E-1,3.540138245E-1,9.886790314E0,9.894329990E0
6.143958858E1,1.951940918E-1,3.224295044E-1,9.872270508E0,9.879462865E0
6.144961958E1,1.954934692E-1,3.113525391E-1,9.905651093E0,9.912471017E0
6.145965058E1,1.929487610E-1,2.710862732E-1,9.895172882E0,9.900765797E0
6.146968158E1,1.935475159E-1,2.514770508E-1,9.887239380E0,9.892330560E0
6.147971358E1,1.664538574E-1,2.499801636E-1,9.873468018E0,9.878034605E0
6.148974458E1,1.442999268E-1,2.577639771E-1,9.858948212E0,9.863372880E0
6.149977558E1,1.558259583E-1,2.619552612E-1,9.858648834E0,9.863359424E0
6.150980758E1,1.709445190E-1,2.796185303E-1,9.860445099E0,9.865890031E0
6.151983858E1,1.992356873E-1,2.977308655E-1,9.868827667E0,9.875327744E0
6.152986958E1,2.013313293E-1,2.938389587E-1,9.875863037E0,9.882284471E0
6.153990158E1,1.758842468E-1,2.998265076E-1,9.876012726E0,9.882128241E0
6.154993258E1,1.502874756E-1,2.965333557E-1,9.857750702E0,9.863354767E0
6.155996358E1,1.227447510E-1,2.884501648E-1,9.839488678E0,9.844481054E0
6.156999458E1,1.215472412E-1,2.662962341E-1,9.798324280E0,9.802695859E0
6.158002658E1,1.254391479E-1,2.475851440E-1,9.810000000E0,9.813925483E0
6.159005758E1,1.457968140E-1,2.155517578E-1,9.823621674E0,9.827067826E0
6.160008858E1,1.719923401E-1,1.960922241E-1,9.847422180E0,9.850875957E0
6.161012058E1,1.838177490E-1,2.083666992E-1,9.868528290E0,9.872439225E0
6.162015158E1,1.914518738E-1,2.059716797E-1,9.846524048E0,9.850538766E0
6.163018258E1,1.682501221E-1,2.302212524E-1,9.832752686E0,9.836886464E0
6.164021358E1,1.562750244E-1,2.254312134E-1,9.832004242E0,9.835829834E0
6.165024558E1,1.556762695E-1,2.372566223E-1,9.837093658E0,9.841185775E0
6.166027658E1,1.514849854E-1,2.616558838E-1,9.849667511E0,9.854306753E0
6.167030758E1,1.525328064E-1,2.859054565E-1,9.851613464E0,9.856941515E0
6.168033958E1,1.371148682E-1,2.992277527E-1,9.847871246E0,9.853370277E0
6.169037058E1,1.561253357E-1,3.106040955E-1,9.879156189E0,9.885270711E0
6.170040158E1,1.628613281E-1,3.126997375E-1,9.896520081E0,9.902798324E0
6.171043258E1,1.416055298E-1,3.083587646E-1,9.877210236E0,9.883036947E0
6.172046458E1,1.204994202E-1,3.240760803E-1,9.871971130E0,9.878024064E0
6.173049558E1,1.073268127E-1,3.086581421E-1,9.861642609E0,9.867055479E0
6.174052658E1,1.035845947E-1,2.945874023E-1,9.858050079E0,9.862994620E0
6.175055858E1,1.284329224E-1,3.052153015E-1,9.869725800E0,9.875279173E0
6.176058958E1,1.612147522E-1,3.176394653E-1,9.841734009E0,9.848178173E0
6.177061442E1,1.624122620E-1,3.103047180E-1,9.797875214E0,9.804133081E0
6.178064542E1,1.525328064E-1,3.095562744E-1,9.786498871E0,9.792581452E0
6.179067742E1,1.604663086E-1,2.868035889E-1,9.819430389E0,9.824928443E0
6.180070842E1,1.649569702E-1,2.513273621E-1,9.852062531E0,9.856648130E0
6.181073942E1,1.615141296E-1,2.242337036E-1,9.896819458E0,9.900676894E0
6.182077142E1,1.883084106E-1,2.415975952E-1,9.901310120E0,9.906047221E0
6.183080242E1,1.794767761E-1,2.421963501E-1,9.832153931E0,9.836773958E0
6.184083342E1,1.683998108E-1,2.415975952E-1,9.802665253E0,9.807087944E0
6.185086442E1,1.504371643E-1,2.398013306E-1,9.871072998E0,9.875131298E0
6.186089642E1,2.082170105E-1,2.389031982E-1,1.001701950E1,1.002203117E1
6.187092742E1,2.447410583E-1,2.475851440E-1,1.002345612E1,1.002949994E1
6.188095842E1,2.050735474E-1,2.591111755E-1,9.819729767E0,9.825288111E0
6.189099042E1,1.353186035E-1,2.570155334E-1,9.668095093E0,9.672457332E0
6.190102142E1,7.574249268E-2,2.721340942E-1,9.694440308E0,9.698554880E0
6.191105242E1,8.143066406E-2,2.610571289E-1,9.837692413E0,9.841492458E0
6.192108342E1,1.175056458E-1,2.442919922E-1,9.937684479E0,9.941381139E0
6.193111542E1,1.791773987E-1,2.447410583E-1,9.905950470E0,9.910593193E0
6.194114642E1,2.055226135E-1,2.809657288E-1,9.801467743E0,9.807647588E0
6.195117742E1,1.954934692E-1,3.103047180E-1,9.745783539E0,9.752681862E0
6.196120942E1,1.619631958E-1,3.418890381E-1,9.792187042E0,9.799492194E0
6.197124042E1,1.275347900E-1,3.381468201E-1,9.848619690E0,9.855248256E0
6.198127142E1,1.264869690E-1,3.526666260E-1,9.898316345E0,9.905404544E0
6.199130342E1,1.583706665E-1,3.743714905E-1,9.929002533E0,9.937319889E0
6.200133442E1,1.763333130E-1,3.797602844E-1,9.957742767E0,9.966541643E0
6.201136542E1,1.959425354E-1,3.677851868E-1,9.977501678E0,9.986200437E0
6.202139642E1,1.755848694E-1,3.507206726E-1,9.975106659E0,9.982814628E0
6.203142842E1,1.547781372E-1,2.993774414E-1,9.938732300E0,9.944444824E0
6.204145942E1,1.390608215E-1,2.592608643E-1,9.851014709E0,9.855406887E0
6.205149042E1,1.374142456E-1,2.378553772E-1,9.803713074E0,9.807560751E0
6.206152242E1,1.422042847E-1,2.279759216E-1,9.752968597E0,9.756669080E0
6.207155342E1,1.345701599E-1,2.215393066E-1,9.752818909E0,9.756262884E0
6.208158442E1,1.465452576E-1,2.195933533E-1,9.801617432E0,9.805172157E0
6.209161542E1,1.752854919E-1,2.188449097E-1,9.836794281E0,9.840789594E0
6.210164742E1,1.886077881E-1,2.249821472E-1,9.867181091E0,9.871547627E0
6.211167842E1,1.856140137E-1,2.318678284E-1,9.866582336E0,9.871051730E0
6.212170942E1,1.643582153E-1,2.507286072E-1,9.853110352E0,9.857670214E0
6.213174142E1,1.474433899E-1,2.589614868E-1,9.846673737E0,9.851181872E0
6.214177242E1,1.236428833E-1,2.978805542E-1,9.823771362E0,9.829064257E0
6.215180342E1,1.190025330E-1,3.152444458E-1,9.788295135E0,9.794093236E0
6.216183442E1,1.086740112E-1,3.375480652E-1,9.765542450E0,9.771978719E0
6.217186642E1,1.062789917E-1,3.591032410E-1,9.801168365E0,9.808320534E0
6.218189742E1,1.196012878E-1,3.486250305E-1,9.838291168E0,9.845192583E0
6.219192842E1,1.630110168E-1,3.330574036E-1,9.873917084E0,9.880877411E0
6.220196042E1,1.968406677E-1,2.999761963E-1,9.916877747E0,9.923366173E0
6.221199142E1,2.104623413E-1,2.779719543E-1,9.922715607E0,9.928839198E0
6.222202242E1,2.183958435E-1,2.948867798E-1,9.905202026E0,9.911996880E0
6.223205342E1,1.999841309E-1,2.695893860E-1,9.881401520E0,9.887101096E0
6.224208542E1,1.682501221E-1,2.823129272E-1,9.862391052E0,9.867865319E0
6.225211642E1,1.442999268E-1,2.877017212E-1,9.868079224E0,9.873326811E0
6.226214742E1,1.300794983E-1,3.028202820E-1,9.880353699E0,9.885848978E0
6.227217942E1,1.499880981E-1,3.055146790E-1,9.867031403E0,9.872899490E0
6.228221042E1,1.622625732E-1,3.162922668E-1,9.879904633E0,9.886297866E0
6.229224142E1,1.529818726E-1,3.100053406E-1,9.888885956E0,9.894926589E0
6.230227342E1,1.694476318E-1,3.242257690E-1,9.898016968E0,9.904775350E0
6.231230442E1,1.782792664E-1,3.056643677E-1,9.884994049E0,9.891325571E0
6.232233542E1,1.573228455E-1,2.933898926E-1,9.851613464E0,9.857236730E0
6.233236642E1,1.299298096E-1,2.742297363E-1,9.805958405E0,9.810652574E0
6.234239842E1,1.398092651E-1,2.549198914E-1,9.807904358E0,9.812212731E0
6.235242942E1,1.390608215E-1,2.463876343E-1,9.796078949E0,9.800163649E0
6.236246042E1,1.441502380E-1,2.330653381E-1,9.810449066E0,9.814275807E0
6.237249242E1,1.489402771E-1,2.372566223E-1,9.832453308E0,9.836443055E0
6.238252342E1,1.552272034E-1,2.395019531E-1,9.854457550E0,9.858589670E0
6.239255442E1,1.585203552E-1,2.486329651E-1,9.835896149E0,9.840315041E0
6.240258542E1,1.525328064E-1,2.553689575E-1,9.856852570E0,9.861339774E0
6.241261742E1,1.672023010E-1,2.628533936E-1,9.861642609E0,9.866561886E0
6.242264842E1,1.435514832E-1,2.832110596E-1,9.875713348E0,9.880816245E0
6.243267942E1,1.308279419E-1,2.871029663E-1,9.858798523E0,9.863845720E0
6.244271142E1,1.276844788E-1,2.909948730E-1,9.859696655E0,9.864816241E0
6.245274242E1,1.345701599E-1,3.112028503E-1,9.880054321E0,9.885870206E0
6.246277342E1,1.432521057E-1,3.135978699E-1,9.879156189E0,9.885170297E0
6.247280442E1,1.197509766E-1,3.115022278E-1,9.889335022E0,9.894964432E0
6.248283642E1,9.565109253E-2,2.978805542E-1,9.852361908E0,9.857328092E0
6.249286742E1,9.430389404E-2,3.149450684E-1,9.859996033E0,9.865475426E0
6.250289842E1,1.100212097E-1,3.079096985E-1,9.872120819E0,9.877534233E0
6.251293042E1,1.327738953E-1,3.269201660E-1,9.875563660E0,9.881865375E0
6.252296142E1,1.766326904E-1,3.290158081E-1,9.850715332E0,9.857790983E0
6.253299242E1,1.811233521E-1,3.210823059E-1,9.792187042E0,9.799123766E0
6.254302442E1,1.698966980E-1,3.212319946E-1,9.776469727E0,9.783221105E0
6.255305542E1,1.570234680E-1,3.129991150E-1,9.799970856E0,9.806225247E0
6.256308642E1,1.463955688E-1,2.860551453E-1,9.850865021E0,9.856104751E0
6.257311742E1,1.459465027E-1,2.567161560E-1,9.899064789E0,9.903468446E0
6.258314942E1,1.474433899E-1,2.453398132E-1,9.892328796E0,9.896469077E0
6.259318042E1,1.519340515E-1,2.447410583E-1,9.829010468E0,9.833230848E0
6.260321142E1,1.413061523E-1,2.401007080E-1,9.817035370E0,9.820987691E0
6.261324342E1,1.689985657E-1,2.555186462E-1,9.948611755E0,9.953327391E0
6.262327442E1,2.025288391E-1,2.679428101E-1,1.007869125E1,1.008428622E1
6.263330542E1,2.104623413E-1,2.885998535E-1,9.976603546E0,9.982995672E0
6.264333642E1,1.556762695E-1,3.155438232E-1,9.742789764E0,9.749141265E0
6.265336842E1,9.684860229E-2,3.183879089E-1,9.638756104E0,9.644499455E0
6.266339942E1,5.478607178E-2,3.115022278E-1,9.692644043E0,9.697803034E0
6.267343042E1,8.547225952E-2,2.790197754E-1,9.862391052E0,9.866707395E0
6.268346242E1,1.396595764E-1,2.429447937E-1,9.964478760E0,9.968418326E0
6.269349342E1,1.887574768E-1,2.371069336E-1,9.925410004E0,9.930035892E0
6.270352442E1,2.137554932E-1,2.682421875E-1,9.808353424E0,9.814348790E0
6.271355542E1,2.053729248E-1,2.836601257E-1,9.767039337E0,9.773315636E0
6.272358742E1,1.772314453E-1,3.186872864E-1,9.808802490E0,9.815578376E0
6.273361842E1,1.074765015E-1,3.397933960E-1,9.865534515E0,9.871969511E0
6.274364942E1,1.029858398E-1,3.614982605E-1,9.915829926E0,9.922951687E0
6.275368142E1,1.160087585E-1,3.879931641E-1,9.918075256E0,9.926339382E0
6.276371242E1,1.648072815E-1,4.022135925E-1,9.903705139E0,9.913239264E0
6.277374296E1,1.793270874E-1,4.120930481E-1,9.916428680E0,9.926607510E0
6.278377396E1,1.752854919E-1,3.836521912E-1,9.922715607E0,9.931676546E0
6.279380596E1,1.520837402E-1,3.577560425E-1,9.900861053E0,9.908489716E0
6.280383696E1,1.414558411E-1,3.124003601E-1,9.867779846E0,9.873737025E0
6.281386796E1,1.245410156E-1,2.812651062E-1,9.814790039E0,9.819609159E0
6.282389996E1,1.152603149E-1,2.417472839E-1,9.787846069E0,9.791509453E0
6.283393096E1,1.157093811E-1,2.285746765E-1,9.786498871E0,9.789851643E0
6.284396196E1,1.242416382E-1,2.020797729E-1,9.809700623E0,9.812568396E0
6.285399396E1,1.561253357E-1,1.995350647E-1,9.848470001E0,9.851728312E0
6.286402496E1,1.805245972E-1,2.101629639E-1,9.858648834E0,9.862540973E0
6.287405596E1,1.838177490E-1,2.279759216E-1,9.867480469E0,9.871825200E0
6.288408696E1,1.701960754E-1,2.547702026E-1,9.870174866E0,9.874929187E0
6.289411896E1,1.622625732E-1,2.863545227E-1,9.870623932E0,9.876109804E0
6.290414996E1,1.546284485E-1,3.047662354E-1,9.885143738E0,9.891049445E0
6.291418096E1,1.188528442E-1,3.206332397E-1,9.840386810E0,9.846326434E0
6.292421296E1,8.487350464E-2,3.496728516E-1,9.790091400E0,9.796701702E0
6.293424396E1,5.882766724E-2,3.522175598E-1,9.782157898E0,9.788673610E0
6.294427496E1,7.529342651E-2,3.643423462E-1,9.806407471E0,9.813462280E0
6.295430596E1,1.149609375E-1,3.522175598E-1,9.876461792E0,9.883408863E0
6.296433796E1,1.627116394E-1,3.294648743E-1,9.902956696E0,9.909771617E0
6.297436896E1,1.942959595E-1,3.162922668E-1,9.891430664E0,9.898393420E0
6.298439996E1,1.948947144E-1,3.007246399E-1,9.880653076E0,9.887149461E0
6.299443196E1,1.841171265E-1,3.022215271E-1,9.885443115E0,9.891775500E0
6.300446296E1,1.682501221E-1,2.875520325E-1,9.892927551E0,9.898535741E0
6.301449396E1,1.396595764E-1,2.989283752E-1,9.897418213E0,9.902916250E0
6.302452596E1,1.275347900E-1,3.067121887E-1,9.900112610E0,9.905683580E0
6.303455696E1,1.172062683E-1,3.170407104E-1,9.860894165E0,9.866685657E0
6.304458796E1,1.348695374E-1,3.203338623E-1,9.858349457E0,9.864474522E0
6.305461896E1,1.487905884E-1,3.391946411E-1,9.858199768E0,9.865155564E0
6.306465096E1,1.507365417E-1,3.341052246E-1,9.890682220E0,9.897471525E0
6.307468196E1,1.634600830E-1,3.221301270E-1,9.886041870E0,9.892639227E0
6.308471296E1,1.399589539E-1,2.959346008E-1,9.863438873E0,9.868869854E0
6.309474496E1,1.294807434E-1,2.745291138E-1,9.830657043E0,9.835341855E0
6.310477596E1,1.339714050E-1,2.499801636E-1,9.821376343E0,9.825470558E0
6.311480696E1,1.300794983E-1,2.466870117E-1,9.821675720E0,9.825634285E0
6.312483796E1,1.387614441E-1,2.291734314E-1,9.836943970E0,9.840591540E0
6.313486996E1,1.303788757E-1,2.360591125E-1,9.823022919E0,9.826723860E0
6.314490096E1,1.228944397E-1,2.525248718E-1,9.797725525E0,9.801749707E0
6.315493196E1,1.330732727E-1,2.486329651E-1,9.809101868E0,9.813154758E0
6.316496396E1,1.284329224E-1,2.619552612E-1,9.825717316E0,9.830047627E0
6.317499496E1,1.294807434E-1,2.776725769E-1,9.867630157E0,9.872385337E0
6.318502596E1,1.441502380E-1,2.823129272E-1,9.881700897E0,9.886783729E0
6.319505796E1,1.255888367E-1,2.965333557E-1,9.870773621E0,9.876025337E0
6.320508896E1,1.193019104E-1,3.028202820E-1,9.900561676E0,9.905910083E0
6.321511996E1,1.194515991E-1,3.046165466E-1,9.911488953E0,9.916888281E0
6.322515096E1,1.191522217E-1,3.201841736E-1,9.903405762E0,9.909296687E0
6.323518296E1,9.565109253E-2,3.047662354E-1,9.849966888E0,9.855144813E0
6.324521396E1,8.277786255E-2,3.013233948E-1,9.845625916E0,9.850583619E0
6.325524496E1,8.412506104E-2,3.144960022E-1,9.870025177E0,9.875392739E0
6.326527696E1,1.115180969E-1,3.282673645E-1,9.898166656E0,9.904236412E0
6.327530796E1,1.393601990E-1,3.546125793E-1,9.854607239E0,9.861970147E0
6.328533896E1,1.499880981E-1,3.562591553E-1,9.801168365E0,9.808787812E0
6.329536996E1,1.465452576E-1,3.499722290E-1,9.771529999E0,9.778893321E0
6.330540196E1,1.182540894E-1,3.350033569E-1,9.792785797E0,9.799227773E0
6.331543296E1,1.176553345E-1,2.938389587E-1,9.853260040E0,9.858342535E0
6.332546396E1,1.190025330E-1,2.625540161E-1,9.889634399E0,9.893834685E0
6.333549596E1,1.363664246E-1,2.507286072E-1,9.894723816E0,9.898839327E0
6.334552696E1,1.296304321E-1,2.457888794E-1,9.808952179E0,9.812887397E0
6.335555796E1,1.390608215E-1,2.562670898E-1,9.802066498E0,9.806401907E0
6.336558896E1,1.513352966E-1,2.710862732E-1,9.908046112E0,9.912909154E0
6.337562096E1,1.838177490E-1,2.788700867E-1,1.005758514E1,1.006312955E1
6.338565196E1,2.076182556E-1,2.983296204E-1,1.002405487E1,1.003064215E1
6.339568296E1,1.600172424E-1,2.908451843E-1,9.793534241E0,9.799158605E0
6.340571496E1,7.978408813E-2,3.164419556E-1,9.650731201E0,9.656247394E0
6.341574596E1,5.298980713E-2,2.939886475E-1,9.695937195E0,9.700537889E0
6.342577696E1,6.990463257E-2,2.627037048E-1,9.856702881E0,9.860450881E0
6.343580896E1,1.110690308E-1,2.303709412E-1,9.979297943E0,9.982574545E0
6.344583996E1,1.475930786E-1,2.348616028E-1,9.944869537E0,9.948737297E0
6.345587096E1,1.725910950E-1,2.408491516E-1,9.849368134E0,9.853824061E0
6.346590196E1,1.648072815E-1,2.841091919E-1,9.768985291E0,9.774505260E0
6.347593396E1,1.460961914E-1,3.097059631E-1,9.768985291E0,9.774985191E0
6.348596496E1,1.112187195E-1,3.296145630E-1,9.835746460E0,9.841896351E0
6.349599596E1,1.013392639E-1,3.430865479E-1,9.880204010E0,9.886678376E0
6.350602796E1,1.113684082E-1,3.805087280E-1,9.899064789E0,9.907001237E0
6.351605896E1,1.309776306E-1,4.014651489E-1,9.893376617E0,9.902385081E0
6.352608996E1,1.441502380E-1,3.963757324E-1,9.904453583E0,9.913429971E0
6.353612096E1,1.413061523E-1,3.836521912E-1,9.916278992E0,9.924703798E0
6.354615296E1,1.209484863E-1,3.341052246E-1,9.904004517E0,9.910376396E0
6.355618396E1,1.052311707E-1,3.149450684E-1,9.876761169E0,9.882341585E0
6.356621496E1,1.086740112E-1,2.817141724E-1,9.835746460E0,9.840380142E0
6.357624696E1,1.052311707E-1,2.462379456E-1,9.822124786E0,9.825774374E0
6.358627796E1,9.984237671E-2,2.389031982E-1,9.797575836E0,9.800996659E0
6.359630896E1,9.430389404E-2,2.314187622E-1,9.813442841E0,9.816624076E0
6.360633996E1,1.008901978E-1,2.255809021E-1,9.820627899E0,9.823736454E0
6.361637196E1,1.187031555E-1,2.549198914E-1,9.835596771E0,9.839615767E0
6.362640296E1,1.483415222E-1,2.483335876E-1,9.859696655E0,9.863939016E0
6.363643396E1,1.552272034E-1,2.796185303E-1,9.843230896E0,9.848425076E0
6.364646596E1,1.390608215E-1,2.918930054E-1,9.882599030E0,9.887886681E0
6.365649696E1,1.474433899E-1,3.007246399E-1,9.873318329E0,9.878997403E0
6.366652796E1,1.230441284E-1,3.233276367E-1,9.814191284E0,9.820286716E0
6.367655996E1,9.400451660E-2,3.234773254E-1,9.767189026E0,9.772996260E0
6.368659096E1,7.439529419E-2,3.330574036E-1,9.782756653E0,9.788707250E0
6.369662196E1,7.259902954E-2,3.332070923E-1,9.843230896E0,9.849136615E0
6.370665296E1,1.154100037E-1,3.126997375E-1,9.894873505E0,9.900485961E0
6.371668496E1,1.514849854E-1,2.978805542E-1,9.930349731E0,9.935971332E0
6.372671596E1,1.583706665E-1,2.841091919E-1,9.885293427E0,9.890643327E0
6.373674696E1,1.642085266E-1,2.701881409E-1,9.855505371E0,9.860575652E0
6.374677896E1,1.586700439E-1,2.688409424E-1,9.861792297E0,9.866731929E0
6.375680996E1,1.381626892E-1,2.692900085E-1,9.883197784E0,9.887831131E0
6.376684096E1,1.267863464E-1,2.880010986E-1,9.901010742E0,9.906009950E0
6.377687296E1,1.080752563E-1,3.026705933E-1,9.868378601E0,9.873610584E0
6.378690396E1,1.068777466E-1,3.239263916E-1,9.866582336E0,9.872476800E0
6.379693496E1,1.074765015E-1,3.451821899E-1,9.852661285E0,9.859291879E0
6.380696596E1,1.119671631E-1,3.359014893E-1,9.878856812E0,9.885199966E0
6.381699796E1,1.300794983E-1,3.267704773E-1,9.902357941E0,9.908601940E0
6.382702896E1,1.353186035E-1,3.161425781E-1,9.905501404E0,9.911468878E0
6.383705996E1,1.290316772E-1,3.055146790E-1,9.894574127E0,9.900130583E0
6.384709196E1,1.196012878E-1,2.863545227E-1,9.847571869E0,9.852460357E0
6.385712296E1,1.191522217E-1,2.595602417E-1,9.826016693E0,9.830166470E0
6.386715396E1,1.213975525E-1,2.412982178E-1,9.825717316E0,9.829429432E0
6.387718496E1,1.218466187E-1,2.384541321E-1,9.808802490E0,9.812457045E0
6.388721696E1,1.164578247E-1,2.465373230E-1,9.828411713E0,9.832193035E0
6.389724796E1,1.095721436E-1,2.526745605E-1,9.818232880E0,9.822094856E0
6.390727896E1,1.092727661E-1,2.538720703E-1,9.819430389E0,9.823319436E0
6.391731096E1,1.109193420E-1,2.550695801E-1,9.857151947E0,9.861075403E0
6.392734196E1,9.939331055E-2,2.649490356E-1,9.878108368E0,9.882160794E0
6.393737296E1,1.107696533E-1,2.731819153E-1,9.861492920E0,9.865897875E0
6.394740396E1,1.260379028E-1,2.903961182E-1,9.857002258E0,9.862084413E0
6.395743596E1,1.061293030E-1,2.987786865E-1,9.854307861E0,9.859407465E0
6.396746696E1,1.050814819E-1,3.038681030E-1,9.865235138E0,9.870473255E0
6.397749796E1,1.029858398E-1,3.052153015E-1,9.855954437E0,9.861216980E0
6.398752996E1,6.945556641E-2,2.912942505E-1,9.826615448E0,9.831177324E0
6.399756096E1,6.227050781E-2,2.936892700E-1,9.851763153E0,9.856336451E0
6.400759196E1,8.322692871E-2,3.056643677E-1,9.896969147E0,9.902037958E0
6.401762396E1,1.219963074E-1,3.186872864E-1,9.899513855E0,9.905393442E0
6.402765496E1,1.402583313E-1,3.531156921E-1,9.863139496E0,9.870455096E0
6.403768596E1,1.308279419E-1,3.583547974E-1,9.784702606E0,9.792136601E0
6.404771696E1,1.116677856E-1,3.507206726E-1,9.770931244E0,9.777861323E0
6.405774896E1,9.774673462E-2,3.106040955E-1,9.801617432E0,9.807024707E0
6.406777996E1,9.580078125E-2,2.707868958E-1,9.860894165E0,9.865076638E0
6.407781096E1,1.139131165E-1,2.522254944E-1,9.909692688E0,9.913556530E0
6.408784296E1,1.234931946E-1,2.421963501E-1,9.866582336E0,9.870327079E0
6.409787396E1,1.055305481E-1,2.541714478E-1,9.794731750E0,9.798597343E0
6.410790496E1,1.213975525E-1,2.707868958E-1,9.860445099E0,9.864909551E0
6.411793596E1,1.640588379E-1,2.953358459E-1,1.000100281E1,1.000670754E1
6.412796796E1,1.957928467E-1,3.092568970E-1,1.008363098E1,1.009027197E1
6.413799896E1,1.877096558E-1,3.092568970E-1,9.922416229E0,9.929008942E0
6.414802996E1,1.043330383E-1,3.032693481E-1,9.673334198E0,9.678649296E0
6.415806196E1,1.661544800E-2,2.883004761E-1,9.599837036E0,9.604179525E0
6.416809296E1,2.035766602E-2,2.592608643E-1,9.736353149E0,9.739825629E0
6.417812396E1,6.197113037E-2,2.499801636E-1,9.906698914E0,9.910046108E0
6.418815596E1,1.143621826E-1,2.049238586E-1,9.959838409E0,9.962602754E0
6.419818696E1,1.612147522E-1,2.086660767E-1,9.889634399E0,9.893149159E0
6.420821796E1,1.923500061E-1,2.395019531E-1,9.789492645E0,9.794310898E0
6.421824896E1,1.796264648E-1,2.655477905E-1,9.750423889E0,9.755693072E0
6.422828096E1,1.305285645E-1,3.002755737E-1,9.771679688E0,9.777163548E0
6.423831196E1,9.999206543E-2,3.097059631E-1,9.836195526E0,9.841578056E0
6.424834296E1,7.858657837E-2,3.264710999E-1,9.896669769E0,9.902364958E0
6.425837496E1,7.080276489E-2,3.351530457E-1,9.899513855E0,9.905438666E0
6.426840596E1,8.981323242E-2,3.441343689E-1,9.893975372E0,9.900365829E0
6.427843696E1,8.741821289E-2,3.594026184E-1,9.916129303E0,9.923025372E0
6.428846896E1,1.014889526E-1,3.323089600E-1,9.926008759E0,9.932088357E0
6.429849996E1,9.490264893E-2,3.088078308E-1,9.916728058E0,9.921988922E0
6.430853096E1,8.068222046E-2,2.748284912E-1,9.899364166E0,9.903507016E0
6.431856196E1,7.514373779E-2,2.559677124E-1,9.861193542E0,9.864801272E0
6.432859396E1,6.676116943E-2,2.327659607E-1,9.808353424E0,9.811342107E0
6.433862496E1,4.131408691E-2,2.056723022E-1,9.798174591E0,9.800420056E0
6.434865596E1,3.742218018E-2,1.942959595E-1,9.809550934E0,9.811546303E0
6.435868796E1,4.640350342E-2,1.953437805E-1,9.818831635E0,9.820884234E0
6.436871896E1,7.903564453E-2,2.127076721E-1,9.849368134E0,9.851981720E0
6.437874996E1,1.076261902E-1,2.086660767E-1,9.886640625E0,9.889428081E0
6.438878196E1,1.218466187E-1,2.260299683E-1,9.884994049E0,9.888328650E0
6.439881296E1,1.215472412E-1,2.401007080E-1,9.894125061E0,9.897784237E0
6.440884396E1,1.200503540E-1,2.574645996E-1,9.878258057E0,9.882341946E0
6.441887496E1,8.427474976E-2,2.730322266E-1,9.784253540E0,9.788425112E0
6.442890696E1,4.041595459E-2,2.814147949E-1,9.790540466E0,9.794667445E0
6.443893796E1,7.783813477E-3,2.851570129E-1,9.779463501E0,9.783623126E0
6.444896896E1,3.248245239E-2,2.676434326E-1,9.861343231E0,9.865028051E0
6.445900096E1,7.140151978E-2,2.555186462E-1,9.912387085E0,9.915936954E0
6.446903196E1,1.008901978E-1,2.553689575E-1,9.916728058E0,9.920528590E0
6.447906296E1,1.020877075E-1,2.323168945E-1,9.897268524E0,9.900521061E0
6.448909396E1,1.086740112E-1,2.038760376E-1,9.877060547E0,9.879762170E0
6.449912596E1,9.370513916E-2,2.224374390E-1,9.870623932E0,9.873574625E0
6.450915696E1,8.128097534E-2,2.230361938E-1,9.892927551E0,9.895775224E0
6.451918796E1,5.613327026E-2,2.203417969E-1,9.905950470E0,9.908559742E0
6.452921996E1,4.745132446E-2,2.490820312E-1,9.885592804E0,9.888844147E0
6.453925096E1,4.610412598E-2,2.544708252E-1,9.863289185E0,9.866679002E0
6.454928196E1,6.286926270E-2,2.742297363E-1,9.858948212E0,9.862961742E0
6.455931396E1,7.469467163E-2,2.683918762E-1,9.866582336E0,9.870514703E0
6.456934496E1,7.888595581E-2,2.613565063E-1,9.864037628E0,9.867814781E0
6.457937596E1,6.481521606E-2,2.429447937E-1,9.878707123E0,9.881906577E0
6.458940696E1,6.047424316E-2,2.119592285E-1,9.874815216E0,9.877274897E0
6.459943896E1,6.391708374E-2,2.002835083E-1,9.856702881E0,9.858944698E0
6.460946996E1,4.879852295E-2,1.904040527E-1,9.833052063E0,9.835016414E0
6.461950096E1,4.535568237E-2,1.640588379E-1,9.840536499E0,9.842008486E0
6.462953296E1,4.939727783E-2,1.649569702E-1,9.861043854E0,9.862547175E0
6.463956396E1,3.637435913E-2,1.755848694E-1,9.851613464E0,9.853245201E0
6.464959496E1,4.894821167E-2,1.689985657E-1,9.842482452E0,9.844054920E0
6.465962596E1,4.281097412E-2,1.776805115E-1,9.833351440E0,9.835049756E0
6.466965796E1,4.715194702E-2,1.996847534E-1,9.826765137E0,9.828906875E0
6.467968896E1,4.939727783E-2,1.992356873E-1,9.842482452E0,9.844622683E0
6.468971996E1,5.912704468E-2,2.124082947E-1,9.869875488E0,9.872337892E0
6.469975196E1,4.565505981E-2,2.097138977E-1,9.885143738E0,9.887473440E0
6.470978296E1,4.236190796E-2,2.143542480E-1,9.870025177E0,9.872443430E0
6.471981396E1,5.089416504E-3,2.089654541E-1,9.859397278E0,9.861612806E0
6.472984496E1,4.790039062E-3,2.049238586E-1,9.865833893E0,9.867963069E0
6.473987696E1,3.293151855E-3,2.273771667E-1,9.896370392E0,9.898982683E0
6.474990796E1,2.544708252E-2,2.357597351E-1,9.892478485E0,9.895320146E0
6.475993896E1,3.472778320E-2,2.621049500E-1,9.867779846E0,9.871321295E0
6.476997096E1,5.343887329E-2,2.752775574E-1,9.814340973E0,9.818346204E0
6.478000254E1,3.906875610E-2,2.778222656E-1,9.779014435E0,9.783038122E0
6.479003354E1,1.287322998E-2,2.628533936E-1,9.801318054E0,9.804850495E0
6.480006554E1,2.095642090E-2,2.124082947E-1,9.853110352E0,9.855421861E0
6.481009654E1,4.790039063E-2,1.709445190E-1,9.917775879E0,9.919364640E0
6.482012754E1,7.454498291E-2,1.604663086E-1,9.876910858E0,9.878495558E0
6.483015954E1,5.463638306E-2,1.475930786E-1,9.820627899E0,9.821888881E0
6.484019054E1,4.610412598E-2,1.472937012E-1,9.859397278E0,9.860605240E0
6.485022154E1,7.828720093E-2,1.707948303E-1,9.976453857E0,9.978222854E0
6.486025254E1,1.088237000E-1,1.863624573E-1,1.008752289E1,1.008983110E1
6.487028454E1,1.202000427E-1,1.971400452E-1,9.969418488E0,9.972091918E0
6.488031554E1,3.772155762E-2,2.040257263E-1,9.715097351E0,9.717312692E0
6.489034654E1,-4.281097412E-2,2.001338196E-1,9.632618866E0,9.634792813E0
6.490037854E1,-6.152206421E-2,2.158511353E-1,9.710457001E0,9.713050594E0
6.491040954E1,-2.409988403E-2,1.922003174E-1,9.894424438E0,9.896320363E0
6.492044054E1,3.637435913E-2,1.868115234E-1,9.994117126E0,9.995929110E0
6.493047154E1,9.729766846E-2,1.673519897E-1,9.922715607E0,9.924603697E0
6.494050354E1,1.246907043E-1,1.859133911E-1,9.815688171E0,9.818240466E0
6.495053454E1,1.210981750E-1,2.070195007E-1,9.766290894E0,9.769235367E0
6.496056554E1,7.903564453E-2,2.254312134E-1,9.792636108E0,9.795549388E0
6.497059754E1,3.008743286E-2,2.357597351E-1,9.848919067E0,9.851786371E0
6.498062854E1,-1.047821045E-3,2.396516418E-1,9.905202026E0,9.908100786E0
6.499065954E1,-2.065704346E-2,2.586621094E-1,9.908195801E0,9.911593052E0
6.500069154E1,4.790039062E-3,2.781216431E-1,9.903854828E0,9.907760345E0
6.501072254E1,2.694396973E-2,2.911445618E-1,9.898166656E0,9.902484249E0
6.502075354E1,3.742218018E-2,2.665956116E-1,9.894574127E0,9.898235742E0
6.503078454E1,3.936813354E-2,2.291734314E-1,9.904752960E0,9.907482098E0
6.504081654E1,4.445755005E-2,2.104623413E-1,9.893675995E0,9.896014125E0
6.505084754E1,4.775070190E-2,1.860630798E-1,9.871671753E0,9.873540540E0
6.506087854E1,3.936813354E-2,1.710942078E-1,9.839937744E0,9.841503843E0
6.507091054E1,1.032852173E-2,1.618135071E-1,9.820478210E0,9.821816663E0
6.508094154E1,-6.885681152E-3,1.541793823E-1,9.813442841E0,9.814656340E0
6.509097254E1,2.993774414E-4,1.434017944E-1,9.839338989E0,9.840383931E0
6.510100454E1,1.751358032E-2,1.658551025E-1,9.843380585E0,9.844793343E0
6.511103554E1,1.856140137E-2,1.613644409E-1,9.854158173E0,9.855496756E0
6.512106654E1,5.553451538E-2,1.779798889E-1,9.876761169E0,9.878520746E0
6.513109754E1,6.706054688E-2,1.945953369E-1,9.883048096E0,9.885191153E0
6.514112954E1,7.514373779E-2,2.110610962E-1,9.868378601E0,9.870921415E0
6.515116054E1,4.236190796E-2,2.330653381E-1,9.782457275E0,9.785324947E0
6.516119154E1,-9.131011963E-3,2.263293457E-1,9.797725525E0,9.800343556E0
6.517122354E1,-2.559677124E-2,2.625540161E-1,9.797725525E0,9.801276206E0
6.518125454E1,-8.232879639E-3,2.559677124E-1,9.847272491E0,9.850602153E0
6.519128554E1,3.951782227E-2,2.272274780E-1,9.896071014E0,9.898758281E0
6.520131654E1,6.466552734E-2,2.026785278E-1,9.908944244E0,9.911227787E0
6.521134854E1,7.349716187E-2,1.794767761E-1,9.886490936E0,9.888393033E0
6.522137954E1,5.748046875E-2,1.655557251E-1,9.874216461E0,9.875771536E0
6.523141054E1,4.954696655E-2,1.678010559E-1,9.883946228E0,9.885494683E0
6.524144254E1,4.864883423E-2,1.833686829E-1,9.898615723E0,9.900433526E0
6.525147354E1,3.742218018E-2,2.073188782E-1,9.888436890E0,9.890680748E0
6.526150454E1,2.335144043E-2,2.351609802E-1,9.860744476E0,9.863575802E0
6.527153654E1,3.293151855E-2,2.433938599E-1,9.858798523E0,9.861857501E0
6.528156754E1,1.886077881E-2,2.495310974E-1,9.858050079E0,9.861225728E0
6.529159854E1,4.610412598E-2,2.468367004E-1,9.863738251E0,9.866933983E0
6.530162954E1,4.116439819E-2,2.263293457E-1,9.876611481E0,9.879290148E0
6.531166154E1,2.574645996E-2,1.815724182E-1,9.880204010E0,9.881905823E0
6.532169254E1,1.362167358E-2,1.538800049E-1,9.858349457E0,9.859559758E0
6.533172354E1,2.978805542E-2,1.514849854E-1,9.829459534E0,9.830671887E0
6.534175554E1,2.948867798E-2,1.399589539E-1,9.830207977E0,9.831248495E0
6.535178654E1,1.871109009E-2,1.366658020E-1,9.848320312E0,9.849286300E0
6.536181754E1,4.490661621E-3,1.468446350E-1,9.862091675E0,9.863185881E0
6.537184954E1,1.811233521E-2,1.519340515E-1,9.852511597E0,9.853699649E0
6.538188054E1,2.574645996E-2,1.676513672E-1,9.851314087E0,9.852774183E0
6.539191154E1,2.185455322E-2,1.719923401E-1,9.836494904E0,9.838022717E0
6.540194254E1,3.143463135E-2,1.939965820E-1,9.836494904E0,9.838457948E0
6.541197454E1,3.427871704E-2,1.910028076E-1,9.862540741E0,9.864449654E0
6.542200554E1,2.335144043E-2,1.871109009E-1,9.887239380E0,9.889037280E0
6.543203654E1,8.532257080E-3,1.889071655E-1,9.895621948E0,9.897428578E0
6.544206854E1,-1.556762695E-2,2.070195007E-1,9.922565918E0,9.924737469E0
6.545209954E1,-1.960922241E-2,2.201921082E-1,9.949509888E0,9.951965439E0
6.546213054E1,9.430389404E-3,2.345622253E-1,9.915231171E0,9.918009757E0
6.547216254E1,2.439926147E-2,2.770738220E-1,9.840835876E0,9.844765918E0
6.548219354E1,1.556762695E-2,2.903961182E-1,9.761650543E0,9.765981445E0
6.549222454E1,-7.484436035E-4,2.924917603E-1,9.753267975E0,9.757652801E0
6.550225554E1,2.395019531E-3,2.609074402E-1,9.761650543E0,9.765136955E0
6.551228754E1,2.020797729E-2,1.974394226E-1,9.829010468E0,9.831014061E0
6.552231854E1,4.116439819E-2,1.481918335E-1,9.881401520E0,9.882598409E0
6.553234954E1,5.284011841E-2,1.267863464E-1,9.871222687E0,9.872178290E0
6.554238154E1,5.254074097E-2,1.064286804E-1,9.836494904E0,9.837210966E0
6.555241254E1,4.819976807E-2,1.113684082E-1,9.901010742E0,9.901754383E0
6.556244354E1,7.604187012E-2,1.425036621E-1,1.000384689E1,1.000515079E1
6.557247454E1,1.062789917E-1,1.366658020E-1,1.010847931E1,1.010996176E1
6.558250654E1,1.127156067E-1,1.842668152E-1,9.965227203E0,9.967568022E0
6.559253754E1,2.305206299E-2,1.893562317E-1,9.720935211E0,9.722806619E0
6.560256854E1,-5.927673340E-2,1.890568542E-1,9.650132446E0,9.652166205E0
6.561260054E1,-8.696914673E-2,1.930984497E-1,9.725126495E0,9.727432138E0
6.562263154E1,-4.206253052E-2,1.889071655E-1,9.855355682E0,9.857255744E0
6.563266254E1,1.556762695E-2,1.645079041E-1,9.934241638E0,9.935615840E0
6.564269454E1,8.801696777E-2,1.640588379E-1,9.879156189E0,9.880910347E0
6.565272554E1,1.184037781E-1,1.863624573E-1,9.786049805E0,9.788540300E0
6.566275654E1,1.031355286E-1,2.002835083E-1,9.753417664E0,9.756018990E0
6.567278754E1,5.284011841E-2,2.329156494E-1,9.808353424E0,9.811260809E0
6.568281954E1,-7.484436035E-4,2.360591125E-1,9.867031403E0,9.869854769E0
6.569285054E1,-2.888992310E-2,2.466870117E-1,9.903555450E0,9.906669454E0
6.570288154E1,-1.886077881E-2,2.634521484E-1,9.908794556E0,9.912314175E0
6.571291354E1,5.089416504E-3,2.803669739E-1,9.912836151E0,9.916801506E0
6.572294454E1,2.544708252E-2,2.818638611E-1,9.900411987E0,9.904456184E0
6.573297554E1,3.023712158E-2,2.733316040E-1,9.912985840E0,9.916799520E0
6.574300754E1,2.395019531E-2,2.429447937E-1,9.914931793E0,9.917936693E0
6.575303854E1,2.829116821E-2,2.088157654E-1,9.912985840E0,9.915225296E0
6.576306954E1,2.978805542E-2,1.715432739E-1,9.888885956E0,9.890418589E0
6.577310054E1,1.796264648E-3,1.562750244E-1,9.843230896E0,9.844471524E0
6.578313258E1,-6.436614990E-3,1.398092651E-1,9.819729767E0,9.820727099E0
6.579316358E1,-1.407073975E-2,1.413061523E-1,9.816137238E0,9.817164340E0
6.580319458E1,1.496887207E-3,1.372645569E-1,9.816137238E0,9.817097028E0
6.581322658E1,2.424957275E-2,1.369651794E-1,9.824220428E0,9.825205063E0
6.582325758E1,5.763015747E-2,1.426533508E-1,9.835596771E0,9.836800042E0
6.583328858E1,8.412506104E-2,1.734892273E-1,9.848470001E0,9.850357197E0
6.584332058E1,9.160949707E-2,1.948947144E-1,9.880353699E0,9.882700312E0
6.585335158E1,6.930587769E-2,2.038760376E-1,9.819879456E0,9.822240135E0
6.586338258E1,2.544708252E-2,2.237846375E-1,9.800120544E0,9.802708289E0
6.587341358E1,-1.930984497E-2,2.375559998E-1,9.819430389E0,9.822322480E0
6.588344558E1,-4.490661621E-2,2.415975952E-1,9.795779572E0,9.798861333E0
6.589347658E1,-1.377136230E-2,2.408491516E-1,9.853709106E0,9.856661763E0
6.590350758E1,2.933898926E-2,2.276765442E-1,9.899064789E0,9.901726167E0
6.591353958E1,6.990463257E-2,1.939965820E-1,9.900262299E0,9.902409551E0
6.592357058E1,6.436614990E-2,1.755848694E-1,9.889185333E0,9.890953422E0
6.593360158E1,6.152206421E-2,2.028282166E-1,9.880204010E0,9.882477196E0
6.594363358E1,5.478607178E-2,1.910028076E-1,9.881700897E0,9.883698509E0
6.595366458E1,3.607498169E-2,2.095642090E-1,9.894274750E0,9.896559573E0
6.596369558E1,1.960922241E-2,2.368075562E-1,9.882149963E0,9.885006335E0
6.597372658E1,9.729766846E-3,2.415975952E-1,9.871372375E0,9.874333225E0
6.598375858E1,1.766326904E-2,2.383044434E-1,9.868079224E0,9.870972017E0
6.599378958E1,1.392105103E-2,2.540217590E-1,9.866432648E0,9.869711953E0
6.600382058E1,2.514770508E-2,2.230361938E-1,9.867031403E0,9.869583894E0
6.601385258E1,1.901046753E-2,2.019300842E-1,9.880204010E0,9.882285588E0
6.602388358E1,3.697311401E-2,1.782792664E-1,9.859996033E0,9.861676950E0
6.603391458E1,4.251159668E-2,1.661544800E-1,9.838291168E0,9.839785956E0
6.604394658E1,1.212478638E-2,1.484912109E-1,9.819729767E0,9.820859909E0
6.605397758E1,1.481918335E-2,1.386117554E-1,9.827663269E0,9.828651899E0
6.606400858E1,2.529739380E-2,1.320254517E-1,9.839788055E0,9.840706258E0
6.607403958E1,2.335144043E-2,1.459465027E-1,9.848919067E0,9.850028044E0
6.608407158E1,3.113525391E-2,1.371148682E-1,9.838291168E0,9.839295859E0
6.609410258E1,2.170486450E-2,1.481918335E-1,9.820627899E0,9.821769915E0
6.610413358E1,2.664459229E-2,1.580712891E-1,9.840686188E0,9.841991725E0
6.611416558E1,1.916015625E-2,1.529818726E-1,9.848020935E0,9.849227731E0
6.612419658E1,1.511856079E-2,1.621128845E-1,9.836794281E0,9.838141638E0
6.613422758E1,-1.586700439E-2,1.794767761E-1,9.846673737E0,9.848322058E0
6.614425958E1,-2.814147949E-2,1.835183716E-1,9.889784088E0,9.891526689E0
6.615429058E1,6.286926270E-3,2.098635864E-1,9.913584595E0,9.915807671E0
6.616432158E1,3.592529297E-2,2.457888794E-1,9.903405762E0,9.906520503E0
6.617435258E1,4.700225830E-2,2.814147949E-1,9.850415955E0,9.854547071E0
6.618438458E1,4.819976807E-2,3.050656128E-1,9.805509338E0,9.810372145E0
6.619441558E1,4.490661621E-3,2.877017212E-1,9.792037354E0,9.796263981E0
6.620444658E1,-2.814147949E-2,2.448907471E-1,9.831854553E0,9.834944198E0
6.621447858E1,-3.143463135E-2,1.966909790E-1,9.870474243E0,9.872483845E0
6.622450958E1,1.047821045E-3,1.600172424E-1,9.902208252E0,9.903501143E0
6.623454058E1,2.125579834E-2,1.451980591E-1,9.850415955E0,9.851508959E0
6.624457158E1,2.649490356E-2,1.330732727E-1,9.833351440E0,9.834287520E0
6.625460358E1,5.119354248E-2,1.588197327E-1,9.886191559E0,9.887599710E0
6.626463458E1,9.145980835E-2,1.763333130E-1,9.982142029E0,9.984118279E0
6.627466558E1,1.312770081E-1,1.823208618E-1,1.006357269E1,1.006608017E1
6.628469758E1,1.390608215E-1,1.922003174E-1,9.910291443E0,9.913130452E0
6.629472858E1,4.116439819E-2,1.892065430E-1,9.707163849E0,9.709094892E0
6.630475958E1,-6.795867920E-2,1.728904724E-1,9.682614899E0,9.684396769E0
6.631479158E1,-7.993377686E-2,1.697470093E-1,9.770482178E0,9.772283533E0
6.632482258E1,-2.978805542E-2,1.691482544E-1,9.905351715E0,9.906840619E0
6.633485358E1,3.233276367E-2,1.540296936E-1,9.937235413E0,9.938481685E0
6.634488458E1,9.011260986E-2,1.577719116E-1,9.853110352E0,9.854785429E0
6.635491658E1,1.058299255E-1,1.728904724E-1,9.793534241E0,9.795631884E0
6.636494758E1,9.969268799E-2,2.137554932E-1,9.763297119E0,9.766145641E0
6.637497858E1,5.119354248E-2,2.516267395E-1,9.814340973E0,9.817699605E0
6.638501058E1,1.781295776E-2,2.520758057E-1,9.876012726E0,9.879245258E0
6.639504158E1,-1.990859985E-2,2.655477905E-1,9.912686462E0,9.916262647E0
6.640507258E1,-1.586700439E-2,2.809657288E-1,9.920021210E0,9.924012006E0
6.641510458E1,-1.646575928E-3,2.911445618E-1,9.926158447E0,9.930427452E0
6.642513558E1,1.182540894E-2,2.853067017E-1,9.909093933E0,9.913207469E0
6.643516658E1,1.781295776E-2,2.580633545E-1,9.925110626E0,9.928480999E0
6.644519758E1,2.020797729E-2,2.121089172E-1,9.934690704E0,9.936975292E0
6.645522958E1,3.607498169E-2,1.963916016E-1,9.893675995E0,9.895690767E0
6.646526058E1,3.607498169E-2,1.815724182E-1,9.845176849E0,9.846917139E0
6.647529158E1,3.607498169E-2,1.784289551E-1,9.791288910E0,9.792980997E0
6.648532358E1,1.377136230E-2,1.731898499E-1,9.803264008E0,9.804803393E0
6.649535458E1,7.933502197E-3,1.661544800E-1,9.808952179E0,9.810362537E0
6.650538558E1,1.571731567E-2,1.529818726E-1,9.834698639E0,9.835900966E0
6.651541758E1,3.353027344E-2,1.502874756E-1,9.868079224E0,9.869280529E0
6.652544858E1,4.625381470E-2,1.715432739E-1,9.877958679E0,9.879556376E0
6.653547958E1,7.110214233E-2,1.920506287E-1,9.895621948E0,9.897740788E0
6.654551058E1,9.026229858E-2,2.148033142E-1,9.891430664E0,9.894174464E0
6.655554258E1,6.885681152E-2,2.281256104E-1,9.801168365E0,9.804064661E0
6.656557358E1,2.499801636E-2,2.656974792E-1,9.786648560E0,9.790286517E0
6.657560458E1,-1.302291870E-2,2.709365845E-1,9.808652802E0,9.812402662E0
6.658563658E1,-5.837860107E-3,2.719844055E-1,9.799521790E0,9.803297246E0
6.659566758E1,2.978805542E-2,2.420466614E-1,9.864337006E0,9.867351138E0
6.660569858E1,8.622070312E-2,2.288740540E-1,9.899663544E0,9.902684263E0
6.661573058E1,1.190025330E-1,2.119592285E-1,9.917027435E0,9.920006122E0
6.662576158E1,1.079255676E-1,2.080673218E-1,9.890532532E0,9.893309542E0
6.663579258E1,8.921447754E-2,2.010319519E-1,9.873018951E0,9.875468408E0
6.664582358E1,6.631210327E-2,2.294728088E-1,9.904902649E0,9.907782373E0
6.665585558E1,3.802093506E-2,2.221380615E-1,9.883946228E0,9.886515258E0
6.666588658E1,1.047821045E-3,2.504292297E-1,9.891131287E0,9.894301088E0
6.667591758E1,6.885681152E-3,2.636018372E-1,9.869875488E0,9.873397363E0
6.668594958E1,1.302291870E-2,2.616558838E-1,9.850415955E0,9.853899120E0
6.669598058E1,3.203338623E-2,2.698887634E-1,9.880054321E0,9.883791756E0
6.670601158E1,6.092330933E-2,2.529739380E-1,9.894125061E0,9.897546069E0
6.671604358E1,6.331832886E-2,2.454895020E-1,9.901759186E0,9.905004254E0
6.672607458E1,6.780899048E-2,2.288740540E-1,9.849368134E0,9.852260351E0
6.673610558E1,6.810836792E-2,1.883084106E-1,9.844129028E0,9.846165504E0
6.674613658E1,7.409591675E-2,1.941462708E-1,9.813592529E0,9.815792444E0
6.675616858E1,5.583389282E-2,1.883084106E-1,9.817334747E0,9.819299314E0
6.676619958E1,3.787124634E-2,1.742376709E-1,9.848619690E0,9.850233642E0
6.677622996E1,3.802093506E-2,1.692979431E-1,9.839788055E0,9.841317816E0
6.678626196E1,5.463638306E-2,1.850152588E-1,9.830058289E0,9.831951065E0
6.679629296E1,5.942642212E-2,1.785786438E-1,9.834998016E0,9.836798657E0
6.680632396E1,4.445755005E-2,1.773811340E-1,9.834548950E0,9.836248960E0
6.681635596E1,5.643264771E-2,1.956431580E-1,9.840536499E0,9.842642911E0
6.682638696E1,4.864883423E-2,1.990859985E-1,9.822873230E0,9.825010964E0
6.683641796E1,3.203338623E-2,2.185455322E-1,9.843230896E0,9.845708850E0
6.684644896E1,4.116439819E-2,2.336640930E-1,9.891730042E0,9.894575111E0
6.685648096E1,5.074447632E-2,2.618055725E-1,9.922416229E0,9.925999244E0
6.686651196E1,6.930587769E-2,2.998265076E-1,9.910740509E0,9.915516965E0
6.687654296E1,5.538482666E-2,3.327580261E-1,9.848619690E0,9.854395221E0
6.688657496E1,5.328918457E-2,3.373983765E-1,9.815688171E0,9.821629787E0
6.689660596E1,3.038681030E-2,3.269201660E-1,9.837093658E0,9.842571402E0
6.690663696E1,1.781295776E-2,2.903961182E-1,9.851613464E0,9.855908637E0
6.691666896E1,1.242416382E-2,2.475851440E-1,9.874366150E0,9.877477392E0
6.692669996E1,5.029541016E-2,2.077679443E-1,9.854457550E0,9.856775880E0
6.693673096E1,5.807922363E-2,1.990859985E-1,9.819430389E0,9.821620111E0
6.694676196E1,7.753875732E-2,1.871109009E-1,9.852511597E0,9.854593219E0
6.695679396E1,1.079255676E-1,1.974394226E-1,9.913883972E0,9.916437146E0
6.696682496E1,1.484912109E-1,2.119592285E-1,1.003782623E1,1.004116188E1
6.697685596E1,2.023791504E-1,2.216889954E-1,1.004366409E1,1.004814867E1
6.698688796E1,1.612147522E-1,2.173480225E-1,9.821076965E0,9.824804482E0
6.699691896E1,7.244934082E-2,2.067201233E-1,9.718240814E0,9.720709163E0
6.700694996E1,-4.640350342E-3,1.983375549E-1,9.773775330E0,9.775788639E0
6.701698196E1,5.837860107E-3,2.092648315E-1,9.851014709E0,9.853238892E0
6.702701296E1,3.472778320E-2,1.986369324E-1,9.882599030E0,9.884656101E0
6.703704396E1,9.460327148E-2,2.110610962E-1,9.819729767E0,9.822453322E0
6.704707496E1,1.442999268E-1,2.300715637E-1,9.751322021E0,9.755103104E0
6.705710696E1,1.451980591E-1,2.787203979E-1,9.715995483E0,9.721076883E0
6.706713796E1,1.303788757E-1,3.076103210E-1,9.757010193E0,9.762728649E0
6.707716896E1,9.011260986E-2,3.320095825E-1,9.851912842E0,9.857917492E0
6.708720096E1,6.750961304E-2,3.490740967E-1,9.921817474E0,9.928185749E0
6.709723196E1,6.152206421E-2,3.315605164E-1,9.940528564E0,9.946246804E0
6.710726296E1,7.185058594E-2,3.189866638E-1,9.931846619E0,9.937227594E0
6.711729496E1,7.903564453E-2,2.930905151E-1,9.942025452E0,9.946658673E0
6.712732596E1,7.783813477E-2,2.722837830E-1,9.917177124E0,9.921219650E0
6.713735696E1,7.903564453E-2,2.450404358E-1,9.921967163E0,9.925307241E0
6.714738796E1,6.990463257E-2,2.281256104E-1,9.910441132E0,9.913312836E0
6.715741996E1,8.592132568E-2,2.227368164E-1,9.850116577E0,9.853009223E0
6.716745096E1,9.160949707E-2,2.303709412E-1,9.822573853E0,9.825702019E0
6.717748196E1,9.475296021E-2,2.212399292E-1,9.776918793E0,9.779880690E0
6.718751396E1,8.337661743E-2,2.303709412E-1,9.791288910E0,9.794353524E0
6.719754496E1,9.205856323E-2,2.245330811E-1,9.817634125E0,9.820632856E0
6.720757596E1,1.125659180E-1,2.068698120E-1,9.839488678E0,9.842306826E0
6.721760796E1,1.252894592E-1,2.225871277E-1,9.833501129E0,9.836817927E0
6.722763896E1,1.275347900E-1,2.171983337E-1,9.866881714E0,9.870095997E0
6.723766996E1,1.224453735E-1,2.451901245E-1,9.861492920E0,9.865300486E0
6.724770196E1,1.083746338E-1,2.570155334E-1,9.821376343E0,9.825336397E0
6.725773296E1,7.828720093E-2,3.002755737E-1,9.802665253E0,9.807575662E0
6.726776396E1,6.167175293E-2,3.095562744E-1,9.828262024E0,9.833329187E0
6.727779496E1,6.301895142E-2,3.109034729E-1,9.855655060E0,9.860759049E0
6.728782696E1,7.259902954E-2,3.019221497E-1,9.867330780E0,9.872215776E0
6.729785796E1,1.005908203E-1,2.836601257E-1,9.890532532E0,9.895110679E0
6.730788896E1,1.326242065E-1,2.592608643E-1,9.883646851E0,9.887936106E0
6.731792096E1,1.431024170E-1,2.498304749E-1,9.872869263E0,9.877066419E0
6.732795196E1,1.389111328E-1,2.389031982E-1,9.866282959E0,9.870152505E0
6.733798296E1,1.305285645E-1,2.480342102E-1,9.870923309E0,9.874901805E0
6.734801396E1,1.140628052E-1,2.649490356E-1,9.877958679E0,9.882169599E0
6.735804596E1,1.176553345E-1,2.680924988E-1,9.878557434E0,9.882894988E0
6.736807696E1,1.106199646E-1,2.680924988E-1,9.877958679E0,9.882215239E0
6.737810796E1,1.237925720E-1,2.797682190E-1,9.881700897E0,9.886435530E0
6.738813996E1,1.083746338E-1,2.695893860E-1,9.899813232E0,9.904076208E0
6.739817096E1,1.246907043E-1,2.752775574E-1,9.892328796E0,9.896943696E0
6.740820196E1,1.288819885E-1,2.785707092E-1,9.876012726E0,9.880781324E0
6.741823396E1,1.032852173E-1,2.790197754E-1,9.847721558E0,9.852214967E0
6.742826496E1,1.169068909E-1,2.573149109E-1,9.816137238E0,9.820205112E0
6.743829596E1,1.145118713E-1,2.534230042E-1,9.825717316E0,9.829651924E0
6.744832796E1,9.894424438E-2,2.293231201E-1,9.829309845E0,9.832482448E0
6.745835896E1,1.207987976E-1,1.995350647E-1,9.829010468E0,9.831777732E0
6.746838996E1,1.215472412E-1,1.883084106E-1,9.850565643E0,9.853115106E0
6.747842096E1,1.134640503E-1,1.895059204E-1,9.842482452E0,9.844960508E0
6.748845296E1,1.103205872E-1,1.715432739E-1,9.824819183E0,9.826935927E0
6.749848396E1,9.580078125E-2,1.781295776E-1,9.811496887E0,9.813581360E0
6.750851496E1,7.364685059E-2,1.824705505E-1,9.811197510E0,9.813170534E0
6.751854696E1,5.882766724E-2,1.926493835E-1,9.823022919E0,9.825087976E0
6.752857796E1,5.089416504E-2,2.095642090E-1,9.852810974E0,9.855170798E0
6.753860896E1,8.083190918E-2,2.381547546E-1,9.883796539E0,9.886995778E0
6.754864096E1,1.032852173E-1,2.782713318E-1,9.870773621E0,9.875235422E0
6.755867196E1,1.100212097E-1,3.384461975E-1,9.849068756E0,9.855496226E0
6.756870296E1,1.056802368E-1,3.489244080E-1,9.845027161E0,9.851775289E0
6.757873396E1,9.849517822E-2,3.339555359E-1,9.853559418E0,9.859708961E0
6.758876596E1,7.858657837E-2,3.254232788E-1,9.893975372E0,9.899637611E0
6.759879696E1,6.152206421E-2,2.766247559E-1,9.890682220E0,9.894741078E0
6.760882796E1,5.328918457E-2,2.600093079E-1,9.835896149E0,9.839476491E0
6.761885996E1,7.155120850E-2,2.308200073E-1,9.843679962E0,9.846645756E0
6.762889096E1,7.544311523E-2,2.152523804E-1,9.841284943E0,9.843927802E0
6.763892196E1,1.209484863E-1,1.974394226E-1,9.884095917E0,9.886807521E0
6.764895396E1,1.697470093E-1,1.791773987E-1,1.002540207E1,1.002843982E1
6.765898496E1,2.173480225E-1,1.800755310E-1,9.992470551E0,9.996456125E0
6.766901596E1,1.853146362E-1,1.791773987E-1,9.784103851E0,9.787498875E0
6.767904696E1,1.001417542E-1,1.919009399E-1,9.757908325E0,9.760308869E0
6.768907896E1,8.397537231E-2,2.083666992E-1,9.797875214E0,9.800450359E0
6.769910996E1,1.115180969E-1,2.210902405E-1,9.851613464E0,9.854725010E0
6.770914096E1,1.243913269E-1,2.282752991E-1,9.867330780E0,9.870754760E0
6.771917296E1,1.594184875E-1,2.392025757E-1,9.782906342E0,9.787128722E0
6.772920396E1,1.429527283E-1,2.740800476E-1,9.731563110E0,9.736471431E0
6.773923496E1,1.269360352E-1,2.884501648E-1,9.770482178E0,9.775563321E0
6.774926696E1,1.149609375E-1,3.153941345E-1,9.817783813E0,9.823521186E0
6.775929796E1,8.951385498E-2,3.242257690E-1,9.909243622E0,9.914950541E0
6.776932896E1,9.370513916E-2,3.327580261E-1,9.947713623E0,9.953718646E0
6.777936004E1,1.110690308E-1,3.312611389E-1,9.943522339E0,9.949658626E0
6.778939204E1,1.234931946E-1,3.082090759E-1,9.946965179E0,9.952505196E0
6.779942304E1,1.321751404E-1,2.745291138E-1,9.933493195E0,9.938164999E0
6.780945404E1,1.176553345E-1,2.492317200E-1,9.934840393E0,9.938662529E0
6.781948604E1,9.505233765E-2,1.995350647E-1,9.914482727E0,9.916945948E0
6.782951704E1,1.013392639E-1,1.939965820E-1,9.868677979E0,9.871104769E0
6.783954804E1,9.714797974E-2,1.917512512E-1,9.828711090E0,9.831061385E0
6.784958004E1,8.113128662E-2,1.901046753E-1,9.784103851E0,9.786286847E0
6.785961104E1,8.307723999E-2,2.173480225E-1,9.805659027E0,9.808419391E0
6.786964204E1,1.136137390E-1,2.186952209E-1,9.839937744E0,9.843023443E0
6.787967404E1,1.272354126E-1,2.058219910E-1,9.866282959E0,9.869249767E0
6.788970504E1,1.272354126E-1,1.977388000E-1,9.875713348E0,9.878512217E0
6.789973604E1,1.184037781E-1,2.200424194E-1,9.866282959E0,9.869446669E0
6.790976704E1,1.213975525E-1,2.171983337E-1,9.861941986E0,9.865080447E0
6.791979904E1,1.124162292E-1,2.441423035E-1,9.822723541E0,9.826400187E0
6.792983004E1,8.696914673E-2,2.655477905E-1,9.790989532E0,9.794976023E0
6.793986104E1,8.517288208E-2,2.686912537E-1,9.823322296E0,9.827365382E0
6.794989304E1,8.966354370E-2,2.817141724E-1,9.848170624E0,9.852607120E0
6.795992404E1,1.230441284E-1,2.728825378E-1,9.883347473E0,9.887879551E0
6.796995504E1,1.444496155E-1,2.544708252E-1,9.866881714E0,9.871219572E0
6.797998704E1,1.504371643E-1,2.519261169E-1,9.895921326E0,9.900270552E0
6.799001804E1,1.564247131E-1,2.402503967E-1,9.902208252E0,9.906357414E0
6.800004904E1,1.619631958E-1,2.402503967E-1,9.891879730E0,9.896122318E0
6.801008004E1,1.688488770E-1,2.555186462E-1,9.897268524E0,9.902006057E0
6.802011204E1,1.571731567E-1,2.682421875E-1,9.881551208E0,9.886440793E0
6.803014304E1,1.588197327E-1,2.833607483E-1,9.878856812E0,9.884195917E0
6.804017404E1,1.471440125E-1,2.838098145E-1,9.877359924E0,9.882531986E0
6.805020604E1,1.529818726E-1,2.888992310E-1,9.895322571E0,9.900720933E0
6.806023704E1,1.555265808E-1,2.899470520E-1,9.895771637E0,9.901240028E0
6.807026804E1,1.356179810E-1,2.897973633E-1,9.875264282E0,9.880446315E0
6.808030004E1,1.221459961E-1,2.736309814E-1,9.849068756E0,9.853626181E0
6.809033104E1,1.083746338E-1,2.656974792E-1,9.829309845E0,9.833497457E0
6.810036204E1,9.550140381E-2,2.471360779E-1,9.807155914E0,9.810734116E0
6.811039304E1,9.325607300E-2,2.276765442E-1,9.821226654E0,9.824307930E0
6.812042504E1,1.098715210E-1,1.987866211E-1,9.820927277E0,9.823553351E0
6.813045604E1,1.353186035E-1,1.812730408E-1,9.846224670E0,9.848822838E0
6.814048704E1,1.377136230E-1,1.754351807E-1,9.854457550E0,9.856981087E0
6.815051904E1,1.636097717E-1,1.766326904E-1,9.842033386E0,9.844977828E0
6.816055004E1,1.643582153E-1,1.803749084E-1,9.827214203E0,9.830243523E0
6.817058104E1,1.456471252E-1,1.887574768E-1,9.796977081E0,9.799877673E0
6.818061304E1,1.185534668E-1,1.832189941E-1,9.810598755E0,9.813025632E0
6.819064404E1,1.010398865E-1,2.020797729E-1,9.834998016E0,9.837592758E0
6.820067504E1,9.160949707E-2,2.125579834E-1,9.873168640E0,9.875881338E0
6.821070704E1,1.154100037E-1,2.460882568E-1,9.883497162E0,9.887233943E0
6.822073804E1,1.366658020E-1,2.856060791E-1,9.886490936E0,9.891559604E0
6.823076904E1,1.428030396E-1,3.124003601E-1,9.884544983E0,9.890511423E0
6.824080004E1,1.260379028E-1,3.394940186E-1,9.855804749E0,9.862455525E0
6.825083204E1,1.122665405E-1,3.275189209E-1,9.858050079E0,9.864128131E0
6.826086304E1,1.101708984E-1,3.013233948E-1,9.886041870E0,9.891246497E0
6.827089404E1,1.109193420E-1,2.760260010E-1,9.868827667E0,9.873310133E0
6.828092604E1,1.107696533E-1,2.644999695E-1,9.844578094E0,9.848753627E0
6.829095704E1,1.215472412E-1,2.603086853E-1,9.828561401E0,9.832759204E0
6.830098804E1,1.317260742E-1,2.529739380E-1,9.830956421E0,9.835092868E0
6.831102004E1,1.502874756E-1,2.474354553E-1,9.864337006E0,9.868584255E0
6.832105104E1,1.806742859E-1,2.335144043E-1,9.949659576E0,9.954039274E0
6.833108204E1,2.315684509E-1,2.068698120E-1,1.000489471E1,1.000971215E1
6.834111304E1,2.097138977E-1,2.022294617E-1,9.844428406E0,9.848738361E0
6.835114504E1,1.510359192E-1,1.808239746E-1,9.748028870E0,9.750875653E0
6.836117604E1,1.142124939E-1,2.056723022E-1,9.779762878E0,9.782592067E0
6.837120704E1,1.284329224E-1,2.071691895E-1,9.827064514E0,9.830087032E0
6.838123904E1,1.387614441E-1,1.962419128E-1,9.851463776E0,9.854395169E0
6.839127004E1,1.636097717E-1,2.326162720E-1,9.807305603E0,9.811428116E0
6.840130104E1,1.725910950E-1,2.573149109E-1,9.728719025E0,9.733651551E0
6.841133304E1,1.505868530E-1,3.107537842E-1,9.743687897E0,9.749805031E0
6.842136404E1,1.523831177E-1,3.423381042E-1,9.826465759E0,9.833607950E0
6.843139504E1,1.634600830E-1,3.513194275E-1,9.890831909E0,9.898419086E0
6.844142704E1,1.682501221E-1,3.273692322E-1,9.927954712E0,9.934775462E0
6.845145804E1,1.799258423E-1,3.311114502E-1,9.959988098E0,9.967114478E0
6.846148904E1,1.604663086E-1,2.972817993E-1,9.968071289E0,9.973794219E0
6.847152004E1,1.429527283E-1,2.573149109E-1,9.958191833E0,9.962541395E0
6.848155204E1,1.257385254E-1,2.326162720E-1,9.949958954E0,9.953471941E0
6.849158304E1,1.083746338E-1,2.287243652E-1,9.895172882E0,9.898409279E0
6.850161404E1,1.302291870E-1,2.263293457E-1,9.835896149E0,9.839361649E0
6.851164604E1,1.486408997E-1,2.290237427E-1,9.793085175E0,9.796890488E0
6.852167704E1,1.426533508E-1,2.450404358E-1,9.772727509E0,9.776839865E0
6.853170804E1,1.585203552E-1,2.408491516E-1,9.792636108E0,9.796880063E0
6.854174004E1,1.562750244E-1,2.314187622E-1,9.829010468E0,9.832976319E0
6.855177104E1,1.669029236E-1,2.281256104E-1,9.874066772E0,9.878111789E0
6.856180204E1,1.727407837E-1,2.366578674E-1,9.876910858E0,9.881255711E0
6.857183304E1,1.675016785E-1,2.299218750E-1,9.886341248E0,9.890432960E0
6.858186504E1,1.800755310E-1,2.311193848E-1,9.866282959E0,9.870632340E0
6.859189604E1,1.697470093E-1,2.594105530E-1,9.855056305E0,9.859931169E0
6.860192704E1,1.772314453E-1,2.799179077E-1,9.801617432E0,9.807215165E0
6.861195904E1,1.459465027E-1,3.001258850E-1,9.809401245E0,9.815076603E0
6.862199004E1,1.245410156E-1,3.156935120E-1,9.830058289E0,9.835914742E0
6.863202104E1,1.442999268E-1,3.107537842E-1,9.864187317E0,9.870135856E0
6.864205304E1,2.056723022E-1,2.950364685E-1,9.870324554E0,9.876874730E0
6.865208404E1,2.044747925E-1,2.797682190E-1,9.853110352E0,9.859201986E0
6.866211504E1,1.881587219E-1,2.589614868E-1,9.869875488E0,9.875064907E0
6.867214704E1,1.944456482E-1,2.528242493E-1,9.867929535E0,9.873082726E0
6.868217804E1,1.715432739E-1,2.667453003E-1,9.887688446E0,9.892773269E0
6.869220904E1,1.619631958E-1,2.742297363E-1,9.892777863E0,9.897903205E0
6.870224004E1,1.661544800E-1,2.995271301E-1,9.883796539E0,9.889729918E0
6.871227204E1,1.935475159E-1,2.965333557E-1,9.883197784E0,9.889539480E0
6.872230304E1,2.064207458E-1,3.031196594E-1,9.896071014E0,9.902863857E0
6.873233404E1,2.112107849E-1,3.013233948E-1,9.899962921E0,9.906799262E0
6.874236604E1,1.944456482E-1,3.008743286E-1,9.896819458E0,9.903300958E0
6.875239704E1,1.667532349E-1,2.880010986E-1,9.849817200E0,9.855437593E0
6.876242804E1,1.468446350E-1,2.785707092E-1,9.807904358E0,9.812958416E0
6.877246004E1,1.420545959E-1,2.749781799E-1,9.805060272E0,9.809943907E0
6.878249129E1,1.228944397E-1,2.415975952E-1,9.792037354E0,9.795788277E0
6.879252229E1,1.239422607E-1,2.192939758E-1,9.827962646E0,9.831190229E0
6.880255329E1,1.543290710E-1,1.851649475E-1,9.863738251E0,9.866683120E0
6.881258529E1,1.642085266E-1,1.904040527E-1,9.893226929E0,9.896421434E0
6.882261629E1,1.698966980E-1,2.031275940E-1,9.877509613E0,9.881058742E0
6.883264729E1,1.803749084E-1,1.956431580E-1,9.890682220E0,9.894261273E0
6.884267929E1,1.718426514E-1,2.032772827E-1,9.842632141E0,9.846230701E0
6.885271029E1,1.598675537E-1,2.317181396E-1,9.819280701E0,9.823315347E0
6.886274129E1,1.365161133E-1,2.478845215E-1,9.837542725E0,9.841612177E0
6.887277329E1,1.568737793E-1,2.519261169E-1,9.856702881E0,9.861169699E0
6.888280429E1,1.586700439E-1,2.829116821E-1,9.884694672E0,9.890015367E0
6.889283529E1,1.746867371E-1,3.180885315E-1,9.857900391E0,9.864577836E0
6.890286729E1,1.802252197E-1,3.457809448E-1,9.830956421E0,9.838686383E0
6.891289829E1,1.721420288E-1,3.591032410E-1,9.832153931E0,9.840215391E0
6.892292929E1,1.487905884E-1,3.417393494E-1,9.825417938E0,9.832485041E0
6.893296029E1,1.327738953E-1,3.345542908E-1,9.855505371E0,9.862075928E0
6.894299229E1,1.429527283E-1,2.986289978E-1,9.908046112E0,9.913576172E0
6.895302329E1,1.580712891E-1,2.764750671E-1,9.907147980E0,9.912265437E0
6.896305429E1,1.799258423E-1,2.820135498E-1,9.875264282E0,9.880928580E0
6.897308629E1,2.032772827E-1,2.851570129E-1,9.851014709E0,9.857237290E0
6.898311729E1,2.116598511E-1,2.853067017E-1,9.844129028E0,9.850536845E0
6.899314829E1,2.086660767E-1,2.598596191E-1,9.862391052E0,9.868020360E0
6.900318029E1,2.155517578E-1,2.438429260E-1,9.936486969E0,9.941815489E0
6.901321129E1,2.264790344E-1,2.106120300E-1,9.971065063E0,9.975860298E0
6.902324229E1,2.026785278E-1,2.112107849E-1,9.805958405E0,9.810326641E0
6.903327329E1,1.299298096E-1,2.119592285E-1,9.733509064E0,9.736683581E0
6.904330529E1,1.067280579E-1,2.076182556E-1,9.783804474E0,9.786589099E0
6.905333629E1,1.344204712E-1,2.094145203E-1,9.838590546E0,9.841737003E0
6.906336729E1,1.673519897E-1,2.035766602E-1,9.851314087E0,9.854838374E0
6.907339929E1,1.884580994E-1,2.439926147E-1,9.795929260E0,9.800779506E0
6.908343029E1,2.059716797E-1,2.990780640E-1,9.748777313E0,9.755538485E0
6.909346129E1,2.302212524E-1,3.661386108E-1,9.750274200E0,9.759862002E0
6.910349329E1,2.278262329E-1,4.117936707E-1,9.811646576E0,9.822926618E0
6.911352429E1,2.306703186E-1,4.219725037E-1,9.894424438E0,9.906104409E0
6.912355529E1,2.290237427E-1,3.990701294E-1,9.940229187E0,9.950872581E0
6.913358729E1,2.210902405E-1,3.752696228E-1,9.965077515E0,9.974591624E0
6.914361829E1,1.938468933E-1,3.391946411E-1,9.979747009E0,9.987391050E0
6.915364929E1,1.363664246E-1,2.874023438E-1,9.987680511E0,9.992745264E0
6.916368029E1,1.254391479E-1,2.368075562E-1,9.975406036E0,9.979004880E0
6.917371229E1,1.261875916E-1,2.329156494E-1,9.925410004E0,9.928944392E0
6.918374329E1,1.520837402E-1,2.510279846E-1,9.842931519E0,9.847306504E0
6.919377429E1,1.922003174E-1,2.791694641E-1,9.781110077E0,9.786980683E0
6.920380629E1,1.983375549E-1,2.950364685E-1,9.778265991E0,9.784726368E0
6.921383729E1,2.177970886E-1,3.126997375E-1,9.808652802E0,9.816052490E0
6.922386829E1,2.327659607E-1,3.204835510E-1,9.865684204E0,9.873632286E0
6.923390029E1,2.415975952E-1,2.748284912E-1,9.880204010E0,9.886977869E0
6.924393129E1,2.221380615E-1,2.484832764E-1,9.886490936E0,9.892107576E0
6.925396229E1,2.140548706E-1,2.496807861E-1,9.884395294E0,9.889865030E0
6.926399429E1,1.751358032E-1,2.589614868E-1,9.859846344E0,9.864801241E0
6.927402529E1,1.856140137E-1,2.779719543E-1,9.825417938E0,9.831101598E0
6.928405629E1,1.924996948E-1,3.141966248E-1,9.785750427E0,9.792685386E0
6.929408729E1,1.865121460E-1,3.418890381E-1,9.771679688E0,9.779437551E0
6.930411929E1,1.686991882E-1,3.650907898E-1,9.775272217E0,9.783542181E0
6.931415029E1,1.848655701E-1,3.823049927E-1,9.821076965E0,9.830253565E0
6.932418129E1,2.430944824E-1,3.478765869E-1,9.872120819E0,9.881238916E0
6.933421329E1,2.579136658E-1,3.161425781E-1,9.908794556E0,9.917190889E0
6.934424429E1,2.659968567E-1,2.965333557E-1,9.925110626E0,9.933101595E0
6.935427529E1,2.573149109E-1,2.957849121E-1,9.917326813E0,9.925072835E0
6.936430729E1,2.095642090E-1,3.038681030E-1,9.887239380E0,9.894127326E0
6.937433829E1,1.986369324E-1,3.212319946E-1,9.873617706E0,9.880838691E0
6.938436929E1,1.776805115E-1,3.486250305E-1,9.837692413E0,9.845471131E0
6.939440129E1,1.930984497E-1,3.573069763E-1,9.836195526E0,9.844577071E0
6.940443229E1,2.148033142E-1,3.664379883E-1,9.853260040E0,9.862410998E0
6.941446329E1,2.179467773E-1,3.634442139E-1,9.854457550E0,9.863565588E0
6.942449429E1,2.092648315E-1,3.469784546E-1,9.876461792E0,9.884770273E0
6.943452629E1,2.001338196E-1,3.336561584E-1,9.892029419E0,9.899678076E0
6.944455729E1,1.826202393E-1,3.035687256E-1,9.889035645E0,9.895379230E0
6.945458829E1,1.748364258E-1,2.953358459E-1,9.848919067E0,9.854897150E0
6.946462029E1,1.808239746E-1,2.736309814E-1,9.815538483E0,9.821016593E0
6.947465129E1,1.808239746E-1,2.592608643E-1,9.805060272E0,9.810153946E0
6.948468229E1,1.878593445E-1,2.371069336E-1,9.812694397E0,9.817356170E0
6.949471429E1,2.091151428E-1,2.489323425E-1,9.812844086E0,9.818228226E0
6.950474529E1,2.014810181E-1,2.588117981E-1,9.830956421E0,9.836426297E0
6.951477629E1,2.158511353E-1,2.715353394E-1,9.831555176E0,9.837672506E0
6.952480729E1,2.130070496E-1,2.722837830E-1,9.816137238E0,9.822222800E0
6.953483929E1,1.835183716E-1,2.668949890E-1,9.817185059E0,9.822526885E0
6.954487029E1,1.748364258E-1,2.650987244E-1,9.847422180E0,9.852541231E0
6.955490129E1,1.722917175E-1,2.731819153E-1,9.882299652E0,9.887576003E0
6.956493329E1,1.929487610E-1,2.998265076E-1,9.891879730E0,9.898303378E0
6.957496429E1,1.953437805E-1,3.453318787E-1,9.853858795E0,9.861842954E0
6.958499529E1,1.960922241E-1,3.594026184E-1,9.812844086E0,9.821381341E0
6.959502729E1,1.664538574E-1,3.665876770E-1,9.797276459E0,9.805545340E0
6.960505829E1,1.633103943E-1,3.326083374E-1,9.833501129E0,9.840479818E0
6.961508929E1,1.483415222E-1,3.125500488E-1,9.937834167E0,9.943854418E0
6.962512029E1,1.701960754E-1,3.070115662E-1,1.000818787E1,1.001434207E1
6.963515229E1,1.883084106E-1,3.360511780E-1,9.980794830E0,9.988225863E0
6.964518329E1,2.032772827E-1,3.797602844E-1,9.896370392E0,9.905740076E0
6.965521429E1,1.954934692E-1,3.959266663E-1,9.875563660E0,9.885430351E0
6.966524629E1,1.902543640E-1,3.763174438E-1,9.852062531E0,9.861082478E0
6.967527729E1,1.847158813E-1,3.188369751E-1,9.855056305E0,9.861942595E0
6.968530829E1,1.962419128E-1,2.576142883E-1,9.936337280E0,9.941613277E0
6.969534029E1,1.989363098E-1,2.182461548E-1,9.919272766E0,9.923667631E0
6.970537129E1,1.585203552E-1,1.957928467E-1,9.758507080E0,9.761758242E0
6.971540229E1,1.161584473E-1,2.031275940E-1,9.681118011E0,9.683945454E0
6.972543429E1,1.188528442E-1,2.139051819E-1,9.711804199E0,9.714886630E0
6.973546529E1,1.377136230E-1,2.043251038E-1,9.772428131E0,9.775534020E0
6.974549629E1,1.713935852E-1,2.083666992E-1,9.798623657E0,9.802337375E0
6.975552829E1,2.046244812E-1,2.145039368E-1,9.791737976E0,9.796224564E0
6.976555929E1,2.032772827E-1,2.386038208E-1,9.793983307E0,9.798998033E0
6.977559029E1,2.257305908E-1,2.897973633E-1,9.822424164E0,9.829290578E0
6.978562071E1,2.360591125E-1,3.363505554E-1,9.846673737E0,9.855244252E0
6.979565271E1,2.404000854E-1,3.421884155E-1,9.874665527E0,9.883516803E0
6.980568371E1,2.573149109E-1,3.469784546E-1,9.910441132E0,9.919851230E0
6.981571471E1,2.401007080E-1,3.001258850E-1,9.922116852E0,9.929558234E0
6.982574671E1,1.941462708E-1,2.592608643E-1,9.955198059E0,9.960465720E0
6.983577771E1,1.416055298E-1,2.025288391E-1,9.971364441E0,9.974426243E0
6.984580871E1,1.025367737E-1,1.615141296E-1,9.944570160E0,9.946410220E0
6.985584071E1,8.861572266E-2,1.558259583E-1,9.921817474E0,9.923436727E0
6.986587171E1,9.759704590E-2,1.686991882E-1,9.871971130E0,9.873894804E0
6.987590271E1,1.234931946E-1,1.956431580E-1,9.822723541E0,9.825447806E0
6.988593371E1,1.658551025E-1,2.336640930E-1,9.767488403E0,9.771690567E0
6.989596571E1,1.983375549E-1,2.588117981E-1,9.762099609E0,9.767543709E0
6.990599671E1,2.161505127E-1,2.793191528E-1,9.796228638E0,9.802593318E0
6.991602771E1,2.260299683E-1,2.827619934E-1,9.827663269E0,9.834328102E0
6.992605971E1,2.173480225E-1,2.746788025E-1,9.876162415E0,9.882371813E0
6.993609071E1,2.037263489E-1,2.887495422E-1,9.929301910E0,9.935588415E0
6.994612171E1,1.999841309E-1,2.755769348E-1,9.943372650E0,9.949200770E0
6.995615371E1,1.637594604E-1,2.850073242E-1,9.955796814E0,9.961221639E0
6.996618471E1,1.655557251E-1,2.836601257E-1,9.894873505E0,9.900322896E0
6.997621571E1,1.499880981E-1,3.180885315E-1,9.852960663E0,9.859234786E0
6.998624771E1,1.206491089E-1,3.339555359E-1,9.846823425E0,9.853223537E0
6.999627871E1,1.308279419E-1,3.095562744E-1,9.800419922E0,9.806180280E0
7.000630971E1,1.483415222E-1,2.668949890E-1,9.806257782E0,9.811010643E0
7.001634071E1,1.811233521E-1,2.315684509E-1,9.865085449E0,9.869465058E0
7.002637271E1,2.128573608E-1,2.035766602E-1,9.872120819E0,9.876513615E0
7.003640371E1,2.098635864E-1,1.568737793E-1,9.863139496E0,9.866619118E0
7.004643471E1,1.812730408E-1,1.460961914E-1,9.862690430E0,9.865437979E0
7.005646671E1,1.561253357E-1,1.502874756E-1,9.857002258E0,9.859384107E0
7.006649771E1,1.487905884E-1,1.661544800E-1,9.843380585E0,9.845907134E0
7.007652871E1,1.622625732E-1,1.945953369E-1,9.834548950E0,9.837812234E0
7.008656071E1,1.779798889E-1,2.321672058E-1,9.831555176E0,9.835906447E0
7.009659171E1,1.676513672E-1,2.576142883E-1,9.822573853E0,9.827381604E0
7.010662271E1,1.630110168E-1,2.634521484E-1,9.811945953E0,9.816835693E0
7.011665471E1,1.541793823E-1,2.478845215E-1,9.830207977E0,9.834541519E0
7.012668571E1,1.481918335E-1,2.323168945E-1,9.842781830E0,9.846638315E0
7.013671671E1,1.392105103E-1,2.017803955E-1,9.839638367E0,9.842691608E0
7.014674771E1,1.603166199E-1,1.862127686E-1,9.891580353E0,9.894631802E0
7.015677971E1,1.776805115E-1,1.561253357E-1,9.899663544E0,9.902488766E0
7.016681071E1,1.737886047E-1,1.553768921E-1,9.877509613E0,9.880260149E0
7.017684171E1,1.782792664E-1,1.670526123E-1,9.825268250E0,9.828305360E0
7.018687371E1,1.652563477E-1,1.683998108E-1,9.803413696E0,9.806252508E0
7.019690471E1,1.742376709E-1,2.022294617E-1,9.801467743E0,9.805102011E0
7.020693571E1,1.618135071E-1,2.086660767E-1,9.819580078E0,9.823129748E0
7.021696771E1,1.534309387E-1,2.261796570E-1,9.839638367E0,9.843433419E0
7.022699871E1,1.405577087E-1,2.170486450E-1,9.855056305E0,9.858448223E0
7.023702971E1,1.396595764E-1,2.179467773E-1,9.894424438E0,9.897809887E0
7.024706171E1,1.591191101E-1,2.258802795E-1,9.933942261E0,9.937783940E0
7.025709271E1,1.689985657E-1,2.466870117E-1,9.923464050E0,9.927968259E0
7.026712371E1,1.661544800E-1,2.730322266E-1,9.882000275E0,9.887167609E0
7.027715471E1,1.498384094E-1,2.793191528E-1,9.854158173E0,9.859254740E0
7.028718671E1,1.549278259E-1,2.700384521E-1,9.814939728E0,9.819876031E0
7.029721771E1,1.240919495E-1,2.381547546E-1,9.801767120E0,9.805445180E0
7.030724871E1,1.245410156E-1,2.314187622E-1,9.811796265E0,9.815315127E0
7.031728071E1,1.354682922E-1,2.219883728E-1,9.823172607E0,9.826614400E0
7.032731171E1,1.374142456E-1,2.183958435E-1,9.801467743E0,9.804863555E0
7.033734271E1,1.323248291E-1,1.881587219E-1,9.776320038E0,9.779025874E0
7.034737471E1,1.601669312E-1,2.013313293E-1,9.788145447E0,9.791525879E0
7.035740571E1,1.966909790E-1,1.865121460E-1,9.858349457E0,9.862075245E0
7.036743671E1,2.269281006E-1,1.775308228E-1,9.914632416E0,9.918817949E0
7.037746871E1,2.357597351E-1,1.700463867E-1,9.879455566E0,9.883731113E0
7.038749971E1,1.896556091E-1,1.718426514E-1,9.753417664E0,9.756774839E0
7.039753071E1,1.287322998E-1,1.603166199E-1,9.685159607E0,9.687341742E0
7.040756171E1,1.422042847E-1,1.309776306E-1,9.747729492E0,9.749646530E0
7.041759371E1,1.618135071E-1,1.007405090E-1,9.861343231E0,9.863185215E0
7.042762471E1,1.901046753E-1,9.116043091E-2,9.913734283E0,9.915975870E0
7.043765571E1,1.848655701E-1,1.166075134E-1,9.923164673E0,9.925571506E0
7.044768771E1,1.847158813E-1,2.101629639E-1,9.889035645E0,9.892993198E0
7.045771871E1,1.832189941E-1,3.140469360E-1,9.844877472E0,9.851589065E0
7.046774971E1,1.854643250E-1,3.891906738E-1,9.817634125E0,9.827095512E0
7.047778171E1,2.242337036E-1,4.439767456E-1,9.786349182E0,9.798980887E0
7.048781271E1,2.576142883E-1,4.734654236E-1,9.824220428E0,9.838995968E0
7.049784371E1,2.465373230E-1,4.490661621E-1,9.884994049E0,9.898259868E0
7.050787571E1,2.134561157E-1,3.975732422E-1,9.967023468E0,9.977233324E0
7.051790671E1,1.681004333E-1,3.324586487E-1,1.001297791E1,1.001990584E1
7.052793771E1,1.401086426E-1,2.594105530E-1,1.001552261E1,1.001986115E1
7.053796871E1,1.315763855E-1,2.149530029E-1,9.984537048E0,9.987717317E0
7.054800071E1,1.330732727E-1,2.131567383E-1,9.921069031E0,9.924250854E0
7.055803171E1,1.700463867E-1,2.335144043E-1,9.883946228E0,9.888166553E0
7.056806271E1,1.945953369E-1,2.772235107E-1,9.816286926E0,9.822128549E0
7.057809471E1,2.242337036E-1,2.941383362E-1,9.726324005E0,9.733353829E0
7.058812571E1,2.236349487E-1,2.903961182E-1,9.708211670E0,9.715128220E0
7.059815671E1,2.435435486E-1,2.746788025E-1,9.773176575E0,9.780068623E0
7.060818871E1,2.441423035E-1,2.552192688E-1,9.830207977E0,9.836550778E0
7.061821971E1,2.302212524E-1,2.369572449E-1,9.915829926E0,9.921332253E0
7.062825071E1,2.371069336E-1,2.496807861E-1,9.936786346E0,9.942750278E0
7.063828271E1,2.321672058E-1,2.763253784E-1,9.932295685E0,9.938850784E0
7.064831371E1,2.022294617E-1,2.932402039E-1,9.853709106E0,9.860145523E0
7.065834471E1,1.878593445E-1,3.312611389E-1,9.809850311E0,9.817239337E0
7.066837671E1,1.752854919E-1,3.263214111E-1,9.841434631E0,9.848403235E0
7.067840771E1,2.035766602E-1,3.242257690E-1,9.910590820E0,9.917982467E0
7.068843871E1,2.549198914E-1,2.874023438E-1,9.913734283E0,9.921174915E0
7.069846971E1,2.637515259E-1,2.625540161E-1,9.886191559E0,9.893193772E0
7.070850171E1,2.430944824E-1,2.571652222E-1,9.825118561E0,9.831489389E0
7.071853271E1,2.209405518E-1,2.399510193E-1,9.825417938E0,9.830830528E0
7.072856371E1,1.821711731E-1,2.212399292E-1,9.869725800E0,9.873885800E0
7.073859571E1,1.880090332E-1,2.359094238E-1,9.898915100E0,9.903510530E0
7.074862671E1,2.191442871E-1,2.680924988E-1,9.870923309E0,9.876994724E0
7.075865771E1,2.386038208E-1,3.209326172E-1,9.855205994E0,9.863316618E0
7.076868971E1,2.395019531E-1,3.698808289E-1,9.855205994E0,9.865052366E0
7.077872071E1,2.490820312E-1,3.634442139E-1,9.851463776E0,9.861311884E0
7.078875196E1,2.074685669E-1,3.393443298E-1,9.882449341E0,9.890450078E0
7.079878396E1,1.811233521E-1,3.183879089E-1,9.906848602E0,9.913618197E0
7.080881496E1,1.760339355E-1,2.984793091E-1,9.899962921E0,9.906025625E0
7.081884596E1,1.778302002E-1,2.935395813E-1,9.854756927E0,9.860731371E0
7.082887696E1,1.740879822E-1,2.854563904E-1,9.824819183E0,9.830506801E0
7.083890896E1,2.086660767E-1,2.860551453E-1,9.833650818E0,9.840023246E0
7.084893996E1,2.338137817E-1,2.719844055E-1,9.838740234E0,9.845275710E0
7.085897096E1,2.296224976E-1,2.531236267E-1,9.826465759E0,9.832406998E0
7.086900296E1,2.025288391E-1,2.414479065E-1,9.820178833E0,9.825234213E0
7.087903396E1,1.770817566E-1,2.239343262E-1,9.834998016E0,9.839140741E0
7.088906496E1,1.767823792E-1,2.133064270E-1,9.871372375E0,9.875259197E0
7.089909696E1,1.954934692E-1,2.204914856E-1,9.898016968E0,9.902402440E0
7.090912796E1,2.249821472E-1,2.528242493E-1,9.881102142E0,9.886896207E0
7.091915896E1,2.192939758E-1,3.050656128E-1,9.821675720E0,9.828858979E0
7.092919096E1,2.113604736E-1,3.115022278E-1,9.817035370E0,9.824250116E0
7.093922196E1,1.779798889E-1,3.047662354E-1,9.804012451E0,9.810362860E0
7.094925296E1,1.468446350E-1,2.891986084E-1,9.843979340E0,9.849321216E0
7.095928496E1,1.544787598E-1,2.868035889E-1,9.870324554E0,9.875698800E0
7.096931596E1,1.648072815E-1,2.766247559E-1,9.890233154E0,9.895473437E0
7.097934696E1,1.757345581E-1,2.869532776E-1,9.870324554E0,9.876058507E0
7.098937796E1,1.954934692E-1,2.823129272E-1,9.878407745E0,9.884374430E0
7.099940996E1,2.270777893E-1,2.850073242E-1,9.882299652E0,9.889016125E0
7.100944096E1,2.722837830E-1,2.802172852E-1,9.890682220E0,9.898396586E0
7.101947196E1,2.832110596E-1,2.586621094E-1,9.956096191E0,9.963481619E0
7.102950396E1,2.577639771E-1,2.453398132E-1,9.862840118E0,9.869257778E0
7.103953496E1,2.029779053E-1,2.222877502E-1,9.735455017E0,9.740107610E0
7.104956596E1,1.469943237E-1,1.950444031E-1,9.776619415E0,9.779669567E0
7.105959796E1,1.519340515E-1,1.916015625E-1,9.838141479E0,9.841179954E0
7.106962896E1,1.866618347E-1,1.802252197E-1,9.874815216E0,9.878223490E0
7.107965996E1,2.035766602E-1,2.210902405E-1,9.849517822E0,9.854101972E0
7.108969196E1,2.432441711E-1,2.859054565E-1,9.803563385E0,9.810747408E0
7.109972296E1,2.426454163E-1,3.588038635E-1,9.772428131E0,9.782022725E0
7.110975396E1,2.586621094E-1,4.080514526E-1,9.812993774E0,9.824879587E0
7.111978496E1,2.553689575E-1,4.303550720E-1,9.864935760E0,9.877619974E0
7.112981696E1,2.457888794E-1,4.258644104E-1,9.889484711E0,9.901700890E0
7.113984796E1,2.261796570E-1,3.959266663E-1,9.917326813E0,9.927803698E0
7.114987896E1,2.089654541E-1,3.390449524E-1,9.926757202E0,9.934743408E0
7.115991096E1,1.568737793E-1,2.677931213E-1,9.950857086E0,9.955695821E0
7.116994196E1,1.225950623E-1,2.213896179E-1,9.976304169E0,9.979513404E0
7.117997296E1,1.213975525E-1,1.898052979E-1,9.935888214E0,9.938442434E0
7.119000496E1,1.640588379E-1,2.029779053E-1,9.869426422E0,9.872876644E0
7.120003596E1,2.055226135E-1,2.320175171E-1,9.815089417E0,9.819982277E0
7.121006696E1,2.457888794E-1,2.279759216E-1,9.785600739E0,9.791341430E0
7.122009896E1,2.893482971E-1,2.341131592E-1,9.794582062E0,9.801651349E0
7.123012996E1,2.814147949E-1,2.483335876E-1,9.840386810E0,9.847541644E0
7.124016096E1,2.592608643E-1,2.580633545E-1,9.867031403E0,9.873809882E0
7.125019196E1,2.386038208E-1,2.561174011E-1,9.875114594E0,9.881316519E0
7.126022396E1,2.040257263E-1,2.475851440E-1,9.873468018E0,9.878678839E0
7.127025496E1,1.784289551E-1,2.749781799E-1,9.864486694E0,9.869931491E0
7.128028596E1,1.746867371E-1,2.824626160E-1,9.839937744E0,9.845540889E0
7.129031796E1,1.676513672E-1,2.883004761E-1,9.802216187E0,9.807887964E0
7.130034896E1,1.624122620E-1,3.231779480E-1,9.776918793E0,9.783606840E0
7.131037996E1,1.794767761E-1,3.544628906E-1,9.797725525E0,9.805777956E0
7.132041196E1,2.013313293E-1,3.505709839E-1,9.834698639E0,9.843004198E0
7.133044296E1,2.445913696E-1,3.287164307E-1,9.864786072E0,9.873291431E0
7.134047396E1,2.634521484E-1,2.962339783E-1,9.927056580E0,9.934969247E0
7.135050596E1,2.571652222E-1,2.945874023E-1,9.893526306E0,9.901251358E0
7.136053696E1,2.269281006E-1,2.553689575E-1,9.868528290E0,9.874439745E0
7.137056796E1,1.862127686E-1,2.516267395E-1,9.866732025E0,9.871696514E0
7.138059996E1,1.630110168E-1,2.583627319E-1,9.858798523E0,9.863530413E0
7.139063096E1,1.854643250E-1,2.653981018E-1,9.858948212E0,9.864263430E0
7.140066196E1,2.203417969E-1,3.113525391E-1,9.854607239E0,9.861986349E0
7.141069296E1,2.405497742E-1,3.435356140E-1,9.862840118E0,9.871752434E0
7.142072496E1,2.474354553E-1,3.333567810E-1,9.878108368E0,9.886828408E0
7.143075596E1,2.291734314E-1,3.242257690E-1,9.908046112E0,9.915998213E0
7.144078696E1,1.866618347E-1,2.877017212E-1,9.901160431E0,9.907098102E0
7.145081896E1,1.639091492E-1,2.766247559E-1,9.862989807E0,9.868229598E0
7.146084996E1,1.567240906E-1,2.332150269E-1,9.839488678E0,9.843499842E0
7.147088096E1,1.595681763E-1,2.227368164E-1,9.809401245E0,9.813227119E0
7.148091296E1,1.886077881E-1,1.962419128E-1,9.811347198E0,9.815121886E0
7.149094396E1,2.139051819E-1,1.923500061E-1,9.828711090E0,9.832919996E0
7.150097496E1,2.368075562E-1,2.213896179E-1,9.842332764E0,9.847670050E0
7.151100696E1,2.576142883E-1,2.336640930E-1,9.855954437E0,9.862089124E0
7.152103796E1,2.299218750E-1,2.609074402E-1,9.852511597E0,9.858647043E0
7.153106896E1,2.013313293E-1,2.369572449E-1,9.819430389E0,9.824352203E0
7.154110096E1,1.648072815E-1,2.239343262E-1,9.824819183E0,9.828752719E0
7.155113196E1,1.426533508E-1,2.535726929E-1,9.876162415E0,9.880447011E0
7.156116296E1,1.597178650E-1,2.758763123E-1,9.899663544E0,9.904794587E0
7.157119396E1,2.028282166E-1,3.034190369E-1,9.882748718E0,9.889485559E0
7.158122596E1,2.097138977E-1,3.511697388E-1,9.835447083E0,9.843948365E0
7.159125696E1,1.953437805E-1,3.755690002E-1,9.798174591E0,9.807315463E0
7.160128796E1,1.755848694E-1,3.664379883E-1,9.806407471E0,9.814822175E0
7.161131996E1,1.627116394E-1,3.450325012E-1,9.866732025E0,9.874103674E0
7.162135096E1,1.730401611E-1,3.246748352E-1,9.903555450E0,9.910386834E0
7.163138196E1,1.963916016E-1,3.097059631E-1,9.915979614E0,9.922758646E0
7.164141396E1,2.170486450E-1,2.962339783E-1,9.879605255E0,9.886428308E0
7.165144496E1,2.207908630E-1,2.739303589E-1,9.856553192E0,9.862830591E0
7.166147596E1,2.233355713E-1,2.430944824E-1,9.830507355E0,9.836048422E0
7.167150796E1,2.188449097E-1,2.535726929E-1,9.875264282E0,9.880943115E0
7.168153896E1,2.465373230E-1,2.112107849E-1,9.957593079E0,9.962883647E0
7.169156996E1,2.761756897E-1,2.125579834E-1,9.925559692E0,9.931676048E0
7.170160096E1,2.112107849E-1,2.086660767E-1,9.745484161E0,9.750005798E0
7.171163296E1,1.342707825E-1,2.154020691E-1,9.733808441E0,9.737117308E0
7.172166396E1,1.669029236E-1,2.125579834E-1,9.810748444E0,9.814470057E0
7.173169496E1,1.942959595E-1,2.118095398E-1,9.886041870E0,9.890219313E0
7.174172696E1,1.954934692E-1,2.195933533E-1,9.866432648E0,9.870812131E0
7.175175796E1,2.239343262E-1,2.700384521E-1,9.776918793E0,9.783210538E0
7.176178896E1,2.200424194E-1,3.281176758E-1,9.726324005E0,9.734344278E0
7.177182096E1,2.038760376E-1,3.733236694E-1,9.751471710E0,9.760744670E0
7.178185217E1,1.911524963E-1,3.962260437E-1,9.820478210E0,9.830326884E0
7.179188317E1,2.067201233E-1,4.070036316E-1,9.880353699E0,9.890893508E0
7.180191517E1,2.330653381E-1,4.074526978E-1,9.934241638E0,9.945325237E0
7.181194617E1,2.424957275E-1,3.805087280E-1,9.986932068E0,9.997119745E0
7.182197717E1,2.167492676E-1,3.255729675E-1,1.001492386E1,1.002255845E1
7.183200917E1,1.862127686E-1,2.805166626E-1,1.000773880E1,1.001340105E1
7.184204017E1,1.570234680E-1,2.510279846E-1,9.960137787E0,9.964537930E0
7.185207117E1,1.499880981E-1,2.216889954E-1,9.876012726E0,9.879639153E0
7.186210217E1,1.445993042E-1,2.444416809E-1,9.807006226E0,9.811117765E0
7.187213417E1,1.907034302E-1,2.606080627E-1,9.782457275E0,9.787785996E0
7.188216517E1,2.203417969E-1,2.779719543E-1,9.790091400E0,9.796515122E0
7.189219617E1,2.450404358E-1,2.598596191E-1,9.839189301E0,9.845670009E0
7.190222817E1,2.537223816E-1,2.671943665E-1,9.871671753E0,9.878546000E0
7.191225917E1,2.716850281E-1,2.773731995E-1,9.876012726E0,9.883641839E0
7.192229017E1,2.404000854E-1,2.685415649E-1,9.876162415E0,9.882737010E0
7.193232217E1,2.272274780E-1,2.631527710E-1,9.864187317E0,9.870312717E0
7.194235317E1,2.011816406E-1,2.894979858E-1,9.836045837E0,9.842361549E0
7.195238417E1,1.880090332E-1,2.926414490E-1,9.812844086E0,9.819006847E0
7.196241617E1,1.734892273E-1,3.159928894E-1,9.764195251E0,9.770847401E0
7.197244717E1,1.679507446E-1,3.411405945E-1,9.803713074E0,9.811084262E0
7.198247817E1,1.821711731E-1,3.516188049E-1,9.831555176E0,9.839527392E0
7.199251017E1,2.192939758E-1,3.391946411E-1,9.845775604E0,9.854057038E0
7.200254117E1,2.646496582E-1,3.168910217E-1,9.918224945E0,9.926814465E0
7.201257217E1,2.796185303E-1,2.998265076E-1,9.934241638E0,9.942697792E0
7.202260317E1,2.656974792E-1,2.905458069E-1,9.871372375E0,9.879220849E0
7.203263517E1,2.348616028E-1,2.875520325E-1,9.833501129E0,9.840507639E0
7.204266617E1,2.119592285E-1,2.739303589E-1,9.857151947E0,9.863235223E0
7.205269717E1,1.916015625E-1,2.908451843E-1,9.869276733E0,9.875420260E0
7.206272917E1,1.963916016E-1,3.119512939E-1,9.873767395E0,9.880646024E0
7.207276017E1,2.028282166E-1,3.414399719E-1,9.869426422E0,9.877413550E0
7.208279117E1,2.341131592E-1,3.549119568E-1,9.875863037E0,9.885010986E0
7.209282317E1,2.177970886E-1,3.611988831E-1,9.884694672E0,9.893689350E0
7.210285417E1,2.146536255E-1,3.471281433E-1,9.883497162E0,9.891920454E0
7.211288517E1,2.050735474E-1,3.291654968E-1,9.886640625E0,9.894244182E0
7.212291717E1,1.971400452E-1,3.055146790E-1,9.852661285E0,9.859368023E0
7.213294817E1,1.719923401E-1,2.757266235E-1,9.805958405E0,9.811341741E0
7.214297917E1,1.716929626E-1,2.588117981E-1,9.801168365E0,9.806088076E0
7.215301017E1,1.874102783E-1,2.329156494E-1,9.812844086E0,9.817396873E0
7.216304217E1,2.011816406E-1,2.260299683E-1,9.838141479E0,9.842793880E0
7.217307317E1,2.168989563E-1,2.372566223E-1,9.853110352E0,9.858352776E0
7.218310417E1,2.137554932E-1,2.442919922E-1,9.853858795E0,9.859203981E0
7.219313617E1,2.326162720E-1,2.550695801E-1,9.854307861E0,9.860352643E0
7.220316717E1,2.239343262E-1,2.721340942E-1,9.848619690E0,9.854923305E0
7.221319817E1,2.074685669E-1,2.707868958E-1,9.851463776E0,9.857368172E0
7.222323017E1,1.755848694E-1,2.791694641E-1,9.848769379E0,9.854289620E0
7.223326117E1,1.763333130E-1,2.900967407E-1,9.836794281E0,9.842650623E0
7.224329217E1,1.908531189E-1,3.071612549E-1,9.856852570E0,9.863483945E0
7.225332417E1,1.692979431E-1,3.132984924E-1,9.841434631E0,9.847875575E0
7.226335517E1,1.730401611E-1,3.300636292E-1,9.852960663E0,9.860006020E0
7.227338617E1,1.972897339E-1,3.281176758E-1,9.874515839E0,9.881935412E0
7.228341817E1,2.125579834E-1,3.156935120E-1,9.870324554E0,9.877659141E0
7.229344917E1,1.986369324E-1,3.221301270E-1,9.861343231E0,9.868602473E0
7.230348017E1,1.995350647E-1,3.162922668E-1,9.858050079E0,9.865140972E0
7.231351117E1,1.998344421E-1,3.212319946E-1,9.869426422E0,9.876674628E0
7.232354317E1,1.971400452E-1,3.194357300E-1,9.890233154E0,9.897353951E0
7.233357417E1,2.154020691E-1,3.248245239E-1,9.879904633E0,9.887589422E0
7.234360517E1,2.288740540E-1,3.484753418E-1,9.830357666E0,9.839194593E0
7.235363717E1,2.216889954E-1,3.445834351E-1,9.807604980E0,9.816160105E0
7.236366817E1,2.112107849E-1,3.210823059E-1,9.799821167E0,9.807354319E0
7.237369917E1,1.963916016E-1,2.942880249E-1,9.835447083E0,9.841808493E0
7.238373117E1,2.035766602E-1,2.770738220E-1,9.858948212E0,9.864941622E0
7.239376217E1,2.122586060E-1,2.680924988E-1,9.870773621E0,9.876694749E0
7.240379317E1,2.248324585E-1,2.700384521E-1,9.868977356E0,9.875230856E0
7.241382517E1,2.163002014E-1,2.878514099E-1,9.811047821E0,9.817652650E0
7.242385617E1,2.014810181E-1,2.713856506E-1,9.817185059E0,9.823001947E0
7.243388717E1,1.910028076E-1,2.597099304E-1,9.865235138E0,9.870501287E0
7.244391917E1,2.218386841E-1,2.709365845E-1,1.000743942E1,1.001356394E1
7.245395017E1,2.517764282E-1,2.673440552E-1,1.001207977E1,1.001881258E1
7.246398117E1,2.154020691E-1,2.697390747E-1,9.822573853E0,9.828637459E0
7.247401217E1,1.544787598E-1,2.766247559E-1,9.687554626E0,9.692734371E0
7.248404417E1,1.142124939E-1,2.767744446E-1,9.704170074E0,9.708788051E0
7.249407517E1,1.454974365E-1,2.799179077E-1,9.834548950E0,9.839607543E0
7.250410617E1,1.908531189E-1,2.691403198E-1,9.929750977E0,9.935231043E0
7.251413817E1,2.447410583E-1,2.960842896E-1,9.900112610E0,9.907562454E0
7.252416917E1,2.712359619E-1,3.228785706E-1,9.791588287E0,9.800664299E0
7.253420017E1,2.439926147E-1,3.514691162E-1,9.757608948E0,9.766984965E0
7.254423217E1,2.161505127E-1,3.769161987E-1,9.796228638E0,9.805859594E0
7.255426317E1,1.892065430E-1,3.894900513E-1,9.873018951E0,9.882510047E0
7.256429417E1,1.856140137E-1,4.011657715E-1,9.890083466E0,9.899956439E0
7.257432617E1,2.215393066E-1,4.306544495E-1,9.906698914E0,9.918529442E0
7.258435717E1,2.444416809E-1,4.245172119E-1,9.925410004E0,9.937491149E0
7.259438817E1,2.520758057E-1,4.099974060E-1,9.953102417E0,9.964732200E0
7.260442017E1,2.242337036E-1,3.459306335E-1,9.962682495E0,9.971208114E0
7.261445117E1,1.908531189E-1,2.899470520E-1,9.948611755E0,9.954665744E0
7.262448217E1,1.823208618E-1,2.472857666E-1,9.897867279E0,9.902634388E0
7.263451317E1,1.594184875E-1,2.320175171E-1,9.805060272E0,9.809100536E0
7.264454517E1,1.695973206E-1,2.315684509E-1,9.777816925E0,9.782028983E0
7.265457617E1,1.910028076E-1,2.348616028E-1,9.782008209E0,9.786691302E0
7.266460717E1,2.139051819E-1,2.417472839E-1,9.812245331E0,9.817553443E0
7.267463917E1,2.381547546E-1,2.426454163E-1,9.843530273E0,9.849400120E0
7.268467017E1,2.480342102E-1,2.838098145E-1,9.864187317E0,9.871385941E0
7.269470117E1,2.317181396E-1,2.815644836E-1,9.855205994E0,9.861949961E0
7.270473317E1,2.332150269E-1,2.820135498E-1,9.843530273E0,9.850330407E0
7.271476417E1,2.101629639E-1,3.107537842E-1,9.844278717E0,9.851424255E0
7.272479517E1,1.908531189E-1,3.173400879E-1,9.843380585E0,9.850343699E0
7.273482717E1,1.745370483E-1,3.412902832E-1,9.791737976E0,9.799238482E0
7.274485817E1,1.667532349E-1,3.796105957E-1,9.812694397E0,9.821450105E0
7.275488917E1,1.627116394E-1,3.900888062E-1,9.837842102E0,9.846917364E0
7.276492117E1,1.989363098E-1,3.790118408E-1,9.842183075E0,9.851486858E0
7.277495217E1,2.381547546E-1,3.523672485E-1,9.875563660E0,9.884717394E0
7.278498296E1,2.600093079E-1,3.390449524E-1,9.912087708E0,9.921292206E0
7.279501496E1,2.463876343E-1,3.086581421E-1,9.886940002E0,9.894824876E0
7.280504596E1,2.353106689E-1,3.008743286E-1,9.869725800E0,9.877114145E0
7.281507696E1,2.269281006E-1,3.022215271E-1,9.872420197E0,9.879651550E0
7.282510796E1,1.969903564E-1,3.010240173E-1,9.882599030E0,9.889144768E0
7.283513996E1,1.893562317E-1,3.254232788E-1,9.881251831E0,9.888422212E0
7.284517096E1,1.981878662E-1,3.469784546E-1,9.859397278E0,9.867491432E0
7.285520196E1,2.182461548E-1,3.438349915E-1,9.873468018E0,9.881863416E0
7.286523396E1,2.142045593E-1,3.664379883E-1,9.887688446E0,9.896794592E0
7.287526496E1,2.061213684E-1,3.492237854E-1,9.896969147E0,9.905273422E0
7.288529596E1,2.083666992E-1,3.303630066E-1,9.880952454E0,9.888669162E0
7.289532796E1,1.856140137E-1,3.191363525E-1,9.850865021E0,9.857780796E0
7.290535896E1,1.815724182E-1,2.986289978E-1,9.810449066E0,9.816672486E0
7.291538996E1,1.683998108E-1,2.808160400E-1,9.786049805E0,9.791526282E0
7.292542196E1,1.636097717E-1,2.631527710E-1,9.800120544E0,9.805018114E0
7.293545296E1,2.020797729E-1,2.317181396E-1,9.838440857E0,9.843243776E0
7.294548396E1,2.231858826E-1,2.261796570E-1,9.865684204E0,9.870800068E0
7.295551596E1,2.324665833E-1,2.541714478E-1,9.869725800E0,9.875734464E0
7.296554696E1,2.130070496E-1,2.884501648E-1,9.831405487E0,9.837942333E0
7.297557796E1,2.019300842E-1,3.067121887E-1,9.816436615E0,9.823302700E0
7.298560896E1,2.056723022E-1,2.972817993E-1,9.837093658E0,9.843733500E0
7.299564096E1,1.899549866E-1,3.028202820E-1,9.859247589E0,9.865725824E0
7.300567196E1,1.737886047E-1,2.909948730E-1,9.871671753E0,9.877488734E0
7.301570296E1,1.681004333E-1,3.124003601E-1,9.883497162E0,9.889861874E0
7.302573496E1,1.552272034E-1,3.243754578E-1,9.875114594E0,9.881659939E0
7.303576596E1,1.874102783E-1,3.314108276E-1,9.877808990E0,9.885143712E0
7.304579696E1,1.826202393E-1,3.372486877E-1,9.869725800E0,9.877174403E0
7.305582896E1,1.884580994E-1,3.465293884E-1,9.850116577E0,9.858011750E0
7.306585996E1,1.743873596E-1,3.611988831E-1,9.833950195E0,9.842126398E0
7.307589096E1,1.878593445E-1,3.534150696E-1,9.820029144E0,9.828182219E0
7.308592296E1,1.890568542E-1,3.507206726E-1,9.828860779E0,9.836933043E0
7.309595396E1,2.124082947E-1,3.333567810E-1,9.865983582E0,9.873898726E0
7.310598496E1,2.192939758E-1,3.173400879E-1,9.861792297E0,9.869333407E0
7.311601696E1,2.001338196E-1,3.068618774E-1,9.857301636E0,9.864107324E0
7.312604796E1,2.031275940E-1,2.778222656E-1,9.866282959E0,9.872283700E0
7.313607896E1,1.865121460E-1,2.778222656E-1,9.884994049E0,9.890656163E0
7.314611096E1,1.788780212E-1,2.866539001E-1,9.910441132E0,9.916199435E0
7.315614196E1,2.136058044E-1,3.158432007E-1,9.876611481E0,9.883968773E0
7.316617296E1,2.056723022E-1,3.321592712E-1,9.809251556E0,9.817028419E0
7.317620396E1,1.999841309E-1,3.375480652E-1,9.769284668E0,9.777159878E0
7.318623596E1,1.919009399E-1,3.311114502E-1,9.776170349E0,9.783658184E0
7.319626696E1,1.869612122E-1,3.094065857E-1,9.827962646E0,9.834609129E0
7.320629796E1,1.839674377E-1,2.950364685E-1,9.858349457E0,9.864478929E0
7.321632996E1,1.823208618E-1,2.761756897E-1,9.887239380E0,9.892775974E0
7.322636096E1,1.896556091E-1,2.686912537E-1,9.866881714E0,9.872361369E0
7.323639196E1,1.790277100E-1,2.639012146E-1,9.803563385E0,9.808748637E0
7.324642396E1,1.728904724E-1,2.851570129E-1,9.796078949E0,9.801753334E0
7.325645496E1,1.772314453E-1,2.903961182E-1,9.912686462E0,9.918522763E0
7.326648596E1,2.278262329E-1,3.016227722E-1,1.004381378E1,1.005092416E1
7.327651796E1,2.535726929E-1,3.146456909E-1,9.972262573E0,9.980446977E0
7.328654896E1,2.034269714E-1,3.243754578E-1,9.769883423E0,9.777383293E0
7.329657996E1,1.335223389E-1,3.260220337E-1,9.655072174E0,9.661497672E0
7.330661196E1,1.098715210E-1,2.963836670E-1,9.747729492E0,9.752853187E0
7.331664296E1,1.447489929E-1,2.802172852E-1,9.923613739E0,9.928624459E0
7.332667396E1,1.836680603E-1,2.598596191E-1,1.000070343E1,1.000576484E1
7.333670496E1,2.258802795E-1,2.619552612E-1,9.916728058E0,9.922758580E0
7.334673696E1,2.399510193E-1,2.959346008E-1,9.789792023E0,9.797202745E0
7.335676796E1,2.221380615E-1,3.336561584E-1,9.751471710E0,9.759706567E0
7.336679896E1,1.953437805E-1,3.683839417E-1,9.776769104E0,9.785656852E0
7.337683096E1,1.790277100E-1,3.760180664E-1,9.843081207E0,9.851887543E0
7.338686196E1,1.862127686E-1,3.833528137E-1,9.903405762E0,9.912571829E0
7.339689296E1,2.213896179E-1,3.894900513E-1,9.918973389E0,9.929086008E0
7.340692496E1,2.398013306E-1,4.132905579E-1,9.929750977E0,9.941240779E0
7.341695596E1,2.294728088E-1,4.016148376E-1,9.927056580E0,9.937826955E0
7.342698696E1,2.011816406E-1,3.626957703E-1,9.923014984E0,9.931679045E0
7.343701896E1,1.546284485E-1,3.131488037E-1,9.906549225E0,9.912703449E0
7.344704996E1,1.442999268E-1,2.808160400E-1,9.869426422E0,9.874475076E0
7.345708096E1,1.426533508E-1,2.601589966E-1,9.805509338E0,9.809997251E0
7.346711296E1,1.567240906E-1,2.457888794E-1,9.785001984E0,9.789343105E0
7.347714396E1,1.667532349E-1,2.432441711E-1,9.798773346E0,9.803210365E0
7.348717496E1,1.851649475E-1,2.375559998E-1,9.826016693E0,9.830631870E0
7.349720696E1,2.224374390E-1,2.405497742E-1,9.838889923E0,9.844343428E0
7.350723796E1,2.344125366E-1,2.537223816E-1,9.862241364E0,9.868289061E0
7.351726896E1,2.302212524E-1,2.712359619E-1,9.881850586E0,9.888252716E0
7.352729996E1,2.157014465E-1,2.829116821E-1,9.877509613E0,9.883914320E0
7.353733196E1,1.760339355E-1,3.016227722E-1,9.859247589E0,9.865430921E0
7.354736296E1,1.651066589E-1,3.141966248E-1,9.820178833E0,9.826591069E0
7.355739396E1,1.535806274E-1,3.585044861E-1,9.790540466E0,9.798305726E0
7.356742596E1,1.356179810E-1,3.549119568E-1,9.776619415E0,9.783999281E0
7.357745696E1,1.249900818E-1,3.773652649E-1,9.799072723E0,9.807132777E0
7.358748796E1,1.645079041E-1,3.811074829E-1,9.830357666E0,9.839117725E0
7.359751996E1,2.038760376E-1,3.501219177E-1,9.892179108E0,9.900472630E0
7.360755096E1,2.174977112E-1,3.314108276E-1,9.930948486E0,9.938856887E0
7.361758196E1,2.251318359E-1,3.240760803E-1,9.905202026E0,9.913058904E0
7.362761396E1,2.124082947E-1,3.011737061E-1,9.888736267E0,9.895601439E0
7.363764496E1,2.119592285E-1,3.037184143E-1,9.895621948E0,9.902550446E0
7.364767596E1,1.823208618E-1,3.153941345E-1,9.882000275E0,9.888712949E0
7.365770796E1,1.802252197E-1,3.179388428E-1,9.873917084E0,9.880678358E0
7.366773896E1,1.878593445E-1,3.376977539E-1,9.873018951E0,9.880578633E0
7.367776996E1,1.895059204E-1,3.448828125E-1,9.868977356E0,9.876819868E0
7.368780196E1,2.064207458E-1,3.417393494E-1,9.862091675E0,9.870169579E0
7.369783296E1,2.070195007E-1,3.429368591E-1,9.871971130E0,9.880094977E0
7.370786396E1,1.929487610E-1,3.459306335E-1,9.873468018E0,9.881410219E0
7.371789496E1,1.892065430E-1,3.302133179E-1,9.860894165E0,9.868235591E0
7.372792696E1,1.681004333E-1,2.966830444E-1,9.833501129E0,9.839411722E0
7.373795796E1,1.537303162E-1,2.758763123E-1,9.804162140E0,9.809247474E0
7.374798896E1,1.561253357E-1,2.571652222E-1,9.810449066E0,9.815060874E0
7.375802096E1,1.763333130E-1,2.502795410E-1,9.824070740E0,9.828840175E0
7.376805196E1,1.896556091E-1,2.423460388E-1,9.840237122E0,9.845047865E0
7.377808296E1,1.975891113E-1,2.420466614E-1,9.855804749E0,9.860756324E0
7.378811504E1,1.929487610E-1,2.600093079E-1,9.833501129E0,9.838830140E0
7.379814604E1,1.848655701E-1,2.659968567E-1,9.839338989E0,9.844669692E0
7.380817704E1,1.797761536E-1,2.850073242E-1,9.830507355E0,9.836280979E0
7.381820904E1,1.658551025E-1,2.871029663E-1,9.838440857E0,9.844026337E0
7.382824004E1,1.534309387E-1,2.905458069E-1,9.866432648E0,9.871902102E0
7.383827104E1,1.529818726E-1,3.020718384E-1,9.882898407E0,9.888697173E0
7.384830304E1,1.567240906E-1,3.240760803E-1,9.866582336E0,9.873147155E0
7.385833404E1,1.577719116E-1,3.302133179E-1,9.858948212E0,9.865738323E0
7.386836504E1,1.571731567E-1,3.528163147E-1,9.854008484E0,9.861575227E0
7.387839704E1,1.517843628E-1,3.459306335E-1,9.862840118E0,9.870072021E0
7.388842804E1,1.510359192E-1,3.450325012E-1,9.861792297E0,9.868982044E0
7.389845904E1,1.571731567E-1,3.418890381E-1,9.862989807E0,9.870165118E0
7.390849004E1,1.760339355E-1,3.231779480E-1,9.860295410E0,9.867160560E0
7.391852204E1,1.610650635E-1,3.185375977E-1,9.839338989E0,9.845811287E0
7.392855304E1,1.537303162E-1,2.983296204E-1,9.836195526E0,9.841919325E0
7.393858404E1,1.559756470E-1,2.999761963E-1,9.872869263E0,9.878656872E0
7.394861604E1,1.875599670E-1,2.888992310E-1,9.904752960E0,9.910740271E0
7.395864704E1,1.835183716E-1,3.185375977E-1,9.909842377E0,9.916658768E0
7.396867804E1,1.974394226E-1,3.236270142E-1,9.865983582E0,9.873264344E0
7.397871004E1,1.932481384E-1,3.400927734E-1,9.803264008E0,9.811064832E0
7.398874104E1,1.791773987E-1,3.351530457E-1,9.788594513E0,9.795969306E0
7.399877204E1,1.673519897E-1,3.116519165E-1,9.807305603E0,9.813683141E0
7.400880404E1,1.706451416E-1,2.948867798E-1,9.844877472E0,9.850771057E0
7.401883504E1,1.640588379E-1,2.787203979E-1,9.879305878E0,9.884598373E0
7.402886604E1,1.703457642E-1,2.682421875E-1,9.872869263E0,9.877981526E0
7.403889804E1,1.633103943E-1,2.710862732E-1,9.780960388E0,9.786079101E0
7.404892904E1,1.541793823E-1,2.570155334E-1,9.832303619E0,9.836870576E0
7.405896004E1,1.713935852E-1,2.808160400E-1,9.961035919E0,9.966467277E0
7.406899204E1,2.077679443E-1,2.887495422E-1,1.007435028E1,1.008062882E1
7.407902304E1,2.121089172E-1,2.975811768E-1,9.945168915E0,9.951880701E0
7.408905404E1,1.553768921E-1,3.053649902E-1,9.714049530E0,9.720089919E0
7.409908504E1,9.400451660E-2,3.080593872E-1,9.600884857E0,9.606285831E0
7.410911704E1,7.723937988E-2,2.903961182E-1,9.707163849E0,9.711813724E0
7.411914804E1,1.061293030E-1,2.601589966E-1,9.884994049E0,9.888986474E0
7.412917904E1,1.505868530E-1,2.359094238E-1,9.971514130E0,9.975441028E0
7.413921104E1,1.980381775E-1,2.409988403E-1,9.926607513E0,9.931507251E0
7.414924204E1,2.171983337E-1,2.781216431E-1,9.817933502E0,9.824273256E0
7.415927304E1,2.168989563E-1,3.186872864E-1,9.767638092E0,9.775242229E0
7.416930504E1,2.056723022E-1,3.409909058E-1,9.821675720E0,9.829745157E0
7.417933604E1,1.657054138E-1,3.686833191E-1,9.898615723E0,9.906865241E0
7.418936704E1,1.417552185E-1,3.721261597E-1,9.916578369E0,9.924570468E0
7.419939904E1,1.339714050E-1,3.769161987E-1,9.914931793E0,9.922997865E0
7.420943004E1,1.404080200E-1,3.863465881E-1,9.898016968E0,9.906549247E0
7.421946104E1,1.649569702E-1,3.867956543E-1,9.894274750E0,9.903206274E0
7.422949304E1,1.568737793E-1,3.568579102E-1,9.907147980E0,9.914814070E0
7.423952404E1,1.636097717E-1,3.152444458E-1,9.910141754E0,9.916504263E0
7.424955504E1,1.543290710E-1,2.803669739E-1,9.894274750E0,9.899449274E0
7.425958704E1,1.454974365E-1,2.591111755E-1,9.841883698E0,9.846369017E0
7.426961804E1,1.345701599E-1,2.459385681E-1,9.813293152E0,9.817296847E0
7.427964904E1,1.431024170E-1,2.418969727E-1,9.796827393E0,9.800858095E0
7.428968004E1,1.326242065E-1,2.439926147E-1,9.787995758E0,9.791934566E0
7.429971204E1,1.453477478E-1,2.234852600E-1,9.818532257E0,9.822150850E0
7.430974304E1,1.692979431E-1,2.177970886E-1,9.839638367E0,9.843504485E0
7.431977404E1,1.784289551E-1,2.426454163E-1,9.854607239E0,9.859208767E0
7.432980604E1,1.760339355E-1,2.615061951E-1,9.851164398E0,9.856206848E0
7.433983704E1,1.800755310E-1,2.788700867E-1,9.868079224E0,9.873661088E0
7.434986804E1,1.749861145E-1,2.848576355E-1,9.869276733E0,9.874937329E0
7.435990004E1,1.493893433E-1,3.186872864E-1,9.815089417E0,9.821398017E0
7.436993104E1,1.089733887E-1,3.344046021E-1,9.808802490E0,9.815106109E0
7.437996204E1,8.966354370E-2,3.459306335E-1,9.817933502E0,9.824435139E0
7.438999404E1,1.035845947E-1,3.629951477E-1,9.810898132E0,9.818157536E0
7.440002504E1,1.317260742E-1,3.110531616E-1,9.892777863E0,9.898543310E0
7.441005604E1,1.432521057E-1,2.999761963E-1,9.923014984E0,9.928581634E0
7.442008804E1,1.582209778E-1,2.808160400E-1,9.893825684E0,9.899074612E0
7.443011904E1,1.815724182E-1,2.757266235E-1,9.872719574E0,9.878237975E0
7.444015004E1,1.706451416E-1,2.911445618E-1,9.871522064E0,9.877288737E0
7.445018204E1,1.739382935E-1,2.968327332E-1,9.883796539E0,9.889782517E0
7.446021304E1,1.543290710E-1,3.076103210E-1,9.886790314E0,9.892778390E0
7.447024404E1,1.471440125E-1,3.264710999E-1,9.854457550E0,9.860961837E0
7.448027604E1,1.410067749E-1,3.270698547E-1,9.846524048E0,9.852963687E0
7.449030704E1,1.525328064E-1,3.354524231E-1,9.857451324E0,9.864336835E0
7.450033804E1,1.579216003E-1,3.224295044E-1,9.872420197E0,9.878946328E0
7.451036904E1,1.550775146E-1,3.165916443E-1,9.903256073E0,9.909528755E0
7.452040104E1,1.416055298E-1,2.993774414E-1,9.891280975E0,9.896823648E0
7.453043204E1,1.410067749E-1,2.764750671E-1,9.872569885E0,9.877446913E0
7.454046304E1,1.365161133E-1,2.719844055E-1,9.816586304E0,9.821302298E0
7.455049504E1,1.248403931E-1,2.526745605E-1,9.811347198E0,9.815394205E0
7.456052604E1,1.269360352E-1,2.471360779E-1,9.813891907E0,9.817823759E0
7.457055704E1,1.502874756E-1,2.395019531E-1,9.830058289E0,9.834123930E0
7.458058904E1,1.535806274E-1,2.417472839E-1,9.816436615E0,9.820613859E0
7.459062004E1,1.511856079E-1,2.421963501E-1,9.804461517E0,9.808617732E0
7.460065104E1,1.591191101E-1,2.571652222E-1,9.814041595E0,9.818699775E0
7.461068304E1,1.481918335E-1,2.640509033E-1,9.864636383E0,9.869282379E0
7.462071404E1,1.396595764E-1,2.656974792E-1,9.879754944E0,9.884313719E0
7.463074504E1,1.369651794E-1,2.891986084E-1,9.871971130E0,9.877155931E0
7.464077704E1,1.330732727E-1,2.962339783E-1,9.866282959E0,9.871626132E0
7.465080804E1,1.185534668E-1,3.004252625E-1,9.851314087E0,9.856606896E0
7.466083904E1,1.080752563E-1,3.095562744E-1,9.826615448E0,9.832084037E0
7.467087104E1,1.101708984E-1,3.061134338E-1,9.839638367E0,9.845015300E0
7.468090204E1,1.074765015E-1,2.962339783E-1,9.867181091E0,9.872211933E0
7.469093304E1,1.100212097E-1,3.062631226E-1,9.904752960E0,9.910097526E0
7.470096504E1,1.204994202E-1,2.948867798E-1,9.886640625E0,9.891771387E0
7.471099604E1,1.056802368E-1,2.799179077E-1,9.837542725E0,9.842091709E0
7.472102704E1,9.714797974E-2,2.794688416E-1,9.854457550E0,9.858898223E0
7.473105804E1,1.227447510E-1,2.915936279E-1,9.886341248E0,9.891402144E0
7.474109004E1,1.448986816E-1,3.119512939E-1,9.905202026E0,9.911172303E0
7.475112104E1,1.661544800E-1,3.218307495E-1,9.884844360E0,9.891477664E0
7.476115204E1,1.637594604E-1,3.335064697E-1,9.836195526E0,9.843210155E0
7.477118404E1,1.386117554E-1,3.254232788E-1,9.795779572E0,9.802163585E0
7.478121504E1,1.140628052E-1,3.019221497E-1,9.784702606E0,9.790024127E0
7.479124654E1,1.152603149E-1,2.818638611E-1,9.844877472E0,9.849586012E0
7.480127854E1,1.191522217E-1,2.399510193E-1,9.887987823E0,9.891616498E0
7.481130954E1,1.194515991E-1,2.302212524E-1,9.873767395E0,9.877173335E0
7.482134054E1,1.215472412E-1,2.240840149E-1,9.774673462E0,9.777997170E0
7.483137254E1,1.091230774E-1,2.260299683E-1,9.832902374E0,9.836105250E0
7.484140354E1,1.510359192E-1,2.456391907E-1,9.956844635E0,9.961019303E0
7.485143454E1,1.926493835E-1,2.668949890E-1,1.009201355E1,1.009738007E1
7.486146654E1,2.079176331E-1,2.701881409E-1,9.980944519E0,9.986765486E0
7.487149754E1,1.438508606E-1,2.724334717E-1,9.747579803E0,9.752447133E0
7.488152854E1,7.574249268E-2,2.781216431E-1,9.637259216E0,9.641569052E0
7.489156054E1,2.993774414E-2,2.715353394E-1,9.721084900E0,9.724922588E0
7.490159154E1,5.343887329E-2,2.567161560E-1,9.889035645E0,9.892511556E0
7.491162254E1,9.729766846E-2,2.634521484E-1,9.967173157E0,9.971129054E0
7.492165354E1,1.438508606E-1,2.399510193E-1,9.895472260E0,9.899426286E0
7.493168554E1,1.692979431E-1,2.471360779E-1,9.799372101E0,9.803949796E0
7.494171654E1,1.776805115E-1,2.607577515E-1,9.786498871E0,9.791584403E0
7.495174754E1,1.655557251E-1,2.944377136E-1,9.813742218E0,9.819553889E0
7.496177954E1,1.249900818E-1,3.040177917E-1,9.873617706E0,9.879087810E0
7.497181054E1,9.415420532E-2,3.255729675E-1,9.906698914E0,9.912494446E0
7.498184154E1,1.062789917E-1,3.559597778E-1,9.907447357E0,9.914409499E0
7.499187354E1,1.237925720E-1,3.692820740E-1,9.893825684E0,9.901488803E0
7.500190454E1,1.299298096E-1,3.872447205E-1,9.884245605E0,9.892681710E0
7.501193554E1,1.257385254E-1,3.520678711E-1,9.886490936E0,9.893556741E0
7.502196754E1,1.182540894E-1,3.323089600E-1,9.903854828E0,9.910133890E0
7.503199854E1,1.140628052E-1,2.992277527E-1,9.883946228E0,9.889132450E0
7.504202954E1,1.170565796E-1,2.671943665E-1,9.843979340E0,9.848300580E0
7.505206154E1,9.699829102E-2,2.525248718E-1,9.829309845E0,9.833031552E0
7.506209254E1,8.352630615E-2,2.222877502E-1,9.803862762E0,9.806738171E0
7.507212354E1,1.032852173E-1,1.969903564E-1,9.829309845E0,9.831826131E0
7.508215554E1,1.092727661E-1,1.957928467E-1,9.842033386E0,9.844587170E0
7.509218654E1,1.163081360E-1,2.035766602E-1,9.847571869E0,9.850362570E0
7.510221754E1,1.384620667E-1,2.200424194E-1,9.851463776E0,9.854893654E0
7.511224954E1,1.603166199E-1,2.507286072E-1,9.863738251E0,9.868226717E0
7.512228054E1,1.423539734E-1,2.734812927E-1,9.877958679E0,9.882769062E0
7.513231154E1,1.398092651E-1,3.025209045E-1,9.869875488E0,9.875500376E0
7.514234354E1,1.176553345E-1,3.070115662E-1,9.794132996E0,9.799649995E0
7.515237454E1,7.244934082E-2,3.332070923E-1,9.800868988E0,9.806799111E0
7.516240554E1,7.020401001E-2,3.391946411E-1,9.810898132E0,9.817010939E0
7.517243654E1,6.182144165E-2,3.266207886E-1,9.806407471E0,9.812040079E0
7.518246854E1,9.550140381E-2,3.100053406E-1,9.864486694E0,9.869818720E0
7.519249954E1,1.323248291E-1,3.107537842E-1,9.915680237E0,9.921430962E0
7.520253054E1,1.381626892E-1,2.824626160E-1,9.899513855E0,9.904506481E0
7.521256254E1,1.475930786E-1,2.698887634E-1,9.877210236E0,9.881999074E0
7.522259354E1,1.445993042E-1,2.841091919E-1,9.896370392E0,9.901503619E0
7.523262454E1,1.314266968E-1,2.908451843E-1,9.894424438E0,9.899570641E0
7.524265654E1,1.073268127E-1,2.999761963E-1,9.888736267E0,9.893867278E0
7.525268754E1,1.014889526E-1,2.996768188E-1,9.878557434E0,9.883622979E0
7.526271854E1,1.004411316E-1,3.180885315E-1,9.857151947E0,9.862794393E0
7.527275054E1,1.124162292E-1,3.129991150E-1,9.840087433E0,9.845705995E0
7.528278154E1,1.115180969E-1,3.059637451E-1,9.863289185E0,9.868663721E0
7.529281254E1,1.169068909E-1,3.044668579E-1,9.881251831E0,9.886632644E0
7.530284454E1,1.196012878E-1,2.817141724E-1,9.891131287E0,9.895865069E0
7.531287554E1,1.130149841E-1,2.715353394E-1,9.854756927E0,9.859144888E0
7.532290654E1,9.355545044E-2,2.507286072E-1,9.820328522E0,9.823974233E0
7.533293854E1,9.505233765E-2,2.466870117E-1,9.804162140E0,9.807725766E0
7.534296954E1,9.340576172E-2,2.453398132E-1,9.824070740E0,9.827577634E0
7.535300054E1,1.097218323E-1,2.389031982E-1,9.837692413E0,9.841204481E0
7.536303254E1,1.049317932E-1,2.326162720E-1,9.824819183E0,9.828132732E0
7.537306354E1,1.076261902E-1,2.492317200E-1,9.810000000E0,9.813755644E0
7.538309454E1,1.032852173E-1,2.478845215E-1,9.798024902E0,9.801704268E0
7.539312654E1,1.019380188E-1,2.442919922E-1,9.827513580E0,9.831077922E0
7.540315754E1,9.460327148E-2,2.466870117E-1,9.857151947E0,9.860692104E0
7.541318854E1,1.014889526E-1,2.508782959E-1,9.881700897E0,9.885406039E0
7.542321954E1,9.759704590E-2,2.622546387E-1,9.890981598E0,9.894939093E0
7.543325154E1,9.624984741E-2,2.713856506E-1,9.874815216E0,9.879012590E0
7.544328254E1,9.580078125E-2,2.941383362E-1,9.861193542E0,9.866044457E0
7.545331354E1,1.050814819E-1,3.089575195E-1,9.862241364E0,9.867639109E0
7.546334554E1,9.864486694E-2,3.138972473E-1,9.874366150E0,9.879846616E0
7.547337654E1,8.128097534E-2,2.981799316E-1,9.881251831E0,9.886083937E0
7.548340754E1,7.529342651E-2,2.977308655E-1,9.864786072E0,9.869565189E0
7.549343954E1,7.439529419E-2,2.880010986E-1,9.826914825E0,9.831415680E0
7.550347054E1,7.753875732E-2,2.848576355E-1,9.842931519E0,9.847357870E0
7.551350154E1,8.202941895E-2,2.695893860E-1,9.876312103E0,9.880331372E0
7.552353354E1,1.056802368E-1,2.933898926E-1,9.902058563E0,9.906967736E0
7.553356454E1,1.196012878E-1,3.064128113E-1,9.888436890E0,9.893906074E0
7.554359554E1,1.239422607E-1,3.177891541E-1,9.824070740E0,9.829990719E0
7.555362754E1,1.161584473E-1,3.239263916E-1,9.791438599E0,9.797483908E0
7.556365854E1,9.131011963E-2,3.002755737E-1,9.789043579E0,9.794073573E0
7.557368954E1,6.541397095E-2,2.624043274E-1,9.838740234E0,9.842456219E0
7.558372154E1,6.765930176E-2,2.357597351E-1,9.900411987E0,9.903449801E0
7.559375254E1,7.858657837E-2,2.324665833E-1,9.870324554E0,9.873374467E0
7.560378354E1,8.277786255E-2,2.198927307E-1,9.780810699E0,9.783632399E0
7.561381554E1,8.801696777E-2,2.305206299E-1,9.852361908E0,9.855451380E0
7.562384654E1,1.219963074E-1,2.631527710E-1,9.977950745E0,9.982165774E0
7.563387754E1,1.709445190E-1,2.680924988E-1,1.011132339E1,1.011632129E1
7.564390854E1,1.788780212E-1,2.818638611E-1,9.987680511E0,9.993258056E0
7.565394054E1,1.050814819E-1,2.974314880E-1,9.737251282E0,9.742359577E0
7.566397154E1,2.559677124E-2,2.998265076E-1,9.632618866E0,9.637317954E0
7.567400254E1,9.280700684E-3,2.824626160E-1,9.728120270E0,9.732224578E0
7.568403454E1,4.340972900E-2,2.697390747E-1,9.890831909E0,9.894604562E0
7.569406554E1,7.993377686E-2,2.287243652E-1,9.988279266E0,9.991217491E0
7.570409654E1,1.339714050E-1,2.182461548E-1,9.931547241E0,9.934848279E0
7.571412854E1,1.434017944E-1,2.260299683E-1,9.834548950E0,9.838191230E0
7.572415954E1,1.553768921E-1,2.523751831E-1,9.769284668E0,9.773779112E0
7.573419054E1,1.152603149E-1,2.990780640E-1,9.783654785E0,9.788903595E0
7.574422254E1,7.484436035E-2,2.989283752E-1,9.849667511E0,9.854486792E0
7.575425354E1,4.819976807E-2,3.215313721E-1,9.897717590E0,9.903056050E0
7.576428454E1,6.556365967E-2,3.366499329E-1,9.887538757E0,9.893485455E0
7.577431654E1,9.610015869E-2,3.594026184E-1,9.880204010E0,9.887205711E0
7.578434667E1,1.038839722E-1,3.589535522E-1,9.874366150E0,9.881434430E0
7.579437767E1,1.110690308E-1,3.397933960E-1,9.891879730E0,9.898337258E0
7.580440967E1,8.861572266E-2,3.153941345E-1,9.908046112E0,9.913460746E0
7.581444067E1,8.442443848E-2,2.682421875E-1,9.884994049E0,9.888993311E0
7.582447167E1,8.427474976E-2,2.351609802E-1,9.854756927E0,9.857922551E0
7.583450367E1,6.421646118E-2,2.383044434E-1,9.817185059E0,9.820286922E0
7.584453467E1,5.763015747E-2,2.314187622E-1,9.804910583E0,9.807810532E0
7.585456567E1,6.466552734E-2,2.142045593E-1,9.820328522E0,9.822877252E0
7.586459767E1,5.583389282E-2,2.112107849E-1,9.843230896E0,9.845654975E0
7.587462867E1,8.637039185E-2,2.143542480E-1,9.857451324E0,9.860159948E0
7.588465967E1,1.076261902E-1,2.270777893E-1,9.878258057E0,9.881453838E0
7.589469067E1,1.124162292E-1,2.323168945E-1,9.871971130E0,9.875344174E0
7.590472267E1,1.252894592E-1,2.538720703E-1,9.879754944E0,9.883810309E0
7.591475367E1,1.182540894E-1,2.760260010E-1,9.854008484E0,9.858582940E0
7.592478467E1,9.714797974E-2,2.806663513E-1,9.776619415E0,9.781129716E0
7.593481667E1,4.700225830E-2,3.011737061E-1,9.799671478E0,9.804411043E0
7.594484767E1,2.380050659E-2,3.124003601E-1,9.781559143E0,9.786575485E0
7.595487867E1,6.122268677E-2,3.038681030E-1,9.819580078E0,9.824471332E0
7.596491067E1,7.753875732E-2,2.716850281E-1,9.898466034E0,9.902497404E0
7.597494167E1,1.236428833E-1,2.670446777E-1,9.916728058E0,9.921093478E0
7.598497267E1,1.261875916E-1,2.457888794E-1,9.886640625E0,9.890500408E0
7.599500467E1,1.134640503E-1,2.433938599E-1,9.867929535E0,9.871582850E0
7.600503567E1,1.010398865E-1,2.493814087E-1,9.873617706E0,9.877283369E0
7.601506667E1,8.696914673E-2,2.414479065E-1,9.903705139E0,9.907029636E0
7.602509867E1,7.379653931E-2,2.653981018E-1,9.890233154E0,9.894068624E0
7.603512967E1,5.852828979E-2,2.779719543E-1,9.879455566E0,9.883538651E0
7.604516067E1,6.077362061E-2,2.845582581E-1,9.850565643E0,9.854862268E0
7.605519267E1,6.511459351E-2,2.956352234E-1,9.844727783E0,9.849380956E0
7.606522367E1,8.158035278E-2,2.927911377E-1,9.851164398E0,9.855852170E0
7.607525467E1,7.050338745E-2,2.860551453E-1,9.875863037E0,9.880256525E0
7.608528667E1,7.364685059E-2,2.707868958E-1,9.873917084E0,9.877904028E0
7.609531767E1,8.053253174E-2,2.375559998E-1,9.868528290E0,9.871715603E0
7.610534867E1,7.364685059E-2,2.142045593E-1,9.849817200E0,9.852421343E0
7.611538067E1,5.957611084E-2,2.095642090E-1,9.842033386E0,9.844444507E0
7.612541167E1,7.379653931E-2,1.969903564E-1,9.846973114E0,9.849219798E0
7.613544267E1,5.852828979E-2,2.053729248E-1,9.833800507E0,9.836118950E0
7.614547467E1,7.289840698E-2,2.047741699E-1,9.824819183E0,9.827223343E0
7.615550567E1,7.080276489E-2,2.152523804E-1,9.823172607E0,9.825785805E0
7.616553667E1,5.777984619E-2,2.161505127E-1,9.817634125E0,9.820183265E0
7.617556767E1,6.945556641E-2,2.390528870E-1,9.821226654E0,9.824381067E0
7.618559967E1,5.792953491E-2,2.282752991E-1,9.850865021E0,9.853679876E0
7.619563067E1,6.242019653E-2,2.303709412E-1,9.857301636E0,9.860190799E0
7.620566167E1,5.957611084E-2,2.459385681E-1,9.870324554E0,9.873567841E0
7.621569367E1,5.523513794E-2,2.468367004E-1,9.879605255E0,9.882842672E0
7.622572467E1,4.954696655E-2,2.600093079E-1,9.886640625E0,9.890183142E0
7.623575567E1,3.532653809E-2,2.559677124E-1,9.869426422E0,9.872808381E0
7.624578767E1,4.340972900E-2,2.475851440E-1,9.862989807E0,9.866192312E0
7.625581867E1,4.281097412E-2,2.559677124E-1,9.875413971E0,9.878823480E0
7.626584967E1,3.502716064E-2,2.562670898E-1,9.901010742E0,9.904388595E0
7.627588167E1,3.817062378E-2,2.454895020E-1,9.866732025E0,9.869859318E0
7.628591267E1,1.796264648E-2,2.300715637E-1,9.841135254E0,9.843840646E0
7.629594367E1,3.128494263E-2,2.197430420E-1,9.842931519E0,9.845433796E0
7.630597567E1,5.104385376E-2,2.191442871E-1,9.889484711E0,9.892044154E0
7.631600667E1,7.993377686E-2,2.433938599E-1,9.929601288E0,9.932905502E0
7.632603767E1,9.894424438E-2,2.661465454E-1,9.894125061E0,9.898198557E0
7.633606967E1,9.924362183E-2,2.806663513E-1,9.817484436E0,9.821996923E0
7.634610067E1,7.649093628E-2,2.704875183E-1,9.771230621E0,9.775273000E0
7.635613167E1,4.685256958E-2,2.514770508E-1,9.774224396E0,9.777571192E0
7.636616367E1,1.032852173E-2,2.275268555E-1,9.822573853E0,9.825214106E0
7.637619467E1,8.382568359E-3,1.998344421E-1,9.865534515E0,9.867561773E0
7.638622567E1,8.532257080E-3,1.703457642E-1,9.868977356E0,9.870451080E0
7.639625767E1,3.068618774E-2,1.683998108E-1,9.789492645E0,9.790989040E0
7.640628867E1,3.472778320E-2,1.788780212E-1,9.828860779E0,9.830549709E0
7.641631967E1,6.182144165E-2,1.866618347E-1,9.958191833E0,9.960132987E0
7.642635167E1,1.194515991E-1,2.014810181E-1,1.007764343E1,1.008036509E1
7.643638267E1,1.234931946E-1,2.215393066E-1,1.000085312E1,1.000406884E1
7.644641367E1,7.843688965E-2,2.228865051E-1,9.776918793E0,9.779773608E0
7.645644567E1,-1.197509766E-2,2.315684509E-1,9.664502563E0,9.667283856E0
7.646647667E1,-4.849914551E-2,2.154020691E-1,9.724078674E0,9.726585027E0
7.647650767E1,-3.053649902E-2,2.086660767E-1,9.852960663E0,9.855217290E0
7.648653867E1,8.382568359E-3,1.821711731E-1,9.956096191E0,9.957766214E0
7.649657067E1,7.993377686E-2,1.658551025E-1,9.939780121E0,9.941485109E0
7.650660167E1,1.032852173E-1,1.706451416E-1,9.857900391E0,9.859918241E0
7.651663267E1,1.058299255E-1,2.183958435E-1,9.807006226E0,9.810008554E0
7.652666467E1,7.259902954E-2,2.480342102E-1,9.799222412E0,9.802629824E0
7.653669567E1,4.236190796E-2,2.606080627E-1,9.861043854E0,9.864577892E0
7.654672667E1,1.960922241E-2,2.815644836E-1,9.887239380E0,9.891267140E0
7.655675867E1,5.987548828E-3,2.972817993E-1,9.902507629E0,9.906970761E0
7.656678967E1,1.646575928E-2,2.974314880E-1,9.889933777E0,9.894418968E0
7.657682067E1,2.978805542E-2,3.077600098E-1,9.901010742E0,9.905837535E0
7.658685267E1,4.685256958E-2,2.992277527E-1,9.905501404E0,9.910130699E0
7.659688367E1,4.430786133E-2,2.637515259E-1,9.914333038E0,9.917939688E0
7.660691467E1,3.278182983E-2,2.297721863E-1,9.913285217E0,9.916001901E0
7.661694667E1,3.921844482E-2,1.836680603E-1,9.886640625E0,9.888424288E0
7.662697767E1,1.916015625E-2,1.704954529E-1,9.848769379E0,9.850263656E0
7.663700867E1,6.137237549E-3,1.673519897E-1,9.818083191E0,9.819511286E0
7.664704067E1,7.035369873E-3,1.535806274E-1,9.822873230E0,9.824076292E0
7.665707167E1,1.137634277E-2,1.468446350E-1,9.820627899E0,9.821732286E0
7.666710267E1,3.323089600E-2,1.523831177E-1,9.822124786E0,9.823362979E0
7.667713467E1,4.116439819E-2,1.537303162E-1,9.839338989E0,9.840625959E0
7.668716567E1,6.795867920E-2,1.622625732E-1,9.863139496E0,9.864708219E0
7.669719667E1,5.343887329E-2,1.633103943E-1,9.887389069E0,9.888882070E0
7.670722867E1,7.619155884E-2,1.927990723E-1,9.885742493E0,9.887915921E0
7.671725967E1,5.119354248E-2,2.306703186E-1,9.815089417E0,9.817933073E0
7.672729067E1,4.939727783E-3,2.742297363E-1,9.807006226E0,9.810840813E0
7.673732267E1,-1.197509766E-2,2.978805542E-1,9.788295135E0,9.792834007E0
7.674735367E1,4.790039062E-3,2.963836670E-1,9.808203735E0,9.812681934E0
7.675738467E1,3.008743286E-2,2.647993469E-1,9.868079224E0,9.871677239E0
7.676741667E1,3.861968994E-2,2.282752991E-1,9.894873505E0,9.897581662E0
7.677744767E1,5.298980713E-2,2.158511353E-1,9.902956696E0,9.905450568E0
7.678747896E1,6.466552734E-2,2.053729248E-1,9.880802765E0,9.883148433E0
7.679750996E1,5.254074097E-2,2.025288391E-1,9.879904633E0,9.882119915E0
7.680754196E1,4.715194702E-2,2.044747925E-1,9.912536774E0,9.914757614E0
7.681757296E1,3.382965088E-2,2.233355713E-1,9.908345490E0,9.910919915E0
7.682760396E1,1.886077881E-2,2.345622253E-1,9.891430664E0,9.894229417E0
7.683763596E1,7.933502197E-3,2.528242493E-1,9.873318329E0,9.876557997E0
7.684766696E1,1.107696533E-2,2.644999695E-1,9.861343231E0,9.864896008E0
7.685769796E1,2.694396973E-2,2.553689575E-1,9.866133270E0,9.869474403E0
7.686772996E1,2.469863892E-2,2.290237427E-1,9.879904633E0,9.882589612E0
7.687776096E1,3.053649902E-2,2.233355713E-1,9.869276733E0,9.871850611E0
7.688779196E1,2.065704346E-2,1.947450256E-1,9.860295410E0,9.862240005E0
7.689782396E1,2.724334717E-2,1.764830017E-1,9.833950195E0,9.835571407E0
7.690785496E1,2.065704346E-2,1.603166199E-1,9.824819183E0,9.826148794E0
7.691788596E1,1.167572021E-2,1.440005493E-1,9.855954437E0,9.857013257E0
7.692791796E1,3.323089600E-2,1.502874756E-1,9.862540741E0,9.863741708E0
7.693794896E1,1.601669312E-2,1.534309387E-1,9.852361908E0,9.853569544E0
7.694797996E1,1.990859985E-2,1.666035461E-1,9.839937744E0,9.841368193E0
7.695801196E1,2.799179077E-2,1.742376709E-1,9.837243347E0,9.838826098E0
7.696804296E1,3.038681030E-2,1.908531189E-1,9.806856537E0,9.808760544E0
7.697807396E1,1.886077881E-2,1.875599670E-1,9.843081207E0,9.844886090E0
7.698810596E1,1.586700439E-2,2.010319519E-1,9.859546967E0,9.861608996E0
7.699813696E1,1.466949463E-2,2.076182556E-1,9.869127045E0,9.871321551E0
7.700816796E1,1.317260742E-2,2.109114075E-1,9.870773621E0,9.873035451E0
7.701819996E1,3.442840576E-3,2.201921082E-1,9.870324554E0,9.872780927E0
7.702823096E1,3.742218018E-3,2.408491516E-1,9.864786072E0,9.867726514E0
7.703826196E1,7.634124756E-3,2.459385681E-1,9.868079224E0,9.871146419E0
7.704829396E1,-1.496887207E-4,2.294728088E-1,9.864187317E0,9.866856096E0
7.705832496E1,-8.981323242E-4,2.481838989E-1,9.879754944E0,9.882871739E0
7.706835596E1,2.110610962E-2,2.317181396E-1,9.889335022E0,9.892071873E0
7.707838796E1,1.886077881E-2,2.180964661E-1,9.864636383E0,9.867065053E0
7.708841896E1,1.736389160E-2,2.146536255E-1,9.827663269E0,9.830022534E0
7.709844996E1,3.173400879E-2,1.974394226E-1,9.850415955E0,9.852445577E0
7.710848196E1,3.023712158E-2,2.076182556E-1,9.900711365E0,9.902934169E0
7.711851296E1,6.646179199E-2,2.160008240E-1,9.928703156E0,9.931274836E0
7.712854396E1,7.334747314E-2,2.368075562E-1,9.880503387E0,9.883612946E0
7.713857596E1,5.763015747E-2,2.396516418E-1,9.815538483E0,9.818632789E0
7.714860696E1,2.739303589E-2,2.215393066E-1,9.779762878E0,9.782310157E0
7.715863796E1,-8.083190918E-3,1.920506287E-1,9.800569611E0,9.802454462E0
7.716866896E1,-1.960922241E-2,1.663041687E-1,9.843081207E0,9.844505536E0
7.717870096E1,-2.095642090E-2,1.413061523E-1,9.890532532E0,9.891564101E0
7.718873196E1,-5.388793945E-3,1.314266968E-1,9.854607239E0,9.855485064E0
7.719876296E1,9.430389404E-3,1.501377869E-1,9.791737976E0,9.792893489E0
7.720879496E1,1.691482544E-2,1.809736633E-1,9.816286926E0,9.817969576E0
7.721882596E1,4.969665527E-2,2.210902405E-1,9.923613739E0,9.926200698E0
7.722885696E1,8.517288208E-2,2.233355713E-1,1.006042923E1,1.006326833E1
7.723888896E1,1.010398865E-1,2.106120300E-1,9.996961212E0,9.999689993E0
7.724891996E1,3.951782227E-2,2.052232361E-1,9.790390778E0,9.792621192E0
7.725895096E1,-5.777984619E-2,2.243833923E-1,9.682914276E0,9.685686104E0
7.726898296E1,-9.909393311E-2,2.080673218E-1,9.739197235E0,9.741923547E0
7.727901396E1,-5.957611084E-2,2.044747925E-1,9.881102142E0,9.883397129E0
7.728904496E1,-1.047821045E-3,1.670526123E-1,9.961185608E0,9.962586330E0
7.729907696E1,6.122268677E-2,1.812730408E-1,9.913135529E0,9.914981802E0
7.730910796E1,1.023870850E-1,1.824705505E-1,9.798773346E0,9.801006974E0
7.731913896E1,8.666976929E-2,2.145039368E-1,9.763746185E0,9.766486736E0
7.732917096E1,5.852828979E-2,2.389031982E-1,9.789492645E0,9.792582221E0
7.733920196E1,2.155517578E-2,2.592608643E-1,9.855205994E0,9.858639156E0
7.734923296E1,-9.879455566E-3,2.697390747E-1,9.916428680E0,9.920101539E0
7.735926496E1,-2.035766602E-2,2.865042114E-1,9.940827942E0,9.944976585E0
7.736929596E1,8.981323242E-4,2.893482971E-1,9.932894440E0,9.937107989E0
7.737932696E1,-1.047821045E-3,2.881507874E-1,9.906698914E0,9.910888726E0
7.738935896E1,1.092727661E-2,2.680924988E-1,9.890682220E0,9.894320986E0
7.739938996E1,2.125579834E-2,2.387535095E-1,9.888885956E0,9.891790561E0
7.740942096E1,3.293151855E-2,2.043251038E-1,9.883347473E0,9.885514175E0
7.741945296E1,4.056564331E-2,1.929487610E-1,9.857151947E0,9.859123658E0
7.742948396E1,3.547622681E-2,1.776805115E-1,9.818083191E0,9.819754909E0
7.743951496E1,5.837860107E-3,1.511856079E-1,9.786199493E0,9.787368987E0
7.744954696E1,-1.347198486E-2,1.434017944E-1,9.781110077E0,9.782170511E0
7.745957796E1,-7.783813477E-3,1.466949463E-1,9.803413696E0,9.804514271E0
7.746960896E1,-1.945953369E-3,1.305285645E-1,9.834099884E0,9.834966295E0
7.747964096E1,2.380050659E-2,1.365161133E-1,9.844877472E0,9.845852708E0
7.748967196E1,4.415817261E-2,1.519340515E-1,9.863738251E0,9.865007156E0
7.749970296E1,6.032455444E-2,1.800755310E-1,9.892777863E0,9.894600552E0
7.750973496E1,5.703140259E-2,2.065704346E-1,9.873468018E0,9.875793367E0
7.751976596E1,5.448669434E-2,2.342628479E-1,9.823471985E0,9.826415914E0
7.752979696E1,-3.442840576E-3,2.764750671E-1,9.816286926E0,9.820180209E0
7.753982796E1,-2.799179077E-2,2.856060791E-1,9.808054047E0,9.812251452E0
7.754985996E1,-2.305206299E-2,2.932402039E-1,9.802365875E0,9.806778164E0
7.755989096E1,1.197509766E-2,2.793191528E-1,9.864486694E0,9.868447717E0
7.756992196E1,4.790039063E-2,2.378553772E-1,9.885742493E0,9.888719546E0
7.757995396E1,4.430786133E-2,2.107617188E-1,9.909393311E0,9.911733424E0
7.758998496E1,5.448669434E-2,1.839674377E-1,9.887389069E0,9.889250498E0
7.760001596E1,4.460723877E-2,1.805245972E-1,9.890981598E0,9.892729447E0
7.761004796E1,4.834945679E-2,2.103126526E-1,9.905202026E0,9.907552486E0
7.762007896E1,4.101470947E-2,2.330653381E-1,9.885293427E0,9.888125595E0
7.763010996E1,2.664459229E-2,2.565664673E-1,9.877359924E0,9.880727471E0
7.764014196E1,3.248245239E-2,2.721340942E-1,9.858499146E0,9.862307918E0
7.765017296E1,1.601669312E-2,2.538720703E-1,9.851014709E0,9.854298472E0
7.766020396E1,3.098556519E-2,2.350112915E-1,9.875863037E0,9.878707463E0
7.767023596E1,2.694396973E-2,2.179467773E-1,9.889634399E0,9.892072348E0
7.768026696E1,2.514770508E-2,1.874102783E-1,9.893825684E0,9.895632455E0
7.769029796E1,2.724334717E-2,1.754351807E-1,9.853858795E0,9.855458024E0
7.770032996E1,2.859054565E-2,1.664538574E-1,9.840237122E0,9.841686386E0
7.771036096E1,2.619552612E-2,1.616638184E-1,9.819580078E0,9.820945693E0
7.772039196E1,2.050735474E-2,1.511856079E-1,9.850715332E0,9.851896781E0
7.773042396E1,2.664459229E-2,1.450483704E-1,9.814640350E0,9.815748274E0
7.774045496E1,2.514770508E-2,1.546284485E-1,9.791737976E0,9.792991114E0
7.775048596E1,1.826202393E-2,1.520837402E-1,9.812544708E0,9.813740195E0
7.776051796E1,3.128494263E-2,1.567240906E-1,9.836345215E0,9.837643436E0
7.777054896E1,3.023712158E-2,1.577719116E-1,9.861492920E0,9.862801269E0
7.778057996E1,7.634124756E-3,1.766326904E-1,9.884694672E0,9.886275645E0
7.779061229E1,-2.993774414E-3,2.127076721E-1,9.883497162E0,9.885786244E0
7.780064329E1,-2.993774414E-4,2.348616028E-1,9.851314087E0,9.854113319E0
7.781067429E1,-9.729766846E-3,2.615061951E-1,9.848769379E0,9.852245350E0
7.782070629E1,-1.930984497E-2,2.526745605E-1,9.856253815E0,9.859510970E0
7.783073729E1,-7.634124756E-3,2.689906311E-1,9.870025177E0,9.873692887E0
7.784076829E1,4.490661621E-3,2.499801636E-1,9.849368134E0,9.852540935E0
7.785080029E1,8.981323242E-3,2.312690735E-1,9.864786072E0,9.867500711E0
7.786083129E1,1.676513672E-2,2.218386841E-1,9.894723816E0,9.897224503E0
7.787086229E1,2.080673218E-2,2.189945984E-1,9.889035645E0,9.891482070E0
7.788089429E1,1.332229614E-2,1.959425354E-1,9.868228912E0,9.870183019E0
7.789092529E1,1.107696533E-2,1.930984497E-1,9.841883698E0,9.843784050E0
7.790095629E1,2.335144043E-2,1.966909790E-1,9.853260040E0,9.855250684E0
7.791098829E1,2.799179077E-2,1.990859985E-1,9.893226929E0,9.895269468E0
7.792101929E1,6.301895142E-2,2.236349487E-1,9.910890198E0,9.913613291E0
7.793105029E1,8.262817383E-2,2.338137817E-1,9.862989807E0,9.866106843E0
7.794108229E1,6.032455444E-2,2.445913696E-1,9.818382568E0,9.821613933E0
7.795111329E1,3.517684937E-2,2.239343262E-1,9.793234863E0,9.795857955E0
7.796114429E1,-2.350112915E-2,2.079176331E-1,9.808503113E0,9.810734700E0
7.797117529E1,-4.520599365E-2,1.628613281E-1,9.864037628E0,9.865485580E0
7.798120729E1,-3.787124634E-2,1.447489929E-1,9.894723816E0,9.895854986E0
7.799123829E1,-2.424957275E-2,1.392105103E-1,9.851014709E0,9.852028137E0
7.800126929E1,-1.901046753E-2,1.571731567E-1,9.791139221E0,9.792419111E0
7.801130129E1,1.362167358E-2,1.829196167E-1,9.837243347E0,9.838953288E0
7.802133229E1,5.568420410E-2,2.161505127E-1,9.959089966E0,9.961590973E0
7.803136329E1,1.052311707E-1,2.198927307E-1,1.006911118E1,1.007206167E1
7.804139529E1,1.122665405E-1,2.163002014E-1,9.940977631E0,9.943964290E0
7.805142629E1,3.113525391E-2,2.143542480E-1,9.749076691E0,9.751482629E0
7.806145729E1,-6.331832886E-2,1.966909790E-1,9.689350891E0,9.691553913E0
7.807148929E1,-7.514373779E-2,2.013313293E-1,9.769584045E0,9.771947263E0
7.808152029E1,-4.640350342E-2,1.917512512E-1,9.915979614E0,9.917942001E0
7.809155129E1,9.729766846E-3,1.654060364E-1,9.970316620E0,9.971693303E0
7.810158329E1,8.038284302E-2,1.724414062E-1,9.904752960E0,9.906580068E0
7.811161429E1,1.035845947E-1,1.935475159E-1,9.811347198E0,9.813802742E0
7.812164529E1,8.442443848E-2,2.306703186E-1,9.763746185E0,9.766835509E0
7.813167729E1,3.697311401E-2,2.677931213E-1,9.795629883E0,9.799359416E0
7.814170829E1,1.945953369E-3,2.706372070E-1,9.869576111E0,9.873286226E0
7.815173929E1,-3.068618774E-2,2.679428101E-1,9.902507629E0,9.906179503E0
7.816177129E1,-2.365081787E-2,2.897973633E-1,9.918674011E0,9.922934849E0
7.817180229E1,-6.137237549E-3,2.797682190E-1,9.888586578E0,9.892545296E0
7.818183329E1,2.290237427E-2,2.764750671E-1,9.894424438E0,9.898312884E0
7.819186529E1,3.338058472E-2,2.664459229E-1,9.900112610E0,9.903753702E0
7.820189629E1,3.023712158E-2,2.335144043E-1,9.893825684E0,9.896627199E0
7.821192729E1,3.682342529E-2,1.963916016E-1,9.882898407E0,9.884918136E0
7.822195929E1,2.020797729E-2,1.836680603E-1,9.836195526E0,9.837930918E0
7.823199029E1,9.580078125E-3,1.585203552E-1,9.817185059E0,9.818469481E0
7.824202129E1,-3.442840576E-3,1.640588379E-1,9.794132996E0,9.795507557E0
7.825205329E1,-1.257385254E-2,1.585203552E-1,9.830507355E0,9.831793410E0
7.826208429E1,-2.993774414E-3,1.395098877E-1,9.846374359E0,9.847363098E0
7.827211529E1,2.933898926E-2,1.600172424E-1,9.875563660E0,9.876903558E0
7.828214729E1,4.715194702E-2,1.501377869E-1,9.886490936E0,9.887743306E0
7.829217829E1,6.002517700E-2,1.734892273E-1,9.890382843E0,9.892086449E0
7.830220929E1,5.568420410E-2,1.895059204E-1,9.893675995E0,9.895647423E0
7.831224129E1,5.343887329E-2,2.136058044E-1,9.844727783E0,9.847189867E0
7.832227229E1,1.975891113E-2,2.591111755E-1,9.826615448E0,9.830050874E0
7.833230329E1,-1.901046753E-2,2.920426941E-1,9.813891907E0,9.818254666E0
7.834233529E1,-2.933898926E-2,2.926414490E-1,9.804012451E0,9.808422908E0
7.835236629E1,-1.347198486E-2,2.805166626E-1,9.824819183E0,9.828832234E0
7.836239729E1,3.068618774E-2,2.535726929E-1,9.874216461E0,9.877519500E0
7.837242829E1,7.454498291E-2,2.317181396E-1,9.906698914E0,9.909688876E0
7.838246029E1,6.301895142E-2,2.047741699E-1,9.891730042E0,9.894050084E0
7.839249129E1,5.912704468E-2,2.022294617E-1,9.883946228E0,9.886191673E0
7.840252329E1,5.209167480E-2,2.029779053E-1,9.909542999E0,9.911758473E0
7.841255429E1,2.814147949E-2,2.142045593E-1,9.906249847E0,9.908605430E0
7.842258529E1,-1.646575928E-3,2.351609802E-1,9.882898407E0,9.885695945E0
7.843261629E1,-1.197509766E-3,2.546205139E-1,9.861941986E0,9.865228471E0
7.844264829E1,1.257385254E-2,2.559677124E-1,9.856104126E0,9.859435385E0
7.845267929E1,1.856140137E-2,2.468367004E-1,9.858499146E0,9.861606273E0
7.846271029E1,4.595443726E-2,2.612068176E-1,9.879455566E0,9.883014879E0
7.847274229E1,4.715194702E-2,2.405497742E-1,9.904154205E0,9.907187190E0
7.848277329E1,5.149291992E-2,2.176473999E-1,9.882748718E0,9.885279163E0
7.849280429E1,5.298980713E-2,2.007325745E-1,9.845476227E0,9.847664882E0
7.850283629E1,3.996688843E-2,1.814227295E-1,9.840536499E0,9.842289883E0
7.851286729E1,3.517684937E-2,1.737886047E-1,9.839788055E0,9.841385516E0
7.852289829E1,1.930984497E-2,1.541793823E-1,9.835596771E0,9.836824081E0
7.853293029E1,2.020797729E-2,1.558259583E-1,9.855355682E0,9.856608226E0
7.854296129E1,3.353027344E-2,1.627116394E-1,9.849517822E0,9.850918774E0
7.855299229E1,3.832031250E-2,1.838177490E-1,9.827214203E0,9.829007905E0
7.856302429E1,2.739303589E-2,1.808239746E-1,9.826316071E0,9.828017868E0
7.857305529E1,3.427871704E-2,1.927990723E-1,9.814041595E0,9.815995057E0
7.858308629E1,1.766326904E-2,2.112107849E-1,9.836494904E0,9.838778073E0
7.859311829E1,3.203338623E-2,2.257305908E-1,9.856852570E0,9.859488984E0
7.860314929E1,2.140548706E-2,2.417472839E-1,9.871671753E0,9.874654583E0
7.861318029E1,6.586303711E-3,2.612068176E-1,9.877659302E0,9.881114596E0
7.862321229E1,1.302291870E-2,2.624043274E-1,9.881102142E0,9.884594335E0
7.863324329E1,8.083190918E-3,2.724334717E-1,9.864935760E0,9.868700162E0
7.864327429E1,1.392105103E-2,2.667453003E-1,9.865085449E0,9.868700916E0
7.865330629E1,1.137634277E-2,2.492317200E-1,9.875264282E0,9.878415385E0
7.866333729E1,3.472778320E-2,2.408491516E-1,9.892029419E0,9.895021999E0
7.867336829E1,3.832031250E-2,2.197430420E-1,9.847871246E0,9.850397126E0
7.868340029E1,2.305206299E-2,2.058219910E-1,9.837842102E0,9.840021916E0
7.869343129E1,2.844085693E-2,2.203417969E-1,9.840237122E0,9.842744841E0
7.870346229E1,4.056564331E-2,2.110610962E-1,9.873168640E0,9.875507650E0
7.871349429E1,5.628295898E-2,2.386038208E-1,9.922116852E0,9.925144955E0
7.872352529E1,6.706054688E-2,2.597099304E-1,9.890682220E0,9.894318630E0
7.873355629E1,7.454498291E-2,2.745291138E-1,9.852062531E0,9.856168591E0
7.874358829E1,6.526428223E-2,2.616558838E-1,9.825867004E0,9.829566909E0
7.875361929E1,3.083587646E-2,2.459385681E-1,9.826615448E0,9.829740983E0
7.876365029E1,1.736389160E-2,2.179467773E-1,9.849667511E0,9.852093807E0
7.877368229E1,3.143463135E-3,1.871109009E-1,9.880952454E0,9.882724410E0
7.878371329E1,1.616638184E-2,1.716929626E-1,9.871222687E0,9.872728962E0
7.879374442E1,9.430389404E-3,1.725910950E-1,9.791438599E0,9.792964130E0
7.880377642E1,2.694396973E-2,1.932481384E-1,9.787995758E0,9.789940336E0
7.881380742E1,4.924758911E-2,2.071691895E-1,9.876761169E0,9.879056412E0
7.882383842E1,1.031355286E-1,2.279759216E-1,1.000339783E1,1.000652677E1
7.883387042E1,1.489402771E-1,2.209405518E-1,1.006267456E1,1.006620173E1
7.884390142E1,1.312770081E-1,2.246827698E-1,9.879305878E0,9.882732447E0
7.885393242E1,3.787124634E-2,2.134561157E-1,9.719438324E0,9.721855743E0
7.886396442E1,-2.335144043E-2,2.158511353E-1,9.745933228E0,9.748351218E0
7.887399542E1,-2.933898926E-2,2.142045593E-1,9.827064514E0,9.829442575E0
7.888402642E1,3.293151855E-3,2.142045593E-1,9.885892181E0,9.888213118E0
7.889405842E1,5.568420410E-2,2.234852600E-1,9.883646851E0,9.886330030E0
7.890408942E1,1.067280579E-1,2.411485291E-1,9.795779572E0,9.799328595E0
7.891412042E1,1.077758789E-1,2.800675964E-1,9.744885406E0,9.749504864E0
7.892415242E1,9.400451660E-2,3.144960022E-1,9.764344940E0,9.769860628E0
7.893418342E1,5.837860107E-2,3.204835510E-1,9.838590546E0,9.843982004E0
7.894421442E1,4.101470947E-2,3.312611389E-1,9.921518097E0,9.927131383E0
7.895424642E1,3.158432007E-2,3.306623840E-1,9.959838409E0,9.965375875E0
7.896427742E1,2.365081787E-2,3.164419556E-1,9.966424713E0,9.971475138E0
7.897430842E1,4.819976807E-2,2.830613708E-1,9.951156464E0,9.955298183E0
7.898433942E1,4.894821167E-2,2.618055725E-1,9.924212494E0,9.927785841E0
7.899437142E1,6.481521606E-2,2.420466614E-1,9.925859070E0,9.929021396E0
7.900440242E1,6.526428223E-2,2.046244812E-1,9.877359924E0,9.879694817E0
7.901443342E1,6.391708374E-2,1.848655701E-1,9.839488678E0,9.841432727E0
7.902446542E1,8.202941895E-2,1.757345581E-1,9.796378326E0,9.798297800E0
7.903449642E1,6.721023560E-2,1.917512512E-1,9.771380310E0,9.773492668E0
7.904452742E1,6.212081909E-2,1.932481384E-1,9.774823151E0,9.776930575E0
7.905455942E1,5.703140259E-2,2.019300842E-1,9.808802490E0,9.811046562E0
7.906459042E1,5.733078003E-2,1.878593445E-1,9.844278717E0,9.846237932E0
7.907462142E1,6.167175293E-2,1.734892273E-1,9.870324554E0,9.872041771E0
7.908465342E1,6.960525513E-2,1.790277100E-1,9.876611481E0,9.878479142E0
7.909468442E1,7.694000244E-2,1.974394226E-1,9.885143738E0,9.887414667E0
7.910471542E1,6.511459351E-2,2.143542480E-1,9.838141479E0,9.840691816E0
7.911474742E1,6.256988525E-2,2.615061951E-1,9.807604980E0,9.811290228E0
7.912477842E1,2.888992310E-2,3.010240173E-1,9.813293152E0,9.817951547E0
7.913480942E1,2.933898926E-2,3.204835510E-1,9.843979340E0,9.849238535E0
7.914484142E1,5.224136353E-2,3.251239014E-1,9.853110352E0,9.858611378E0
7.915487242E1,7.544311523E-2,3.020718384E-1,9.865534515E0,9.870446309E0
7.916490342E1,9.101074219E-2,2.682421875E-1,9.892328796E0,9.896383473E0
7.917493542E1,1.082249451E-1,2.484832764E-1,9.898765411E0,9.902475107E0
7.918496642E1,1.140628052E-1,2.478845215E-1,9.909243622E0,9.912999860E0
7.919499742E1,1.007405090E-1,2.567161560E-1,9.899513855E0,9.903354300E0
7.920502942E1,8.517288208E-2,2.636018372E-1,9.886341248E0,9.890221616E0
7.921506042E1,8.173004150E-2,2.695893860E-1,9.871072998E0,9.875091917E0
7.922509142E1,6.526428223E-2,2.573149109E-1,9.866881714E0,9.870452125E0
7.923512342E1,7.379653931E-2,2.481838989E-1,9.860744476E0,9.864143288E0
7.924515442E1,8.113128662E-2,2.447410583E-1,9.871222687E0,9.874589500E0
7.925518542E1,8.801696777E-2,2.674937439E-1,9.890831909E0,9.894839854E0
7.926521742E1,7.738906860E-2,2.655477905E-1,9.873917084E0,9.877790404E0
7.927524842E1,8.711883545E-2,2.604583740E-1,9.843380585E0,9.847211260E0
7.928527942E1,7.304809570E-2,2.513273621E-1,9.842332764E0,9.845812089E0
7.929531142E1,7.379653931E-2,2.320175171E-1,9.817185059E0,9.820203691E0
7.930534242E1,6.855743408E-2,2.143542480E-1,9.833052063E0,9.835627115E0
7.931537342E1,7.783813477E-2,1.865121460E-1,9.843679962E0,9.845754453E0
7.932540542E1,8.352630615E-2,1.686991882E-1,9.861193542E0,9.862990122E0
7.933543642E1,8.756790161E-2,1.724414062E-1,9.837093658E0,9.838994655E0
7.934546742E1,9.879455566E-2,1.796264648E-1,9.831555176E0,9.833692247E0
7.935549942E1,8.083190918E-2,1.895059204E-1,9.836195526E0,9.838352947E0
7.936553042E1,7.259902954E-2,2.056723022E-1,9.824669495E0,9.827090230E0
7.937556142E1,7.708969116E-2,2.121089172E-1,9.828112335E0,9.830703184E0
7.938559342E1,6.810836792E-2,2.314187622E-1,9.850565643E0,9.853519010E0
7.939562442E1,5.194198608E-2,2.285746765E-1,9.864337006E0,9.867121612E0
7.940565542E1,4.326004028E-2,2.377056885E-1,9.847122803E0,9.850086442E0
7.941568742E1,6.421646118E-2,2.483335876E-1,9.868079224E0,9.871412305E0
7.942571842E1,5.403762817E-2,2.606080627E-1,9.884844360E0,9.888426804E0
7.943574942E1,6.735992432E-2,2.589614868E-1,9.874964905E0,9.878589488E0
7.944578142E1,5.658233643E-2,2.606080627E-1,9.846074982E0,9.849685816E0
7.945581242E1,3.517684937E-2,2.580633545E-1,9.862690430E0,9.866128755E0
7.946584342E1,4.730163574E-2,2.650987244E-1,9.857601013E0,9.861278442E0
7.947587542E1,4.745132446E-2,2.589614868E-1,9.858199768E0,9.861714625E0
7.948590642E1,5.598358154E-2,2.815644836E-1,9.867630157E0,9.871805187E0
7.949593742E1,9.819580078E-2,2.802172852E-1,9.874366150E0,9.878829435E0
7.950596942E1,9.385482788E-2,2.677931213E-1,9.854906616E0,9.858991140E0
7.951600042E1,1.125659180E-1,2.363584900E-1,9.867480469E0,9.870952701E0
7.952603142E1,9.789642334E-2,2.257305908E-1,9.858948212E0,9.862017940E0
7.953606342E1,8.532257080E-2,2.160008240E-1,9.883946228E0,9.886674331E0
7.954609442E1,7.634124756E-2,2.064207458E-1,9.858648834E0,9.861105128E0
7.955612542E1,7.664062500E-2,2.013313293E-1,9.827064514E0,9.829425469E0
7.956615742E1,8.322692871E-2,2.016307068E-1,9.823471985E0,9.825893522E0
7.957618842E1,8.247848511E-2,2.037263489E-1,9.857301636E0,9.859751653E0
7.958621942E1,1.001417542E-1,2.004331970E-1,9.952503662E0,9.955025413E0
7.959625142E1,1.577719116E-1,1.975891113E-1,1.005054977E1,1.005372986E1
7.960628242E1,1.972897339E-1,2.059716797E-1,9.951755219E0,9.955841476E0
7.961631342E1,1.251397705E-1,1.848655701E-1,9.768236847E0,9.770787396E0
7.962634542E1,5.852828979E-2,1.791773987E-1,9.740245056E0,9.742068767E0
7.963637642E1,2.784210205E-2,1.992356873E-1,9.799821167E0,9.801885785E0
7.964640742E1,3.742218018E-2,2.026785278E-1,9.861492920E0,9.863646466E0
7.965643942E1,7.349716187E-2,2.182461548E-1,9.850116577E0,9.852808219E0
7.966647042E1,9.145980835E-2,2.457888794E-1,9.769733734E0,9.773253005E0
7.967650142E1,1.037342834E-1,2.639012146E-1,9.726324005E0,9.730456480E0
7.968653342E1,8.666976929E-2,3.031196594E-1,9.762848053E0,9.767937105E0
7.969656442E1,6.346801758E-2,3.019221497E-1,9.861043854E0,9.865868997E0
7.970659542E1,6.676116943E-2,3.236270142E-1,9.936337280E0,9.941830317E0
7.971662742E1,7.229965210E-2,3.185375977E-1,9.944719849E0,9.950082729E0
7.972665842E1,9.610015869E-2,3.095562744E-1,9.946665802E0,9.951945584E0
7.973668942E1,1.089733887E-1,2.953358459E-1,9.945767670E0,9.950748364E0
7.974672142E1,1.080752563E-1,2.670446777E-1,9.951605530E0,9.955774492E0
7.975675242E1,1.080752563E-1,2.273771667E-1,9.942175140E0,9.945362093E0
7.976678342E1,8.607101440E-2,1.939965820E-1,9.893975372E0,9.896251389E0
7.977681442E1,8.981323242E-2,1.969903564E-1,9.839638367E0,9.842019854E0
7.978684642E1,8.322692871E-2,1.910028076E-1,9.784702606E0,9.786920552E0
7.979687754E1,6.361770630E-2,2.080673218E-1,9.769584045E0,9.772006531E0
7.980690854E1,7.424560547E-2,1.951940918E-1,9.794582062E0,9.796808200E0
7.981694054E1,8.517288208E-2,1.974394226E-1,9.815089417E0,9.817444525E0
7.982697154E1,1.070274353E-1,1.992356873E-1,9.855954437E0,9.858548960E0
7.983700254E1,1.157093811E-1,1.953437805E-1,9.880653076E0,9.883261257E0
7.984703454E1,1.202000427E-1,1.969903564E-1,9.892628174E0,9.895319370E0
7.985706554E1,1.176553345E-1,2.020797729E-1,9.863438873E0,9.866210287E0
7.986709654E1,1.064286804E-1,2.203417969E-1,9.812993774E0,9.816044233E0
7.987712854E1,7.319778442E-2,2.505789185E-1,9.802216187E0,9.805691708E0
7.988715954E1,5.972579956E-2,2.727328491E-1,9.815239105E0,9.819209188E0
7.989719054E1,6.286926270E-2,2.935395813E-1,9.831106110E0,9.835688353E0
7.990722254E1,9.175918579E-2,2.752775574E-1,9.875563660E0,9.879825660E0
7.991725354E1,1.052311707E-1,2.642005920E-1,9.854906616E0,9.859009076E0
7.992728454E1,1.185534668E-1,2.435435486E-1,9.865983582E0,9.869701131E0
7.993731654E1,1.215472412E-1,2.317181396E-1,9.889185333E0,9.892646440E0
7.994734754E1,1.234931946E-1,2.336640930E-1,9.911638641E0,9.915161624E0
7.995737854E1,1.236428833E-1,2.427951050E-1,9.915380859E0,9.919123682E0
7.996741054E1,1.246907043E-1,2.694396973E-1,9.902956696E0,9.907406161E0
7.997744154E1,1.311273193E-1,2.722837830E-1,9.900411987E0,9.905023491E0
7.998747254E1,1.348695374E-1,2.633024597E-1,9.884694672E0,9.889120625E0
7.999750454E1,1.312770081E-1,2.788700867E-1,9.882000275E0,9.886805936E0
8.000753554E1,1.206491089E-1,2.856060791E-1,9.896969147E0,9.901824344E0
8.001756654E1,1.007405090E-1,2.734812927E-1,9.876312103E0,9.880611389E0
8.002759854E1,1.038839722E-1,2.668949890E-1,9.843979340E0,9.848144701E0
8.003762954E1,9.026229858E-2,2.588117981E-1,9.822873230E0,9.826696766E0
8.004766054E1,8.876541138E-2,2.380050659E-1,9.820029144E0,9.823314008E0
8.005769254E1,6.197113037E-2,2.092648315E-1,9.796228638E0,9.798659485E0
8.006772354E1,7.334747314E-2,1.856140137E-1,9.826166382E0,9.828193027E0
8.007775454E1,9.145980835E-2,1.624122620E-1,9.870025177E0,9.871785028E0
8.008778654E1,9.595046997E-2,1.736389160E-1,9.883048096E0,9.885039030E0
8.009781754E1,1.128652954E-1,1.622625732E-1,9.853409729E0,9.855391976E0
8.010784854E1,1.170565796E-1,1.764830017E-1,9.824070740E0,9.826353057E0
8.011788054E1,1.085243225E-1,1.895059204E-1,9.821226654E0,9.823654260E0
8.012791154E1,1.029858398E-1,2.071691895E-1,9.808054047E0,9.810782300E0
8.013794254E1,1.011895752E-1,2.095642090E-1,9.818831635E0,9.821589034E0
8.014797454E1,1.028361511E-1,2.095642090E-1,9.829758911E0,9.832530330E0
8.015800554E1,9.774673462E-2,2.121089172E-1,9.840087433E0,9.842858594E0
8.016803654E1,9.744735718E-2,2.204914856E-1,9.860145721E0,9.863092118E0
8.017806854E1,8.322692871E-2,2.267784119E-1,9.879754944E0,9.882707773E0
8.018809954E1,8.247848511E-2,2.386038208E-1,9.908644867E0,9.911860450E0
8.019813054E1,7.933502197E-2,2.532733154E-1,9.884544983E0,9.888107551E0
8.020816254E1,7.319778442E-2,2.766247559E-1,9.859696655E0,9.863847997E0
8.021819354E1,8.637039185E-2,2.966830444E-1,9.858349457E0,9.863190898E0
8.022822454E1,9.056167603E-2,3.216810608E-1,9.848919067E0,9.854587100E0
8.023825654E1,9.280700684E-2,3.046165466E-1,9.851014709E0,9.856160266E0
8.024828754E1,9.011260986E-2,2.776725769E-1,9.862540741E0,9.866860302E0
8.025831854E1,9.385482788E-2,2.421963501E-1,9.855655060E0,9.859077262E0
8.026835054E1,9.714797974E-2,2.212399292E-1,9.882149963E0,9.885103577E0
8.027838154E1,9.879455566E-2,1.941462708E-1,9.868228912E0,9.870632959E0
8.028841254E1,1.088237000E-1,1.930984497E-1,9.837692413E0,9.840189105E0
8.029844454E1,1.341210938E-1,2.203417969E-1,9.842781830E0,9.846161340E0
8.030847554E1,1.510359192E-1,2.210902405E-1,9.855655060E0,9.859291526E0
8.031850654E1,1.568737793E-1,2.101629639E-1,9.909243622E0,9.912713403E0
8.032853854E1,1.920506287E-1,2.047741699E-1,9.995614014E0,9.999555761E0
8.033856954E1,1.999841309E-1,1.916015625E-1,9.903106384E0,9.906978393E0
8.034860054E1,1.338217163E-1,1.884580994E-1,9.765243073E0,9.767978141E0
8.035863254E1,6.810836792E-2,1.923500061E-1,9.796078949E0,9.798203920E0
8.036866354E1,5.598358154E-2,2.031275940E-1,9.858648834E0,9.860900152E0
8.037869454E1,7.649093628E-2,2.058219910E-1,9.889335022E0,9.891772376E0
8.038872654E1,1.079255676E-1,2.221380615E-1,9.829309845E0,9.832411976E0
8.039875754E1,1.212478638E-1,2.612068176E-1,9.736502838E0,9.740760625E0
8.040878854E1,1.193019104E-1,3.138972473E-1,9.710157623E0,9.715962407E0
8.041882054E1,1.086740112E-1,3.221301270E-1,9.785750427E0,9.791654063E0
8.042885154E1,8.996292114E-2,3.168910217E-1,9.845027161E0,9.850536688E0
8.043888254E1,1.119671631E-1,3.167413330E-1,9.911938019E0,9.917629606E0
8.044891454E1,1.311273193E-1,3.113525391E-1,9.945617981E0,9.951354270E0
8.045894554E1,1.315763855E-1,3.032693481E-1,9.934541016E0,9.940039730E0
8.046897654E1,1.502874756E-1,2.743794250E-1,9.920320587E0,9.925252186E0
8.047900854E1,1.320254517E-1,2.317181396E-1,9.930499420E0,9.934079864E0
8.048903954E1,1.234931946E-1,2.197430420E-1,9.920619965E0,9.923821746E0
8.049907054E1,8.981323242E-2,2.050735474E-1,9.883946228E0,9.886481407E0
8.050910254E1,8.876541138E-2,1.878593445E-1,9.832004242E0,9.834199400E0
8.051913354E1,9.849517822E-2,1.981878662E-1,9.820029144E0,9.822522697E0
8.052916454E1,1.188528442E-1,2.224374390E-1,9.802066498E0,9.805310400E0
8.053919654E1,1.240919495E-1,2.270777893E-1,9.836045837E0,9.839449215E0
8.054922754E1,1.347198486E-1,2.008822632E-1,9.863289185E0,9.866254439E0
8.055925854E1,1.570234680E-1,1.896556091E-1,9.895472260E0,9.898535086E0
8.056929054E1,1.591191101E-1,2.092648315E-1,9.902807007E0,9.906295840E0
8.057932154E1,1.474433899E-1,1.969903564E-1,9.882299652E0,9.885362470E0
8.058935254E1,1.441502380E-1,2.020797729E-1,9.853409729E0,9.856535842E0
8.059938454E1,1.306782532E-1,2.402503967E-1,9.799970856E0,9.803786301E0
8.060941554E1,1.040336609E-1,2.562670898E-1,9.795629883E0,9.799533694E0
8.061944654E1,9.250762939E-2,2.877017212E-1,9.796677704E0,9.801337867E0
8.062947854E1,7.903564453E-2,2.868035889E-1,9.838141479E0,9.842638401E0
8.063950954E1,1.100212097E-1,2.799179077E-1,9.882748718E0,9.887324255E0
8.064954054E1,1.390608215E-1,2.577639771E-1,9.869576111E0,9.873920842E0
8.065957254E1,1.456471252E-1,2.454895020E-1,9.902507629E0,9.906620793E0
8.066960354E1,1.633103943E-1,2.469863892E-1,9.930200043E0,9.934613503E0
8.067963454E1,1.655557251E-1,2.412982178E-1,9.926757202E0,9.931069533E0
8.068966654E1,1.625619507E-1,2.514770508E-1,9.915829926E0,9.920350307E0
8.069969754E1,1.534309387E-1,2.773731995E-1,9.873617706E0,9.878704548E0
8.070972854E1,1.429527283E-1,2.966830444E-1,9.883347473E0,9.888832772E0
8.071976054E1,1.371148682E-1,2.656974792E-1,9.869426422E0,9.873954301E0
8.072979154E1,1.362167358E-1,2.728825378E-1,9.883197784E0,9.887902625E0
8.073982254E1,1.210981750E-1,2.582130432E-1,9.872120819E0,9.876239578E0
8.074985454E1,1.106199646E-1,2.588117981E-1,9.848320312E0,9.852341514E0
8.075988554E1,1.070274353E-1,2.423460388E-1,9.843230896E0,9.846795466E0
8.076991654E1,1.128652954E-1,2.329156494E-1,9.839338989E0,9.842742505E0
8.077994854E1,1.204994202E-1,2.191442871E-1,9.819131012E0,9.822315316E0
8.078997946E1,1.152603149E-1,2.067201233E-1,9.831704865E0,9.834553304E0
8.080001046E1,1.152603149E-1,1.868115234E-1,9.834548950E0,9.836998350E0
8.081004246E1,1.146615601E-1,1.561253357E-1,9.875413971E0,9.877313577E0
8.082007346E1,1.249900818E-1,1.562750244E-1,9.884994049E0,9.887019356E0
8.083010446E1,1.270857239E-1,1.532812500E-1,9.865684204E0,9.867693284E0
8.084013646E1,1.404080200E-1,1.613644409E-1,9.835746460E0,9.838072033E0
8.085016746E1,1.514849854E-1,1.829196167E-1,9.828711090E0,9.831580187E0
8.086019846E1,1.437011719E-1,1.845661926E-1,9.807754669E0,9.810543632E0
8.087023046E1,1.423539734E-1,1.929487610E-1,9.785600739E0,9.788537975E0
8.088026146E1,1.017883301E-1,1.974394226E-1,9.823471985E0,9.825983158E0
8.089029246E1,1.043330383E-1,2.098635864E-1,9.884095917E0,9.886874137E0
8.090032446E1,1.092727661E-1,2.378553772E-1,9.896819458E0,9.900280355E0
8.091035546E1,1.219963074E-1,2.653981018E-1,9.900561676E0,9.904869547E0
8.092038646E1,1.327738953E-1,2.957849121E-1,9.872569885E0,9.877892172E0
8.093041846E1,1.224453735E-1,3.055146790E-1,9.830806732E0,9.836315016E0
8.094044946E1,1.175056458E-1,2.911445618E-1,9.830657043E0,9.835669303E0
8.095048046E1,9.804611206E-2,2.739303589E-1,9.840686188E0,9.844986314E0
8.096051246E1,8.382568359E-2,2.481838989E-1,9.846823425E0,9.850307283E0
8.097054346E1,8.996292114E-2,2.365081787E-1,9.874515839E0,9.877757463E0
8.098057446E1,1.106199646E-1,2.225871277E-1,9.880503387E0,9.883629343E0
8.099060646E1,1.237925720E-1,2.353106689E-1,9.844129028E0,9.847719129E0
8.100063746E1,1.428030396E-1,2.424957275E-1,9.878557434E0,9.882565146E0
8.101066846E1,1.562750244E-1,2.282752991E-1,9.872569885E0,9.876445091E0
8.102070046E1,1.689985657E-1,2.014810181E-1,9.886191559E0,9.889688501E0
8.103073146E1,1.992356873E-1,1.986369324E-1,9.973310394E0,9.977277771E0
8.104076246E1,2.233355713E-1,1.636097717E-1,9.908195801E0,9.912062901E0
8.105079446E1,1.672023010E-1,1.643582153E-1,9.755812683E0,9.758629583E0
8.106082546E1,8.412506104E-2,1.673519897E-1,9.749825134E0,9.751624165E0
8.107085646E1,6.676116943E-2,1.534309387E-1,9.827214203E0,9.828638619E0
8.108088846E1,7.843688965E-2,1.574725342E-1,9.854607239E0,9.856177442E0
8.109091946E1,8.996292114E-2,1.916015625E-1,9.846224670E0,9.848499619E0
8.110095046E1,1.276844788E-1,2.245330811E-1,9.765991516E0,9.769406774E0
8.111098246E1,1.354682922E-1,2.836601257E-1,9.726024628E0,9.731103215E0
8.112101346E1,1.480421448E-1,3.311114502E-1,9.769134979E0,9.775865666E0
8.113104446E1,1.588197327E-1,3.435356140E-1,9.870025177E0,9.877278847E0
8.114107646E1,1.835183716E-1,3.326083374E-1,9.946665802E0,9.953917213E0
8.115110746E1,1.830693054E-1,3.362008667E-1,9.985285492E0,9.992620865E0
8.116113846E1,1.739382935E-1,3.008743286E-1,9.990823975E0,9.996866688E0
8.117117046E1,1.378633118E-1,2.516267395E-1,9.986183624E0,9.990304584E0
8.118120146E1,9.550140381E-2,2.240840149E-1,9.946067047E0,9.949049395E0
8.119123246E1,7.918533325E-2,1.883084106E-1,9.897567902E0,9.899675790E0
8.120126446E1,3.712280273E-2,1.724414062E-1,9.815837860E0,9.817422627E0
8.121129546E1,6.421646118E-2,1.877096558E-1,9.763596497E0,9.765611871E0
8.122132646E1,9.460327148E-2,2.001338196E-1,9.745933228E0,9.748446943E0
8.123135846E1,1.261875916E-1,1.995350647E-1,9.775421906E0,9.778272392E0
8.124138946E1,1.625619507E-1,2.272274780E-1,9.822723541E0,9.826696112E0
8.125142046E1,1.751358032E-1,2.290237427E-1,9.859846344E0,9.864060743E0
8.126145246E1,1.847158813E-1,2.168989563E-1,9.885293427E0,9.889397921E0
8.127148346E1,1.794767761E-1,2.227368164E-1,9.891580353E0,9.895715511E0
8.128151446E1,1.675016785E-1,2.204914856E-1,9.862840118E0,9.866726332E0
8.129154646E1,1.450483704E-1,2.179467773E-1,9.860594788E0,9.864069616E0
8.130157746E1,1.401086426E-1,2.427951050E-1,9.822124786E0,9.826124120E0
8.131160846E1,1.341210938E-1,2.555186462E-1,9.791887665E0,9.796139152E0
8.132164046E1,9.819580078E-2,2.767744446E-1,9.820328522E0,9.824718764E0
8.133167146E1,9.160949707E-2,2.926414490E-1,9.845775604E0,9.850549658E0
8.134170246E1,1.209484863E-1,2.791694641E-1,9.852212219E0,9.856908731E0
8.135173446E1,1.501377869E-1,2.658471680E-1,9.865085449E0,9.869808863E0
8.136176546E1,1.517843628E-1,2.341131592E-1,9.873018951E0,9.876960599E0
8.137179646E1,1.567240906E-1,2.218386841E-1,9.875863037E0,9.879597440E0
8.138182846E1,1.700463867E-1,2.061213684E-1,9.876761169E0,9.880375144E0
8.139185946E1,1.407073975E-1,1.983375549E-1,9.877958679E0,9.880951575E0
8.140189046E1,1.336720276E-1,2.142045593E-1,9.858499146E0,9.861731958E0
8.141192246E1,1.330732727E-1,2.320175171E-1,9.872569885E0,9.876192422E0
8.142195346E1,1.471440125E-1,2.616558838E-1,9.864935760E0,9.869502152E0
8.143198446E1,1.387614441E-1,2.658471680E-1,9.869576111E0,9.874130952E0
8.144201646E1,1.408570862E-1,2.639012146E-1,9.874515839E0,9.879045886E0
8.145204746E1,1.273851013E-1,2.606080627E-1,9.870474243E0,9.874735708E0
8.146207846E1,9.205856323E-2,2.583627319E-1,9.865833893E0,9.869645611E0
8.147211046E1,1.073268127E-1,2.290237427E-1,9.878108368E0,9.881345852E0
8.148214146E1,1.112187195E-1,2.059716797E-1,9.833501129E0,9.836286819E0
8.149217246E1,1.047821045E-1,1.853146362E-1,9.740544434E0,9.742870556E0
8.150220446E1,-3.442840576E-3,1.936972046E-1,8.652307434E0,8.654475975E0
8.151223546E1,1.408570862E-1,2.701881409E-1,8.342751160E0,8.348313558E0
8.152226646E1,4.441264343E-1,6.706054688E-2,9.576784973E0,9.587312232E0
8.153229846E1,4.511618042E-1,-9.475296021E-2,1.069331314E1,1.070324582E1
8.154232946E1,3.185375977E-1,-1.306782532E-1,1.123144409E1,1.123672014E1
8.155236046E1,1.773811340E-1,-7.484436035E-2,1.141002274E1,1.141164688E1
8.156239246E1,-1.080752563E-1,8.098159790E-2,1.128772705E1,1.128853490E1
8.157242346E1,-7.303312683E-1,6.137237549E-2,1.070798264E1,1.073303510E1