"Time (s)","Acceleration x (m/s^2)","Acceleration y (m/s^2)","Acceleration z (m/s^2)","Absolute acceleration (m/s^2)"
1.726666815E-4,-1.166075134E-1,-1.731898499E-1,9.779613190E0,9.781841656E0
1.020466670E-2,-1.287322998E-1,-1.167572021E-2,9.613309021E0,9.614178002E0
2.023566671E-2,-1.971400452E-1,-1.137634277E-2,9.428443451E0,9.430511096E0
3.026666667E-2,-3.626957703E-1,-6.017486572E-2,9.246721344E0,9.254027493E0
4.029866669E-2,-3.129991150E-1,-1.939965820E-1,9.305549011E0,9.312832304E0
5.032966670E-2,-2.225871277E-1,-2.366578674E-1,9.589658203E0,9.595160052E0
6.036066671E-2,-1.742376709E-1,-2.177970886E-1,9.917476501E0,9.921397810E0
7.039266668E-2,-6.331832886E-2,-2.612068176E-1,1.009725266E1,1.010082914E1
8.042366669E-2,-1.092727661E-2,-2.972817993E-1,1.019724472E1,1.020158300E1
9.045466670E-2,-2.305206299E-2,-3.303630066E-1,1.020907013E1,1.021443998E1
1.004866667E-1,-1.414558411E-1,-3.273692322E-1,1.012135254E1,1.012763337E1
1.105176667E-1,-2.546205139E-1,-3.097059631E-1,9.973460083E0,9.981515687E0
1.205486667E-1,-3.285667419E-1,-2.827619934E-1,9.820927277E0,9.830489460E0
1.305806667E-1,-3.116519165E-1,-2.231858826E-1,9.700876923E0,9.708447452E0
1.406116667E-1,-2.628533936E-1,-1.920506287E-1,9.619895325E0,9.625401883E0
1.506426667E-1,-2.275268555E-1,-1.616638184E-1,9.602531433E0,9.606586989E0
1.606746667E-1,-2.044747925E-1,-1.351689148E-1,9.658065948E0,9.661175831E0
1.707056667E-1,-2.068698120E-1,-1.466949463E-1,9.749675446E0,9.752973178E0
1.807366667E-1,-1.911524963E-1,-1.544787598E-1,9.854158173E0,9.857222543E0
1.907686667E-1,-1.995350647E-1,-1.884580994E-1,9.947863312E0,9.951648867E0
2.007996667E-1,-1.860630798E-1,-2.149530029E-1,9.996063080E0,1.000010507E1
2.108306667E-1,-1.725910950E-1,-2.215393066E-1,1.000788849E1,1.001182797E1
2.208616667E-1,-1.859133911E-1,-2.154020691E-1,9.981842651E0,9.985897284E0
2.308936667E-1,-1.875599670E-1,-2.053729248E-1,9.908644867E0,9.912547598E0
2.409246667E-1,-2.020797729E-1,-1.829196167E-1,9.855355682E0,9.859124274E0
2.509556667E-1,-2.284249878E-1,-1.743873596E-1,9.798174591E0,9.802388191E0
2.609876667E-1,-2.339634705E-1,-1.670526123E-1,9.782906342E0,9.787129404E0
2.710186667E-1,-2.101629639E-1,-1.871109009E-1,9.784852295E0,9.788897455E0
2.810496667E-1,-2.191442871E-1,-2.049238586E-1,9.789642334E0,9.794238870E0
2.910816667E-1,-2.249821472E-1,-2.116598511E-1,9.804461517E0,9.809326302E0
3.011126667E-1,-2.157014465E-1,-2.333647156E-1,9.858349457E0,9.863469989E0
3.111436667E-1,-1.935475159E-1,-2.387535095E-1,9.919272766E0,9.924033257E0
3.211756667E-1,-1.496887207E-1,-2.216889954E-1,9.941576385E0,9.945174395E0
3.312066667E-1,-1.508862305E-1,-1.968406677E-1,9.913883972E0,9.916985848E0
3.412376667E-1,-1.585203552E-1,-1.754351807E-1,9.847721558E0,9.850559684E0
3.512696667E-1,-1.916015625E-1,-1.552272034E-1,9.794582062E0,9.797685666E0
3.613006667E-1,-2.493814087E-1,-1.567240906E-1,9.770182800E0,9.774621501E0
3.713316667E-1,-2.647993469E-1,-1.758842468E-1,9.801617432E0,9.806771040E0
3.813636667E-1,-2.585124207E-1,-2.028282166E-1,9.848020935E0,9.853501119E0
3.913946667E-1,-2.157014465E-1,-2.290237427E-1,9.837542725E0,9.842572115E0
4.014256667E-1,-2.131567383E-1,-2.213896179E-1,9.792037354E0,9.796858920E0
4.114576667E-1,-2.055226135E-1,-2.113604736E-1,9.842033386E0,9.846447784E0
4.214886667E-1,-1.505868530E-1,-2.216889954E-1,9.988428955E0,9.992023589E0
4.315196667E-1,-9.834548950E-2,-2.140548706E-1,1.009321106E1,1.009595963E1
4.415516667E-1,-1.056802368E-1,-2.116598511E-1,9.977950745E0,9.980754945E0
4.515826667E-1,-1.809736633E-1,-2.112107849E-1,9.744136963E0,9.748105796E0
4.616136667E-1,-2.978805542E-1,-1.845661926E-1,9.619146881E0,9.625527737E0
4.716456667E-1,-3.511697388E-1,-1.830693054E-1,9.692793732E0,9.700880624E0
4.816766667E-1,-2.821632385E-1,-1.823208618E-1,9.848769379E0,9.854497210E0
4.917076667E-1,-1.983375549E-1,-2.154020691E-1,9.967322845E0,9.971622764E0
5.017396667E-1,-1.258882141E-1,-2.408491516E-1,9.975855103E0,9.979556162E0
5.117706667E-1,-9.610015869E-2,-2.484832764E-1,9.893526306E0,9.897112809E0
5.218016667E-1,-1.196012878E-1,-2.233355713E-1,9.840386810E0,9.843647486E0
5.318336667E-1,-1.833686829E-1,-1.769320679E-1,9.838291168E0,9.841590427E0
5.418646667E-1,-2.365081787E-1,-1.329235840E-1,9.845625916E0,9.849363150E0
5.518956667E-1,-2.827619934E-1,-1.128652954E-1,9.855056305E0,9.859757994E0
5.619276667E-1,-2.549198914E-1,-9.071136475E-2,9.878108368E0,9.881813479E0
5.719586667E-1,-1.974394226E-1,-8.726852417E-2,9.868528290E0,9.870888953E0
5.819896667E-1,-1.784289551E-1,-9.669891357E-2,9.873318329E0,9.875403910E0
5.920206667E-1,-1.845661926E-1,-1.104702759E-1,9.881700897E0,9.884041733E0
6.020526667E-1,-1.788780212E-1,-1.456471252E-1,9.906848602E0,9.909533776E0
6.120836667E-1,-1.847158813E-1,-1.866618347E-1,9.873318329E0,9.876810083E0
6.221146667E-1,-2.011816406E-1,-2.231858826E-1,9.864935760E0,9.869510806E0
6.321466667E-1,-2.005828857E-1,-2.456391907E-1,9.850565643E0,9.855669211E0
6.421776667E-1,-1.953437805E-1,-2.656974792E-1,9.827363892E0,9.832895576E0
6.522086667E-1,-2.213896179E-1,-2.743794250E-1,9.825118561E0,9.831442019E0
6.622406667E-1,-2.236349487E-1,-2.622546387E-1,9.810449066E0,9.816501463E0
6.722713333E-1,-2.022294617E-1,-2.436932373E-1,9.811347198E0,9.816456438E0
6.823023334E-1,-2.020797729E-1,-2.300715637E-1,9.832153931E0,9.836921270E0
6.923343334E-1,-1.908531189E-1,-2.282752991E-1,9.842332764E0,9.846829376E0
7.023653333E-1,-1.947450256E-1,-1.923500061E-1,9.868677979E0,9.872473307E0
7.123963333E-1,-1.951940918E-1,-1.770817566E-1,9.911788330E0,9.915291553E0
7.224283334E-1,-1.987866211E-1,-1.733395386E-1,9.837692413E0,9.841227298E0
7.324593334E-1,-2.483335876E-1,-1.558259583E-1,9.804611206E0,9.808993435E0
7.424903333E-1,-2.692900085E-1,-1.237925720E-1,9.798923035E0,9.803404222E0
7.525223334E-1,-2.438429260E-1,-1.410067749E-1,9.810449066E0,9.814491997E0
7.625533334E-1,-2.106120300E-1,-1.407073975E-1,9.895771637E0,9.899012693E0
7.725843334E-1,-1.462458801E-1,-1.501377869E-1,9.928553467E0,9.930765487E0
7.826163333E-1,-1.089733887E-1,-1.760339355E-1,9.900411987E0,9.902576466E0
7.926473334E-1,-1.405577087E-1,-2.101629639E-1,9.866582336E0,9.869821272E0
8.026783334E-1,-1.788780212E-1,-2.134561157E-1,9.859996033E0,9.863928357E0
8.127103334E-1,-2.128573608E-1,-2.110610962E-1,9.851613464E0,9.856172832E0
8.227413333E-1,-2.418969727E-1,-2.146536255E-1,9.873767395E0,9.879062349E0
8.327723333E-1,-2.347119141E-1,-2.019300842E-1,9.849517822E0,9.854383125E0
8.428043334E-1,-2.248324585E-1,-1.872605896E-1,9.843530273E0,9.847878168E0
8.528353334E-1,-2.025288391E-1,-1.610650635E-1,9.854457550E0,9.857854406E0
8.628663333E-1,-1.901046753E-1,-1.579216003E-1,9.873318329E0,9.876410980E0
8.728983334E-1,-1.820214844E-1,-1.318757629E-1,9.887089691E0,9.889644362E0
8.829293334E-1,-1.643582153E-1,-1.540296936E-1,9.883048096E0,9.885614722E0
8.929603334E-1,-1.700463867E-1,-1.901046753E-1,9.874216461E0,9.877510126E0
9.029923333E-1,-1.797761536E-1,-2.016307068E-1,9.860594788E0,9.864294398E0
9.130233334E-1,-1.936972046E-1,-2.450404358E-1,9.864636383E0,9.869580254E0
9.230543334E-1,-2.032772827E-1,-2.709365845E-1,9.856852570E0,9.862670575E0
9.330863333E-1,-2.037263489E-1,-2.547702026E-1,9.840686188E0,9.846091454E0
9.431173333E-1,-2.161505127E-1,-2.469863892E-1,9.835147705E0,9.840622628E0
9.531483334E-1,-2.077679443E-1,-2.392025757E-1,9.797725525E0,9.802847079E0
9.631803334E-1,-2.212399292E-1,-2.318678284E-1,9.789642334E0,9.794886769E0
9.732113333E-1,-2.227368164E-1,-2.154020691E-1,9.800419922E0,9.805316945E0
9.832423333E-1,-2.092648315E-1,-1.981878662E-1,9.813143463E0,9.817375150E0
9.932743334E-1,-2.053729248E-1,-1.779798889E-1,9.852810974E0,9.856558171E0
1.003305333E0,-2.025288391E-1,-1.710942078E-1,9.880802765E0,9.884359081E0
1.013336333E0,-1.895059204E-1,-1.910028076E-1,9.882449341E0,9.886111447E0
1.023367333E0,-2.118095398E-1,-1.886077881E-1,9.869276733E0,9.873350972E0
1.033399333E0,-2.113604736E-1,-1.883084106E-1,9.859846344E0,9.863909125E0
1.043430333E0,-2.345622253E-1,-1.785786438E-1,9.862091675E0,9.866496945E0
1.053461333E0,-2.330653381E-1,-1.830693054E-1,9.861043854E0,9.865496425E0
1.063493333E0,-2.357597351E-1,-1.751358032E-1,9.844727783E0,9.849107590E0
1.073524333E0,-2.312690735E-1,-1.622625732E-1,9.838440857E0,9.842496280E0
1.083555333E0,-2.309696960E-1,-1.679507446E-1,9.825567627E0,9.829716865E0
1.093587333E0,-2.145039368E-1,-1.859133911E-1,9.832153931E0,9.836250640E0
1.103618333E0,-1.951940918E-1,-1.881587219E-1,9.830657043E0,9.834394864E0
1.113649333E0,-2.014810181E-1,-1.987866211E-1,9.850865021E0,9.854930359E0
1.123681333E0,-1.697470093E-1,-2.151026917E-1,9.865684204E0,9.869488742E0
1.133712333E0,-1.791773987E-1,-2.200424194E-1,9.892029419E0,9.896098687E0
1.143743333E0,-1.996847534E-1,-2.131567383E-1,9.872719574E0,9.877039110E0
1.153775333E0,-2.201921082E-1,-2.191442871E-1,9.848619690E0,9.853518081E0
1.163806333E0,-2.239343262E-1,-2.369572449E-1,9.859097900E0,9.864487150E0
1.173837333E0,-2.161505127E-1,-2.254312134E-1,9.885892181E0,9.890824258E0
1.183869333E0,-1.956431580E-1,-1.954934692E-1,9.886940002E0,9.890807680E0
1.193900333E0,-1.939965820E-1,-1.772314453E-1,9.861043854E0,9.864544163E0
1.203931333E0,-2.055226135E-1,-1.794767761E-1,9.794731750E0,9.798531600E0
1.213963333E0,-2.306703186E-1,-1.736389160E-1,9.762548676E0,9.766817082E0
1.223994333E0,-2.526745605E-1,-1.833686829E-1,9.799372101E0,9.804344041E0
1.234025333E0,-2.571652222E-1,-2.028282166E-1,9.851164398E0,9.856607593E0
1.244057333E0,-2.441423035E-1,-2.323168945E-1,9.895172882E0,9.900910209E0
1.254088333E0,-2.130070496E-1,-2.423460388E-1,9.878258057E0,9.883525982E0
1.264119333E0,-2.110610962E-1,-2.239343262E-1,9.813293152E0,9.818116716E0
1.274151333E0,-2.125579834E-1,-2.264790344E-1,9.842033386E0,9.846933270E0
1.284182333E0,-1.860630798E-1,-1.974394226E-1,9.919123077E0,9.922832480E0
1.294213333E0,-1.432521057E-1,-2.050735474E-1,1.001836670E1,1.002148929E1
1.304245333E0,-1.356179810E-1,-2.207908630E-1,9.988428955E0,9.991789321E0
1.314276333E0,-1.880090332E-1,-2.230361938E-1,9.763446808E0,9.767803546E0
1.324307333E0,-2.972817993E-1,-2.285746765E-1,9.665400696E0,9.672672509E0
1.334339333E0,-3.430865479E-1,-2.303709412E-1,9.733958130E0,9.742726519E0
1.344370333E0,-2.975811768E-1,-2.213896179E-1,9.839788055E0,9.846775965E0
1.354401333E0,-2.089654541E-1,-2.453398132E-1,9.947264557E0,9.952483627E0
1.364433333E0,-1.276844788E-1,-2.594105530E-1,9.945318604E0,9.949520556E0
1.374464333E0,-9.415420532E-2,-2.222877502E-1,9.868977356E0,9.871929442E0
1.384495333E0,-1.434017944E-1,-1.863624573E-1,9.793833618E0,9.796656163E0
1.394526333E0,-2.083666992E-1,-1.561253357E-1,9.787397003E0,9.790859610E0
1.404558333E0,-2.558180237E-1,-1.222956848E-1,9.805060272E0,9.809159293E0
1.414589333E0,-2.737806702E-1,-1.058299255E-1,9.827513580E0,9.831896002E0
1.424620333E0,-2.532733154E-1,-1.185534668E-1,9.850116577E0,9.854085390E0
1.434652333E0,-2.128573608E-1,-1.267863464E-1,9.863289185E0,9.866400386E0
1.444683333E0,-2.083666992E-1,-1.261875916E-1,9.892478485E0,9.895477278E0
1.454714333E0,-1.868115234E-1,-1.504371643E-1,9.936786346E0,9.939680718E0
1.464746333E0,-1.793270874E-1,-1.969903564E-1,9.952503662E0,9.956068127E0
1.474777333E0,-1.859133911E-1,-2.213896179E-1,9.911339264E0,9.915554607E0
1.484808333E0,-2.035766602E-1,-2.514770508E-1,9.879006500E0,9.884303395E0
1.494840333E0,-2.097138977E-1,-2.823129272E-1,9.825417938E0,9.831709829E0
1.504871333E0,-2.227368164E-1,-2.827619934E-1,9.803563385E0,9.810169269E0
1.514902333E0,-2.402503967E-1,-2.785707092E-1,9.785001984E0,9.791914303E0
1.524934333E0,-2.234852600E-1,-2.517764282E-1,9.779912567E0,9.785705230E0
1.534965333E0,-2.068698120E-1,-2.484832764E-1,9.771979065E0,9.777326521E0
1.544996333E0,-2.062710571E-1,-2.161505127E-1,9.799521790E0,9.804075484E0
1.555028333E0,-1.836680603E-1,-2.113604736E-1,9.852511597E0,9.856489840E0
1.565059333E0,-1.959425354E-1,-1.916015625E-1,9.890083466E0,9.893879704E0
1.575090333E0,-1.963916016E-1,-2.014810181E-1,9.917626190E0,9.921616477E0
1.585122333E0,-2.137554932E-1,-2.029779053E-1,9.849966888E0,9.854376649E0
1.595153333E0,-2.583627319E-1,-1.745370483E-1,9.800569611E0,9.805527991E0
1.605184333E0,-2.857557678E-1,-1.522334290E-1,9.829010468E0,9.834341775E0
1.615216333E0,-2.639012146E-1,-1.447489929E-1,9.828860779E0,9.833468377E0
1.625247333E0,-2.189945984E-1,-1.562750244E-1,9.850865021E0,9.854538151E0
1.635278333E0,-1.486408997E-1,-1.591191101E-1,9.880952454E0,9.883351375E0
1.645310333E0,-1.423539734E-1,-1.758842468E-1,9.868378601E0,9.870972401E0
1.655341333E0,-1.505868530E-1,-1.880090332E-1,9.851314087E0,9.854258624E0
1.665372333E0,-1.776805115E-1,-2.085163879E-1,9.873318329E0,9.877118217E0
1.675404583E0,-2.195933533E-1,-2.017803955E-1,9.891280975E0,9.895775659E0
1.685435583E0,-2.324665833E-1,-2.109114075E-1,9.877060547E0,9.882046821E0
1.695466583E0,-2.401007080E-1,-2.174977112E-1,9.859846344E0,9.865167182E0
1.705497583E0,-2.329156494E-1,-1.999841309E-1,9.854008484E0,9.858789305E0
1.715529583E0,-2.222877502E-1,-1.748364258E-1,9.866732025E0,9.870784187E0
1.725560583E0,-2.070195007E-1,-1.978884888E-1,9.881850586E0,9.885999592E0
1.735592583E0,-1.833686829E-1,-1.948947144E-1,9.892777863E0,9.896396408E0
1.745623583E0,-1.694476318E-1,-1.913021851E-1,9.891430664E0,9.894731407E0
1.755654583E0,-1.839674377E-1,-2.008822632E-1,9.877210236E0,9.880965527E0
1.765685583E0,-2.037263489E-1,-2.296224976E-1,9.851912842E0,9.856694048E0
1.775717583E0,-2.019300842E-1,-2.424957275E-1,9.868827667E0,9.873871554E0
1.785748583E0,-1.968406677E-1,-2.667453003E-1,9.841584320E0,9.847166152E0
1.795779583E0,-2.089654541E-1,-2.667453003E-1,9.828711090E0,9.834550387E0
1.805811583E0,-2.165995789E-1,-2.610571289E-1,9.815688171E0,9.821547764E0
1.815842583E0,-2.136058044E-1,-2.430944824E-1,9.810449066E0,9.815784902E0
1.825873583E0,-2.209405518E-1,-2.260299683E-1,9.800120544E0,9.805216314E0
1.835905583E0,-2.222877502E-1,-2.240840149E-1,9.797575836E0,9.802658709E0
1.845936583E0,-2.236349487E-1,-2.177970886E-1,9.810449066E0,9.815414359E0
1.855967583E0,-2.077679443E-1,-2.165995789E-1,9.828711090E0,9.833292663E0
1.865999583E0,-2.070195007E-1,-2.251318359E-1,9.866732025E0,9.871471130E0
1.876030583E0,-2.221380615E-1,-2.350112915E-1,9.883197784E0,9.888486946E0
1.886061583E0,-2.131567383E-1,-2.124082947E-1,9.890831909E0,9.895408477E0
1.896093583E0,-2.321672058E-1,-2.085163879E-1,9.887239380E0,9.892162719E0
1.906124583E0,-2.362088013E-1,-1.962419128E-1,9.872120819E0,9.876896018E0
1.916155583E0,-2.381547546E-1,-1.818717957E-1,9.846524048E0,9.851082725E0
1.926187583E0,-2.384541321E-1,-1.678010559E-1,9.850865021E0,9.855179310E0
1.936218583E0,-2.317181396E-1,-1.603166199E-1,9.846673737E0,9.850704462E0
1.946249583E0,-2.176473999E-1,-1.640588379E-1,9.841434631E0,9.845208037E0
1.956281583E0,-2.242337036E-1,-1.823208618E-1,9.839788055E0,9.844031218E0
1.966312583E0,-2.131567383E-1,-2.070195007E-1,9.830956421E0,9.835445949E0
1.976343583E0,-2.061213684E-1,-2.338137817E-1,9.854457550E0,9.859385808E0
1.986375583E0,-1.950444031E-1,-2.570155334E-1,9.861193542E0,9.866470361E0
1.996406583E0,-1.942959595E-1,-2.655477905E-1,9.861941986E0,9.867429568E0
2.006437583E0,-2.233355713E-1,-2.667453003E-1,9.845925293E0,9.852069666E0
2.016469583E0,-2.221380615E-1,-2.621049500E-1,9.842632141E0,9.848626899E0
2.026500583E0,-2.269281006E-1,-2.496807861E-1,9.848619690E0,9.854397326E0
2.036531583E0,-2.306703186E-1,-2.264790344E-1,9.866582336E0,9.871876648E0
2.046563583E0,-2.164498901E-1,-2.109114075E-1,9.843380585E0,9.848018862E0
2.056594583E0,-1.969903564E-1,-2.107617188E-1,9.846823425E0,9.851048537E0
2.066625583E0,-1.975891113E-1,-1.956431580E-1,9.821675720E0,9.825611007E0
2.076656583E0,-1.887574768E-1,-1.963916016E-1,9.811347198E0,9.815127757E0
2.086688583E0,-2.158511353E-1,-2.101629639E-1,9.849817200E0,9.854423324E0
2.096719583E0,-2.130070496E-1,-2.005828857E-1,9.871821442E0,9.876156341E0
2.106750583E0,-2.076182556E-1,-2.297721863E-1,9.888736267E0,9.893584060E0
2.116782583E0,-2.305206299E-1,-2.502795410E-1,9.864786072E0,9.870652656E0
2.126813583E0,-2.469863892E-1,-2.384541321E-1,9.838590546E0,9.844578537E0
2.136844583E0,-2.600093079E-1,-2.357597351E-1,9.810149689E0,9.816426254E0
2.146876583E0,-2.498304749E-1,-2.227368164E-1,9.902058563E0,9.907713699E0
2.156907583E0,-1.686991882E-1,-2.272274780E-1,9.997410278E0,1.000141510E1
2.166938583E0,-1.203497314E-1,-2.237846375E-1,9.982890472E0,9.986123663E0
2.176970583E0,-1.742376709E-1,-2.375559998E-1,9.775272217E0,9.779710555E0
2.187001583E0,-2.845582581E-1,-2.309696960E-1,9.670789490E0,9.677731643E0
2.197032583E0,-3.246748352E-1,-2.430944824E-1,9.738748169E0,9.747190599E0
2.207064583E0,-2.984793091E-1,-2.465373230E-1,9.834998016E0,9.842614314E0
2.217095583E0,-2.618055725E-1,-2.580633545E-1,9.914782104E0,9.921594783E0
2.227126583E0,-1.865121460E-1,-2.673440552E-1,9.920320587E0,9.925674797E0
2.237158583E0,-1.492396545E-1,-2.636018372E-1,9.843380585E0,9.848040401E0
2.247189583E0,-1.646575928E-1,-2.368075562E-1,9.792935486E0,9.797182012E0
2.257220583E0,-2.195933533E-1,-1.923500061E-1,9.817933502E0,9.822272549E0
2.267252583E0,-2.591111755E-1,-1.634600830E-1,9.828411713E0,9.833185374E0
2.277283583E0,-2.818638611E-1,-1.257385254E-1,9.840087433E0,9.844926516E0
2.287314583E0,-2.734812927E-1,-1.288819885E-1,9.855056305E0,9.859692559E0
2.297346583E0,-2.317181396E-1,-1.469943237E-1,9.873318329E0,9.877130932E0
2.307377583E0,-1.893562317E-1,-1.595681763E-1,9.895023193E0,9.898121124E0
2.317408583E0,-1.883084106E-1,-1.736389160E-1,9.945168915E0,9.948466981E0
2.327440583E0,-1.932481384E-1,-2.227368164E-1,9.957892456E0,9.962257711E0
2.337471583E0,-1.959425354E-1,-2.492317200E-1,9.935888214E0,9.940944851E0
2.347502583E0,-1.975891113E-1,-2.817141724E-1,9.883946228E0,9.889934144E0
2.357534583E0,-2.133064270E-1,-2.956352234E-1,9.818232880E0,9.824998560E0
2.367565583E0,-2.447410583E-1,-2.960842896E-1,9.764943695E0,9.772496583E0
2.377596583E0,-2.460882568E-1,-2.790197754E-1,9.743388519E0,9.750488773E0
2.387627583E0,-2.655477905E-1,-2.637515259E-1,9.744885406E0,9.752070143E0
2.397659583E0,-2.454895020E-1,-2.463876343E-1,9.776769104E0,9.782953852E0
2.407690583E0,-2.341131592E-1,-2.427951050E-1,9.820178833E0,9.825969201E0
2.417721583E0,-2.007325745E-1,-2.371069336E-1,9.854756927E0,9.859652497E0
2.427753583E0,-1.899549866E-1,-2.203417969E-1,9.877958679E0,9.882241703E0
2.437784583E0,-2.130070496E-1,-2.198927307E-1,9.881700897E0,9.886442102E0
2.447815583E0,-2.351609802E-1,-2.037263489E-1,9.868378601E0,9.873282196E0
2.457847583E0,-2.844085693E-1,-1.824705505E-1,9.870324554E0,9.876107054E0
2.467878583E0,-2.779719543E-1,-1.652563477E-1,9.856403503E0,9.861707159E0
2.477909583E0,-2.567161560E-1,-1.694476318E-1,9.841434631E0,9.846240465E0
2.487941583E0,-2.061213684E-1,-1.654060364E-1,9.804162140E0,9.807723510E0
2.497972583E0,-1.850152588E-1,-1.683998108E-1,9.811197510E0,9.814386670E0
2.508003583E0,-1.844165039E-1,-1.945953369E-1,9.865684204E0,9.869326300E0
2.518035583E0,-1.835183716E-1,-2.179467773E-1,9.901759186E0,9.905857599E0
2.528066583E0,-1.941462708E-1,-2.118095398E-1,9.927355957E0,9.931513095E0
2.538097583E0,-2.074685669E-1,-2.210902405E-1,9.922715607E0,9.927346529E0
2.548129583E0,-2.215393066E-1,-2.215393066E-1,9.882000275E0,9.886965599E0
2.558160583E0,-2.347119141E-1,-2.061213684E-1,9.834399261E0,9.839358949E0
2.568191583E0,-2.372566223E-1,-2.127076721E-1,9.832153931E0,9.837316005E0
2.578223583E0,-2.399510193E-1,-2.116598511E-1,9.833052063E0,9.838256413E0
2.588254583E0,-2.263293457E-1,-2.101629639E-1,9.850865021E0,9.855705713E0
2.598285583E0,-2.176473999E-1,-1.922003174E-1,9.886041870E0,9.890305112E0
2.608317583E0,-2.001338196E-1,-1.908531189E-1,9.868677979E0,9.872552026E0
2.618348583E0,-2.064207458E-1,-1.857637024E-1,9.855804749E0,9.859716270E0
2.628379583E0,-2.091151428E-1,-2.020797729E-1,9.825268250E0,9.829570772E0
2.638411583E0,-2.231858826E-1,-2.073188782E-1,9.792187042E0,9.796924013E0
2.648442583E0,-2.219883728E-1,-2.496807861E-1,9.802665253E0,9.808356916E0
2.658473583E0,-2.347119141E-1,-2.733316040E-1,9.824819183E0,9.831422676E0
2.668504583E0,-2.453398132E-1,-2.838098145E-1,9.827363892E0,9.834521884E0
2.678535583E0,-2.203417969E-1,-2.914439392E-1,9.821526031E0,9.828319473E0
2.688566583E0,-2.049238586E-1,-2.677931213E-1,9.832902374E0,9.838682638E0
2.698597583E0,-2.011816406E-1,-2.447410583E-1,9.834548950E0,9.839650669E0
2.708629583E0,-2.067201233E-1,-2.351609802E-1,9.846074982E0,9.851052047E0
2.718660583E0,-2.158511353E-1,-2.034269714E-1,9.872569885E0,9.877024369E0
2.728691583E0,-2.237846375E-1,-1.856140137E-1,9.861343231E0,9.865628335E0
2.738723583E0,-2.290237427E-1,-1.746867371E-1,9.867779846E0,9.871982902E0
2.748754583E0,-2.472857666E-1,-1.763333130E-1,9.846823425E0,9.851506243E0
2.758785583E0,-2.583627319E-1,-1.797761536E-1,9.833650818E0,9.838686862E0
2.768817583E0,-2.610571289E-1,-1.742376709E-1,9.831405487E0,9.836414156E0
2.778848583E0,-2.576142883E-1,-1.757345581E-1,9.845476227E0,9.850413691E0
2.788879583E0,-2.353106689E-1,-1.913021851E-1,9.852511597E0,9.857177710E0
2.798911583E0,-2.254312134E-1,-1.999841309E-1,9.888586578E0,9.893177316E0
2.808942583E0,-2.113604736E-1,-2.128573608E-1,9.859546967E0,9.864109077E0
2.818973583E0,-2.311193848E-1,-2.083666992E-1,9.838889923E0,9.843809617E0
2.829005583E0,-2.390528870E-1,-2.131567383E-1,9.836045837E0,9.841259055E0
2.839036583E0,-2.148033142E-1,-2.327659607E-1,9.876910858E0,9.881988087E0
2.849067583E0,-2.007325745E-1,-2.209405518E-1,9.892179108E0,9.896682060E0
2.859099583E0,-1.910028076E-1,-1.975891113E-1,9.851613464E0,9.855445773E0
2.869130583E0,-2.043251038E-1,-1.782792664E-1,9.813442841E0,9.817188632E0
2.879161583E0,-2.245330811E-1,-1.745370483E-1,9.785750427E0,9.789882007E0
2.889193583E0,-2.564167786E-1,-1.935475159E-1,9.790839844E0,9.796109179E0
2.899224583E0,-2.540217590E-1,-2.183958435E-1,9.826615448E0,9.832323986E0
2.909255583E0,-2.495310974E-1,-2.354603577E-1,9.878557434E0,9.884513358E0
2.919287583E0,-2.227368164E-1,-2.430944824E-1,9.870623932E0,9.876128969E0
2.929318583E0,-2.189945984E-1,-2.540217590E-1,9.808054047E0,9.813786724E0
2.939349583E0,-2.113604736E-1,-2.426454163E-1,9.844578094E0,9.849835933E0
2.949381583E0,-1.827699280E-1,-2.348616028E-1,9.960437164E0,9.964882002E0
2.959412583E0,-1.489402771E-1,-2.363584900E-1,1.004980133E1,1.005368367E1
2.969443583E0,-1.425036621E-1,-2.252815247E-1,9.962832184E0,9.966397754E0
2.979474583E0,-2.103126526E-1,-2.234852600E-1,9.736652527E0,9.741487541E0
2.989506583E0,-3.106040955E-1,-2.209405518E-1,9.628427582E0,9.635969455E0
2.999537583E0,-3.360511780E-1,-2.022294617E-1,9.694440308E0,9.702370846E0
3.009568583E0,-2.905458069E-1,-2.022294617E-1,9.854307861E0,9.860664128E0
3.019600583E0,-2.157014465E-1,-2.409988403E-1,9.960736542E0,9.965986153E0
3.029631583E0,-1.164578247E-1,-2.507286072E-1,9.967322845E0,9.971155999E0
3.039662583E0,-9.520202637E-2,-2.469863892E-1,9.889933777E0,9.893475416E0
3.049694583E0,-1.477427673E-1,-2.293231201E-1,9.808353424E0,9.812146244E0
3.059725583E0,-2.139051819E-1,-1.826202393E-1,9.807455292E0,9.811487394E0
3.069756583E0,-2.754272461E-1,-1.622625732E-1,9.813293152E0,9.818498449E0
3.079788583E0,-2.975811768E-1,-1.309776306E-1,9.838740234E0,9.844110884E0
3.089819583E0,-2.767744446E-1,-1.185534668E-1,9.843829651E0,9.848433440E0
3.099850583E0,-2.300715637E-1,-1.007405090E-1,9.865085449E0,9.868282145E0
3.109882583E0,-1.878593445E-1,-1.110690308E-1,9.892029419E0,9.894436492E0
3.119913583E0,-1.628613281E-1,-1.227447510E-1,9.929301910E0,9.931396000E0
3.129944583E0,-1.649569702E-1,-1.459465027E-1,9.937085724E0,9.939526340E0
3.139976583E0,-1.892065430E-1,-1.948947144E-1,9.910740509E0,9.914462189E0
3.150007583E0,-2.097138977E-1,-2.309696960E-1,9.870174866E0,9.875103989E0
3.160038583E0,-2.168989563E-1,-2.631527710E-1,9.840237122E0,9.846144481E0
3.170070583E0,-2.362088013E-1,-2.796185303E-1,9.790989532E0,9.797829206E0
3.180101583E0,-2.541714478E-1,-2.775228882E-1,9.775870972E0,9.783111741E0
3.190132583E0,-2.381547546E-1,-2.733316040E-1,9.784702606E0,9.791416289E0
3.200164583E0,-2.293231201E-1,-2.496807861E-1,9.799671478E0,9.805533676E0
3.210195583E0,-2.127076721E-1,-2.471360779E-1,9.832902374E0,9.838307268E0
3.220226583E0,-1.883084106E-1,-2.266287231E-1,9.833201752E0,9.837615429E0
3.230258583E0,-1.881587219E-1,-2.218386841E-1,9.879754944E0,9.884036314E0
3.240289583E0,-1.803749084E-1,-1.965412903E-1,9.901609497E0,9.905202382E0
3.250320583E0,-2.085163879E-1,-1.872605896E-1,9.854607239E0,9.858591656E0
3.260351583E0,-2.350112915E-1,-1.773811340E-1,9.809550934E0,9.813968815E0
3.270383583E0,-2.941383362E-1,-1.526824951E-1,9.821526031E0,9.827115695E0
3.280414583E0,-2.847079468E-1,-1.399589539E-1,9.795779572E0,9.800915495E0
3.290445583E0,-2.293231201E-1,-1.529818726E-1,9.829160156E0,9.833025065E0
3.300477583E0,-1.686991882E-1,-1.615141296E-1,9.885443115E0,9.888201647E0
3.310508583E0,-1.450483704E-1,-1.808239746E-1,9.882449341E0,9.885167743E0
3.320539583E0,-1.613644409E-1,-2.049238586E-1,9.875713348E0,9.879157171E0
3.330571583E0,-1.901046753E-1,-2.284249878E-1,9.875114594E0,9.879585315E0
3.340602583E0,-2.182461548E-1,-2.177970886E-1,9.870324554E0,9.875139177E0
3.350633583E0,-2.255809021E-1,-2.137554932E-1,9.889784088E0,9.894665606E0
3.360665583E0,-2.380050659E-1,-2.171983337E-1,9.866881714E0,9.872141423E0
3.370696583E0,-2.302212524E-1,-2.019300842E-1,9.843380585E0,9.848142917E0
3.380727583E0,-2.261796570E-1,-1.718426514E-1,9.855205994E0,9.859298774E0
3.390759583E0,-2.085163879E-1,-1.606159973E-1,9.856403503E0,9.859917170E0
3.400790583E0,-2.019300842E-1,-1.710942078E-1,9.874815216E0,9.878361430E0
3.410821583E0,-1.914518738E-1,-1.772314453E-1,9.880802765E0,9.884246460E0
3.420853583E0,-2.007325745E-1,-1.974394226E-1,9.859696655E0,9.863716035E0
3.430884583E0,-2.189945984E-1,-2.189945984E-1,9.847272491E0,9.852141533E0
3.440915583E0,-2.191442871E-1,-2.475851440E-1,9.829309845E0,9.834869326E0
3.450947583E0,-2.264790344E-1,-2.480342102E-1,9.831555176E0,9.837290831E0
3.460978583E0,-2.079176331E-1,-2.564167786E-1,9.834099884E0,9.839639213E0
3.471009583E0,-2.031275940E-1,-2.609074402E-1,9.842482452E0,9.848035050E0
3.481041583E0,-2.073188782E-1,-2.513273621E-1,9.814939728E0,9.820345636E0
3.491072583E0,-2.071691895E-1,-2.411485291E-1,9.811796265E0,9.816945433E0
3.501103583E0,-2.200424194E-1,-2.095642090E-1,9.817783813E0,9.822485166E0
3.511135583E0,-2.216889954E-1,-2.068698120E-1,9.837243347E0,9.841915352E0
3.521166583E0,-2.233355713E-1,-2.154020691E-1,9.843530273E0,9.848419420E0
3.531197583E0,-2.237846375E-1,-2.022294617E-1,9.868677979E0,9.873286249E0
3.541228583E0,-2.345622253E-1,-2.020797729E-1,9.868977356E0,9.873832575E0
3.551260583E0,-2.239343262E-1,-2.025288391E-1,9.875563660E0,9.880178243E0
3.561291583E0,-2.185455322E-1,-1.956431580E-1,9.877509613E0,9.881863921E0
3.571322583E0,-2.245330811E-1,-1.808239746E-1,9.875563660E0,9.879770747E0
3.581354583E0,-2.266287231E-1,-1.758842468E-1,9.851463776E0,9.855639724E0
3.591385583E0,-2.315684509E-1,-1.790277100E-1,9.852212219E0,9.856559262E0
3.601416583E0,-2.186952209E-1,-1.859133911E-1,9.881102142E0,9.885270403E0
3.611448583E0,-2.245330811E-1,-2.095642090E-1,9.859996033E0,9.864778458E0
3.621479583E0,-2.243833923E-1,-2.013313293E-1,9.827214203E0,9.831837122E0
3.631510583E0,-2.420466614E-1,-2.326162720E-1,9.822124786E0,9.827860003E0
3.641542583E0,-2.321672058E-1,-2.264790344E-1,9.833650818E0,9.838998057E0
3.651573583E0,-2.037263489E-1,-2.151026917E-1,9.876611481E0,9.881053989E0
3.661604583E0,-1.797761536E-1,-2.209405518E-1,9.899214478E0,9.903311641E0
3.671637417E0,-1.529818726E-1,-1.874102783E-1,9.888586578E0,9.891545409E0
3.681668417E0,-1.636097717E-1,-1.676513672E-1,9.822424164E0,9.825217127E0
3.691699417E0,-1.911524963E-1,-1.667532349E-1,9.797575836E0,9.800859053E0
3.701731417E0,-2.335144043E-1,-1.939965820E-1,9.800569611E0,9.805270437E0
3.711762417E0,-2.603086853E-1,-2.207908630E-1,9.839039612E0,9.844958593E0
3.721793417E0,-2.386038208E-1,-2.508782959E-1,9.880503387E0,9.886567599E0
3.731825417E0,-2.113604736E-1,-2.591111755E-1,9.833052063E0,9.838735931E0
3.741856417E0,-2.266287231E-1,-2.595602417E-1,9.801318054E0,9.807373129E0
3.751887417E0,-2.182461548E-1,-2.460882568E-1,9.887239380E0,9.892709102E0
3.761919417E0,-1.670526123E-1,-2.360591125E-1,1.000878662E1,1.001296360E1
3.771950417E0,-1.255888367E-1,-2.163002014E-1,1.005399261E1,1.005710325E1
3.781981417E0,-1.472937012E-1,-2.127076721E-1,9.879455566E0,9.882842824E0
3.792012417E0,-2.472857666E-1,-2.149530029E-1,9.677974548E0,9.683519319E0
3.802044417E0,-3.382965088E-1,-2.070195007E-1,9.643097076E0,9.651249806E0
3.812075417E0,-3.357518005E-1,-1.905537415E-1,9.768087158E0,9.775713106E0
3.822106417E0,-2.559677124E-1,-2.149530029E-1,9.930200043E0,9.935823929E0
3.832138417E0,-1.673519897E-1,-2.345622253E-1,9.986483002E0,9.990639062E0
3.842169417E0,-1.124162292E-1,-2.540217590E-1,9.936936035E0,9.940817986E0
3.852200417E0,-1.128652954E-1,-2.478845215E-1,9.842931519E0,9.846699254E0
3.862232417E0,-1.799258423E-1,-2.151026917E-1,9.783954163E0,9.787972289E0
3.872263417E0,-2.547702026E-1,-1.830693054E-1,9.797875214E0,9.802896558E0
3.882294417E0,-2.896476746E-1,-1.474433899E-1,9.832752686E0,9.838122824E0
3.892326417E0,-2.836601257E-1,-1.362167358E-1,9.870923309E0,9.875937679E0
3.902357417E0,-2.547702026E-1,-1.387614441E-1,9.866881714E0,9.871145696E0
3.912388417E0,-1.812730408E-1,-1.255888367E-1,9.897717590E0,9.900174037E0
3.922420417E0,-1.661544800E-1,-1.193019104E-1,9.916728058E0,9.918837413E0
3.932451417E0,-1.609153748E-1,-1.405577087E-1,9.922565918E0,9.924865975E0
3.942482417E0,-1.850152588E-1,-1.790277100E-1,9.900262299E0,9.903609198E0
3.952514417E0,-1.704954529E-1,-2.103126526E-1,9.882898407E0,9.886606143E0
3.962545417E0,-2.071691895E-1,-2.321672058E-1,9.834099884E0,9.839021354E0
3.972576417E0,-2.272274780E-1,-2.667453003E-1,9.821076965E0,9.827326093E0
3.982608417E0,-2.472857666E-1,-2.797682190E-1,9.786947937E0,9.794068125E0
3.992639417E0,-2.534230042E-1,-2.920426941E-1,9.781259766E0,9.788899568E0
4.002670417E0,-2.335144043E-1,-2.649490356E-1,9.796827393E0,9.803191007E0
4.012702417E0,-2.149530029E-1,-2.508782959E-1,9.834998016E0,9.840545244E0
4.022733417E0,-1.889071655E-1,-2.579136658E-1,9.852361908E0,9.857547390E0
4.032764417E0,-1.712438965E-1,-2.197430420E-1,9.881551208E0,9.885477518E0
4.042796417E0,-1.685494995E-1,-2.037263489E-1,9.923464050E0,9.926986054E0
4.052827417E0,-1.814227295E-1,-1.942959595E-1,9.908944244E0,9.912509327E0
4.062858417E0,-2.176473999E-1,-1.776805115E-1,9.805509338E0,9.809533839E0
4.072889417E0,-2.664459229E-1,-1.525328064E-1,9.801916809E0,9.806723858E0
4.082921417E0,-2.914439392E-1,-1.469943237E-1,9.792037354E0,9.797476330E0
4.092952417E0,-2.510279846E-1,-1.402583313E-1,9.817035370E0,9.821245894E0
4.102983417E0,-2.034269714E-1,-1.495390320E-1,9.877958679E0,9.881184753E0
4.113015417E0,-1.448986816E-1,-1.805245972E-1,9.903854828E0,9.906559706E0
4.123046417E0,-1.324745178E-1,-2.061213684E-1,9.877659302E0,9.880697789E0
4.133077417E0,-1.697470093E-1,-2.198927307E-1,9.882149963E0,9.886053548E0
4.143109417E0,-2.056723022E-1,-2.189945984E-1,9.881850586E0,9.886416476E0
4.153140417E0,-2.362088013E-1,-2.341131592E-1,9.903705139E0,9.909287515E0
4.163171417E0,-2.499801636E-1,-2.260299683E-1,9.883347473E0,9.889091814E0
4.173203417E0,-2.404000854E-1,-2.094145203E-1,9.852960663E0,9.858117491E0
4.183234417E0,-2.249821472E-1,-1.999841309E-1,9.856702881E0,9.861298206E0
4.193265417E0,-2.151026917E-1,-1.703457642E-1,9.863588562E0,9.867404226E0
4.203297417E0,-1.957928467E-1,-1.752854919E-1,9.882449341E0,9.885942788E0
4.213328417E0,-1.827699280E-1,-1.788780212E-1,9.893675995E0,9.896980695E0
4.223359417E0,-1.989363098E-1,-1.848655701E-1,9.888586578E0,9.892314969E0
4.233391417E0,-1.863624573E-1,-2.177970886E-1,9.861642609E0,9.865807695E0
4.243422417E0,-2.101629639E-1,-2.444416809E-1,9.839488678E0,9.844768034E0
4.253453417E0,-2.089654541E-1,-2.588117981E-1,9.830058289E0,9.835684829E0
4.263485417E0,-2.155517578E-1,-2.680924988E-1,9.803114319E0,9.809148102E0
4.273516417E0,-2.133064270E-1,-2.577639771E-1,9.792636108E0,9.798350058E0
4.283547417E0,-2.109114075E-1,-2.486329651E-1,9.813143463E0,9.818558275E0
4.293578417E0,-2.200424194E-1,-2.429447937E-1,9.808353424E0,9.813828903E0
4.303610417E0,-2.125579834E-1,-2.359094238E-1,9.823172607E0,9.828303731E0
4.313641417E0,-2.258802795E-1,-2.222877502E-1,9.833351440E0,9.838456906E0
4.323672417E0,-2.142045593E-1,-2.110610962E-1,9.847422180E0,9.852012686E0
4.333704417E0,-2.219883728E-1,-2.279759216E-1,9.866732025E0,9.871861664E0
4.343735417E0,-2.345622253E-1,-2.179467773E-1,9.888586578E0,9.893768986E0
4.353766417E0,-2.324665833E-1,-2.115101624E-1,9.886490936E0,9.891485242E0
4.363798417E0,-2.409988403E-1,-2.086660767E-1,9.863738251E0,9.868888197E0
4.373829417E0,-2.318678284E-1,-2.092648315E-1,9.842632141E0,9.847586604E0
4.383860417E0,-2.362088013E-1,-1.939965820E-1,9.856104126E0,9.860842652E0
4.393892417E0,-2.420466614E-1,-1.960922241E-1,9.859546967E0,9.864466794E0
4.403923417E0,-2.335144043E-1,-2.031275940E-1,9.873468018E0,9.878317695E0
4.413954417E0,-2.430944824E-1,-1.962419128E-1,9.840536499E0,9.845494625E0
4.423986417E0,-2.411485291E-1,-2.164498901E-1,9.852511597E0,9.857838908E0
4.434017417E0,-2.466870117E-1,-2.071691895E-1,9.856403503E0,9.861666369E0
4.444048417E0,-2.360591125E-1,-2.007325745E-1,9.865384827E0,9.870250009E0
4.454080417E0,-2.213896179E-1,-1.883084106E-1,9.887688446E0,9.891959170E0
4.464111417E0,-2.061213684E-1,-1.881587219E-1,9.861941986E0,9.865890201E0
4.474142417E0,-2.195933533E-1,-1.936972046E-1,9.839039612E0,9.843395772E0
4.484174417E0,-2.245330811E-1,-2.046244812E-1,9.833351440E0,9.838042836E0
4.494205417E0,-2.107617188E-1,-2.188449097E-1,9.850415955E0,9.855100612E0
4.504236417E0,-2.321672058E-1,-2.386038208E-1,9.871821442E0,9.877433471E0
4.514267417E0,-2.272274780E-1,-2.543211365E-1,9.878707123E0,9.884592353E0
4.524299417E0,-2.165995789E-1,-2.627037048E-1,9.861492920E0,9.867369012E0
4.534330417E0,-2.300715637E-1,-2.664459229E-1,9.813442841E0,9.819754923E0
4.544361417E0,-2.327659607E-1,-2.505789185E-1,9.842033386E0,9.847973952E0
4.554393417E0,-1.950444031E-1,-2.405497742E-1,9.944570160E0,9.949391046E0
4.564424417E0,-1.393601990E-1,-2.374063110E-1,1.002210892E1,1.002588900E1
4.574455417E0,-1.257385254E-1,-2.415975952E-1,9.932595062E0,9.936328509E0
4.584487417E0,-1.942959595E-1,-2.534230042E-1,9.727371826E0,9.732612023E0
4.594518417E0,-2.947370911E-1,-2.441423035E-1,9.679172058E0,9.686735629E0
4.604549417E0,-3.161425781E-1,-2.332150269E-1,9.732760620E0,9.740686047E0
4.614581417E0,-2.944377136E-1,-2.317181396E-1,9.852511597E0,9.859633443E0
4.624612417E0,-2.167492676E-1,-2.406994629E-1,9.911189575E0,9.916480992E0
4.634643417E0,-1.408570862E-1,-2.406994629E-1,9.889484711E0,9.893416235E0
4.644675417E0,-1.336720276E-1,-2.177970886E-1,9.834399261E0,9.837718873E0
4.654706417E0,-1.817221069E-1,-1.788780212E-1,9.780361633E0,9.783685090E0
4.664737417E0,-2.513273621E-1,-1.480421448E-1,9.798174591E0,9.802515353E0
4.674769417E0,-2.881507874E-1,-1.175056458E-1,9.829309845E0,9.834234616E0
4.684800417E0,-2.857557678E-1,-1.285826111E-1,9.860744476E0,9.865722045E0
4.694831417E0,-2.549198914E-1,-1.386117554E-1,9.871522064E0,9.875785803E0
4.704863417E0,-2.203417969E-1,-1.414558411E-1,9.899364166E0,9.902826423E0
4.714894417E0,-1.814227295E-1,-1.574725342E-1,9.929301910E0,9.932207621E0
4.724925417E0,-1.775308228E-1,-1.886077881E-1,9.953102417E0,9.956472157E0
4.734957417E0,-1.975891113E-1,-2.234852600E-1,9.962383118E0,9.966848273E0
4.744988417E0,-1.854643250E-1,-2.435435486E-1,9.926757202E0,9.931476176E0
4.755019417E0,-2.095642090E-1,-2.559677124E-1,9.863738251E0,9.869284113E0
4.765050417E0,-2.207908630E-1,-2.642005920E-1,9.813293152E0,9.819331599E0
4.775082417E0,-2.305206299E-1,-2.513273621E-1,9.768386536E0,9.774337866E0
4.785113417E0,-2.290237427E-1,-2.591111755E-1,9.750573578E0,9.756704135E0
4.795144417E0,-2.212399292E-1,-2.439926147E-1,9.771679688E0,9.777228821E0
4.805176417E0,-2.020797729E-1,-2.221380615E-1,9.791588287E0,9.796192257E0
4.815207417E0,-1.803749084E-1,-2.163002014E-1,9.830357666E0,9.834391325E0
4.825238417E0,-1.829196167E-1,-2.161505127E-1,9.875264282E0,9.879323118E0
4.835270417E0,-1.847158813E-1,-2.264790344E-1,9.893226929E0,9.897542714E0
4.845301417E0,-1.996847534E-1,-2.139051819E-1,9.860744476E0,9.865085456E0
4.855332417E0,-2.404000854E-1,-1.960922241E-1,9.811347198E0,9.816250721E0
4.865364417E0,-2.713856506E-1,-1.739382935E-1,9.822573853E0,9.827861506E0
4.875395417E0,-2.658471680E-1,-1.610650635E-1,9.835896149E0,9.840806355E0
4.885426417E0,-2.257305908E-1,-1.675016785E-1,9.832004242E0,9.836021479E0
4.895458417E0,-1.865121460E-1,-1.636097717E-1,9.824968872E0,9.828100950E0
4.905489417E0,-1.609153748E-1,-1.698966980E-1,9.842183075E0,9.844964516E0
4.915520417E0,-1.547781372E-1,-1.773811340E-1,9.877060547E0,9.879865656E0
4.925552417E0,-1.666035461E-1,-1.851649475E-1,9.921368408E0,9.924494642E0
4.935583417E0,-1.895059204E-1,-1.965412903E-1,9.915081482E0,9.918839739E0
4.945614417E0,-2.216889954E-1,-2.198927307E-1,9.901010742E0,9.905933199E0
4.955646417E0,-2.351609802E-1,-2.136058044E-1,9.873617706E0,9.878727384E0
4.965677417E0,-2.314187622E-1,-2.121089172E-1,9.840087433E0,9.845093475E0
4.975708417E0,-2.269281006E-1,-2.177970886E-1,9.831854553E0,9.836884461E0
4.985739417E0,-2.071691895E-1,-2.007325745E-1,9.858499146E0,9.862718593E0
4.995771417E0,-1.884580994E-1,-1.889071655E-1,9.889035645E0,9.892635056E0
5.005802417E0,-1.742376709E-1,-1.787283325E-1,9.902807007E0,9.905952211E0
5.015833417E0,-1.692979431E-1,-1.790277100E-1,9.860744476E0,9.863822502E0
5.025865417E0,-1.818717957E-1,-1.784289551E-1,9.846074982E0,9.849370883E0
5.035896417E0,-1.896556091E-1,-2.010319519E-1,9.829309845E0,9.833194553E0
5.045927417E0,-2.119592285E-1,-2.356100464E-1,9.817634125E0,9.822748018E0
5.055959417E0,-2.179467773E-1,-2.674937439E-1,9.800419922E0,9.806491949E0
5.065990417E0,-2.279759216E-1,-2.718347168E-1,9.819729767E0,9.826136567E0
5.076021417E0,-2.206411743E-1,-2.730322266E-1,9.831255798E0,9.837521014E0
5.086053417E0,-2.064207458E-1,-2.656974792E-1,9.835447083E0,9.841200333E0
5.096084417E0,-2.071691895E-1,-2.576142883E-1,9.846224670E0,9.851772655E0
5.106115417E0,-1.930984497E-1,-2.306703186E-1,9.853260040E0,9.857851147E0
5.116147417E0,-1.966909790E-1,-2.160008240E-1,9.833950195E0,9.838288476E0
5.126178417E0,-2.237846375E-1,-2.245330811E-1,9.847721558E0,9.852822669E0
5.136209417E0,-2.369572449E-1,-2.139051819E-1,9.851014709E0,9.856185620E0
5.146241417E0,-2.489323425E-1,-2.112107849E-1,9.813742218E0,9.819170720E0
5.156272417E0,-2.492317200E-1,-2.119592285E-1,9.829459534E0,9.834903044E0
5.166303417E0,-2.240840149E-1,-2.109114075E-1,9.846374359E0,9.851181923E0
5.176335417E0,-2.213896179E-1,-1.957928467E-1,9.852062531E0,9.856494524E0
5.186366417E0,-2.164498901E-1,-1.951940918E-1,9.862989807E0,9.867295436E0
5.196397417E0,-2.306703186E-1,-1.963916016E-1,9.867031403E0,9.871681070E0
5.206428417E0,-2.251318359E-1,-1.939965820E-1,9.863289185E0,9.867765327E0
5.216460417E0,-2.234852600E-1,-1.957928467E-1,9.875413971E0,9.879882671E0
5.226491417E0,-2.137554932E-1,-1.809736633E-1,9.872120819E0,9.876092970E0
5.236522417E0,-1.968406677E-1,-1.652563477E-1,9.869725800E0,9.873071623E0
5.246554417E0,-1.978884888E-1,-1.761836243E-1,9.843081207E0,9.846646545E0
5.256585417E0,-1.992356873E-1,-1.854643250E-1,9.803862762E0,9.807640743E0
5.266616417E0,-2.062710571E-1,-1.984872437E-1,9.827663269E0,9.831831481E0
5.276648417E0,-2.124082947E-1,-2.338137817E-1,9.854607239E0,9.859668858E0
5.286679417E0,-2.010319519E-1,-2.412982178E-1,9.859696655E0,9.864697502E0
5.296710417E0,-2.088157654E-1,-2.517764282E-1,9.864187317E0,9.869609253E0
5.306742417E0,-2.198927307E-1,-2.576142883E-1,9.807455292E0,9.813302056E0
5.316773417E0,-2.387535095E-1,-2.677931213E-1,9.813143463E0,9.819699640E0
5.326804417E0,-1.938468933E-1,-2.550695801E-1,9.918973389E0,9.924145817E0
5.336836417E0,-1.347198486E-1,-2.544708252E-1,1.003812561E1,1.004225426E1
5.346867417E0,-9.475296021E-2,-2.676434326E-1,9.999805298E0,1.000383512E1
5.356898417E0,-1.544787598E-1,-2.700384521E-1,9.783804474E0,9.788749381E0
5.366930417E0,-2.459385681E-1,-2.501298523E-1,9.702673187E0,9.709012190E0
5.376961417E0,-2.862048340E-1,-2.360591125E-1,9.730964355E0,9.738033908E0
5.386992417E0,-3.028202820E-1,-2.291734314E-1,9.829459534E0,9.836792938E0
5.397024417E0,-2.448907471E-1,-2.308200073E-1,9.898016968E0,9.903736126E0
5.407055417E0,-1.743873596E-1,-2.462379456E-1,9.866732025E0,9.871344637E0
5.417086417E0,-1.440005493E-1,-2.386038208E-1,9.792336731E0,9.796301679E0
5.427118417E0,-1.757345581E-1,-2.062710571E-1,9.762848053E0,9.766608034E0
5.437149417E0,-2.275268555E-1,-1.666035461E-1,9.796228638E0,9.800286768E0
5.447180417E0,-2.366578674E-1,-1.387614441E-1,9.859846344E0,9.863662181E0
5.457212417E0,-2.246827698E-1,-1.302291870E-1,9.865384827E0,9.868802347E0
5.467243417E0,-2.086660767E-1,-1.299298096E-1,9.861941986E0,9.865004968E0
5.477274417E0,-1.919009399E-1,-1.460961914E-1,9.886191559E0,9.889133107E0
5.487305417E0,-2.008822632E-1,-1.802252197E-1,9.924511871E0,9.928180634E0
5.497337417E0,-1.965412903E-1,-2.130070496E-1,9.960736542E0,9.964952229E0
5.507368417E0,-2.017803955E-1,-2.411485291E-1,9.969717865E0,9.974675045E0
5.517399417E0,-2.011816406E-1,-2.571652222E-1,9.912686462E0,9.918062356E0
5.527431417E0,-1.941462708E-1,-2.649490356E-1,9.858798523E0,9.864268806E0
5.537462417E0,-2.029779053E-1,-2.799179077E-1,9.800719299E0,9.806816652E0
5.547493417E0,-2.119592285E-1,-2.555186462E-1,9.768835602E0,9.774475204E0
5.557525417E0,-2.085163879E-1,-2.661465454E-1,9.771380310E0,9.777227942E0
5.567556417E0,-2.119592285E-1,-2.588117981E-1,9.784103851E0,9.789821165E0
5.577587417E0,-1.999841309E-1,-2.656974792E-1,9.806257782E0,9.811894847E0
5.587619417E0,-1.889071655E-1,-2.829116821E-1,9.839338989E0,9.845217960E0
5.597650417E0,-1.886077881E-1,-2.606080627E-1,9.869127045E0,9.874368744E0
5.607681417E0,-1.981878662E-1,-2.743794250E-1,9.895322571E0,9.901109598E0
5.617713417E0,-1.983375549E-1,-2.662962341E-1,9.887987823E0,9.893561273E0
5.627744417E0,-2.185455322E-1,-2.275268555E-1,9.833800507E0,9.838859844E0
5.637775417E0,-2.483335876E-1,-1.916015625E-1,9.817933502E0,9.822942481E0
5.647807417E0,-2.435435486E-1,-1.540296936E-1,9.806108093E0,9.810341204E0
5.657838417E0,-1.992356873E-1,-1.390608215E-1,9.804760895E0,9.807770846E0
5.667869417E0,-1.576222229E-1,-1.425036621E-1,9.798324280E0,9.800628079E0
5.677900083E0,-1.493893433E-1,-1.675016785E-1,9.829459534E0,9.832021598E0
5.687932083E0,-1.529818726E-1,-1.978884888E-1,9.877509613E0,9.880676063E0
5.697963083E0,-1.760339355E-1,-2.290237427E-1,9.942474518E0,9.946669762E0
5.707994083E0,-2.067201233E-1,-2.438429260E-1,9.955497437E0,9.960628584E0
5.718026083E0,-2.106120300E-1,-2.417472839E-1,9.933792572E0,9.938965441E0
5.728057083E0,-2.070195007E-1,-2.249821472E-1,9.891280975E0,9.896004920E0
5.738088083E0,-1.957928467E-1,-2.273771667E-1,9.853559418E0,9.858127024E0
5.748120083E0,-1.817221069E-1,-2.171983337E-1,9.840087433E0,9.844161657E0
5.758151083E0,-1.974394226E-1,-2.001338196E-1,9.862241364E0,9.866247543E0
5.768182083E0,-1.969903564E-1,-1.942959595E-1,9.883796539E0,9.887668590E0
5.778214083E0,-1.829196167E-1,-1.895059204E-1,9.879305878E0,9.882816233E0
5.788245083E0,-1.812730408E-1,-1.986369324E-1,9.847871246E0,9.851542246E0
5.798276083E0,-1.923500061E-1,-2.106120300E-1,9.817334747E0,9.821477358E0
5.808308083E0,-2.014810181E-1,-2.424957275E-1,9.819131012E0,9.824191194E0
5.818339083E0,-2.092648315E-1,-2.634521484E-1,9.808054047E0,9.813823057E0
5.828370083E0,-1.980381775E-1,-2.803669739E-1,9.824070740E0,9.830065649E0
5.838402083E0,-1.883084106E-1,-2.829116821E-1,9.833201752E0,9.839072912E0
5.848433083E0,-1.862127686E-1,-2.888992310E-1,9.829160156E0,9.835167886E0
5.858464083E0,-1.730401611E-1,-2.727328491E-1,9.819280701E0,9.824591573E0
5.868496083E0,-1.911524963E-1,-2.525248718E-1,9.818831635E0,9.823938251E0
5.878527083E0,-1.812730408E-1,-2.526745605E-1,9.822424164E0,9.827345562E0
5.888558083E0,-2.059716797E-1,-2.498304749E-1,9.844129028E0,9.849452570E0
5.898590083E0,-2.221380615E-1,-2.523751831E-1,9.859397278E0,9.865128141E0
5.908621083E0,-2.002835083E-1,-2.445913696E-1,9.858050079E0,9.863117651E0
5.918652083E0,-2.014810181E-1,-2.399510193E-1,9.872569885E0,9.877540546E0
5.928683083E0,-1.947450256E-1,-2.248324585E-1,9.856852570E0,9.861339556E0
5.938715083E0,-1.857637024E-1,-2.130070496E-1,9.871522064E0,9.875567225E0
5.948746083E0,-2.020797729E-1,-2.020797729E-1,9.875264282E0,9.879398621E0
5.958777083E0,-1.936972046E-1,-1.821711731E-1,9.867779846E0,9.871361813E0
5.968809083E0,-1.981878662E-1,-1.681004333E-1,9.867181091E0,9.870602761E0
5.978840083E0,-1.983375549E-1,-1.549278259E-1,9.865684204E0,9.868893820E0
5.988871083E0,-2.056723022E-1,-1.564247131E-1,9.847122803E0,9.850512539E0
5.998903083E0,-2.046244812E-1,-1.613644409E-1,9.835147705E0,9.838599496E0
6.008934083E0,-1.971400452E-1,-1.722917175E-1,9.848769379E0,9.852248825E0
6.018965083E0,-1.851649475E-1,-2.110610962E-1,9.846224670E0,9.850227059E0
6.028997083E0,-1.776805115E-1,-2.278262329E-1,9.867929535E0,9.872158247E0
6.039028083E0,-1.686991882E-1,-2.546205139E-1,9.888287201E0,9.893003325E0
6.049059083E0,-1.610650635E-1,-2.544708252E-1,9.882149963E0,9.886737847E0
6.059091083E0,-1.749861145E-1,-2.436932373E-1,9.853559418E0,9.858125569E0
6.069122083E0,-1.761836243E-1,-2.573149109E-1,9.846973114E0,9.851910025E0
6.079153083E0,-1.787283325E-1,-2.489323425E-1,9.843081207E0,9.847850465E0
6.089185083E0,-1.543290710E-1,-2.656974792E-1,9.936636658E0,9.941386255E0
6.099216083E0,-1.031355286E-1,-2.788700867E-1,9.969268799E0,9.973701712E0
6.109247083E0,-1.209484863E-1,-2.784210205E-1,9.813592529E0,9.818286262E0
6.119279083E0,-1.941462708E-1,-2.742297363E-1,9.727820892E0,9.733621835E0
6.129310083E0,-2.359094238E-1,-2.573149109E-1,9.772278442E0,9.778511654E0
6.139341083E0,-2.375559998E-1,-2.537223816E-1,9.840835876E0,9.846972055E0
6.149372083E0,-2.029779053E-1,-2.547702026E-1,9.876910858E0,9.882280910E0
6.159404083E0,-1.757345581E-1,-2.592608643E-1,9.849368134E0,9.854346831E0
6.169435083E0,-1.510359192E-1,-2.267784119E-1,9.789193268E0,9.792984485E0
6.179466083E0,-1.698966980E-1,-2.043251038E-1,9.793683929E0,9.797288326E0
6.189498083E0,-2.005828857E-1,-1.552272034E-1,9.841284943E0,9.844552722E0
6.199529083E0,-1.857637024E-1,-1.106199646E-1,9.866582336E0,9.868950903E0
6.209560083E0,-1.661544800E-1,-1.173559570E-1,9.870474243E0,9.872570158E0
6.219592083E0,-1.511856079E-1,-1.046324158E-1,9.886490936E0,9.888200446E0
6.229623083E0,-1.499880981E-1,-1.383123779E-1,9.893526306E0,9.895629819E0
6.239654083E0,-1.565744019E-1,-1.848655701E-1,9.942175140E0,9.945126311E0
6.249686083E0,-1.814227295E-1,-2.216889954E-1,9.973609772E0,9.977722791E0
6.259717083E0,-2.038760376E-1,-2.606080627E-1,9.943821716E0,9.949325220E0
6.269748083E0,-2.007325745E-1,-2.721340942E-1,9.911788330E0,9.917555063E0
6.279780083E0,-1.881587219E-1,-2.772235107E-1,9.848020935E0,9.853718735E0
6.289811083E0,-1.793270874E-1,-2.734812927E-1,9.794582062E0,9.800040203E0
6.299842083E0,-1.675016785E-1,-2.537223816E-1,9.775721283E0,9.780447764E0
6.309874083E0,-1.652563477E-1,-2.520758057E-1,9.771080933E0,9.775728846E0
6.319905083E0,-1.547781372E-1,-2.477348328E-1,9.779014435E0,9.783376316E0
6.329936083E0,-1.393601990E-1,-2.404000854E-1,9.792187042E0,9.796128855E0
6.339968083E0,-1.344204712E-1,-2.426454163E-1,9.835896149E0,9.839806843E0
6.349999083E0,-1.302291870E-1,-2.404000854E-1,9.861492920E0,9.865282279E0
6.360030083E0,-1.507365417E-1,-2.384541321E-1,9.899663544E0,9.903682151E0
6.370061083E0,-1.709445190E-1,-2.354603577E-1,9.890682220E0,9.894961263E0
6.380093083E0,-1.847158813E-1,-2.110610962E-1,9.851912842E0,9.855904494E0
6.390124083E0,-2.145039368E-1,-1.892065430E-1,9.825567627E0,9.829729917E0
6.400155083E0,-2.213896179E-1,-1.673519897E-1,9.827363892E0,9.831281763E0
6.410187083E0,-1.814227295E-1,-1.564247131E-1,9.835147705E0,9.838064509E0
6.420218083E0,-1.558259583E-1,-1.953437805E-1,9.841883698E0,9.845055390E0
6.430249083E0,-1.456471252E-1,-2.161505127E-1,9.855355682E0,9.858801639E0
6.440281083E0,-1.308279419E-1,-2.421963501E-1,9.897418213E0,9.901245493E0
6.450312083E0,-1.579216003E-1,-2.671943665E-1,9.904902649E0,9.909764303E0
6.460343083E0,-1.889071655E-1,-2.685415649E-1,9.895172882E0,9.900618509E0
6.470375083E0,-1.910028076E-1,-2.366578674E-1,9.877210236E0,9.881891067E0
6.480406083E0,-1.880090332E-1,-2.151026917E-1,9.835447083E0,9.839595311E0
6.490437083E0,-1.685494995E-1,-1.908531189E-1,9.798773346E0,9.802081051E0
6.500469083E0,-1.508862305E-1,-1.874102783E-1,9.791588287E0,9.794543913E0
6.510500083E0,-1.556762695E-1,-1.701960754E-1,9.812095642E0,9.814806299E0
6.520531083E0,-1.704954529E-1,-1.728904724E-1,9.856253815E0,9.859244346E0
6.530563083E0,-1.710942078E-1,-1.868115234E-1,9.886041870E0,9.889286912E0
6.540594083E0,-1.791773987E-1,-1.972897339E-1,9.884694672E0,9.888286835E0
6.550625083E0,-1.719923401E-1,-2.207908630E-1,9.881401520E0,9.885364230E0
6.560657083E0,-1.883084106E-1,-2.420466614E-1,9.855505371E0,9.860275491E0
6.570688083E0,-1.917512512E-1,-2.692900085E-1,9.819280701E0,9.824843975E0
6.580719083E0,-2.064207458E-1,-2.820135498E-1,9.801018677E0,9.807247742E0
6.590750083E0,-2.206411743E-1,-2.939886475E-1,9.800719299E0,9.807609833E0
6.600782083E0,-2.076182556E-1,-2.893482971E-1,9.810598755E0,9.817060441E0
6.610813083E0,-1.935475159E-1,-2.806663513E-1,9.816735992E0,9.822654417E0
6.620844083E0,-1.746867371E-1,-2.912942505E-1,9.847571869E0,9.853427805E0
6.630876083E0,-1.618135071E-1,-2.881507874E-1,9.833351440E0,9.838903142E0
6.640907083E0,-1.570234680E-1,-2.673440552E-1,9.849068756E0,9.853947665E0
6.650938083E0,-1.682501221E-1,-2.779719543E-1,9.871671753E0,9.877017754E0
6.660970083E0,-2.050735474E-1,-2.778222656E-1,9.876461792E0,9.882496542E0
6.671001083E0,-2.046244812E-1,-2.633024597E-1,9.879006500E0,9.884632962E0
6.681031708E0,-2.362088013E-1,-2.692900085E-1,9.863139496E0,9.869641960E0
6.691063708E0,-2.475851440E-1,-2.427951050E-1,9.867779846E0,9.873870921E0
6.701094708E0,-2.363584900E-1,-2.173480225E-1,9.872719574E0,9.877939931E0
6.711125708E0,-2.145039368E-1,-1.974394226E-1,9.865534515E0,9.869841211E0
6.721157708E0,-1.986369324E-1,-1.794767761E-1,9.861642609E0,9.865275642E0
6.731188708E0,-1.896556091E-1,-1.520837402E-1,9.828262024E0,9.831268134E0
6.741219708E0,-1.950444031E-1,-1.571731567E-1,9.812245331E0,9.815442127E0
6.751251708E0,-1.833686829E-1,-1.691482544E-1,9.814041595E0,9.817211806E0
6.761282708E0,-1.787283325E-1,-1.913021851E-1,9.838889923E0,9.842372441E0
6.771313708E0,-1.697470093E-1,-2.104623413E-1,9.865235138E0,9.868939800E0
6.781345708E0,-1.838177490E-1,-2.269281006E-1,9.862241364E0,9.866564247E0
6.791376708E0,-1.842668152E-1,-2.372566223E-1,9.833351440E0,9.837939089E0
6.801407708E0,-2.119592285E-1,-2.418969727E-1,9.803713074E0,9.808987251E0
6.811439708E0,-2.091151428E-1,-2.502795410E-1,9.871971130E0,9.877357085E0
6.821470708E0,-1.510359192E-1,-2.633024597E-1,1.001642075E1,1.002101914E1
6.831501708E0,-1.127156067E-1,-2.751278687E-1,1.005264542E1,1.005704132E1
6.841532708E0,-1.448986816E-1,-2.650987244E-1,9.873018951E0,9.877640213E0
6.851564708E0,-2.357597351E-1,-2.716850281E-1,9.707313538E0,9.713976092E0
6.861595708E0,-3.002755737E-1,-2.758763123E-1,9.677076416E0,9.685663690E0
6.871626708E0,-3.118016052E-1,-2.709365845E-1,9.771979065E0,9.780705584E0
6.881658708E0,-2.538720703E-1,-2.784210205E-1,9.860295410E0,9.867491823E0
6.891689708E0,-1.737886047E-1,-2.853067017E-1,9.886191559E0,9.891834306E0
6.901720708E0,-1.261875916E-1,-2.718347168E-1,9.828262024E0,9.832830306E0
6.911752708E0,-1.273851013E-1,-2.573149109E-1,9.786049805E0,9.790260911E0
6.921783708E0,-1.842668152E-1,-2.185455322E-1,9.797725525E0,9.801894810E0
6.931814708E0,-2.451901245E-1,-1.874102783E-1,9.812993774E0,9.817845366E0
6.941846708E0,-2.598596191E-1,-1.830693054E-1,9.836045837E0,9.841180778E0
6.951877708E0,-2.363584900E-1,-1.568737793E-1,9.857601013E0,9.861682030E0
6.961908708E0,-1.829196167E-1,-1.757345581E-1,9.870773621E0,9.874032312E0
6.971940708E0,-1.652563477E-1,-1.725910950E-1,9.898466034E0,9.901349765E0
6.981971708E0,-1.555265808E-1,-1.830693054E-1,9.943372650E0,9.946273802E0
6.992002708E0,-1.758842468E-1,-2.002835083E-1,9.972861328E0,9.976422797E0
7.002034708E0,-2.083666992E-1,-2.399510193E-1,9.945468292E0,9.950544343E0
7.012065708E0,-2.116598511E-1,-2.621049500E-1,9.887389069E0,9.893126982E0
7.022096708E0,-2.326162720E-1,-2.737806702E-1,9.850715332E0,9.857264262E0
7.032128708E0,-2.275268555E-1,-2.770738220E-1,9.813442841E0,9.819989753E0
7.042159708E0,-2.125579834E-1,-2.734812927E-1,9.789193268E0,9.795319175E0
7.052190708E0,-2.112107849E-1,-2.585124207E-1,9.799970856E0,9.805654871E0
7.062221708E0,-1.881587219E-1,-2.677931213E-1,9.814939728E0,9.820395039E0
7.072253708E0,-1.806742859E-1,-2.415975952E-1,9.836494904E0,9.841120088E0
7.082284708E0,-1.859133911E-1,-2.347119141E-1,9.835147705E0,9.839704460E0
7.092315708E0,-1.978884888E-1,-2.270777893E-1,9.843380585E0,9.847987892E0
7.102347708E0,-2.230361938E-1,-2.267784119E-1,9.883646851E0,9.888763758E0
7.112378708E0,-2.279759216E-1,-2.221380615E-1,9.862989807E0,9.868124760E0
7.122409708E0,-2.484832764E-1,-2.252815247E-1,9.815688171E0,9.821416903E0
7.132441708E0,-2.640509033E-1,-2.034269714E-1,9.801767120E0,9.807433104E0
7.142472708E0,-2.592608643E-1,-1.842668152E-1,9.812544708E0,9.817698514E0
7.152503708E0,-2.245330811E-1,-1.857637024E-1,9.823921051E0,9.828242370E0
7.162535708E0,-1.835183716E-1,-2.022294617E-1,9.858948212E0,9.862729622E0
7.172566708E0,-1.487905884E-1,-2.168989563E-1,9.907746735E0,9.911237519E0
7.182597708E0,-1.504371643E-1,-2.381547546E-1,9.887538757E0,9.891550521E0
7.192629708E0,-1.752854919E-1,-2.571652222E-1,9.868528290E0,9.873434537E0
7.202660708E0,-2.098635864E-1,-2.766247559E-1,9.882449341E0,9.888547363E0
7.212691708E0,-2.404000854E-1,-2.698887634E-1,9.884844360E0,9.891449852E0
7.222723708E0,-2.582130432E-1,-2.472857666E-1,9.860594788E0,9.867074226E0
7.232754708E0,-2.477348328E-1,-2.456391907E-1,9.865085449E0,9.871252306E0
7.242785708E0,-2.161505127E-1,-2.230361938E-1,9.866432648E0,9.871320042E0
7.252816708E0,-2.139051819E-1,-2.026785278E-1,9.864636383E0,9.869036680E0
7.262848708E0,-2.062710571E-1,-1.839674377E-1,9.892927551E0,9.896787726E0
7.272879708E0,-1.926493835E-1,-1.933978271E-1,9.914482727E0,9.918239977E0
7.282910708E0,-1.853146362E-1,-1.899549866E-1,9.887987823E0,9.891548292E0
7.292942708E0,-2.032772827E-1,-2.050735474E-1,9.847871246E0,9.852103577E0
7.302973708E0,-2.154020691E-1,-2.369572449E-1,9.826166382E0,9.831383044E0
7.313004708E0,-2.194436646E-1,-2.490820312E-1,9.832602997E0,9.838205074E0
7.323036708E0,-2.142045593E-1,-2.721340942E-1,9.832453308E0,9.838550636E0
7.333067708E0,-2.230361938E-1,-2.933898926E-1,9.823322296E0,9.830233146E0
7.343098708E0,-2.374063110E-1,-2.945874023E-1,9.826016693E0,9.833297898E0
7.353130708E0,-2.409988403E-1,-2.775228882E-1,9.830507355E0,9.837376390E0
7.363161708E0,-2.296224976E-1,-2.685415649E-1,9.819580078E0,9.825934763E0
7.373192708E0,-2.188449097E-1,-2.534230042E-1,9.848020935E0,9.853711618E0
7.383224708E0,-1.978884888E-1,-2.390528870E-1,9.868378601E0,9.873256927E0
7.393255708E0,-2.014810181E-1,-2.168989563E-1,9.865684204E0,9.870124851E0
7.403286708E0,-2.148033142E-1,-2.100132751E-1,9.849218445E0,9.853798761E0
7.413318708E0,-2.258802795E-1,-2.079176331E-1,9.833800507E0,9.838591568E0
7.423349708E0,-2.239343262E-1,-2.216889954E-1,9.833650818E0,9.838698135E0
7.433380708E0,-2.291734314E-1,-2.145039368E-1,9.838740234E0,9.843746330E0
7.443412708E0,-2.528242493E-1,-2.134561157E-1,9.857601013E0,9.863152708E0
7.453443708E0,-2.562670898E-1,-2.257305908E-1,9.861492920E0,9.867404407E0
7.463474708E0,-2.487826538E-1,-2.368075562E-1,9.875413971E0,9.881385112E0
7.473505708E0,-2.418969727E-1,-2.297721863E-1,9.877659302E0,9.883292098E0
7.483537708E0,-2.380050659E-1,-2.308200073E-1,9.889185333E0,9.894741575E0
7.493568708E0,-2.068698120E-1,-2.155517578E-1,9.868827667E0,9.873348834E0
7.503599708E0,-1.978884888E-1,-1.901046753E-1,9.832453308E0,9.836281701E0
7.513631708E0,-2.052232361E-1,-1.910028076E-1,9.800270233E0,9.804279438E0
7.523662708E0,-2.130070496E-1,-1.847158813E-1,9.786798248E0,9.790858589E0
7.533693708E0,-2.323168945E-1,-2.216889954E-1,9.798923035E0,9.804183280E0
7.543725708E0,-2.372566223E-1,-2.308200073E-1,9.833052063E0,9.838621929E0
7.553756708E0,-2.312690735E-1,-2.387535095E-1,9.892777863E0,9.898360595E0
7.563787708E0,-2.200424194E-1,-2.519261169E-1,9.864786072E0,9.870455394E0
7.573819708E0,-2.342628479E-1,-2.698887634E-1,9.805209961E0,9.811720614E0
7.583850708E0,-2.381547546E-1,-2.650987244E-1,9.837093658E0,9.843546448E0
7.593881708E0,-1.938468933E-1,-2.523751831E-1,9.953701172E0,9.958786918E0
7.603913708E0,-1.329235840E-1,-2.365081787E-1,1.005099884E1,1.005465974E1
7.613944708E0,-1.428030396E-1,-2.332150269E-1,9.976753235E0,9.980500341E0
7.623975708E0,-1.871109009E-1,-2.297721863E-1,9.780062256E0,9.784550244E0
7.634007708E0,-2.754272461E-1,-2.171983337E-1,9.651928711E0,9.658300219E0
7.644038708E0,-3.350033569E-1,-2.098635864E-1,9.688901825E0,9.696962852E0
7.654069708E0,-3.162922668E-1,-2.151026917E-1,9.848470001E0,9.855895258E0
7.664101708E0,-2.377056885E-1,-2.475851440E-1,9.961634674E0,9.967545725E0
7.674133917E0,-1.588197327E-1,-2.833607483E-1,9.946366425E0,9.951669311E0
7.684164917E0,-1.402583313E-1,-2.694396973E-1,9.879156189E0,9.883825027E0
7.694195917E0,-1.396595764E-1,-2.372566223E-1,9.818532257E0,9.822391317E0
7.704227917E0,-1.854643250E-1,-2.011816406E-1,9.803563385E0,9.807381206E0
7.714258917E0,-2.522254944E-1,-1.758842468E-1,9.830956421E0,9.835764186E0
7.724289917E0,-2.715353394E-1,-1.419049072E-1,9.868079224E0,9.872834244E0
7.734321917E0,-2.442919922E-1,-1.276844788E-1,9.882449341E0,9.886292878E0
7.744352917E0,-2.173480225E-1,-1.249900818E-1,9.877210236E0,9.880391932E0
7.754383917E0,-1.833686829E-1,-1.246907043E-1,9.883796539E0,9.886283724E0
7.764415917E0,-1.899549866E-1,-1.442999268E-1,9.906549225E0,9.909420917E0
7.774446917E0,-2.023791504E-1,-1.648072815E-1,9.911039886E0,9.914475800E0
7.784477917E0,-2.258802795E-1,-2.052232361E-1,9.881850586E0,9.886562066E0
7.794509917E0,-2.213896179E-1,-2.386038208E-1,9.845176849E0,9.850555941E0
7.804540917E0,-2.454895020E-1,-2.589614868E-1,9.826765137E0,9.833241541E0
7.814571917E0,-2.501298523E-1,-2.859054565E-1,9.824220428E0,9.831562129E0
7.824603917E0,-2.475851440E-1,-3.137475586E-1,9.824220428E0,9.832346768E0
7.834634917E0,-2.165995789E-1,-2.902464294E-1,9.833501129E0,9.840167825E0
7.844665917E0,-1.980381775E-1,-2.945874023E-1,9.823022919E0,9.829434374E0
7.854697917E0,-2.034269714E-1,-2.697390747E-1,9.823621674E0,9.829429510E0
7.864728917E0,-1.995350647E-1,-2.412982178E-1,9.810149689E0,9.815145235E0
7.874759917E0,-2.002835083E-1,-2.109114075E-1,9.818981323E0,9.823288214E0
7.884791917E0,-2.317181396E-1,-1.904040527E-1,9.854756927E0,9.859319505E0
7.894822917E0,-2.255809021E-1,-1.836680603E-1,9.870025177E0,9.874310998E0
7.904853917E0,-2.523751831E-1,-1.691482544E-1,9.786199493E0,9.790914405E0
7.914884917E0,-2.863545227E-1,-1.673519897E-1,9.761949921E0,9.767582703E0
7.924916917E0,-2.698887634E-1,-1.501377869E-1,9.844727783E0,9.849570875E0
7.934947917E0,-1.989363098E-1,-1.710942078E-1,9.932145996E0,9.935611354E0
7.944978917E0,-1.552272034E-1,-1.821711731E-1,9.946216736E0,9.949095897E0
7.955010917E0,-1.404080200E-1,-1.984872437E-1,9.906249847E0,9.909232949E0
7.965041917E0,-1.727407837E-1,-2.161505127E-1,9.858199768E0,9.862082087E0
7.975072917E0,-2.095642090E-1,-2.219883728E-1,9.819879456E0,9.824623581E0
7.985104917E0,-2.463876343E-1,-2.308200073E-1,9.836644592E0,9.842436770E0
7.995135917E0,-2.604583740E-1,-2.314187622E-1,9.851463776E0,9.857623026E0
8.005166917E0,-2.550695801E-1,-2.170486450E-1,9.868677979E0,9.874359506E0
8.015198917E0,-2.282752991E-1,-1.986369324E-1,9.867181091E0,9.871819940E0
8.025229917E0,-2.155517578E-1,-1.734892273E-1,9.842931519E0,9.846819890E0
8.035260917E0,-1.863624573E-1,-1.492396545E-1,9.851463776E0,9.854356497E0
8.045292917E0,-1.935475159E-1,-1.538800049E-1,9.874964905E0,9.878060112E0
8.055323917E0,-1.823208618E-1,-1.531315613E-1,9.884994049E0,9.887861120E0
8.065354917E0,-1.962419128E-1,-1.663041687E-1,9.895771637E0,9.899114317E0
8.075386917E0,-2.160008240E-1,-2.137554932E-1,9.864636383E0,9.869316022E0
8.085417917E0,-2.359094238E-1,-2.389031982E-1,9.851613464E0,9.857333100E0
8.095448917E0,-2.243833923E-1,-2.517764282E-1,9.857601013E0,9.863368441E0
8.105479917E0,-2.083666992E-1,-2.656974792E-1,9.858798523E0,9.864579066E0
8.115511917E0,-1.960922241E-1,-2.679428101E-1,9.826615448E0,9.832223384E0
8.125542917E0,-1.990859985E-1,-2.525248718E-1,9.820777588E0,9.826040732E0
8.135573917E0,-2.219883728E-1,-2.432441711E-1,9.790839844E0,9.796376443E0
8.145605917E0,-2.252815247E-1,-2.332150269E-1,9.792935486E0,9.798302223E0
8.155636917E0,-2.240840149E-1,-2.161505127E-1,9.817484436E0,9.822420035E0
8.165667917E0,-2.200424194E-1,-2.106120300E-1,9.861792297E0,9.866494991E0
8.175699917E0,-2.221380615E-1,-2.005828857E-1,9.864786072E0,9.869325360E0
8.185730917E0,-1.971400452E-1,-1.950444031E-1,9.868228912E0,9.872124816E0
8.195761917E0,-2.083666992E-1,-1.914518738E-1,9.875713348E0,9.879766426E0
8.205793917E0,-2.180964661E-1,-2.055226135E-1,9.874366150E0,9.878912515E0
8.215824917E0,-2.258802795E-1,-2.055226135E-1,9.875713348E0,9.880433978E0
8.225855917E0,-2.528242493E-1,-1.871109009E-1,9.866582336E0,9.871594481E0
8.235887917E0,-2.607577515E-1,-1.895059204E-1,9.854457550E0,9.859728227E0
8.245918917E0,-2.588117981E-1,-1.905537415E-1,9.816137238E0,9.821397281E0
8.255949917E0,-2.389031982E-1,-1.890568542E-1,9.837842102E0,9.842558329E0
8.265981917E0,-2.275268555E-1,-1.899549866E-1,9.846074982E0,9.850535209E0
8.276012917E0,-2.284249878E-1,-1.942959595E-1,9.841434631E0,9.846002463E0
8.286043917E0,-2.219883728E-1,-2.121089172E-1,9.840386810E0,9.845175550E0
8.296075917E0,-2.070195007E-1,-2.342628479E-1,9.840087433E0,9.845052404E0
8.306106917E0,-2.180964661E-1,-2.357597351E-1,9.875413971E0,9.880635092E0
8.316137917E0,-1.966909790E-1,-2.387535095E-1,9.904004517E0,9.908834242E0
8.326168917E0,-1.782792664E-1,-2.155517578E-1,9.908794556E0,9.912742083E0
8.336200917E0,-1.672023010E-1,-1.975891113E-1,9.856403503E0,9.859801625E0
8.346231917E0,-1.938468933E-1,-1.865121460E-1,9.795929260E0,9.799622109E0
8.356262917E0,-2.415975952E-1,-1.898052979E-1,9.773176575E0,9.778004695E0
8.366294917E0,-2.598596191E-1,-1.941462708E-1,9.794881439E0,9.800251130E0
8.376325917E0,-2.716850281E-1,-2.161505127E-1,9.856104126E0,9.862216908E0
8.386356917E0,-2.610571289E-1,-2.415975952E-1,9.895322571E0,9.901713438E0
8.396388917E0,-2.297721863E-1,-2.547702026E-1,9.873318329E0,9.879277197E0
8.406419917E0,-2.056723022E-1,-2.475851440E-1,9.803413696E0,9.808696121E0
8.416450917E0,-2.176473999E-1,-2.189945984E-1,9.851763153E0,9.856600136E0
8.426482917E0,-1.932481384E-1,-2.194436646E-1,9.960437164E0,9.964728239E0
8.436513917E0,-1.570234680E-1,-2.076182556E-1,1.004785538E1,1.005122676E1
8.446544917E0,-1.525328064E-1,-2.056723022E-1,9.953701172E0,9.956994244E0
8.456576917E0,-1.990859985E-1,-2.035766602E-1,9.745933228E0,9.750091957E0
8.466607917E0,-3.168910217E-1,-1.820214844E-1,9.610764313E0,9.617709832E0
8.476638917E0,-3.552113342E-1,-2.043251038E-1,9.677675171E0,9.686347121E0
8.486670917E0,-2.951861572E-1,-2.324665833E-1,9.874366150E0,9.881512154E0
8.496701917E0,-2.098635864E-1,-2.745291138E-1,9.985734558E0,9.991711746E0
8.506732917E0,-1.504371643E-1,-3.005749512E-1,9.973310394E0,9.978972736E0
8.516764917E0,-1.510359192E-1,-2.992277527E-1,9.875413971E0,9.881100657E0
8.526795917E0,-1.778302002E-1,-2.763253784E-1,9.834848328E0,9.840336423E0
8.536826917E0,-2.110610962E-1,-2.442919922E-1,9.805509338E0,9.810822532E0
8.546857917E0,-2.451901245E-1,-1.924996948E-1,9.830207977E0,9.835149374E0
8.556889917E0,-2.573149109E-1,-1.707948303E-1,9.859397278E0,9.864233195E0
8.566920917E0,-2.306703186E-1,-1.311273193E-1,9.872569885E0,9.876134837E0
8.576951917E0,-1.990859985E-1,-1.064286804E-1,9.882149963E0,9.884728130E0
8.586983917E0,-1.896556091E-1,-9.295669556E-2,9.893825684E0,9.896079873E0
8.597014917E0,-1.922003174E-1,-1.080752563E-1,9.899513855E0,9.901969288E0
8.607045917E0,-2.173480225E-1,-1.468446350E-1,9.877359924E0,9.880842200E0
8.617077917E0,-2.309696960E-1,-1.793270874E-1,9.885443115E0,9.889766973E0
8.627108917E0,-2.399510193E-1,-2.317181396E-1,9.877210236E0,9.882841283E0
8.637139917E0,-2.526745605E-1,-2.713856506E-1,9.832752686E0,9.839741866E0
8.647171917E0,-2.601589966E-1,-2.977308655E-1,9.820178833E0,9.828135056E0
8.657202917E0,-2.483335876E-1,-3.141966248E-1,9.817334747E0,9.825500019E0
8.667233917E0,-2.278262329E-1,-3.031196594E-1,9.829160156E0,9.836471710E0
8.677264833E0,-2.073188782E-1,-2.880010986E-1,9.826166382E0,9.832571968E0
8.687295833E0,-1.776805115E-1,-2.625540161E-1,9.825118561E0,9.830231926E0
8.697326833E0,-1.847158813E-1,-2.270777893E-1,9.852361908E0,9.856709362E0
8.707358833E0,-1.907034302E-1,-1.987866211E-1,9.848919067E0,9.852770713E0
8.717389833E0,-2.130070496E-1,-2.019300842E-1,9.871971130E0,9.876333417E0
8.727420833E0,-2.371069336E-1,-1.977388000E-1,9.888287201E0,9.893105887E0
8.737452833E0,-2.435435486E-1,-1.865121460E-1,9.787846069E0,9.792651884E0
8.747483833E0,-2.707868958E-1,-1.683998108E-1,9.753866730E0,9.759077837E0
8.757514833E0,-2.947370911E-1,-1.654060364E-1,9.821076965E0,9.826890753E0
8.767545833E0,-2.269281006E-1,-1.667532349E-1,9.903555450E0,9.907558406E0
8.777577833E0,-1.639091492E-1,-1.869612122E-1,9.929900665E0,9.933013034E0
8.787608833E0,-1.360670471E-1,-1.950444031E-1,9.882599030E0,9.885460037E0
8.797639833E0,-1.710942078E-1,-2.230361938E-1,9.835297394E0,9.839313655E0
8.807671833E0,-1.962419128E-1,-2.264790344E-1,9.819430389E0,9.824002077E0
8.817702833E0,-2.517764282E-1,-2.468367004E-1,9.809550934E0,9.815885556E0
8.827733833E0,-2.621049500E-1,-2.457888794E-1,9.858948212E0,9.865493957E0
8.837765833E0,-2.478845215E-1,-2.294728088E-1,9.876012726E0,9.881787888E0
8.847796833E0,-2.270777893E-1,-2.160008240E-1,9.854307861E0,9.859290243E0
8.857827833E0,-2.082170105E-1,-1.911524963E-1,9.855954437E0,9.860006667E0
8.867859833E0,-1.998344421E-1,-1.681004333E-1,9.860445099E0,9.863902327E0
8.877890833E0,-1.983375549E-1,-1.691482544E-1,9.846374359E0,9.849824208E0
8.887921833E0,-1.977388000E-1,-1.776805115E-1,9.865684204E0,9.869265211E0
8.897953833E0,-2.068698120E-1,-2.025288391E-1,9.878557434E0,9.882798694E0
8.907984833E0,-2.222877502E-1,-2.335144043E-1,9.851912842E0,9.857186590E0
8.918015833E0,-2.224374390E-1,-2.562670898E-1,9.846973114E0,9.852818416E0
8.928047833E0,-2.225871277E-1,-2.661465454E-1,9.836195526E0,9.842312810E0
8.938078833E0,-2.088157654E-1,-2.778222656E-1,9.870025177E0,9.876142275E0
8.948109833E0,-2.142045593E-1,-2.865042114E-1,9.852062531E0,9.858554882E0
8.958141833E0,-2.191442871E-1,-2.568658447E-1,9.825268250E0,9.831068124E0
8.968172833E0,-2.119592285E-1,-2.399510193E-1,9.804611206E0,9.809837109E0
8.978203833E0,-2.206411743E-1,-2.356100464E-1,9.793983307E0,9.799301181E0
8.988234833E0,-2.282752991E-1,-2.121089172E-1,9.815388794E0,9.820333853E0
8.998266833E0,-2.242337036E-1,-2.258802795E-1,9.831854553E0,9.837004961E0
9.008297833E0,-2.401007080E-1,-2.204914856E-1,9.850415955E0,9.855808405E0
9.018328833E0,-2.505789185E-1,-2.236349487E-1,9.878557434E0,9.884265241E0
9.028360833E0,-2.251318359E-1,-2.359094238E-1,9.893825684E0,9.899198162E0
9.038391833E0,-2.263293457E-1,-2.465373230E-1,9.884994049E0,9.890657864E0
9.048422833E0,-2.318678284E-1,-2.228865051E-1,9.873617706E0,9.878854574E0
9.058454833E0,-2.302212524E-1,-2.017803955E-1,9.871821442E0,9.876567001E0
9.068485833E0,-2.384541321E-1,-2.080673218E-1,9.851763153E0,9.856844810E0
9.078516833E0,-2.568658447E-1,-2.016307068E-1,9.823621674E0,9.829047654E0
9.088548833E0,-2.511776733E-1,-2.037263489E-1,9.838440857E0,9.843755033E0
9.098579833E0,-2.556683350E-1,-1.998344421E-1,9.846074982E0,9.851420844E0
9.108610833E0,-2.465373230E-1,-2.215393066E-1,9.841584320E0,9.847164173E0
9.118642833E0,-2.213896179E-1,-2.342628479E-1,9.839638367E0,9.844916233E0
9.128673833E0,-2.046244812E-1,-2.336640930E-1,9.883946228E0,9.888825164E0
9.138704833E0,-1.938468933E-1,-2.576142883E-1,9.890532532E0,9.895785744E0
9.148736833E0,-1.987866211E-1,-2.514770508E-1,9.890682220E0,9.895875485E0
9.158767833E0,-2.110610962E-1,-2.561174011E-1,9.855505371E0,9.861091675E0
9.168798833E0,-2.308200073E-1,-2.570155334E-1,9.850865021E0,9.856920235E0
9.178830833E0,-2.300715637E-1,-2.691403198E-1,9.869426422E0,9.875775784E0
9.188861833E0,-2.188449097E-1,-2.528242493E-1,9.899064789E0,9.904710843E0
9.198892833E0,-2.010319519E-1,-2.219883728E-1,9.887538757E0,9.892073360E0
9.208923833E0,-2.026785278E-1,-2.107617188E-1,9.846224670E0,9.850565433E0
9.218955833E0,-2.154020691E-1,-2.148033142E-1,9.786648560E0,9.791375212E0
9.228986833E0,-2.450404358E-1,-1.962419128E-1,9.768835602E0,9.773878694E0
9.239017833E0,-2.688409424E-1,-2.180964661E-1,9.809401245E0,9.815507848E0
9.249049833E0,-2.766247559E-1,-2.395019531E-1,9.856403503E0,9.863192813E0
9.259080833E0,-2.477348328E-1,-2.677931213E-1,9.887089691E0,9.893817679E0
9.269111833E0,-2.399510193E-1,-2.659968567E-1,9.844727783E0,9.851243370E0
9.279143833E0,-2.296224976E-1,-2.707868958E-1,9.808802490E0,9.815225842E0
9.289174833E0,-2.179467773E-1,-2.555186462E-1,9.892328796E0,9.898028066E0
9.299205833E0,-1.755848694E-1,-2.567161560E-1,1.000714005E1,1.001197209E1
9.309237833E0,-1.552272034E-1,-2.369572449E-1,1.006491989E1,1.006890543E1
9.319268833E0,-1.558259583E-1,-2.362088013E-1,9.890682220E0,9.894729461E0
9.329299833E0,-2.549198914E-1,-2.201921082E-1,9.660161591E0,9.666032830E0
9.339331833E0,-3.570075989E-1,-2.124082947E-1,9.595196686E0,9.604185085E0
9.349362833E0,-3.701802063E-1,-2.059716797E-1,9.729168091E0,9.738386389E0
9.359393833E0,-2.950364685E-1,-2.354603577E-1,9.905351715E0,9.912541586E0
9.369425833E0,-2.107617188E-1,-2.712359619E-1,9.977052612E0,9.982963902E0
9.379456833E0,-1.408570862E-1,-3.126997375E-1,9.942175140E0,9.948088679E0
9.389487833E0,-1.231938171E-1,-3.112028503E-1,9.854457550E0,9.860139834E0
9.399519833E0,-1.445993042E-1,-2.730322266E-1,9.809550934E0,9.814415167E0
9.409550833E0,-2.227368164E-1,-2.537223816E-1,9.810449066E0,9.816256803E0
9.419581833E0,-2.725831604E-1,-2.137554932E-1,9.852212219E0,9.858299985E0
9.429612833E0,-2.643502808E-1,-1.806742859E-1,9.852960663E0,9.858162004E0
9.439644833E0,-2.459385681E-1,-1.624122620E-1,9.843530273E0,9.847941499E0
9.449675833E0,-2.228865051E-1,-1.402583313E-1,9.837991791E0,9.841515801E0
9.459706833E0,-2.174977112E-1,-1.456471252E-1,9.855056305E0,9.858531996E0
9.469738833E0,-2.157014465E-1,-1.630110168E-1,9.858948212E0,9.862654792E0
9.479769833E0,-2.145039368E-1,-1.848655701E-1,9.889634399E0,9.893687673E0
9.489800833E0,-2.157014465E-1,-2.267784119E-1,9.893526306E0,9.898475556E0
9.499832833E0,-2.121089172E-1,-2.649490356E-1,9.881551208E0,9.887377937E0
9.509863833E0,-2.356100464E-1,-2.965333557E-1,9.861792297E0,9.869062339E0
9.519894833E0,-2.508782959E-1,-3.192860413E-1,9.846823425E0,9.855192290E0
9.529926833E0,-2.510279846E-1,-3.189866638E-1,9.825567627E0,9.833948685E0
9.539957833E0,-2.559677124E-1,-3.174897766E-1,9.826465759E0,9.834924939E0
9.549988833E0,-2.281256104E-1,-3.161425781E-1,9.822124786E0,9.829858735E0
9.560020833E0,-2.031275940E-1,-2.809657288E-1,9.816436615E0,9.822557222E0
9.570051833E0,-2.137554932E-1,-2.609074402E-1,9.826615448E0,9.832402314E0
9.580082833E0,-1.929487610E-1,-2.338137817E-1,9.850266266E0,9.854929914E0
9.590114833E0,-2.026785278E-1,-2.257305908E-1,9.894274750E0,9.898924472E0
9.600145833E0,-2.038760376E-1,-2.113604736E-1,9.839189301E0,9.843570733E0
9.610176833E0,-2.389031982E-1,-2.067201233E-1,9.762398987E0,9.767509505E0
9.620208833E0,-2.737806702E-1,-1.722917175E-1,9.760303345E0,9.765662378E0
9.630239833E0,-2.763253784E-1,-1.755848694E-1,9.824669495E0,9.830122911E0
9.640270833E0,-2.351609802E-1,-1.981878662E-1,9.898466034E0,9.903242345E0
9.650301833E0,-1.703457642E-1,-2.204914856E-1,9.935888214E0,9.939794202E0
9.660333833E0,-1.610650635E-1,-2.371069336E-1,9.904004517E0,9.908151549E0
9.670364833E0,-1.790277100E-1,-2.489323425E-1,9.845925293E0,9.850698610E0
9.680396042E0,-2.076182556E-1,-2.707868958E-1,9.837991791E0,9.843907423E0
9.690428042E0,-2.493814087E-1,-2.818638611E-1,9.876611481E0,9.883779270E0
9.700459042E0,-2.444416809E-1,-2.766247559E-1,9.870025177E0,9.876926141E0
9.710490042E0,-2.350112915E-1,-2.603086853E-1,9.872719574E0,9.878946437E0
9.720522042E0,-2.363584900E-1,-2.363584900E-1,9.850715332E0,9.856384896E0
9.730553042E0,-2.233355713E-1,-2.133064270E-1,9.848470001E0,9.853311107E0
9.740584042E0,-2.186952209E-1,-1.826202393E-1,9.847122803E0,9.851243842E0
9.750616042E0,-2.118095398E-1,-2.040257263E-1,9.877210236E0,9.881587515E0
9.760647042E0,-2.160008240E-1,-2.469863892E-1,9.889784088E0,9.895225512E0
9.770678042E0,-2.007325745E-1,-2.607577515E-1,9.866133270E0,9.871619618E0
9.780710042E0,-2.160008240E-1,-2.760260010E-1,9.870474243E0,9.876695221E0
9.790741042E0,-2.209405518E-1,-2.893482971E-1,9.857900391E0,9.864620483E0
9.800772042E0,-2.218386841E-1,-2.977308655E-1,9.866881714E0,9.873865040E0
9.810804042E0,-2.115101624E-1,-2.968327332E-1,9.850116577E0,9.856857654E0
9.820835042E0,-2.225871277E-1,-3.065625000E-1,9.830507355E0,9.837804656E0
9.830866042E0,-2.384541321E-1,-2.865042114E-1,9.809251556E0,9.816331348E0
9.840898042E0,-2.393522644E-1,-2.721340942E-1,9.812993774E0,9.819683971E0
9.850929042E0,-2.454895020E-1,-2.547702026E-1,9.821376343E0,9.827746752E0
9.860960042E0,-2.412982178E-1,-2.365081787E-1,9.842033386E0,9.847831341E0
9.870991042E0,-2.383044434E-1,-2.360591125E-1,9.872869263E0,9.878565705E0
9.881023042E0,-2.317181396E-1,-2.447410583E-1,9.889035645E0,9.894777282E0
9.891054042E0,-2.305206299E-1,-2.219883728E-1,9.893077240E0,9.898252163E0
9.901085042E0,-2.371069336E-1,-2.174977112E-1,9.886490936E0,9.891725228E0
9.911117042E0,-2.498304749E-1,-2.285746765E-1,9.849817200E0,9.855635977E0
9.921148042E0,-2.586621094E-1,-2.305206299E-1,9.828262024E0,9.834367303E0
9.931179042E0,-2.595602417E-1,-2.192939758E-1,9.830207977E0,9.836079008E0
9.941211042E0,-2.567161560E-1,-2.315684509E-1,9.824819183E0,9.830900219E0
9.951242042E0,-2.537223816E-1,-2.496807861E-1,9.841284943E0,9.847720795E0
9.961273042E0,-2.447410583E-1,-2.597099304E-1,9.833800507E0,9.840273362E0
9.971305042E0,-2.320175171E-1,-2.513273621E-1,9.843829651E0,9.849770544E0
9.981336042E0,-2.022294617E-1,-2.633024597E-1,9.857451324E0,9.863040685E0
9.991367042E0,-2.043251038E-1,-2.670446777E-1,9.860295410E0,9.866026920E0
1.000139904E1,-2.121089172E-1,-2.698887634E-1,9.862091675E0,9.868063758E0
1.001143004E1,-2.002835083E-1,-2.586621094E-1,9.862690430E0,9.868114414E0
1.002146104E1,-2.062710571E-1,-2.695893860E-1,9.871522064E0,9.877356633E0
1.003149304E1,-2.200424194E-1,-2.857557678E-1,9.845027161E0,9.851631074E0
1.004152404E1,-2.347119141E-1,-2.689906311E-1,9.826615448E0,9.833098027E0
1.005155504E1,-2.294728088E-1,-2.725831604E-1,9.809850311E0,9.816319192E0
1.006158704E1,-2.555186462E-1,-2.665956116E-1,9.827064514E0,9.834000202E0
1.007161804E1,-2.332150269E-1,-2.577639771E-1,9.866582336E0,9.872703709E0
1.008164904E1,-2.266287231E-1,-2.420466614E-1,9.894723816E0,9.900278105E0
1.009168104E1,-2.290237427E-1,-2.297721863E-1,9.845625916E0,9.850969333E0
1.010171204E1,-2.360591125E-1,-2.154020691E-1,9.790091400E0,9.795305589E0
1.011174304E1,-2.544708252E-1,-2.261796570E-1,9.787696381E0,9.793615935E0
1.012177404E1,-2.733316040E-1,-2.323168945E-1,9.809101868E0,9.815658957E0
1.013180604E1,-2.601589966E-1,-2.435435486E-1,9.849068756E0,9.855513763E0
1.014183704E1,-2.324665833E-1,-2.716850281E-1,9.891430664E0,9.897891394E0
1.015186804E1,-2.209405518E-1,-2.639012146E-1,9.875264282E0,9.881260204E0
1.016190004E1,-2.321672058E-1,-2.525248718E-1,9.805808716E0,9.811806918E0
1.017193104E1,-2.368075562E-1,-2.573149109E-1,9.860445099E0,9.866644127E0
1.018196204E1,-2.031275940E-1,-2.378553772E-1,9.971813507E0,9.976717928E0
1.019199404E1,-1.731898499E-1,-2.362088013E-1,1.007614655E1,1.008040270E1
1.020202504E1,-1.621128845E-1,-2.468367004E-1,9.983040161E0,9.987407061E0
1.021205604E1,-2.230361938E-1,-2.451901245E-1,9.710606689E0,9.716261916E0
1.022208804E1,-3.353027344E-1,-2.338137817E-1,9.589209137E0,9.597917935E0
1.023211904E1,-3.769161987E-1,-2.402503967E-1,9.665101318E0,9.675431234E0
1.024215004E1,-3.197351074E-1,-2.309696960E-1,9.840686188E0,9.848587827E0
1.025218204E1,-2.171983337E-1,-2.821632385E-1,9.970466309E0,9.976822621E0
1.026221304E1,-1.291813660E-1,-3.082090759E-1,9.967472534E0,9.973073216E0
1.027224404E1,-9.190887451E-2,-3.144960022E-1,9.860744476E0,9.866186528E0
1.028227604E1,-1.213975525E-1,-2.957849121E-1,9.801318054E0,9.806531583E0
1.029230704E1,-2.124082947E-1,-2.731819153E-1,9.812694397E0,9.818794069E0
1.030233804E1,-2.662962341E-1,-2.176473999E-1,9.833650818E0,9.839663230E0
1.031237004E1,-2.972817993E-1,-1.942959595E-1,9.867480469E0,9.873869464E0
1.032240104E1,-2.639012146E-1,-1.737886047E-1,9.868378601E0,9.873436208E0
1.033243204E1,-2.338137817E-1,-1.513352966E-1,9.859996033E0,9.863928884E0
1.034246304E1,-2.079176331E-1,-1.396595764E-1,9.871671753E0,9.874848745E0
1.035249504E1,-2.167492676E-1,-1.513352966E-1,9.870174866E0,9.873714321E0
1.036252604E1,-2.260299683E-1,-1.791773987E-1,9.886490936E0,9.890697504E0
1.037255704E1,-2.421963501E-1,-2.234852600E-1,9.887838135E0,9.893328445E0
1.038258904E1,-2.438429260E-1,-2.532733154E-1,9.885143738E0,9.891393909E0
1.039262004E1,-2.386038208E-1,-2.971321106E-1,9.856852570E0,9.864216231E0
1.040265104E1,-2.466870117E-1,-3.076103210E-1,9.834099884E0,9.842001784E0
1.041268304E1,-2.550695801E-1,-3.153941345E-1,9.831405487E0,9.839769703E0
1.042271404E1,-2.508782959E-1,-3.061134338E-1,9.816885681E0,9.824860805E0
1.043274504E1,-2.418969727E-1,-2.935395813E-1,9.824968872E0,9.832328970E0
1.044277704E1,-2.152523804E-1,-2.835104370E-1,9.847871246E0,9.854302605E0
1.045280804E1,-2.146536255E-1,-2.570155334E-1,9.860445099E0,9.866129470E0
1.046283904E1,-2.179467773E-1,-2.378553772E-1,9.878557434E0,9.883823802E0
1.047287104E1,-2.163002014E-1,-2.252815247E-1,9.912686462E0,9.917605076E0
1.048290204E1,-2.170486450E-1,-2.330653381E-1,9.850715332E0,9.855862322E0
1.049293304E1,-2.435435486E-1,-2.088157654E-1,9.778715057E0,9.783975964E0
1.050296504E1,-2.948867798E-1,-1.719923401E-1,9.783056030E0,9.789010413E0
1.051299604E1,-2.803669739E-1,-1.669029236E-1,9.788295135E0,9.793731867E0
1.052302704E1,-2.486329651E-1,-1.737886047E-1,9.835896149E0,9.840572843E0
1.053305904E1,-1.601669312E-1,-2.002835083E-1,9.897867279E0,9.901188999E0
1.054309004E1,-1.378633118E-1,-2.191442871E-1,9.898765411E0,9.902150634E0
1.055312104E1,-1.567240906E-1,-2.426454163E-1,9.866732025E0,9.870959431E0
1.056315204E1,-1.932481384E-1,-2.603086853E-1,9.863139496E0,9.868466252E0
1.057318404E1,-2.356100464E-1,-2.511776733E-1,9.868528290E0,9.874535580E0
1.058321504E1,-2.516267395E-1,-2.579136658E-1,9.854756927E0,9.861342179E0
1.059324604E1,-2.727328491E-1,-2.532733154E-1,9.837991791E0,9.845029866E0
1.060327804E1,-2.624043274E-1,-2.424957275E-1,9.856253815E0,9.862727790E0
1.061330904E1,-2.275268555E-1,-2.140548706E-1,9.862241364E0,9.867187678E0
1.062334004E1,-2.167492676E-1,-2.137554932E-1,9.885443115E0,9.890129283E0
1.063337204E1,-2.056723022E-1,-2.028282166E-1,9.900711365E0,9.904924326E0
1.064340304E1,-1.978884888E-1,-2.106120300E-1,9.917925568E0,9.922135095E0
1.065343404E1,-1.963916016E-1,-2.224374390E-1,9.891131287E0,9.895581145E0
1.066346604E1,-1.983375549E-1,-2.451901245E-1,9.879156189E0,9.884188535E0
1.067349704E1,-2.330653381E-1,-2.639012146E-1,9.870324554E0,9.876602154E0
1.068352821E1,-2.481838989E-1,-2.760260010E-1,9.858499146E0,9.865484834E0
1.069356021E1,-2.389031982E-1,-2.877017212E-1,9.841284943E0,9.848387500E0
1.070359121E1,-2.421963501E-1,-2.866539001E-1,9.820927277E0,9.828094531E0
1.071362221E1,-2.487826538E-1,-2.845582581E-1,9.811047821E0,9.818326006E0
1.072365421E1,-2.323168945E-1,-2.522254944E-1,9.799821167E0,9.805818872E0
1.073368521E1,-2.260299683E-1,-2.441423035E-1,9.814340973E0,9.819978806E0
1.074371621E1,-2.113604736E-1,-2.302212524E-1,9.838889923E0,9.843852396E0
1.075374821E1,-2.254312134E-1,-2.192939758E-1,9.851912842E0,9.856931354E0
1.076377921E1,-2.348616028E-1,-2.131567383E-1,9.858798523E0,9.863899030E0
1.077381021E1,-2.333647156E-1,-2.163002014E-1,9.863139496E0,9.868270648E0
1.078384121E1,-2.359094238E-1,-2.059716797E-1,9.852810974E0,9.857786855E0
1.079387321E1,-2.483335876E-1,-2.137554932E-1,9.852062531E0,9.857509680E0
1.080390421E1,-2.412982178E-1,-1.977388000E-1,9.860894165E0,9.865827852E0
1.081393521E1,-2.290237427E-1,-2.014810181E-1,9.845775604E0,9.850499669E0
1.082396721E1,-2.350112915E-1,-2.001338196E-1,9.844877472E0,9.849715544E0
1.083399821E1,-2.396516418E-1,-1.899549866E-1,9.838590546E0,9.843341899E0
1.084402921E1,-2.179467773E-1,-1.920506287E-1,9.819729767E0,9.824025495E0
1.085406121E1,-2.151026917E-1,-2.089654541E-1,9.852361908E0,9.856925022E0
1.086409221E1,-2.106120300E-1,-1.953437805E-1,9.828411713E0,9.832608678E0
1.087412321E1,-2.113604736E-1,-2.188449097E-1,9.833501129E0,9.838206686E0
1.088415521E1,-1.911524963E-1,-2.294728088E-1,9.865235138E0,9.869754879E0
1.089418621E1,-2.022294617E-1,-2.378553772E-1,9.854607239E0,9.859551499E0
1.090421721E1,-2.149530029E-1,-2.481838989E-1,9.832752686E0,9.838232840E0
1.091424921E1,-2.435435486E-1,-2.471360779E-1,9.826465759E0,9.832589640E0
1.092428021E1,-2.374063110E-1,-2.453398132E-1,9.845925293E0,9.851842379E0
1.093431121E1,-2.233355713E-1,-2.305206299E-1,9.874815216E0,9.880030065E0
1.094434321E1,-2.089654541E-1,-2.097138977E-1,9.869276733E0,9.873716105E0
1.095437421E1,-2.008822632E-1,-1.890568542E-1,9.855056305E0,9.858916317E0
1.096440521E1,-2.134561157E-1,-1.847158813E-1,9.823172607E0,9.827227663E0
1.097443721E1,-2.212399292E-1,-1.716929626E-1,9.811047821E0,9.815043807E0
1.098446821E1,-2.284249878E-1,-1.772314453E-1,9.831255798E0,9.835506064E0
1.099449921E1,-2.353106689E-1,-2.097138977E-1,9.865684204E0,9.870718102E0
1.100453121E1,-2.151026917E-1,-2.287243652E-1,9.876761169E0,9.881750614E0
1.101456221E1,-2.148033142E-1,-2.381547546E-1,9.859846344E0,9.865060977E0
1.102459321E1,-2.278262329E-1,-2.365081787E-1,9.819580078E0,9.825069660E0
1.103462421E1,-2.233355713E-1,-2.183958435E-1,9.830657043E0,9.835618609E0
1.104465621E1,-1.926493835E-1,-2.034269714E-1,9.925110626E0,9.929064269E0
1.105468721E1,-1.571731567E-1,-1.890568542E-1,1.002630020E1,1.002931412E1
1.106471821E1,-1.281335449E-1,-2.013313293E-1,9.987979889E0,9.990830535E0
1.107475021E1,-1.811233521E-1,-2.163002014E-1,9.774823151E0,9.778893550E0
1.108478121E1,-2.609074402E-1,-2.287243652E-1,9.671238556E0,9.677460552E0
1.109481221E1,-3.204835510E-1,-2.302212524E-1,9.731263733E0,9.739261028E0
1.110484421E1,-2.980302429E-1,-2.240840149E-1,9.823771362E0,9.830845307E0
1.111487521E1,-2.359094238E-1,-2.386038208E-1,9.913285217E0,9.918962085E0
1.112490621E1,-1.520837402E-1,-2.580633545E-1,9.915979614E0,9.920502904E0
1.113493821E1,-9.250762939E-2,-2.353106689E-1,9.840686188E0,9.843933839E0
1.114496921E1,-1.407073975E-1,-2.010319519E-1,9.782756653E0,9.785833646E0
1.115500021E1,-1.862127686E-1,-1.592687988E-1,9.780810699E0,9.783879582E0
1.116503221E1,-2.308200073E-1,-1.306782532E-1,9.815538483E0,9.819121671E0
1.117506321E1,-2.622546387E-1,-1.152603149E-1,9.837093658E0,9.841263846E0
1.118509421E1,-2.538720703E-1,-1.264869690E-1,9.855954437E0,9.860034881E0
1.119512621E1,-2.127076721E-1,-1.212478638E-1,9.855954437E0,9.858995054E0
1.120515721E1,-2.040257263E-1,-1.413061523E-1,9.874366150E0,9.877484537E0
1.121518821E1,-1.874102783E-1,-1.706451416E-1,9.900112610E0,9.903356606E0
1.122522021E1,-1.788780212E-1,-1.959425354E-1,9.952204285E0,9.955740100E0
1.123525121E1,-1.868115234E-1,-2.097138977E-1,9.942025452E0,9.945991582E0
1.124528221E1,-2.085163879E-1,-2.347119141E-1,9.901160431E0,9.906136817E0
1.125531321E1,-2.228865051E-1,-2.412982178E-1,9.846973114E0,9.852450595E0
1.126534521E1,-2.203417969E-1,-2.609074402E-1,9.804311829E0,9.810257572E0
1.127537621E1,-2.207908630E-1,-2.480342102E-1,9.771529999E0,9.777170761E0
1.128540721E1,-2.064207458E-1,-2.401007080E-1,9.763596497E0,9.768729417E0
1.129543921E1,-2.122586060E-1,-2.357597351E-1,9.773625641E0,9.778772650E0
1.130547021E1,-1.948947144E-1,-2.228865051E-1,9.819280701E0,9.823743473E0
1.131550121E1,-1.692979431E-1,-2.275268555E-1,9.841584320E0,9.845669718E0
1.132553321E1,-1.841171265E-1,-2.189945984E-1,9.881700897E0,9.885841915E0
1.133556421E1,-1.995350647E-1,-2.031275940E-1,9.888885956E0,9.892984409E0
1.134559521E1,-2.080673218E-1,-1.929487610E-1,9.856403503E0,9.860487374E0
1.135562721E1,-2.368075562E-1,-1.814227295E-1,9.833650818E0,9.838174649E0
1.136565821E1,-2.646496582E-1,-1.471440125E-1,9.829609222E0,9.834272127E0
1.137568921E1,-2.424957275E-1,-1.392105103E-1,9.839937744E0,9.843909719E0
1.138572121E1,-1.966909790E-1,-1.573228455E-1,9.836045837E0,9.839270071E0
1.139575221E1,-1.622625732E-1,-1.724414062E-1,9.847871246E0,9.850717399E0
1.140578321E1,-1.529818726E-1,-1.992356873E-1,9.873767395E0,9.876962128E0
1.141581521E1,-1.642085266E-1,-1.954934692E-1,9.909692688E0,9.912980950E0
1.142584621E1,-1.841171265E-1,-2.062710571E-1,9.928104401E0,9.931953678E0
1.143587721E1,-2.092648315E-1,-2.258802795E-1,9.908794556E0,9.913577720E0
1.144590821E1,-2.112107849E-1,-2.204914856E-1,9.875863037E0,9.880581826E0
1.145594021E1,-2.122586060E-1,-2.279759216E-1,9.840386810E0,9.845315603E0
1.146597121E1,-2.131567383E-1,-2.163002014E-1,9.829609222E0,9.834299113E0
1.147600321E1,-1.936972046E-1,-2.106120300E-1,9.846973114E0,9.851129658E0
1.148603421E1,-1.887574768E-1,-1.898052979E-1,9.859696655E0,9.863329741E0
1.149606521E1,-1.809736633E-1,-1.818717957E-1,9.882748718E0,9.886078649E0
1.150609621E1,-1.689985657E-1,-1.704954529E-1,9.885742493E0,9.888656827E0
1.151612821E1,-1.588197327E-1,-1.660047913E-1,9.863887939E0,9.866563058E0
1.152615921E1,-1.847158813E-1,-2.160008240E-1,9.858349457E0,9.862445454E0
1.153619021E1,-2.005828857E-1,-2.216889954E-1,9.835596771E0,9.840139397E0
1.154622221E1,-2.074685669E-1,-2.393522644E-1,9.813293152E0,9.818403903E0
1.155625321E1,-2.273771667E-1,-2.606080627E-1,9.812245331E0,9.818338728E0
1.156628421E1,-2.107617188E-1,-2.737806702E-1,9.812245331E0,9.818326476E0
1.157631621E1,-2.100132751E-1,-2.812651062E-1,9.822424164E0,9.828694323E0
1.158634721E1,-1.978884888E-1,-2.642005920E-1,9.842033386E0,9.847567364E0
1.159637821E1,-2.037263489E-1,-2.552192688E-1,9.856553192E0,9.861961373E0
1.160641021E1,-2.038760376E-1,-2.613565063E-1,9.872869263E0,9.878432069E0
1.161644121E1,-2.082170105E-1,-2.366578674E-1,9.843979340E0,9.849024851E0
1.162647221E1,-2.311193848E-1,-2.323168945E-1,9.858948212E0,9.864392893E0
1.163650421E1,-2.372566223E-1,-2.339634705E-1,9.859097900E0,9.864727113E0
1.164653521E1,-2.306703186E-1,-2.285746765E-1,9.839937744E0,9.845294815E0
1.165656621E1,-2.254312134E-1,-2.168989563E-1,9.836943970E0,9.841917042E0
1.166659821E1,-2.112107849E-1,-2.192939758E-1,9.824070740E0,9.828787603E0
1.167662892E1,-2.031275940E-1,-1.956431580E-1,9.851763153E0,9.855799018E0
1.168665992E1,-1.923500061E-1,-1.787283325E-1,9.880054321E0,9.883542671E0
1.169669192E1,-2.038760376E-1,-1.755848694E-1,9.880353699E0,9.884016628E0
1.170672292E1,-2.163002014E-1,-1.966909790E-1,9.845326538E0,9.849666378E0
1.171675392E1,-2.442919922E-1,-1.984872437E-1,9.847422180E0,9.852451439E0
1.172678492E1,-2.427951050E-1,-2.151026917E-1,9.862540741E0,9.867873555E0
1.173681692E1,-2.255809021E-1,-2.206411743E-1,9.873318329E0,9.878359383E0
1.174684792E1,-2.109114075E-1,-2.252815247E-1,9.877509613E0,9.882329257E0
1.175687892E1,-1.880090332E-1,-2.248324585E-1,9.865833893E0,9.870186190E0
1.176691092E1,-1.887574768E-1,-2.201921082E-1,9.829010468E0,9.833288398E0
1.177694192E1,-1.580712891E-1,-2.122586060E-1,9.823322296E0,9.826886647E0
1.178697292E1,-1.672023010E-1,-2.050735474E-1,9.844578094E0,9.848133307E0
1.179700492E1,-1.782792664E-1,-2.174977112E-1,9.859546967E0,9.863556921E0
1.180703592E1,-1.941462708E-1,-2.408491516E-1,9.872420197E0,9.877265898E0
1.181706692E1,-2.080673218E-1,-2.600093079E-1,9.857750702E0,9.863373954E0
1.182709892E1,-2.216889954E-1,-2.616558838E-1,9.832303619E0,9.838282588E0
1.183712992E1,-2.365081787E-1,-2.619552612E-1,9.827812958E0,9.834147864E0
1.184716092E1,-2.237846375E-1,-2.649490356E-1,9.876910858E0,9.882997807E0
1.185719292E1,-1.619631958E-1,-2.742297363E-1,9.997410278E0,1.000248201E1
1.186722392E1,-1.125659180E-1,-2.673440552E-1,1.000504440E1,1.000924860E1
1.187725492E1,-1.362167358E-1,-2.686912537E-1,9.804760895E0,9.809387656E0
1.188728692E1,-2.254312134E-1,-2.466870117E-1,9.707313538E0,9.713063875E0
1.189731792E1,-2.793191528E-1,-2.315684509E-1,9.730066223E0,9.736828634E0
1.190734892E1,-2.815644836E-1,-2.192939758E-1,9.814191284E0,9.820678132E0
1.191738092E1,-2.369572449E-1,-2.439926147E-1,9.889634399E0,9.895481276E0
1.192741192E1,-1.815724182E-1,-2.484832764E-1,9.878407745E0,9.883200497E0
1.193744292E1,-1.604663086E-1,-2.393522644E-1,9.804311829E0,9.808545732E0
1.194747392E1,-1.841171265E-1,-2.249821472E-1,9.777068481E0,9.781389685E0
1.195750592E1,-2.333647156E-1,-1.838177490E-1,9.805209961E0,9.809708988E0
1.196753692E1,-2.573149109E-1,-1.640588379E-1,9.858948212E0,9.863670012E0
1.197756792E1,-2.309696960E-1,-1.495390320E-1,9.871522064E0,9.875356033E0
1.198759992E1,-1.944456482E-1,-1.369651794E-1,9.865684204E0,9.868550724E0
1.199763092E1,-1.763333130E-1,-1.462458801E-1,9.862540741E0,9.865201020E0
1.200766192E1,-1.546284485E-1,-1.661544800E-1,9.906249847E0,9.908849747E0
1.201769392E1,-1.761836243E-1,-1.945953369E-1,9.937085724E0,9.940552334E0
1.202772492E1,-1.945953369E-1,-2.207908630E-1,9.941576385E0,9.945931680E0
1.203775592E1,-2.218386841E-1,-2.580633545E-1,9.911488953E0,9.917329396E0
1.204778792E1,-2.261796570E-1,-2.766247559E-1,9.853110352E0,9.859587319E0
1.205781892E1,-2.040257263E-1,-2.914439392E-1,9.808353424E0,9.814803256E0
1.206784992E1,-1.996847534E-1,-2.872526550E-1,9.768985291E0,9.775247398E0
1.207788192E1,-1.999841309E-1,-2.775228882E-1,9.791887665E0,9.797860820E0
1.208791292E1,-1.914518738E-1,-2.712359619E-1,9.815538483E0,9.821151586E0
1.209794392E1,-1.862127686E-1,-2.709365845E-1,9.838440857E0,9.843932158E0
1.210797592E1,-1.890568542E-1,-2.811154175E-1,9.856104126E0,9.861924605E0
1.211800692E1,-1.836680603E-1,-2.719844055E-1,9.853858795E0,9.859322625E0
1.212803792E1,-1.975891113E-1,-2.911445618E-1,9.874964905E0,9.881231628E0
1.213806992E1,-2.239343262E-1,-2.719844055E-1,9.873468018E0,9.879751656E0
1.214810092E1,-2.356100464E-1,-2.562670898E-1,9.827064514E0,9.833228457E0
1.215813192E1,-2.606080627E-1,-2.182461548E-1,9.825118561E0,9.830997034E0
1.216816392E1,-2.570155334E-1,-1.767823792E-1,9.821825409E0,9.826777873E0
1.217819492E1,-2.263293457E-1,-1.624122620E-1,9.839338989E0,9.843281692E0
1.218822592E1,-1.761836243E-1,-1.655557251E-1,9.841284943E0,9.844254095E0
1.219825692E1,-1.793270874E-1,-1.728904724E-1,9.835596771E0,9.838750590E0
1.220828892E1,-1.853146362E-1,-2.019300842E-1,9.869127045E0,9.872931981E0
1.221831992E1,-1.856140137E-1,-2.404000854E-1,9.929451599E0,9.934095521E0
1.222835092E1,-2.109114075E-1,-2.457888794E-1,9.947264557E0,9.952535755E0
1.223838292E1,-2.252815247E-1,-2.642005920E-1,9.934241638E0,9.940307372E0
1.224841392E1,-2.203417969E-1,-2.604583740E-1,9.910141754E0,9.916012236E0
1.225844492E1,-2.116598511E-1,-2.555186462E-1,9.879455566E0,9.885025643E0
1.226847692E1,-2.052232361E-1,-2.459385681E-1,9.848320312E0,9.853528065E0
1.227850792E1,-2.059716797E-1,-2.324665833E-1,9.861043854E0,9.865933860E0
1.228853892E1,-2.168989563E-1,-2.216889954E-1,9.859696655E0,9.864573448E0
1.229857092E1,-1.917512512E-1,-2.155517578E-1,9.856104126E0,9.860325534E0
1.230860192E1,-2.034269714E-1,-2.383044434E-1,9.838141479E0,9.843129549E0
1.231863292E1,-2.110610962E-1,-2.568658447E-1,9.808054047E0,9.813686923E0
1.232866492E1,-2.094145203E-1,-2.507286072E-1,9.793234863E0,9.798681971E0
1.233869592E1,-2.160008240E-1,-2.770738220E-1,9.781559143E0,9.787866240E0
1.234872692E1,-2.143542480E-1,-2.999761963E-1,9.806557159E0,9.813485455E0
1.235875892E1,-2.001338196E-1,-2.944377136E-1,9.807904358E0,9.814363709E0
1.236878992E1,-2.124082947E-1,-2.815644836E-1,9.825268250E0,9.831596616E0
1.237882092E1,-1.971400452E-1,-2.637515259E-1,9.839039612E0,9.844548215E0
1.238885292E1,-2.106120300E-1,-2.573149109E-1,9.820478210E0,9.826106079E0
1.239888392E1,-2.164498901E-1,-2.553689575E-1,9.819580078E0,9.825284564E0
1.240891492E1,-2.383044434E-1,-2.604583740E-1,9.829160156E0,9.835497799E0
1.241894692E1,-2.704875183E-1,-2.680924988E-1,9.858798523E0,9.866151499E0
1.242897792E1,-2.522254944E-1,-2.582130432E-1,9.848769379E0,9.855381776E0
1.243900892E1,-2.456391907E-1,-2.546205139E-1,9.858349457E0,9.864695851E0
1.244903992E1,-2.255809021E-1,-2.314187622E-1,9.856253815E0,9.861550621E0
1.245907192E1,-1.929487610E-1,-2.240840149E-1,9.862540741E0,9.866972825E0
1.246910292E1,-1.865121460E-1,-2.064207458E-1,9.888137512E0,9.892050332E0
1.247913392E1,-2.050735474E-1,-2.179467773E-1,9.860744476E0,9.865284465E0
1.248916592E1,-2.281256104E-1,-2.221380615E-1,9.852062531E0,9.857206639E0
1.249919692E1,-2.523751831E-1,-2.436932373E-1,9.823621674E0,9.829884151E0
1.250922792E1,-2.662962341E-1,-2.474354553E-1,9.834099884E0,9.840815948E0
1.251925992E1,-2.555186462E-1,-2.571652222E-1,9.858798523E0,9.865461573E0
1.252929092E1,-2.233355713E-1,-2.320175171E-1,9.869725800E0,9.874978393E0
1.253932192E1,-1.911524963E-1,-2.115101624E-1,9.855505371E0,9.859627881E0
1.254935392E1,-1.863624573E-1,-1.954934692E-1,9.826615448E0,9.830326537E0
1.255938492E1,-1.865121460E-1,-2.032772827E-1,9.819131012E0,9.823005765E0
1.256941592E1,-1.908531189E-1,-2.088157654E-1,9.837542725E0,9.841609411E0
1.257944792E1,-2.130070496E-1,-2.329156494E-1,9.854008484E0,9.859062070E0
1.258947892E1,-2.189945984E-1,-2.561174011E-1,9.868378601E0,9.874130391E0
1.259950992E1,-2.239343262E-1,-2.661465454E-1,9.839039612E0,9.845185679E0
1.260954192E1,-2.475851440E-1,-2.677931213E-1,9.786049805E0,9.792843425E0
1.261957292E1,-2.567161560E-1,-2.646496582E-1,9.831854553E0,9.838765501E0
1.262960392E1,-2.059716797E-1,-2.662962341E-1,9.959389343E0,9.965077727E0
1.263963592E1,-1.212478638E-1,-2.715353394E-1,1.005548950E1,1.005988577E1
1.264966692E1,-1.047821045E-1,-2.689906311E-1,9.935439148E0,9.939632101E0
1.265969792E1,-1.827699280E-1,-2.644999695E-1,9.740993500E0,9.746297730E0
1.266972992E1,-2.796185303E-1,-2.501298523E-1,9.687255249E0,9.694517302E0
1.267976142E1,-3.129991150E-1,-2.495310974E-1,9.754914551E0,9.763124096E0
1.268979242E1,-2.942880249E-1,-2.609074402E-1,9.887089691E0,9.894908827E0
1.269982342E1,-2.386038208E-1,-2.698887634E-1,9.937684479E0,9.944211609E0
1.270985542E1,-1.689985657E-1,-2.835104370E-1,9.880952454E0,9.886463477E0
1.271988642E1,-1.487905884E-1,-2.606080627E-1,9.802665253E0,9.807257581E0
1.272991742E1,-2.022294617E-1,-2.318678284E-1,9.756261749E0,9.761111759E0
1.273994942E1,-2.520758057E-1,-1.907034302E-1,9.790390778E0,9.795491901E0
1.274998042E1,-2.924917603E-1,-1.468446350E-1,9.841434631E0,9.846875158E0
1.276001142E1,-2.520758057E-1,-1.384620667E-1,9.858948212E0,9.863142187E0
1.277004342E1,-2.258802795E-1,-1.347198486E-1,9.879754944E0,9.883254985E0
1.278007442E1,-1.865121460E-1,-1.384620667E-1,9.919422455E0,9.922141924E0
1.279010542E1,-1.645079041E-1,-1.637594604E-1,9.943372650E0,9.946081624E0
1.280013742E1,-1.872605896E-1,-1.922003174E-1,9.958042145E0,9.961657033E0
1.281016842E1,-2.082170105E-1,-2.107617188E-1,9.954000549E0,9.958408596E0
1.282019942E1,-2.089654541E-1,-2.664459229E-1,9.906249847E0,9.912035413E0
1.283023142E1,-2.165995789E-1,-2.888992310E-1,9.841135254E0,9.847757167E0
1.284026242E1,-2.275268555E-1,-2.881507874E-1,9.788893890E0,9.795776791E0
1.285029342E1,-2.299218750E-1,-2.993774414E-1,9.772877197E0,9.780164602E0
1.286032542E1,-2.291734314E-1,-2.929408264E-1,9.773026886E0,9.780101702E0
1.287035642E1,-2.195933533E-1,-2.817141724E-1,9.784552917E0,9.791070417E0
1.288038742E1,-2.142045593E-1,-2.755769348E-1,9.792336731E0,9.798555245E0
1.289041942E1,-1.971400452E-1,-2.769241333E-1,9.829908600E0,9.835784374E0
1.290045042E1,-1.996847534E-1,-2.571652222E-1,9.849817200E0,9.855196945E0
1.291048142E1,-2.213896179E-1,-2.499801636E-1,9.886490936E0,9.892128511E0
1.292051242E1,-2.377056885E-1,-2.260299683E-1,9.902208252E0,9.907639568E0
1.293054442E1,-2.601589966E-1,-2.104623413E-1,9.847422180E0,9.853106145E0
1.294057542E1,-2.703378296E-1,-1.987866211E-1,9.795031128E0,9.800777187E0
1.295060642E1,-2.818638611E-1,-1.643582153E-1,9.797426147E0,9.802857745E0
1.296063842E1,-2.644999695E-1,-1.514849854E-1,9.810299377E0,9.815033459E0
1.297066942E1,-2.029779053E-1,-1.615141296E-1,9.797276459E0,9.800709814E0
1.298070042E1,-1.859133911E-1,-1.878593445E-1,9.841883698E0,9.845431917E0
1.299073242E1,-1.675016785E-1,-2.171983337E-1,9.884544983E0,9.888349784E0
1.300076342E1,-1.621128845E-1,-2.252815247E-1,9.892927551E0,9.896820090E0
1.301079442E1,-1.977388000E-1,-2.532733154E-1,9.906100159E0,9.911310123E0
1.302082642E1,-2.215393066E-1,-2.652484131E-1,9.915081482E0,9.921102619E0
1.303085742E1,-2.426454163E-1,-2.552192688E-1,9.900112610E0,9.906373875E0
1.304088842E1,-2.418969727E-1,-2.450404358E-1,9.872719574E0,9.878722121E0
1.305092042E1,-2.401007080E-1,-2.200424194E-1,9.847272491E0,9.852656623E0
1.306095142E1,-2.142045593E-1,-2.079176331E-1,9.860894165E0,9.865411652E0
1.307098242E1,-2.055226135E-1,-1.939965820E-1,9.880952454E0,9.884993455E0
1.308101442E1,-1.974394226E-1,-1.917512512E-1,9.899663544E0,9.903488736E0
1.309104542E1,-1.990859985E-1,-1.922003174E-1,9.893376617E0,9.897245935E0
1.310107642E1,-1.868115234E-1,-1.945953369E-1,9.882299652E0,9.885980594E0
1.311110842E1,-1.983375549E-1,-2.092648315E-1,9.851014709E0,9.855233146E0
1.312113942E1,-2.314187622E-1,-2.380050659E-1,9.827363892E0,9.832969140E0
1.313117042E1,-2.366578674E-1,-2.805166626E-1,9.795330505E0,9.802203643E0
1.314120242E1,-2.483335876E-1,-2.814147949E-1,9.813442841E0,9.820617305E0
1.315123342E1,-2.444416809E-1,-2.986289978E-1,9.818232880E0,9.825814363E0
1.316126442E1,-2.321672058E-1,-2.894979858E-1,9.811347198E0,9.818362620E0
1.317129642E1,-2.040257263E-1,-2.815644836E-1,9.821975098E0,9.828127994E0
1.318132742E1,-2.130070496E-1,-2.538720703E-1,9.833501129E0,9.839083671E0
1.319135842E1,-1.956431580E-1,-2.324665833E-1,9.849966888E0,9.854651930E0
1.320138942E1,-1.986369324E-1,-2.404000854E-1,9.887987823E0,9.892904125E0
1.321142142E1,-2.213896179E-1,-2.165995789E-1,9.890532532E0,9.895380867E0
1.322145242E1,-2.389031982E-1,-2.143542480E-1,9.861492920E0,9.866715010E0
1.323148342E1,-2.555186462E-1,-2.062710571E-1,9.849667511E0,9.855140162E0
1.324151542E1,-2.597099304E-1,-1.938468933E-1,9.840536499E0,9.845871442E0
1.325154642E1,-2.604583740E-1,-2.095642090E-1,9.838291168E0,9.843969160E0
1.326157742E1,-2.538720703E-1,-2.059716797E-1,9.860894165E0,9.866311828E0
1.327160942E1,-2.448907471E-1,-2.237846375E-1,9.869725800E0,9.875299408E0
1.328164042E1,-2.318678284E-1,-2.282752991E-1,9.850565643E0,9.855938098E0
1.329167142E1,-2.424957275E-1,-2.369572449E-1,9.854906616E0,9.860737159E0
1.330170342E1,-2.363584900E-1,-2.374063110E-1,9.860145721E0,9.865835025E0
1.331173442E1,-2.167492676E-1,-2.203417969E-1,9.912237396E0,9.917055054E0
1.332176542E1,-1.960922241E-1,-2.127076721E-1,9.878557434E0,9.882792808E0
1.333179742E1,-1.975891113E-1,-1.919009399E-1,9.848769379E0,9.852620245E0
1.334182842E1,-2.136058044E-1,-1.930984497E-1,9.795629883E0,9.799861185E0
1.335185942E1,-2.381547546E-1,-1.905537415E-1,9.772428131E0,9.777186712E0
1.336189142E1,-2.538720703E-1,-2.076182556E-1,9.782457275E0,9.787953142E0
1.337192242E1,-2.541714478E-1,-2.315684509E-1,9.829758911E0,9.835770805E0
1.338195342E1,-2.511776733E-1,-2.600093079E-1,9.883646851E0,9.890256323E0
1.339198542E1,-2.320175171E-1,-2.634521484E-1,9.869875488E0,9.876116712E0
1.340201642E1,-2.260299683E-1,-2.543211365E-1,9.806557159E0,9.812458005E0
1.341204742E1,-2.173480225E-1,-2.535726929E-1,9.833950195E0,9.839619694E0
1.342207942E1,-1.821711731E-1,-2.252815247E-1,9.952353973E0,9.956570078E0
1.343211042E1,-1.393601990E-1,-2.311193848E-1,1.004710693E1,1.005073108E1
1.344214142E1,-1.348695374E-1,-2.386038208E-1,9.957892456E0,9.961663704E0
1.345217242E1,-2.082170105E-1,-2.281256104E-1,9.748927002E0,9.753818396E0
1.346220442E1,-3.032693481E-1,-2.008822632E-1,9.620643768E0,9.627518502E0
1.347223542E1,-3.397933960E-1,-2.079176331E-1,9.683063965E0,9.691254668E0
1.348226642E1,-3.076103210E-1,-2.270777893E-1,9.839638367E0,9.847064112E0
1.349229842E1,-2.357597351E-1,-2.450404358E-1,9.967023468E0,9.972822283E0
1.350232942E1,-1.483415222E-1,-2.830613708E-1,9.968370667E0,9.973492001E0
1.351236042E1,-1.260379028E-1,-2.728825378E-1,9.870324554E0,9.874900366E0
1.352239242E1,-1.547781372E-1,-2.492317200E-1,9.827513580E0,9.831891776E0
1.353242342E1,-2.122586060E-1,-1.977388000E-1,9.829010468E0,9.833290452E0
1.354245442E1,-2.649490356E-1,-1.546284485E-1,9.838740234E0,9.843521593E0
1.355248642E1,-2.784210205E-1,-1.333726501E-1,9.847721558E0,9.852559383E0
1.356251742E1,-2.489323425E-1,-1.246907043E-1,9.857301636E0,9.861232713E0
1.357254842E1,-2.104623413E-1,-1.077758789E-1,9.882149963E0,9.884978398E0
1.358258042E1,-1.959425354E-1,-1.062789917E-1,9.893675995E0,9.896186811E0
1.359261142E1,-1.740879822E-1,-1.586700439E-1,9.904303894E0,9.907104442E0
1.360264242E1,-1.889071655E-1,-1.839674377E-1,9.915530548E0,9.919036041E0
1.361267442E1,-2.067201233E-1,-1.960922241E-1,9.886790314E0,9.890895211E0
1.362270542E1,-2.254312134E-1,-2.308200073E-1,9.856104126E0,9.861383557E0
1.363273642E1,-2.170486450E-1,-2.531236267E-1,9.826016693E0,9.831672581E0
1.364276842E1,-2.311193848E-1,-2.790197754E-1,9.808353424E0,9.815042796E0
1.365279942E1,-2.308200073E-1,-2.791694641E-1,9.816436615E0,9.823117697E0
1.366283042E1,-2.317181396E-1,-2.850073242E-1,9.818232880E0,9.825101493E0
1.367286242E1,-2.163002014E-1,-2.707868958E-1,9.819729767E0,9.825843679E0
1.368289304E1,-1.956431580E-1,-2.588117981E-1,9.842931519E0,9.848277041E0
1.369292404E1,-1.945953369E-1,-2.324665833E-1,9.861043854E0,9.865702912E0
1.370295604E1,-2.040257263E-1,-2.086660767E-1,9.883197784E0,9.887505574E0
1.371298704E1,-2.119592285E-1,-1.805245972E-1,9.898316345E0,9.902231179E0
1.372301804E1,-2.278262329E-1,-1.716929626E-1,9.872719574E0,9.876840337E0
1.373304904E1,-2.526745605E-1,-1.725910950E-1,9.778116302E0,9.782902971E0
1.374308104E1,-3.088078308E-1,-1.507365417E-1,9.787247314E0,9.793277989E0
1.375311204E1,-2.722837830E-1,-1.564247131E-1,9.786049805E0,9.791086657E0
1.376314304E1,-2.323168945E-1,-1.573228455E-1,9.855505371E0,9.859498351E0
1.377317504E1,-1.694476318E-1,-1.645079041E-1,9.920919342E0,9.923729941E0
1.378320604E1,-1.428030396E-1,-1.779798889E-1,9.906998291E0,9.909625860E0
1.379323704E1,-1.615141296E-1,-1.972897339E-1,9.865384827E0,9.868679133E0
1.380326904E1,-1.824705505E-1,-2.294728088E-1,9.854607239E0,9.858967345E0
1.381330004E1,-2.085163879E-1,-2.320175171E-1,9.865235138E0,9.870165933E0
1.382333104E1,-2.378553772E-1,-2.347119141E-1,9.877509613E0,9.883160477E0
1.383336304E1,-2.498304749E-1,-2.261796570E-1,9.864337006E0,9.870092049E0
1.384339404E1,-2.535726929E-1,-1.950444031E-1,9.858648834E0,9.863837908E0
1.385342504E1,-2.330653381E-1,-1.793270874E-1,9.859996033E0,9.864380336E0
1.386345704E1,-2.062710571E-1,-1.456471252E-1,9.851014709E0,9.854250435E0
1.387348804E1,-1.944456482E-1,-1.594184875E-1,9.881251831E0,9.884450471E0
1.388351904E1,-2.007325745E-1,-1.631607056E-1,9.886041870E0,9.889425607E0
1.389355104E1,-1.881587219E-1,-1.802252197E-1,9.890831909E0,9.894263019E0
1.390358204E1,-1.908531189E-1,-2.145039368E-1,9.856553192E0,9.860734135E0
1.391361304E1,-2.225871277E-1,-2.305206299E-1,9.833201752E0,9.838421697E0
1.392364504E1,-2.137554932E-1,-2.564167786E-1,9.832752686E0,9.838417878E0
1.393367604E1,-2.279759216E-1,-2.571652222E-1,9.835896149E0,9.841898192E0
1.394370704E1,-2.218386841E-1,-2.547702026E-1,9.832902374E0,9.838703642E0
1.395373904E1,-2.237846375E-1,-2.412982178E-1,9.814490662E0,9.820006687E0
1.396377004E1,-2.243833923E-1,-2.398013306E-1,9.795629883E0,9.801133475E0
1.397380104E1,-2.225871277E-1,-2.195933533E-1,9.812395020E0,9.817375530E0
1.398383304E1,-2.246827698E-1,-2.074685669E-1,9.823771362E0,9.828530375E0
1.399386404E1,-2.163002014E-1,-2.022294617E-1,9.853559418E0,9.858007696E0
1.400389504E1,-2.203417969E-1,-2.029779053E-1,9.874815216E0,9.879358587E0
1.401392704E1,-2.261796570E-1,-2.005828857E-1,9.870623932E0,9.875252277E0
1.402395804E1,-2.305206299E-1,-2.068698120E-1,9.864786072E0,9.869647366E0
1.403398904E1,-2.454895020E-1,-1.910028076E-1,9.846524048E0,9.851435580E0
1.404402004E1,-2.308200073E-1,-1.962419128E-1,9.871971130E0,9.876618995E0
1.405405204E1,-2.318678284E-1,-1.977388000E-1,9.867630157E0,9.872334488E0
1.406408304E1,-2.329156494E-1,-1.904040527E-1,9.842183075E0,9.846779732E0
1.407411404E1,-2.269281006E-1,-1.919009399E-1,9.841883698E0,9.846369740E0
1.408414604E1,-2.191442871E-1,-1.892065430E-1,9.859696655E0,9.863946546E0
1.409417704E1,-2.118095398E-1,-2.176473999E-1,9.858499146E0,9.863175912E0
1.410420804E1,-2.155517578E-1,-2.155517578E-1,9.837093658E0,9.841815725E0
1.411424004E1,-2.362088013E-1,-2.154020691E-1,9.829459534E0,9.834656444E0
1.412427104E1,-2.493814087E-1,-2.357597351E-1,9.859247589E0,9.865218536E0
1.413430204E1,-2.240840149E-1,-2.233355713E-1,9.872120819E0,9.877188967E0
1.414433404E1,-2.044747925E-1,-2.142045593E-1,9.882898407E0,9.887334042E0
1.415436504E1,-1.748364258E-1,-1.980381775E-1,9.866732025E0,9.870267866E0
1.416439604E1,-1.833686829E-1,-1.657054138E-1,9.810748444E0,9.813860982E0
1.417442804E1,-2.152523804E-1,-1.685494995E-1,9.777068481E0,9.780890073E0
1.418445904E1,-2.546205139E-1,-1.856140137E-1,9.794282684E0,9.799349849E0
1.419449004E1,-2.670446777E-1,-2.110610962E-1,9.844578094E0,9.850460776E0
1.420452204E1,-2.474354553E-1,-2.348616028E-1,9.879904633E0,9.885792827E0
1.421455304E1,-2.257305908E-1,-2.380050659E-1,9.871971130E0,9.877419436E0
1.422458404E1,-2.421963501E-1,-2.460882568E-1,9.817783813E0,9.823853496E0
1.423461604E1,-2.252815247E-1,-2.389031982E-1,9.871222687E0,9.876682836E0
1.424464704E1,-1.863624573E-1,-2.335144043E-1,9.977501678E0,9.981973737E0
1.425467804E1,-1.508862305E-1,-2.145039368E-1,1.009291168E1,1.009631838E1
1.426471004E1,-1.350192261E-1,-1.968406677E-1,9.935139771E0,9.938006777E0
1.427474104E1,-2.246827698E-1,-1.911524963E-1,9.688153381E0,9.692643477E0
1.428477204E1,-3.191363525E-1,-1.796264648E-1,9.610614624E0,9.617589466E0
1.429480404E1,-3.384461975E-1,-1.657054138E-1,9.729467468E0,9.736762364E0
1.430483504E1,-2.767744446E-1,-1.927990723E-1,9.898615723E0,9.904361100E0
1.431486604E1,-1.957928467E-1,-2.377056885E-1,1.000100281E1,1.000574315E1
1.432489704E1,-1.357676697E-1,-2.859054565E-1,9.951605530E0,9.956637355E0
1.433492904E1,-1.353186035E-1,-2.556683350E-1,9.856253815E0,9.860497791E0
1.434496004E1,-1.845661926E-1,-2.435435486E-1,9.797725525E0,9.802489663E0
1.435499104E1,-2.498304749E-1,-1.983375549E-1,9.796078949E0,9.801271133E0
1.436502304E1,-2.851570129E-1,-1.528321838E-1,9.845476227E0,9.850790543E0
1.437505404E1,-2.622546387E-1,-1.411564636E-1,9.853559418E0,9.858059436E0
1.438508504E1,-2.251318359E-1,-1.191522217E-1,9.861043854E0,9.864333099E0
1.439511704E1,-1.821711731E-1,-1.038839722E-1,9.866133270E0,9.868361765E0
1.440514804E1,-1.853146362E-1,-9.160949707E-2,9.890682220E0,9.892842291E0
1.441517904E1,-1.851649475E-1,-1.019380188E-1,9.892179108E0,9.894437069E0
1.442521104E1,-1.960922241E-1,-1.728904724E-1,9.900262299E0,9.903713286E0
1.443524204E1,-2.227368164E-1,-2.049238586E-1,9.891131287E0,9.895760891E0
1.444527304E1,-2.368075562E-1,-2.462379456E-1,9.851763153E0,9.857684727E0
1.445530504E1,-2.411485291E-1,-2.736309814E-1,9.853260040E0,9.860008111E0
1.446533604E1,-2.453398132E-1,-2.760260010E-1,9.823621674E0,9.830560755E0
1.447536704E1,-2.466870117E-1,-2.571652222E-1,9.831854553E0,9.838310444E0
1.448539904E1,-2.372566223E-1,-2.656974792E-1,9.828561401E0,9.835014239E0
1.449543004E1,-2.094145203E-1,-2.335144043E-1,9.807155914E0,9.812170532E0
1.450546104E1,-1.966909790E-1,-2.082170105E-1,9.818382568E0,9.822559642E0
1.451549304E1,-1.874102783E-1,-2.023791504E-1,9.839638367E0,9.843503600E0
1.452552404E1,-1.892065430E-1,-1.913021851E-1,9.870623932E0,9.874290478E0
1.453555504E1,-2.041754150E-1,-1.948947144E-1,9.880503387E0,9.884534321E0
1.454558704E1,-2.249821472E-1,-1.938468933E-1,9.843380585E0,9.847859408E0
1.455561804E1,-2.655477905E-1,-1.917512512E-1,9.792636108E0,9.798112375E0
1.456564904E1,-2.932402039E-1,-1.667532349E-1,9.808802490E0,9.814601507E0
1.457568104E1,-2.510279846E-1,-1.453477478E-1,9.849068756E0,9.853339352E0
1.458571204E1,-2.052232361E-1,-1.386117554E-1,9.901160431E0,9.904257048E0
1.459574304E1,-1.463955688E-1,-1.535806274E-1,9.915081482E0,9.917351434E0
1.460577404E1,-1.351689148E-1,-1.760339355E-1,9.884694672E0,9.887186017E0
1.461580604E1,-1.773811340E-1,-2.077679443E-1,9.850565643E0,9.854353103E0
1.462583704E1,-2.107617188E-1,-2.170486450E-1,9.853858795E0,9.858502106E0
1.463586804E1,-2.421963501E-1,-2.185455322E-1,9.869875488E0,9.875265231E0
1.464590004E1,-2.601589966E-1,-2.254312134E-1,9.871671753E0,9.877672050E0
1.465593104E1,-2.487826538E-1,-2.306703186E-1,9.862540741E0,9.868374307E0
1.466596204E1,-2.145039368E-1,-2.071691895E-1,9.861492920E0,9.866000893E0
1.467599404E1,-2.118095398E-1,-1.681004333E-1,9.871072998E0,9.874776107E0
1.468602579E1,-1.874102783E-1,-1.666035461E-1,9.879904633E0,9.883086305E0
1.469605679E1,-1.917512512E-1,-1.681004333E-1,9.882299652E0,9.885589143E0
1.470608879E1,-1.895059204E-1,-1.510359192E-1,9.870623932E0,9.873598186E0
1.471611979E1,-1.945953369E-1,-1.781295776E-1,9.866881714E0,9.870407907E0
1.472615079E1,-2.245330811E-1,-2.088157654E-1,9.832004242E0,9.836784360E0
1.473618279E1,-2.309696960E-1,-2.380050659E-1,9.820777588E0,9.826376028E0
1.474621379E1,-2.427951050E-1,-2.619552612E-1,9.817035370E0,9.823530601E0
1.475624479E1,-2.335144043E-1,-2.694396973E-1,9.818532257E0,9.825003939E0
1.476627679E1,-2.276765442E-1,-2.616558838E-1,9.833351440E0,9.839466498E0
1.477630779E1,-2.146536255E-1,-2.501298523E-1,9.830806732E0,9.836330725E0
1.478633879E1,-2.165995789E-1,-2.465373230E-1,9.825867004E0,9.831345707E0
1.479637079E1,-2.192939758E-1,-2.309696960E-1,9.838740234E0,9.843893856E0
1.480640179E1,-2.356100464E-1,-2.113604736E-1,9.828561401E0,9.833656724E0
1.481643279E1,-2.375559998E-1,-2.185455322E-1,9.854307861E0,9.859593218E0
1.482646479E1,-2.332150269E-1,-2.059716797E-1,9.853559418E0,9.858470813E0
1.483649579E1,-2.409988403E-1,-2.044747925E-1,9.851314087E0,9.856382684E0
1.484652679E1,-2.360591125E-1,-1.930984497E-1,9.842183075E0,9.846907057E0
1.485655879E1,-2.398013306E-1,-1.919009399E-1,9.852511597E0,9.857297571E0
1.486658979E1,-2.396516418E-1,-1.935475159E-1,9.842183075E0,9.847002652E0
1.487662079E1,-2.284249878E-1,-1.763333130E-1,9.854307861E0,9.858532083E0
1.488665179E1,-2.312690735E-1,-1.746867371E-1,9.859397278E0,9.863656296E0
1.489668379E1,-2.209405518E-1,-1.872605896E-1,9.872420197E0,9.876667545E0
1.490671479E1,-2.174977112E-1,-1.829196167E-1,9.872719574E0,9.876809031E0
1.491674579E1,-2.101629639E-1,-1.904040527E-1,9.873018951E0,9.877090938E0
1.492677779E1,-2.212399292E-1,-2.031275940E-1,9.870474243E0,9.875042770E0
1.493680879E1,-2.182461548E-1,-2.180964661E-1,9.837393036E0,9.842230397E0
1.494683979E1,-2.318678284E-1,-2.377056885E-1,9.820178833E0,9.825791520E0
1.495687179E1,-2.317181396E-1,-2.492317200E-1,9.839638367E0,9.845521466E0
1.496690279E1,-2.194436646E-1,-2.296224976E-1,9.876312103E0,9.881418055E0
1.497693379E1,-2.007325745E-1,-2.125579834E-1,9.897418213E0,9.901735290E0
1.498696579E1,-1.942959595E-1,-2.171983337E-1,9.881551208E0,9.885847476E0
1.499699679E1,-1.883084106E-1,-1.930984497E-1,9.836943970E0,9.840640921E0
1.500702779E1,-2.011816406E-1,-1.877096558E-1,9.795779572E0,9.799643176E0
1.501705979E1,-2.318678284E-1,-1.844165039E-1,9.798473969E0,9.802951813E0
1.502709079E1,-2.507286072E-1,-1.995350647E-1,9.839788055E0,9.845004218E0
1.503712179E1,-2.471360779E-1,-2.158511353E-1,9.855205994E0,9.860666972E0
1.504715379E1,-2.303709412E-1,-2.418969727E-1,9.858349457E0,9.864007245E0
1.505718479E1,-2.306703186E-1,-2.451901245E-1,9.831106110E0,9.836868116E0
1.506721579E1,-2.478845215E-1,-2.426454163E-1,9.787397003E0,9.793541935E0
1.507724779E1,-2.312690735E-1,-2.115101624E-1,9.880802765E0,9.885771857E0
1.508727879E1,-1.835183716E-1,-1.995350647E-1,1.000459534E1,1.000826764E1
1.509730979E1,-1.305285645E-1,-2.201921082E-1,1.006267456E1,1.006592974E1
1.510734179E1,-1.534309387E-1,-2.264790344E-1,9.864337006E0,9.868129426E0
1.511737279E1,-2.483335876E-1,-2.194436646E-1,9.699679413E0,9.705339036E0
1.512740379E1,-3.189866638E-1,-2.062710571E-1,9.687854004E0,9.695298626E0
1.513743579E1,-3.263214111E-1,-2.237846375E-1,9.795031128E0,9.803019944E0
1.514746679E1,-2.791694641E-1,-2.417472839E-1,9.902208252E0,9.909092068E0
1.515749779E1,-1.895059204E-1,-2.552192688E-1,9.953701172E0,9.958775848E0
1.516752879E1,-1.122665405E-1,-2.395019531E-1,9.870623932E0,9.874167396E0
1.517756079E1,-1.194515991E-1,-2.056723022E-1,9.808353424E0,9.811236755E0
1.518759179E1,-1.749861145E-1,-1.688488770E-1,9.780960388E0,9.783982635E0
1.519762279E1,-2.486329651E-1,-1.442999268E-1,9.805359650E0,9.809572808E0
1.520765479E1,-2.721340942E-1,-1.193019104E-1,9.838740234E0,9.843226062E0
1.521768579E1,-2.631527710E-1,-1.178050232E-1,9.853260040E0,9.857477407E0
1.522771679E1,-2.471360779E-1,-1.309776306E-1,9.873018951E0,9.876980034E0
1.523774879E1,-2.041754150E-1,-1.520837402E-1,9.900861053E0,9.904133817E0
1.524777979E1,-1.927990723E-1,-1.678010559E-1,9.936486969E0,9.939773738E0
1.525781079E1,-2.014810181E-1,-1.948947144E-1,9.959688721E0,9.963632769E0
1.526784279E1,-1.992356873E-1,-2.195933533E-1,9.939480743E0,9.943902330E0
1.527787379E1,-1.957928467E-1,-2.399510193E-1,9.901609497E0,9.906451532E0
1.528790479E1,-2.002835083E-1,-2.562670898E-1,9.838889923E0,9.844264382E0
1.529793679E1,-2.002835083E-1,-2.535726929E-1,9.797725525E0,9.803052487E0
1.530796779E1,-2.272274780E-1,-2.415975952E-1,9.761500854E0,9.767133697E0
1.531799879E1,-2.417472839E-1,-2.439926147E-1,9.750872955E0,9.756920495E0
1.532803079E1,-2.192939758E-1,-2.399510193E-1,9.761500854E0,9.766911757E0
1.533806179E1,-2.103126526E-1,-2.426454163E-1,9.824070740E0,9.829317072E0
1.534809279E1,-2.017803955E-1,-2.386038208E-1,9.854607239E0,9.859560383E0
1.535812479E1,-1.910028076E-1,-2.303709412E-1,9.881401520E0,9.885931865E0
1.536815579E1,-1.886077881E-1,-2.248324585E-1,9.894274750E0,9.898625933E0
1.537818679E1,-1.963916016E-1,-2.130070496E-1,9.879006500E0,9.883254074E0
1.538821879E1,-2.451901245E-1,-1.790277100E-1,9.826765137E0,9.831453716E0
1.539824979E1,-2.652484131E-1,-1.496887207E-1,9.808353424E0,9.813081082E0
1.540828079E1,-2.595602417E-1,-1.435514832E-1,9.838141479E0,9.842611763E0
1.541831279E1,-2.034269714E-1,-1.447489929E-1,9.811047821E0,9.814224073E0
1.542834379E1,-1.730401611E-1,-1.561253357E-1,9.822873230E0,9.825637715E0
1.543837479E1,-1.716929626E-1,-1.926493835E-1,9.833201752E0,9.836587261E0
1.544840679E1,-1.661544800E-1,-1.954934692E-1,9.872120819E0,9.875454140E0
1.545843779E1,-1.892065430E-1,-2.119592285E-1,9.906998291E0,9.911071636E0
1.546846879E1,-2.083666992E-1,-2.145039368E-1,9.923763428E0,9.928268187E0
1.547850079E1,-2.353106689E-1,-2.207908630E-1,9.909393311E0,9.914645505E0
1.548853179E1,-2.305206299E-1,-2.210902405E-1,9.872569885E0,9.877735408E0
1.549856279E1,-2.318678284E-1,-2.165995789E-1,9.849966888E0,9.855076142E0
1.550859479E1,-2.216889954E-1,-2.107617188E-1,9.848470001E0,9.853219163E0
1.551862579E1,-2.121089172E-1,-1.851649475E-1,9.862391052E0,9.866409353E0
1.552865679E1,-1.902543640E-1,-1.926493835E-1,9.875563660E0,9.879274675E0
1.553868779E1,-1.880090332E-1,-1.860630798E-1,9.868977356E0,9.872521508E0
1.554871979E1,-1.823208618E-1,-1.797761536E-1,9.864636383E0,9.867958823E0
1.555875079E1,-2.004331970E-1,-2.046244812E-1,9.840985565E0,9.845153200E0
1.556878179E1,-2.008822632E-1,-2.335144043E-1,9.831555176E0,9.836379407E0
1.557881379E1,-2.260299683E-1,-2.531236267E-1,9.828711090E0,9.834567749E0
1.558884479E1,-2.287243652E-1,-2.604583740E-1,9.804611206E0,9.810736685E0
1.559887579E1,-2.276765442E-1,-2.832110596E-1,9.809700623E0,9.816428649E0
1.560890779E1,-2.065704346E-1,-2.728825378E-1,9.809401245E0,9.815370039E0
1.561893879E1,-2.043251038E-1,-2.603086853E-1,9.839638367E0,9.845201499E0
1.562896979E1,-1.944456482E-1,-2.393522644E-1,9.859696655E0,9.864518070E0
1.563900179E1,-2.022294617E-1,-2.257305908E-1,9.840237122E0,9.844903131E0
1.564903279E1,-2.195933533E-1,-2.257305908E-1,9.851912842E0,9.856944871E0
1.565906379E1,-2.332150269E-1,-2.189945984E-1,9.853110352E0,9.858302667E0
1.566909579E1,-2.546205139E-1,-2.089654541E-1,9.852212219E0,9.857716966E0
1.567912679E1,-2.486329651E-1,-2.086660767E-1,9.845925293E0,9.851274271E0
1.568915667E1,-2.406994629E-1,-1.951940918E-1,9.846074982E0,9.850950691E0
1.569918867E1,-2.335144043E-1,-1.963916016E-1,9.860295410E0,9.865015165E0
1.570921967E1,-2.221380615E-1,-1.881587219E-1,9.859846344E0,9.864143093E0
1.571925067E1,-2.053729248E-1,-1.860630798E-1,9.874964905E0,9.878852635E0
1.572928267E1,-2.064207458E-1,-2.068698120E-1,9.864935760E0,9.869263509E0
1.573931367E1,-2.064207458E-1,-2.029779053E-1,9.855804749E0,9.860055618E0
1.574934467E1,-2.154020691E-1,-2.106120300E-1,9.856104126E0,9.860707075E0
1.575937667E1,-2.188449097E-1,-2.077679443E-1,9.843230896E0,9.847855355E0
1.576940767E1,-2.348616028E-1,-2.399510193E-1,9.824669495E0,9.830405238E0
1.577943867E1,-2.314187622E-1,-2.516267395E-1,9.820178833E0,9.826127567E0
1.578947067E1,-2.375559998E-1,-2.445913696E-1,9.856253815E0,9.862149718E0
1.579950167E1,-2.089654541E-1,-2.380050659E-1,9.883197784E0,9.888271407E0
1.580953267E1,-1.944456482E-1,-2.222877502E-1,9.892179108E0,9.896586707E0
1.581956467E1,-1.935475159E-1,-2.154020691E-1,9.903854828E0,9.908087562E0
1.582959567E1,-1.767823792E-1,-1.859133911E-1,9.832004242E0,9.835350691E0
1.583962667E1,-1.907034302E-1,-1.872605896E-1,9.805659027E0,9.809300856E0
1.584965767E1,-2.140548706E-1,-1.938468933E-1,9.825417938E0,9.829660918E0
1.585968967E1,-2.192939758E-1,-2.143542480E-1,9.837393036E0,9.842171475E0
1.586972067E1,-2.227368164E-1,-2.276765442E-1,9.849667511E0,9.854815999E0
1.587975167E1,-2.195933533E-1,-2.516267395E-1,9.850565643E0,9.856225482E0
1.588978367E1,-2.257305908E-1,-2.489323425E-1,9.818532257E0,9.824281006E0
1.589981467E1,-2.318678284E-1,-2.429447937E-1,9.786199493E0,9.791960242E0
1.590984567E1,-2.412982178E-1,-2.233355713E-1,9.881700897E0,9.887169273E0
1.591987767E1,-1.838177490E-1,-2.311193848E-1,1.000384689E1,1.000820452E1
1.592990867E1,-1.148112488E-1,-2.246827698E-1,1.004635849E1,1.004952650E1
1.593993967E1,-1.450483704E-1,-2.393522644E-1,9.819879456E0,9.823866910E0
1.594997167E1,-2.402503967E-1,-2.302212524E-1,9.688901825E0,9.694614002E0
1.596000267E1,-3.002755737E-1,-2.415975952E-1,9.716444550E0,9.724085021E0
1.597003367E1,-3.092568970E-1,-2.263293457E-1,9.803413696E0,9.810901330E0
1.598006567E1,-2.613565063E-1,-2.433938599E-1,9.894125061E0,9.900568596E0
1.599009667E1,-1.932481384E-1,-2.591111755E-1,9.911039886E0,9.916309549E0
1.600012767E1,-1.519340515E-1,-2.368075562E-1,9.854457550E0,9.858473278E0
1.601015967E1,-1.576222229E-1,-2.088157654E-1,9.793833618E0,9.797327479E0
1.602019067E1,-2.264790344E-1,-1.799258423E-1,9.769584045E0,9.773865074E0
1.603022167E1,-2.573149109E-1,-1.531315613E-1,9.810149689E0,9.814718394E0
1.604025367E1,-2.472857666E-1,-1.312770081E-1,9.853559418E0,9.857536056E0
1.605028467E1,-2.377056885E-1,-1.243913269E-1,9.860594788E0,9.864243851E0
1.606031567E1,-1.845661926E-1,-1.221459961E-1,9.852661285E0,9.855146814E0
1.607034767E1,-1.791773987E-1,-1.416055298E-1,9.886341248E0,9.888978710E0
1.608037867E1,-1.889071655E-1,-1.733395386E-1,9.924212494E0,9.927523666E0
1.609040967E1,-2.082170105E-1,-2.083666992E-1,9.938881989E0,9.943246260E0
1.610044167E1,-2.183958435E-1,-2.451901245E-1,9.916578369E0,9.922012976E0
1.611047267E1,-2.248324585E-1,-2.812651062E-1,9.869725800E0,9.876292171E0
1.612050367E1,-2.374063110E-1,-2.896476746E-1,9.825118561E0,9.832253672E0
1.613053567E1,-2.239343262E-1,-2.763253784E-1,9.806407471E0,9.812855333E0
1.614056667E1,-2.040257263E-1,-2.670446777E-1,9.804760895E0,9.810518618E0
1.615059767E1,-2.004331970E-1,-2.574645996E-1,9.817334747E0,9.822755368E0
1.616062967E1,-1.980381775E-1,-2.688409424E-1,9.820328522E0,9.826003605E0
1.617066067E1,-1.890568542E-1,-2.604583740E-1,9.842482452E0,9.847742984E0
1.618069167E1,-1.889071655E-1,-2.664459229E-1,9.865235138E0,9.870640490E0
1.619072367E1,-1.923500061E-1,-2.725831604E-1,9.893226929E0,9.898850396E0
1.620075467E1,-2.058219910E-1,-2.661465454E-1,9.880204010E0,9.885930809E0
1.621078567E1,-2.269281006E-1,-2.377056885E-1,9.843230896E0,9.848715390E0
1.622081667E1,-2.395019531E-1,-2.148033142E-1,9.808503113E0,9.813777813E0
1.623084867E1,-2.661465454E-1,-1.809736633E-1,9.816286926E0,9.821561712E0
1.624087967E1,-2.330653381E-1,-1.445993042E-1,9.848919067E0,9.852737447E0
1.625091067E1,-1.987866211E-1,-1.377136230E-1,9.839338989E0,9.842310344E0
1.626094267E1,-1.788780212E-1,-1.442999268E-1,9.831555176E0,9.834241048E0
1.627097367E1,-1.847158813E-1,-1.672023010E-1,9.859696655E0,9.862844149E0
1.628100467E1,-1.951940918E-1,-1.874102783E-1,9.904154205E0,9.907850113E0
1.629103667E1,-2.127076721E-1,-2.035766602E-1,9.924960938E0,9.929327148E0
1.630106767E1,-2.255809021E-1,-2.260299683E-1,9.905800781E0,9.910946746E0
1.631109867E1,-2.381547546E-1,-2.204914856E-1,9.883497162E0,9.888824517E0
1.632113067E1,-2.188449097E-1,-2.215393066E-1,9.842183075E0,9.847108227E0
1.633116167E1,-2.083666992E-1,-2.222877502E-1,9.815987549E0,9.820714846E0
1.634119267E1,-2.116598511E-1,-2.131567383E-1,9.852212219E0,9.856790619E0
1.635122467E1,-2.049238586E-1,-2.068698120E-1,9.880653076E0,9.884942798E0
1.636125567E1,-1.856140137E-1,-2.155517578E-1,9.907447357E0,9.911530066E0
1.637128667E1,-1.913021851E-1,-2.130070496E-1,9.907896423E0,9.912032086E0
1.638131867E1,-1.672023010E-1,-2.125579834E-1,9.875713348E0,9.879415552E0
1.639134967E1,-1.880090332E-1,-2.438429260E-1,9.838740234E0,9.843557089E0
1.640138067E1,-1.999841309E-1,-2.489323425E-1,9.812694397E0,9.817888383E0
1.641141267E1,-2.109114075E-1,-2.757266235E-1,9.783954163E0,9.790110717E0
1.642144367E1,-2.460882568E-1,-2.971321106E-1,9.790390778E0,9.797989513E0
1.643147467E1,-2.248324585E-1,-3.007246399E-1,9.802814941E0,9.810003350E0
1.644150667E1,-2.192939758E-1,-3.034190369E-1,9.822274475E0,9.829406331E0
1.645153767E1,-2.094145203E-1,-2.936892700E-1,9.840835876E0,9.847444266E0
1.646156867E1,-2.122586060E-1,-2.695893860E-1,9.851613464E0,9.857586926E0
1.647160067E1,-2.170486450E-1,-2.667453003E-1,9.831854553E0,9.837867001E0
1.648163167E1,-2.160008240E-1,-2.329156494E-1,9.835447083E0,9.840575459E0
1.649166267E1,-2.348616028E-1,-2.336640930E-1,9.849368134E0,9.854938433E0
1.650169467E1,-2.351609802E-1,-2.237846375E-1,9.856403503E0,9.861747831E0
1.651172567E1,-2.384541321E-1,-2.007325745E-1,9.881700897E0,9.886615526E0
1.652175667E1,-2.421963501E-1,-1.962419128E-1,9.856104126E0,9.861032324E0
1.653178867E1,-2.351609802E-1,-1.881587219E-1,9.864037628E0,9.868634289E0
1.654181967E1,-2.065704346E-1,-1.902543640E-1,9.862989807E0,9.866987180E0
1.655185067E1,-2.302212524E-1,-2.173480225E-1,9.876162415E0,9.881236058E0
1.656188267E1,-2.224374390E-1,-2.140548706E-1,9.878407745E0,9.883230114E0
1.657191367E1,-2.228865051E-1,-2.332150269E-1,9.884694672E0,9.889957350E0
1.658194467E1,-2.336640930E-1,-2.266287231E-1,9.857451324E0,9.862824448E0
1.659197567E1,-2.269281006E-1,-2.362088013E-1,9.833650818E0,9.839104602E0
1.660200767E1,-2.182461548E-1,-2.366578674E-1,9.855205994E0,9.860462642E0
1.661203867E1,-2.007325745E-1,-2.327659607E-1,9.858948212E0,9.863738308E0
1.662206967E1,-1.987866211E-1,-2.213896179E-1,9.875413971E0,9.879895272E0
1.663210167E1,-1.930984497E-1,-2.095642090E-1,9.854158173E0,9.858277611E0
1.664213267E1,-2.047741699E-1,-2.059716797E-1,9.825567627E0,9.829859408E0
1.665216367E1,-2.040257263E-1,-2.219883728E-1,9.815538483E0,9.820168076E0
1.666219567E1,-2.143542480E-1,-2.339634705E-1,9.811347198E0,9.816476990E0
1.667222667E1,-2.312690735E-1,-2.531236267E-1,9.844578094E0,9.850546930E0
1.668225796E1,-2.083666992E-1,-2.633024597E-1,9.862241364E0,9.867955694E0
1.669228996E1,-2.100132751E-1,-2.597099304E-1,9.852661285E0,9.858320812E0
1.670232096E1,-2.171983337E-1,-2.713856506E-1,9.834548950E0,9.840689932E0
1.671235196E1,-2.179467773E-1,-2.661465454E-1,9.830357666E0,9.836374669E0
1.672238396E1,-2.055226135E-1,-2.601589966E-1,9.905501404E0,9.911048396E0
1.673241496E1,-1.640588379E-1,-2.594105530E-1,1.001267853E1,1.001738192E1
1.674244596E1,-1.323248291E-1,-2.616558838E-1,9.985135803E0,9.989439958E0
1.675247796E1,-1.782792664E-1,-2.688409424E-1,9.776020660E0,9.781341365E0
1.676250896E1,-2.779719543E-1,-2.734812927E-1,9.695787506E0,9.703625909E0
1.677253996E1,-3.101550293E-1,-2.516267395E-1,9.734706573E0,9.742896090E0
1.678257196E1,-3.022215271E-1,-2.502795410E-1,9.841434631E0,9.849254454E0
1.679260296E1,-2.519261169E-1,-2.559677124E-1,9.915081482E0,9.921583897E0
1.680263396E1,-1.809736633E-1,-2.647993469E-1,9.877060547E0,9.882266704E0
1.681266596E1,-1.565744019E-1,-2.374063110E-1,9.799521790E0,9.803647515E0
1.682269696E1,-1.782792664E-1,-2.065704346E-1,9.769733734E0,9.773543476E0
1.683272796E1,-2.347119141E-1,-1.655557251E-1,9.798923035E0,9.803131695E0
1.684275996E1,-2.466870117E-1,-1.625619507E-1,9.840237122E0,9.844671019E0
1.685279096E1,-2.180964661E-1,-1.442999268E-1,9.867480469E0,9.870945210E0
1.686282196E1,-1.933978271E-1,-1.480421448E-1,9.879904633E0,9.882906189E0
1.687285396E1,-1.760339355E-1,-1.460961914E-1,9.897118835E0,9.899762284E0
1.688288496E1,-1.734892273E-1,-1.796264648E-1,9.932145996E0,9.935285012E0
1.689291596E1,-1.995350647E-1,-2.195933533E-1,9.960437164E0,9.964855442E0
1.690294796E1,-2.219883728E-1,-2.686912537E-1,9.948911133E0,9.955014141E0
1.691297896E1,-2.174977112E-1,-2.989283752E-1,9.903405762E0,9.910303179E0
1.692300996E1,-2.192939758E-1,-3.002755737E-1,9.840237122E0,9.847259613E0
1.693304196E1,-2.171983337E-1,-3.189866638E-1,9.791139221E0,9.798741494E0
1.694307296E1,-2.194436646E-1,-2.987786865E-1,9.769584045E0,9.776614785E0
1.695310396E1,-1.966909790E-1,-2.883004761E-1,9.779313812E0,9.785539492E0
1.696313596E1,-2.079176331E-1,-2.841091919E-1,9.781559143E0,9.787892881E0
1.697316696E1,-2.001338196E-1,-2.719844055E-1,9.800419922E0,9.806235756E0
1.698319796E1,-1.832189941E-1,-2.579136658E-1,9.826016693E0,9.831108417E0
1.699322896E1,-1.948947144E-1,-2.594105530E-1,9.856403503E0,9.861742635E0
1.700326096E1,-2.082170105E-1,-2.484832764E-1,9.886640625E0,9.891954363E0
1.701329196E1,-2.194436646E-1,-2.381547546E-1,9.863887939E0,9.869202526E0
1.702332296E1,-2.318678284E-1,-2.195933533E-1,9.836345215E0,9.841527885E0
1.703335496E1,-2.472857666E-1,-1.793270874E-1,9.807754669E0,9.812510388E0
1.704338596E1,-2.540217590E-1,-1.453477478E-1,9.825118561E0,9.829476474E0
1.705341696E1,-2.266287231E-1,-1.392105103E-1,9.842482452E0,9.846075410E0
1.706344896E1,-1.868115234E-1,-1.531315613E-1,9.831405487E0,9.834372459E0
1.707347996E1,-1.911524963E-1,-1.942959595E-1,9.824070740E0,9.827851042E0
1.708351096E1,-1.924996948E-1,-2.278262329E-1,9.872120819E0,9.876625456E0
1.709354296E1,-1.895059204E-1,-2.540217590E-1,9.901609497E0,9.906680079E0
1.710357396E1,-2.079176331E-1,-2.718347168E-1,9.915530548E0,9.921434871E0
1.711360496E1,-2.245330811E-1,-2.658471680E-1,9.902507629E0,9.908619842E0
1.712363696E1,-2.148033142E-1,-2.573149109E-1,9.863438873E0,9.869132578E0
1.713366796E1,-2.029779053E-1,-2.404000854E-1,9.832752686E0,9.837785198E0
1.714369896E1,-2.004331970E-1,-2.183958435E-1,9.843530273E0,9.847992610E0
1.715373096E1,-1.948947144E-1,-2.071691895E-1,9.852212219E0,9.856317194E0
1.716376196E1,-1.992356873E-1,-2.065704346E-1,9.880353699E0,9.884521001E0
1.717379296E1,-2.014810181E-1,-2.046244812E-1,9.901010742E0,9.905174380E0
1.718382496E1,-1.981878662E-1,-2.167492676E-1,9.890831909E0,9.895191485E0
1.719385596E1,-1.975891113E-1,-2.372566223E-1,9.857900391E0,9.862734523E0
1.720388696E1,-2.140548706E-1,-2.523751831E-1,9.813742218E0,9.819320192E0
1.721391896E1,-2.317181396E-1,-2.890489197E-1,9.803114319E0,9.810111769E0
1.722394996E1,-2.392025757E-1,-2.954855347E-1,9.779613190E0,9.786999730E0
1.723398096E1,-2.308200073E-1,-3.011737061E-1,9.795779572E0,9.803126077E0
1.724401296E1,-2.145039368E-1,-2.993774414E-1,9.807904358E0,9.814816691E0
1.725404396E1,-2.131567383E-1,-2.763253784E-1,9.831106110E0,9.837298351E0
1.726407496E1,-2.157014465E-1,-2.595602417E-1,9.827663269E0,9.833456359E0
1.727410696E1,-2.058219910E-1,-2.493814087E-1,9.841734009E0,9.847044332E0
1.728413796E1,-2.339634705E-1,-2.314187622E-1,9.863887939E0,9.869375808E0
1.729416896E1,-2.258802795E-1,-2.285746765E-1,9.863438873E0,9.868672387E0
1.730420096E1,-2.513273621E-1,-2.097138977E-1,9.869127045E0,9.874553863E0
1.731423196E1,-2.523751831E-1,-2.088157654E-1,9.862690430E0,9.868128484E0
1.732426296E1,-2.390528870E-1,-2.077679443E-1,9.862091675E0,9.867176192E0
1.733429496E1,-2.396516418E-1,-1.895059204E-1,9.867779846E0,9.872508521E0
1.734432596E1,-2.309696960E-1,-1.881587219E-1,9.849218445E0,9.853722884E0
1.735435696E1,-2.097138977E-1,-2.038760376E-1,9.867929535E0,9.872263097E0
1.736438896E1,-2.089654541E-1,-2.201921082E-1,9.880802765E0,9.885464805E0
1.737441996E1,-2.306703186E-1,-2.321672058E-1,9.859097900E0,9.864528464E0
1.738445096E1,-2.395019531E-1,-2.471360779E-1,9.832303619E0,9.838324649E0
1.739448196E1,-2.474354553E-1,-2.519261169E-1,9.837692413E0,9.844027788E0
1.740451396E1,-2.412982178E-1,-2.520758057E-1,9.837093658E0,9.843280890E0
1.741454496E1,-2.257305908E-1,-2.589614868E-1,9.868378601E0,9.874356261E0
1.742457596E1,-2.085163879E-1,-2.498304749E-1,9.864786072E0,9.870151903E0
1.743460796E1,-1.951940918E-1,-2.115101624E-1,9.850266266E0,9.854470193E0
1.744463896E1,-2.056723022E-1,-2.160008240E-1,9.814939728E0,9.819470419E0
1.745466996E1,-2.182461548E-1,-2.142045593E-1,9.814790039E0,9.819552866E0
1.746470196E1,-2.380050659E-1,-2.294728088E-1,9.833650818E0,9.839206909E0
1.747473296E1,-2.282752991E-1,-2.556683350E-1,9.851014709E0,9.856975536E0
1.748476396E1,-2.210902405E-1,-2.525248718E-1,9.880952454E0,9.886651157E0
1.749479596E1,-2.134561157E-1,-2.487826538E-1,9.855804749E0,9.861254665E0
1.750482696E1,-2.353106689E-1,-2.529739380E-1,9.772128754E0,9.778234365E0
1.751485796E1,-2.350112915E-1,-2.541714478E-1,9.824968872E0,9.831065393E0
1.752488996E1,-1.986369324E-1,-2.386038208E-1,9.977801056E0,9.982630030E0
1.753492096E1,-1.555265808E-1,-2.439926147E-1,1.006357269E1,1.006773144E1
1.754495196E1,-1.558259583E-1,-2.538720703E-1,9.919123077E0,9.923594882E0
1.755498396E1,-2.351609802E-1,-2.502795410E-1,9.733209686E0,9.739266468E0
1.756501496E1,-3.058140564E-1,-2.266287231E-1,9.672436066E0,9.679922637E0
1.757504596E1,-3.323089600E-1,-2.197430420E-1,9.765392761E0,9.773515848E0
1.758507796E1,-3.043171692E-1,-2.418969727E-1,9.903854828E0,9.911481400E0
1.759510896E1,-2.173480225E-1,-2.751278687E-1,9.974807281E0,9.980967679E0
1.760513996E1,-1.380130005E-1,-2.757266235E-1,9.919721832E0,9.924512783E0
1.761517196E1,-1.374142456E-1,-2.622546387E-1,9.814790039E0,9.819254742E0
1.762520296E1,-1.871109009E-1,-2.197430420E-1,9.776769104E0,9.781028147E0
1.763523396E1,-2.701881409E-1,-1.631607056E-1,9.771080933E0,9.776177455E0
1.764526596E1,-2.877017212E-1,-1.417552185E-1,9.818083191E0,9.823320435E0
1.765529696E1,-2.827619934E-1,-1.396595764E-1,9.863438873E0,9.868479394E0
1.766532796E1,-2.236349487E-1,-1.309776306E-1,9.867031403E0,9.870434460E0
1.767535996E1,-1.926493835E-1,-1.460961914E-1,9.909243622E0,9.912192847E0
1.768539092E1,-1.793270874E-1,-1.706451416E-1,9.935888214E0,9.938971404E0
1.769542192E1,-2.056723022E-1,-2.031275940E-1,9.943522339E0,9.947723278E0
1.770545392E1,-2.195933533E-1,-2.469863892E-1,9.933642883E0,9.939139020E0
1.771548492E1,-2.260299683E-1,-2.688409424E-1,9.893226929E0,9.899459786E0
1.772551592E1,-2.041754150E-1,-2.993774414E-1,9.841135254E0,9.847804707E0
1.773554792E1,-2.240840149E-1,-2.992277527E-1,9.801018677E0,9.808145492E0
1.774557892E1,-2.372566223E-1,-2.917433167E-1,9.779014435E0,9.786241780E0
1.775560992E1,-2.353106689E-1,-2.987786865E-1,9.779313812E0,9.786706211E0
1.776564192E1,-2.386038208E-1,-2.875520325E-1,9.800419922E0,9.807540395E0
1.777567292E1,-2.276765442E-1,-2.662962341E-1,9.811347198E0,9.817600732E0
1.778570392E1,-2.091151428E-1,-2.658471680E-1,9.833351440E0,9.839166856E0
1.779573592E1,-2.149530029E-1,-2.591111755E-1,9.851463776E0,9.857214714E0
1.780576692E1,-2.402503967E-1,-2.396516418E-1,9.871372375E0,9.877203336E0
1.781579792E1,-2.347119141E-1,-2.191442871E-1,9.872569885E0,9.877790747E0
1.782582992E1,-2.498304749E-1,-2.083666992E-1,9.867630157E0,9.872991283E0
1.783586092E1,-2.668949890E-1,-1.929487610E-1,9.812395020E0,9.817920257E0
1.784589192E1,-2.885998535E-1,-1.559756470E-1,9.798174591E0,9.803664804E0
1.785592292E1,-2.691403198E-1,-1.514849854E-1,9.799372101E0,9.804237746E0
1.786595492E1,-2.269281006E-1,-1.624122620E-1,9.830207977E0,9.834168139E0
1.787598592E1,-1.959425354E-1,-1.850152588E-1,9.885293427E0,9.888966086E0
1.788601692E1,-1.730401611E-1,-2.183958435E-1,9.889784088E0,9.893708554E0
1.789604892E1,-1.817221069E-1,-2.260299683E-1,9.880952454E0,9.885207831E0
1.790607992E1,-1.971400452E-1,-2.411485291E-1,9.875563660E0,9.880474402E0
1.791611092E1,-2.303709412E-1,-2.630030823E-1,9.886490936E0,9.892671248E0
1.792614292E1,-2.502795410E-1,-2.465373230E-1,9.886940002E0,9.893179626E0
1.793617392E1,-2.436932373E-1,-2.426454163E-1,9.873917084E0,9.879903935E0
1.794620492E1,-2.300715637E-1,-2.290237427E-1,9.855954437E0,9.861299238E0
1.795623692E1,-2.143542480E-1,-2.140548706E-1,9.868677979E0,9.873326302E0
1.796626792E1,-2.149530029E-1,-2.067201233E-1,9.871072998E0,9.875576952E0
1.797629892E1,-2.139051819E-1,-1.914518738E-1,9.892029419E0,9.896193979E0
1.798633092E1,-2.079176331E-1,-1.944456482E-1,9.895921326E0,9.900015037E0
1.799636192E1,-2.224374390E-1,-2.097138977E-1,9.872869263E0,9.877601217E0
1.800639292E1,-2.240840149E-1,-2.204914856E-1,9.846524048E0,9.851541299E0
1.801642492E1,-2.381547546E-1,-2.508782959E-1,9.825118561E0,9.831206047E0
1.802645592E1,-2.317181396E-1,-2.719844055E-1,9.827064514E0,9.833558144E0
1.803648692E1,-2.356100464E-1,-2.826123047E-1,9.810898132E0,9.817795270E0
1.804651892E1,-2.438429260E-1,-2.877017212E-1,9.807904358E0,9.815152548E0
1.805654992E1,-2.351609802E-1,-2.754272461E-1,9.815688171E0,9.822367084E0
1.806658092E1,-2.240840149E-1,-2.716850281E-1,9.806108093E0,9.812429991E0
1.807661292E1,-2.264790344E-1,-2.489323425E-1,9.826465759E0,9.832227082E0
1.808664392E1,-2.261796570E-1,-2.436932373E-1,9.852960663E0,9.858568733E0
1.809667492E1,-2.345622253E-1,-2.270777893E-1,9.891879730E0,9.897265701E0
1.810670692E1,-2.255809021E-1,-2.224374390E-1,9.881102142E0,9.886179480E0
1.811673792E1,-2.387535095E-1,-2.179467773E-1,9.870923309E0,9.876215420E0
1.812676892E1,-2.427951050E-1,-1.999841309E-1,9.850565643E0,9.855586568E0
1.813680092E1,-2.553689575E-1,-2.016307068E-1,9.852810974E0,9.858182000E0
1.814683192E1,-2.432441711E-1,-1.995350647E-1,9.855355682E0,9.860376139E0
1.815686292E1,-2.420466614E-1,-2.038760376E-1,9.861941986E0,9.867018383E0
1.816689492E1,-2.405497742E-1,-2.013313293E-1,9.837692413E0,9.842692239E0
1.817692592E1,-2.366578674E-1,-2.130070496E-1,9.844578094E0,9.849725722E0
1.818695692E1,-2.320175171E-1,-2.155517578E-1,9.863139496E0,9.868222505E0
1.819698892E1,-2.158511353E-1,-2.231858826E-1,9.868378601E0,9.873261866E0
1.820701992E1,-2.194436646E-1,-2.264790344E-1,9.853858795E0,9.858903663E0
1.821705092E1,-2.359094238E-1,-2.411485291E-1,9.834399261E0,9.840183672E0
1.822708292E1,-2.513273621E-1,-2.459385681E-1,9.835297394E0,9.841581481E0
1.823711392E1,-2.263293457E-1,-2.658471680E-1,9.876162415E0,9.882331897E0
1.824714492E1,-2.059716797E-1,-2.269281006E-1,9.887239380E0,9.891987831E0
1.825717692E1,-1.957928467E-1,-2.210902405E-1,9.878856812E0,9.883270088E0
1.826720792E1,-2.004331970E-1,-1.857637024E-1,9.839338989E0,9.843133310E0
1.827723892E1,-2.213896179E-1,-1.755848694E-1,9.787995758E0,9.792073548E0
1.828727092E1,-2.516267395E-1,-1.811233521E-1,9.772428131E0,9.777344898E0
1.829730192E1,-2.665956116E-1,-2.034269714E-1,9.801168365E0,9.806903542E0
1.830733292E1,-2.576142883E-1,-2.375559998E-1,9.866432648E0,9.872653704E0
1.831736392E1,-2.462379456E-1,-2.423460388E-1,9.879006500E0,9.885045987E0
1.832739592E1,-2.213896179E-1,-2.439926147E-1,9.801318054E0,9.806853795E0
1.833742692E1,-2.260299683E-1,-2.375559998E-1,9.812395020E0,9.817872398E0
1.834745792E1,-1.993853760E-1,-2.348616028E-1,9.929301910E0,9.934080276E0
1.835748992E1,-1.562750244E-1,-2.291734314E-1,1.003932312E1,1.004315444E1
1.836752092E1,-1.442999268E-1,-2.255809021E-1,9.983339539E0,9.986930337E0
1.837755192E1,-1.930984497E-1,-2.219883728E-1,9.768685913E0,9.773115691E0
1.838758392E1,-2.896476746E-1,-2.085163879E-1,9.623188477E0,9.629804324E0
1.839761492E1,-3.284170532E-1,-1.986369324E-1,9.674980774E0,9.682590943E0
1.840764592E1,-3.129991150E-1,-2.121089172E-1,9.855205994E0,9.862456277E0
1.841767792E1,-2.375559998E-1,-2.504292297E-1,9.985884247E0,9.991848270E0
1.842770892E1,-1.610650635E-1,-2.746788025E-1,9.982291718E0,9.987368939E0
1.843773992E1,-1.374142456E-1,-2.658471680E-1,9.893675995E0,9.898200952E0
1.844777192E1,-1.670526123E-1,-2.478845215E-1,9.799521790E0,9.804079794E0
1.845780292E1,-2.140548706E-1,-2.079176331E-1,9.793683929E0,9.798229133E0
1.846783392E1,-2.665956116E-1,-1.694476318E-1,9.817783813E0,9.822864385E0
1.847786592E1,-2.866539001E-1,-1.471440125E-1,9.839039612E0,9.844314212E0
1.848789692E1,-2.475851440E-1,-1.194515991E-1,9.867480469E0,9.871308824E0
1.849792792E1,-1.863624573E-1,-1.215472412E-1,9.885892181E0,9.888395670E0
1.850795992E1,-1.724414062E-1,-1.143621826E-1,9.900561676E0,9.902723678E0
1.851799092E1,-1.848655701E-1,-1.284329224E-1,9.911638641E0,9.914194413E0
1.852802192E1,-2.041754150E-1,-1.678010559E-1,9.910141754E0,9.913665033E0
1.853805392E1,-2.291734314E-1,-2.046244812E-1,9.888137512E0,9.892909334E0
1.854808492E1,-2.423460388E-1,-2.339634705E-1,9.860295410E0,9.866047642E0
1.855811592E1,-2.571652222E-1,-2.773731995E-1,9.828711090E0,9.835986556E0
1.856814792E1,-2.481838989E-1,-2.800675964E-1,9.810000000E0,9.817134669E0
1.857817892E1,-2.418969727E-1,-2.826123047E-1,9.806407471E0,9.813460722E0
1.858820992E1,-2.389031982E-1,-2.703378296E-1,9.826316071E0,9.832936733E0
1.859824192E1,-2.142045593E-1,-2.713856506E-1,9.833950195E0,9.840025925E0
1.860827292E1,-1.950444031E-1,-2.475851440E-1,9.851613464E0,9.856654025E0
1.861830392E1,-1.815724182E-1,-2.432441711E-1,9.850865021E0,9.855540469E0
1.862833592E1,-2.070195007E-1,-2.261796570E-1,9.860445099E0,9.865211192E0
1.863836692E1,-2.246827698E-1,-2.034269714E-1,9.877210236E0,9.881859487E0
1.864839792E1,-2.390528870E-1,-1.848655701E-1,9.883048096E0,9.887667127E0
1.865842992E1,-2.522254944E-1,-1.818717957E-1,9.797126770E0,9.802060396E0
1.866846092E1,-2.818638611E-1,-1.672023010E-1,9.787397003E0,9.792882310E0
1.867849192E1,-2.944377136E-1,-1.588197327E-1,9.775272217E0,9.780995051E0
1.868852383E1,-2.520758057E-1,-1.471440125E-1,9.832902374E0,9.837233487E0
1.869855483E1,-1.871109009E-1,-1.577719116E-1,9.914632416E0,9.917652868E0
1.870858583E1,-1.375639343E-1,-1.830693054E-1,9.912536774E0,9.915181466E0
1.871861783E1,-1.502874756E-1,-2.109114075E-1,9.877359924E0,9.880754476E0
1.872864883E1,-1.848655701E-1,-2.312690735E-1,9.856702881E0,9.861148632E0
1.873867983E1,-2.206411743E-1,-2.423460388E-1,9.862989807E0,9.868433618E0
1.874871183E1,-2.471360779E-1,-2.354603577E-1,9.887089691E0,9.892980359E0
1.875874283E1,-2.520758057E-1,-2.315684509E-1,9.878108368E0,9.884037186E0
1.876877383E1,-2.362088013E-1,-2.206411743E-1,9.876461792E0,9.881749575E0
1.877880583E1,-2.261796570E-1,-1.841171265E-1,9.865384827E0,9.869694733E0
1.878883683E1,-2.174977112E-1,-1.660047913E-1,9.852960663E0,9.856758933E0
1.879886783E1,-2.143542480E-1,-1.591191101E-1,9.859996033E0,9.863609299E0
1.880889983E1,-1.910028076E-1,-1.675016785E-1,9.884544983E0,9.887809080E0
1.881893083E1,-1.927990723E-1,-1.990859985E-1,9.881850586E0,9.885736074E0
1.882896183E1,-2.101629639E-1,-2.201921082E-1,9.855954437E0,9.860653675E0
1.883899383E1,-2.134561157E-1,-2.438429260E-1,9.839189301E0,9.844524822E0
1.884902483E1,-2.182461548E-1,-2.565664673E-1,9.827962646E0,9.833733142E0
1.885905583E1,-2.097138977E-1,-2.716850281E-1,9.830806732E0,9.836795905E0
1.886908783E1,-2.287243652E-1,-2.582130432E-1,9.828711090E0,9.834762351E0
1.887911883E1,-2.270777893E-1,-2.493814087E-1,9.812544708E0,9.818339425E0
1.888914983E1,-2.284249878E-1,-2.336640930E-1,9.807155914E0,9.812598229E0
1.889918083E1,-2.270777893E-1,-2.213896179E-1,9.818831635E0,9.823951972E0
1.890921283E1,-2.366578674E-1,-2.140548706E-1,9.825567627E0,9.830747969E0
1.891924383E1,-2.296224976E-1,-2.134561157E-1,9.846973114E0,9.851962724E0
1.892927483E1,-2.369572449E-1,-2.163002014E-1,9.870324554E0,9.875537521E0
1.893930683E1,-2.333647156E-1,-2.068698120E-1,9.876611481E0,9.881533714E0
1.894933783E1,-2.245330811E-1,-2.002835083E-1,9.891280975E0,9.895856098E0
1.895936883E1,-2.312690735E-1,-2.083666992E-1,9.866282959E0,9.871192506E0
1.896940083E1,-2.242337036E-1,-1.977388000E-1,9.860744476E0,9.865275618E0
1.897943183E1,-2.344125366E-1,-2.047741699E-1,9.855355682E0,9.860269637E0
1.898946283E1,-2.306703186E-1,-1.898052979E-1,9.842931519E0,9.847463416E0
1.899949483E1,-2.315684509E-1,-1.839674377E-1,9.839338989E0,9.843782795E0
1.900952583E1,-2.311193848E-1,-1.847158813E-1,9.852511597E0,9.856952921E0
1.901955683E1,-2.371069336E-1,-2.014810181E-1,9.849368134E0,9.854281655E0
1.902958883E1,-2.404000854E-1,-2.177970886E-1,9.838889923E0,9.844236014E0
1.903961983E1,-2.359094238E-1,-2.365081787E-1,9.819430389E0,9.825110816E0
1.904965083E1,-2.300715637E-1,-2.293231201E-1,9.847871246E0,9.853227395E0
1.905968283E1,-2.165995789E-1,-2.326162720E-1,9.886490936E0,9.891598897E0
1.906971383E1,-1.835183716E-1,-2.302212524E-1,9.890682220E0,9.895063194E0
1.907974483E1,-1.718426514E-1,-1.983375549E-1,9.883197784E0,9.886681249E0
1.908977683E1,-1.767823792E-1,-1.954934692E-1,9.839638367E0,9.843167828E0
1.909980783E1,-2.086660767E-1,-1.781295776E-1,9.784253540E0,9.788099357E0
1.910983883E1,-2.519261169E-1,-2.071691895E-1,9.773326263E0,9.778767412E0
1.911987083E1,-2.673440552E-1,-2.293231201E-1,9.833501129E0,9.839807234E0
1.912990183E1,-2.600093079E-1,-2.487826538E-1,9.881251831E0,9.887802354E0
1.913993283E1,-2.273771667E-1,-2.568658447E-1,9.884095917E0,9.890047145E0
1.914996483E1,-2.176473999E-1,-2.534230042E-1,9.809401245E0,9.815087692E0
1.915999583E1,-2.201921082E-1,-2.508782959E-1,9.824220428E0,9.829889700E0
1.917002683E1,-1.853146362E-1,-2.534230042E-1,9.936936035E0,9.941894311E0
1.918005883E1,-1.516346741E-1,-2.118095398E-1,1.005294479E1,1.005631918E1
1.919008983E1,-1.306782532E-1,-2.305206299E-1,1.002405487E1,1.002755666E1
1.920012083E1,-2.002835083E-1,-2.067201233E-1,9.762099609E0,9.766341970E0
1.921015283E1,-3.059637451E-1,-2.062710571E-1,9.597442017E0,9.604533035E0
1.922018383E1,-3.502716064E-1,-1.959425354E-1,9.657916260E0,9.666252126E0
1.923021483E1,-3.188369751E-1,-2.065704346E-1,9.833052063E0,9.840388266E0
1.924024683E1,-2.427951050E-1,-2.354603577E-1,9.978250122E0,9.983980496E0
1.925027783E1,-1.531315613E-1,-2.624043274E-1,9.982291718E0,9.986914100E0
1.926030883E1,-1.112187195E-1,-2.800675964E-1,9.903106384E0,9.907690120E0
1.927034083E1,-1.630110168E-1,-2.537223816E-1,9.790839844E0,9.795483270E0
1.928037183E1,-2.386038208E-1,-2.206411743E-1,9.771829376E0,9.777231902E0
1.929040283E1,-2.830613708E-1,-2.007325745E-1,9.809700623E0,9.815836368E0
1.930043483E1,-2.815644836E-1,-1.751358032E-1,9.853559418E0,9.859137097E0
1.931046583E1,-2.320175171E-1,-1.347198486E-1,9.875114594E0,9.878758515E0
1.932049683E1,-1.857637024E-1,-1.257385254E-1,9.884694672E0,9.887239609E0
1.933052883E1,-1.558259583E-1,-1.219963074E-1,9.891730042E0,9.893709519E0
1.934055983E1,-1.833686829E-1,-1.248403931E-1,9.875863037E0,9.878354110E0
1.935059083E1,-2.044747925E-1,-1.678010559E-1,9.880353699E0,9.883893785E0
1.936062283E1,-2.386038208E-1,-1.962419128E-1,9.878557434E0,9.883387054E0
1.937065383E1,-2.567161560E-1,-2.481838989E-1,9.850715332E0,9.857184739E0
1.938068483E1,-2.445913696E-1,-2.613565063E-1,9.822424164E0,9.828944430E0
1.939071683E1,-2.499801636E-1,-3.029699707E-1,9.823022919E0,9.830872807E0
1.940074783E1,-2.398013306E-1,-2.927911377E-1,9.826914825E0,9.834199831E0
1.941077883E1,-2.375559998E-1,-2.664459229E-1,9.835896149E0,9.842371631E0
1.942081083E1,-2.267784119E-1,-2.665956116E-1,9.819430389E0,9.825666127E0
1.943084183E1,-2.001338196E-1,-2.631527710E-1,9.852212219E0,9.857757785E0
1.944087283E1,-1.802252197E-1,-2.365081787E-1,9.874066772E0,9.878543004E0
1.945090483E1,-2.053729248E-1,-2.161505127E-1,9.875563660E0,9.880063597E0
1.946093583E1,-2.151026917E-1,-2.088157654E-1,9.880952454E0,9.885499208E0
1.947096683E1,-2.371069336E-1,-2.115101624E-1,9.871222687E0,9.876335028E0
1.948099883E1,-2.502795410E-1,-1.948947144E-1,9.782606964E0,9.787748608E0
1.949102983E1,-2.950364685E-1,-1.740879822E-1,9.796528015E0,9.802515713E0
1.950106083E1,-2.833607483E-1,-1.444496155E-1,9.792636108E0,9.797799802E0
1.951109183E1,-2.152523804E-1,-1.579216003E-1,9.848470001E0,9.852087808E0
1.952112383E1,-1.559756470E-1,-1.670526123E-1,9.911788330E0,9.914422973E0
1.953115483E1,-1.199006653E-1,-1.719923401E-1,9.909842377E0,9.912060001E0
1.954118683E1,-1.502874756E-1,-2.195933533E-1,9.873468018E0,9.877053116E0
1.955121783E1,-1.963916016E-1,-2.441423035E-1,9.849218445E0,9.854201089E0
1.956124883E1,-2.438429260E-1,-2.450404358E-1,9.856253815E0,9.862314305E0
1.957128083E1,-2.610571289E-1,-2.477348328E-1,9.881700897E0,9.888252424E0
1.958131183E1,-2.799179077E-1,-2.483335876E-1,9.858199768E0,9.865299097E0
1.959134283E1,-2.576142883E-1,-2.305206299E-1,9.842183075E0,9.848252259E0
1.960137483E1,-2.212399292E-1,-2.034269714E-1,9.857451324E0,9.862032055E0
1.961140583E1,-2.041754150E-1,-1.866618347E-1,9.857151947E0,9.861033148E0
1.962143683E1,-1.808239746E-1,-1.639091492E-1,9.876461792E0,9.879476760E0
1.963146783E1,-2.007325745E-1,-1.827699280E-1,9.897567902E0,9.901290258E0
1.964149983E1,-1.953437805E-1,-1.859133911E-1,9.892777863E0,9.896452739E0
1.965153083E1,-1.989363098E-1,-2.207908630E-1,9.859247589E0,9.863725832E0
1.966156183E1,-2.194436646E-1,-2.511776733E-1,9.842332764E0,9.847982533E0
1.967159383E1,-2.335144043E-1,-2.766247559E-1,9.808952179E0,9.815630040E0
1.968162483E1,-2.420466614E-1,-2.833607483E-1,9.829309845E0,9.836371888E0
1.969165642E1,-2.525248718E-1,-2.811154175E-1,9.818831635E0,9.826100415E0
1.970168842E1,-2.445913696E-1,-2.576142883E-1,9.814939728E0,9.821366092E0
1.971171942E1,-2.336640930E-1,-2.267784119E-1,9.812095642E0,9.817497046E0
1.972175042E1,-2.257305908E-1,-2.372566223E-1,9.817634125E0,9.823094462E0
1.973178242E1,-2.180964661E-1,-2.076182556E-1,9.833650818E0,9.838259999E0
1.974181342E1,-2.327659607E-1,-2.251318359E-1,9.849817200E0,9.855138924E0
1.975184442E1,-2.359094238E-1,-2.107617188E-1,9.874366150E0,9.879432201E0
1.976187642E1,-2.302212524E-1,-2.260299683E-1,9.889185333E0,9.894446823E0
1.977190742E1,-2.350112915E-1,-1.998344421E-1,9.896370392E0,9.901177255E0
1.978193842E1,-2.433938599E-1,-2.104623413E-1,9.866881714E0,9.872126910E0
1.979197042E1,-2.447410583E-1,-2.186952209E-1,9.859846344E0,9.865307685E0
1.980200142E1,-2.439926147E-1,-2.034269714E-1,9.840237122E0,9.845363454E0
1.981203242E1,-2.409988403E-1,-2.055226135E-1,9.830956421E0,9.836057347E0
1.982206442E1,-2.335144043E-1,-1.998344421E-1,9.848470001E0,9.853264644E0
1.983209542E1,-2.300715637E-1,-2.130070496E-1,9.851463776E0,9.856451869E0
1.984212642E1,-2.112107849E-1,-2.137554932E-1,9.850715332E0,9.855297761E0
1.985215842E1,-2.125579834E-1,-2.109114075E-1,9.857451324E0,9.861998334E0
1.986218942E1,-2.335144043E-1,-2.276765442E-1,9.833501129E0,9.838907970E0
1.987222042E1,-2.424957275E-1,-2.311193848E-1,9.836644592E0,9.842347138E0
1.988225242E1,-2.227368164E-1,-2.483335876E-1,9.862540741E0,9.868180741E0
1.989228342E1,-2.004331970E-1,-2.453398132E-1,9.923164673E0,9.928220496E0
1.990231442E1,-1.805245972E-1,-2.094145203E-1,9.896071014E0,9.899932580E0
1.991234642E1,-1.914518738E-1,-1.932481384E-1,9.834249573E0,9.838011147E0
1.992237742E1,-2.106120300E-1,-2.007325745E-1,9.801168365E0,9.805485828E0
1.993240842E1,-2.492317200E-1,-1.962419128E-1,9.774224396E0,9.779370628E0
1.994244042E1,-2.773731995E-1,-2.288740540E-1,9.809550934E0,9.816140216E0
1.995247142E1,-2.850073242E-1,-2.600093079E-1,9.859846344E0,9.867390939E0
1.996250242E1,-2.695893860E-1,-2.701881409E-1,9.873168640E0,9.880543460E0
1.997253442E1,-2.372566223E-1,-2.655477905E-1,9.816436615E0,9.822893370E0
1.998256542E1,-2.317181396E-1,-2.613565063E-1,9.800120544E0,9.806343009E0
1.999259642E1,-2.151026917E-1,-2.544708252E-1,9.906698914E0,9.912300840E0
2.000262842E1,-1.691482544E-1,-2.188449097E-1,1.002839584E1,1.003220950E1
2.001265942E1,-1.332229614E-1,-2.131567383E-1,1.005384293E1,1.005698472E1
2.002269042E1,-1.610650635E-1,-2.136058044E-1,9.860145721E0,9.863774280E0
2.003272242E1,-2.794688416E-1,-2.050735474E-1,9.648036804E0,9.654261866E0
2.004275342E1,-3.709286499E-1,-2.085163879E-1,9.647887115E0,9.657266329E0
2.005278442E1,-3.568579102E-1,-1.932481384E-1,9.779613190E0,9.788029758E0
2.006281642E1,-2.812651062E-1,-2.237846375E-1,9.937235413E0,9.943733568E0
2.007284742E1,-1.764830017E-1,-2.817141724E-1,9.999056854E0,1.000458131E1
2.008287842E1,-9.894424438E-2,-2.968327332E-1,9.918524323E0,9.923458287E0
2.009291042E1,-1.070274353E-1,-2.721340942E-1,9.835297394E0,9.839643625E0
2.010294142E1,-1.787283325E-1,-2.359094238E-1,9.811796265E0,9.816259115E0
2.011297242E1,-2.553689575E-1,-1.910028076E-1,9.816735992E0,9.821914321E0
2.012300442E1,-2.915936279E-1,-1.646575928E-1,9.836345215E0,9.842043800E0
2.013303542E1,-2.697390747E-1,-1.513352966E-1,9.840237122E0,9.845096655E0
2.014306642E1,-2.311193848E-1,-1.434017944E-1,9.861642609E0,9.865392804E0
2.015309842E1,-1.992356873E-1,-1.261875916E-1,9.853110352E0,9.855932313E0
2.016312942E1,-1.953437805E-1,-1.330732727E-1,9.877359924E0,9.880187587E0
2.017316042E1,-2.095642090E-1,-1.624122620E-1,9.903405762E0,9.906954153E0
2.018319242E1,-2.309696960E-1,-1.998344421E-1,9.903256073E0,9.907964556E0
2.019322342E1,-2.170486450E-1,-2.396516418E-1,9.861043854E0,9.866343239E0
2.020325442E1,-2.300715637E-1,-2.685415649E-1,9.849517822E0,9.855863677E0
2.021328642E1,-2.348616028E-1,-3.028202820E-1,9.819729767E0,9.827204729E0
2.022331742E1,-2.613565063E-1,-2.875520325E-1,9.819580078E0,9.827265454E0
2.023334842E1,-2.528242493E-1,-2.941383362E-1,9.812245331E0,9.819908141E0
2.024338042E1,-2.318678284E-1,-2.689906311E-1,9.814191284E0,9.820614503E0
2.025341142E1,-2.323168945E-1,-2.570155334E-1,9.827663269E0,9.833768019E0
2.026344242E1,-2.028282166E-1,-2.519261169E-1,9.847422180E0,9.852732091E0
2.027347442E1,-1.933978271E-1,-2.387535095E-1,9.860445099E0,9.865231042E0
2.028350542E1,-1.996847534E-1,-2.095642090E-1,9.893675995E0,9.897909671E0
2.029353642E1,-2.134561157E-1,-1.929487610E-1,9.882599030E0,9.886786956E0
2.030356842E1,-2.351609802E-1,-2.062710571E-1,9.798024902E0,9.803016904E0
2.031359942E1,-2.989283752E-1,-1.766326904E-1,9.786947937E0,9.793105085E0
2.032363042E1,-3.010240173E-1,-1.495390320E-1,9.796827393E0,9.802591716E0
2.033366242E1,-2.395019531E-1,-1.595681763E-1,9.810149689E0,9.814370082E0
2.034369342E1,-1.818717957E-1,-1.805245972E-1,9.878258057E0,9.881581286E0
2.035372442E1,-1.393601990E-1,-1.872605896E-1,9.900711365E0,9.903462693E0
2.036375642E1,-1.381626892E-1,-2.121089172E-1,9.887688446E0,9.890928264E0
2.037378742E1,-1.835183716E-1,-2.149530029E-1,9.872869263E0,9.876914056E0
2.038381842E1,-2.302212524E-1,-2.442919922E-1,9.873917084E0,9.879621399E0
2.039385042E1,-2.619552612E-1,-2.412982178E-1,9.888736267E0,9.895147818E0
2.040388142E1,-2.662962341E-1,-2.418969727E-1,9.879605255E0,9.886153338E0
2.041391242E1,-2.607577515E-1,-2.279759216E-1,9.862391052E0,9.868471254E0
2.042394442E1,-2.414479065E-1,-1.962419128E-1,9.854607239E0,9.859517828E0
2.043397542E1,-2.188449097E-1,-1.769320679E-1,9.858349457E0,9.862365440E0
2.044400642E1,-1.919009399E-1,-1.709445190E-1,9.874815216E0,9.878158915E0
2.045403842E1,-1.797761536E-1,-1.604663086E-1,9.887987823E0,9.890923723E0
2.046406942E1,-1.806742859E-1,-1.977388000E-1,9.859247589E0,9.862885321E0
2.047410042E1,-2.016307068E-1,-2.275268555E-1,9.852511597E0,9.857200829E0
2.048413142E1,-2.167492676E-1,-2.588117981E-1,9.838141479E0,9.843931713E0
2.049416342E1,-2.414479065E-1,-2.923420715E-1,9.837093658E0,9.844398033E0
2.050419442E1,-2.366578674E-1,-3.107537842E-1,9.806407471E0,9.814183733E0
2.051422542E1,-2.234852600E-1,-2.918930054E-1,9.814191284E0,9.821074165E0
2.052425742E1,-2.285746765E-1,-2.763253784E-1,9.820478210E0,9.827023679E0
2.053428842E1,-2.243833923E-1,-2.526745605E-1,9.823172607E0,9.828983285E0
2.054431942E1,-2.136058044E-1,-2.342628479E-1,9.813293152E0,9.818412754E0
2.055435142E1,-2.330653381E-1,-2.082170105E-1,9.834099884E0,9.839064707E0
2.056438242E1,-2.276765442E-1,-2.109114075E-1,9.852661285E0,9.857548105E0
2.057441342E1,-2.468367004E-1,-2.091151428E-1,9.885592804E0,9.890884823E0
2.058444542E1,-2.540217590E-1,-2.029779053E-1,9.892179108E0,9.897521638E0
2.059447642E1,-2.573149109E-1,-2.061213684E-1,9.879305878E0,9.884805593E0
2.060450742E1,-2.504292297E-1,-2.071691895E-1,9.863289185E0,9.868642633E0
2.061453942E1,-2.486329651E-1,-1.884580994E-1,9.847871246E0,9.852811928E0
2.062457042E1,-2.442919922E-1,-1.968406677E-1,9.829160156E0,9.834165659E0
2.063460142E1,-2.429447937E-1,-1.975891113E-1,9.835297394E0,9.840281421E0
2.064463342E1,-2.353106689E-1,-2.044747925E-1,9.843380585E0,9.848315713E0
2.065466442E1,-2.234852600E-1,-2.107617188E-1,9.841434631E0,9.846227794E0
2.066469542E1,-2.082170105E-1,-2.215393066E-1,9.855954437E0,9.860642568E0
2.067472742E1,-2.168989563E-1,-2.312690735E-1,9.866133270E0,9.871226684E0
2.068475833E1,-2.198927307E-1,-2.517764282E-1,9.852212219E0,9.857881608E0
2.069478933E1,-2.154020691E-1,-2.468367004E-1,9.840686188E0,9.846137875E0
2.070482133E1,-2.222877502E-1,-2.396516418E-1,9.866432648E0,9.871845721E0
2.071485233E1,-2.155517578E-1,-2.314187622E-1,9.904154205E0,9.909202174E0
2.072488333E1,-1.880090332E-1,-2.197430420E-1,9.900861053E0,9.905083745E0
2.073491533E1,-1.935475159E-1,-2.080673218E-1,9.860744476E0,9.864838279E0
2.074494633E1,-2.191442871E-1,-1.966909790E-1,9.790839844E0,9.795267041E0
2.075497733E1,-2.444416809E-1,-2.032772827E-1,9.779463501E0,9.784629771E0
2.076500933E1,-2.761756897E-1,-2.233355713E-1,9.799521790E0,9.805956307E0
2.077504033E1,-2.733316040E-1,-2.523751831E-1,9.845925293E0,9.852951247E0
2.078507133E1,-2.465373230E-1,-2.820135498E-1,9.867630157E0,9.874737324E0
2.079510333E1,-2.326162720E-1,-2.941383362E-1,9.848170624E0,9.855307825E0
2.080513433E1,-2.222877502E-1,-2.697390747E-1,9.795031128E0,9.801265521E0
2.081516533E1,-2.080673218E-1,-2.357597351E-1,9.852361908E0,9.857378446E0
2.082519733E1,-1.927990723E-1,-2.121089172E-1,9.953252106E0,9.957378629E0
2.083522833E1,-1.387614441E-1,-2.047741699E-1,1.006701553E1,1.007005407E1
2.084525933E1,-1.437011719E-1,-2.082170105E-1,9.944121094E0,9.947338774E0
2.085529133E1,-2.275268555E-1,-2.134561157E-1,9.698930969E0,9.703947338E0
2.086532233E1,-3.397933960E-1,-1.981878662E-1,9.616751862E0,9.624793730E0
2.087535333E1,-3.644920349E-1,-2.032772827E-1,9.716294861E0,9.725253823E0
2.088538533E1,-2.935395813E-1,-2.076182556E-1,9.901459808E0,9.907985525E0
2.089541633E1,-2.010319519E-1,-2.643502808E-1,9.991273041E0,9.996791080E0
2.090544733E1,-1.263372803E-1,-2.836601257E-1,9.939181366E0,9.944030893E0
2.091547933E1,-1.179547119E-1,-2.796185303E-1,9.855505371E0,9.860176771E0
2.092551033E1,-1.730401611E-1,-2.392025757E-1,9.799821167E0,9.804267218E0
2.093554133E1,-2.371069336E-1,-2.061213684E-1,9.804461517E0,9.809493940E0
2.094557333E1,-2.841091919E-1,-1.785786438E-1,9.845326538E0,9.851043752E0
2.095560433E1,-2.903961182E-1,-1.615141296E-1,9.848919067E0,9.854522998E0
2.096563533E1,-2.398013306E-1,-1.471440125E-1,9.834099884E0,9.838123630E0
2.097566733E1,-2.083666992E-1,-1.345701599E-1,9.865833893E0,9.868951525E0
2.098569833E1,-2.086660767E-1,-1.330732727E-1,9.887688446E0,9.890785249E0
2.099572933E1,-2.017803955E-1,-1.598675537E-1,9.901160431E0,9.904506593E0
2.100576133E1,-1.956431580E-1,-1.841171265E-1,9.900411987E0,9.904056385E0
2.101579233E1,-2.130070496E-1,-2.251318359E-1,9.894424438E0,9.899277313E0
2.102582333E1,-2.125579834E-1,-2.540217590E-1,9.855056305E0,9.860620808E0
2.103585533E1,-2.317181396E-1,-2.745291138E-1,9.844129028E0,9.850682000E0
2.104588633E1,-2.448907471E-1,-2.987786865E-1,9.830207977E0,9.837795945E0
2.105591733E1,-2.448907471E-1,-2.987786865E-1,9.815987549E0,9.823586501E0
2.106594933E1,-2.564167786E-1,-2.899470520E-1,9.803713074E0,9.811351023E0
2.107598033E1,-2.387535095E-1,-2.737806702E-1,9.820777588E0,9.827493654E0
2.108601133E1,-2.186952209E-1,-2.421963501E-1,9.825118561E0,9.830536171E0
2.109604333E1,-2.136058044E-1,-2.433938599E-1,9.849966888E0,9.855288718E0
2.110607433E1,-2.017803955E-1,-2.177970886E-1,9.895172882E0,9.899626117E0
2.111610533E1,-2.061213684E-1,-2.077679443E-1,9.891131287E0,9.895460154E0
2.112613733E1,-2.225871277E-1,-2.053729248E-1,9.811197510E0,9.815870804E0
2.113616833E1,-2.749781799E-1,-1.770817566E-1,9.789193268E0,9.794655470E0
2.114619933E1,-2.935395813E-1,-1.646575928E-1,9.800868988E0,9.806646243E0
2.115623133E1,-2.556683350E-1,-1.517843628E-1,9.822723541E0,9.827222525E0
2.116626233E1,-2.089654541E-1,-1.675016785E-1,9.853709106E0,9.857347845E0
2.117629333E1,-1.622625732E-1,-1.987866211E-1,9.895621948E0,9.898948379E0
2.118632533E1,-1.519340515E-1,-2.194436646E-1,9.880503387E0,9.884107783E0
2.119635633E1,-1.933978271E-1,-2.486329651E-1,9.865534515E0,9.870561906E0
2.120638733E1,-2.152523804E-1,-2.436932373E-1,9.857151947E0,9.862513092E0
2.121641933E1,-2.312690735E-1,-2.490820312E-1,9.876312103E0,9.882159076E0
2.122645033E1,-2.445913696E-1,-2.483335876E-1,9.880503387E0,9.886649670E0
2.123648133E1,-2.544708252E-1,-2.381547546E-1,9.862690430E0,9.868846721E0
2.124651333E1,-2.353106689E-1,-2.049238586E-1,9.861043854E0,9.865979464E0
2.125654433E1,-2.180964661E-1,-1.866618347E-1,9.863438873E0,9.867615473E0
2.126657533E1,-2.062710571E-1,-1.859133911E-1,9.875413971E0,9.879317417E0
2.127660733E1,-1.939965820E-1,-1.722917175E-1,9.887838135E0,9.891241686E0
2.128663833E1,-2.040257263E-1,-1.993853760E-1,9.874515839E0,9.878635739E0
2.129666933E1,-2.076182556E-1,-2.300715637E-1,9.846973114E0,9.851848444E0
2.130670133E1,-2.201921082E-1,-2.601589966E-1,9.830058289E0,9.835965292E0
2.131673233E1,-2.203417969E-1,-2.966830444E-1,9.823172607E0,9.830121638E0
2.132676333E1,-2.140548706E-1,-3.007246399E-1,9.820627899E0,9.827562624E0
2.133679533E1,-2.200424194E-1,-2.945874023E-1,9.835447083E0,9.842317802E0
2.134682633E1,-2.228865051E-1,-2.912942505E-1,9.825118561E0,9.831962442E0
2.135685733E1,-2.191442871E-1,-2.700384521E-1,9.820029144E0,9.826185291E0
2.136688933E1,-2.302212524E-1,-2.463876343E-1,9.831555176E0,9.837336320E0
2.137692033E1,-2.390528870E-1,-2.195933533E-1,9.842033386E0,9.847384866E0
2.138695133E1,-2.399510193E-1,-2.073188782E-1,9.843081207E0,9.848187918E0
2.139698333E1,-2.423460388E-1,-2.097138977E-1,9.855954437E0,9.861163694E0
2.140701433E1,-2.618055725E-1,-2.239343262E-1,9.861343231E0,9.867359275E0
2.141704533E1,-2.659968567E-1,-2.115101624E-1,9.876312103E0,9.882157236E0
2.142707733E1,-2.501298523E-1,-2.101629639E-1,9.879455566E0,9.884855877E0
2.143710833E1,-2.433938599E-1,-2.136058044E-1,9.863588562E0,9.868903046E0
2.144713933E1,-2.420466614E-1,-2.080673218E-1,9.830956421E0,9.836136576E0
2.145717133E1,-2.237846375E-1,-2.080673218E-1,9.838889923E0,9.843633805E0
2.146720233E1,-2.266287231E-1,-2.148033142E-1,9.861941986E0,9.866884046E0
2.147723333E1,-2.267784119E-1,-2.176473999E-1,9.882748718E0,9.887746005E0
2.148726533E1,-2.348616028E-1,-2.251318359E-1,9.852212219E0,9.857582357E0
2.149729633E1,-2.423460388E-1,-2.475851440E-1,9.846524048E0,9.852617207E0
2.150732733E1,-2.424957275E-1,-2.357597351E-1,9.843979340E0,9.849787615E0
2.151735933E1,-2.399510193E-1,-2.272274780E-1,9.868528290E0,9.874059926E0
2.152739033E1,-1.953437805E-1,-2.142045593E-1,9.889634399E0,9.893882521E0
2.153742133E1,-1.751358032E-1,-2.154020691E-1,9.855355682E0,9.859264994E0
2.154745333E1,-1.886077881E-1,-1.862127686E-1,9.829010468E0,9.832583326E0
2.155748433E1,-2.252815247E-1,-1.877096558E-1,9.791288910E0,9.795678904E0
2.156751533E1,-2.583627319E-1,-2.089654541E-1,9.792935486E0,9.798571492E0
2.157754733E1,-2.733316040E-1,-2.335144043E-1,9.836494904E0,9.843062081E0
2.158757833E1,-2.754272461E-1,-2.823129272E-1,9.870324554E0,9.878201636E0
2.159760933E1,-2.553689575E-1,-2.921923828E-1,9.852212219E0,9.859851688E0
2.160764133E1,-2.362088013E-1,-2.941383362E-1,9.796827393E0,9.804087868E0
2.161767233E1,-2.436932373E-1,-2.698887634E-1,9.828561401E0,9.835285739E0
2.162770333E1,-2.064207458E-1,-2.544708252E-1,9.938881989E0,9.944281779E0
2.163773533E1,-1.437011719E-1,-2.213896179E-1,1.005444168E1,1.005790539E1
2.164776633E1,-9.430389404E-2,-2.252815247E-1,9.987979889E0,9.990965281E0
2.165779733E1,-1.670526123E-1,-2.309696960E-1,9.742789764E0,9.746958806E0
2.166782933E1,-2.957849121E-1,-2.106120300E-1,9.611363068E0,9.618219490E0
2.167786033E1,-3.623963928E-1,-1.962419128E-1,9.686357117E0,9.695120228E0
2.168789092E1,-3.450325012E-1,-2.170486450E-1,9.848619690E0,9.857051655E0
2.169792292E1,-2.424957275E-1,-2.510279846E-1,9.980345764E0,9.986446856E0
2.170795392E1,-1.463955688E-1,-2.701881409E-1,9.966574402E0,9.971310777E0
2.171798492E1,-1.160087585E-1,-2.782713318E-1,9.875863037E0,9.880463739E0
2.172801692E1,-1.466949463E-1,-2.671943665E-1,9.804012451E0,9.808749787E0
2.173804792E1,-2.221380615E-1,-2.160008240E-1,9.801018677E0,9.805914989E0
2.174807892E1,-2.817141724E-1,-1.929487610E-1,9.849966888E0,9.855883512E0
2.175811092E1,-2.945874023E-1,-1.609153748E-1,9.867929535E0,9.873637060E0
2.176814192E1,-2.715353394E-1,-1.392105103E-1,9.871821442E0,9.876536315E0
2.177817292E1,-2.306703186E-1,-1.219963074E-1,9.855954437E0,9.859408185E0
2.178820492E1,-2.109114075E-1,-1.374142456E-1,9.858648834E0,9.861862052E0
2.179823592E1,-2.209405518E-1,-1.568737793E-1,9.877210236E0,9.880926381E0
2.180826692E1,-2.194436646E-1,-1.766326904E-1,9.884544983E0,9.888558244E0
2.181829892E1,-2.258802795E-1,-2.308200073E-1,9.881401520E0,9.886677691E0
2.182832992E1,-2.297721863E-1,-2.680924988E-1,9.857151947E0,9.863473696E0
2.183836092E1,-2.237846375E-1,-2.929408264E-1,9.832602997E0,9.839510942E0
2.184839292E1,-2.249821472E-1,-3.028202820E-1,9.820927277E0,9.828170209E0
2.185842392E1,-2.393522644E-1,-3.059637451E-1,9.813442841E0,9.821128433E0
2.186845492E1,-2.380050659E-1,-3.008743286E-1,9.843979340E0,9.851451721E0
2.187848692E1,-2.249821472E-1,-2.799179077E-1,9.828561401E0,9.835120244E0
2.188851792E1,-2.192939758E-1,-2.688409424E-1,9.835147705E0,9.841264943E0
2.189854892E1,-2.131567383E-1,-2.490820312E-1,9.845476227E0,9.850932940E0
2.190858092E1,-2.011816406E-1,-2.586621094E-1,9.874366150E0,9.879801972E0
2.191861192E1,-2.152523804E-1,-2.390528870E-1,9.893077240E0,9.898305772E0
2.192864292E1,-2.207908630E-1,-2.266287231E-1,9.817783813E0,9.822880850E0
2.193867492E1,-2.577639771E-1,-1.866618347E-1,9.787846069E0,9.793018717E0
2.194870592E1,-2.977308655E-1,-1.676513672E-1,9.805958405E0,9.811909645E0
2.195873692E1,-2.664459229E-1,-1.637594604E-1,9.803114319E0,9.808101801E0
2.196876892E1,-2.044747925E-1,-1.459465027E-1,9.837692413E0,9.840899468E0
2.197879992E1,-1.610650635E-1,-1.787283325E-1,9.892478485E0,9.895403799E0
2.198883092E1,-1.532812500E-1,-2.083666992E-1,9.904154205E0,9.907531597E0
2.199886292E1,-1.830693054E-1,-2.224374390E-1,9.887987823E0,9.892183580E0
2.200889392E1,-2.278262329E-1,-2.432441711E-1,9.865983582E0,9.871611041E0
2.201892492E1,-2.368075562E-1,-2.529739380E-1,9.887239380E0,9.893309668E0
2.202895692E1,-2.573149109E-1,-2.636018372E-1,9.878707123E0,9.885572887E0
2.203898792E1,-2.571652222E-1,-2.315684509E-1,9.853858795E0,9.859933623E0
2.204901892E1,-2.504292297E-1,-2.059716797E-1,9.848320312E0,9.853656789E0
2.205905092E1,-2.266287231E-1,-1.904040527E-1,9.850865021E0,9.855311052E0
2.206908192E1,-2.124082947E-1,-1.875599670E-1,9.860594788E0,9.864665508E0
2.207911292E1,-2.032772827E-1,-1.953437805E-1,9.883646851E0,9.887666859E0
2.208914492E1,-1.929487610E-1,-1.954934692E-1,9.879754944E0,9.883572465E0
2.209917592E1,-2.055226135E-1,-2.252815247E-1,9.875264282E0,9.879971455E0
2.210920692E1,-2.097138977E-1,-2.570155334E-1,9.847871246E0,9.853456500E0
2.211923892E1,-2.288740540E-1,-2.868035889E-1,9.832004242E0,9.838848868E0
2.212926992E1,-2.359094238E-1,-2.999761963E-1,9.810000000E0,9.817420179E0
2.213930092E1,-2.281256104E-1,-3.083587646E-1,9.815688171E0,9.823179765E0
2.214933292E1,-2.359094238E-1,-2.927911377E-1,9.818981323E0,9.826178002E0
2.215936392E1,-2.384541321E-1,-2.860551453E-1,9.816735992E0,9.823797304E0
2.216939492E1,-2.315684509E-1,-2.457888794E-1,9.829309845E0,9.835108955E0
2.217942692E1,-2.242337036E-1,-2.454895020E-1,9.838440857E0,9.844057311E0
2.218945792E1,-2.420466614E-1,-2.387535095E-1,9.856403503E0,9.862265452E0
2.219948892E1,-2.357597351E-1,-2.194436646E-1,9.871821442E0,9.877074301E0
2.220952092E1,-2.398013306E-1,-2.180964661E-1,9.874216461E0,9.879535489E0
2.221955192E1,-2.465373230E-1,-2.139051819E-1,9.868079224E0,9.873475763E0
2.222958292E1,-2.353106689E-1,-2.055226135E-1,9.844278717E0,9.849235205E0
2.223961492E1,-2.424957275E-1,-2.097138977E-1,9.853260040E0,9.858474401E0
2.224964592E1,-2.466870117E-1,-2.085163879E-1,9.863738251E0,9.869025577E0
2.225967692E1,-2.540217590E-1,-2.170486450E-1,9.856852570E0,9.862513865E0
2.226970892E1,-2.541714478E-1,-2.288740540E-1,9.833052063E0,9.838998899E0
2.227973992E1,-2.656974792E-1,-2.258802795E-1,9.837393036E0,9.843572461E0
2.228977092E1,-2.570155334E-1,-2.236349487E-1,9.857451324E0,9.863336970E0
2.229980292E1,-2.236349487E-1,-2.224374390E-1,9.887239380E0,9.892269384E0
2.230983392E1,-1.924996948E-1,-2.145039368E-1,9.867929535E0,9.872137630E0
2.231986492E1,-1.838177490E-1,-1.965412903E-1,9.824070740E0,9.827755763E0
2.232989692E1,-2.044747925E-1,-1.922003174E-1,9.804012451E0,9.808027888E0
2.233992792E1,-2.248324585E-1,-2.016307068E-1,9.807904358E0,9.812552801E0
2.234995892E1,-2.409988403E-1,-2.315684509E-1,9.829010468E0,9.834691208E0
2.235999092E1,-2.582130432E-1,-2.627037048E-1,9.872270508E0,9.879140256E0
2.237002192E1,-2.585124207E-1,-2.987786865E-1,9.893975372E0,9.901860736E0
2.238005292E1,-2.426454163E-1,-3.044668579E-1,9.840087433E0,9.847786429E0
2.239008492E1,-2.417472839E-1,-2.909948730E-1,9.793683929E0,9.800987944E0
2.240011592E1,-2.201921082E-1,-2.624043274E-1,9.876012726E0,9.881951627E0
2.241014692E1,-1.881587219E-1,-2.356100464E-1,9.993518372E0,9.998066075E0
2.242017892E1,-1.302291870E-1,-2.471360779E-1,1.005863297E1,1.006251127E1
2.243020992E1,-1.480421448E-1,-2.462379456E-1,9.851164398E0,9.855353347E0
2.244024092E1,-2.580633545E-1,-2.285746765E-1,9.631870422E0,9.638037711E0
2.245027292E1,-3.418890381E-1,-2.239343262E-1,9.613907776E0,9.622590993E0
2.246030392E1,-3.447331238E-1,-2.124082947E-1,9.774224396E0,9.782608075E0
2.247033492E1,-2.757266235E-1,-2.264790344E-1,9.934241638E0,9.940647607E0
2.248036692E1,-1.781295776E-1,-2.619552612E-1,9.990973663E0,9.995994470E0
2.249039792E1,-1.035845947E-1,-2.824626160E-1,9.915680237E0,9.920243417E0
2.250042892E1,-1.297801208E-1,-2.718347168E-1,9.821975098E0,9.826593093E0
2.251046092E1,-1.951940918E-1,-2.378553772E-1,9.794881439E0,9.799713176E0
2.252049192E1,-2.797682190E-1,-2.010319519E-1,9.828262024E0,9.834298069E0
2.253052292E1,-3.231779480E-1,-1.612147522E-1,9.864037628E0,9.870647016E0
2.254055492E1,-3.028202820E-1,-1.624122620E-1,9.862840118E0,9.868824300E0
2.255058592E1,-2.492317200E-1,-1.372645569E-1,9.862241364E0,9.866344952E0
2.256061692E1,-2.248324585E-1,-1.348695374E-1,9.870623932E0,9.874105338E0
2.257064892E1,-1.853146362E-1,-1.489402771E-1,9.865684204E0,9.868548502E0
2.258067992E1,-1.969903564E-1,-1.685494995E-1,9.911788330E0,9.915178366E0
2.259071092E1,-1.926493835E-1,-1.993853760E-1,9.908195801E0,9.912074069E0
2.260074292E1,-2.032772827E-1,-2.442919922E-1,9.885143738E0,9.890251106E0
2.261077392E1,-2.285746765E-1,-2.636018372E-1,9.846973114E0,9.853152380E0
2.262080492E1,-2.429447937E-1,-2.963836670E-1,9.827663269E0,9.835132474E0
2.263083692E1,-2.698887634E-1,-3.011737061E-1,9.818083191E0,9.826408453E0
2.264086792E1,-2.618055725E-1,-3.017724609E-1,9.804461517E0,9.812597741E0
2.265089892E1,-2.496807861E-1,-2.944377136E-1,9.808503113E0,9.816097360E0
2.266093092E1,-2.188449097E-1,-2.694396973E-1,9.829010468E0,9.835137905E0
2.267096192E1,-2.103126526E-1,-2.580633545E-1,9.837991791E0,9.843622838E0
2.268099292E1,-1.772314453E-1,-2.415975952E-1,9.866133270E0,9.870682149E0
2.269102471E1,-1.898052979E-1,-2.332150269E-1,9.913734283E0,9.918293338E0
2.270105571E1,-2.070195007E-1,-2.216889954E-1,9.867480469E0,9.872141302E0
2.271108671E1,-2.420466614E-1,-2.140548706E-1,9.806856537E0,9.812178209E0
2.272111871E1,-3.004252625E-1,-1.740879822E-1,9.814191284E0,9.820331589E0
2.273114971E1,-3.098556519E-1,-1.706451416E-1,9.812694397E0,9.819068266E0
2.274118071E1,-2.541714478E-1,-1.761836243E-1,9.826465759E0,9.831331197E0
2.275121271E1,-1.884580994E-1,-1.713935852E-1,9.892029419E0,9.895308901E0
2.276124371E1,-1.607656860E-1,-1.969903564E-1,9.886341248E0,9.889610410E0
2.277127471E1,-1.799258423E-1,-2.157014465E-1,9.874815216E0,9.878809441E0
2.278130671E1,-1.995350647E-1,-2.248324585E-1,9.874366150E0,9.878940770E0
2.279133771E1,-2.451901245E-1,-2.308200073E-1,9.877210236E0,9.882948857E0
2.280136871E1,-2.624043274E-1,-2.357597351E-1,9.884694672E0,9.890987182E0
2.281140071E1,-2.710862732E-1,-2.249821472E-1,9.881700897E0,9.887978426E0
2.282143171E1,-2.466870117E-1,-2.266287231E-1,9.835447083E0,9.841150053E0
2.283146271E1,-2.463876343E-1,-2.061213684E-1,9.852511597E0,9.857747088E0
2.284149471E1,-2.254312134E-1,-1.926493835E-1,9.871821442E0,9.876274176E0
2.285152571E1,-2.110610962E-1,-1.868115234E-1,9.877958679E0,9.881979205E0
2.286155671E1,-1.954934692E-1,-2.053729248E-1,9.910441132E0,9.914496415E0
2.287158871E1,-1.954934692E-1,-2.128573608E-1,9.889784088E0,9.894006027E0
2.288161971E1,-2.040257263E-1,-2.499801636E-1,9.854457550E0,9.859738850E0
2.289165071E1,-2.210902405E-1,-2.797682190E-1,9.837093658E0,9.843554378E0
2.290168271E1,-2.306703186E-1,-2.983296204E-1,9.833650818E0,9.840878912E0
2.291171371E1,-2.338137817E-1,-3.046165466E-1,9.826016693E0,9.833517386E0
2.292174471E1,-2.456391907E-1,-2.880010986E-1,9.805659027E0,9.812962458E0
2.293177671E1,-2.396516418E-1,-2.776725769E-1,9.817933502E0,9.824782604E0
2.294180771E1,-2.127076721E-1,-2.606080627E-1,9.816137238E0,9.821899581E0
2.295183871E1,-2.206411743E-1,-2.430944824E-1,9.836195526E0,9.841672616E0
2.296187071E1,-2.228865051E-1,-2.179467773E-1,9.862989807E0,9.867915034E0
2.297190171E1,-2.392025757E-1,-2.198927307E-1,9.865384827E0,9.870733937E0
2.298193271E1,-2.344125366E-1,-1.962419128E-1,9.871222687E0,9.875955521E0
2.299196471E1,-2.457888794E-1,-2.112107849E-1,9.856852570E0,9.862178499E0
2.300199571E1,-2.457888794E-1,-2.059716797E-1,9.832453308E0,9.837681361E0
2.301202671E1,-2.541714478E-1,-2.103126526E-1,9.828262024E0,9.833797280E0
2.302205871E1,-2.489323425E-1,-2.121089172E-1,9.852511597E0,9.857938033E0
2.303208971E1,-2.468367004E-1,-2.185455322E-1,9.859996033E0,9.865506184E0
2.304212071E1,-2.549198914E-1,-2.339634705E-1,9.854607239E0,9.860679839E0
2.305215271E1,-2.492317200E-1,-2.383044434E-1,9.852062531E0,9.858095230E0
2.306218371E1,-2.450404358E-1,-2.380050659E-1,9.857151947E0,9.863069286E0
2.307221471E1,-2.209405518E-1,-2.225871277E-1,9.883796539E0,9.888771096E0
2.308224671E1,-1.920506287E-1,-1.959425354E-1,9.886940002E0,9.890746157E0
2.309227771E1,-1.954934692E-1,-1.895059204E-1,9.863738251E0,9.867495248E0
2.310230871E1,-2.049238586E-1,-1.920506287E-1,9.837393036E0,9.841401271E0
2.311234071E1,-2.225871277E-1,-1.953437805E-1,9.819131012E0,9.823595984E0
2.312237171E1,-2.477348328E-1,-2.188449097E-1,9.814490662E0,9.820055631E0
2.313240271E1,-2.546205139E-1,-2.532733154E-1,9.846973114E0,9.853520106E0
2.314243471E1,-2.607577515E-1,-2.658471680E-1,9.876761169E0,9.883778656E0
2.315246571E1,-2.435435486E-1,-2.845582581E-1,9.862091675E0,9.869201541E0
2.316249671E1,-2.299218750E-1,-2.769241333E-1,9.829908600E0,9.836496029E0
2.317252871E1,-2.317181396E-1,-2.746788025E-1,9.843829651E0,9.850386994E0
2.318255971E1,-2.163002014E-1,-2.396516418E-1,9.907297668E0,9.912555966E0
2.319259071E1,-1.505868530E-1,-2.287243652E-1,1.000339783E1,1.000714541E1
2.320262271E1,-1.249900818E-1,-2.462379456E-1,1.000264938E1,1.000646043E1
2.321265371E1,-1.763333130E-1,-2.418969727E-1,9.770332489E0,9.774917111E0
2.322268471E1,-2.844085693E-1,-2.436932373E-1,9.644444275E0,9.651713837E0
2.323271671E1,-3.373983765E-1,-2.477348328E-1,9.696835327E0,9.705865524E0
2.324274771E1,-3.153941345E-1,-2.414479065E-1,9.836345215E0,9.844361723E0
2.325277871E1,-2.555186462E-1,-2.556683350E-1,9.937684479E0,9.944256075E0
2.326281071E1,-1.660047913E-1,-2.691403198E-1,9.931098175E0,9.936131293E0
2.327284171E1,-1.230441284E-1,-2.552192688E-1,9.846973114E0,9.851048484E0
2.328287271E1,-1.628613281E-1,-2.237846375E-1,9.774523773E0,9.778441510E0
2.329290471E1,-2.303709412E-1,-1.686991882E-1,9.777816925E0,9.781985177E0
2.330293571E1,-2.799179077E-1,-1.393601990E-1,9.823771362E0,9.828746567E0
2.331296671E1,-2.754272461E-1,-1.173559570E-1,9.851912842E0,9.856460786E0
2.332299871E1,-2.472857666E-1,-1.086740112E-1,9.868228912E0,9.871924947E0
2.333302971E1,-2.270777893E-1,-1.410067749E-1,9.868827667E0,9.872446848E0
2.334306071E1,-1.953437805E-1,-1.775308228E-1,9.891580353E0,9.895101731E0
2.335309271E1,-1.875599670E-1,-2.127076721E-1,9.920320587E0,9.924373222E0
2.336312371E1,-1.989363098E-1,-2.356100464E-1,9.939780121E0,9.944562162E0
2.337315471E1,-2.038760376E-1,-2.489323425E-1,9.926158447E0,9.931372225E0
2.338318671E1,-1.989363098E-1,-2.790197754E-1,9.882748718E0,9.888687978E0
2.339321771E1,-1.841171265E-1,-2.727328491E-1,9.829309845E0,9.834816437E0
2.340324871E1,-2.136058044E-1,-2.639012146E-1,9.781708832E0,9.787599244E0
2.341328071E1,-2.192939758E-1,-2.565664673E-1,9.758207703E0,9.764042901E0
2.342331171E1,-2.324665833E-1,-2.571652222E-1,9.755064240E0,9.761221900E0
2.343334271E1,-2.222877502E-1,-2.571652222E-1,9.780810699E0,9.786715677E0
2.344337471E1,-2.121089172E-1,-2.519261169E-1,9.828112335E0,9.833628478E0
2.345340571E1,-1.932481384E-1,-2.424957275E-1,9.862241364E0,9.867114762E0
2.346343671E1,-1.989363098E-1,-2.378553772E-1,9.910590820E0,9.915440547E0
2.347346871E1,-2.104623413E-1,-2.198927307E-1,9.897268524E0,9.901947861E0
2.348349971E1,-2.312690735E-1,-2.080673218E-1,9.826615448E0,9.831538463E0
2.349353071E1,-2.689906311E-1,-1.739382935E-1,9.842183075E0,9.847394486E0
2.350356271E1,-2.799179077E-1,-1.586700439E-1,9.846224670E0,9.851480624E0
2.351359371E1,-2.381547546E-1,-1.546284485E-1,9.849517822E0,9.853609946E0
2.352362471E1,-1.896556091E-1,-1.658551025E-1,9.829309845E0,9.832538288E0
2.353365671E1,-1.675016785E-1,-1.814227295E-1,9.865983582E0,9.869073059E0
2.354368771E1,-1.592687988E-1,-2.019300842E-1,9.871372375E0,9.874722016E0
2.355371871E1,-1.938468933E-1,-2.112107849E-1,9.894574127E0,9.898726371E0
2.356375071E1,-2.192939758E-1,-2.158511353E-1,9.912087708E0,9.916862623E0
2.357378171E1,-2.176473999E-1,-2.248324585E-1,9.908046112E0,9.912986320E0
2.358381271E1,-2.297721863E-1,-2.401007080E-1,9.878258057E0,9.883846713E0
2.359384471E1,-2.221380615E-1,-2.252815247E-1,9.851014709E0,9.856093947E0
2.360387571E1,-2.098635864E-1,-2.152523804E-1,9.838590546E0,9.843182424E0
2.361390671E1,-2.047741699E-1,-2.056723022E-1,9.865384827E0,9.869653050E0
2.362393871E1,-1.898052979E-1,-1.990859985E-1,9.912686462E0,9.916502115E0
2.363396971E1,-1.913021851E-1,-1.963916016E-1,9.922715607E0,9.926502466E0
2.364400071E1,-1.697470093E-1,-1.836680603E-1,9.881401520E0,9.884565949E0
2.365403271E1,-1.851649475E-1,-2.079176331E-1,9.841883698E0,9.845820967E0
2.366406371E1,-1.935475159E-1,-2.225871277E-1,9.838740234E0,9.843160827E0
2.367409471E1,-1.980381775E-1,-2.402503967E-1,9.836195526E0,9.841121979E0
2.368412671E1,-2.158511353E-1,-2.634521484E-1,9.807455292E0,9.813367314E0
2.369415854E1,-2.094145203E-1,-2.817141724E-1,9.805509338E0,9.811790392E0
2.370418954E1,-2.130070496E-1,-2.824626160E-1,9.809251556E0,9.815629029E0
2.371422154E1,-2.112107849E-1,-2.856060791E-1,9.821526031E0,9.827947620E0
2.372425254E1,-2.047741699E-1,-2.670446777E-1,9.847422180E0,9.853170501E0
2.373428354E1,-2.098635864E-1,-2.618055725E-1,9.848619690E0,9.854333802E0
2.374431554E1,-2.082170105E-1,-2.540217590E-1,9.859247589E0,9.864717148E0
2.375434654E1,-2.112107849E-1,-2.552192688E-1,9.847871246E0,9.853441782E0
2.376437754E1,-2.251318359E-1,-2.555186462E-1,9.839488678E0,9.845380214E0
2.377440954E1,-2.471360779E-1,-2.299218750E-1,9.842183075E0,9.847969740E0
2.378444054E1,-2.469863892E-1,-2.215393066E-1,9.833950195E0,9.839545639E0
2.379447154E1,-2.462379456E-1,-2.185455322E-1,9.823172607E0,9.828688384E0
2.380450354E1,-2.465373230E-1,-1.966909790E-1,9.841584320E0,9.846636478E0
2.381453454E1,-2.447410583E-1,-1.948947144E-1,9.870623932E0,9.875580942E0
2.382456554E1,-2.344125366E-1,-1.965412903E-1,9.893226929E0,9.897955182E0
2.383459754E1,-2.013313293E-1,-1.853146362E-1,9.866582336E0,9.870376022E0
2.384462854E1,-2.082170105E-1,-1.681004333E-1,9.842781830E0,9.846418955E0
2.385465954E1,-2.094145203E-1,-1.661544800E-1,9.833052063E0,9.836685144E0
2.386469154E1,-2.148033142E-1,-1.748364258E-1,9.844428406E0,9.848323658E0
2.387472254E1,-2.073188782E-1,-2.004331970E-1,9.870623932E0,9.874835259E0
2.388475354E1,-2.025288391E-1,-2.392025757E-1,9.870474243E0,9.875449235E0
2.389478554E1,-2.013313293E-1,-2.712359619E-1,9.870025177E0,9.875803777E0
2.390481654E1,-2.064207458E-1,-2.718347168E-1,9.838440857E0,9.844359915E0
2.391484754E1,-2.157014465E-1,-2.694396973E-1,9.820029144E0,9.826092675E0
2.392487954E1,-2.100132751E-1,-2.674937439E-1,9.831704865E0,9.837585020E0
2.393491054E1,-1.809736633E-1,-2.529739380E-1,9.860445099E0,9.865349706E0
2.394494154E1,-1.407073975E-1,-2.474354553E-1,9.989476776E0,9.993531365E0
2.395497354E1,-1.049317932E-1,-2.664459229E-1,9.988728333E0,9.992832322E0
2.396500454E1,-1.435514832E-1,-2.664459229E-1,9.808203735E0,9.812872208E0
2.397503554E1,-2.405497742E-1,-2.686912537E-1,9.718989258E0,9.725677939E0
2.398506754E1,-2.742297363E-1,-2.565664673E-1,9.767937469E0,9.775153743E0
2.399509854E1,-2.733316040E-1,-2.610571289E-1,9.846224670E0,9.853476607E0
2.400512954E1,-2.176473999E-1,-2.550695801E-1,9.903555450E0,9.909230113E0
2.401516154E1,-1.642085266E-1,-2.695893860E-1,9.850715332E0,9.855771681E0
2.402519254E1,-1.492396545E-1,-2.351609802E-1,9.791139221E0,9.795099816E0
2.403522354E1,-1.862127686E-1,-2.107617188E-1,9.764344940E0,9.768394331E0
2.404525554E1,-2.264790344E-1,-1.643582153E-1,9.805808716E0,9.809800760E0
2.405528654E1,-2.490820312E-1,-1.357676697E-1,9.849667511E0,9.853751813E0
2.406531754E1,-2.350112915E-1,-1.209484863E-1,9.874964905E0,9.878501441E0
2.407534954E1,-2.133064270E-1,-1.272354126E-1,9.883497162E0,9.886617451E0
2.408538054E1,-1.779798889E-1,-1.550775146E-1,9.901759186E0,9.904572724E0
2.409541154E1,-1.700463867E-1,-1.713935852E-1,9.942624207E0,9.945555170E0
2.410544354E1,-1.736389160E-1,-2.050735474E-1,9.974657593E0,9.978276391E0
2.411547454E1,-1.818717957E-1,-2.360591125E-1,9.950557709E0,9.955018833E0
2.412550554E1,-1.933978271E-1,-2.465373230E-1,9.917476501E0,9.922425285E0
2.413553754E1,-1.956431580E-1,-2.743794250E-1,9.852212219E0,9.857973723E0
2.414556854E1,-1.963916016E-1,-2.631527710E-1,9.791737976E0,9.797242042E0
2.415559954E1,-2.013313293E-1,-2.615061951E-1,9.762997742E0,9.768574343E0
2.416563154E1,-1.960922241E-1,-2.454895020E-1,9.761500854E0,9.766556004E0
2.417566254E1,-1.908531189E-1,-2.538720703E-1,9.777667236E0,9.782824363E0
2.418569354E1,-1.875599670E-1,-2.505789185E-1,9.808054047E0,9.813047066E0
2.419572554E1,-1.675016785E-1,-2.372566223E-1,9.858499146E0,9.862776126E0
2.420575654E1,-1.703457642E-1,-2.363584900E-1,9.893077240E0,9.897366331E0
2.421578754E1,-1.817221069E-1,-2.448907471E-1,9.905052338E0,9.909745517E0
2.422581954E1,-1.893562317E-1,-2.399510193E-1,9.865384827E0,9.870119050E0
2.423585054E1,-2.052232361E-1,-2.008822632E-1,9.830806732E0,9.835000319E0
2.424588154E1,-2.339634705E-1,-1.910028076E-1,9.817634125E0,9.822278798E0
2.425591354E1,-2.240840149E-1,-1.727407837E-1,9.848769379E0,9.852832654E0
2.426594454E1,-1.664538574E-1,-1.745370483E-1,9.843380585E0,9.846334922E0
2.427597554E1,-1.508862305E-1,-1.820214844E-1,9.824070740E0,9.826915303E0
2.428600754E1,-1.672023010E-1,-1.851649475E-1,9.839638367E0,9.842800712E0
2.429603854E1,-1.574725342E-1,-2.285746765E-1,9.873168640E0,9.877069554E0
2.430606954E1,-1.781295776E-1,-2.248324585E-1,9.932894440E0,9.937035359E0
2.431610154E1,-1.963916016E-1,-2.369572449E-1,9.936636658E0,9.941401635E0
2.432613254E1,-1.829196167E-1,-2.234852600E-1,9.912087708E0,9.916294064E0
2.433616354E1,-1.733395386E-1,-2.182461548E-1,9.857451324E0,9.861390601E0
2.434619554E1,-1.871109009E-1,-1.992356873E-1,9.833201752E0,9.836999646E0
2.435622654E1,-1.703457642E-1,-1.832189941E-1,9.850415955E0,9.853592307E0
2.436625754E1,-1.781295776E-1,-1.815724182E-1,9.870773621E0,9.874050362E0
2.437628954E1,-1.779798889E-1,-1.642085266E-1,9.870623932E0,9.873593980E0
2.438632054E1,-1.689985657E-1,-1.821711731E-1,9.858199768E0,9.861331022E0
2.439635254E1,-1.715432739E-1,-1.919009399E-1,9.857301636E0,9.860661672E0
2.440638354E1,-1.691482544E-1,-1.989363098E-1,9.822424164E0,9.825894526E0
2.441641454E1,-1.914518738E-1,-2.351609802E-1,9.812095642E0,9.816780297E0
2.442644654E1,-1.890568542E-1,-2.490820312E-1,9.829309845E0,9.834282708E0
2.443647754E1,-1.938468933E-1,-2.674937439E-1,9.843979340E0,9.849520738E0
2.444650854E1,-1.898052979E-1,-2.800675964E-1,9.858798523E0,9.864601980E0
2.445654054E1,-1.884580994E-1,-2.784210205E-1,9.860295410E0,9.866025557E0
2.446657154E1,-1.730401611E-1,-2.683918762E-1,9.845625916E0,9.850803356E0
2.447660254E1,-1.740879822E-1,-2.589614868E-1,9.845925293E0,9.850868619E0
2.448663454E1,-1.733395386E-1,-2.549198914E-1,9.840386810E0,9.845214234E0
2.449666554E1,-1.875599670E-1,-2.637515259E-1,9.843530273E0,9.848849265E0
2.450669654E1,-1.954934692E-1,-2.722837830E-1,9.847272491E0,9.852975778E0
2.451672854E1,-2.100132751E-1,-2.386038208E-1,9.829908600E0,9.835046540E0
2.452675954E1,-2.404000854E-1,-2.309696960E-1,9.815538483E0,9.821198242E0
2.453679054E1,-2.335144043E-1,-2.239343262E-1,9.850116577E0,9.855428562E0
2.454682254E1,-1.956431580E-1,-2.008822632E-1,9.869426422E0,9.873409129E0
2.455685354E1,-1.806742859E-1,-1.851649475E-1,9.869725800E0,9.873115851E0
2.456688454E1,-1.752854919E-1,-1.591191101E-1,9.862840118E0,9.865680873E0
2.457691654E1,-1.682501221E-1,-1.366658020E-1,9.854756927E0,9.857140546E0
2.458694754E1,-1.820214844E-1,-1.420545959E-1,9.861343231E0,9.864045907E0
2.459697854E1,-1.965412903E-1,-1.630110168E-1,9.860445099E0,9.863750738E0
2.460701054E1,-1.936972046E-1,-1.968406677E-1,9.846973114E0,9.850844855E0
2.461704154E1,-2.008822632E-1,-2.327659607E-1,9.860445099E0,9.865237515E0
2.462707254E1,-1.907034302E-1,-2.589614868E-1,9.873767395E0,9.879003564E0
2.463710454E1,-1.862127686E-1,-2.580633545E-1,9.860445099E0,9.865579022E0
2.464713554E1,-1.670526123E-1,-2.516267395E-1,9.841434631E0,9.846068159E0
2.465716654E1,-1.534309387E-1,-2.324665833E-1,9.825867004E0,9.829814045E0
2.466719854E1,-1.384620667E-1,-2.481838989E-1,9.868079224E0,9.872170711E0
2.467722954E1,-7.514373779E-2,-2.406994629E-1,1.000130219E1,1.000448041E1
2.468726054E1,-5.298980713E-2,-2.492317200E-1,9.960287476E0,9.963546104E0
2.469729196E1,-1.212478638E-1,-2.622546387E-1,9.780361633E0,9.784628364E0
2.470732296E1,-2.300715637E-1,-2.594105530E-1,9.718839569E0,9.725022845E0
2.471735396E1,-2.523751831E-1,-2.615061951E-1,9.768685913E0,9.775443887E0
2.472738596E1,-2.465373230E-1,-2.677931213E-1,9.846524048E0,9.853249699E0
2.473741696E1,-1.892065430E-1,-2.652484131E-1,9.888885956E0,9.894251931E0
2.474744796E1,-1.324745178E-1,-2.677931213E-1,9.845027161E0,9.849559505E0
2.475747996E1,-1.097218323E-1,-2.314187622E-1,9.782906342E0,9.786258223E0
2.476751096E1,-1.460961914E-1,-1.739382935E-1,9.781409454E0,9.784046685E0
2.477754196E1,-1.841171265E-1,-1.390608215E-1,9.836794281E0,9.839499924E0
2.478757396E1,-1.749861145E-1,-1.086740112E-1,9.861492920E0,9.863643991E0
2.479760496E1,-1.707948303E-1,-1.010398865E-1,9.858050079E0,9.860047226E0
2.480763596E1,-1.535806274E-1,-1.203497314E-1,9.873318329E0,9.875246118E0
2.481766796E1,-1.517843628E-1,-1.573228455E-1,9.908644867E0,9.911056052E0
2.482769896E1,-1.555265808E-1,-1.835183716E-1,9.951156464E0,9.954063616E0
2.483772996E1,-1.856140137E-1,-2.306703186E-1,9.956694946E0,9.961096105E0
2.484776196E1,-1.890568542E-1,-2.697390747E-1,9.960437164E0,9.965882307E0
2.485779296E1,-1.724414062E-1,-2.796185303E-1,9.908495178E0,9.913939644E0
2.486782396E1,-1.784289551E-1,-2.650987244E-1,9.847422180E0,9.852605636E0
2.487785596E1,-1.740879822E-1,-2.492317200E-1,9.804162140E0,9.808874469E0
2.488788696E1,-1.613644409E-1,-2.363584900E-1,9.792486420E0,9.796667500E0
2.489791796E1,-1.646575928E-1,-2.306703186E-1,9.784403229E0,9.788506907E0
2.490794996E1,-1.597178650E-1,-2.306703186E-1,9.806407471E0,9.810420280E0
2.491798096E1,-1.365161133E-1,-2.103126526E-1,9.824370117E0,9.827569194E0
2.492801196E1,-1.459465027E-1,-2.228865051E-1,9.846973114E0,9.850576546E0
2.493804396E1,-1.432521057E-1,-2.362088013E-1,9.853559418E0,9.857431154E0
2.494807496E1,-1.616638184E-1,-2.200424194E-1,9.871372375E0,9.875147920E0
2.495810596E1,-1.592687988E-1,-2.320175171E-1,9.883646851E0,9.887652590E0
2.496813796E1,-1.728904724E-1,-2.109114075E-1,9.857301636E0,9.861073485E0
2.497816896E1,-1.962419128E-1,-1.959425354E-1,9.849218445E0,9.853121756E0
2.498819996E1,-1.959425354E-1,-1.743873596E-1,9.856702881E0,9.860192499E0
2.499823196E1,-1.475930786E-1,-1.571731567E-1,9.860744476E0,9.863101376E0
2.500826296E1,-1.342707825E-1,-1.812730408E-1,9.835746460E0,9.838333039E0
2.501829396E1,-1.261875916E-1,-2.074685669E-1,9.839039612E0,9.842035714E0
2.502832596E1,-1.287322998E-1,-2.146536255E-1,9.873018951E0,9.876191138E0
2.503835696E1,-1.408570862E-1,-2.347119141E-1,9.907297668E0,9.911078523E0
2.504838796E1,-1.691482544E-1,-2.406994629E-1,9.894125061E0,9.898497769E0
2.505841996E1,-1.683998108E-1,-2.161505127E-1,9.870773621E0,9.874576012E0
2.506845096E1,-1.444496155E-1,-1.981878662E-1,9.840087433E0,9.843143035E0
2.507848196E1,-1.345701599E-1,-1.860630798E-1,9.832752686E0,9.835433594E0
2.508851396E1,-1.447489929E-1,-1.818717957E-1,9.833650818E0,9.836397614E0
2.509854496E1,-1.404080200E-1,-1.745370483E-1,9.863438873E0,9.865982161E0
2.510857596E1,-1.528321838E-1,-1.838177490E-1,9.889634399E0,9.892523197E0
2.511860796E1,-1.785786438E-1,-1.808239746E-1,9.889185333E0,9.892450364E0
2.512863896E1,-1.664538574E-1,-1.923500061E-1,9.851463776E0,9.854747279E0
2.513866996E1,-1.666035461E-1,-2.336640930E-1,9.851014709E0,9.855193882E0
2.514870196E1,-1.618135071E-1,-2.423460388E-1,9.826316071E0,9.830635927E0
2.515873296E1,-1.603166199E-1,-2.511776733E-1,9.825268250E0,9.829785746E0
2.516876396E1,-1.743873596E-1,-2.806663513E-1,9.836794281E0,9.842342520E0
2.517879596E1,-1.579216003E-1,-2.767744446E-1,9.834099884E0,9.839261347E0
2.518882696E1,-1.552272034E-1,-2.709365845E-1,9.827214203E0,9.832173773E0
2.519885896E1,-1.513352966E-1,-2.606080627E-1,9.838440857E0,9.843055289E0
2.520888996E1,-1.526824951E-1,-2.465373230E-1,9.841284943E0,9.845556455E0
2.521892096E1,-1.442999268E-1,-2.426454163E-1,9.856104126E0,9.860146440E0
2.522895296E1,-1.405577087E-1,-2.448907471E-1,9.859247589E0,9.863290068E0
2.523898396E1,-1.529818726E-1,-2.395019531E-1,9.848170624E0,9.852270260E0
2.524901496E1,-1.688488770E-1,-2.390528870E-1,9.846973114E0,9.851321522E0
2.525904696E1,-1.773811340E-1,-2.317181396E-1,9.861642609E0,9.865959269E0
2.526907796E1,-1.811233521E-1,-2.204914856E-1,9.849368134E0,9.853500637E0
2.527910896E1,-1.806742859E-1,-2.113604736E-1,9.858499146E0,9.862419675E0
2.528914096E1,-1.568737793E-1,-1.930984497E-1,9.877509613E0,9.880642315E0
2.529917196E1,-1.390608215E-1,-1.686991882E-1,9.880503387E0,9.882921861E0
2.530920296E1,-1.535806274E-1,-1.511856079E-1,9.840386810E0,9.842746399E0
2.531923496E1,-1.516346741E-1,-1.456471252E-1,9.813742218E0,9.815994218E0
2.532926596E1,-1.688488770E-1,-1.676513672E-1,9.801617432E0,9.804505148E0
2.533929696E1,-1.778302002E-1,-1.899549866E-1,9.833052063E0,9.836494261E0
2.534932896E1,-1.660047913E-1,-2.260299683E-1,9.871072998E0,9.875055912E0
2.535935996E1,-1.574725342E-1,-2.447410583E-1,9.897118835E0,9.901396721E0
2.536939096E1,-1.422042847E-1,-2.589614868E-1,9.856553192E0,9.860979867E0
2.537942296E1,-1.288819885E-1,-2.547702026E-1,9.850415955E0,9.854552902E0
2.538945396E1,-1.237925720E-1,-2.347119141E-1,9.849517822E0,9.853091678E0
2.539948496E1,-1.218466187E-1,-2.381547546E-1,9.836644592E0,9.840281557E0
2.540951696E1,-1.142124939E-1,-2.508782959E-1,9.865534515E0,9.869384767E0
2.541954796E1,-8.876541138E-2,-2.658471680E-1,9.969418488E0,9.973357458E0
2.542957896E1,-8.143066406E-2,-2.600093079E-1,9.935139771E0,9.938875090E0
2.543961096E1,-1.562750244E-1,-2.474354553E-1,9.753866730E0,9.758256113E0
2.544964196E1,-2.248324585E-1,-2.338137817E-1,9.725874939E0,9.731282641E0
2.545967296E1,-2.177970886E-1,-2.448907471E-1,9.774224396E0,9.779717255E0
2.546970496E1,-1.935475159E-1,-2.546205139E-1,9.863289185E0,9.868473326E0
2.547973596E1,-1.537303162E-1,-2.631527710E-1,9.884994049E0,9.889691084E0
2.548976696E1,-1.290316772E-1,-2.415975952E-1,9.835896149E0,9.839708919E0
2.549979896E1,-1.320254517E-1,-1.962419128E-1,9.791737976E0,9.794594131E0
2.550982996E1,-1.360670471E-1,-1.585203552E-1,9.811347198E0,9.813571052E0
2.551986096E1,-1.357676697E-1,-1.145118713E-1,9.840386810E0,9.841989555E0
2.552989296E1,-1.239422607E-1,-9.939331055E-2,9.867929535E0,9.869208379E0
2.553992396E1,-1.047821045E-1,-9.101074219E-2,9.874216461E0,9.875191794E0
2.554995496E1,-1.098715210E-1,-1.278341675E-1,9.893077240E0,9.894513156E0
2.555998696E1,-1.495390320E-1,-1.787283325E-1,9.927655334E0,9.930390032E0
2.557001796E1,-1.841171265E-1,-2.113604736E-1,9.945917358E0,9.949866555E0
2.558004896E1,-1.842668152E-1,-2.671943665E-1,9.947414246E0,9.952708037E0
2.559008096E1,-1.832189941E-1,-2.863545227E-1,9.897717590E0,9.903553989E0
2.560011196E1,-1.613644409E-1,-2.668949890E-1,9.859397278E0,9.864328974E0
2.561014296E1,-1.498384094E-1,-2.748284912E-1,9.828711090E0,9.833694318E0
2.562017496E1,-1.463955688E-1,-2.378553772E-1,9.805359650E0,9.809336609E0
2.563020596E1,-1.483415222E-1,-2.362088013E-1,9.790540466E0,9.794512873E0
2.564023696E1,-1.290316772E-1,-2.350112915E-1,9.783804474E0,9.787477176E0
2.565026896E1,-1.285826111E-1,-2.291734314E-1,9.791139221E0,9.794664935E0
2.566029996E1,-1.294807434E-1,-2.436932373E-1,9.812844086E0,9.816723522E0
2.567033096E1,-1.251397705E-1,-2.327659607E-1,9.855954437E0,9.859496834E0
2.568036296E1,-1.350192261E-1,-2.387535095E-1,9.888885956E0,9.892689163E0
2.569039392E1,-1.431024170E-1,-2.209405518E-1,9.884544983E0,9.888049481E0
2.570042492E1,-1.549278259E-1,-1.951940918E-1,9.882149963E0,9.885291663E0
2.571045692E1,-1.543290710E-1,-1.745370483E-1,9.819879456E0,9.822642881E0
2.572048792E1,-1.802252197E-1,-1.592687988E-1,9.800120544E0,9.803071476E0
2.573051892E1,-1.749861145E-1,-1.374142456E-1,9.820927277E0,9.823447225E0
2.574055092E1,-1.279838562E-1,-1.526824951E-1,9.847721558E0,9.849736630E0
2.575058192E1,-1.088237000E-1,-1.892065430E-1,9.874964905E0,9.877376857E0
2.576061292E1,-1.022373962E-1,-2.168989563E-1,9.891280975E0,9.894187030E0
2.577064492E1,-1.139131165E-1,-2.580633545E-1,9.872569885E0,9.876599062E0
2.578067592E1,-1.507365417E-1,-2.686912537E-1,9.870923309E0,9.875730022E0
2.579070692E1,-1.817221069E-1,-2.573149109E-1,9.873767395E0,9.878791245E0
2.580073892E1,-1.869612122E-1,-2.380050659E-1,9.844129028E0,9.848780495E0
2.581076992E1,-1.592687988E-1,-2.032772827E-1,9.843530273E0,9.846917104E0
2.582080192E1,-1.294807434E-1,-1.890568542E-1,9.841135254E0,9.843802662E0
2.583083292E1,-1.163081360E-1,-1.820214844E-1,9.861941986E0,9.864307332E0
2.584086392E1,-1.321751404E-1,-1.648072815E-1,9.870324554E0,9.872585199E0
2.585089592E1,-1.574725342E-1,-1.797761536E-1,9.889933777E0,9.892820992E0
2.586092692E1,-1.667532349E-1,-2.023791504E-1,9.889335022E0,9.892811084E0
2.587095792E1,-1.883084106E-1,-2.207908630E-1,9.858499146E0,9.862769087E0
2.588098992E1,-1.803749084E-1,-2.555186462E-1,9.855355682E0,9.860317465E0
2.589102092E1,-1.645079041E-1,-2.625540161E-1,9.833650818E0,9.838530676E0
2.590105192E1,-1.676513672E-1,-2.752775574E-1,9.830657043E0,9.835939336E0
2.591108392E1,-1.516346741E-1,-2.748284912E-1,9.831854553E0,9.836863714E0
2.592111492E1,-1.657054138E-1,-2.549198914E-1,9.809251556E0,9.813962428E0
2.593114592E1,-1.793270874E-1,-2.456391907E-1,9.795180817E0,9.799901226E0
2.594117792E1,-1.737886047E-1,-2.381547546E-1,9.818681946E0,9.823107213E0
2.595120892E1,-1.799258423E-1,-2.279759216E-1,9.826465759E0,9.830756616E0
2.596123992E1,-1.657054138E-1,-2.182461548E-1,9.839039612E0,9.842854776E0
2.597127192E1,-1.749861145E-1,-2.160008240E-1,9.852810974E0,9.856731740E0
2.598130292E1,-1.811233521E-1,-2.146536255E-1,9.842033386E0,9.846039967E0
2.599133392E1,-1.740879822E-1,-2.155517578E-1,9.822573853E0,9.826480869E0
2.600136592E1,-1.636097717E-1,-2.065704346E-1,9.843530273E0,9.847056806E0
2.601139692E1,-1.817221069E-1,-2.091151428E-1,9.866732025E0,9.870620696E0
2.602142792E1,-1.865121460E-1,-2.158511353E-1,9.878258057E0,9.882376269E0
2.603145992E1,-1.920506287E-1,-2.324665833E-1,9.871222687E0,9.875827129E0
2.604149092E1,-1.763333130E-1,-2.387535095E-1,9.900711365E0,9.905159373E0
2.605152192E1,-1.670526123E-1,-2.496807861E-1,9.914931793E0,9.919481818E0
2.606155392E1,-1.525328064E-1,-2.351609802E-1,9.912087708E0,9.916050104E0
2.607158492E1,-1.372645569E-1,-2.097138977E-1,9.875563660E0,9.878743800E0
2.608161592E1,-1.490899658E-1,-2.056723022E-1,9.822873230E0,9.826157306E0
2.609164792E1,-1.698966980E-1,-1.965412903E-1,9.793833618E0,9.797278719E0
2.610167892E1,-1.923500061E-1,-2.164498901E-1,9.775571594E0,9.779859359E0
2.611170992E1,-1.990859985E-1,-2.335144043E-1,9.804611206E0,9.809412068E0
2.612174192E1,-2.053729248E-1,-2.409988403E-1,9.818981323E0,9.824085337E0
2.613177292E1,-1.791773987E-1,-2.396516418E-1,9.860445099E0,9.864984288E0
2.614180392E1,-1.730401611E-1,-2.359094238E-1,9.837243347E0,9.841593002E0
2.615183592E1,-1.754351807E-1,-2.128573608E-1,9.798473969E0,9.802355731E0
2.616186692E1,-1.896556091E-1,-2.014810181E-1,9.811197510E0,9.815098595E0
2.617189792E1,-1.769320679E-1,-2.133064270E-1,9.910590820E0,9.914464937E0
2.618192992E1,-1.254391479E-1,-2.291734314E-1,1.005399261E1,1.005738649E1
2.619196092E1,-1.002914429E-1,-2.350112915E-1,1.001073257E1,1.001399298E1
2.620199192E1,-1.525328064E-1,-2.303709412E-1,9.801318054E0,9.805211503E0
2.621202392E1,-2.498304749E-1,-2.164498901E-1,9.707313538E0,9.712939923E0
2.622205492E1,-2.779719543E-1,-2.185455322E-1,9.770781555E0,9.777177648E0
2.623208592E1,-2.498304749E-1,-2.314187622E-1,9.874066772E0,9.879937476E0
2.624211792E1,-1.821711731E-1,-2.652484131E-1,9.926906891E0,9.932120795E0
2.625214892E1,-1.324745178E-1,-2.779719543E-1,9.879156189E0,9.883953911E0
2.626217992E1,-1.303788757E-1,-2.510279846E-1,9.804910583E0,9.808990022E0
2.627221192E1,-1.646575928E-1,-2.157014465E-1,9.772727509E0,9.776494371E0
2.628224292E1,-2.125579834E-1,-1.785786438E-1,9.803114319E0,9.807044487E0
2.629227392E1,-2.255809021E-1,-1.583706665E-1,9.827812958E0,9.831677148E0
2.630230592E1,-1.866618347E-1,-1.444496155E-1,9.866881714E0,9.869704306E0
2.631233692E1,-1.526824951E-1,-1.245410156E-1,9.878258057E0,9.880222904E0
2.632236892E1,-1.272354126E-1,-1.422042847E-1,9.898615723E0,9.900454744E0
2.633239992E1,-1.495390320E-1,-1.763333130E-1,9.917626190E0,9.920320792E0
2.634243092E1,-1.669029236E-1,-2.041754150E-1,9.926158447E0,9.929660906E0
2.635246292E1,-1.957928467E-1,-2.409988403E-1,9.910590820E0,9.915453882E0
2.636249392E1,-2.225871277E-1,-2.573149109E-1,9.849817200E0,9.855691496E0
2.637252492E1,-2.185455322E-1,-2.776725769E-1,9.822723541E0,9.829077372E0
2.638255692E1,-2.137554932E-1,-2.743794250E-1,9.816586304E0,9.822746161E0
2.639258792E1,-1.974394226E-1,-2.674937439E-1,9.826016693E0,9.831639705E0
2.640261892E1,-1.669029236E-1,-2.559677124E-1,9.849068756E0,9.853807965E0
2.641265092E1,-1.547781372E-1,-2.535726929E-1,9.849218445E0,9.853697750E0
2.642268192E1,-1.516346741E-1,-2.532733154E-1,9.862840118E0,9.867256744E0
2.643271292E1,-1.739382935E-1,-2.308200073E-1,9.857151947E0,9.861388184E0
2.644274492E1,-1.883084106E-1,-2.302212524E-1,9.857301636E0,9.861787740E0
2.645277592E1,-2.074685669E-1,-2.163002014E-1,9.866282959E0,9.870834231E0
2.646280692E1,-2.279759216E-1,-2.110610962E-1,9.867630157E0,9.872519675E0
2.647283892E1,-2.231858826E-1,-2.050735474E-1,9.843979340E0,9.848644391E0
2.648286992E1,-2.119592285E-1,-1.823208618E-1,9.798923035E0,9.802910805E0
2.649290092E1,-2.106120300E-1,-1.580712891E-1,9.807754669E0,9.811289192E0
2.650293292E1,-1.901046753E-1,-1.465452576E-1,9.828411713E0,9.831342334E0
2.651296392E1,-1.395098877E-1,-1.613644409E-1,9.856253815E0,9.858561799E0
2.652299492E1,-1.245410156E-1,-1.956431580E-1,9.907447357E0,9.910161444E0
2.653302692E1,-1.264869690E-1,-2.279759216E-1,9.894574127E0,9.898008342E0
2.654305792E1,-1.481918335E-1,-2.520758057E-1,9.839788055E0,9.844131856E0
2.655308892E1,-2.089654541E-1,-2.588117981E-1,9.849517822E0,9.855133253E0
2.656312092E1,-2.401007080E-1,-2.688409424E-1,9.853858795E0,9.860449126E0
2.657315192E1,-2.395019531E-1,-2.415975952E-1,9.856852570E0,9.862721387E0
2.658318292E1,-2.098635864E-1,-2.231858826E-1,9.836644592E0,9.841414101E0
2.659321492E1,-1.670526123E-1,-1.960922241E-1,9.856702881E0,9.860068479E0
2.660324592E1,-1.648072815E-1,-1.857637024E-1,9.874665527E0,9.877787651E0
2.661327692E1,-1.627116394E-1,-1.598675537E-1,9.881251831E0,9.883884381E0
2.662330892E1,-1.790277100E-1,-1.746867371E-1,9.910291443E0,9.913447577E0
2.663333992E1,-1.773811340E-1,-1.817221069E-1,9.895023193E0,9.898281214E0
2.664337092E1,-1.857637024E-1,-2.125579834E-1,9.882599030E0,9.886629993E0
2.665340292E1,-2.002835083E-1,-2.433938599E-1,9.866732025E0,9.871765542E0
2.666343392E1,-2.001338196E-1,-2.683918762E-1,9.827812958E0,9.833513883E0
2.667346492E1,-1.993853760E-1,-2.682421875E-1,9.823172607E0,9.828856926E0
2.668349692E1,-2.071691895E-1,-2.865042114E-1,9.817933502E0,9.824297532E0
2.669352783E1,-1.927990723E-1,-2.785707092E-1,9.811047821E0,9.816895256E0
2.670355883E1,-1.827699280E-1,-2.519261169E-1,9.801916809E0,9.806857027E0
2.671359083E1,-1.907034302E-1,-2.387535095E-1,9.812993774E0,9.817750142E0
2.672362183E1,-1.895059204E-1,-2.375559998E-1,9.835896149E0,9.840589332E0
2.673365283E1,-2.028282166E-1,-2.311193848E-1,9.874366150E0,9.879152915E0
2.674368483E1,-2.086660767E-1,-2.222877502E-1,9.887987823E0,9.892687025E0
2.675371583E1,-2.131567383E-1,-2.168989563E-1,9.861492920E0,9.866180799E0
2.676374683E1,-2.148033142E-1,-2.125579834E-1,9.854457550E0,9.859089966E0
2.677377883E1,-2.160008240E-1,-1.993853760E-1,9.854008484E0,9.858392064E0
2.678380983E1,-2.192939758E-1,-2.025288391E-1,9.850266266E0,9.854788343E0
2.679384183E1,-2.142045593E-1,-1.919009399E-1,9.849966888E0,9.854164463E0
2.680387283E1,-2.113604736E-1,-1.938468933E-1,9.848470001E0,9.852644885E0
2.681390383E1,-2.037263489E-1,-1.907034302E-1,9.855804749E0,9.859754534E0
2.682393583E1,-2.022294617E-1,-1.878593445E-1,9.874216461E0,9.878073629E0
2.683396683E1,-1.914518738E-1,-1.941462708E-1,9.866732025E0,9.870498845E0
2.684399783E1,-1.972897339E-1,-2.152523804E-1,9.864337006E0,9.868657527E0
2.685402983E1,-1.866618347E-1,-2.197430420E-1,9.868677979E0,9.872888872E0
2.686406083E1,-1.787283325E-1,-2.402503967E-1,9.886940002E0,9.891473433E0
2.687409183E1,-1.884580994E-1,-2.360591125E-1,9.880653076E0,9.885269120E0
2.688412383E1,-1.889071655E-1,-2.396516418E-1,9.851014709E0,9.855739933E0
2.689415483E1,-2.101629639E-1,-2.414479065E-1,9.845625916E0,9.850828150E0
2.690418583E1,-2.098635864E-1,-2.230361938E-1,9.849218445E0,9.853978478E0
2.691421783E1,-2.058219910E-1,-2.158511353E-1,9.856253815E0,9.860765369E0
2.692424883E1,-1.930984497E-1,-2.056723022E-1,9.849218445E0,9.853257942E0
2.693427983E1,-1.796264648E-1,-1.775308228E-1,9.831106110E0,9.834349506E0
2.694431183E1,-1.848655701E-1,-1.676513672E-1,9.791139221E0,9.794319247E0
2.695434283E1,-2.118095398E-1,-1.766326904E-1,9.767638092E0,9.771530908E0
2.696437383E1,-2.242337036E-1,-1.910028076E-1,9.796228638E0,9.800656016E0
2.697440583E1,-2.086660767E-1,-2.245330811E-1,9.866282959E0,9.871043312E0
2.698443683E1,-2.109114075E-1,-2.519261169E-1,9.902357941E0,9.907807183E0
2.699446783E1,-1.945953369E-1,-2.406994629E-1,9.878258057E0,9.883106081E0
2.700449983E1,-2.002835083E-1,-2.478845215E-1,9.828860779E0,9.834025851E0
2.701453083E1,-2.049238586E-1,-2.341131592E-1,9.836345215E0,9.841264652E0
2.702456183E1,-1.983375549E-1,-2.272274780E-1,9.953551483E0,9.958120166E0
2.703459383E1,-1.508862305E-1,-2.231858826E-1,1.003423370E1,1.003784960E1
2.704462483E1,-1.347198486E-1,-2.326162720E-1,9.928852844E0,9.932491056E0
2.705465583E1,-2.065704346E-1,-2.125579834E-1,9.738748169E0,9.743257573E0
2.706468783E1,-2.821632385E-1,-2.049238586E-1,9.654623108E0,9.660919068E0
2.707471883E1,-2.995271301E-1,-2.245330811E-1,9.735455017E0,9.742649331E0
2.708474983E1,-2.582130432E-1,-2.529739380E-1,9.904004517E0,9.910599137E0
2.709478183E1,-1.889071655E-1,-2.782713318E-1,9.992021484E0,9.997680441E0
2.710481283E1,-1.284329224E-1,-2.830613708E-1,9.936037903E0,9.940898750E0
2.711484383E1,-1.329235840E-1,-2.477348328E-1,9.845176849E0,9.849190242E0
2.712487583E1,-1.577719116E-1,-2.085163879E-1,9.784852295E0,9.788345391E0
2.713490683E1,-2.204914856E-1,-1.678010559E-1,9.795031128E0,9.798949356E0
2.714493783E1,-2.519261169E-1,-1.516346741E-1,9.833501129E0,9.837896335E0
2.715496983E1,-2.279759216E-1,-1.145118713E-1,9.877210236E0,9.880504442E0
2.716500083E1,-1.956431580E-1,-1.085243225E-1,9.902208252E0,9.904735334E0
2.717503183E1,-1.592687988E-1,-9.624984741E-2,9.919123077E0,9.920868571E0
2.718506383E1,-1.410067749E-1,-1.172062683E-1,9.933193817E0,9.934885990E0
2.719509483E1,-1.809736633E-1,-1.398092651E-1,9.919123077E0,9.921758953E0
2.720512583E1,-2.110610962E-1,-1.895059204E-1,9.896220703E0,9.900285020E0
2.721515783E1,-2.345622253E-1,-2.297721863E-1,9.864636383E0,9.870099577E0
2.722518883E1,-2.457888794E-1,-2.662962341E-1,9.828411713E0,9.835090373E0
2.723522083E1,-2.387535095E-1,-2.757266235E-1,9.809401245E0,9.816179562E0
2.724525183E1,-2.311193848E-1,-2.836601257E-1,9.800719299E0,9.807546993E0
2.725528283E1,-2.046244812E-1,-2.897973633E-1,9.803862762E0,9.810279239E0
2.726531483E1,-1.898052979E-1,-2.799179077E-1,9.816885681E0,9.822709634E0
2.727534583E1,-1.817221069E-1,-2.571652222E-1,9.820029144E0,9.825076553E0
2.728537683E1,-1.746867371E-1,-2.396516418E-1,9.833800507E0,9.838271229E0
2.729540883E1,-1.794767761E-1,-2.285746765E-1,9.853260040E0,9.857544913E0
2.730543983E1,-1.916015625E-1,-2.052232361E-1,9.859846344E0,9.863842946E0
2.731547083E1,-2.062710571E-1,-1.986369324E-1,9.872270508E0,9.876422903E0
2.732550283E1,-2.258802795E-1,-1.962419128E-1,9.859996033E0,9.864535192E0
2.733553383E1,-2.474354553E-1,-1.814227295E-1,9.776619415E0,9.781432702E0
2.734556483E1,-2.871029663E-1,-1.546284485E-1,9.769284668E0,9.774725622E0
2.735559683E1,-2.812651062E-1,-1.368154907E-1,9.790390778E0,9.795385654E0
2.736562783E1,-2.320175171E-1,-1.465452576E-1,9.861193542E0,9.865011187E0
2.737565883E1,-1.686991882E-1,-1.622625732E-1,9.924362183E0,9.927122105E0
2.738569083E1,-1.480421448E-1,-1.757345581E-1,9.895472260E0,9.898139742E0
2.739572183E1,-1.534309387E-1,-1.911524963E-1,9.849517822E0,9.852567262E0
2.740575283E1,-1.814227295E-1,-1.932481384E-1,9.847721558E0,9.851288186E0
2.741578483E1,-1.999841309E-1,-2.034269714E-1,9.865534515E0,9.869657920E0
2.742581583E1,-2.258802795E-1,-2.137554932E-1,9.857301636E0,9.862206084E0
2.743584683E1,-2.401007080E-1,-1.910028076E-1,9.864187317E0,9.868957485E0
2.744587883E1,-2.240840149E-1,-1.984872437E-1,9.871522064E0,9.876059877E0
2.745590983E1,-2.170486450E-1,-1.679507446E-1,9.849966888E0,9.853789386E0
2.746594083E1,-2.163002014E-1,-1.675016785E-1,9.851912842E0,9.855710488E0
2.747597283E1,-1.907034302E-1,-1.766326904E-1,9.856553192E0,9.859980108E0
2.748600383E1,-1.785786438E-1,-1.523831177E-1,9.865684204E0,9.868476871E0
2.749603483E1,-1.860630798E-1,-1.625619507E-1,9.872420197E0,9.875511450E0
2.750606683E1,-1.688488770E-1,-1.773811340E-1,9.858349457E0,9.861390775E0
2.751609783E1,-1.760339355E-1,-2.043251038E-1,9.856702881E0,9.860391898E0
2.752612883E1,-1.907034302E-1,-2.089654541E-1,9.859397278E0,9.863455228E0
2.753616083E1,-2.101629639E-1,-2.342628479E-1,9.833800507E0,9.838835295E0
2.754619183E1,-2.032772827E-1,-2.415975952E-1,9.823022919E0,9.828095966E0
2.755622283E1,-2.321672058E-1,-2.344125366E-1,9.807006226E0,9.812554303E0
2.756625483E1,-2.305206299E-1,-2.381547546E-1,9.800120544E0,9.805723845E0
2.757628583E1,-2.261796570E-1,-2.261796570E-1,9.791737976E0,9.796961114E0
2.758631683E1,-2.222877502E-1,-2.245330811E-1,9.826465759E0,9.831543941E0
2.759634883E1,-2.040257263E-1,-2.236349487E-1,9.877509613E0,9.882147299E0
2.760637983E1,-2.038760376E-1,-2.122586060E-1,9.885293427E0,9.889673669E0
2.761641183E1,-2.080673218E-1,-1.977388000E-1,9.881700897E0,9.885868969E0
2.762644283E1,-1.880090332E-1,-2.007325745E-1,9.883946228E0,9.887771943E0
2.763647383E1,-2.100132751E-1,-1.945953369E-1,9.859846344E0,9.864002375E0
2.764650583E1,-2.384541321E-1,-1.791773987E-1,9.852511597E0,9.857025397E0
2.765653683E1,-2.380050659E-1,-1.817221069E-1,9.856253815E0,9.860801620E0
2.766656783E1,-2.456391907E-1,-1.727407837E-1,9.861043854E0,9.865615230E0
2.767659983E1,-2.444416809E-1,-1.688488770E-1,9.853559418E0,9.858037070E0
2.768663083E1,-2.287243652E-1,-1.712438965E-1,9.852212219E0,9.856354545E0
2.769666183E1,-2.273771667E-1,-1.719923401E-1,9.848320312E0,9.852446129E0
2.770669383E1,-2.317181396E-1,-1.800755310E-1,9.852062531E0,9.856432245E0
2.771672483E1,-2.167492676E-1,-1.845661926E-1,9.861941986E0,9.866050104E0
2.772675583E1,-2.047741699E-1,-1.877096558E-1,9.856553192E0,9.860466936E0
2.773678783E1,-2.001338196E-1,-1.899549866E-1,9.852661285E0,9.856524278E0
2.774681883E1,-1.847158813E-1,-2.067201233E-1,9.874964905E0,9.878855452E0
2.775684983E1,-1.895059204E-1,-2.032772827E-1,9.874366150E0,9.878276217E0
2.776688183E1,-2.008822632E-1,-2.086660767E-1,9.845326538E0,9.849586278E0
2.777691283E1,-2.174977112E-1,-2.154020691E-1,9.816286926E0,9.821058615E0
2.778694383E1,-2.418969727E-1,-2.140548706E-1,9.834548950E0,9.839851965E0
2.779697583E1,-2.433938599E-1,-2.225871277E-1,9.865833893E0,9.871345602E0
2.780700683E1,-2.260299683E-1,-2.128573608E-1,9.877659302E0,9.882537684E0
2.781703783E1,-2.128573608E-1,-1.927990723E-1,9.852212219E0,9.856397179E0
2.782706983E1,-2.017803955E-1,-1.651066589E-1,9.825867004E0,9.829325405E0
2.783710083E1,-2.227368164E-1,-1.431024170E-1,9.784403229E0,9.787984294E0
2.784713183E1,-2.372566223E-1,-1.456471252E-1,9.778265991E0,9.782228253E0
2.785716383E1,-2.315684509E-1,-1.642085266E-1,9.831704865E0,9.835802404E0
2.786719483E1,-2.486329651E-1,-1.966909790E-1,9.899962921E0,9.905037685E0
2.787722583E1,-2.380050659E-1,-2.194436646E-1,9.917027435E0,9.922309967E0
2.788725783E1,-2.249821472E-1,-2.306703186E-1,9.830657043E0,9.835936339E0
2.789728883E1,-2.393522644E-1,-2.344125366E-1,9.797875214E0,9.803601249E0
2.790731983E1,-2.284249878E-1,-2.239343262E-1,9.865684204E0,9.870868724E0
2.791735183E1,-1.933978271E-1,-2.197430420E-1,9.992021484E0,9.996308472E0
2.792738283E1,-1.579216003E-1,-2.035766602E-1,1.005788452E1,1.006118401E1
2.793741383E1,-1.660047913E-1,-2.007325745E-1,9.875713348E0,9.879148005E0
2.794744583E1,-2.290237427E-1,-1.907034302E-1,9.675878906E0,9.680467565E0
2.795747683E1,-3.146456909E-1,-1.905537415E-1,9.652976532E0,9.659982845E0
2.796750783E1,-3.107537842E-1,-2.014810181E-1,9.769883423E0,9.776900563E0
2.797753983E1,-2.528242493E-1,-2.237846375E-1,9.940827942E0,9.946560201E0
2.798757083E1,-1.914518738E-1,-2.709365845E-1,1.000953506E1,1.001503134E1
2.799760283E1,-1.345701599E-1,-2.706372070E-1,9.934690704E0,9.939287350E0
2.800763383E1,-1.350192261E-1,-2.520758057E-1,9.854607239E0,9.858755309E0
2.801766483E1,-1.743873596E-1,-2.206411743E-1,9.807604980E0,9.811636404E0
2.802769683E1,-2.285746765E-1,-1.751358032E-1,9.823322296E0,9.827541904E0
2.803772783E1,-2.583627319E-1,-1.348695374E-1,9.828561401E0,9.832881588E0
2.804775883E1,-2.516267395E-1,-1.146615601E-1,9.857301636E0,9.861179383E0
2.805779083E1,-2.118095398E-1,-1.028361511E-1,9.883796539E0,9.886600659E0
2.806782183E1,-1.913021851E-1,-9.415420532E-2,9.886041870E0,9.888340882E0
2.807785283E1,-1.865121460E-1,-1.013392639E-1,9.902507629E0,9.904782369E0
2.808788483E1,-2.089654541E-1,-1.294807434E-1,9.893526306E0,9.896579944E0
2.809791583E1,-2.312690735E-1,-1.706451416E-1,9.876012726E0,9.880193951E0
2.810794683E1,-2.315684509E-1,-1.999841309E-1,9.877060547E0,9.881798553E0
2.811797883E1,-2.321672058E-1,-2.317181396E-1,9.864486694E0,9.869938837E0
2.812800983E1,-2.360591125E-1,-2.710862732E-1,9.845027161E0,9.851587256E0
2.813804083E1,-2.392025757E-1,-2.850073242E-1,9.843979340E0,9.851008897E0
2.814807283E1,-2.308200073E-1,-2.799179077E-1,9.832602997E0,9.839294365E0
2.815810383E1,-2.254312134E-1,-2.597099304E-1,9.830956421E0,9.836969687E0
2.816813483E1,-2.094145203E-1,-2.489323425E-1,9.842931519E0,9.848305572E0
2.817816683E1,-2.095642090E-1,-2.392025757E-1,9.824819183E0,9.829964751E0
2.818819783E1,-2.074685669E-1,-2.100132751E-1,9.835297394E0,9.839726805E0
2.819822883E1,-2.209405518E-1,-2.089654541E-1,9.852960663E0,9.857652617E0
2.820826083E1,-2.237846375E-1,-1.902543640E-1,9.873318329E0,9.877686526E0
2.821829183E1,-2.177970886E-1,-1.766326904E-1,9.819280701E0,9.823283980E0
2.822832283E1,-2.556683350E-1,-1.534309387E-1,9.752519531E0,9.757076640E0
2.823835483E1,-2.932402039E-1,-1.345701599E-1,9.777068481E0,9.782390661E0
2.824838583E1,-2.439926147E-1,-1.188528442E-1,9.869725800E0,9.873456626E0
2.825841683E1,-1.734892273E-1,-1.508862305E-1,9.934690704E0,9.937350983E0
2.826844883E1,-1.490899658E-1,-1.633103943E-1,9.934391327E0,9.936852074E0
2.827847983E1,-1.675016785E-1,-1.731898499E-1,9.871072998E0,9.874013048E0
2.828851083E1,-2.115101624E-1,-2.077679443E-1,9.822873230E0,9.827346669E0
2.829854283E1,-2.436932373E-1,-2.201921082E-1,9.826765137E0,9.832252235E0
2.830857383E1,-2.544708252E-1,-2.279759216E-1,9.871671753E0,9.877582276E0
2.831860583E1,-2.456391907E-1,-2.194436646E-1,9.888586578E0,9.894070884E0
2.832863683E1,-2.029779053E-1,-1.996847534E-1,9.886790314E0,9.890889583E0
2.833866783E1,-1.908531189E-1,-1.709445190E-1,9.870923309E0,9.874248018E0
2.834869983E1,-1.820214844E-1,-1.393601990E-1,9.854906616E0,9.857572597E0
2.835873083E1,-1.856140137E-1,-1.389111328E-1,9.859397278E0,9.862122669E0
2.836876183E1,-2.058219910E-1,-1.480421448E-1,9.862091675E0,9.865350038E0
2.837879383E1,-2.182461548E-1,-1.713935852E-1,9.852511597E0,9.856418818E0
2.838882483E1,-2.195933533E-1,-2.122586060E-1,9.859546967E0,9.864276017E0
2.839885583E1,-2.197430420E-1,-2.314187622E-1,9.853709106E0,9.858875433E0
2.840888783E1,-2.221380615E-1,-2.405497742E-1,9.847871246E0,9.853313026E0
2.841891883E1,-1.965412903E-1,-2.460882568E-1,9.847272491E0,9.852307518E0
2.842894983E1,-1.960922241E-1,-2.366578674E-1,9.853110352E0,9.857902551E0
2.843898183E1,-1.954934692E-1,-2.227368164E-1,9.830357666E0,9.834823904E0
2.844901283E1,-2.161505127E-1,-2.026785278E-1,9.824519806E0,9.828987183E0
2.845904383E1,-2.118095398E-1,-1.938468933E-1,9.810449066E0,9.814649804E0
2.846907583E1,-2.390528870E-1,-1.996847534E-1,9.808054047E0,9.812998750E0
2.847910683E1,-2.469863892E-1,-1.892065430E-1,9.832752686E0,9.837673849E0
2.848913783E1,-2.483335876E-1,-1.977388000E-1,9.849667511E0,9.854781595E0
2.849916983E1,-2.475851440E-1,-1.936972046E-1,9.872120819E0,9.877124403E0
2.850920083E1,-2.246827698E-1,-2.053729248E-1,9.884544983E0,9.889231007E0
2.851923183E1,-2.154020691E-1,-2.134561157E-1,9.875563660E0,9.880218579E0
2.852926383E1,-2.237846375E-1,-1.977388000E-1,9.866282959E0,9.870801367E0
2.853929483E1,-2.320175171E-1,-1.826202393E-1,9.874964905E0,9.879378227E0
2.854932583E1,-2.356100464E-1,-1.675016785E-1,9.859397278E0,9.863634401E0
2.855935783E1,-2.429447937E-1,-1.603166199E-1,9.850715332E0,9.855014771E0
2.856938883E1,-2.411485291E-1,-1.713935852E-1,9.835746460E0,9.840194957E0
2.857941983E1,-2.398013306E-1,-1.851649475E-1,9.851014709E0,9.855672557E0
2.858945183E1,-2.251318359E-1,-1.866618347E-1,9.841284943E0,9.845629300E0
2.859948283E1,-2.074685669E-1,-1.980381775E-1,9.844428406E0,9.848605635E0
2.860951383E1,-1.974394226E-1,-2.073188782E-1,9.861642609E0,9.865797402E0
2.861954583E1,-1.863624573E-1,-2.044747925E-1,9.842033386E0,9.845921089E0
2.862957683E1,-1.821711731E-1,-2.026785278E-1,9.862091675E0,9.865856127E0
2.863960883E1,-1.881587219E-1,-2.029779053E-1,9.864337006E0,9.868219105E0
2.864963983E1,-2.089654541E-1,-2.210902405E-1,9.867779846E0,9.872468108E0
2.865967083E1,-2.134561157E-1,-2.182461548E-1,9.861642609E0,9.866366598E0
2.866970283E1,-2.291734314E-1,-2.312690735E-1,9.830507355E0,9.835897554E0
2.867973383E1,-2.522254944E-1,-2.335144043E-1,9.826166382E0,9.832176384E0
2.868976483E1,-2.466870117E-1,-2.335144043E-1,9.863588562E0,9.869435788E0
2.869979742E1,-2.270777893E-1,-2.161505127E-1,9.894125061E0,9.899090670E0
2.870982842E1,-2.031275940E-1,-1.908531189E-1,9.884844360E0,9.888773117E0
2.871985942E1,-1.757345581E-1,-1.595681763E-1,9.834698639E0,9.837562806E0
2.872989142E1,-2.079176331E-1,-1.532812500E-1,9.798623657E0,9.802027875E0
2.873992242E1,-2.299218750E-1,-1.499880981E-1,9.788893890E0,9.792742420E0
2.874995342E1,-2.460882568E-1,-1.866618347E-1,9.818382568E0,9.823239706E0
2.875998542E1,-2.580633545E-1,-1.984872437E-1,9.872719574E0,9.878086134E0
2.877001642E1,-2.405497742E-1,-2.200424194E-1,9.862241364E0,9.867628265E0
2.878004742E1,-2.523751831E-1,-2.326162720E-1,9.823921051E0,9.829914973E0
2.879007942E1,-2.537223816E-1,-2.164498901E-1,9.785001984E0,9.790683808E0
2.880011042E1,-2.392025757E-1,-2.061213684E-1,9.889784088E0,9.894823556E0
2.881014142E1,-1.887574768E-1,-1.799258423E-1,1.001821701E1,1.002161039E1
2.882017342E1,-1.210981750E-1,-1.862127686E-1,1.006970993E1,1.007215955E1
2.883020442E1,-1.300794983E-1,-1.944456482E-1,9.891580353E0,9.894346449E0
2.884023542E1,-2.323168945E-1,-2.121089172E-1,9.710307312E0,9.715401661E0
2.885026742E1,-3.126997375E-1,-2.037263489E-1,9.691296844E0,9.698480297E0
2.886029842E1,-3.281176758E-1,-1.951940918E-1,9.777068481E0,9.784519918E0
2.887032942E1,-2.625540161E-1,-2.386038208E-1,9.894424438E0,9.900782866E0
2.888036142E1,-1.769320679E-1,-2.526745605E-1,9.931098175E0,9.935887497E0
2.889039242E1,-1.187031555E-1,-2.460882568E-1,9.878407745E0,9.882185459E0
2.890042442E1,-1.282832336E-1,-2.121089172E-1,9.794881439E0,9.798017615E0
2.891045542E1,-1.806742859E-1,-1.707948303E-1,9.779762878E0,9.782922673E0
2.892048642E1,-2.258802795E-1,-1.339714050E-1,9.801467743E0,9.804985474E0
2.893051842E1,-2.508782959E-1,-1.014889526E-1,9.838740234E0,9.842461548E0
2.894054942E1,-2.427951050E-1,-1.035845947E-1,9.866881714E0,9.870412047E0
2.895058042E1,-2.100132751E-1,-9.744735718E-2,9.874366150E0,9.877079954E0
2.896061242E1,-1.984872437E-1,-1.065783691E-1,9.883048096E0,9.885615600E0
2.897064342E1,-1.832189941E-1,-1.410067749E-1,9.932445374E0,9.935135792E0
2.898067442E1,-2.122586060E-1,-1.634600830E-1,9.951306152E0,9.954911705E0
2.899070642E1,-2.145039368E-1,-2.062710571E-1,9.939780121E0,9.944233934E0
2.900073742E1,-2.109114075E-1,-2.393522644E-1,9.891131287E0,9.896274615E0
2.901076842E1,-2.053729248E-1,-2.463876343E-1,9.841584320E0,9.846809983E0
2.902080042E1,-2.195933533E-1,-2.665956116E-1,9.806706848E0,9.812787253E0
2.903083142E1,-2.257305908E-1,-2.637515259E-1,9.787696381E0,9.793851112E0
2.904086242E1,-2.245330811E-1,-2.436932373E-1,9.784403229E0,9.790012668E0
2.905089442E1,-2.146536255E-1,-2.267784119E-1,9.795031128E0,9.800007113E0
2.906092542E1,-1.944456482E-1,-2.182461548E-1,9.811646576E0,9.815999645E0
2.907095642E1,-1.898052979E-1,-2.275268555E-1,9.844727783E0,9.849185735E0
2.908098842E1,-1.911524963E-1,-2.043251038E-1,9.871372375E0,9.875336987E0
2.909101942E1,-2.125579834E-1,-2.001338196E-1,9.893077240E0,9.897384085E0
2.910105042E1,-2.116598511E-1,-2.050735474E-1,9.881700897E0,9.886094662E0
2.911108242E1,-2.284249878E-1,-1.745370483E-1,9.809550934E0,9.813762310E0
2.912111342E1,-2.644999695E-1,-1.387614441E-1,9.794282684E0,9.798836067E0
2.913114442E1,-2.573149109E-1,-1.216969299E-1,9.817933502E0,9.822058815E0
2.914117642E1,-2.281256104E-1,-1.067280579E-1,9.835447083E0,9.838671226E0
2.915120742E1,-1.764830017E-1,-1.360670471E-1,9.867480469E0,9.869996519E0
2.916123842E1,-1.442999268E-1,-1.630110168E-1,9.892628174E0,9.895023358E0
2.917127042E1,-1.606159973E-1,-1.944456482E-1,9.878407745E0,9.881626698E0
2.918130142E1,-1.893562317E-1,-2.201921082E-1,9.879006500E0,9.883274244E0
2.919133342E1,-2.139051819E-1,-2.215393066E-1,9.872569885E0,9.877371676E0
2.920136442E1,-2.339634705E-1,-2.288740540E-1,9.873468018E0,9.878891281E0
2.921139542E1,-2.294728088E-1,-2.142045593E-1,9.863738251E0,9.868732119E0
2.922142742E1,-1.998344421E-1,-1.772314453E-1,9.836345215E0,9.839971137E0
2.923145842E1,-1.824705505E-1,-1.736389160E-1,9.851912842E0,9.855132298E0
2.924148942E1,-1.803749084E-1,-1.658551025E-1,9.875413971E0,9.878453529E0
2.925152142E1,-1.899549866E-1,-1.672023010E-1,9.903555450E0,9.906788080E0
2.926155242E1,-1.796264648E-1,-1.730401611E-1,9.908195801E0,9.911334551E0
2.927158342E1,-1.841171265E-1,-1.755848694E-1,9.899364166E0,9.902632986E0
2.928161542E1,-2.049238586E-1,-1.838177490E-1,9.846074982E0,9.849922604E0
2.929164642E1,-2.112107849E-1,-2.213896179E-1,9.835746460E0,9.840504651E0
2.930167742E1,-2.110610962E-1,-2.288740540E-1,9.834399261E0,9.839326143E0
2.931170942E1,-1.993853760E-1,-2.577639771E-1,9.814340973E0,9.819749769E0
2.932174042E1,-2.023791504E-1,-2.631527710E-1,9.817035370E0,9.822646800E0
2.933177142E1,-1.978884888E-1,-2.505789185E-1,9.824819183E0,9.830006187E0
2.934180342E1,-1.951940918E-1,-2.456391907E-1,9.836045837E0,9.841048575E0
2.935183442E1,-1.996847534E-1,-2.231858826E-1,9.843380585E0,9.847935178E0
2.936186542E1,-2.079176331E-1,-2.116598511E-1,9.822124786E0,9.826604956E0
2.937189742E1,-2.218386841E-1,-2.055226135E-1,9.835147705E0,9.839795848E0
2.938192842E1,-2.317181396E-1,-2.167492676E-1,9.857601013E0,9.862706083E0
2.939195942E1,-2.522254944E-1,-2.113604736E-1,9.856553192E0,9.862045010E0
2.940199142E1,-2.389031982E-1,-1.971400452E-1,9.854607239E0,9.859473757E0
2.941202242E1,-2.377056885E-1,-1.752854919E-1,9.867480469E0,9.871899503E0
2.942205342E1,-2.127076721E-1,-1.727407837E-1,9.858050079E0,9.861857599E0
2.943208542E1,-2.154020691E-1,-1.615141296E-1,9.846524048E0,9.850204094E0
2.944211642E1,-2.146536255E-1,-1.528321838E-1,9.878108368E0,9.881622275E0
2.945214842E1,-2.222877502E-1,-1.577719116E-1,9.874964905E0,9.878726420E0
2.946217942E1,-2.218386841E-1,-1.616638184E-1,9.868677979E0,9.872494752E0
2.947221042E1,-2.201921082E-1,-1.814227295E-1,9.863289185E0,9.867414672E0
2.948224242E1,-2.378553772E-1,-2.023791504E-1,9.845326538E0,9.850278531E0
2.949227342E1,-2.284249878E-1,-2.230361938E-1,9.838440857E0,9.843619335E0
2.950230442E1,-1.965412903E-1,-2.254312134E-1,9.851014709E0,9.855553689E0
2.951233642E1,-1.886077881E-1,-2.095642090E-1,9.853858795E0,9.857891418E0
2.952236742E1,-1.748364258E-1,-2.158511353E-1,9.850266266E0,9.854182107E0
2.953239842E1,-1.939965820E-1,-2.285746765E-1,9.847571869E0,9.852134427E0
2.954243042E1,-2.034269714E-1,-2.287243652E-1,9.855954437E0,9.860706630E0
2.955246142E1,-2.149530029E-1,-2.314187622E-1,9.868228912E0,9.873282195E0
2.956249242E1,-2.068698120E-1,-2.221380615E-1,9.868378601E0,9.873045966E0
2.957252442E1,-2.098635864E-1,-2.097138977E-1,9.876761169E0,9.881216213E0
2.958255542E1,-1.842668152E-1,-2.080673218E-1,9.843380585E0,9.847303570E0
2.959258642E1,-1.944456482E-1,-1.833686829E-1,9.819131012E0,9.822767788E0
2.960261842E1,-2.059716797E-1,-1.803749084E-1,9.830507355E0,9.834319208E0
2.961264942E1,-2.230361938E-1,-1.733395386E-1,9.863588562E0,9.867632495E0
2.962268042E1,-2.290237427E-1,-1.944456482E-1,9.875264282E0,9.879833279E0
2.963271242E1,-2.243833923E-1,-2.080673218E-1,9.866432648E0,9.871176886E0
2.964274342E1,-2.282752991E-1,-2.209405518E-1,9.846074982E0,9.851198754E0
2.965277442E1,-2.415975952E-1,-2.279759216E-1,9.809850311E0,9.815472762E0
2.966280642E1,-2.561174011E-1,-2.237846375E-1,9.815538483E0,9.821429193E0
2.967283742E1,-2.314187622E-1,-2.252815247E-1,9.908794556E0,9.914056483E0
2.968286842E1,-1.550775146E-1,-2.311193848E-1,1.001462448E1,1.001849134E1
2.969289967E1,-1.028361511E-1,-2.311193848E-1,9.975555725E0,9.978762622E0
2.970293067E1,-1.616638184E-1,-2.236349487E-1,9.769434357E0,9.773330826E0
2.971296167E1,-2.658471680E-1,-2.366578674E-1,9.715396729E0,9.721914177E0
2.972299367E1,-2.906954956E-1,-2.276765442E-1,9.781259766E0,9.788226759E0
2.973302467E1,-2.606080627E-1,-2.306703186E-1,9.878258057E0,9.884387062E0
2.974305667E1,-2.140548706E-1,-2.291734314E-1,9.927355957E0,9.932307700E0
2.975308767E1,-1.550775146E-1,-2.433938599E-1,9.895172882E0,9.899380585E0
2.976311867E1,-1.401086426E-1,-2.183958435E-1,9.810748444E0,9.814179140E0
2.977315067E1,-1.829196167E-1,-1.916015625E-1,9.743538208E0,9.747138429E0
2.978318167E1,-2.438429260E-1,-1.676513672E-1,9.771979065E0,9.776458520E0
2.979321267E1,-2.618055725E-1,-1.374142456E-1,9.833950195E0,9.838394243E0
2.980324467E1,-2.311193848E-1,-1.270857239E-1,9.867929535E0,9.871453807E0
2.981327567E1,-1.936972046E-1,-1.212478638E-1,9.907447357E0,9.910082380E0
2.982330667E1,-1.628613281E-1,-1.351689148E-1,9.925559692E0,9.927815956E0
2.983333867E1,-1.538800049E-1,-1.706451416E-1,9.941277008E0,9.943932189E0
2.984336967E1,-1.827699280E-1,-1.932481384E-1,9.955347748E0,9.958900465E0
2.985340067E1,-2.134561157E-1,-2.369572449E-1,9.934840393E0,9.939958042E0
2.986343267E1,-2.137554932E-1,-2.652484131E-1,9.909393311E0,9.915247043E0
2.987346367E1,-2.182461548E-1,-2.987786865E-1,9.841584320E0,9.848537050E0
2.988349467E1,-2.191442871E-1,-2.878514099E-1,9.803413696E0,9.810086786E0
2.989352667E1,-2.100132751E-1,-2.758763123E-1,9.778565369E0,9.784710215E0
2.990355767E1,-2.031275940E-1,-2.676434326E-1,9.783505096E0,9.789272996E0
2.991358867E1,-1.802252197E-1,-2.302212524E-1,9.787846069E0,9.792211887E0
2.992362067E1,-1.968406677E-1,-2.314187622E-1,9.823621674E0,9.828318456E0
2.993365167E1,-1.860630798E-1,-2.257305908E-1,9.845625916E0,9.849970733E0
2.994368367E1,-2.044747925E-1,-2.463876343E-1,9.865235138E0,9.870429633E0
2.995371467E1,-2.041754150E-1,-2.276765442E-1,9.878557434E0,9.883289998E0
2.996374567E1,-2.203417969E-1,-2.438429260E-1,9.868977356E0,9.874448032E0
2.997377767E1,-2.323168945E-1,-2.097138977E-1,9.845027161E0,9.850000551E0
2.998380867E1,-2.442919922E-1,-1.754351807E-1,9.824220428E0,9.828823078E0
2.999383967E1,-2.454895020E-1,-1.402583313E-1,9.835447083E0,9.839509988E0
3.000387167E1,-1.996847534E-1,-1.356179810E-1,9.849218445E0,9.852175913E0
3.001390267E1,-1.704954529E-1,-1.630110168E-1,9.834698639E0,9.837527058E0
3.002393367E1,-1.818717957E-1,-1.862127686E-1,9.852212219E0,9.855650063E0
3.003396567E1,-1.833686829E-1,-1.948947144E-1,9.881401520E0,9.885024230E0
3.004399667E1,-1.754351807E-1,-2.230361938E-1,9.915081482E0,9.919141265E0
3.005402767E1,-2.094145203E-1,-2.381547546E-1,9.929900665E0,9.934963480E0
3.006405967E1,-2.149530029E-1,-2.288740540E-1,9.907597046E0,9.912571178E0
3.007409067E1,-2.044747925E-1,-2.294728088E-1,9.869875488E0,9.874659987E0
3.008412167E1,-2.034269714E-1,-2.272274780E-1,9.836045837E0,9.840772966E0
3.009415367E1,-2.017803955E-1,-2.197430420E-1,9.818083191E0,9.822614717E0
3.010418467E1,-1.916015625E-1,-1.948947144E-1,9.852511597E0,9.856301531E0
3.011421567E1,-1.847158813E-1,-1.956431580E-1,9.886191559E0,9.889852362E0
3.012424767E1,-1.796264648E-1,-1.820214844E-1,9.877210236E0,9.880520205E0
3.013427867E1,-1.806742859E-1,-1.820214844E-1,9.879754944E0,9.883083161E0
3.014430967E1,-1.871109009E-1,-2.050735474E-1,9.856852570E0,9.860761037E0
3.015434167E1,-2.056723022E-1,-2.297721863E-1,9.828262024E0,9.833098737E0
3.016437267E1,-2.198927307E-1,-2.526745605E-1,9.803862762E0,9.809583187E0
3.017440367E1,-2.201921082E-1,-2.701881409E-1,9.798024902E0,9.804222467E0
3.018443567E1,-2.261796570E-1,-2.694396973E-1,9.793983307E0,9.800299179E0
3.019446667E1,-2.125579834E-1,-2.841091919E-1,9.817185059E0,9.823595136E0
3.020449867E1,-1.896556091E-1,-2.710862732E-1,9.849068756E0,9.854623909E0
3.021452967E1,-1.865121460E-1,-2.757266235E-1,9.868079224E0,9.873692294E0
3.022456067E1,-2.065704346E-1,-2.600093079E-1,9.860295410E0,9.865885756E0
3.023459267E1,-2.101629639E-1,-2.481838989E-1,9.842931519E0,9.848302625E0
3.024462367E1,-2.299218750E-1,-2.507286072E-1,9.841883698E0,9.847761351E0
3.025465467E1,-2.390528870E-1,-2.276765442E-1,9.855954437E0,9.861481672E0
3.026468667E1,-2.454895020E-1,-2.209405518E-1,9.858948212E0,9.864478682E0
3.027471767E1,-2.344125366E-1,-2.137554932E-1,9.860295410E0,9.865397418E0
3.028474867E1,-2.237846375E-1,-2.088157654E-1,9.858948212E0,9.863698263E0
3.029478067E1,-2.240840149E-1,-2.080673218E-1,9.848619690E0,9.853365692E0
3.030481167E1,-2.194436646E-1,-2.032772827E-1,9.850116577E0,9.854657465E0
3.031484267E1,-2.095642090E-1,-2.112107849E-1,9.886041870E0,9.890518238E0
3.032487467E1,-2.044747925E-1,-2.164498901E-1,9.866881714E0,9.871373524E0
3.033490567E1,-2.070195007E-1,-2.204914856E-1,9.849218445E0,9.853861047E0
3.034493667E1,-2.243833923E-1,-2.231858826E-1,9.829459534E0,9.834553095E0
3.035496867E1,-2.191442871E-1,-2.386038208E-1,9.835746460E0,9.841080450E0
3.036499967E1,-2.311193848E-1,-2.359094238E-1,9.857601013E0,9.863131712E0
3.037503067E1,-2.139051819E-1,-2.342628479E-1,9.858499146E0,9.863601772E0
3.038506267E1,-2.001338196E-1,-2.317181396E-1,9.844727783E0,9.849487904E0
3.039509367E1,-1.827699280E-1,-2.176473999E-1,9.846224670E0,9.850325654E0
3.040512467E1,-1.791773987E-1,-2.112107849E-1,9.839039612E0,9.842937317E0
3.041515667E1,-1.754351807E-1,-2.215393066E-1,9.853409729E0,9.857461157E0
3.042518767E1,-1.805245972E-1,-2.276765442E-1,9.859097900E0,9.863378587E0
3.043521967E1,-1.901046753E-1,-2.240840149E-1,9.880653076E0,9.885021934E0
3.044525067E1,-1.966909790E-1,-2.454895020E-1,9.872120819E0,9.877131259E0
3.045528167E1,-2.067201233E-1,-2.526745605E-1,9.844129028E0,9.849540800E0
3.046531367E1,-2.438429260E-1,-2.412982178E-1,9.805808716E0,9.811807620E0
3.047534467E1,-2.412982178E-1,-2.519261169E-1,9.835746460E0,9.841930706E0
3.048537567E1,-2.118095398E-1,-2.600093079E-1,9.907746735E0,9.913420877E0
3.049540767E1,-1.366658020E-1,-2.754272461E-1,1.000758911E1,1.001231130E1
3.050543867E1,-1.281335449E-1,-2.893482971E-1,9.885592804E0,9.890656486E0
3.051546967E1,-2.171983337E-1,-2.772235107E-1,9.721384277E0,9.727761318E0
3.052550167E1,-2.740800476E-1,-2.586621094E-1,9.710457001E0,9.717767291E0
3.053553267E1,-2.770738220E-1,-2.483335876E-1,9.787247314E0,9.794317203E0
3.054556367E1,-2.404000854E-1,-2.371069336E-1,9.883048096E0,9.888814467E0
3.055559567E1,-1.893562317E-1,-2.567161560E-1,9.906100159E0,9.911235005E0
3.056562667E1,-1.639091492E-1,-2.402503967E-1,9.842332764E0,9.846628900E0
3.057565767E1,-1.787283325E-1,-2.146536255E-1,9.785001984E0,9.788987885E0
3.058568967E1,-2.300715637E-1,-1.924996948E-1,9.794582062E0,9.799174803E0
3.059572067E1,-2.595602417E-1,-1.727407837E-1,9.813742218E0,9.818693763E0
3.060575167E1,-2.386038208E-1,-1.613644409E-1,9.867031403E0,9.871234926E0
3.061578367E1,-1.977388000E-1,-1.498384094E-1,9.884245605E0,9.887358766E0
3.062581467E1,-1.701960754E-1,-1.604663086E-1,9.898615723E0,9.901379165E0
3.063584567E1,-1.785786438E-1,-1.733395386E-1,9.907297668E0,9.910422999E0
3.064587767E1,-1.853146362E-1,-2.071691895E-1,9.952054596E0,9.955935479E0
3.065590867E1,-2.086660767E-1,-2.381547546E-1,9.936636658E0,9.941680305E0
3.066594067E1,-2.215393066E-1,-2.658471680E-1,9.906998291E0,9.913040377E0
3.067597167E1,-2.089654541E-1,-2.860551453E-1,9.851014709E0,9.857382255E0
3.068600267E1,-2.059716797E-1,-2.866539001E-1,9.813742218E0,9.820088142E0
3.069603492E1,-2.076182556E-1,-2.811154175E-1,9.786349182E0,9.792587070E0
3.070606592E1,-2.076182556E-1,-2.740800476E-1,9.800419922E0,9.806449707E0
3.071609692E1,-2.130070496E-1,-2.535726929E-1,9.810748444E0,9.816336187E0
3.072612892E1,-2.022294617E-1,-2.453398132E-1,9.811496887E0,9.816647062E0
3.073615992E1,-1.920506287E-1,-2.565664673E-1,9.845775604E0,9.850990156E0
3.074619092E1,-1.948947144E-1,-2.621049500E-1,9.881700897E0,9.887097429E0
3.075622292E1,-2.017803955E-1,-2.874023438E-1,9.897867279E0,9.904094714E0
3.076625392E1,-2.001338196E-1,-2.793191528E-1,9.882449341E0,9.888421396E0
3.077628492E1,-2.155517578E-1,-2.562670898E-1,9.856702881E0,9.862389521E0
3.078631692E1,-2.363584900E-1,-2.127076721E-1,9.820478210E0,9.825624773E0
3.079634792E1,-2.368075562E-1,-1.657054138E-1,9.797126770E0,9.801389139E0
3.080637892E1,-2.251318359E-1,-1.481918335E-1,9.812844086E0,9.816544922E0
3.081641092E1,-1.716929626E-1,-1.718426514E-1,9.844428406E0,9.847424994E0
3.082644192E1,-1.724414062E-1,-1.666035461E-1,9.824070740E0,9.826996422E0
3.083647292E1,-1.824705505E-1,-2.019300842E-1,9.857151947E0,9.860908466E0
3.084650492E1,-1.911524963E-1,-2.317181396E-1,9.903256073E0,9.907810728E0
3.085653592E1,-2.056723022E-1,-2.505789185E-1,9.940827942E0,9.946112359E0
3.086656792E1,-2.305206299E-1,-2.559677124E-1,9.926906891E0,9.932881739E0
3.087659892E1,-2.164498901E-1,-2.481838989E-1,9.883497162E0,9.888981846E0
3.088662992E1,-2.216889954E-1,-2.212399292E-1,9.846374359E0,9.851354279E0
3.089666192E1,-2.073188782E-1,-2.173480225E-1,9.832303619E0,9.836890553E0
3.090669292E1,-2.038760376E-1,-2.115101624E-1,9.829010468E0,9.833399654E0
3.091672392E1,-2.022294617E-1,-1.917512512E-1,9.865384827E0,9.869320295E0
3.092675592E1,-1.983375549E-1,-2.058219910E-1,9.877359924E0,9.881494804E0
3.093678692E1,-1.761836243E-1,-2.002835083E-1,9.881551208E0,9.885150906E0
3.094681792E1,-1.938468933E-1,-2.171983337E-1,9.854607239E0,9.858906408E0
3.095684992E1,-1.933978271E-1,-2.486329651E-1,9.828561401E0,9.833607695E0
3.096688092E1,-2.059716797E-1,-2.854563904E-1,9.827663269E0,9.833965376E0
3.097691192E1,-2.059716797E-1,-2.920426941E-1,9.819430389E0,9.825931327E0
3.098694392E1,-2.285746765E-1,-2.981799316E-1,9.819580078E0,9.826765010E0
3.099697492E1,-2.041754150E-1,-3.050656128E-1,9.826316071E0,9.833170402E0
3.100700592E1,-2.011816406E-1,-3.103047180E-1,9.834548950E0,9.841499689E0
3.101703792E1,-1.986369324E-1,-2.869532776E-1,9.855355682E0,9.861533067E0
3.102706892E1,-2.059716797E-1,-2.903961182E-1,9.862690430E0,9.869114284E0
3.103709992E1,-1.995350647E-1,-2.727328491E-1,9.861492920E0,9.867281290E0
3.104713192E1,-2.124082947E-1,-2.576142883E-1,9.860145721E0,9.865797284E0
3.105716292E1,-2.222877502E-1,-2.421963501E-1,9.835746460E0,9.841238710E0
3.106719392E1,-2.113604736E-1,-2.219883728E-1,9.820777588E0,9.825559756E0
3.107722592E1,-2.163002014E-1,-2.113604736E-1,9.808802490E0,9.813463472E0
3.108725692E1,-2.189945984E-1,-1.957928467E-1,9.847422180E0,9.851802732E0
3.109728892E1,-2.118095398E-1,-2.073188782E-1,9.868528290E0,9.872978021E0
3.110731992E1,-2.106120300E-1,-2.094145203E-1,9.883347473E0,9.887809117E0
3.111735092E1,-2.209405518E-1,-2.188449097E-1,9.861193542E0,9.866095778E0
3.112738292E1,-2.395019531E-1,-2.263293457E-1,9.877210236E0,9.882705510E0
3.113741392E1,-2.321672058E-1,-2.418969727E-1,9.880204010E0,9.885891312E0
3.114744492E1,-2.192939758E-1,-2.309696960E-1,9.885592804E0,9.890722013E0
3.115747692E1,-1.992356873E-1,-2.103126526E-1,9.856104126E0,9.860360785E0
3.116750792E1,-1.899549866E-1,-2.011816406E-1,9.822873230E0,9.826769329E0
3.117753892E1,-1.815724182E-1,-2.201921082E-1,9.811197510E0,9.815347660E0
3.118757092E1,-1.990859985E-1,-2.303709412E-1,9.837991791E0,9.842702296E0
3.119760192E1,-1.956431580E-1,-2.570155334E-1,9.852661285E0,9.857954536E0
3.120763292E1,-1.987866211E-1,-2.670446777E-1,9.862840118E0,9.868457031E0
3.121766492E1,-2.020797729E-1,-2.854563904E-1,9.868827667E0,9.875023094E0
3.122769592E1,-2.005828857E-1,-2.899470520E-1,9.848320312E0,9.854629154E0
3.123772692E1,-2.073188782E-1,-2.772235107E-1,9.827812958E0,9.833907744E0
3.124775892E1,-2.070195007E-1,-2.612068176E-1,9.852810974E0,9.858446641E0
3.125778992E1,-1.799258423E-1,-2.622546387E-1,9.923763428E0,9.928858513E0
3.126782092E1,-1.333726501E-1,-2.746788025E-1,1.002106110E1,1.002571205E1
3.127785292E1,-1.264869690E-1,-2.673440552E-1,9.890532532E0,9.894953540E0
3.128788392E1,-2.236349487E-1,-2.574645996E-1,9.716594238E0,9.722577035E0
3.129791592E1,-2.797682190E-1,-2.484832764E-1,9.713450775E0,9.720655336E0
3.130794692E1,-2.734812927E-1,-2.520758057E-1,9.820777588E0,9.827818001E0
3.131797792E1,-2.706372070E-1,-2.627037048E-1,9.885742493E0,9.892934972E0
3.132800992E1,-2.261796570E-1,-2.888992310E-1,9.892179108E0,9.898981134E0
3.133804092E1,-1.719923401E-1,-2.686912537E-1,9.826166382E0,9.831343861E0
3.134807192E1,-1.869612122E-1,-2.347119141E-1,9.786648560E0,9.791247837E0
3.135810392E1,-2.222877502E-1,-1.953437805E-1,9.807455292E0,9.811918790E0
3.136813492E1,-2.176473999E-1,-1.520837402E-1,9.838590546E0,9.842172716E0
3.137816592E1,-1.839674377E-1,-1.309776306E-1,9.876162415E0,9.878744009E0
3.138819792E1,-1.586700439E-1,-1.222956848E-1,9.886490936E0,9.888520387E0
3.139822892E1,-1.374142456E-1,-1.288819885E-1,9.895023193E0,9.896816520E0
3.140825992E1,-1.686991882E-1,-1.612147522E-1,9.924062805E0,9.926805739E0
3.141829192E1,-2.007325745E-1,-2.061213684E-1,9.948312378E0,9.952471992E0
3.142832292E1,-2.315684509E-1,-2.489323425E-1,9.940977631E0,9.946789809E0
3.143835392E1,-2.354603577E-1,-2.954855347E-1,9.906399536E0,9.913602022E0
3.144838592E1,-2.245330811E-1,-3.031196594E-1,9.843829651E0,9.851054706E0
3.145841692E1,-1.990859985E-1,-3.095562744E-1,9.806407471E0,9.813311765E0
3.146844792E1,-1.815724182E-1,-2.894979858E-1,9.787696381E0,9.793660095E0
3.147847992E1,-1.733395386E-1,-2.618055725E-1,9.810748444E0,9.815771685E0
3.148851092E1,-1.664538574E-1,-2.619552612E-1,9.819131012E0,9.824034878E0
3.149854192E1,-1.692979431E-1,-2.739303589E-1,9.847721558E0,9.852985310E0
3.150857392E1,-1.817221069E-1,-2.707868958E-1,9.859247589E0,9.864639451E0
3.151860492E1,-1.947450256E-1,-2.818638611E-1,9.864786072E0,9.870733362E0
3.152863692E1,-1.977388000E-1,-2.844085693E-1,9.852361908E0,9.858449373E0
3.153866792E1,-2.103126526E-1,-2.700384521E-1,9.865833893E0,9.871769374E0
3.154869892E1,-2.029779053E-1,-2.435435486E-1,9.838440857E0,9.843547734E0
3.155873092E1,-2.133064270E-1,-2.070195007E-1,9.807006226E0,9.811509966E0
3.156876192E1,-2.098635864E-1,-1.763333130E-1,9.827064514E0,9.830886691E0
3.157879292E1,-1.933978271E-1,-1.369651794E-1,9.821675720E0,9.824534398E0
3.158882492E1,-1.585203552E-1,-1.592687988E-1,9.844877472E0,9.847441683E0
3.159885592E1,-1.713935852E-1,-1.739382935E-1,9.857900391E0,9.860924419E0
3.160888692E1,-1.797761536E-1,-2.188449097E-1,9.863438873E0,9.867504191E0
3.161891892E1,-1.981878662E-1,-2.395019531E-1,9.895322571E0,9.900204462E0
3.162894992E1,-2.011816406E-1,-2.508782959E-1,9.923763428E0,9.928972482E0
3.163898092E1,-2.073188782E-1,-2.625540161E-1,9.909692688E0,9.915337861E0
3.164901292E1,-2.005828857E-1,-2.499801636E-1,9.875114594E0,9.880314358E0
3.165904392E1,-1.731898499E-1,-2.047741699E-1,9.871522064E0,9.875164558E0
3.166907492E1,-1.589694214E-1,-1.977388000E-1,9.855804749E0,9.859069893E0
3.167910692E1,-1.636097717E-1,-1.887574768E-1,9.873318329E0,9.876477731E0
3.168913792E1,-1.755848694E-1,-1.978884888E-1,9.875114594E0,9.878657709E0
3.169916854E1,-1.966909790E-1,-1.989363098E-1,9.894873505E0,9.898827439E0
3.170920054E1,-1.942959595E-1,-2.242337036E-1,9.864486694E0,9.868947736E0
3.171923154E1,-1.963916016E-1,-2.529739380E-1,9.853409729E0,9.858612923E0
3.172926354E1,-1.974394226E-1,-2.579136658E-1,9.827214203E0,9.832580576E0
3.173929454E1,-1.881587219E-1,-2.671943665E-1,9.814939728E0,9.820378730E0
3.174932554E1,-1.779798889E-1,-2.896476746E-1,9.800419922E0,9.806314459E0
3.175935754E1,-1.742376709E-1,-3.023712158E-1,9.814340973E0,9.820543562E0
3.176938854E1,-1.526824951E-1,-2.881507874E-1,9.812395020E0,9.817812325E0
3.177941954E1,-1.442999268E-1,-2.806663513E-1,9.816286926E0,9.821358617E0
3.178945154E1,-1.405577087E-1,-2.776725769E-1,9.829609222E0,9.834534864E0
3.179948254E1,-1.419049072E-1,-2.793191528E-1,9.841284943E0,9.846270640E0
3.180951354E1,-1.404080200E-1,-2.616558838E-1,9.865235138E0,9.869703265E0
3.181954554E1,-1.399589539E-1,-2.562670898E-1,9.864786072E0,9.869106625E0
3.182957654E1,-1.393601990E-1,-2.555186462E-1,9.875563660E0,9.879851651E0
3.183960754E1,-1.538800049E-1,-2.177970886E-1,9.873617706E0,9.877218295E0
3.184963954E1,-1.628613281E-1,-2.086660767E-1,9.856553192E0,9.860106803E0
3.185967054E1,-1.660047913E-1,-2.094145203E-1,9.845027161E0,9.848653300E0
3.186970154E1,-1.716929626E-1,-2.110610962E-1,9.841135254E0,9.844895548E0
3.187973354E1,-1.859133911E-1,-2.028282166E-1,9.847422180E0,9.851265232E0
3.188976454E1,-1.746867371E-1,-2.146536255E-1,9.855954437E0,9.859839223E0
3.189979654E1,-1.755848694E-1,-1.995350647E-1,9.842781830E0,9.846369810E0
3.190982754E1,-1.636097717E-1,-2.077679443E-1,9.830806732E0,9.834363054E0
3.191985854E1,-1.529818726E-1,-2.188449097E-1,9.821975098E0,9.825603868E0
3.192989054E1,-1.437011719E-1,-2.312690735E-1,9.841284943E0,9.845050774E0
3.193992154E1,-1.462458801E-1,-2.594105530E-1,9.860894165E0,9.865389776E0
3.194995254E1,-1.422042847E-1,-2.871029663E-1,9.876162415E0,9.881357913E0
3.195998454E1,-1.384620667E-1,-2.897973633E-1,9.870474243E0,9.875698256E0
3.197001554E1,-1.267863464E-1,-2.968327332E-1,9.848320312E0,9.853608346E0
3.198004654E1,-1.520837402E-1,-2.782713318E-1,9.827064514E0,9.832179889E0
3.199007854E1,-1.490899658E-1,-2.656974792E-1,9.823771362E0,9.828494633E0
3.200010954E1,-1.049317932E-1,-2.630030823E-1,9.929002533E0,9.933039444E0
3.201014054E1,-6.990463257E-2,-2.821632385E-1,1.001821701E1,1.002243358E1
3.202017254E1,-8.846603394E-2,-2.878514099E-1,9.894274750E0,9.898856373E0
3.203020354E1,-1.573228455E-1,-2.851570129E-1,9.744735718E0,9.750176368E0
3.204023454E1,-2.248324585E-1,-2.894979858E-1,9.736502838E0,9.743400137E0
3.205026654E1,-2.279759216E-1,-2.748284912E-1,9.811646576E0,9.818141996E0
3.206029754E1,-1.963916016E-1,-2.914439392E-1,9.876162415E0,9.882413332E0
3.207032854E1,-1.493893433E-1,-2.848576355E-1,9.863738251E0,9.868981372E0
3.208036054E1,-1.074765015E-1,-2.595602417E-1,9.804910583E0,9.808934410E0
3.209039154E1,-1.276844788E-1,-2.157014465E-1,9.761500854E0,9.764718602E0
3.210042354E1,-1.669029236E-1,-1.697470093E-1,9.788145447E0,9.791039879E0
3.211045454E1,-1.817221069E-1,-1.514849854E-1,9.835297394E0,9.838142378E0
3.212048554E1,-1.576222229E-1,-1.345701599E-1,9.873168640E0,9.875343685E0
3.213051754E1,-1.372645569E-1,-1.273851013E-1,9.896669769E0,9.898441344E0
3.214054854E1,-1.086740112E-1,-1.624122620E-1,9.905950470E0,9.907877800E0
3.215057954E1,-1.170565796E-1,-1.911524963E-1,9.946815491E0,9.949340678E0
3.216061154E1,-1.279838562E-1,-2.366578674E-1,9.978699188E0,9.982325596E0
3.217064254E1,-1.704954529E-1,-2.718347168E-1,9.953252106E0,9.958423083E0
3.218067354E1,-1.607656860E-1,-3.011737061E-1,9.897717590E0,9.903603622E0
3.219070554E1,-1.543290710E-1,-2.959346008E-1,9.854906616E0,9.860556737E0
3.220073654E1,-1.386117554E-1,-3.040177917E-1,9.806557159E0,9.812247620E0
3.221076754E1,-1.384620667E-1,-2.854563904E-1,9.772428131E0,9.777576830E0
3.222079954E1,-1.378633118E-1,-2.697390747E-1,9.768835602E0,9.773531321E0
3.223083054E1,-1.228944397E-1,-2.647993469E-1,9.776619415E0,9.780976890E0
3.224086154E1,-1.278341675E-1,-2.647993469E-1,9.808802490E0,9.813208780E0
3.225089354E1,-1.312770081E-1,-2.691403198E-1,9.826316071E0,9.830877768E0
3.226092454E1,-1.573228455E-1,-2.897973633E-1,9.846973114E0,9.852492705E0
3.227095554E1,-1.600172424E-1,-2.872526550E-1,9.867330780E0,9.872807925E0
3.228098754E1,-1.787283325E-1,-2.776725769E-1,9.899513855E0,9.905019962E0
3.229101854E1,-1.734892273E-1,-2.583627319E-1,9.873917084E0,9.878820192E0
3.230105054E1,-1.678010559E-1,-2.275268555E-1,9.822274475E0,9.826342225E0
3.231108154E1,-1.760339355E-1,-1.745370483E-1,9.809251556E0,9.812383361E0
3.232111254E1,-1.642085266E-1,-1.495390320E-1,9.819430389E0,9.821941740E0
3.233114454E1,-1.281335449E-1,-1.502874756E-1,9.822274475E0,9.824259789E0
3.234117554E1,-8.996292114E-2,-1.779798889E-1,9.841883698E0,9.843903945E0
3.235120654E1,-1.047821045E-1,-1.998344421E-1,9.878707123E0,9.881283698E0
3.236123854E1,-1.185534668E-1,-2.553689575E-1,9.883197784E0,9.887207223E0
3.237126954E1,-1.463955688E-1,-2.957849121E-1,9.886041870E0,9.891549132E0
3.238130054E1,-1.812730408E-1,-3.038681030E-1,9.913584595E0,9.919896938E0
3.239133254E1,-1.868115234E-1,-2.924917603E-1,9.900561676E0,9.906642795E0
3.240136354E1,-1.712438965E-1,-2.561174011E-1,9.873018951E0,9.877824852E0
3.241139454E1,-1.213975525E-1,-2.415975952E-1,9.863289185E0,9.866994492E0
3.242142654E1,-1.164578247E-1,-2.068698120E-1,9.846224670E0,9.849086141E0
3.243145754E1,-1.124162292E-1,-1.796264648E-1,9.864786072E0,9.867061737E0
3.244148854E1,-1.348695374E-1,-1.836680603E-1,9.876162415E0,9.878790806E0
3.245152054E1,-1.416055298E-1,-1.962419128E-1,9.866881714E0,9.869848923E0
3.246155154E1,-1.535806274E-1,-2.151026917E-1,9.870174866E0,9.873712982E0
3.247158354E1,-1.649569702E-1,-2.523751831E-1,9.863738251E0,9.868345166E0
3.248161454E1,-1.670526123E-1,-2.881507874E-1,9.826914825E0,9.832557777E0
3.249164554E1,-1.832189941E-1,-3.121009827E-1,9.816436615E0,9.823105621E0
3.250167754E1,-1.703457642E-1,-3.188369751E-1,9.817933502E0,9.824586146E0
3.251170854E1,-1.600172424E-1,-3.020718384E-1,9.839039612E0,9.844976049E0
3.252173954E1,-1.459465027E-1,-2.999761963E-1,9.821526031E0,9.827189816E0
3.253177154E1,-1.463955688E-1,-2.713856506E-1,9.813293152E0,9.818136499E0
3.254180254E1,-1.474433899E-1,-2.565664673E-1,9.848470001E0,9.852914659E0
3.255183354E1,-1.499880981E-1,-2.558180237E-1,9.858050079E0,9.862509349E0
3.256186554E1,-1.678010559E-1,-2.615061951E-1,9.851912842E0,9.856811316E0
3.257189654E1,-1.669029236E-1,-2.430944824E-1,9.854607239E0,9.859017971E0
3.258192754E1,-1.676513672E-1,-2.375559998E-1,9.860295410E0,9.864581360E0
3.259195954E1,-1.710942078E-1,-2.335144043E-1,9.863738251E0,9.867985331E0
3.260199054E1,-1.927990723E-1,-2.330653381E-1,9.840087433E0,9.844735223E0
3.261202154E1,-1.815724182E-1,-2.287243652E-1,9.857151947E0,9.861476963E0
3.262205354E1,-1.981878662E-1,-2.243833923E-1,9.875863037E0,9.880399641E0
3.263208454E1,-1.706451416E-1,-2.115101624E-1,9.883796539E0,9.887532065E0
3.264211654E1,-1.532812500E-1,-2.137554932E-1,9.892628174E0,9.896124430E0
3.265214754E1,-1.413061523E-1,-1.959425354E-1,9.862091675E0,9.865050081E0
3.266217854E1,-1.472937012E-1,-1.890568542E-1,9.823172607E0,9.826095766E0
3.267221054E1,-1.660047913E-1,-2.025288391E-1,9.792187042E0,9.795687959E0
3.268224154E1,-1.781295776E-1,-2.215393066E-1,9.821825409E0,9.825938336E0
3.269227254E1,-1.806742859E-1,-2.698887634E-1,9.859546967E0,9.864894806E0
3.270230567E1,-1.538800049E-1,-2.701881409E-1,9.865384827E0,9.870283606E0
3.271233667E1,-1.462458801E-1,-2.709365845E-1,9.841584320E0,9.846399160E0
3.272236767E1,-1.631607056E-1,-2.769241333E-1,9.792336731E0,9.797610272E0
3.273239967E1,-1.634600830E-1,-2.697390747E-1,9.825867004E0,9.830927767E0
3.274243067E1,-1.284329224E-1,-2.710862732E-1,9.963281250E0,9.967795947E0
3.275246167E1,-8.307723999E-2,-2.779719543E-1,1.008437943E1,1.008855186E1
3.276249367E1,-8.337661743E-2,-2.755769348E-1,9.952204285E0,9.956368034E0
3.277252467E1,-1.447489929E-1,-2.586621094E-1,9.718091125E0,9.722610425E0
3.278255567E1,-2.148033142E-1,-2.255809021E-1,9.656569061E0,9.661591652E0
3.279258767E1,-2.549198914E-1,-2.327659607E-1,9.738299103E0,9.744415506E0
3.280261867E1,-2.136058044E-1,-2.549198914E-1,9.906848602E0,9.912429612E0
3.281264967E1,-1.308279419E-1,-2.642005920E-1,9.948162689E0,9.952530271E0
3.282268167E1,-8.906478882E-2,-2.662962341E-1,9.895472260E0,9.899455412E0
3.283271267E1,-1.041833496E-1,-2.378553772E-1,9.798773346E0,9.802213446E0
3.284274467E1,-1.462458801E-1,-2.101629639E-1,9.771679688E0,9.775033516E0
3.285277567E1,-2.082170105E-1,-1.872605896E-1,9.806856537E0,9.810853989E0
3.286280667E1,-2.121089172E-1,-1.598675537E-1,9.852212219E0,9.855791873E0
3.287283867E1,-1.815724182E-1,-1.483415222E-1,9.874964905E0,9.877748004E0
3.288286967E1,-1.384620667E-1,-1.480421448E-1,9.900561676E0,9.902636504E0
3.289290067E1,-1.157093811E-1,-1.440005493E-1,9.925709381E0,9.927428244E0
3.290293267E1,-1.044827271E-1,-1.734892273E-1,9.938432922E0,9.940496170E0
3.291296367E1,-1.320254517E-1,-2.032772827E-1,9.943672028E0,9.946625848E0
3.292299467E1,-1.633103943E-1,-2.365081787E-1,9.910441132E0,9.914607901E0
3.293302667E1,-1.719923401E-1,-2.728825378E-1,9.861193542E0,9.866467672E0
3.294305767E1,-1.694476318E-1,-2.803669739E-1,9.826914825E0,9.832373728E0
3.295308867E1,-1.737886047E-1,-2.885998535E-1,9.792785797E0,9.798578776E0
3.296312067E1,-1.631607056E-1,-3.043171692E-1,9.804012451E0,9.810091258E0
3.297315167E1,-1.663041687E-1,-2.926414490E-1,9.815239105E0,9.821008848E0
3.298318267E1,-1.541793823E-1,-2.900967407E-1,9.817634125E0,9.823129196E0
3.299321467E1,-1.353186035E-1,-2.758763123E-1,9.827513580E0,9.832316209E0
3.300324567E1,-1.377136230E-1,-2.600093079E-1,9.822124786E0,9.826530680E0
3.301327767E1,-1.655557251E-1,-2.445913696E-1,9.836345215E0,9.840778466E0
3.302330867E1,-1.710942078E-1,-2.330653381E-1,9.847122803E0,9.851366411E0
3.303333967E1,-1.841171265E-1,-2.272274780E-1,9.871072998E0,9.875404477E0
3.304337167E1,-1.933978271E-1,-2.173480225E-1,9.838141479E0,9.842442311E0
3.305340267E1,-1.963916016E-1,-1.818717957E-1,9.783355408E0,9.787016402E0
3.306343367E1,-2.044747925E-1,-1.564247131E-1,9.795330505E0,9.798713096E0
3.307346567E1,-1.683998108E-1,-1.468446350E-1,9.823921051E0,9.826461553E0
3.308349667E1,-1.133143616E-1,-1.681004333E-1,9.861193542E0,9.863277142E0
3.309352767E1,-9.744735718E-2,-1.916015625E-1,9.910441132E0,9.912772093E0
3.310355967E1,-9.969268799E-2,-2.200424194E-1,9.897567902E0,9.900515525E0
3.311359067E1,-1.170565796E-1,-2.377056885E-1,9.873468018E0,9.877022675E0
3.312362167E1,-1.573228455E-1,-2.571652222E-1,9.888885956E0,9.893480170E0
3.313365367E1,-1.913021851E-1,-2.688409424E-1,9.890083466E0,9.895586033E0
3.314368467E1,-1.926493835E-1,-2.583627319E-1,9.892777863E0,9.898026011E0
3.315371567E1,-1.790277100E-1,-2.404000854E-1,9.880952454E0,9.885497687E0
3.316374767E1,-1.654060364E-1,-2.103126526E-1,9.858648834E0,9.862279017E0
3.317377867E1,-1.504371643E-1,-1.905537415E-1,9.839788055E0,9.842782688E0
3.318381067E1,-1.514849854E-1,-1.721420288E-1,9.864636383E0,9.867301128E0
3.319384167E1,-1.448986816E-1,-1.745370483E-1,9.872420197E0,9.875026043E0
3.320387267E1,-1.474433899E-1,-1.865121460E-1,9.882149963E0,9.885009572E0
3.321390467E1,-1.469943237E-1,-2.056723022E-1,9.880952454E0,9.884185845E0
3.322393567E1,-1.495390320E-1,-2.248324585E-1,9.857002258E0,9.860700030E0
3.323396667E1,-1.637594604E-1,-2.568658447E-1,9.845326538E0,9.850038166E0
3.324399867E1,-1.727407837E-1,-2.622546387E-1,9.835746460E0,9.840758370E0
3.325402967E1,-1.760339355E-1,-2.758763123E-1,9.829758911E0,9.835204926E0
3.326406067E1,-1.764830017E-1,-2.764750671E-1,9.819131012E0,9.824607806E0
3.327409267E1,-1.758842468E-1,-2.613565063E-1,9.816286926E0,9.821340617E0
3.328412367E1,-1.775308228E-1,-2.383044434E-1,9.815688171E0,9.820185359E0
3.329415467E1,-1.655557251E-1,-2.285746765E-1,9.852212219E0,9.856253887E0
3.330418667E1,-1.588197327E-1,-2.339634705E-1,9.871821442E0,9.875870655E0
3.331421767E1,-1.552272034E-1,-2.183958435E-1,9.875264282E0,9.878898566E0
3.332424867E1,-1.466949463E-1,-1.920506287E-1,9.875563660E0,9.878520155E0
3.333428067E1,-1.609153748E-1,-2.058219910E-1,9.855804749E0,9.859266894E0
3.334431167E1,-1.697470093E-1,-2.005828857E-1,9.876012726E0,9.879507827E0
3.335434367E1,-1.749861145E-1,-2.008822632E-1,9.861193542E0,9.864791529E0
3.336437467E1,-1.989363098E-1,-2.050735474E-1,9.833800507E0,9.837950153E0
3.337440567E1,-2.071691895E-1,-2.276765442E-1,9.842033386E0,9.846846036E0
3.338443767E1,-1.878593445E-1,-2.418969727E-1,9.859696655E0,9.864452515E0
3.339446867E1,-1.755848694E-1,-2.083666992E-1,9.879156189E0,9.882913221E0
3.340449967E1,-1.465452576E-1,-1.986369324E-1,9.903256073E0,9.906331964E0
3.341453167E1,-1.419049072E-1,-1.950444031E-1,9.856403503E0,9.859354408E0
3.342456267E1,-1.407073975E-1,-1.706451416E-1,9.796378326E0,9.798874764E0
3.343459367E1,-1.508862305E-1,-1.692979431E-1,9.778715057E0,9.781344316E0
3.344462567E1,-1.845661926E-1,-1.853146362E-1,9.795330505E0,9.798821659E0
3.345465667E1,-1.815724182E-1,-2.260299683E-1,9.841284943E0,9.845554703E0
3.346468767E1,-1.598675537E-1,-2.387535095E-1,9.882748718E0,9.886924856E0
3.347471967E1,-1.519340515E-1,-2.338137817E-1,9.850865021E0,9.854810729E0
3.348475067E1,-1.648072815E-1,-2.535726929E-1,9.803114319E0,9.807778082E0
3.349478267E1,-1.716929626E-1,-2.335144043E-1,9.854756927E0,9.859018285E0
3.350481367E1,-1.360670471E-1,-2.345622253E-1,9.961934052E0,9.965624101E0
3.351484467E1,-1.022373962E-1,-2.308200073E-1,1.006222549E1,1.006539181E1
3.352487667E1,-1.109193420E-1,-2.257305908E-1,9.971065063E0,9.974236607E0
3.353490767E1,-1.689985657E-1,-2.210902405E-1,9.749675446E0,9.753646124E0
3.354493867E1,-2.513273621E-1,-1.980381775E-1,9.632618866E0,9.637931873E0
3.355497067E1,-2.751278687E-1,-2.026785278E-1,9.723330231E0,9.729333210E0
3.356500167E1,-2.203417969E-1,-2.294728088E-1,9.885143738E0,9.890261624E0
3.357503267E1,-1.484912109E-1,-2.671943665E-1,9.972262573E0,9.976946592E0
3.358506467E1,-9.550140381E-2,-2.724334717E-1,9.936486969E0,9.940679745E0
3.359509567E1,-1.014889526E-1,-2.583627319E-1,9.829160156E0,9.833078902E0
3.360512667E1,-1.348695374E-1,-2.176473999E-1,9.794432373E0,9.797778610E0
3.361515867E1,-1.739382935E-1,-1.746867371E-1,9.805808716E0,9.808906899E0
3.362518967E1,-2.002835083E-1,-1.332229614E-1,9.841734009E0,9.844673186E0
3.363522067E1,-2.017803955E-1,-1.234931946E-1,9.876611481E0,9.879444328E0
3.364525267E1,-1.522334290E-1,-1.130149841E-1,9.895322571E0,9.897138788E0
3.365528367E1,-1.155596924E-1,-1.046324158E-1,9.902357941E0,9.903584945E0
3.366531567E1,-1.136137390E-1,-1.083746338E-1,9.905950470E0,9.907194752E0
3.367534667E1,-1.579216003E-1,-1.552272034E-1,9.903854828E0,9.906330055E0
3.368537767E1,-1.731898499E-1,-1.776805115E-1,9.883646851E0,9.886760853E0
3.369540967E1,-1.818717957E-1,-2.165995789E-1,9.853709106E0,9.857767287E0
3.370543958E1,-1.892065430E-1,-2.501298523E-1,9.839788055E0,9.844785068E0
3.371547058E1,-1.814227295E-1,-2.748284912E-1,9.830058289E0,9.835572727E0
3.372550258E1,-1.707948303E-1,-2.788700867E-1,9.821076965E0,9.826519840E0
3.373553358E1,-1.568737793E-1,-2.700384521E-1,9.820777588E0,9.825741834E0
3.374556458E1,-1.615141296E-1,-2.755769348E-1,9.841883698E0,9.847065765E0
3.375559658E1,-1.537303162E-1,-2.718347168E-1,9.826615448E0,9.831576592E0
3.376562758E1,-1.492396545E-1,-2.430944824E-1,9.834998016E0,9.839133772E0
3.377565858E1,-1.444496155E-1,-2.321672058E-1,9.843829651E0,9.847626592E0
3.378569058E1,-1.721420288E-1,-1.999841309E-1,9.859696655E0,9.863226889E0
3.379572158E1,-1.782792664E-1,-1.758842468E-1,9.875114594E0,9.878289680E0
3.380575358E1,-1.709445190E-1,-1.721420288E-1,9.839039612E0,9.842030044E0
3.381578458E1,-2.094145203E-1,-1.555265808E-1,9.768087158E0,9.771569459E0
3.382581558E1,-2.285746765E-1,-1.389111328E-1,9.770033112E0,9.773693759E0
3.383584758E1,-2.201921082E-1,-1.492396545E-1,9.829160156E0,9.832758841E0
3.384587858E1,-1.499880981E-1,-1.580712891E-1,9.900411987E0,9.902809727E0
3.385590958E1,-1.136137390E-1,-1.670526123E-1,9.920769653E0,9.922826471E0
3.386594158E1,-9.445358276E-2,-2.005828857E-1,9.894274750E0,9.896758449E0
3.387597258E1,-1.077758789E-1,-2.154020691E-1,9.854607239E0,9.857550280E0
3.388600358E1,-1.435514832E-1,-2.142045593E-1,9.847721558E0,9.851096919E0
3.389603558E1,-1.736389160E-1,-2.200424194E-1,9.869875488E0,9.873854936E0
3.390606658E1,-1.851649475E-1,-2.167492676E-1,9.885892181E0,9.890001543E0
3.391609758E1,-1.794767761E-1,-1.883084106E-1,9.879156189E0,9.882580583E0
3.392612958E1,-1.594184875E-1,-1.803749084E-1,9.876611481E0,9.879544711E0
3.393616058E1,-1.636097717E-1,-1.778302002E-1,9.856403503E0,9.859365180E0
3.394619258E1,-1.586700439E-1,-1.664538574E-1,9.845476227E0,9.848161514E0
3.395622358E1,-1.577719116E-1,-1.642085266E-1,9.859546967E0,9.862176372E0
3.396625458E1,-1.496887207E-1,-1.820214844E-1,9.882000275E0,9.884809961E0
3.397628658E1,-1.405577087E-1,-1.746867371E-1,9.892328796E0,9.894869425E0
3.398631758E1,-1.451980591E-1,-2.094145203E-1,9.881251831E0,9.884537150E0
3.399634858E1,-1.550775146E-1,-2.249821472E-1,9.847721558E0,9.851511858E0
3.400638058E1,-1.511856079E-1,-2.335144043E-1,9.840237122E0,9.844168460E0
3.401641158E1,-1.664538574E-1,-2.418969727E-1,9.828262024E0,9.832647428E0
3.402644258E1,-1.703457642E-1,-2.371069336E-1,9.815388794E0,9.819729862E0
3.403647458E1,-1.821711731E-1,-2.368075562E-1,9.795779572E0,9.800334768E0
3.404650558E1,-1.910028076E-1,-2.140548706E-1,9.793384552E0,9.797585547E0
3.405653658E1,-1.781295776E-1,-2.222877502E-1,9.820478210E0,9.824608607E0
3.406656858E1,-1.652563477E-1,-2.189945984E-1,9.848320312E0,9.852140949E0
3.407659958E1,-1.624122620E-1,-2.055226135E-1,9.884095917E0,9.887566403E0
3.408663058E1,-1.445993042E-1,-1.975891113E-1,9.904154205E0,9.907180272E0
3.409666258E1,-1.484912109E-1,-1.996847534E-1,9.898016968E0,9.901144557E0
3.410669358E1,-1.649569702E-1,-1.981878662E-1,9.881251831E0,9.884615672E0
3.411672558E1,-1.725910950E-1,-1.835183716E-1,9.872569885E0,9.875783656E0
3.412675658E1,-1.907034302E-1,-1.890568542E-1,9.841135254E0,9.844798290E0
3.413678758E1,-2.001338196E-1,-1.754351807E-1,9.844129028E0,9.847726000E0
3.414681958E1,-2.010319519E-1,-1.791773987E-1,9.855056305E0,9.858734866E0
3.415685058E1,-2.052232361E-1,-1.989363098E-1,9.853559418E0,9.857703862E0
3.416688158E1,-1.941462708E-1,-1.901046753E-1,9.840985565E0,9.844736129E0
3.417691358E1,-1.872605896E-1,-1.920506287E-1,9.833800507E0,9.837458126E0
3.418694458E1,-1.779798889E-1,-1.987866211E-1,9.864337006E0,9.867944949E0
3.419697558E1,-1.555265808E-1,-1.999841309E-1,9.899364166E0,9.902605368E0
3.420700758E1,-1.296304321E-1,-1.841171265E-1,9.896520081E0,9.899081415E0
3.421703858E1,-1.243913269E-1,-1.648072815E-1,9.855505371E0,9.857668120E0
3.422706958E1,-1.357676697E-1,-1.715432739E-1,9.805359650E0,9.807799846E0
3.423710158E1,-1.672023010E-1,-1.718426514E-1,9.775122528E0,9.778062535E0
3.424713258E1,-1.844165039E-1,-1.749861145E-1,9.795929260E0,9.799227503E0
3.425716358E1,-1.966909790E-1,-2.065704346E-1,9.843530273E0,9.847662003E0
3.426719558E1,-1.767823792E-1,-2.327659607E-1,9.899364166E0,9.903678251E0
3.427722658E1,-1.652563477E-1,-2.377056885E-1,9.880054321E0,9.884294970E0
3.428725858E1,-1.796264648E-1,-2.347119141E-1,9.806706848E0,9.811159695E0
3.429728958E1,-1.842668152E-1,-2.192939758E-1,9.862241364E0,9.866399993E0
3.430732058E1,-1.513352966E-1,-2.128573608E-1,9.966574402E0,9.969995784E0
3.431735258E1,-1.178050232E-1,-2.177970886E-1,1.007075775E1,1.007380143E1
3.432738358E1,-9.729766846E-2,-2.164498901E-1,9.956395569E0,9.959223369E0
3.433741458E1,-1.651066589E-1,-1.974394226E-1,9.710906067E0,9.714316197E0
3.434744658E1,-2.553689575E-1,-1.698966980E-1,9.618398438E0,9.623287728E0
3.435747758E1,-2.679428101E-1,-1.740879822E-1,9.699978790E0,9.705240260E0
3.436750858E1,-2.218386841E-1,-2.094145203E-1,9.879904633E0,9.884613416E0
3.437754058E1,-1.577719116E-1,-2.468367004E-1,9.993368683E0,9.997661625E0
3.438757158E1,-9.355545044E-2,-2.541714478E-1,9.961335297E0,9.965016640E0
3.439760258E1,-1.041833496E-1,-2.616558838E-1,9.877060547E0,9.881074993E0
3.440763458E1,-1.387614441E-1,-2.291734314E-1,9.798174591E0,9.801836589E0
3.441766558E1,-1.905537415E-1,-1.983375549E-1,9.818232880E0,9.822084575E0
3.442769758E1,-2.183958435E-1,-1.637594604E-1,9.834249573E0,9.838037333E0
3.443772858E1,-2.043251038E-1,-1.377136230E-1,9.868528290E0,9.871603942E0
3.444775958E1,-1.540296936E-1,-1.089733887E-1,9.866582336E0,9.868386259E0
3.445779158E1,-1.179547119E-1,-7.334747314E-2,9.887538757E0,9.888514340E0
3.446782258E1,-1.095721436E-1,-8.637039185E-2,9.902208252E0,9.903191110E0
3.447785358E1,-1.422042847E-1,-1.052311707E-1,9.875713348E0,9.877297697E0
3.448788558E1,-1.751358032E-1,-1.339714050E-1,9.875264282E0,9.877725727E0
3.449791658E1,-1.920506287E-1,-1.797761536E-1,9.876012726E0,9.879515690E0
3.450794758E1,-1.892065430E-1,-2.206411743E-1,9.868827667E0,9.873106966E0
3.451797958E1,-2.008822632E-1,-2.517764282E-1,9.844877472E0,9.850145049E0
3.452801058E1,-1.808239746E-1,-2.640509033E-1,9.842183075E0,9.847384824E0
3.453804158E1,-1.742376709E-1,-2.698887634E-1,9.834998016E0,9.840243122E0
3.454807358E1,-1.597178650E-1,-2.630030823E-1,9.824220428E0,9.829037971E0
3.455810458E1,-1.407073975E-1,-2.466870117E-1,9.847272491E0,9.851366838E0
3.456813558E1,-1.489402771E-1,-2.276765442E-1,9.858499146E0,9.862252543E0
3.457816758E1,-1.417552185E-1,-2.224374390E-1,9.868228912E0,9.871753381E0
3.458819858E1,-1.571731567E-1,-1.880090332E-1,9.854607239E0,9.857653607E0
3.459823058E1,-1.814227295E-1,-1.678010559E-1,9.876312103E0,9.879403432E0
3.460826158E1,-1.784289551E-1,-1.710942078E-1,9.846673737E0,9.849776332E0
3.461829258E1,-2.134561157E-1,-1.591191101E-1,9.758806458E0,9.762437497E0
3.462832458E1,-2.480342102E-1,-1.314266968E-1,9.772428131E0,9.776458741E0
3.463835558E1,-2.119592285E-1,-1.236428833E-1,9.821825409E0,9.824890261E0
3.464838658E1,-1.507365417E-1,-1.368154907E-1,9.900711365E0,9.902803922E0
3.465841858E1,-8.696914673E-2,-1.399589539E-1,9.928403778E0,9.929771081E0
3.466844958E1,-9.520202637E-2,-1.740879822E-1,9.885143738E0,9.887134912E0
3.467848058E1,-1.366658020E-1,-1.803749084E-1,9.839189301E0,9.841791440E0
3.468851258E1,-1.763333130E-1,-2.116598511E-1,9.822723541E0,9.826585933E0
3.469854367E1,-2.008822632E-1,-2.088157654E-1,9.844727783E0,9.848990955E0
3.470857567E1,-2.174977112E-1,-2.338137817E-1,9.870324554E0,9.875488897E0
3.471860667E1,-1.890568542E-1,-2.083666992E-1,9.859696655E0,9.863710119E0
3.472863767E1,-1.532812500E-1,-1.878593445E-1,9.871971130E0,9.874948115E0
3.473866967E1,-1.454974365E-1,-1.612147522E-1,9.862840118E0,9.865230606E0
3.474870067E1,-1.508862305E-1,-1.499880981E-1,9.857601013E0,9.859896593E0
3.475873167E1,-1.383123779E-1,-1.552272034E-1,9.875563660E0,9.877751940E0
3.476876367E1,-1.450483704E-1,-1.826202393E-1,9.869725800E0,9.872480769E0
3.477879467E1,-1.594184875E-1,-2.004331970E-1,9.893975372E0,9.897289346E0
3.478882567E1,-1.660047913E-1,-2.152523804E-1,9.887089691E0,9.890825736E0
3.479885767E1,-1.618135071E-1,-2.441423035E-1,9.857750702E0,9.862101093E0
3.480888867E1,-1.716929626E-1,-2.592608643E-1,9.842183075E0,9.847094107E0
3.481891967E1,-1.772314453E-1,-2.514770508E-1,9.829609222E0,9.834422665E0
3.482895167E1,-1.770817566E-1,-2.466870117E-1,9.817933502E0,9.822628502E0
3.483898267E1,-1.736389160E-1,-2.327659607E-1,9.811197510E0,9.815494233E0
3.484901367E1,-1.812730408E-1,-2.109114075E-1,9.814640350E0,9.818579772E0
3.485904567E1,-1.993853760E-1,-2.070195007E-1,9.807155914E0,9.811366812E0
3.486907667E1,-1.981878662E-1,-2.094145203E-1,9.830357666E0,9.834585132E0
3.487910867E1,-1.848655701E-1,-1.975891113E-1,9.864187317E0,9.867897859E0
3.488913967E1,-1.832189941E-1,-1.960922241E-1,9.878407745E0,9.882052466E0
3.489917067E1,-1.760339355E-1,-1.857637024E-1,9.891580353E0,9.894890498E0
3.490920267E1,-1.679507446E-1,-1.899549866E-1,9.875264282E0,9.878518866E0
3.491923367E1,-1.651066589E-1,-1.764830017E-1,9.870773621E0,9.873731733E0
3.492926467E1,-1.799258423E-1,-1.797761536E-1,9.842033386E0,9.845319393E0
3.493929667E1,-1.938468933E-1,-1.758842468E-1,9.841883698E0,9.845363711E0
3.494932767E1,-2.094145203E-1,-1.739382935E-1,9.854158173E0,9.857917745E0
3.495935867E1,-2.011816406E-1,-1.875599670E-1,9.846374359E0,9.850215267E0
3.496939067E1,-1.923500061E-1,-1.930984497E-1,9.832602997E0,9.836379783E0
3.497942167E1,-1.778302002E-1,-2.092648315E-1,9.848919067E0,9.852746934E0
3.498945267E1,-1.561253357E-1,-2.101629639E-1,9.876761169E0,9.880230503E0
3.499948467E1,-1.462458801E-1,-2.133064270E-1,9.881102142E0,9.884486180E0
3.500951567E1,-1.422042847E-1,-2.230361938E-1,9.858948212E0,9.862495984E0
3.501954767E1,-1.580712891E-1,-2.239343262E-1,9.838590546E0,9.842408092E0
3.502957867E1,-1.734892273E-1,-2.392025757E-1,9.837692413E0,9.842129262E0
3.503960967E1,-1.863624573E-1,-2.245330811E-1,9.865833893E0,9.870148148E0
3.504964167E1,-1.663041687E-1,-2.070195007E-1,9.885443115E0,9.889009037E0
3.505967267E1,-1.480421448E-1,-1.880090332E-1,9.872869263E0,9.875768899E0
3.506970367E1,-1.709445190E-1,-1.736389160E-1,9.828711090E0,9.831730987E0
3.507973567E1,-2.010319519E-1,-1.760339355E-1,9.768835602E0,9.772489489E0
3.508976667E1,-2.101629639E-1,-1.800755310E-1,9.774673462E0,9.778590745E0
3.509979767E1,-2.124082947E-1,-2.010319519E-1,9.817634125E0,9.821989154E0
3.510982967E1,-2.137554932E-1,-2.317181396E-1,9.877958679E0,9.882988029E0
3.511986067E1,-1.764830017E-1,-2.420466614E-1,9.888885956E0,9.893421970E0
3.512989167E1,-1.522334290E-1,-2.285746765E-1,9.846524048E0,9.850353152E0
3.513992367E1,-1.637594604E-1,-2.198927307E-1,9.794881439E0,9.798717895E0
3.514995467E1,-1.606159973E-1,-2.077679443E-1,9.916428680E0,9.919905382E0
3.515998667E1,-1.267863464E-1,-1.902543640E-1,1.000923569E1,1.001184651E1
3.517001767E1,-1.221459961E-1,-1.998344421E-1,1.005668701E1,1.005941385E1
3.518004867E1,-1.526824951E-1,-1.919009399E-1,9.869576111E0,9.872622272E0
3.519008067E1,-2.323168945E-1,-1.924996948E-1,9.656718750E0,9.661430758E0
3.520011167E1,-3.032693481E-1,-1.709445190E-1,9.631421356E0,9.637710914E0
3.521014267E1,-2.805166626E-1,-1.856140137E-1,9.776170349E0,9.781955267E0
3.522017467E1,-2.116598511E-1,-2.185455322E-1,9.961784363E0,9.966429137E0
3.523020567E1,-1.294807434E-1,-2.603086853E-1,1.000699036E1,1.001121281E1
3.524023667E1,-4.760101318E-2,-2.662962341E-1,9.913734283E0,9.917424413E0
3.525026867E1,-8.981323242E-2,-2.505789185E-1,9.814939728E0,9.818548674E0
3.526029967E1,-1.510359192E-1,-2.128573608E-1,9.786199493E0,9.789679291E0
3.527033067E1,-2.188449097E-1,-1.829196167E-1,9.805060272E0,9.809207900E0
3.528036267E1,-2.294728088E-1,-1.529818726E-1,9.847871246E0,9.851732300E0
3.529039367E1,-2.043251038E-1,-1.291813660E-1,9.859247589E0,9.862210685E0
3.530042567E1,-1.601669312E-1,-1.047821045E-1,9.861343231E0,9.863200447E0
3.531045667E1,-1.423539734E-1,-9.879455566E-2,9.869127045E0,9.870648086E0
3.532048767E1,-1.565744019E-1,-1.095721436E-1,9.882149963E0,9.883997648E0
3.533051967E1,-1.643582153E-1,-1.300794983E-1,9.921368408E0,9.923582286E0
3.534055067E1,-1.746867371E-1,-1.770817566E-1,9.899214478E0,9.902339152E0
3.535058167E1,-1.788780212E-1,-2.231858826E-1,9.892179108E0,9.896313292E0
3.536061367E1,-1.826202393E-1,-2.523751831E-1,9.873018951E0,9.877932304E0
3.537064467E1,-1.987866211E-1,-2.836601257E-1,9.848320312E0,9.854409783E0
3.538067567E1,-1.917512512E-1,-2.794688416E-1,9.810748444E0,9.816601061E0
3.539070767E1,-1.874102783E-1,-2.650987244E-1,9.807155914E0,9.812528067E0
3.540073867E1,-1.844165039E-1,-2.650987244E-1,9.812095642E0,9.817408399E0
3.541076967E1,-1.715432739E-1,-2.421963501E-1,9.818232880E0,9.822717702E0
3.542080167E1,-1.577719116E-1,-2.281256104E-1,9.839638367E0,9.843546945E0
3.543083267E1,-1.600172424E-1,-1.986369324E-1,9.882748718E0,9.886039873E0
3.544086467E1,-1.610650635E-1,-1.809736633E-1,9.871971130E0,9.874943414E0
3.545089567E1,-1.722917175E-1,-1.737886047E-1,9.888287201E0,9.891314912E0
3.546092667E1,-1.871109009E-1,-1.462458801E-1,9.824220428E0,9.827090382E0
3.547095867E1,-2.225871277E-1,-1.431024170E-1,9.790540466E0,9.794115884E0
3.548098967E1,-2.335144043E-1,-1.230441284E-1,9.805958405E0,9.809510134E0
3.549102067E1,-2.109114075E-1,-1.163081360E-1,9.820627899E0,9.823580994E0
3.550105267E1,-1.468446350E-1,-1.425036621E-1,9.875114594E0,9.877234374E0
3.551108367E1,-1.040336609E-1,-1.736389160E-1,9.892628174E0,9.894698867E0
3.552111467E1,-1.088237000E-1,-2.004331970E-1,9.883347473E0,9.885978623E0
3.553114667E1,-1.451980591E-1,-1.996847534E-1,9.873917084E0,9.877003344E0
3.554117767E1,-1.830693054E-1,-2.333647156E-1,9.873018951E0,9.877473193E0
3.555120867E1,-1.923500061E-1,-2.195933533E-1,9.889035645E0,9.893343507E0
3.556124067E1,-1.877096558E-1,-2.290237427E-1,9.886940002E0,9.891373484E0
3.557127167E1,-1.781295776E-1,-1.904040527E-1,9.877060547E0,9.880501450E0
3.558130367E1,-1.701960754E-1,-1.712438965E-1,9.857151947E0,9.860108300E0
3.559133467E1,-1.610650635E-1,-1.561253357E-1,9.861043854E0,9.863594830E0
3.560136567E1,-1.567240906E-1,-1.462458801E-1,9.864337006E0,9.866665843E0
3.561139767E1,-1.577719116E-1,-1.465452576E-1,9.877808990E0,9.880155765E0
3.562142867E1,-1.600172424E-1,-1.649569702E-1,9.873168640E0,9.875843018E0
3.563145967E1,-1.544787598E-1,-2.070195007E-1,9.872869263E0,9.876247680E0
3.564149167E1,-1.730401611E-1,-2.167492676E-1,9.855205994E0,9.859107887E0
3.565152267E1,-1.821711731E-1,-2.451901245E-1,9.851763153E0,9.856497439E0
3.566155367E1,-1.910028076E-1,-2.534230042E-1,9.831854553E0,9.836974598E0
3.567158567E1,-1.812730408E-1,-2.387535095E-1,9.820777588E0,9.825351677E0
3.568161667E1,-1.865121460E-1,-2.281256104E-1,9.838141479E0,9.842553319E0
3.569164767E1,-1.670526123E-1,-2.198927307E-1,9.837243347E0,9.841118639E0
3.570167983E1,-1.721420288E-1,-1.978884888E-1,9.818532257E0,9.822034841E0
3.571171083E1,-1.832189941E-1,-1.884580994E-1,9.816885681E0,9.820403766E0
3.572174283E1,-1.815724182E-1,-1.857637024E-1,9.842482452E0,9.845909685E0
3.573177383E1,-1.842668152E-1,-1.935475159E-1,9.872420197E0,9.876036423E0
3.574180483E1,-1.868115234E-1,-1.848655701E-1,9.900262299E0,9.903750169E0
3.575183683E1,-1.960922241E-1,-1.769320679E-1,9.885592804E0,9.889120396E0
3.576186783E1,-1.835183716E-1,-1.836680603E-1,9.881401520E0,9.884812034E0
3.577189883E1,-1.806742859E-1,-1.678010559E-1,9.852810974E0,9.855895925E0
3.578193083E1,-1.948947144E-1,-1.712438965E-1,9.835746460E0,9.839167487E0
3.579196183E1,-1.778302002E-1,-1.651066589E-1,9.839338989E0,9.842330798E0
3.580199283E1,-1.996847534E-1,-1.754351807E-1,9.845176849E0,9.848764323E0
3.581202483E1,-1.865121460E-1,-1.808239746E-1,9.834249573E0,9.837680049E0
3.582205583E1,-1.767823792E-1,-1.833686829E-1,9.842931519E0,9.846226534E0
3.583208783E1,-1.785786438E-1,-1.907034302E-1,9.842033386E0,9.845500460E0
3.584211883E1,-1.588197327E-1,-2.085163879E-1,9.863139496E0,9.866621687E0
3.585214983E1,-1.627116394E-1,-2.186952209E-1,9.857900391E0,9.861668357E0
3.586218183E1,-1.628613281E-1,-2.158511353E-1,9.863887939E0,9.867593466E0
3.587221283E1,-1.683998108E-1,-2.037263489E-1,9.859996033E0,9.863538142E0
3.588224383E1,-1.475930786E-1,-2.155517578E-1,9.865534515E0,9.868992732E0
3.589227583E1,-1.651066589E-1,-2.236349487E-1,9.861642609E0,9.865559677E0
3.590230683E1,-1.770817566E-1,-2.191442871E-1,9.855355682E0,9.859382222E0
3.591233783E1,-2.037263489E-1,-2.231858826E-1,9.821376343E0,9.826024101E0
3.592236983E1,-2.131567383E-1,-2.312690735E-1,9.827663269E0,9.832694774E0
3.593240083E1,-2.082170105E-1,-2.121089172E-1,9.853110352E0,9.857592410E0
3.594243183E1,-1.763333130E-1,-2.059716797E-1,9.898316345E0,9.902029299E0
3.595246383E1,-1.496887207E-1,-1.883084106E-1,9.880653076E0,9.883580929E0
3.596249483E1,-1.648072815E-1,-1.692979431E-1,9.844578094E0,9.847412914E0
3.597252683E1,-1.776805115E-1,-1.758842468E-1,9.809550934E0,9.812736375E0
3.598255783E1,-1.968406677E-1,-1.779798889E-1,9.809101868E0,9.812690892E0
3.599258883E1,-2.044747925E-1,-1.833686829E-1,9.822124786E0,9.825964041E0
3.600262083E1,-2.097138977E-1,-2.004331970E-1,9.862840118E0,9.867105380E0
3.601265183E1,-1.986369324E-1,-2.225871277E-1,9.891730042E0,9.896227810E0
3.602268283E1,-1.809736633E-1,-2.293231201E-1,9.847871246E0,9.852203238E0
3.603271483E1,-1.847158813E-1,-2.230361938E-1,9.815388794E0,9.819659988E0
3.604274583E1,-1.847158813E-1,-2.083666992E-1,9.863139496E0,9.867069340E0
3.605277683E1,-1.565744019E-1,-2.010319519E-1,9.985135803E0,9.988386576E0
3.606280883E1,-1.008901978E-1,-2.016307068E-1,1.006881180E1,1.007133580E1
3.607283983E1,-9.624984741E-2,-2.200424194E-1,9.924661560E0,9.927567163E0
3.608287083E1,-1.781295776E-1,-2.270777893E-1,9.729317780E0,9.733597430E0
3.609290283E1,-2.790197754E-1,-2.246827698E-1,9.676926727E0,9.683555404E0
3.610293383E1,-2.662962341E-1,-2.237846375E-1,9.770182800E0,9.776372804E0
3.611296583E1,-2.339634705E-1,-2.335144043E-1,9.878258057E0,9.883787235E0
3.612299683E1,-1.401086426E-1,-2.535726929E-1,9.921967163E0,9.926195743E0
3.613302783E1,-7.080276489E-2,-2.254312134E-1,9.884844360E0,9.887668092E0
3.614305983E1,-8.726852417E-2,-1.953437805E-1,9.809850311E0,9.812183147E0
3.615309083E1,-1.444496155E-1,-1.567240906E-1,9.783654785E0,9.785976144E0
3.616312183E1,-1.926493835E-1,-1.300794983E-1,9.800569611E0,9.803325923E0
3.617315383E1,-2.204914856E-1,-1.104702759E-1,9.835447083E0,9.838538483E0
3.618318483E1,-2.206411743E-1,-1.173559570E-1,9.863139496E0,9.866305066E0
3.619321583E1,-1.865121460E-1,-1.276844788E-1,9.880503387E0,9.883088449E0
3.620324783E1,-1.754351807E-1,-1.579216003E-1,9.898915100E0,9.901728985E0
3.621327883E1,-1.628613281E-1,-1.823208618E-1,9.923464050E0,9.926474876E0
3.622330983E1,-1.556762695E-1,-1.893562317E-1,9.947863312E0,9.950883144E0
3.623334183E1,-1.568737793E-1,-2.278262329E-1,9.946216736E0,9.950062388E0
3.624337283E1,-1.654060364E-1,-2.498304749E-1,9.911039886E0,9.915567863E0
3.625340483E1,-1.660047913E-1,-2.630030823E-1,9.861343231E0,9.866246426E0
3.626343583E1,-1.651066589E-1,-2.571652222E-1,9.810299377E0,9.815058229E0
3.627346683E1,-1.923500061E-1,-2.519261169E-1,9.770631866E0,9.775771702E0
3.628349883E1,-2.014810181E-1,-2.547702026E-1,9.761051788E0,9.766454550E0
3.629352983E1,-1.872605896E-1,-2.424957275E-1,9.783205719E0,9.788002087E0
3.630356083E1,-1.800755310E-1,-2.344125366E-1,9.796228638E0,9.800687321E0
3.631359283E1,-1.679507446E-1,-2.221380615E-1,9.833800507E0,9.837742890E0
3.632362383E1,-1.627116394E-1,-2.227368164E-1,9.871671753E0,9.875524794E0
3.633365483E1,-1.562750244E-1,-2.032772827E-1,9.899513855E0,9.902833842E0
3.634368683E1,-1.459465027E-1,-1.895059204E-1,9.899364166E0,9.902253469E0
3.635371783E1,-1.827699280E-1,-1.586700439E-1,9.815239105E0,9.818222839E0
3.636374983E1,-2.276765442E-1,-1.435514832E-1,9.821226654E0,9.824914077E0
3.637378083E1,-2.288740540E-1,-1.345701599E-1,9.838590546E0,9.842172341E0
3.638381183E1,-1.908531189E-1,-1.434017944E-1,9.856253815E0,9.859144397E0
3.639384383E1,-1.454974365E-1,-1.688488770E-1,9.874815216E0,9.877330358E0
3.640387483E1,-1.199006653E-1,-1.868115234E-1,9.887838135E0,9.890329504E0
3.641390583E1,-1.222956848E-1,-2.082170105E-1,9.880204010E0,9.883154448E0
3.642393783E1,-1.401086426E-1,-2.324665833E-1,9.898016968E0,9.901737779E0
3.643396883E1,-1.881587219E-1,-2.378553772E-1,9.880952454E0,9.885605711E0
3.644399983E1,-1.923500061E-1,-2.341131592E-1,9.869276733E0,9.873926814E0
3.645403183E1,-1.860630798E-1,-2.157014465E-1,9.844129028E0,9.848249738E0
3.646406283E1,-1.691482544E-1,-2.145039368E-1,9.834998016E0,9.838791036E0
3.647409383E1,-1.636097717E-1,-1.913021851E-1,9.850266266E0,9.853482135E0
3.648412583E1,-1.477427673E-1,-1.826202393E-1,9.870474243E0,9.873268955E0
3.649415683E1,-1.484912109E-1,-1.802252197E-1,9.885293427E0,9.888051218E0
3.650418883E1,-1.489402771E-1,-1.645079041E-1,9.904004517E0,9.906490374E0
3.651421983E1,-1.450483704E-1,-1.880090332E-1,9.885892181E0,9.888743633E0
3.652425083E1,-1.559756470E-1,-2.124082947E-1,9.833800507E0,9.837330842E0
3.653428283E1,-1.718426514E-1,-2.374063110E-1,9.826166382E0,9.830535968E0
3.654431383E1,-1.871109009E-1,-2.475851440E-1,9.829459534E0,9.834357306E0
3.655434483E1,-1.936972046E-1,-2.727328491E-1,9.823172607E0,9.828866765E0
3.656437683E1,-1.892065430E-1,-2.698887634E-1,9.810598755E0,9.816134014E0
3.657440783E1,-1.766326904E-1,-2.685415649E-1,9.825268250E0,9.830524394E0
3.658443883E1,-1.695973206E-1,-2.522254944E-1,9.837842102E0,9.842536166E0
3.659447083E1,-1.758842468E-1,-2.457888794E-1,9.837842102E0,9.842483664E0
3.660450183E1,-1.752854919E-1,-2.309696960E-1,9.855804749E0,9.860068927E0
3.661453383E1,-1.811233521E-1,-2.257305908E-1,9.865235138E0,9.869479434E0
3.662456483E1,-1.920506287E-1,-2.383044434E-1,9.871522064E0,9.876265505E0
3.663459583E1,-1.965412903E-1,-2.279759216E-1,9.851912842E0,9.856509937E0
3.664462783E1,-2.013313293E-1,-2.158511353E-1,9.852960663E0,9.857380983E0
3.665465883E1,-1.960922241E-1,-2.222877502E-1,9.862091675E0,9.866545303E0
3.666468983E1,-1.830693054E-1,-2.031275940E-1,9.850116577E0,9.853911496E0
3.667472183E1,-1.862127686E-1,-1.850152588E-1,9.842183075E0,9.845682989E0
3.668475283E1,-1.742376709E-1,-1.751358032E-1,9.837093658E0,9.840195270E0
3.669478383E1,-1.757345581E-1,-1.785786438E-1,9.854607239E0,9.857791680E0
3.670481608E1,-1.820214844E-1,-1.851649475E-1,9.850116577E0,9.853538170E0
3.671484708E1,-1.833686829E-1,-2.056723022E-1,9.851463776E0,9.855316519E0
3.672487808E1,-1.779798889E-1,-2.130070496E-1,9.849817200E0,9.853727605E0
3.673491008E1,-1.784289551E-1,-2.421963501E-1,9.870623932E0,9.875206973E0
3.674494108E1,-1.791773987E-1,-2.203417969E-1,9.863438873E0,9.867526613E0
3.675497308E1,-1.661544800E-1,-2.408491516E-1,9.867031403E0,9.871368918E0
3.676500408E1,-1.532812500E-1,-2.447410583E-1,9.873168640E0,9.877390967E0
3.677503508E1,-1.508862305E-1,-2.496807861E-1,9.855056305E0,9.859373303E0
3.678506708E1,-1.700463867E-1,-2.537223816E-1,9.851613464E0,9.856347126E0
3.679509808E1,-1.739382935E-1,-2.460882568E-1,9.851613464E0,9.856221477E0
3.680512908E1,-1.815724182E-1,-2.603086853E-1,9.861941986E0,9.867047628E0
3.681516108E1,-1.790277100E-1,-2.335144043E-1,9.880204010E0,9.884584522E0
3.682519208E1,-1.589694214E-1,-2.163002014E-1,9.872869263E0,9.876517834E0
3.683522308E1,-1.501377869E-1,-1.939965820E-1,9.843230896E0,9.846287143E0
3.684525508E1,-1.543290710E-1,-1.829196167E-1,9.813891907E0,9.816809635E0
3.685528608E1,-1.758842468E-1,-1.841171265E-1,9.825567627E0,9.828866342E0
3.686531808E1,-1.893562317E-1,-1.823208618E-1,9.836794281E0,9.840305809E0
3.687534908E1,-1.992356873E-1,-2.067201233E-1,9.840536499E0,9.844723798E0
3.688538008E1,-2.079176331E-1,-2.396516418E-1,9.859696655E0,9.864800088E0
3.689541208E1,-2.094145203E-1,-2.451901245E-1,9.852511597E0,9.857786638E0
3.690544308E1,-2.043251038E-1,-2.405497742E-1,9.818532257E0,9.823603648E0
3.691547408E1,-1.938468933E-1,-2.357597351E-1,9.817933502E0,9.822676699E0
3.692550608E1,-1.701960754E-1,-2.278262329E-1,9.888586578E0,9.892674867E0
3.693553708E1,-1.145118713E-1,-2.252815247E-1,1.001312759E1,1.001631614E1
3.694556808E1,-8.622070312E-2,-2.341131592E-1,1.002151016E1,1.002461515E1
3.695560008E1,-1.399589539E-1,-2.477348328E-1,9.810299377E0,9.814424840E0
3.696563108E1,-2.492317200E-1,-2.594105530E-1,9.707612915E0,9.714276030E0
3.697566308E1,-2.769241333E-1,-2.571652222E-1,9.735155640E0,9.742488196E0
3.698569408E1,-2.661465454E-1,-2.502795410E-1,9.851314087E0,9.858086177E0
3.699572508E1,-2.008822632E-1,-2.604583740E-1,9.926757202E0,9.932205233E0
3.700575708E1,-1.184037781E-1,-2.680924988E-1,9.898466034E0,9.902803788E0
3.701578808E1,-8.637039185E-2,-2.432441711E-1,9.815089417E0,9.818482970E0
3.702581908E1,-1.252894592E-1,-2.032772827E-1,9.779463501E0,9.782378314E0
3.703585108E1,-1.748364258E-1,-1.589694214E-1,9.796378326E0,9.799227896E0
3.704588208E1,-2.013313293E-1,-1.323248291E-1,9.849817200E0,9.852763218E0
3.705591308E1,-1.808239746E-1,-1.369651794E-1,9.865684204E0,9.868291726E0
3.706594508E1,-1.637594604E-1,-1.375639343E-1,9.864636383E0,9.866954544E0
3.707597608E1,-1.585203552E-1,-1.613644409E-1,9.881102142E0,9.883690947E0
3.708600708E1,-1.462458801E-1,-1.686991882E-1,9.896071014E0,9.898589233E0
3.709603908E1,-1.646575928E-1,-2.098635864E-1,9.916728058E0,9.920315026E0
3.710607008E1,-1.808239746E-1,-2.462379456E-1,9.928104401E0,9.932803603E0
3.711610208E1,-1.996847534E-1,-2.751278687E-1,9.896969147E0,9.902806049E0
3.712613308E1,-1.851649475E-1,-2.868035889E-1,9.848769379E0,9.854684197E0
3.713616408E1,-1.833686829E-1,-2.929408264E-1,9.823172607E0,9.829250148E0
3.714619608E1,-1.553768921E-1,-2.760260010E-1,9.796977081E0,9.802096320E0
3.715622708E1,-1.472937012E-1,-2.444416809E-1,9.780661011E0,9.784823809E0
3.716625808E1,-1.550775146E-1,-2.381547546E-1,9.796528015E0,9.800649360E0
3.717629008E1,-1.654060364E-1,-2.529739380E-1,9.824669495E0,9.829317659E0
3.718632108E1,-1.643582153E-1,-2.456391907E-1,9.849517822E0,9.853951165E0
3.719635208E1,-1.803749084E-1,-2.683918762E-1,9.876012726E0,9.881305413E0
3.720638408E1,-1.860630798E-1,-2.637515259E-1,9.885592804E0,9.890860904E0
3.721641508E1,-1.932481384E-1,-2.456391907E-1,9.890382843E0,9.895319916E0
3.722644708E1,-1.901046753E-1,-2.133064270E-1,9.824669495E0,9.828823434E0
3.723647808E1,-2.025288391E-1,-1.666035461E-1,9.813293152E0,9.816796685E0
3.724650908E1,-2.083666992E-1,-1.440005493E-1,9.827363892E0,9.830627340E0
3.725654108E1,-1.683998108E-1,-1.291813660E-1,9.841135254E0,9.843423663E0
3.726657208E1,-1.290316772E-1,-1.651066589E-1,9.837542725E0,9.839774197E0
3.727660308E1,-1.390608215E-1,-1.844165039E-1,9.824370117E0,9.827084795E0
3.728663508E1,-1.549278259E-1,-2.035766602E-1,9.856253815E0,9.859573284E0
3.729666608E1,-1.544787598E-1,-2.341131592E-1,9.918674011E0,9.922639105E0
3.730669708E1,-1.712438965E-1,-2.306703186E-1,9.936037903E0,9.940190263E0
3.731672908E1,-1.883084106E-1,-2.314187622E-1,9.903555450E0,9.908048509E0
3.732676008E1,-1.796264648E-1,-2.151026917E-1,9.869725800E0,9.873703570E0
3.733679208E1,-1.643582153E-1,-2.061213684E-1,9.832752686E0,9.836286139E0
3.734682308E1,-1.627116394E-1,-2.055226135E-1,9.844578094E0,9.848067449E0
3.735685408E1,-1.344204712E-1,-1.933978271E-1,9.871372375E0,9.874181696E0
3.736688608E1,-1.273851013E-1,-2.002835083E-1,9.891280975E0,9.894128551E0
3.737691708E1,-1.210981750E-1,-1.896556091E-1,9.883646851E0,9.886208024E0
3.738694808E1,-1.224453735E-1,-1.944456482E-1,9.872869263E0,9.875542996E0
3.739698008E1,-1.420545959E-1,-2.148033142E-1,9.866881714E0,9.870241878E0
3.740701108E1,-1.585203552E-1,-2.374063110E-1,9.830207977E0,9.834352004E0
3.741704208E1,-1.902543640E-1,-2.688409424E-1,9.828860779E0,9.834377275E0
3.742707408E1,-2.023791504E-1,-2.847079468E-1,9.811347198E0,9.817563332E0
3.743710508E1,-2.185455322E-1,-2.844085693E-1,9.795929260E0,9.802493584E0
3.744713708E1,-1.892065430E-1,-2.924917603E-1,9.814340973E0,9.820521334E0
3.745716808E1,-1.660047913E-1,-2.814147949E-1,9.846074982E0,9.851494527E0
3.746719908E1,-1.520837402E-1,-2.556683350E-1,9.852361908E0,9.856851979E0
3.747723108E1,-1.460961914E-1,-2.285746765E-1,9.854607239E0,9.858340343E0
3.748726208E1,-1.540296936E-1,-2.314187622E-1,9.849068756E0,9.852991178E0
3.749729308E1,-1.652563477E-1,-2.228865051E-1,9.848320312E0,9.852228227E0
3.750732508E1,-1.715432739E-1,-2.124082947E-1,9.845775604E0,9.849560479E0
3.751735608E1,-1.764830017E-1,-2.070195007E-1,9.844129028E0,9.847887065E0
3.752738708E1,-1.838177490E-1,-2.059716797E-1,9.847122803E0,9.850991868E0
3.753741908E1,-1.700463867E-1,-2.011816406E-1,9.837393036E0,9.840919244E0
3.754745008E1,-1.838177490E-1,-2.061213684E-1,9.844428406E0,9.848301662E0
3.755748108E1,-1.707948303E-1,-1.959425354E-1,9.870923309E0,9.874345109E0
3.756751308E1,-1.704954529E-1,-1.986369324E-1,9.871222687E0,9.874693041E0
3.757754408E1,-1.704954529E-1,-2.128573608E-1,9.860594788E0,9.864365490E0
3.758757608E1,-1.484912109E-1,-2.224374390E-1,9.881850586E0,9.885469086E0
3.759760708E1,-1.442999268E-1,-2.311193848E-1,9.886940002E0,9.890693669E0
3.760763808E1,-1.710942078E-1,-2.225871277E-1,9.860295410E0,9.864291350E0
3.761767008E1,-1.818717957E-1,-2.314187622E-1,9.851164398E0,9.855560461E0
3.762770108E1,-1.743873596E-1,-2.372566223E-1,9.847422180E0,9.851823448E0
3.763773208E1,-1.672023010E-1,-2.188449097E-1,9.849218445E0,9.853068237E0
3.764776408E1,-1.558259583E-1,-2.330653381E-1,9.851314087E0,9.855302655E0
3.765779508E1,-1.263372803E-1,-2.139051819E-1,9.844727783E0,9.847861781E0
3.766782608E1,-1.327738953E-1,-2.038760376E-1,9.842033386E0,9.845040148E0
3.767785808E1,-1.444496155E-1,-2.163002014E-1,9.836644592E0,9.840082739E0
3.768788908E1,-1.432521057E-1,-2.237846375E-1,9.853559418E0,9.857141266E0
3.769792108E1,-1.487905884E-1,-2.258802795E-1,9.865534515E0,9.869241704E0
3.770795167E1,-1.460961914E-1,-2.398013306E-1,9.878108368E0,9.882098649E0
3.771798267E1,-1.550775146E-1,-2.309696960E-1,9.871072998E0,9.874992566E0
3.772801467E1,-1.529818726E-1,-2.240840149E-1,9.841434631E0,9.845174082E0
3.773804567E1,-1.838177490E-1,-2.332150269E-1,9.817783813E0,9.822273526E0
3.774807667E1,-1.667532349E-1,-2.333647156E-1,9.839937744E0,9.844117052E0
3.775810867E1,-1.399589539E-1,-2.402503967E-1,9.928703156E0,9.932595588E0
3.776813967E1,-8.876541138E-2,-2.318678284E-1,1.001043320E1,1.001351161E1
3.777817067E1,-9.610015869E-2,-2.423460388E-1,9.879754944E0,9.883194048E0
3.778820267E1,-1.676513672E-1,-2.451901245E-1,9.721983032E0,9.726519380E0
3.779823367E1,-2.219883728E-1,-2.577639771E-1,9.753866730E0,9.759796990E0
3.780826567E1,-2.050735474E-1,-2.447410583E-1,9.818532257E0,9.823722768E0
3.781829667E1,-1.977388000E-1,-2.510279846E-1,9.890233154E0,9.895394258E0
3.782832767E1,-1.537303162E-1,-2.549198914E-1,9.892777863E0,9.897255731E0
3.783835967E1,-1.240919495E-1,-2.354603577E-1,9.821076965E0,9.824682852E0
3.784839067E1,-1.384620667E-1,-2.074685669E-1,9.774224396E0,9.777406481E0
3.785842167E1,-1.658551025E-1,-1.712438965E-1,9.780511322E0,9.783416280E0
3.786845367E1,-1.805245972E-1,-1.419049072E-1,9.829758911E0,9.832440510E0
3.787848467E1,-1.486408997E-1,-1.339714050E-1,9.869127045E0,9.871155509E0
3.788851567E1,-1.193019104E-1,-1.437011719E-1,9.877659302E0,9.879424895E0
3.789854767E1,-9.744735718E-2,-1.413061523E-1,9.902657318E0,9.904144858E0
3.790857867E1,-1.281335449E-1,-1.510359192E-1,9.923164673E0,9.925141167E0
3.791860967E1,-1.393601990E-1,-1.893562317E-1,9.942175140E0,9.944954679E0
3.792864167E1,-1.663041687E-1,-2.377056885E-1,9.920919342E0,9.925160032E0
3.793867267E1,-1.737886047E-1,-2.715353394E-1,9.895771637E0,9.901021675E0
3.794870467E1,-1.731898499E-1,-2.938389587E-1,9.861343231E0,9.867240059E0
3.795873567E1,-1.863624573E-1,-2.805166626E-1,9.814640350E0,9.820416782E0
3.796876667E1,-1.781295776E-1,-2.776725769E-1,9.794881439E0,9.800435430E0
3.797879867E1,-1.538800049E-1,-2.766247559E-1,9.808952179E0,9.814058445E0
3.798882967E1,-1.444496155E-1,-2.588117981E-1,9.808503113E0,9.812980309E0
3.799886067E1,-1.185534668E-1,-2.441423035E-1,9.831255798E0,9.835001320E0
3.800889267E1,-1.176553345E-1,-2.450404358E-1,9.833052063E0,9.836808449E0
3.801892367E1,-1.258882141E-1,-2.538720703E-1,9.849817200E0,9.853892517E0
3.802895567E1,-1.282832336E-1,-2.487826538E-1,9.867929535E0,9.871898637E0
3.803898667E1,-1.468446350E-1,-2.409988403E-1,9.874066772E0,9.878098927E0
3.804901767E1,-1.670526123E-1,-2.070195007E-1,9.839189301E0,9.842784654E0
3.805904967E1,-1.895059204E-1,-1.760339355E-1,9.795480194E0,9.798894462E0
3.806908067E1,-2.043251038E-1,-1.315763855E-1,9.807904358E0,9.810914788E0
3.807911167E1,-1.808239746E-1,-1.191522217E-1,9.815538483E0,9.817926984E0
3.808914367E1,-1.426533508E-1,-1.335223389E-1,9.831255798E0,9.833197281E0
3.809917467E1,-1.312770081E-1,-1.586700439E-1,9.844129028E0,9.846282860E0
3.810920567E1,-1.317260742E-1,-1.920506287E-1,9.882000275E0,9.884744035E0
3.811923767E1,-1.239422607E-1,-2.279759216E-1,9.920320587E0,9.923713784E0
3.812926867E1,-1.435514832E-1,-2.523751831E-1,9.959239655E0,9.963471020E0
3.813929967E1,-1.612147522E-1,-2.550695801E-1,9.925709381E0,9.930294930E0
3.814933167E1,-1.477427673E-1,-2.378553772E-1,9.881401520E0,9.885367929E0
3.815936267E1,-1.318757629E-1,-2.121089172E-1,9.836644592E0,9.839814950E0
3.816939467E1,-1.437011719E-1,-2.031275940E-1,9.832902374E0,9.836050018E0
3.817942567E1,-1.404080200E-1,-1.896556091E-1,9.835896149E0,9.838726376E0
3.818945667E1,-1.559756470E-1,-2.019300842E-1,9.860145721E0,9.863446548E0
3.819948867E1,-1.537303162E-1,-1.930984497E-1,9.871821442E0,9.874906511E0
3.820951967E1,-1.453477478E-1,-2.088157654E-1,9.872869263E0,9.876146894E0
3.821955067E1,-1.395098877E-1,-2.486329651E-1,9.870773621E0,9.874890036E0
3.822958267E1,-1.366658020E-1,-2.586621094E-1,9.850865021E0,9.855208029E0
3.823961367E1,-1.465452576E-1,-2.742297363E-1,9.831255798E0,9.836171411E0
3.824964467E1,-1.528321838E-1,-2.779719543E-1,9.827513580E0,9.832631858E0
3.825967667E1,-1.553768921E-1,-2.710862732E-1,9.814640350E0,9.819612770E0
3.826970767E1,-1.405577087E-1,-2.758763123E-1,9.822424164E0,9.827302817E0
3.827973967E1,-1.469943237E-1,-2.468367004E-1,9.831405487E0,9.835602144E0
3.828977067E1,-1.404080200E-1,-2.438429260E-1,9.851463776E0,9.855481333E0
3.829980167E1,-1.546284485E-1,-2.377056885E-1,9.859996033E0,9.864072978E0
3.830983367E1,-1.613644409E-1,-2.294728088E-1,9.847422180E0,9.851417149E0
3.831986467E1,-1.689985657E-1,-2.179467773E-1,9.863139496E0,9.866994579E0
3.832989567E1,-1.737886047E-1,-2.035766602E-1,9.869276733E0,9.872905812E0
3.833992767E1,-1.790277100E-1,-1.863624573E-1,9.871671753E0,9.875053675E0
3.834995867E1,-1.776805115E-1,-1.856140137E-1,9.871222687E0,9.874566333E0
3.835999067E1,-1.913021851E-1,-1.631607056E-1,9.834399261E0,9.837612860E0
3.837002167E1,-1.845661926E-1,-1.700463867E-1,9.820328522E0,9.823534635E0
3.838005267E1,-1.444496155E-1,-1.844165039E-1,9.839937744E0,9.842725738E0
3.839008467E1,-1.510359192E-1,-1.800755310E-1,9.857451324E0,9.860252819E0
3.840011567E1,-1.504371643E-1,-2.071691895E-1,9.873468018E0,9.876786983E0
3.841014667E1,-1.457968140E-1,-2.302212524E-1,9.858349457E0,9.862115014E0
3.842017867E1,-1.692979431E-1,-2.321672058E-1,9.853709106E0,9.857897674E0
3.843020967E1,-1.779798889E-1,-2.469863892E-1,9.871522064E0,9.876215215E0
3.844024067E1,-1.619631958E-1,-2.532733154E-1,9.890831909E0,9.895399704E0
3.845027267E1,-1.522334290E-1,-2.267784119E-1,9.893675995E0,9.897445537E0
3.846030367E1,-1.434017944E-1,-2.161505127E-1,9.851463776E0,9.854878165E0
3.847033467E1,-1.338217163E-1,-2.146536255E-1,9.818382568E0,9.821640428E0
3.848036667E1,-1.463955688E-1,-2.167492676E-1,9.798174591E0,9.801665023E0
3.849039767E1,-1.562750244E-1,-2.341131592E-1,9.817783813E0,9.821818053E0
3.850042967E1,-1.619631958E-1,-2.317181396E-1,9.835447083E0,9.839509372E0
3.851046067E1,-1.643582153E-1,-2.478845215E-1,9.859546967E0,9.864031972E0
3.852049167E1,-1.332229614E-1,-2.466870117E-1,9.854158173E0,9.858145674E0
3.853052367E1,-1.547781372E-1,-2.396516418E-1,9.827363892E0,9.831503966E0
3.854055467E1,-1.664538574E-1,-2.243833923E-1,9.799671478E0,9.803653190E0
3.855058567E1,-1.535806274E-1,-2.167492676E-1,9.886640625E0,9.890208800E0
3.856061767E1,-9.804611206E-2,-2.294728088E-1,1.002210892E1,1.002521511E1
3.857064867E1,-6.930587769E-2,-2.121089172E-1,9.995314636E0,9.997805168E0
3.858067967E1,-1.291813660E-1,-2.029779053E-1,9.806856537E0,9.809807490E0
3.859071167E1,-2.219883728E-1,-2.085163879E-1,9.700876923E0,9.705656649E0
3.860074267E1,-2.553689575E-1,-1.904040527E-1,9.747430115E0,9.752633534E0
3.861077467E1,-2.218386841E-1,-2.142045593E-1,9.875413971E0,9.880227583E0
3.862080567E1,-1.811233521E-1,-2.354603577E-1,9.944270782E0,9.948706883E0
3.863083667E1,-1.179547119E-1,-2.258802795E-1,9.900861053E0,9.904139782E0
3.864086867E1,-8.696914673E-2,-2.227368164E-1,9.815089417E0,9.818001608E0
3.865089967E1,-1.393601990E-1,-1.944456482E-1,9.768386536E0,9.771315463E0
3.866093067E1,-1.907034302E-1,-1.676513672E-1,9.799671478E0,9.802960566E0
3.867096267E1,-1.833686829E-1,-1.466949463E-1,9.852361908E0,9.855160001E0
3.868099367E1,-1.478924561E-1,-1.297801208E-1,9.879904633E0,9.881863721E0
3.869102567E1,-1.236428833E-1,-1.399589539E-1,9.890981598E0,9.892744465E0
3.870105667E1,-1.062789917E-1,-1.419049072E-1,9.903555450E0,9.905142240E0
3.871108821E1,-1.044827271E-1,-1.719923401E-1,9.943372650E0,9.945408874E0
3.872112021E1,-1.441502380E-1,-1.968406677E-1,9.958042145E0,9.961030514E0
3.873115121E1,-1.669029236E-1,-2.297721863E-1,9.951755219E0,9.955806536E0
3.874118221E1,-1.866618347E-1,-2.749781799E-1,9.910890198E0,9.916461070E0
3.875121421E1,-2.204914856E-1,-3.097059631E-1,9.871372375E0,9.878690544E0
3.876124521E1,-2.424957275E-1,-3.296145630E-1,9.853110352E0,9.861604004E0
3.877127621E1,-2.501298523E-1,-3.281176758E-1,9.855804749E0,9.864436801E0
3.878130821E1,-2.182461548E-1,-3.405418396E-1,9.879305878E0,9.887582351E0
3.879133921E1,-1.621128845E-1,-3.152444458E-1,9.913883972E0,9.920219507E0
3.880137121E1,-1.055305481E-1,-2.894979858E-1,9.941127319E0,9.945901576E0
3.881140221E1,-5.089416504E-2,-2.454895020E-1,9.939181366E0,9.942342860E0
3.882143321E1,2.245330811E-3,-1.664538574E-1,9.918524323E0,9.919921203E0
3.883146521E1,2.245330811E-2,-7.828720093E-2,9.898765411E0,9.899100449E0
3.884149621E1,4.311035156E-2,-1.437011719E-2,9.871072998E0,9.871177596E0
3.885152721E1,3.323089600E-2,4.191284180E-2,9.796378326E0,9.796524348E0
3.886155921E1,1.197509766E-2,6.885681152E-2,9.741891632E0,9.742142333E0
3.887159021E1,-3.682342529E-2,6.032455444E-2,9.743388519E0,9.743644844E0
3.888162121E1,-6.496490479E-2,3.098556519E-2,9.796378326E0,9.796642734E0
3.889165321E1,-9.160949707E-2,-2.005828857E-2,9.806557159E0,9.807005555E0
3.890168421E1,-9.250762939E-2,-9.280700684E-2,9.853709106E0,9.854580354E0
3.891171621E1,-8.292755127E-2,-1.535806274E-1,9.877958679E0,9.879500577E0
3.892174721E1,-5.568420410E-2,-1.969903564E-1,9.923763428E0,9.925874596E0
3.893177821E1,-4.730163574E-2,-2.520758057E-1,1.004725662E1,1.005052960E1
3.894181021E1,-6.376739502E-2,-2.543211365E-1,1.016655853E1,1.016993893E1
3.895184121E1,-1.342707825E-1,-2.230361938E-1,1.024783951E1,1.025114571E1
3.896187221E1,-2.296224976E-1,-1.498384094E-1,1.024439667E1,1.024806524E1
3.897190421E1,-2.580633545E-1,-8.696914673E-2,1.015248779E1,1.015613946E1
3.898193521E1,-1.119671631E-1,-3.712280273E-2,9.980495453E0,9.981192526E0
3.899196621E1,1.160087585E-1,-1.197509766E-3,9.829309845E0,9.829994481E0
3.900199821E1,2.841091919E-1,1.751358032E-2,9.723180542E0,9.727346227E0
3.901202921E1,3.969744873E-1,-2.544708252E-3,9.717192993E0,9.725298704E0
3.902206121E1,4.014651489E-1,9.280700684E-3,9.732161865E0,9.740443263E0
3.903209221E1,3.210823059E-1,4.490661621E-3,9.720635834E0,9.725938259E0
3.904212321E1,2.019300842E-1,-6.137237549E-3,9.689350891E0,9.691456759E0
3.905215521E1,1.712438965E-1,-2.694396973E-2,9.663454742E0,9.665009468E0
3.906218621E1,1.646575928E-1,-2.200424194E-2,9.700278168E0,9.701700513E0
3.907221721E1,8.367599487E-2,-3.203338623E-2,9.739346924E0,9.739759048E0
3.908224921E1,3.008743286E-2,-7.499404907E-2,9.810598755E0,9.810931520E0
3.909228021E1,2.544708252E-2,-1.152603149E-1,9.906848602E0,9.907551752E0
3.910231121E1,7.259902954E-2,-1.492396545E-1,9.998009033E0,9.999386367E0
3.911234321E1,1.814227295E-1,-1.071771240E-1,1.005998016E1,1.006218674E1
3.912237421E1,2.454895020E-1,-4.041595459E-3,1.010294083E1,1.010592375E1
3.913240621E1,2.664459229E-1,9.205856323E-2,1.005683670E1,1.006078688E1
3.914243721E1,2.562670898E-1,1.598675537E-1,1.003348526E1,1.003803053E1
3.915246821E1,2.625540161E-1,1.841171265E-1,9.969717865E0,9.974873836E0
3.916250021E1,2.821632385E-1,1.710942078E-1,9.829908600E0,9.835445714E0
3.917253121E1,3.466790771E-1,1.525328064E-1,9.732610931E0,9.739977833E0
3.918256221E1,4.671784973E-1,1.782792664E-1,9.717342682E0,9.730199795E0
3.919259421E1,5.330415344E-1,2.248324585E-1,9.692194977E0,9.709445215E0
3.920262521E1,5.724096680E-1,2.829116821E-1,9.687854004E0,9.708872594E0
3.921265621E1,5.640270996E-1,3.098556519E-1,9.681567078E0,9.702931422E0
3.922268821E1,5.980064392E-1,3.269201660E-1,9.724078674E0,9.747932835E0
3.923271921E1,6.132746887E-1,3.261717224E-1,9.792037354E0,9.816643488E0
3.924275121E1,6.180647278E-1,3.212319946E-1,9.828262024E0,9.852914717E0
3.925278221E1,6.239025879E-1,3.341052246E-1,9.851463776E0,9.876852700E0
3.926281321E1,5.989045715E-1,3.579057312E-1,9.878557434E0,9.903165160E0
3.927284521E1,5.334906006E-1,3.351530457E-1,9.850116577E0,9.870245000E0
3.928287621E1,4.626878357E-1,3.124003601E-1,9.803862762E0,9.819745368E0
3.929290721E1,3.745211792E-1,2.835104370E-1,9.781708832E0,9.792980749E0
3.930293921E1,3.124003601E-1,2.392025757E-1,9.758956146E0,9.766884709E0
3.931297021E1,2.877017212E-1,1.901046753E-1,9.741292877E0,9.747394472E0
3.932300121E1,2.883004761E-1,1.383123779E-1,9.738897858E0,9.744145882E0
3.933303321E1,3.083587646E-1,1.056802368E-1,9.766590271E0,9.772028395E0
3.934306421E1,3.598516846E-1,8.966354370E-2,9.849817200E0,9.856796216E0
3.935309621E1,4.173321533E-1,8.592132568E-2,9.956994324E0,9.966106791E0
3.936312721E1,4.224215698E-1,7.738906860E-2,9.882748718E0,9.892075176E0
3.937315821E1,3.761677551E-1,9.265731812E-2,9.763746185E0,9.771429124E0
3.938319021E1,3.546125793E-1,8.038284302E-2,9.841734009E0,9.848448598E0
3.939322121E1,3.426374817E-1,5.298980713E-2,9.944270782E0,9.950313048E0
3.940325221E1,3.655398560E-1,3.457809448E-2,9.966424713E0,9.973185880E0
3.941328421E1,3.570075989E-1,9.879455566E-3,9.957593079E0,9.963995782E0
3.942331521E1,3.691323853E-1,4.730163574E-2,9.939331055E0,9.946295691E0
3.943334721E1,3.351530457E-1,9.535171509E-2,9.884844360E0,9.890984154E0
3.944337821E1,2.903961182E-1,1.633103943E-1,9.881401520E0,9.887016546E0
3.945340921E1,3.071612549E-1,2.372566223E-1,9.902507629E0,9.910110801E0
3.946344121E1,3.353027344E-1,2.700384521E-1,9.886341248E0,9.895710786E0
3.947347221E1,3.589535522E-1,3.098556519E-1,9.879305878E0,9.890679593E0
3.948350321E1,4.134402466E-1,3.224295044E-1,9.896370392E0,9.910249268E0
3.949353521E1,4.360432434E-1,3.122506714E-1,9.950408020E0,9.964850925E0
3.950356621E1,4.378395081E-1,2.844085693E-1,9.987530823E0,1.000116811E1
3.951359721E1,4.213737488E-1,2.492317200E-1,9.969568176E0,9.981581133E0
3.952362921E1,3.941304016E-1,2.119592285E-1,9.924511871E0,9.934596186E0
3.953366021E1,3.589535522E-1,1.779798889E-1,9.937385101E0,9.945458619E0
3.954369221E1,3.670367432E-1,1.230441284E-1,9.967921600E0,9.975435673E0
3.955372321E1,3.435356140E-1,8.547225952E-2,9.962383118E0,9.968670905E0
3.956375421E1,3.050656128E-1,8.397537231E-2,9.854906616E0,9.859984853E0
3.957378621E1,2.932402039E-1,1.035845947E-1,9.778864746E0,9.783808834E0
3.958381721E1,3.436853027E-1,1.249900818E-1,9.776918793E0,9.783756088E0
3.959384821E1,3.854484558E-1,1.113684082E-1,9.801018677E0,9.809227316E0
3.960388021E1,3.785627747E-1,7.694000244E-2,9.809850311E0,9.817453472E0
3.961391121E1,3.683839417E-1,4.236190796E-2,9.899513855E0,9.906456270E0
3.962394221E1,3.594026184E-1,-3.218307495E-2,9.958042145E0,9.964577731E0
3.963397421E1,3.101550293E-1,-8.397537231E-2,9.918823700E0,9.924026985E0
3.964400521E1,2.656974792E-1,-1.035845947E-1,9.801617432E0,9.805765100E0
3.965403721E1,2.321672058E-1,-8.053253174E-2,9.704170074E0,9.707280975E0
3.966406821E1,2.173480225E-1,-3.278182983E-2,9.794432373E0,9.796898505E0
3.967409921E1,2.427951050E-1,-3.921844482E-2,9.893825684E0,9.896882045E0
3.968413121E1,2.335144043E-1,-5.119354248E-2,9.934391327E0,9.937267270E0
3.969416221E1,2.222877502E-1,-9.430389404E-2,9.893077240E0,9.896023562E0
3.970419296E1,2.028282166E-1,-1.113684082E-1,9.877808990E0,9.880518846E0
3.971422496E1,1.898052979E-1,-1.194515991E-1,9.905202026E0,9.907740505E0
3.972425596E1,1.619631958E-1,-1.191522217E-1,9.845476227E0,9.847529206E0
3.973428696E1,1.067280579E-1,-7.679031372E-2,9.765841827E0,9.766726894E0
3.974431896E1,7.873626709E-2,-3.158432007E-2,9.724378052E0,9.724748092E0
3.975434996E1,1.053808594E-1,8.232879639E-3,9.704469452E0,9.705045093E0
3.976438196E1,1.904040527E-1,1.901046753E-2,9.684111786E0,9.686002074E0
3.977441296E1,3.007246399E-1,1.032852173E-2,9.695937195E0,9.700605140E0
3.978444396E1,3.782633972E-1,1.212478638E-2,9.744885406E0,9.752231631E0
3.979447596E1,4.194277954E-1,3.128494263E-2,9.734107819E0,9.743190106E0
3.980450696E1,4.499642944E-1,6.661148071E-2,9.760153656E0,9.770747379E0
3.981453796E1,4.171824646E-1,7.364685059E-2,9.839937744E0,9.849052740E0
3.982456996E1,2.980302429E-1,5.179229736E-2,9.873018951E0,9.877651932E0
3.983460096E1,1.724414062E-1,2.469863892E-2,9.865833893E0,9.867371710E0
3.984463296E1,1.381626892E-1,2.424957275E-2,9.864037628E0,9.865034987E0
3.985466396E1,2.472857666E-1,6.286926270E-3,9.786049805E0,9.789175683E0
3.986469496E1,3.929328918E-1,-3.817062378E-2,9.678722992E0,9.686770979E0
3.987472696E1,4.522096252E-1,-3.263214111E-2,9.718839569E0,9.729409076E0
3.988475796E1,4.649331665E-1,-6.182144165E-2,9.784552917E0,9.795787898E0
3.989478896E1,5.110372925E-1,-7.499404907E-2,9.801916809E0,9.815516102E0
3.990482096E1,5.638774109E-1,-9.250762939E-2,9.790989532E0,9.807649638E0
3.991485196E1,5.911207581E-1,-9.116043091E-2,9.782307587E0,9.800575274E0
3.992488296E1,5.539979553E-1,-1.160087585E-1,9.781858521E0,9.798220649E0
3.993491496E1,5.074447632E-1,-1.104702759E-1,9.828112335E0,9.841823812E0
3.994494596E1,4.511618042E-1,-1.317260742E-1,9.839488678E0,9.850707395E0
3.995497796E1,3.502716064E-1,-1.231938171E-1,9.898316345E0,9.905278057E0
3.996500896E1,2.609074402E-1,-1.249900818E-1,9.840087433E0,9.844339282E0
3.997503996E1,1.607656860E-1,-1.173559570E-1,9.771380310E0,9.773407348E0
3.998507196E1,7.768844604E-2,-5.733078003E-2,9.849667511E0,9.850140729E0
3.999510296E1,2.439926147E-2,-4.340972900E-3,9.969268799E0,9.969299602E0
4.000513396E1,-1.496887207E-2,2.694396973E-2,1.006881180E1,1.006885898E1
4.001516596E1,-7.679031372E-2,2.170486450E-2,1.001522324E1,1.001554114E1
4.002519696E1,-8.277786255E-2,-1.362167358E-2,9.879605255E0,9.879961423E0
4.003522796E1,-4.745132446E-2,-6.227050781E-2,9.776619415E0,9.776932875E0
4.004525996E1,1.392105103E-2,-1.043330383E-1,9.754764862E0,9.755332731E0
4.005529096E1,7.514373779E-2,-1.519340515E-1,9.791887665E0,9.793354613E0
4.006532296E1,1.495390320E-1,-1.945953369E-1,9.872569885E0,9.875619748E0
4.007535396E1,1.968406677E-1,-2.577639771E-1,9.910590820E0,9.915896274E0
4.008538496E1,1.910028076E-1,-3.065625000E-1,9.941426697E0,9.947986098E0
4.009541696E1,1.576222229E-1,-3.299139404E-1,1.003872437E1,1.004538077E1
4.010544796E1,1.664538574E-1,-3.400927734E-1,1.013048355E1,1.013755725E1
4.011547896E1,1.655557251E-1,-2.757266235E-1,1.009380981E1,1.009893214E1
4.012551096E1,1.532812500E-1,-1.675016785E-1,9.856553192E0,9.859167956E0
4.013554196E1,1.645079041E-1,-5.897735596E-2,9.684111786E0,9.685688528E0
4.014557396E1,1.968406677E-1,3.682342529E-2,9.599837036E0,9.601925501E0
4.015560496E1,2.495310974E-1,6.391708374E-2,9.639055481E0,9.642496654E0
4.016563596E1,3.017724609E-1,5.792953491E-2,9.732161865E0,9.737011709E0
4.017566796E1,2.975811768E-1,2.724334717E-2,9.784552917E0,9.789115003E0
4.018569896E1,2.546205139E-1,-1.901046753E-2,9.842183075E0,9.845494436E0
4.019572996E1,2.267784119E-1,-6.631210327E-2,9.866133270E0,9.868962025E0
4.020576196E1,2.430944824E-1,-1.025367737E-1,9.911638641E0,9.915149483E0
4.021579296E1,2.565664673E-1,-1.248403931E-1,9.920320587E0,9.924423007E0
4.022582396E1,2.302212524E-1,-8.681945801E-2,9.931996307E0,9.935043538E0
4.023585596E1,2.158511353E-1,-4.176315308E-2,9.945019226E0,9.947449084E0
4.024588696E1,2.264790344E-1,7.185058594E-3,9.853110352E0,9.855715498E0
4.025591896E1,2.149530029E-1,3.098556519E-2,9.763746185E0,9.766161194E0
4.026594996E1,2.068698120E-1,1.945953369E-3,9.731563110E0,9.733761836E0
4.027598096E1,1.679507446E-1,-4.775070190E-2,9.803114319E0,9.804669190E0
4.028601296E1,1.219963074E-1,-1.320254517E-1,9.931547241E0,9.933173935E0
4.029604396E1,1.080752563E-1,-2.327659607E-1,1.000998413E1,1.001327332E1
4.030607496E1,1.091230774E-1,-3.305126953E-1,9.962981873E0,9.969059849E0
4.031610696E1,1.028361511E-1,-4.249662781E-1,9.836943970E0,9.846656198E0
4.032613796E1,8.666976929E-2,-5.089416504E-1,9.742640076E0,9.756309184E0
4.033616996E1,9.370513916E-2,-5.707630920E-1,9.736652527E0,9.753817385E0
4.034620096E1,8.083190918E-2,-6.089337158E-1,9.743089142E0,9.762434127E0
4.035623196E1,7.544311523E-2,-6.249504089E-1,9.782008209E0,9.802241544E0
4.036626396E1,1.056802368E-1,-5.929170227E-1,9.826615448E0,9.845054092E0
4.037629496E1,1.622625732E-1,-5.580395508E-1,9.858948212E0,9.876061823E0
4.038632596E1,2.227368164E-1,-4.888833618E-1,9.916129303E0,9.930671628E0
4.039635796E1,2.456391907E-1,-4.418811035E-1,9.928852844E0,9.941715965E0
4.040638896E1,2.890489197E-1,-3.706292725E-1,9.911938019E0,9.923075664E0
4.041641996E1,3.641926575E-1,-2.820135498E-1,9.945617981E0,9.956278670E0
4.042645196E1,4.516108704E-1,-2.264790344E-1,9.958341522E0,9.971148931E0
4.043648296E1,4.586462402E-1,-1.642085266E-1,9.934690704E0,9.946627579E0
4.044651496E1,4.055067444E-1,-1.478924561E-1,9.966873779E0,9.976215757E0
4.045654596E1,3.650907898E-1,-1.297801208E-1,9.958042145E0,9.965577631E0
4.046657696E1,3.001258850E-1,-1.341210938E-1,9.897867279E0,9.903324729E0
4.047660896E1,2.380050659E-1,-1.401086426E-1,9.821076965E0,9.824959522E0
4.048663996E1,2.080673218E-1,-1.164578247E-1,9.739795990E0,9.742714219E0
4.049667096E1,1.805245972E-1,-8.666976929E-2,9.704020386E0,9.706086360E0
4.050670296E1,2.188449097E-1,-3.981719971E-2,9.715247040E0,9.717793142E0
4.051673396E1,2.891986084E-1,-3.607498169E-2,9.735005951E0,9.739367439E0
4.052676596E1,3.441343689E-1,-4.400848389E-2,9.777068481E0,9.783222031E0
4.053679696E1,3.841012573E-1,-9.160949707E-2,9.824519806E0,9.832452161E0
4.054682796E1,4.224215698E-1,-1.237925720E-1,9.856702881E0,9.866527062E0
4.055685996E1,4.622387695E-1,-1.728904724E-1,9.864935760E0,9.877272567E0
4.056689096E1,4.742138672E-1,-2.314187622E-1,9.843679962E0,9.857812568E0
4.057692196E1,4.460723877E-1,-2.457888794E-1,9.835297394E0,9.848475393E0
4.058695396E1,4.067042542E-1,-2.537223816E-1,9.846074982E0,9.857736857E0
4.059698496E1,3.731739807E-1,-2.525248718E-1,9.810149689E0,9.820492072E0
4.060701596E1,3.647914124E-1,-2.113604736E-1,9.691745911E0,9.700911546E0
4.061704796E1,3.580554199E-1,-1.643582153E-1,9.593999176E0,9.602085060E0
4.062707896E1,3.438349915E-1,-1.434017944E-1,9.564360809E0,9.571613462E0
4.063711096E1,3.242257690E-1,-1.633103943E-1,9.631720734E0,9.638559899E0
4.064714196E1,3.222798157E-1,-2.155517578E-1,9.762099609E0,9.769796089E0
4.065717296E1,3.074606323E-1,-2.314187622E-1,9.857900391E0,9.865408597E0
4.066720496E1,2.848576355E-1,-2.396516418E-1,9.888287201E0,9.895291838E0
4.067723596E1,2.683918762E-1,-2.715353394E-1,9.900262299E0,9.907621270E0
4.068726696E1,3.107537842E-1,-3.266207886E-1,9.938283234E0,9.948503540E0
4.069729896E1,3.450325012E-1,-3.908372498E-1,9.909692688E0,9.923397118E0
4.070733067E1,3.634442139E-1,-4.164340210E-1,9.861492920E0,9.876970770E0
4.071736267E1,4.016148376E-1,-4.408332825E-1,9.940229187E0,9.958101463E0
4.072739367E1,4.523593140E-1,-4.358935547E-1,1.006012985E1,1.007972444E1
4.073742467E1,4.873864746E-1,-3.969744873E-1,1.008557693E1,1.010514703E1
4.074745667E1,4.611909485E-1,-3.279679871E-1,9.937085724E0,9.953187066E0
4.075748767E1,3.945794678E-1,-2.634521484E-1,9.828262024E0,9.839707028E0
4.076751867E1,3.270698547E-1,-2.248324585E-1,9.778565369E0,9.786616626E0
4.077755067E1,2.636018372E-1,-1.860630798E-1,9.796528015E0,9.801839957E0
4.078758167E1,2.164498901E-1,-1.823208618E-1,9.810299377E0,9.814380537E0
4.079761267E1,1.960922241E-1,-1.580712891E-1,9.852810974E0,9.856029768E0
4.080764467E1,2.059716797E-1,-1.401086426E-1,9.881401520E0,9.884540999E0
4.081767567E1,2.079176331E-1,-1.269360352E-1,9.861941986E0,9.864950189E0
4.082770767E1,1.981878662E-1,-1.031355286E-1,9.896370392E0,9.898891973E0
4.083773867E1,2.176473999E-1,-1.083746338E-1,9.994266815E0,9.997223846E0
4.084776967E1,2.282752991E-1,-1.091230774E-1,1.012614258E1,1.012930308E1
4.085780167E1,2.463876343E-1,-8.876541138E-2,1.017239639E1,1.017576702E1
4.086783267E1,2.423460388E-1,-6.541397095E-2,1.001402573E1,1.001717135E1
4.087786367E1,2.299218750E-1,-6.391708374E-2,9.764195251E0,9.767111056E0
4.088789567E1,2.408491516E-1,-6.526428223E-2,9.637708282E0,9.640938164E0
4.089792667E1,2.472857666E-1,-9.759704590E-2,9.662556610E0,9.666213099E0
4.090795867E1,2.983296204E-1,-1.314266968E-1,9.744735718E0,9.750187062E0
4.091798967E1,3.650907898E-1,-1.675016785E-1,9.761800232E0,9.770060996E0
4.092802067E1,3.969744873E-1,-1.993853760E-1,9.741741943E0,9.751865430E0
4.093805267E1,4.420307922E-1,-2.392025757E-1,9.765243073E0,9.778168610E0
4.094808367E1,4.908293152E-1,-2.653981018E-1,9.838141479E0,9.853952371E0
4.095811467E1,5.173242188E-1,-2.824626160E-1,9.914782104E0,9.932286426E0
4.096814667E1,5.020559692E-1,-2.719844055E-1,1.001178040E1,1.002804978E1
4.097817767E1,4.511618042E-1,-2.466870117E-1,1.003767654E1,1.005083837E1
4.098820867E1,3.784130859E-1,-2.293231201E-1,1.000728973E1,1.001706710E1
4.099824067E1,3.162922668E-1,-2.191442871E-1,9.922715607E0,9.930173716E0
4.100827167E1,2.993774414E-1,-2.228865051E-1,9.822573853E0,9.829662371E0
4.101830367E1,2.805166626E-1,-2.020797729E-1,9.764943695E0,9.771061928E0
4.102833467E1,2.894979858E-1,-1.812730408E-1,9.752669220E0,9.758648775E0
4.103836567E1,2.787203979E-1,-1.522334290E-1,9.800868988E0,9.806013104E0
4.104839767E1,3.047662354E-1,-1.428030396E-1,9.896669769E0,9.902391009E0
4.105842867E1,3.224295044E-1,-1.579216003E-1,9.925559692E0,9.932050907E0
4.106845967E1,3.266207886E-1,-1.681004333E-1,9.909992065E0,9.916797953E0
4.107849167E1,3.173400879E-1,-1.799258423E-1,9.878557434E0,9.885290841E0
4.108852267E1,3.128494263E-1,-1.911524963E-1,9.849368134E0,9.856189257E0
4.109855467E1,3.097059631E-1,-1.574725342E-1,9.848470001E0,9.854596732E0
4.110858567E1,2.900967407E-1,-1.505868530E-1,9.860145721E0,9.865561625E0
4.111861667E1,2.625540161E-1,-1.315763855E-1,9.904154205E0,9.908507329E0
4.112864867E1,2.532733154E-1,-1.056802368E-1,9.973759460E0,9.977534438E0
4.113867967E1,2.634521484E-1,-9.086105347E-2,9.916129303E0,9.920044512E0
4.114871067E1,2.216889954E-1,-4.176315308E-2,9.772727509E0,9.775330845E0
4.115874267E1,2.004331970E-1,1.317260742E-2,9.737550659E0,9.739622160E0
4.116877367E1,2.032772827E-1,6.571334839E-2,9.786798248E0,9.789129678E0
4.117880567E1,2.516267395E-1,1.026864624E-1,9.911788330E0,9.915513523E0
4.118883667E1,2.697390747E-1,9.220825195E-2,1.003198837E1,1.003603768E1
4.119886767E1,2.439926147E-1,5.987548828E-2,1.002570145E1,1.002884874E1
4.120889967E1,2.297721863E-1,-7.634124756E-3,9.987530823E0,9.990176449E0
4.121893067E1,2.624043274E-1,-8.068222046E-2,9.907746735E0,9.911549375E0
4.122896167E1,3.091072083E-1,-1.059796143E-1,9.894125061E0,9.899519669E0
4.123899367E1,3.685336304E-1,-1.035845947E-1,9.895621948E0,9.903023808E0
4.124902467E1,3.838018799E-1,-3.098556519E-2,9.850565643E0,9.858088429E0
4.125905667E1,3.532653809E-1,4.999603271E-2,9.794731750E0,9.801227785E0
4.126908767E1,3.474275208E-1,1.269360352E-1,9.719138947E0,9.726175019E0
4.127911867E1,3.381468201E-1,1.673519897E-1,9.682165833E0,9.689514186E0
4.128915067E1,3.600013733E-1,1.706451416E-1,9.676627350E0,9.684825121E0
4.129918167E1,4.213737488E-1,1.790277100E-1,9.708660736E0,9.719449575E0
4.130921267E1,4.918771362E-1,1.520837402E-1,9.742939453E0,9.756533286E0
4.131924467E1,5.682183838E-1,1.254391479E-1,9.738748169E0,9.756117210E0
4.132927567E1,7.131170654E-1,1.224453735E-1,9.790989532E0,9.817688366E0
4.133930667E1,8.765771484E-1,1.329235840E-1,9.870025177E0,9.909765546E0
4.134933867E1,9.981243896E-1,1.460961914E-1,9.931696930E0,9.982795215E0
4.135936967E1,1.027014313E0,1.381626892E-1,9.918823700E0,9.972808577E0
4.136940167E1,9.334588623E-1,1.279838562E-1,9.840835876E0,9.885837145E0
4.137943267E1,7.559280396E-1,9.175918579E-2,9.757758636E0,9.787425635E0
4.138946367E1,5.951623535E-1,1.085243225E-1,9.697134705E0,9.715987713E0
4.139949567E1,4.902305603E-1,1.444496155E-1,9.690249023E0,9.703716702E0
4.140952667E1,4.754113770E-1,2.070195007E-1,9.724976807E0,9.738790836E0
4.141955767E1,5.161267090E-1,2.787203979E-1,9.762398987E0,9.780005410E0
4.142958967E1,5.700146484E-1,2.977308655E-1,9.784403229E0,9.805514107E0
4.143962067E1,6.020480347E-1,2.414479065E-1,9.826016693E0,9.847403870E0
4.144965167E1,5.560935974E-1,1.318757629E-1,9.873617706E0,9.890144484E0
4.145968367E1,4.363426208E-1,-8.232879639E-3,9.963430939E0,9.972984445E0
4.146971467E1,2.972817993E-1,-1.465452576E-1,9.952503662E0,9.958020944E0
4.147974667E1,2.348616028E-1,-2.383044434E-1,9.890382843E0,9.896040711E0
4.148977767E1,2.966830444E-1,-3.097059631E-1,9.908195801E0,9.917473602E0
4.149980867E1,4.120930481E-1,-3.107537842E-1,9.920919342E0,9.934335870E0
4.150984067E1,4.842430115E-1,-2.502795410E-1,9.902956696E0,9.917947492E0
4.151987167E1,5.279521179E-1,-1.360670471E-1,9.854457550E0,9.869527916E0
4.152990267E1,6.069877625E-1,-2.245330811E-2,9.797426147E0,9.816236418E0
4.153993467E1,6.993457031E-1,7.694000244E-2,9.733958130E0,9.759351672E0
4.154996567E1,8.069718933E-1,1.694476318E-1,9.715845795E0,9.750773079E0
4.155999767E1,9.581575012E-1,2.439926147E-1,9.717192993E0,9.767365963E0
4.157002867E1,1.102457428E0,3.242257690E-1,9.762398987E0,9.829800034E0
4.158005967E1,1.232686615E0,4.019142151E-1,9.874216461E0,9.958975954E0
4.159009167E1,1.319206696E0,4.463717651E-1,9.951904907E0,1.004887881E1
4.160012267E1,1.293759613E0,4.004173279E-1,9.906549225E0,9.998693190E0
4.161015367E1,1.120270386E0,3.800596619E-1,9.905202026E0,9.975594131E0
4.162018567E1,9.213340759E-1,3.622467041E-1,1.001133133E1,1.006016074E1
4.163021667E1,6.848258972E-1,3.742218018E-1,1.009440857E1,1.012453025E1
4.164024867E1,4.375401306E-1,3.731739807E-1,1.005309448E1,1.006952873E1
4.165027967E1,2.013313293E-1,3.209326172E-1,9.884694672E0,9.891952325E0
4.166031067E1,-1.347198486E-2,2.621049500E-1,9.721983032E0,9.725524900E0
4.167034267E1,-1.501377869E-1,1.871109009E-1,9.648186493E0,9.651168553E0
4.168037367E1,-1.832189941E-1,1.191522217E-1,9.677525482E0,9.679993074E0
4.169040467E1,-6.421646118E-2,8.262817383E-2,9.780211945E0,9.780771792E0
4.170043667E1,1.166075134E-1,4.475692749E-2,9.852511597E0,9.853303266E0
4.171046679E1,3.082090759E-1,2.634521484E-2,9.876910858E0,9.881753640E0
4.172049779E1,5.153782654E-1,2.065704346E-2,9.874366150E0,9.887828292E0
4.173052979E1,6.979985046E-1,2.365081787E-2,9.849817200E0,9.874546073E0
4.174056079E1,8.416996765E-1,3.712280273E-2,9.811646576E0,9.847753296E0
4.175059279E1,9.192384338E-1,2.918930054E-2,9.792935486E0,9.836027488E0
4.176062379E1,9.382489014E-1,3.218307495E-2,9.757758636E0,9.802815940E0
4.177065479E1,8.957373047E-1,4.445755005E-2,9.742041321E0,9.783235195E0
4.178068679E1,8.134085083E-1,3.173400879E-2,9.708810425E0,9.742876388E0
4.179071779E1,6.548881531E-1,-8.532257080E-3,9.715546417E0,9.737596905E0
4.180074879E1,4.514611816E-1,-8.622070312E-2,9.710307312E0,9.721178905E0
4.181078079E1,2.817141724E-1,-1.773811340E-1,9.721533966E0,9.727232371E0
4.182081179E1,1.704954529E-1,-2.618055725E-1,9.808652802E0,9.813627293E0
4.183084379E1,9.310638428E-2,-3.131488037E-1,9.896370392E0,9.901761354E0
4.184087479E1,4.805007935E-2,-3.303630066E-1,1.000773880E1,1.001330537E1
4.185090579E1,4.655319214E-2,-3.016227722E-1,1.008901978E1,1.009363480E1
4.186093779E1,1.005908203E-1,-2.314187622E-1,1.012808853E1,1.013123144E1
4.187096879E1,1.725910950E-1,-1.395098877E-1,1.011805939E1,1.012049290E1
4.188099979E1,2.874023438E-1,-3.278182983E-2,1.011850845E1,1.012264235E1
4.189103179E1,3.767665100E-1,4.924758911E-2,1.007644592E1,1.008360753E1
4.190106279E1,4.126918030E-1,9.385482788E-2,1.000833755E1,1.001728226E1
4.191109479E1,4.293072510E-1,7.170089722E-2,9.907147980E0,9.916704434E0
4.192112579E1,3.752696228E-1,2.020797729E-2,9.736053772E0,9.743304301E0
4.193115679E1,2.764750671E-1,-2.814147949E-2,9.593250732E0,9.597275135E0
4.194118879E1,2.160008240E-1,-6.840774536E-2,9.541308746E0,9.543998563E0
4.195121979E1,2.173480225E-1,-9.160949707E-2,9.521699524E0,9.524620427E0
4.196125079E1,2.257305908E-1,-7.753875732E-2,9.580976257E0,9.583948696E0
4.197128279E1,2.415975952E-1,-5.987548828E-2,9.625134430E0,9.628352261E0
4.198131379E1,2.821632385E-1,-1.347198486E-2,9.685159607E0,9.689278312E0
4.199134579E1,3.068618774E-1,3.083587646E-2,9.791438599E0,9.796294447E0
4.200137679E1,3.341052246E-1,3.891906738E-2,9.878258057E0,9.883983166E0
4.201140779E1,3.333567810E-1,2.335144043E-2,9.969568176E0,9.975167249E0
4.202143979E1,3.329077148E-1,-1.571731567E-2,1.005998016E1,1.006549927E1
4.203147079E1,2.972817993E-1,-5.313949585E-2,1.012988480E1,1.013438534E1
4.204150179E1,2.381547546E-1,-9.041198730E-2,1.017389328E1,1.017708192E1
4.205153379E1,1.525328064E-1,-1.219963074E-1,1.017539017E1,1.017726458E1
4.206156479E1,1.423539734E-1,-1.228944397E-1,1.013422577E1,1.013597058E1
4.207159579E1,1.826202393E-1,-1.444496155E-1,1.007210495E1,1.007479598E1
4.208162779E1,2.314187622E-1,-1.817221069E-1,1.000175125E1,1.000607844E1
4.209165879E1,2.493814087E-1,-2.127076721E-1,9.946965179E0,9.952364137E0
4.210169079E1,2.610571289E-1,-2.287243652E-1,9.838141479E0,9.844261955E0
4.211172179E1,2.457888794E-1,-2.616558838E-1,9.767937469E0,9.774532131E0
4.212175279E1,2.493814087E-1,-2.965333557E-1,9.711205444E0,9.718931747E0
4.213178479E1,2.344125366E-1,-2.947370911E-1,9.698332214E0,9.705640985E0
4.214181579E1,2.067201233E-1,-3.061134338E-1,9.716294861E0,9.723313451E0
4.215184679E1,1.881587219E-1,-2.773731995E-1,9.728419647E0,9.734191719E0
4.216187879E1,1.356179810E-1,-2.438429260E-1,9.735305328E0,9.739302924E0
4.217190979E1,1.013392639E-1,-2.029779053E-1,9.757608948E0,9.760246004E0
4.218194179E1,1.038839722E-1,-1.627116394E-1,9.777667236E0,9.779572769E0
4.219197279E1,1.172062683E-1,-1.249900818E-1,9.818681946E0,9.820176932E0
4.220200379E1,1.672023010E-1,-7.903564453E-2,9.856403503E0,9.858138428E0
4.221203579E1,2.025288391E-1,-5.553451538E-2,9.879006500E0,9.881238356E0
4.222206679E1,2.068698120E-1,-4.071533203E-2,9.896220703E0,9.898466400E0
4.223209779E1,2.197430420E-1,-5.613327026E-2,9.894574127E0,9.897173087E0
4.224212979E1,2.179467773E-1,-5.942642212E-2,9.915081482E0,9.917654616E0
4.225216079E1,1.896556091E-1,-8.771759033E-2,9.916428680E0,9.918630016E0
4.226219279E1,1.685494995E-1,-1.163081360E-1,9.903854828E0,9.905971783E0
4.227222379E1,1.655557251E-1,-1.154100037E-1,9.891879730E0,9.893938183E0
4.228225479E1,1.779798889E-1,-1.287322998E-1,9.875264282E0,9.877706894E0
4.229228679E1,1.850152588E-1,-1.103205872E-1,9.872719574E0,9.875069269E0
4.230231779E1,2.134561157E-1,-1.172062683E-1,9.867181091E0,9.870185586E0
4.231234879E1,1.956431580E-1,-1.231938171E-1,9.865384827E0,9.868093572E0
4.232238079E1,1.700463867E-1,-1.459465027E-1,9.870623932E0,9.873167322E0
4.233241179E1,1.669029236E-1,-1.475930786E-1,9.880353699E0,9.882865451E0
4.234244279E1,1.875599670E-1,-1.437011719E-1,9.898765411E0,9.901584996E0
4.235247479E1,2.305206299E-1,-1.513352966E-1,9.895771637E0,9.899613044E0
4.236250579E1,2.380050659E-1,-1.363664246E-1,9.861193542E0,9.865007871E0
4.237253779E1,2.122586060E-1,-1.398092651E-1,9.807754669E0,9.811047446E0
4.238256879E1,1.788780212E-1,-1.663041687E-1,9.741891632E0,9.744952899E0
4.239259979E1,1.459465027E-1,-1.713935852E-1,9.747879181E0,9.750478176E0
4.240263179E1,1.178050232E-1,-2.137554932E-1,9.744436340E0,9.747492448E0
4.241266279E1,1.064286804E-1,-2.218386841E-1,9.778265991E0,9.781361115E0
4.242269379E1,1.182540894E-1,-2.246827698E-1,9.797276459E0,9.800565922E0
4.243272579E1,1.511856079E-1,-2.260299683E-1,9.823172607E0,9.826935774E0
4.244275679E1,1.989363098E-1,-2.067201233E-1,9.914033661E0,9.918183921E0
4.245278879E1,2.550695801E-1,-1.904040527E-1,9.947713623E0,9.952804656E0
4.246281979E1,2.929408264E-1,-1.731898499E-1,9.976304169E0,9.982106687E0
4.247285079E1,2.877017212E-1,-1.499880981E-1,9.911039886E0,9.916349144E0
4.248288279E1,2.270777893E-1,-1.320254517E-1,9.772428131E0,9.775957581E0
4.249291379E1,1.763333130E-1,-1.402583313E-1,9.751471710E0,9.754074346E0
4.250294479E1,1.868115234E-1,-1.402583313E-1,9.821376343E0,9.824154122E0
4.251297679E1,2.124082947E-1,-1.495390320E-1,9.910590820E0,9.913994635E0
4.252300779E1,2.323168945E-1,-1.398092651E-1,9.972861328E0,9.976546539E0
4.253303979E1,2.302212524E-1,-1.044827271E-1,9.923314362E0,9.926534460E0
4.254307079E1,2.148033142E-1,-5.972579956E-2,9.862690430E0,9.865210091E0
4.255310179E1,1.939965820E-1,-8.083190918E-3,9.841883698E0,9.843798796E0
4.256313379E1,1.782792664E-1,4.655319214E-2,9.839338989E0,9.841064091E0
4.257316479E1,1.922003174E-1,8.322692871E-2,9.853709106E0,9.855934803E0
4.258319579E1,2.263293457E-1,1.002914429E-1,9.876162415E0,9.879264516E0
4.259322779E1,2.529739380E-1,1.020877075E-1,9.892777863E0,9.896538362E0
4.260325879E1,2.538720703E-1,7.334747314E-2,9.896520081E0,9.900047504E0
4.261329079E1,2.478845215E-1,1.272354126E-2,9.906249847E0,9.909358943E0
4.262332179E1,2.459385681E-1,-5.942642212E-2,9.915081482E0,9.918309235E0
4.263335279E1,2.311193848E-1,-1.002914429E-1,9.941277008E0,9.944468970E0
4.264338479E1,2.305206299E-1,-1.327738953E-1,9.945917358E0,9.949474397E0
4.265341579E1,2.203417969E-1,-1.561253357E-1,9.925559692E0,9.929232641E0
4.266344679E1,2.291734314E-1,-1.282832336E-1,9.888137512E0,9.891624766E0
4.267347879E1,2.451901245E-1,-1.020877075E-1,9.876611481E0,9.880181903E0
4.268350979E1,2.305206299E-1,-6.825805664E-2,9.846973114E0,9.849907534E0
4.269354179E1,2.462379456E-1,-5.837860107E-2,9.832902374E0,9.836158309E0
4.270357279E1,2.445913696E-1,-6.780899048E-2,9.815688171E0,9.818969257E0
4.271360446E1,2.592608643E-1,-8.951385498E-2,9.845476227E0,9.849295968E0
4.272363646E1,2.609074402E-1,-1.020877075E-1,9.847272491E0,9.851257286E0
4.273366746E1,2.519261169E-1,-1.053808594E-1,9.866881714E0,9.870659889E0
4.274369846E1,2.225871277E-1,-1.058299255E-1,9.861642609E0,9.864721990E0
4.275373046E1,2.059716797E-1,-1.076261902E-1,9.836943970E0,9.839688735E0
4.276376146E1,1.892065430E-1,-7.993377686E-2,9.811047821E0,9.813197637E0
4.277379346E1,2.005828857E-1,-4.924758911E-2,9.800419922E0,9.802596057E0
4.278382446E1,2.398013306E-1,-3.412902832E-2,9.808353424E0,9.811343759E0
4.279385546E1,2.799179077E-1,-2.454895020E-2,9.859397278E0,9.863400599E0
4.280388746E1,2.921923828E-1,-3.263214111E-2,9.900711365E0,9.905075809E0
4.281391846E1,2.802172852E-1,-3.847000122E-2,9.910890198E0,9.914925425E0
4.282394946E1,2.649490356E-1,-3.427871704E-2,9.910291443E0,9.913891744E0
4.283398146E1,2.418969727E-1,-2.409988403E-2,9.908644867E0,9.911626408E0
4.284401246E1,2.567161560E-1,-1.496887207E-2,9.905651093E0,9.908988385E0
4.285404346E1,2.535726929E-1,1.796264648E-3,9.898166656E0,9.901414318E0
4.286407546E1,2.604583740E-1,1.047821045E-3,9.898466034E0,9.901892218E0
4.287410646E1,2.637515259E-1,-4.191284180E-3,9.861492920E0,9.865020276E0
4.288413846E1,2.588117981E-1,-1.616638184E-2,9.837243347E0,9.840660627E0
4.289416946E1,2.478845215E-1,-4.610412598E-2,9.838740234E0,9.841970419E0
4.290420046E1,2.326162720E-1,-4.655319214E-2,9.833201752E0,9.836062943E0
4.291423246E1,2.384541321E-1,-7.723937988E-2,9.848320312E0,9.851509492E0
4.292426346E1,2.272274780E-1,-1.158590698E-1,9.860445099E0,9.863743366E0
4.293429446E1,2.314187622E-1,-1.347198486E-1,9.855655060E0,9.859292101E0
4.294432646E1,2.372566223E-1,-1.437011719E-1,9.866582336E0,9.870480623E0
4.295435746E1,2.321672058E-1,-1.422042847E-1,9.845775604E0,9.849539122E0
4.296438946E1,2.257305908E-1,-1.529818726E-1,9.809101868E0,9.812891378E0
4.297442046E1,2.210902405E-1,-1.249900818E-1,9.777517548E0,9.780815549E0
4.298445146E1,2.260299683E-1,-1.073268127E-1,9.789043579E0,9.792240948E0
4.299448346E1,2.115101624E-1,-1.028361511E-1,9.823172607E0,9.825987579E0
4.300451446E1,2.432441711E-1,-8.262817383E-2,9.839638367E0,9.842991330E0
4.301454546E1,2.317181396E-1,-8.143066406E-2,9.842781830E0,9.845845743E0
4.302457746E1,2.294728088E-1,-6.556365967E-2,9.836494904E0,9.839389633E0
4.303460846E1,2.311193848E-1,-6.032455444E-2,9.846224670E0,9.849121559E0
4.304464046E1,2.303709412E-1,-6.915618896E-2,9.864636383E0,9.867568308E0
4.305467146E1,2.194436646E-1,-7.708969116E-2,9.878407745E0,9.881145578E0
4.306470246E1,2.219883728E-1,-6.735992432E-2,9.890981598E0,9.893701692E0
4.307473446E1,2.282752991E-1,-4.700225830E-2,9.885742493E0,9.888489443E0
4.308476546E1,2.469863892E-1,-5.164260864E-2,9.883048096E0,9.886268704E0
4.309479646E1,2.636018372E-1,-3.263214111E-2,9.876012726E0,9.879583906E0
4.310482846E1,2.577639771E-1,-3.847000122E-2,9.880353699E0,9.883790337E0
4.311485946E1,2.444416809E-1,-3.203338623E-2,9.872420197E0,9.875497882E0
4.312489146E1,2.296224976E-1,-4.430786133E-2,9.867630157E0,9.870400934E0
4.313492246E1,2.377056885E-1,-6.900650024E-2,9.870174866E0,9.873277965E0
4.314495346E1,2.113604736E-1,-7.529342651E-2,9.860594788E0,9.863147161E0
4.315498546E1,2.001338196E-1,-1.008901978E-1,9.850715332E0,9.853264684E0
4.316501646E1,2.213896179E-1,-8.652008057E-2,9.835746460E0,9.838618171E0
4.317504746E1,2.492317200E-1,-8.532257080E-2,9.835746460E0,9.839273592E0
4.318507946E1,2.888992310E-1,-7.484436035E-2,9.846673737E0,9.851195263E0
4.319511046E1,3.234773254E-1,-5.074447632E-2,9.836045837E0,9.841494312E0
4.320514246E1,3.049159241E-1,-4.834945679E-2,9.839937744E0,9.844779642E0
4.321517346E1,2.760260010E-1,-5.897735596E-2,9.844877472E0,9.848922841E0
4.322520446E1,2.257305908E-1,-7.738906860E-2,9.849517822E0,9.852408066E0
4.323523646E1,2.059716797E-1,-1.139131165E-1,9.871522064E0,9.874327744E0
4.324526746E1,2.080673218E-1,-1.279838562E-1,9.862840118E0,9.865864741E0
4.325529846E1,2.074685669E-1,-1.098715210E-1,9.851912842E0,9.854709615E0
4.326533046E1,2.249821472E-1,-9.160949707E-2,9.835447083E0,9.838446452E0
4.327536146E1,2.507286072E-1,-8.876541138E-2,9.830806732E0,9.834404158E0
4.328539346E1,2.698887634E-1,-7.798782349E-2,9.897268524E0,9.901254783E0
4.329542446E1,3.213816833E-1,-8.891510010E-2,1.001342697E1,1.001897758E1
4.330545546E1,3.373983765E-1,-9.520202637E-2,9.945617981E0,9.951794718E0
4.331548746E1,2.468367004E-1,-7.439529419E-2,9.815239105E0,9.818624227E0
4.332551846E1,1.700463867E-1,-7.529342651E-2,9.797126770E0,9.798891663E0
4.333554946E1,1.731898499E-1,-7.409591675E-2,9.817035370E0,9.818842517E0
4.334558146E1,2.031275940E-1,-8.158035278E-2,9.861043854E0,9.863473124E0
4.335561246E1,2.534230042E-1,-9.445358276E-2,9.848320312E0,9.852033175E0
4.336564446E1,2.650987244E-1,-8.217910767E-2,9.816436615E0,9.820359390E0
4.337567546E1,2.297721863E-1,-6.017486572E-2,9.790690155E0,9.793570849E0
4.338570646E1,2.154020691E-1,-3.083587646E-2,9.799372101E0,9.801787718E0
4.339573846E1,2.182461548E-1,-5.987548828E-4,9.864636383E0,9.867050355E0
4.340576946E1,2.459385681E-1,2.185455322E-2,9.889933777E0,9.893015390E0
4.341580046E1,2.881507874E-1,3.173400879E-2,9.882449341E0,9.886700304E0
4.342583246E1,2.984793091E-1,2.365081787E-2,9.898316345E0,9.902843820E0
4.343586346E1,3.082090759E-1,5.089416504E-3,9.924062805E0,9.928848941E0
4.344589546E1,2.809657288E-1,-4.565505981E-2,9.918075256E0,9.922159186E0
4.345592646E1,2.625540161E-1,-8.951385498E-2,9.897867279E0,9.901753583E0
4.346595746E1,2.327659607E-1,-1.302291870E-1,9.892777863E0,9.896372743E0
4.347598946E1,2.234852600E-1,-1.396595764E-1,9.856253815E0,9.859776352E0
4.348602046E1,2.272274780E-1,-1.573228455E-1,9.839338989E0,9.843219725E0
4.349605146E1,2.318678284E-1,-1.399589539E-1,9.836494904E0,9.840222720E0
4.350608346E1,2.392025757E-1,-1.222956848E-1,9.838440857E0,9.842108138E0
4.351611446E1,2.644999695E-1,-1.059796143E-1,9.821675720E0,9.825808153E0
4.352614646E1,2.745291138E-1,-1.112187195E-1,9.834698639E0,9.839158153E0
4.353617746E1,2.808160400E-1,-9.370513916E-2,9.846823425E0,9.851272500E0
4.354620846E1,2.661465454E-1,-8.906478882E-2,9.851164398E0,9.855161415E0
4.355624046E1,2.544708252E-1,-8.741821289E-2,9.877509613E0,9.881173690E0
4.356627146E1,2.366578674E-1,-7.095245361E-2,9.879904633E0,9.882993309E0
4.357630246E1,2.167492676E-1,-5.523513794E-2,9.865833893E0,9.868369144E0
4.358633446E1,1.820214844E-1,-3.847000122E-2,9.851912842E0,9.853669286E0
4.359636546E1,1.995350647E-1,-2.215393066E-2,9.843530273E0,9.845577346E0
4.360639746E1,2.392025757E-1,-1.377136230E-2,9.832602997E0,9.835521807E0
4.361642846E1,2.511776733E-1,-1.751358032E-2,9.809401245E0,9.812632151E0
4.362645946E1,2.492317200E-1,-2.589614868E-2,9.815089417E0,9.818287392E0
4.363649146E1,2.311193848E-1,-3.861968994E-2,9.846374359E0,9.849162181E0
4.364652246E1,2.324665833E-1,-6.511459351E-2,9.918224945E0,9.921162567E0
4.365655346E1,2.597099304E-1,-7.379653931E-2,9.949210510E0,9.952873201E0
4.366658546E1,2.794688416E-1,-6.391708374E-2,9.948462067E0,9.952591910E0
4.367661646E1,2.595602417E-1,-4.206253052E-2,9.917177124E0,9.920662422E0
4.368664846E1,2.784210205E-1,-2.903961182E-2,9.876012726E0,9.879979197E0
4.369667946E1,2.683918762E-1,-2.200424194E-2,9.859097900E0,9.862774954E0
4.370670979E1,2.445913696E-1,-2.439926147E-2,9.848320312E0,9.851387376E0
4.371674179E1,2.390528870E-1,-2.634521484E-2,9.851314087E0,9.854249317E0
4.372677279E1,2.380050659E-1,-5.613327026E-2,9.858798523E0,9.861830746E0
4.373680379E1,2.392025757E-1,-7.499404907E-2,9.848470001E0,9.851659928E0
4.374683579E1,2.573149109E-1,-8.652008057E-2,9.858798523E0,9.862535425E0
4.375686679E1,2.483335876E-1,-9.894424438E-2,9.871072998E0,9.874691978E0
4.376689879E1,2.496807861E-1,-1.236428833E-1,9.851763153E0,9.855702171E0
4.377692979E1,2.330653381E-1,-1.425036621E-1,9.826016693E0,9.829813365E0
4.378696079E1,2.248324585E-1,-1.372645569E-1,9.813442841E0,9.816977721E0
4.379699279E1,2.233355713E-1,-1.252894592E-1,9.829758911E0,9.833093942E0
4.380702379E1,2.374063110E-1,-1.179547119E-1,9.845027161E0,9.848595578E0
4.381705479E1,2.483335876E-1,-1.004411316E-1,9.851164398E0,9.854805832E0
4.382708679E1,2.477348328E-1,-9.250762939E-2,9.851613464E0,9.855162001E0
4.383711779E1,2.408491516E-1,-7.005432129E-2,9.833052063E0,9.836250749E0
4.384714879E1,2.357597351E-1,-6.556365967E-2,9.852960663E0,9.855998938E0
4.385718079E1,2.221380615E-1,-4.999603271E-2,9.853110352E0,9.855740892E0
4.386721179E1,2.224374390E-1,-3.832031250E-2,9.856852570E0,9.859436568E0
4.387724379E1,2.303709412E-1,-4.146377563E-2,9.879305878E0,9.882078457E0
4.388727479E1,2.418969727E-1,-3.667373657E-2,9.890083466E0,9.893109221E0
4.389730579E1,2.451901245E-1,-3.323089600E-2,9.875713348E0,9.878812511E0
4.390733779E1,2.384541321E-1,-4.460723877E-2,9.882449341E0,9.885426402E0
4.391736879E1,2.348616028E-1,-5.508544922E-2,9.879904633E0,9.882849282E0
4.392740079E1,2.293231201E-1,-5.658233643E-2,9.858948212E0,9.861777248E0
4.393743179E1,2.323168945E-1,-6.047424316E-2,9.863139496E0,9.866060459E0
4.394746279E1,2.332150269E-1,-6.122268677E-2,9.864037628E0,9.866984129E0
4.395749479E1,2.263293457E-1,-6.346801758E-2,9.859097900E0,9.861899643E0
4.396752579E1,2.406994629E-1,-8.412506104E-2,9.859397278E0,9.862693747E0
4.397755679E1,2.523751831E-1,-6.915618896E-2,9.867181091E0,9.870650359E0
4.398758879E1,2.501298523E-1,-6.855743408E-2,9.856104126E0,9.859515891E0
4.399761979E1,2.396516418E-1,-8.337661743E-2,9.848769379E0,9.852037497E0
4.400765179E1,2.327659607E-1,-8.562194824E-2,9.854307861E0,9.857428394E0
4.401768279E1,2.348616028E-1,-8.128097534E-2,9.877359924E0,9.880486104E0
4.402771379E1,2.582130432E-1,-7.828720093E-2,9.874216461E0,9.877902287E0
4.403774579E1,2.399510193E-1,-6.676116943E-2,9.867181091E0,9.870324019E0
4.404777679E1,2.526745605E-1,-5.074447632E-2,9.830806732E0,9.834184279E0
4.405780779E1,2.393522644E-1,-4.505630493E-2,9.811796265E0,9.814818670E0
4.406783979E1,2.249821472E-1,-4.834945679E-2,9.825867004E0,9.828561290E0
4.407787079E1,2.091151428E-1,-5.254074097E-2,9.845176849E0,9.847537604E0
4.408790179E1,2.119592285E-1,-7.813751221E-2,9.855355682E0,9.857944401E0
4.409793379E1,2.086660767E-1,-6.691085815E-2,9.883497162E0,9.885926094E0
4.410796479E1,2.131567383E-1,-7.409591675E-2,9.876910858E0,9.879488555E0
4.411799679E1,2.168989563E-1,-7.035369873E-2,9.846374359E0,9.849014307E0
4.412802779E1,2.344125366E-1,-5.748046875E-2,9.828561401E0,9.831524422E0
4.413805879E1,2.537223816E-1,-5.089416504E-2,9.889933777E0,9.893318724E0
4.414809079E1,2.965333557E-1,-6.691085815E-2,1.001387604E1,1.001848903E1
4.415812179E1,3.140469360E-1,-8.053253174E-2,9.956545258E0,9.961822345E0
4.416815379E1,2.341131592E-1,-7.993377686E-2,9.800120544E0,9.803242375E0
4.417818479E1,1.559756470E-1,-7.768844604E-2,9.753717041E0,9.755273446E0
4.418821579E1,1.660047913E-1,-8.936416626E-2,9.795180817E0,9.796994987E0
4.419824779E1,1.969903564E-1,-7.634124756E-2,9.869875488E0,9.872136311E0
4.420827879E1,2.409988403E-1,-8.726852417E-2,9.886940002E0,9.890261819E0
4.421830979E1,2.444416809E-1,-7.334747314E-2,9.845326538E0,9.848633724E0
4.422834179E1,2.408491516E-1,-4.445755005E-2,9.816586304E0,9.819641106E0
4.423837279E1,2.209405518E-1,-2.993774414E-2,9.810000000E0,9.812533363E0
4.424840479E1,2.086660767E-1,1.646575928E-3,9.831106110E0,9.833320476E0
4.425843579E1,2.237846375E-1,1.571731567E-2,9.860295410E0,9.862847062E0
4.426846679E1,2.430944824E-1,2.769241333E-2,9.870623932E0,9.873655787E0
4.427849879E1,2.758763123E-1,2.484832764E-2,9.881102142E0,9.884983800E0
4.428852979E1,2.799179077E-1,7.185058594E-3,9.916877747E0,9.920830101E0
4.429856079E1,2.677931213E-1,-2.350112915E-2,9.953850861E0,9.957480224E0
4.430859279E1,2.460882568E-1,-7.200027466E-2,9.934690704E0,9.937998936E0
4.431862379E1,2.234852600E-1,-1.103205872E-1,9.917775879E0,9.920906948E0
4.432865579E1,2.098635864E-1,-1.377136230E-1,9.860594788E0,9.863789197E0
4.433868679E1,1.986369324E-1,-1.380130005E-1,9.827214203E0,9.830190395E0
4.434871779E1,2.055226135E-1,-1.281335449E-1,9.802365875E0,9.805357439E0
4.435874979E1,2.098635864E-1,-1.052311707E-1,9.808054047E0,9.810863392E0
4.436878079E1,2.317181396E-1,-7.918533325E-2,9.803114319E0,9.806172238E0
4.437881179E1,2.383044434E-1,-7.604187012E-2,9.795480194E0,9.798673564E0
4.438884379E1,2.552192688E-1,-6.406677246E-2,9.814340973E0,9.817867903E0
4.439887479E1,2.546205139E-1,-5.957611084E-2,9.829908600E0,9.833386192E0
4.440890679E1,2.233355713E-1,-6.316864014E-2,9.855056305E0,9.857788993E0
4.441893779E1,2.016307068E-1,-6.825805664E-2,9.876761169E0,9.879054879E0
4.442896879E1,2.017803955E-1,-6.631210327E-2,9.883946228E0,9.886228081E0
4.443900079E1,1.889071655E-1,-5.089416504E-2,9.877210236E0,9.879147644E0
4.444903179E1,1.751358032E-1,-1.631607056E-2,9.849218445E0,9.850788940E0
4.445906279E1,1.945953369E-1,2.769241333E-2,9.842183075E0,9.844145565E0
4.446909479E1,2.197430420E-1,2.050735474E-2,9.838291168E0,9.840766264E0
4.447912579E1,2.404000854E-1,7.783813477E-3,9.821675720E0,9.824620438E0
4.448915779E1,2.260299683E-1,-5.239105225E-3,9.823172607E0,9.825774121E0
4.449918879E1,2.270777893E-1,-3.637435913E-2,9.869127045E0,9.871806118E0
4.450921979E1,2.260299683E-1,-5.733078003E-2,9.915979614E0,9.918721091E0
4.451925179E1,2.158511353E-1,-7.005432129E-2,9.950557709E0,9.953145133E0
4.452928279E1,2.192939758E-1,-6.885681152E-2,9.936337280E0,9.938995405E0
4.453931379E1,2.423460388E-1,-5.957611084E-2,9.889035645E0,9.892184132E0
4.454934579E1,2.366578674E-1,-3.293151855E-2,9.867630157E0,9.870522598E0
4.455937679E1,2.282752991E-1,-1.721420288E-2,9.840087433E0,9.842749952E0
4.456940879E1,2.402503967E-1,-2.754272461E-2,9.830207977E0,9.833181974E0
4.457943979E1,2.210902405E-1,-3.068618774E-2,9.844578094E0,9.847108225E0
4.458947079E1,2.127076721E-1,-5.418731689E-2,9.868378601E0,9.870819471E0
4.459950279E1,2.168989563E-1,-7.394622803E-2,9.893376617E0,9.896030219E0
4.460953379E1,2.085163879E-1,-9.789642334E-2,9.899064789E0,9.901744618E0
4.461956479E1,2.046244812E-1,-1.212478638E-1,9.862241364E0,9.865109069E0
4.462959679E1,2.215393066E-1,-1.377136230E-1,9.845476227E0,9.848931254E0
4.463962779E1,2.143542480E-1,-1.348695374E-1,9.832153931E0,9.835415012E0
4.464965979E1,2.194436646E-1,-1.115180969E-1,9.826016693E0,9.829099443E0
4.465969079E1,2.305206299E-1,-9.684860229E-2,9.822124786E0,9.825306852E0
4.466972179E1,2.194436646E-1,-8.681945801E-2,9.837842102E0,9.840672252E0
4.467975379E1,2.195933533E-1,-7.843688965E-2,9.835297394E0,9.838061212E0
4.468978479E1,2.130070496E-1,-7.185058594E-2,9.822723541E0,9.825295531E0
4.469981579E1,1.791773987E-1,-6.601272583E-2,9.848320312E0,9.850171328E0
4.470984821E1,1.755848694E-1,-6.541397095E-2,9.877808990E0,9.879585998E0
4.471987921E1,1.698966980E-1,-5.718109131E-2,9.871971130E0,9.873598562E0
4.472991121E1,1.800755310E-1,-5.089416504E-2,9.868677979E0,9.870451988E0
4.473994221E1,1.932481384E-1,-4.969665527E-2,9.879305878E0,9.881320723E0
4.474997321E1,1.788780212E-1,-2.829116821E-2,9.852661285E0,9.854325555E0
4.476000521E1,1.823208618E-1,-2.709365845E-2,9.844727783E0,9.846453173E0
4.477003621E1,1.697470093E-1,-3.353027344E-2,9.841135254E0,9.842656217E0
4.478006721E1,1.688488770E-1,-4.580474854E-2,9.861043854E0,9.862595698E0
4.479009921E1,1.743873596E-1,-5.448669434E-2,9.843230896E0,9.844926319E0
4.480013021E1,1.679507446E-1,-6.391708374E-2,9.847571869E0,9.849211367E0
4.481016221E1,1.812730408E-1,-8.517288208E-2,9.858499146E0,9.860533441E0
4.482019321E1,2.097138977E-1,-8.382568359E-2,9.869426422E0,9.872010158E0
4.483022421E1,2.137554932E-1,-7.379653931E-2,9.879754944E0,9.882342591E0
4.484025621E1,2.290237427E-1,-8.143066406E-2,9.918674011E0,9.921651927E0
4.485028721E1,2.368075562E-1,-1.098715210E-1,9.915680237E0,9.919116096E0
4.486031821E1,2.303709412E-1,-1.206491089E-1,9.887838135E0,9.891257249E0
4.487035021E1,2.149530029E-1,-1.448986816E-1,9.869426422E0,9.872830310E0
4.488038121E1,2.210902405E-1,-1.321751404E-1,9.863738251E0,9.867101066E0
4.489041321E1,2.064207458E-1,-1.207987976E-1,9.853858795E0,9.856760879E0
4.490044421E1,1.950444031E-1,-9.086105347E-2,9.826166382E0,9.828521955E0
4.491047521E1,1.917512512E-1,-5.029541016E-2,9.797426147E0,9.799431478E0
4.492050721E1,1.941462708E-1,-2.185455322E-2,9.803413696E0,9.805360294E0
4.493053821E1,1.871109009E-1,-2.619552612E-2,9.829010468E0,9.830826184E0
4.494056921E1,1.704954529E-1,-4.760101318E-2,9.857601013E0,9.859190245E0
4.495060121E1,1.660047913E-1,-6.256988525E-2,9.890382843E0,9.891973785E0
4.496063221E1,1.624122620E-1,-8.547225952E-2,9.899513855E0,9.901214967E0
4.497066421E1,1.670526123E-1,-9.370513916E-2,9.853110352E0,9.854971884E0
4.498069521E1,1.454974365E-1,-1.109193420E-1,9.829609222E0,9.831311717E0
4.499072621E1,1.624122620E-1,-1.079255676E-1,9.915530548E0,9.917447843E0
4.500075821E1,2.239343262E-1,-9.864486694E-2,1.001657043E1,1.001955891E1
4.501078921E1,2.709365845E-1,-1.119671631E-1,9.991123352E0,9.995423408E0
4.502082021E1,2.381547546E-1,-1.074765015E-1,9.823771362E0,9.827245426E0
4.503085221E1,1.719923401E-1,-9.011260986E-2,9.704619141E0,9.706561405E0
4.504088321E1,1.401086426E-1,-9.699829102E-2,9.740993500E0,9.742483947E0
4.505091521E1,1.435514832E-1,-8.262817383E-2,9.835147705E0,9.836542321E0
4.506094621E1,1.727407837E-1,-9.879455566E-2,9.901459808E0,9.903459299E0
4.507097721E1,2.118095398E-1,-1.083746338E-1,9.888287201E0,9.891149180E0
4.508100921E1,2.032772827E-1,-8.846603394E-2,9.826016693E0,9.828517281E0
4.509104021E1,1.782792664E-1,-8.068222046E-2,9.794582062E0,9.796536678E0
4.510107221E1,1.463955688E-1,-4.790039063E-2,9.829459534E0,9.830666347E0
4.511110321E1,1.284329224E-1,-4.041595459E-2,9.854307861E0,9.855227643E0
4.512113421E1,1.636097717E-1,-2.395019531E-2,9.865983582E0,9.867369143E0
4.513116621E1,2.007325745E-1,5.388793945E-3,9.871821442E0,9.873863539E0
4.514119721E1,2.275268555E-1,-1.017883301E-2,9.886341248E0,9.888964321E0
4.515122821E1,2.438429260E-1,-1.766326904E-2,9.909542999E0,9.912558389E0
4.516126021E1,2.209405518E-1,-3.607498169E-2,9.905052338E0,9.907581841E0
4.517129121E1,1.996847534E-1,-8.083190918E-2,9.908345490E0,9.910687067E0
4.518132321E1,1.863624573E-1,-1.128652954E-1,9.904303894E0,9.906700014E0
4.519135421E1,1.809736633E-1,-1.333726501E-1,9.854457550E0,9.857021525E0
4.520138521E1,1.683998108E-1,-1.384620667E-1,9.821226654E0,9.823646127E0
4.521141721E1,1.454974365E-1,-1.459465027E-1,9.810449066E0,9.812613350E0
4.522144821E1,1.383123779E-1,-1.477427673E-1,9.812095642E0,9.814182550E0
4.523147921E1,1.531315613E-1,-1.348695374E-1,9.840087433E0,9.842202993E0
4.524151121E1,1.676513672E-1,-1.140628052E-1,9.842332764E0,9.844421341E0
4.525154221E1,1.815724182E-1,-1.163081360E-1,9.829459534E0,9.831824391E0
4.526157421E1,2.022294617E-1,-9.984237671E-2,9.838291168E0,9.840875894E0
4.527160521E1,2.056723022E-1,-9.535171509E-2,9.859846344E0,9.862452178E0
4.528163621E1,1.785786438E-1,-9.265731812E-2,9.891580353E0,9.893626109E0
4.529166821E1,1.585203552E-1,-1.016386414E-1,9.888436890E0,9.890229686E0
4.530169921E1,1.297801208E-1,-8.023315430E-2,9.860445099E0,9.861625514E0
4.531173021E1,1.143621826E-1,-3.382965088E-2,9.866282959E0,9.867003729E0
4.532176221E1,1.363664246E-1,-1.856140137E-2,9.852062531E0,9.853023720E0
4.533179321E1,1.639091492E-1,-5.837860107E-3,9.833650818E0,9.835018490E0
4.534182521E1,1.824705505E-1,-1.766326904E-2,9.806557159E0,9.808270531E0
4.535185621E1,1.833686829E-1,-3.891906738E-2,9.844278717E0,9.846063286E0
4.536188721E1,1.901046753E-1,-6.990463257E-2,9.857301636E0,9.859382434E0
4.537191921E1,1.889071655E-1,-8.666976929E-2,9.904902649E0,9.907083024E0
4.538195021E1,1.751358032E-1,-1.043330383E-1,9.922266541E0,9.924360495E0
4.539198121E1,1.924996948E-1,-9.894424438E-2,9.895771637E0,9.898138329E0
4.540201321E1,1.986369324E-1,-1.020877075E-1,9.877359924E0,9.879884494E0
4.541204421E1,1.986369324E-1,-9.175918579E-2,9.876312103E0,9.878735604E0
4.542207621E1,1.923500061E-1,-8.801696777E-2,9.850715332E0,9.852986251E0
4.543210721E1,1.734892273E-1,-7.903564453E-2,9.851164398E0,9.853008939E0
4.544213821E1,1.676513672E-1,-6.511459351E-2,9.838590546E0,9.840234287E0
4.545217021E1,1.645079041E-1,-4.715194702E-2,9.864037628E0,9.865522008E0
4.546220121E1,1.657054138E-1,-7.050338745E-2,9.880204010E0,9.881844984E0
4.547223321E1,1.579216003E-1,-7.664062500E-2,9.861941986E0,9.863504081E0
4.548226421E1,1.628613281E-1,-1.058299255E-1,9.856403503E0,9.858316987E0
4.549229521E1,1.718426514E-1,-1.251397705E-1,9.850565643E0,9.852859146E0
4.550232721E1,1.748364258E-1,-1.330732727E-1,9.842482452E0,9.844934591E0
4.551235821E1,1.595681763E-1,-1.399589539E-1,9.852361908E0,9.854647923E0
4.552238921E1,1.517843628E-1,-1.428030396E-1,9.832303619E0,9.834511969E0
4.553242121E1,1.625619507E-1,-1.303788757E-1,9.828262024E0,9.830470968E0
4.554245221E1,1.627116394E-1,-1.185534668E-1,9.812395020E0,9.814460047E0
4.555248421E1,1.697470093E-1,-8.756790161E-2,9.836195526E0,9.838049838E0
4.556251521E1,1.628613281E-1,-8.472381592E-2,9.849068756E0,9.850779528E0
4.557254621E1,1.538800049E-1,-8.352630615E-2,9.863738251E0,9.865292088E0
4.558257821E1,1.514849854E-1,-8.023315430E-2,9.881551208E0,9.883037961E0
4.559260921E1,1.517843628E-1,-5.703140259E-2,9.892478485E0,9.893807237E0
4.560264021E1,1.634600830E-1,-6.286926270E-2,9.881401520E0,9.882953391E0
4.561267221E1,1.438508606E-1,-6.077362061E-2,9.865983582E0,9.867219392E0
4.562270321E1,1.356179810E-1,-4.685256958E-2,9.862989807E0,9.864033421E0
4.563273521E1,1.422042847E-1,-7.274871826E-2,9.849667511E0,9.850962619E0
4.564276621E1,1.323248291E-1,-7.559280396E-2,9.857750702E0,9.858928595E0
4.565279721E1,1.312770081E-1,-8.053253174E-2,9.856852570E0,9.858055676E0
4.566282921E1,1.499880981E-1,-8.457412720E-2,9.863738251E0,9.865241076E0
4.567286021E1,1.487905884E-1,-8.143066406E-2,9.857900391E0,9.859359498E0
4.568289121E1,1.468446350E-1,-8.652008057E-2,9.860445099E0,9.861917999E0
4.569292321E1,1.472937012E-1,-9.460327148E-2,9.846224670E0,9.847780739E0
4.570295421E1,1.514849854E-1,-9.714797974E-2,9.855205994E0,9.856848919E0
4.571298567E1,1.516346741E-1,-1.001417542E-1,9.882599030E0,9.884269575E0
4.572301667E1,1.689985657E-1,-9.310638428E-2,9.892478485E0,9.894360004E0
4.573304767E1,1.824705505E-1,-7.708969116E-2,9.893376617E0,9.895359479E0
4.574307967E1,1.683998108E-1,-6.496490479E-2,9.865085449E0,9.866736535E0
4.575311067E1,1.558259583E-1,-7.679031372E-2,9.830507355E0,9.832042175E0
4.576314267E1,1.348695374E-1,-8.113128662E-2,9.836794281E0,9.838053354E0
4.577317367E1,1.399589539E-1,-9.774673462E-2,9.846823425E0,9.848303128E0
4.578320467E1,1.547781372E-1,-1.088237000E-1,9.868378601E0,9.870192252E0
4.579323667E1,1.499880981E-1,-1.077758789E-1,9.842183075E0,9.843915875E0
4.580326767E1,1.327738953E-1,-9.819580078E-2,9.779463501E0,9.780857717E0
4.581329867E1,1.282832336E-1,-9.430389404E-2,9.804162140E0,9.805454863E0
4.582333067E1,1.308279419E-1,-9.505233765E-2,9.935738525E0,9.937054440E0
4.583336167E1,2.037263489E-1,-9.894424438E-2,1.005563919E1,1.005818940E1
4.584339367E1,2.200424194E-1,-1.100212097E-1,9.989476776E0,9.992505671E0
4.585342467E1,1.719923401E-1,-1.031355286E-1,9.817634125E0,9.819682180E0
4.586345567E1,1.197509766E-1,-1.035845947E-1,9.718240814E0,9.719530574E0
4.587348767E1,9.565109253E-2,-8.053253174E-2,9.754914551E0,9.755715889E0
4.588351867E1,8.816665649E-2,-1.004411316E-1,9.862241364E0,9.863146886E0
4.589354967E1,1.335223389E-1,-1.065783691E-1,9.913734283E0,9.915206231E0
4.590358167E1,1.773811340E-1,-1.073268127E-1,9.911339264E0,9.913507407E0
4.591361267E1,1.797761536E-1,-9.624984741E-2,9.842332764E0,9.844445019E0
4.592364467E1,1.606159973E-1,-6.661148071E-2,9.787846069E0,9.789390444E0
4.593367567E1,1.287322998E-1,-4.879852295E-2,9.817933502E0,9.818898694E0
4.594370667E1,1.074765015E-1,-1.811233521E-2,9.858648834E0,9.859251295E0
4.595373867E1,1.112187195E-1,-4.939727783E-3,9.862540741E0,9.863169058E0
4.596376967E1,1.419049072E-1,-8.981323242E-4,9.887838135E0,9.888856394E0
4.597380067E1,1.594184875E-1,5.239105225E-3,9.880054321E0,9.881341766E0
4.598383267E1,1.724414062E-1,-1.182540894E-2,9.894125061E0,9.895634725E0
4.599386367E1,1.773811340E-1,-4.221221924E-2,9.911339264E0,9.913016289E0
4.600389567E1,1.541793823E-1,-8.322692871E-2,9.916129303E0,9.917677065E0
4.601392667E1,1.434017944E-1,-1.176553345E-1,9.883646851E0,9.885387292E0
4.602395767E1,1.414558411E-1,-1.532812500E-1,9.856253815E0,9.858460537E0
4.603398967E1,1.284329224E-1,-1.508862305E-1,9.820627899E0,9.822626635E0
4.604402067E1,1.209484863E-1,-1.505868530E-1,9.827214203E0,9.829112062E0
4.605405167E1,1.269360352E-1,-1.499880981E-1,9.821226654E0,9.823192056E0
4.606408367E1,1.320254517E-1,-1.441502380E-1,9.820777588E0,9.822722761E0
4.607411467E1,1.344204712E-1,-1.190025330E-1,9.830357666E0,9.831996863E0
4.608414667E1,1.429527283E-1,-1.128652954E-1,9.837393036E0,9.839079012E0
4.609417767E1,1.426533508E-1,-1.092727661E-1,9.847422180E0,9.849061585E0
4.610420867E1,1.401086426E-1,-8.547225952E-2,9.834698639E0,9.836067977E0
4.611424067E1,1.288819885E-1,-7.873626709E-2,9.875863037E0,9.877017804E0
4.612427167E1,1.173559570E-1,-6.900650024E-2,9.900112610E0,9.901048632E0
4.613430367E1,1.100212097E-1,-5.777984619E-2,9.866582336E0,9.867364906E0
4.614433467E1,9.220825195E-2,-3.562591553E-2,9.867330780E0,9.867825915E0
4.615436567E1,1.103205872E-1,-2.739303589E-2,9.860445099E0,9.861100271E0
4.616439767E1,1.276844788E-1,-3.173400879E-2,9.837542725E0,9.838422497E0
4.617442867E1,1.459465027E-1,-5.553451538E-2,9.858648834E0,9.859885461E0
4.618445967E1,1.616638184E-1,-6.556365967E-2,9.875264282E0,9.876805072E0
4.619449167E1,1.460961914E-1,-7.214996338E-2,9.860744476E0,9.862090617E0
4.620452267E1,1.469943237E-1,-8.232879639E-2,9.857900391E0,9.859340012E0
4.621455467E1,1.448986816E-1,-7.708969116E-2,9.859696655E0,9.861062650E0
4.622458567E1,1.399589539E-1,-8.547225952E-2,9.893975372E0,9.895334390E0
4.623461667E1,1.438508606E-1,-8.098159790E-2,9.874815216E0,9.876194947E0
4.624464867E1,1.351689148E-1,-7.080276489E-2,9.876162415E0,9.877341125E0
4.625467967E1,1.422042847E-1,-7.065307617E-2,9.857002258E0,9.858281160E0
4.626471167E1,1.146615601E-1,-5.673202515E-2,9.845476227E0,9.846307325E0
4.627474267E1,1.338217163E-1,-4.939727783E-2,9.863289185E0,9.864320650E0
4.628477367E1,1.341210938E-1,-5.463638306E-2,9.864187317E0,9.865250378E0
4.629480567E1,1.387614441E-1,-6.107299805E-2,9.874366150E0,9.875529936E0
4.630483667E1,1.312770081E-1,-8.083190918E-2,9.860295410E0,9.861500546E0
4.631486767E1,1.172062683E-1,-1.041833496E-1,9.852511597E0,9.853759498E0
4.632489967E1,1.213975525E-1,-1.209484863E-1,9.873767395E0,9.875254350E0
4.633493067E1,1.134640503E-1,-1.420545959E-1,9.865384827E0,9.867059916E0
4.634496267E1,1.068777466E-1,-1.475930786E-1,9.885293427E0,9.886972878E0
4.635499367E1,1.052311707E-1,-1.495390320E-1,9.869426422E0,9.871120171E0
4.636502467E1,1.112187195E-1,-1.495390320E-1,9.829309845E0,9.831076419E0
4.637505667E1,1.157093811E-1,-1.357676697E-1,9.817035370E0,9.818655966E0
4.638508767E1,1.239422607E-1,-1.157093811E-1,9.809850311E0,9.811315583E0
4.639511867E1,1.136137390E-1,-1.073268127E-1,9.833501129E0,9.834743087E0
4.640515067E1,1.145118713E-1,-1.055305481E-1,9.875563660E0,9.876791344E0
4.641518167E1,1.200503540E-1,-9.969268799E-2,9.874964905E0,9.876197780E0
4.642521367E1,1.212478638E-1,-9.729766846E-2,9.865684204E0,9.866908974E0
4.643524467E1,1.029858398E-1,-9.086105347E-2,9.888436890E0,9.889390574E0
4.644527567E1,9.864486694E-2,-6.256988525E-2,9.858648834E0,9.859340882E0
4.645530767E1,1.092727661E-1,-5.508544922E-2,9.864337006E0,9.865096021E0
4.646533867E1,1.082249451E-1,-4.505630493E-2,9.874066772E0,9.874762647E0
4.647536967E1,9.834548950E-2,-5.463638306E-2,9.870174866E0,9.870816017E0
4.648540167E1,9.595046997E-2,-7.185058594E-2,9.849068756E0,9.849798189E0
4.649543267E1,9.415420532E-2,-8.098159790E-2,9.850415955E0,9.851198786E0
4.650546467E1,9.235794067E-2,-9.999206543E-2,9.863139496E0,9.864078726E0
4.651549567E1,9.684860229E-2,-1.038839722E-1,9.870025177E0,9.871046982E0
4.652552667E1,1.092727661E-1,-9.744735718E-2,9.886341248E0,9.887425337E0
4.653555867E1,1.197509766E-1,-1.157093811E-1,9.859846344E0,9.861252399E0
4.654558967E1,1.240919495E-1,-1.216969299E-1,9.870474243E0,9.872004393E0
4.655562167E1,1.194515991E-1,-1.134640503E-1,9.878407745E0,9.879781493E0
4.656565267E1,1.365161133E-1,-1.004411316E-1,9.882599030E0,9.884052238E0
4.657568367E1,1.287322998E-1,-7.424560547E-2,9.867779846E0,9.868898799E0
4.658571567E1,1.240919495E-1,-7.454498291E-2,9.809700623E0,9.810768679E0
4.659574667E1,1.079255676E-1,-6.451583862E-2,9.776170349E0,9.776978926E0
4.660577767E1,7.110214233E-2,-6.930587769E-2,9.785451050E0,9.785954786E0
4.661580967E1,7.649093628E-2,-7.589218140E-2,9.829758911E0,9.830349472E0
4.662584067E1,7.125183105E-2,-8.681945801E-2,9.862690430E0,9.863329912E0
4.663587267E1,7.484436035E-2,-1.070274353E-1,9.875863037E0,9.876726547E0
4.664590367E1,9.310638428E-2,-1.146615601E-1,9.836345215E0,9.837454104E0
4.665593467E1,1.047821045E-1,-1.228944397E-1,9.828411713E0,9.829738508E0
4.666596667E1,1.213975525E-1,-1.137634277E-1,9.947264557E0,9.948655771E0
4.667599767E1,1.752854919E-1,-1.106199646E-1,1.005533981E1,1.005747585E1
4.668602867E1,2.022294617E-1,-9.909393311E-2,1.004980133E1,1.005232427E1
4.669606067E1,1.643582153E-1,-8.487350464E-2,9.833351440E0,9.835091138E0
4.670609167E1,8.592132568E-2,-7.454498291E-2,9.674232330E0,9.674901065E0
4.671612371E1,3.787124634E-2,-6.975494385E-2,9.695188751E0,9.695513648E0
4.672615471E1,3.757186890E-2,-8.457412720E-2,9.825268250E0,9.825704077E0
4.673618571E1,9.190887451E-2,-9.340576172E-2,9.937385101E0,9.938249068E0
4.674621771E1,1.350192261E-1,-1.001417542E-1,9.935738525E0,9.937160490E0
4.675624871E1,1.604663086E-1,-9.310638428E-2,9.875264282E0,9.877006777E0
4.676628071E1,1.371148682E-1,-8.098159790E-2,9.827513580E0,9.828803675E0
4.677631171E1,1.207987976E-1,-6.496490479E-2,9.819879456E0,9.820837302E0
4.678634271E1,8.592132568E-2,-3.757186890E-2,9.849517822E0,9.849964236E0
4.679637471E1,7.379653931E-2,-3.353027344E-2,9.875413971E0,9.875746620E0
4.680640571E1,8.008346558E-2,-1.930984497E-2,9.891280975E0,9.891624010E0
4.681643671E1,9.654922485E-2,1.796264648E-3,9.877509613E0,9.877981633E0
4.682646871E1,1.293310547E-1,-1.077758789E-2,9.884245605E0,9.885097565E0
4.683649971E1,1.543290710E-1,-1.766326904E-2,9.897867279E0,9.899086126E0
4.684653171E1,1.531315613E-1,-4.610412598E-2,9.901759186E0,9.903050532E0
4.685656271E1,1.531315613E-1,-7.454498291E-2,9.900861053E0,9.902325779E0
4.686659371E1,1.097218323E-1,-9.684860229E-2,9.869725800E0,9.870810802E0
4.687662571E1,1.028361511E-1,-1.257385254E-1,9.868079224E0,9.869416042E0
4.688665671E1,7.319778442E-2,-1.296304321E-1,9.826765137E0,9.827892705E0
4.689668771E1,5.328918457E-2,-1.413061523E-1,9.819580078E0,9.820741320E0
4.690671971E1,4.326004028E-2,-1.453477478E-1,9.826465759E0,9.827635866E0
4.691675071E1,6.436614990E-2,-1.401086426E-1,9.848619690E0,9.849826558E0
4.692678271E1,9.699829102E-2,-1.267863464E-1,9.838889923E0,9.840184875E0
4.693681371E1,1.058299255E-1,-1.194515991E-1,9.858798523E0,9.860090110E0
4.694684471E1,1.231938171E-1,-1.146615601E-1,9.866732025E0,9.868167249E0
4.695687671E1,1.152603149E-1,-1.026864624E-1,9.883796539E0,9.885001946E0
4.696690771E1,1.160087585E-1,-7.394622803E-2,9.896819458E0,9.897775581E0
4.697693971E1,9.789642334E-2,-4.805007935E-2,9.833052063E0,9.833656766E0
4.698697071E1,7.753875732E-2,-3.547622681E-2,9.809251556E0,9.809622160E0
4.699700171E1,5.822891235E-2,-2.709365845E-2,9.827962646E0,9.828172488E0
4.700703371E1,9.759704590E-2,-2.499801636E-2,9.826166382E0,9.826682851E0
4.701706471E1,1.193019104E-1,-5.508544922E-2,9.859696655E0,9.860572270E0
4.702709571E1,1.472937012E-1,-7.484436035E-2,9.898316345E0,9.899695126E0
4.703712771E1,1.432521057E-1,-8.711883545E-2,9.886940002E0,9.888361516E0
4.704715871E1,1.483415222E-1,-8.681945801E-2,9.893526306E0,9.895019232E0
4.705719071E1,1.314266968E-1,-9.086105347E-2,9.905501404E0,9.906789933E0
4.706722171E1,1.119671631E-1,-7.454498291E-2,9.906100159E0,9.907013372E0
4.707725271E1,1.044827271E-1,-6.376739502E-2,9.896071014E0,9.896827999E0
4.708728471E1,9.984237671E-2,-7.903564453E-2,9.872869263E0,9.873690425E0
4.709731571E1,9.445358276E-2,-5.927673340E-2,9.855954437E0,9.856585265E0
4.710734671E1,1.193019104E-1,-6.032455444E-2,9.854607239E0,9.855513981E0
4.711737871E1,1.181044006E-1,-4.550537109E-2,9.838889923E0,9.839703975E0
4.712740971E1,1.261875916E-1,-5.613327026E-2,9.851763153E0,9.852731168E0
4.713744171E1,1.393601990E-1,-5.688171387E-2,9.870025177E0,9.871172868E0
4.714747271E1,1.193019104E-1,-8.307723999E-2,9.880503387E0,9.881572849E0
4.715750371E1,1.276844788E-1,-8.846603394E-2,9.873318329E0,9.874540211E0
4.716753571E1,1.260379028E-1,-9.864486694E-2,9.860445099E0,9.861743959E0
4.717756671E1,1.058299255E-1,-1.248403931E-1,9.861043854E0,9.862401887E0
4.718759871E1,1.073268127E-1,-1.152603149E-1,9.845925293E0,9.847184819E0
4.719762971E1,1.130149841E-1,-1.204994202E-1,9.842931519E0,9.844317822E0
4.720766071E1,1.172062683E-1,-1.169068909E-1,9.828561401E0,9.829955430E0
4.721769271E1,9.550140381E-2,-8.861572266E-2,9.819131012E0,9.819995270E0
4.722772371E1,9.445358276E-2,-7.589218140E-2,9.825567627E0,9.826314685E0
4.723775471E1,8.786727905E-2,-7.170089722E-2,9.836045837E0,9.836699619E0
4.724778671E1,9.190887451E-2,-8.352630615E-2,9.852960663E0,9.853743335E0
4.725781771E1,1.178050232E-1,-7.304809570E-2,9.904603271E0,9.905573179E0
4.726784971E1,1.127156067E-1,-7.993377686E-2,9.918524323E0,9.919486829E0
4.727788071E1,1.058299255E-1,-6.990463257E-2,9.884395294E0,9.885208999E0
4.728791171E1,1.085243225E-1,-5.089416504E-2,9.868677979E0,9.869405898E0
4.729794371E1,1.016386414E-1,-4.550537109E-2,9.846374359E0,9.847004071E0
4.730797471E1,8.786727905E-2,-3.562591553E-2,9.865085449E0,9.865541079E0
4.731800571E1,8.876541138E-2,-4.415817261E-2,9.865085449E0,9.865583620E0
4.732803771E1,1.044827271E-1,-5.912704468E-2,9.849517822E0,9.850249437E0
4.733806871E1,1.163081360E-1,-5.568420410E-2,9.850116577E0,9.850960608E0
4.734810071E1,1.272354126E-1,-8.038284302E-2,9.865085449E0,9.866233383E0
4.735813171E1,1.273851013E-1,-7.828720093E-2,9.874964905E0,9.876096786E0
4.736816271E1,1.350192261E-1,-8.053253174E-2,9.865384827E0,9.866637394E0
4.737819471E1,1.272354126E-1,-7.933502197E-2,9.846224670E0,9.847366306E0
4.738822571E1,1.088237000E-1,-9.400451660E-2,9.836943970E0,9.837995025E0
4.739825771E1,1.118174744E-1,-8.277786255E-2,9.869127045E0,9.870107595E0
4.740828871E1,1.290316772E-1,-6.750961304E-2,9.896669769E0,9.897741118E0
4.741831971E1,1.438508606E-1,-6.316864014E-2,9.886940002E0,9.888188204E0
4.742835171E1,1.628613281E-1,-4.340972900E-2,9.858050079E0,9.859490838E0
4.743838271E1,1.426533508E-1,-5.987548828E-2,9.822873230E0,9.824091487E0
4.744841371E1,1.086740112E-1,-6.631210327E-2,9.812095642E0,9.812921493E0
4.745844571E1,7.903564453E-2,-6.391708374E-2,9.808203735E0,9.808730425E0
4.746847671E1,6.376739502E-2,-8.876541138E-2,9.836494904E0,9.837102092E0
4.747850871E1,9.145980835E-2,-1.005908203E-1,9.849517822E0,9.850456068E0
4.748853971E1,1.094224548E-1,-1.071771240E-1,9.806706848E0,9.807902906E0
4.749857071E1,9.939331055E-2,-8.143066406E-2,9.812395020E0,9.813236266E0
4.750860271E1,1.288819885E-1,-7.364685059E-2,9.924811249E0,9.925921254E0
4.751863371E1,1.830693054E-1,-7.244934082E-2,1.001821701E1,1.002015146E1
4.752866571E1,2.113604736E-1,-7.409591675E-2,1.002749771E1,1.002999869E1
4.753869671E1,1.920506287E-1,-7.050338745E-2,9.867031403E0,9.869152085E0
4.754872771E1,9.160949707E-2,-4.730163574E-2,9.704918518E0,9.705466150E0
4.755875971E1,4.580474854E-2,-4.251159668E-2,9.719737701E0,9.719938595E0
4.756879071E1,6.137237549E-2,-4.311035156E-2,9.816286926E0,9.816573439E0
4.757882171E1,9.475296021E-2,-7.274871826E-2,9.928852844E0,9.929571456E0
4.758885371E1,1.332229614E-1,-9.954299927E-2,9.933044128E0,9.934436211E0
4.759888471E1,1.630110168E-1,-9.535171509E-2,9.876761169E0,9.878566482E0
4.760891671E1,1.513352966E-1,-8.292755127E-2,9.834698639E0,9.836212516E0
4.761894771E1,1.142124939E-1,-5.763015747E-2,9.815987549E0,9.816821140E0
4.762897871E1,8.846603394E-2,-3.921844482E-2,9.831555176E0,9.832031403E0
4.763901071E1,9.175918579E-2,-1.841171265E-2,9.853409729E0,9.853854171E0
4.764904171E1,1.142124939E-1,-6.286926270E-3,9.858948212E0,9.859611750E0
4.765907271E1,1.460961914E-1,-6.436614990E-3,9.869576111E0,9.870659458E0
4.766910471E1,1.666035461E-1,-1.990859985E-2,9.875713348E0,9.877138616E0
4.767913571E1,1.456471252E-1,-2.050735474E-2,9.879006500E0,9.880101369E0
4.768916771E1,1.375639343E-1,-4.415817261E-2,9.873018951E0,9.874076007E0
4.769919871E1,1.207987976E-1,-8.202941895E-2,9.875563660E0,9.876643092E0
4.770922971E1,1.251397705E-1,-1.068777466E-1,9.843530273E0,9.844905843E0
4.771926221E1,1.158590698E-1,-1.188528442E-1,9.856403503E0,9.857800939E0
4.772929321E1,1.251397705E-1,-1.327738953E-1,9.857750702E0,9.859439019E0
4.773932521E1,9.789642334E-2,-1.318757629E-1,9.840536499E0,9.841907006E0
4.774935621E1,8.786727905E-2,-1.288819885E-1,9.835447083E0,9.836683920E0
4.775938721E1,1.122665405E-1,-1.062789917E-1,9.833501129E0,9.834716237E0
4.776941921E1,1.246907043E-1,-9.789642334E-2,9.839039612E0,9.840316660E0
4.777945021E1,1.291813660E-1,-8.023315430E-2,9.842183075E0,9.843357804E0
4.778948121E1,1.234931946E-1,-1.056802368E-1,9.852062531E0,9.853403219E0
4.779951321E1,1.167572021E-1,-7.933502197E-2,9.878557434E0,9.879565945E0
4.780954421E1,9.849517822E-2,-5.957611084E-2,9.897567902E0,9.898237266E0
4.781957621E1,1.076261902E-1,-4.610412598E-2,9.861343231E0,9.862038294E0
4.782960721E1,9.460327148E-2,-1.152603149E-2,9.860894165E0,9.861354692E0
4.783963821E1,9.190887451E-2,-3.891906738E-3,9.850715332E0,9.851144854E0
4.784967021E1,1.266366577E-1,-7.484436035E-4,9.811796265E0,9.812613482E0
4.785970121E1,1.520837402E-1,-2.200424194E-2,9.841434631E0,9.842634264E0
4.786973221E1,1.655557251E-1,-4.954696655E-2,9.885892181E0,9.887402481E0
4.787976421E1,1.591191101E-1,-6.735992432E-2,9.869276733E0,9.870789203E0
4.788979521E1,1.266366577E-1,-8.232879639E-2,9.854457550E0,9.855615074E0
4.789982721E1,1.097218323E-1,-8.532257080E-2,9.882149963E0,9.883127375E0
4.790985821E1,1.137634277E-1,-9.924362183E-2,9.894873505E0,9.896025116E0
4.791988921E1,1.116677856E-1,-8.711883545E-2,9.893077240E0,9.894090997E0
4.792992121E1,1.312770081E-1,-7.035369873E-2,9.886041870E0,9.887163757E0
4.793995221E1,1.330732727E-1,-6.750961304E-2,9.868827667E0,9.869955703E0
4.794998421E1,1.561253357E-1,-4.191284180E-2,9.856253815E0,9.857579372E0
4.796001521E1,1.607656860E-1,-3.667373657E-2,9.863438873E0,9.864817128E0
4.797004621E1,1.423539734E-1,-4.834945679E-2,9.862091675E0,9.863237528E0
4.798007821E1,1.347198486E-1,-7.723937988E-2,9.876162415E0,9.877383226E0
4.799010921E1,1.278341675E-1,-7.679031372E-2,9.885592804E0,9.886717525E0
4.800014121E1,1.218466187E-1,-1.080752563E-1,9.855505371E0,9.856851068E0
4.801017221E1,1.088237000E-1,-1.311273193E-1,9.860744476E0,9.862216718E0
4.802020321E1,1.318757629E-1,-1.237925720E-1,9.854756927E0,9.856416688E0
4.803023521E1,1.348695374E-1,-1.125659180E-1,9.849218445E0,9.850784987E0
4.804026621E1,1.297801208E-1,-1.049317932E-1,9.846524048E0,9.847938332E0
4.805029721E1,1.261875916E-1,-8.711883545E-2,9.825118561E0,9.826315064E0
4.806032921E1,1.212478638E-1,-7.679031372E-2,9.818681946E0,9.819730798E0
4.807036021E1,1.178050232E-1,-4.984634399E-2,9.820627899E0,9.821460941E0
4.808039221E1,1.065783691E-1,-6.406677246E-2,9.837542725E0,9.838328636E0
4.809042321E1,1.115180969E-1,-6.990463257E-2,9.867181091E0,9.868058858E0
4.810045421E1,9.864486694E-2,-7.110214233E-2,9.870923309E0,9.871672265E0
4.811048621E1,1.109193420E-1,-7.379653931E-2,9.889484711E0,9.890382039E0
4.812051721E1,1.252894592E-1,-6.960525513E-2,9.893526306E0,9.894564422E0
4.813054921E1,1.252894592E-1,-6.526428223E-2,9.871971130E0,9.872981863E0
4.814058021E1,1.315763855E-1,-5.149291992E-2,9.876012726E0,9.877023399E0
4.815061121E1,1.278341675E-1,-6.631210327E-2,9.856553192E0,9.857605171E0
4.816064321E1,1.056802368E-1,-6.047424316E-2,9.861492920E0,9.862244575E0
4.817067421E1,1.261875916E-1,-6.271957397E-2,9.872270508E0,9.873276155E0
4.818070521E1,1.269360352E-1,-6.661148071E-2,9.871971130E0,9.873011893E0
4.819073721E1,1.167572021E-1,-7.409591675E-2,9.836494904E0,9.837466871E0
4.820076821E1,9.684860229E-2,-8.472381592E-2,9.830207977E0,9.831050130E0
4.821080021E1,9.415420532E-2,-7.813751221E-2,9.845176849E0,9.845937115E0
4.822083121E1,1.221459961E-1,-7.559280396E-2,9.881401520E0,9.882445543E0
4.823086221E1,1.471440125E-1,-7.125183105E-2,9.895472260E0,9.896822693E0
4.824089421E1,1.764830017E-1,-5.044509888E-2,9.882599030E0,9.884303442E0
4.825092521E1,1.682501221E-1,-5.134323120E-2,9.851164398E0,9.852734860E0
4.826095721E1,1.413061523E-1,-4.370910645E-2,9.828262024E0,9.829374971E0
4.827098821E1,1.079255676E-1,-6.541397095E-2,9.805060272E0,9.805872417E0
4.828101921E1,7.963439941E-2,-9.475296021E-2,9.834099884E0,9.834878763E0
4.829105121E1,8.128097534E-2,-1.113684082E-1,9.854008484E0,9.854972994E0
4.830108221E1,9.445358276E-2,-1.342707825E-1,9.818831635E0,9.820203908E0
4.831111321E1,1.059796143E-1,-1.055305481E-1,9.788893890E0,9.790036362E0
4.832114521E1,1.101708984E-1,-1.026864624E-1,9.867330780E0,9.868480068E0
4.833117621E1,1.492396545E-1,-1.031355286E-1,9.971663818E0,9.973313828E0
4.834120821E1,2.062710571E-1,-8.756790161E-2,1.007554779E1,1.007803945E1
4.835123921E1,2.149530029E-1,-7.619155884E-2,9.980495453E0,9.983100692E0
4.836127021E1,1.526824951E-1,-5.897735596E-2,9.776619415E0,9.777989439E0
4.837130221E1,5.583389282E-2,-3.861968994E-2,9.689051514E0,9.689289352E0
4.838133321E1,2.978805542E-2,-5.014572144E-2,9.760003967E0,9.760178244E0
4.839136421E1,6.092330933E-2,-6.661148071E-2,9.876461792E0,9.876874317E0
4.840139621E1,1.288819885E-1,-8.217910767E-2,9.923164673E0,9.924341847E0
4.841142721E1,1.660047913E-1,-1.204994202E-1,9.896969147E0,9.899094706E0
4.842145921E1,1.800755310E-1,-1.178050232E-1,9.850116577E0,9.852466788E0
4.843149021E1,1.592687988E-1,-9.565109253E-2,9.833201752E0,9.834956653E0
4.844152121E1,1.106199646E-1,-6.945556641E-2,9.839937744E0,9.840804625E0
4.845155321E1,7.888595581E-2,-4.790039063E-2,9.864935760E0,9.865367454E0
4.846158421E1,9.220825195E-2,-1.616638184E-2,9.875264282E0,9.875707993E0
4.847161621E1,1.098715210E-1,-8.083190918E-3,9.852511597E0,9.853127516E0
4.848164721E1,1.438508606E-1,-1.945953369E-3,9.863738251E0,9.864787334E0
4.849167821E1,1.399589539E-1,-2.903961182E-2,9.868528290E0,9.869563436E0
4.850171021E1,1.499880981E-1,-4.056564331E-2,9.877359924E0,9.878581936E0
4.851174121E1,1.302291870E-1,-6.750961304E-2,9.892478485E0,9.893565978E0
4.852177221E1,1.420545959E-1,-8.786727905E-2,9.876761169E0,9.878173483E0
4.853180421E1,1.344204712E-1,-1.176553345E-1,9.867929535E0,9.869546339E0
4.854183521E1,1.118174744E-1,-1.273851013E-1,9.845476227E0,9.846935170E0
4.855186721E1,9.654922485E-2,-1.341210938E-1,9.841284943E0,9.842672378E0
4.856189821E1,8.307723999E-2,-1.245410156E-1,9.840686188E0,9.841824878E0
4.857192921E1,9.535171509E-2,-1.221459961E-1,9.835147705E0,9.836368333E0
4.858196121E1,1.148112488E-1,-1.019380188E-1,9.847272491E0,9.848469348E0
4.859199221E1,1.308279419E-1,-1.098715210E-1,9.831255798E0,9.832740120E0
4.860202421E1,1.323248291E-1,-1.028361511E-1,9.840686188E0,9.842113075E0
4.861205521E1,1.300794983E-1,-8.038284302E-2,9.860445099E0,9.861630678E0
4.862208621E1,1.323248291E-1,-6.780899048E-2,9.861792297E0,9.862913121E0
4.863211821E1,1.287322998E-1,-4.430786133E-2,9.859996033E0,9.860935907E0
4.864214921E1,1.152603149E-1,-3.442840576E-2,9.826016693E0,9.826752989E0
4.865218021E1,8.457412720E-2,-2.065704346E-2,9.853858795E0,9.854243383E0
4.866221221E1,1.041833496E-1,-2.739303589E-2,9.835297394E0,9.835887320E0
4.867224321E1,1.267863464E-1,-2.529739380E-2,9.845476227E0,9.846325044E0
4.868227521E1,1.637594604E-1,-5.703140259E-2,9.884245605E0,9.885766583E0
4.869230621E1,1.640588379E-1,-8.786727905E-2,9.893376617E0,9.895126925E0
4.870233721E1,1.520837402E-1,-1.049317932E-1,9.895621948E0,9.897346811E0
4.871236908E1,1.234931946E-1,-1.149609375E-1,9.886940002E0,9.888379503E0
4.872240008E1,1.089733887E-1,-1.164578247E-1,9.879455566E0,9.880742883E0
4.873243208E1,9.714797974E-2,-1.148112488E-1,9.874515839E0,9.875661112E0
4.874246308E1,9.370513916E-2,-8.906478882E-2,9.868079224E0,9.868926018E0
4.875249408E1,8.472381592E-2,-7.185058594E-2,9.870025177E0,9.870650314E0
4.876252608E1,1.131646729E-1,-3.772155762E-2,9.858648834E0,9.859370467E0
4.877255708E1,1.236428833E-1,-3.577560425E-2,9.857451324E0,9.858291641E0
4.878258908E1,1.309776306E-1,-4.296066284E-2,9.873318329E0,9.874280510E0
4.879262008E1,1.504371643E-1,-4.131408691E-2,9.861193542E0,9.862427504E0
4.880265108E1,1.537303162E-1,-5.688171387E-2,9.851164398E0,9.852528028E0
4.881268308E1,1.323248291E-1,-8.951385498E-2,9.869875488E0,9.871168358E0
4.882271408E1,1.234931946E-1,-1.155596924E-1,9.860295410E0,9.861745798E0
4.883274508E1,1.080752563E-1,-1.296304321E-1,9.852661285E0,9.854106693E0
4.884277708E1,9.550140381E-2,-1.218466187E-1,9.861343231E0,9.862558362E0
4.885280808E1,9.175918579E-2,-1.252894592E-1,9.830207977E0,9.831434589E0
4.886284008E1,1.011895752E-1,-1.077758789E-1,9.830058289E0,9.831169866E0
4.887287108E1,1.106199646E-1,-9.430389404E-2,9.799072723E0,9.800150827E0
4.888290208E1,1.188528442E-1,-8.547225952E-2,9.806856537E0,9.807949156E0
4.889293408E1,1.194515991E-1,-7.274871826E-2,9.839338989E0,9.840332962E0
4.890296508E1,1.047821045E-1,-7.140151978E-2,9.865684204E0,9.866498988E0
4.891299708E1,1.210981750E-1,-7.634124756E-2,9.895771637E0,9.896807013E0
4.892302808E1,1.095721436E-1,-6.526428223E-2,9.903555450E0,9.904376610E0
4.893305908E1,1.068777466E-1,-5.942642212E-2,9.877210236E0,9.877967220E0
4.894309108E1,1.088237000E-1,-6.780899048E-2,9.860445099E0,9.861278731E0
4.895312208E1,9.175918579E-2,-6.765930176E-2,9.857301636E0,9.857960898E0
4.896315308E1,9.595046997E-2,-7.394622803E-2,9.850266266E0,9.851011118E0
4.897318508E1,9.939331055E-2,-7.903564453E-2,9.849368134E0,9.850186714E0
4.898321608E1,9.669891357E-2,-8.532257080E-2,9.875713348E0,9.876555308E0
4.899324808E1,1.062789917E-1,-8.756790161E-2,9.885742493E0,9.886701573E0
4.900327908E1,1.103205872E-1,-1.008901978E-1,9.886640625E0,9.887770846E0
4.901331008E1,1.022373962E-1,-1.049317932E-1,9.849966888E0,9.851056333E0
4.902334208E1,1.083746338E-1,-1.103205872E-1,9.833351440E0,9.834567415E0
4.903337308E1,1.025367737E-1,-1.067280579E-1,9.862091675E0,9.863202161E0
4.904340408E1,1.408570862E-1,-9.894424438E-2,9.906249847E0,9.907745289E0
4.905343608E1,1.574725342E-1,-9.969268799E-2,9.916877747E0,9.918628961E0
4.906346708E1,1.704954529E-1,-7.229965210E-2,9.886490936E0,9.888225269E0
4.907349908E1,1.347198486E-1,-6.212081909E-2,9.828262024E0,9.829381610E0
4.908353008E1,9.864486694E-2,-5.897735596E-2,9.808203735E0,9.808877084E0
4.909356108E1,7.110214233E-2,-8.173004150E-2,9.824968872E0,9.825566073E0
4.910359308E1,5.269042969E-2,-9.026229858E-2,9.839788055E0,9.840343111E0
4.911362408E1,8.592132568E-2,-1.073268127E-1,9.856104126E0,9.857062953E0
4.912365608E1,1.034349060E-1,-9.684860229E-2,9.832153931E0,9.833174937E0
4.913368708E1,9.535171509E-2,-9.654922485E-2,9.791737976E0,9.792678198E0
4.914371808E1,1.128652954E-1,-9.774673462E-2,9.896220703E0,9.897346978E0
4.915375008E1,1.697470093E-1,-1.050814819E-1,1.000444565E1,1.000643737E1
4.916378108E1,2.116598511E-1,-9.116043091E-2,1.007988876E1,1.008252288E1
4.917381308E1,2.010319519E-1,-8.352630615E-2,9.893526306E0,9.895921042E0
4.918384408E1,1.203497314E-1,-7.080276489E-2,9.724527740E0,9.725530159E0
4.919387508E1,3.532653809E-2,-7.185058594E-2,9.712852020E0,9.713182014E0
4.920390708E1,2.529739380E-2,-6.885681152E-2,9.802515564E0,9.802790042E0
4.921393808E1,7.559280396E-2,-7.858657837E-2,9.907447357E0,9.908047399E0
4.922396908E1,1.574725342E-1,-9.041198730E-2,9.946965179E0,9.948622428E0
4.923400108E1,1.806742859E-1,-1.193019104E-1,9.889035645E0,9.891405467E0
4.924403208E1,1.718426514E-1,-9.759704590E-2,9.851164398E0,9.853146456E0
4.925406408E1,1.200503540E-1,-7.469467163E-2,9.848320312E0,9.849335224E0
4.926409508E1,7.469467163E-2,-5.254074097E-2,9.839638367E0,9.840062145E0
4.927412608E1,6.376739502E-2,-3.397933960E-2,9.865085449E0,9.865350060E0
4.928415808E1,8.607101440E-2,-1.422042847E-2,9.868378601E0,9.868764191E0
4.929418908E1,1.227447510E-1,-1.886077881E-2,9.847122803E0,9.847905843E0
4.930422108E1,1.484912109E-1,-2.095642090E-2,9.873617706E0,9.874756474E0
4.931425208E1,1.434017944E-1,-3.936813354E-2,9.880353699E0,9.881472721E0
4.932428308E1,1.350192261E-1,-5.418731689E-2,9.886790314E0,9.887860697E0
4.933431508E1,1.354682922E-1,-9.475296021E-2,9.893226929E0,9.894608069E0
4.934434608E1,1.296304321E-1,-1.252894592E-1,9.895172882E0,9.896815036E0
4.935437708E1,1.225950623E-1,-1.417552185E-1,9.883347473E0,9.885124246E0
4.936440908E1,1.148112488E-1,-1.534309387E-1,9.862840118E0,9.864701611E0
4.937444008E1,1.025367737E-1,-1.595681763E-1,9.847871246E0,9.849697654E0
4.938447208E1,8.801696777E-2,-1.440005493E-1,9.815538483E0,9.816989297E0
4.939450308E1,9.774673462E-2,-1.378633118E-1,9.813592529E0,9.815047583E0
4.940453408E1,1.098715210E-1,-1.377136230E-1,9.817185059E0,9.818765669E0
4.941456608E1,1.225950623E-1,-1.320254517E-1,9.835297394E0,9.836947448E0
4.942459708E1,1.124162292E-1,-1.240919495E-1,9.856702881E0,9.858124969E0
4.943462908E1,1.306782532E-1,-1.053808594E-1,9.882149963E0,9.883575761E0
4.944466008E1,1.122665405E-1,-8.427474976E-2,9.894723816E0,9.895719550E0
4.945469108E1,8.981323242E-2,-4.999603271E-2,9.847272491E0,9.847808972E0
4.946472308E1,6.870712280E-2,-2.709365845E-2,9.837991791E0,9.838269015E0
4.947475408E1,6.331832886E-2,-1.616638184E-2,9.861043854E0,9.861260388E0
4.948478508E1,1.040336609E-1,-1.721420288E-2,9.845476227E0,9.846040903E0
4.949481708E1,1.375639343E-1,-1.287322998E-2,9.851314087E0,9.852282923E0
4.950484808E1,1.547781372E-1,-4.954696655E-2,9.864337006E0,9.865675635E0
4.951488008E1,1.414558411E-1,-8.741821289E-2,9.868528290E0,9.869929195E0
4.952491108E1,1.118174744E-1,-1.008901978E-1,9.883497162E0,9.884644563E0
4.953494208E1,1.038839722E-1,-1.155596924E-1,9.892628174E0,9.893848498E0
4.954497408E1,9.265731812E-2,-1.176553345E-1,9.903555450E0,9.904687714E0
4.955500508E1,1.064286804E-1,-1.239422607E-1,9.900262299E0,9.901610088E0
4.956503708E1,1.178050232E-1,-1.210981750E-1,9.892179108E0,9.893621697E0
4.957506808E1,1.260379028E-1,-1.004411316E-1,9.875413971E0,9.876728966E0
4.958509908E1,1.369651794E-1,-9.385482788E-2,9.853260040E0,9.854658878E0
4.959513108E1,1.365161133E-1,-7.768844604E-2,9.850266266E0,9.851518546E0
4.960516208E1,1.428030396E-1,-9.310638428E-2,9.859397278E0,9.860870965E0
4.961519408E1,1.423539734E-1,-8.951385498E-2,9.859696655E0,9.861130540E0
4.962522508E1,1.333726501E-1,-1.013392639E-1,9.869276733E0,9.870698109E0
4.963525608E1,1.161584473E-1,-1.206491089E-1,9.872420197E0,9.873840668E0
4.964528808E1,9.924362183E-2,-1.202000427E-1,9.852062531E0,9.853295563E0
4.965531908E1,1.017883301E-1,-1.311273193E-1,9.844578094E0,9.845977508E0
4.966535008E1,8.891510010E-2,-1.396595764E-1,9.837393036E0,9.838786126E0
4.967538208E1,9.984237671E-2,-1.276844788E-1,9.829758911E0,9.831095162E0
4.968541308E1,1.098715210E-1,-1.356179810E-1,9.815837860E0,9.817389515E0
4.969544508E1,1.053808594E-1,-1.254391479E-1,9.819580078E0,9.820946646E0
4.970547608E1,1.023870850E-1,-1.101708984E-1,9.825118561E0,9.826269662E0
4.971550679E1,9.984237671E-2,-1.059796143E-1,9.835297394E0,9.836375095E0
4.972553879E1,9.654922485E-2,-1.040336609E-1,9.865384827E0,9.866405756E0
4.973556979E1,9.684860229E-2,-1.025367737E-1,9.875863037E0,9.876870161E0
4.974560179E1,8.652008057E-2,-1.065783691E-1,9.887538757E0,9.888491662E0
4.975563279E1,8.442443848E-2,-1.071771240E-1,9.874665527E0,9.875608017E0
4.976566379E1,6.900650024E-2,-9.729766846E-2,9.853260040E0,9.853982046E0
4.977569579E1,9.370513916E-2,-9.325607300E-2,9.851763153E0,9.852650129E0
4.978572679E1,1.065783691E-1,-8.352630615E-2,9.867929535E0,9.868858541E0
4.979575779E1,1.095721436E-1,-9.325607300E-2,9.877659302E0,9.878707204E0
4.980578979E1,8.981323242E-2,-7.319778442E-2,9.871372375E0,9.872052315E0
4.981582079E1,8.487350464E-2,-9.684860229E-2,9.845176849E0,9.846019011E0
4.982585279E1,8.966354370E-2,-9.430389404E-2,9.851912842E0,9.852772169E0
4.983588379E1,9.056167603E-2,-1.031355286E-1,9.887538757E0,9.888491343E0
4.984591479E1,9.026229858E-2,-1.046324158E-1,9.904603271E0,9.905567182E0
4.985594679E1,1.071771240E-1,-1.052311707E-1,9.894723816E0,9.895863779E0
4.986597779E1,1.257385254E-1,-8.128097534E-2,9.854158173E0,9.855295534E0
4.987600979E1,1.335223389E-1,-8.936416626E-2,9.820478210E0,9.821792426E0
4.988604079E1,1.309776306E-1,-9.565109253E-2,9.817185059E0,9.818524673E0
4.989607179E1,1.113684082E-1,-1.038839722E-1,9.836045837E0,9.837224838E0
4.990610379E1,1.089733887E-1,-1.318757629E-1,9.856253815E0,9.857738365E0
4.991613479E1,9.774673462E-2,-1.227447510E-1,9.853409729E0,9.854658999E0
4.992616679E1,8.652008057E-2,-1.269360352E-1,9.826016693E0,9.827217436E0
4.993619779E1,7.993377686E-2,-1.261875916E-1,9.822873230E0,9.824008917E0
4.994622879E1,8.307723999E-2,-1.255888367E-1,9.907597046E0,9.908741273E0
4.995626079E1,1.492396545E-1,-1.344204712E-1,1.000833755E1,1.001035274E1
4.996629179E1,2.116598511E-1,-1.399589539E-1,1.002540207E1,1.002861282E1
4.997632279E1,1.865121460E-1,-1.348695374E-1,9.831255798E0,9.833949723E0
4.998635479E1,9.759704590E-2,-1.353186035E-1,9.723629608E0,9.725060877E0
4.999638579E1,3.712280273E-2,-1.228944397E-1,9.750124512E0,9.750969651E0
5.000641779E1,5.254074097E-2,-1.167572021E-1,9.826316071E0,9.827150161E0
5.001644879E1,8.247848511E-2,-1.206491089E-1,9.904453583E0,9.905531772E0
5.002647979E1,1.368154907E-1,-1.264869690E-1,9.890233154E0,9.891988136E0
5.003651179E1,1.722917175E-1,-1.160087585E-1,9.838889923E0,9.841082125E0
5.004654279E1,1.185534668E-1,-9.265731812E-2,9.816885681E0,9.818038744E0
5.005657479E1,8.128097534E-2,-7.664062500E-2,9.846673737E0,9.847307452E0
5.006660579E1,5.298980713E-2,-4.625381470E-2,9.865684204E0,9.865934935E0
5.007663679E1,5.912704468E-2,-3.562591553E-2,9.875863037E0,9.876104290E0
5.008666879E1,8.202941895E-2,-2.844085693E-2,9.871222687E0,9.871604482E0
5.009669979E1,1.028361511E-1,-4.011657715E-2,9.880054321E0,9.880670929E0
5.010673079E1,1.164578247E-1,-5.822891235E-2,9.892029419E0,9.892886285E0
5.011676279E1,1.305285645E-1,-7.484436035E-2,9.903854828E0,9.904997720E0
5.012679379E1,1.222956848E-1,-1.146615601E-1,9.927954712E0,9.929369984E0
5.013682579E1,1.290316772E-1,-1.598675537E-1,9.925859070E0,9.927984946E0
5.014685679E1,1.384620667E-1,-1.637594604E-1,9.883197784E0,9.885524131E0
5.015688779E1,1.327738953E-1,-1.672023010E-1,9.844278717E0,9.846593775E0
5.016691979E1,1.058299255E-1,-1.646575928E-1,9.827064514E0,9.829013636E0
5.017695079E1,8.517288208E-2,-1.633103943E-1,9.788893890E0,9.790626553E0
5.018698279E1,8.547225952E-2,-1.523831177E-1,9.776170349E0,9.777731476E0
5.019701379E1,8.696914673E-2,-1.487905884E-1,9.793234863E0,9.794751215E0
5.020704479E1,1.013392639E-1,-1.425036621E-1,9.822124786E0,9.823681197E0
5.021707679E1,1.074765015E-1,-1.332229614E-1,9.843829651E0,9.845317758E0
5.022710779E1,1.137634277E-1,-1.161584473E-1,9.878258057E0,9.879596001E0
5.023713979E1,1.010398865E-1,-9.610015869E-2,9.896819458E0,9.897801760E0
5.024717079E1,9.864486694E-2,-9.939331055E-2,9.889335022E0,9.890326436E0
5.025720179E1,9.250762939E-2,-8.217910767E-2,9.860145721E0,9.860922103E0
5.026723379E1,6.481521606E-2,-5.957611084E-2,9.874216461E0,9.874608906E0
5.027726479E1,8.921447754E-2,-5.613327026E-2,9.860594788E0,9.861158133E0
5.028729579E1,1.082249451E-1,-7.005432129E-2,9.848320312E0,9.849164088E0
5.029732779E1,1.246907043E-1,-1.002914429E-1,9.838440857E0,9.839742102E0
5.030735879E1,1.377136230E-1,-9.984237671E-2,9.842482452E0,9.843952172E0
5.031739079E1,1.311273193E-1,-1.264869690E-1,9.880054321E0,9.881733994E0
5.032742179E1,1.296304321E-1,-1.267863464E-1,9.911039886E0,9.912698445E0
5.033745279E1,1.115180969E-1,-1.327738953E-1,9.897717590E0,9.899236268E0
5.034748479E1,1.080752563E-1,-1.136137390E-1,9.888586578E0,9.889829769E0
5.035751579E1,1.028361511E-1,-1.158590698E-1,9.864337006E0,9.865553363E0
5.036754779E1,9.565109253E-2,-1.203497314E-1,9.854008484E0,9.855207577E0
5.037757879E1,1.028361511E-1,-1.098715210E-1,9.869576111E0,9.870723359E0
5.038760979E1,9.864486694E-2,-1.008901978E-1,9.896669769E0,9.897675594E0
5.039764179E1,1.091230774E-1,-8.202941895E-2,9.912536774E0,9.913476785E0
5.040767279E1,1.278341675E-1,-1.001417542E-1,9.914632416E0,9.915962176E0
5.041770479E1,1.275347900E-1,-1.035845947E-1,9.893675995E0,9.895040151E0
5.042773579E1,1.291813660E-1,-1.231938171E-1,9.878856812E0,9.880469445E0
5.043776679E1,1.053808594E-1,-1.282832336E-1,9.842482452E0,9.843882493E0
5.044779879E1,9.864486694E-2,-1.547781372E-1,9.830058289E0,9.831771612E0
5.045782979E1,9.954299927E-2,-1.576222229E-1,9.811796265E0,9.813567115E0
5.046786079E1,9.714797974E-2,-1.642085266E-1,9.830956421E0,9.832807652E0
5.047789279E1,1.065783691E-1,-1.434017944E-1,9.821825409E0,9.823450381E0
5.048792379E1,1.227447510E-1,-1.381626892E-1,9.800120544E0,9.801862980E0
5.049795579E1,1.196012878E-1,-1.222956848E-1,9.838889923E0,9.840376803E0
5.050798679E1,1.207987976E-1,-1.222956848E-1,9.851912842E0,9.853412365E0
5.051801779E1,9.475296021E-2,-1.233435059E-1,9.853260040E0,9.854487565E0
5.052804979E1,1.031355286E-1,-1.112187195E-1,9.853409729E0,9.854577100E0
5.053808079E1,9.460327148E-2,-1.175056458E-1,9.844578094E0,9.845733859E0
5.054811279E1,7.948471069E-2,-1.272354126E-1,9.856253815E0,9.857395494E0
5.055814379E1,8.592132568E-2,-1.359173584E-1,9.859097900E0,9.860409089E0
5.056817479E1,9.340576172E-2,-1.323248291E-1,9.856553192E0,9.857883917E0
5.057820679E1,9.430389404E-2,-1.113684082E-1,9.853409729E0,9.854490318E0
5.058823779E1,9.041198730E-2,-1.077758789E-1,9.863738251E0,9.864741367E0
5.059826979E1,8.981323242E-2,-1.106199646E-1,9.864636383E0,9.865665419E0
5.060830079E1,9.819580078E-2,-8.876541138E-2,9.877509613E0,9.878396523E0
5.061833179E1,1.151106262E-1,-8.008346558E-2,9.873617706E0,9.874613432E0
5.062836379E1,1.071771240E-1,-7.664062500E-2,9.842183075E0,9.843064990E0
5.063839479E1,1.134640503E-1,-8.681945801E-2,9.829160156E0,9.830198426E0
5.064842579E1,9.550140381E-2,-9.969268799E-2,9.839788055E0,9.840756481E0
5.065845779E1,1.067280579E-1,-1.094224548E-1,9.867330780E0,9.868514624E0
5.066848879E1,1.185534668E-1,-1.312770081E-1,9.894873505E0,9.896454428E0
5.067852079E1,1.243913269E-1,-1.362167358E-1,9.896220703E0,9.897939806E0
5.068855179E1,1.257385254E-1,-1.327738953E-1,9.856852570E0,9.858548659E0
5.069858279E1,1.116677856E-1,-1.242416382E-1,9.829459534E0,9.830878923E0
5.070861479E1,1.083746338E-1,-1.437011719E-1,9.850715332E0,9.852359496E0
5.071864617E1,1.347198486E-1,-1.565744019E-1,9.947713623E0,9.949857854E0
5.072867817E1,1.947450256E-1,-1.568737793E-1,1.003004242E1,1.003315932E1
5.073870917E1,1.899549866E-1,-1.531315613E-1,9.894574127E0,9.897581994E0
5.074874017E1,1.008901978E-1,-1.435514832E-1,9.735155640E0,9.736736681E0
5.075877217E1,5.059478760E-2,-1.206491089E-1,9.725126495E0,9.726006446E0
5.076880317E1,4.760101318E-2,-1.163081360E-1,9.797575836E0,9.798381790E0
5.077883517E1,6.167175293E-2,-1.004411316E-1,9.893526306E0,9.894228348E0
5.078886617E1,1.303788757E-1,-1.202000427E-1,9.905501404E0,9.907088612E0
5.079889717E1,1.733395386E-1,-1.278341675E-1,9.858798523E0,9.861150870E0
5.080892917E1,1.541793823E-1,-1.008901978E-1,9.830657043E0,9.832383639E0
5.081896017E1,1.002914429E-1,-7.604187012E-2,9.840835876E0,9.841640691E0
5.082899117E1,6.990463257E-2,-4.924758911E-2,9.878856812E0,9.879226887E0
5.083902317E1,8.637039185E-2,-3.412902832E-2,9.878258057E0,9.878694593E0
5.084905417E1,1.064286804E-1,-1.856140137E-2,9.874216461E0,9.874807457E0
5.085908617E1,1.555265808E-1,-1.047821045E-3,9.861792297E0,9.863018652E0
5.086911717E1,1.537303162E-1,-3.053649902E-2,9.878108368E0,9.879351720E0
5.087914817E1,1.465452576E-1,-6.032455444E-2,9.929152222E0,9.930416829E0
5.088918017E1,1.392105103E-1,-1.026864624E-1,9.921967163E0,9.923475019E0
5.089921117E1,1.486408997E-1,-1.392105103E-1,9.925410004E0,9.927499052E0
5.090924317E1,1.378633118E-1,-1.685494995E-1,9.891879730E0,9.894276114E0
5.091927417E1,1.368154907E-1,-1.739382935E-1,9.856702881E0,9.859186817E0
5.092930517E1,1.237925720E-1,-1.746867371E-1,9.812993774E0,9.815329178E0
5.093933717E1,1.097218323E-1,-1.672023010E-1,9.794582062E0,9.796623564E0
5.094936817E1,1.038839722E-1,-1.493893433E-1,9.804910583E0,9.806598830E0
5.095940017E1,1.017883301E-1,-1.384620667E-1,9.789792023E0,9.791300243E0
5.096943117E1,1.128652954E-1,-1.270857239E-1,9.804012451E0,9.805485684E0
5.097946217E1,1.302291870E-1,-1.163081360E-1,9.819580078E0,9.821132324E0
5.098949417E1,1.109193420E-1,-1.119671631E-1,9.857151947E0,9.858411852E0
5.099952517E1,1.240919495E-1,-1.038839722E-1,9.869127045E0,9.870453856E0
5.100955617E1,1.207987976E-1,-9.250762939E-2,9.881850586E0,9.883021856E0
5.101958817E1,1.188528442E-1,-7.574249268E-2,9.858499146E0,9.859506495E0
5.102961917E1,9.864486694E-2,-5.478607178E-2,9.856702881E0,9.857348731E0
5.103965117E1,9.430389404E-2,-5.044509888E-2,9.857151947E0,9.857732114E0
5.104968217E1,1.454974365E-1,-4.954696655E-2,9.869127045E0,9.870323856E0
5.105971317E1,1.607656860E-1,-4.730163574E-2,9.852062531E0,9.853487665E0
5.106974517E1,1.492396545E-1,-7.155120850E-2,9.864486694E0,9.865875014E0
5.107977617E1,1.543290710E-1,-9.415420532E-2,9.881102142E0,9.882755791E0
5.108980817E1,1.448986816E-1,-1.011895752E-1,9.912536774E0,9.914112176E0
5.109983917E1,1.169068909E-1,-1.101708984E-1,9.919123077E0,9.920423755E0
5.110987017E1,1.276844788E-1,-1.155596924E-1,9.906698914E0,9.908195635E0
5.111990217E1,1.230441284E-1,-1.043330383E-1,9.866282959E0,9.867601769E0
5.112993317E1,1.329235840E-1,-9.295669556E-2,9.841883698E0,9.843220222E0
5.113996517E1,1.384620667E-1,-7.993377686E-2,9.844428406E0,9.845726575E0
5.114999617E1,1.324745178E-1,-7.110214233E-2,9.852661285E0,9.853808371E0
5.116002717E1,1.264869690E-1,-5.523513794E-2,9.875713348E0,9.876677782E0
5.117005917E1,1.493893433E-1,-6.152206421E-2,9.886191559E0,9.887511602E0
5.118009017E1,1.404080200E-1,-8.083190918E-2,9.874815216E0,9.876144175E0
5.119012117E1,1.320254517E-1,-1.020877075E-1,9.851164398E0,9.852577968E0
5.120015317E1,1.110690308E-1,-1.351689148E-1,9.825417938E0,9.826975355E0
5.121018417E1,1.016386414E-1,-1.426533508E-1,9.823322296E0,9.824883782E0
5.122021617E1,9.894424438E-2,-1.639091492E-1,9.828711090E0,9.830575663E0
5.123024717E1,1.124162292E-1,-1.686991882E-1,9.832153931E0,9.834243628E0
5.124027817E1,1.297801208E-1,-1.672023010E-1,9.842033386E0,9.844309050E0
5.125031017E1,1.417552185E-1,-1.435514832E-1,9.853110352E0,9.855175552E0
5.126034117E1,1.457968140E-1,-1.148112488E-1,9.823172607E0,9.824925364E0
5.127037317E1,1.399589539E-1,-1.064286804E-1,9.834698639E0,9.836270273E0
5.128040417E1,1.252894592E-1,-9.535171509E-2,9.831106110E0,9.832366792E0
5.129043517E1,1.249900818E-1,-9.759704590E-2,9.829309845E0,9.830588982E0
5.130046717E1,1.185534668E-1,-1.053808594E-1,9.862540741E0,9.863816194E0
5.131049817E1,1.062789917E-1,-1.004411316E-1,9.876312103E0,9.877394616E0
5.132053017E1,9.400451660E-2,-1.110690308E-1,9.874964905E0,9.876036910E0
5.133056117E1,9.954299927E-2,-1.034349060E-1,9.874066772E0,9.875110238E0
5.134059217E1,1.013392639E-1,-9.160949707E-2,9.872719574E0,9.873664656E0
5.135062417E1,1.128652954E-1,-8.247848511E-2,9.884844360E0,9.885832757E0
5.136065517E1,1.245410156E-1,-6.286926270E-2,9.892628174E0,9.893611838E0
5.137068617E1,1.230441284E-1,-5.298980713E-2,9.869127045E0,9.870036292E0
5.138071817E1,1.160087585E-1,-4.415817261E-2,9.844428406E0,9.845210948E0
5.139074917E1,1.228944397E-1,-5.029541016E-2,9.827064514E0,9.827961622E0
5.140078117E1,1.149609375E-1,-6.825805664E-2,9.821226654E0,9.822136640E0
5.141081217E1,1.251397705E-1,-1.047821045E-1,9.848769379E0,9.850121701E0
5.142084317E1,1.329235840E-1,-1.185534668E-1,9.868079224E0,9.869686478E0
5.143087517E1,1.483415222E-1,-1.254391479E-1,9.872569885E0,9.874481066E0
5.144090617E1,1.537303162E-1,-1.267863464E-1,9.844578094E0,9.846594622E0
5.145093817E1,1.407073975E-1,-1.263372803E-1,9.839638367E0,9.841455323E0
5.146096917E1,1.377136230E-1,-1.302291870E-1,9.855355682E0,9.857178111E0
5.147100017E1,1.697470093E-1,-1.314266968E-1,9.971214752E0,9.973525488E0
5.148103217E1,2.071691895E-1,-1.447489929E-1,1.002390518E1,1.002709063E1
5.149106317E1,2.139051819E-1,-1.540296936E-1,9.855954437E0,9.859478609E0
5.150109517E1,1.371148682E-1,-1.368154907E-1,9.734407196E0,9.736334137E0
5.151112617E1,9.445358276E-2,-1.215472412E-1,9.751322021E0,9.752536920E0
5.152115717E1,7.125183105E-2,-1.146615601E-1,9.807604980E0,9.808534016E0
5.153118917E1,8.442443848E-2,-1.231938171E-1,9.860295410E0,9.861426356E0
5.154122017E1,1.356179810E-1,-1.197509766E-1,9.846224670E0,9.847886717E0
5.155125217E1,1.568737793E-1,-1.080752563E-1,9.804461517E0,9.806312013E0
5.156128317E1,1.383123779E-1,-6.915618896E-2,9.814490662E0,9.815708830E0
5.157131417E1,1.116677856E-1,-4.715194702E-2,9.847871246E0,9.848617217E0
5.158134617E1,1.243913269E-1,-3.218307495E-2,9.896520081E0,9.897354124E0
5.159137717E1,1.561253357E-1,-2.140548706E-2,9.901459808E0,9.902713752E0
5.160140817E1,1.785786438E-1,-2.290237427E-2,9.887239380E0,9.888878471E0
5.161144017E1,1.767823792E-1,-3.622467041E-2,9.870623932E0,9.872273347E0
5.162147117E1,1.369651794E-1,-6.361770630E-2,9.884844360E0,9.885997911E0
5.163150317E1,1.160087585E-1,-9.505233765E-2,9.905651093E0,9.906786388E0
5.164153417E1,9.954299927E-2,-1.227447510E-1,9.919422455E0,9.920681273E0
5.165156517E1,1.062789917E-1,-1.493893433E-1,9.887987823E0,9.889687336E0
5.166159717E1,1.074765015E-1,-1.540296936E-1,9.866282959E0,9.868070519E0
5.167162817E1,1.248403931E-1,-1.354682922E-1,9.834099884E0,9.835825197E0
5.168166017E1,1.438508606E-1,-1.375639343E-1,9.823621674E0,9.825637877E0
5.169169117E1,1.495390320E-1,-1.437011719E-1,9.817783813E0,9.819974081E0
5.170172217E1,1.606159973E-1,-1.317260742E-1,9.814041595E0,9.816239692E0
5.171175417E1,1.583706665E-1,-1.221459961E-1,9.806856537E0,9.808895761E0
5.172178517E1,1.689985657E-1,-1.312770081E-1,9.831555176E0,9.833883838E0
5.173181717E1,1.389111328E-1,-1.297801208E-1,9.852511597E0,9.854345435E0
5.174184817E1,1.225950623E-1,-1.300794983E-1,9.864337006E0,9.865956354E0
5.175187917E1,1.300794983E-1,-1.175056458E-1,9.861941986E0,9.863499784E0
5.176191117E1,1.296304321E-1,-9.729766846E-2,9.848919067E0,9.850252671E0
5.177194217E1,1.272354126E-1,-8.053253174E-2,9.831106110E0,9.832259236E0
5.178197317E1,1.134640503E-1,-4.939727783E-2,9.837093658E0,9.837872017E0
5.179200517E1,1.371148682E-1,-2.574645996E-2,9.858948212E0,9.859935254E0
5.180203617E1,1.827699280E-1,-4.311035156E-2,9.883796539E0,9.885580275E0
5.181206817E1,1.784289551E-1,-7.394622803E-2,9.873318329E0,9.875207327E0
5.182209917E1,1.419049072E-1,-1.041833496E-1,9.854906616E0,9.856478864E0
5.183213017E1,1.410067749E-1,-1.140628052E-1,9.894574127E0,9.896236173E0
5.184216217E1,1.326242065E-1,-1.142124939E-1,9.915231171E0,9.916775829E0
5.185219317E1,1.196012878E-1,-1.071771240E-1,9.916428680E0,9.917729033E0
5.186222517E1,1.193019104E-1,-9.834548950E-2,9.871222687E0,9.872433444E0
5.187225617E1,1.381626892E-1,-8.726852417E-2,9.856253815E0,9.857608431E0
5.188228717E1,1.416055298E-1,-5.269042969E-2,9.848320312E0,9.849479244E0
5.189231917E1,1.389111328E-1,-6.032455444E-2,9.851164398E0,9.852328423E0
5.190235017E1,1.417552185E-1,-5.523513794E-2,9.861193542E0,9.862367036E0
5.191238217E1,1.395098877E-1,-8.397537231E-2,9.893077240E0,9.894417221E0
5.192241317E1,1.360670471E-1,-9.984237671E-2,9.896520081E0,9.897959004E0
5.193244417E1,1.359173584E-1,-1.073268127E-1,9.887389069E0,9.888905661E0
5.194247617E1,1.395098877E-1,-1.327738953E-1,9.849817200E0,9.851699893E0
5.195250717E1,1.163081360E-1,-1.437011719E-1,9.831854553E0,9.833592506E0
5.196253817E1,1.140628052E-1,-1.606159973E-1,9.824819183E0,9.826793974E0
5.197257017E1,1.040336609E-1,-1.636097717E-1,9.819729767E0,9.821643643E0
5.198260117E1,1.139131165E-1,-1.553768921E-1,9.831555176E0,9.833442701E0
5.199263317E1,1.219963074E-1,-1.366658020E-1,9.829609222E0,9.831316194E0
5.200266417E1,1.317260742E-1,-1.381626892E-1,9.840237122E0,9.842088564E0
5.201269517E1,1.516346741E-1,-1.145118713E-1,9.858199768E0,9.860030868E0
5.202272717E1,1.448986816E-1,-1.257385254E-1,9.866133270E0,9.867998354E0
5.203275817E1,1.395098877E-1,-1.101708984E-1,9.866881714E0,9.868482933E0
5.204279017E1,1.272354126E-1,-9.804611206E-2,9.862091675E0,9.863399723E0
5.205282117E1,1.175056458E-1,-7.798782349E-2,9.844877472E0,9.845887574E0
5.206285217E1,1.068777466E-1,-7.664062500E-2,9.845775604E0,9.846653944E0
5.207288417E1,1.100212097E-1,-7.155120850E-2,9.867929535E0,9.868802235E0
5.208291517E1,1.023870850E-1,-7.589218140E-2,9.876012726E0,9.876835024E0
5.209294717E1,1.073268127E-1,-8.307723999E-2,9.881102142E0,9.882034225E0
5.210297817E1,1.041833496E-1,-1.011895752E-1,9.895322571E0,9.896388345E0
5.211300917E1,1.143621826E-1,-8.966354370E-2,9.920021210E0,9.921085579E0
5.212304117E1,1.297801208E-1,-7.753875732E-2,9.907297668E0,9.908451051E0
5.213307217E1,1.423539734E-1,-6.960525513E-2,9.861043854E0,9.862316940E0
5.214310417E1,1.431024170E-1,-7.514373779E-2,9.812844086E0,9.814175153E0
5.215313517E1,1.383123779E-1,-7.080276489E-2,9.811197510E0,9.812427830E0
5.216316617E1,1.212478638E-1,-8.128097534E-2,9.823471985E0,9.824556452E0
5.217319817E1,1.308279419E-1,-1.013392639E-1,9.844278717E0,9.845669559E0
5.218322917E1,1.456471252E-1,-1.164578247E-1,9.879904633E0,9.881664387E0
5.219326117E1,1.549278259E-1,-1.185534668E-1,9.896669769E0,9.898592328E0
5.220329217E1,1.528321838E-1,-1.249900818E-1,9.844877472E0,9.846856993E0
5.221332317E1,1.434017944E-1,-1.267863464E-1,9.827064514E0,9.828928518E0
5.222335517E1,1.354682922E-1,-1.261875916E-1,9.846374359E0,9.848114692E0
5.223338617E1,1.480421448E-1,-1.516346741E-1,9.946366425E0,9.948623754E0
5.224341717E1,2.116598511E-1,-1.562750244E-1,1.002674927E1,1.003020053E1
5.225344917E1,2.001338196E-1,-1.320254517E-1,9.905052338E0,9.907953678E0
5.226348017E1,1.148112488E-1,-1.181044006E-1,9.749675446E0,9.751066689E0
5.227351217E1,6.556365967E-2,-1.136137390E-1,9.739047546E0,9.739930892E0
5.228354317E1,6.631210327E-2,-1.088237000E-1,9.775870972E0,9.776701547E0
5.229357417E1,6.496490479E-2,-1.276844788E-1,9.843380585E0,9.844423046E0
5.230360617E1,1.131646729E-1,-1.356179810E-1,9.876461792E0,9.878041102E0
5.231363717E1,1.425036621E-1,-1.273851013E-1,9.822573853E0,9.824433386E0
5.232366917E1,1.347198486E-1,-9.160949707E-2,9.826914825E0,9.828265194E0
5.233370017E1,1.243913269E-1,-5.224136353E-2,9.873318329E0,9.874240081E0
5.234373117E1,1.582209778E-1,-2.844085693E-2,9.901459808E0,9.902764720E0
5.235376317E1,1.881587219E-1,-2.395019531E-3,9.905202026E0,9.906989282E0
5.236379417E1,2.002835083E-1,1.287322998E-2,9.884694672E0,9.886731915E0
5.237382617E1,1.899549866E-1,-7.035369873E-3,9.868079224E0,9.869909825E0
5.238385717E1,1.508862305E-1,-5.538482666E-2,9.885143738E0,9.886450367E0
5.239388817E1,1.100212097E-1,-8.741821289E-2,9.879904633E0,9.880903914E0
5.240392017E1,8.517288208E-2,-1.420545959E-1,9.899813232E0,9.901198714E0
5.241395117E1,7.080276489E-2,-1.785786438E-1,9.878258057E0,9.880125789E0
5.242398217E1,8.696914673E-2,-1.887574768E-1,9.856553192E0,9.858744030E0
5.243401417E1,1.231938171E-1,-1.670526123E-1,9.863438873E0,9.865622621E0
5.244404517E1,1.369651794E-1,-1.408570862E-1,9.869725800E0,9.871681090E0
5.245407717E1,1.715432739E-1,-1.348695374E-1,9.859996033E0,9.862410388E0
5.246410817E1,1.830693054E-1,-1.158590698E-1,9.832153931E0,9.834540590E0
5.247413917E1,1.836680603E-1,-1.107696533E-1,9.803563385E0,9.805909388E0
5.248417117E1,1.640588379E-1,-1.324745178E-1,9.823921051E0,9.826183879E0
5.249420217E1,1.230441284E-1,-1.318757629E-1,9.827962646E0,9.829617534E0
5.250423417E1,1.113684082E-1,-1.152603149E-1,9.884844360E0,9.886143631E0
5.251426517E1,1.076261902E-1,-9.415420532E-2,9.894723816E0,9.895757061E0
5.252429617E1,1.291813660E-1,-6.840774536E-2,9.876761169E0,9.877842813E0
5.253432817E1,1.260379028E-1,-3.487747192E-2,9.829609222E0,9.830479106E0
5.254435917E1,1.338217163E-1,-3.532653809E-2,9.810299377E0,9.811275661E0
5.255439117E1,1.158590698E-1,-2.709365845E-2,9.830058289E0,9.830778369E0
5.256442217E1,1.664538574E-1,-3.562591553E-2,9.860894165E0,9.862363298E0
5.257445317E1,1.895059204E-1,-6.451583862E-2,9.875264282E0,9.877293123E0
5.258448517E1,1.769320679E-1,-1.053808594E-1,9.890682220E0,9.892825929E0
5.259451617E1,1.707948303E-1,-1.438508606E-1,9.882299652E0,9.884822222E0
5.260454817E1,1.544787598E-1,-1.466949463E-1,9.904154205E0,9.906445054E0
5.261457917E1,1.393601990E-1,-1.447489929E-1,9.914333038E0,9.916368949E0
5.262461017E1,1.158590698E-1,-1.119671631E-1,9.874066772E0,9.875381238E0
5.263464217E1,1.371148682E-1,-8.173004150E-2,9.839788055E0,9.841082728E0
5.264467317E1,1.598675537E-1,-5.658233643E-2,9.809850311E0,9.811316034E0
5.265470517E1,1.475930786E-1,-3.532653809E-2,9.815688171E0,9.816861309E0
5.266473617E1,1.425036621E-1,-3.712280273E-2,9.840835876E0,9.841937621E0
5.267476717E1,1.290316772E-1,-5.538482666E-2,9.867181091E0,9.868180143E0
5.268479917E1,1.290316772E-1,-8.098159790E-2,9.896071014E0,9.897243491E0
5.269483017E1,1.419049072E-1,-1.148112488E-1,9.879904633E0,9.881590670E0
5.270486117E1,1.314266968E-1,-1.369651794E-1,9.879305878E0,9.881129341E0
5.271489321E1,1.194515991E-1,-1.523831177E-1,9.853110352E0,9.855012577E0
5.272492421E1,1.368154907E-1,-1.622625732E-1,9.841434631E0,9.843723037E0
5.273495621E1,1.269360352E-1,-1.565744019E-1,9.845176849E0,9.847239994E0
5.274498721E1,1.278341675E-1,-1.480421448E-1,9.837842102E0,9.839786343E0
5.275501821E1,1.368154907E-1,-1.324745178E-1,9.813143463E0,9.814991218E0
5.276505021E1,1.396595764E-1,-1.149609375E-1,9.800569611E0,9.802238801E0
5.277508121E1,1.437011719E-1,-1.175056458E-1,9.821675720E0,9.823429725E0
5.278511321E1,1.495390320E-1,-1.266366577E-1,9.842033386E0,9.843983947E0
5.279514421E1,1.302291870E-1,-1.269360352E-1,9.877359924E0,9.879033934E0
5.280517521E1,1.291813660E-1,-1.164578247E-1,9.869875488E0,9.871407823E0
5.281520721E1,1.320254517E-1,-9.295669556E-2,9.875863037E0,9.877182918E0
5.282523821E1,1.157093811E-1,-8.472381592E-2,9.879605255E0,9.880646071E0
5.283527021E1,1.059796143E-1,-8.038284302E-2,9.863588562E0,9.864485410E0
5.284530121E1,1.172062683E-1,-7.185058594E-2,9.846374359E0,9.847334047E0
5.285533221E1,1.249900818E-1,-7.050338745E-2,9.836345215E0,9.837391953E0
5.286536421E1,1.462458801E-1,-6.915618896E-2,9.843979340E0,9.845308511E0
5.287539521E1,1.609153748E-1,-8.592132568E-2,9.848919067E0,9.850608257E0
5.288542721E1,1.504371643E-1,-8.502319336E-2,9.873917084E0,9.875429047E0
5.289545821E1,1.308279419E-1,-1.059796143E-1,9.873018951E0,9.874454458E0
5.290548921E1,1.224453735E-1,-1.083746338E-1,9.853409729E0,9.854766421E0
5.291552121E1,1.161584473E-1,-1.203497314E-1,9.884395294E0,9.885810395E0
5.292555221E1,1.320254517E-1,-1.026864624E-1,9.880353699E0,9.881769297E0
5.293558421E1,1.624122620E-1,-7.948471069E-2,9.865235138E0,9.866892109E0
5.294561521E1,1.763333130E-1,-6.286926270E-2,9.833351440E0,9.835133275E0
5.295564621E1,1.615141296E-1,-6.346801758E-2,9.814790039E0,9.816324084E0
5.296567821E1,1.396595764E-1,-8.756790161E-2,9.818681946E0,9.820065585E0
5.297570921E1,1.423539734E-1,-9.924362183E-2,9.843979340E0,9.845508783E0
5.298574021E1,1.287322998E-1,-1.300794983E-1,9.860295410E0,9.861993625E0
5.299577221E1,1.227447510E-1,-1.326242065E-1,9.877808990E0,9.879461823E0
5.300580321E1,1.402583313E-1,-1.383123779E-1,9.853110352E0,9.855079214E0
5.301583521E1,1.178050232E-1,-1.499880981E-1,9.801318054E0,9.803173468E0
5.302586621E1,1.043330383E-1,-1.326242065E-1,9.823771362E0,9.825220524E0
5.303589721E1,1.501377869E-1,-1.405577087E-1,9.957892456E0,9.960016064E0
5.304592921E1,2.112107849E-1,-1.281335449E-1,1.004037094E1,1.004340962E1
5.305596021E1,2.148033142E-1,-1.206491089E-1,9.919572144E0,9.922631112E0
5.306599221E1,1.414558411E-1,-9.026229858E-2,9.734556885E0,9.736003019E0
5.307602321E1,7.649093628E-2,-9.295669556E-2,9.691745911E0,9.692493519E0
5.308605421E1,5.418731689E-2,-9.160949707E-2,9.776170349E0,9.776749729E0
5.309608621E1,7.349716187E-2,-1.047821045E-1,9.877060547E0,9.877889763E0
5.310611721E1,1.469943237E-1,-1.360670471E-1,9.906549225E0,9.908574020E0
5.311614921E1,1.853146362E-1,-1.258882141E-1,9.875563660E0,9.878104421E0
5.312618021E1,1.694476318E-1,-9.280700684E-2,9.826465759E0,9.828364816E0
5.313621121E1,1.252894592E-1,-6.691085815E-2,9.837093658E0,9.838119035E0
5.314624321E1,1.019380188E-1,-4.400848389E-2,9.853110352E0,9.853735926E0
5.315627421E1,1.199006653E-1,-3.562591553E-2,9.874815216E0,9.875607370E0
5.316630621E1,1.761836243E-1,-8.232879639E-3,9.874964905E0,9.876539896E0
5.317633721E1,2.040257263E-1,9.430389404E-3,9.895172882E0,9.897280525E0
5.318636821E1,1.959425354E-1,1.646575928E-3,9.904603271E0,9.906541382E0
5.319640021E1,1.691482544E-1,-3.278182983E-2,9.905651093E0,9.907149406E0
5.320643121E1,1.281335449E-1,-8.397537231E-2,9.919871521E0,9.921054433E0
5.321646321E1,1.157093811E-1,-1.306782532E-1,9.884844360E0,9.886385259E0
5.322649421E1,9.924362183E-2,-1.637594604E-1,9.840985565E0,9.842848335E0
5.323652521E1,1.118174744E-1,-1.859133911E-1,9.848170624E0,9.850559962E0
5.324655721E1,1.228944397E-1,-1.835183716E-1,9.841434631E0,9.843912720E0
5.325658821E1,1.381626892E-1,-1.775308228E-1,9.834548950E0,9.837121488E0
5.326662021E1,1.483415222E-1,-1.609153748E-1,9.828411713E0,9.830848171E0
5.327665121E1,1.574725342E-1,-1.487905884E-1,9.812245331E0,9.814636757E0
5.328668221E1,1.651066589E-1,-1.249900818E-1,9.821675720E0,9.823858543E0
5.329671421E1,1.571731567E-1,-1.218466187E-1,9.836494904E0,9.838505069E0
5.330674521E1,1.389111328E-1,-1.091230774E-1,9.870773621E0,9.872354127E0
5.331677621E1,1.324745178E-1,-9.729766846E-2,9.895771637E0,9.897136587E0
5.332680821E1,1.252894592E-1,-8.951385498E-2,9.905351715E0,9.906548480E0
5.333683921E1,1.155596924E-1,-6.780899048E-2,9.879156189E0,9.880064732E0
5.334687121E1,1.059796143E-1,-4.775070190E-2,9.815538483E0,9.816226745E0
5.335690221E1,9.175918579E-2,-3.233276367E-2,9.820627899E0,9.821109789E0
5.336693321E1,7.589218140E-2,-2.200424194E-2,9.846374359E0,9.846691415E0
5.337696521E1,1.336720276E-1,-3.143463135E-2,9.851912842E0,9.852869784E0
5.338699621E1,1.827699280E-1,-4.610412598E-2,9.881551208E0,9.883348862E0
5.339702821E1,1.878593445E-1,-7.574249268E-2,9.904752960E0,9.906823874E0
5.340705921E1,1.764830017E-1,-1.058299255E-1,9.867630157E0,9.869775638E0
5.341709021E1,1.468446350E-1,-1.158590698E-1,9.899663544E0,9.901430450E0
5.342712221E1,1.076261902E-1,-1.005908203E-1,9.908644867E0,9.909739906E0
5.343715321E1,1.224453735E-1,-9.714797974E-2,9.874066772E0,9.875303804E0
5.344718521E1,1.251397705E-1,-8.232879639E-2,9.866582336E0,9.867719341E0
5.345721621E1,1.360670471E-1,-7.619155884E-2,9.849817200E0,9.851051632E0
5.346724721E1,1.401086426E-1,-5.463638306E-2,9.841284943E0,9.842433890E0
5.347727921E1,1.565744019E-1,-5.867797852E-2,9.869276733E0,9.870693080E0
5.348731021E1,1.534309387E-1,-7.110214233E-2,9.910291443E0,9.911734109E0
5.349734221E1,1.416055298E-1,-9.819580078E-2,9.908644867E0,9.910143170E0
5.350737321E1,1.185534668E-1,-1.209484863E-1,9.878407745E0,9.879859465E0
5.351740421E1,1.258882141E-1,-1.469943237E-1,9.851014709E0,9.852915608E0
5.352743621E1,1.351689148E-1,-1.540296936E-1,9.821376343E0,9.823514089E0
5.353746721E1,1.396595764E-1,-1.398092651E-1,9.821526031E0,9.823513883E0
5.354749921E1,1.405577087E-1,-1.263372803E-1,9.788295135E0,9.790119470E0
5.355753021E1,1.413061523E-1,-1.213975525E-1,9.785301361E0,9.787074513E0
5.356756121E1,1.505868530E-1,-1.119671631E-1,9.794731750E0,9.796529136E0
5.357759321E1,1.326242065E-1,-9.984237671E-2,9.816885681E0,9.818289167E0
5.358762421E1,1.384620667E-1,-1.062789917E-1,9.858499146E0,9.860044238E0
5.359765621E1,1.309776306E-1,-8.966354370E-2,9.899513855E0,9.900786295E0
5.360768721E1,1.264869690E-1,-1.074765015E-1,9.910890198E0,9.912279993E0
5.361771821E1,1.416055298E-1,-9.969268799E-2,9.906100159E0,9.907613795E0
5.362775021E1,1.264869690E-1,-7.095245361E-2,9.886191559E0,9.887255268E0
5.363778121E1,1.119671631E-1,-8.158035278E-2,9.859996033E0,9.860969210E0
5.364781321E1,9.550140381E-2,-8.217910767E-2,9.856403503E0,9.857208730E0
5.365784421E1,7.619155884E-2,-7.409591675E-2,9.843979340E0,9.844553042E0
5.366787521E1,8.681945801E-2,-6.062393188E-2,9.869276733E0,9.869844787E0
5.367790721E1,1.058299255E-1,-8.292755127E-2,9.871671753E0,9.872587308E0
5.368793821E1,1.206491089E-1,-9.071136475E-2,9.868079224E0,9.869233624E0
5.369797021E1,1.562750244E-1,-1.023870850E-1,9.861792297E0,9.863561847E0
5.370800121E1,1.510359192E-1,-1.022373962E-1,9.856403503E0,9.858090807E0
5.371803171E1,1.495390320E-1,-1.118174744E-1,9.867929535E0,9.869695962E0
5.372806371E1,1.535806274E-1,-1.064286804E-1,9.881401520E0,9.883168018E0
5.373809471E1,1.362167358E-1,-1.182540894E-1,9.857750702E0,9.859400992E0
5.374812671E1,1.188528442E-1,-1.219963074E-1,9.836794281E0,9.838268690E0
5.375815771E1,1.148112488E-1,-1.122665405E-1,9.838889923E0,9.840200217E0
5.376818871E1,1.019380188E-1,-1.122665405E-1,9.846524048E0,9.847691656E0
5.377822071E1,1.130149841E-1,-1.091230774E-1,9.889784088E0,9.891031773E0
5.378825171E1,1.507365417E-1,-8.337661743E-2,9.895621948E0,9.897121142E0
5.379828271E1,1.648072815E-1,-5.927673340E-2,9.857002258E0,9.858558145E0
5.380831471E1,1.544787598E-1,-6.631210327E-2,9.816286926E0,9.817726315E0
5.381834571E1,1.363664246E-1,-6.795867920E-2,9.798923035E0,9.800107490E0
5.382837771E1,1.224453735E-1,-8.981323242E-2,9.826765137E0,9.827938356E0
5.383840871E1,1.079255676E-1,-1.008901978E-1,9.865534515E0,9.866640666E0
5.384843971E1,1.125659180E-1,-1.173559570E-1,9.870474243E0,9.871813678E0
5.385847171E1,1.079255676E-1,-1.100212097E-1,9.852960663E0,9.854165942E0
5.386850271E1,9.684860229E-2,-1.188528442E-1,9.821675720E0,9.822872269E0
5.387853471E1,8.816665649E-2,-1.251397705E-1,9.865384827E0,9.866572409E0
5.388856571E1,1.454974365E-1,-1.245410156E-1,9.981543274E0,9.983380494E0
5.389859671E1,2.112107849E-1,-1.136137390E-1,1.003513184E1,1.003799726E1
5.390862871E1,2.233355713E-1,-9.011260986E-2,9.922266541E0,9.925188782E0
5.391865971E1,1.562750244E-1,-8.247848511E-2,9.735305328E0,9.736908874E0
5.392869171E1,7.364685059E-2,-8.128097534E-2,9.683513031E0,9.684134193E0
5.393872271E1,3.966751099E-2,-9.610015869E-2,9.779164124E0,9.779716750E0
5.394875371E1,6.556365967E-2,-1.146615601E-1,9.886790314E0,9.887672556E0
5.395878571E1,1.375639343E-1,-1.381626892E-1,9.947114868E0,9.949025428E0
5.396881671E1,1.760339355E-1,-1.374142456E-1,9.903405762E0,9.905923294E0
5.397884871E1,1.549278259E-1,-1.161584473E-1,9.823471985E0,9.825380260E0
5.398887971E1,1.184037781E-1,-9.086105347E-2,9.812395020E0,9.813530007E0
5.399891071E1,9.011260986E-2,-5.254074097E-2,9.857451324E0,9.858003217E0
5.400894271E1,9.864486694E-2,-4.176315308E-2,9.871522064E0,9.872103263E0
5.401897371E1,1.384620667E-1,-1.272354126E-2,9.882748718E0,9.883726820E0
5.402900571E1,1.930984497E-1,4.490661621E-3,9.886640625E0,9.888527192E0
5.403903671E1,2.137554932E-1,-1.496887207E-4,9.896969147E0,9.899277232E0
5.404906771E1,1.794767761E-1,-1.661544800E-2,9.896669769E0,9.898310993E0
5.405909971E1,1.526824951E-1,-5.044509888E-2,9.900262299E0,9.901568069E0
5.406913071E1,1.187031555E-1,-1.017883301E-1,9.881700897E0,9.882938021E0
5.407916271E1,8.786727905E-2,-1.350192261E-1,9.860894165E0,9.862209924E0
5.408919371E1,9.430389404E-2,-1.499880981E-1,9.842033386E0,9.843627930E0
5.409922471E1,1.034349060E-1,-1.719923401E-1,9.839788055E0,9.841834642E0
5.410925671E1,1.128652954E-1,-1.709445190E-1,9.847122803E0,9.849253175E0
5.411928771E1,1.291813660E-1,-1.568737793E-1,9.838740234E0,9.840838715E0
5.412931871E1,1.498384094E-1,-1.435514832E-1,9.827363892E0,9.829554397E0
5.413935071E1,1.532812500E-1,-1.333726501E-1,9.821076965E0,9.823178516E0
5.414938171E1,1.463955688E-1,-1.146615601E-1,9.818083191E0,9.819844015E0
5.415941371E1,1.227447510E-1,-1.043330383E-1,9.841284943E0,9.842603364E0
5.416944471E1,1.044827271E-1,-8.098159790E-2,9.855655060E0,9.856541550E0
5.417947571E1,1.077758789E-1,-8.217910767E-2,9.882149963E0,9.883079325E0
5.418950771E1,1.121168518E-1,-7.289840698E-2,9.884245605E0,9.885150255E0
5.419953871E1,1.073268127E-1,-5.269042969E-2,9.839189301E0,9.839915722E0
5.420957071E1,1.077758789E-1,-3.861968994E-2,9.817783813E0,9.818451310E0
5.421960171E1,9.684860229E-2,-2.649490356E-2,9.833052063E0,9.833564690E0
5.422963271E1,1.387614441E-1,-2.918930054E-2,9.861642609E0,9.862661998E0
5.423966471E1,1.860630798E-1,-4.670288086E-2,9.883796539E0,9.885658029E0
5.424969571E1,1.815724182E-1,-8.502319336E-2,9.919422455E0,9.921448449E0
5.425972771E1,1.598675537E-1,-1.121168518E-1,9.897567902E0,9.899493835E0
5.426975871E1,1.377136230E-1,-1.167572021E-1,9.883048096E0,9.884697110E0
5.427978971E1,1.172062683E-1,-1.107696533E-1,9.889484711E0,9.890799516E0
5.428982171E1,1.046324158E-1,-1.013392639E-1,9.886640625E0,9.887713610E0
5.429985271E1,9.714797974E-2,-9.400451660E-2,9.877958679E0,9.878883654E0
5.430988471E1,1.276844788E-1,-7.244934082E-2,9.875863037E0,9.876954134E0
5.431991571E1,1.519340515E-1,-6.002517700E-2,9.850865021E0,9.852219478E0
5.432994671E1,1.383123779E-1,-5.014572144E-2,9.847272491E0,9.848371461E0
5.433997871E1,1.395098877E-1,-5.224136353E-2,9.857002258E0,9.858127900E0
5.435000971E1,1.437011719E-1,-6.511459351E-2,9.870474243E0,9.871734990E0
5.436004171E1,1.372645569E-1,-8.846603394E-2,9.863139496E0,9.864491295E0
5.437007271E1,1.210981750E-1,-1.052311707E-1,9.846224670E0,9.847531601E0
5.438010371E1,1.178050232E-1,-1.134640503E-1,9.848470001E0,9.849828094E0
5.439013571E1,1.344204712E-1,-1.333726501E-1,9.853559418E0,9.855378751E0
5.440016671E1,1.401086426E-1,-1.474433899E-1,9.840087433E0,9.842189323E0
5.441019871E1,1.369651794E-1,-1.359173584E-1,9.834998016E0,9.836890717E0
5.442022971E1,1.221459961E-1,-1.169068909E-1,9.822124786E0,9.823579907E0
5.443026071E1,1.267863464E-1,-9.190887451E-2,9.801916809E0,9.803167608E0
5.444029271E1,1.266366577E-1,-8.681945801E-2,9.811945953E0,9.813147194E0
5.445032371E1,1.061293030E-1,-7.948471069E-2,9.849368134E0,9.850260600E0
5.446035571E1,1.044827271E-1,-9.250762939E-2,9.870474243E0,9.871460687E0
5.447038671E1,1.206491089E-1,-1.020877075E-1,9.875264282E0,9.876528882E0
5.448041771E1,1.230441284E-1,-8.113128662E-2,9.892179108E0,9.893276992E0
5.449044971E1,1.302291870E-1,-7.753875732E-2,9.876910858E0,9.878073699E0
5.450048071E1,1.139131165E-1,-7.349716187E-2,9.876761169E0,9.877691493E0
5.451051271E1,1.172062683E-1,-6.496490479E-2,9.871671753E0,9.872581271E0
5.452054371E1,9.819580078E-2,-8.023315430E-2,9.873617706E0,9.874431952E0
5.453057471E1,1.037342834E-1,-6.870712280E-2,9.863887939E0,9.864672663E0
5.454060671E1,1.148112488E-1,-8.232879639E-2,9.878707123E0,9.879717307E0
5.455063771E1,1.335223389E-1,-8.427474976E-2,9.854607239E0,9.855872071E0
5.456066971E1,1.245410156E-1,-7.364685059E-2,9.854307861E0,9.855369996E0
5.457070071E1,1.275347900E-1,-1.025367737E-1,9.852062531E0,9.853421488E0
5.458073171E1,1.179547119E-1,-1.001417542E-1,9.867181091E0,9.868394215E0
5.459076371E1,1.197509766E-1,-1.077758789E-1,9.863139496E0,9.864455213E0
5.460079471E1,1.255888367E-1,-1.092727661E-1,9.862690430E0,9.864095276E0
5.461082671E1,1.465452576E-1,-1.115180969E-1,9.867779846E0,9.869498006E0
5.462085771E1,1.573228455E-1,-1.095721436E-1,9.882748718E0,9.884608174E0
5.463088871E1,1.652563477E-1,-8.756790161E-2,9.879006500E0,9.880776651E0
5.464092071E1,1.478924561E-1,-8.382568359E-2,9.867779846E0,9.869244045E0
5.465095171E1,1.300794983E-1,-8.756790161E-2,9.839338989E0,9.840588425E0
5.466098271E1,1.191522217E-1,-8.846603394E-2,9.840386810E0,9.841505783E0
5.467101471E1,1.203497314E-1,-8.382568359E-2,9.877958679E0,9.879047448E0
5.468104571E1,1.285826111E-1,-8.996292114E-2,9.876312103E0,9.877558786E0
5.469107771E1,1.293310547E-1,-7.020401001E-2,9.856702881E0,9.857801317E0
5.470110871E1,1.086740112E-1,-6.526428223E-2,9.810898132E0,9.811717058E0
5.471113971E1,8.876541138E-2,-6.616241455E-2,9.794132996E0,9.794758695E0
5.472117208E1,8.966354370E-2,-7.469467163E-2,9.809550934E0,9.810245072E0
5.473120308E1,8.891510010E-2,-9.011260986E-2,9.840087433E0,9.840901730E0
5.474123508E1,1.101708984E-1,-7.529342651E-2,9.889185333E0,9.890085605E0
5.475126608E1,1.258882141E-1,-1.079255676E-1,9.870025177E0,9.871417971E0
5.476129708E1,1.157093811E-1,-9.684860229E-2,9.805209961E0,9.806370924E0
5.477132908E1,1.073268127E-1,-9.714797974E-2,9.840087433E0,9.841152243E0
5.478136008E1,1.142124939E-1,-1.041833496E-1,9.939031677E0,9.940233868E0
5.479139208E1,1.550775146E-1,-1.125659180E-1,1.002016296E1,1.002199511E1
5.480142308E1,1.767823792E-1,-1.004411316E-1,9.960586853E0,9.962661837E0
5.481145408E1,1.308279419E-1,-8.756790161E-2,9.779762878E0,9.781029907E0
5.482148608E1,7.125183105E-2,-7.768844604E-2,9.674232330E0,9.674806639E0
5.483151708E1,5.763015747E-2,-9.086105347E-2,9.754315796E0,9.754909206E0
5.484154908E1,9.939331055E-2,-1.031355286E-1,9.883796539E0,9.884834343E0
5.485158008E1,1.535806274E-1,-1.408570862E-1,9.942624207E0,9.944807884E0
5.486161108E1,1.883084106E-1,-1.383123779E-1,9.903555450E0,9.906311167E0
5.487164308E1,1.736389160E-1,-1.288819885E-1,9.847122803E0,9.849496867E0
5.488167408E1,1.381626892E-1,-9.280700684E-2,9.818382568E0,9.819793192E0
5.489170608E1,1.107696533E-1,-4.056564331E-2,9.831106110E0,9.831813812E0
5.490173708E1,9.145980835E-2,-2.110610962E-2,9.848919067E0,9.849366333E0
5.491176808E1,1.028361511E-1,-1.796264648E-3,9.854457550E0,9.854994272E0
5.492180008E1,1.408570862E-1,9.430389404E-3,9.885443115E0,9.886451094E0
5.493183108E1,1.486408997E-1,5.987548828E-4,9.888436890E0,9.889554014E0
5.494186308E1,1.435514832E-1,-1.481918335E-2,9.912836151E0,9.913886584E0
5.495189408E1,1.425036621E-1,-4.610412598E-2,9.927355957E0,9.928485745E0
5.496192508E1,1.505868530E-1,-8.068222046E-2,9.902208252E0,9.903681855E0
5.497195708E1,1.309776306E-1,-1.222956848E-1,9.886640625E0,9.888264470E0
5.498198808E1,1.188528442E-1,-1.362167358E-1,9.860594788E0,9.862251800E0
5.499202008E1,1.058299255E-1,-1.567240906E-1,9.830058289E0,9.831877154E0
5.500205108E1,9.505233765E-2,-1.627116394E-1,9.809401245E0,9.811211078E0
5.501208208E1,1.101708984E-1,-1.565744019E-1,9.821376343E0,9.823242155E0
5.502211408E1,1.112187195E-1,-1.624122620E-1,9.820627899E0,9.822600454E0
5.503214508E1,1.103205872E-1,-1.327738953E-1,9.832004242E0,9.833519561E0
5.504217708E1,1.237925720E-1,-1.255888367E-1,9.837692413E0,9.839272797E0
5.505220808E1,1.164578247E-1,-9.819580078E-2,9.852212219E0,9.853389795E0
5.506223908E1,1.221459961E-1,-1.029858398E-1,9.880353699E0,9.881645356E0
5.507227108E1,1.164578247E-1,-8.292755127E-2,9.893975372E0,9.895008240E0
5.508230208E1,1.146615601E-1,-5.463638306E-2,9.886940002E0,9.887755813E0
5.509233408E1,1.037342834E-1,-5.478607178E-2,9.838141479E0,9.838840891E0
5.510236508E1,8.457412720E-2,-3.188369751E-2,9.814939728E0,9.815355888E0
5.511239608E1,7.664062500E-2,-2.260299683E-2,9.834399261E0,9.834723866E0
5.512242808E1,1.013392639E-1,-3.083587646E-2,9.864786072E0,9.865354770E0
5.513245908E1,1.502874756E-1,-4.834945679E-2,9.899513855E0,9.900772624E0
5.514249108E1,1.559756470E-1,-6.316864014E-2,9.907896423E0,9.909325417E0
5.515252208E1,1.570234680E-1,-8.801696777E-2,9.856702881E0,9.858346466E0
5.516255308E1,1.312770081E-1,-9.460327148E-2,9.840536499E0,9.841866796E0
5.517258508E1,1.216969299E-1,-1.007405090E-1,9.857151947E0,9.858417890E0
5.518261608E1,1.070274353E-1,-1.128652954E-1,9.885592804E0,9.886816400E0
5.519264808E1,1.038839722E-1,-9.729766846E-2,9.888436890E0,9.889461201E0
5.520267908E1,1.225950623E-1,-8.247848511E-2,9.885143738E0,9.886247972E0
5.521271008E1,1.170565796E-1,-8.472381592E-2,9.876312103E0,9.877369140E0
5.522274208E1,1.270857239E-1,-5.927673340E-2,9.858199768E0,9.859197086E0
5.523277308E1,1.254391479E-1,-5.942642212E-2,9.840087433E0,9.841066363E0
5.524280508E1,1.368154907E-1,-6.316864014E-2,9.851164398E0,9.852316923E0
5.525283608E1,1.255888367E-1,-6.750961304E-2,9.862540741E0,9.863571360E0
5.526286708E1,1.273851013E-1,-9.595046997E-2,9.865983582E0,9.867272444E0
5.527289908E1,1.348695374E-1,-1.191522217E-1,9.861941986E0,9.863583871E0
5.528293008E1,1.264869690E-1,-1.279838562E-1,9.867031403E0,9.868672024E0
5.529296108E1,1.175056458E-1,-1.254391479E-1,9.871072998E0,9.872569305E0
5.530299308E1,1.142124939E-1,-1.372645569E-1,9.855655060E0,9.857272580E0
5.531302408E1,9.639953613E-2,-1.136137390E-1,9.839638367E0,9.840766441E0
5.532305608E1,9.999206543E-2,-1.065783691E-1,9.831405487E0,9.832491608E0
5.533308708E1,1.020877075E-1,-1.074765015E-1,9.828711090E0,9.829828828E0
5.534311808E1,9.265731812E-2,-9.565109253E-2,9.829160156E0,9.830062252E0
5.535315008E1,9.190887451E-2,-7.903564453E-2,9.836644592E0,9.837391459E0
5.536318108E1,1.004411316E-1,-9.969268799E-2,9.875114594E0,9.876128558E0
5.537321308E1,1.115180969E-1,-7.469467163E-2,9.889335022E0,9.890245839E0
5.538324408E1,1.061293030E-1,-7.409591675E-2,9.867181091E0,9.868030012E0
5.539327508E1,1.119671631E-1,-7.873626709E-2,9.870474243E0,9.871423293E0
5.540330708E1,9.954299927E-2,-8.083190918E-2,9.846374359E0,9.847209281E0
5.541333808E1,9.984237671E-2,-5.388793945E-2,9.862989807E0,9.863642347E0
5.542337008E1,8.562194824E-2,-6.691085815E-2,9.865085449E0,9.865683915E0
5.543340108E1,7.155120850E-2,-5.882766724E-2,9.862989807E0,9.863424771E0
5.544343208E1,9.699829102E-2,-7.140151978E-2,9.845775604E0,9.846512281E0
5.545346408E1,9.160949707E-2,-7.634124756E-2,9.846224670E0,9.846946763E0
5.546349508E1,9.729766846E-2,-8.232879639E-2,9.841284943E0,9.842110251E0
5.547352708E1,1.101708984E-1,-8.786727905E-2,9.854457550E0,9.855465077E0
5.548355808E1,1.267863464E-1,-9.205856323E-2,9.868079224E0,9.869323033E0
5.549358908E1,1.215472412E-1,-1.044827271E-1,9.875114594E0,9.876415271E0
5.550362108E1,1.390608215E-1,-1.001417542E-1,9.886191559E0,9.887676664E0
5.551365208E1,1.242416382E-1,-1.011895752E-1,9.872270508E0,9.873570798E0
5.552368408E1,1.260379028E-1,-1.073268127E-1,9.855355682E0,9.856745925E0
5.553371508E1,1.218466187E-1,-1.222956848E-1,9.852361908E0,9.853874263E0
5.554374608E1,1.175056458E-1,-1.058299255E-1,9.868378601E0,9.869645574E0
5.555377808E1,1.160087585E-1,-1.216969299E-1,9.869576111E0,9.871008094E0
5.556380908E1,9.520202637E-2,-1.056802368E-1,9.841434631E0,9.842462463E0
5.557384108E1,7.155120850E-2,-1.103205872E-1,9.830357666E0,9.831237056E0
5.558387208E1,7.738906860E-2,-1.016386414E-1,9.858050079E0,9.858877768E0
5.559390308E1,8.577163696E-2,-9.041198730E-2,9.879904633E0,9.880690596E0
5.560393508E1,1.106199646E-1,-8.966354370E-2,9.893526306E0,9.894550980E0
5.561396608E1,1.154100037E-1,-6.750961304E-2,9.879006500E0,9.879911257E0
5.562399808E1,1.266366577E-1,-5.613327026E-2,9.837692413E0,9.838667583E0
5.563402908E1,1.023870850E-1,-4.999603271E-2,9.797575836E0,9.798238361E0
5.564406008E1,7.723937988E-2,-6.212081909E-2,9.810898132E0,9.811398834E0
5.565409208E1,6.331832886E-2,-9.385482788E-2,9.847721558E0,9.848372343E0
5.566412308E1,8.367599487E-2,-1.058299255E-1,9.869426422E0,9.870348502E0
5.567415508E1,7.529342651E-2,-1.130149841E-1,9.850415955E0,9.851351987E0
5.568418608E1,7.439529419E-2,-1.179547119E-1,9.812993774E0,9.813984654E0
5.569421708E1,8.457412720E-2,-1.175056458E-1,9.858948212E0,9.860011166E0
5.570424908E1,1.016386414E-1,-1.113684082E-1,9.950557709E0,9.951699958E0
5.571428008E1,1.401086426E-1,-1.076261902E-1,1.005653732E1,1.005808912E1
5.572431171E1,1.766326904E-1,-1.222956848E-1,9.997260590E0,9.999568723E0
5.573434271E1,1.332229614E-1,-1.073268127E-1,9.801018677E0,9.802511643E0
5.574437371E1,5.807922363E-2,-1.125659180E-1,9.698032837E0,9.698859994E0
5.575440571E1,3.697311401E-2,-7.723937988E-2,9.756261749E0,9.756637549E0
5.576443671E1,3.817062378E-2,-9.505233765E-2,9.867779846E0,9.868311458E0
5.577446871E1,9.265731812E-2,-1.188528442E-1,9.954748993E0,9.955889658E0
5.578449971E1,1.357676697E-1,-1.454974365E-1,9.921518097E0,9.923513678E0
5.579453071E1,1.350192261E-1,-1.456471252E-1,9.855804749E0,9.857805563E0
5.580456271E1,1.242416382E-1,-1.219963074E-1,9.811496887E0,9.813041845E0
5.581459371E1,8.292755127E-2,-8.562194824E-2,9.827812958E0,9.828535783E0
5.582462571E1,7.439529419E-2,-6.167175293E-2,9.855056305E0,9.855530064E0
5.583465671E1,7.095245361E-2,-4.340972900E-2,9.866282959E0,9.866633574E0
5.584468771E1,1.064286804E-1,-3.861968994E-2,9.868228912E0,9.868878377E0
5.585471971E1,1.224453735E-1,-3.712280273E-2,9.860594788E0,9.861424874E0
5.586475071E1,1.193019104E-1,-2.903961182E-2,9.868079224E0,9.868843084E0
5.587478271E1,1.146615601E-1,-2.335144043E-2,9.882748718E0,9.883441445E0
5.588481371E1,9.430389404E-2,-6.571334839E-2,9.891280975E0,9.891948787E0
5.589484471E1,9.190887451E-2,-9.639953613E-2,9.892029419E0,9.892926065E0
5.590487671E1,9.490264893E-2,-1.363664246E-1,9.867480469E0,9.868879020E0
5.591490771E1,8.113128662E-2,-1.404080200E-1,9.836644592E0,9.837981172E0
5.592493971E1,7.604187012E-2,-1.631607056E-1,9.847122803E0,9.848768008E0
5.593497071E1,7.229965210E-2,-1.731898499E-1,9.834548950E0,9.836339513E0
5.594500171E1,8.173004150E-2,-1.574725342E-1,9.832602997E0,9.834203531E0
5.595503371E1,8.741821289E-2,-1.517843628E-1,9.843979340E0,9.845537551E0
5.596506471E1,1.047821045E-1,-1.360670471E-1,9.842332764E0,9.843830949E0
5.597509671E1,1.127156067E-1,-1.103205872E-1,9.854307861E0,9.855569941E0
5.598512771E1,1.037342834E-1,-9.669891357E-2,9.858948212E0,9.859968120E0
5.599515871E1,9.415420532E-2,-7.664062500E-2,9.886640625E0,9.887385987E0
5.600519071E1,9.175918579E-2,-5.508544922E-2,9.904453583E0,9.905031798E0
5.601522171E1,7.783813477E-2,-5.074447632E-2,9.831106110E0,9.831545205E0
5.602525371E1,5.583389282E-2,-3.203338623E-2,9.806407471E0,9.806618736E0
5.603528471E1,3.861968994E-2,-4.505630493E-2,9.820777588E0,9.820956877E0
5.604531571E1,7.020401001E-2,-4.700225830E-2,9.857900391E0,9.858262419E0
5.605534771E1,1.252894592E-1,-8.547225952E-2,9.895322571E0,9.896484817E0
5.606537871E1,1.383123779E-1,-9.415420532E-2,9.900861053E0,9.902274735E0
5.607541071E1,1.354682922E-1,-1.113684082E-1,9.881850586E0,9.883406578E0
5.608544171E1,1.213975525E-1,-1.221459961E-1,9.866133270E0,9.867636126E0
5.609547271E1,1.046324158E-1,-1.204994202E-1,9.865983582E0,9.867274197E0
5.610550471E1,7.229965210E-2,-1.014889526E-1,9.877509613E0,9.878295572E0
5.611553571E1,8.038284302E-2,-1.031355286E-1,9.889933777E0,9.890798170E0
5.612556771E1,8.981323242E-2,-8.981323242E-2,9.873018951E0,9.873835934E0
5.613559871E1,8.652008057E-2,-7.574249268E-2,9.867480469E0,9.868150457E0
5.614562971E1,9.744735718E-2,-6.810836792E-2,9.856852570E0,9.857569544E0
5.615566171E1,9.460327148E-2,-5.763015747E-2,9.850266266E0,9.850889123E0
5.616569271E1,9.445358276E-2,-6.780899048E-2,9.864187317E0,9.864872577E0
5.617572471E1,9.684860229E-2,-8.861572266E-2,9.869576111E0,9.870449078E0
5.618575571E1,9.041198730E-2,-9.684860229E-2,9.868378601E0,9.869267966E0
5.619578671E1,8.951385498E-2,-1.155596924E-1,9.878856812E0,9.879938192E0
5.620581871E1,9.624984741E-2,-1.422042847E-1,9.851613464E0,9.853109861E0
5.621584971E1,6.870712280E-2,-1.490899658E-1,9.854607239E0,9.855974448E0
5.622588171E1,7.694000244E-2,-1.462458801E-1,9.856403503E0,9.857788679E0
5.623591271E1,6.780899048E-2,-1.377136230E-1,9.852361908E0,9.853557645E0
5.624594371E1,6.676116943E-2,-1.191522217E-1,9.831555176E0,9.832503826E0
5.625597571E1,6.646179199E-2,-1.130149841E-1,9.818831635E0,9.819706932E0
5.626600671E1,8.397537231E-2,-1.067280579E-1,9.833501129E0,9.834438835E0
5.627603871E1,9.235794067E-2,-9.340576172E-2,9.855205994E0,9.856081361E0
5.628606971E1,7.858657837E-2,-1.062789917E-1,9.880952454E0,9.881836493E0
5.629610071E1,8.517288208E-2,-1.043330383E-1,9.886191559E0,9.887108948E0
5.630613271E1,7.439529419E-2,-9.939331055E-2,9.901759186E0,9.902537486E0
5.631616371E1,6.062393188E-2,-1.058299255E-1,9.875413971E0,9.876167087E0
5.632619571E1,5.942642212E-2,-1.064286804E-1,9.858199768E0,9.858953354E0
5.633622671E1,6.137237549E-2,-9.415420532E-2,9.847721558E0,9.848362882E0
5.634625771E1,4.191284180E-2,-8.187973022E-2,9.835896149E0,9.836326246E0
5.635628971E1,5.927673340E-2,-7.873626709E-2,9.851014709E0,9.851507699E0
5.636632071E1,7.604187012E-2,-9.026229858E-2,9.839638367E0,9.840346175E0
5.637635271E1,7.843688965E-2,-8.996292114E-2,9.849966888E0,9.850689995E0
5.638638371E1,8.262817383E-2,-9.580078125E-2,9.865684204E0,9.866495326E0
5.639641471E1,1.011895752E-1,-1.023870850E-1,9.874665527E0,9.875714745E0
5.640644671E1,9.849517822E-2,-1.100212097E-1,9.892927551E0,9.894029589E0
5.641647771E1,9.834548950E-2,-1.221459961E-1,9.870773621E0,9.872019213E0
5.642650971E1,1.013392639E-1,-1.127156067E-1,9.875114594E0,9.876277775E0
5.643654071E1,1.047821045E-1,-1.077758789E-1,9.873617706E0,9.874761847E0
5.644657171E1,9.819580078E-2,-1.079255676E-1,9.845775604E0,9.846856737E0
5.645660371E1,8.053253174E-2,-1.131646729E-1,9.841135254E0,9.842115363E0
5.646663471E1,7.170089722E-2,-1.196012878E-1,9.830806732E0,9.831795690E0
5.647666671E1,5.179229736E-2,-1.258882141E-1,9.832004242E0,9.832946542E0
5.648669771E1,6.631210327E-2,-1.197509766E-1,9.859846344E0,9.860796495E0
5.649672871E1,7.813751221E-2,-1.041833496E-1,9.889035645E0,9.889893105E0
5.650676071E1,1.020877075E-1,-9.160949707E-2,9.891730042E0,9.892681002E0
5.651679171E1,8.666976929E-2,-8.068222046E-2,9.850565643E0,9.851277316E0
5.652682371E1,7.619155884E-2,-6.152206421E-2,9.811945953E0,9.812434637E0
5.653685471E1,6.840774536E-2,-6.930587769E-2,9.822424164E0,9.822906870E0
5.654688571E1,4.939727783E-2,-9.265731812E-2,9.846224670E0,9.846784538E0
5.655691771E1,6.062393188E-2,-1.035845947E-1,9.873617706E0,9.874347150E0
5.656694871E1,6.915618896E-2,-1.046324158E-1,9.841135254E0,9.841934444E0
5.657698071E1,7.200027466E-2,-1.037342834E-1,9.798174591E0,9.798988221E0
5.658701171E1,6.511459351E-2,-1.300794983E-1,9.847871246E0,9.848945561E0
5.659704271E1,1.002914429E-1,-1.290316772E-1,9.945468292E0,9.946810901E0
5.660707471E1,1.258882141E-1,-1.095721436E-1,1.004785538E1,1.004924134E1
5.661710571E1,1.526824951E-1,-1.089733887E-1,1.000654129E1,1.000829934E1
5.662713771E1,1.101708984E-1,-1.065783691E-1,9.795480194E0,9.796679479E0
5.663716871E1,2.649490356E-2,-7.873626709E-2,9.698781281E0,9.699137060E0
5.664719971E1,-1.152603149E-2,-8.217910767E-2,9.749226379E0,9.749579542E0
5.665723171E1,1.871109009E-2,-9.310638428E-2,9.851613464E0,9.852071191E0
5.666726271E1,7.679031372E-2,-1.134640503E-1,9.947563934E0,9.948507379E0
5.667729471E1,1.227447510E-1,-1.469943237E-1,9.920320587E0,9.922168823E0
5.668732571E1,1.508862305E-1,-1.523831177E-1,9.847721558E0,9.850056200E0
5.669735671E1,1.146615601E-1,-1.330732727E-1,9.795180817E0,9.796755739E0
5.670738871E1,7.679031372E-2,-9.639953613E-2,9.817783813E0,9.818557360E0
5.671741971E1,5.254074097E-2,-6.765930176E-2,9.851763153E0,9.852135582E0
5.672745179E1,6.301895142E-2,-4.595443726E-2,9.875863037E0,9.876171015E0
5.673748279E1,8.352630615E-2,-4.685256958E-2,9.871671753E0,9.872136294E0
5.674751379E1,9.894424438E-2,-3.667373657E-2,9.861043854E0,9.861608429E0
5.675754579E1,1.053808594E-1,-4.550537109E-2,9.872869263E0,9.873536516E0
5.676757679E1,9.744735718E-2,-5.179229736E-2,9.879904633E0,9.880520937E0
5.677760879E1,9.041198730E-2,-7.379653931E-2,9.889035645E0,9.889724275E0
5.678763979E1,9.071136475E-2,-1.023870850E-1,9.906100159E0,9.907044565E0
5.679767079E1,8.921447754E-2,-1.243913269E-1,9.874665527E0,9.875851948E0
5.680770279E1,8.427474976E-2,-1.496887207E-1,9.879156189E0,9.880649571E0
5.681773379E1,6.511459351E-2,-1.701960754E-1,9.848619690E0,9.850305397E0
5.682776579E1,4.775070190E-2,-1.694476318E-1,9.851314087E0,9.852886981E0
5.683779679E1,4.281097412E-2,-1.703457642E-1,9.833201752E0,9.834770315E0
5.684782779E1,4.056564331E-2,-1.526824951E-1,9.828860779E0,9.830130301E0
5.685785979E1,6.167175293E-2,-1.428030396E-1,9.825717316E0,9.826948503E0
5.686789079E1,7.170089722E-2,-1.212478638E-1,9.843081207E0,9.844089075E0
5.687792279E1,7.589218140E-2,-1.100212097E-1,9.865983582E0,9.866888888E0
5.688795379E1,7.125183105E-2,-1.011895752E-1,9.887538757E0,9.888313245E0
5.689798479E1,8.532257080E-2,-8.202941895E-2,9.876910858E0,9.877620000E0
5.690801679E1,8.247848511E-2,-6.167175293E-2,9.830657043E0,9.831196469E0
5.691804779E1,6.930587769E-2,-4.221221924E-2,9.840835876E0,9.841170455E0
5.692807979E1,5.313949585E-2,-1.871109009E-2,9.827962646E0,9.828124119E0
5.693811079E1,6.137237549E-2,-3.697311401E-2,9.834848328E0,9.835109313E0
5.694814179E1,9.505233765E-2,-6.451583862E-2,9.870923309E0,9.871591777E0
5.695817379E1,1.145118713E-1,-1.031355286E-1,9.899813232E0,9.901012673E0
5.696820479E1,1.139131165E-1,-1.121168518E-1,9.879455566E0,9.880748386E0
5.697823679E1,7.843688965E-2,-1.287322998E-1,9.863588562E0,9.864740426E0
5.698826779E1,7.289840698E-2,-1.416055298E-1,9.899513855E0,9.900794961E0
5.699829879E1,6.691085815E-2,-1.266366577E-1,9.880204010E0,9.881242087E0
5.700833079E1,5.328918457E-2,-1.149609375E-1,9.877808990E0,9.878621675E0
5.701836179E1,6.556365967E-2,-1.163081360E-1,9.865384827E0,9.866288256E0
5.702839379E1,7.753875732E-2,-8.547225952E-2,9.865684204E0,9.866359135E0
5.703842479E1,9.340576172E-2,-7.499404907E-2,9.859696655E0,9.860424275E0
5.704845579E1,9.819580078E-2,-6.750961304E-2,9.851613464E0,9.852334130E0
5.705848779E1,1.029858398E-1,-8.397537231E-2,9.871072998E0,9.871967386E0
5.706851879E1,7.963439941E-2,-1.022373962E-1,9.875713348E0,9.876563586E0
5.707855079E1,7.933502197E-2,-1.239422607E-1,9.888436890E0,9.889531832E0
5.708858179E1,6.810836792E-2,-1.309776306E-1,9.870623932E0,9.871727847E0
5.709861279E1,6.855743408E-2,-1.395098877E-1,9.851314087E0,9.852540402E0
5.710864479E1,6.721023560E-2,-1.441502380E-1,9.839788055E0,9.841073391E0
5.711867579E1,6.002517700E-2,-1.402583313E-1,9.825268250E0,9.826452646E0
5.712870779E1,6.002517700E-2,-1.303788757E-1,9.826914825E0,9.827962996E0
5.713873879E1,5.388793945E-2,-1.258882141E-1,9.836045837E0,9.836999007E0
5.714876979E1,3.637435913E-2,-1.206491089E-1,9.823771362E0,9.824579537E0
5.715880179E1,4.894821167E-2,-1.148112488E-1,9.823921051E0,9.824713857E0
5.716883279E1,6.346801758E-2,-1.149609375E-1,9.855505371E0,9.856380184E0
5.717886479E1,5.239105225E-2,-1.154100037E-1,9.875563660E0,9.876376962E0
5.718889579E1,5.763015747E-2,-8.996292114E-2,9.895771637E0,9.896348360E0
5.719892679E1,6.212081909E-2,-1.008901978E-1,9.895322571E0,9.896031862E0
5.720895879E1,6.541397095E-2,-9.280700684E-2,9.880503387E0,9.881155768E0
5.721898979E1,7.035369873E-2,-8.951385498E-2,9.870025177E0,9.870681809E0
5.722902179E1,5.583389282E-2,-8.502319336E-2,9.878707123E0,9.879230779E0
5.723905279E1,5.239105225E-2,-1.053808594E-1,9.856553192E0,9.857255743E0
5.724908379E1,5.673202515E-2,-1.106199646E-1,9.840087433E0,9.840872725E0
5.725911579E1,4.370910645E-2,-1.068777466E-1,9.849368134E0,9.850044973E0
5.726914679E1,7.005432129E-2,-9.235794067E-2,9.848919067E0,9.849601230E0
5.727917879E1,7.843688965E-2,-1.112187195E-1,9.847571869E0,9.848512256E0
5.728920979E1,7.978408813E-2,-1.073268127E-1,9.871971130E0,9.872876913E0
5.729924079E1,9.714797974E-2,-1.118174744E-1,9.870474243E0,9.871585620E0
5.730927279E1,9.056167603E-2,-1.284329224E-1,9.854906616E0,9.856159538E0
5.731930379E1,7.469467163E-2,-1.209484863E-1,9.840686188E0,9.841712883E0
5.732933579E1,5.553451538E-2,-1.222956848E-1,9.831106110E0,9.832023579E0
5.733936679E1,6.122268677E-2,-1.243913269E-1,9.871372375E0,9.872345922E0
5.734939779E1,7.319778442E-2,-1.246907043E-1,9.890083466E0,9.891140311E0
5.735942979E1,7.634124756E-2,-9.939331055E-2,9.890083466E0,9.890877513E0
5.736946079E1,7.634124756E-2,-8.427474976E-2,9.845027161E0,9.845683827E0
5.737949279E1,5.298980713E-2,-9.954299927E-2,9.806706848E0,9.807355196E0
5.738952379E1,4.281097412E-2,-8.562194824E-2,9.796977081E0,9.797444760E0
5.739955479E1,3.502716064E-2,-1.065783691E-1,9.854307861E0,9.854946437E0
5.740958679E1,3.817062378E-2,-1.284329224E-1,9.889933777E0,9.890841325E0
5.741961779E1,5.658233643E-2,-1.279838562E-1,9.867630157E0,9.868622313E0
5.742964979E1,5.313949585E-2,-1.401086426E-1,9.806706848E0,9.807851622E0
5.743968079E1,6.212081909E-2,-1.258882141E-1,9.836345215E0,9.837346900E0
5.744971179E1,8.008346558E-2,-1.181044006E-1,9.945617981E0,9.946641596E0
5.745974379E1,1.164578247E-1,-1.125659180E-1,1.001746857E1,1.001877787E1
5.746977479E1,1.255888367E-1,-1.187031555E-1,9.999356232E0,1.000084937E1
5.747980679E1,1.038839722E-1,-1.127156067E-1,9.814191284E0,9.815388288E0
5.748983779E1,2.110610962E-2,-9.071136475E-2,9.696535950E0,9.696983214E0
5.749986879E1,-3.038681030E-2,-9.190887451E-2,9.733808441E0,9.734289772E0
5.750990079E1,-1.945953369E-3,-9.864486694E-2,9.852361908E0,9.852855919E0
5.751993179E1,6.092330933E-2,-1.209484863E-1,9.942175140E0,9.943097440E0
5.752996379E1,1.194515991E-1,-1.519340515E-1,9.939480743E0,9.941359569E0
5.753999479E1,1.282832336E-1,-1.414558411E-1,9.858050079E0,9.859899478E0
5.755002579E1,9.595046997E-2,-1.287322998E-1,9.810149689E0,9.811463469E0
5.756005779E1,7.035369873E-2,-1.065783691E-1,9.816137238E0,9.816967906E0
5.757008879E1,3.667373657E-2,-8.113128662E-2,9.843230896E0,9.843633563E0
5.758012079E1,4.191284180E-2,-6.631210327E-2,9.867031403E0,9.867343243E0
5.759015179E1,6.017486572E-2,-6.256988525E-2,9.873617706E0,9.873999322E0
5.760018279E1,7.095245361E-2,-4.430786133E-2,9.862690430E0,9.863045166E0
5.761021479E1,8.277786255E-2,-4.340972900E-2,9.869875488E0,9.870318066E0
5.762024579E1,8.831634521E-2,-4.251159668E-2,9.873468018E0,9.873954512E0
5.763027779E1,6.795867920E-2,-8.547225952E-2,9.889185333E0,9.889788190E0
5.764030879E1,7.619155884E-2,-9.984237671E-2,9.886041870E0,9.886839612E0
5.765033979E1,7.244934082E-2,-1.302291870E-1,9.877210236E0,9.878334403E0
5.766037179E1,6.840774536E-2,-1.496887207E-1,9.866732025E0,9.868104539E0
5.767040279E1,6.556365967E-2,-1.552272034E-1,9.842482452E0,9.843924771E0
5.768043479E1,4.266128540E-2,-1.634600830E-1,9.833201752E0,9.834652809E0
5.769046579E1,3.697311401E-2,-1.755848694E-1,9.832602997E0,9.834240121E0
5.770049679E1,2.095642090E-2,-1.666035461E-1,9.823771362E0,9.825206343E0
5.771052879E1,3.832031250E-2,-1.520837402E-1,9.841584320E0,9.842833933E0
5.772056029E1,6.706054688E-2,-1.549278259E-1,9.841883698E0,9.843331472E0
5.773059229E1,7.664062500E-2,-1.392105103E-1,9.878707123E0,9.879985211E0
5.774062329E1,6.706054688E-2,-1.076261902E-1,9.896669769E0,9.897482156E0
5.775065429E1,8.427474976E-2,-8.816665649E-2,9.900711365E0,9.901462575E0
5.776068629E1,6.885681152E-2,-7.379653931E-2,9.845775604E0,9.846292929E0
5.777071729E1,4.730163574E-2,-3.921844482E-2,9.826615448E0,9.826807554E0
5.778074929E1,3.278182983E-2,-2.799179077E-2,9.849368134E0,9.849462463E0
5.779078029E1,6.541397095E-2,-3.772155762E-2,9.827962646E0,9.828252728E0
5.780081129E1,8.771759033E-2,-7.918533325E-2,9.859397278E0,9.860105444E0
5.781084329E1,9.834548950E-2,-1.107696533E-1,9.884544983E0,9.885654823E0
5.782087429E1,8.262817383E-2,-1.254391479E-1,9.875114594E0,9.876256914E0
5.783090629E1,6.511459351E-2,-1.422042847E-1,9.878856812E0,9.880094831E0
5.784093729E1,5.763015747E-2,-1.529818726E-1,9.885443115E0,9.886794742E0
5.785096929E1,6.137237549E-2,-1.380130005E-1,9.886940002E0,9.888093687E0
5.786100029E1,5.837860107E-2,-1.202000427E-1,9.891879730E0,9.892782253E0
5.787103129E1,4.400848389E-2,-1.026864624E-1,9.870025177E0,9.870657438E0
5.788106329E1,6.227050781E-2,-8.681945801E-2,9.870174866E0,9.870753118E0
5.789109429E1,6.750961304E-2,-7.035369873E-2,9.871522064E0,9.872003599E0
5.790112629E1,8.547225952E-2,-7.484436035E-2,9.869875488E0,9.870529334E0
5.791115729E1,8.128097534E-2,-9.011260986E-2,9.860594788E0,9.861341513E0
5.792118829E1,8.292755127E-2,-8.921447754E-2,9.856553192E0,9.857305769E0
5.793122029E1,6.990463257E-2,-1.115180969E-1,9.854906616E0,9.855785476E0
5.794125129E1,6.601272583E-2,-1.321751404E-1,9.830058289E0,9.831168491E0
5.795128329E1,4.999603271E-2,-1.442999268E-1,9.833501129E0,9.834686905E0
5.796131429E1,5.044509888E-2,-1.776805115E-1,9.834399261E0,9.836133585E0
5.797134529E1,5.852828979E-2,-1.681004333E-1,9.844428406E0,9.846037475E0
5.798137729E1,5.852828979E-2,-1.712438965E-1,9.851763153E0,9.853425154E0
5.799140829E1,6.286926270E-2,-1.351689148E-1,9.838740234E0,9.839869541E0
5.800144029E1,5.867797852E-2,-1.257385254E-1,9.826765137E0,9.827744723E0
5.801147129E1,4.445755005E-2,-1.041833496E-1,9.824819183E0,9.825472133E0
5.802150229E1,4.041595459E-2,-9.984237671E-2,9.832453308E0,9.833043273E0
5.803153429E1,2.260299683E-2,-9.774673462E-2,9.857451324E0,9.857961855E0
5.804156529E1,3.008743286E-2,-1.016386414E-1,9.880653076E0,9.881221629E0
5.805159729E1,3.981719971E-2,-1.071771240E-1,9.886790314E0,9.887451393E0
5.806162829E1,3.921844482E-2,-1.125659180E-1,9.873617706E0,9.874337233E0
5.807165929E1,4.355941772E-2,-1.023870850E-1,9.884544983E0,9.885171220E0
5.808169129E1,4.700225830E-2,-1.013392639E-1,9.876910858E0,9.877542557E0
5.809172229E1,6.750961304E-2,-9.834548950E-2,9.891580353E0,9.892299594E0
5.810175429E1,5.792953491E-2,-9.879455566E-2,9.887239380E0,9.887902647E0
5.811178529E1,5.867797852E-2,-9.220825195E-2,9.859546967E0,9.860152730E0
5.812181629E1,5.059478760E-2,-1.038839722E-1,9.845625916E0,9.846303945E0
5.813184829E1,3.158432007E-2,-1.101708984E-1,9.838291168E0,9.838958700E0
5.814187929E1,5.179229736E-2,-1.115180969E-1,9.863887939E0,9.864654277E0
5.815191129E1,3.278182983E-2,-1.290316772E-1,9.862840118E0,9.863738593E0
5.816194229E1,4.116439819E-2,-1.354682922E-1,9.859097900E0,9.860114481E0
5.817197329E1,3.981719971E-2,-1.422042847E-1,9.838590546E0,9.839698745E0
5.818200529E1,3.906875610E-2,-1.552272034E-1,9.859097900E0,9.860397216E0
5.819203629E1,6.331832886E-2,-1.393601990E-1,9.898765411E0,9.899948846E0
5.820206829E1,8.187973022E-2,-1.161584473E-1,9.890532532E0,9.891553510E0
5.821209929E1,9.385482788E-2,-1.115180969E-1,9.862540741E0,9.863617738E0
5.822213029E1,7.828720093E-2,-1.046324158E-1,9.820478210E0,9.821347622E0
5.823216229E1,4.790039063E-2,-1.080752563E-1,9.790091400E0,9.790805091E0
5.824219329E1,1.227447510E-2,-1.245410156E-1,9.774074707E0,9.774875831E0
5.825222529E1,-4.790039062E-3,-1.454974365E-1,9.821675720E0,9.822754522E0
5.826225629E1,2.993774414E-4,-1.607656860E-1,9.851164398E0,9.852476120E0
5.827228729E1,1.377136230E-2,-1.588197327E-1,9.847422180E0,9.848712452E0
5.828231929E1,2.634521484E-2,-1.441502380E-1,9.778265991E0,9.779363944E0
5.829235029E1,2.993774414E-2,-1.381626892E-1,9.844278717E0,9.845293731E0
5.830238229E1,5.643264771E-2,-1.285826111E-1,9.954150238E0,9.955140637E0
5.831241329E1,1.016386414E-1,-1.333726501E-1,1.005878265E1,1.006018027E1
5.832244429E1,1.330732727E-1,-1.266366577E-1,9.965825958E0,9.967518867E0
5.833247629E1,7.948471069E-2,-1.200503540E-1,9.780810699E0,9.781870365E0
5.834250729E1,1.496887207E-3,-1.240919495E-1,9.688752136E0,9.689546894E0
5.835253929E1,-4.745132446E-2,-1.163081360E-1,9.759255524E0,9.760063913E0
5.836257029E1,-3.981719971E-2,-1.368154907E-1,9.885742493E0,9.886769367E0
5.837260129E1,8.981323242E-4,-1.637594604E-1,9.929002533E0,9.930352928E0
5.838263329E1,6.212081909E-2,-1.886077881E-1,9.916578369E0,9.918566350E0
5.839266429E1,9.774673462E-2,-1.841171265E-1,9.860445099E0,9.862648280E0
5.840269629E1,7.828720093E-2,-1.689985657E-1,9.809401245E0,9.811169257E0
5.841272729E1,5.104385376E-2,-1.323248291E-1,9.820478210E0,9.821502310E0
5.842275929E1,1.586700439E-2,-9.475296021E-2,9.872569885E0,9.873037325E0
5.843279029E1,1.676513672E-2,-8.532257080E-2,9.879006500E0,9.879389174E0
5.844282129E1,3.891906738E-2,-6.167175293E-2,9.884095917E0,9.884364936E0
5.845285329E1,4.595443726E-2,-5.044509888E-2,9.875563660E0,9.875799416E0
5.846288429E1,3.143463135E-2,-6.930587769E-2,9.853858795E0,9.854152657E0
5.847291629E1,3.622467041E-2,-7.514373779E-2,9.864486694E0,9.864839408E0
5.848294729E1,4.400848389E-2,-9.954299927E-2,9.875264282E0,9.875864023E0
5.849297829E1,4.685256958E-2,-1.363664246E-1,9.870474243E0,9.871527377E0
5.850301029E1,6.795867920E-2,-1.661544800E-1,9.883497162E0,9.885127305E0
5.851304129E1,5.927673340E-2,-1.913021851E-1,9.885892181E0,9.887920635E0
5.852307329E1,3.427871704E-2,-1.884580994E-1,9.864187317E0,9.866046975E0
5.853310429E1,1.736389160E-2,-2.092648315E-1,9.829758911E0,9.832001501E0
5.854313529E1,-7.783813477E-3,-1.950444031E-1,9.825118561E0,9.827057425E0
5.855316729E1,-1.272354126E-2,-1.987866211E-1,9.802515564E0,9.804539224E0
5.856319829E1,-8.981323242E-3,-1.751358032E-1,9.812395020E0,9.813961954E0
5.857323029E1,-6.885681152E-3,-1.619631958E-1,9.836794281E0,9.838129965E0
5.858326129E1,2.814147949E-2,-1.526824951E-1,9.854906616E0,9.856129479E0
5.859329229E1,3.397933960E-2,-1.395098877E-1,9.891131287E0,9.892173459E0
5.860332429E1,5.583389282E-2,-1.312770081E-1,9.886490936E0,9.887520119E0
5.861335529E1,2.574645996E-2,-1.053808594E-1,9.861792297E0,9.862388926E0
5.862338729E1,8.382568359E-3,-8.547225952E-2,9.865534515E0,9.865908324E0
5.863341829E1,-5.987548828E-4,-7.978408813E-2,9.852511597E0,9.852834649E0
5.864344929E1,2.065704346E-2,-1.013392639E-1,9.855355682E0,9.855898335E0
5.865348129E1,7.095245361E-2,-1.224453735E-1,9.867779846E0,9.868794567E0
5.866351229E1,6.795867920E-2,-1.556762695E-1,9.868378601E0,9.869840409E0
5.867354429E1,6.840774536E-2,-1.564247131E-1,9.871372375E0,9.872848671E0
5.868357529E1,6.616241455E-2,-1.670526123E-1,9.875413971E0,9.877048402E0
5.869360629E1,4.640350342E-2,-1.757345581E-1,9.895023193E0,9.896692373E0
5.870363829E1,3.547622681E-2,-1.610650635E-1,9.910441132E0,9.911813353E0
5.871366929E1,2.574645996E-2,-1.555265808E-1,9.870623932E0,9.871882708E0
5.872370167E1,2.993774414E-3,-1.333726501E-1,9.869426422E0,9.870328015E0
5.873373267E1,5.388793945E-3,-1.243913269E-1,9.859996033E0,9.860782119E0
5.874376367E1,1.586700439E-2,-1.204994202E-1,9.861043854E0,9.861792827E0
5.875379567E1,3.547622681E-2,-1.134640503E-1,9.855355682E0,9.856072660E0
5.876382667E1,4.340972900E-2,-1.224453735E-1,9.862540741E0,9.863396329E0
5.877385867E1,4.445755005E-2,-1.350192261E-1,9.879305878E0,9.880328501E0
5.878388967E1,4.445755005E-2,-1.528321838E-1,9.865384827E0,9.866668735E0
5.879392067E1,4.086502075E-2,-1.767823792E-1,9.836943970E0,9.838617211E0
5.880395267E1,1.377136230E-2,-1.908531189E-1,9.841135254E0,9.842995360E0
5.881398367E1,2.649490356E-2,-1.983375549E-1,9.850865021E0,9.852897108E0
5.882401567E1,1.377136230E-2,-2.049238586E-1,9.841883698E0,9.844026521E0
5.883404667E1,2.260299683E-2,-1.954934692E-1,9.827962646E0,9.829932776E0
5.884407767E1,2.679428101E-2,-1.709445190E-1,9.828112335E0,9.829635397E0
5.885410967E1,1.811233521E-2,-1.663041687E-1,9.825417938E0,9.826841954E0
5.886414067E1,1.706451416E-2,-1.640588379E-1,9.826615448E0,9.827999678E0
5.887417267E1,1.362167358E-2,-1.501377869E-1,9.848320312E0,9.849474092E0
5.888420367E1,1.347198486E-2,-1.435514832E-1,9.859397278E0,9.860451471E0
5.889423467E1,7.783813477E-3,-1.636097717E-1,9.867181091E0,9.868540492E0
5.890426667E1,9.131011963E-3,-1.471440125E-1,9.888436890E0,9.889535826E0
5.891429767E1,6.286926270E-3,-1.490899658E-1,9.865833893E0,9.866962336E0
5.892432967E1,-8.083190918E-3,-1.401086426E-1,9.856104126E0,9.857103241E0
5.893436067E1,3.143463135E-3,-1.432521057E-1,9.876162415E0,9.877201784E0
5.894439267E1,4.939727783E-3,-1.453477478E-1,9.882898407E0,9.883968398E0
5.895442367E1,2.050735474E-2,-1.507365417E-1,9.864486694E0,9.865659623E0
5.896445467E1,2.769241333E-2,-1.450483704E-1,9.846074982E0,9.847182259E0
5.897448667E1,2.739303589E-2,-1.486408997E-1,9.849966888E0,9.851126443E0
5.898451767E1,3.652404785E-2,-1.564247131E-1,9.871821442E0,9.873128241E0
5.899454967E1,5.029541016E-2,-1.706451416E-1,9.856253815E0,9.857859233E0
5.900458067E1,3.652404785E-2,-1.676513672E-1,9.836943970E0,9.838440306E0
5.901461167E1,9.879455566E-3,-1.707948303E-1,9.842781830E0,9.844268517E0
5.902464367E1,1.047821045E-3,-1.713935852E-1,9.861642609E0,9.863131947E0
5.903467467E1,2.320175171E-2,-1.523831177E-1,9.909243622E0,9.910442376E0
5.904470667E1,3.742218018E-2,-1.504371643E-1,9.905800781E0,9.907013721E0
5.905473767E1,2.469863892E-2,-1.448986816E-1,9.840985565E0,9.842083242E0
5.906476867E1,1.347198486E-2,-1.405577087E-1,9.810149689E0,9.811165827E0
5.907480067E1,-4.939727783E-3,-1.489402771E-1,9.813442841E0,9.814574264E0
5.908483167E1,-5.688171387E-3,-1.571731567E-1,9.819879456E0,9.821138848E0
5.909486367E1,-1.122665405E-2,-1.773811340E-1,9.868079224E0,9.869679715E0
5.910489467E1,8.083190918E-3,-1.832189941E-1,9.874515839E0,9.876218790E0
5.911492567E1,6.885681152E-3,-1.893562317E-1,9.819430389E0,9.821258390E0
5.912495767E1,5.688171387E-3,-1.884580994E-1,9.805808716E0,9.807621189E0
5.913498867E1,1.945953369E-2,-1.770817566E-1,9.919871521E0,9.921471041E0
5.914502067E1,6.451583862E-2,-1.827699280E-1,1.002285736E1,1.002473126E1
5.915505167E1,1.070274353E-1,-1.643582153E-1,1.006192612E1,1.006383752E1
5.916508267E1,9.595046997E-2,-1.636097717E-1,9.883197784E0,9.885017607E0
5.917511467E1,7.185058594E-3,-1.589694214E-1,9.705816650E0,9.707121085E0
5.918514567E1,-8.143066406E-2,-1.499880981E-1,9.691147156E0,9.692649822E0
5.919517767E1,-8.098159790E-2,-1.360670471E-1,9.790540466E0,9.791820816E0
5.920520867E1,-2.335144043E-2,-1.655557251E-1,9.892628174E0,9.894040943E0
5.921523967E1,4.700225830E-2,-1.966909790E-1,9.942624207E0,9.944680622E0
5.922527167E1,8.906478882E-2,-2.112107849E-1,9.896220703E0,9.898875024E0
5.923530267E1,7.289840698E-2,-2.026785278E-1,9.839937744E0,9.842294833E0
5.924533467E1,4.400848389E-2,-1.712438965E-1,9.821076965E0,9.822668374E0
5.925536567E1,-4.041595459E-3,-1.462458801E-1,9.836794281E0,9.837882187E0
5.926539667E1,-1.586700439E-2,-1.188528442E-1,9.858648834E0,9.859378003E0
5.927542867E1,-1.945953369E-2,-9.610015869E-2,9.882599030E0,9.883085424E0
5.928545967E1,1.721420288E-2,-1.011895752E-1,9.863289185E0,9.863823255E0
5.929549167E1,2.290237427E-2,-7.813751221E-2,9.864187317E0,9.864523375E0
5.930552267E1,2.634521484E-2,-9.924362183E-2,9.857002258E0,9.857537060E0
5.931555467E1,1.990859985E-2,-1.161584473E-1,9.874066772E0,9.874770061E0
5.932558567E1,2.320175171E-2,-1.305285645E-1,9.892927551E0,9.893815824E0
5.933561667E1,4.879852295E-2,-1.594184875E-1,9.884245605E0,9.885651559E0
5.934564867E1,4.745132446E-2,-1.863624573E-1,9.875413971E0,9.877286251E0
5.935567967E1,2.619552612E-2,-2.070195007E-1,9.863438873E0,9.865645934E0
5.936571167E1,-2.544708252E-3,-2.140548706E-1,9.854307861E0,9.856632761E0
5.937574267E1,-3.921844482E-2,-2.252815247E-1,9.839338989E0,9.841995814E0
5.938577367E1,-4.236190796E-2,-2.237846375E-1,9.818681946E0,9.821323192E0
5.939580567E1,-2.619552612E-2,-2.157014465E-1,9.806108093E0,9.808515140E0
5.940583667E1,-1.347198486E-3,-1.995350647E-1,9.839937744E0,9.841960723E0
5.941586867E1,3.068618774E-2,-1.769320679E-1,9.859846344E0,9.861481457E0
5.942589967E1,3.847000122E-2,-1.660047913E-1,9.864935760E0,9.866407405E0
5.943593067E1,3.682342529E-2,-1.432521057E-1,9.876611481E0,9.877718941E0
5.944596267E1,3.053649902E-2,-1.366658020E-1,9.832004242E0,9.833001446E0
5.945599367E1,-8.981323242E-3,-1.076261902E-1,9.846673737E0,9.847266003E0
5.946602567E1,-2.814147949E-2,-8.562194824E-2,9.851763153E0,9.852175409E0
5.947605667E1,-1.032852173E-2,-9.849517822E-2,9.828561401E0,9.829060342E0
5.948608767E1,3.457809448E-2,-1.206491089E-1,9.846374359E0,9.847174207E0
5.949611967E1,5.134323120E-2,-1.549278259E-1,9.874066772E0,9.875415606E0
5.950615067E1,5.733078003E-2,-1.678010559E-1,9.888137512E0,9.889727371E0
5.951618267E1,4.520599365E-2,-1.824705505E-1,9.885892181E0,9.887679369E0
5.952621367E1,3.817062378E-2,-1.859133911E-1,9.902357941E0,9.904176572E0
5.953624467E1,1.646575928E-2,-1.770817566E-1,9.895322571E0,9.896920625E0
5.954627667E1,1.601669312E-2,-1.672023010E-1,9.901459808E0,9.902884402E0
5.955630767E1,-5.987548828E-4,-1.606159973E-1,9.884994049E0,9.886298863E0
5.956633967E1,-5.239105225E-3,-1.459465027E-1,9.869875488E0,9.870955880E0
5.957637067E1,6.436614990E-3,-1.282832336E-1,9.866282959E0,9.867119004E0
5.958640167E1,3.023712158E-2,-1.381626892E-1,9.872869263E0,9.873882250E0
5.959643367E1,5.328918457E-2,-1.407073975E-1,9.894274750E0,9.895418694E0
5.960646467E1,5.718109131E-2,-1.502874756E-1,9.894723816E0,9.896030285E0
5.961649667E1,4.161346436E-2,-1.698966980E-1,9.884395294E0,9.885942894E0
5.962652767E1,2.514770508E-2,-1.942959595E-1,9.844877472E0,9.846826685E0
5.963655867E1,1.975891113E-2,-2.082170105E-1,9.828561401E0,9.830786538E0
5.964659067E1,4.191284180E-3,-2.113604736E-1,9.829609222E0,9.831882235E0
5.965662167E1,1.496887207E-3,-2.158511353E-1,9.833650818E0,9.836019640E0
5.966665367E1,5.837860107E-3,-2.122586060E-1,9.834249573E0,9.836541692E0
5.967668467E1,1.332229614E-2,-2.038760376E-1,9.840386810E0,9.842507582E0
5.968671667E1,1.167572021E-2,-1.737886047E-1,9.840087433E0,9.841628904E0
5.969674767E1,1.511856079E-2,-1.691482544E-1,9.826016693E0,9.827484101E0
5.970677867E1,-8.981323242E-4,-1.564247131E-1,9.833351440E0,9.834595571E0
5.971681067E1,-1.047821045E-3,-1.576222229E-1,9.857151947E0,9.858412163E0
5.972684108E1,-1.496887207E-3,-1.588197327E-1,9.872120819E0,9.873398372E0
5.973687308E1,-5.987548828E-4,-1.528321838E-1,9.894424438E0,9.895604732E0
5.974690408E1,3.442840576E-3,-1.428030396E-1,9.889634399E0,9.890665959E0
5.975693508E1,5.837860107E-3,-1.492396545E-1,9.853559418E0,9.854691256E0
5.976696708E1,1.556762695E-2,-1.625619507E-1,9.838291168E0,9.839646429E0
5.977699808E1,1.796264648E-2,-1.556762695E-1,9.856852570E0,9.858098211E0
5.978703008E1,1.347198486E-2,-1.550775146E-1,9.880653076E0,9.881879160E0
5.979706108E1,6.436614990E-3,-1.534309387E-1,9.870174866E0,9.871369427E0
5.980709208E1,-1.122665405E-2,-1.634600830E-1,9.855804749E0,9.857166554E0
5.981712408E1,-1.182540894E-2,-1.607656860E-1,9.848470001E0,9.849789176E0
5.982715508E1,4.490661621E-3,-1.559756470E-1,9.881700897E0,9.882932823E0
5.983718708E1,3.143463135E-2,-1.472937012E-1,9.889933777E0,9.891080511E0
5.984721808E1,4.864883423E-2,-1.457968140E-1,9.879156189E0,9.880351736E0
5.985724908E1,4.595443726E-2,-1.365161133E-1,9.836494904E0,9.837549514E0
5.986728108E1,3.817062378E-2,-1.281335449E-1,9.807455292E0,9.808366556E0
5.987731208E1,3.592529297E-3,-1.457968140E-1,9.815987549E0,9.817070906E0
5.988734408E1,-2.110610962E-2,-1.839674377E-1,9.845326538E0,9.847067793E0
5.989737508E1,-1.302291870E-2,-1.980381775E-1,9.870025177E0,9.872020346E0
5.990740608E1,-7.484436035E-4,-2.146536255E-1,9.851763153E0,9.854101378E0
5.991743808E1,3.293151855E-3,-2.083666992E-1,9.822424164E0,9.824634547E0
5.992746908E1,-4.340972900E-3,-2.019300842E-1,9.867181091E0,9.869248061E0
5.993750108E1,3.936813354E-2,-1.880090332E-1,9.960137787E0,9.961989860E0
5.994753208E1,8.607101440E-2,-1.893562317E-1,1.004171814E1,1.004387212E1
5.995756408E1,1.077758789E-1,-1.956431580E-1,9.953701172E0,9.956207054E0
5.996759508E1,5.523513794E-2,-1.749861145E-1,9.738598480E0,9.740327069E0
5.997762608E1,-5.284011841E-2,-1.489402771E-1,9.672436066E0,9.673727034E0
5.998765808E1,-1.061293030E-1,-1.371148682E-1,9.718989258E0,9.720535793E0
5.999768908E1,-6.002517700E-2,-1.432521057E-1,9.860594788E0,9.861817974E0
6.000772108E1,1.437011719E-2,-1.648072815E-1,9.958491211E0,9.959865217E0
6.001775208E1,9.280700684E-2,-1.904040527E-1,9.938881989E0,9.941138870E0
6.002778308E1,1.034349060E-1,-1.974394226E-1,9.885892181E0,9.888404590E0
6.003781508E1,5.987548828E-2,-1.836680603E-1,9.840087433E0,9.841983526E0
6.004784608E1,-4.490661621E-3,-1.460961914E-1,9.829758911E0,9.830845565E0
6.005787808E1,-4.909790039E-2,-1.062789917E-1,9.853709106E0,9.854404547E0
6.006790908E1,-4.460723877E-2,-1.011895752E-1,9.868528290E0,9.869147873E0
6.007794008E1,-2.469863892E-2,-9.909393311E-2,9.867779846E0,9.868308301E0
6.008797208E1,-3.293151855E-3,-8.143066406E-2,9.864037628E0,9.864374290E0
6.009800308E1,2.454895020E-2,-9.639953613E-2,9.871522064E0,9.872023267E0
6.010803508E1,4.385879517E-2,-1.137634277E-1,9.870025177E0,9.870778222E0
6.011806608E1,5.029541016E-2,-1.245410156E-1,9.880353699E0,9.881266584E0
6.012809708E1,4.924758911E-2,-1.636097717E-1,9.892328796E0,9.893804248E0
6.013812908E1,4.445755005E-2,-1.773811340E-1,9.877359924E0,9.879052567E0
6.014816008E1,3.697311401E-2,-2.088157654E-1,9.881401520E0,9.883676797E0
6.015819208E1,2.080673218E-2,-2.290237427E-1,9.853409729E0,9.856092942E0
6.016822308E1,-2.185455322E-2,-2.415975952E-1,9.830806732E0,9.833799267E0
6.017825408E1,-2.634521484E-2,-2.228865051E-1,9.807006226E0,9.809574077E0
6.018828608E1,-1.511856079E-2,-2.239343262E-1,9.809550934E0,9.812118256E0
6.019831708E1,2.095642090E-3,-2.032772827E-1,9.805209961E0,9.807317086E0
6.020834908E1,2.424957275E-2,-1.872605896E-1,9.819430389E0,9.821245733E0
6.021838008E1,3.832031250E-2,-1.663041687E-1,9.867181091E0,9.868656860E0
6.022841108E1,5.328918457E-2,-1.511856079E-1,9.900561676E0,9.901859337E0
6.023844308E1,4.580474854E-2,-1.270857239E-1,9.868528290E0,9.869452845E0
6.024847408E1,1.901046753E-2,-9.385482788E-2,9.849817200E0,9.850282686E0
6.025850608E1,-2.679428101E-2,-8.038284302E-2,9.854906616E0,9.855270861E0
6.026853708E1,-1.137634277E-2,-8.053253174E-2,9.819879456E0,9.820216262E0
6.027856908E1,1.811233521E-2,-1.077758789E-1,9.837393036E0,9.838000073E0
6.028860008E1,4.071533203E-2,-1.338217163E-1,9.866881714E0,9.867873162E0
6.029863108E1,5.957611084E-2,-1.697470093E-1,9.871522064E0,9.873161157E0
6.030866308E1,4.475692749E-2,-1.761836243E-1,9.879305878E0,9.880978113E0
6.031869408E1,4.146377563E-2,-1.815724182E-1,9.887389069E0,9.889143056E0
6.032872608E1,3.323089600E-2,-1.704954529E-1,9.899064789E0,9.900588704E0
6.033875708E1,3.592529297E-2,-1.466949463E-1,9.903256073E0,9.904407649E0
6.034878808E1,1.347198486E-2,-1.372645569E-1,9.884544983E0,9.885507199E0
6.035882008E1,-1.077758789E-2,-1.442999268E-1,9.858050079E0,9.859112029E0
6.036885108E1,2.544708252E-3,-1.342707825E-1,9.856253815E0,9.857168680E0
6.037888308E1,2.095642090E-3,-1.447489929E-1,9.860894165E0,9.861956723E0
6.038891408E1,1.152603149E-2,-1.294807434E-1,9.865534515E0,9.866390900E0
6.039894508E1,2.903961182E-2,-1.550775146E-1,9.888885956E0,9.890144477E0
6.040897708E1,4.790039063E-2,-1.648072815E-1,9.879006500E0,9.880497220E0
6.041900808E1,5.269042969E-2,-1.929487610E-1,9.873468018E0,9.875493719E0
6.042904008E1,4.745132446E-2,-2.031275940E-1,9.855505371E0,9.857712644E0
6.043907108E1,3.607498169E-2,-2.073188782E-1,9.845925293E0,9.848173810E0
6.044910208E1,2.993774414E-2,-2.104623413E-1,9.836943970E0,9.839240689E0
6.045913408E1,2.290237427E-2,-2.107617188E-1,9.834099884E0,9.836384780E0
6.046916508E1,2.155517578E-2,-1.947450256E-1,9.820478210E0,9.822432618E0
6.047919708E1,1.002914429E-2,-1.740879822E-1,9.817484436E0,9.819032939E0
6.048922808E1,-6.137237549E-3,-1.607656860E-1,9.810898132E0,9.812217152E0
6.049925908E1,-5.388793945E-3,-1.450483704E-1,9.838291168E0,9.839361828E0
6.050929108E1,-1.526824951E-2,-1.489402771E-1,9.853709106E0,9.854846497E0
6.051932208E1,-6.885681152E-3,-1.451980591E-1,9.877958679E0,9.879028169E0
6.052935408E1,9.430389404E-3,-1.341210938E-1,9.888586578E0,9.889500590E0
6.053938508E1,1.466949463E-2,-1.374142456E-1,9.886041870E0,9.887007724E0
6.054941708E1,2.409988403E-2,-1.468446350E-1,9.884694672E0,9.885814731E0
6.055944808E1,3.607498169E-2,-1.404080200E-1,9.882149963E0,9.883213228E0
6.056947908E1,2.065704346E-2,-1.407073975E-1,9.871222687E0,9.872247091E0
6.057951108E1,9.580078125E-3,-1.404080200E-1,9.856553192E0,9.857557863E0
6.058954208E1,-5.239105225E-3,-1.407073975E-1,9.839638367E0,9.840645772E0
6.059957408E1,-1.002914429E-2,-1.333726501E-1,9.844428406E0,9.845336941E0
6.060960508E1,3.682342529E-2,-1.405577087E-1,9.893376617E0,9.894443558E0
6.061963608E1,4.640350342E-2,-1.264869690E-1,9.890083466E0,9.891001122E0
6.062966808E1,5.777984619E-2,-1.202000427E-1,9.865085449E0,9.865986898E0
6.063969908E1,4.805007935E-2,-1.143621826E-1,9.818831635E0,9.819615175E0
6.064973108E1,2.918930054E-2,-1.372645569E-1,9.807155914E0,9.808159904E0
6.065976208E1,-1.347198486E-3,-1.498384094E-1,9.841734009E0,9.842874665E0
6.066979308E1,6.137237549E-3,-1.790277100E-1,9.865983582E0,9.867609671E0
6.067982508E1,2.604583740E-2,-1.965412903E-1,9.858798523E0,9.860791813E0
6.068985608E1,1.990859985E-2,-2.043251038E-1,9.836494904E0,9.838636953E0
6.069988808E1,1.137634277E-2,-2.020797729E-1,9.809101868E0,9.811189791E0
6.070991908E1,1.377136230E-2,-1.920506287E-1,9.870324554E0,9.872202384E0
6.071995008E1,5.134323120E-2,-1.745370483E-1,9.989476776E0,9.991133348E0
6.072998229E1,1.055305481E-1,-1.775308228E-1,1.003168900E1,1.003381473E1
6.074001329E1,1.119671631E-1,-1.748364258E-1,9.881850586E0,9.884031335E0
6.075004529E1,3.143463135E-2,-1.678010559E-1,9.716893616E0,9.718393225E0
6.076007629E1,-8.083190918E-2,-1.393601990E-1,9.708511047E0,9.709847672E0
6.077010729E1,-7.768844604E-2,-1.432521057E-1,9.799970856E0,9.801325698E0
6.078013929E1,-3.143463135E-2,-1.387614441E-1,9.888436890E0,9.889460400E0
6.079017029E1,3.847000122E-2,-1.651066589E-1,9.919422455E0,9.920871030E0
6.080020229E1,1.019380188E-1,-1.604663086E-1,9.879156189E0,9.880985164E0
6.081023329E1,1.005908203E-1,-1.579216003E-1,9.841584320E0,9.843365262E0
6.082026529E1,4.041595459E-2,-1.219963074E-1,9.830207977E0,9.831048033E0
6.083029629E1,7.035369873E-3,-9.565109253E-2,9.857002258E0,9.857468851E0
6.084032729E1,-1.796264648E-2,-6.825805664E-2,9.865085449E0,9.865337943E0
6.085035929E1,-1.242416382E-2,-6.631210327E-2,9.870174866E0,9.870405439E0
6.086039029E1,-4.490661621E-4,-7.035369873E-2,9.869725800E0,9.869976555E0
6.087042229E1,1.871109009E-2,-7.499404907E-2,9.858499146E0,9.858802139E0
6.088045329E1,1.601669312E-2,-9.490264893E-2,9.867330780E0,9.867800148E0
6.089048429E1,2.948867798E-2,-1.278341675E-1,9.887538757E0,9.888409065E0
6.090051629E1,4.805007935E-2,-1.513352966E-1,9.910441132E0,9.911713001E0
6.091054729E1,7.888595581E-2,-1.719923401E-1,9.911488953E0,9.913294993E0
6.092057929E1,7.409591675E-2,-1.811233521E-1,9.889035645E0,9.890971734E0
6.093061029E1,6.391708374E-2,-1.965412903E-1,9.857301636E0,9.859468008E0
6.094064129E1,2.978805542E-2,-1.947450256E-1,9.820478210E0,9.822454135E0
6.095067329E1,1.242416382E-2,-2.052232361E-1,9.790091400E0,9.792250025E0
6.096070429E1,-1.107696533E-2,-2.052232361E-1,9.796827393E0,9.798982918E0
6.097073629E1,-4.340972900E-3,-2.008822632E-1,9.807305603E0,9.809363676E0
6.098076729E1,-3.293151855E-3,-1.929487610E-1,9.816286926E0,9.818183594E0
6.099079829E1,3.083587646E-2,-1.782792664E-1,9.828112335E0,9.829777537E0
6.100083029E1,4.595443726E-2,-1.663041687E-1,9.878707123E0,9.880213728E0
6.101086129E1,3.263214111E-2,-1.389111328E-1,9.879305878E0,9.880336319E0
6.102089329E1,2.604583740E-2,-1.157093811E-1,9.842332764E0,9.843047357E0
6.103092429E1,-1.481918335E-2,-7.499404907E-2,9.850565643E0,9.850862257E0
6.104095529E1,-1.032852173E-2,-5.718109131E-2,9.853559418E0,9.853730743E0
6.105098729E1,2.320175171E-2,-7.873626709E-2,9.852212219E0,9.852554153E0
6.106101829E1,4.715194702E-2,-1.002914429E-1,9.853858795E0,9.854481967E0
6.107105029E1,7.170089722E-2,-1.233435059E-1,9.879305878E0,9.880335989E0
6.108108129E1,6.256988525E-2,-1.471440125E-1,9.878407745E0,9.879701713E0
6.109111329E1,5.463638306E-2,-1.643582153E-1,9.903405762E0,9.904920214E0
6.110114429E1,3.742218018E-2,-1.636097717E-1,9.911938019E0,9.913358859E0
6.111117529E1,3.412902832E-2,-1.646575928E-1,9.912387085E0,9.913813325E0
6.112120729E1,1.451980591E-2,-1.625619507E-1,9.889335022E0,9.890681695E0
6.113123829E1,-1.496887207E-3,-1.532812500E-1,9.863139496E0,9.864330595E0
6.114127029E1,1.032852173E-2,-1.243913269E-1,9.833201752E0,9.833993928E0
6.115130129E1,2.933898926E-2,-1.300794983E-1,9.840237122E0,9.841140587E0
6.116133229E1,3.472778320E-2,-1.321751404E-1,9.867779846E0,9.868726127E0
6.117136429E1,6.346801758E-2,-1.303788757E-1,9.878108368E0,9.879172626E0
6.118139529E1,7.364685059E-2,-1.339714050E-1,9.857301636E0,9.858487092E0
6.119142729E1,7.484436035E-2,-1.416055298E-1,9.861343231E0,9.862643871E0
6.120145829E1,6.646179199E-2,-1.601669312E-1,9.858199768E0,9.859724808E0
6.121148929E1,4.296066284E-2,-1.660047913E-1,9.846524048E0,9.848017010E0
6.122152129E1,1.212478638E-2,-1.784289551E-1,9.851763153E0,9.853386277E0
6.123155229E1,6.436614990E-3,-2.059716797E-1,9.838889923E0,9.841047743E0
6.124158429E1,2.230361938E-2,-2.031275940E-1,9.841734009E0,9.843855270E0
6.125161529E1,1.886077881E-2,-1.901046753E-1,9.816436615E0,9.818295337E0
6.126164729E1,3.293151855E-2,-1.740879822E-1,9.833950195E0,9.835546124E0
6.127167829E1,3.098556519E-2,-1.734892273E-1,9.840536499E0,9.842114468E0
6.128170929E1,2.829116821E-2,-1.719923401E-1,9.848170624E0,9.849713011E0
6.129174129E1,1.811233521E-2,-1.547781372E-1,9.871671753E0,9.872901677E0
6.130177229E1,1.182540894E-2,-1.378633118E-1,9.853409729E0,9.854381230E0
6.131180429E1,1.886077881E-2,-1.441502380E-1,9.862840118E0,9.863911507E0
6.132183529E1,3.008743286E-2,-1.441502380E-1,9.883946228E0,9.885043125E0
6.133186629E1,3.098556519E-2,-1.487905884E-1,9.865085449E0,9.866256112E0
6.134189829E1,1.796264648E-2,-1.469943237E-1,9.857750702E0,9.858862961E0
6.135192929E1,1.332229614E-2,-1.378633118E-1,9.852810974E0,9.853784444E0
6.136196129E1,1.347198486E-2,-1.368154907E-1,9.861642609E0,9.862600819E0
6.137199229E1,1.691482544E-2,-1.308279419E-1,9.874515839E0,9.875396960E0
6.138202329E1,2.484832764E-2,-1.332229614E-1,9.866432648E0,9.867363325E0
6.139205529E1,3.667373657E-2,-1.061293030E-1,9.861193542E0,9.861832815E0
6.140208629E1,2.679428101E-2,-9.639953613E-2,9.851314087E0,9.851822169E0
6.141211829E1,3.802093506E-2,-1.213975525E-1,9.853709106E0,9.854530233E0
6.142214929E1,4.056564331E-2,-1.384620667E-1,9.873468018E0,9.874522166E0
6.143218029E1,5.074447632E-2,-1.600172424E-1,9.878258057E0,9.879684345E0
6.144221229E1,4.864883423E-2,-1.633103943E-1,9.864786072E0,9.866257712E0
6.145224329E1,4.924758911E-2,-1.755848694E-1,9.852810974E0,9.854498438E0
6.146227529E1,3.263214111E-2,-1.727407837E-1,9.821076965E0,9.822650202E0
6.147230629E1,5.029541016E-2,-1.676513672E-1,9.842632141E0,9.844188340E0
6.148233829E1,8.083190918E-2,-1.722917175E-1,9.907147980E0,9.908975695E0
6.149236929E1,1.074765015E-1,-1.908531189E-1,1.002285736E1,1.002525041E1
6.150240029E1,1.145118713E-1,-1.926493835E-1,9.945767670E0,9.948292381E0
6.151243229E1,6.915618896E-2,-1.796264648E-1,9.782756653E0,9.784650018E0
6.152246329E1,-2.290237427E-2,-1.727407837E-1,9.744136963E0,9.745694898E0
6.153249529E1,-2.918930054E-2,-1.502874756E-1,9.790091400E0,9.791288371E0
6.154252629E1,-1.167572021E-2,-1.381626892E-1,9.850565643E0,9.851541440E0
6.155255729E1,3.847000122E-2,-1.517843628E-1,9.867929535E0,9.869171786E0
6.156258929E1,8.457412720E-2,-1.636097717E-1,9.851613464E0,9.853334907E0
6.157262029E1,8.891510010E-2,-1.474433899E-1,9.796378326E0,9.797891292E0
6.158265229E1,6.032455444E-2,-1.067280579E-1,9.810748444E0,9.811514407E0
6.159268329E1,-1.945953369E-3,-7.334747314E-2,9.852511597E0,9.852784804E0
6.160271429E1,-2.993774414E-4,-5.718109131E-2,9.879605255E0,9.879770734E0
6.161274629E1,1.616638184E-2,-5.044509888E-2,9.893526306E0,9.893668118E0
6.162277729E1,2.694396973E-2,-6.286926270E-2,9.883197784E0,9.883434472E0
6.163280929E1,5.957611084E-2,-9.011260986E-2,9.884245605E0,9.884835901E0
6.164284029E1,5.837860107E-2,-1.323248291E-1,9.916578369E0,9.917633008E0
6.165287129E1,6.915618896E-2,-1.445993042E-1,9.941726074E0,9.943018097E0
6.166290329E1,5.942642212E-2,-1.712438965E-1,9.929002533E0,9.930656941E0
6.167293429E1,6.481521606E-2,-1.832189941E-1,9.888436890E0,9.890346522E0
6.168296629E1,6.780899048E-2,-1.740879822E-1,9.844578094E0,9.846350722E0
6.169299729E1,6.900650024E-2,-1.752854919E-1,9.801318054E0,9.803128200E0
6.170302929E1,5.119354248E-2,-1.664538574E-1,9.792187042E0,9.793735484E0
6.171306029E1,2.439926147E-2,-1.758842468E-1,9.779463501E0,9.781075450E0
6.172309129E1,2.544708252E-2,-1.826202393E-1,9.800569611E0,9.802303933E0
6.173312342E1,3.682342529E-2,-1.977388000E-1,9.839189301E0,9.841244977E0
6.174315442E1,5.807922363E-2,-1.881587219E-1,9.873318329E0,9.875281855E0
6.175318642E1,4.999603271E-2,-1.806742859E-1,9.893077240E0,9.894853212E0
6.176321742E1,5.508544922E-2,-1.645079041E-1,9.891131287E0,9.892652596E0
6.177324842E1,4.580474854E-2,-1.350192261E-1,9.878258057E0,9.879286943E0
6.178328042E1,2.110610962E-2,-1.197509766E-1,9.850415955E0,9.851166441E0
6.179331142E1,1.377136230E-2,-8.816665649E-2,9.845775604E0,9.846179983E0
6.180334342E1,3.113525391E-2,-6.376739502E-2,9.867630157E0,9.867885316E0
6.181337442E1,7.185058594E-2,-8.846603394E-2,9.858050079E0,9.858708846E0
6.182340542E1,7.484436035E-2,-1.091230774E-1,9.837393036E0,9.838282943E0
6.183343742E1,6.960525513E-2,-1.128652954E-1,9.847122803E0,9.848015585E0
6.184346842E1,7.304809570E-2,-1.365161133E-1,9.893975372E0,9.895186776E0
6.185350042E1,6.511459351E-2,-1.456471252E-1,9.932145996E0,9.933427258E0
6.186353142E1,6.391708374E-2,-1.374142456E-1,9.941576385E0,9.942731471E0
6.187356342E1,6.511459351E-2,-1.368154907E-1,9.912387085E0,9.913545083E0
6.188359442E1,6.721023560E-2,-1.351689148E-1,9.878407745E0,9.879561095E0
6.189362542E1,7.125183105E-2,-1.332229614E-1,9.864187317E0,9.865344221E0
6.190365742E1,6.825805664E-2,-1.323248291E-1,9.846973114E0,9.848098727E0
6.191368842E1,4.206253052E-2,-1.191522217E-1,9.870324554E0,9.871133335E0
6.192372042E1,5.403762817E-2,-1.026864624E-1,9.874665527E0,9.875347278E0
6.193375142E1,6.556365967E-2,-9.999206543E-2,9.880054321E0,9.880777824E0
6.194378242E1,6.361770630E-2,-1.032852173E-1,9.872120819E0,9.872866074E0
6.195381442E1,7.125183105E-2,-1.368154907E-1,9.850415955E0,9.851623713E0
6.196384542E1,5.643264771E-2,-1.422042847E-1,9.829609222E0,9.830799773E0
6.197387742E1,5.059478760E-2,-1.685494995E-1,9.833052063E0,9.834626665E0
6.198390842E1,4.445755005E-2,-1.775308228E-1,9.833201752E0,9.834904695E0
6.199393942E1,3.338058472E-2,-1.922003174E-1,9.834099884E0,9.836034554E0
6.200397142E1,6.466552734E-2,-1.695973206E-1,9.835447083E0,9.837121743E0
6.201400242E1,7.095245361E-2,-1.670526123E-1,9.839189301E0,9.840863119E0
6.202403442E1,7.140151978E-2,-1.766326904E-1,9.840536499E0,9.842380600E0
6.203406542E1,5.343887329E-2,-1.637594604E-1,9.853409729E0,9.854915330E0
6.204409642E1,4.191284180E-2,-1.663041687E-1,9.869576111E0,9.871066121E0
6.205412842E1,3.637435913E-2,-1.511856079E-1,9.844727783E0,9.845955784E0
6.206415942E1,2.874023438E-2,-1.558259583E-1,9.833351440E0,9.834628019E0
6.207419142E1,1.047821045E-2,-1.553768921E-1,9.847272491E0,9.848503810E0
6.208422242E1,2.499801636E-2,-1.457968140E-1,9.879455566E0,9.880562934E0
6.209425342E1,6.616241455E-2,-1.173559570E-1,9.897268524E0,9.898185396E0
6.210428542E1,6.496490479E-2,-9.639953613E-2,9.905052338E0,9.905734456E0
6.211431642E1,6.780899048E-2,-8.098159790E-2,9.886490936E0,9.887055128E0
6.212434842E1,6.810836792E-2,-7.229965210E-2,9.864636383E0,9.865136439E0
6.213437942E1,3.996688843E-2,-7.783813477E-2,9.844129028E0,9.844517888E0
6.214441142E1,4.490661621E-2,-7.544311523E-2,9.852511597E0,9.852902772E0
6.215444242E1,5.508544922E-2,-1.124162292E-1,9.848919067E0,9.849714646E0
6.216447342E1,4.864883423E-2,-1.278341675E-1,9.865983582E0,9.866931657E0
6.217450542E1,5.059478760E-2,-1.372645569E-1,9.854457550E0,9.855543364E0
6.218453642E1,7.125183105E-2,-1.254391479E-1,9.822723541E0,9.823782854E0
6.219456842E1,8.053253174E-2,-1.341210938E-1,9.865983582E0,9.867223824E0
6.220459942E1,9.310638428E-2,-1.463955688E-1,9.864337006E0,9.865862609E0
6.221463042E1,1.222956848E-1,-1.663041687E-1,9.921069031E0,9.923216415E0
6.222466242E1,1.484912109E-1,-1.811233521E-1,1.002959335E1,1.003232765E1
6.223469342E1,1.769320679E-1,-1.793270874E-1,9.922416229E0,9.925613683E0
6.224472542E1,1.065783691E-1,-1.610650635E-1,9.790241089E0,9.792145908E0
6.225475642E1,5.269042969E-2,-1.558259583E-1,9.765243073E0,9.766628399E0
6.226478742E1,4.400848389E-2,-1.321751404E-1,9.800868988E0,9.801859004E0
6.227481942E1,6.137237549E-2,-1.207987976E-1,9.857451324E0,9.858382501E0
6.228485042E1,9.056167603E-2,-1.269360352E-1,9.853260040E0,9.854493777E0
6.229488242E1,1.110690308E-1,-1.257385254E-1,9.823471985E0,9.824904495E0
6.230491342E1,8.367599487E-2,-1.067280579E-1,9.793534241E0,9.794473211E0
6.231494542E1,5.688171387E-2,-7.379653931E-2,9.838440857E0,9.838882048E0
6.232497642E1,5.643264771E-2,-4.565505981E-2,9.888885956E0,9.889152364E0
6.233500742E1,7.529342651E-2,-3.652404785E-2,9.899813232E0,9.900166925E0
6.234503942E1,8.292755127E-2,-3.053649902E-2,9.893376617E0,9.893771291E0
6.235507042E1,9.280700684E-2,-3.951782227E-2,9.884844360E0,9.885359014E0
6.236510242E1,9.355545044E-2,-6.825805664E-2,9.862989807E0,9.863669688E0
6.237513342E1,8.756790161E-2,-1.064286804E-1,9.887838135E0,9.888798622E0
6.238516442E1,8.068222046E-2,-1.396595764E-1,9.920021210E0,9.921332331E0
6.239519642E1,8.831634521E-2,-1.667532349E-1,9.906998291E0,9.908795162E0
6.240522742E1,1.034349060E-1,-1.649569702E-1,9.908944244E0,9.910856957E0
6.241525942E1,9.235794067E-2,-1.428030396E-1,9.870324554E0,9.871789580E0
6.242529042E1,8.996292114E-2,-1.429527283E-1,9.836494904E0,9.837944948E0
6.243532142E1,1.040336609E-1,-1.173559570E-1,9.803264008E0,9.804518378E0
6.244535342E1,9.550140381E-2,-1.199006653E-1,9.781708832E0,9.782909810E0
6.245538442E1,9.879455566E-2,-1.221459961E-1,9.800270233E0,9.801529302E0
6.246541642E1,8.876541138E-2,-1.288819885E-1,9.804162140E0,9.805411013E0
6.247544742E1,6.855743408E-2,-1.320254517E-1,9.818083191E0,9.819210171E0
6.248547942E1,8.083190918E-2,-1.303788757E-1,9.876312103E0,9.877503390E0
6.249551042E1,7.065307617E-2,-1.251397705E-1,9.908944244E0,9.909986269E0
6.250554142E1,7.289840698E-2,-1.089733887E-1,9.891879730E0,9.892748555E0
6.251557342E1,8.666976929E-2,-9.430389404E-2,9.877359924E0,9.878190317E0
6.252560442E1,6.511459351E-2,-7.005432129E-2,9.853858795E0,9.854322943E0
6.253563642E1,8.038284302E-2,-6.167175293E-2,9.864187317E0,9.864707610E0
6.254566742E1,1.199006653E-1,-5.792953491E-2,9.842781830E0,9.843682550E0
6.255569842E1,1.218466187E-1,-8.726852417E-2,9.823471985E0,9.824615221E0
6.256573042E1,1.222956848E-1,-1.160087585E-1,9.840386810E0,9.841830462E0
6.257576142E1,1.194515991E-1,-1.278341675E-1,9.873018951E0,9.874569027E0
6.258579342E1,1.034349060E-1,-1.345701599E-1,9.911039886E0,9.912493104E0
6.259582442E1,1.053808594E-1,-1.151106262E-1,9.920919342E0,9.922146752E0
6.260585542E1,1.040336609E-1,-9.969268799E-2,9.884095917E0,9.885146116E0
6.261588742E1,1.077758789E-1,-9.729766846E-2,9.849966888E0,9.851037010E0
6.262591842E1,1.305285645E-1,-9.011260986E-2,9.854008484E0,9.855284937E0
6.263595042E1,1.136137390E-1,-8.547225952E-2,9.844428406E0,9.845455003E0
6.264598142E1,1.067280579E-1,-5.987548828E-2,9.859846344E0,9.860605756E0
6.265601342E1,9.041198730E-2,-7.170089722E-2,9.880802765E0,9.881476541E0
6.266604442E1,9.370513916E-2,-8.098159790E-2,9.880802765E0,9.881578920E0
6.267607542E1,1.040336609E-1,-9.999206543E-2,9.852960663E0,9.854017213E0
6.268610742E1,9.550140381E-2,-1.179547119E-1,9.833501129E0,9.834672251E0
6.269613842E1,8.487350464E-2,-1.429527283E-1,9.842033386E0,9.843437416E0
6.270617042E1,9.145980835E-2,-1.474433899E-1,9.850565643E0,9.852093582E0
6.271620142E1,9.954299927E-2,-1.502874756E-1,9.842632141E0,9.844282737E0
6.272623171E1,1.107696533E-1,-1.716929626E-1,9.841734009E0,9.843854768E0
6.273626371E1,1.091230774E-1,-1.660047913E-1,9.828561401E0,9.830568888E0
6.274629471E1,1.055305481E-1,-1.507365417E-1,9.830956421E0,9.832678290E0
6.275632671E1,1.014889526E-1,-1.559756470E-1,9.848320312E0,9.850078243E0
6.276635771E1,9.280700684E-2,-1.460961914E-1,9.878707123E0,9.880223259E0
6.277638871E1,8.098159790E-2,-1.335223389E-1,9.850715332E0,9.851953044E0
6.278642071E1,6.586303711E-2,-1.210981750E-1,9.848020935E0,9.848985686E0
6.279645171E1,8.367599487E-2,-1.196012878E-1,9.884245605E0,9.885323330E0
6.280648371E1,9.265731812E-2,-1.127156067E-1,9.892328796E0,9.893404834E0
6.281651471E1,8.307723999E-2,-7.694000244E-2,9.892478485E0,9.893126511E0
6.282654571E1,8.652008057E-2,-5.209167480E-2,9.862091675E0,9.862608756E0
6.283657771E1,8.846603394E-2,-4.041595459E-2,9.839488678E0,9.839969366E0
6.284660871E1,9.220825195E-2,-3.562591553E-2,9.844129028E0,9.844625330E0
6.285664071E1,9.370513916E-2,-4.805007935E-2,9.836794281E0,9.837357937E0
6.286667171E1,8.517288208E-2,-7.020401001E-2,9.871971130E0,9.872588162E0
6.287670371E1,9.131011963E-2,-8.038284302E-2,9.880503387E0,9.881252255E0
6.288673471E1,1.091230774E-1,-9.295669556E-2,9.870474243E0,9.871515111E0
6.289676571E1,1.191522217E-1,-9.714797974E-2,9.857301636E0,9.858500419E0
6.290679771E1,1.077758789E-1,-1.085243225E-1,9.872569885E0,9.873754570E0
6.291682871E1,1.263372803E-1,-1.288819885E-1,9.865235138E0,9.866885831E0
6.292686071E1,1.466949463E-1,-1.390608215E-1,9.898765411E0,9.900828955E0
6.293689171E1,1.800755310E-1,-1.564247131E-1,9.999356232E0,1.000220080E1
6.294692271E1,1.936972046E-1,-1.637594604E-1,9.897867279E0,9.901116727E0
6.295695471E1,1.273851013E-1,-1.501377869E-1,9.754764862E0,9.756751808E0
6.296698571E1,7.708969116E-2,-1.440005493E-1,9.753866730E0,9.755234244E0
6.297701771E1,7.110214233E-2,-1.353186035E-1,9.808802490E0,9.809993524E0
6.298704871E1,7.140151978E-2,-1.303788757E-1,9.843679962E0,9.844802285E0
6.299707971E1,9.430389404E-2,-1.360670471E-1,9.828411713E0,9.829805912E0
6.300711171E1,1.187031555E-1,-1.163081360E-1,9.811945953E0,9.813353220E0
6.301714271E1,1.157093811E-1,-7.304809570E-2,9.799821167E0,9.800776479E0
6.302717471E1,1.210981750E-1,-2.933898926E-2,9.845476227E0,9.846264656E0
6.303720571E1,1.377136230E-1,1.691482544E-2,9.887838135E0,9.888811563E0
6.304723771E1,1.511856079E-1,2.799179077E-2,9.881401520E0,9.882597666E0
6.305726871E1,1.815724182E-1,2.185455322E-2,9.884844360E0,9.886536006E0
6.306729971E1,1.606159973E-1,-1.586700439E-2,9.890083466E0,9.891400316E0
6.307733171E1,1.333726501E-1,-5.688171387E-2,9.899813232E0,9.900875003E0
6.308736271E1,8.412506104E-2,-1.005908203E-1,9.923314362E0,9.924180745E0
6.309739471E1,6.586303711E-2,-1.161584473E-1,9.914782104E0,9.915681263E0
6.310742571E1,8.053253174E-2,-1.416055298E-1,9.893825684E0,9.895166713E0
6.311745671E1,9.490264893E-2,-1.483415222E-1,9.881850586E0,9.883419586E0
6.312748871E1,1.215472412E-1,-1.252894592E-1,9.864187317E0,9.865731732E0
6.313751971E1,1.378633118E-1,-1.079255676E-1,9.840237122E0,9.841794594E0
6.314755171E1,1.504371643E-1,-1.059796143E-1,9.834848328E0,9.836569760E0
6.315758271E1,1.553768921E-1,-8.472381592E-2,9.810149689E0,9.811745870E0
6.316761371E1,1.532812500E-1,-7.828720093E-2,9.801467743E0,9.802978830E0
6.317764571E1,1.423539734E-1,-8.951385498E-2,9.809401245E0,9.810842480E0
6.318767671E1,1.231938171E-1,-9.669891357E-2,9.800270233E0,9.801521517E0
6.319770871E1,1.184037781E-1,-9.565109253E-2,9.842332764E0,9.843509680E0
6.320773971E1,1.109193420E-1,-9.535171509E-2,9.881850586E0,9.882933069E0
6.321777171E1,1.089733887E-1,-9.056167603E-2,9.884095917E0,9.885111467E0
6.322780271E1,1.133143616E-1,-6.376739502E-2,9.856702881E0,9.857560454E0
6.323783371E1,1.103205872E-1,-3.906875610E-2,9.866133270E0,9.866827388E0
6.324786571E1,1.540296936E-1,-1.526824951E-2,9.862840118E0,9.864054616E0
6.325789671E1,1.710942078E-1,-3.951782227E-2,9.855954437E0,9.857518590E0
6.326792871E1,1.767823792E-1,-6.870712280E-2,9.836345215E0,9.838173604E0
6.327795971E1,1.547781372E-1,-9.624984741E-2,9.858349457E0,9.860034195E0
6.328799071E1,1.440005493E-1,-1.160087585E-1,9.871072998E0,9.872804886E0
6.329802271E1,1.151106262E-1,-1.119671631E-1,9.913883972E0,9.915184442E0
6.330805371E1,9.669891357E-2,-9.909393311E-2,9.880952454E0,9.881922469E0
6.331808571E1,1.225950623E-1,-5.957611084E-2,9.856104126E0,9.857046586E0
6.332811671E1,1.483415222E-1,-5.313949585E-2,9.825567627E0,9.826831036E0
6.333814871E1,1.519340515E-1,-4.296066284E-2,9.814191284E0,9.815461280E0
6.334817971E1,1.547781372E-1,-3.802093506E-2,9.818681946E0,9.819975408E0
6.335821071E1,1.386117554E-1,-4.071533203E-2,9.860145721E0,9.861204014E0
6.336824271E1,1.460961914E-1,-4.999603271E-2,9.899064789E0,9.900269057E0
6.337827371E1,1.428030396E-1,-5.942642212E-2,9.881551208E0,9.882761684E0
6.338830571E1,1.366658020E-1,-7.828720093E-2,9.899663544E0,9.900916357E0
6.339833671E1,1.121168518E-1,-9.250762939E-2,9.871372375E0,9.872442475E0
6.340836771E1,1.064286804E-1,-1.267863464E-1,9.867480469E0,9.868868863E0
6.341839971E1,1.160087585E-1,-1.384620667E-1,9.882149963E0,9.883800771E0
6.342843071E1,1.414558411E-1,-1.523831177E-1,9.862989807E0,9.865181109E0
6.343846271E1,1.475930786E-1,-1.428030396E-1,9.838740234E0,9.840883386E0
6.344849371E1,1.434017944E-1,-1.317260742E-1,9.815688171E0,9.817619371E0
6.345852471E1,1.351689148E-1,-1.170565796E-1,9.816286926E0,9.817915354E0
6.346855671E1,1.404080200E-1,-1.199006653E-1,9.835596771E0,9.837329639E0
6.347858771E1,1.176553345E-1,-1.204994202E-1,9.858648834E0,9.860087207E0
6.348861971E1,1.109193420E-1,-1.203497314E-1,9.857151947E0,9.858510621E0
6.349865071E1,1.121168518E-1,-1.270857239E-1,9.882299652E0,9.883752697E0
6.350868171E1,1.381626892E-1,-9.969268799E-2,9.885143738E0,9.886611870E0
6.351871371E1,1.416055298E-1,-6.750961304E-2,9.892179108E0,9.893422925E0
6.352874471E1,1.550775146E-1,-4.685256958E-2,9.881850586E0,9.883178396E0
6.353877671E1,1.499880981E-1,-1.975891113E-2,9.851314087E0,9.852475632E0
6.354880771E1,1.185534668E-1,-2.305206299E-2,9.824519806E0,9.825262121E0
6.355883971E1,9.774673462E-2,-3.023712158E-2,9.817634125E0,9.818167269E0
6.356887071E1,1.067280579E-1,-5.388793945E-2,9.840386810E0,9.841113116E0
6.357890171E1,1.056802368E-1,-8.337661743E-2,9.883048096E0,9.883964773E0
6.358893371E1,1.218466187E-1,-8.202941895E-2,9.889634399E0,9.890725149E0
6.359896471E1,1.200503540E-1,-7.768844604E-2,9.866282959E0,9.867319140E0
6.360899671E1,1.359173584E-1,-7.574249268E-2,9.882000275E0,9.883225176E0
6.361902771E1,1.489402771E-1,-8.756790161E-2,9.868079224E0,9.869591628E0
6.362905871E1,1.648072815E-1,-1.098715210E-1,9.858499146E0,9.860488760E0
6.363909071E1,1.948947144E-1,-1.207987976E-1,9.933343506E0,9.935989609E0
6.364912171E1,2.177970886E-1,-1.429527283E-1,9.929601288E0,9.933018312E0
6.365915371E1,1.558259583E-1,-1.519340515E-1,9.786199493E0,9.788619219E0
6.366918471E1,8.023315430E-2,-1.323248291E-1,9.741143188E0,9.742372290E0
6.367921671E1,7.244934082E-2,-1.389111328E-1,9.769584045E0,9.770840170E0
6.368924771E1,7.484436035E-2,-1.501377869E-1,9.817035370E0,9.818468643E0
6.369927871E1,8.472381592E-2,-1.264869690E-1,9.838889923E0,9.840067683E0
6.370931071E1,1.204994202E-1,-9.699829102E-2,9.825268250E0,9.826485890E0
6.371934171E1,1.360670471E-1,-5.358856201E-2,9.819430389E0,9.820519291E0
6.372937392E1,1.618135071E-1,8.232879639E-3,9.862391052E0,9.863721846E0
6.373940492E1,1.898052979E-1,2.769241333E-2,9.912686462E0,9.914542139E0
6.374943592E1,1.980381775E-1,3.367996216E-2,9.906549225E0,9.908585722E0
6.375946792E1,1.990859985E-1,2.664459229E-2,9.887688446E0,9.889728408E0
6.376949892E1,1.697470093E-1,-3.143463135E-3,9.882898407E0,9.884356572E0
6.377953092E1,1.245410156E-1,-8.457412720E-2,9.902657318E0,9.903801553E0
6.378956192E1,8.068222046E-2,-1.169068909E-1,9.902956696E0,9.903975371E0
6.379959292E1,6.571334839E-2,-1.468446350E-1,9.917626190E0,9.918930932E0
6.380962492E1,9.729766846E-2,-1.502874756E-1,9.898466034E0,9.900084999E0
6.381965592E1,1.353186035E-1,-1.342707825E-1,9.859546967E0,9.861389666E0
6.382968792E1,1.651066589E-1,-9.340576172E-2,9.857002258E0,9.858827434E0
6.383971892E1,1.827699280E-1,-7.723937988E-2,9.840985565E0,9.842985709E0
6.384975092E1,1.872605896E-1,-7.229965210E-2,9.836494904E0,9.838542868E0
6.385978192E1,1.823208618E-1,-6.795867920E-2,9.824519806E0,9.826446392E0
6.386981292E1,1.724414062E-1,-8.876541138E-2,9.818831635E0,9.820746917E0
6.387984492E1,1.378633118E-1,-9.460327148E-2,9.821675720E0,9.823098800E0
6.388987592E1,1.290316772E-1,-1.100212097E-1,9.846823425E0,9.848283374E0
6.389990792E1,1.273851013E-1,-9.789642334E-2,9.862840118E0,9.864148512E0
6.390993892E1,1.212478638E-1,-9.954299927E-2,9.880653076E0,9.881898353E0
6.391996992E1,1.357676697E-1,-7.409591675E-2,9.893526306E0,9.894735258E0
6.393000192E1,1.380130005E-1,-5.224136353E-2,9.842781830E0,9.843887997E0
6.394003292E1,1.327738953E-1,-2.903961182E-2,9.833351440E0,9.834290659E0
6.395006492E1,1.471440125E-1,-1.437011719E-2,9.827663269E0,9.828775264E0
6.396009592E1,1.793270874E-1,-1.272354126E-2,9.849068756E0,9.850709388E0
6.397012792E1,2.058219910E-1,-4.894821167E-2,9.873917084E0,9.876183331E0
6.398015892E1,2.016307068E-1,-9.250762939E-2,9.889035645E0,9.891523572E0
6.399018992E1,1.799258423E-1,-1.067280579E-1,9.877210236E0,9.879425400E0
6.400022192E1,1.413061523E-1,-1.222956848E-1,9.886790314E0,9.888556334E0
6.401025292E1,1.130149841E-1,-1.239422607E-1,9.880353699E0,9.881777334E0
6.402028492E1,9.849517822E-2,-9.520202637E-2,9.853260040E0,9.854212203E0
6.403031592E1,1.239422607E-1,-7.080276489E-2,9.819131012E0,9.820168458E0
6.404034692E1,1.564247131E-1,-3.697311401E-2,9.809850311E0,9.811167047E0
6.405037892E1,1.541793823E-1,-1.796264648E-2,9.803114319E0,9.804343134E0
6.406040992E1,1.456471252E-1,-3.742218018E-2,9.838590546E0,9.839739703E0
6.407044192E1,1.362167358E-1,-5.059478760E-2,9.884095917E0,9.885163981E0
6.408047292E1,1.460961914E-1,-7.304809570E-2,9.900711365E0,9.902058657E0
6.409050392E1,1.417552185E-1,-7.679031372E-2,9.909093933E0,9.910405333E0
6.410053592E1,1.517843628E-1,-1.041833496E-1,9.885892181E0,9.887606226E0
6.411056692E1,1.579216003E-1,-1.404080200E-1,9.871072998E0,9.873334582E0
6.412059892E1,1.522334290E-1,-1.401086426E-1,9.879305878E0,9.881472060E0
6.413062992E1,1.450483704E-1,-1.471440125E-1,9.862391052E0,9.864555117E0
6.414066192E1,1.428030396E-1,-1.451980591E-1,9.833052063E0,9.835160805E0
6.415069292E1,1.444496155E-1,-1.296304321E-1,9.804461517E0,9.806382380E0
6.416072392E1,1.396595764E-1,-1.086740112E-1,9.790540466E0,9.792139575E0
6.417075592E1,1.031355286E-1,-9.759704590E-2,9.785750427E0,9.786780551E0
6.418078692E1,1.059796143E-1,-1.055305481E-1,9.826166382E0,9.827304521E0
6.419081892E1,1.212478638E-1,-1.091230774E-1,9.852661285E0,9.854011533E0
6.420084992E1,1.202000427E-1,-7.963439941E-2,9.874366150E0,9.875418804E0
6.421088092E1,1.362167358E-1,-9.220825195E-2,9.890831909E0,9.892199615E0
6.422091292E1,1.396595764E-1,-9.235794067E-2,9.870623932E0,9.872043942E0
6.423094392E1,1.492396545E-1,-5.688171387E-2,9.862091675E0,9.863384825E0
6.424097592E1,1.450483704E-1,-2.993774414E-2,9.879305878E0,9.880415979E0
6.425100692E1,1.535806274E-1,-1.556762695E-2,9.872569885E0,9.873776658E0
6.426103892E1,1.342707825E-1,-2.380050659E-2,9.861343231E0,9.862286014E0
6.427106992E1,1.203497314E-1,-4.131408691E-2,9.850415955E0,9.851237759E0
6.428110092E1,1.360670471E-1,-7.080276489E-2,9.864486694E0,9.865679146E0
6.429113292E1,1.314266968E-1,-1.067280579E-1,9.861043854E0,9.862497135E0
6.430116392E1,1.260379028E-1,-1.260379028E-1,9.878258057E0,9.879866059E0
6.431119592E1,1.342707825E-1,-1.287322998E-1,9.853110352E0,9.854866019E0
6.432122692E1,1.204994202E-1,-1.311273193E-1,9.828860779E0,9.830473981E0
6.433125792E1,1.139131165E-1,-1.311273193E-1,9.852960663E0,9.854491585E0
6.434128992E1,1.269360352E-1,-1.302291870E-1,9.849218445E0,9.850897237E0
6.435132092E1,1.664538574E-1,-1.221459961E-1,9.883197784E0,9.885354064E0
6.436135292E1,2.062710571E-1,-1.425036621E-1,9.944719849E0,9.947879569E0
6.437138392E1,2.302212524E-1,-1.339714050E-1,9.928852844E0,9.932425130E0
6.438141492E1,1.594184875E-1,-1.160087585E-1,9.769883423E0,9.771872614E0
6.439144692E1,6.676116943E-2,-1.073268127E-1,9.729766846E0,9.730587802E0
6.440147792E1,5.254074097E-2,-1.097218323E-1,9.783505096E0,9.784261412E0
6.441150992E1,6.182144165E-2,-1.128652954E-1,9.831854553E0,9.832696701E0
6.442154092E1,6.930587769E-2,-1.321751404E-1,9.874216461E0,9.875344262E0
6.443157292E1,1.079255676E-1,-1.131646729E-1,9.846224670E0,9.847466397E0
6.444160392E1,1.127156067E-1,-6.107299805E-2,9.831854553E0,9.832690307E0
6.445163492E1,1.354682922E-1,-2.245330811E-3,9.847422180E0,9.848354192E0
6.446166692E1,1.763333130E-1,3.248245239E-2,9.868977356E0,9.870605989E0
6.447169792E1,2.109114075E-1,3.802093506E-2,9.884994049E0,9.887316955E0
6.448172992E1,2.213896179E-1,2.454895020E-2,9.903854828E0,9.906359395E0
6.449176092E1,1.758842468E-1,-3.143463135E-3,9.918524323E0,9.920084167E0
6.450179192E1,1.255888367E-1,-6.077362061E-2,9.926457825E0,9.927438287E0
6.451182392E1,1.013392639E-1,-1.140628052E-1,9.942175140E0,9.943345840E0
6.452185492E1,8.367599487E-2,-1.576222229E-1,9.917476501E0,9.919081943E0
6.453188692E1,8.352630615E-2,-1.616638184E-1,9.895023193E0,9.896696208E0
6.454191792E1,1.219963074E-1,-1.493893433E-1,9.864486694E0,9.866372080E0
6.455194992E1,1.564247131E-1,-1.460961914E-1,9.846074982E0,9.848401156E0
6.456198092E1,1.694476318E-1,-1.193019104E-1,9.840686188E0,9.842867981E0
6.457201192E1,1.733395386E-1,-1.139131165E-1,9.815388794E0,9.817580148E0
6.458204392E1,1.688488770E-1,-1.010398865E-1,9.799222412E0,9.801197829E0
6.459207492E1,1.526824951E-1,-1.131646729E-1,9.791139221E0,9.792983480E0
6.460210692E1,1.311273193E-1,-1.251397705E-1,9.801467743E0,9.803143590E0
6.461213792E1,1.055305481E-1,-1.261875916E-1,9.837692413E0,9.839067640E0
6.462216892E1,9.879455566E-2,-1.302291870E-1,9.880204010E0,9.881556117E0
6.463220092E1,1.029858398E-1,-1.100212097E-1,9.912087708E0,9.913233250E0
6.464223192E1,1.260379028E-1,-8.128097534E-2,9.896669769E0,9.897806053E0
6.465226392E1,1.323248291E-1,-4.475692749E-2,9.839937744E0,9.840929217E0
6.466229492E1,1.092727661E-1,-2.290237427E-2,9.827812958E0,9.828447110E0
6.467232692E1,1.013392639E-1,-5.987548828E-3,9.846224670E0,9.846747979E0
6.468235792E1,1.529818726E-1,-2.155517578E-2,9.859996033E0,9.861206308E0
6.469238892E1,1.859133911E-1,-6.436614990E-2,9.891280975E0,9.893237393E0
6.470242092E1,1.983375549E-1,-9.355545044E-2,9.897717590E0,9.900146661E0
6.471245192E1,1.591191101E-1,-1.338217163E-1,9.850715332E0,9.852909200E0
6.472248392E1,1.200503540E-1,-1.603166199E-1,9.874815216E0,9.876846109E0
6.473251642E1,8.622070312E-2,-1.451980591E-1,9.884395294E0,9.885837689E0
6.474254742E1,8.217910767E-2,-1.438508606E-1,9.874066772E0,9.875456501E0
6.475257942E1,1.160087585E-1,-9.490264893E-2,9.874216461E0,9.875353931E0
6.476261042E1,1.243913269E-1,-6.990463257E-2,9.844428406E0,9.845462432E0
6.477264242E1,1.434017944E-1,-6.077362061E-2,9.851164398E0,9.852395521E0
6.478267342E1,1.390608215E-1,-4.176315308E-2,9.860594788E0,9.861663736E0
6.479270442E1,1.321751404E-1,-5.568420410E-2,9.863289185E0,9.864331936E0
6.480273642E1,1.290316772E-1,-7.589218140E-2,9.876761169E0,9.877895525E0
6.481276742E1,1.136137390E-1,-1.014889526E-1,9.875413971E0,9.876588945E0
6.482279942E1,1.146615601E-1,-1.258882141E-1,9.869576111E0,9.871044915E0
6.483283042E1,1.154100037E-1,-1.547781372E-1,9.861043854E0,9.862933723E0
6.484286242E1,1.107696533E-1,-1.565744019E-1,9.855505371E0,9.857371434E0
6.485289342E1,1.190025330E-1,-1.694476318E-1,9.818083191E0,9.820266374E0
6.486292442E1,1.302291870E-1,-1.538800049E-1,9.799970856E0,9.802044045E0
6.487295642E1,1.321751404E-1,-1.408570862E-1,9.806108093E0,9.808010345E0
6.488298742E1,1.149609375E-1,-1.269360352E-1,9.798623657E0,9.800120119E0
6.489301942E1,1.154100037E-1,-1.197509766E-1,9.839189301E0,9.840594792E0
6.490305042E1,1.329235840E-1,-1.092727661E-1,9.877509613E0,9.879008319E0
6.491308142E1,1.267863464E-1,-1.011895752E-1,9.887838135E0,9.889168675E0
6.492311342E1,1.380130005E-1,-8.083190918E-2,9.874366150E0,9.875661408E0
6.493314442E1,1.260379028E-1,-7.753875732E-2,9.858349457E0,9.859460017E0
6.494317642E1,1.101708984E-1,-7.828720093E-2,9.856104126E0,9.857030742E0
6.495320742E1,9.505233765E-2,-7.559280396E-2,9.878258057E0,9.879004578E0
6.496323942E1,6.840774536E-2,-9.355545044E-2,9.863289185E0,9.863970082E0
6.497327042E1,7.589218140E-2,-1.067280579E-1,9.868228912E0,9.869097850E0
6.498330142E1,8.427474976E-2,-9.610015869E-2,9.884694672E0,9.885521040E0
6.499333342E1,1.191522217E-1,-8.202941895E-2,9.911788330E0,9.912843890E0
6.500336442E1,1.404080200E-1,-6.586303711E-2,9.883646851E0,9.884863551E0
6.501339642E1,1.345701599E-1,-5.598358154E-2,9.829459534E0,9.830540067E0
6.502342742E1,1.333726501E-1,-6.182144165E-2,9.792037354E0,9.793140747E0
6.503345842E1,1.151106262E-1,-6.242019653E-2,9.790839844E0,9.791715457E0
6.504349042E1,1.049317932E-1,-1.035845947E-1,9.822873230E0,9.823979791E0
6.505352142E1,9.984237671E-2,-1.302291870E-1,9.873617706E0,9.874981253E0
6.506355342E1,1.175056458E-1,-1.411564636E-1,9.898466034E0,9.900169824E0
6.507358442E1,1.317260742E-1,-1.416055298E-1,9.896819458E0,9.898708970E0
6.508361642E1,1.300794983E-1,-1.207987976E-1,9.848470001E0,9.850069766E0
6.509364742E1,1.190025330E-1,-1.148112488E-1,9.853559418E0,9.854946800E0
6.510367842E1,1.288819885E-1,-1.113684082E-1,9.870474243E0,9.871943845E0
6.511371042E1,1.528321838E-1,-1.130149841E-1,9.981692963E0,9.983502615E0
6.512374142E1,1.977388000E-1,-1.181044006E-1,1.001267853E1,1.001532728E1
6.513377342E1,1.472937012E-1,-1.175056458E-1,9.842183075E0,9.843986524E0
6.514380442E1,4.939727783E-2,-1.029858398E-1,9.690249023E0,9.690922160E0
6.515383542E1,1.496887207E-3,-1.142124939E-1,9.712852020E0,9.713523619E0
6.516386742E1,2.335144043E-2,-1.282832336E-1,9.807904358E0,9.808771063E0
6.517389842E1,7.394622803E-2,-1.429527283E-1,9.875563660E0,9.876875069E0
6.518393042E1,1.025367737E-1,-1.453477478E-1,9.854307861E0,9.855913108E0
6.519396142E1,1.441502380E-1,-1.133143616E-1,9.816885681E0,9.818597859E0
6.520399242E1,1.390608215E-1,-5.658233643E-2,9.827663269E0,9.828809938E0
6.521402442E1,1.463955688E-1,-7.634124756E-3,9.861043854E0,9.862133432E0
6.522405542E1,1.549278259E-1,1.766326904E-2,9.869875488E0,9.871107171E0
6.523408742E1,1.731898499E-1,2.350112915E-2,9.861343231E0,9.862891936E0
6.524411842E1,1.902543640E-1,1.496887207E-2,9.871522064E0,9.873366632E0
6.525415042E1,1.586700439E-1,-2.200424194E-2,9.904453583E0,9.905748894E0
6.526418142E1,1.164578247E-1,-7.963439941E-2,9.938283234E0,9.939284567E0
6.527421242E1,8.202941895E-2,-1.091230774E-1,9.942773895E0,9.943711048E0
6.528424442E1,7.918533325E-2,-1.486408997E-1,9.926757202E0,9.928185785E0
6.529427542E1,9.280700684E-2,-1.685494995E-1,9.911039886E0,9.912907429E0
6.530430742E1,1.131646729E-1,-1.701960754E-1,9.867330780E0,9.869447283E0
6.531433842E1,1.321751404E-1,-1.568737793E-1,9.845476227E0,9.847612999E0
6.532436942E1,1.308279419E-1,-1.466949463E-1,9.818083191E0,9.820050555E0
6.533440142E1,1.368154907E-1,-1.312770081E-1,9.805808716E0,9.807641750E0
6.534443242E1,1.457968140E-1,-1.022373962E-1,9.813293152E0,9.814908644E0
6.535446442E1,1.408570862E-1,-1.023870850E-1,9.827962646E0,9.829505258E0
6.536449542E1,1.311273193E-1,-9.789642334E-2,9.820178833E0,9.821542160E0
6.537452742E1,1.118174744E-1,-9.639953613E-2,9.852810974E0,9.853916993E0
6.538455842E1,9.550140381E-2,-9.011260986E-2,9.866432648E0,9.867306319E0
6.539458942E1,9.984237671E-2,-7.903564453E-2,9.873617706E0,9.874438807E0
6.540462142E1,9.834548950E-2,-7.649093628E-2,9.855505371E0,9.856292854E0
6.541465242E1,8.711883545E-2,-6.691085815E-2,9.813891907E0,9.814506667E0
6.542468442E1,8.412506104E-2,-3.817062378E-2,9.828561401E0,9.828995536E0
6.543471542E1,9.879455566E-2,-2.125579834E-2,9.839338989E0,9.839857922E0
6.544474642E1,1.556762695E-1,-3.338058472E-2,9.885892181E0,9.887174196E0
6.545477842E1,1.920506287E-1,-7.200027466E-2,9.919721832E0,9.921842002E0
6.546480942E1,1.740879822E-1,-1.086740112E-1,9.892927551E0,9.895055947E0
6.547484142E1,1.492396545E-1,-1.181044006E-1,9.863139496E0,9.864975511E0
6.548487242E1,1.082249451E-1,-1.190025330E-1,9.870474243E0,9.871784845E0
6.549490442E1,8.861572266E-2,-1.333726501E-1,9.878108368E0,9.879406153E0
6.550493542E1,6.975494385E-2,-1.164578247E-1,9.874964905E0,9.875897936E0
6.551496642E1,9.325607300E-2,-9.205856323E-2,9.861343231E0,9.862213839E0
6.552499842E1,1.110690308E-1,-6.197113037E-2,9.849218445E0,9.850039631E0
6.553502942E1,1.212478638E-1,-5.508544922E-2,9.853858795E0,9.854758678E0
6.554506142E1,1.372645569E-1,-4.670288086E-2,9.867181091E0,9.868246319E0
6.555509242E1,1.375639343E-1,-5.224136353E-2,9.869576111E0,9.870673007E0
6.556512442E1,1.246907043E-1,-6.855743408E-2,9.874815216E0,9.875840392E0
6.557515542E1,1.092727661E-1,-1.026864624E-1,9.864337006E0,9.865476654E0
6.558518642E1,1.032852173E-1,-1.230441284E-1,9.865085449E0,9.866393394E0
6.559521842E1,1.148112488E-1,-1.383123779E-1,9.861792297E0,9.863430400E0
6.560524942E1,1.088237000E-1,-1.529818726E-1,9.844278717E0,9.846068734E0
6.561528142E1,1.028361511E-1,-1.627116394E-1,9.807904358E0,9.809792977E0
6.562531242E1,1.206491089E-1,-1.362167358E-1,9.796977081E0,9.798666804E0
6.563534342E1,1.230441284E-1,-1.115180969E-1,9.796677704E0,9.798085026E0
6.564537542E1,1.106199646E-1,-9.041198730E-2,9.826465759E0,9.827504282E0
6.565540642E1,1.184037781E-1,-1.037342834E-1,9.865235138E0,9.866490996E0
6.566543842E1,1.076261902E-1,-1.038839722E-1,9.890682220E0,9.891813285E0
6.567546942E1,1.112187195E-1,-1.213975525E-1,9.887239380E0,9.888610091E0
6.568550042E1,1.052311707E-1,-1.056802368E-1,9.891580353E0,9.892704574E0
6.569553242E1,1.068777466E-1,-9.759704590E-2,9.888885956E0,9.889945070E0
6.570556342E1,8.876541138E-2,-9.220825195E-2,9.876162415E0,9.876991733E0
6.571559542E1,9.160949707E-2,-8.891510010E-2,9.850865021E0,9.851692233E0
6.572562642E1,1.047821045E-1,-7.259902954E-2,9.837842102E0,9.838667955E0
6.573565683E1,1.091230774E-1,-6.062393188E-2,9.840087433E0,9.840879219E0
6.574568783E1,1.179547119E-1,-5.358856201E-2,9.867480469E0,9.868330956E0
6.575571883E1,1.190025330E-1,-7.649093628E-2,9.857151947E0,9.858167019E0
6.576575083E1,1.245410156E-1,-8.187973022E-2,9.868977356E0,9.870102776E0
6.577578183E1,1.082249451E-1,-1.098715210E-1,9.857002258E0,9.858208656E0
6.578581383E1,8.442443848E-2,-1.157093811E-1,9.868378601E0,9.869418036E0
6.579584483E1,9.624984741E-2,-1.190025330E-1,9.906549225E0,9.907731485E0
6.580587583E1,1.091230774E-1,-1.059796143E-1,9.915081482E0,9.916248299E0
6.581590783E1,1.137634277E-1,-7.514373779E-2,9.892328796E0,9.893268303E0
6.582593883E1,1.317260742E-1,-7.664062500E-2,9.841135254E0,9.842315207E0
6.583597083E1,1.273851013E-1,-6.646179199E-2,9.779613190E0,9.780668601E0
6.584600183E1,1.070274353E-1,-8.083190918E-2,9.798024902E0,9.798942834E0
6.585603383E1,7.948471069E-2,-1.046324158E-1,9.809251556E0,9.810131592E0
6.586606483E1,8.696914673E-2,-1.044827271E-1,9.845775604E0,9.846714047E0
6.587609583E1,9.699829102E-2,-1.269360352E-1,9.887239380E0,9.888529920E0
6.588612783E1,1.064286804E-1,-1.194515991E-1,9.828262024E0,9.829564088E0
6.589615883E1,9.205856323E-2,-1.237925720E-1,9.806557159E0,9.807770527E0
6.590619083E1,1.076261902E-1,-1.187031555E-1,9.854307861E0,9.855610446E0
6.591622183E1,1.457968140E-1,-1.175056458E-1,9.987231445E0,9.988986747E0
6.592625283E1,1.818717957E-1,-1.200503540E-1,1.003707779E1,1.003944321E1
6.593628483E1,1.772314453E-1,-1.013392639E-1,9.882748718E0,9.884857250E0
6.594631583E1,8.966354370E-2,-8.442443848E-2,9.726324005E0,9.727103664E0
6.595634783E1,2.978805542E-2,-8.472381592E-2,9.715097351E0,9.715512441E0
6.596637883E1,2.664459229E-2,-8.891510010E-2,9.821076965E0,9.821515595E0
6.597641083E1,7.304809570E-2,-1.243913269E-1,9.922116852E0,9.923165425E0
6.598644183E1,1.293310547E-1,-1.396595764E-1,9.932445374E0,9.934269093E0
6.599647283E1,1.416055298E-1,-1.317260742E-1,9.861043854E0,9.862940219E0
6.600650483E1,1.338217163E-1,-1.052311707E-1,9.816137238E0,9.817613362E0
6.601653583E1,9.295669556E-2,-7.723937988E-2,9.823022919E0,9.823766392E0
6.602656783E1,7.918533325E-2,-4.460723877E-2,9.839338989E0,9.839758730E0
6.603659883E1,1.062789917E-1,-2.544708252E-2,9.863887939E0,9.864493300E0
6.604662983E1,1.371148682E-1,-8.681945801E-3,9.886041870E0,9.886996496E0
6.605666183E1,1.579216003E-1,-7.185058594E-3,9.891580353E0,9.892843511E0
6.606669283E1,1.678010559E-1,-2.544708252E-3,9.900561676E0,9.901983901E0
6.607672483E1,1.344204712E-1,-2.814147949E-2,9.903705139E0,9.904657303E0
6.608675583E1,1.029858398E-1,-6.017486572E-2,9.909093933E0,9.909811788E0
6.609678783E1,8.861572266E-2,-1.013392639E-1,9.889335022E0,9.890251239E0
6.610681883E1,7.424560547E-2,-1.294807434E-1,9.861642609E0,9.862772055E0
6.611684983E1,8.337661743E-2,-1.505868530E-1,9.834998016E0,9.836504158E0
6.612688183E1,9.041198730E-2,-1.698966980E-1,9.846224670E0,9.848105375E0
6.613691283E1,1.014889526E-1,-1.808239746E-1,9.835896149E0,9.838081640E0
6.614694483E1,1.062789917E-1,-1.763333130E-1,9.835746460E0,9.837901051E0
6.615697583E1,1.296304321E-1,-1.583706665E-1,9.835147705E0,9.837276844E0
6.616700683E1,1.224453735E-1,-1.270857239E-1,9.813442841E0,9.815029497E0
6.617703883E1,1.160087585E-1,-1.014889526E-1,9.843829651E0,9.845036325E0
6.618706983E1,1.043330383E-1,-1.014889526E-1,9.856403503E0,9.857478147E0
6.619710183E1,9.265731812E-2,-9.819580078E-2,9.885443115E0,9.886365024E0
6.620713283E1,7.933502197E-2,-6.930587769E-2,9.905052338E0,9.905612508E0
6.621716483E1,7.529342651E-2,-8.098159790E-2,9.853110352E0,9.853730802E0
6.622719583E1,7.619155884E-2,-5.658233643E-2,9.817185059E0,9.817643770E0
6.623722683E1,7.514373779E-2,-3.278182983E-2,9.825567627E0,9.825909649E0
6.624725883E1,9.699829102E-2,-2.065704346E-2,9.833950195E0,9.834450255E0
6.625728983E1,1.437011719E-1,-4.251159668E-2,9.877060547E0,9.878197321E0
6.626732183E1,1.528321838E-1,-6.032455444E-2,9.896071014E0,9.897434933E0
6.627735283E1,1.537303162E-1,-8.831634521E-2,9.895172882E0,9.896761044E0
6.628738383E1,1.228944397E-1,-9.026229858E-2,9.876611481E0,9.877788450E0
6.629741583E1,9.969268799E-2,-9.909393311E-2,9.891730042E0,9.892728716E0
6.630744683E1,8.577163696E-2,-1.182540894E-1,9.890233154E0,9.891311978E0
6.631747883E1,9.370513916E-2,-1.008901978E-1,9.878707123E0,9.879666690E0
6.632750983E1,9.669891357E-2,-8.277786255E-2,9.872270508E0,9.873091098E0
6.633754183E1,1.128652954E-1,-7.828720093E-2,9.877958679E0,9.878913661E0
6.634757283E1,1.213975525E-1,-6.870712280E-2,9.861941986E0,9.862928458E0
6.635760383E1,1.261875916E-1,-5.448669434E-2,9.864337006E0,9.865294556E0
6.636763583E1,1.190025330E-1,-3.936813354E-2,9.886790314E0,9.887584850E0
6.637766683E1,1.115180969E-1,-6.541397095E-2,9.888287201E0,9.889132371E0
6.638769883E1,1.127156067E-1,-8.023315430E-2,9.884095917E0,9.885064201E0
6.639772983E1,1.016386414E-1,-1.113684082E-1,9.886041870E0,9.887191573E0
6.640776183E1,9.235794067E-2,-1.528321838E-1,9.850865021E0,9.852483409E0
6.641779283E1,7.768844604E-2,-1.610650635E-1,9.827663269E0,9.829290045E0
6.642782383E1,7.753875732E-2,-1.645079041E-1,9.819280701E0,9.820964748E0
6.643785583E1,8.891510010E-2,-1.606159973E-1,9.822873230E0,9.824588637E0
6.644788683E1,1.083746338E-1,-1.457968140E-1,9.813891907E0,9.815573143E0
6.645791883E1,1.127156067E-1,-1.237925720E-1,9.823022919E0,9.824449535E0
6.646794983E1,1.049317932E-1,-9.580078125E-2,9.840237122E0,9.841262880E0
6.647798083E1,1.103205872E-1,-9.939331055E-2,9.856104126E0,9.857222642E0
6.648801283E1,1.115180969E-1,-8.457412720E-2,9.889484711E0,9.890475060E0
6.649804383E1,1.010398865E-1,-8.876541138E-2,9.895621948E0,9.896535864E0
6.650807583E1,9.759704590E-2,-9.026229858E-2,9.887089691E0,9.887983365E0
6.651810683E1,7.843688965E-2,-7.843688965E-2,9.867480469E0,9.868103946E0
6.652813883E1,8.173004150E-2,-7.185058594E-2,9.837093658E0,9.837695561E0
6.653816983E1,6.885681152E-2,-7.499404907E-2,9.840386810E0,9.840913471E0
6.654820083E1,7.574249268E-2,-8.951385498E-2,9.829609222E0,9.830308597E0
6.655823283E1,7.843688965E-2,-8.068222046E-2,9.868228912E0,9.868870444E0
6.656826383E1,9.175918579E-2,-8.487350464E-2,9.891879730E0,9.892669400E0
6.657829583E1,9.999206543E-2,-8.861572266E-2,9.867181091E0,9.868085622E0
6.658832683E1,1.085243225E-1,-9.445358276E-2,9.862540741E0,9.863590060E0
6.659835783E1,1.098715210E-1,-9.729766846E-2,9.861642609E0,9.862734587E0
6.660838983E1,1.249900818E-1,-9.789642334E-2,9.898466034E0,9.899739191E0
6.661842083E1,1.193019104E-1,-9.789642334E-2,9.905351715E0,9.906553854E0
6.662845283E1,1.122665405E-1,-8.906478882E-2,9.890981598E0,9.892019677E0
6.663848383E1,1.163081360E-1,-7.589218140E-2,9.839039612E0,9.840019700E0
6.664851583E1,1.067280579E-1,-6.301895142E-2,9.786798248E0,9.787583063E0
6.665854683E1,7.634124756E-2,-6.930587769E-2,9.787546692E0,9.788089780E0
6.666857783E1,8.382568359E-2,-8.472381592E-2,9.796228638E0,9.796953628E0
6.667860983E1,8.352630615E-2,-9.999206543E-2,9.841135254E0,9.841997670E0
6.668864083E1,1.079255676E-1,-1.092727661E-1,9.871671753E0,9.872866436E0
6.669867283E1,1.130149841E-1,-1.279838562E-1,9.835596771E0,9.837078636E0
6.670870383E1,9.834548950E-2,-1.124162292E-1,9.801467743E0,9.802605733E0
6.671873483E1,9.639953613E-2,-1.309776306E-1,9.877659302E0,9.878997990E0
6.672876683E1,1.386117554E-1,-1.071771240E-1,9.987231445E0,9.988768297E0
6.673879842E1,1.609153748E-1,-1.086740112E-1,1.004111938E1,1.004299668E1
6.674883042E1,1.558259583E-1,-1.130149841E-1,9.911339264E0,9.913208367E0
6.675886142E1,9.969268799E-2,-9.175918579E-2,9.739795990E0,9.740738386E0
6.676889342E1,4.640350342E-3,-6.227050781E-2,9.668394470E0,9.668596112E0
6.677892442E1,-5.987548828E-3,-7.349716187E-2,9.750274200E0,9.750553044E0
6.678895542E1,3.817062378E-2,-7.514373779E-2,9.897268524E0,9.897627383E0
6.679898742E1,1.332229614E-1,-1.001417542E-1,9.970915375E0,9.972308165E0
6.680901842E1,1.679507446E-1,-1.040336609E-1,9.964478760E0,9.966437047E0
6.681905042E1,1.842668152E-1,-8.442443848E-2,9.957892456E0,9.959955016E0
6.682908142E1,1.606159973E-1,-4.236190796E-2,9.933942261E0,9.935330939E0
6.683911242E1,9.729766846E-2,1.197509766E-3,9.875563660E0,9.876043027E0
6.684914442E1,6.047424316E-2,2.574645996E-2,9.842332764E0,9.842552222E0
6.685917542E1,5.957611084E-2,3.293151855E-3,9.833800507E0,9.833981521E0
6.686920742E1,1.110690308E-1,-5.448669434E-2,9.851613464E0,9.852390217E0
6.687923842E1,1.417552185E-1,-8.247848511E-2,9.882898407E0,9.884259111E0
6.688927042E1,1.408570862E-1,-9.235794067E-2,9.915680237E0,9.917110732E0
6.689930142E1,1.315763855E-1,-9.999206543E-2,9.880503387E0,9.881885344E0
6.690933242E1,8.322692871E-2,-1.071771240E-1,9.828561401E0,9.829498099E0
6.691936442E1,6.855743408E-2,-8.487350464E-2,9.805808716E0,9.806415666E0
6.692939542E1,6.496490479E-2,-1.011895752E-1,9.773326263E0,9.774065992E0
6.693942742E1,6.795867920E-2,-1.321751404E-1,9.778715057E0,9.779844417E0
6.694945842E1,5.912704468E-2,-1.362167358E-1,9.806257782E0,9.807382051E0
6.695949042E1,7.634124756E-2,-1.612147522E-1,9.832453308E0,9.834071193E0
6.696952142E1,7.604187012E-2,-1.911524963E-1,9.847871246E0,9.850019783E0
6.697955242E1,9.265731812E-2,-1.727407837E-1,9.859247589E0,9.861196062E0
6.698958442E1,1.100212097E-1,-1.437011719E-1,9.872869263E0,9.874527947E0
6.699961542E1,9.624984741E-2,-1.242416382E-1,9.881251831E0,9.882501595E0
6.700964742E1,1.101708984E-1,-1.026864624E-1,9.879305878E0,9.880453773E0
6.701967842E1,1.047821045E-1,-8.442443848E-2,9.911788330E0,9.912701684E0
6.702970942E1,1.074765015E-1,-6.870712280E-2,9.896969147E0,9.897791176E0
6.703974142E1,6.885681152E-2,-4.670288086E-2,9.830058289E0,9.830410387E0
6.704977242E1,3.637435913E-2,-3.921844482E-2,9.827513580E0,9.827659149E0
6.705980442E1,7.798782349E-2,-2.260299683E-2,9.839189301E0,9.839524332E0
6.706983542E1,1.371148682E-1,-3.607498169E-2,9.880204010E0,9.881221239E0
6.707986742E1,1.672023010E-1,-5.792953491E-2,9.920619965E0,9.922197988E0
6.708989842E1,1.417552185E-1,-7.649093628E-2,9.923763428E0,9.925070578E0
6.709992942E1,1.182540894E-1,-8.921447754E-2,9.882449341E0,9.883559492E0
6.710996142E1,9.580078125E-2,-8.637039185E-2,9.882149963E0,9.882991730E0
6.711999242E1,8.981323242E-2,-8.711883545E-2,9.857451324E0,9.858245418E0
6.713002442E1,7.873626709E-2,-1.125659180E-1,9.852810974E0,9.853768547E0
6.714005542E1,9.071136475E-2,-1.122665405E-1,9.872569885E0,9.873624890E0
6.715008642E1,1.076261902E-1,-9.490264893E-2,9.862241364E0,9.863285184E0
6.716011842E1,1.095721436E-1,-9.235794067E-2,9.870923309E0,9.871963484E0
6.717014942E1,1.163081360E-1,-8.532257080E-2,9.861792297E0,9.862847197E0
6.718018142E1,9.535171509E-2,-1.002914429E-1,9.864037628E0,9.865008295E0
6.719021242E1,8.891510010E-2,-1.080752563E-1,9.869426422E0,9.870418636E0
6.720024442E1,8.831634521E-2,-1.333726501E-1,9.868827667E0,9.870123989E0
6.721027542E1,8.038284302E-2,-1.351689148E-1,9.860894165E0,9.862148132E0
6.722030642E1,7.813751221E-2,-1.625619507E-1,9.860145721E0,9.861795248E0
6.723033842E1,8.008346558E-2,-1.571731567E-1,9.860894165E0,9.862471825E0
6.724036942E1,8.532257080E-2,-1.686991882E-1,9.850865021E0,9.852678875E0
6.725040142E1,8.936416626E-2,-1.513352966E-1,9.835896149E0,9.837466207E0
6.726043242E1,7.963439941E-2,-1.213975525E-1,9.812694397E0,9.813768406E0
6.727046442E1,7.095245361E-2,-9.834548950E-2,9.801767120E0,9.802517267E0
6.728049542E1,7.424560547E-2,-8.442443848E-2,9.806407471E0,9.807051921E0
6.729052642E1,8.412506104E-2,-7.589218140E-2,9.846673737E0,9.847325542E0
6.730055842E1,7.694000244E-2,-8.023315430E-2,9.857451324E0,9.858078096E0
6.731058942E1,8.098159790E-2,-8.322692871E-2,9.871971130E0,9.872654088E0
6.732062142E1,8.113128662E-2,-9.026229858E-2,9.884095917E0,9.884841003E0
6.733065242E1,9.041198730E-2,-8.038284302E-2,9.872869263E0,9.873610444E0
6.734068342E1,8.936416626E-2,-9.101074219E-2,9.871522064E0,9.872346062E0
6.735071542E1,8.232879639E-2,-1.014889526E-1,9.902507629E0,9.903369901E0
6.736074642E1,7.843688965E-2,-1.187031555E-1,9.910740509E0,9.911761711E0
6.737077842E1,7.963439941E-2,-1.240919495E-1,9.874815216E0,9.875915958E0
6.738080942E1,6.376739502E-2,-1.181044006E-1,9.834848328E0,9.835764157E0
6.739084142E1,5.418731689E-2,-1.008901978E-1,9.846374359E0,9.847040323E0
6.740087242E1,7.963439941E-2,-1.049317932E-1,9.879006500E0,9.879884703E0
6.741090342E1,1.035845947E-1,-9.789642334E-2,9.872120819E0,9.873149596E0
6.742093542E1,1.242416382E-1,-9.011260986E-2,9.849517822E0,9.850713558E0
6.743096642E1,1.218466187E-1,-7.888595581E-2,9.823621674E0,9.824694009E0
6.744099842E1,1.076261902E-1,-8.038284302E-2,9.803264008E0,9.804184311E0
6.745102942E1,1.007405090E-1,-1.278341675E-1,9.818083191E0,9.819432151E0
6.746106142E1,6.915618896E-2,-1.469943237E-1,9.845476227E0,9.846816340E0
6.747109242E1,6.810836792E-2,-1.534309387E-1,9.871821442E0,9.873248623E0
6.748112342E1,9.011260986E-2,-1.360670471E-1,9.823172607E0,9.824528213E0
6.749115542E1,5.792953491E-2,-1.004411316E-1,9.740993500E0,9.741683562E0
6.750118642E1,5.463638306E-2,-8.951385498E-2,9.782457275E0,9.783019381E0
6.751121842E1,7.544311523E-2,-9.759704590E-2,9.889484711E0,9.890254026E0
6.752124942E1,1.121168518E-1,-1.149609375E-1,1.000983444E1,1.001112240E1
6.753128042E1,1.519340515E-1,-1.492396545E-1,9.994566193E0,9.996834990E0
6.754131242E1,1.225950623E-1,-1.519340515E-1,9.833052063E0,9.834989902E0
6.755134342E1,5.613327026E-2,-1.380130005E-1,9.714049530E0,9.715192062E0
6.756137542E1,3.772155762E-2,-1.196012878E-1,9.753567352E0,9.754373556E0
6.757140642E1,5.658233643E-2,-1.236428833E-1,9.857151947E0,9.858089756E0
6.758143842E1,1.089733887E-1,-1.559756470E-1,9.961784363E0,9.963601321E0
6.759146942E1,1.520837402E-1,-1.682501221E-1,9.965825958E0,9.968406322E0
6.760150042E1,1.618135071E-1,-1.486408997E-1,9.906249847E0,9.908686279E0
6.761153242E1,1.342707825E-1,-1.031355286E-1,9.841135254E0,9.842591562E0
6.762156342E1,9.101074219E-2,-5.388793945E-2,9.836644592E0,9.837213208E0
6.763159542E1,6.436614990E-2,-1.766326904E-2,9.834548950E0,9.834775445E0
6.764162642E1,6.286926270E-2,8.831634521E-3,9.839788055E0,9.839992862E0
6.765165842E1,6.092330933E-2,4.176315308E-2,9.866881714E0,9.867158181E0
6.766168942E1,9.535171509E-2,2.409988403E-2,9.890981598E0,9.891470554E0
6.767172042E1,1.202000427E-1,1.496887207E-3,9.911938019E0,9.912666926E0
6.768175242E1,1.122665405E-1,-4.281097412E-2,9.916278992E0,9.917006887E0
6.769178342E1,1.181044006E-1,-9.639953613E-2,9.902807007E0,9.903980419E0
6.770181542E1,1.131646729E-1,-1.448986816E-1,9.890233154E0,9.891941858E0
6.771184642E1,1.086740112E-1,-1.782792664E-1,9.871522064E0,9.873729863E0
6.772187742E1,9.295669556E-2,-1.980381775E-1,9.855056305E0,9.857484204E0
6.773190871E1,7.694000244E-2,-2.010319519E-1,9.851014709E0,9.853366146E0
6.774193971E1,8.068222046E-2,-1.923500061E-1,9.841883698E0,9.844093806E0
6.775197171E1,7.813751221E-2,-1.826202393E-1,9.812844086E0,9.814854287E0
6.776200271E1,9.400451660E-2,-1.549278259E-1,9.833800507E0,9.835470090E0
6.777203471E1,1.005908203E-1,-1.603166199E-1,9.832453308E0,9.834274655E0
6.778206571E1,9.699829102E-2,-1.345701599E-1,9.833052063E0,9.834451213E0
6.779209671E1,9.894424438E-2,-1.264869690E-1,9.859546967E0,9.860854694E0
6.780212871E1,1.068777466E-1,-1.076261902E-1,9.883347473E0,9.884511294E0
6.781215971E1,9.280700684E-2,-1.007405090E-1,9.868378601E0,9.869329157E0
6.782219171E1,6.765930176E-2,-6.137237549E-2,9.812245331E0,9.812670522E0
6.783222271E1,3.607498169E-2,-3.562591553E-2,9.826016693E0,9.826147499E0
6.784225471E1,6.870712280E-2,-2.709365845E-2,9.858648834E0,9.858925478E0
6.785228571E1,1.103205872E-1,-3.577560425E-2,9.892179108E0,9.892858941E0
6.786231671E1,1.329235840E-1,-6.601272583E-2,9.900411987E0,9.901524321E0
6.787234871E1,1.333726501E-1,-9.729766846E-2,9.880952454E0,9.882331531E0
6.788237971E1,9.714797974E-2,-1.215472412E-1,9.858349457E0,9.859577348E0
6.789241171E1,9.565109253E-2,-1.255888367E-1,9.854457550E0,9.855721957E0
6.790244271E1,8.592132568E-2,-1.269360352E-1,9.884395294E0,9.885583724E0
6.791247371E1,8.023315430E-2,-1.249900818E-1,9.907746735E0,9.908859936E0
6.792250571E1,1.121168518E-1,-9.714797974E-2,9.915380859E0,9.916490584E0
6.793253671E1,1.251397705E-1,-6.092330933E-2,9.913584595E0,9.914561570E0
6.794256871E1,1.290316772E-1,-6.706054688E-2,9.880054321E0,9.881124414E0
6.795259971E1,1.109193420E-1,-7.095245361E-2,9.851314087E0,9.852193999E0
6.796263171E1,9.056167603E-2,-6.960525513E-2,9.856702881E0,9.857364657E0
6.797266271E1,1.031355286E-1,-7.634124756E-2,9.865983582E0,9.866817975E0
6.798269371E1,9.460327148E-2,-1.014889526E-1,9.867181091E0,9.868156488E0
6.799272571E1,9.520202637E-2,-1.378633118E-1,9.845775604E0,9.847200971E0
6.800275671E1,6.586303711E-2,-1.526824951E-1,9.778715057E0,9.780128734E0
6.801278871E1,4.206253052E-2,-1.707948303E-1,9.773475952E0,9.775058686E0
6.802281971E1,9.729766846E-2,-1.815724182E-1,9.855205994E0,9.857358701E0
6.803285171E1,1.079255676E-1,-1.874102783E-1,9.860145721E0,9.862517132E0
6.804288271E1,1.110690308E-1,-1.502874756E-1,9.834848328E0,9.836623622E0
6.805291371E1,1.187031555E-1,-1.134640503E-1,9.807754669E0,9.809129226E0
6.806294571E1,1.116677856E-1,-8.726852417E-2,9.818382568E0,9.819405366E0
6.807297671E1,8.247848511E-2,-9.639953613E-2,9.834099884E0,9.834918205E0
6.808300871E1,4.505630493E-2,-9.505233765E-2,9.849667511E0,9.850229190E0
6.809303971E1,3.008743286E-2,-1.041833496E-1,9.856852570E0,9.857449062E0
6.810307071E1,4.535568237E-2,-1.131646729E-1,9.904154205E0,9.904904538E0
6.811310271E1,5.433700562E-2,-1.067280579E-1,9.929152222E0,9.929874482E0
6.812313371E1,7.529342651E-2,-9.385482788E-2,9.938432922E0,9.939161272E0
6.813316571E1,9.445358276E-2,-7.768844604E-2,9.898765411E0,9.899520879E0
6.814319671E1,9.086105347E-2,-4.595443726E-2,9.849368134E0,9.849894424E0
6.815322871E1,7.933502197E-2,-4.056564331E-2,9.818831635E0,9.819235932E0
6.816325971E1,7.679031372E-2,-4.595443726E-2,9.832004242E0,9.832411504E0
6.817329071E1,6.421646118E-2,-7.694000244E-2,9.856852570E0,9.857362025E0
6.818332271E1,8.696914673E-2,-8.771759033E-2,9.875563660E0,9.876336143E0
6.819335371E1,9.924362183E-2,-1.233435059E-1,9.844129028E0,9.845401934E0
6.820338571E1,9.699829102E-2,-1.330732727E-1,9.817185059E0,9.818566068E0
6.821341671E1,8.966354370E-2,-1.360670471E-1,9.861792297E0,9.863138502E0
6.822344871E1,1.133143616E-1,-1.513352966E-1,9.933493195E0,9.935292123E0
6.823347971E1,1.555265808E-1,-1.676513672E-1,1.004366409E1,1.004626716E1
6.824351071E1,1.990859985E-1,-1.601669312E-1,9.957293701E0,9.960571597E0
6.825354271E1,1.414558411E-1,-1.540296936E-1,9.761201477E0,9.763441462E0
6.826357371E1,4.266128540E-2,-1.356179810E-1,9.699080658E0,9.700122568E0
6.827360571E1,1.092727661E-2,-1.101708984E-1,9.762698364E0,9.763326092E0
6.828363671E1,4.505630493E-2,-1.106199646E-1,9.852361908E0,9.853085913E0
6.829366771E1,1.139131165E-1,-1.273851013E-1,9.910590820E0,9.912064042E0
6.830369971E1,1.688488770E-1,-1.402583313E-1,9.885892181E0,9.888328805E0
6.831373071E1,1.466949463E-1,-1.338217163E-1,9.836494904E0,9.838498851E0
6.832376271E1,1.234931946E-1,-9.475296021E-2,9.824519806E0,9.825752801E0
6.833379371E1,6.676116943E-2,-6.571334839E-2,9.838291168E0,9.838737135E0
6.834382571E1,4.640350342E-2,-4.281097412E-2,9.874066772E0,9.874268616E0
6.835385671E1,4.924758911E-2,-3.248245239E-2,9.882299652E0,9.882475745E0
6.836388771E1,8.217910767E-2,-2.035766602E-2,9.876162415E0,9.876525294E0
6.837391971E1,8.083190918E-2,-3.278182983E-2,9.891580353E0,9.891964937E0
6.838395071E1,7.574249268E-2,-3.577560425E-2,9.901908875E0,9.902263185E0
6.839398271E1,7.873626709E-2,-7.843688965E-2,9.899962921E0,9.900586729E0
6.840401371E1,6.960525513E-2,-9.879455566E-2,9.923613739E0,9.924349596E0
6.841404571E1,9.116043091E-2,-1.133143616E-1,9.896220703E0,9.897289254E0
6.842407671E1,9.610015869E-2,-1.417552185E-1,9.868528290E0,9.870014204E0
6.843410771E1,1.055305481E-1,-1.480421448E-1,9.832602997E0,9.834283648E0
6.844413971E1,9.205856323E-2,-1.565744019E-1,9.814041595E0,9.815722223E0
6.845417071E1,6.721023560E-2,-1.740879822E-1,9.795480194E0,9.797257579E0
6.846420271E1,7.214996338E-2,-1.642085266E-1,9.817783813E0,9.819422033E0
6.847423371E1,8.966354370E-2,-1.739382935E-1,9.803713074E0,9.805665919E0
6.848426571E1,9.325607300E-2,-1.628613281E-1,9.831405487E0,9.833196548E0
6.849429671E1,1.052311707E-1,-1.468446350E-1,9.833650818E0,9.835310130E0
6.850432771E1,9.954299927E-2,-1.204994202E-1,9.877808990E0,9.879045469E0
6.851435971E1,1.091230774E-1,-9.969268799E-2,9.885742493E0,9.886847380E0
6.852439071E1,9.475296021E-2,-7.379653931E-2,9.842781830E0,9.843514525E0
6.853442271E1,5.553451538E-2,-3.742218018E-2,9.850116577E0,9.850344212E0
6.854445371E1,6.047424316E-2,-3.098556519E-2,9.850415955E0,9.850650320E0
6.855448471E1,8.128097534E-2,-3.203338623E-2,9.834848328E0,9.835236365E0
6.856451671E1,8.681945801E-2,-5.104385376E-2,9.876012726E0,9.876526234E0
6.857454771E1,1.112187195E-1,-8.622070312E-2,9.905052338E0,9.906051960E0
6.858457971E1,1.308279419E-1,-9.954299927E-2,9.895921326E0,9.897286681E0
6.859461071E1,1.212478638E-1,-1.282832336E-1,9.890981598E0,9.892556525E0
6.860464271E1,1.148112488E-1,-1.368154907E-1,9.900411987E0,9.902022905E0
6.861467371E1,9.669891357E-2,-1.261875916E-1,9.888885956E0,9.890163772E0
6.862470471E1,8.023315430E-2,-1.137634277E-1,9.871222687E0,9.872204253E0
6.863473671E1,1.001417542E-1,-1.125659180E-1,9.859097900E0,9.860249027E0
6.864476771E1,8.951385498E-2,-1.010398865E-1,9.861043854E0,9.861967738E0
6.865479971E1,9.265731812E-2,-9.071136475E-2,9.851912842E0,9.852766138E0
6.866483071E1,8.622070312E-2,-8.217910767E-2,9.853709106E0,9.854428982E0
6.867486271E1,9.490264893E-2,-7.993377686E-2,9.883347473E0,9.884126324E0
6.868489371E1,1.010398865E-1,-8.861572266E-2,9.876761169E0,9.877675486E0
6.869492471E1,8.517288208E-2,-1.092727661E-1,9.878557434E0,9.879528933E0
6.870495671E1,9.295669556E-2,-1.300794983E-1,9.858050079E0,9.859346479E0
6.871498771E1,9.295669556E-2,-1.640588379E-1,9.851314087E0,9.853118567E0
6.872501971E1,9.160949707E-2,-1.698966980E-1,9.836045837E0,9.837939566E0
6.873505142E1,9.265731812E-2,-1.675016785E-1,9.817484436E0,9.819350429E0
6.874508242E1,7.095245361E-2,-1.534309387E-1,9.807604980E0,9.809061665E0
6.875511442E1,6.885681152E-2,-1.438508606E-1,9.804760895E0,9.806057849E0
6.876514542E1,8.562194824E-2,-1.236428833E-1,9.810149689E0,9.811302441E0
6.877517742E1,8.173004150E-2,-1.203497314E-1,9.831405487E0,9.832481768E0
6.878520842E1,5.448669434E-2,-1.224453735E-1,9.857601013E0,9.858512028E0
6.879524042E1,5.613327026E-2,-1.297801208E-1,9.870623932E0,9.871636674E0
6.880527142E1,4.819976807E-2,-1.227447510E-1,9.882898407E0,9.883778145E0
6.881530242E1,6.167175293E-2,-1.119671631E-1,9.941875763E0,9.942697508E0
6.882533442E1,9.131011963E-2,-9.909393311E-2,9.925559692E0,9.926474316E0
6.883536542E1,1.007405090E-1,-6.047424316E-2,9.866133270E0,9.866832901E0
6.884539742E1,9.325607300E-2,-2.260299683E-2,9.827812958E0,9.828281392E0
6.885542842E1,5.523513794E-2,-3.787124634E-2,9.786498871E0,9.786728018E0
6.886546042E1,4.146377563E-2,-3.547622681E-2,9.792037354E0,9.792189405E0
6.887549142E1,2.948867798E-2,-5.703140259E-2,9.824819183E0,9.825028964E0
6.888552242E1,4.266128540E-2,-7.978408813E-2,9.841883698E0,9.842299538E0
6.889555442E1,6.541397095E-2,-9.924362183E-2,9.836345215E0,9.837063356E0
6.890558542E1,7.664062500E-2,-1.170565796E-1,9.833501129E0,9.834496453E0
6.891561742E1,8.786727905E-2,-1.297801208E-1,9.883497162E0,9.884739738E0
6.892564842E1,1.140628052E-1,-1.547781372E-1,9.961185608E0,9.963040967E0
6.893568042E1,1.576222229E-1,-1.893562317E-1,1.005908203E1,1.006209878E1
6.894571142E1,1.767823792E-1,-1.782792664E-1,9.958491211E0,9.961655621E0
6.895574242E1,1.161584473E-1,-1.636097717E-1,9.774224396E0,9.776283725E0
6.896577442E1,2.829116821E-2,-1.507365417E-1,9.686057739E0,9.687271877E0
6.897580542E1,2.544708252E-3,-1.504371643E-1,9.750274200E0,9.751435012E0
6.898583742E1,6.092330933E-2,-1.549278259E-1,9.888586578E0,9.889987806E0
6.899586842E1,1.194515991E-1,-1.898052979E-1,9.953252106E0,9.955778333E0
6.900589942E1,1.703457642E-1,-1.892065430E-1,9.904303894E0,9.907575507E0
6.901593142E1,1.634600830E-1,-1.929487610E-1,9.849966888E0,9.853212477E0
6.902596242E1,1.320254517E-1,-1.600172424E-1,9.815538483E0,9.817730488E0
6.903599442E1,1.008901978E-1,-1.067280579E-1,9.832453308E0,9.833550110E0
6.904602542E1,7.289840698E-2,-7.364685059E-2,9.865384827E0,9.865929040E0
6.905605742E1,7.035369873E-2,-4.131408691E-2,9.889035645E0,9.889372198E0
6.906608842E1,8.292755127E-2,-2.469863892E-2,9.888885956E0,9.889264505E0
6.907611942E1,9.011260986E-2,-1.392105103E-2,9.851314087E0,9.851736056E0
6.908615142E1,7.649093628E-2,-8.083190918E-3,9.865983582E0,9.866283405E0
6.909618242E1,5.837860107E-2,-3.083587646E-2,9.845176849E0,9.845398220E0
6.910621442E1,3.562591553E-2,-8.936416626E-2,9.874216461E0,9.874685103E0
6.911624542E1,5.328918457E-2,-1.212478638E-1,9.865384827E0,9.866273793E0
6.912627742E1,5.194198608E-2,-1.586700439E-1,9.873168640E0,9.874580151E0
6.913630842E1,5.658233643E-2,-1.749861145E-1,9.880952454E0,9.882663765E0
6.914633942E1,6.227050781E-2,-1.911524963E-1,9.857451324E0,9.859501179E0
6.915637142E1,5.194198608E-2,-2.037263489E-1,9.847871246E0,9.850115252E0
6.916640242E1,8.816665649E-2,-1.917512512E-1,9.864935760E0,9.867193089E0
6.917643442E1,1.127156067E-1,-1.859133911E-1,9.854906616E0,9.857304551E0
6.918646542E1,1.073268127E-1,-1.829196167E-1,9.868827667E0,9.871106228E0
6.919649742E1,9.729766846E-2,-1.624122620E-1,9.856852570E0,9.858670659E0
6.920652842E1,8.397537231E-2,-1.404080200E-1,9.873917084E0,9.875272394E0
6.921655942E1,5.553451538E-2,-1.360670471E-1,9.861043854E0,9.862138927E0
6.922659142E1,4.206253052E-2,-1.077758789E-1,9.808203735E0,9.808886043E0
6.923662242E1,5.089416504E-3,-8.023315430E-2,9.809850311E0,9.810179733E0
6.924665442E1,6.885681152E-3,-6.002517700E-2,9.806407471E0,9.806593594E0
6.925668542E1,4.251159668E-2,-6.167175293E-2,9.840087433E0,9.840372520E0
6.926671642E1,8.607101440E-2,-7.604187012E-2,9.890831909E0,9.891498695E0
6.927674842E1,1.242416382E-1,-9.684860229E-2,9.892029419E0,9.893283664E0
6.928677942E1,1.185534668E-1,-1.125659180E-1,9.890532532E0,9.891883530E0
6.929681142E1,1.161584473E-1,-1.475930786E-1,9.862989807E0,9.864777972E0
6.930684242E1,8.756790161E-2,-1.567240906E-1,9.853559418E0,9.855194761E0
6.931687442E1,7.768844604E-2,-1.625619507E-1,9.889634399E0,9.891275471E0
6.932690542E1,8.517288208E-2,-1.579216003E-1,9.892628174E0,9.894255194E0
6.933693642E1,6.750961304E-2,-1.434017944E-1,9.903555450E0,9.904823683E0
6.934696842E1,7.559280396E-2,-1.317260742E-1,9.884994049E0,9.886160700E0
6.935699942E1,7.708969116E-2,-1.239422607E-1,9.872569885E0,9.873648801E0
6.936703142E1,7.858657837E-2,-1.089733887E-1,9.873617706E0,9.874531769E0
6.937706242E1,7.544311523E-2,-1.013392639E-1,9.878108368E0,9.878916248E0
6.938709342E1,6.900650024E-2,-1.151106262E-1,9.878258057E0,9.879169732E0
6.939712542E1,6.945556641E-2,-1.377136230E-1,9.892927551E0,9.894129808E0
6.940715642E1,6.706054688E-2,-1.535806274E-1,9.879754944E0,9.881176138E0
6.941718842E1,6.511459351E-2,-1.592687988E-1,9.863887939E0,9.865388575E0
6.942721942E1,6.286926270E-2,-1.746867371E-1,9.833950195E0,9.835702539E0
6.943725142E1,5.628295898E-2,-1.657054138E-1,9.820777588E0,9.822336712E0
6.944728242E1,6.586303711E-2,-1.642085266E-1,9.807155914E0,9.808751679E0
6.945731342E1,6.975494385E-2,-1.553768921E-1,9.797725525E0,9.799205743E0
6.946734542E1,6.197113037E-2,-1.314266968E-1,9.812245331E0,9.813321142E0
6.947737642E1,6.271957397E-2,-1.321751404E-1,9.837393036E0,9.838480866E0
6.948740842E1,6.017486572E-2,-1.441502380E-1,9.867031403E0,9.868267781E0
6.949743942E1,6.676116943E-2,-1.441502380E-1,9.874066772E0,9.875344600E0
6.950747142E1,6.691085815E-2,-1.585203552E-1,9.898316345E0,9.899811727E0
6.951750242E1,4.161346436E-2,-1.577719116E-1,9.895921326E0,9.897266418E0
6.952753342E1,2.963836670E-2,-1.678010559E-1,9.906100159E0,9.907565593E0
6.953756542E1,3.367996216E-2,-1.342707825E-1,9.922266541E0,9.923232149E0
6.954759642E1,6.301895142E-2,-1.068777466E-1,9.893825684E0,9.894603625E0
6.955762842E1,5.957611084E-2,-7.364685059E-2,9.841734009E0,9.842189872E0
6.956765942E1,5.912704468E-2,-6.122268677E-2,9.791288910E0,9.791658835E0
6.957769142E1,5.538482666E-2,-6.750961304E-2,9.780511322E0,9.780901121E0
6.958772242E1,4.056564331E-2,-1.122665405E-1,9.791737976E0,9.792465570E0
6.959775342E1,5.224136353E-2,-1.270857239E-1,9.854307861E0,9.855265768E0
6.960778542E1,7.454498291E-2,-1.694476318E-1,9.871522064E0,9.873257685E0
6.961781642E1,8.981323242E-2,-1.796264648E-1,9.833052063E0,9.835102692E0
6.962784842E1,8.427474976E-2,-1.779798889E-1,9.845476227E0,9.847445415E0
6.963787942E1,8.936416626E-2,-1.772314453E-1,9.905351715E0,9.907340185E0
6.964791142E1,1.121168518E-1,-1.751358032E-1,1.001701950E1,1.001917773E1
6.965794242E1,1.568737793E-1,-1.743873596E-1,1.006926086E1,1.007199259E1
6.966797342E1,1.423539734E-1,-1.603166199E-1,9.887389069E0,9.889713275E0
6.967800542E1,4.849914551E-2,-1.279838562E-1,9.683662720E0,9.684629869E0
6.968803642E1,-2.874023438E-2,-1.136137390E-1,9.649982758E0,9.650694343E0
6.969806842E1,-4.086502075E-2,-1.134640503E-1,9.752669220E0,9.753414836E0
6.970809942E1,1.930984497E-2,-1.323248291E-1,9.903705139E0,9.904607928E0
6.971813042E1,8.472381592E-2,-1.709445190E-1,9.938582611E0,9.940413697E0
6.972816242E1,1.258882141E-1,-1.824705505E-1,9.879305878E0,9.881792751E0
6.973819329E1,1.273851013E-1,-1.589694214E-1,9.823471985E0,9.825583956E0
6.974822529E1,1.029858398E-1,-1.279838562E-1,9.830507355E0,9.831879820E0
6.975825629E1,6.556365967E-2,-9.879455566E-2,9.854457550E0,9.855170854E0
6.976828829E1,3.921844482E-2,-7.664062500E-2,9.873767395E0,9.874142719E0
6.977831929E1,5.104385376E-2,-6.975494385E-2,9.884994049E0,9.885371949E0
6.978835029E1,7.409591675E-2,-4.745132446E-2,9.878557434E0,9.878949277E0
6.979838229E1,8.202941895E-2,-5.703140259E-2,9.869875488E0,9.870381125E0
6.980841329E1,6.661148071E-2,-6.391708374E-2,9.868378601E0,9.868810399E0
6.981844529E1,5.179229736E-2,-8.666976929E-2,9.883946228E0,9.884461904E0
6.982847629E1,5.478607178E-2,-1.254391479E-1,9.912686462E0,9.913631494E0
6.983850829E1,7.499404907E-2,-1.501377869E-1,9.889484711E0,9.890908619E0
6.984853929E1,6.616241455E-2,-1.773811340E-1,9.891280975E0,9.893092583E0
6.985857029E1,7.170089722E-2,-1.829196167E-1,9.876012726E0,9.877966793E0
6.986860229E1,6.002517700E-2,-1.998344421E-1,9.844278717E0,9.846489744E0
6.987863329E1,4.550537109E-2,-1.865121460E-1,9.812993774E0,9.814871590E0
6.988866529E1,5.748046875E-2,-1.913021851E-1,9.819879456E0,9.821910866E0
6.989869629E1,7.933502197E-2,-1.851649475E-1,9.839788055E0,9.841849881E0
6.990872829E1,8.637039185E-2,-1.669029236E-1,9.828262024E0,9.830058537E0
6.991875929E1,8.277786255E-2,-1.471440125E-1,9.838291168E0,9.839739664E0
6.992879029E1,6.945556641E-2,-1.199006653E-1,9.863887939E0,9.864861151E0
6.993882229E1,6.586303711E-2,-1.046324158E-1,9.847422180E0,9.848198286E0
6.994885329E1,4.625381470E-2,-8.906478882E-2,9.811496887E0,9.812010147E0
6.995888529E1,4.191284180E-3,-6.840774536E-2,9.824968872E0,9.825207912E0
6.996891629E1,1.856140137E-2,-6.346801758E-2,9.842183075E0,9.842405214E0
6.997894729E1,5.613327026E-2,-8.068222046E-2,9.871372375E0,9.871861686E0
6.998897929E1,1.053808594E-1,-9.654922485E-2,9.919871521E0,9.920901061E0
6.999901029E1,1.222956848E-1,-1.293310547E-1,9.909842377E0,9.911440798E0
7.000904229E1,1.061293030E-1,-1.460961914E-1,9.887688446E0,9.889337204E0
7.001907329E1,9.580078125E-2,-1.471440125E-1,9.867330780E0,9.868892839E0
7.002910529E1,8.202941895E-2,-1.540296936E-1,9.869576111E0,9.871118811E0
7.003913629E1,5.598358154E-2,-1.451980591E-1,9.876611481E0,9.877837363E0
7.004916729E1,5.463638306E-2,-1.267863464E-1,9.856852570E0,9.857819358E0
7.005919929E1,4.415817261E-2,-1.279838562E-1,9.863438873E0,9.864368009E0
7.006923029E1,6.361770630E-2,-1.222956848E-1,9.857151947E0,9.858115842E0
7.007926229E1,7.214996338E-2,-1.155596924E-1,9.862690430E0,9.863631287E0
7.008929329E1,8.921447754E-2,-1.046324158E-1,9.881102142E0,9.882058830E0
7.009932529E1,8.592132568E-2,-1.155596924E-1,9.875114594E0,9.876164476E0
7.010935629E1,8.397537231E-2,-1.354682922E-1,9.888436890E0,9.889721313E0
7.011938729E1,6.765930176E-2,-1.416055298E-1,9.866881714E0,9.868129745E0
7.012941929E1,6.436614990E-2,-1.640588379E-1,9.845925293E0,9.847502383E0
7.013945029E1,5.972579956E-2,-1.823208618E-1,9.840686188E0,9.842556208E0
7.014948229E1,5.718109131E-2,-1.859133911E-1,9.838740234E0,9.840662725E0
7.015951329E1,6.361770630E-2,-1.715432739E-1,9.839488678E0,9.841189550E0
7.016954529E1,6.152206421E-2,-1.704954529E-1,9.837393036E0,9.839062730E0
7.017957629E1,6.361770630E-2,-1.469943237E-1,9.827812958E0,9.829118072E0
7.018960729E1,5.822891235E-2,-1.302291870E-1,9.823471985E0,9.824507727E0
7.019963929E1,5.583389282E-2,-1.413061523E-1,9.836345215E0,9.837518591E0
7.020967029E1,5.149291992E-2,-1.350192261E-1,9.870623932E0,9.871681646E0
7.021970229E1,3.891906738E-2,-1.228944397E-1,9.879754944E0,9.880595908E0
7.022973329E1,4.101470947E-2,-1.276844788E-1,9.886490936E0,9.887400496E0
7.023976529E1,2.814147949E-2,-1.181044006E-1,9.871072998E0,9.871819626E0
7.024979629E1,5.957611084E-2,-1.315763855E-1,9.862391052E0,9.863448632E0
7.025982729E1,4.909790039E-2,-1.251397705E-1,9.862091675E0,9.863007795E0
7.026985929E1,4.580474854E-2,-1.344204712E-1,9.857451324E0,9.858474200E0
7.027989029E1,4.894821167E-2,-1.387614441E-1,9.857900391E0,9.858998467E0
7.028992229E1,4.415817261E-2,-1.445993042E-1,9.857151947E0,9.858311387E0
7.029995329E1,5.673202515E-2,-1.570234680E-1,9.898915100E0,9.900322977E0
7.030998429E1,7.813751221E-2,-1.526824951E-1,9.922865295E0,9.924347489E0
7.032001629E1,9.086105347E-2,-1.308279419E-1,9.916129303E0,9.917408534E0
7.033004729E1,9.355545044E-2,-1.097218323E-1,9.856852570E0,9.857907186E0
7.034007929E1,6.406677246E-2,-1.055305481E-1,9.799372101E0,9.800149734E0
7.035011029E1,3.323089600E-2,-1.139131165E-1,9.790390778E0,9.791109849E0
7.036014229E1,1.242416382E-2,-1.353186035E-1,9.808054047E0,9.808995344E0
7.037017329E1,2.320175171E-2,-1.576222229E-1,9.851014709E0,9.852302974E0
7.038020429E1,3.562591553E-2,-1.775308228E-1,9.878108368E0,9.879767777E0
7.039023629E1,5.688171387E-2,-1.850152588E-1,9.840835876E0,9.842739300E0
7.040026729E1,6.780899048E-2,-1.568737793E-1,9.824370117E0,9.825856484E0
7.041029929E1,6.421646118E-2,-1.588197327E-1,9.880802765E0,9.882287728E0
7.042033029E1,9.864486694E-2,-1.610650635E-1,1.000160156E1,1.000338476E1
7.043036229E1,1.547781372E-1,-1.546284485E-1,1.007884094E1,1.008121525E1
7.044039329E1,1.558259583E-1,-1.673519897E-1,9.917326813E0,9.919962678E0
7.045042429E1,5.777984619E-2,-1.585203552E-1,9.701924744E0,9.703391724E0
7.046045629E1,-3.532653809E-2,-1.279838562E-1,9.667047272E0,9.667958977E0
7.047048729E1,-5.987548828E-2,-1.324745178E-1,9.761051788E0,9.762134325E0
7.048051929E1,-6.885681152E-3,-1.347198486E-1,9.884694672E0,9.885615085E0
7.049055029E1,6.900650024E-2,-1.733395386E-1,9.936936035E0,9.938687351E0
7.050058229E1,1.255888367E-1,-1.823208618E-1,9.882449341E0,9.884928853E0
7.051061329E1,1.357676697E-1,-1.664538574E-1,9.836045837E0,9.838391000E0
7.052064429E1,8.068222046E-2,-1.351689148E-1,9.821226654E0,9.822488139E0
7.053067629E1,4.805007935E-2,-1.025367737E-1,9.858199768E0,9.858850099E0
7.054070729E1,3.233276367E-2,-8.038284302E-2,9.887239380E0,9.887618994E0
7.055073929E1,3.278182983E-2,-5.822891235E-2,9.879605255E0,9.879831236E0
7.056077029E1,5.014572144E-2,-5.927673340E-2,9.882299652E0,9.882604654E0
7.057080229E1,6.137237549E-2,-7.514373779E-2,9.875114594E0,9.875591192E0
7.058083329E1,5.388793945E-2,-7.933502197E-2,9.864786072E0,9.865252262E0
7.059086429E1,3.876937866E-2,-1.038839722E-1,9.872270508E0,9.872893189E0
7.060089629E1,6.646179199E-2,-1.270857239E-1,9.877060547E0,9.878101690E0
7.061092729E1,7.334747314E-2,-1.672023010E-1,9.889185333E0,9.890870691E0
7.062095929E1,8.128097534E-2,-1.957928467E-1,9.886341248E0,9.888613892E0
7.063099029E1,5.807922363E-2,-1.998344421E-1,9.860594788E0,9.862790506E0
7.064102229E1,5.882766724E-2,-2.007325745E-1,9.857451324E0,9.859670424E0
7.065105329E1,3.981719971E-2,-1.930984497E-1,9.838740234E0,9.840715514E0
7.066108429E1,3.951782227E-2,-1.954934692E-1,9.812694397E0,9.814721121E0
7.067111629E1,4.849914551E-2,-1.892065430E-1,9.814790039E0,9.816733407E0
7.068114729E1,5.568420410E-2,-1.853146362E-1,9.818232880E0,9.820139466E0
7.069117929E1,6.810836792E-2,-1.649569702E-1,9.855205994E0,9.856821736E0
7.070121029E1,6.167175293E-2,-1.472937012E-1,9.893975372E0,9.895263893E0
7.071124129E1,7.229965210E-2,-1.348695374E-1,9.885293427E0,9.886477793E0
7.072127329E1,5.523513794E-2,-1.025367737E-1,9.839638367E0,9.840327632E0
7.073130429E1,1.137634277E-2,-7.843688965E-2,9.849817200E0,9.850136072E0
7.074133742E1,1.137634277E-2,-6.316864014E-2,9.845775604E0,9.845984813E0
7.075136842E1,4.221221924E-2,-9.280700684E-2,9.856553192E0,9.857080493E0
7.076140042E1,8.592132568E-2,-1.109193420E-1,9.890382843E0,9.891377981E0
7.077143142E1,9.580078125E-2,-1.404080200E-1,9.889035645E0,9.890496357E0
7.078146242E1,8.337661743E-2,-1.594184875E-1,9.874515839E0,9.876154563E0
7.079149442E1,6.346801758E-2,-1.624122620E-1,9.849517822E0,9.851061225E0
7.080152542E1,5.777984619E-2,-1.624122620E-1,9.871522064E0,9.873027100E0
7.081155742E1,5.463638306E-2,-1.561253357E-1,9.889784088E0,9.891167250E0
7.082158842E1,5.284011841E-2,-1.484912109E-1,9.871671753E0,9.872929905E0
7.083162042E1,4.475692749E-2,-1.285826111E-1,9.888736267E0,9.889673485E0
7.084165142E1,4.326004028E-2,-1.053808594E-1,9.860744476E0,9.861402445E0
7.085168242E1,5.658233643E-2,-9.729766846E-2,9.867779846E0,9.868421732E0
7.086171442E1,6.451583862E-2,-1.020877075E-1,9.879754944E0,9.880493001E0
7.087174542E1,7.978408813E-2,-1.221459961E-1,9.880802765E0,9.881879802E0
7.088177742E1,6.616241455E-2,-1.591191101E-1,9.883946228E0,9.885448366E0
7.089180842E1,6.331832886E-2,-1.784289551E-1,9.883347473E0,9.885160766E0
7.090184042E1,5.014572144E-2,-1.893562317E-1,9.863289185E0,9.865234103E0
7.091187142E1,5.822891235E-2,-2.055226135E-1,9.848170624E0,9.850487033E0
7.092190242E1,5.718109131E-2,-1.908531189E-1,9.843081207E0,9.845097371E0
7.093193442E1,5.553451538E-2,-1.856140137E-1,9.821526031E0,9.823436783E0
7.094196542E1,5.134323120E-2,-1.757345581E-1,9.813442841E0,9.815150490E0
7.095199742E1,5.029541016E-2,-1.553768921E-1,9.816436615E0,9.817795039E0
7.096202842E1,4.326004028E-2,-1.555265808E-1,9.801467743E0,9.802797043E0
7.097206042E1,4.849914551E-2,-1.393601990E-1,9.825417938E0,9.826525891E0
7.098209142E1,4.625381470E-2,-1.386117554E-1,9.854158173E0,9.855241546E0
7.099212242E1,5.014572144E-2,-1.332229614E-1,9.877060547E0,9.878086252E0
7.100215442E1,4.430786133E-2,-1.311273193E-1,9.891430664E0,9.892399008E0
7.101218542E1,4.415817261E-2,-1.209484863E-1,9.895621948E0,9.896459580E0
7.102221742E1,4.520599365E-2,-1.273851013E-1,9.872420197E0,9.873345486E0
7.103224842E1,4.610412598E-2,-1.260379028E-1,9.866881714E0,9.867794379E0
7.104228042E1,3.682342529E-2,-1.185534668E-1,9.858499146E0,9.859280719E0
7.105231142E1,4.565505981E-2,-1.389111328E-1,9.868378601E0,9.869461834E0
7.106234242E1,4.146377563E-2,-1.393601990E-1,9.879305878E0,9.880375759E0
7.107237442E1,5.837860107E-2,-1.471440125E-1,9.853110352E0,9.854381920E0
7.108240542E1,3.861968994E-2,-1.462458801E-1,9.832153931E0,9.833317358E0
7.109243742E1,4.086502075E-2,-1.481918335E-1,9.827663269E0,9.828865453E0
7.110246842E1,5.972579956E-2,-1.498384094E-1,9.883946228E0,9.885262352E0
7.111249942E1,8.217910767E-2,-1.465452576E-1,9.914482727E0,9.915906245E0
7.112253142E1,8.277786255E-2,-1.326242065E-1,9.892628174E0,9.893863428E0
7.113256242E1,9.011260986E-2,-1.127156067E-1,9.846524048E0,9.847581475E0
7.114259442E1,6.616241455E-2,-1.155596924E-1,9.821526031E0,9.822428676E0
7.115262542E1,3.951782227E-2,-1.276844788E-1,9.795480194E0,9.796392051E0
7.116265742E1,3.218307495E-2,-1.487905884E-1,9.822723541E0,9.823903102E0
7.117268842E1,2.529739380E-2,-1.685494995E-1,9.885143738E0,9.886612949E0
7.118271942E1,1.960922241E-2,-1.838177490E-1,9.882000275E0,9.883729201E0
7.119275142E1,3.128494263E-2,-1.871109009E-1,9.823022919E0,9.824854630E0
7.120278242E1,3.847000122E-2,-1.874102783E-1,9.823621674E0,9.825484484E0
7.121281442E1,5.074447632E-2,-1.660047913E-1,9.924661560E0,9.926179510E0
7.122284542E1,9.849517822E-2,-1.612147522E-1,1.002944366E1,1.003122284E1
7.123287742E1,1.342707825E-1,-1.478924561E-1,1.004141876E1,1.004340538E1
7.124290842E1,1.231938171E-1,-1.369651794E-1,9.834998016E0,9.836723141E0
7.125293942E1,1.916015625E-2,-1.240919495E-1,9.688602448E0,9.689416046E0
7.126297142E1,-3.802093506E-2,-1.101708984E-1,9.704170074E0,9.704869914E0
7.127300242E1,-2.859054565E-2,-1.269360352E-1,9.841284943E0,9.842145066E0
7.128303442E1,3.367996216E-2,-1.428030396E-1,9.952204285E0,9.953285748E0
7.129306542E1,1.056802368E-1,-1.782792664E-1,9.959988098E0,9.962144083E0
7.130309742E1,1.291813660E-1,-1.974394226E-1,9.887987823E0,9.890802462E0
7.131312842E1,9.385482788E-2,-1.672023010E-1,9.834399261E0,9.836268305E0
7.132315942E1,4.924758911E-2,-1.228944397E-1,9.825268250E0,9.826160214E0
7.133319142E1,2.634521484E-2,-9.789642334E-2,9.837542725E0,9.838065086E0
7.134322242E1,2.215393066E-2,-6.646179199E-2,9.869875488E0,9.870124119E0
7.135325442E1,4.326004028E-2,-5.957611084E-2,9.875563660E0,9.875838108E0
7.136328542E1,7.065307617E-2,-5.538482666E-2,9.850415955E0,9.850825032E0
7.137331742E1,7.723937988E-2,-5.643264771E-2,9.869875488E0,9.870339038E0
7.138334842E1,7.155120850E-2,-7.259902954E-2,9.877958679E0,9.878484593E0
7.139337942E1,7.170089722E-2,-1.133143616E-1,9.893526306E0,9.894434998E0
7.140341142E1,6.930587769E-2,-1.442999268E-1,9.906698914E0,9.907992185E0
7.141344242E1,6.691085815E-2,-1.704954529E-1,9.893077240E0,9.894772511E0
7.142347442E1,5.388793945E-2,-1.930984497E-1,9.873468018E0,9.875503107E0
7.143350542E1,4.580474854E-2,-2.011816406E-1,9.847122803E0,9.849284219E0
7.144353742E1,2.275268555E-2,-2.019300842E-1,9.817783813E0,9.819886580E0
7.145356842E1,1.811233521E-2,-2.059716797E-1,9.812245331E0,9.814423611E0
7.146359942E1,3.382965088E-2,-1.830693054E-1,9.815388794E0,9.817154170E0
7.147363142E1,5.448669434E-2,-1.710942078E-1,9.828262024E0,9.829902158E0
7.148366242E1,8.876541138E-2,-1.660047913E-1,9.830058289E0,9.831860599E0
7.149369442E1,8.816665649E-2,-1.535806274E-1,9.862241364E0,9.863831156E0
7.150372542E1,7.828720093E-2,-1.490899658E-1,9.890981598E0,9.892414957E0
7.151375742E1,6.706054688E-2,-1.245410156E-1,9.875413971E0,9.876426919E0
7.152378842E1,2.709365845E-2,-1.184037781E-1,9.830806732E0,9.831557075E0
7.153381942E1,4.640350342E-3,-8.202941895E-2,9.851613464E0,9.851956060E0
7.154385142E1,1.047821045E-2,-7.035369873E-2,9.836644592E0,9.836901762E0
7.155388242E1,5.763015747E-2,-8.771759033E-2,9.862540741E0,9.863099182E0
7.156391442E1,1.065783691E-1,-1.179547119E-1,9.893376617E0,9.894653766E0
7.157394542E1,1.095721436E-1,-1.233435059E-1,9.888885956E0,9.890262136E0
7.158397742E1,1.038839722E-1,-1.405577087E-1,9.874366150E0,9.875912880E0
7.159400842E1,7.529342651E-2,-1.698966980E-1,9.861941986E0,9.863692702E0
7.160403942E1,6.556365967E-2,-1.642085266E-1,9.881551208E0,9.883132971E0
7.161407142E1,5.254074097E-2,-1.562750244E-1,9.887089691E0,9.888464237E0
7.162410242E1,3.607498169E-2,-1.348695374E-1,9.877060547E0,9.878047188E0
7.163413442E1,4.745132446E-2,-1.167572021E-1,9.875413971E0,9.876218151E0
7.164416542E1,4.670288086E-2,-1.296304321E-1,9.869725800E0,9.870687543E0
7.165419742E1,5.478607178E-2,-1.152603149E-1,9.865534515E0,9.866359903E0
7.166422842E1,6.750961304E-2,-9.744735718E-2,9.868528290E0,9.869240302E0
7.167425942E1,6.391708374E-2,-1.185534668E-1,9.885742493E0,9.886659949E0
7.168429142E1,6.062393188E-2,-1.374142456E-1,9.869127045E0,9.870269832E0
7.169432242E1,6.780899048E-2,-1.597178650E-1,9.859097900E0,9.860624689E0
7.170435442E1,7.050338745E-2,-1.922003174E-1,9.844578094E0,9.846706533E0
7.171438542E1,6.795867920E-2,-1.969903564E-1,9.851463776E0,9.853667444E0
7.172441742E1,4.595443726E-2,-2.127076721E-1,9.834249573E0,9.836657004E0
7.173444842E1,5.298980713E-2,-1.911524963E-1,9.828411713E0,9.830413216E0
7.174447754E1,6.810836792E-2,-1.688488770E-1,9.835896149E0,9.837581092E0
7.175450954E1,6.526428223E-2,-1.610650635E-1,9.826465759E0,9.828002376E0
7.176454054E1,5.164260864E-2,-1.528321838E-1,9.820777588E0,9.822102477E0
7.177457254E1,3.667373657E-2,-1.315763855E-1,9.840237122E0,9.841185087E0
7.178460354E1,3.263214111E-2,-1.378633118E-1,9.864486694E0,9.865503986E0
7.179463554E1,1.930984497E-2,-1.375639343E-1,9.894574127E0,9.895549195E0
7.180466654E1,3.023712158E-2,-1.326242065E-1,9.894574127E0,9.895509114E0
7.181469754E1,4.445755005E-2,-1.196012878E-1,9.883347473E0,9.884171094E0
7.182472954E1,3.457809448E-2,-1.154100037E-1,9.866881714E0,9.867617234E0
7.183476054E1,4.041595459E-2,-1.218466187E-1,9.853260040E0,9.854096279E0
7.184479254E1,4.326004028E-2,-1.091230774E-1,9.835596771E0,9.836297226E0
7.185482354E1,3.847000122E-2,-1.284329224E-1,9.856553192E0,9.857464978E0
7.186485454E1,4.730163574E-2,-1.383123779E-1,9.865833893E0,9.866916750E0
7.187488654E1,4.909790039E-2,-1.420545959E-1,9.862540741E0,9.863685923E0
7.188491754E1,6.182144165E-2,-1.434017944E-1,9.869725800E0,9.870961114E0
7.189494954E1,7.035369873E-2,-1.508862305E-1,9.890682220E0,9.892083253E0
7.190498054E1,8.921447754E-2,-1.630110168E-1,9.874066772E0,9.875815229E0
7.191501254E1,9.505233765E-2,-1.616638184E-1,9.865534515E0,9.867316829E0
7.192504354E1,5.448669434E-2,-1.607656860E-1,9.842033386E0,9.843497122E0
7.193507454E1,3.487747192E-2,-1.565744019E-1,9.830357666E0,9.831666381E0
7.194510654E1,3.517684937E-2,-1.525328064E-1,9.857301636E0,9.858544477E0
7.195513754E1,6.301895142E-2,-1.453477478E-1,9.892328796E0,9.893597241E0
7.196516954E1,8.038284302E-2,-1.270857239E-1,9.876312103E0,9.877456805E0
7.197520054E1,7.873626709E-2,-1.200503540E-1,9.852810974E0,9.853856888E0
7.198523254E1,5.448669434E-2,-1.285826111E-1,9.787995758E0,9.788991942E0
7.199526354E1,3.742218018E-2,-1.357676697E-1,9.791438599E0,9.792451333E0
7.200529454E1,1.047821045E-2,-1.609153748E-1,9.845925293E0,9.847245728E0
7.201532654E1,4.340972900E-3,-1.725910950E-1,9.891430664E0,9.892937234E0
7.202535754E1,4.071533203E-2,-1.895059204E-1,9.889784088E0,9.891683352E0
7.203538954E1,5.164260864E-2,-1.758842468E-1,9.827812958E0,9.829522357E0
7.204542054E1,4.565505981E-2,-1.520837402E-1,9.808203735E0,9.809488996E0
7.205545254E1,6.391708374E-2,-1.484912109E-1,9.914033661E0,9.915351656E0
7.206548354E1,1.047821045E-1,-1.231938171E-1,1.000983444E1,1.001114087E1
7.207551454E1,1.368154907E-1,-1.293310547E-1,1.003722748E1,1.003899300E1
7.208554654E1,1.178050232E-1,-1.228944397E-1,9.852361908E0,9.853832566E0
7.209557754E1,1.556762695E-2,-1.233435059E-1,9.700128479E0,9.700925135E0
7.210560954E1,-5.254074097E-2,-1.284329224E-1,9.724527740E0,9.725517740E0
7.211564054E1,-5.807922363E-2,-1.405577087E-1,9.826765137E0,9.827941937E0
7.212567254E1,6.137237549E-3,-1.544787598E-1,9.933193817E0,9.934396849E0
7.213570354E1,1.079255676E-1,-1.930984497E-1,9.940378876E0,9.942839993E0
7.214573454E1,1.423539734E-1,-1.901046753E-1,9.865684204E0,9.868542408E0
7.215576654E1,1.440005493E-1,-1.565744019E-1,9.823921051E0,9.826223920E0
7.216579754E1,8.666976929E-2,-1.199006653E-1,9.825417938E0,9.826531712E0
7.217582954E1,3.861968994E-2,-7.244934082E-2,9.835147705E0,9.835490367E0
7.218586054E1,2.095642090E-2,-5.658233643E-2,9.847571869E0,9.847756721E0
7.219589254E1,3.652404785E-2,-5.149291992E-2,9.859247589E0,9.859449708E0
7.220592354E1,4.505630493E-2,-6.780899048E-2,9.888436890E0,9.888772029E0
7.221595454E1,3.278182983E-2,-7.918533325E-2,9.883197784E0,9.883569366E0
7.222598654E1,4.864883423E-2,-9.939331055E-2,9.894125061E0,9.894743881E0
7.223601754E1,5.703140259E-2,-1.369651794E-1,9.899364166E0,9.900475894E0
7.224604954E1,8.232879639E-2,-1.534309387E-1,9.915231171E0,9.916759967E0
7.225608054E1,1.100212097E-1,-1.802252197E-1,9.920769653E0,9.923016493E0
7.226611254E1,9.041198730E-2,-1.932481384E-1,9.893526306E0,9.895826491E0
7.227614354E1,6.511459351E-2,-2.064207458E-1,9.850116577E0,9.852494406E0
7.228617454E1,3.517684937E-2,-2.076182556E-1,9.811197510E0,9.813457053E0
7.229620654E1,5.538482666E-3,-2.116598511E-1,9.817783813E0,9.820066679E0
7.230623754E1,1.721420288E-2,-1.975891113E-1,9.804611206E0,9.806617087E0
7.231626954E1,3.592529297E-2,-1.923500061E-1,9.798024902E0,9.799978629E0
7.232630054E1,5.418731689E-2,-1.725910950E-1,9.823022919E0,9.824688454E0
7.233633254E1,6.825805664E-2,-1.553768921E-1,9.870773621E0,9.872232423E0
7.234636354E1,6.765930176E-2,-1.260379028E-1,9.895322571E0,9.896356507E0
7.235639454E1,6.571334839E-2,-1.230441284E-1,9.878856812E0,9.879841598E0
7.236642654E1,5.343887329E-2,-8.472381592E-2,9.853858795E0,9.854367914E0
7.237645754E1,2.260299683E-2,-4.879852295E-2,9.863738251E0,9.863884857E0
7.238648954E1,3.397933960E-2,-3.053649902E-2,9.850415955E0,9.850521892E0
7.239652054E1,6.301895142E-2,-5.568420410E-2,9.832303619E0,9.832663250E0
7.240655254E1,9.011260986E-2,-9.535171509E-2,9.843081207E0,9.843955500E0
7.241658354E1,9.041198730E-2,-1.197509766E-1,9.857451324E0,9.858593269E0
7.242661454E1,9.071136475E-2,-1.387614441E-1,9.861043854E0,9.862437284E0
7.243664654E1,7.319778442E-2,-1.546284485E-1,9.899214478E0,9.900692660E0
7.244667754E1,6.706054688E-2,-1.637594604E-1,9.934241638E0,9.935817591E0
7.245670954E1,6.421646118E-2,-1.663041687E-1,9.938283234E0,9.939882015E0
7.246674054E1,6.795867920E-2,-1.493893433E-1,9.900711365E0,9.902071555E0
7.247677254E1,7.723937988E-2,-1.462458801E-1,9.870923309E0,9.872308786E0
7.248680354E1,7.020401001E-2,-1.245410156E-1,9.859996033E0,9.861032443E0
7.249683454E1,6.331832886E-2,-1.100212097E-1,9.852661285E0,9.853478994E0
7.250686654E1,7.020401001E-2,-1.074765015E-1,9.872420197E0,9.873254800E0
7.251689754E1,7.259902954E-2,-1.216969299E-1,9.879156189E0,9.880172456E0
7.252692954E1,7.708969116E-2,-1.459465027E-1,9.884544983E0,9.885922957E0
7.253696054E1,8.457412720E-2,-1.691482544E-1,9.860295410E0,9.862108775E0
7.254699254E1,5.837860107E-2,-1.981878662E-1,9.861642609E0,9.863806640E0
7.255702354E1,6.047424316E-2,-1.965412903E-1,9.842781830E0,9.844929647E0
7.256705454E1,6.451583862E-2,-1.859133911E-1,9.834848328E0,9.836816950E0
7.257708654E1,7.334747314E-2,-1.713935852E-1,9.836943970E0,9.838710397E0
7.258711754E1,6.855743408E-2,-1.541793823E-1,9.812694397E0,9.814145033E0
7.259714954E1,6.526428223E-2,-1.429527283E-1,9.822274475E0,9.823531482E0
7.260718054E1,6.391708374E-2,-1.332229614E-1,9.834698639E0,9.835808613E0
7.261721254E1,4.864883423E-2,-1.197509766E-1,9.822723541E0,9.823573931E0
7.262724354E1,3.951782227E-2,-1.210981750E-1,9.857002258E0,9.857825315E0
7.263727454E1,2.275268555E-2,-1.282832336E-1,9.871222687E0,9.872082435E0
7.264730654E1,3.308120728E-2,-1.076261902E-1,9.881102142E0,9.881743637E0
7.265733754E1,2.933898926E-2,-1.233435059E-1,9.878557434E0,9.879371001E0
7.266736954E1,2.514770508E-2,-1.279838562E-1,9.865983582E0,9.866845712E0
7.267740054E1,4.101470947E-2,-1.426533508E-1,9.854307861E0,9.855425694E0
7.268743254E1,4.370910645E-2,-1.139131165E-1,9.848769379E0,9.849525113E0
7.269746354E1,5.014572144E-2,-1.154100037E-1,9.858948212E0,9.859751209E0
7.270749454E1,7.020401001E-2,-1.193019104E-1,9.862391052E0,9.863362450E0
7.271752654E1,6.795867920E-2,-1.405577087E-1,9.869127045E0,9.870361872E0
7.272755754E1,8.083190918E-2,-1.338217163E-1,9.862540741E0,9.863779799E0
7.273758954E1,7.304809570E-2,-1.392105103E-1,9.854607239E0,9.855861171E0
7.274762054E1,5.418731689E-2,-1.573228455E-1,9.836794281E0,9.838201486E0
7.275765254E1,4.700225830E-2,-1.651066589E-1,9.850565643E0,9.852061354E0
7.276768354E1,4.475692749E-2,-1.589694214E-1,9.863588562E0,9.864971048E0
7.277771454E1,4.834945679E-2,-1.657054138E-1,9.881102142E0,9.882609752E0
7.278774654E1,6.750961304E-2,-1.648072815E-1,9.874366150E0,9.875972147E0
7.279777754E1,8.173004150E-2,-1.321751404E-1,9.847721558E0,9.848947657E0
7.280780954E1,9.415420532E-2,-1.173559570E-1,9.828262024E0,9.829413606E0
7.281784054E1,8.322692871E-2,-1.196012878E-1,9.836345215E0,9.837424377E0
7.282787254E1,6.750961304E-2,-1.276844788E-1,9.852661285E0,9.853719870E0
7.283790354E1,7.125183105E-2,-1.236428833E-1,9.868977356E0,9.870009039E0
7.284793454E1,6.915618896E-2,-1.380130005E-1,9.879754944E0,9.880960880E0
7.285796654E1,4.385879517E-2,-1.428030396E-1,9.837542725E0,9.838676901E0
7.286799754E1,2.365081787E-2,-1.513352966E-1,9.803264008E0,9.804460563E0
7.287802954E1,1.332229614E-2,-1.390608215E-1,9.849667511E0,9.850658124E0
7.288806054E1,4.595443726E-2,-1.510359192E-1,9.939780121E0,9.941033775E0
7.289809254E1,1.124162292E-1,-1.712438965E-1,1.003827530E1,1.004036518E1
7.290812354E1,1.441502380E-1,-1.582209778E-1,9.932894440E0,9.935200306E0
7.291815454E1,7.544311523E-2,-1.622625732E-1,9.767638092E0,9.769277082E0
7.292818654E1,1.586700439E-2,-1.438508606E-1,9.756261749E0,9.757335095E0
7.293821754E1,1.347198486E-3,-1.315763855E-1,9.811347198E0,9.812229513E0
7.294824954E1,3.667373657E-2,-1.445993042E-1,9.893825684E0,9.894950257E0
7.295828054E1,9.116043091E-2,-1.419049072E-1,9.892927551E0,9.894365203E0
7.296831254E1,1.193019104E-1,-1.480421448E-1,9.850715332E0,9.852550024E0
7.297834354E1,1.041833496E-1,-1.330732727E-1,9.786498871E0,9.787958051E0
7.298837554E1,5.284011841E-2,-1.005908203E-1,9.790839844E0,9.791499141E0
7.299840654E1,1.437011719E-2,-8.771759033E-2,9.835746460E0,9.836148093E0
7.300843754E1,-1.152603149E-2,-7.304809570E-2,9.876012726E0,9.876289599E0
7.301846954E1,3.098556519E-2,-5.837860107E-2,9.891879730E0,9.892100523E0
7.302850054E1,6.780899048E-2,-7.499404907E-2,9.889185333E0,9.889702155E0
7.303853254E1,9.190887451E-2,-8.637039185E-2,9.874815216E0,9.875620620E0
7.304856354E1,1.035845947E-1,-1.086740112E-1,9.930499420E0,9.931634233E0
7.305859454E1,1.028361511E-1,-1.327738953E-1,9.940079498E0,9.941498107E0
7.306862654E1,9.101074219E-2,-1.577719116E-1,9.921069031E0,9.922740833E0
7.307865754E1,9.116043091E-2,-1.809736633E-1,9.904603271E0,9.906675914E0
7.308868954E1,8.726852417E-2,-1.874102783E-1,9.857601013E0,9.859768564E0
7.309872054E1,6.616241455E-2,-2.013313293E-1,9.823022919E0,9.825308699E0
7.310875254E1,3.906875610E-2,-1.963916016E-1,9.787397003E0,9.789445139E0
7.311878354E1,2.065704346E-2,-1.908531189E-1,9.780062256E0,9.781946092E0
7.312881454E1,4.864883423E-2,-1.745370483E-1,9.803862762E0,9.805536954E0
7.313884654E1,7.334747314E-2,-1.598675537E-1,9.824669495E0,9.826243848E0
7.314887754E1,8.053253174E-2,-1.657054138E-1,9.852960663E0,9.854683029E0
7.315890954E1,8.262817383E-2,-1.606159973E-1,9.886490936E0,9.888140773E0
7.316894054E1,7.409591675E-2,-1.483415222E-1,9.883048096E0,9.884439037E0
7.317897254E1,5.029541016E-2,-1.231938171E-1,9.854756927E0,9.855655252E0
7.318900354E1,3.338058472E-2,-1.061293030E-1,9.857301636E0,9.857929460E0
7.319903554E1,1.841171265E-2,-8.831634521E-2,9.855655060E0,9.856067950E0
7.320906654E1,4.161346436E-2,-8.143066406E-2,9.855205994E0,9.855630259E0
7.321909754E1,6.735992432E-2,-1.062789917E-1,9.835746460E0,9.836551276E0
7.322912954E1,7.244934082E-2,-1.073268127E-1,9.799222412E0,9.800077950E0
7.323916054E1,8.202941895E-2,-1.202000427E-1,9.837991791E0,9.839068012E0
7.324919254E1,8.711883545E-2,-1.202000427E-1,9.918075256E0,9.919186183E0
7.325922354E1,9.624984741E-2,-1.384620667E-1,9.965376892E0,9.966803519E0
7.326925554E1,1.019380188E-1,-1.359173584E-1,9.978399811E0,9.979846075E0
7.327928654E1,9.849517822E-2,-1.390608215E-1,9.927206268E0,9.928668768E0
7.328931754E1,9.520202637E-2,-1.440005493E-1,9.880653076E0,9.882160938E0
7.329934954E1,8.652008057E-2,-1.365161133E-1,9.851912842E0,9.853238504E0
7.330938054E1,7.349716187E-2,-1.203497314E-1,9.831555176E0,9.832566454E0
7.331941254E1,6.017486572E-2,-1.122665405E-1,9.861193542E0,9.862016167E0
7.332944354E1,5.748046875E-2,-1.022373962E-1,9.859097900E0,9.859795530E0
7.333947554E1,7.065307617E-2,-1.224453735E-1,9.846673737E0,9.847688480E0
7.334950654E1,8.262817383E-2,-1.341210938E-1,9.839788055E0,9.841048971E0
7.335953754E1,6.406677246E-2,-1.466949463E-1,9.845625916E0,9.846927116E0
7.336956954E1,6.825805664E-2,-1.734892273E-1,9.833650818E0,9.835417941E0
7.337960054E1,4.625381470E-2,-1.785786438E-1,9.834399261E0,9.836129248E0
7.338963254E1,6.301895142E-2,-1.869612122E-1,9.838141479E0,9.840119595E0
7.339966354E1,6.840774536E-2,-2.059716797E-1,9.844278717E0,9.846670880E0
7.340969554E1,7.858657837E-2,-1.933978271E-1,9.841734009E0,9.843947728E0
7.341972654E1,9.175918579E-2,-1.877096558E-1,9.841434631E0,9.843652283E0
7.342975754E1,7.185058594E-2,-1.622625732E-1,9.839338989E0,9.840939152E0
7.343978954E1,6.676116943E-2,-1.601669312E-1,9.832752686E0,9.834283699E0
7.344982054E1,3.906875610E-2,-1.549278259E-1,9.819879456E0,9.821179233E0
7.345985254E1,4.056564331E-2,-1.478924561E-1,9.841734009E0,9.842928733E0
7.346988354E1,4.161346436E-2,-1.651066589E-1,9.834698639E0,9.836172488E0
7.347991554E1,4.580474854E-2,-1.462458801E-1,9.873318329E0,9.874507621E0
7.348994654E1,5.598358154E-2,-1.396595764E-1,9.882748718E0,9.883894030E0
7.349997754E1,5.763015747E-2,-1.255888367E-1,9.884245605E0,9.885211428E0
7.351000954E1,6.541397095E-2,-1.396595764E-1,9.883347473E0,9.884550625E0
7.352004054E1,3.996688843E-2,-1.309776306E-1,9.857750702E0,9.858701811E0
7.353007254E1,3.367996216E-2,-1.276844788E-1,9.860594788E0,9.861478958E0
7.354010354E1,4.924758911E-2,-1.056802368E-1,9.864486694E0,9.865175689E0
7.355013554E1,4.520599365E-2,-1.073268127E-1,9.875713348E0,9.876399990E0
7.356016654E1,7.125183105E-2,-1.130149841E-1,9.857151947E0,9.858057299E0
7.357019754E1,8.083190918E-2,-1.210981750E-1,9.851613464E0,9.852689299E0
7.358022954E1,6.032455444E-2,-1.275347900E-1,9.839937744E0,9.840949090E0
7.359026054E1,7.858657837E-2,-1.258882141E-1,9.834399261E0,9.835518925E0
7.360029254E1,8.023315430E-2,-1.284329224E-1,9.840536499E0,9.841701629E0
7.361032354E1,7.948471069E-2,-1.450483704E-1,9.861043854E0,9.862430874E0
7.362035554E1,9.056167603E-2,-1.381626892E-1,9.884395294E0,9.885775674E0
7.363038654E1,8.831634521E-2,-1.585203552E-1,9.870324554E0,9.871992468E0
7.364041754E1,7.050338745E-2,-1.718426514E-1,9.857601013E0,9.859350808E0
7.365044954E1,6.750961304E-2,-1.619631958E-1,9.854158173E0,9.855720314E0
7.366048054E1,9.220825195E-2,-1.724414062E-1,9.947114868E0,9.949036767E0
7.367051254E1,1.431024170E-1,-1.805245972E-1,9.986183624E0,9.988840314E0
7.368054354E1,1.383123779E-1,-1.929487610E-1,9.853409729E0,9.856269214E0
7.369057554E1,5.583389282E-2,-1.645079041E-1,9.746981049E0,9.748529111E0
7.370060654E1,1.556762695E-2,-1.628613281E-1,9.762249298E0,9.763620103E0
7.371063754E1,1.586700439E-2,-1.559756470E-1,9.818382568E0,9.819634231E0
7.372066954E1,3.487747192E-2,-1.615141296E-1,9.878407745E0,9.879789615E0
7.373070054E1,7.694000244E-2,-1.529818726E-1,9.882299652E0,9.883783164E0
7.374073354E1,8.577163696E-2,-1.422042847E-1,9.822573853E0,9.823977602E0
7.375076454E1,6.182144165E-2,-1.118174744E-1,9.795929260E0,9.796762481E0
7.376079654E1,3.128494263E-2,-8.547225952E-2,9.806706848E0,9.807129216E0
7.377082754E1,2.993774414E-2,-5.553451538E-2,9.864636383E0,9.864838129E0
7.378085954E1,5.583389282E-2,-4.879852295E-2,9.875413971E0,9.875692372E0
7.379089054E1,9.565109253E-2,-6.691085815E-2,9.890382843E0,9.891071680E0
7.380092154E1,1.116677856E-1,-6.391708374E-2,9.903405762E0,9.904241554E0
7.381095354E1,1.103205872E-1,-8.831634521E-2,9.913285217E0,9.914292421E0
7.382098454E1,8.457412720E-2,-1.213975525E-1,9.937983856E0,9.939085133E0
7.383101654E1,6.870712280E-2,-1.440005493E-1,9.935888214E0,9.937169186E0
7.384104754E1,8.128097534E-2,-1.764830017E-1,9.915380859E0,9.917284428E0
7.385107954E1,7.409591675E-2,-1.863624573E-1,9.886041870E0,9.888075901E0
7.386111054E1,7.679031372E-2,-1.877096558E-1,9.843230896E0,9.845320012E0
7.387114154E1,7.649093628E-2,-1.839674377E-1,9.807904358E0,9.809927766E0
7.388117354E1,6.780899048E-2,-1.694476318E-1,9.811496887E0,9.813194267E0
7.389120454E1,7.394622803E-2,-1.672023010E-1,9.798923035E0,9.800628413E0
7.390123654E1,7.873626709E-2,-1.657054138E-1,9.806856537E0,9.808572415E0
7.391126754E1,7.858657837E-2,-1.576222229E-1,9.814041595E0,9.815621888E0
7.392129954E1,6.870712280E-2,-1.586700439E-1,9.841584320E0,9.843103107E0
7.393133054E1,7.020401001E-2,-1.686991882E-1,9.865983582E0,9.867675514E0
7.394136154E1,5.418731689E-2,-1.552272034E-1,9.883347473E0,9.884714919E0
7.395139354E1,5.957611084E-2,-1.294807434E-1,9.889484711E0,9.890511737E0
7.396142454E1,6.002517700E-2,-9.086105347E-2,9.869426422E0,9.870027186E0
7.397145654E1,6.466552734E-2,-6.870712280E-2,9.856403503E0,9.856855093E0
7.398148754E1,1.055305481E-1,-8.068222046E-2,9.854906616E0,9.855801882E0
7.399151954E1,1.092727661E-1,-1.056802368E-1,9.819280701E0,9.820457338E0
7.400155054E1,9.175918579E-2,-1.263372803E-1,9.824819183E0,9.826059884E0
7.401158154E1,8.412506104E-2,-1.484912109E-1,9.885443115E0,9.886916215E0
7.402161354E1,8.038284302E-2,-1.442999268E-1,9.915979614E0,9.917355271E0
7.403164454E1,8.053253174E-2,-1.324745178E-1,9.930499420E0,9.931709506E0
7.404167654E1,8.502319336E-2,-1.190025330E-1,9.889634399E0,9.890715803E0
7.405170754E1,9.879455566E-2,-1.059796143E-1,9.852361908E0,9.853427181E0
7.406173954E1,9.340576172E-2,-1.050814819E-1,9.852361908E0,9.853365005E0
7.407177054E1,7.873626709E-2,-1.056802368E-1,9.844877472E0,9.845759501E0
7.408180154E1,7.035369873E-2,-9.370513916E-2,9.863289185E0,9.863985190E0
7.409183354E1,6.780899048E-2,-9.939331055E-2,9.889484711E0,9.890216627E0
7.410186454E1,6.885681152E-2,-1.143621826E-1,9.889335022E0,9.890235950E0
7.411189654E1,7.888595581E-2,-1.375639343E-1,9.887838135E0,9.889109657E0
7.412192754E1,8.666976929E-2,-1.514849854E-1,9.845925293E0,9.847471971E0
7.413195954E1,7.708969116E-2,-1.730401611E-1,9.825567627E0,9.827393597E0
7.414199054E1,5.553451538E-2,-1.725910950E-1,9.824220428E0,9.825893282E0
7.415202254E1,5.733078003E-2,-1.770817566E-1,9.816436615E0,9.818201087E0
7.416205354E1,7.933502197E-2,-1.917512512E-1,9.825268250E0,9.827459426E0
7.417208454E1,9.101074219E-2,-1.842668152E-1,9.836045837E0,9.838192666E0
7.418211654E1,9.849517822E-2,-1.734892273E-1,9.827812958E0,9.829837605E0
7.419214754E1,8.577163696E-2,-1.697470093E-1,9.836195526E0,9.838034013E0
7.420217954E1,7.574249268E-2,-1.681004333E-1,9.855056305E0,9.856780887E0
7.421221054E1,7.753875732E-2,-1.517843628E-1,9.852062531E0,9.853536769E0
7.422224154E1,6.601272583E-2,-1.549278259E-1,9.871072998E0,9.872509430E0
7.423227354E1,6.870712280E-2,-1.517843628E-1,9.870623932E0,9.872029982E0
7.424230454E1,5.972579956E-2,-1.312770081E-1,9.857002258E0,9.858057331E0
7.425233654E1,6.750961304E-2,-1.249900818E-1,9.865384827E0,9.866407545E0
7.426236754E1,6.256988525E-2,-1.115180969E-1,9.878557434E0,9.879385014E0
7.427239954E1,7.005432129E-2,-1.113684082E-1,9.866432648E0,9.867309852E0
7.428243054E1,8.382568359E-2,-1.022373962E-1,9.877210236E0,9.878095022E0
7.429246254E1,7.574249268E-2,-8.921447754E-2,9.865384827E0,9.866078954E0
7.430249354E1,6.885681152E-2,-9.729766846E-2,9.837692413E0,9.838414512E0
7.431252454E1,6.197113037E-2,-1.073268127E-1,9.831106110E0,9.831887245E0
7.432255654E1,4.879852295E-2,-1.161584473E-1,9.819430389E0,9.820238656E0
7.433258754E1,4.879852295E-2,-1.299298096E-1,9.855954437E0,9.856931618E0
7.434261954E1,5.987548828E-2,-1.510359192E-1,9.891131287E0,9.892465570E0
7.435265054E1,8.981323242E-2,-1.609153748E-1,9.902357941E0,9.904072544E0
7.436268254E1,9.445358276E-2,-1.621128845E-1,9.861193542E0,9.862978260E0
7.437271354E1,1.169068909E-1,-1.465452576E-1,9.845476227E0,9.847260780E0
7.438274454E1,1.228944397E-1,-1.579216003E-1,9.833800507E0,9.835836247E0
7.439277654E1,1.269360352E-1,-1.703457642E-1,9.900411987E0,9.902690945E0
7.440280754E1,1.571731567E-1,-1.847158813E-1,9.988279266E0,9.991223452E0
7.441283954E1,1.508862305E-1,-1.773811340E-1,9.877808990E0,9.880553688E0
7.442287054E1,6.122268677E-2,-1.829196167E-1,9.742041321E0,9.743950785E0
7.443290254E1,1.062789917E-2,-1.709445190E-1,9.761650543E0,9.763152990E0
7.444293354E1,2.290237427E-2,-1.643582153E-1,9.804611206E0,9.806015452E0
7.445296454E1,3.517684937E-2,-1.643582153E-1,9.865684204E0,9.867115883E0
7.446299654E1,8.143066406E-2,-1.624122620E-1,9.857151947E0,9.858826157E0
7.447302754E1,1.112187195E-1,-1.535806274E-1,9.796677704E0,9.798512675E0
7.448305954E1,9.490264893E-2,-1.059796143E-1,9.804311829E0,9.805343881E0
7.449309054E1,8.322692871E-2,-6.945556641E-2,9.835896149E0,9.836493473E0
7.450312254E1,8.128097534E-2,-3.847000122E-2,9.861193542E0,9.861603552E0
7.451315354E1,1.062789917E-1,-3.038681030E-2,9.883197784E0,9.883815914E0
7.452318554E1,1.169068909E-1,-4.520599365E-2,9.869875488E0,9.870671353E0
7.453321654E1,1.146615601E-1,-6.466552734E-2,9.892179108E0,9.893054958E0
7.454324754E1,9.295669556E-2,-9.909393311E-2,9.936187592E0,9.937116504E0
7.455327954E1,7.155120850E-2,-1.291813660E-1,9.954449615E0,9.955544915E0
7.456331054E1,5.598358154E-2,-1.678010559E-1,9.942624207E0,9.944197678E0
7.457334254E1,6.735992432E-2,-1.737886047E-1,9.897118835E0,9.898873728E0
7.458337354E1,7.155120850E-2,-1.932481384E-1,9.859247589E0,9.861400886E0
7.459340554E1,6.810836792E-2,-1.784289551E-1,9.848470001E0,9.850321670E0
7.460343654E1,7.873626709E-2,-1.793270874E-1,9.835746460E0,9.837696175E0
7.461346754E1,9.520202637E-2,-1.683998108E-1,9.828411713E0,9.830315291E0
7.462349954E1,1.071771240E-1,-1.591191101E-1,9.836195526E0,9.838066286E0
7.463353054E1,1.270857239E-1,-1.323248291E-1,9.825118561E0,9.826831401E0
7.464356254E1,1.137634277E-1,-1.270857239E-1,9.827363892E0,9.828843979E0
7.465359354E1,1.097218323E-1,-1.341210938E-1,9.851014709E0,9.852538665E0
7.466362554E1,9.190887451E-2,-1.395098877E-1,9.882898407E0,9.884310354E0
7.467365654E1,8.202941895E-2,-1.387614441E-1,9.880054321E0,9.881369184E0
7.468368754E1,5.493576050E-2,-1.179547119E-1,9.845775604E0,9.846635390E0
7.469371954E1,6.631210327E-2,-9.879455566E-2,9.859696655E0,9.860414585E0
7.470375054E1,6.182144165E-2,-6.346801758E-2,9.867480469E0,9.867878236E0
7.471378254E1,9.460327148E-2,-7.349716187E-2,9.868378601E0,9.869105726E0
7.472381354E1,1.384620667E-1,-1.037342834E-1,9.835447083E0,9.836968632E0
7.473384554E1,1.389111328E-1,-1.136137390E-1,9.831106110E0,9.832743855E0
7.474387604E1,1.357676697E-1,-1.284329224E-1,9.873318329E0,9.875086972E0
7.475390704E1,1.243913269E-1,-1.323248291E-1,9.902058563E0,9.903723888E0
7.476393904E1,8.951385498E-2,-1.288819885E-1,9.906399536E0,9.907642256E0
7.477397004E1,8.412506104E-2,-1.026864624E-1,9.893675995E0,9.894566500E0
7.478400204E1,9.205856323E-2,-1.031355286E-1,9.877359924E0,9.878327328E0
7.479403304E1,1.049317932E-1,-8.906478882E-2,9.841584320E0,9.842546680E0
7.480406504E1,9.789642334E-2,-9.295669556E-2,9.835596771E0,9.836523192E0
7.481409604E1,1.031355286E-1,-8.846603394E-2,9.836195526E0,9.837134014E0
7.482412704E1,7.813751221E-2,-8.128097534E-2,9.854607239E0,9.855252199E0
7.483415904E1,8.098159790E-2,-9.205856323E-2,9.872420197E0,9.873181520E0
7.484419004E1,9.834548950E-2,-1.172062683E-1,9.875713348E0,9.876898465E0
7.485422204E1,8.786727905E-2,-1.239422607E-1,9.861492920E0,9.862663177E0
7.486425304E1,1.005908203E-1,-1.504371643E-1,9.832153931E0,9.833819236E0
7.487428504E1,8.771759033E-2,-1.930984497E-1,9.832004242E0,9.834291474E0
7.488431604E1,6.765930176E-2,-1.842668152E-1,9.844727783E0,9.846684577E0
7.489434804E1,7.694000244E-2,-1.972897339E-1,9.826465759E0,9.828747241E0
7.490437904E1,9.595046997E-2,-1.880090332E-1,9.847272491E0,9.849534477E0
7.491441004E1,9.565109253E-2,-1.781295776E-1,9.834099884E0,9.836178110E0
7.492444204E1,1.098715210E-1,-1.730401611E-1,9.830806732E0,9.832943387E0
7.493447304E1,1.182540894E-1,-1.495390320E-1,9.849368134E0,9.851213051E0
7.494450504E1,1.218466187E-1,-1.538800049E-1,9.867031403E0,9.868983451E0
7.495453604E1,9.400451660E-2,-1.383123779E-1,9.857301636E0,9.858720135E0
7.496456804E1,7.454498291E-2,-1.383123779E-1,9.849368134E0,9.850621295E0
7.497459904E1,5.508544922E-2,-1.194515991E-1,9.864636383E0,9.865513370E0
7.498463004E1,5.014572144E-2,-1.040336609E-1,9.865384827E0,9.866060783E0
7.499466204E1,8.247848511E-2,-7.289840698E-2,9.880802765E0,9.881415898E0
7.500469304E1,1.001417542E-1,-4.745132446E-2,9.864786072E0,9.865408468E0
7.501472504E1,8.652008057E-2,-3.652404785E-2,9.846673737E0,9.847121580E0
7.502475604E1,8.981323242E-2,-5.568420410E-2,9.823022919E0,9.823591319E0
7.503478804E1,7.634124756E-2,-7.259902954E-2,9.841135254E0,9.841699126E0
7.504481904E1,7.858657837E-2,-1.122665405E-1,9.867181091E0,9.868132666E0
7.505485004E1,9.939331055E-2,-1.410067749E-1,9.877659302E0,9.879165715E0
7.506488204E1,1.001417542E-1,-1.434017944E-1,9.895921326E0,9.897466915E0
7.507491304E1,9.999206543E-2,-1.423539734E-1,9.898466034E0,9.899994590E0
7.508494504E1,1.161584473E-1,-1.270857239E-1,9.889484711E0,9.890983339E0
7.509497604E1,1.360670471E-1,-1.216969299E-1,9.867929535E0,9.869617910E0
7.510500804E1,1.375639343E-1,-1.303788757E-1,9.832902374E0,9.834728852E0
7.511503904E1,1.463955688E-1,-1.582209778E-1,9.916877747E0,9.919220220E0
7.512507104E1,1.769320679E-1,-1.731898499E-1,9.961784363E0,9.964860630E0
7.513510204E1,1.487905884E-1,-1.770817566E-1,9.823771362E0,9.826493798E0
7.514513304E1,4.745132446E-2,-1.672023010E-1,9.758806458E0,9.760354077E0
7.515516504E1,1.451980591E-2,-1.893562317E-1,9.786498871E0,9.788341369E0
7.516519604E1,6.436614990E-2,-1.746867371E-1,9.838141479E0,9.839902755E0
7.517522804E1,7.200027466E-2,-1.639091492E-1,9.858648834E0,9.860274189E0
7.518525904E1,9.415420532E-2,-1.380130005E-1,9.804760895E0,9.806184212E0
7.519529104E1,1.002914429E-1,-9.849517822E-2,9.760303345E0,9.761315539E0
7.520532204E1,1.125659180E-1,-4.296066284E-2,9.794282684E0,9.795023737E0
7.521535304E1,1.251397705E-1,-2.454895020E-2,9.846224670E0,9.847050466E0
7.522538504E1,1.338217163E-1,2.993774414E-4,9.869127045E0,9.870034294E0
7.523541604E1,1.411564636E-1,8.981323242E-4,9.880503387E0,9.881511683E0
7.524544804E1,1.204994202E-1,-2.933898926E-2,9.895771637E0,9.896548751E0
7.525547904E1,8.696914673E-2,-6.706054688E-2,9.913434906E0,9.914043191E0
7.526551104E1,4.790039063E-2,-1.062789917E-1,9.960586853E0,9.961269002E0
7.527554204E1,4.101470947E-2,-1.622625732E-1,9.975406036E0,9.976809958E0
7.528557304E1,7.768844604E-2,-1.733395386E-1,9.927655334E0,9.929472420E0
7.529560504E1,1.109193420E-1,-1.712438965E-1,9.902357941E0,9.904459620E0
7.530563604E1,1.275347900E-1,-1.664538574E-1,9.850715332E0,9.852946999E0
7.531566804E1,1.266366577E-1,-1.272354126E-1,9.840686188E0,9.842323422E0
7.532569904E1,1.182540894E-1,-1.167572021E-1,9.835746460E0,9.837150233E0
7.533573104E1,1.172062683E-1,-1.145118713E-1,9.819430389E0,9.820797496E0
7.534576204E1,1.175056458E-1,-1.113684082E-1,9.821076965E0,9.822411275E0
7.535579404E1,1.170565796E-1,-1.306782532E-1,9.812395020E0,9.813963270E0
7.536582504E1,9.385482788E-2,-1.332229614E-1,9.835447083E0,9.836797060E0
7.537585604E1,8.637039185E-2,-1.607656860E-1,9.853858795E0,9.855548620E0
7.538588804E1,1.029858398E-1,-1.585203552E-1,9.884245605E0,9.886053104E0
7.539591904E1,1.103205872E-1,-1.360670471E-1,9.858349457E0,9.859905623E0
7.540595104E1,1.080752563E-1,-1.142124939E-1,9.822424164E0,9.823682670E0
7.541598204E1,7.170089722E-2,-7.364685059E-2,9.814490662E0,9.815028875E0
7.542601404E1,7.574249268E-2,-3.802093506E-2,9.850565643E0,9.850930210E0
7.543604504E1,1.146615601E-1,-4.101470947E-2,9.873767395E0,9.874518320E0
7.544607604E1,1.187031555E-1,-6.316864014E-2,9.872120819E0,9.873036523E0
7.545610804E1,1.362167358E-1,-8.756790161E-2,9.877210236E0,9.878537603E0
7.546613904E1,1.344204712E-1,-1.131646729E-1,9.888736267E0,9.890297269E0
7.547617104E1,1.040336609E-1,-1.270857239E-1,9.927056580E0,9.928415086E0
7.548620204E1,5.328918457E-2,-1.303788757E-1,9.909992065E0,9.910992943E0
7.549623404E1,6.002517700E-2,-1.118174744E-1,9.880503387E0,9.881318402E0
7.550626504E1,8.876541138E-2,-9.789642334E-2,9.866881714E0,9.867766605E0
7.551629704E1,1.146615601E-1,-7.798782349E-2,9.834399261E0,9.835376872E0
7.552632804E1,1.161584473E-1,-8.831634521E-2,9.815239105E0,9.816323714E0
7.553635904E1,8.008346558E-2,-8.696914673E-2,9.818232880E0,9.818944641E0
7.554639104E1,8.337661743E-2,-9.924362183E-2,9.886341248E0,9.887190917E0
7.555642204E1,1.170565796E-1,-1.356179810E-1,9.909393311E0,9.911012575E0
7.556645404E1,1.442999268E-1,-1.707948303E-1,9.939331055E0,9.941845662E0
7.557648504E1,1.526824951E-1,-1.710942078E-1,9.908195801E0,9.910849065E0
7.558651704E1,1.031355286E-1,-1.730401611E-1,9.855056305E0,9.857114923E0
7.559654804E1,1.059796143E-1,-1.832189941E-1,9.813891907E0,9.816174165E0
7.560657904E1,1.163081360E-1,-1.637594604E-1,9.806706848E0,9.808763630E0
7.561661104E1,9.834548950E-2,-1.468446350E-1,9.809101868E0,9.810693891E0
7.562664204E1,6.391708374E-2,-1.300794983E-1,9.820328522E0,9.821397983E0
7.563667404E1,6.167175293E-2,-1.336720276E-1,9.840686188E0,9.841787249E0
7.564670504E1,7.978408813E-2,-1.261875916E-1,9.832602997E0,9.833736345E0
7.565673704E1,9.250762939E-2,-1.266366577E-1,9.847571869E0,9.848820550E0
7.566676804E1,9.714797974E-2,-1.375639343E-1,9.857900391E0,9.859338805E0
7.567679904E1,8.457412720E-2,-1.383123779E-1,9.868378601E0,9.869710194E0
7.568683104E1,7.439529419E-2,-1.308279419E-1,9.883347473E0,9.884493304E0
7.569686204E1,7.319778442E-2,-1.079255676E-1,9.894723816E0,9.895583118E0
7.570689404E1,9.460327148E-2,-8.562194824E-2,9.890831909E0,9.891654905E0
7.571692504E1,8.457412720E-2,-6.212081909E-2,9.871222687E0,9.871780443E0
7.572695704E1,9.011260986E-2,-4.969665527E-2,9.860894165E0,9.861431122E0
7.573698804E1,7.379653931E-2,-4.849914551E-2,9.827363892E0,9.827760638E0
7.574702029E1,7.364685059E-2,-6.391708374E-2,9.819131012E0,9.819615221E0
7.575705129E1,5.688171387E-2,-1.074765015E-1,9.861941986E0,9.862691644E0
7.576708229E1,8.652008057E-2,-1.354682922E-1,9.909393311E0,9.910696906E0
7.577711429E1,9.370513916E-2,-1.564247131E-1,9.918973389E0,9.920649295E0
7.578714529E1,1.133143616E-1,-1.573228455E-1,9.918374634E0,9.920269452E0
7.579717729E1,1.401086426E-1,-1.505868530E-1,9.876611481E0,9.878753017E0
7.580720829E1,1.387614441E-1,-1.465452576E-1,9.848470001E0,9.850537631E0
7.581724029E1,1.300794983E-1,-1.595681763E-1,9.793683929E0,9.795847467E0
7.582727129E1,1.185534668E-1,-1.691482544E-1,9.783056030E0,9.785236397E0
7.583730229E1,1.255888367E-1,-1.875599670E-1,9.899663544E0,9.902236595E0
7.584733429E1,1.525328064E-1,-1.832189941E-1,9.901609497E0,9.904479092E0
7.585736529E1,7.379653931E-2,-1.713935852E-1,9.793085175E0,9.794862885E0
7.586739729E1,1.871109009E-2,-1.649569702E-1,9.806706848E0,9.808111955E0
7.587742829E1,3.487747192E-2,-1.709445190E-1,9.868677979E0,9.870220034E0
7.588746029E1,6.481521606E-2,-1.627116394E-1,9.873767395E0,9.875320686E0
7.589749129E1,6.706054688E-2,-1.478924561E-1,9.864786072E0,9.866122518E0
7.590752229E1,7.274871826E-2,-1.065783691E-1,9.796677704E0,9.797527512E0
7.591755429E1,9.984237671E-2,-4.954696655E-2,9.801467743E0,9.802101475E0
7.592758529E1,1.028361511E-1,-1.466949463E-2,9.829908600E0,9.830457444E0
7.593761729E1,1.272354126E-1,-1.032852173E-2,9.858199768E0,9.859026230E0
7.594764829E1,1.520837402E-1,-8.681945801E-3,9.876012726E0,9.877187464E0
7.595768029E1,1.275347900E-1,-2.155517578E-2,9.872270508E0,9.873117782E0
7.596771129E1,9.999206543E-2,-6.331832886E-2,9.908944244E0,9.909651036E0
7.597774329E1,6.002517700E-2,-9.879455566E-2,9.926757202E0,9.927430279E0
7.598777429E1,4.041595459E-2,-1.437011719E-1,9.931547241E0,9.932669031E0
7.599780529E1,4.026626587E-2,-1.594184875E-1,9.931846619E0,9.933207583E0
7.600783729E1,6.152206421E-2,-1.751358032E-1,9.892029419E0,9.893770946E0
7.601786829E1,8.352630615E-2,-1.857637024E-1,9.879605255E0,9.881704549E0
7.602790029E1,1.131646729E-1,-1.583706665E-1,9.842332764E0,9.844257298E0
7.603793129E1,1.381626892E-1,-1.369651794E-1,9.839338989E0,9.841262121E0
7.604796329E1,1.522334290E-1,-1.196012878E-1,9.831854553E0,9.833760392E0
7.605799429E1,1.516346741E-1,-1.300794983E-1,9.818532257E0,9.820564619E0
7.606802529E1,1.396595764E-1,-1.529818726E-1,9.815837860E0,9.818023281E0
7.607805729E1,9.864486694E-2,-1.734892273E-1,9.832004242E0,9.834029527E0
7.608808829E1,7.828720093E-2,-1.902543640E-1,9.855655060E0,9.857802101E0
7.609812029E1,6.601272583E-2,-1.945953369E-1,9.863139496E0,9.865279811E0
7.610815129E1,5.179229736E-2,-1.809736633E-1,9.843081207E0,9.844880983E0
7.611818329E1,4.340972900E-2,-1.609153748E-1,9.806856537E0,9.808272697E0
7.612821429E1,3.547622681E-2,-1.227447510E-1,9.805359650E0,9.806192059E0
7.613824529E1,4.011657715E-2,-7.289840698E-2,9.846823425E0,9.847174980E0
7.614827729E1,9.580078125E-2,-4.745132446E-2,9.858948212E0,9.859527842E0
7.615830829E1,1.724414062E-1,-4.640350342E-2,9.878856812E0,9.880470699E0
7.616834029E1,2.067201233E-1,-6.062393188E-2,9.900411987E0,9.902755475E0
7.617837129E1,1.869612122E-1,-8.322692871E-2,9.902208252E0,9.904322767E0
7.618840329E1,1.243913269E-1,-1.100212097E-1,9.904752960E0,9.906145016E0
7.619843429E1,5.074447632E-2,-1.251397705E-1,9.912087708E0,9.913007500E0
7.620846629E1,-3.891906738E-3,-1.492396545E-1,9.892478485E0,9.893604914E0
7.621849729E1,4.340972900E-3,-1.576222229E-1,9.859696655E0,9.860957446E0
7.622852829E1,3.802093506E-2,-1.423539734E-1,9.822873230E0,9.823978254E0
7.623856029E1,3.921844482E-2,-1.124162292E-1,9.799821167E0,9.800544393E0
7.624859129E1,4.700225830E-2,-1.106199646E-1,9.809850311E0,9.810586584E0
7.625862329E1,7.529342651E-2,-1.034349060E-1,9.840237122E0,9.841068768E0
7.626865429E1,9.041198730E-2,-1.164578247E-1,9.896819458E0,9.897917566E0
7.627868629E1,1.085243225E-1,-9.849517822E-2,9.936187592E0,9.937268371E0
7.628871729E1,1.130149841E-1,-1.218466187E-1,9.917326813E0,9.918719176E0
7.629874829E1,1.083746338E-1,-1.523831177E-1,9.884544983E0,9.886313529E0
7.630878029E1,7.873626709E-2,-1.775308228E-1,9.855056305E0,9.856969685E0
7.631881129E1,6.122268677E-2,-2.001338196E-1,9.841883698E0,9.844108719E0
7.632884329E1,4.670288086E-2,-2.062710571E-1,9.815688171E0,9.817966347E0
7.633887429E1,6.481521606E-2,-2.089654541E-1,9.803713074E0,9.806154068E0
7.634890629E1,6.017486572E-2,-1.902543640E-1,9.829758911E0,9.831784069E0
7.635893729E1,6.286926270E-2,-1.883084106E-1,9.845476227E0,9.847477582E0
7.636896929E1,7.289840698E-2,-1.727407837E-1,9.847422180E0,9.849206930E0
7.637900029E1,7.469467163E-2,-1.613644409E-1,9.830058289E0,9.831666376E0
7.638903129E1,6.945556641E-2,-1.543290710E-1,9.876162415E0,9.877612342E0
7.639906329E1,6.466552734E-2,-1.504371643E-1,9.885143738E0,9.886499870E0
7.640909429E1,5.254074097E-2,-1.480421448E-1,9.875713348E0,9.876962648E0
7.641912629E1,3.891906738E-2,-1.356179810E-1,9.873318329E0,9.874326395E0
7.642915729E1,4.385879517E-2,-1.230441284E-1,9.891879730E0,9.892742191E0
7.643918929E1,4.730163574E-2,-8.442443848E-2,9.892478485E0,9.892951810E0
7.644922029E1,5.523513794E-2,-6.945556641E-2,9.862840118E0,9.863239336E0
7.645925129E1,6.586303711E-2,-6.376739502E-2,9.847122803E0,9.847549528E0
7.646928329E1,6.152206421E-2,-6.122268677E-2,9.825867004E0,9.826250331E0
7.647931429E1,5.763015747E-2,-8.217910767E-2,9.827663269E0,9.828175821E0
7.648934629E1,6.586303711E-2,-1.026864624E-1,9.849966888E0,9.850722316E0
7.649937729E1,6.930587769E-2,-1.457968140E-1,9.893376617E0,9.894693573E0
7.650940929E1,6.840774536E-2,-1.607656860E-1,9.929601288E0,9.931138251E0
7.651944029E1,7.095245361E-2,-1.666035461E-1,9.884395294E0,9.886053880E0
7.652947229E1,8.562194824E-2,-1.712438965E-1,9.861193542E0,9.863051945E0
7.653950329E1,7.948471069E-2,-1.728904724E-1,9.857151947E0,9.858988459E0
7.654953429E1,8.113128662E-2,-1.926493835E-1,9.842781830E0,9.845001281E0
7.655956629E1,1.041833496E-1,-1.851649475E-1,9.932145996E0,9.934418167E0
7.656959729E1,1.372645569E-1,-2.034269714E-1,9.960736542E0,9.963759157E0
7.657962929E1,1.008901978E-1,-1.874102783E-1,9.808652802E0,9.810961789E0
7.658966029E1,1.826202393E-2,-1.667532349E-1,9.732461243E0,9.733906820E0
7.659969229E1,1.032852173E-2,-1.676513672E-1,9.787995758E0,9.789436890E0
7.660972329E1,5.164260864E-2,-1.703457642E-1,9.878407745E0,9.880011347E0
7.661975429E1,6.571334839E-2,-1.818717957E-1,9.894574127E0,9.896463649E0
7.662978629E1,7.050338745E-2,-1.678010559E-1,9.850415955E0,9.852097360E0
7.663981729E1,6.765930176E-2,-1.202000427E-1,9.799222412E0,9.800193147E0
7.664984929E1,3.772155762E-2,-7.185058594E-2,9.814490662E0,9.814826151E0
7.665988029E1,3.637435913E-2,-6.197113037E-2,9.845625916E0,9.845888136E0
7.666991229E1,5.568420410E-2,-3.457809448E-2,9.874964905E0,9.875182441E0
7.667994329E1,8.517288208E-2,-2.469863892E-2,9.895621948E0,9.896019310E0
7.668997529E1,1.143621826E-1,-4.161346436E-2,9.910291443E0,9.911038637E0
7.670000629E1,1.243913269E-1,-8.023315430E-2,9.939780121E0,9.940882225E0
7.671003729E1,8.023315430E-2,-1.049317932E-1,9.950108643E0,9.950985380E0
7.672006929E1,5.104385376E-2,-1.290316772E-1,9.942324829E0,9.943293099E0
7.673010029E1,5.074447632E-2,-1.752854919E-1,9.918374634E0,9.920053195E0
7.674013221E1,4.191284180E-2,-1.851649475E-1,9.864337006E0,9.866163758E0
7.675016321E1,3.712280273E-2,-1.836680603E-1,9.832004242E0,9.833789680E0
7.676019521E1,5.718109131E-2,-1.818717957E-1,9.835147705E0,9.836995345E0
7.677022621E1,5.777984619E-2,-1.770817566E-1,9.806108093E0,9.807877059E0
7.678025721E1,6.780899048E-2,-1.571731567E-1,9.799970856E0,9.801465719E0
7.679028921E1,7.978408813E-2,-1.697470093E-1,9.826465759E0,9.828255637E0
7.680032021E1,9.385482788E-2,-1.627116394E-1,9.821675720E0,9.823471777E0
7.681035221E1,8.951385498E-2,-1.567240906E-1,9.840087433E0,9.841742521E0
7.682038321E1,7.020401001E-2,-1.419049072E-1,9.880802765E0,9.882071083E0
7.683041521E1,6.406677246E-2,-1.254391479E-1,9.892328796E0,9.893331519E0
7.684044621E1,6.810836792E-2,-1.139131165E-1,9.894574127E0,9.895464219E0
7.685047821E1,5.448669434E-2,-1.032852173E-1,9.849817200E0,9.850509403E0
7.686050921E1,3.712280273E-2,-8.217910767E-2,9.829309845E0,9.829723472E0
7.687054021E1,1.886077881E-2,-6.271957397E-2,9.829609222E0,9.829827411E0
7.688057221E1,4.490661621E-2,-7.768844604E-2,9.833950195E0,9.834359590E0
7.689060321E1,9.385482788E-2,-1.050814819E-1,9.858199768E0,9.859206536E0
7.690063521E1,8.846603394E-2,-1.297801208E-1,9.878856812E0,9.880105314E0
7.691066621E1,9.774673462E-2,-1.360670471E-1,9.847871246E0,9.849296257E0
7.692069821E1,7.918533325E-2,-1.529818726E-1,9.869576111E0,9.871079291E0
7.693072921E1,5.852828979E-2,-1.619631958E-1,9.916728058E0,9.918223279E0
7.694076021E1,4.565505981E-2,-1.546284485E-1,9.901310120E0,9.902622704E0
7.695079221E1,4.760101318E-2,-1.327738953E-1,9.883347473E0,9.884353901E0
7.696082321E1,7.185058594E-2,-1.095721436E-1,9.850116577E0,9.850988029E0
7.697085521E1,9.535171509E-2,-9.295669556E-2,9.854756927E0,9.855656599E0
7.698088621E1,6.631210327E-2,-8.517288208E-2,9.855954437E0,9.856545520E0
7.699091821E1,6.661148071E-2,-7.843688965E-2,9.858499146E0,9.859036202E0
7.700094921E1,6.481521606E-2,-8.143066406E-2,9.878407745E0,9.878955995E0
7.701098121E1,4.745132446E-2,-9.729766846E-2,9.874815216E0,9.875408549E0
7.702101221E1,5.508544922E-2,-1.404080200E-1,9.854008484E0,9.855162709E0
7.703104321E1,4.041595459E-2,-1.454974365E-1,9.838141479E0,9.839300317E0
7.704107521E1,5.433700562E-2,-1.625619507E-1,9.836943970E0,9.838437150E0
7.705110621E1,5.448669434E-2,-2.026785278E-1,9.844877472E0,9.847114289E0
7.706113821E1,6.092330933E-2,-1.956431580E-1,9.823022919E0,9.825159905E0
7.707116921E1,6.017486572E-2,-1.890568542E-1,9.830507355E0,9.832509261E0
7.708120121E1,7.289840698E-2,-1.712438965E-1,9.819729767E0,9.821493336E0
7.709123221E1,7.200027466E-2,-1.559756470E-1,9.848769379E0,9.850267545E0
7.710126321E1,7.020401001E-2,-1.520837402E-1,9.850415955E0,9.851840059E0
7.711129521E1,6.152206421E-2,-1.374142456E-1,9.849368134E0,9.850518782E0
7.712132621E1,5.688171387E-2,-1.326242065E-1,9.858050079E0,9.859106251E0
7.713135821E1,4.625381470E-2,-1.082249451E-1,9.867480469E0,9.868182348E0
7.714138921E1,5.852828979E-2,-1.212478638E-1,9.871671753E0,9.872589822E0
7.715142121E1,3.727249146E-2,-1.052311707E-1,9.861343231E0,9.861975115E0
7.716145221E1,3.023712158E-2,-1.101708984E-1,9.852361908E0,9.853024260E0
7.717148421E1,3.817062378E-2,-1.038839722E-1,9.899214478E0,9.899833137E0
7.718151521E1,6.092330933E-2,-8.517288208E-2,9.926308136E0,9.926860495E0
7.719154621E1,7.005432129E-2,-7.918533325E-2,9.905202026E0,9.905766255E0
7.720157821E1,8.427474976E-2,-7.050338745E-2,9.861792297E0,9.862404386E0
7.721160921E1,6.227050781E-2,-7.529342651E-2,9.809550934E0,9.810037525E0
7.722164121E1,4.700225830E-2,-1.032852173E-1,9.788145447E0,9.788803213E0
7.723167221E1,3.098556519E-2,-1.097218323E-1,9.812694397E0,9.813356730E0
7.724170421E1,3.847000122E-2,-1.305285645E-1,9.854457550E0,9.855397062E0
7.725173521E1,5.358856201E-2,-1.353186035E-1,9.870324554E0,9.871397554E0
7.726176721E1,7.080276489E-2,-1.222956848E-1,9.825567627E0,9.826583763E0
7.727179821E1,7.319778442E-2,-1.311273193E-1,9.838889923E0,9.840035935E0
7.728182921E1,8.457412720E-2,-1.525328064E-1,9.878707123E0,9.880246629E0
7.729186121E1,1.178050232E-1,-1.682501221E-1,1.000938538E1,1.001149248E1
7.730189221E1,1.534309387E-1,-1.767823792E-1,1.005264542E1,1.005537035E1
7.731192421E1,1.311273193E-1,-1.805245972E-1,9.873168640E0,9.875689470E0
7.732195521E1,3.203338623E-2,-1.667532349E-1,9.694739685E0,9.696226603E0
7.733198721E1,-2.829116821E-2,-1.516346741E-1,9.676926727E0,9.678156041E0
7.734201821E1,-2.035766602E-2,-1.338217163E-1,9.810149689E0,9.811083508E0
7.735204921E1,3.906875610E-2,-1.549278259E-1,9.936636658E0,9.937921164E0
7.736208121E1,1.092727661E-1,-1.363664246E-1,9.932744751E0,9.934281787E0
7.737211221E1,1.258882141E-1,-1.222956848E-1,9.864486694E0,9.866047933E0
7.738214421E1,1.047821045E-1,-7.484436035E-2,9.808203735E0,9.809048959E0
7.739217521E1,4.715194702E-2,-3.787124634E-2,9.820328522E0,9.820514743E0
7.740220721E1,7.334747314E-3,-3.532653809E-2,9.853409729E0,9.853475785E0
7.741223821E1,3.891906738E-3,-2.948867798E-2,9.879156189E0,9.879200966E0
7.742227021E1,3.891906738E-2,-2.963836670E-2,9.874216461E0,9.874337641E0
7.743230121E1,8.307723999E-2,-5.912704468E-2,9.907297668E0,9.907822411E0
7.744233221E1,8.592132568E-2,-7.544311523E-2,9.909542999E0,9.910202651E0
7.745236421E1,8.098159790E-2,-7.738906860E-2,9.919572144E0,9.920204564E0
7.746239521E1,8.277786255E-2,-1.028361511E-1,9.911339264E0,9.912218392E0
7.747242721E1,7.559280396E-2,-1.134640503E-1,9.900861053E0,9.901799734E0
7.748245821E1,8.023315430E-2,-1.257385254E-1,9.857451324E0,9.858579723E0
7.749249021E1,7.679031372E-2,-1.525328064E-1,9.850116577E0,9.851596804E0
7.750252121E1,4.580474854E-2,-1.742376709E-1,9.838889923E0,9.840539201E0
7.751255221E1,3.772155762E-2,-1.803749084E-1,9.841284943E0,9.843010075E0
7.752258421E1,4.655319214E-2,-1.820214844E-1,9.831854553E0,9.833649525E0
7.753261521E1,4.655319214E-2,-1.646575928E-1,9.806407471E0,9.807900224E0
7.754264721E1,6.137237549E-2,-1.484912109E-1,9.816137238E0,9.817452138E0
7.755267821E1,5.568420410E-2,-1.454974365E-1,9.808054047E0,9.809291229E0
7.756271021E1,6.107299805E-2,-1.416055298E-1,9.846074982E0,9.847282599E0
7.757274121E1,4.296066284E-2,-1.282832336E-1,9.890382843E0,9.891308052E0
7.758277321E1,5.254074097E-2,-1.097218323E-1,9.887089691E0,9.887838084E0
7.759280421E1,4.400848389E-2,-8.891510010E-2,9.832453308E0,9.832953813E0
7.760283521E1,2.993774414E-2,-7.529342651E-2,9.846673737E0,9.847007111E0
7.761286721E1,4.655319214E-2,-6.960525513E-2,9.848470001E0,9.848825994E0
7.762289821E1,8.382568359E-2,-6.212081909E-2,9.851912842E0,9.852465295E0
7.763293021E1,1.026864624E-1,-9.624984741E-2,9.896969147E0,9.897969834E0
7.764296121E1,1.200503540E-1,-1.037342834E-1,9.898615723E0,9.899887177E0
7.765299321E1,9.580078125E-2,-1.252894592E-1,9.860145721E0,9.861407044E0
7.766302421E1,8.202941895E-2,-1.276844788E-1,9.870923309E0,9.872089907E0
7.767305621E1,5.733078003E-2,-1.305285645E-1,9.890233154E0,9.891260606E0
7.768308721E1,2.769241333E-2,-1.158590698E-1,9.897268524E0,9.897985372E0
7.769311821E1,4.670288086E-2,-1.052311707E-1,9.903854828E0,9.904523977E0
7.770315021E1,6.691085815E-2,-8.936416626E-2,9.890083466E0,9.890713522E0
7.771318121E1,6.421646118E-2,-8.472381592E-2,9.851912842E0,9.852486413E0
7.772321321E1,6.227050781E-2,-6.391708374E-2,9.837093658E0,9.837498394E0
7.773324421E1,6.586303711E-2,-6.676116943E-2,9.841883698E0,9.842330502E0
7.774327592E1,7.214996338E-2,-6.286926270E-2,9.865384827E0,9.865848972E0
7.775330692E1,7.095245361E-2,-8.607101440E-2,9.868228912E0,9.868859323E0
7.776333792E1,6.735992432E-2,-1.139131165E-1,9.866732025E0,9.867619491E0
7.777336992E1,6.885681152E-2,-1.413061523E-1,9.851314087E0,9.852568088E0
7.778340092E1,5.867797852E-2,-1.463955688E-1,9.858349457E0,9.859610985E0
7.779343292E1,7.304809570E-2,-1.631607056E-1,9.841584320E0,9.843207778E0
7.780346392E1,6.870712280E-2,-1.634600830E-1,9.839039612E0,9.840637192E0
7.781349592E1,5.703140259E-2,-1.672023010E-1,9.829010468E0,9.830597945E0
7.782352692E1,5.777984619E-2,-1.609153748E-1,9.816137238E0,9.817626115E0
7.783355892E1,5.463638306E-2,-1.438508606E-1,9.838440857E0,9.839644135E0
7.784358992E1,4.819976807E-2,-1.365161133E-1,9.845476227E0,9.846540611E0
7.785362092E1,5.388793945E-2,-1.224453735E-1,9.864636383E0,9.865543459E0
7.786365292E1,6.122268677E-2,-1.236428833E-1,9.876611481E0,9.877575113E0
7.787368392E1,7.993377686E-2,-1.199006653E-1,9.880054321E0,9.881105149E0
7.788371592E1,7.185058594E-2,-1.017883301E-1,9.891280975E0,9.892065644E0
7.789374692E1,6.256988525E-2,-1.118174744E-1,9.888586578E0,9.889416699E0
7.790377892E1,4.760101318E-2,-1.076261902E-1,9.872120819E0,9.872822227E0
7.791380992E1,2.155517578E-2,-1.007405090E-1,9.848769379E0,9.849308176E0
7.792384092E1,2.844085693E-2,-9.610015869E-2,9.863887939E0,9.864397062E0
7.793387292E1,3.308120728E-2,-9.175918579E-2,9.896071014E0,9.896551704E0
7.794390392E1,5.763015747E-2,-8.277786255E-2,9.880054321E0,9.880569154E0
7.795393592E1,7.274871826E-2,-6.975494385E-2,9.824968872E0,9.825485813E0
7.796396692E1,6.676116943E-2,-5.807922363E-2,9.799821167E0,9.800220669E0
7.797399892E1,4.819976807E-2,-7.918533325E-2,9.813592529E0,9.814030358E0
7.798402992E1,4.909790039E-2,-1.034349060E-1,9.839039612E0,9.839705782E0
7.799406192E1,5.837860107E-2,-1.266366577E-1,9.874665527E0,9.875650064E0
7.800409292E1,7.110214233E-2,-1.407073975E-1,9.887389069E0,9.888645847E0
7.801412392E1,6.137237549E-2,-1.420545959E-1,9.840985565E0,9.842202140E0
7.802415592E1,5.358856201E-2,-1.508862305E-1,9.818681946E0,9.819987451E0
7.803418692E1,7.229965210E-2,-1.561253357E-1,9.912686462E0,9.914179505E0
7.804421892E1,1.213975525E-1,-1.477427673E-1,1.002944366E1,1.003126640E1
7.805424992E1,1.438508606E-1,-1.549278259E-1,1.002465363E1,1.002688267E1
7.806428192E1,1.089733887E-1,-1.392105103E-1,9.838889923E0,9.840478123E0
7.807431292E1,2.185455322E-2,-1.178050232E-1,9.673483887E0,9.674225868E0
7.808434492E1,-2.859054565E-2,-1.095721436E-1,9.660760345E0,9.661424011E0
7.809437592E1,-4.191284180E-3,-1.080752563E-1,9.800719299E0,9.801316065E0
7.810440692E1,4.296066284E-2,-1.199006653E-1,9.929900665E0,9.930717447E0
7.811443892E1,1.122665405E-1,-1.419049072E-1,9.940827942E0,9.942474589E0
7.812446992E1,1.386117554E-1,-1.544787598E-1,9.894723816E0,9.896900338E0
7.813450192E1,1.133143616E-1,-1.371148682E-1,9.829309845E0,9.830919217E0
7.814453292E1,6.062393188E-2,-1.071771240E-1,9.824519806E0,9.825291426E0
7.815456492E1,1.541793823E-2,-7.634124756E-2,9.867929535E0,9.868236874E0
7.816459592E1,-1.047821045E-3,-5.373825073E-2,9.853709106E0,9.853855695E0
7.817462692E1,2.275268555E-2,-3.787124634E-2,9.862540741E0,9.862639697E0
7.818465892E1,5.568420410E-2,-2.185455322E-2,9.886191559E0,9.886372534E0
7.819468992E1,8.008346558E-2,-2.933898926E-2,9.883497162E0,9.883865149E0
7.820472192E1,7.978408813E-2,-2.918930054E-2,9.888436890E0,9.888801830E0
7.821475292E1,9.041198730E-2,-5.269042969E-2,9.884544983E0,9.885098893E0
7.822478492E1,8.247848511E-2,-8.337661743E-2,9.865983582E0,9.866680617E0
7.823481592E1,8.547225952E-2,-1.013392639E-1,9.859546967E0,9.860438202E0
7.824484792E1,6.930587769E-2,-1.356179810E-1,9.842931519E0,9.844109732E0
7.825487892E1,5.478607178E-2,-1.603166199E-1,9.833052063E0,9.834511468E0
7.826490992E1,3.308120728E-2,-1.661544800E-1,9.840386810E0,9.841845063E0
7.827494192E1,1.811233521E-2,-1.860630798E-1,9.826914825E0,9.828692818E0
7.828497292E1,4.370910645E-2,-1.872605896E-1,9.823921051E0,9.825802859E0
7.829500492E1,6.825805664E-2,-1.827699280E-1,9.833950195E0,9.835885342E0
7.830503592E1,5.718109131E-2,-1.577719116E-1,9.839338989E0,9.840769960E0
7.831506792E1,6.271957397E-2,-1.390608215E-1,9.848320312E0,9.849501746E0
7.832509892E1,6.825805664E-2,-1.245410156E-1,9.863887939E0,9.864910284E0
7.833513092E1,6.242019653E-2,-1.148112488E-1,9.865085449E0,9.865950984E0
7.834516192E1,4.939727783E-2,-8.681945801E-2,9.809101868E0,9.809610449E0
7.835519292E1,1.796264648E-2,-7.349716187E-2,9.829160156E0,9.829451351E0
7.836522492E1,1.616638184E-2,-6.167175293E-2,9.877808990E0,9.878014740E0
7.837525592E1,3.023712158E-2,-7.110214233E-2,9.889933777E0,9.890235584E0
7.838528792E1,9.056167603E-2,-8.247848511E-2,9.910740509E0,9.911497443E0
7.839531892E1,1.017883301E-1,-9.265731812E-2,9.889933777E0,9.890891585E0
7.840535092E1,9.280700684E-2,-1.037342834E-1,9.856702881E0,9.857685612E0
7.841538192E1,8.292755127E-2,-9.999206543E-2,9.843230896E0,9.844088067E0
7.842541392E1,7.050338745E-2,-1.157093811E-1,9.862391052E0,9.863321786E0
7.843544492E1,6.242019653E-2,-1.134640503E-1,9.866582336E0,9.867432157E0
7.844547592E1,6.765930176E-2,-1.164578247E-1,9.869576111E0,9.870495064E0
7.845550792E1,6.840774536E-2,-1.082249451E-1,9.880653076E0,9.881482554E0
7.846553892E1,4.715194702E-2,-8.607101440E-2,9.873168640E0,9.873656391E0
7.847557092E1,5.777984619E-2,-7.753875732E-2,9.882299652E0,9.882772748E0
7.848560192E1,6.376739502E-2,-6.436614990E-2,9.880054321E0,9.880469760E0
7.849563392E1,6.286926270E-2,-8.173004150E-2,9.875264282E0,9.875802600E0
7.850566492E1,6.361770630E-2,-8.951385498E-2,9.883497162E0,9.884107248E0
7.851569592E1,6.676116943E-2,-1.094224548E-1,9.896071014E0,9.896901124E0
7.852572792E1,5.643264771E-2,-1.245410156E-1,9.873767395E0,9.874714056E0
7.853575892E1,5.912704468E-2,-1.386117554E-1,9.853709106E0,9.854861358E0
7.854579092E1,5.538482666E-2,-1.466949463E-1,9.841584320E0,9.842833373E0
7.855582192E1,5.448669434E-2,-1.469943237E-1,9.805808716E0,9.807061777E0
7.856585392E1,3.966751099E-2,-1.508862305E-1,9.796528015E0,9.797770222E0
7.857588492E1,3.038681030E-2,-1.492396545E-1,9.775721283E0,9.776907611E0
7.858591692E1,2.245330811E-2,-1.348695374E-1,9.791139221E0,9.792093810E0
7.859594792E1,2.933898926E-2,-1.290316772E-1,9.834848328E0,9.835738487E0
7.860597892E1,5.164260864E-2,-1.245410156E-1,9.879455566E0,9.880375484E0
7.861601092E1,3.233276367E-2,-1.124162292E-1,9.893077240E0,9.893768751E0
7.862604192E1,6.376739502E-2,-1.202000427E-1,9.892628174E0,9.893563894E0
7.863607392E1,6.092330933E-2,-1.227447510E-1,9.893376617E0,9.894325587E0
7.864610492E1,6.631210327E-2,-1.166075134E-1,9.912237396E0,9.913145051E0
7.865613692E1,4.849914551E-2,-1.122665405E-1,9.900262299E0,9.901017600E0
7.866616792E1,3.278182983E-2,-1.043330383E-1,9.868977356E0,9.869583278E0
7.867619992E1,2.469863892E-2,-1.098715210E-1,9.852511597E0,9.853155156E0
7.868623092E1,4.490661621E-3,-1.209484863E-1,9.879605255E0,9.880346588E0
7.869626192E1,2.499801636E-2,-1.082249451E-1,9.880952454E0,9.881576743E0
7.870629392E1,4.131408691E-2,-9.265731812E-2,9.870923309E0,9.871444636E0
7.871632492E1,5.538482666E-2,-7.619155884E-2,9.850415955E0,9.850866313E0
7.872635692E1,6.167175293E-2,-6.601272583E-2,9.807305603E0,9.807721666E0
7.873638792E1,3.218307495E-2,-7.559280396E-2,9.798623657E0,9.798968088E0
7.874642029E1,3.891906738E-2,-8.771759033E-2,9.841584320E0,9.842052174E0
7.875645129E1,4.760101318E-2,-1.143621826E-1,9.889185333E0,9.889961128E0
7.876648229E1,6.331832886E-2,-1.252894592E-1,9.892478485E0,9.893474478E0
7.877651429E1,7.454498291E-2,-1.365161133E-1,9.841883698E0,9.843112735E0
7.878654529E1,5.777984619E-2,-1.384620667E-1,9.812095642E0,9.813242642E0
7.879657729E1,4.730163574E-2,-1.463955688E-1,9.885742493E0,9.886939554E0
7.880660829E1,7.843688965E-2,-1.601669312E-1,9.959838409E0,9.961434984E0
7.881664029E1,9.295669556E-2,-1.574725342E-1,1.003902374E1,1.004068903E1
7.882667129E1,9.071136475E-2,-1.616638184E-1,9.885592804E0,9.887330723E0
7.883670329E1,1.706451416E-2,-1.392105103E-1,9.678423615E0,9.679439778E0
7.884673429E1,-5.673202515E-2,-1.236428833E-1,9.672585754E0,9.673542333E0
7.885676529E1,-2.769241333E-2,-1.188528442E-1,9.792037354E0,9.792797782E0
7.886679729E1,1.676513672E-2,-1.462458801E-1,9.928254089E0,9.929345305E0
7.887682829E1,7.140151978E-2,-1.666035461E-1,9.959688721E0,9.961337979E0
7.888686029E1,1.044827271E-1,-1.920506287E-1,9.925859070E0,9.928266634E0
7.889689129E1,8.726852417E-2,-1.851649475E-1,9.853559418E0,9.855685418E0
7.890692329E1,5.254074097E-2,-1.407073975E-1,9.809550934E0,9.810700720E0
7.891695429E1,1.646575928E-2,-1.035845947E-1,9.815239105E0,9.815799488E0
7.892698629E1,-8.382568359E-3,-7.918533325E-2,9.837692413E0,9.838014668E0
7.893701729E1,-9.430389404E-3,-7.304809570E-2,9.864935760E0,9.865210718E0
7.894704829E1,8.232879639E-3,-4.924758911E-2,9.884844360E0,9.884970467E0
7.895708029E1,4.116439819E-2,-4.176315308E-2,9.870623932E0,9.870798117E0
7.896711129E1,5.463638306E-2,-3.847000122E-2,9.882149963E0,9.882375877E0
7.897714329E1,5.598358154E-2,-5.598358154E-2,9.894274750E0,9.894591510E0
7.898717429E1,5.538482666E-2,-9.714797974E-2,9.885892181E0,9.886524639E0
7.899720629E1,5.209167480E-2,-1.296304321E-1,9.881102142E0,9.882089715E0
7.900723729E1,5.089416504E-2,-1.619631958E-1,9.878856812E0,9.880315491E0
7.901726929E1,2.933898926E-2,-1.969903564E-1,9.874066772E0,9.876075162E0
7.902730029E1,1.242416382E-2,-1.914518738E-1,9.839937744E0,9.841807913E0
7.903733129E1,-4.340972900E-3,-1.962419128E-1,9.841434631E0,9.843391963E0
7.904736329E1,1.541793823E-2,-1.920506287E-1,9.831106110E0,9.832993872E0
7.905739429E1,1.422042847E-2,-1.815724182E-1,9.846673737E0,9.848357956E0
7.906742629E1,2.514770508E-2,-1.648072815E-1,9.842632141E0,9.844043951E0
7.907745729E1,4.221221924E-2,-1.532812500E-1,9.860744476E0,9.862026092E0
7.908748929E1,4.984634399E-2,-1.279838562E-1,9.886191559E0,9.887145597E0
7.909752029E1,6.152206421E-2,-1.234931946E-1,9.853409729E0,9.854375618E0
7.910755129E1,3.472778320E-2,-1.080752563E-1,9.812245331E0,9.812901952E0
7.911758329E1,-1.017883301E-2,-8.861572266E-2,9.821226654E0,9.821631705E0
7.912761429E1,-1.481918335E-2,-7.514373779E-2,9.846374359E0,9.846672240E0
7.913764629E1,2.844085693E-2,-1.002914429E-1,9.889933777E0,9.890483172E0
7.914767729E1,5.149291992E-2,-1.231938171E-1,9.921967163E0,9.922865545E0
7.915770929E1,8.936416626E-2,-1.398092651E-1,9.890981598E0,9.892373302E0
7.916774029E1,6.002517700E-2,-1.537303162E-1,9.838440857E0,9.839824924E0
7.917777229E1,4.191284180E-2,-1.619631958E-1,9.827363892E0,9.828787810E0
7.918780329E1,2.005828857E-2,-1.544787598E-1,9.841434631E0,9.842667404E0
7.919783529E1,1.451980591E-2,-1.501377869E-1,9.864037628E0,9.865190850E0
7.920786629E1,7.185058594E-3,-1.469943237E-1,9.887389069E0,9.888484290E0
7.921789729E1,-3.143463135E-3,-1.308279419E-1,9.876910858E0,9.877777783E0
7.922792929E1,1.167572021E-2,-1.176553345E-1,9.840536499E0,9.841246755E0
7.923796029E1,-5.388793945E-3,-8.711883545E-2,9.835147705E0,9.835535019E0
7.924799229E1,4.490661621E-3,-9.535171509E-2,9.826166382E0,9.826630037E0
7.925802329E1,-2.844085693E-3,-1.035845947E-1,9.853858795E0,9.854403636E0
7.926805529E1,1.930984497E-2,-1.300794983E-1,9.864337006E0,9.865213536E0
7.927808629E1,2.499801636E-2,-1.573228455E-1,9.889784088E0,9.891066914E0
7.928811729E1,3.742218018E-2,-1.637594604E-1,9.912536774E0,9.913959999E0
7.929814929E1,5.373825073E-2,-1.962419128E-1,9.920021210E0,9.922107613E0
7.930818029E1,3.996688843E-2,-2.263293457E-1,9.935439148E0,9.938097071E0
7.931821229E1,2.799179077E-2,-2.439926147E-1,9.925110626E0,9.928148714E0
7.932824329E1,1.901046753E-2,-2.395019531E-1,9.872270508E0,9.875193546E0
7.933827529E1,4.041595459E-3,-2.160008240E-1,9.821526031E0,9.823901785E0
7.934830629E1,1.182540894E-2,-1.911524963E-1,9.785600739E0,9.787474696E0
7.935833829E1,1.107696533E-2,-1.622625732E-1,9.798773346E0,9.800123006E0
7.936836929E1,1.197509766E-3,-1.499880981E-1,9.831555176E0,9.832699275E0
7.937840029E1,1.212478638E-2,-1.395098877E-1,9.844129028E0,9.845125004E0
7.938843229E1,7.634124756E-3,-1.178050232E-1,9.872569885E0,9.873275669E0
7.939846329E1,2.095642090E-2,-1.212478638E-1,9.913135529E0,9.913899143E0
7.940849529E1,2.844085693E-3,-1.134640503E-1,9.920320587E0,9.920969848E0
7.941852629E1,-6.735992432E-3,-1.351689148E-1,9.901908875E0,9.902833704E0
7.942855829E1,-2.035766602E-2,-1.535806274E-1,9.868079224E0,9.869295264E0
7.943858929E1,-3.053649902E-2,-1.598675537E-1,9.831405487E0,9.832752614E0
7.944862129E1,-1.990859985E-2,-1.598675537E-1,9.831255798E0,9.832575683E0
7.945865229E1,5.239105225E-3,-1.414558411E-1,9.857301636E0,9.858317947E0
7.946868329E1,1.736389160E-2,-1.293310547E-1,9.863289185E0,9.864152349E0
7.947871529E1,2.409988403E-2,-1.191522217E-1,9.843679962E0,9.844430570E0
7.948874629E1,2.724334717E-2,-1.056802368E-1,9.803713074E0,9.804320504E0
7.949877829E1,8.981323242E-3,-1.196012878E-1,9.803862762E0,9.804596381E0
7.950880929E1,-1.796264648E-3,-1.544787598E-1,9.823921051E0,9.825135711E0
7.951884129E1,-1.661544800E-2,-1.892065430E-1,9.890981598E0,9.892805070E0
7.952887229E1,-1.571731567E-2,-2.068698120E-1,9.895172882E0,9.897347550E0
7.953890429E1,1.047821045E-3,-2.171983337E-1,9.844578094E0,9.846973854E0
7.954893529E1,7.634124756E-3,-1.913021851E-1,9.835297394E0,9.837160649E0
7.955896629E1,3.068618774E-2,-1.793270874E-1,9.935439148E0,9.937104755E0
7.956899829E1,6.990463257E-2,-1.636097717E-1,1.002689896E1,1.002847733E1
7.957902929E1,9.190887451E-2,-1.639091492E-1,1.002555176E1,1.002731278E1
7.958906129E1,7.514373779E-2,-1.558259583E-1,9.843081207E0,9.844601361E0
7.959909229E1,-3.757186890E-2,-1.264869690E-1,9.681417389E0,9.682316523E0
7.960912429E1,-1.043330383E-1,-1.329235840E-1,9.671987000E0,9.673463009E0
7.961915529E1,-8.711883545E-2,-1.392105103E-1,9.788145447E0,9.789522999E0
7.962918729E1,-2.305206299E-2,-1.457968140E-1,9.939331055E0,9.940427049E0
7.963921829E1,5.089416504E-2,-1.811233521E-1,9.965975647E0,9.967751325E0
7.964924929E1,8.966354370E-2,-1.863624573E-1,9.907896423E0,9.910054594E0
7.965928129E1,7.394622803E-2,-1.746867371E-1,9.840985565E0,9.842813642E0
7.966931229E1,3.367996216E-2,-1.339714050E-1,9.827663269E0,9.828634087E0
7.967934429E1,-1.511856079E-2,-1.130149841E-1,9.848769379E0,9.849429386E0
7.968937529E1,-4.071533203E-2,-7.679031372E-2,9.852511597E0,9.852894968E0
7.969940729E1,-2.978805542E-2,-7.664062500E-2,9.871971130E0,9.872313564E0
7.970943829E1,-8.981323242E-4,-6.825805664E-2,9.877509613E0,9.877745498E0
7.971947029E1,2.784210205E-2,-6.122268677E-2,9.860145721E0,9.860375097E0
7.972950129E1,1.930984497E-2,-8.173004150E-2,9.877958679E0,9.878315663E0
7.973953229E1,2.814147949E-2,-1.113684082E-1,9.892777863E0,9.893444734E0
7.974956383E1,3.697311401E-2,-1.487905884E-1,9.902956696E0,9.904143424E0
7.975959483E1,3.547622681E-2,-1.797761536E-1,9.914333038E0,9.916026302E0
7.976962683E1,2.649490356E-2,-1.930984497E-1,9.889335022E0,9.891255541E0
7.977965783E1,1.122665405E-2,-2.064207458E-1,9.848619690E0,9.850789073E0
7.978968983E1,-1.601669312E-2,-1.989363098E-1,9.817484436E0,9.819512862E0
7.979972083E1,-2.215393066E-2,-1.924996948E-1,9.804611206E0,9.806525778E0
7.980975283E1,-1.317260742E-2,-1.673519897E-1,9.786049805E0,9.787489514E0
7.981978383E1,4.790039062E-3,-1.649569702E-1,9.799821167E0,9.801210571E0
7.982981483E1,3.188369751E-2,-1.606159973E-1,9.821975098E0,9.823340007E0
7.983984683E1,3.637435913E-2,-1.526824951E-1,9.862091675E0,9.863340572E0
7.984987783E1,3.876937866E-2,-1.517843628E-1,9.912985840E0,9.914223611E0
7.985990983E1,2.634521484E-2,-1.279838562E-1,9.866282959E0,9.867148188E0
7.986994083E1,-3.008743286E-2,-1.182540894E-1,9.843081207E0,9.843837511E0
7.987997283E1,-4.894821167E-2,-1.086740112E-1,9.863438873E0,9.864158980E0
7.989000383E1,-1.945953369E-2,-1.071771240E-1,9.838740234E0,9.839343220E0
7.990003483E1,2.200424194E-2,-1.190025330E-1,9.864037628E0,9.864779983E0
7.991006683E1,6.391708374E-2,-1.336720276E-1,9.882748718E0,9.883859359E0
7.992009783E1,8.981323242E-2,-1.387614441E-1,9.883347473E0,9.884729558E0
7.993012983E1,5.508544922E-2,-1.589694214E-1,9.848919067E0,9.850355957E0
7.994016083E1,3.622467041E-2,-1.535806274E-1,9.856403503E0,9.857666522E0
7.995019283E1,1.960922241E-2,-1.529818726E-1,9.880054321E0,9.881258086E0
7.996022383E1,4.490661621E-4,-1.487905884E-1,9.890981598E0,9.892100677E0
7.997025583E1,-1.781295776E-2,-1.323248291E-1,9.897717590E0,9.898618119E0
7.998028683E1,-1.407073975E-2,-1.411564636E-1,9.885143738E0,9.886161533E0
7.999031883E1,-1.646575928E-2,-1.188528442E-1,9.857900391E0,9.858630596E0
8.000034983E1,1.571731567E-2,-1.155596924E-1,9.852661285E0,9.853351485E0
8.001038083E1,3.891906738E-2,-1.091230774E-1,9.851912842E0,9.852594033E0
8.002041283E1,3.293151855E-2,-1.148112488E-1,9.873018951E0,9.873741404E0
8.003044383E1,3.607498169E-2,-1.448986816E-1,9.864935760E0,9.866065811E0
8.004047583E1,3.757186890E-2,-1.562750244E-1,9.862840118E0,9.864149671E0
8.005050683E1,2.499801636E-2,-1.874102783E-1,9.860894165E0,9.862706588E0
8.006053883E1,1.137634277E-2,-2.017803955E-1,9.848919067E0,9.850992414E0
8.007056983E1,-7.634124756E-3,-2.109114075E-1,9.839189301E0,9.841452535E0
8.008060183E1,-1.287322998E-2,-2.073188782E-1,9.855804749E0,9.857993410E0
8.009063283E1,-4.790039062E-3,-1.893562317E-1,9.839937744E0,9.841760693E0
8.010066383E1,-1.047821045E-3,-1.754351807E-1,9.823022919E0,9.824589450E0
8.011069583E1,1.047821045E-2,-1.703457642E-1,9.829010468E0,9.830492065E0
8.012072683E1,2.484832764E-2,-1.586700439E-1,9.841584320E0,9.842894673E0
8.013075883E1,1.481918335E-2,-1.366658020E-1,9.848769379E0,9.849728698E0
8.014078983E1,4.191284180E-3,-1.375639343E-1,9.857750702E0,9.858711392E0
8.015082183E1,5.089416504E-3,-1.395098877E-1,9.881102142E0,9.882088264E0
8.016085283E1,1.496887207E-3,-1.637594604E-1,9.868677979E0,9.870036699E0
8.017088383E1,-5.688171387E-3,-1.468446350E-1,9.885443115E0,9.886535353E0
8.018091583E1,-1.661544800E-2,-1.437011719E-1,9.870923309E0,9.871983239E0
8.019094683E1,-2.664459229E-2,-1.448986816E-1,9.865235138E0,9.866335180E0
8.020097883E1,-1.960922241E-2,-1.489402771E-1,9.862391052E0,9.863535117E0
8.021100983E1,1.496887207E-3,-1.414558411E-1,9.890382843E0,9.891394481E0
8.022104183E1,2.335144043E-2,-1.115180969E-1,9.898765411E0,9.899421107E0
8.023107283E1,2.305206299E-2,-9.969268799E-2,9.866133270E0,9.866663861E0
8.024110483E1,3.353027344E-2,-9.220825195E-2,9.824968872E0,9.825458767E0
8.025113583E1,2.320175171E-2,-1.002914429E-1,9.814490662E0,9.815030496E0
8.026116783E1,-1.990859985E-2,-1.371148682E-1,9.807604980E0,9.808583603E0
8.027119883E1,-7.185058594E-3,-1.652563477E-1,9.847122803E0,9.848512008E0
8.028122983E1,-4.939727783E-3,-1.974394226E-1,9.885742493E0,9.887715174E0
8.029126183E1,1.122665405E-2,-2.002835083E-1,9.847272491E0,9.849315461E0
8.030129283E1,2.649490356E-2,-2.049238586E-1,9.813592529E0,9.815767627E0
8.031132483E1,3.532653809E-2,-1.995350647E-1,9.870773621E0,9.872853391E0
8.032135583E1,4.460723877E-2,-1.627116394E-1,9.967921600E0,9.969349322E0
8.033138783E1,9.400451660E-2,-1.731898499E-1,1.007015900E1,1.007208686E1
8.034141883E1,9.774673462E-2,-1.695973206E-1,9.943372650E0,9.945299258E0
8.035145083E1,2.290237427E-2,-1.749861145E-1,9.718240814E0,9.719843064E0
8.036148183E1,-8.711883545E-2,-1.559756470E-1,9.649982758E0,9.651636406E0
8.037151283E1,-1.124162292E-1,-1.338217163E-1,9.729467468E0,9.731037092E0
8.038154483E1,-6.122268677E-2,-1.472937012E-1,9.864935760E0,9.866225277E0
8.039157583E1,1.556762695E-2,-1.815724182E-1,9.941576385E0,9.943246548E0
8.040160783E1,7.918533325E-2,-2.050735474E-1,9.899663544E0,9.902104006E0
8.041163883E1,9.909393311E-2,-1.806742859E-1,9.846374359E0,9.848530389E0
8.042167083E1,6.376739502E-2,-1.534309387E-1,9.820328522E0,9.821734043E0
8.043170183E1,2.439926147E-2,-1.179547119E-1,9.840686188E0,9.841423336E0
8.044173383E1,-9.280700684E-3,-8.562194824E-2,9.861792297E0,9.862168350E0
8.045176483E1,-1.721420288E-2,-7.364685059E-2,9.879305878E0,9.879595377E0
8.046179583E1,-1.541793823E-2,-6.152206421E-2,9.868378601E0,9.868582415E0
8.047182783E1,-1.526824951E-2,-6.361770630E-2,9.862989807E0,9.863206794E0
8.048185883E1,-1.646575928E-3,-6.900650024E-2,9.872420197E0,9.872661503E0
8.049189083E1,9.729766846E-3,-8.562194824E-2,9.883048096E0,9.883423772E0
8.050192183E1,2.499801636E-2,-1.270857239E-1,9.897418213E0,9.898265654E0
8.051195383E1,4.011657715E-2,-1.673519897E-1,9.893376617E0,9.894873265E0
8.052198483E1,3.098556519E-2,-1.865121460E-1,9.869127045E0,9.870937925E0
8.053201683E1,2.409988403E-2,-2.023791504E-1,9.846673737E0,9.848782757E0
8.054204783E1,-1.945953369E-3,-2.122586060E-1,9.822573853E0,9.824867154E0
8.055207883E1,-8.681945801E-3,-2.155517578E-1,9.816586304E0,9.818956390E0
8.056211083E1,-5.239105225E-3,-2.119592285E-1,9.811347198E0,9.813637858E0
8.057214183E1,3.742218018E-3,-2.041754150E-1,9.797575836E0,9.799703764E0
8.058217383E1,2.095642090E-2,-1.913021851E-1,9.815987549E0,9.817873866E0
8.059220483E1,3.906875610E-2,-1.820214844E-1,9.854158173E0,9.855916572E0
8.060223683E1,4.535568237E-2,-1.633103943E-1,9.881102142E0,9.882555690E0
8.061226783E1,3.412902832E-2,-1.428030396E-1,9.867630157E0,9.868722431E0
8.062229983E1,1.481918335E-2,-1.154100037E-1,9.836045837E0,9.836734051E0
8.063233083E1,-3.158432007E-2,-9.624984741E-2,9.842332764E0,9.842854049E0
8.064236183E1,-4.760101318E-2,-8.936416626E-2,9.820328522E0,9.820850477E0
8.065239383E1,-1.122665405E-2,-1.056802368E-1,9.821076965E0,9.821651954E0
8.066242483E1,4.146377563E-2,-1.173559570E-1,9.885592804E0,9.886376321E0
8.067245683E1,6.421646118E-2,-1.431024170E-1,9.877210236E0,9.878455552E0
8.068248783E1,5.448669434E-2,-1.652563477E-1,9.870474243E0,9.872007914E0
8.069251983E1,2.814147949E-2,-1.651066589E-1,9.873917084E0,9.875337499E0
8.070255083E1,2.424957275E-2,-1.550775146E-1,9.891730042E0,9.892975300E0
8.071258183E1,1.586700439E-2,-1.535806274E-1,9.894274750E0,9.895479351E0
8.072261383E1,-5.837860107E-3,-1.381626892E-1,9.879156189E0,9.880123988E0
8.073264483E1,-8.232879639E-3,-1.351689148E-1,9.880054321E0,9.880982330E0
8.074267683E1,-9.131011963E-3,-1.121168518E-1,9.859397278E0,9.860038958E0
8.075270783E1,-4.490661621E-3,-1.176553345E-1,9.851164398E0,9.851867993E0
8.076273983E1,8.532257080E-3,-1.284329224E-1,9.871072998E0,9.871912173E0
8.077277083E1,1.901046753E-2,-1.356179810E-1,9.880653076E0,9.881602038E0
8.078280283E1,1.796264648E-2,-1.540296936E-1,9.888586578E0,9.889802441E0
8.079283383E1,2.574645996E-2,-1.748364258E-1,9.877509613E0,9.879090384E0
8.080286583E1,1.930984497E-2,-2.035766602E-1,9.851014709E0,9.853136918E0
8.081289683E1,2.874023438E-2,-2.095642090E-1,9.846524048E0,9.848795814E0
8.082292783E1,1.496887207E-2,-2.047741699E-1,9.843230896E0,9.845372060E0
8.083295983E1,1.197509766E-2,-2.107617188E-1,9.831106110E0,9.833372323E0
8.084299083E1,6.735992432E-3,-1.913021851E-1,9.824968872E0,9.826833429E0
8.085302283E1,1.332229614E-2,-1.838177490E-1,9.808802490E0,9.810533764E0
8.086305383E1,1.287322998E-2,-1.734892273E-1,9.811197510E0,9.812739720E0
8.087308583E1,-4.640350342E-3,-1.628613281E-1,9.826765137E0,9.828115709E0
8.088311683E1,3.293151855E-3,-1.562750244E-1,9.846374359E0,9.847614978E0
8.089314883E1,4.041595459E-3,-1.428030396E-1,9.882898407E0,9.883930896E0
8.090317983E1,-1.646575928E-3,-1.366658020E-1,9.912087708E0,9.913029959E0
8.091321083E1,4.490661621E-3,-1.523831177E-1,9.910740509E0,9.911912944E0
8.092324283E1,-1.556762695E-2,-1.438508606E-1,9.886790314E0,9.887849014E0
8.093327383E1,-3.622467041E-2,-1.469943237E-1,9.865235138E0,9.866396702E0
8.094330583E1,-3.817062378E-2,-1.525328064E-1,9.872120819E0,9.873372915E0
8.095333683E1,-9.580078125E-3,-1.279838562E-1,9.877659302E0,9.878493049E0
8.096336883E1,1.751358032E-2,-9.505233765E-2,9.865983582E0,9.866456999E0
8.097339983E1,4.550537109E-2,-8.247848511E-2,9.836045837E0,9.836496894E0
8.098343183E1,3.203338623E-2,-1.062789917E-1,9.809850311E0,9.810478301E0
8.099346283E1,3.143463135E-3,-1.046324158E-1,9.813592529E0,9.814150812E0
8.100349383E1,-7.185058594E-3,-1.393601990E-1,9.839937744E0,9.840927177E0
8.101352583E1,-1.960922241E-2,-1.766326904E-1,9.896969147E0,9.898564639E0
8.102355683E1,-1.945953369E-3,-2.005828857E-1,9.892777863E0,9.894811323E0
8.103358883E1,3.891906738E-3,-2.171983337E-1,9.853409729E0,9.855804054E0
8.104361983E1,6.885681152E-3,-2.058219910E-1,9.846374359E0,9.848527714E0
8.105365183E1,2.155517578E-2,-1.874102783E-1,9.912985840E0,9.914780658E0
8.106368283E1,6.721023560E-2,-1.815724182E-1,1.000055374E1,1.000242775E1
8.107371483E1,1.228944397E-1,-1.869612122E-1,1.002644989E1,1.002894585E1
8.108374583E1,1.005908203E-1,-1.866618347E-1,9.824519806E0,9.826807751E0
8.109377683E1,-1.077758789E-2,-1.570234680E-1,9.665400696E0,9.666682116E0
8.110380883E1,-1.025367737E-1,-1.466949463E-1,9.680219879E0,9.681874307E0
8.111383983E1,-9.086105347E-2,-1.392105103E-1,9.786498871E0,9.787910678E0
8.112387183E1,-2.664459229E-2,-1.389111328E-1,9.897118835E0,9.898129494E0
8.113390283E1,5.373825073E-2,-1.805245972E-1,9.926906891E0,9.928693638E0
8.114393483E1,1.055305481E-1,-1.865121460E-1,9.883048096E0,9.885371169E0
8.115396583E1,9.131011963E-2,-1.531315613E-1,9.847571869E0,9.849185678E0
8.116399783E1,5.104385376E-2,-1.266366577E-1,9.843679962E0,9.844626835E0
8.117402883E1,-1.197509766E-2,-9.265731812E-2,9.859546967E0,9.859989613E0
8.118405983E1,-3.233276367E-2,-6.167175293E-2,9.867630157E0,9.867875847E0
8.119409183E1,-3.083587646E-2,-6.496490479E-2,9.870174866E0,9.870436828E0
8.120412283E1,-8.831634521E-3,-6.795867920E-2,9.858349457E0,9.858587647E0
8.121415483E1,-7.035369873E-3,-7.574249268E-2,9.871372375E0,9.871665462E0
8.122418583E1,8.831634521E-3,-9.475296021E-2,9.894873505E0,9.895331111E0
8.123421783E1,2.095642090E-2,-1.284329224E-1,9.918224945E0,9.919078599E0
8.124424883E1,2.918930054E-2,-1.460961914E-1,9.920470276E0,9.921588915E0
8.125428083E1,5.733078003E-2,-1.733395386E-1,9.915530548E0,9.917211275E0
8.126431183E1,5.284011841E-2,-1.881587219E-1,9.897717590E0,9.899646927E0
8.127434283E1,2.844085693E-2,-1.929487610E-1,9.870174866E0,9.872101599E0
8.128437483E1,7.035369873E-3,-2.119592285E-1,9.853858795E0,9.856140693E0
8.129440583E1,-1.781295776E-2,-2.043251038E-1,9.820328522E0,9.822470072E0
8.130443783E1,-6.885681152E-3,-1.842668152E-1,9.795779572E0,9.797514944E0
8.131446883E1,3.143463135E-3,-1.767823792E-1,9.794582062E0,9.796177808E0
8.132450083E1,2.080673218E-2,-1.637594604E-1,9.803413696E0,9.804803424E0
8.133453183E1,2.559677124E-2,-1.570234680E-1,9.842931519E0,9.844217208E0
8.134456383E1,4.625381470E-2,-1.290316772E-1,9.892777863E0,9.893727428E0
8.135459483E1,3.412902832E-2,-1.173559570E-1,9.841584320E0,9.842343173E0
8.136462583E1,-2.095642090E-3,-7.858657837E-2,9.829309845E0,9.829624218E0
8.137465783E1,-1.407073975E-2,-6.152206421E-2,9.849817200E0,9.850019382E0
8.138468883E1,3.891906738E-3,-6.376739502E-2,9.843530273E0,9.843737586E0
8.139472083E1,3.996688843E-2,-9.250762939E-2,9.851014709E0,9.851530126E0
8.140475183E1,8.756790161E-2,-1.233435059E-1,9.895621948E0,9.896778036E0
8.141478383E1,8.921447754E-2,-1.481918335E-1,9.898765411E0,9.900276598E0
8.142481483E1,6.406677246E-2,-1.514849854E-1,9.892777863E0,9.894145041E0
8.143484683E1,5.044509888E-2,-1.704954529E-1,9.892927551E0,9.894525200E0
8.144487783E1,2.469863892E-2,-1.573228455E-1,9.884095917E0,9.885378728E0
8.145490983E1,1.392105103E-2,-1.338217163E-1,9.853709106E0,9.854627603E0
8.146494083E1,9.580078125E-3,-1.196012878E-1,9.829908600E0,9.830640840E0
8.147497183E1,-4.041595459E-3,-1.121168518E-1,9.827064514E0,9.827704894E0
8.148500383E1,-3.442840576E-3,-8.741821289E-2,9.840087433E0,9.840476334E0
8.149503483E1,1.856140137E-2,-9.086105347E-2,9.870324554E0,9.870760207E0
8.150506683E1,2.245330811E-2,-9.011260986E-2,9.884844360E0,9.885280596E0
8.151509783E1,3.412902832E-2,-9.714797974E-2,9.905651093E0,9.906186253E0
8.152512983E1,4.221221924E-2,-1.218466187E-1,9.896520081E0,9.897360162E0
8.153516083E1,4.954696655E-2,-1.472937012E-1,9.866732025E0,9.867955776E0
8.154519283E1,4.520599365E-2,-1.800755310E-1,9.847272491E0,9.849022606E0
8.155522383E1,4.056564331E-2,-1.896556091E-1,9.833052063E0,9.834964550E0
8.156525483E1,2.110610962E-2,-1.910028076E-1,9.832902374E0,9.834779949E0
8.157528683E1,1.945953369E-2,-1.734892273E-1,9.817783813E0,9.819335833E0
8.158531783E1,2.409988403E-2,-1.670526123E-1,9.798324280E0,9.799777858E0
8.159534983E1,3.158432007E-2,-1.517843628E-1,9.808952179E0,9.810177313E0
8.160538083E1,2.604583740E-2,-1.290316772E-1,9.816586304E0,9.817468829E0
8.161541283E1,2.365081787E-2,-1.377136230E-1,9.828711090E0,9.829704273E0
8.162544383E1,1.556762695E-2,-1.401086426E-1,9.854307861E0,9.855316139E0
8.163547583E1,1.766326904E-2,-1.299298096E-1,9.908944244E0,9.909811794E0
8.164550683E1,2.963836670E-2,-1.278341675E-1,9.909692688E0,9.910561497E0
8.165553783E1,2.664459229E-2,-1.267863464E-1,9.898615723E0,9.899463518E0
8.166556983E1,-4.640350342E-3,-1.252894592E-1,9.873917084E0,9.874713037E0
8.167560083E1,8.981323242E-3,-1.170565796E-1,9.870174866E0,9.870873051E0
8.168563283E1,5.688171387E-3,-9.999206543E-2,9.856852570E0,9.857361379E0
8.169566383E1,1.302291870E-2,-7.708969116E-2,9.871072998E0,9.871382606E0
8.170569583E1,1.451980591E-2,-6.496490479E-2,9.845775604E0,9.846000635E0
8.171572683E1,1.811233521E-2,-6.706054688E-2,9.817035370E0,9.817281122E0
8.172575883E1,2.020797729E-2,-7.619155884E-2,9.798024902E0,9.798341977E0
8.173578983E1,9.729766846E-3,-9.460327148E-2,9.825118561E0,9.825578822E0
8.174582067E1,1.871109009E-2,-1.360670471E-1,9.839189301E0,9.840147887E0
8.175585267E1,8.681945801E-3,-1.740879822E-1,9.879754944E0,9.881292413E0
8.176588367E1,1.990859985E-2,-1.863624573E-1,9.875563660E0,9.877341996E0
8.177591567E1,2.993774414E-2,-1.793270874E-1,9.843979340E0,9.845658115E0
8.178594667E1,2.155517578E-2,-1.862127686E-1,9.872719574E0,9.874499056E0
8.179597867E1,4.565505981E-2,-1.706451416E-1,9.923314362E0,9.924886501E0
8.180600967E1,1.101708984E-1,-1.709445190E-1,1.004366409E1,1.004572287E1
8.181604167E1,1.514849854E-1,-1.881587219E-1,1.000519409E1,1.000810972E1
8.182607267E1,1.043330383E-1,-1.633103943E-1,9.768985291E0,9.770907290E0
8.183610367E1,-2.290237427E-2,-1.622625732E-1,9.686955872E0,9.688341846E0
8.184613567E1,-5.313949585E-2,-1.255888367E-1,9.757159882E0,9.758112795E0
8.185616667E1,-4.670288086E-2,-1.101708984E-1,9.843380585E0,9.844107889E0
8.186619867E1,-8.981323242E-4,-1.263372803E-1,9.912387085E0,9.913192202E0
8.187622967E1,5.328918457E-2,-1.299298096E-1,9.886490936E0,9.887488282E0
8.188626167E1,8.966354370E-2,-1.353186035E-1,9.830956421E0,9.832296518E0
8.189629267E1,8.053253174E-2,-1.157093811E-1,9.798024902E0,9.799039041E0
8.190632467E1,3.203338623E-2,-7.828720093E-2,9.828711090E0,9.829075069E0
8.191635567E1,7.185058594E-3,-6.421646118E-2,9.869426422E0,9.869637951E0
8.192638767E1,1.122665405E-2,-3.517684937E-2,9.880653076E0,9.880722072E0
8.193641867E1,2.948867798E-2,-2.604583740E-2,9.874366150E0,9.874444533E0
8.194644967E1,4.340972900E-2,-4.984634399E-2,9.882299652E0,9.882520705E0
8.195648167E1,4.430786133E-2,-6.152206421E-2,9.896220703E0,9.896511120E0
8.196651267E1,3.353027344E-2,-1.032852173E-1,9.909393311E0,9.909988290E0
8.197654467E1,2.933898926E-2,-1.341210938E-1,9.933942261E0,9.934890945E0
8.198657567E1,4.670288086E-2,-1.556762695E-1,9.928852844E0,9.930183033E0
8.199660767E1,5.987548828E-2,-1.737886047E-1,9.903106384E0,9.904812144E0
8.200663867E1,4.700225830E-2,-1.959425354E-1,9.870324554E0,9.872381146E0
8.201667067E1,5.777984619E-2,-1.987866211E-1,9.835147705E0,9.837326111E0
8.202670167E1,3.906875610E-2,-1.947450256E-1,9.779912567E0,9.781929350E0
8.203673267E1,3.802093506E-2,-1.766326904E-1,9.779912567E0,9.781581392E0
8.204676467E1,2.439926147E-2,-1.607656860E-1,9.784702606E0,9.786053649E0
8.205679567E1,2.170486450E-2,-1.704954529E-1,9.786349182E0,9.787858301E0
8.206682767E1,4.311035156E-2,-1.586700439E-1,9.822873230E0,9.824249242E0
8.207685867E1,4.011657715E-2,-1.640588379E-1,9.889035645E0,9.890477775E0
8.208689067E1,3.233276367E-2,-1.550775146E-1,9.881551208E0,9.882820889E0
8.209692167E1,3.293151855E-3,-1.267863464E-1,9.870923309E0,9.871738074E0
8.210695367E1,-1.736389160E-2,-8.322692871E-2,9.882149963E0,9.882515678E0
8.211698467E1,5.987548828E-4,-6.556365967E-2,9.877808990E0,9.878026595E0
8.212701567E1,4.610412598E-2,-5.748046875E-2,9.856852570E0,9.857127988E0
8.213704767E1,6.331832886E-2,-8.936416626E-2,9.835147705E0,9.835757497E0
8.214707867E1,6.331832886E-2,-1.014889526E-1,9.858499146E0,9.859224849E0
8.215711067E1,7.439529419E-2,-1.119671631E-1,9.870025177E0,9.870940599E0
8.216714167E1,7.080276489E-2,-1.315763855E-1,9.896969147E0,9.898096972E0
8.217717367E1,5.014572144E-2,-1.231938171E-1,9.896969147E0,9.897862881E0
8.218720467E1,5.298980713E-2,-1.230441284E-1,9.883796539E0,9.884704437E0
8.219723667E1,4.191284180E-2,-1.326242065E-1,9.879455566E0,9.880434614E0
8.220726767E1,3.562591553E-2,-1.315763855E-1,9.840087433E0,9.841031564E0
8.221729867E1,3.008743286E-2,-1.222956848E-1,9.852062531E0,9.852867481E0
8.222733067E1,4.670288086E-2,-1.169068909E-1,9.870923309E0,9.871726058E0
8.223736167E1,4.670288086E-2,-1.222956848E-1,9.883646851E0,9.884513770E0
8.224739367E1,5.373825073E-2,-1.053808594E-1,9.875413971E0,9.876122418E0
8.225742467E1,7.095245361E-2,-1.137634277E-1,9.874216461E0,9.875126687E0
8.226745667E1,5.897735596E-2,-1.317260742E-1,9.844727783E0,9.845785657E0
8.227748767E1,3.607498169E-2,-1.585203552E-1,9.825118561E0,9.826463496E0
8.228751967E1,2.514770508E-2,-1.850152588E-1,9.845476227E0,9.847246579E0
8.229755067E1,2.514770508E-2,-1.990859985E-1,9.846823425E0,9.848867915E0
8.230758267E1,3.263214111E-2,-1.998344421E-1,9.836045837E0,9.838129719E0
8.231761367E1,3.353027344E-2,-1.984872437E-1,9.831255798E0,9.833316431E0
8.232764467E1,5.059478760E-2,-1.829196167E-1,9.829758911E0,9.831590902E0
8.233767667E1,3.951782227E-2,-1.676513672E-1,9.841734009E0,9.843241181E0
8.234770767E1,4.550537109E-2,-1.474433899E-1,9.835447083E0,9.836657441E0
8.235773967E1,3.757186890E-2,-1.442999268E-1,9.844129028E0,9.845258272E0
8.236777067E1,1.496887207E-2,-1.422042847E-1,9.861043854E0,9.862080511E0
8.237780267E1,6.137237549E-3,-1.396595764E-1,9.845625916E0,9.846618309E0
8.238783367E1,1.347198486E-3,-1.380130005E-1,9.865833893E0,9.866799268E0
8.239786567E1,-1.047821045E-2,-1.378633118E-1,9.871821442E0,9.872789609E0
8.240789667E1,1.032852173E-2,-1.375639343E-1,9.900411987E0,9.901373038E0
8.241792767E1,3.233276367E-2,-1.044827271E-1,9.895921326E0,9.896525700E0
8.242795967E1,3.143463135E-2,-8.412506104E-2,9.872420197E0,9.872828657E0
8.243799067E1,2.948867798E-2,-7.424560547E-2,9.833800507E0,9.834124994E0
8.244802267E1,2.963836670E-2,-8.098159790E-2,9.820328522E0,9.820707140E0
8.245805367E1,2.335144043E-2,-9.131011963E-2,9.837991791E0,9.838443236E0
8.246808567E1,3.757186890E-2,-1.218466187E-1,9.860295410E0,9.861119806E0
8.247811667E1,4.400848389E-2,-1.321751404E-1,9.858199768E0,9.859184027E0
8.248814867E1,2.574645996E-2,-1.514849854E-1,9.848919067E0,9.850117633E0
8.249817967E1,3.293151855E-2,-1.642085266E-1,9.822573853E0,9.824001528E0
8.250821167E1,3.158432007E-2,-1.600172424E-1,9.859846344E0,9.861195314E0
8.251824267E1,3.637435913E-2,-1.655557251E-1,9.920619965E0,9.922067943E0
8.252827367E1,9.610015869E-2,-1.871109009E-1,1.000953506E1,1.001174500E1
8.253830567E1,1.544787598E-1,-1.996847534E-1,1.003153931E1,1.003471567E1
8.254833667E1,1.254391479E-1,-1.875599670E-1,9.831255798E0,9.833844838E0
8.255836867E1,1.706451416E-2,-1.842668152E-1,9.722282410E0,9.724043434E0
8.256839967E1,-2.350112915E-2,-1.600172424E-1,9.765542450E0,9.766881650E0
8.257843167E1,-1.032852173E-2,-1.487905884E-1,9.830657043E0,9.831788404E0
8.258846267E1,2.559677124E-2,-1.407073975E-1,9.883347473E0,9.884382178E0
8.259849467E1,8.352630615E-2,-1.550775146E-1,9.842033386E0,9.843609442E0
8.260852567E1,7.259902954E-2,-1.457968140E-1,9.794282684E0,9.795636816E0
8.261855667E1,3.577560425E-2,-1.231938171E-1,9.786049805E0,9.786890588E0
8.262858867E1,7.634124756E-3,-8.592132568E-2,9.819729767E0,9.820108627E0
8.263861967E1,-6.137237549E-3,-5.224136353E-2,9.880802765E0,9.880942774E0
8.264865167E1,8.232879639E-3,-4.790039063E-2,9.910740509E0,9.910859683E0
8.265868267E1,5.164260864E-2,-4.146377563E-2,9.906249847E0,9.906471231E0
8.266871467E1,5.463638306E-2,-6.271957397E-2,9.915380859E0,9.915729750E0
8.267874567E1,4.580474854E-2,-9.160949707E-2,9.920919342E0,9.921448028E0
8.268877767E1,4.535568237E-2,-1.365161133E-1,9.925260315E0,9.926302741E0
8.269880867E1,2.888992310E-2,-1.652563477E-1,9.916129303E0,9.917548318E0
8.270883967E1,3.906875610E-2,-1.839674377E-1,9.899513855E0,9.901300165E0
8.271887167E1,3.996688843E-2,-1.826202393E-1,9.868228912E0,9.869999462E0
8.272890267E1,3.547622681E-2,-1.839674377E-1,9.829160156E0,9.830945629E0
8.273893467E1,3.308120728E-2,-1.829196167E-1,9.823471985E0,9.825230572E0
8.274896579E1,2.844085693E-2,-1.842668152E-1,9.808952179E0,9.810724030E0
8.275899779E1,3.023712158E-2,-1.704954529E-1,9.822124786E0,9.823650966E0
8.276902879E1,3.547622681E-2,-1.743873596E-1,9.818681946E0,9.820294531E0
8.277906079E1,4.685256958E-2,-1.851649475E-1,9.850715332E0,9.852566862E0
8.278909179E1,5.807922363E-2,-1.773811340E-1,9.877359924E0,9.879123258E0
8.279912379E1,5.463638306E-2,-1.812730408E-1,9.889335022E0,9.891147164E0
8.280915479E1,4.505630493E-2,-1.577719116E-1,9.873617706E0,9.874980945E0
8.281918579E1,2.185455322E-2,-1.336720276E-1,9.849817200E0,9.850748433E0
8.282921779E1,4.041595459E-3,-9.999206543E-2,9.825867004E0,9.826376603E0
8.283924879E1,1.302291870E-2,-6.960525513E-2,9.832004242E0,9.832259247E0
8.284928079E1,4.670288086E-2,-7.963439941E-2,9.806706848E0,9.807141378E0
8.285931179E1,6.526428223E-2,-8.771759033E-2,9.828411713E0,9.829019819E0
8.286934379E1,6.780899048E-2,-1.037342834E-1,9.874066772E0,9.874844479E0
8.287937479E1,6.421646118E-2,-1.487905884E-1,9.926607513E0,9.927930254E0
8.288940679E1,5.673202515E-2,-1.460961914E-1,9.957593079E0,9.958826364E0
8.289943779E1,4.595443726E-2,-1.434017944E-1,9.949060822E0,9.950200356E0
8.290946879E1,3.068618774E-2,-1.414558411E-1,9.919272766E0,9.920328805E0
8.291950079E1,5.074447632E-2,-1.309776306E-1,9.874216461E0,9.875215484E0
8.292953179E1,3.577560425E-2,-1.287322998E-1,9.839039612E0,9.839946767E0
8.293956379E1,2.874023438E-2,-1.378633118E-1,9.820029144E0,9.821038880E0
8.294959479E1,2.544708252E-2,-1.272354126E-1,9.828860779E0,9.829717219E0
8.295962679E1,2.005828857E-2,-1.089733887E-1,9.869276733E0,9.869898722E0
8.296965779E1,4.116439819E-2,-1.077758789E-1,9.873917084E0,9.874591066E0
8.297968979E1,6.032455444E-2,-1.094224548E-1,9.875713348E0,9.876503757E0
8.298972079E1,4.939727783E-2,-1.402583313E-1,9.870623932E0,9.871743984E0
8.299975279E1,5.448669434E-2,-1.703457642E-1,9.843979340E0,9.845603878E0
8.300978379E1,3.427871704E-2,-1.932481384E-1,9.843829651E0,9.845786006E0
8.301981479E1,2.050735474E-2,-2.074685669E-1,9.846524048E0,9.848730862E0
8.302984679E1,3.068618774E-2,-2.100132751E-1,9.837692413E0,9.839981669E0
8.303987779E1,4.445755005E-2,-1.893562317E-1,9.821076965E0,9.823002851E0
8.304990979E1,4.685256958E-2,-1.830693054E-1,9.800270233E0,9.802091929E0
8.305994079E1,4.355941772E-2,-1.701960754E-1,9.824819183E0,9.826389780E0
8.306997279E1,3.412902832E-2,-1.648072815E-1,9.858948212E0,9.860384682E0
8.308000379E1,4.745132446E-2,-1.707948303E-1,9.847422180E0,9.849017519E0
8.309003579E1,2.529739380E-2,-1.698966980E-1,9.866133270E0,9.867628416E0
8.310006679E1,1.796264648E-3,-1.522334290E-1,9.865384827E0,9.866559482E0
8.311009779E1,8.831634521E-3,-1.448986816E-1,9.902807007E0,9.903870973E0
8.312012979E1,3.353027344E-2,-1.311273193E-1,9.908195801E0,9.909120177E0
8.313016079E1,2.918930054E-2,-8.771759033E-2,9.888586578E0,9.889018703E0
8.314019279E1,2.095642090E-2,-7.918533325E-2,9.846524048E0,9.846864745E0
8.315022379E1,1.751358032E-2,-8.038284302E-2,9.808503113E0,9.808848120E0
8.316025579E1,1.122665405E-2,-9.624984741E-2,9.819580078E0,9.820058196E0
8.317028679E1,1.481918335E-2,-1.082249451E-1,9.837842102E0,9.838448530E0
8.318031879E1,2.814147949E-2,-1.365161133E-1,9.861343231E0,9.862328271E0
8.319034979E1,3.697311401E-2,-1.637594604E-1,9.884395294E0,9.885820882E0
8.320038079E1,5.912704468E-2,-1.546284485E-1,9.851164398E0,9.852555301E0
8.321041279E1,4.595443726E-2,-1.585203552E-1,9.837243347E0,9.838627810E0
8.322044379E1,3.876937866E-2,-1.751358032E-1,9.862241364E0,9.863872481E0
8.323047579E1,6.212081909E-2,-1.683998108E-1,9.948911133E0,9.950530148E0
8.324050679E1,1.089733887E-1,-1.922003174E-1,1.003064117E1,1.003307423E1
8.325053879E1,1.209484863E-1,-1.974394226E-1,9.882748718E0,9.885460692E0
8.326056979E1,3.981719971E-2,-2.005828857E-1,9.747130737E0,9.749275692E0
8.327060179E1,-3.083587646E-2,-1.799258423E-1,9.749226379E0,9.750935297E0
8.328063279E1,-9.729766846E-3,-1.683998108E-1,9.815688171E0,9.817137436E0
8.329066379E1,1.631607056E-2,-1.636097717E-1,9.884544983E0,9.885912395E0
8.330069579E1,7.095245361E-2,-1.654060364E-1,9.885443115E0,9.887081419E0
8.331072679E1,8.831634521E-2,-1.546284485E-1,9.829160156E0,9.830773068E0
8.332075879E1,6.915618896E-2,-1.191522217E-1,9.782157898E0,9.783127975E0
8.333078979E1,2.709365845E-2,-9.699829102E-2,9.811945953E0,9.812462796E0
8.334082179E1,1.047821045E-3,-7.110214233E-2,9.851613464E0,9.851870100E0
8.335085279E1,8.831634521E-3,-6.466552734E-2,9.873018951E0,9.873234670E0
8.336088479E1,3.682342529E-2,-7.095245361E-2,9.871971130E0,9.872294780E0
8.337091579E1,5.643264771E-2,-7.544311523E-2,9.894873505E0,9.895322025E0
8.338094779E1,4.101470947E-2,-1.004411316E-1,9.915231171E0,9.915824716E0
8.339097879E1,3.727249146E-2,-1.264869690E-1,9.924212494E0,9.925088504E0
8.340100979E1,4.400848389E-2,-1.552272034E-1,9.930349731E0,9.931660386E0
8.341104179E1,5.014572144E-2,-1.760339355E-1,9.924362183E0,9.926049933E0
8.342107279E1,5.224136353E-2,-2.047741699E-1,9.894125061E0,9.896381780E0
8.343110479E1,5.194198608E-2,-2.092648315E-1,9.846374359E0,9.848734830E0
8.344113579E1,4.206253052E-2,-1.968406677E-1,9.834249573E0,9.836309276E0
8.345116779E1,1.736389160E-2,-1.854643250E-1,9.809850311E0,9.811618707E0
8.346119879E1,8.382568359E-3,-1.815724182E-1,9.812544708E0,9.814228062E0
8.347123079E1,1.047821045E-2,-1.733395386E-1,9.798923035E0,9.800461674E0
8.348126179E1,4.221221924E-2,-1.689985657E-1,9.794132996E0,9.795681881E0
8.349129379E1,5.029541016E-2,-1.667532349E-1,9.842183075E0,9.843724090E0
8.350132479E1,6.406677246E-2,-1.607656860E-1,9.871971130E0,9.873487943E0
8.351135579E1,6.107299805E-2,-1.541793823E-1,9.885742493E0,9.887133347E0
8.352138779E1,5.852828979E-2,-1.222956848E-1,9.855355682E0,9.856288217E0
8.353141879E1,2.963836670E-2,-9.610015869E-2,9.831106110E0,9.831620467E0
8.354145079E1,1.616638184E-2,-7.304809570E-2,9.839488678E0,9.839773108E0
8.355148179E1,2.305206299E-2,-5.987548828E-2,9.842183075E0,9.842392197E0
8.356151379E1,5.284011841E-2,-9.490264893E-2,9.844129028E0,9.844728281E0
8.357154479E1,5.553451538E-2,-1.202000427E-1,9.853409729E0,9.854299337E0
8.358157679E1,4.625381470E-2,-1.703457642E-1,9.885592804E0,9.887168562E0
8.359160779E1,4.550537109E-2,-1.895059204E-1,9.921218719E0,9.923132777E0
8.360163879E1,2.634521484E-2,-1.924996948E-1,9.941875763E0,9.943774127E0
8.361167079E1,3.622467041E-2,-1.716929626E-1,9.922865295E0,9.924416677E0
8.362170179E1,6.436614990E-2,-1.594184875E-1,9.894723816E0,9.896217290E0
8.363173379E1,7.753875732E-2,-1.462458801E-1,9.870174866E0,9.871562794E0
8.364176479E1,7.020401001E-2,-1.266366577E-1,9.838740234E0,9.839805630E0
8.365179679E1,5.313949585E-2,-9.325607300E-2,9.802665253E0,9.803252856E0
8.366182779E1,3.218307495E-2,-1.067280579E-1,9.821975098E0,9.822607670E0
8.367185979E1,3.397933960E-2,-1.151106262E-1,9.863738251E0,9.864468426E0
8.368189079E1,2.499801636E-2,-1.203497314E-1,9.885592804E0,9.886356965E0
8.369192279E1,3.367996216E-2,-1.405577087E-1,9.869725800E0,9.870784071E0
8.370195379E1,1.137634277E-2,-1.645079041E-1,9.851763153E0,9.853143128E0
8.371198479E1,2.859054565E-2,-1.890568542E-1,9.846074982E0,9.847931380E0
8.372201679E1,3.023712158E-2,-2.029779053E-1,9.843829651E0,9.845968541E0
8.373204779E1,3.832031250E-2,-1.866618347E-1,9.835896149E0,9.837741821E0
8.374207979E1,3.143463135E-2,-1.890568542E-1,9.827663269E0,9.829531828E0
8.375211158E1,4.879852295E-2,-1.746867371E-1,9.828561401E0,9.830234787E0
8.376214358E1,6.271957397E-2,-1.558259583E-1,9.808353424E0,9.809791658E0
8.377217458E1,5.254074097E-2,-1.685494995E-1,9.840686188E0,9.842269764E0
8.378220658E1,3.472778320E-2,-1.510359192E-1,9.871222687E0,9.872439172E0
8.379223758E1,3.218307495E-2,-1.731898499E-1,9.879455566E0,9.881025896E0
8.380226858E1,2.454895020E-2,-1.585203552E-1,9.877509613E0,9.878812050E0
8.381230058E1,1.362167358E-2,-1.360670471E-1,9.893077240E0,9.894022290E0
8.382233158E1,3.188369751E-2,-1.398092651E-1,9.908944244E0,9.909981798E0
8.383236358E1,2.724334717E-2,-1.158590698E-1,9.903405762E0,9.904120920E0
8.384239458E1,3.547622681E-2,-9.131011963E-2,9.865983582E0,9.866469892E0
8.385242658E1,3.338058472E-2,-8.831634521E-2,9.840686188E0,9.841139095E0
8.386245758E1,2.065704346E-2,-7.514373779E-2,9.805958405E0,9.806268073E0
8.387248958E1,8.831634521E-3,-9.969268799E-2,9.796078949E0,9.796590193E0
8.388252058E1,4.939727783E-3,-1.327738953E-1,9.828561401E0,9.829459422E0
8.389255258E1,2.110610962E-2,-1.730401611E-1,9.860445099E0,9.861985901E0
8.390258358E1,4.206253052E-2,-1.805245972E-1,9.879754944E0,9.881493619E0
8.391261458E1,4.834945679E-2,-1.733395386E-1,9.837542725E0,9.839188540E0
8.392264658E1,3.577560425E-2,-1.844165039E-1,9.797126770E0,9.798927609E0
8.393267758E1,4.505630493E-2,-1.736389160E-1,9.862391052E0,9.864022395E0
8.394270958E1,9.490264893E-2,-1.589694214E-1,1.001342697E1,1.001513842E1
8.395274058E1,1.377136230E-1,-1.731898499E-1,1.004501129E1,1.004744801E1
8.396277258E1,1.191522217E-1,-1.865121460E-1,9.852661285E0,9.855146799E0
8.397280358E1,1.526824951E-2,-1.695973206E-1,9.718989258E0,9.720480881E0
8.398283558E1,-3.712280273E-2,-1.498384094E-1,9.713450775E0,9.714677329E0
8.399286658E1,-3.592529297E-2,-1.395098877E-1,9.835447083E0,9.836502069E0
8.400289758E1,1.601669312E-2,-1.375639343E-1,9.929900665E0,9.930866407E0
8.401292958E1,7.828720093E-2,-1.658551025E-1,9.911488953E0,9.913185667E0
8.402296058E1,1.212478638E-1,-1.634600830E-1,9.848170624E0,9.850273340E0
8.403299258E1,8.472381592E-2,-1.324745178E-1,9.794582062E0,9.795844292E0
8.404302358E1,1.706451416E-2,-8.652008057E-2,9.775421906E0,9.775819677E0
8.405305558E1,-1.736389160E-2,-7.289840698E-2,9.833351440E0,9.833636979E0
8.406308658E1,-2.365081787E-2,-7.035369873E-2,9.870474243E0,9.870753304E0
8.407311858E1,2.065704346E-2,-7.065307617E-2,9.887688446E0,9.887962448E0
8.408314958E1,4.026626587E-2,-7.259902954E-2,9.908046112E0,9.908393904E0
8.409318158E1,5.927673340E-2,-7.589218140E-2,9.917027435E0,9.917494971E0
8.410321258E1,6.616241455E-2,-9.175918579E-2,9.929750977E0,9.930395343E0
8.411324358E1,5.957611084E-2,-1.281335449E-1,9.940528564E0,9.941532863E0
8.412327558E1,6.436614990E-2,-1.468446350E-1,9.908195801E0,9.909492942E0
8.413330658E1,5.239105225E-2,-1.710942078E-1,9.862391052E0,9.864014158E0
8.414333858E1,4.954696655E-2,-1.769320679E-1,9.822124786E0,9.823843198E0
8.415336958E1,3.757186890E-2,-1.841171265E-1,9.799821167E0,9.801622604E0
8.416340158E1,2.544708252E-2,-1.936972046E-1,9.806108093E0,9.808053940E0
8.417343258E1,1.646575928E-2,-2.001338196E-1,9.798174591E0,9.800232139E0
8.418346458E1,2.170486450E-2,-1.945953369E-1,9.803563385E0,9.805518522E0
8.419349558E1,3.891906738E-2,-1.841171265E-1,9.832153931E0,9.833954684E0
8.420352758E1,5.463638306E-2,-1.701960754E-1,9.839788055E0,9.841411525E0
8.421355858E1,5.254074097E-2,-1.481918335E-1,9.868827667E0,9.870080085E0
8.422358958E1,4.206253052E-2,-1.396595764E-1,9.882599030E0,9.883675310E0
8.423362158E1,4.595443726E-2,-1.187031555E-1,9.875264282E0,9.876084593E0
8.424365258E1,1.451980591E-2,-9.804611206E-2,9.840536499E0,9.841035639E0
8.425368458E1,-1.302291870E-2,-7.155120850E-2,9.847721558E0,9.847990102E0
8.426371558E1,2.095642090E-2,-6.526428223E-2,9.809251556E0,9.809491052E0
8.427374758E1,3.263214111E-2,-8.158035278E-2,9.807604980E0,9.807998555E0
8.428377858E1,5.688171387E-2,-1.234931946E-1,9.855355682E0,9.856293508E0
8.429381058E1,6.631210327E-2,-1.267863464E-1,9.876312103E0,9.877348472E0
8.430384158E1,7.095245361E-2,-1.528321838E-1,9.871522064E0,9.872960032E0
8.431387258E1,4.430786133E-2,-1.520837402E-1,9.916877747E0,9.918142815E0
8.432390458E1,4.535568237E-2,-1.333726501E-1,9.906249847E0,9.907251457E0
8.433393558E1,4.340972900E-2,-1.300794983E-1,9.895771637E0,9.896721749E0
8.434396758E1,4.939727783E-2,-1.207987976E-1,9.879904633E0,9.880766569E0
8.435399858E1,5.553451538E-2,-1.236428833E-1,9.872270508E0,9.873200931E0
8.436403058E1,3.382965088E-2,-1.074765015E-1,9.863438873E0,9.864082423E0
8.437406158E1,3.008743286E-2,-1.089733887E-1,9.868827667E0,9.869475162E0
8.438409358E1,2.095642090E-2,-1.097218323E-1,9.876312103E0,9.876943799E0
8.439412458E1,4.161346436E-2,-9.774673462E-2,9.885892181E0,9.886462984E0
8.440415658E1,5.598358154E-2,-1.088237000E-1,9.873917084E0,9.874675455E0
8.441418758E1,3.921844482E-2,-1.429527283E-1,9.860894165E0,9.862008279E0
8.442421858E1,4.296066284E-2,-1.619631958E-1,9.847122803E0,9.848548380E0
8.443425058E1,3.607498169E-2,-1.719923401E-1,9.823921051E0,9.825492740E0
8.444428158E1,3.143463135E-2,-1.878593445E-1,9.837542725E0,9.839386471E0
8.445431358E1,2.260299683E-2,-1.877096558E-1,9.837243347E0,9.839060041E0
8.446434458E1,3.128494263E-2,-1.787283325E-1,9.814640350E0,9.816317424E0
8.447437658E1,3.652404785E-2,-1.787283325E-1,9.816885681E0,9.818580463E0
8.448440758E1,3.353027344E-2,-1.396595764E-1,9.829459534E0,9.830508827E0
8.449443958E1,1.456471252E-1,-1.469943237E-1,9.501192169E0,9.503445325E0
8.450447058E1,2.161505127E-1,-1.420545959E-1,9.248367920E0,9.251984097E0
8.451450258E1,-4.700225830E-2,-1.547781372E-1,9.985734558E0,9.987044615E0
8.452453358E1,-2.344125366E-1,-1.516346741E-1,1.055724609E1,1.056093686E1
8.453456458E1,-2.797682190E-1,-1.441502380E-1,1.037687119E1,1.038164270E1