"Time (s)","Acceleration x (m/s^2)","Acceleration y (m/s^2)","Acceleration z (m/s^2)","Absolute acceleration (m/s^2)"
1.570999972E-3,-3.647914124E-1,8.337661743E-2,1.023137375E1,1.023821436E1
1.160199998E-2,9.654922485E-2,2.418969727E-1,9.942624207E0,9.946034989E0
2.163300000E-2,2.061213684E-1,4.568499756E-1,9.563312988E0,9.576437398E0
3.166499996E-2,4.355941772E-2,5.288502502E-1,9.150022430E0,9.165396363E0
4.169599997E-2,-4.595443726E-2,5.622308350E-1,8.858578491E0,8.876521177E0
5.172699998E-2,-6.346801758E-2,5.560935974E-1,8.781039734E0,8.798859420E0
6.175900000E-2,-5.733078003E-2,5.313949585E-1,9.017996979E0,9.033821834E0
7.178999996E-2,-9.310638428E-2,4.674778748E-1,9.390871582E0,9.402960886E0
8.182199998E-2,-1.228944397E-1,3.941304016E-1,9.764045563E0,9.772769698E0
9.185299999E-2,-1.154100037E-1,3.829037476E-1,1.008093658E1,1.008886600E1
1.018840000E-1,-9.505233765E-2,3.823049927E-1,1.029050079E1,1.029803858E1
1.119160000E-1,-6.915618896E-2,3.917353821E-1,1.040725800E1,1.041485757E1
1.219470000E-1,-1.062789917E-2,4.400848389E-1,1.039363632E1,1.040295456E1
1.319790000E-1,2.993774414E-3,4.760101318E-1,1.025622208E1,1.026726282E1
1.420100000E-1,-2.185455322E-2,4.896318054E-1,1.006611740E1,1.007804229E1
1.520410000E-1,-3.547622681E-2,4.860392761E-1,9.876761169E0,9.888776665E0
1.620730000E-1,-5.403762817E-2,5.387297058E-1,9.729168091E0,9.744221955E0
1.721040000E-1,-8.202941895E-2,5.463638306E-1,9.688901825E0,9.704641201E0
1.821360000E-1,-1.526824951E-1,5.777984619E-1,9.565857697E0,9.584508150E0
1.921670000E-1,-2.453398132E-1,5.653742981E-1,9.427844696E0,9.447967789E0
2.021980000E-1,-3.200344849E-1,5.725593567E-1,9.385632477E0,9.408525032E0
2.122300000E-1,-2.791694641E-1,5.095404053E-1,9.405990143E0,9.423917316E0
2.222610000E-1,-2.049238586E-1,3.844006348E-1,9.748328247E0,9.758056223E0
2.322930000E-1,-1.240919495E-1,2.900967407E-1,1.003363495E1,1.003859478E1
2.423240000E-1,-1.007405090E-1,1.847158813E-1,1.011177246E1,1.011396119E1
2.523550000E-1,-3.382965088E-2,2.371069336E-1,1.018781433E1,1.019062927E1
2.623870000E-1,-7.020401001E-2,3.649411011E-1,1.014724869E1,1.015405173E1
2.724180000E-1,-1.787283325E-1,4.358935547E-1,1.004980133E1,1.006083763E1
2.824500000E-1,-2.552192688E-1,5.004093933E-1,9.966724091E0,9.982541537E0
2.924810000E-1,-2.767744446E-1,5.355862427E-1,9.909842377E0,9.928163609E0
3.025120000E-1,-2.168989563E-1,5.583389282E-1,9.843979340E0,9.862186206E0
3.125440000E-1,-1.562750244E-1,5.641767883E-1,9.773925018E0,9.791441548E0
3.225750000E-1,-1.507365417E-1,5.432203674E-1,9.701176300E0,9.717542461E0
3.326060000E-1,-1.739382935E-1,4.878355408E-1,9.690099335E0,9.703930295E0
3.426380000E-1,-2.004331970E-1,4.400848389E-1,9.695338440E0,9.707390772E0
3.526690000E-1,-2.294728088E-1,4.083508301E-1,9.782906342E0,9.794113776E0
3.627010000E-1,-2.496807861E-1,3.900888062E-1,9.862540741E0,9.873409727E0
3.727320000E-1,-2.263293457E-1,3.537144470E-1,9.914033661E0,9.922923073E0
3.827630000E-1,-2.080673218E-1,3.426374817E-1,9.927805023E0,9.935894778E0
3.927950000E-1,-1.854643250E-1,3.644920349E-1,9.950707397E0,9.959107850E0
4.028260000E-1,-1.663041687E-1,3.748205566E-1,9.937235413E0,9.945692292E0
4.128580000E-1,-1.760339355E-1,4.017645264E-1,9.890382843E0,9.900104821E0
4.228890000E-1,-1.865121460E-1,4.236190796E-1,9.840386810E0,9.851266542E0
4.329200000E-1,-2.022294617E-1,4.376898193E-1,9.809401245E0,9.821243400E0
4.429520000E-1,-2.053729248E-1,4.516108704E-1,9.821376343E0,9.833898702E0
4.529830000E-1,-2.275268555E-1,4.468208313E-1,9.808203735E0,9.821012058E0
4.630150000E-1,-2.326162720E-1,4.601431274E-1,9.730814667E0,9.744464896E0
4.730460000E-1,-2.552192688E-1,4.719685364E-1,9.724976807E0,9.739767198E0
4.830770000E-1,-2.489323425E-1,4.724176025E-1,9.846823425E0,9.861291866E0
4.931090000E-1,-2.225871277E-1,4.649331665E-1,9.926906891E0,9.940281098E0
5.031400000E-1,-1.835183716E-1,4.565505981E-1,9.948312378E0,9.960473714E0
5.131720000E-1,-1.598675537E-1,4.403842163E-1,9.898166656E0,9.909248158E0
5.232030000E-1,-1.556762695E-1,4.367916870E-1,9.867630157E0,9.878519474E0
5.332340000E-1,-1.701960754E-1,4.311035156E-1,9.835297394E0,9.846212052E0
5.432660000E-1,-1.859133911E-1,4.177812195E-1,9.826465759E0,9.837099890E0
5.532970000E-1,-2.035766602E-1,4.207749939E-1,9.852212219E0,9.863294615E0
5.633290000E-1,-2.124082947E-1,4.204756165E-1,9.869576111E0,9.880812195E0
5.733600000E-1,-2.068698120E-1,4.366419983E-1,9.865983582E0,9.877807620E0
5.833910000E-1,-2.106120300E-1,4.541555786E-1,9.851763153E0,9.864474235E0
5.934230000E-1,-2.134561157E-1,4.532574463E-1,9.843530273E0,9.856271814E0
6.034540000E-1,-2.097138977E-1,4.363426208E-1,9.851014709E0,9.862903508E0
6.134860000E-1,-2.267784119E-1,4.258644104E-1,9.854756927E0,9.866560852E0
6.235170000E-1,-2.104623413E-1,4.001179504E-1,9.875713348E0,9.886055984E0
6.335480000E-1,-2.052232361E-1,3.818559265E-1,9.887838135E0,9.897336687E0
6.435800000E-1,-2.052232361E-1,3.686833191E-1,9.875563660E0,9.884573919E0
6.536110000E-1,-2.183958435E-1,3.695814514E-1,9.873318329E0,9.882646509E0
6.636420000E-1,-2.055226135E-1,3.760180664E-1,9.853709106E0,9.863022472E0
6.736740000E-1,-2.197430420E-1,3.835025024E-1,9.852810974E0,9.862719973E0
6.837050000E-1,-2.290237427E-1,4.053570557E-1,9.823322296E0,9.834349351E0
6.937370000E-1,-2.248324585E-1,4.122427368E-1,9.806856537E0,9.818091915E0
7.037680000E-1,-2.338137817E-1,4.074526978E-1,9.794881439E0,9.806140372E0
7.137990000E-1,-2.492317200E-1,4.174818420E-1,9.783954163E0,9.796028103E0
7.238310000E-1,-2.685415649E-1,4.186793518E-1,9.794731750E0,9.807353213E0
7.338620000E-1,-2.649490356E-1,4.092489624E-1,9.834998016E0,9.847074118E0
7.438940000E-1,-2.386038208E-1,4.087998962E-1,9.863139496E0,9.874490866E0
7.539250000E-1,-2.195933533E-1,4.210743713E-1,9.883946228E0,9.895348296E0
7.639560000E-1,-2.073188782E-1,4.174818420E-1,9.889484711E0,9.900463628E0
7.739887916E-1,-2.014810181E-1,4.242178345E-1,9.883946228E0,9.895097191E0
7.840197916E-1,-2.104623413E-1,4.287084961E-1,9.871671753E0,9.883217521E0
7.940517917E-1,-2.269281006E-1,4.261637878E-1,9.843230896E0,9.855065013E0
8.040827917E-1,-2.562670898E-1,4.306544495E-1,9.857451324E0,9.870181492E0
8.141137916E-1,-2.496807861E-1,4.323010254E-1,9.843829651E0,9.856480450E0
8.241457916E-1,-2.486329651E-1,4.122427368E-1,9.819580078E0,9.831374031E0
8.341767917E-1,-2.514770508E-1,4.200265503E-1,9.846673737E0,9.858835970E0
8.442087916E-1,-2.480342102E-1,4.001179504E-1,9.838889923E0,9.850145698E0
8.542397916E-1,-2.227368164E-1,3.987707520E-1,9.850116577E0,9.860701110E0
8.642707916E-1,-2.065704346E-1,3.924838257E-1,9.866881714E0,9.876845127E0
8.743027917E-1,-1.965412903E-1,3.888912964E-1,9.880952454E0,9.890555410E0
8.843337916E-1,-1.917512512E-1,3.858975220E-1,9.881700897E0,9.891091854E0
8.943657916E-1,-2.046244812E-1,3.870950317E-1,9.854906616E0,9.864628638E0
9.043967917E-1,-2.312690735E-1,3.782633972E-1,9.841734009E0,9.851715428E0
9.144277917E-1,-2.454895020E-1,3.920347595E-1,9.834099884E0,9.844972162E0
9.244597916E-1,-2.436932373E-1,3.878434753E-1,9.864486694E0,9.875115528E0
9.344907916E-1,-2.276765442E-1,4.119433594E-1,9.893376617E0,9.904566363E0
9.445227917E-1,-2.264790344E-1,4.327500916E-1,9.827962646E0,9.840092234E0
9.545537917E-1,-2.368075562E-1,4.415817261E-1,9.790241089E0,9.803055280E0
9.645847916E-1,-2.399510193E-1,4.264631653E-1,9.758956146E0,9.771216525E0
9.746167916E-1,-2.731819153E-1,4.275109863E-1,9.774074707E0,9.787233030E0
9.846477917E-1,-2.721340942E-1,3.872447205E-1,9.814640350E0,9.826046033E0
9.946797916E-1,-2.644999695E-1,3.861968994E-1,9.895322571E0,9.906387690E0
1.004710792E0,-2.405497742E-1,3.890409851E-1,9.900411987E0,9.910972435E0
1.014741792E0,-2.365081787E-1,3.888912964E-1,9.802515564E0,9.813077190E0
1.024773792E0,-2.474354553E-1,3.918850708E-1,9.816286926E0,9.827221745E0
1.034804792E0,-2.318678284E-1,4.040098572E-1,9.919871521E0,9.930802467E0
1.044835792E0,-1.896556091E-1,4.085005188E-1,1.005998016E1,1.007005674E1
1.054867792E0,-1.534309387E-1,4.161346436E-1,1.004875351E1,1.005853648E1
1.064898792E0,-1.898052979E-1,4.147874451E-1,9.795480194E0,9.806095396E0
1.074930792E0,-3.073109436E-1,4.248165894E-1,9.592053223E0,9.606372582E0
1.084961792E0,-3.595523071E-1,4.053570557E-1,9.591903534E0,9.607195512E0
1.094992792E0,-3.230282593E-1,3.872447205E-1,9.763746185E0,9.776760471E0
1.105024792E0,-2.576142883E-1,3.620970154E-1,9.961784363E0,9.971691284E0
1.115055792E0,-1.663041687E-1,3.502716064E-1,9.998009033E0,1.000552507E1
1.125087792E0,-1.348695374E-1,3.513194275E-1,9.929451599E0,9.936580105E0
1.135118792E0,-1.586700439E-1,3.703298950E-1,9.833501129E0,9.841751108E0
1.145149792E0,-2.011816406E-1,3.954776001E-1,9.820627899E0,9.830646414E0
1.155181792E0,-2.555186462E-1,4.010160828E-1,9.855355682E0,9.866820121E0
1.165212792E0,-2.811154175E-1,4.212240601E-1,9.876012726E0,9.888987964E0
1.175244792E0,-2.671943665E-1,4.614903259E-1,9.886341248E0,9.900712571E0
1.185275792E0,-2.386038208E-1,4.870870972E-1,9.859247589E0,9.874155592E0
1.195306792E0,-2.067201233E-1,4.992118835E-1,9.834399261E0,9.849231165E0
1.205338792E0,-2.145039368E-1,5.017565918E-1,9.832004242E0,9.847135575E0
1.215369792E0,-2.227368164E-1,4.433779907E-1,9.851164398E0,9.863652251E0
1.225401792E0,-2.333647156E-1,3.912863159E-1,9.859247589E0,9.869768340E0
1.235432792E0,-2.384541321E-1,3.743714905E-1,9.878407745E0,9.888374688E0
1.245463792E0,-2.710862732E-1,3.619473267E-1,9.864037628E0,9.874397803E0
1.255495792E0,-2.721340942E-1,3.499722290E-1,9.841584320E0,9.851564315E0
1.265526792E0,-2.874023438E-1,3.644920349E-1,9.832004242E0,9.842954941E0
1.275558792E0,-2.577639771E-1,3.782633972E-1,9.829309845E0,9.839962271E0
1.285589792E0,-2.550695801E-1,3.749702454E-1,9.837842102E0,9.848289212E0
1.295620792E0,-2.426454163E-1,3.923341370E-1,9.838141479E0,9.848950738E0
1.305652792E0,-2.097138977E-1,3.902384949E-1,9.819879456E0,9.829867676E0
1.315683792E0,-2.026785278E-1,4.008663940E-1,9.835297394E0,9.845549618E0
1.325715792E0,-2.085163879E-1,4.119433594E-1,9.868228912E0,9.879024156E0
1.335746792E0,-2.191442871E-1,4.245172119E-1,9.888586578E0,9.900120383E0
1.345777792E0,-2.275268555E-1,4.378395081E-1,9.822424164E0,9.834810032E0
1.355809792E0,-2.745291138E-1,4.628375244E-1,9.755662994E0,9.770493604E0
1.365840792E0,-3.023712158E-1,4.749623108E-1,9.750573578E0,9.766816403E0
1.375872792E0,-2.866539001E-1,4.625381470E-1,9.798024902E0,9.813124068E0
1.385903792E0,-2.080673218E-1,4.531077576E-1,9.871372375E0,9.883956254E0
1.395934792E0,-1.618135071E-1,4.433779907E-1,9.892628174E0,9.903881049E0
1.405966792E0,-1.706451416E-1,4.363426208E-1,9.806407471E0,9.817593500E0
1.415997792E0,-2.109114075E-1,4.252656555E-1,9.730066223E0,9.741638630E0
1.426028792E0,-2.474354553E-1,4.352947998E-1,9.697883148E0,9.710800349E0
1.436060792E0,-2.676434326E-1,4.236190796E-1,9.764644318E0,9.777492766E0
1.446091792E0,-2.671943665E-1,4.201762390E-1,9.861792297E0,9.874355079E0
1.456123792E0,-2.511776733E-1,4.257147217E-1,9.951156464E0,9.963425024E0
1.466154792E0,-2.516267395E-1,4.345463562E-1,9.995164948E0,1.000777043E1
1.476185792E0,-2.423460388E-1,4.357438660E-1,9.923913116E0,9.936430741E0
1.486217792E0,-2.537223816E-1,4.092489624E-1,9.885892181E0,9.897612034E0
1.496248792E0,-2.454895020E-1,3.827540588E-1,9.906249847E0,9.916680483E0
1.506280792E0,-2.246827698E-1,3.411405945E-1,9.919871521E0,9.928278312E0
1.516311792E0,-2.285746765E-1,3.347039795E-1,9.927206268E0,9.935476709E0
1.526342792E0,-2.168989563E-1,3.150947571E-1,9.904154205E0,9.911538750E0
1.536374792E0,-2.359094238E-1,3.195854187E-1,9.872120819E0,9.880109188E0
1.546405792E0,-2.465373230E-1,3.379971313E-1,9.840386810E0,9.849275876E0
1.556437792E0,-2.414479065E-1,3.490740967E-1,9.814191284E0,9.823365023E0
1.566468792E0,-2.520758057E-1,3.378474426E-1,9.793833618E0,9.802900594E0
1.576499792E0,-2.676434326E-1,3.611988831E-1,9.782457275E0,9.792781422E0
1.586531792E0,-2.751278687E-1,3.577560425E-1,9.776469727E0,9.786881273E0
1.596562792E0,-2.639012146E-1,3.659889221E-1,9.817634125E0,9.827997332E0
1.606594792E0,-2.607577515E-1,3.757186890E-1,9.838440857E0,9.849064810E0
1.616625792E0,-2.653981018E-1,4.059558105E-1,9.893975372E0,9.905856093E0
1.626656792E0,-2.833607483E-1,4.068539429E-1,9.920470276E0,9.932852256E0
1.636688792E0,-2.736309814E-1,4.170327759E-1,9.917626190E0,9.930161101E0
1.646719792E0,-2.745291138E-1,4.043092346E-1,9.895472260E0,9.907532661E0
1.656751792E0,-3.025209045E-1,4.183799744E-1,9.882449341E0,9.895926721E0
1.666782792E0,-2.848576355E-1,4.004173279E-1,9.867929535E0,9.880157449E0
1.676813792E0,-2.863545227E-1,3.983216858E-1,9.853110352E0,9.865315133E0
1.686845792E0,-2.848576355E-1,3.728746033E-1,9.855205994E0,9.866370382E0
1.696876792E0,-2.878514099E-1,3.659889221E-1,9.818232880E0,9.829267684E0
1.706908792E0,-2.800675964E-1,3.522175598E-1,9.842183075E0,9.852464806E0
1.716939792E0,-2.766247559E-1,3.290158081E-1,9.835297394E0,9.844686256E0
1.726970792E0,-2.541714478E-1,3.129991150E-1,9.843829651E0,9.852083727E0
1.737002792E0,-2.649490356E-1,3.107537842E-1,9.859846344E0,9.868299541E0
1.747033792E0,-2.556683350E-1,2.918930054E-1,9.881850586E0,9.889466054E0
1.757065792E0,-2.697390747E-1,2.962339783E-1,9.880503387E0,9.888622802E0
1.767096792E0,-2.592608643E-1,2.971321106E-1,9.910890198E0,9.918732187E0
1.777126500E0,-2.624043274E-1,2.897973633E-1,9.924511871E0,9.932208940E0
1.787158500E0,-2.764750671E-1,2.897973633E-1,9.909393311E0,9.917484397E0
1.797189500E0,-2.772235107E-1,3.147953796E-1,9.876461792E0,9.885365271E0
1.807221500E0,-2.649490356E-1,3.354524231E-1,9.840985565E0,9.850265134E0
1.817252500E0,-2.444416809E-1,3.451821899E-1,9.831704865E0,9.840798902E0
1.827283500E0,-2.426454163E-1,3.442840576E-1,9.813143463E0,9.822178625E0
1.837315500E0,-2.365081787E-1,3.595523071E-1,9.821975098E0,9.831399127E0
1.847346500E0,-2.406994629E-1,3.597019958E-1,9.817933502E0,9.827468647E0
1.857377500E0,-2.677931213E-1,3.579057312E-1,9.813293152E0,9.823468438E0
1.867409500E0,-2.600093079E-1,3.707789612E-1,9.833201752E0,9.843624260E0
1.877440500E0,-2.606080627E-1,3.743714905E-1,9.877210236E0,9.887737487E0
1.887472500E0,-2.733316040E-1,3.881428528E-1,9.856253815E0,9.867679783E0
1.897503500E0,-2.604583740E-1,4.040098572E-1,9.853110352E0,9.864828743E0
1.907534500E0,-2.496807861E-1,4.230203247E-1,9.814939728E0,9.827223848E0
1.917566500E0,-2.363584900E-1,4.192781067E-1,9.821975098E0,9.833760943E0
1.927597500E0,-2.363584900E-1,3.915856934E-1,9.820178833E0,9.830824838E0
1.937629500E0,-2.408491516E-1,3.677851868E-1,9.837093658E0,9.846912506E0
1.947660500E0,-2.436932373E-1,3.388952637E-1,9.850565643E0,9.859405656E0
1.957691500E0,-2.552192688E-1,3.336561584E-1,9.859846344E0,9.868790870E0
1.967723500E0,-2.610571289E-1,3.173400879E-1,9.833052063E0,9.841634439E0
1.977754500E0,-2.636018372E-1,3.338058472E-1,9.794132996E0,9.803364392E0
1.987786500E0,-2.591111755E-1,3.293151855E-1,9.813442841E0,9.822385020E0
1.997817500E0,-2.453398132E-1,3.335064697E-1,9.802066498E0,9.810806583E0
2.007848500E0,-2.157014465E-1,3.165916443E-1,9.907746735E0,9.915150162E0
2.017880500E0,-1.695973206E-1,2.941383362E-1,1.002540207E1,1.003114985E1
2.027911500E0,-1.685494995E-1,2.972817993E-1,9.888137512E0,9.894041078E0
2.037943500E0,-2.567161560E-1,2.960842896E-1,9.747729492E0,9.755603484E0
2.047974500E0,-3.121009827E-1,3.052153015E-1,9.748777313E0,9.758546127E0
2.058005500E0,-2.815644836E-1,3.224295044E-1,9.793384552E0,9.802735349E0
2.068037500E0,-2.683918762E-1,3.266207886E-1,9.875114594E0,9.884159224E0
2.078068500E0,-2.160008240E-1,3.224295044E-1,9.891430664E0,9.899041253E0
2.088100500E0,-1.743873596E-1,3.493734741E-1,9.824220428E0,9.831977411E0
2.098131500E0,-1.971400452E-1,3.890409851E-1,9.802515564E0,9.812213230E0
2.108162500E0,-2.137554932E-1,4.170327759E-1,9.817783813E0,9.828961632E0
2.118194500E0,-2.543211365E-1,4.553530884E-1,9.863588562E0,9.877368323E0
2.128225500E0,-2.624043274E-1,4.514611816E-1,9.876761169E0,9.890555314E0
2.138257500E0,-2.689906311E-1,4.487667847E-1,9.865833893E0,9.879697667E0
2.148288500E0,-2.332150269E-1,4.331991577E-1,9.858050079E0,9.870319251E0
2.158319500E0,-2.207908630E-1,3.989204407E-1,9.882599030E0,9.893111225E0
2.168351500E0,-1.892065430E-1,3.685336304E-1,9.913734283E0,9.922385983E0
2.178382500E0,-1.860630798E-1,3.173400879E-1,9.911788330E0,9.918612408E0
2.188413500E0,-2.100132751E-1,3.035687256E-1,9.908644867E0,9.915518274E0
2.198445500E0,-2.207908630E-1,2.944377136E-1,9.868677979E0,9.875537819E0
2.208476500E0,-2.468367004E-1,3.073109436E-1,9.827812958E0,9.835714306E0
2.218508500E0,-2.760260010E-1,3.128494263E-1,9.769883423E0,9.778787615E0
2.228539500E0,-2.668949890E-1,3.251239014E-1,9.763147430E0,9.772204779E0
2.238570500E0,-2.610571289E-1,3.272195435E-1,9.768536224E0,9.777500878E0
2.248602500E0,-2.389031982E-1,3.137475586E-1,9.797426147E0,9.805359319E0
2.258633500E0,-1.977388000E-1,3.110531616E-1,9.823921051E0,9.830833104E0
2.268665500E0,-2.007325745E-1,3.150947571E-1,9.857601013E0,9.864678201E0
2.278696500E0,-1.945953369E-1,3.124003601E-1,9.905501404E0,9.912336727E0
2.288727500E0,-1.962419128E-1,3.285667419E-1,9.895621948E0,9.903019779E0
2.298759500E0,-2.224374390E-1,3.513194275E-1,9.858199768E0,9.866965411E0
2.308790500E0,-2.540217590E-1,3.939807129E-1,9.848170624E0,9.859321097E0
2.318822500E0,-2.612068176E-1,3.944297791E-1,9.856403503E0,9.867750193E0
2.328853500E0,-2.297721863E-1,3.778143311E-1,9.861343231E0,9.871252669E0
2.338884500E0,-2.092648315E-1,3.628454590E-1,9.817484436E0,9.826415890E0
2.348916500E0,-1.956431580E-1,3.650907898E-1,9.798024902E0,9.806776204E0
2.358947500E0,-1.871109009E-1,3.676354980E-1,9.856702881E0,9.865331116E0
2.368979500E0,-1.948947144E-1,3.758683777E-1,9.898915100E0,9.907965540E0
2.379010500E0,-2.180964661E-1,3.775149536E-1,9.908046112E0,9.917633859E0
2.389041500E0,-2.335144043E-1,3.956272888E-1,9.884994049E0,9.895663559E0
2.399073500E0,-2.163002014E-1,3.993695068E-1,9.849667511E0,9.860133460E0
2.409104500E0,-2.085163879E-1,4.023632813E-1,9.823921051E0,9.834368313E0
2.419136500E0,-1.936972046E-1,4.019142151E-1,9.815688171E0,9.825822506E0
2.429167500E0,-1.884580994E-1,3.790118408E-1,9.836943970E0,9.846046572E0
2.439198500E0,-1.790277100E-1,3.683839417E-1,9.859397278E0,9.867901111E0
2.449230500E0,-1.827699280E-1,3.417393494E-1,9.861492920E0,9.869104987E0
2.459261500E0,-1.939965820E-1,3.200344849E-1,9.864486694E0,9.871583180E0
2.469293500E0,-2.050735474E-1,3.137475586E-1,9.852661285E0,9.859788390E0
2.479324500E0,-2.237846375E-1,3.047662354E-1,9.834548950E0,9.841814623E0
2.489355500E0,-2.360591125E-1,2.945874023E-1,9.810149689E0,9.817410176E0
2.499387500E0,-2.353106689E-1,2.978805542E-1,9.809251556E0,9.816594116E0
2.509418500E0,-2.329156494E-1,3.043171692E-1,9.816885681E0,9.824362733E0
2.519450500E0,-2.106120300E-1,3.135978699E-1,9.833201752E0,9.840455159E0
2.529481500E0,-2.067201233E-1,2.983296204E-1,9.839338989E0,9.846030952E0
2.539512500E0,-1.996847534E-1,3.180885315E-1,9.847871246E0,9.855030309E0
2.549544500E0,-2.168989563E-1,3.174897766E-1,9.842332764E0,9.849840565E0
2.559575500E0,-2.251318359E-1,3.168910217E-1,9.827513580E0,9.835198393E0
2.569607500E0,-2.354603577E-1,3.119512939E-1,9.824370117E0,9.832141343E0
2.579638500E0,-2.465373230E-1,3.396437073E-1,9.848919067E0,9.857857034E0
2.589669500E0,-2.282752991E-1,3.409909058E-1,9.877808990E0,9.886328685E0
2.599701500E0,-2.154020691E-1,3.703298950E-1,9.866732025E0,9.876028713E0
2.609732500E0,-2.212399292E-1,3.826043701E-1,9.851463776E0,9.861372710E0
2.619764500E0,-1.989363098E-1,3.947291565E-1,9.854607239E0,9.864515730E0
2.629795500E0,-1.919009399E-1,4.022135925E-1,9.841734009E0,9.851818616E0
2.639826500E0,-2.065704346E-1,3.947291565E-1,9.854906616E0,9.864971711E0
2.649858500E0,-2.098635864E-1,3.841012573E-1,9.846524048E0,9.856247375E0
2.659889500E0,-2.185455322E-1,3.504212952E-1,9.824819183E0,9.833495270E0
2.669920500E0,-2.230361938E-1,3.317102051E-1,9.850266266E0,9.858373208E0
2.679952500E0,-2.257305908E-1,3.288661194E-1,9.869576111E0,9.877633311E0
2.689983500E0,-1.983375549E-1,3.266207886E-1,9.856253815E0,9.863658458E0
2.700015500E0,-2.031275940E-1,3.091072083E-1,9.846524048E0,9.853468623E0
2.710046500E0,-2.023791504E-1,3.246748352E-1,9.839788055E0,9.847222961E0
2.720077500E0,-2.010319519E-1,3.369493103E-1,9.849218445E0,9.857030621E0
2.730109500E0,-1.877096558E-1,3.577560425E-1,9.879305878E0,9.887563346E0
2.740140500E0,-1.832189941E-1,3.537144470E-1,9.871222687E0,9.879257079E0
2.750172500E0,-1.773811340E-1,3.712280273E-1,9.849817200E0,9.858406219E0
2.760203500E0,-1.833686829E-1,3.815565491E-1,9.832004242E0,9.841113600E0
2.770234500E0,-1.860630798E-1,3.683839417E-1,9.816885681E0,9.825557016E0
2.780266667E0,-2.025288391E-1,3.659889221E-1,9.821526031E0,9.830429259E0
2.790297667E0,-2.065704346E-1,3.620970154E-1,9.833950195E0,9.842782230E0
2.800329667E0,-2.350112915E-1,3.264710999E-1,9.855505371E0,9.863711259E0
2.810360667E0,-2.432441711E-1,3.290158081E-1,9.859846344E0,9.868332638E0
2.820391667E0,-2.351609802E-1,3.288661194E-1,9.854457550E0,9.862747448E0
2.830423667E0,-2.203417969E-1,3.288661194E-1,9.843530273E0,9.851486775E0
2.840454667E0,-2.017803955E-1,3.463796997E-1,9.837842102E0,9.846005863E0
2.850486667E0,-1.835183716E-1,3.354524231E-1,9.835596771E0,9.843026525E0
2.860517667E0,-1.561253357E-1,3.134481812E-1,9.954150238E0,9.960307819E0
2.870548667E0,-1.212478638E-1,3.064128113E-1,9.974956970E0,9.980398610E0
2.880580667E0,-1.676513672E-1,3.118016052E-1,9.803264008E0,9.809654042E0
2.890611667E0,-2.417472839E-1,3.019221497E-1,9.715696106E0,9.723391875E0
2.900643667E0,-2.790197754E-1,3.001258850E-1,9.767488403E0,9.776080876E0
2.910674667E0,-2.647993469E-1,3.037184143E-1,9.833052063E0,9.841304611E0
2.920705667E0,-2.430944824E-1,3.043171692E-1,9.896220703E0,9.903882475E0
2.930737667E0,-2.082170105E-1,3.125500488E-1,9.887538757E0,9.894668490E0
2.940768667E0,-1.752854919E-1,3.496728516E-1,9.813143463E0,9.820935838E0
2.950800667E0,-1.751358032E-1,3.659889221E-1,9.795929260E0,9.804328152E0
2.960831667E0,-2.041754150E-1,4.064048767E-1,9.810748444E0,9.821284923E0
2.970862667E0,-2.243833923E-1,4.195774841E-1,9.819580078E0,9.831100960E0
2.980894667E0,-2.197430420E-1,4.342469788E-1,9.837991791E0,9.850022331E0
2.990925667E0,-2.026785278E-1,4.334985352E-1,9.854158173E0,9.865770768E0
3.000956667E0,-1.790277100E-1,4.162843323E-1,9.846673737E0,9.857095274E0
3.010988667E0,-1.905537415E-1,3.906875610E-1,9.878258057E0,9.887817238E0
3.021019667E0,-2.173480225E-1,3.481759644E-1,9.901609497E0,9.910112880E0
3.031051667E0,-2.130070496E-1,3.037184143E-1,9.924362183E0,9.931293048E0
3.041082667E0,-2.062710571E-1,2.977308655E-1,9.902208252E0,9.908830389E0
3.051113667E0,-2.104623413E-1,3.046165466E-1,9.887089691E0,9.894019820E0
3.061145667E0,-2.080673218E-1,3.260220337E-1,9.851314087E0,9.858903165E0
3.071176667E0,-2.076182556E-1,3.213816833E-1,9.814041595E0,9.821497033E0
3.081208667E0,-2.064207458E-1,3.284170532E-1,9.784253540E0,9.791939778E0
3.091239667E0,-1.984872437E-1,3.109034729E-1,9.767189026E0,9.774151606E0
3.101270667E0,-1.989363098E-1,3.121009827E-1,9.746981049E0,9.754005446E0
3.111302667E0,-1.875599670E-1,2.962339783E-1,9.779912567E0,9.786195539E0
3.121333667E0,-1.960922241E-1,2.712359619E-1,9.843081207E0,9.848769911E0
3.131365667E0,-2.065704346E-1,2.875520325E-1,9.890682220E0,9.897017344E0
3.141396667E0,-2.133064270E-1,3.243754578E-1,9.924811249E0,9.932401391E0
3.151427667E0,-2.293231201E-1,3.603007507E-1,9.880952454E0,9.890178316E0
3.161459667E0,-2.333647156E-1,4.073030090E-1,9.848919067E0,9.860099474E0
3.171490667E0,-2.329156494E-1,4.314028931E-1,9.818232880E0,9.830465657E0
3.181522667E0,-2.285746765E-1,4.272116089E-1,9.801018677E0,9.812987478E0
3.191553667E0,-1.832189941E-1,4.227209473E-1,9.757309570E0,9.768180601E0
3.201584667E0,-1.844165039E-1,3.929328918E-1,9.785750427E0,9.795372230E0
3.211616667E0,-1.818717957E-1,3.616479492E-1,9.870474243E0,9.878771602E0
3.221647667E0,-1.681004333E-1,3.353027344E-1,9.918674011E0,9.925763438E0
3.231679667E0,-2.082170105E-1,3.477268982E-1,9.947114868E0,9.955368528E0
3.241710667E0,-2.276765442E-1,3.673361206E-1,9.940528564E0,9.949918622E0
3.251741667E0,-2.056723022E-1,3.736230469E-1,9.925559692E0,9.934718440E0
3.261773667E0,-1.939965820E-1,3.817062378E-1,9.887389069E0,9.896655845E0
3.271804667E0,-1.764830017E-1,3.799099731E-1,9.866732025E0,9.875620421E0
3.281836667E0,-1.779798889E-1,3.885919189E-1,9.855954437E0,9.865217605E0
3.291867667E0,-1.883084106E-1,3.806584167E-1,9.851164398E0,9.860314442E0
3.301898667E0,-2.046244812E-1,3.653901672E-1,9.865534515E0,9.874419093E0
3.311930667E0,-2.173480225E-1,3.571572876E-1,9.865384827E0,9.874240187E0
3.321961667E0,-2.264790344E-1,3.537144470E-1,9.875563660E0,9.884491098E0
3.331993667E0,-2.344125366E-1,3.252735901E-1,9.842482452E0,9.850645307E0
3.342024667E0,-2.359094238E-1,3.177891541E-1,9.823921051E0,9.831890358E0
3.352055667E0,-2.478845215E-1,3.026705933E-1,9.789941711E0,9.797755607E0
3.362087667E0,-2.294728088E-1,2.817141724E-1,9.815987549E0,9.822710023E0
3.372118667E0,-2.264790344E-1,2.797682190E-1,9.830357666E0,9.836945402E0
3.382150667E0,-2.149530029E-1,2.832110596E-1,9.820627899E0,9.827061902E0
3.392181667E0,-2.035766602E-1,2.974314880E-1,9.821675720E0,9.828286875E0
3.402212667E0,-2.041754150E-1,3.198847961E-1,9.825417938E0,9.832743846E0
3.412244667E0,-2.071691895E-1,3.249742126E-1,9.849817200E0,9.857353914E0
3.422275667E0,-2.165995789E-1,3.333567810E-1,9.860445099E0,9.868455789E0
3.432306667E0,-2.206411743E-1,3.659889221E-1,9.865983582E0,9.875234805E0
3.442338667E0,-2.197430420E-1,3.788621521E-1,9.857301636E0,9.867026861E0
3.452369667E0,-2.161505127E-1,3.803590393E-1,9.868977356E0,9.878669348E0
3.462401667E0,-2.213896179E-1,4.008663940E-1,9.864337006E0,9.874960850E0
3.472432667E0,-2.369572449E-1,4.064048767E-1,9.884994049E0,9.896182143E0
3.482463667E0,-2.281256104E-1,3.766168213E-1,9.904004517E0,9.913787722E0
3.492495667E0,-2.103126526E-1,3.697311401E-1,9.939929810E0,9.949026945E0
3.502526667E0,-2.083666992E-1,3.658392334E-1,9.928703156E0,9.937625540E0
3.512558667E0,-1.956431580E-1,3.601510620E-1,9.923913116E0,9.932373159E0
3.522589667E0,-2.011816406E-1,3.490740967E-1,9.912536774E0,9.920721348E0
3.532620667E0,-2.080673218E-1,3.537144470E-1,9.881850586E0,9.890367886E0
3.542652667E0,-2.207908630E-1,3.514691162E-1,9.909243622E0,9.917932663E0
3.552683667E0,-2.097138977E-1,3.498225403E-1,9.910740509E0,9.919129658E0
3.562715667E0,-2.017803955E-1,3.637435913E-1,9.894274750E0,9.903014569E0
3.572746667E0,-1.971400452E-1,3.716770935E-1,9.849218445E0,9.858200243E0
3.582777667E0,-2.086660767E-1,3.778143311E-1,9.784852295E0,9.794366730E0
3.592809667E0,-2.011816406E-1,3.748205566E-1,9.765243073E0,9.774504426E0
3.602840667E0,-2.204914856E-1,3.489244080E-1,9.761650543E0,9.770372872E0
3.612872667E0,-2.341131592E-1,3.444337463E-1,9.753866730E0,9.762753698E0
3.622903667E0,-2.513273621E-1,3.357518005E-1,9.756860504E0,9.765870243E0
3.632934667E0,-2.633024597E-1,3.365002441E-1,9.730365601E0,9.739742056E0
3.642966667E0,-2.510279846E-1,3.219804382E-1,9.702523499E0,9.711109550E0
3.652997667E0,-2.454895020E-1,3.182382202E-1,9.784403229E0,9.792654758E0
3.663029667E0,-1.863624573E-1,3.348536682E-1,9.951156464E0,9.958532668E0
3.673060667E0,-1.318757629E-1,3.481759644E-1,9.968969421E0,9.975919459E0
3.683091667E0,-1.669029236E-1,3.797602844E-1,9.801168365E0,9.809942701E0
3.693123667E0,-2.203417969E-1,4.068539429E-1,9.650880890E0,9.661965773E0
3.703154667E0,-2.887495422E-1,4.227209473E-1,9.576036530E0,9.589710366E0
3.713186667E0,-3.110531616E-1,4.152365112E-1,9.676477661E0,9.690376430E0
3.723217667E0,-2.637515259E-1,3.848497009E-1,9.856852570E0,9.867888160E0
3.733248667E0,-1.782792664E-1,3.451821899E-1,9.946815491E0,9.954399663E0
3.743280667E0,-1.130149841E-1,3.490740967E-1,9.945917358E0,9.952682915E0
3.753311667E0,-9.310638428E-2,3.595523071E-1,9.873468018E0,9.880451273E0
3.763342667E0,-1.306782532E-1,3.830534363E-1,9.807754669E0,9.816101996E0
3.773374667E0,-2.065704346E-1,3.903881836E-1,9.813293152E0,9.823227411E0
3.783405917E0,-2.490820312E-1,3.890409851E-1,9.862989807E0,9.873801835E0
3.793437917E0,-2.525248718E-1,4.031117249E-1,9.885143738E0,9.896581965E0
3.803468917E0,-2.065704346E-1,4.475692749E-1,9.870174866E0,9.882476485E0
3.813499917E0,-1.781295776E-1,4.860392761E-1,9.842931519E0,9.856534137E0
3.823531917E0,-1.389111328E-1,4.965174866E-1,9.840835876E0,9.854332888E0
3.833562917E0,-1.160087585E-1,4.821473694E-1,9.833800507E0,9.846296589E0
3.843594917E0,-1.378633118E-1,4.447251892E-1,9.861792297E0,9.872777426E0
3.853625917E0,-1.556762695E-1,4.089495850E-1,9.850865021E0,9.860578914E0
3.863656917E0,-1.838177490E-1,3.956272888E-1,9.855355682E0,9.865006110E0
3.873688917E0,-1.974394226E-1,3.990701294E-1,9.873468018E0,9.883501909E0
3.883719917E0,-2.200424194E-1,3.954776001E-1,9.871222687E0,9.881591903E0
3.893751917E0,-2.415975952E-1,3.948788452E-1,9.891430664E0,9.902257282E0
3.903782917E0,-2.165995789E-1,4.001179504E-1,9.871372375E0,9.881852171E0
3.913813917E0,-2.083666992E-1,4.209246826E-1,9.851763153E0,9.862952473E0
3.923845917E0,-1.957928467E-1,4.351451111E-1,9.830806732E0,9.842380155E0
3.933876917E0,-2.014810181E-1,4.390370178E-1,9.830507355E0,9.842368767E0
3.943908917E0,-1.966909790E-1,4.441264343E-1,9.826914825E0,9.838912065E0
3.953939917E0,-2.149530029E-1,4.393363953E-1,9.858050079E0,9.870175917E0
3.963970917E0,-2.233355713E-1,4.255650330E-1,9.843230896E0,9.854957070E0
3.974002917E0,-2.409988403E-1,4.119433594E-1,9.792187042E0,9.803810731E0
3.984033917E0,-2.607577515E-1,4.273612976E-1,9.811197510E0,9.823961974E0
3.994065917E0,-2.688409424E-1,4.340972900E-1,9.795629883E0,9.808928622E0
4.004096917E0,-2.477348328E-1,4.092489624E-1,9.796827393E0,9.808500610E0
4.014127917E0,-1.913021851E-1,3.986210632E-1,9.820478210E0,9.830426621E0
4.024159917E0,-1.663041687E-1,3.924838257E-1,9.852960663E0,9.862176963E0
4.034190917E0,-1.371148682E-1,4.005670166E-1,9.855505371E0,9.864595306E0
4.044222917E0,-1.401086426E-1,4.013154602E-1,9.821675720E0,9.830869671E0
4.054253917E0,-1.733395386E-1,4.026626587E-1,9.828860779E0,9.838632426E0
4.064284917E0,-2.040257263E-1,3.927832031E-1,9.868827667E0,9.878748133E0
4.074316917E0,-2.326162720E-1,3.963757324E-1,9.896819458E0,9.907485021E0
4.084347917E0,-2.412982178E-1,4.137396240E-1,9.901459808E0,9.913037458E0
4.094379917E0,-2.201921082E-1,4.270619202E-1,9.880653076E0,9.892328930E0
4.104410917E0,-2.163002014E-1,4.507127380E-1,9.861193542E0,9.873857698E0
4.114441917E0,-1.923500061E-1,4.534071350E-1,9.859397278E0,9.871691407E0
4.124473917E0,-1.733395386E-1,4.561015320E-1,9.871072998E0,9.883124877E0
4.134504917E0,-1.736389160E-1,4.444258118E-1,9.897268524E0,9.908763243E0
4.144536917E0,-1.779798889E-1,4.349954224E-1,9.883197784E0,9.894366898E0
4.154567917E0,-1.868115234E-1,4.215234375E-1,9.862989807E0,9.873760605E0
4.164598917E0,-2.143542480E-1,4.059558105E-1,9.853709106E0,9.864397144E0
4.174630917E0,-2.143542480E-1,4.116439819E-1,9.842931519E0,9.853867230E0
4.184661917E0,-2.216889954E-1,3.936813354E-1,9.841434631E0,9.851800171E0
4.194692917E0,-2.160008240E-1,3.911366272E-1,9.828561401E0,9.838712489E0
4.204724917E0,-2.215393066E-1,3.926335144E-1,9.820627899E0,9.830970098E0
4.214755917E0,-2.257305908E-1,4.016148376E-1,9.815987549E0,9.826792983E0
4.224787917E0,-2.151026917E-1,4.043092346E-1,9.797126770E0,9.807824839E0
4.234818917E0,-2.086660767E-1,4.102967834E-1,9.834848328E0,9.845614588E0
4.244849917E0,-2.294728088E-1,4.089495850E-1,9.855655060E0,9.866804660E0
4.254881917E0,-2.254312134E-1,4.086502075E-1,9.858199768E0,9.869240948E0
4.264912917E0,-2.321672058E-1,4.146377563E-1,9.858648834E0,9.870095385E0
4.274944917E0,-2.239343262E-1,4.179309082E-1,9.844578094E0,9.855989584E0
4.284975917E0,-2.451901245E-1,4.073030090E-1,9.856104126E0,9.867563148E0
4.295006917E0,-2.384541321E-1,4.165837097E-1,9.860445099E0,9.872121348E0
4.305038917E0,-2.335144043E-1,4.227209473E-1,9.879904633E0,9.891700436E0
4.315069917E0,-2.285746765E-1,4.293072510E-1,9.863139496E0,9.875123888E0
4.325101917E0,-2.314187622E-1,4.182302856E-1,9.841135254E0,9.852736386E0
4.335132917E0,-2.245330811E-1,4.173321533E-1,9.841584320E0,9.852987525E0
4.345163917E0,-2.092648315E-1,4.149371338E-1,9.856104126E0,9.867053924E0
4.355195917E0,-2.016307068E-1,4.083508301E-1,9.871372375E0,9.881872187E0
4.365226917E0,-2.095642090E-1,4.131408691E-1,9.856553192E0,9.867433474E0
4.375258917E0,-2.339634705E-1,4.071533203E-1,9.843829651E0,9.855023842E0
4.385289917E0,-2.314187622E-1,4.113446045E-1,9.860145721E0,9.871435188E0
4.395320917E0,-2.320175171E-1,4.159849548E-1,9.877060547E0,9.888538854E0
4.405352917E0,-2.212399292E-1,4.266128540E-1,9.890083466E0,9.901752198E0
4.415383917E0,-2.098635864E-1,4.456233215E-1,9.845476227E0,9.857790067E0
4.425415917E0,-2.091151428E-1,4.378395081E-1,9.802814941E0,9.814816012E0
4.435446917E0,-2.085163879E-1,4.411326599E-1,9.774972839E0,9.787143154E0
4.445477917E0,-2.351609802E-1,4.381388855E-1,9.775721283E0,9.788360076E0
4.455509917E0,-2.372566223E-1,4.147874451E-1,9.820927277E0,9.832545545E0
4.465540917E0,-2.314187622E-1,4.008663940E-1,9.871671753E0,9.882517478E0
4.475572917E0,-2.306703186E-1,4.061054993E-1,9.853858795E0,9.864920863E0
4.485603917E0,-2.451901245E-1,4.182302856E-1,9.759704590E0,9.771738251E0
4.495634917E0,-2.351609802E-1,4.049079895E-1,9.804461517E0,9.815636343E0
4.505666917E0,-1.883084106E-1,4.004173279E-1,9.940079498E0,9.949923343E0
4.515697917E0,-1.502874756E-1,4.019142151E-1,1.007464966E1,1.008378337E1
4.525728917E0,-1.535806274E-1,4.105961609E-1,9.983189850E0,9.992810205E0
4.535760917E0,-2.161505127E-1,4.293072510E-1,9.765841827E0,9.777662929E0
4.545791917E0,-2.848576355E-1,4.345463562E-1,9.626930695E0,9.640942330E0
4.555823917E0,-3.049159241E-1,4.174818420E-1,9.679172058E0,9.692968407E0
4.565854917E0,-2.619552612E-1,3.893403625E-1,9.831854553E0,9.843046806E0
4.575885917E0,-2.061213684E-1,3.751199341E-1,9.970017242E0,9.979200609E0
4.585917917E0,-1.565744019E-1,3.806584167E-1,9.968969421E0,9.977462989E0
4.595948917E0,-1.463955688E-1,4.047583008E-1,9.883497162E0,9.892864959E0
4.605980917E0,-1.799258423E-1,4.320016479E-1,9.793683929E0,9.804858165E0
4.616011917E0,-2.234852600E-1,4.505630493E-1,9.782606964E0,9.795527129E0
4.626042917E0,-2.719844055E-1,4.541555786E-1,9.814790039E0,9.829055718E0
4.636074917E0,-2.754272461E-1,4.760101318E-1,9.850865021E0,9.866204309E0
4.646105917E0,-2.423460388E-1,5.005590820E-1,9.872420197E0,9.888072185E0
4.656137917E0,-1.963916016E-1,5.278024292E-1,9.871671753E0,9.887722097E0
4.666168917E0,-1.854643250E-1,5.269042969E-1,9.863438873E0,9.879243471E0
4.676199917E0,-1.667532349E-1,5.206173706E-1,9.877060547E0,9.892177421E0
4.686231917E0,-2.052232361E-1,4.616400146E-1,9.871821442E0,9.884740090E0
4.696262917E0,-2.282752991E-1,4.212240601E-1,9.854756927E0,9.866396172E0
4.706294917E0,-2.495310974E-1,4.058061218E-1,9.848619690E0,9.860134592E0
4.716325917E0,-2.637515259E-1,3.968247986E-1,9.837991791E0,9.849523707E0
4.726356917E0,-2.689906311E-1,3.802093506E-1,9.811796265E0,9.822843837E0
4.736388917E0,-2.639012146E-1,3.662882996E-1,9.836794281E0,9.847148455E0
4.746419917E0,-2.447410583E-1,3.707789612E-1,9.839039612E0,9.849064712E0
4.756451917E0,-2.106120300E-1,3.830534363E-1,9.820627899E0,9.830351962E0
4.766482917E0,-1.987866211E-1,3.833528137E-1,9.840835876E0,9.850305896E0
4.776513167E0,-1.923500061E-1,3.906875610E-1,9.843679962E0,9.853307591E0
4.786545167E0,-1.978884888E-1,4.028123474E-1,9.850865021E0,9.861083069E0
4.796576167E0,-2.050735474E-1,4.213737488E-1,9.881551208E0,9.892657140E0
4.806608167E0,-2.100132751E-1,4.266128540E-1,9.890083466E0,9.901507716E0
4.816639167E0,-2.261796570E-1,4.360432434E-1,9.815688171E0,9.827971572E0
4.826670167E0,-2.484832764E-1,4.411326599E-1,9.758058014E0,9.771184072E0
4.836702167E0,-2.832110596E-1,4.628375244E-1,9.763147430E0,9.778214296E0
4.846733167E0,-2.658471680E-1,4.751119995E-1,9.837093658E0,9.852147876E0
4.856765167E0,-2.035766602E-1,4.644841003E-1,9.905800781E0,9.918774020E0
4.866796167E0,-1.520837402E-1,4.441264343E-1,9.926308136E0,9.937402627E0
4.876827167E0,-1.556762695E-1,4.432283020E-1,9.869127045E0,9.880301364E0
4.886859167E0,-1.910028076E-1,4.191284180E-1,9.811496887E0,9.822302269E0
4.896890167E0,-2.068698120E-1,4.267625427E-1,9.818831635E0,9.830278534E0
4.906922167E0,-2.411485291E-1,4.153862000E-1,9.853409729E0,9.865109305E0
4.916953167E0,-2.543211365E-1,4.155358887E-1,9.884245605E0,9.896244768E0
4.926984167E0,-2.573149109E-1,4.255650330E-1,9.905351715E0,9.917827845E0
4.937016167E0,-2.459385681E-1,4.483177185E-1,9.884095917E0,9.897314113E0
4.947047167E0,-2.293231201E-1,4.619393921E-1,9.851014709E0,9.864505457E0
4.957079167E0,-2.192939758E-1,4.595443726E-1,9.827363892E0,9.840546323E0
4.967110167E0,-2.242337036E-1,4.516108704E-1,9.841584320E0,9.854492126E0
4.977141167E0,-2.185455322E-1,4.357438660E-1,9.860594788E0,9.872637157E0
4.987173167E0,-2.222877502E-1,4.185296631E-1,9.869725800E0,9.881096411E0
4.997204167E0,-2.308200073E-1,3.930825806E-1,9.831555176E0,9.842117098E0
5.007235167E0,-2.303709412E-1,3.867956543E-1,9.831854553E0,9.842156553E0
5.017267167E0,-2.347119141E-1,3.796105957E-1,9.838291168E0,9.848409364E0
5.027298167E0,-2.333647156E-1,3.754193115E-1,9.834698639E0,9.844627777E0
5.037330167E0,-2.362088013E-1,3.888912964E-1,9.823621674E0,9.834153437E0
5.047361167E0,-2.383044434E-1,3.848497009E-1,9.806557159E0,9.816998606E0
5.057392167E0,-2.435435486E-1,3.933819580E-1,9.785301361E0,9.796233233E0
5.067424167E0,-2.453398132E-1,3.885919189E-1,9.804461517E0,9.815225975E0
5.077455167E0,-2.377056885E-1,3.854484558E-1,9.831704865E0,9.842128583E0
5.087487167E0,-2.255809021E-1,3.960763550E-1,9.851463776E0,9.862002928E0
5.097518167E0,-2.242337036E-1,4.162843323E-1,9.878407745E0,9.889717538E0
5.107549167E0,-2.071691895E-1,4.264631653E-1,9.880802765E0,9.892171308E0
5.117581167E0,-2.182461548E-1,4.254153442E-1,9.868079224E0,9.879655721E0
5.127612167E0,-2.284249878E-1,4.312532043E-1,9.867480469E0,9.879540885E0
5.137644167E0,-2.378553772E-1,4.438270569E-1,9.842482452E0,9.855354812E0
5.147675167E0,-2.451901245E-1,4.480183411E-1,9.833800507E0,9.847053927E0
5.157706167E0,-2.694396973E-1,4.436773682E-1,9.847871246E0,9.861542245E0
5.167738167E0,-2.698887634E-1,4.432283020E-1,9.815239105E0,9.828947551E0
5.177769167E0,-2.592608643E-1,4.355941772E-1,9.814790039E0,9.827871692E0
5.187801167E0,-2.625540161E-1,4.270619202E-1,9.834249573E0,9.847018897E0
5.197832167E0,-2.356100464E-1,4.243675232E-1,9.823322296E0,9.835306849E0
5.207863167E0,-2.210902405E-1,4.246669006E-1,9.821526031E0,9.833188519E0
5.217895167E0,-2.110610962E-1,4.068539429E-1,9.819580078E0,9.830271096E0
5.227926167E0,-2.163002014E-1,3.977229309E-1,9.827363892E0,9.837786863E0
5.237958167E0,-2.046244812E-1,4.156855774E-1,9.854158173E0,9.865044296E0
5.247989167E0,-2.134561157E-1,4.073030090E-1,9.839488678E0,9.850228256E0
5.258020167E0,-2.408491516E-1,4.087998962E-1,9.793234863E0,9.804722064E0
5.268052167E0,-2.670446777E-1,4.176315308E-1,9.801018677E0,9.813546559E0
5.278083167E0,-2.650987244E-1,4.203259277E-1,9.823921051E0,9.836481893E0
5.288115167E0,-2.513273621E-1,4.227209473E-1,9.870324554E0,9.882568758E0
5.298146167E0,-2.267784119E-1,4.363426208E-1,9.899663544E0,9.911869733E0
5.308177167E0,-2.285746765E-1,4.367916870E-1,9.886940002E0,9.899222998E0
5.318209167E0,-2.342628479E-1,4.257147217E-1,9.822274475E0,9.834286348E0
5.328240167E0,-2.490820312E-1,4.137396240E-1,9.767488403E0,9.779419821E0
5.338272167E0,-2.637515259E-1,3.761677551E-1,9.765093384E0,9.775894631E0
5.348303167E0,-2.697390747E-1,3.796105957E-1,9.828561401E0,9.839587521E0
5.358334167E0,-2.520758057E-1,3.570075989E-1,9.878407745E0,9.888070399E0
5.368366167E0,-2.558180237E-1,3.644920349E-1,9.851164398E0,9.861223925E0
5.378397167E0,-2.706372070E-1,3.939807129E-1,9.842931519E0,9.854530236E0
5.388428167E0,-2.650987244E-1,3.969744873E-1,9.877808990E0,9.889336506E0
5.398460167E0,-2.454895020E-1,4.120930481E-1,9.987530823E0,9.999042840E0
5.408491167E0,-2.173480225E-1,3.963757324E-1,1.012120285E1,1.013129316E1
5.418523167E0,-1.859133911E-1,3.866459656E-1,1.003393433E1,1.004310196E1
5.428554167E0,-2.342628479E-1,3.966751099E-1,9.811347198E0,9.822156793E0
5.438585167E0,-3.071612549E-1,3.857478333E-1,9.715995483E0,9.728500278E0
5.448617167E0,-3.192860413E-1,3.661386108E-1,9.729766846E0,9.741887083E0
5.458648167E0,-2.543211365E-1,3.387455750E-1,9.849817200E0,9.858921172E0
5.468680167E0,-2.050735474E-1,3.339555359E-1,9.942025452E0,9.949746305E0
5.478711167E0,-1.652563477E-1,3.558100891E-1,9.923464050E0,9.931215899E0
5.488742167E0,-1.736389160E-1,3.963757324E-1,9.847422180E0,9.856925879E0
5.498774167E0,-2.142045593E-1,4.311035156E-1,9.775272217E0,9.787118102E0
5.508805167E0,-2.576142883E-1,4.635859680E-1,9.757459259E0,9.771862067E0
5.518837167E0,-3.040177917E-1,4.637356567E-1,9.811047821E0,9.826705293E0
5.528868167E0,-2.891986084E-1,4.559518433E-1,9.843530273E0,9.858327250E0
5.538899167E0,-2.484832764E-1,4.409829712E-1,9.879904633E0,9.892862350E0
5.548931167E0,-2.258802795E-1,4.382885742E-1,9.888436890E0,9.900722342E0
5.558962167E0,-2.061213684E-1,4.108955383E-1,9.923014984E0,9.933657309E0
5.568994167E0,-2.046244812E-1,3.788621521E-1,9.955347748E0,9.964655362E0
5.579025167E0,-2.233355713E-1,3.390449524E-1,9.942474518E0,9.950760262E0
5.589056167E0,-2.580633545E-1,3.138972473E-1,9.921817474E0,9.930135456E0
5.599088167E0,-2.854563904E-1,2.856060791E-1,9.882149963E0,9.890396558E0
5.609119167E0,-3.092568970E-1,2.818638611E-1,9.828711090E0,9.837613977E0
5.619151167E0,-3.144960022E-1,2.794688416E-1,9.797575836E0,9.806605062E0
5.629182167E0,-2.844085693E-1,3.004252625E-1,9.747430115E0,9.756205072E0
5.639213167E0,-2.498304749E-1,3.174897766E-1,9.741592255E0,9.749965881E0
5.649245167E0,-2.412982178E-1,3.049159241E-1,9.762548676E0,9.770289412E0
5.659276167E0,-2.177970886E-1,3.225791931E-1,9.800270233E0,9.807996205E0
5.669308167E0,-2.112107849E-1,3.191363525E-1,9.820927277E0,9.828380873E0
5.679339167E0,-2.119592285E-1,3.198847961E-1,9.863438873E0,9.870900638E0
5.689370167E0,-2.281256104E-1,3.447331238E-1,9.918075256E0,9.926686205E0
5.699402167E0,-2.353106689E-1,3.565585327E-1,9.901459808E0,9.910671594E0
5.709433167E0,-2.607577515E-1,3.915856934E-1,9.851763153E0,9.862989972E0
5.719465167E0,-2.954855347E-1,4.314028931E-1,9.844578094E0,9.858455154E0
5.729496167E0,-2.975811768E-1,4.384382629E-1,9.828561401E0,9.842835053E0
5.739527167E0,-2.850073242E-1,4.290078735E-1,9.844727783E0,9.858191622E0
5.749559167E0,-2.306703186E-1,4.020639038E-1,9.894723816E0,9.905575378E0
5.759590167E0,-2.121089172E-1,3.746708679E-1,9.897717590E0,9.907077367E0
5.769622167E0,-2.133064270E-1,3.597019958E-1,9.864486694E0,9.873347097E0
5.779653917E0,-2.171983337E-1,3.704795837E-1,9.856553192E0,9.865904473E0
5.789684917E0,-2.360591125E-1,3.585044861E-1,9.875563660E0,9.884887808E0
5.799716917E0,-2.453398132E-1,3.510200500E-1,9.877060547E0,9.886340665E0
5.809747917E0,-2.618055725E-1,3.752696228E-1,9.880353699E0,9.890943264E0
5.819779917E0,-2.457888794E-1,3.679348755E-1,9.865085449E0,9.875003755E0
5.829810917E0,-2.201921082E-1,3.567082214E-1,9.842482452E0,9.851405288E0
5.839841917E0,-2.163002014E-1,3.670367432E-1,9.850865021E0,9.860073195E0
5.849873917E0,-2.306703186E-1,3.610491943E-1,9.836345215E0,9.845671765E0
5.859904917E0,-2.436932373E-1,3.573069763E-1,9.837093658E0,9.846596687E0
5.869936917E0,-2.505789185E-1,3.365002441E-1,9.867630157E0,9.876545304E0
5.879967917E0,-2.695893860E-1,3.228785706E-1,9.869127045E0,9.878086739E0
5.889998917E0,-2.642005920E-1,3.025209045E-1,9.865684204E0,9.873856676E0
5.900030917E0,-2.788700867E-1,3.056643677E-1,9.871222687E0,9.879890514E0
5.910061917E0,-2.650987244E-1,3.010240173E-1,9.842781830E0,9.850951575E0
5.920093917E0,-2.706372070E-1,2.781216431E-1,9.815089417E0,9.822758085E0
5.930124917E0,-2.568658447E-1,2.808160400E-1,9.805060272E0,9.812443358E0
5.940155917E0,-2.595602417E-1,2.817141724E-1,9.818681946E0,9.826151309E0
5.950187917E0,-2.398013306E-1,2.767744446E-1,9.804012451E0,9.810849551E0
5.960218917E0,-2.402503967E-1,2.972817993E-1,9.825567627E0,9.832999335E0
5.970249917E0,-2.577639771E-1,3.068618774E-1,9.844877472E0,9.853030951E0
5.980281917E0,-2.504292297E-1,3.306623840E-1,9.837243347E0,9.845984414E0
5.990312917E0,-2.514770508E-1,3.523672485E-1,9.855205994E0,9.864709249E0
6.000344917E0,-2.704875183E-1,3.604504395E-1,9.859846344E0,9.870139712E0
6.010375917E0,-2.639012146E-1,3.686833191E-1,9.860295410E0,9.870714099E0
6.020407917E0,-2.516267395E-1,3.689826965E-1,9.850266266E0,9.860385883E0
6.030438917E0,-2.401007080E-1,3.959266663E-1,9.837991791E0,9.848882614E0
6.040469917E0,-2.347119141E-1,4.095483398E-1,9.849218445E0,9.860523490E0
6.050501917E0,-2.324665833E-1,3.929328918E-1,9.843530273E0,9.854112097E0
6.060532917E0,-2.383044434E-1,4.034111023E-1,9.837243347E0,9.848395108E0
6.070563917E0,-2.490820312E-1,3.903881836E-1,9.862540741E0,9.873406436E0
6.080595917E0,-2.359094238E-1,3.643423462E-1,9.857750702E0,9.867301936E0
6.090626917E0,-2.510279846E-1,3.540138245E-1,9.845925293E0,9.855485057E0
6.100658917E0,-2.495310974E-1,3.321592712E-1,9.842482452E0,9.851246438E0
6.110689917E0,-2.409988403E-1,3.330574036E-1,9.843679962E0,9.852260800E0
6.120720917E0,-2.463876343E-1,3.242257690E-1,9.847272491E0,9.855688953E0
6.130752917E0,-2.302212524E-1,3.388952637E-1,9.860145721E0,9.868653681E0
6.140783917E0,-2.103126526E-1,3.424877930E-1,9.862091675E0,9.870277681E0
6.150815917E0,-1.869612122E-1,3.439846802E-1,9.847721558E0,9.855500993E0
6.160846917E0,-2.095642090E-1,3.573069763E-1,9.837093658E0,9.845811144E0
6.170877917E0,-2.029779053E-1,3.381468201E-1,9.833351440E0,9.841257229E0
6.180909917E0,-2.296224976E-1,3.347039795E-1,9.834998016E0,9.843370318E0
6.190940917E0,-2.405497742E-1,3.113525391E-1,9.864187317E0,9.872030998E0
6.200972917E0,-2.230361938E-1,3.064128113E-1,9.863588562E0,9.870866896E0
6.211003917E0,-2.335144043E-1,3.162922668E-1,9.824220428E0,9.832084052E0
6.221034917E0,-2.227368164E-1,3.421884155E-1,9.804311829E0,9.812809742E0
6.231066917E0,-2.140548706E-1,3.270698547E-1,9.797276459E0,9.805071146E0
6.241097917E0,-2.335144043E-1,3.379971313E-1,9.818681946E0,9.827272571E0
6.251129917E0,-2.008822632E-1,3.246748352E-1,9.976753235E0,9.984055916E0
6.261160917E0,-1.567240906E-1,3.179388428E-1,1.001821701E1,1.002448600E1
6.271191917E0,-1.968406677E-1,3.439846802E-1,9.837692413E0,9.845672335E0
6.281223917E0,-2.668949890E-1,3.409909058E-1,9.746831360E0,9.756445525E0
6.291254917E0,-2.968327332E-1,3.424877930E-1,9.767787781E0,9.778296666E0
6.301286917E0,-2.612068176E-1,3.415896606E-1,9.820927277E0,9.830336976E0
6.311317917E0,-2.384541321E-1,3.204835510E-1,9.894723816E0,9.902783925E0
6.321348917E0,-2.052232361E-1,3.341052246E-1,9.882748718E0,9.890524006E0
6.331380917E0,-1.763333130E-1,3.457809448E-1,9.817933502E0,9.825603094E0
6.341411917E0,-1.969903564E-1,3.826043701E-1,9.808652802E0,9.818088464E0
6.351443917E0,-2.213896179E-1,4.132905579E-1,9.814191284E0,9.825384115E0
6.361474917E0,-2.252815247E-1,4.336482239E-1,9.842183075E0,9.854307192E0
6.371505917E0,-2.333647156E-1,4.427792358E-1,9.850865021E0,9.863572081E0
6.381537917E0,-2.071691895E-1,4.385879517E-1,9.871821442E0,9.883730927E0
6.391568917E0,-1.968406677E-1,4.189787292E-1,9.889335022E0,9.900163463E0
6.401600917E0,-1.959425354E-1,3.826043701E-1,9.906848602E0,9.916170068E0
6.411631917E0,-1.904040527E-1,3.332070923E-1,9.912836151E0,9.920262155E0
6.421662917E0,-1.802252197E-1,3.296145630E-1,9.923314362E0,9.930422690E0
6.431694917E0,-2.023791504E-1,2.968327332E-1,9.895621948E0,9.902141220E0
6.441725917E0,-2.071691895E-1,3.038681030E-1,9.851763153E0,9.858625265E0
6.451757917E0,-2.387535095E-1,3.162922668E-1,9.815538483E0,9.823534992E0
6.461788917E0,-2.347119141E-1,3.311114502E-1,9.788145447E0,9.796556322E0
6.471819917E0,-2.210902405E-1,3.571572876E-1,9.784103851E0,9.793116480E0
6.481851917E0,-2.047741699E-1,3.522175598E-1,9.793833618E0,9.802304148E0
6.491882917E0,-1.893562317E-1,3.314108276E-1,9.783505096E0,9.790947906E0
6.501914917E0,-1.797761536E-1,3.254232788E-1,9.811197510E0,9.818238964E0
6.511945917E0,-1.803749084E-1,3.109034729E-1,9.848919067E0,9.855475781E0
6.521976917E0,-1.842668152E-1,3.183879089E-1,9.890382843E0,9.897221726E0
6.532008917E0,-1.868115234E-1,3.363505554E-1,9.881700897E0,9.889188180E0
6.542039917E0,-2.074685669E-1,3.730242920E-1,9.849667511E0,9.858911725E0
6.552071917E0,-2.222877502E-1,4.007167053E-1,9.839039612E0,9.849704879E0
6.562102917E0,-2.095642090E-1,4.176315308E-1,9.843530273E0,9.854614224E0
6.572133917E0,-1.790277100E-1,4.085005188E-1,9.824669495E0,9.834787963E0
6.582165917E0,-1.779798889E-1,3.957769775E-1,9.771080933E0,9.780712594E0
6.592196917E0,-1.712438965E-1,3.787124634E-1,9.781559143E0,9.790385430E0
6.602228917E0,-1.841171265E-1,3.673361206E-1,9.864486694E0,9.873040701E0
6.612259917E0,-1.757345581E-1,3.606001282E-1,9.929451599E0,9.937551215E0
6.622290917E0,-1.895059204E-1,3.820056152E-1,9.931696930E0,9.940847282E0
6.632322917E0,-1.916015625E-1,3.875440979E-1,9.902807007E0,9.912239313E0
6.642353917E0,-1.619631958E-1,3.944297791E-1,9.865235138E0,9.874445364E0
6.652385917E0,-1.616638184E-1,3.876937866E-1,9.846524048E0,9.855479567E0
6.662416917E0,-1.800755310E-1,3.808081055E-1,9.838889923E0,9.847903174E0
6.672447917E0,-1.686991882E-1,3.845503235E-1,9.828411713E0,9.837378470E0
6.682479917E0,-1.818717957E-1,3.667373657E-1,9.843230896E0,9.851739345E0
6.692510917E0,-1.862127686E-1,3.700305176E-1,9.848769379E0,9.857477165E0
6.702542917E0,-1.908531189E-1,3.424877930E-1,9.831555176E0,9.839369897E0
6.712573917E0,-1.809736633E-1,3.287164307E-1,9.842632141E0,9.849782405E0
6.722604917E0,-1.977388000E-1,3.261717224E-1,9.826914825E0,9.834314598E0
6.732636917E0,-2.131567383E-1,3.221301270E-1,9.842931519E0,9.850507829E0
6.742667917E0,-2.089654541E-1,3.275189209E-1,9.856553192E0,9.864206812E0
6.752699917E0,-2.070195007E-1,3.360511780E-1,9.861642609E0,9.869538105E0
6.762730917E0,-1.886077881E-1,3.218307495E-1,9.859247589E0,9.866301787E0
6.772761917E0,-1.694476318E-1,3.177891541E-1,9.853858795E0,9.860437901E0
6.782793292E0,-1.588197327E-1,3.272195435E-1,9.853260040E0,9.859971083E0
6.792824292E0,-1.586700439E-1,3.300636292E-1,9.844727783E0,9.851537104E0
6.802856292E0,-1.935475159E-1,3.363505554E-1,9.853559418E0,9.861197977E0
6.812887292E0,-2.053729248E-1,3.403921509E-1,9.849368134E0,9.857387965E0
6.822918292E0,-2.171983337E-1,3.359014893E-1,9.842332764E0,9.850457815E0
6.832950292E0,-2.222877502E-1,3.565585327E-1,9.845326538E0,9.854288431E0
6.842981292E0,-2.079176331E-1,3.565585327E-1,9.836794281E0,9.845449987E0
6.853013292E0,-2.052232361E-1,3.683839417E-1,9.832153931E0,9.841192724E0
6.863044292E0,-1.938468933E-1,3.665876770E-1,9.830507355E0,9.839249870E0
6.873075292E0,-1.993853760E-1,3.610491943E-1,9.840087433E0,9.848727417E0
6.883107292E0,-1.896556091E-1,3.607498169E-1,9.850715332E0,9.859143078E0
6.893138292E0,-2.137554932E-1,3.442840576E-1,9.835297394E0,9.843642504E0
6.903170292E0,-2.249821472E-1,3.517684937E-1,9.824519806E0,9.833389419E0
6.913201292E0,-2.339634705E-1,3.670367432E-1,9.853858795E0,9.863467343E0
6.923232292E0,-2.384541321E-1,3.697311401E-1,9.877060547E0,9.886854229E0
6.933264292E0,-2.107617188E-1,3.724255371E-1,9.901310120E0,9.910553131E0
6.943295292E0,-1.898052979E-1,3.841012573E-1,9.879156189E0,9.888442083E0
6.953327292E0,-1.749861145E-1,3.968247986E-1,9.834548950E0,9.844107025E0
6.963358292E0,-1.698966980E-1,3.845503235E-1,9.811047821E0,9.820051079E0
6.973389292E0,-1.775308228E-1,3.668870544E-1,9.818681946E0,9.827137857E0
6.983421292E0,-1.802252197E-1,3.381468201E-1,9.846524048E0,9.853976874E0
6.993452292E0,-1.722917175E-1,3.234773254E-1,9.873617706E0,9.880417432E0
7.003484292E0,-1.874102783E-1,3.266207886E-1,9.881102142E0,9.888275042E0
7.013515292E0,-1.959425354E-1,3.391946411E-1,9.856253815E0,9.864034963E0
7.023546292E0,-2.133064270E-1,3.121009827E-1,9.783355408E0,9.790656244E0
7.033578292E0,-2.266287231E-1,3.147953796E-1,9.805808716E0,9.813477532E0
7.043609292E0,-1.842668152E-1,3.173400879E-1,9.944121094E0,9.950889574E0
7.053640292E0,-1.372645569E-1,3.336561584E-1,1.003094055E1,1.003742678E1
7.063672292E0,-1.287322998E-1,3.472778320E-1,9.894574127E0,9.901503475E0
7.073703292E0,-1.821711731E-1,3.838018799E-1,9.723330231E0,9.732607102E0
7.083735292E0,-2.459385681E-1,3.905378723E-1,9.661658478E0,9.672675439E0
7.093766292E0,-2.537223816E-1,3.718267822E-1,9.742939453E0,9.753332732E0
7.103798292E0,-2.354603577E-1,3.514691162E-1,9.876910858E0,9.885966833E0
7.113829292E0,-1.724414062E-1,3.478765869E-1,9.942773895E0,9.950352099E0
7.123860292E0,-1.255888367E-1,3.629951477E-1,9.910590820E0,9.918031480E0
7.133892292E0,-1.240919495E-1,3.820056152E-1,9.864037628E0,9.872211780E0
7.143923292E0,-1.609153748E-1,4.002676392E-1,9.853110352E0,9.862549951E0
7.153954292E0,-2.035766602E-1,4.311035156E-1,9.896520081E0,9.907996942E0
7.163986292E0,-2.302212524E-1,4.183799744E-1,9.900112610E0,9.911623142E0
7.174017292E0,-2.284249878E-1,4.520599365E-1,9.880054321E0,9.893028331E0
7.184049292E0,-1.935475159E-1,4.650828552E-1,9.869276733E0,9.882124566E0
7.194080292E0,-1.727407837E-1,4.571493530E-1,9.862840118E0,9.874940005E0
7.204112292E0,-1.643582153E-1,4.438270569E-1,9.867630157E0,9.878973682E0
7.214143292E0,-1.502874756E-1,4.140390015E-1,9.868378601E0,9.878203826E0
7.224174292E0,-1.543290710E-1,3.844006348E-1,9.864935760E0,9.873628455E0
7.234206292E0,-1.772314453E-1,3.457809448E-1,9.854906616E0,9.862563554E0
7.244237292E0,-1.820214844E-1,3.341052246E-1,9.826765137E0,9.834127881E0
7.254268292E0,-2.020797729E-1,3.218307495E-1,9.806407471E0,9.813767816E0
7.264300292E0,-2.148033142E-1,3.261717224E-1,9.807305603E0,9.815078790E0
7.274331292E0,-2.163002014E-1,3.396437073E-1,9.804012451E0,9.812278215E0
7.284363292E0,-2.040257263E-1,3.532653809E-1,9.797426147E0,9.805915666E0
7.294394292E0,-1.945953369E-1,3.492237854E-1,9.791139221E0,9.799297518E0
7.304425292E0,-1.857637024E-1,3.579057312E-1,9.792336731E0,9.800635863E0
7.314457292E0,-1.790277100E-1,3.695814514E-1,9.817634125E0,9.826219068E0
7.324488292E0,-1.764830017E-1,3.787124634E-1,9.840237122E0,9.849103309E0
7.334520292E0,-1.734892273E-1,3.734733582E-1,9.831854553E0,9.840474827E0
7.344551292E0,-1.811233521E-1,3.878434753E-1,9.815239105E0,9.824568536E0
7.354582292E0,-2.200424194E-1,4.207749939E-1,9.796228638E0,9.807729900E0
7.364614292E0,-2.448907471E-1,4.605921936E-1,9.816885681E0,9.830735533E0
7.374645292E0,-2.131567383E-1,4.766088867E-1,9.809850311E0,9.823734267E0
7.384677292E0,-1.685494995E-1,4.599934387E-1,9.757309570E0,9.769600450E0
7.394708292E0,-1.643582153E-1,4.532574463E-1,9.777068481E0,9.788949077E0
7.404739292E0,-1.550775146E-1,4.379891968E-1,9.821226654E0,9.832211174E0
7.414771292E0,-1.263372803E-1,4.320016479E-1,9.845925293E0,9.856207760E0
7.424802292E0,-1.462458801E-1,4.120930481E-1,9.867480469E0,9.877164539E0
7.434834292E0,-1.767823792E-1,3.945794678E-1,9.876162415E0,9.885622338E0
7.444865292E0,-1.957928467E-1,4.013154602E-1,9.869276733E0,9.879373066E0
7.454896292E0,-2.155517578E-1,4.143383789E-1,9.862241364E0,9.873294464E0
7.464928292E0,-2.151026917E-1,4.375401306E-1,9.831704865E0,9.843786420E0
7.474959292E0,-1.926493835E-1,4.559518433E-1,9.845027161E0,9.857462435E0
7.484991292E0,-1.806742859E-1,4.507127380E-1,9.849218445E0,9.861180920E0
7.495022292E0,-1.654060364E-1,4.496649170E-1,9.877659302E0,9.889272520E0
7.505053292E0,-1.565744019E-1,4.538562012E-1,9.882299652E0,9.893955094E0
7.515085292E0,-1.468446350E-1,4.436773682E-1,9.864187317E0,9.875252117E0
7.525116292E0,-1.673519897E-1,4.267625427E-1,9.841734009E0,9.852403831E0
7.535148292E0,-1.926493835E-1,4.134402466E-1,9.835746460E0,9.846316826E0
7.545179292E0,-2.091151428E-1,4.055067444E-1,9.848470001E0,9.859032723E0
7.555210292E0,-2.038760376E-1,3.963757324E-1,9.867480469E0,9.877542709E0
7.565242292E0,-2.050735474E-1,3.942800903E-1,9.853709106E0,9.863726228E0
7.575273292E0,-2.128573608E-1,4.073030090E-1,9.813891907E0,9.824646475E0
7.585305292E0,-2.183958435E-1,4.218228149E-1,9.810898132E0,9.822390411E0
7.595336292E0,-2.254312134E-1,4.165837097E-1,9.802515564E0,9.813952955E0
7.605367292E0,-2.019300842E-1,4.150868225E-1,9.831106110E0,9.841936810E0
7.615399292E0,-1.817221069E-1,4.203259277E-1,9.866432648E0,9.877053711E0
7.625430292E0,-1.848655701E-1,4.354444885E-1,9.872120819E0,9.883448621E0
7.635462292E0,-1.823208618E-1,4.369413757E-1,9.877659302E0,9.888999542E0
7.645493292E0,-1.877096558E-1,4.270619202E-1,9.857002258E0,9.868034775E0
7.655524292E0,-2.133064270E-1,4.273612976E-1,9.840686188E0,9.852270904E0
7.665556292E0,-2.408491516E-1,4.290078735E-1,9.854457550E0,9.866731459E0
7.675587292E0,-2.342628479E-1,4.328997803E-1,9.854307861E0,9.866593370E0
7.685619292E0,-2.401007080E-1,4.373904419E-1,9.854607239E0,9.867230745E0
7.695650292E0,-2.245330811E-1,4.320016479E-1,9.840237122E0,9.852274211E0
7.705681292E0,-2.124082947E-1,4.311035156E-1,9.859397278E0,9.871103394E0
7.715713292E0,-2.106120300E-1,4.291575623E-1,9.860445099E0,9.872026701E0
7.725744292E0,-1.901046753E-1,4.302053833E-1,9.845625916E0,9.856853764E0
7.735776292E0,-2.260299683E-1,4.159849548E-1,9.853409729E0,9.864776547E0
7.745807292E0,-2.243833923E-1,4.218228149E-1,9.867031403E0,9.878592566E0
7.755838292E0,-2.110610962E-1,4.255650330E-1,9.880802765E0,9.892214902E0
7.765870292E0,-1.980381775E-1,4.311035156E-1,9.886790314E0,9.898166096E0
7.775901292E0,-1.836680603E-1,4.562512207E-1,9.853858795E0,9.866125495E0
7.785933375E0,-2.004331970E-1,4.586462402E-1,9.818681946E0,9.831431482E0
7.795964375E0,-2.163002014E-1,4.577481079E-1,9.774374084E0,9.787477093E0
7.805995375E0,-2.336640930E-1,4.336482239E-1,9.785600739E0,9.797991197E0
7.816027375E0,-2.393522644E-1,4.320016479E-1,9.838440857E0,9.850829073E0
7.826058375E0,-2.309696960E-1,4.243675232E-1,9.876312103E0,9.888122954E0
7.836090375E0,-2.357597351E-1,4.258644104E-1,9.866881714E0,9.878881410E0
7.846121375E0,-2.327659607E-1,4.171824646E-1,9.785001984E0,9.796656829E0
7.856152375E0,-2.561174011E-1,4.080514526E-1,9.784403229E0,9.796256870E0
7.866184375E0,-2.291734314E-1,4.131408691E-1,9.891580353E0,9.902856543E0
7.876215375E0,-1.889071655E-1,4.239184570E-1,1.002944366E1,1.004017594E1
7.886247375E0,-1.547781372E-1,4.143383789E-1,1.000654129E1,1.001631175E1
7.896278375E0,-2.004331970E-1,4.415817261E-1,9.814790039E0,9.826763017E0
7.906309375E0,-2.692900085E-1,4.321513367E-1,9.651629333E0,9.665051509E0
7.916341375E0,-2.950364685E-1,4.125421143E-1,9.688602448E0,9.701868629E0
7.926372375E0,-2.586621094E-1,4.050576782E-1,9.809850311E0,9.821616004E0
7.936404375E0,-2.005828857E-1,3.879931641E-1,9.945617981E0,9.955204127E0
7.946435375E0,-1.694476318E-1,3.754193115E-1,9.961634674E0,9.970146315E0
7.956466375E0,-1.625619507E-1,3.995191956E-1,9.894125061E0,9.903522237E0
7.966498375E0,-1.935475159E-1,4.330494690E-1,9.819430389E0,9.830880208E0
7.976529375E0,-2.303709412E-1,4.558021545E-1,9.796378326E0,9.809681681E0
7.986561375E0,-2.555186462E-1,4.825964355E-1,9.809700623E0,9.824887552E0
7.996592375E0,-2.634521484E-1,4.858895874E-1,9.853858795E0,9.869347946E0
8.006623375E0,-2.404000854E-1,5.046006775E-1,9.869576111E0,9.885390567E0
8.016655375E0,-2.133064270E-1,5.370831299E-1,9.878258057E0,9.895147303E0
8.026686375E0,-1.737886047E-1,5.381309509E-1,9.874964905E0,9.891143476E0
8.036718375E0,-1.725910950E-1,5.134323120E-1,9.869127045E0,9.883980425E0
8.046749375E0,-2.052232361E-1,4.652325439E-1,9.865833893E0,9.878928904E0
8.056780375E0,-2.212399292E-1,4.225712585E-1,9.867031403E0,9.878553653E0
8.066812375E0,-2.284249878E-1,4.092489624E-1,9.857900391E0,9.869035556E0
8.076843375E0,-2.462379456E-1,3.785627747E-1,9.847122803E0,9.857472820E0
8.086875375E0,-2.576142883E-1,3.788621521E-1,9.821226654E0,9.831906969E0
8.096906375E0,-2.670446777E-1,3.773652649E-1,9.811347198E0,9.822232498E0
8.106937375E0,-2.523751831E-1,4.002676392E-1,9.825567627E0,9.836955149E0
8.116969375E0,-2.427951050E-1,4.056564331E-1,9.835596771E0,9.846952343E0
8.127000375E0,-2.218386841E-1,4.093986511E-1,9.826465759E0,9.837492006E0
8.137032375E0,-2.165995789E-1,4.164340210E-1,9.834848328E0,9.846043586E0
8.147063375E0,-2.116598511E-1,4.311035156E-1,9.843979340E0,9.855687666E0
8.157094375E0,-2.197430420E-1,4.480183411E-1,9.873168640E0,9.885770907E0
8.167126375E0,-2.291734314E-1,4.572990417E-1,9.886191559E0,9.899415458E0
8.177157375E0,-2.406994629E-1,4.569996643E-1,9.804461517E0,9.818057372E0
8.187188375E0,-2.847079468E-1,4.647834778E-1,9.744136963E0,9.759369214E0
8.197220375E0,-2.877017212E-1,4.837939453E-1,9.776918793E0,9.793108288E0
8.207251375E0,-2.553689575E-1,4.773573303E-1,9.866432648E0,9.881274033E0
8.217283375E0,-2.107617188E-1,4.596940613E-1,9.923164673E0,9.936042283E0
8.227314375E0,-1.787283325E-1,4.610412598E-1,9.914482727E0,9.926805660E0
8.237346375E0,-1.639091492E-1,4.590953064E-1,9.865235138E0,9.877271842E0
8.247377375E0,-1.902543640E-1,4.507127380E-1,9.814790039E0,9.826975232E0
8.257408375E0,-2.176473999E-1,4.375401306E-1,9.820478210E0,9.832629559E0
8.267440375E0,-2.284249878E-1,4.161346436E-1,9.854756927E0,9.866183665E0
8.277471375E0,-2.495310974E-1,4.231700134E-1,9.871072998E0,9.883289977E0
8.287503375E0,-2.502795410E-1,4.390370178E-1,9.886191559E0,9.899099802E0
8.297534375E0,-2.493814087E-1,4.673281860E-1,9.854307861E0,9.868534346E0
8.307565375E0,-2.448907471E-1,4.740641785E-1,9.842931519E0,9.857383487E0
8.317597375E0,-2.258802795E-1,4.631369019E-1,9.842183075E0,9.855662604E0
8.327628375E0,-2.088157654E-1,4.532574463E-1,9.847571869E0,9.860208824E0
8.337660375E0,-2.246827698E-1,4.351451111E-1,9.869875488E0,9.882017798E0
8.347691375E0,-2.139051819E-1,4.137396240E-1,9.852361908E0,9.863365099E0
8.357722375E0,-2.341131592E-1,3.977229309E-1,9.863438873E0,9.874230041E0
8.367754375E0,-2.252815247E-1,3.915856934E-1,9.843530273E0,9.853891585E0
8.377785375E0,-2.326162720E-1,3.968247986E-1,9.850116577E0,9.860850716E0
8.387816375E0,-2.415975952E-1,4.029620361E-1,9.827363892E0,9.838588764E0
8.397848375E0,-2.408491516E-1,4.143383789E-1,9.828262024E0,9.839939991E0
8.407879375E0,-2.411485291E-1,4.192781067E-1,9.813891907E0,9.825803840E0
8.417911375E0,-2.483335876E-1,4.201762390E-1,9.786349182E0,9.798512538E0
8.427942375E0,-2.577639771E-1,4.231700134E-1,9.800719299E0,9.813236669E0
8.437973375E0,-2.659968567E-1,4.140390015E-1,9.817634125E0,9.829960449E0
8.448005375E0,-2.568658447E-1,4.231700134E-1,9.872120819E0,9.884524389E0
8.458036375E0,-2.484832764E-1,4.363426208E-1,9.880054321E0,9.892806084E0
8.468068375E0,-2.353106689E-1,4.323010254E-1,9.874216461E0,9.886475915E0
8.478099375E0,-2.381547546E-1,4.450245667E-1,9.875114594E0,9.888005501E0
8.488130375E0,-2.395019531E-1,4.471202087E-1,9.865235138E0,9.878266143E0
8.498162375E0,-2.474354553E-1,4.456233215E-1,9.828860779E0,9.842068312E0
8.508193375E0,-2.636018372E-1,4.469705200E-1,9.827812958E0,9.841502736E0
8.518225375E0,-2.642005920E-1,4.343966675E-1,9.846673737E0,9.859791382E0
8.528256375E0,-2.658471680E-1,4.281097412E-1,9.841584320E0,9.854477896E0
8.538287375E0,-2.652484131E-1,4.242178345E-1,9.832902374E0,9.845622712E0
8.548319375E0,-2.652484131E-1,4.201762390E-1,9.816137238E0,9.828705665E0
8.558350375E0,-2.751278687E-1,4.065545654E-1,9.833800507E0,9.846045621E0
8.568382375E0,-2.436932373E-1,4.056564331E-1,9.868378601E0,9.879718607E0
8.578413375E0,-2.258802795E-1,4.251159668E-1,9.915530548E0,9.927209655E0
8.588444375E0,-2.011816406E-1,4.334985352E-1,9.903555450E0,9.915079707E0
8.598476375E0,-1.975891113E-1,4.496649170E-1,9.844129028E0,9.856374400E0
8.608507375E0,-2.318678284E-1,4.403842163E-1,9.773475952E0,9.786139849E0
8.618539375E0,-2.636018372E-1,4.318519592E-1,9.771080933E0,9.784171127E0
8.628570375E0,-2.812651062E-1,4.074526978E-1,9.797126770E0,9.809628979E0
8.638601375E0,-2.897973633E-1,3.905378723E-1,9.858499146E0,9.870486702E0
8.648633375E0,-2.719844055E-1,3.954776001E-1,9.883646851E0,9.895294494E0
8.658664375E0,-2.670446777E-1,3.965254211E-1,9.792935486E0,9.804597427E0
8.668696375E0,-2.673440552E-1,3.948788452E-1,9.789792023E0,9.801399390E0
8.678727375E0,-2.526745605E-1,3.983216858E-1,9.919272766E0,9.930482204E0
8.688758375E0,-1.877096558E-1,4.138893127E-1,1.006102798E1,1.007128708E1
8.698790375E0,-1.586700439E-1,4.200265503E-1,1.007629623E1,1.008629487E1
8.708821375E0,-1.814227295E-1,4.457730103E-1,9.840386810E0,9.852149022E0
8.718853375E0,-3.014730835E-1,4.406835938E-1,9.614506531E0,9.629321050E0
8.728884375E0,-3.541635132E-1,4.375401306E-1,9.602232056E0,9.618717878E0
8.738915375E0,-3.260220337E-1,4.079017639E-1,9.750573578E0,9.764546037E0
8.748947375E0,-2.622546387E-1,3.915856934E-1,9.951156464E0,9.962310566E0
8.758978375E0,-1.971400452E-1,3.962260437E-1,9.995614014E0,1.000540648E1
8.769010375E0,-1.522334290E-1,3.954776001E-1,9.909542999E0,9.918599700E0
8.779040917E0,-1.785786438E-1,4.243675232E-1,9.811496887E0,9.822293484E0
8.789071917E0,-2.362088013E-1,4.294569397E-1,9.774074707E0,9.786356025E0
8.799103917E0,-3.035687256E-1,4.284091187E-1,9.810299377E0,9.824340294E0
8.809134917E0,-3.291654968E-1,4.441264343E-1,9.865085449E0,9.880562187E0
8.819166917E0,-2.932402039E-1,4.773573303E-1,9.880802765E0,9.896672325E0
8.829197917E0,-2.511776733E-1,5.059478760E-1,9.861343231E0,9.877507975E0
8.839228917E0,-2.116598511E-1,5.047503662E-1,9.854008484E0,9.869197334E0
8.849260917E0,-2.028282166E-1,4.971162415E-1,9.852661285E0,9.867279171E0
8.859291917E0,-2.258802795E-1,4.517605591E-1,9.872270508E0,9.885182572E0
8.869323917E0,-2.409988403E-1,3.993695068E-1,9.877659302E0,9.888666731E0
8.879354917E0,-2.484832764E-1,3.715274048E-1,9.876312103E0,9.886420855E0
8.889385917E0,-2.531236267E-1,3.784130859E-1,9.853260040E0,9.863772172E0
8.899417917E0,-2.881507874E-1,3.769161987E-1,9.817334747E0,9.828792308E0
8.909448917E0,-3.032693481E-1,3.941304016E-1,9.806407471E0,9.819009041E0
8.919480917E0,-3.059637451E-1,3.881428528E-1,9.812395020E0,9.824834080E0
8.929511917E0,-2.874023438E-1,3.981719971E-1,9.821226654E0,9.833495515E0
8.939542917E0,-2.534230042E-1,3.936813354E-1,9.826166382E0,9.837314368E0
8.949574917E0,-2.216889954E-1,4.062551880E-1,9.817933502E0,9.828835513E0
8.959605917E0,-2.125579834E-1,4.049079895E-1,9.833650818E0,9.844278530E0
8.969636917E0,-2.279759216E-1,4.361929321E-1,9.828561401E0,9.840876816E0
8.979668917E0,-2.396516418E-1,4.477189636E-1,9.852212219E0,9.865291217E0
8.989699917E0,-2.592608643E-1,4.519102478E-1,9.792037354E0,9.805887752E0
8.999731917E0,-2.950364685E-1,4.746629333E-1,9.766889648E0,9.782866902E0
9.009762917E0,-3.119512939E-1,5.013075256E-1,9.762698364E0,9.780536907E0
9.019793917E0,-2.920426941E-1,4.956193542E-1,9.790839844E0,9.807725135E0
9.029825917E0,-2.472857666E-1,4.944218445E-1,9.892777863E0,9.908211597E0
9.039856917E0,-2.086660767E-1,4.584965515E-1,9.933942261E0,9.946706463E0
9.049888917E0,-1.851649475E-1,4.384382629E-1,9.959988098E0,9.971352821E0
9.059919917E0,-2.061213684E-1,4.010160828E-1,9.943971405E0,9.954188426E0
9.069950917E0,-2.260299683E-1,3.826043701E-1,9.926308136E0,9.936250241E0
9.079982917E0,-2.534230042E-1,3.736230469E-1,9.922416229E0,9.932681472E0
9.090013917E0,-2.764750671E-1,3.676354980E-1,9.923014984E0,9.933671058E0
9.100045917E0,-2.881507874E-1,3.727249146E-1,9.889484711E0,9.900700106E0
9.110076917E0,-2.718347168E-1,4.061054993E-1,9.850116577E0,9.862231612E0
9.120107917E0,-2.451901245E-1,4.451742554E-1,9.819580078E0,9.832723490E0
9.130139917E0,-2.374063110E-1,4.665797424E-1,9.789193268E0,9.803181282E0
9.140170917E0,-2.384541321E-1,4.540058899E-1,9.797875214E0,9.811286380E0
9.150202917E0,-2.203417969E-1,4.444258118E-1,9.821825409E0,9.834343861E0
9.160233917E0,-2.252815247E-1,4.114942932E-1,9.819879456E0,9.831078875E0
9.170264917E0,-2.460882568E-1,4.011657715E-1,9.837991791E0,9.849242401E0
9.180296917E0,-2.668949890E-1,3.909869385E-1,9.838590546E0,9.849972977E0
9.190327917E0,-2.743794250E-1,3.899391174E-1,9.824370117E0,9.835933346E0
9.200359917E0,-2.597099304E-1,4.008663940E-1,9.822424164E0,9.834030688E0
9.210390917E0,-2.637515259E-1,4.123924255E-1,9.820777588E0,9.832970294E0
9.220421917E0,-2.592608643E-1,4.254153442E-1,9.847721558E0,9.860315121E0
9.230453917E0,-2.535726929E-1,4.165837097E-1,9.848320312E0,9.860388130E0
9.240484917E0,-2.409988403E-1,4.111949158E-1,9.832453308E0,9.843998159E0
9.250516917E0,-2.535726929E-1,3.965254211E-1,9.812395020E0,9.823676885E0
9.260547917E0,-2.583627319E-1,3.752696228E-1,9.840087433E0,9.850629385E0
9.270578917E0,-2.673440552E-1,3.643423462E-1,9.865534515E0,9.875879174E0
9.280610917E0,-2.588117981E-1,3.606001282E-1,9.877808990E0,9.887776618E0
9.290641917E0,-2.420466614E-1,3.652404785E-1,9.883497162E0,9.893204908E0
9.300673917E0,-2.483335876E-1,3.691323853E-1,9.866432648E0,9.876457942E0
9.310704917E0,-2.498304749E-1,3.799099731E-1,9.833351440E0,9.843858360E0
9.320735917E0,-2.597099304E-1,3.996688843E-1,9.804910583E0,9.816488986E0
9.330767917E0,-2.782713318E-1,4.016148376E-1,9.779014435E0,9.791213037E0
9.340798917E0,-2.700384521E-1,3.938310242E-1,9.797575836E0,9.809205672E0
9.350830917E0,-2.656974792E-1,3.950285339E-1,9.812544708E0,9.824086540E0
9.360861917E0,-2.715353394E-1,3.975732422E-1,9.830956421E0,9.842738444E0
9.370892917E0,-2.525248718E-1,3.911366272E-1,9.867480469E0,9.878457748E0
9.380924917E0,-2.528242493E-1,3.947291565E-1,9.861492920E0,9.872627503E0
9.390955917E0,-2.531236267E-1,3.882925415E-1,9.847571869E0,9.858474242E0
9.400987917E0,-2.674937439E-1,3.820056152E-1,9.876761169E0,9.887764782E0
9.411018917E0,-2.603086853E-1,3.966751099E-1,9.907447357E0,9.918801585E0
9.421049917E0,-2.585124207E-1,3.936813354E-1,9.929451599E0,9.940614806E0
9.431081917E0,-2.387535095E-1,3.938310242E-1,9.916428680E0,9.927117602E0
9.441112917E0,-2.490820312E-1,4.105961609E-1,9.855954437E0,9.867647589E0
9.451143917E0,-2.531236267E-1,4.206253052E-1,9.814340973E0,9.826611112E0
9.461175917E0,-2.513273621E-1,4.152365112E-1,9.816885681E0,9.828877417E0
9.471206917E0,-2.570155334E-1,4.020639038E-1,9.824819183E0,9.836400986E0
9.481238917E0,-2.520758057E-1,3.959266663E-1,9.858199768E0,9.869366890E0
9.491269917E0,-2.622546387E-1,3.721261597E-1,9.870623932E0,9.881116950E0
9.501300917E0,-2.592608643E-1,3.787124634E-1,9.847871246E0,9.858560108E0
9.511332917E0,-2.751278687E-1,3.685336304E-1,9.814640350E0,9.825409792E0
9.521363917E0,-2.990780640E-1,3.704795837E-1,9.851613464E0,9.863112625E0
9.531395917E0,-2.761756897E-1,3.535647583E-1,9.870174866E0,9.880366032E0
9.541426917E0,-2.387535095E-1,3.390449524E-1,9.989776154E0,9.998378984E0
9.551457917E0,-1.908531189E-1,3.379971313E-1,9.984836426E0,9.992378367E0
9.561489917E0,-1.980381775E-1,3.291654968E-1,9.789043579E0,9.796578139E0
9.571520917E0,-2.971321106E-1,3.246748352E-1,9.664652252E0,9.674668180E0
9.581552917E0,-3.465293884E-1,3.426374817E-1,9.719138947E0,9.731348567E0
9.591583917E0,-3.065625000E-1,3.564088440E-1,9.820328522E0,9.831574650E0
9.601614917E0,-2.493814087E-1,3.526666260E-1,9.941426697E0,9.950805475E0
9.611646917E0,-2.106120300E-1,3.490740967E-1,9.949210510E0,9.957559939E0
9.621677917E0,-2.020797729E-1,3.782633972E-1,9.852212219E0,9.861541717E0
9.631709917E0,-2.287243652E-1,4.005670166E-1,9.814041595E0,9.824875633E0
9.641740917E0,-2.872526550E-1,4.327500916E-1,9.812844086E0,9.826581083E0
9.651771917E0,-3.098556519E-1,4.578977966E-1,9.860894165E0,9.876381658E0
9.661803917E0,-3.143463135E-1,4.688250732E-1,9.873468018E0,9.889589539E0
9.671834917E0,-2.948867798E-1,4.668791199E-1,9.860445099E0,9.875895497E0
9.681866917E0,-2.456391907E-1,4.552033997E-1,9.848619690E0,9.862193394E0
9.691897917E0,-2.300715637E-1,4.162843323E-1,9.873617706E0,9.885067131E0
9.701928917E0,-2.082170105E-1,3.734733582E-1,9.906698914E0,9.915922551E0
9.711960917E0,-2.215393066E-1,3.360511780E-1,9.907896423E0,9.916068858E0
9.721991917E0,-2.176473999E-1,3.014730835E-1,9.893077240E0,9.900062307E0
9.732023917E0,-2.294728088E-1,3.068618774E-1,9.855954437E0,9.863400015E0
9.742054917E0,-2.547702026E-1,3.236270142E-1,9.815538483E0,9.824176200E0
9.752085917E0,-2.809657288E-1,3.489244080E-1,9.761051788E0,9.771326522E0
9.762117917E0,-2.884501648E-1,3.528163147E-1,9.735305328E0,9.745965970E0
9.772148917E0,-2.769241333E-1,3.490740967E-1,9.746531982E0,9.756711812E0
9.782181625E0,-2.588117981E-1,3.579057312E-1,9.786199493E0,9.796161523E0
9.792212625E0,-2.445913696E-1,3.441343689E-1,9.825118561E0,9.834185687E0
9.802243625E0,-2.151026917E-1,3.234773254E-1,9.865085449E0,9.872731014E0
9.812275625E0,-2.221380615E-1,3.415896606E-1,9.907447357E0,9.915822808E0
9.822306625E0,-2.213896179E-1,3.376977539E-1,9.915530548E0,9.923749250E0
9.832337625E0,-2.330653381E-1,3.591032410E-1,9.868528290E0,9.877809737E0
9.842369625E0,-2.820135498E-1,4.070036316E-1,9.854457550E0,9.866889946E0
9.852400625E0,-2.874023438E-1,4.370910645E-1,9.857451324E0,9.871321863E0
9.862432625E0,-2.544708252E-1,4.264631653E-1,9.849218445E0,9.861730589E0
9.872463625E0,-2.249821472E-1,4.016148376E-1,9.817484436E0,9.828271063E0
9.882494625E0,-2.239343262E-1,3.793112183E-1,9.799222412E0,9.809117364E0
9.892526625E0,-2.231858826E-1,3.709286499E-1,9.833501129E0,9.843025168E0
9.902557625E0,-2.160008240E-1,3.790118408E-1,9.894873505E0,9.904485247E0
9.912589625E0,-2.136058044E-1,3.899391174E-1,9.940079498E0,9.950018110E0
9.922620625E0,-2.421963501E-1,3.911366272E-1,9.946366425E0,9.957000150E0
9.932651625E0,-2.398013306E-1,3.920347595E-1,9.919572144E0,9.930211853E0
9.942683625E0,-2.387535095E-1,4.092489624E-1,9.867330780E0,9.878699544E0
9.952714625E0,-2.357597351E-1,4.053570557E-1,9.839788055E0,9.850955587E0
9.962746625E0,-2.299218750E-1,4.010160828E-1,9.829160156E0,9.840023747E0
9.972777625E0,-2.276765442E-1,3.926335144E-1,9.828112335E0,9.838586777E0
9.982808625E0,-2.149530029E-1,3.855981445E-1,9.829459534E0,9.839368143E0
9.992840625E0,-2.174977112E-1,3.664379883E-1,9.826914825E0,9.836149503E0
1.000287162E1,-2.017803955E-1,3.568579102E-1,9.846524048E0,9.855054476E0
1.001290362E1,-2.047741699E-1,3.447331238E-1,9.855954437E0,9.864107220E0
1.002293462E1,-2.210902405E-1,3.240760803E-1,9.848919067E0,9.856729325E0
1.003296562E1,-2.266287231E-1,3.318598938E-1,9.833650818E0,9.841858563E0
1.004299762E1,-2.279759216E-1,3.291654968E-1,9.794731750E0,9.802912476E0
1.005302862E1,-2.381547546E-1,3.314108276E-1,9.809251556E0,9.817737363E0
1.006306062E1,-2.302212524E-1,3.366499329E-1,9.821825409E0,9.830289384E0
1.007309163E1,-2.110610962E-1,3.282673645E-1,9.832602997E0,9.840344910E0
1.008312262E1,-2.103126526E-1,3.255729675E-1,9.836195526E0,9.843829113E0
1.009315462E1,-2.083666992E-1,3.288661194E-1,9.828411713E0,9.836119479E0
1.010318562E1,-2.089654541E-1,3.284170532E-1,9.826166382E0,9.833873605E0
1.011321762E1,-2.201921082E-1,3.302133179E-1,9.825717316E0,9.833730023E0
1.012324862E1,-2.386038208E-1,3.345542908E-1,9.816735992E0,9.825332763E0
1.013327962E1,-2.347119141E-1,3.505709839E-1,9.836195526E0,9.845239059E0
1.014331162E1,-2.212399292E-1,3.773652649E-1,9.852511597E0,9.862217621E0
1.015334262E1,-2.053729248E-1,3.760180664E-1,9.859397278E0,9.868702159E0
1.016337362E1,-2.013313293E-1,3.867956543E-1,9.869725800E0,9.879353852E0
1.017340562E1,-1.987866211E-1,3.719764709E-1,9.872719574E0,9.881724263E0
1.018343662E1,-2.095642090E-1,3.827540588E-1,9.860894165E0,9.870544644E0
1.019346862E1,-2.308200073E-1,3.775149536E-1,9.880653076E0,9.890556133E0
1.020349962E1,-2.306703186E-1,3.767665100E-1,9.882599030E0,9.892468114E0
1.021353062E1,-2.249821472E-1,3.757186890E-1,9.882449341E0,9.892147718E0
1.022356263E1,-2.106120300E-1,3.947291565E-1,9.884994049E0,9.895113738E0
1.023359362E1,-1.975891113E-1,4.158352661E-1,9.862091675E0,9.872832047E0
1.024362562E1,-1.908531189E-1,4.085005188E-1,9.820178833E0,9.830524396E0
1.025365662E1,-2.014810181E-1,4.008663940E-1,9.813742218E0,9.823992304E0
1.026368763E1,-2.053729248E-1,3.885919189E-1,9.818382568E0,9.828215401E0
1.027371962E1,-1.975891113E-1,3.707789612E-1,9.850715332E0,9.859670940E0
1.028375062E1,-1.990859985E-1,3.695814514E-1,9.874515839E0,9.883435067E0
1.029378262E1,-1.989363098E-1,3.341052246E-1,9.860295410E0,9.867959644E0
1.030381362E1,-2.055226135E-1,3.469784546E-1,9.855056305E0,9.863304130E0
1.031384462E1,-2.176473999E-1,3.385958862E-1,9.826615448E0,9.834855806E0
1.032387662E1,-2.137554932E-1,3.170407104E-1,9.843081207E0,9.850505260E0
1.033390762E1,-1.963916016E-1,3.170407104E-1,9.914333038E0,9.921344872E0
1.034393962E1,-1.351689148E-1,3.004252625E-1,1.001462448E1,1.002004139E1
1.035397062E1,-1.263372803E-1,3.088078308E-1,9.911339264E0,9.916953635E0
1.036400162E1,-1.827699280E-1,3.335064697E-1,9.740694122E0,9.748115377E0
1.037403363E1,-2.498304749E-1,3.441343689E-1,9.695188751E0,9.704510737E0
1.038406462E1,-2.677931213E-1,3.444337463E-1,9.774374084E0,9.784106321E0
1.039409662E1,-2.429447937E-1,3.308120728E-1,9.850266266E0,9.858813535E0
1.040412762E1,-2.279759216E-1,3.159928894E-1,9.878258057E0,9.885939852E0
1.041415863E1,-2.025288391E-1,3.224295044E-1,9.839638367E0,9.847002686E0
1.042419062E1,-1.916015625E-1,3.564088440E-1,9.806108093E0,9.814453340E0
1.043422162E1,-2.127076721E-1,3.950285339E-1,9.834848328E0,9.845076624E0
1.044425362E1,-2.249821472E-1,4.189787292E-1,9.864636383E0,9.876092907E0
1.045428462E1,-2.299218750E-1,4.357438660E-1,9.885742493E0,9.898011993E0
1.046431562E1,-1.989363098E-1,4.602928162E-1,9.866732025E0,9.879465876E0
1.047434762E1,-1.716929626E-1,4.516108704E-1,9.861193542E0,9.873022280E0
1.048437862E1,-1.672023010E-1,4.361929321E-1,9.887838135E0,9.898866797E0
1.049440962E1,-1.694476318E-1,3.884422302E-1,9.884544983E0,9.893625695E0
1.050444162E1,-1.975891113E-1,3.447331238E-1,9.876162415E0,9.884152286E0
1.051447262E1,-2.128573608E-1,2.977308655E-1,9.850116577E0,9.856913742E0
1.052450463E1,-2.333647156E-1,3.101550293E-1,9.839937744E0,9.847590063E0
1.053453562E1,-2.628533936E-1,3.260220337E-1,9.830357666E0,9.839274064E0
1.054456662E1,-2.552192688E-1,3.454815674E-1,9.805060272E0,9.814463884E0
1.055459862E1,-2.435435486E-1,3.613485718E-1,9.782606964E0,9.792307454E0
1.056462963E1,-2.281256104E-1,3.649411011E-1,9.780361633E0,9.789826198E0
1.057466162E1,-2.091151428E-1,3.495231628E-1,9.786947937E0,9.795419619E0
1.058469262E1,-1.887574768E-1,3.382965088E-1,9.829908600E0,9.837539174E0
1.059472362E1,-1.589694214E-1,3.138972473E-1,9.857900391E0,9.864177759E0
1.060475562E1,-1.725910950E-1,2.995271301E-1,9.887688446E0,9.893729681E0
1.061478662E1,-2.065704346E-1,3.240760803E-1,9.895023193E0,9.902483560E0
1.062481862E1,-2.288740540E-1,3.565585327E-1,9.858948212E0,9.868048295E0
1.063484962E1,-2.570155334E-1,3.867956543E-1,9.854457550E0,9.865394136E0
1.064488062E1,-2.568658447E-1,4.110452271E-1,9.858798523E0,9.870706487E0
1.065491262E1,-2.375559998E-1,4.255650330E-1,9.856403503E0,9.868446102E0
1.066494362E1,-1.872605896E-1,4.008663940E-1,9.814939728E0,9.824907239E0
1.067497563E1,-1.930984497E-1,3.947291565E-1,9.776170349E0,9.786041325E0
1.068500662E1,-2.073188782E-1,3.664379883E-1,9.800868988E0,9.809907789E0
1.069503762E1,-1.863624573E-1,3.559597778E-1,9.878856812E0,9.887024337E0
1.070506962E1,-1.990859985E-1,3.535647583E-1,9.915979614E0,9.924278059E0
1.071510063E1,-2.098635864E-1,3.854484558E-1,9.920021210E0,9.929724772E0
1.072513262E1,-2.019300842E-1,3.903881836E-1,9.869127045E0,9.878909217E0
1.073516362E1,-1.791773987E-1,4.058061218E-1,9.834998016E0,9.844997163E0
1.074519462E1,-1.987866211E-1,4.038601685E-1,9.822424164E0,9.832732866E0
1.075522662E1,-2.152523804E-1,3.760180664E-1,9.823471985E0,9.833022171E0
1.076525762E1,-2.272274780E-1,3.585044861E-1,9.852511597E0,9.861650093E0
1.077528962E1,-2.161505127E-1,3.333567810E-1,9.898765411E0,9.906735308E0
1.078532017E1,-2.053729248E-1,3.311114502E-1,9.919422455E0,9.927071807E0
1.079535117E1,-2.056723022E-1,3.405418396E-1,9.919123077E0,9.927097887E0
1.080538317E1,-2.043251038E-1,3.299139404E-1,9.887838135E0,9.895450214E0
1.081541417E1,-2.059716797E-1,3.162922668E-1,9.845176849E0,9.852409468E0
1.082544617E1,-2.260299683E-1,3.195854187E-1,9.824669495E0,9.832464343E0
1.083547717E1,-2.360591125E-1,3.236270142E-1,9.793983307E0,9.802171564E0
1.084550817E1,-2.188449097E-1,3.242257690E-1,9.791438599E0,9.799249220E0
1.085554017E1,-2.092648315E-1,3.535647583E-1,9.790690155E0,9.799306788E0
1.086557117E1,-2.094145203E-1,3.547622681E-1,9.808054047E0,9.816701834E0
1.087560217E1,-2.115101624E-1,3.616479492E-1,9.828411713E0,9.837337169E0
1.088563417E1,-2.171983337E-1,3.803590393E-1,9.834848328E0,9.844596982E0
1.089566517E1,-2.276765442E-1,3.815565491E-1,9.860594788E0,9.870600365E0
1.090569717E1,-2.396516418E-1,3.782633972E-1,9.851613464E0,9.861785029E0
1.091572817E1,-2.209405518E-1,3.875440979E-1,9.844578094E0,9.854680259E0
1.092575917E1,-2.314187622E-1,3.897894287E-1,9.839488678E0,9.849925273E0
1.093579117E1,-2.168989563E-1,3.860472107E-1,9.854008484E0,9.863952596E0
1.094582217E1,-2.004331970E-1,3.878434753E-1,9.874515839E0,9.884162032E0
1.095585417E1,-2.104623413E-1,3.752696228E-1,9.867480469E0,9.876856407E0
1.096588517E1,-2.245330811E-1,3.748205566E-1,9.844578094E0,9.854269299E0
1.097591617E1,-2.315684509E-1,3.668870544E-1,9.842632141E0,9.852189479E0
1.098594817E1,-2.317181396E-1,3.659889221E-1,9.863438873E0,9.872946247E0
1.099597917E1,-2.227368164E-1,3.731739807E-1,9.877509613E0,9.887065625E0
1.100601117E1,-2.001338196E-1,3.698808289E-1,9.868977356E0,9.877933965E0
1.101604217E1,-2.029779053E-1,3.748205566E-1,9.839638367E0,9.848866618E0
1.102607317E1,-1.975891113E-1,3.763174438E-1,9.830806732E0,9.839990715E0
1.103610517E1,-2.185455322E-1,3.742218018E-1,9.824370117E0,9.833923546E0
1.104613617E1,-2.127076721E-1,3.620970154E-1,9.827064514E0,9.836033538E0
1.105616817E1,-2.118095398E-1,3.483256531E-1,9.864187317E0,9.872607835E0
1.106619917E1,-2.167492676E-1,3.496728516E-1,9.891879730E0,9.900431099E0
1.107623017E1,-2.258802795E-1,3.480262756E-1,9.862241364E0,9.870964943E0
1.108626217E1,-2.323168945E-1,3.567082214E-1,9.820777588E0,9.829999203E0
1.109629317E1,-2.339634705E-1,3.347039795E-1,9.824669495E0,9.833152919E0
1.110632517E1,-2.207908630E-1,3.329077148E-1,9.964179382E0,9.972183658E0
1.111635617E1,-1.595681763E-1,3.278182983E-1,1.010817993E1,1.011475301E1
1.112638717E1,-1.318757629E-1,3.335064697E-1,1.003019211E1,1.003660159E1
1.113641917E1,-1.658551025E-1,3.483256531E-1,9.804012451E0,9.811600217E0
1.114645017E1,-2.392025757E-1,3.576063538E-1,9.674382019E0,9.683943805E0
1.115648117E1,-2.749781799E-1,3.700305176E-1,9.724976807E0,9.735897980E0
1.116651317E1,-2.668949890E-1,3.583547974E-1,9.813592529E0,9.823759435E0
1.117654417E1,-2.356100464E-1,3.396437073E-1,9.886041870E0,9.894680076E0
1.118657617E1,-2.091151428E-1,3.342549133E-1,9.858050079E0,9.865931626E0
1.119660717E1,-1.793270874E-1,3.603007507E-1,9.789193268E0,9.797462920E0
1.120663817E1,-2.037263489E-1,3.908372498E-1,9.782756653E0,9.792680221E0
1.121667017E1,-2.462379456E-1,4.108955383E-1,9.826765137E0,9.838433886E0
1.122670117E1,-2.523751831E-1,4.312532043E-1,9.879605255E0,9.892232941E0
1.123673317E1,-2.535726929E-1,4.680766296E-1,9.889484711E0,9.903802436E0
1.124676417E1,-2.368075562E-1,4.867877197E-1,9.872270508E0,9.887100944E0
1.125679517E1,-1.929487610E-1,5.113366699E-1,9.832902374E0,9.848079179E0
1.126682717E1,-1.733395386E-1,4.908293152E-1,9.831854553E0,9.845624610E0
1.127685817E1,-1.860630798E-1,4.523593140E-1,9.836794281E0,9.848947667E0
1.128689017E1,-2.001338196E-1,3.918850708E-1,9.839937744E0,9.849771686E0
1.129692117E1,-1.926493835E-1,3.477268982E-1,9.809700623E0,9.817751987E0
1.130695217E1,-2.157014465E-1,3.019221497E-1,9.783654785E0,9.790688691E0
1.131698417E1,-2.582130432E-1,2.802172852E-1,9.765991516E0,9.773422430E0
1.132701517E1,-2.716850281E-1,3.125500488E-1,9.764494629E0,9.773272515E0
1.133704717E1,-2.724334717E-1,3.134481812E-1,9.770931244E0,9.779752918E0
1.134707817E1,-2.600093079E-1,3.424877930E-1,9.769434357E0,9.778893106E0
1.135710917E1,-2.242337036E-1,3.583547974E-1,9.759704590E0,9.768855235E0
1.136714117E1,-1.953437805E-1,3.629951477E-1,9.777667236E0,9.786352807E0
1.137717217E1,-1.790277100E-1,3.616479492E-1,9.806557159E0,9.814856264E0
1.138720417E1,-1.829196167E-1,3.388952637E-1,9.837842102E0,9.845376926E0
1.139723517E1,-1.749861145E-1,3.194357300E-1,9.891879730E0,9.898582925E0
1.140726617E1,-1.901046753E-1,3.507206726E-1,9.879605255E0,9.887656182E0
1.141729817E1,-2.032772827E-1,3.873944092E-1,9.865684204E0,9.875379532E0
1.142732917E1,-2.019300842E-1,4.179309082E-1,9.920470276E0,9.931322797E0
1.143736117E1,-1.877096558E-1,4.357438660E-1,9.910590820E0,9.921941243E0
1.144739217E1,-1.426533508E-1,4.387376404E-1,9.856702881E0,9.867493723E0
1.145742317E1,-1.338217163E-1,4.315525818E-1,9.848170624E0,9.858529836E0
1.146745517E1,-1.065783691E-1,4.245172119E-1,9.889185333E0,9.898866620E0
1.147748617E1,-9.669891357E-2,4.266128540E-1,9.907147980E0,9.916800406E0
1.148751817E1,-1.210981750E-1,4.387376404E-1,9.910141754E0,9.920587940E0
1.149754917E1,-1.764830017E-1,4.382885742E-1,9.897867279E0,9.909138197E0
1.150758017E1,-2.098635864E-1,4.653822327E-1,9.866582336E0,9.879780886E0
1.151761217E1,-2.538720703E-1,4.778063965E-1,9.823022919E0,9.837912850E0
1.152764317E1,-2.549198914E-1,4.905299377E-1,9.821076965E0,9.836623228E0
1.153767517E1,-2.383044434E-1,4.840933228E-1,9.825567627E0,9.840371667E0
1.154770617E1,-2.288740540E-1,4.682263184E-1,9.828112335E0,9.841921118E0
1.155773717E1,-2.017803955E-1,4.429289246E-1,9.844129028E0,9.856154305E0
1.156776917E1,-1.935475159E-1,4.125421143E-1,9.852661285E0,9.863193501E0
1.157780017E1,-2.020797729E-1,3.858975220E-1,9.848769379E0,9.858398014E0
1.158783117E1,-2.173480225E-1,3.742218018E-1,9.856553192E0,9.866049004E0
1.159786317E1,-2.359094238E-1,3.562591553E-1,9.839638367E0,9.848911464E0
1.160789417E1,-2.682421875E-1,3.264710999E-1,9.813742218E0,9.822834294E0
1.161792617E1,-2.493814087E-1,3.287164307E-1,9.821526031E0,9.830189172E0
1.162795717E1,-2.493814087E-1,3.272195435E-1,9.833351440E0,9.841954291E0
1.163798817E1,-2.457888794E-1,3.143463135E-1,9.818382568E0,9.826487777E0
1.164802017E1,-2.402503967E-1,3.273692322E-1,9.821226654E0,9.829617686E0
1.165805117E1,-2.230361938E-1,3.305126953E-1,9.831555176E0,9.839637237E0
1.166808317E1,-2.031275940E-1,3.477268982E-1,9.863738251E0,9.871955586E0
1.167811417E1,-2.050735474E-1,3.656895447E-1,9.897717590E0,9.906593638E0
1.168814517E1,-1.999841309E-1,3.953279114E-1,9.901459808E0,9.911366412E0
1.169817717E1,-2.098635864E-1,4.243675232E-1,9.894274750E0,9.905594548E0
1.170820817E1,-2.071691895E-1,4.303550720E-1,9.866582336E0,9.878136037E0
1.171824017E1,-2.260299683E-1,4.549040222E-1,9.851912842E0,9.864999435E0
1.172827117E1,-2.167492676E-1,4.635859680E-1,9.841883698E0,9.855179700E0
1.173830217E1,-2.137554932E-1,4.623884583E-1,9.836644592E0,9.849825954E0
1.174833417E1,-2.130070496E-1,4.584965515E-1,9.831704865E0,9.844694593E0
1.175836517E1,-1.999841309E-1,4.643344116E-1,9.875264282E0,9.888197244E0
1.176839717E1,-1.887574768E-1,4.559518433E-1,9.878856812E0,9.891174519E0
1.177842817E1,-2.017803955E-1,4.607418823E-1,9.853559418E0,9.866388985E0
1.178845962E1,-2.212399292E-1,4.384382629E-1,9.844278717E0,9.856520617E0
1.179849162E1,-2.177970886E-1,4.315525818E-1,9.849368134E0,9.861223344E0
1.180852262E1,-2.206411743E-1,4.345463562E-1,9.877060547E0,9.889076707E0
1.181855462E1,-2.049238586E-1,4.252656555E-1,9.881401520E0,9.892671058E0
1.182858562E1,-1.962419128E-1,4.291575623E-1,9.855954437E0,9.867245055E0
1.183861662E1,-2.053729248E-1,4.203259277E-1,9.810598755E0,9.821746273E0
1.184864862E1,-2.149530029E-1,4.164340210E-1,9.778415680E0,9.789639181E0
1.185867962E1,-2.327659607E-1,3.793112183E-1,9.771979065E0,9.782107740E0
1.186871162E1,-2.592608643E-1,3.511697388E-1,9.812844086E0,9.822547808E0
1.187874263E1,-2.528242493E-1,3.359014893E-1,9.886490936E0,9.895425860E0
1.188877362E1,-2.344125366E-1,3.574566650E-1,9.874366150E0,9.883614287E0
1.189880562E1,-2.399510193E-1,3.623963928E-1,9.795779572E0,9.805417128E0
1.190883662E1,-2.418969727E-1,3.707789612E-1,9.797875214E0,9.807871833E0
1.191886763E1,-2.194436646E-1,3.806584167E-1,9.914782104E0,9.924513113E0
1.192889962E1,-1.604663086E-1,3.839515686E-1,1.006926086E1,1.007785605E1
1.193893062E1,-1.493893433E-1,4.073030090E-1,1.003872437E1,1.004809434E1
1.194896262E1,-1.865121460E-1,4.317022705E-1,9.809401245E0,9.820667310E0
1.195899362E1,-2.754272461E-1,4.436773682E-1,9.633666687E0,9.647810301E0
1.196902462E1,-3.125500488E-1,4.195774841E-1,9.653425598E0,9.667593215E0
1.197905662E1,-2.897973633E-1,4.108955383E-1,9.812395020E0,9.825269140E0
1.198908762E1,-2.444416809E-1,3.766168213E-1,9.955647125E0,9.965766486E0
1.199911962E1,-1.841171265E-1,3.800596619E-1,9.979447632E0,9.988379223E0
1.200915062E1,-1.549278259E-1,4.046086121E-1,9.889484711E0,9.898970583E0
1.201918162E1,-1.618135071E-1,4.269122314E-1,9.798773346E0,9.809403486E0
1.202921363E1,-2.026785278E-1,4.644841003E-1,9.789941711E0,9.803049667E0
1.203924462E1,-2.528242493E-1,4.748126221E-1,9.830806732E0,9.845513096E0
1.204927662E1,-2.541714478E-1,5.032534790E-1,9.862989807E0,9.879090805E0
1.205930762E1,-2.308200073E-1,5.095404053E-1,9.879305878E0,9.895129808E0
1.206933863E1,-1.681004333E-1,5.453160095E-1,9.857601013E0,9.874103759E0
1.207937062E1,-1.489402771E-1,5.292993164E-1,9.862391052E0,9.877707135E0
1.208940162E1,-1.678010559E-1,4.923262024E-1,9.873168640E0,9.886860031E0
1.209943363E1,-1.694476318E-1,4.308041382E-1,9.885443115E0,9.896276587E0
1.210946462E1,-2.031275940E-1,3.900888062E-1,9.870623932E0,9.880417344E0
1.211949562E1,-2.101629639E-1,3.498225403E-1,9.830507355E0,9.838974496E0
1.212952762E1,-2.107617188E-1,3.463796997E-1,9.833650818E0,9.842006290E0
1.213955863E1,-2.255809021E-1,3.517684937E-1,9.812095642E0,9.820990210E0
1.214959062E1,-2.329156494E-1,3.483256531E-1,9.818681946E0,9.827619021E0
1.215962162E1,-2.237846375E-1,3.577560425E-1,9.824819183E0,9.833877208E0
1.216965262E1,-2.161505127E-1,3.649411011E-1,9.831405487E0,9.840550640E0
1.217968462E1,-1.947450256E-1,3.692820740E-1,9.825867004E0,9.834732191E0
1.218971562E1,-1.826202393E-1,3.881428528E-1,9.836045837E0,9.845395002E0
1.219974762E1,-2.037263489E-1,4.146377563E-1,9.851613464E0,9.862439695E0
1.220977862E1,-1.999841309E-1,4.215234375E-1,9.874216461E0,9.885232743E0
1.221980963E1,-2.124082947E-1,4.240681458E-1,9.899064789E0,9.910420514E0
1.222984162E1,-2.200424194E-1,4.376898193E-1,9.829758911E0,9.841958712E0
1.223987262E1,-2.495310974E-1,4.715194702E-1,9.762099609E0,9.776665340E0
1.224990362E1,-2.734812927E-1,4.824467468E-1,9.770781555E0,9.786506991E0
1.225993562E1,-2.601589966E-1,4.899311829E-1,9.814640350E0,9.830304190E0
1.226996662E1,-2.052232361E-1,4.707710266E-1,9.877808990E0,9.891150206E0
1.227999862E1,-1.663041687E-1,4.728666687E-1,9.899513855E0,9.912196251E0
1.229002963E1,-1.582209778E-1,4.653822327E-1,9.856403503E0,9.868652619E0
1.230006062E1,-1.775308228E-1,4.540058899E-1,9.837692413E0,9.849762970E0
1.231009262E1,-2.029779053E-1,4.459226990E-1,9.819131012E0,9.831346851E0
1.232012362E1,-2.071691895E-1,4.266128540E-1,9.858199768E0,9.869600816E0
1.233015562E1,-2.113604736E-1,4.204756165E-1,9.882898407E0,9.894096923E0
1.234018662E1,-2.348616028E-1,4.331991577E-1,9.893975372E0,9.906238951E0
1.235021762E1,-2.264790344E-1,4.453239441E-1,9.874665527E0,9.887296165E0
1.236024962E1,-2.055226135E-1,4.511618042E-1,9.841284943E0,9.853764552E0
1.237028062E1,-2.023791504E-1,4.641847229E-1,9.831255798E0,9.844288463E0
1.238031262E1,-1.908531189E-1,4.475692749E-1,9.838141479E0,9.850166036E0
1.239034362E1,-1.787283325E-1,4.358935547E-1,9.852361908E0,9.863619121E0
1.240037462E1,-1.963916016E-1,4.216731262E-1,9.869127045E0,9.880083325E0
1.241040662E1,-1.980381775E-1,4.032614136E-1,9.851014709E0,9.861253962E0
1.242043762E1,-2.025288391E-1,4.002676392E-1,9.832004242E0,9.842232446E0
1.243046962E1,-2.230361938E-1,3.957769775E-1,9.831106110E0,9.841597020E0
1.244050063E1,-2.179467773E-1,3.894900513E-1,9.841584320E0,9.851699611E0
1.245053162E1,-2.091151428E-1,3.920347595E-1,9.831555176E0,9.841590195E0
1.246056362E1,-2.174977112E-1,4.044589233E-1,9.814340973E0,9.825079186E0
1.247059462E1,-2.219883728E-1,4.032614136E-1,9.805808716E0,9.816607519E0
1.248062662E1,-2.246827698E-1,4.134402466E-1,9.809101868E0,9.820381593E0
1.249065762E1,-2.317181396E-1,4.047583008E-1,9.821226654E0,9.832294522E0
1.250068862E1,-2.101629639E-1,4.016148376E-1,9.849966888E0,9.860390999E0
1.251072062E1,-2.177970886E-1,4.433779907E-1,9.879305878E0,9.891648206E0
1.252075162E1,-2.245330811E-1,4.498146057E-1,9.877210236E0,9.889996477E0
1.253078362E1,-2.092648315E-1,4.296066284E-1,9.885443115E0,9.896986370E0
1.254081462E1,-2.103126526E-1,4.456233215E-1,9.859696655E0,9.872002314E0
1.255084562E1,-2.192939758E-1,4.433779907E-1,9.855056305E0,9.867462119E0
1.256087762E1,-2.338137817E-1,4.577481079E-1,9.854307861E0,9.867704173E0
1.257090862E1,-2.320175171E-1,4.516108704E-1,9.838740234E0,9.851832008E0
1.258094062E1,-2.389031982E-1,4.517605591E-1,9.839039612E0,9.852302412E0
1.259097163E1,-2.387535095E-1,4.534071350E-1,9.842033386E0,9.855364146E0
1.260100262E1,-2.260299683E-1,4.457730103E-1,9.846973114E0,9.859649214E0
1.261103462E1,-2.203417969E-1,4.252656555E-1,9.828860779E0,9.840523644E0
1.262106562E1,-1.963916016E-1,4.221221924E-1,9.826016693E0,9.837040249E0
1.263109663E1,-1.924996948E-1,4.186793518E-1,9.861492920E0,9.872253600E0
1.264112862E1,-1.965412903E-1,4.137396240E-1,9.875863037E0,9.886479641E0
1.265115962E1,-2.043251038E-1,4.222718811E-1,9.861941986E0,9.873092830E0
1.266119162E1,-2.206411743E-1,4.150868225E-1,9.849817200E0,9.861028266E0
1.267122262E1,-2.311193848E-1,4.085005188E-1,9.827962646E0,9.839163512E0
1.268125362E1,-2.297721863E-1,4.034111023E-1,9.848919067E0,9.859855099E0
1.269128562E1,-2.269281006E-1,4.227209473E-1,9.881551208E0,9.893191783E0
1.270131662E1,-2.017803955E-1,4.478686523E-1,9.872270508E0,9.884484136E0
1.271134862E1,-2.029779053E-1,4.367916870E-1,9.837393036E0,9.849177060E0
1.272137962E1,-2.221380615E-1,4.552033997E-1,9.766290894E0,9.779416817E0
1.273141062E1,-2.366578674E-1,4.463717651E-1,9.761051788E0,9.774118206E0
1.274144263E1,-2.435435486E-1,4.308041382E-1,9.792785797E0,9.805282216E0
1.275147362E1,-2.353106689E-1,3.986210632E-1,9.881251831E0,9.892088132E0
1.276150562E1,-2.237846375E-1,4.041595459E-1,9.913434906E0,9.924193475E0
1.277153662E1,-2.224374390E-1,4.291575623E-1,9.848919067E0,9.860773875E0
1.278156763E1,-2.246827698E-1,4.326004028E-1,9.794132996E0,9.806256502E0
1.279159987E1,-2.174977112E-1,4.243675232E-1,9.888287201E0,9.899778625E0
1.280163087E1,-2.014810181E-1,4.342469788E-1,1.002375549E1,1.003518008E1
1.281166287E1,-1.435514832E-1,4.378395081E-1,1.008437943E1,1.009490064E1
1.282169387E1,-1.857637024E-1,4.561015320E-1,9.887389069E0,9.899646426E0
1.283172487E1,-2.769241333E-1,4.661306763E-1,9.650581512E0,9.665799931E0
1.284175687E1,-3.261717224E-1,4.556524658E-1,9.600585480E0,9.616925118E0
1.285178787E1,-2.915936279E-1,4.161346436E-1,9.741741943E0,9.754984930E0
1.286181987E1,-2.112107849E-1,3.803590393E-1,9.938432922E0,9.947951143E0
1.287185087E1,-1.511856079E-1,3.794609070E-1,1.002360580E1,1.003192509E1
1.288188187E1,-1.294807434E-1,3.963757324E-1,9.936786346E0,9.945531754E0
1.289191388E1,-1.555265808E-1,4.089495850E-1,9.813442841E0,9.823191369E0
1.290194487E1,-1.992356873E-1,4.448748779E-1,9.778864746E0,9.791006293E0
1.291197687E1,-2.640509033E-1,4.505630493E-1,9.811646576E0,9.825535022E0
1.292200787E1,-2.573149109E-1,4.623884583E-1,9.847871246E0,9.862077983E0
1.293203888E1,-2.526745605E-1,4.921765137E-1,9.878707123E0,9.894187009E0
1.294207087E1,-2.180964661E-1,5.161267090E-1,9.842632141E0,9.858567863E0
1.295210187E1,-1.893562317E-1,5.298980713E-1,9.840386810E0,9.856462871E0
1.296213388E1,-1.835183716E-1,5.101391602E-1,9.837991791E0,9.852918523E0
1.297216487E1,-2.076182556E-1,4.531077576E-1,9.863887939E0,9.876471904E0
1.298219587E1,-2.116598511E-1,4.144880676E-1,9.885443115E0,9.896392567E0
1.299222787E1,-2.137554932E-1,3.899391174E-1,9.876162415E0,9.886168518E0
1.300225887E1,-2.480342102E-1,3.841012573E-1,9.866582336E0,9.877170736E0
1.301229087E1,-2.501298523E-1,3.842509460E-1,9.846823425E0,9.857491836E0
1.302232187E1,-2.612068176E-1,3.878434753E-1,9.826615448E0,9.837734634E0
1.303235287E1,-2.683918762E-1,4.101470947E-1,9.811945953E0,9.824181301E0
1.304238487E1,-2.412982178E-1,3.870950317E-1,9.802066498E0,9.812674203E0
1.305241587E1,-2.203417969E-1,3.995191956E-1,9.829758911E0,9.840341780E0
1.306244687E1,-2.077679443E-1,4.034111023E-1,9.845176849E0,9.855628607E0
1.307247887E1,-1.884580994E-1,4.323010254E-1,9.844278717E0,9.855568177E0
1.308250988E1,-1.932481384E-1,4.213737488E-1,9.872420197E0,9.883298094E0
1.309254187E1,-1.983375549E-1,4.441264343E-1,9.895921326E0,9.907867831E0
1.310257287E1,-2.089654541E-1,4.601431274E-1,9.834698639E0,9.847674628E0
1.311260387E1,-2.406994629E-1,4.709207153E-1,9.767488403E0,9.781795963E0
1.312263587E1,-2.823129272E-1,4.869374084E-1,9.775122528E0,9.791313960E0
1.313266687E1,-2.607577515E-1,4.924758911E-1,9.761800232E0,9.777692513E0
1.314269887E1,-2.115101624E-1,4.933740234E-1,9.848619690E0,9.863238022E0
1.315272988E1,-1.640588379E-1,4.803511047E-1,9.895172882E0,9.908183428E0
1.316276087E1,-1.555265808E-1,4.580474854E-1,9.891730042E0,9.903550839E0
1.317279287E1,-1.713935852E-1,4.471202087E-1,9.839039612E0,9.850684886E0
1.318282387E1,-1.904040527E-1,4.343966675E-1,9.826316071E0,9.837755927E0
1.319285587E1,-2.329156494E-1,4.355941772E-1,9.838291168E0,9.850683484E0
1.320288687E1,-2.372566223E-1,4.361929321E-1,9.861343231E0,9.873836402E0
1.321291787E1,-2.348616028E-1,4.297563171E-1,9.895023193E0,9.907135533E0
1.322294987E1,-2.424957275E-1,4.442761230E-1,9.884395294E0,9.897345896E0
1.323298087E1,-2.164498901E-1,4.532574463E-1,9.858948212E0,9.871735040E0
1.324301287E1,-2.176473999E-1,4.572990417E-1,9.841284943E0,9.854307795E0
1.325304387E1,-2.026785278E-1,4.357438660E-1,9.818681946E0,9.830435721E0
1.326307487E1,-2.098635864E-1,4.221221924E-1,9.815987549E0,9.827300821E0
1.327310687E1,-2.230361938E-1,4.010160828E-1,9.828262024E0,9.838968109E0
1.328313787E1,-2.299218750E-1,3.965254211E-1,9.822424164E0,9.833113084E0
1.329316987E1,-2.383044434E-1,3.998185730E-1,9.837842102E0,9.848846690E0
1.330320088E1,-2.342628479E-1,3.882925415E-1,9.841734009E0,9.852176332E0
1.331323187E1,-2.306703186E-1,3.894900513E-1,9.845326538E0,9.855727570E0
1.332326387E1,-2.278262329E-1,3.918850708E-1,9.862391052E0,9.872802843E0
1.333329487E1,-2.182461548E-1,3.852987671E-1,9.879754944E0,9.889673618E0
1.334332687E1,-2.321672058E-1,3.808081055E-1,9.881551208E0,9.891611128E0
1.335335787E1,-2.197430420E-1,3.776646423E-1,9.881850586E0,9.891505881E0
1.336338887E1,-2.204914856E-1,3.791615295E-1,9.874515839E0,9.884252274E0
1.337342087E1,-2.176473999E-1,3.869453430E-1,9.889035645E0,9.898996064E0
1.338345187E1,-2.047741699E-1,3.851490784E-1,9.892777863E0,9.902389919E0
1.339348287E1,-2.137554932E-1,3.809577942E-1,9.879006500E0,9.888659651E0
1.340351487E1,-2.179467773E-1,3.921844482E-1,9.890831909E0,9.901003247E0
1.341354587E1,-2.139051819E-1,4.102967834E-1,9.898016968E0,9.908826306E0
1.342357787E1,-2.005828857E-1,4.260140991E-1,9.872569885E0,9.883792675E0
1.343360887E1,-2.164498901E-1,4.575984192E-1,9.838889923E0,9.851903460E0
1.344363987E1,-2.354603577E-1,4.703219604E-1,9.815688171E0,9.829770018E0
1.345367188E1,-2.519261169E-1,4.745132446E-1,9.811047821E0,9.825746228E0
1.346370287E1,-2.580633545E-1,4.748126221E-1,9.814191284E0,9.829058667E0
1.347373487E1,-2.763253784E-1,4.412823486E-1,9.837093658E0,9.850862778E0
1.348376587E1,-2.841091919E-1,4.114942932E-1,9.845925293E0,9.858615038E0
1.349379688E1,-2.649490356E-1,4.029620361E-1,9.852062531E0,9.863858905E0
1.350382887E1,-2.571652222E-1,3.932322693E-1,9.850266266E0,9.861465970E0
1.351385987E1,-2.357597351E-1,3.707789612E-1,9.880503387E0,9.890268292E0
1.352389187E1,-2.233355713E-1,3.832031250E-1,9.868378601E0,9.878340935E0
1.353392287E1,-2.094145203E-1,3.912863159E-1,9.851912842E0,9.861903775E0
1.354395387E1,-2.160008240E-1,3.733236694E-1,9.840386810E0,9.849834491E0
1.355398587E1,-2.200424194E-1,3.764671326E-1,9.827962646E0,9.837631623E0
1.356401687E1,-2.189945984E-1,3.685336304E-1,9.841434631E0,9.850767040E0
1.357404887E1,-2.303709412E-1,3.589535522E-1,9.839189301E0,9.848429546E0
1.358407987E1,-2.314187622E-1,3.529660034E-1,9.808802490E0,9.817878892E0
1.359411087E1,-2.308200073E-1,3.646417236E-1,9.803264008E0,9.812758362E0
1.360414288E1,-2.454895020E-1,3.589535522E-1,9.807455292E0,9.817091833E0
1.361417387E1,-2.618055725E-1,3.676354980E-1,9.843081207E0,9.853423043E0
1.362420587E1,-2.483335876E-1,3.838018799E-1,9.851763153E0,9.862363341E0
1.363423687E1,-2.504292297E-1,4.076023865E-1,9.842033386E0,9.853652910E0
1.364426788E1,-2.333647156E-1,4.089495850E-1,9.815239105E0,9.826526220E0
1.365429987E1,-2.324665833E-1,4.258644104E-1,9.835447083E0,9.847406792E0
1.366433087E1,-2.174977112E-1,4.215234375E-1,9.837842102E0,9.849270252E0
1.367436287E1,-2.341131592E-1,4.080514526E-1,9.881551208E0,9.892743262E0
1.368439387E1,-2.186952209E-1,3.965254211E-1,9.893675995E0,9.904033759E0
1.369442487E1,-2.260299683E-1,3.924838257E-1,9.864935760E0,9.875327370E0
1.370445687E1,-2.531236267E-1,4.116439819E-1,9.826615448E0,9.838490408E0
1.371448787E1,-2.718347168E-1,4.004173279E-1,9.815239105E0,9.827163723E0
1.372451987E1,-2.535726929E-1,3.927832031E-1,9.834998016E0,9.846103988E0
1.373455087E1,-2.109114075E-1,3.839515686E-1,9.924661560E0,9.934324814E0
1.374458187E1,-1.616638184E-1,3.730242920E-1,1.005249573E1,1.006071333E1
1.375461388E1,-1.474433899E-1,3.664379883E-1,9.909542999E0,9.917411901E0
1.376464487E1,-2.270777893E-1,3.775149536E-1,9.725575562E0,9.735548360E0
1.377467687E1,-2.844085693E-1,3.629951477E-1,9.721234589E0,9.732166030E0
1.378470725E1,-2.733316040E-1,3.671864319E-1,9.779014435E0,9.789722129E0
1.379473825E1,-2.302212524E-1,3.483256531E-1,9.876761169E0,9.885582622E0
1.380477025E1,-2.088157654E-1,3.495231628E-1,9.905651093E0,9.914015031E0
1.381480125E1,-1.938468933E-1,3.701802063E-1,9.830357666E0,9.839234820E0
1.382483225E1,-2.074685669E-1,4.055067444E-1,9.772428131E0,9.783037897E0
1.383486425E1,-2.639012146E-1,4.402345276E-1,9.790839844E0,9.804284530E0
1.384489525E1,-2.656974792E-1,4.517605591E-1,9.833950195E0,9.847906336E0
1.385492725E1,-2.659968567E-1,4.532574463E-1,9.853858795E0,9.867863487E0
1.386495825E1,-2.636018372E-1,4.519102478E-1,9.888436890E0,9.902267060E0
1.387498925E1,-2.344125366E-1,4.436773682E-1,9.876162415E0,9.888902006E0
1.388502125E1,-2.086660767E-1,4.120930481E-1,9.895023193E0,9.905798615E0
1.389505225E1,-1.823208618E-1,3.728746033E-1,9.921667786E0,9.930345815E0
1.390508425E1,-1.842668152E-1,3.321592712E-1,9.938582611E0,9.945838746E0
1.391511525E1,-2.017803955E-1,3.088078308E-1,9.926008759E0,9.932860992E0
1.392514625E1,-2.192939758E-1,3.110531616E-1,9.883048096E0,9.890373278E0
1.393517825E1,-2.378553772E-1,3.341052246E-1,9.829010468E0,9.837563126E0
1.394520925E1,-2.529739380E-1,3.450325012E-1,9.776469727E0,9.785826667E0
1.395524125E1,-2.594105530E-1,3.638932800E-1,9.753417664E0,9.763650356E0
1.396527225E1,-2.448907471E-1,3.725752258E-1,9.755213928E0,9.765397205E0
1.397530325E1,-2.227368164E-1,3.691323853E-1,9.793085175E0,9.802570461E0
1.398533525E1,-1.990859985E-1,3.731739807E-1,9.833650818E0,9.842742629E0
1.399536625E1,-2.050735474E-1,3.716770935E-1,9.856702881E0,9.865839584E0
1.400539825E1,-1.947450256E-1,3.706292725E-1,9.881401520E0,9.890267321E0
1.401542925E1,-2.070195007E-1,3.808081055E-1,9.899962921E0,9.909446893E0
1.402546025E1,-2.296224976E-1,3.824546814E-1,9.849368134E0,9.859465031E0
1.403549225E1,-2.628533936E-1,4.026626587E-1,9.849368134E0,9.861099419E0
1.404552325E1,-2.755769348E-1,4.324507141E-1,9.851463776E0,9.864800798E0
1.405555525E1,-2.486329651E-1,4.499642944E-1,9.837692413E0,9.851115583E0
1.406558625E1,-2.224374390E-1,4.272116089E-1,9.807455292E0,9.819275303E0
1.407561725E1,-2.046244812E-1,4.008663940E-1,9.773925018E0,9.784282054E0
1.408564925E1,-2.010319519E-1,3.888912964E-1,9.820178833E0,9.829931973E0
1.409568025E1,-1.892065430E-1,3.788621521E-1,9.914632416E0,9.923672283E0
1.410571225E1,-2.074685669E-1,3.826043701E-1,9.941875763E0,9.951398042E0
1.411574325E1,-2.109114075E-1,3.722758484E-1,9.940378876E0,9.949583163E0
1.412577425E1,-2.091151428E-1,3.900888062E-1,9.898166656E0,9.908057407E0
1.413580625E1,-2.163002014E-1,3.960763550E-1,9.832902374E0,9.843253088E0
1.414583725E1,-2.209405518E-1,3.968247986E-1,9.825417938E0,9.835909836E0
1.415586925E1,-2.293231201E-1,3.968247986E-1,9.830657043E0,9.841335119E0
1.416590025E1,-2.113604736E-1,3.870950317E-1,9.852212219E0,9.862078961E0
1.417593125E1,-2.068698120E-1,3.944297791E-1,9.844278717E0,9.854348960E0
1.418596325E1,-2.025288391E-1,3.839515686E-1,9.853858795E0,9.863415732E0
1.419599425E1,-2.149530029E-1,3.823049927E-1,9.846823425E0,9.856586299E0
1.420602625E1,-2.165995789E-1,3.558100891E-1,9.838291168E0,9.847105631E0
1.421605725E1,-2.151026917E-1,3.457809448E-1,9.834848328E0,9.843275637E0
1.422608825E1,-2.317181396E-1,3.382965088E-1,9.835746460E0,9.844290033E0
1.423612025E1,-2.368075562E-1,3.318598938E-1,9.835147705E0,9.843593815E0
1.424615125E1,-2.209405518E-1,3.332070923E-1,9.853559418E0,9.861666943E0
1.425618325E1,-2.206411743E-1,3.332070923E-1,9.843380585E0,9.851489777E0
1.426621425E1,-2.085163879E-1,3.412902832E-1,9.836045837E0,9.844173701E0
1.427624525E1,-2.101629639E-1,3.583547974E-1,9.823022919E0,9.831803797E0
1.428627725E1,-2.112107849E-1,3.525169373E-1,9.839039612E0,9.847617919E0
1.429630825E1,-2.151026917E-1,3.600013733E-1,9.843380585E0,9.852309957E0
1.430633925E1,-2.333647156E-1,3.568579102E-1,9.839189301E0,9.848423871E0
1.431637125E1,-2.362088013E-1,3.647914124E-1,9.839937744E0,9.849530049E0
1.432640225E1,-2.231858826E-1,3.734733582E-1,9.847571869E0,9.857178400E0
1.433643425E1,-2.249821472E-1,3.800596619E-1,9.831555176E0,9.841470393E0
1.434646525E1,-2.234852600E-1,3.978726196E-1,9.836644592E0,9.847224234E0
1.435649725E1,-2.107617188E-1,3.903881836E-1,9.828711090E0,9.838718673E0
1.436652825E1,-2.155517578E-1,3.999682617E-1,9.824519806E0,9.835020416E0
1.437655925E1,-2.121089172E-1,4.046086121E-1,9.829459534E0,9.840069768E0
1.438659125E1,-2.107617188E-1,3.891906738E-1,9.840536499E0,9.850484682E0
1.439662225E1,-2.094145203E-1,3.814068604E-1,9.862989807E0,9.872582923E0
1.440665425E1,-2.122586060E-1,3.836521912E-1,9.865833893E0,9.875571939E0
1.441668525E1,-2.242337036E-1,3.674858093E-1,9.843081207E0,9.852490763E0
1.442671625E1,-2.339634705E-1,3.617976379E-1,9.841434631E0,9.850861487E0
1.443674825E1,-2.294728088E-1,3.631448364E-1,9.844129028E0,9.853497261E0
1.444677925E1,-2.152523804E-1,3.635939026E-1,9.868677979E0,9.877719330E0
1.445681125E1,-1.743873596E-1,3.826043701E-1,9.877509613E0,9.886455038E0
1.446684225E1,-1.820214844E-1,3.960763550E-1,9.842332764E0,9.851980640E0
1.447687325E1,-1.917512512E-1,4.034111023E-1,9.816885681E0,9.827041953E0
1.448690525E1,-1.799258423E-1,3.746708679E-1,9.806856537E0,9.815660278E0
1.449693625E1,-1.877096558E-1,3.725752258E-1,9.833201752E0,9.842047750E0
1.450696725E1,-2.234852600E-1,3.725752258E-1,9.869725800E0,9.879283644E0
1.451699925E1,-2.143542480E-1,3.619473267E-1,9.876162415E0,9.885116977E0
1.452703025E1,-2.272274780E-1,3.608995056E-1,9.864187317E0,9.873402261E0
1.453706225E1,-2.201921082E-1,3.833528137E-1,9.827214203E0,9.837153193E0
1.454709325E1,-2.185455322E-1,3.791615295E-1,9.806407471E0,9.816167944E0
1.455712425E1,-2.077679443E-1,3.694317627E-1,9.805509338E0,9.814665594E0
1.456715625E1,-2.053729248E-1,3.549119568E-1,9.895322571E0,9.903814887E0
1.457718725E1,-1.257385254E-1,3.540138245E-1,1.000264938E1,1.000970183E1
1.458721925E1,-1.128652954E-1,3.640429688E-1,9.898615723E0,9.905950691E0
1.459725025E1,-2.013313293E-1,3.761677551E-1,9.747729492E0,9.757062403E0
1.460728125E1,-2.589614868E-1,3.656895447E-1,9.729317780E0,9.739631120E0
1.461731325E1,-2.489323425E-1,3.647914124E-1,9.796827393E0,9.806776588E0
1.462734425E1,-2.365081787E-1,3.567082214E-1,9.890382843E0,9.899638865E0
1.463737625E1,-1.981878662E-1,3.444337463E-1,9.913734283E0,9.921695444E0
1.464740725E1,-1.654060364E-1,3.625460815E-1,9.833650818E0,9.841721761E0
1.465743825E1,-1.710942078E-1,4.110452271E-1,9.793384552E0,9.803500007E0
1.466747025E1,-1.965412903E-1,4.282594299E-1,9.791737976E0,9.803069275E0
1.467750125E1,-2.031275940E-1,4.578977966E-1,9.819879456E0,9.832647850E0
1.468753325E1,-1.869612122E-1,4.770579529E-1,9.874366150E0,9.887651169E0
1.469756425E1,-1.685494995E-1,4.718188477E-1,9.873468018E0,9.886171790E0
1.470759525E1,-1.562750244E-1,4.574487305E-1,9.868079224E0,9.879912388E0
1.471762725E1,-1.681004333E-1,4.126918030E-1,9.882748718E0,9.892790026E0
1.472765825E1,-1.817221069E-1,3.845503235E-1,9.925709381E0,9.934817995E0
1.473769025E1,-1.948947144E-1,3.206332397E-1,9.929900665E0,9.936987312E0
1.474772125E1,-2.013313293E-1,3.001258850E-1,9.904154205E0,9.910745702E0
1.475775225E1,-1.871109009E-1,3.348536682E-1,9.871821442E0,9.879271028E0
1.476778425E1,-2.005828857E-1,3.526666260E-1,9.821376343E0,9.829752820E0
1.477781525E1,-2.082170105E-1,3.650907898E-1,9.790091400E0,9.799108900E0
1.478784754E1,-1.974394226E-1,3.719764709E-1,9.788893890E0,9.797948378E0
1.479787854E1,-1.890568542E-1,3.736230469E-1,9.783505096E0,9.792461828E0
1.480790954E1,-1.752854919E-1,3.667373657E-1,9.796528015E0,9.804957035E0
1.481794154E1,-1.666035461E-1,3.571572876E-1,9.817933502E0,9.825840235E0
1.482797254E1,-1.688488770E-1,3.442840576E-1,9.844727783E0,9.852192983E0
1.483800454E1,-1.808239746E-1,3.507206726E-1,9.867181091E0,9.875067847E0
1.484803554E1,-1.953437805E-1,3.496728516E-1,9.892179108E0,9.900284733E0
1.485806654E1,-1.978884888E-1,3.751199341E-1,9.882149963E0,9.891246773E0
1.486809854E1,-2.062710571E-1,4.159849548E-1,9.857750702E0,9.868679756E0
1.487812954E1,-2.186952209E-1,4.373904419E-1,9.830507355E0,9.842662894E0
1.488816154E1,-2.073188782E-1,4.430786133E-1,9.836195526E0,9.848352258E0
1.489819254E1,-1.718426514E-1,4.294569397E-1,9.816885681E0,9.827777350E0
1.490822354E1,-1.649569702E-1,4.182302856E-1,9.781559143E0,9.791885755E0
1.491825554E1,-1.689985657E-1,3.930825806E-1,9.810898132E0,9.820223857E0
1.492828654E1,-1.692979431E-1,3.812571716E-1,9.902058563E0,9.910841670E0
1.493831854E1,-1.787283325E-1,3.701802063E-1,9.915979614E0,9.924496406E0
1.494834954E1,-1.877096558E-1,3.866459656E-1,9.929900665E0,9.939198018E0
1.495838054E1,-1.893562317E-1,3.785627747E-1,9.881401520E0,9.890463162E0
1.496841254E1,-1.781295776E-1,3.869453430E-1,9.851164398E0,9.860370016E0
1.497844354E1,-1.811233521E-1,4.105961609E-1,9.815987549E0,9.826240707E0
1.498847554E1,-1.827699280E-1,4.062551880E-1,9.826765137E0,9.836857281E0
1.499850654E1,-1.975891113E-1,4.022135925E-1,9.849517822E0,9.859706819E0
1.500853754E1,-1.869612122E-1,3.811074829E-1,9.875264282E0,9.884383747E0
1.501856954E1,-1.784289551E-1,3.752696228E-1,9.865833893E0,9.874580628E0
1.502860054E1,-1.854643250E-1,3.691323853E-1,9.855355682E0,9.864009903E0
1.503863254E1,-1.824705505E-1,3.582051086E-1,9.840686188E0,9.848893900E0
1.504866354E1,-1.760339355E-1,3.498225403E-1,9.789941711E0,9.797771301E0
1.505869454E1,-1.999841309E-1,3.369493103E-1,9.796827393E0,9.804659884E0
1.506872654E1,-1.980381775E-1,3.432362366E-1,9.804760895E0,9.812765484E0
1.507875754E1,-1.924996948E-1,3.372486877E-1,9.832153931E0,9.839819293E0
1.508878954E1,-1.993853760E-1,3.426374817E-1,9.829609222E0,9.837599933E0
1.509882054E1,-1.969903564E-1,3.665876770E-1,9.833501129E0,9.842303398E0
1.510885154E1,-2.010319519E-1,3.721261597E-1,9.823621674E0,9.832722640E0
1.511888354E1,-1.984872437E-1,3.824546814E-1,9.821526031E0,9.830973622E0
1.512891454E1,-2.037263489E-1,3.716770935E-1,9.855205994E0,9.864316168E0
1.513894554E1,-2.004331970E-1,3.812571716E-1,9.860295410E0,9.869698885E0
1.514897754E1,-2.047741699E-1,3.983216858E-1,9.852511597E0,9.862686114E0
1.515900854E1,-1.935475159E-1,3.844006348E-1,9.858499146E0,9.867888826E0
1.516904054E1,-1.941462708E-1,3.932322693E-1,9.874216461E0,9.883950380E0
1.517907154E1,-1.987866211E-1,4.122427368E-1,9.905651093E0,9.916218219E0
1.518910254E1,-2.001338196E-1,3.957769775E-1,9.910890198E0,9.920808307E0
1.519913454E1,-2.121089172E-1,3.963757324E-1,9.888436890E0,9.898650819E0
1.520916554E1,-2.281256104E-1,3.848497009E-1,9.875863037E0,9.885991165E0
1.521919754E1,-2.097138977E-1,3.950285339E-1,9.884694672E0,9.894807538E0
1.522922854E1,-2.065704346E-1,3.926335144E-1,9.904004517E0,9.913936548E0
1.523925954E1,-1.933978271E-1,4.062551880E-1,9.885293427E0,9.895527885E0
1.524929154E1,-1.793270874E-1,4.092489624E-1,9.861792297E0,9.871909148E0
1.525932254E1,-1.781295776E-1,4.328997803E-1,9.791438599E0,9.802622210E0
1.526935454E1,-1.895059204E-1,4.161346436E-1,9.779014435E0,9.789698864E0
1.527938554E1,-2.070195007E-1,4.114942932E-1,9.765542450E0,9.776400358E0
1.528941654E1,-2.243833923E-1,3.899391174E-1,9.766440582E0,9.776797127E0
1.529944854E1,-2.216889954E-1,3.920347595E-1,9.790989532E0,9.801342423E0
1.530947954E1,-2.375559998E-1,3.809577942E-1,9.735155640E0,9.745502400E0
1.531951154E1,-2.574645996E-1,3.643423462E-1,9.730964355E0,9.741185793E0
1.532954254E1,-2.179467773E-1,3.439846802E-1,9.910890198E0,9.919252531E0
1.533957354E1,-1.501377869E-1,3.400927734E-1,1.008512787E1,1.009197744E1
1.534960554E1,-9.520202637E-2,3.565585327E-1,1.001402573E1,1.002082375E1
1.535963654E1,-1.460961914E-1,4.028123474E-1,9.794432373E0,9.803800661E0
1.536966854E1,-1.996847534E-1,4.173321533E-1,9.608968048E0,9.620099120E0
1.537969954E1,-2.586621094E-1,4.064048767E-1,9.587562561E0,9.599657643E0
1.538973054E1,-2.553689575E-1,3.803590393E-1,9.749974823E0,9.760732316E0
1.539976254E1,-1.874102783E-1,3.481759644E-1,9.892927551E0,9.900826463E0
1.540979354E1,-1.231938171E-1,3.477268982E-1,9.926607513E0,9.933459993E0
1.541982554E1,-1.104702759E-1,3.688330078E-1,9.865833893E0,9.873343905E0
1.542985654E1,-1.466949463E-1,3.882925415E-1,9.799372101E0,9.808159056E0
1.543988754E1,-2.246827698E-1,4.104464722E-1,9.787995758E0,9.799173925E0
1.544991954E1,-3.082090759E-1,4.206253052E-1,9.811796265E0,9.825643206E0
1.545995054E1,-3.083587646E-1,4.381388855E-1,9.864187317E0,9.878726752E0
1.546998254E1,-2.502795410E-1,4.719685364E-1,9.868977356E0,9.883425934E0
1.548001354E1,-2.017803955E-1,4.969665527E-1,9.876012726E0,9.890567145E0
1.549004454E1,-1.407073975E-1,4.972659302E-1,9.903405762E0,9.916880440E0
1.550007654E1,-9.924362183E-2,4.876858521E-1,9.922565918E0,9.935039063E0
1.551010754E1,-9.714797974E-2,4.438270569E-1,9.920470276E0,9.930868576E0
1.552013954E1,-1.154100037E-1,4.102967834E-1,9.890682220E0,9.899861499E0
1.553017054E1,-1.493893433E-1,3.803590393E-1,9.873767395E0,9.882220031E0
1.554020154E1,-1.754351807E-1,3.564088440E-1,9.830207977E0,9.838231225E0
1.555023354E1,-1.935475159E-1,3.820056152E-1,9.831555176E0,9.840877304E0
1.556026454E1,-2.050735474E-1,3.863465881E-1,9.845925293E0,9.855636140E0
1.557029654E1,-2.020797729E-1,3.956272888E-1,9.829160156E0,9.839194406E0
1.558032754E1,-1.911524963E-1,4.188290405E-1,9.837842102E0,9.848608748E0
1.559035854E1,-1.898052979E-1,4.261637878E-1,9.817933502E0,9.829011134E0
1.560039054E1,-1.933978271E-1,4.290078735E-1,9.806557159E0,9.817841606E0
1.561042154E1,-1.975891113E-1,4.022135925E-1,9.837692413E0,9.847893645E0
1.562045354E1,-2.106120300E-1,4.132905579E-1,9.860445099E0,9.871349657E0
1.563048454E1,-1.986369324E-1,4.004173279E-1,9.871222687E0,9.881337359E0
1.564051554E1,-2.061213684E-1,4.158352661E-1,9.852062531E0,9.862988446E0
1.565054754E1,-2.332150269E-1,4.177812195E-1,9.850415955E0,9.862029450E0
1.566057854E1,-2.350112915E-1,4.525090027E-1,9.844428406E0,9.857624731E0
1.567061054E1,-2.185455322E-1,4.611909485E-1,9.794132996E0,9.807420679E0
1.568064154E1,-1.826202393E-1,4.336482239E-1,9.779912567E0,9.791225192E0
1.569067254E1,-1.568737793E-1,4.197271729E-1,9.810149689E0,9.820377650E0
1.570070454E1,-1.577719116E-1,4.152365112E-1,9.824220428E0,9.834257489E0
1.571073554E1,-1.465452576E-1,3.917353821E-1,9.823022919E0,9.831923077E0
1.572076754E1,-1.743873596E-1,4.096980286E-1,9.845476227E0,9.855539841E0
1.573079854E1,-1.923500061E-1,4.170327759E-1,9.860445099E0,9.871134302E0
1.574082954E1,-2.082170105E-1,4.179309082E-1,9.869576111E0,9.880615020E0
1.575086154E1,-2.273771667E-1,4.224215698E-1,9.887838135E0,9.899468841E0
1.576089254E1,-2.309696960E-1,4.367916870E-1,9.875713348E0,9.888065944E0
1.577092454E1,-2.173480225E-1,4.481680298E-1,9.859546967E0,9.872120397E0
1.578095554E1,-2.047741699E-1,4.525090027E-1,9.846224670E0,9.858744196E0
1.579098654E1,-1.902543640E-1,4.637356567E-1,9.875413971E0,9.888126647E0
1.580101854E1,-1.701960754E-1,4.567002869E-1,9.883048096E0,9.895058439E0
1.581104954E1,-1.713935852E-1,4.293072510E-1,9.871222687E0,9.882040164E0
1.582108154E1,-1.788780212E-1,4.346960449E-1,9.860594788E0,9.871792520E0
1.583111254E1,-1.826202393E-1,4.141886902E-1,9.848470001E0,9.858867267E0
1.584114354E1,-2.077679443E-1,4.052073669E-1,9.847422180E0,9.857945228E0
1.585117554E1,-2.113604736E-1,3.884422302E-1,9.840985565E0,9.850916582E0
1.586120654E1,-2.083666992E-1,3.920347595E-1,9.837393036E0,9.847406241E0
1.587123854E1,-2.234852600E-1,3.903881836E-1,9.807604980E0,9.817915463E0
1.588126954E1,-2.215393066E-1,3.966751099E-1,9.809101868E0,9.819618641E0
1.589130054E1,-2.213896179E-1,3.977229309E-1,9.808952179E0,9.819508121E0
1.590133254E1,-2.151026917E-1,3.875440979E-1,9.841734009E0,9.851709897E0
1.591136354E1,-2.034269714E-1,3.906875610E-1,9.859846344E0,9.869680300E0
1.592139454E1,-1.833686829E-1,3.992198181E-1,9.874964905E0,9.884732288E0
1.593142654E1,-2.056723022E-1,4.200265503E-1,9.870025177E0,9.881099149E0
1.594145754E1,-1.939965820E-1,4.189787292E-1,9.842183075E0,9.853006928E0
1.595148954E1,-2.140548706E-1,4.346960449E-1,9.844129028E0,9.856046696E0
1.596152054E1,-2.209405518E-1,4.354444885E-1,9.851912842E0,9.864005944E0
1.597155154E1,-2.347119141E-1,4.317022705E-1,9.867181091E0,9.879408850E0
1.598158354E1,-2.345622253E-1,4.312532043E-1,9.865384827E0,9.877591637E0
1.599161454E1,-2.401007080E-1,4.330494690E-1,9.842033386E0,9.854481284E0
1.600164654E1,-2.496807861E-1,4.206253052E-1,9.827513580E0,9.839679330E0
1.601167754E1,-2.305206299E-1,4.240681458E-1,9.865235138E0,9.877035885E0
1.602170854E1,-2.050735474E-1,4.120930481E-1,9.888885956E0,9.899592986E0
1.603174054E1,-1.857637024E-1,4.388873291E-1,9.892777863E0,9.904250809E0
1.604177154E1,-1.839674377E-1,4.543052673E-1,9.853709106E0,9.865891772E0
1.605180354E1,-1.978884888E-1,4.547543335E-1,9.801318054E0,9.813857394E0
1.606183454E1,-2.192939758E-1,4.436773682E-1,9.778265991E0,9.790782668E0
1.607186554E1,-2.399510193E-1,4.188290405E-1,9.787247314E0,9.799143037E0
1.608189754E1,-2.383044434E-1,4.122427368E-1,9.848170624E0,9.859675335E0
1.609192854E1,-2.275268555E-1,4.050576782E-1,9.869576111E0,9.880504683E0
1.610196054E1,-2.321672058E-1,3.972738647E-1,9.796528015E0,9.807328346E0
1.611199154E1,-2.531236267E-1,3.938310242E-1,9.759554901E0,9.770777160E0
1.612202254E1,-2.160008240E-1,3.959266663E-1,9.877210236E0,9.887502026E0
1.613205454E1,-1.678010559E-1,3.986210632E-1,1.004590942E1,1.005521517E1
1.614208554E1,-1.221459961E-1,4.234693909E-1,1.006941055E1,1.007905129E1
1.615211754E1,-1.686991882E-1,4.294569397E-1,9.870174866E0,9.880953626E0
1.616214854E1,-2.552192688E-1,4.378395081E-1,9.658365326E0,9.671652448E0
1.617217954E1,-2.956352234E-1,4.305047607E-1,9.617649994E0,9.631818413E0
1.618221154E1,-2.926414490E-1,4.132905579E-1,9.754764862E0,9.767900778E0
1.619224254E1,-2.402503967E-1,3.948788452E-1,9.918973389E0,9.929737290E0
1.620227454E1,-1.785786438E-1,3.896397400E-1,9.988728333E0,9.997919942E0
1.621230554E1,-1.465452576E-1,3.918850708E-1,9.931696930E0,9.940505688E0
1.622233654E1,-1.498384094E-1,4.189787292E-1,9.835447083E0,9.845507302E0
1.623236854E1,-1.936972046E-1,4.487667847E-1,9.799521790E0,9.811704110E0
1.624239954E1,-2.510279846E-1,4.632865906E-1,9.815837860E0,9.829970621E0
1.625243154E1,-2.644999695E-1,4.632865906E-1,9.853409729E0,9.867840594E0
1.626246254E1,-2.598596191E-1,4.945715332E-1,9.891879730E0,9.907644151E0
1.627249354E1,-2.136058044E-1,5.177732849E-1,9.884844360E0,9.900700210E0
1.628252554E1,-1.930984497E-1,5.349874878E-1,9.889634399E0,9.905976336E0
1.629255654E1,-1.889071655E-1,5.081932068E-1,9.871821442E0,9.886698379E0
1.630258854E1,-1.916015625E-1,4.640350342E-1,9.866881714E0,9.879645461E0
1.631261954E1,-2.121089172E-1,4.246669006E-1,9.860744476E0,9.872163582E0
1.632265054E1,-2.062710571E-1,4.037104797E-1,9.859546967E0,9.869964351E0
1.633268254E1,-2.291734314E-1,4.011657715E-1,9.826016693E0,9.836872394E0
1.634271354E1,-2.308200073E-1,3.950285339E-1,9.817634125E0,9.828289028E0
1.635274554E1,-2.374063110E-1,3.854484558E-1,9.820029144E0,9.830458009E0
1.636277654E1,-2.487826538E-1,3.842509460E-1,9.816286926E0,9.826954290E0
1.637280754E1,-2.417472839E-1,3.833528137E-1,9.820627899E0,9.831079974E0
1.638283954E1,-2.242337036E-1,3.817062378E-1,9.830058289E0,9.840021665E0
1.639287054E1,-2.058219910E-1,4.001179504E-1,9.833201752E0,9.843490933E0
1.640290254E1,-2.107617188E-1,4.011657715E-1,9.858798523E0,9.869207810E0
1.641293354E1,-2.022294617E-1,4.153862000E-1,9.871072998E0,9.881878596E0
1.642296454E1,-2.106120300E-1,4.385879517E-1,9.890981598E0,9.902940664E0
1.643299654E1,-2.284249878E-1,4.411326599E-1,9.845326538E0,9.857851218E0
1.644302754E1,-2.468367004E-1,4.620890808E-1,9.777068481E0,9.791094054E0
1.645305954E1,-2.803669739E-1,4.634362793E-1,9.770332489E0,9.785334730E0
1.646309054E1,-2.704875183E-1,4.653822327E-1,9.797426147E0,9.812201753E0
1.647312154E1,-2.218386841E-1,4.631369019E-1,9.856702881E0,9.870070915E0
1.648315354E1,-1.848655701E-1,4.523593140E-1,9.895621948E0,9.907680756E0
1.649318454E1,-1.742376709E-1,4.355941772E-1,9.885293427E0,9.896419917E0
1.650321654E1,-1.752854919E-1,4.384382629E-1,9.826914825E0,9.838252289E0
1.651324754E1,-1.926493835E-1,4.276606750E-1,9.820029144E0,9.831224737E0
1.652327854E1,-2.219883728E-1,4.355941772E-1,9.833950195E0,9.846095549E0
1.653331054E1,-2.284249878E-1,4.129911804E-1,9.867779846E0,9.879059610E0
1.654334154E1,-2.348616028E-1,4.321513367E-1,9.898016968E0,9.910229798E0
1.655337354E1,-2.439926147E-1,4.460723877E-1,9.875413971E0,9.888494024E0
1.656340454E1,-2.315684509E-1,4.650828552E-1,9.851463776E0,9.865154055E0
1.657343554E1,-2.213896179E-1,4.775070190E-1,9.839638367E0,9.853705369E0
1.658346754E1,-2.182461548E-1,4.505630493E-1,9.831555176E0,9.844293556E0
1.659349854E1,-2.167492676E-1,4.284091187E-1,9.862989807E0,9.874668731E0
1.660353054E1,-2.049238586E-1,4.144880676E-1,9.871671753E0,9.882494490E0
1.661356154E1,-2.198927307E-1,3.863465881E-1,9.863887939E0,9.873900029E0
1.662359254E1,-2.371069336E-1,3.817062378E-1,9.854158173E0,9.864398240E0
1.663362454E1,-2.288740540E-1,3.719764709E-1,9.851314087E0,9.860990775E0
1.664365554E1,-2.212399292E-1,3.824546814E-1,9.852062531E0,9.861965057E0
1.665368754E1,-2.336640930E-1,4.173321533E-1,9.848020935E0,9.859628866E0
1.666371854E1,-2.371069336E-1,4.116439819E-1,9.832453308E0,9.843922415E0
1.667374954E1,-2.369572449E-1,4.119433594E-1,9.796228638E0,9.807749058E0
1.668378154E1,-2.517764282E-1,4.155358887E-1,9.794282684E0,9.806326261E0
1.669381254E1,-2.552192688E-1,4.155358887E-1,9.801318054E0,9.813441932E0
1.670384454E1,-2.347119141E-1,4.079017639E-1,9.834698639E0,9.845952003E0
1.671387554E1,-2.303709412E-1,4.179309082E-1,9.874515839E0,9.886040667E0
1.672390654E1,-2.251318359E-1,4.276606750E-1,9.876910858E0,9.888728235E0
1.673393854E1,-2.272274780E-1,4.421804810E-1,9.872569885E0,9.885079263E0
1.674396954E1,-2.374063110E-1,4.382885742E-1,9.874216461E0,9.886789638E0
1.675400154E1,-2.386038208E-1,4.486170959E-1,9.859846344E0,9.872930619E0
1.676403254E1,-2.489323425E-1,4.439767456E-1,9.857301636E0,9.870434550E0
1.677406354E1,-2.429447937E-1,4.481680298E-1,9.870623932E0,9.883779316E0
1.678409554E1,-2.438429260E-1,4.257147217E-1,9.849368134E0,9.861579236E0
1.679412637E1,-2.588117981E-1,4.318519592E-1,9.834099884E0,9.846979242E0
1.680415837E1,-2.671943665E-1,4.146377563E-1,9.800868988E0,9.813274184E0
1.681418937E1,-2.736309814E-1,3.968247986E-1,9.816436615E0,9.828263918E0
1.682422037E1,-2.523751831E-1,4.058061218E-1,9.874815216E0,9.886371801E0
1.683425238E1,-2.210902405E-1,4.272116089E-1,9.916877747E0,9.928537400E0
1.684428337E1,-2.101629639E-1,4.442761230E-1,9.882149963E0,9.894363933E0
1.685431537E1,-1.993853760E-1,4.555027771E-1,9.812544708E0,9.825134654E0
1.686434637E1,-2.231858826E-1,4.558021545E-1,9.753118286E0,9.766313729E0
1.687437738E1,-2.396516418E-1,4.358935547E-1,9.748328247E0,9.761011203E0
1.688440937E1,-2.659968567E-1,3.981719971E-1,9.785600739E0,9.797309686E0
1.689444037E1,-2.683918762E-1,3.936813354E-1,9.877659302E0,9.889144173E0
1.690447237E1,-2.600093079E-1,4.001179504E-1,9.892927551E0,9.904429047E0
1.691450337E1,-2.612068176E-1,3.969744873E-1,9.815089417E0,9.826586284E0
1.692453437E1,-2.619552612E-1,3.953279114E-1,9.837243347E0,9.848668001E0
1.693456637E1,-2.318678284E-1,4.047583008E-1,9.941726074E0,9.952663428E0
1.694459737E1,-1.805245972E-1,3.971241760E-1,1.009216324E1,1.010158678E1
1.695462937E1,-1.477427673E-1,3.917353821E-1,1.007479935E1,1.008349475E1
1.696466037E1,-1.919009399E-1,4.141886902E-1,9.787846069E0,9.798485032E0
1.697469137E1,-2.878514099E-1,4.242178345E-1,9.577383728E0,9.591094738E0
1.698472338E1,-3.360511780E-1,4.129911804E-1,9.605375519E0,9.620121151E0
1.699475437E1,-3.011737061E-1,3.824546814E-1,9.777966614E0,9.790077032E0
1.700478637E1,-2.350112915E-1,3.701802063E-1,9.911189575E0,9.920884159E0
1.701481737E1,-1.818717957E-1,3.719764709E-1,9.932145996E0,9.940773005E0
1.702484838E1,-1.667532349E-1,4.073030090E-1,9.827214203E0,9.837064673E0
1.703488037E1,-1.785786438E-1,4.275109863E-1,9.746082916E0,9.757089125E0
1.704491137E1,-2.366578674E-1,4.569996643E-1,9.728120270E0,9.741723647E0
1.705494237E1,-2.649490356E-1,4.707710266E-1,9.776918793E0,9.791831516E0
1.706497437E1,-2.950364685E-1,4.683760071E-1,9.872719574E0,9.888226049E0
1.707500537E1,-2.905458069E-1,4.917274475E-1,9.919422455E0,9.935851981E0
1.708503737E1,-2.659968567E-1,4.915777588E-1,9.943971405E0,9.959667179E0
1.709506837E1,-2.248324585E-1,4.909790039E-1,9.938732300E0,9.953391871E0
1.710510037E1,-2.311193848E-1,4.505630493E-1,9.921667786E0,9.934581767E0
1.711513137E1,-2.377056885E-1,4.032614136E-1,9.923164673E0,9.934199559E0
1.712516237E1,-2.402503967E-1,3.487747192E-1,9.952353973E0,9.961361035E0
1.713519438E1,-2.495310974E-1,3.044668579E-1,9.915380859E0,9.923192199E0
1.714522537E1,-2.513273621E-1,2.957849121E-1,9.866282959E0,9.873914805E0
1.715525637E1,-2.558180237E-1,3.017724609E-1,9.812993774E0,9.820965141E0
1.716528837E1,-2.683918762E-1,3.261717224E-1,9.768386536E0,9.777514904E0
1.717531938E1,-2.734812927E-1,3.284170532E-1,9.743687897E0,9.753056116E0
1.718535137E1,-2.612068176E-1,3.309617615E-1,9.771230621E0,9.780322722E0
1.719538237E1,-2.647993469E-1,3.379971313E-1,9.785451050E0,9.794866666E0
1.720541337E1,-2.591111755E-1,3.360511780E-1,9.814939728E0,9.824108655E0
1.721544537E1,-2.529739380E-1,3.435356140E-1,9.836943970E0,9.846191101E0
1.722547637E1,-2.501298523E-1,3.752696228E-1,9.876761169E0,9.887052313E0
1.723550837E1,-2.502795410E-1,3.917353821E-1,9.889185333E0,9.900105202E0
1.724553937E1,-2.621049500E-1,4.275109863E-1,9.838291168E0,9.851062773E0
1.725557037E1,-2.938389587E-1,4.387376404E-1,9.820927277E0,9.835112842E0
1.726560237E1,-3.174897766E-1,4.543052673E-1,9.841734009E0,9.857328306E0
1.727563337E1,-3.044668579E-1,4.534071350E-1,9.876761169E0,9.891849640E0
1.728566538E1,-2.649490356E-1,4.340972900E-1,9.909243622E0,9.922285402E0
1.729569637E1,-2.306703186E-1,4.020639038E-1,9.940378876E0,9.951180652E0
1.730572737E1,-2.168989563E-1,3.659889221E-1,9.905651093E0,9.914782732E0
1.731575937E1,-2.185455322E-1,3.611988831E-1,9.901160431E0,9.910156642E0
1.732579038E1,-2.424957275E-1,3.640429688E-1,9.875413971E0,9.885096487E0
1.733582237E1,-2.642005920E-1,3.543132019E-1,9.877808990E0,9.887691857E0
1.734585337E1,-2.761756897E-1,3.607498169E-1,9.868378601E0,9.878831391E0
1.735588538E1,-2.658471680E-1,3.505709839E-1,9.863887939E0,9.873695358E0
1.736591637E1,-2.556683350E-1,3.760180664E-1,9.838141479E0,9.848643747E0
1.737594737E1,-2.649490356E-1,3.619473267E-1,9.821526031E0,9.831763700E0
1.738597937E1,-2.679428101E-1,3.553610229E-1,9.823621674E0,9.833698063E0
1.739601037E1,-2.718347168E-1,3.522175598E-1,9.836494904E0,9.846551849E0
1.740604137E1,-2.570155334E-1,3.350033569E-1,9.860145721E0,9.869182230E0
1.741607337E1,-2.574645996E-1,3.278182983E-1,9.849368134E0,9.858184695E0
1.742610437E1,-2.767744446E-1,2.912942505E-1,9.842632141E0,9.850830620E0
1.743613638E1,-2.743794250E-1,2.909948730E-1,9.841734009E0,9.849857379E0
1.744616737E1,-2.808160400E-1,2.796185303E-1,9.842183075E0,9.850157961E0
1.745619837E1,-2.763253784E-1,2.824626160E-1,9.823471985E0,9.831416108E0
1.746623037E1,-2.872526550E-1,2.821632385E-1,9.818981323E0,9.827233813E0
1.747626138E1,-2.847079468E-1,2.945874023E-1,9.823471985E0,9.832011096E0
1.748629337E1,-2.835104370E-1,3.008743286E-1,9.835596771E0,9.844280948E0
1.749632437E1,-2.782713318E-1,3.129991150E-1,9.849817200E0,9.858717069E0
1.750635638E1,-2.821632385E-1,3.282673645E-1,9.846374359E0,9.855884718E0
1.751638737E1,-2.763253784E-1,3.324586487E-1,9.848170624E0,9.857654341E0
1.752641837E1,-2.845582581E-1,3.381468201E-1,9.845775604E0,9.855689419E0
1.753645037E1,-2.914439392E-1,3.456312561E-1,9.829908600E0,9.840299976E0
1.754648138E1,-2.884501648E-1,3.513194275E-1,9.817634125E0,9.828151843E0
1.755651237E1,-2.853067017E-1,3.481759644E-1,9.830657043E0,9.840957490E0
1.756654437E1,-2.880010986E-1,3.613485718E-1,9.848170624E0,9.859005125E0
1.757657537E1,-2.929408264E-1,3.635939026E-1,9.860894165E0,9.871942493E0
1.758660737E1,-2.945874023E-1,3.610491943E-1,9.857151947E0,9.868160050E0
1.759663837E1,-3.010240173E-1,3.683839417E-1,9.844877472E0,9.856365183E0
1.760666937E1,-3.068618774E-1,3.478765869E-1,9.832752686E0,9.843688725E0
1.761670137E1,-2.981799316E-1,3.507206726E-1,9.828711090E0,9.839485655E0
1.762673237E1,-3.071612549E-1,3.400927734E-1,9.864636383E0,9.875275292E0
1.763676437E1,-3.001258850E-1,3.359014893E-1,9.866133270E0,9.876410839E0
1.764679537E1,-2.787203979E-1,3.400927734E-1,9.887389069E0,9.897161752E0
1.765682738E1,-2.630030823E-1,3.451821899E-1,9.873168640E0,9.882701066E0
1.766685837E1,-2.683918762E-1,3.436853027E-1,9.848619690E0,9.858268792E0
1.767688937E1,-2.559677124E-1,3.261717224E-1,9.854607239E0,9.863325570E0
1.768692137E1,-2.664459229E-1,3.152444458E-1,9.849517822E0,9.858162802E0
1.769695238E1,-2.728825378E-1,2.872526550E-1,9.866432648E0,9.874384647E0
1.770698337E1,-2.829116821E-1,2.773731995E-1,9.899364166E0,9.907289529E0
1.771701537E1,-2.763253784E-1,2.567161560E-1,9.898016968E0,9.905200593E0
1.772704637E1,-2.748284912E-1,2.673440552E-1,9.825867004E0,9.833344595E0
1.773707837E1,-2.676434326E-1,2.875520325E-1,9.799222412E0,9.807093303E0
1.774710937E1,-2.730322266E-1,2.836601257E-1,9.809101868E0,9.817000006E0
1.775714037E1,-2.525248718E-1,2.827619934E-1,9.881551208E0,9.888820832E0
1.776717237E1,-2.149530029E-1,2.790197754E-1,1.000429596E1,1.001049422E1
1.777720337E1,-2.092648315E-1,2.894979858E-1,9.886041870E0,9.892493352E0
1.778723537E1,-2.875520325E-1,2.902464294E-1,9.723629608E0,9.732209509E0
1.779726654E1,-3.650907898E-1,3.014730835E-1,9.736053772E0,9.747559713E0
1.780729754E1,-3.460803223E-1,3.119512939E-1,9.802365875E0,9.813432730E0
1.781732954E1,-3.112028503E-1,3.092568970E-1,9.872270508E0,9.882014573E0
1.782736054E1,-2.808160400E-1,2.995271301E-1,9.908495178E0,9.916998076E0
1.783739254E1,-2.520758057E-1,3.156935120E-1,9.861492920E0,9.869764294E0
1.784742354E1,-2.507286072E-1,3.460803223E-1,9.799372101E0,9.808686456E0
1.785745454E1,-2.685415649E-1,3.673361206E-1,9.791588287E0,9.802155456E0
1.786748654E1,-3.014730835E-1,3.944297791E-1,9.818532257E0,9.831075046E0
1.787751754E1,-3.073109436E-1,3.921844482E-1,9.866282959E0,9.878855606E0
1.788754954E1,-2.941383362E-1,3.838018799E-1,9.863738251E0,9.875583705E0
1.789758054E1,-2.673440552E-1,3.975732422E-1,9.858199768E0,9.869834851E0
1.790761254E1,-2.562670898E-1,3.830534363E-1,9.875114594E0,9.885863189E0
1.791764354E1,-2.427951050E-1,3.335064697E-1,9.884844360E0,9.893448542E0
1.792767454E1,-2.451901245E-1,2.905458069E-1,9.906698914E0,9.913991044E0
1.793770654E1,-2.423460388E-1,2.460882568E-1,9.902507629E0,9.908529073E0
1.794773754E1,-2.715353394E-1,2.612068176E-1,9.879305878E0,9.886488005E0
1.795776954E1,-2.677931213E-1,2.639012146E-1,9.835596771E0,9.842780138E0
1.796780054E1,-2.956352234E-1,3.050656128E-1,9.797426147E0,9.806631650E0
1.797783154E1,-2.850073242E-1,3.231779480E-1,9.767787781E0,9.777287522E0
1.798786354E1,-2.844085693E-1,3.204835510E-1,9.778715057E0,9.788098187E0
1.799789454E1,-2.718347168E-1,3.086581421E-1,9.803264008E0,9.811888155E0
1.800792554E1,-2.615061951E-1,2.957849121E-1,9.834099884E0,9.842021882E0
1.801795754E1,-2.493814087E-1,2.951861572E-1,9.860145721E0,9.867715014E0
1.802798854E1,-2.324665833E-1,2.794688416E-1,9.888436890E0,9.895116354E0
1.803802054E1,-2.327659607E-1,2.995271301E-1,9.882299652E0,9.889577489E0
1.804805154E1,-2.625540161E-1,3.327580261E-1,9.857451324E0,9.866560147E0
1.805808354E1,-2.841091919E-1,3.498225403E-1,9.832902374E0,9.843224215E0
1.806811454E1,-2.927911377E-1,3.704795837E-1,9.845176849E0,9.856494761E0
1.807814554E1,-2.752775574E-1,3.703298950E-1,9.837542725E0,9.848358687E0
1.808817754E1,-2.640509033E-1,3.604504395E-1,9.803114319E0,9.813291891E0
1.809820854E1,-2.674937439E-1,3.430865479E-1,9.787696381E0,9.797359936E0
1.810823954E1,-2.573149109E-1,3.335064697E-1,9.838141479E0,9.847155188E0
1.811827154E1,-2.401007080E-1,3.333567810E-1,9.906399536E0,9.914914365E0
1.812830254E1,-2.441423035E-1,3.248245239E-1,9.929301910E0,9.937613037E0
1.813833454E1,-2.475851440E-1,3.453318787E-1,9.913584595E0,9.922686734E0
1.814836554E1,-2.444416809E-1,3.546125793E-1,9.894424438E0,9.903794060E0
1.815839754E1,-2.399510193E-1,3.576063538E-1,9.858798523E0,9.868199791E0
1.816842854E1,-2.381547546E-1,3.559597778E-1,9.841584320E0,9.850898790E0
1.817845954E1,-2.411485291E-1,3.438349915E-1,9.852810974E0,9.861757410E0
1.818849154E1,-2.468367004E-1,3.306623840E-1,9.843380585E0,9.852025543E0
1.819852254E1,-2.601589966E-1,3.131488037E-1,9.859097900E0,9.867500002E0
1.820855454E1,-2.577639771E-1,3.239263916E-1,9.832153931E0,9.840864875E0
1.821858554E1,-2.429447937E-1,2.871029663E-1,9.835596771E0,9.842784877E0
1.822861654E1,-2.749781799E-1,2.823129272E-1,9.826914825E0,9.834814110E0
1.823864854E1,-2.755769348E-1,2.839595032E-1,9.802515564E0,9.810498816E0
1.824867954E1,-2.787203979E-1,2.871029663E-1,9.810449066E0,9.818606014E0
1.825871054E1,-2.692900085E-1,2.875520325E-1,9.830657043E0,9.838547717E0
1.826874254E1,-2.583627319E-1,2.953358459E-1,9.839338989E0,9.847160317E0
1.827877354E1,-2.505789185E-1,2.803669739E-1,9.830357666E0,9.837546812E0
1.828880554E1,-2.489323425E-1,2.860551453E-1,9.839189301E0,9.846493840E0
1.829883654E1,-2.450404358E-1,2.824626160E-1,9.835297394E0,9.842403404E0
1.830886754E1,-2.478845215E-1,2.772235107E-1,9.826166382E0,9.833201176E0
1.831889954E1,-2.685415649E-1,2.796185303E-1,9.836345215E0,9.843982338E0
1.832893054E1,-2.746788025E-1,3.013233948E-1,9.847122803E0,9.855560447E0
1.833896254E1,-2.695893860E-1,3.161425781E-1,9.857750702E0,9.866502596E0
1.834899354E1,-2.556683350E-1,3.278182983E-1,9.846074982E0,9.854847725E0
1.835902554E1,-2.387535095E-1,3.513194275E-1,9.848470001E0,9.857625979E0
1.836905654E1,-2.448907471E-1,3.439846802E-1,9.857750702E0,9.866790047E0
1.837908754E1,-2.610571289E-1,3.373983765E-1,9.852511597E0,9.861742911E0
1.838911954E1,-2.643502808E-1,3.379971313E-1,9.834249573E0,9.843606442E0
1.839915054E1,-2.824626160E-1,3.445834351E-1,9.851014709E0,9.861085827E0
1.840918254E1,-2.856060791E-1,3.478765869E-1,9.853409729E0,9.863684516E0
1.841921354E1,-2.767744446E-1,3.505709839E-1,9.845925293E0,9.856051389E0
1.842924454E1,-2.655477905E-1,3.457809448E-1,9.833501129E0,9.843161309E0
1.843927654E1,-2.662962341E-1,3.327580261E-1,9.821825409E0,9.831067895E0
1.844930754E1,-2.565664673E-1,3.216810608E-1,9.838889923E0,9.847490034E0
1.845933954E1,-2.474354553E-1,3.243754578E-1,9.840536499E0,9.848989914E0
1.846937054E1,-2.552192688E-1,3.052153015E-1,9.887688446E0,9.895689772E0
1.847940154E1,-2.501298523E-1,2.951861572E-1,9.897867279E0,9.905426618E0
1.848943354E1,-2.435435486E-1,3.049159241E-1,9.846823425E0,9.854553199E0
1.849946454E1,-2.501298523E-1,3.059637451E-1,9.827064514E0,9.835007663E0
1.850949654E1,-2.492317200E-1,3.037184143E-1,9.828112335E0,9.835962251E0
1.851952754E1,-2.359094238E-1,2.779719543E-1,9.868228912E0,9.874961444E0
1.852955854E1,-2.071691895E-1,2.689906311E-1,9.994865570E0,1.000063062E1
1.853959054E1,-1.733395386E-1,2.686912537E-1,9.973460083E0,9.978584449E0
1.854962154E1,-2.017803955E-1,2.701881409E-1,9.777367859E0,9.783181446E0
1.855965354E1,-2.826123047E-1,2.851570129E-1,9.670639801E0,9.678969904E0
1.856968454E1,-3.308120728E-1,2.911445618E-1,9.734706573E0,9.744676180E0
1.857971554E1,-2.950364685E-1,2.749781799E-1,9.837542725E0,9.845806538E0
1.858974754E1,-2.716850281E-1,2.670446777E-1,9.923164673E0,9.930474447E0
1.859977854E1,-2.389031982E-1,2.766247559E-1,9.894723816E0,9.901472385E0
1.860981054E1,-2.267784119E-1,3.173400879E-1,9.804611206E0,9.812366385E0
1.861984154E1,-2.254312134E-1,3.501219177E-1,9.782457275E0,9.791316302E0
1.862987254E1,-2.543211365E-1,3.950285339E-1,9.791288910E0,9.802554019E0
1.863990454E1,-2.493814087E-1,4.132905579E-1,9.853409729E0,9.865225971E0
1.864993554E1,-2.586621094E-1,4.290078735E-1,9.881251831E0,9.893942166E0
1.865996754E1,-2.371069336E-1,4.269122314E-1,9.870474243E0,9.882547017E0
1.866999854E1,-2.305206299E-1,4.062551880E-1,9.867480469E0,9.878529943E0
1.868002954E1,-2.381547546E-1,3.582051086E-1,9.878707123E0,9.888067708E0
1.869006154E1,-2.601589966E-1,3.064128113E-1,9.917925568E0,9.926067654E0
1.870009254E1,-2.579136658E-1,2.576142883E-1,9.932894440E0,9.939581306E0
1.871012454E1,-2.565664673E-1,2.580633545E-1,9.916877747E0,9.923552151E0
1.872015554E1,-2.454895020E-1,2.673440552E-1,9.863438873E0,9.870114708E0
1.873018654E1,-2.356100464E-1,2.814147949E-1,9.817933502E0,9.824791328E0
1.874021854E1,-2.354603577E-1,3.058140564E-1,9.798324280E0,9.805922828E0
1.875024954E1,-2.469863892E-1,3.177891541E-1,9.783954163E0,9.792229127E0
1.876028154E1,-2.260299683E-1,3.013233948E-1,9.783654785E0,9.790903242E0
1.877031254E1,-2.091151428E-1,2.868035889E-1,9.806557159E0,9.812978588E0
1.878034354E1,-2.065704346E-1,2.625540161E-1,9.830357666E0,9.836032625E0
1.879037529E1,-2.085163879E-1,2.772235107E-1,9.849517822E0,9.855624450E0
1.880040629E1,-2.267784119E-1,2.848576355E-1,9.886940002E0,9.893642147E0
1.881043829E1,-2.406994629E-1,3.011737061E-1,9.890682220E0,9.898193604E0
1.882046929E1,-2.701881409E-1,3.362008667E-1,9.859696655E0,9.869126141E0
1.883050029E1,-2.692900085E-1,3.721261597E-1,9.854307861E0,9.865007776E0
1.884053229E1,-2.692900085E-1,3.929328918E-1,9.813891907E0,9.825445930E0
1.885056329E1,-2.564167786E-1,3.936813354E-1,9.805209961E0,9.816459491E0
1.886059529E1,-2.258802795E-1,3.692820740E-1,9.797126770E0,9.806685684E0
1.887062629E1,-2.140548706E-1,3.430865479E-1,9.797276459E0,9.805618485E0
1.888065729E1,-2.151026917E-1,3.165916443E-1,9.845326538E0,9.852763779E0
1.889068929E1,-2.306703186E-1,3.061134338E-1,9.880503387E0,9.887935144E0
1.890072029E1,-2.553689575E-1,3.296145630E-1,9.906249847E0,9.915021185E0
1.891075229E1,-2.739303589E-1,3.438349915E-1,9.904752960E0,9.914504100E0
1.892078329E1,-2.377056885E-1,3.356021118E-1,9.894723816E0,9.903266742E0
1.893081429E1,-2.163002014E-1,3.541635132E-1,9.858050079E0,9.866781083E0
1.894084629E1,-2.303709412E-1,3.394940186E-1,9.837842102E0,9.846393461E0
1.895087729E1,-2.182461548E-1,3.483256531E-1,9.840386810E0,9.848968206E0
1.896090929E1,-2.234852600E-1,3.293151855E-1,9.842183075E0,9.850226486E0
1.897094029E1,-2.308200073E-1,3.156935120E-1,9.851164398E0,9.858923890E0
1.898097129E1,-2.514770508E-1,3.098556519E-1,9.871072998E0,9.879136266E0
1.899100329E1,-2.499801636E-1,2.859054565E-1,9.866282959E0,9.873589592E0
1.900103429E1,-2.585124207E-1,2.749781799E-1,9.859846344E0,9.867067021E0
1.901106629E1,-2.730322266E-1,2.640509033E-1,9.841883698E0,9.849210333E0
1.902109729E1,-2.909948730E-1,2.386038208E-1,9.831704865E0,9.838903920E0
1.903112829E1,-2.706372070E-1,2.462379456E-1,9.812544708E0,9.819364097E0
1.904116029E1,-2.514770508E-1,2.782713318E-1,9.830207977E0,9.837360648E0
1.905119129E1,-2.396516418E-1,2.915936279E-1,9.820927277E0,9.828177467E0
1.906122329E1,-2.168989563E-1,3.156935120E-1,9.818083191E0,9.825551643E0
1.907125429E1,-2.249821472E-1,3.345542908E-1,9.856104126E0,9.864346511E0
1.908128529E1,-2.227368164E-1,3.493734741E-1,9.856852570E0,9.865557059E0
1.909131729E1,-2.655477905E-1,3.483256531E-1,9.855505371E0,9.865233525E0
1.910134829E1,-2.538720703E-1,3.287164307E-1,9.823471985E0,9.832248337E0
1.911138029E1,-2.478845215E-1,3.282673645E-1,9.813742218E0,9.822359315E0
1.912141129E1,-2.511776733E-1,3.311114502E-1,9.847422180E0,9.856188341E0
1.913144229E1,-2.456391907E-1,3.305126953E-1,9.860295410E0,9.868890658E0
1.914147429E1,-2.588117981E-1,3.342549133E-1,9.870025177E0,9.879074192E0
1.915150529E1,-2.710862732E-1,3.353027344E-1,9.889933777E0,9.899328553E0
1.916153729E1,-2.486329651E-1,3.555107117E-1,9.904154205E0,9.913651030E0
1.917156829E1,-2.409988403E-1,3.769161987E-1,9.931996307E0,9.942067034E0
1.918159929E1,-2.185455322E-1,3.799099731E-1,9.919721832E0,9.929399527E0
1.919163129E1,-2.309696960E-1,3.547622681E-1,9.881251831E0,9.890315517E0
1.920166229E1,-2.260299683E-1,3.450325012E-1,9.868677979E0,9.877294266E0
1.921169429E1,-2.432441711E-1,3.231779480E-1,9.882599030E0,9.890873333E0
1.922172529E1,-2.573149109E-1,3.022215271E-1,9.909393311E0,9.917339593E0
1.923175629E1,-2.630030823E-1,2.960842896E-1,9.941127319E0,9.949012459E0
1.924178829E1,-2.549198914E-1,2.944377136E-1,9.916728058E0,9.924372680E0
1.925181929E1,-2.639012146E-1,3.106040955E-1,9.821376343E0,9.829829705E0
1.926185129E1,-2.634521484E-1,3.128494263E-1,9.713750153E0,9.722356907E0
1.927188229E1,-2.625540161E-1,3.249742126E-1,9.721084900E0,9.730058298E0
1.928191329E1,-2.345622253E-1,2.930905151E-1,9.874815216E0,9.881948039E0
1.929194529E1,-1.829196167E-1,2.841091919E-1,9.976453857E0,9.982174572E0
1.930197629E1,-1.874102783E-1,2.847079468E-1,9.857750702E0,9.863641829E0
1.931200829E1,-2.520758057E-1,3.098556519E-1,9.674382019E0,9.682624654E0
1.932203929E1,-3.179388428E-1,3.399430847E-1,9.623487854E0,9.634737406E0
1.933207129E1,-3.183879089E-1,3.293151855E-1,9.741741943E0,9.752505086E0
1.934210229E1,-2.769241333E-1,3.284170532E-1,9.855954437E0,9.865312089E0
1.935213329E1,-2.074685669E-1,3.153941345E-1,9.901310120E0,9.908504365E0
1.936216529E1,-1.447489929E-1,3.339555359E-1,9.873318329E0,9.880024969E0
1.937219629E1,-1.431024170E-1,3.649411011E-1,9.794282684E0,9.802123934E0
1.938222829E1,-2.127076721E-1,3.951782227E-1,9.796827393E0,9.807101373E0
1.939225929E1,-2.589614868E-1,4.192781067E-1,9.820777588E0,9.833134170E0
1.940229029E1,-3.041674805E-1,4.022135925E-1,9.841434631E0,9.854345703E0
1.941232229E1,-2.896476746E-1,4.058061218E-1,9.838590546E0,9.851215068E0
1.942235329E1,-2.544708252E-1,3.971241760E-1,9.849817200E0,9.861103482E0
1.943238529E1,-2.412982178E-1,3.830534363E-1,9.876910858E0,9.887280863E0
1.944241629E1,-2.046244812E-1,3.559597778E-1,9.880952454E0,9.889479255E0
1.945244729E1,-1.950444031E-1,3.478765869E-1,9.895771637E0,9.903805164E0
1.946247929E1,-1.948947144E-1,3.237767029E-1,9.884994049E0,9.892215255E0
1.947251029E1,-2.020797729E-1,3.100053406E-1,9.846074982E0,9.853026545E0
1.948254229E1,-2.089654541E-1,3.059637451E-1,9.834249573E0,9.841226805E0
1.949257329E1,-2.363584900E-1,3.212319946E-1,9.821825409E0,9.829919109E0
1.950260429E1,-2.369572449E-1,3.338058472E-1,9.822124786E0,9.830651575E0
1.951263629E1,-2.276765442E-1,3.354524231E-1,9.815538483E0,9.823907606E0
1.952266729E1,-2.158511353E-1,3.499722290E-1,9.816286926E0,9.824894976E0
1.953269929E1,-2.044747925E-1,3.591032410E-1,9.835447083E0,9.844124359E0
1.954273029E1,-1.995350647E-1,3.691323853E-1,9.823172607E0,9.832130646E0
1.955276129E1,-2.092648315E-1,3.573069763E-1,9.857750702E0,9.866443581E0
1.956279329E1,-2.127076721E-1,3.574566650E-1,9.888436890E0,9.897181616E0
1.957282429E1,-2.270777893E-1,3.835025024E-1,9.912536774E0,9.922551274E0
1.958285629E1,-2.303709412E-1,4.016148376E-1,9.876761169E0,9.887607215E0
1.959288729E1,-2.752775574E-1,4.379891968E-1,9.850565643E0,9.864139890E0
1.960291829E1,-2.710862732E-1,4.632865906E-1,9.850865021E0,9.865478391E0
1.961295029E1,-2.649490356E-1,4.632865906E-1,9.830058289E0,9.844535459E0
1.962298129E1,-2.374063110E-1,4.442761230E-1,9.804162140E0,9.817094188E0
1.963301329E1,-2.154020691E-1,4.153862000E-1,9.840386810E0,9.851505282E0
1.964304429E1,-1.962419128E-1,3.893403625E-1,9.856852570E0,9.866490733E0
1.965307529E1,-1.942959595E-1,3.495231628E-1,9.856553192E0,9.864662092E0
1.966310729E1,-2.215393066E-1,3.430865479E-1,9.862091675E0,9.870544070E0
1.967313829E1,-2.472857666E-1,3.384461975E-1,9.862391052E0,9.871294411E0
1.968317029E1,-2.763253784E-1,3.336561584E-1,9.861492920E0,9.871004243E0
1.969320129E1,-2.809657288E-1,3.499722290E-1,9.855804749E0,9.866017917E0
1.970323229E1,-2.459385681E-1,3.641926575E-1,9.848769379E0,9.858568879E0
1.971326429E1,-2.237846375E-1,3.924838257E-1,9.834848328E0,9.845220401E0
1.972329529E1,-2.076182556E-1,3.971241760E-1,9.837692413E0,9.847893428E0
1.973332729E1,-1.965412903E-1,3.854484558E-1,9.858199768E0,9.867689783E0
1.974335829E1,-1.932481384E-1,3.869453430E-1,9.872420197E0,9.881890107E0
1.975338929E1,-2.089654541E-1,3.613485718E-1,9.885443115E0,9.894252116E0
1.976342129E1,-2.179467773E-1,3.641926575E-1,9.883646851E0,9.892755539E0
1.977345229E1,-2.288740540E-1,3.531156921E-1,9.857601013E0,9.866578523E0
1.978348429E1,-2.306703186E-1,3.312611389E-1,9.854607239E0,9.862871112E0
1.979351588E1,-2.424957275E-1,3.318598938E-1,9.839338989E0,9.847919928E0
1.980354687E1,-2.380050659E-1,3.538641357E-1,9.839338989E0,9.848576445E0
1.981357887E1,-2.339634705E-1,3.532653809E-1,9.822274475E0,9.831409421E0
1.982360987E1,-2.152523804E-1,3.728746033E-1,9.820627899E0,9.830061108E0
1.983364187E1,-2.239343262E-1,3.787124634E-1,9.830956421E0,9.840796404E0
1.984367287E1,-2.192939758E-1,3.884422302E-1,9.857151947E0,9.867239823E0
1.985370387E1,-2.130070496E-1,4.002676392E-1,9.878108368E0,9.888509044E0
1.986373587E1,-2.230361938E-1,3.987707520E-1,9.874515839E0,9.885080996E0
1.987376687E1,-2.273771667E-1,4.002676392E-1,9.859996033E0,9.870736362E0
1.988379887E1,-2.423460388E-1,4.032614136E-1,9.839638367E0,9.850879887E0
1.989382987E1,-2.636018372E-1,4.087998962E-1,9.834548950E0,9.846570791E0
1.990386188E1,-2.550695801E-1,4.101470947E-1,9.820927277E0,9.832796840E0
1.991389287E1,-2.571652222E-1,3.844006348E-1,9.840087433E0,9.850950131E0
1.992392387E1,-2.368075562E-1,3.906875610E-1,9.846823425E0,9.857415795E0
1.993395587E1,-2.363584900E-1,3.806584167E-1,9.852212219E0,9.862395844E0
1.994398688E1,-2.339634705E-1,3.671864319E-1,9.833950195E0,9.843583759E0
1.995401787E1,-2.296224976E-1,3.716770935E-1,9.839488678E0,9.849183103E0
1.996404987E1,-2.387535095E-1,3.719764709E-1,9.871372375E0,9.881263194E0
1.997408087E1,-2.191442871E-1,3.760180664E-1,9.908644867E0,9.918198269E0
1.998411287E1,-2.160008240E-1,3.876937866E-1,9.899962921E0,9.909905583E0
1.999414387E1,-2.251318359E-1,4.044589233E-1,9.862391052E0,9.873248130E0
2.000417487E1,-2.338137817E-1,4.162843323E-1,9.814340973E0,9.825947805E0
2.001420687E1,-2.453398132E-1,4.077520752E-1,9.774972839E0,9.786549310E0
2.002423787E1,-2.576142883E-1,3.909869385E-1,9.807904358E0,9.819074488E0
2.003426987E1,-2.447410583E-1,3.763174438E-1,9.844727783E0,9.854957033E0
2.004430087E1,-2.321672058E-1,3.805087280E-1,9.869276733E0,9.879337617E0
2.005433288E1,-2.266287231E-1,3.857478333E-1,9.829758911E0,9.839935072E0
2.006436387E1,-2.498304749E-1,3.737727356E-1,9.757908325E0,9.768259630E0
2.007439487E1,-2.357597351E-1,3.706292725E-1,9.843679962E0,9.853475727E0
2.008442687E1,-1.953437805E-1,3.710783386E-1,1.001402573E1,1.002280248E1
2.009445788E1,-1.585203552E-1,3.888912964E-1,1.011192215E1,1.012063905E1
2.010448987E1,-1.487905884E-1,4.016148376E-1,9.929152222E0,9.938385028E0
2.011452087E1,-2.258802795E-1,4.255650330E-1,9.683962097E0,9.695939841E0
2.012455187E1,-2.933898926E-1,4.185296631E-1,9.596992950E0,9.610594071E0
2.013458387E1,-3.161425781E-1,3.770658875E-1,9.713899841E0,9.726354658E0
2.014461487E1,-2.800675964E-1,3.577560425E-1,9.898466034E0,9.908887782E0
2.015464687E1,-1.975891113E-1,3.252735901E-1,9.980495453E0,9.987749188E0
2.016467788E1,-1.520837402E-1,3.468287659E-1,9.926457825E0,9.933679308E0
2.017470887E1,-1.664538574E-1,3.752696228E-1,9.822274475E0,9.830849914E0
2.018474087E1,-2.068698120E-1,4.174818420E-1,9.789941711E0,9.801022647E0
2.019477187E1,-2.664459229E-1,4.309538269E-1,9.800419922E0,9.813508306E0
2.020480387E1,-3.005749512E-1,4.432283020E-1,9.842482452E0,9.857041009E0
2.021483487E1,-2.625540161E-1,4.673281860E-1,9.883347473E0,9.897872879E0
2.022486587E1,-2.282752991E-1,4.903802490E-1,9.872869263E0,9.887675656E0
2.023489787E1,-1.907034302E-1,5.005590820E-1,9.882748718E0,9.897254641E0
2.024492888E1,-1.692979431E-1,4.920268250E-1,9.899214478E0,9.912880483E0
2.025496087E1,-1.797761536E-1,4.590953064E-1,9.895023193E0,9.907298924E0
2.026499187E1,-2.089654541E-1,4.110452271E-1,9.875863037E0,9.886622045E0
2.027502287E1,-2.210902405E-1,3.817062378E-1,9.869725800E0,9.879578326E0
2.028505487E1,-2.381547546E-1,3.616479492E-1,9.833201752E0,9.842731512E0
2.029508587E1,-2.339634705E-1,3.417393494E-1,9.829309845E0,9.838031140E0
2.030511787E1,-2.426454163E-1,3.369493103E-1,9.821076965E0,9.829850680E0
2.031514888E1,-2.498304749E-1,3.547622681E-1,9.819430389E0,9.829012397E0
2.032517987E1,-2.372566223E-1,3.631448364E-1,9.830657043E0,9.840222700E0
2.033521187E1,-2.269281006E-1,3.659889221E-1,9.825417938E0,9.834850376E0
2.034524287E1,-2.243833923E-1,3.888912964E-1,9.818532257E0,9.828792399E0
2.035527487E1,-2.209405518E-1,3.936813354E-1,9.827812958E0,9.838176013E0
2.036530587E1,-2.294728088E-1,4.185296631E-1,9.851314087E0,9.862870479E0
2.037533687E1,-2.228865051E-1,4.239184570E-1,9.895322571E0,9.906906381E0
2.038536887E1,-2.305206299E-1,4.360432434E-1,9.874964905E0,9.887274920E0
2.039539987E1,-2.420466614E-1,4.550537109E-1,9.808952179E0,9.822484580E0
2.040543187E1,-2.700384521E-1,4.623884583E-1,9.812694397E0,9.827293380E0
2.041546287E1,-2.576142883E-1,4.641847229E-1,9.803713074E0,9.818076319E0
2.042549387E1,-2.315684509E-1,4.487667847E-1,9.836045837E0,9.849000624E0
2.043552587E1,-1.904040527E-1,4.402345276E-1,9.891280975E0,9.902903588E0
2.044555687E1,-1.538800049E-1,4.346960449E-1,9.892029419E0,9.902771619E0
2.045558887E1,-1.678010559E-1,4.246669006E-1,9.848619690E0,9.859199205E0
2.046561988E1,-1.942959595E-1,4.228706360E-1,9.822274475E0,9.833292753E0
2.047565087E1,-2.127076721E-1,4.197271729E-1,9.835147705E0,9.846397607E0
2.048568287E1,-2.357597351E-1,4.032614136E-1,9.869426422E0,9.880474701E0
2.049571387E1,-2.543211365E-1,4.032614136E-1,9.887538757E0,9.899026300E0
2.050574587E1,-2.498304749E-1,4.291575623E-1,9.868079224E0,9.880565725E0
2.051577687E1,-2.306703186E-1,4.463717651E-1,9.868528290E0,9.881311004E0
2.052580887E1,-2.061213684E-1,4.519102478E-1,9.853559418E0,9.866070246E0
2.053583987E1,-2.043251038E-1,4.577481079E-1,9.861492920E0,9.874225270E0
2.054587087E1,-2.034269714E-1,4.248165894E-1,9.856253815E0,9.867501757E0
2.055590287E1,-2.037263489E-1,4.102967834E-1,9.864037628E0,9.874668916E0
2.056593387E1,-2.085163879E-1,3.981719971E-1,9.847721558E0,9.857973417E0
2.057596588E1,-2.213896179E-1,3.809577942E-1,9.834848328E0,9.844713497E0
2.058599687E1,-2.474354553E-1,3.683839417E-1,9.826914825E0,9.836929705E0
2.059602787E1,-2.365081787E-1,3.779640198E-1,9.824519806E0,9.834631784E0
2.060605987E1,-2.377056885E-1,3.968247986E-1,9.833351440E0,9.844225438E0
2.061609088E1,-2.484832764E-1,3.875440979E-1,9.827064514E0,9.837841803E0
2.062612287E1,-2.421963501E-1,3.930825806E-1,9.821975098E0,9.832820949E0
2.063615387E1,-2.344125366E-1,4.176315308E-1,9.796677704E0,9.808377000E0
2.064618487E1,-2.348616028E-1,4.093986511E-1,9.803563385E0,9.814918353E0
2.065621687E1,-2.323168945E-1,4.156855774E-1,9.843380585E0,9.854892540E0
2.066624787E1,-2.239343262E-1,4.126918030E-1,9.860445099E0,9.871617834E0
2.067627987E1,-2.233355713E-1,4.255650330E-1,9.884095917E0,9.895773667E0
2.068631087E1,-2.195933533E-1,4.315525818E-1,9.874515839E0,9.886380628E0
2.069634187E1,-2.270777893E-1,4.381388855E-1,9.854158173E0,9.866507148E0
2.070637387E1,-2.396516418E-1,4.423301697E-1,9.839788055E0,9.852640147E0
2.071640487E1,-2.401007080E-1,4.403842163E-1,9.843380585E0,9.856151782E0
2.072643688E1,-2.426454163E-1,4.376898193E-1,9.843380585E0,9.856094080E0
2.073646787E1,-2.543211365E-1,4.367916870E-1,9.818532257E0,9.831533039E0
2.074649887E1,-2.456391907E-1,4.300556946E-1,9.818532257E0,9.831015319E0
2.075653087E1,-2.270777893E-1,4.275109863E-1,9.852960663E0,9.864844844E0
2.076656188E1,-2.151026917E-1,4.269122314E-1,9.855954437E0,9.867540782E0
2.077659387E1,-2.185455322E-1,4.102967834E-1,9.852361908E0,9.863323008E0
2.078662487E1,-2.165995789E-1,4.116439819E-1,9.846224670E0,9.857205811E0
2.079665529E1,-2.294728088E-1,4.050576782E-1,9.851314087E0,9.862307982E0
2.080668729E1,-2.228865051E-1,4.092489624E-1,9.873168640E0,9.884160162E0
2.081671829E1,-2.052232361E-1,4.191284180E-1,9.897418213E0,9.908414227E0
2.082675029E1,-1.878593445E-1,4.349954224E-1,9.880952454E0,9.892306786E0
2.083678129E1,-2.049238586E-1,4.466711426E-1,9.808353424E0,9.820657096E0
2.084681229E1,-2.236349487E-1,4.465214539E-1,9.769733734E0,9.782489010E0
2.085684429E1,-2.531236267E-1,4.345463562E-1,9.770931244E0,9.783864241E0
2.086687529E1,-2.510279846E-1,4.090992737E-1,9.805359650E0,9.817100138E0
2.087690729E1,-2.610571289E-1,3.974235535E-1,9.888436890E0,9.899862647E0
2.088693829E1,-2.465373230E-1,4.138893127E-1,9.870324554E0,9.882074267E0
2.089696929E1,-2.335144043E-1,4.064048767E-1,9.785750427E0,9.796969191E0
2.090700129E1,-2.535726929E-1,4.047583008E-1,9.799671478E0,9.811304168E0
2.091703229E1,-2.061213684E-1,4.096980286E-1,9.941127319E0,9.951700903E0
2.092706429E1,-1.582209778E-1,4.376898193E-1,1.009695328E1,1.010767390E1
2.093709529E1,-1.574725342E-1,4.417314148E-1,1.002644989E1,1.003741110E1
2.094712729E1,-2.079176331E-1,4.589456177E-1,9.765692139E0,9.778681085E0
2.095715829E1,-3.086581421E-1,4.616400146E-1,9.580527191E0,9.596607870E0
2.096718929E1,-3.264710999E-1,4.361929321E-1,9.647737427E0,9.663109495E0
2.097722129E1,-2.838098145E-1,4.079017639E-1,9.847571869E0,9.860101601E0
2.098725229E1,-2.086660767E-1,3.882925415E-1,9.994117126E0,1.000383375E1
2.099728429E1,-1.543290710E-1,3.879931641E-1,9.998907166E0,1.000762213E1
2.100731529E1,-1.395098877E-1,4.137396240E-1,9.879006500E0,9.888650713E0
2.101734629E1,-1.755848694E-1,4.378395081E-1,9.786049805E0,9.797413141E0
2.102737829E1,-2.333647156E-1,4.508624268E-1,9.786648560E0,9.799807449E0
2.103740929E1,-2.667453003E-1,4.471202087E-1,9.832303619E0,9.846078610E0
2.104744129E1,-2.653981018E-1,4.686753845E-1,9.874216461E0,9.888894958E0
2.105747229E1,-2.404000854E-1,4.860392761E-1,9.876312103E0,9.891186336E0
2.106750329E1,-2.167492676E-1,5.189707947E-1,9.847871246E0,9.863918036E0
2.107753529E1,-1.990859985E-1,5.257067871E-1,9.832752686E0,9.848808468E0
2.108756629E1,-2.067201233E-1,4.900808716E-1,9.846374359E0,9.860730221E0
2.109759829E1,-2.300715637E-1,4.396357727E-1,9.862989807E0,9.875463557E0
2.110762929E1,-2.291734314E-1,4.034111023E-1,9.876761169E0,9.887652511E0
2.111766029E1,-2.312690735E-1,3.812571716E-1,9.872569885E0,9.882635203E0
2.112769229E1,-2.541714478E-1,3.701802063E-1,9.844727783E0,9.854963300E0
2.113772329E1,-2.516267395E-1,3.779640198E-1,9.824968872E0,9.835455564E0
2.114775529E1,-2.682421875E-1,3.987707520E-1,9.819430389E0,9.831184321E0
2.115778629E1,-2.642005920E-1,4.058061218E-1,9.810748444E0,9.822691362E0
2.116781729E1,-2.306703186E-1,4.046086121E-1,9.827663269E0,9.838693117E0
2.117784929E1,-2.213896179E-1,4.155358887E-1,9.817185059E0,9.828469154E0
2.118788029E1,-2.104623413E-1,4.085005188E-1,9.822274475E0,9.833017997E0
2.119791229E1,-1.996847534E-1,4.186793518E-1,9.845326538E0,9.856247818E0
2.120794329E1,-2.215393066E-1,4.291575623E-1,9.886490936E0,9.898280604E0
2.121797429E1,-2.189945984E-1,4.284091187E-1,9.895472260E0,9.907162270E0
2.122800629E1,-2.430944824E-1,4.608915710E-1,9.821076965E0,9.834890377E0
2.123803729E1,-2.679428101E-1,4.794529724E-1,9.802964630E0,9.818339169E0
2.124806929E1,-2.818638611E-1,5.065466309E-1,9.785750427E0,9.802905087E0
2.125810029E1,-2.535726929E-1,4.978646851E-1,9.805659027E0,9.821563893E0
2.126813129E1,-2.067201233E-1,4.855902100E-1,9.859996033E0,9.874110230E0
2.127816329E1,-1.760339355E-1,4.635859680E-1,9.887987823E0,9.900414289E0
2.128819429E1,-1.703457642E-1,4.346960449E-1,9.859696655E0,9.870744474E0
2.129822629E1,-1.953437805E-1,4.334985352E-1,9.830657043E0,9.842149058E0
2.130825729E1,-2.200424194E-1,4.251159668E-1,9.814490662E0,9.826157397E0
2.131828929E1,-2.474354553E-1,4.367916870E-1,9.865534515E0,9.878298566E0
2.132832029E1,-2.624043274E-1,4.314028931E-1,9.868228912E0,9.881138920E0
2.133835129E1,-2.541714478E-1,4.366419983E-1,9.895472260E0,9.908361651E0
2.134838329E1,-2.311193848E-1,4.543052673E-1,9.875563660E0,9.888709069E0
2.135841429E1,-2.288740540E-1,4.806504822E-1,9.842482452E0,9.856869130E0
2.136844629E1,-2.149530029E-1,4.641847229E-1,9.837542725E0,9.850833422E0
2.137847729E1,-2.188449097E-1,4.361929321E-1,9.831704865E0,9.843809116E0
2.138850829E1,-2.192939758E-1,4.129911804E-1,9.843081207E0,9.854181814E0
2.139854029E1,-2.270777893E-1,4.095483398E-1,9.822274475E0,9.833431244E0
2.140857129E1,-2.341131592E-1,4.061054993E-1,9.827363892E0,9.838537071E0
2.141860329E1,-2.384541321E-1,4.055067444E-1,9.823172607E0,9.834430139E0
2.142863429E1,-2.287243652E-1,3.733236694E-1,9.826316071E0,9.836064910E0
2.143866529E1,-2.293231201E-1,3.824546814E-1,9.846224670E0,9.856317818E0
2.144869729E1,-2.216889954E-1,4.082011414E-1,9.852361908E0,9.863306208E0
2.145872829E1,-2.252815247E-1,4.105961609E-1,9.840985565E0,9.852123521E0
2.146876029E1,-2.462379456E-1,4.050576782E-1,9.824819183E0,9.836248108E0
2.147879129E1,-2.489323425E-1,4.086502075E-1,9.828411713E0,9.840052799E0
2.148882229E1,-2.619552612E-1,4.117936707E-1,9.831405487E0,9.843511997E0
2.149885429E1,-2.640509033E-1,4.073030090E-1,9.869875488E0,9.881804530E0
2.150888529E1,-2.655477905E-1,4.168830872E-1,9.896220703E0,9.908556471E0
2.151891729E1,-2.556683350E-1,4.230203247E-1,9.879455566E0,9.891812512E0
2.152894829E1,-2.474354553E-1,4.317022705E-1,9.852960663E0,9.865516965E0
2.153897929E1,-2.421963501E-1,4.448748779E-1,9.840985565E0,9.854012869E0
2.154901129E1,-2.390528870E-1,4.372407532E-1,9.837991791E0,9.850604460E0
2.155904229E1,-2.258802795E-1,4.462220764E-1,9.835596771E0,9.848304417E0
2.156907429E1,-2.324665833E-1,4.345463562E-1,9.828561401E0,9.840909027E0
2.157910529E1,-2.378553772E-1,4.263134766E-1,9.827214203E0,9.839332160E0
2.158913629E1,-2.387535095E-1,4.141886902E-1,9.844278717E0,9.855880426E0
2.159916829E1,-2.438429260E-1,3.983216858E-1,9.851463776E0,9.862527975E0
2.160919929E1,-2.438429260E-1,3.812571716E-1,9.882449341E0,9.892806547E0
2.161923129E1,-2.350112915E-1,3.656895447E-1,9.907297668E0,9.916829445E0
2.162926229E1,-2.245330811E-1,3.573069763E-1,9.899962921E0,9.908952983E0
2.163929429E1,-2.146536255E-1,3.752696228E-1,9.880353699E0,9.889807515E0
2.164932529E1,-2.386038208E-1,3.733236694E-1,9.843230896E0,9.853197289E0
2.165935629E1,-2.577639771E-1,3.734733582E-1,9.840536499E0,9.850994021E0
2.166938829E1,-2.746788025E-1,3.640429688E-1,9.862540741E0,9.873078831E0
2.167941929E1,-2.676434326E-1,3.706292725E-1,9.882000275E0,9.892569358E0
2.168945129E1,-2.713856506E-1,3.806584167E-1,9.862391052E0,9.873464856E0
2.169948229E1,-2.517764282E-1,3.933819580E-1,9.813293152E0,9.824401418E0
2.170951329E1,-2.580633545E-1,3.936813354E-1,9.769284668E0,9.780618826E0
2.171954529E1,-2.579136658E-1,3.770658875E-1,9.787247314E0,9.797903252E0
2.172957629E1,-2.652484131E-1,3.829037476E-1,9.822424164E0,9.833462689E0
2.173960829E1,-2.640509033E-1,3.725752258E-1,9.856104126E0,9.866677441E0
2.174963929E1,-2.561174011E-1,3.764671326E-1,9.890532532E0,9.901007898E0
2.175967029E1,-2.552192688E-1,3.763174438E-1,9.846973114E0,9.857465760E0
2.176970229E1,-2.639012146E-1,3.860472107E-1,9.808802490E0,9.819943105E0
2.177973329E1,-2.704875183E-1,3.975732422E-1,9.837991791E0,9.849736568E0
2.178976529E1,-2.483335876E-1,3.855981445E-1,9.891430664E0,9.902058174E0
2.179979629E1,-2.154020691E-1,3.695814514E-1,1.001642075E1,1.002555101E1
2.180982729E1,-1.922003174E-1,3.507206726E-1,1.003303619E1,1.004100399E1
2.181985929E1,-2.055226135E-1,3.405418396E-1,9.800120544E0,9.808188975E0
2.182989029E1,-2.971321106E-1,3.339555359E-1,9.661209412E0,9.671544917E0
2.183992229E1,-3.366499329E-1,3.353027344E-1,9.694440308E0,9.706077167E0
2.184995329E1,-2.912942505E-1,3.390449524E-1,9.811496887E0,9.821673737E0
2.185998429E1,-2.480342102E-1,3.459306335E-1,9.895322571E0,9.904473623E0
2.187001629E1,-1.993853760E-1,3.529660034E-1,9.898016968E0,9.906315128E0
2.188004729E1,-1.781295776E-1,3.773652649E-1,9.825417938E0,9.834275385E0
2.189007929E1,-2.185455322E-1,4.119433594E-1,9.770033112E0,9.781155682E0
2.190011029E1,-2.733316040E-1,4.433779907E-1,9.798623657E0,9.812457377E0
2.191014129E1,-3.005749512E-1,4.420307922E-1,9.851463776E0,9.865955354E0
2.192017329E1,-2.875520325E-1,4.245172119E-1,9.874066772E0,9.887370513E0
2.193020429E1,-2.625540161E-1,4.281097412E-1,9.859247589E0,9.872029963E0
2.194023629E1,-2.365081787E-1,4.293072510E-1,9.870474243E0,9.882636420E0
2.195026729E1,-2.025288391E-1,4.037104797E-1,9.893675995E0,9.903980249E0
2.196029929E1,-2.137554932E-1,3.625460815E-1,9.922116852E0,9.931038913E0
2.197033029E1,-2.228865051E-1,3.403921509E-1,9.911638641E0,9.919986178E0
2.198036129E1,-2.339634705E-1,3.059637451E-1,9.898166656E0,9.905657771E0
2.199039329E1,-2.493814087E-1,3.053649902E-1,9.846224670E0,9.854114832E0
2.200042429E1,-2.713856506E-1,3.245251465E-1,9.799671478E0,9.808798490E0
2.201045629E1,-2.894979858E-1,3.293151855E-1,9.774673462E0,9.784502995E0
2.202048729E1,-2.857557678E-1,3.472778320E-1,9.752669220E0,9.763033093E0
2.203051829E1,-2.740800476E-1,3.436853027E-1,9.778565369E0,9.788441149E0
2.204055029E1,-2.406994629E-1,3.522175598E-1,9.841434631E0,9.850676578E0
2.205058129E1,-2.228865051E-1,3.471281433E-1,9.871821442E0,9.880436980E0
2.206061329E1,-2.170486450E-1,3.457809448E-1,9.895172882E0,9.903591315E0
2.207064429E1,-2.275268555E-1,3.565585327E-1,9.905501404E0,9.914527751E0
2.208067529E1,-2.450404358E-1,3.613485718E-1,9.891730042E0,9.901360554E0
2.209070729E1,-2.646496582E-1,3.730242920E-1,9.842332764E0,9.852953912E0
2.210073829E1,-2.815644836E-1,4.010160828E-1,9.824070740E0,9.836282751E0
2.211077029E1,-2.984793091E-1,4.055067444E-1,9.816436615E0,9.829341455E0
2.212080129E1,-2.637515259E-1,4.108955383E-1,9.816586304E0,9.828721518E0
2.213083229E1,-2.323168945E-1,3.906875610E-1,9.801018677E0,9.811553140E0
2.214086429E1,-2.103126526E-1,3.694317627E-1,9.803862762E0,9.813074763E0
2.215089529E1,-2.058219910E-1,3.561094666E-1,9.859097900E0,9.867673893E0
2.216092729E1,-2.065704346E-1,3.597019958E-1,9.912686462E0,9.921361286E0
2.217095829E1,-2.258802795E-1,3.534150696E-1,9.932295685E0,9.941147906E0
2.218098929E1,-2.365081787E-1,3.626957703E-1,9.955048370E0,9.964460467E0
2.219102129E1,-2.462379456E-1,3.800596619E-1,9.909093933E0,9.919436529E0
2.220105229E1,-2.517764282E-1,3.826043701E-1,9.863289185E0,9.873917713E0
2.221108429E1,-2.387535095E-1,3.969744873E-1,9.847272491E0,9.858162481E0
2.222111529E1,-2.481838989E-1,3.950285339E-1,9.822723541E0,9.833795837E0
2.223114729E1,-2.474354553E-1,3.725752258E-1,9.832303619E0,9.842470781E0
2.224117829E1,-2.296224976E-1,3.725752258E-1,9.843230896E0,9.852955560E0
2.225120929E1,-2.378553772E-1,3.656895447E-1,9.830806732E0,9.840480935E0
2.226124129E1,-2.345622253E-1,3.345542908E-1,9.836195526E0,9.844678179E0
2.227127229E1,-2.442919922E-1,3.197351074E-1,9.806557159E0,9.814808833E0
2.228130429E1,-2.523751831E-1,3.137475586E-1,9.832303619E0,9.840544966E0
2.229133529E1,-2.567161560E-1,3.134481812E-1,9.846074982E0,9.854407415E0
2.230136629E1,-2.430944824E-1,2.953358459E-1,9.844428406E0,9.851857126E0
2.231139829E1,-2.439926147E-1,2.959346008E-1,9.846074982E0,9.853542623E0
2.232142929E1,-2.314187622E-1,3.010240173E-1,9.841135254E0,9.848457401E0
2.233146129E1,-2.395019531E-1,3.085084534E-1,9.839788055E0,9.847536120E0
2.234149229E1,-2.540217590E-1,3.209326172E-1,9.837542725E0,9.846053608E0
2.235152329E1,-2.468367004E-1,3.204835510E-1,9.843081207E0,9.851390040E0
2.236155529E1,-2.531236267E-1,3.191363525E-1,9.835746460E0,9.844177366E0
2.237158629E1,-2.493814087E-1,3.281176758E-1,9.839488678E0,9.848116050E0
2.238161829E1,-2.585124207E-1,3.513194275E-1,9.830507355E0,9.840179311E0
2.239164929E1,-2.671943665E-1,3.591032410E-1,9.836045837E0,9.846224946E0
2.240168029E1,-2.636018372E-1,3.628454590E-1,9.822723541E0,9.832956856E0
2.241171229E1,-2.502795410E-1,3.712280273E-1,9.837692413E0,9.847875005E0
2.242174329E1,-2.347119141E-1,3.758683777E-1,9.855205994E0,9.865163551E0
2.243177529E1,-2.336640930E-1,3.734733582E-1,9.868079224E0,9.877908120E0
2.244180629E1,-2.381547546E-1,3.748205566E-1,9.877359924E0,9.887337721E0
2.245183729E1,-2.607577515E-1,3.698808289E-1,9.844727783E0,9.855124127E0
2.246186929E1,-2.621049500E-1,3.507206726E-1,9.841135254E0,9.850870372E0
2.247190029E1,-2.766247559E-1,3.674858093E-1,9.844877472E0,9.855616648E0
2.248193229E1,-2.715353394E-1,3.626957703E-1,9.849817200E0,9.860232174E0
2.249196329E1,-2.655477905E-1,3.586541748E-1,9.861193542E0,9.871285961E0
2.250199529E1,-2.357597351E-1,3.481759644E-1,9.851314087E0,9.860283890E0
2.251202629E1,-2.092648315E-1,3.528163147E-1,9.826615448E0,9.835173729E0
2.252205729E1,-2.110610962E-1,3.472778320E-1,9.817185059E0,9.825592662E0
2.253208929E1,-2.192939758E-1,3.466790771E-1,9.840386810E0,9.848933384E0
2.254212029E1,-2.213896179E-1,3.373983765E-1,9.853409729E0,9.861669956E0
2.255215229E1,-2.402503967E-1,3.294648743E-1,9.885293427E0,9.893699686E0
2.256218329E1,-2.448907471E-1,3.397933960E-1,9.866732025E0,9.875618051E0
2.257221429E1,-2.481838989E-1,3.240760803E-1,9.834998016E0,9.843465169E0
2.258224629E1,-2.362088013E-1,3.171903992E-1,9.821226654E0,9.829185996E0
2.259227729E1,-2.465373230E-1,3.067121887E-1,9.805359650E0,9.813252818E0
2.260230929E1,-2.201921082E-1,3.047662354E-1,9.895921326E0,9.903061441E0
2.261234029E1,-1.637594604E-1,2.950364685E-1,9.994566193E0,1.000026085E1
2.262237129E1,-1.666035461E-1,3.168910217E-1,9.862690430E0,9.869186348E0
2.263240329E1,-2.362088013E-1,3.347039795E-1,9.722132721E0,9.730759785E0
2.264243429E1,-2.903961182E-1,3.213816833E-1,9.710756378E0,9.720411798E0
2.265246629E1,-2.884501648E-1,3.128494263E-1,9.791438599E0,9.800681001E0
2.266249729E1,-2.637515259E-1,3.251239014E-1,9.904752960E0,9.913596805E0
2.267252829E1,-2.257305908E-1,3.221301270E-1,9.917027435E0,9.924825201E0
2.268256029E1,-1.972897339E-1,3.219804382E-1,9.847721558E0,9.854958880E0
2.269259129E1,-2.197430420E-1,3.541635132E-1,9.803713074E0,9.812568921E0
2.270262329E1,-2.453398132E-1,3.911366272E-1,9.813442841E0,9.824298442E0
2.271265429E1,-2.642005920E-1,4.206253052E-1,9.858499146E0,9.871004660E0
2.272268529E1,-2.597099304E-1,4.396357727E-1,9.872120819E0,9.885317310E0
2.273271729E1,-2.398013306E-1,4.334985352E-1,9.863139496E0,9.875573217E0
2.274274829E1,-2.251318359E-1,4.287084961E-1,9.859097900E0,9.870982055E0
2.275278029E1,-2.180964661E-1,3.965254211E-1,9.871821442E0,9.882188880E0
2.276281129E1,-2.209405518E-1,3.528163147E-1,9.911339264E0,9.920077625E0
2.277284329E1,-2.243833923E-1,2.945874023E-1,9.916578369E0,9.923490122E0
2.278287429E1,-2.333647156E-1,2.859054565E-1,9.908644867E0,9.915515323E0
2.279290529E1,-2.318678284E-1,2.917433167E-1,9.887538757E0,9.894559087E0
2.280293725E1,-2.441423035E-1,3.022215271E-1,9.822873230E0,9.830553484E0
2.281296825E1,-2.556683350E-1,3.191363525E-1,9.809101868E0,9.817621594E0
2.282300025E1,-2.454895020E-1,3.382965088E-1,9.782008209E0,9.790934288E0
2.283303125E1,-2.362088013E-1,3.246748352E-1,9.774523773E0,9.782766651E0
2.284306225E1,-2.215393066E-1,3.269201660E-1,9.785301361E0,9.793267033E0
2.285309425E1,-2.028282166E-1,3.092568970E-1,9.819879456E0,9.826841387E0
2.286312525E1,-1.984872437E-1,2.927911377E-1,9.853709106E0,9.860056135E0
2.287315725E1,-2.188449097E-1,2.860551453E-1,9.894723816E0,9.901276687E0
2.288318825E1,-2.281256104E-1,2.899470520E-1,9.899813232E0,9.906685249E0
2.289321925E1,-2.234852600E-1,3.242257690E-1,9.868677979E0,9.876531428E0
2.290325125E1,-2.490820312E-1,3.659889221E-1,9.859996033E0,9.869929661E0
2.291328225E1,-2.489323425E-1,3.953279114E-1,9.847571869E0,9.858647127E0
2.292331425E1,-2.318678284E-1,3.969744873E-1,9.829160156E0,9.839905529E0
2.293334525E1,-2.011816406E-1,3.761677551E-1,9.815837860E0,9.825103009E0
2.294337625E1,-2.210902405E-1,3.547622681E-1,9.781259766E0,9.790187933E0
2.295340825E1,-2.149530029E-1,3.388952637E-1,9.828860779E0,9.837050320E0
2.296343925E1,-2.161505127E-1,3.297642517E-1,9.902357941E0,9.910204755E0
2.297347125E1,-2.073188782E-1,3.574566650E-1,9.909692688E0,9.918304571E0
2.298350225E1,-2.408491516E-1,3.597019958E-1,9.900262299E0,9.909721864E0
2.299353325E1,-2.327659607E-1,3.751199341E-1,9.861492920E0,9.871369589E0
2.300356525E1,-2.189945984E-1,3.817062378E-1,9.843081207E0,9.852913576E0
2.301359625E1,-2.227368164E-1,3.749702454E-1,9.844578094E0,9.854234229E0
2.302362825E1,-2.396516418E-1,3.583547974E-1,9.853110352E0,9.862536929E0
2.303365925E1,-2.263293457E-1,3.653901672E-1,9.867480469E0,9.876836829E0
2.304369125E1,-2.158511353E-1,3.475772095E-1,9.880802765E0,9.889270191E0
2.305372225E1,-2.140548706E-1,3.379971313E-1,9.868079224E0,9.876185960E0
2.306375325E1,-2.203417969E-1,3.315605164E-1,9.849218445E0,9.857260616E0
2.307378525E1,-2.396516418E-1,3.138972473E-1,9.837692413E0,9.845616101E0
2.308381625E1,-2.423460388E-1,3.034190369E-1,9.827064514E0,9.834733940E0
2.309384825E1,-2.721340942E-1,2.884501648E-1,9.824519806E0,9.832520017E0
2.310387925E1,-2.628533936E-1,2.827619934E-1,9.820328522E0,9.827914251E0
2.311391025E1,-2.561174011E-1,2.857557678E-1,9.828561401E0,9.836049598E0
2.312394225E1,-2.377056885E-1,2.938389587E-1,9.833501129E0,9.840761647E0
2.313397325E1,-2.254312134E-1,2.992277527E-1,9.848020935E0,9.855144485E0
2.314400525E1,-2.005828857E-1,3.050656128E-1,9.850865021E0,9.857628527E0
2.315403625E1,-2.197430420E-1,3.143463135E-1,9.833950195E0,9.841426576E0
2.316406725E1,-2.294728088E-1,3.212319946E-1,9.847422180E0,9.855332128E0
2.317409925E1,-2.406994629E-1,3.185375977E-1,9.848470001E0,9.856559430E0
2.318413025E1,-2.522254944E-1,3.225791931E-1,9.861941986E0,9.870439442E0
2.319416225E1,-2.504292297E-1,3.350033569E-1,9.854307861E0,9.863180292E0
2.320419325E1,-2.477348328E-1,3.480262756E-1,9.838740234E0,9.848010166E0
2.321422425E1,-2.332150269E-1,3.472778320E-1,9.832153931E0,9.841048829E0
2.322425625E1,-2.288740540E-1,3.552113342E-1,9.857900391E0,9.866952850E0
2.323428725E1,-2.354603577E-1,3.489244080E-1,9.862840118E0,9.871818729E0
2.324431925E1,-2.459385681E-1,3.357518005E-1,9.866133270E0,9.874907633E0
2.325435025E1,-2.558180237E-1,3.323089600E-1,9.870174866E0,9.879080118E0
2.326438225E1,-2.525248718E-1,3.357518005E-1,9.864636383E0,9.873578331E0
2.327441325E1,-2.323168945E-1,3.454815674E-1,9.856403503E0,9.865192278E0
2.328444425E1,-2.330653381E-1,3.541635132E-1,9.834099884E0,9.843234823E0
2.329447625E1,-2.239343262E-1,3.517684937E-1,9.804012451E0,9.812876632E0
2.330450725E1,-2.275268555E-1,3.312611389E-1,9.807455292E0,9.815685494E0
2.331453925E1,-2.351609802E-1,3.213816833E-1,9.836794281E0,9.844851883E0
2.332457025E1,-2.333647156E-1,3.141966248E-1,9.859996033E0,9.867760657E0
2.333460125E1,-2.327659607E-1,3.128494263E-1,9.895172882E0,9.902853181E0
2.334463325E1,-2.432441711E-1,3.296145630E-1,9.867630157E0,9.876129728E0
2.335466425E1,-2.324665833E-1,3.245251465E-1,9.827214203E0,9.835318819E0
2.336469625E1,-2.478845215E-1,3.275189209E-1,9.800868988E0,9.809472376E0
2.337472725E1,-2.405497742E-1,3.222798157E-1,9.810898132E0,9.819136960E0
2.338475825E1,-2.297721863E-1,3.143463135E-1,9.939780121E0,9.947403566E0
2.339479025E1,-1.679507446E-1,3.013233948E-1,1.004575974E1,1.005168105E1
2.340482125E1,-1.730401611E-1,3.083587646E-1,9.908195801E0,9.914503117E0
2.341485325E1,-2.471360779E-1,3.067121887E-1,9.709858246E0,9.717844193E0
2.342488425E1,-2.977308655E-1,3.135978699E-1,9.680369568E0,9.690022821E0
2.343491525E1,-2.935395813E-1,3.147953796E-1,9.776619415E0,9.786089557E0
2.344494725E1,-2.661465454E-1,3.138972473E-1,9.913135529E0,9.921674328E0
2.345497825E1,-2.254312134E-1,3.225791931E-1,9.927805023E0,9.935602103E0
2.346501025E1,-1.787283325E-1,3.299139404E-1,9.859996033E0,9.867132754E0
2.347504125E1,-1.881587219E-1,3.474275208E-1,9.792187042E0,9.800154930E0
2.348507325E1,-2.415975952E-1,3.875440979E-1,9.772278442E0,9.782943615E0
2.349510425E1,-2.833607483E-1,3.932322693E-1,9.814041595E0,9.826003123E0
2.350513525E1,-2.755769348E-1,4.189787292E-1,9.870923309E0,9.883653818E0
2.351516725E1,-2.427951050E-1,4.421804810E-1,9.893226929E0,9.906079553E0
2.352519825E1,-2.064207458E-1,4.309538269E-1,9.889185333E0,9.900723069E0
2.353523025E1,-1.815724182E-1,4.321513367E-1,9.902357941E0,9.913446228E0
2.354526125E1,-1.859133911E-1,3.905378723E-1,9.914183350E0,9.923614014E0
2.355529225E1,-1.841171265E-1,3.558100891E-1,9.912087708E0,9.920180576E0
2.356532425E1,-1.922003174E-1,3.320095825E-1,9.878407745E0,9.885854081E0
2.357535525E1,-2.133064270E-1,3.109034729E-1,9.823172607E0,9.830405926E0
2.358538725E1,-2.359094238E-1,3.132984924E-1,9.782008209E0,9.789866894E0
2.359541825E1,-2.426454163E-1,3.239263916E-1,9.769284668E0,9.777664753E0
2.360544925E1,-2.643502808E-1,3.314108276E-1,9.761500854E0,9.770701773E0
2.361548125E1,-2.577639771E-1,3.453318787E-1,9.763446808E0,9.772951957E0
2.362551225E1,-2.418969727E-1,3.299139404E-1,9.783804474E0,9.792353514E0
2.363554425E1,-2.110610962E-1,3.122506714E-1,9.822424164E0,9.829652269E0
2.364557525E1,-2.052232361E-1,3.026705933E-1,9.839039612E0,9.845832953E0
2.365560725E1,-1.919009399E-1,3.053649902E-1,9.857151947E0,9.863747678E0
2.366563825E1,-2.050735474E-1,3.231779480E-1,9.885742493E0,9.893149336E0
2.367566925E1,-2.071691895E-1,3.480262756E-1,9.865833893E0,9.874144001E0
2.368570125E1,-2.264790344E-1,3.830534363E-1,9.839189301E0,9.849247117E0
2.369573225E1,-2.471360779E-1,4.144880676E-1,9.840835876E0,9.852660927E0
2.370576425E1,-2.315684509E-1,4.667294312E-1,9.838291168E0,9.852077619E0
2.371579525E1,-2.103126526E-1,4.547543335E-1,9.813742218E0,9.826523762E0
2.372582625E1,-1.977388000E-1,4.376898193E-1,9.767937469E0,9.779738004E0
2.373585825E1,-1.948947144E-1,4.317022705E-1,9.813742218E0,9.825166010E0
2.374588925E1,-1.764830017E-1,3.869453430E-1,9.875563660E0,9.884717019E0
2.375592125E1,-1.835183716E-1,3.643423462E-1,9.899364166E0,9.907766410E0
2.376595225E1,-1.974394226E-1,3.592529297E-1,9.921368408E0,9.929833638E0
2.377598325E1,-2.309696960E-1,3.805087280E-1,9.892927551E0,9.902936404E0
2.378601525E1,-2.284249878E-1,3.776646423E-1,9.874665527E0,9.884524664E0
2.379604654E1,-2.269281006E-1,3.866459656E-1,9.857601013E0,9.867790492E0
2.380607854E1,-2.219883728E-1,4.014651489E-1,9.867929535E0,9.878587268E0
2.381610954E1,-1.996847534E-1,4.052073669E-1,9.844578094E0,9.854937081E0
2.382614054E1,-1.908531189E-1,4.198768616E-1,9.872719574E0,9.883486899E0
2.383617254E1,-1.826202393E-1,4.117936707E-1,9.881850586E0,9.892112776E0
2.384620354E1,-1.963916016E-1,4.182302856E-1,9.874665527E0,9.885469413E0
2.385623554E1,-2.242337036E-1,3.906875610E-1,9.860894165E0,9.871177805E0
2.386626654E1,-2.174977112E-1,3.758683777E-1,9.848170624E0,9.857740457E0
2.387629854E1,-2.308200073E-1,3.635939026E-1,9.834548950E0,9.843974373E0
2.388632954E1,-2.537223816E-1,3.293151855E-1,9.825118561E0,9.833909613E0
2.389636054E1,-2.306703186E-1,3.257226562E-1,9.834399261E0,9.842495257E0
2.390639254E1,-2.320175171E-1,3.384461975E-1,9.834548950E0,9.843105760E0
2.391642354E1,-2.332150269E-1,3.420387268E-1,9.818831635E0,9.827554854E0
2.392645554E1,-2.149530029E-1,3.535647583E-1,9.819430389E0,9.828144586E0
2.393648654E1,-2.106120300E-1,3.653901672E-1,9.848619690E0,9.857645621E0
2.394651754E1,-2.134561157E-1,3.800596619E-1,9.855505371E0,9.865140393E0
2.395654954E1,-2.089654541E-1,3.812571716E-1,9.870174866E0,9.879745719E0
2.396658054E1,-2.079176331E-1,3.899391174E-1,9.863139496E0,9.873034132E0
2.397661254E1,-2.278262329E-1,4.020639038E-1,9.864187317E0,9.875006410E0
2.398664354E1,-2.291734314E-1,4.125421143E-1,9.843081207E0,9.854387810E0
2.399667454E1,-2.359094238E-1,4.014651489E-1,9.825268250E0,9.836296239E0
2.400670654E1,-2.360591125E-1,4.116439819E-1,9.845326538E0,9.856755517E0
2.401673754E1,-2.371069336E-1,4.083508301E-1,9.863438873E0,9.874735263E0
2.402676954E1,-2.339634705E-1,3.888912964E-1,9.843679962E0,9.854136722E0
2.403680054E1,-2.409988403E-1,3.948788452E-1,9.834399261E0,9.845273921E0
2.404683154E1,-2.424957275E-1,3.947291565E-1,9.826016693E0,9.836931398E0
2.405686354E1,-2.475851440E-1,4.017645264E-1,9.838889923E0,9.850201422E0
2.406689454E1,-2.136058044E-1,4.025129700E-1,9.884395294E0,9.894893353E0
2.407692654E1,-2.007325745E-1,4.132905579E-1,9.890532532E0,9.901198736E0
2.408695754E1,-1.866618347E-1,4.198768616E-1,9.863887939E0,9.874584776E0
2.409698954E1,-1.929487610E-1,4.239184570E-1,9.816885681E0,9.827928600E0
2.410702054E1,-2.148033142E-1,4.318519592E-1,9.782756653E0,9.794639570E0
2.411705154E1,-2.377056885E-1,4.040098572E-1,9.804162140E0,9.815361594E0
2.412708354E1,-2.418969727E-1,3.923341370E-1,9.825717316E0,9.836521793E0
2.413711454E1,-2.356100464E-1,3.817062378E-1,9.861792297E0,9.871988607E0
2.414714654E1,-2.171983337E-1,3.689826965E-1,9.833800507E0,9.843117176E0
2.415717754E1,-2.287243652E-1,3.547622681E-1,9.776170349E0,9.785278626E0
2.416720854E1,-2.137554932E-1,3.608995056E-1,9.849068756E0,9.857996512E0
2.417724054E1,-1.800755310E-1,3.634442139E-1,1.001178040E1,1.001999329E1
2.418727154E1,-1.362167358E-1,3.823049927E-1,1.009979736E1,1.010794830E1
2.419730354E1,-1.472937012E-1,4.065545654E-1,9.931547241E0,9.940956325E0
2.420733454E1,-2.167492676E-1,4.132905579E-1,9.695188751E0,9.706414078E0
2.421736554E1,-3.019221497E-1,4.064048767E-1,9.579778748E0,9.593147698E0
2.422739754E1,-3.020718384E-1,3.999682617E-1,9.719588013E0,9.732502923E0
2.423742854E1,-2.496807861E-1,3.686833191E-1,9.907447357E0,9.917448312E0
2.424746054E1,-1.688488770E-1,3.424877930E-1,9.999505920E0,1.000679402E1
2.425749154E1,-1.224453735E-1,3.685336304E-1,9.962532806E0,9.970098787E0
2.426752354E1,-1.190025330E-1,3.909869385E-1,9.854756927E0,9.863227995E0
2.427755454E1,-1.911524963E-1,4.276606750E-1,9.779313812E0,9.790526624E0
2.428758554E1,-2.550695801E-1,4.475692749E-1,9.792187042E0,9.805728215E0
2.429761754E1,-2.914439392E-1,4.646337891E-1,9.827663269E0,9.842956337E0
2.430764854E1,-2.871029663E-1,4.815486145E-1,9.854906616E0,9.870840977E0
2.431768054E1,-2.362088013E-1,5.071453857E-1,9.860145721E0,9.876004490E0
2.432771154E1,-2.005828857E-1,5.183720398E-1,9.860594788E0,9.876247902E0
2.433774254E1,-1.797761536E-1,5.215155029E-1,9.882748718E0,9.898132153E0
2.434777454E1,-1.748364258E-1,4.905299377E-1,9.886041870E0,9.899748040E0
2.435780554E1,-1.797761536E-1,4.339476013E-1,9.868378601E0,9.879550911E0
2.436783754E1,-2.068698120E-1,3.896397400E-1,9.858499146E0,9.868364588E0
2.437786854E1,-2.167492676E-1,3.691323853E-1,9.842632141E0,9.851936177E0
2.438789954E1,-2.309696960E-1,3.466790771E-1,9.810149689E0,9.818990289E0
2.439793154E1,-2.354603577E-1,3.601510620E-1,9.809700623E0,9.819133194E0
2.440796254E1,-2.347119141E-1,3.650907898E-1,9.805060272E0,9.814661885E0
2.441799454E1,-2.302212524E-1,3.652404785E-1,9.815089417E0,9.824580535E0
2.442802554E1,-2.067201233E-1,3.823049927E-1,9.822274475E0,9.831885179E0
2.443805754E1,-1.890568542E-1,3.878434753E-1,9.820029144E0,9.829503418E0
2.444808854E1,-1.883084106E-1,3.927832031E-1,9.825867004E0,9.835517327E0
2.445811954E1,-2.056723022E-1,3.981719971E-1,9.857301636E0,9.867483852E0
2.446815154E1,-2.128573608E-1,4.152365112E-1,9.883197784E0,9.894206793E0
2.447818254E1,-2.236349487E-1,4.237687683E-1,9.862540741E0,9.874173506E0
2.448821454E1,-2.505789185E-1,4.481680298E-1,9.809101868E0,9.822531437E0
2.449824554E1,-2.710862732E-1,4.635859680E-1,9.811047821E0,9.825734531E0
2.450827654E1,-2.697390747E-1,4.863386536E-1,9.805659027E0,9.821417077E0
2.451830854E1,-2.272274780E-1,4.882846069E-1,9.809550934E0,9.824324084E0
2.452833954E1,-1.764830017E-1,4.598437500E-1,9.851763153E0,9.864068114E0
2.453837154E1,-1.417552185E-1,4.525090027E-1,9.892179108E0,9.903538077E0
2.454840254E1,-1.396595764E-1,4.439767456E-1,9.879305878E0,9.890263130E0
2.455843354E1,-1.570234680E-1,4.306544495E-1,9.846823425E0,9.857487063E0
2.456846554E1,-1.924996948E-1,4.186793518E-1,9.856253815E0,9.867020208E0
2.457849654E1,-2.215393066E-1,4.215234375E-1,9.873168640E0,9.884645703E0
2.458852854E1,-2.386038208E-1,4.328997803E-1,9.870025177E0,9.882395003E0
2.459855954E1,-2.471360779E-1,4.459226990E-1,9.872420197E0,9.885575544E0
2.460859154E1,-2.281256104E-1,4.649331665E-1,9.862391052E0,9.875979010E0
2.461862254E1,-2.107617188E-1,4.640350342E-1,9.839488678E0,9.852679151E0
2.462865354E1,-2.050735474E-1,4.641847229E-1,9.848470001E0,9.861535579E0
2.463868554E1,-1.942959595E-1,4.358935547E-1,9.872869263E0,9.884396875E0
2.464871654E1,-1.853146362E-1,4.207749939E-1,9.879006500E0,9.889699821E0
2.465874854E1,-1.938468933E-1,4.067042542E-1,9.862540741E0,9.872826082E0
2.466877954E1,-1.936972046E-1,3.891906738E-1,9.845775604E0,9.855368346E0
2.467881054E1,-2.103126526E-1,3.903881836E-1,9.817185059E0,9.827194758E0
2.468884254E1,-2.122586060E-1,3.724255371E-1,9.827663269E0,9.837007666E0
2.469887354E1,-2.294728088E-1,3.710783386E-1,9.831555176E0,9.841231329E0
2.470890554E1,-2.251318359E-1,3.963757324E-1,9.815688171E0,9.826267467E0
2.471893654E1,-2.309696960E-1,3.947291565E-1,9.806856537E0,9.817514616E0
2.472896754E1,-2.321672058E-1,4.111949158E-1,9.792636108E0,9.804014730E0
2.473899954E1,-2.372566223E-1,4.135899353E-1,9.800569611E0,9.812161435E0
2.474903054E1,-2.260299683E-1,4.240681458E-1,9.838590546E0,9.850319145E0
2.475906254E1,-2.284249878E-1,4.284091187E-1,9.872869263E0,9.884799433E0
2.476909354E1,-2.122586060E-1,4.375401306E-1,9.891730042E0,9.903677009E0
2.477912554E1,-2.064207458E-1,4.480183411E-1,9.867181091E0,9.879503664E0
2.478915654E1,-2.176473999E-1,4.466711426E-1,9.840536499E0,9.853072825E0
2.479918800E1,-2.269281006E-1,4.640350342E-1,9.861043854E0,9.874563826E0
2.480922000E1,-2.288740540E-1,4.568499756E-1,9.853559418E0,9.866799300E0
2.481925100E1,-2.436932373E-1,4.571493530E-1,9.851164398E0,9.864776324E0
2.482928300E1,-2.338137817E-1,4.462220764E-1,9.834249573E0,9.847144139E0
2.483931400E1,-2.323168945E-1,4.489164734E-1,9.849817200E0,9.862778311E0
2.484934500E1,-2.139051819E-1,4.337979126E-1,9.847272491E0,9.859143552E0
2.485937700E1,-2.076182556E-1,4.279600525E-1,9.830357666E0,9.841858919E0
2.486940800E1,-2.386038208E-1,4.228706360E-1,9.825118561E0,9.837108625E0
2.487944000E1,-2.448907471E-1,4.138893127E-1,9.837393036E0,9.849140957E0
2.488947100E1,-2.270777893E-1,4.144880676E-1,9.881102142E0,9.892398305E0
2.489950200E1,-1.989363098E-1,4.231700134E-1,9.900561676E0,9.911597753E0
2.490953400E1,-1.743873596E-1,4.363426208E-1,9.863588562E0,9.874775195E0
2.491956500E1,-1.993853760E-1,4.502636719E-1,9.816735992E0,9.829079176E0
2.492959700E1,-2.134561157E-1,4.490661621E-1,9.772278442E0,9.784919514E0
2.493962800E1,-2.469863892E-1,4.180805969E-1,9.784702606E0,9.796744294E0
2.494965900E1,-2.487826538E-1,4.065545654E-1,9.821975098E0,9.833533152E0
2.495969100E1,-2.421963501E-1,3.971241760E-1,9.872120819E0,9.883073214E0
2.496972200E1,-2.342628479E-1,3.993695068E-1,9.873318329E0,9.884168650E0
2.497975400E1,-2.356100464E-1,4.153862000E-1,9.782157898E0,9.793807785E0
2.498978500E1,-2.456391907E-1,4.038601685E-1,9.815688171E0,9.827063444E0
2.499981700E1,-2.032772827E-1,4.116439819E-1,9.945168915E0,9.955759999E0
2.500984800E1,-1.567240906E-1,4.270619202E-1,1.008318192E1,1.009343855E1
2.501987900E1,-1.448986816E-1,4.355941772E-1,1.000669098E1,1.001721529E1
2.502991100E1,-2.041754150E-1,4.604425049E-1,9.751920776E0,9.764919545E0
2.503994200E1,-2.847079468E-1,4.462220764E-1,9.588161316E0,9.602760550E0
2.504997400E1,-3.079096985E-1,4.351451111E-1,9.662107544E0,9.676801219E0
2.506000500E1,-2.568658447E-1,3.983216858E-1,9.857151947E0,9.868540152E0
2.507003600E1,-2.059716797E-1,3.827540588E-1,1.001432510E1,1.002375340E1
2.508006800E1,-1.516346741E-1,3.803590393E-1,1.000459534E1,1.001297128E1
2.509009900E1,-1.318757629E-1,3.980223083E-1,9.871671753E0,9.880572664E0
2.510013100E1,-1.799258423E-1,4.357438660E-1,9.796078949E0,9.807416010E0
2.511016200E1,-2.392025757E-1,4.526586914E-1,9.797276459E0,9.810644412E0
2.512019300E1,-2.582130432E-1,4.781057739E-1,9.811047821E0,9.826083577E0
2.513022500E1,-2.628533936E-1,4.936734009E-1,9.868378601E0,9.884214766E0
2.514025600E1,-2.290237427E-1,5.174739075E-1,9.878258057E0,9.894453666E0
2.515028800E1,-2.023791504E-1,5.381309509E-1,9.852810974E0,9.869570727E0
2.516031900E1,-1.883084106E-1,5.420228577E-1,9.838291168E0,9.855009992E0
2.517035100E1,-2.053729248E-1,4.999603271E-1,9.856553192E0,9.871361568E0
2.518038200E1,-2.083666992E-1,4.526586914E-1,9.869426422E0,9.881998506E0
2.519041300E1,-2.314187622E-1,4.099974060E-1,9.868228912E0,9.879453142E0
2.520044500E1,-2.414479065E-1,3.752696228E-1,9.866881714E0,9.876967102E0
2.521047600E1,-2.562670898E-1,3.733236694E-1,9.823921051E0,9.834351438E0
2.522050800E1,-2.592608643E-1,3.875440979E-1,9.807904358E0,9.818981338E0
2.523053900E1,-2.615061951E-1,3.833528137E-1,9.805209961E0,9.816184964E0
2.524057000E1,-2.365081787E-1,3.888912964E-1,9.820328522E0,9.830871011E0
2.525060200E1,-2.275268555E-1,3.974235535E-1,9.835596771E0,9.846251967E0
2.526063300E1,-2.110610962E-1,4.149371338E-1,9.843679962E0,9.854681873E0
2.527066500E1,-1.981878662E-1,4.225712585E-1,9.843679962E0,9.854738966E0
2.528069600E1,-2.037263489E-1,4.269122314E-1,9.867779846E0,9.879111173E0
2.529072800E1,-2.073188782E-1,4.399351501E-1,9.885742493E0,9.897698151E0
2.530075900E1,-2.113604736E-1,4.474195862E-1,9.896370392E0,9.908733747E0
2.531079000E1,-2.396516418E-1,4.567002869E-1,9.810748444E0,9.824296061E0
2.532082200E1,-2.797682190E-1,4.884342957E-1,9.791438599E0,9.807604608E0
2.533085300E1,-2.838098145E-1,4.930746460E-1,9.787696381E0,9.804217004E0
2.534088500E1,-2.272274780E-1,5.026547241E-1,9.836045837E0,9.851502008E0
2.535091600E1,-1.755848694E-1,4.821473694E-1,9.900262299E0,9.913550813E0
2.536094700E1,-1.389111328E-1,4.625381470E-1,9.900711365E0,9.912483209E0
2.537097900E1,-1.619631958E-1,4.474195862E-1,9.868079224E0,9.879544723E0
2.538101000E1,-1.884580994E-1,4.248165894E-1,9.833201752E0,9.844178091E0
2.539104200E1,-2.233355713E-1,4.339476013E-1,9.836644592E0,9.848744394E0
2.540107300E1,-2.537223816E-1,4.291575623E-1,9.860594788E0,9.873190002E0
2.541110400E1,-2.631527710E-1,4.233197021E-1,9.877808990E0,9.890377111E0
2.542113600E1,-2.435435486E-1,4.435276794E-1,9.871072998E0,9.884033205E0
2.543116700E1,-2.326162720E-1,4.680766296E-1,9.845027161E0,9.858892730E0
2.544119900E1,-2.201921082E-1,4.740641785E-1,9.829908600E0,9.843796244E0
2.545123000E1,-2.074685669E-1,4.529580688E-1,9.805359650E0,9.818008560E0
2.546126100E1,-2.067201233E-1,4.308041382E-1,9.822424164E0,9.834039957E0
2.547129300E1,-2.139051819E-1,4.224215698E-1,9.854008484E0,9.865377773E0
2.548132400E1,-2.207908630E-1,3.959266663E-1,9.835896149E0,9.846337369E0
2.549135600E1,-2.258802795E-1,3.957769775E-1,9.844129028E0,9.854670854E0
2.550138700E1,-2.427951050E-1,3.938310242E-1,9.839039612E0,9.849911310E0
2.551141900E1,-2.392025757E-1,4.099974060E-1,9.831704865E0,9.843156825E0
2.552145000E1,-2.386038208E-1,4.261637878E-1,9.839338989E0,9.851453654E0
2.553148100E1,-2.260299683E-1,4.429289246E-1,9.838291168E0,9.850850151E0
2.554151300E1,-2.082170105E-1,4.384382629E-1,9.832153931E0,9.844126845E0
2.555154400E1,-2.163002014E-1,4.212240601E-1,9.819879456E0,9.831289234E0
2.556157600E1,-2.426454163E-1,4.093986511E-1,9.840087433E0,9.851588945E0
2.557160700E1,-2.426454163E-1,3.959266663E-1,9.878108368E0,9.889017123E0
2.558163800E1,-2.463876343E-1,3.911366272E-1,9.895472260E0,9.906263976E0
2.559167000E1,-2.537223816E-1,3.849993896E-1,9.923314362E0,9.934020711E0
2.560170100E1,-2.356100464E-1,3.960763550E-1,9.923314362E0,9.934010091E0
2.561173300E1,-2.423460388E-1,4.189787292E-1,9.874515839E0,9.886371317E0
2.562176400E1,-2.411485291E-1,4.315525818E-1,9.832602997E0,9.845022699E0
2.563179600E1,-2.477348328E-1,4.272116089E-1,9.788893890E0,9.801343066E0
2.564182700E1,-2.354603577E-1,4.426295471E-1,9.786049805E0,9.798884287E0
2.565185800E1,-2.504292297E-1,4.354444885E-1,9.783804474E0,9.796691109E0
2.566189000E1,-2.261796570E-1,4.468208313E-1,9.831854553E0,9.844601061E0
2.567192100E1,-2.174977112E-1,4.317022705E-1,9.870324554E0,9.882154568E0
2.568195300E1,-2.171983337E-1,4.278103638E-1,9.901759186E0,9.913376408E0
2.569198400E1,-2.326162720E-1,4.023632813E-1,9.873468018E0,9.884400702E0
2.570201500E1,-2.540217590E-1,3.909869385E-1,9.877210236E0,9.888209134E0
2.571204700E1,-2.630030823E-1,3.781137085E-1,9.907147980E0,9.917848642E0
2.572207800E1,-2.487826538E-1,3.894900513E-1,9.934391327E0,9.945135813E0
2.573211000E1,-2.136058044E-1,3.860472107E-1,9.951605530E0,9.961381054E0
2.574214100E1,-2.043251038E-1,4.085005188E-1,9.901759186E0,9.912288151E0
2.575217200E1,-2.128573608E-1,4.248165894E-1,9.809101868E0,9.820603690E0
2.576220400E1,-2.154020691E-1,4.064048767E-1,9.752369843E0,9.763210564E0
2.577223500E1,-2.320175171E-1,3.900888062E-1,9.762698364E0,9.773243103E0
2.578226700E1,-2.474354553E-1,3.740721130E-1,9.801916809E0,9.812172409E0
2.579229800E1,-2.392025757E-1,3.718267822E-1,9.851314087E0,9.861230261E0
2.580233000E1,-2.522254944E-1,3.564088440E-1,9.854307861E0,9.863976297E0
2.581236100E1,-2.712359619E-1,3.725752258E-1,9.788295135E0,9.799137865E0
2.582239200E1,-2.655477905E-1,3.679348755E-1,9.794881439E0,9.805385975E0
2.583242400E1,-2.612068176E-1,3.522175598E-1,9.848020935E0,9.857778784E0
2.584245500E1,-2.258802795E-1,3.591032410E-1,9.957293701E0,9.966327051E0
2.585248700E1,-1.755848694E-1,3.583547974E-1,1.006027954E1,1.006819113E1
2.586251800E1,-1.794767761E-1,3.537144470E-1,9.862540741E0,9.870513446E0
2.587254900E1,-2.704875183E-1,3.640429688E-1,9.684860229E0,9.695473606E0
2.588258100E1,-3.110531616E-1,3.665876770E-1,9.689500580E0,9.701420622E0
2.589261200E1,-2.909948730E-1,3.604504395E-1,9.789792023E0,9.800746420E0
2.590264400E1,-2.589614868E-1,3.614982605E-1,9.898915100E0,9.908898133E0
2.591267500E1,-2.086660767E-1,3.676354980E-1,9.948312378E0,9.957289619E0
2.592270600E1,-1.770817566E-1,3.965254211E-1,9.891131287E0,9.900660003E0
2.593273800E1,-2.034269714E-1,4.293072510E-1,9.804910583E0,9.816412726E0
2.594276900E1,-2.347119141E-1,4.658312988E-1,9.804760895E0,9.818626415E0
2.595280100E1,-2.630030823E-1,4.691244507E-1,9.843979340E0,9.858660031E0
2.596283200E1,-2.576142883E-1,4.670288086E-1,9.866282959E0,9.880689270E0
2.597286400E1,-2.541714478E-1,4.719685364E-1,9.885892181E0,9.900415226E0
2.598289500E1,-2.414479065E-1,4.556524658E-1,9.871671753E0,9.885131231E0
2.599292600E1,-2.160008240E-1,4.387376404E-1,9.869725800E0,9.881833556E0
2.600295800E1,-1.975891113E-1,4.050576782E-1,9.898166656E0,9.908421486E0
2.601298900E1,-1.966909790E-1,3.617976379E-1,9.942324829E0,9.950849606E0
2.602302100E1,-2.038760376E-1,3.144960022E-1,9.930499420E0,9.937569718E0
2.603305200E1,-2.170486450E-1,3.014730835E-1,9.886041870E0,9.893018750E0
2.604308300E1,-2.504292297E-1,3.204835510E-1,9.834099884E0,9.842507050E0
2.605311500E1,-2.597099304E-1,3.432362366E-1,9.774823151E0,9.784294966E0
2.606314600E1,-2.719844055E-1,3.541635132E-1,9.734407196E0,9.744644209E0
2.607317800E1,-2.671943665E-1,3.583547974E-1,9.769434357E0,9.779655344E0
2.608320900E1,-2.381547546E-1,3.685336304E-1,9.810449066E0,9.820256901E0
2.609324100E1,-2.252815247E-1,3.552113342E-1,9.823921051E0,9.832921828E0
2.610327200E1,-2.076182556E-1,3.341052246E-1,9.857750702E0,9.865595803E0
2.611330300E1,-1.969903564E-1,3.534150696E-1,9.884095917E0,9.892373805E0
2.612333500E1,-2.242337036E-1,3.427871704E-1,9.901459808E0,9.909928866E0
2.613336600E1,-2.359094238E-1,3.594026184E-1,9.878258057E0,9.887608696E0
2.614339800E1,-2.739303589E-1,3.876937866E-1,9.831106110E0,9.842560218E0
2.615342900E1,-2.869532776E-1,4.090992737E-1,9.849817200E0,9.862484640E0
2.616346000E1,-2.616558838E-1,4.254153442E-1,9.837692413E0,9.850362127E0
2.617349200E1,-2.179467773E-1,4.111949158E-1,9.813143463E0,9.824172570E0
2.618352300E1,-2.062710571E-1,4.168830872E-1,9.801467743E0,9.812497601E0
2.619355500E1,-1.927990723E-1,3.876937866E-1,9.817334747E0,9.826878421E0
2.620358600E1,-2.050735474E-1,3.585044861E-1,9.883048096E0,9.891674291E0
2.621361800E1,-2.040257263E-1,3.784130859E-1,9.915680237E0,9.924995593E0
2.622364900E1,-2.197430420E-1,3.728746033E-1,9.913584595E0,9.923027864E0
2.623368000E1,-2.456391907E-1,3.778143311E-1,9.903705139E0,9.913952681E0
2.624371200E1,-2.329156494E-1,3.992198181E-1,9.860594788E0,9.871421161E0
2.625374300E1,-2.333647156E-1,4.037104797E-1,9.841434631E0,9.852475671E0
2.626377500E1,-2.270777893E-1,3.959266663E-1,9.830806732E0,9.841396408E0
2.627380600E1,-2.216889954E-1,3.852987671E-1,9.837243347E0,9.847281748E0
2.628383700E1,-2.115101624E-1,3.938310242E-1,9.855056305E0,9.865190023E0
2.629386900E1,-2.040257263E-1,3.721261597E-1,9.848020935E0,9.857160885E0
2.630390000E1,-2.170486450E-1,3.526666260E-1,9.852361908E0,9.861060746E0
2.631393200E1,-2.255809021E-1,3.254232788E-1,9.851164398E0,9.859118980E0
2.632396300E1,-2.332150269E-1,3.091072083E-1,9.841734009E0,9.849348446E0
2.633399400E1,-2.537223816E-1,3.171903992E-1,9.828860779E0,9.837250073E0
2.634402600E1,-2.685415649E-1,3.098556519E-1,9.824819183E0,9.833371603E0
2.635405700E1,-2.598596191E-1,3.005749512E-1,9.843081207E0,9.851097400E0
2.636408900E1,-2.345622253E-1,3.040177917E-1,9.833950195E0,9.841444137E0
2.637412000E1,-2.278262329E-1,3.222798157E-1,9.836045837E0,9.843960930E0
2.638415200E1,-2.261796570E-1,3.272195435E-1,9.839039612E0,9.847077249E0
2.639418300E1,-2.192939758E-1,3.206332397E-1,9.833351440E0,9.841021089E0
2.640421400E1,-2.427951050E-1,3.198847961E-1,9.827363892E0,9.835565912E0
2.641424600E1,-2.582130432E-1,3.306623840E-1,9.836045837E0,9.844989045E0
2.642427700E1,-2.637515259E-1,3.243754578E-1,9.832602997E0,9.841486981E0
2.643430900E1,-2.719844055E-1,3.414399719E-1,9.823022919E0,9.832717632E0
2.644434000E1,-2.640509033E-1,3.561094666E-1,9.829908600E0,9.839900402E0
2.645437100E1,-2.348616028E-1,3.779640198E-1,9.843829651E0,9.853882431E0
2.646440300E1,-2.219883728E-1,3.814068604E-1,9.870324554E0,9.880185061E0
2.647443400E1,-2.204914856E-1,3.879931641E-1,9.851164398E0,9.861267423E0
2.648446600E1,-2.504292297E-1,3.802093506E-1,9.836794281E0,9.847324290E0
2.649449700E1,-2.640509033E-1,3.788621521E-1,9.838440857E0,9.849272963E0
2.650452900E1,-2.649490356E-1,3.847000122E-1,9.872120819E0,9.883165564E0
2.651456000E1,-2.674937439E-1,3.793112183E-1,9.893975372E0,9.904856313E0
2.652459100E1,-2.453398132E-1,3.872447205E-1,9.887389069E0,9.898010542E0
2.653462300E1,-2.255809021E-1,3.882925415E-1,9.866432648E0,9.876646750E0
2.654465400E1,-2.118095398E-1,3.814068604E-1,9.835447083E0,9.845118272E0
2.655468600E1,-2.164498901E-1,3.770658875E-1,9.834399261E0,9.844005185E0
2.656471700E1,-2.300715637E-1,3.623963928E-1,9.852960663E0,9.862306926E0
2.657474800E1,-2.351609802E-1,3.317102051E-1,9.863588562E0,9.871965947E0
2.658478000E1,-2.354603577E-1,3.182382202E-1,9.872719574E0,9.880653264E0
2.659481100E1,-2.508782959E-1,3.191363525E-1,9.853709106E0,9.862067283E0
2.660484300E1,-2.398013306E-1,3.234773254E-1,9.826465759E0,9.834712582E0
2.661487400E1,-2.465373230E-1,3.224295044E-1,9.832303619E0,9.840677614E0
2.662490600E1,-2.173480225E-1,3.185375977E-1,9.861792297E0,9.869328938E0
2.663493700E1,-1.682501221E-1,3.065625000E-1,9.978848877E0,9.984974391E0
2.664496800E1,-1.306782532E-1,3.016227722E-1,9.939480743E0,9.944914809E0
2.665500000E1,-1.797761536E-1,3.260220337E-1,9.747430115E0,9.754537594E0
2.666503100E1,-2.806663513E-1,3.171903992E-1,9.701026611E0,9.710267796E0
2.667506300E1,-2.900967407E-1,3.264710999E-1,9.764943695E0,9.774705360E0
2.668509400E1,-2.619552612E-1,3.192860413E-1,9.865684204E0,9.874324734E0
2.669512500E1,-2.546205139E-1,3.095562744E-1,9.918674011E0,9.926769406E0
2.670515700E1,-2.264790344E-1,3.109034729E-1,9.877808990E0,9.885295351E0
2.671518800E1,-2.098635864E-1,3.507206726E-1,9.807455292E0,9.815967961E0
2.672522000E1,-2.430944824E-1,3.944297791E-1,9.791139221E0,9.802095543E0
2.673525100E1,-2.537223816E-1,4.306544495E-1,9.831405487E0,9.844103420E0
2.674528300E1,-2.529739380E-1,4.608915710E-1,9.865085449E0,9.879085371E0
2.675531400E1,-2.336640930E-1,4.584965515E-1,9.866582336E0,9.879993168E0
2.676534500E1,-2.136058044E-1,4.517605591E-1,9.866582336E0,9.879228818E0
2.677537700E1,-2.106120300E-1,4.107458496E-1,9.878557434E0,9.889336002E0
2.678540800E1,-2.149530029E-1,3.667373657E-1,9.933942261E0,9.943033236E0
2.679544000E1,-2.143542480E-1,3.228785706E-1,9.960137787E0,9.967674907E0
2.680547025E1,-2.179467773E-1,2.908451843E-1,9.944121094E0,9.950760576E0
2.681550125E1,-2.339634705E-1,2.911445618E-1,9.892478485E0,9.899526991E0
2.682553325E1,-2.335144043E-1,3.176394653E-1,9.813592529E0,9.821508140E0
2.683556425E1,-2.430944824E-1,3.309617615E-1,9.781858521E0,9.790474285E0
2.684559625E1,-2.540217590E-1,3.291654968E-1,9.779313812E0,9.788148733E0
2.685562725E1,-2.439926147E-1,3.255729675E-1,9.772278442E0,9.780744149E0
2.686565925E1,-2.254312134E-1,3.338058472E-1,9.812095642E0,9.820359793E0
2.687569025E1,-2.026785278E-1,3.155438232E-1,9.824220428E0,9.831375973E0
2.688572125E1,-2.028282166E-1,3.188369751E-1,9.851164398E0,9.858409421E0
2.689575325E1,-1.993853760E-1,3.094065857E-1,9.874066772E0,9.880925138E0
2.690578425E1,-2.127076721E-1,3.113525391E-1,9.900411987E0,9.907590145E0
2.691581625E1,-2.173480225E-1,3.176394653E-1,9.877958679E0,9.885454095E0
2.692584725E1,-2.390528870E-1,3.656895447E-1,9.854008484E0,9.863688880E0
2.693587825E1,-2.472857666E-1,3.950285339E-1,9.831255798E0,9.842295889E0
2.694591025E1,-2.465373230E-1,4.131408691E-1,9.818681946E0,9.830461901E0
2.695594125E1,-2.136058044E-1,4.137396240E-1,9.800270233E0,9.811325321E0
2.696597325E1,-2.085163879E-1,3.847000122E-1,9.776619415E0,9.786406919E0
2.697600425E1,-2.192939758E-1,3.649411011E-1,9.819580078E0,9.828805867E0
2.698603625E1,-2.101629639E-1,3.445834351E-1,9.895771637E0,9.903999319E0
2.699606725E1,-2.157014465E-1,3.619473267E-1,9.908046112E0,9.917001096E0
2.700609825E1,-2.342628479E-1,3.709286499E-1,9.916877747E0,9.926577023E0
2.701613025E1,-2.227368164E-1,3.728746033E-1,9.884544983E0,9.894082912E0
2.702616125E1,-2.164498901E-1,3.830534363E-1,9.858948212E0,9.868760831E0
2.703619325E1,-1.953437805E-1,3.797602844E-1,9.830058289E0,9.839330415E0
2.704622425E1,-2.119592285E-1,3.707789612E-1,9.835447083E0,9.844715489E0
2.705625525E1,-2.309696960E-1,3.683839417E-1,9.845775604E0,9.855371681E0
2.706628725E1,-2.219883728E-1,3.427871704E-1,9.852511597E0,9.860971891E0
2.707631825E1,-2.212399292E-1,3.279679871E-1,9.840386810E0,9.848336036E0
2.708635025E1,-2.255809021E-1,3.132984924E-1,9.852511597E0,9.860072386E0
2.709638125E1,-2.161505127E-1,2.995271301E-1,9.871671753E0,9.878579895E0
2.710641325E1,-2.299218750E-1,2.945874023E-1,9.860295410E0,9.867374087E0
2.711644425E1,-2.332150269E-1,2.718347168E-1,9.809401245E0,9.815937864E0
2.712647525E1,-2.466870117E-1,2.788700867E-1,9.791438599E0,9.798514828E0
2.713650725E1,-2.408491516E-1,2.917433167E-1,9.816885681E0,9.824172584E0
2.714653825E1,-2.318678284E-1,2.878514099E-1,9.833501129E0,9.840445395E0
2.715657025E1,-2.332150269E-1,2.951861572E-1,9.845775604E0,9.852960031E0
2.716660125E1,-2.204914856E-1,3.103047180E-1,9.856253815E0,9.863602018E0
2.717663225E1,-2.396516418E-1,3.240760803E-1,9.830806732E0,9.839065973E0
2.718666425E1,-2.293231201E-1,3.260220337E-1,9.824519806E0,9.832602345E0
2.719669525E1,-2.390528870E-1,3.338058472E-1,9.832453308E0,9.841021831E0
2.720672725E1,-2.339634705E-1,3.478765869E-1,9.842781830E0,9.851706003E0
2.721675825E1,-2.218386841E-1,3.552113342E-1,9.863738251E0,9.872624766E0
2.722678925E1,-2.480342102E-1,3.475772095E-1,9.872869263E0,9.882098885E0
2.723682125E1,-2.615061951E-1,3.724255371E-1,9.843530273E0,9.854043562E0
2.724685225E1,-2.642005920E-1,3.824546814E-1,9.833201752E0,9.844182558E0
2.725688425E1,-2.588117981E-1,3.737727356E-1,9.827663269E0,9.838173354E0
2.726691525E1,-2.429447937E-1,3.715274048E-1,9.861792297E0,9.871778062E0
2.727694725E1,-2.258802795E-1,3.785627747E-1,9.851763153E0,9.861621008E0
2.728697825E1,-2.142045593E-1,3.839515686E-1,9.818981323E0,9.828819697E0
2.729700925E1,-2.130070496E-1,3.635939026E-1,9.806557159E0,9.815606749E0
2.730704125E1,-2.204914856E-1,3.540138245E-1,9.790091400E0,9.798970962E0
2.731707225E1,-2.180964661E-1,3.291654968E-1,9.837393036E0,9.845314507E0
2.732710425E1,-2.266287231E-1,3.071612549E-1,9.878856812E0,9.886228832E0
2.733713525E1,-2.216889954E-1,2.972817993E-1,9.914033661E0,9.920966985E0
2.734716625E1,-2.354603577E-1,3.195854187E-1,9.880653076E0,9.888623849E0
2.735719825E1,-2.430944824E-1,3.293151855E-1,9.823621674E0,9.832145554E0
2.736722925E1,-2.513273621E-1,3.221301270E-1,9.830956421E0,9.839442942E0
2.737726125E1,-2.139051819E-1,3.219804382E-1,9.936037903E0,9.943554497E0
2.738729225E1,-1.327738953E-1,3.153941345E-1,1.005084915E1,1.005667296E1
2.739732425E1,-1.420545959E-1,3.179388428E-1,9.918823700E0,9.924934670E0
2.740735525E1,-2.164498901E-1,3.276686096E-1,9.719288635E0,9.727218968E0
2.741738625E1,-2.636018372E-1,3.378474426E-1,9.666897583E0,9.676390634E0
2.742741825E1,-2.808160400E-1,3.385958862E-1,9.736203461E0,9.746135780E0
2.743744925E1,-2.688409424E-1,3.168910217E-1,9.837842102E0,9.846615286E0
2.744748125E1,-2.077679443E-1,3.095562744E-1,9.898765411E0,9.905783628E0
2.745751225E1,-1.812730408E-1,3.237767029E-1,9.854307861E0,9.861291736E0
2.746754325E1,-1.892065430E-1,3.570075989E-1,9.785001984E0,9.793340460E0
2.747757525E1,-2.332150269E-1,4.022135925E-1,9.808054047E0,9.819067634E0
2.748760625E1,-2.743794250E-1,4.269122314E-1,9.842632141E0,9.855706245E0
2.749763825E1,-2.841091919E-1,4.420307922E-1,9.875264282E0,9.889234242E0
2.750766925E1,-2.502795410E-1,4.549040222E-1,9.871522064E0,9.885166938E0
2.751770125E1,-2.101629639E-1,4.724176025E-1,9.863139496E0,9.876683025E0
2.752773225E1,-1.913021851E-1,4.709207153E-1,9.882000275E0,9.895064036E0
2.753776325E1,-1.905537415E-1,4.328997803E-1,9.883048096E0,9.894359636E0
2.754779525E1,-1.971400452E-1,3.758683777E-1,9.895921326E0,9.905018936E0
2.755782625E1,-2.067201233E-1,3.327580261E-1,9.874216461E0,9.881984205E0
2.756785825E1,-2.164498901E-1,3.055146790E-1,9.838889923E0,9.846011613E0
2.757788925E1,-2.275268555E-1,3.122506714E-1,9.813891907E0,9.821493945E0
2.758792025E1,-2.508782959E-1,3.263214111E-1,9.814640350E0,9.823267826E0
2.759795225E1,-2.344125366E-1,3.204835510E-1,9.807305603E0,9.815340144E0
2.760798325E1,-2.386038208E-1,3.215313721E-1,9.813143463E0,9.821308407E0
2.761801525E1,-2.248324585E-1,3.261717224E-1,9.826765137E0,9.834747108E0
2.762804625E1,-1.944456482E-1,3.234773254E-1,9.837692413E0,9.844929594E0
2.763807825E1,-1.838177490E-1,3.318598938E-1,9.825567627E0,9.832888647E0
2.764810925E1,-1.922003174E-1,3.266207886E-1,9.861343231E0,9.868622620E0
2.765814025E1,-2.038760376E-1,3.296145630E-1,9.896819458E0,9.904405413E0
2.766817225E1,-2.236349487E-1,3.582051086E-1,9.883347473E0,9.892364771E0
2.767820325E1,-2.336640930E-1,3.879931641E-1,9.832602997E0,9.843028970E0
2.768823525E1,-2.412982178E-1,4.318519592E-1,9.838889923E0,9.851318484E0
2.769826625E1,-2.415975952E-1,4.436773682E-1,9.825867004E0,9.838845532E0
2.770829725E1,-2.327659607E-1,4.584965515E-1,9.812245331E0,9.825709008E0
2.771832925E1,-2.139051819E-1,4.315525818E-1,9.788893890E0,9.800736536E0
2.772836025E1,-1.893562317E-1,4.168830872E-1,9.826465759E0,9.837127457E0
2.773839225E1,-1.806742859E-1,3.953279114E-1,9.874515839E0,9.884077620E0
2.774842325E1,-1.884580994E-1,3.736230469E-1,9.879455566E0,9.888313958E0
2.775845525E1,-2.041754150E-1,3.852987671E-1,9.891580353E0,9.901187031E0
2.776848625E1,-2.450404358E-1,3.731739807E-1,9.884544983E0,9.894621426E0
2.777851725E1,-2.481838989E-1,3.986210632E-1,9.873168640E0,9.884328657E0
2.778854925E1,-2.390528870E-1,4.177812195E-1,9.866582336E0,9.878316376E0
2.779858025E1,-2.329156494E-1,4.209246826E-1,9.850415955E0,9.862156040E0
2.780861225E1,-2.058219910E-1,4.246669006E-1,9.849068756E0,9.860368149E0
2.781864325E1,-2.270777893E-1,4.204756165E-1,9.856702881E0,9.868280283E0
2.782867425E1,-2.082170105E-1,3.863465881E-1,9.870773621E0,9.880525790E0
2.783870625E1,-2.127076721E-1,3.832031250E-1,9.873767395E0,9.883489857E0
2.784873725E1,-2.305206299E-1,3.591032410E-1,9.871821442E0,9.881040101E0
2.785876925E1,-2.429447937E-1,3.583547974E-1,9.855505371E0,9.865010210E0
2.786880025E1,-2.424957275E-1,3.309617615E-1,9.825268250E0,9.833831198E0
2.787883225E1,-2.465373230E-1,3.161425781E-1,9.823022919E0,9.831200641E0
2.788886325E1,-2.324665833E-1,3.332070923E-1,9.818532257E0,9.826934586E0
2.789889425E1,-2.222877502E-1,3.137475586E-1,9.816436615E0,9.823964433E0
2.790892625E1,-2.165995789E-1,3.324586487E-1,9.805359650E0,9.813384839E0
2.791895725E1,-2.145039368E-1,3.556604004E-1,9.800419922E0,9.809216936E0
2.792898925E1,-2.164498901E-1,3.629951477E-1,9.826615448E0,9.835699629E0
2.793902025E1,-2.173480225E-1,3.724255371E-1,9.858948212E0,9.868373766E0
2.794905125E1,-2.100132751E-1,3.835025024E-1,9.869276733E0,9.878957586E0
2.795908325E1,-2.070195007E-1,3.900888062E-1,9.859397278E0,9.869282701E0
2.796911425E1,-1.989363098E-1,4.150868225E-1,9.875863037E0,9.886584013E0
2.797914625E1,-2.218386841E-1,4.017645264E-1,9.884245605E0,9.894894559E0
2.798917725E1,-2.270777893E-1,4.107458496E-1,9.870025177E0,9.881177737E0
2.799920925E1,-2.239343262E-1,4.055067444E-1,9.833950195E0,9.844854430E0
2.800924025E1,-2.415975952E-1,4.116439819E-1,9.815089417E0,9.826688171E0
2.801927125E1,-2.516267395E-1,4.082011414E-1,9.835447083E0,9.847129709E0
2.802930325E1,-2.433938599E-1,4.152365112E-1,9.865833893E0,9.877567531E0
2.803933425E1,-2.155517578E-1,4.222718811E-1,9.882000275E0,9.893366744E0
2.804936625E1,-2.002835083E-1,4.358935547E-1,9.838889923E0,9.850577221E0
2.805939725E1,-2.157014465E-1,4.279600525E-1,9.786349182E0,9.798076711E0
2.806942825E1,-2.378553772E-1,4.159849548E-1,9.792187042E0,9.803904617E0
2.807946025E1,-2.299218750E-1,3.924838257E-1,9.813742218E0,9.824278291E0
2.808949125E1,-2.338137817E-1,3.643423462E-1,9.872569885E0,9.882056991E0
2.809952325E1,-2.329156494E-1,3.528163147E-1,9.881401520E0,9.890441095E0
2.810955425E1,-2.311193848E-1,3.511697388E-1,9.813143463E0,9.822144419E0
2.811958625E1,-2.618055725E-1,3.537144470E-1,9.758058014E0,9.767975853E0
2.812961725E1,-2.414479065E-1,3.450325012E-1,9.836794281E0,9.845804500E0
2.813964825E1,-1.877096558E-1,3.543132019E-1,1.001911514E1,1.002713523E1
2.814968025E1,-1.372645569E-1,3.472778320E-1,1.010443771E1,1.011133547E1
2.815971125E1,-1.484912109E-1,3.811074829E-1,9.901160431E0,9.909604958E0
2.816974325E1,-2.260299683E-1,4.102967834E-1,9.632469177E0,9.643852728E0
2.817977425E1,-2.851570129E-1,3.992198181E-1,9.590855713E0,9.603395456E0
2.818980525E1,-3.074606323E-1,3.826043701E-1,9.732311554E0,9.744680925E0
2.819983725E1,-2.441423035E-1,3.577560425E-1,9.916728058E0,9.926182057E0
2.820986825E1,-1.791773987E-1,3.495231628E-1,1.000728973E1,1.001499470E1
2.821990025E1,-1.374142456E-1,3.799099731E-1,9.949210510E0,9.957409504E0
2.822993125E1,-1.384620667E-1,4.089495850E-1,9.820029144E0,9.829515955E0
2.823996325E1,-2.183958435E-1,4.391867065E-1,9.787546692E0,9.799829180E0
2.824999425E1,-2.709365845E-1,4.394860840E-1,9.832752686E0,9.846297783E0
2.826002525E1,-2.965333557E-1,4.520599365E-1,9.861642609E0,9.876451041E0
2.827005725E1,-2.832110596E-1,4.707710266E-1,9.867630157E0,9.882912465E0
2.828008825E1,-2.270777893E-1,4.978646851E-1,9.857750702E0,9.872926743E0
2.829012025E1,-2.011816406E-1,4.902305603E-1,9.881551208E0,9.895749307E0
2.830015125E1,-1.860630798E-1,4.637356567E-1,9.882599030E0,9.895222777E0
2.831018225E1,-2.029779053E-1,4.183799744E-1,9.890532532E0,9.901458256E0
2.832021425E1,-2.022294617E-1,3.740721130E-1,9.887688446E0,9.896828255E0
2.833024525E1,-2.173480225E-1,3.387455750E-1,9.870773621E0,9.878975686E0
2.834027725E1,-2.276765442E-1,3.293151855E-1,9.837093658E0,9.845237262E0
2.835030825E1,-2.571652222E-1,3.267704773E-1,9.816436615E0,9.825239982E0
2.836034025E1,-2.532733154E-1,3.338058472E-1,9.801467743E0,9.810420156E0
2.837037125E1,-2.462379456E-1,3.478765869E-1,9.813742218E0,9.822992801E0
2.838040225E1,-2.324665833E-1,3.490740967E-1,9.816885681E0,9.825840316E0
2.839043425E1,-2.097138977E-1,3.692820740E-1,9.813293152E0,9.822477877E0
2.840046525E1,-2.209405518E-1,3.643423462E-1,9.824669495E0,9.833905163E0
2.841049725E1,-2.269281006E-1,3.787124634E-1,9.832453308E0,9.842360365E0
2.842052825E1,-2.320175171E-1,3.980223083E-1,9.873168640E0,9.883911821E0
2.843056025E1,-2.368075562E-1,4.008663940E-1,9.909243622E0,9.920175444E0
2.844059125E1,-2.517764282E-1,4.219725037E-1,9.865534515E0,9.877764091E0
2.845062225E1,-2.580633545E-1,4.252656555E-1,9.814939728E0,9.827537303E0
2.846065425E1,-2.710862732E-1,4.489164734E-1,9.821226654E0,9.835217677E0
2.847068525E1,-2.628533936E-1,4.498146057E-1,9.783056030E0,9.796918412E0
2.848071725E1,-2.237846375E-1,4.408332825E-1,9.828860779E0,9.841286387E0
2.849074825E1,-2.142045593E-1,4.331991577E-1,9.872719574E0,9.884540297E0
2.850077925E1,-1.862127686E-1,4.122427368E-1,9.868677979E0,9.879039645E0
2.851081125E1,-1.896556091E-1,4.016148376E-1,9.845775604E0,9.855788197E0
2.852084225E1,-2.195933533E-1,3.941304016E-1,9.852960663E0,9.863285144E0
2.853087425E1,-2.357597351E-1,3.945794678E-1,9.854008484E0,9.864722946E0
2.854090525E1,-2.412982178E-1,4.120930481E-1,9.872869263E0,9.884411616E0
2.855093725E1,-2.553689575E-1,4.195774841E-1,9.877659302E0,9.889864097E0
2.856096825E1,-2.315684509E-1,4.231700134E-1,9.848769379E0,9.860575799E0
2.857099925E1,-2.314187622E-1,4.284091187E-1,9.833351440E0,9.845399411E0
2.858103125E1,-2.276765442E-1,4.364923096E-1,9.832453308E0,9.844770195E0
2.859106225E1,-2.264790344E-1,4.159849548E-1,9.845476227E0,9.856862501E0
2.860109425E1,-2.227368164E-1,3.989204407E-1,9.862989807E0,9.873566587E0
2.861112525E1,-2.177970886E-1,3.847000122E-1,9.859696655E0,9.869602211E0
2.862115625E1,-2.203417969E-1,3.782633972E-1,9.871222687E0,9.880924604E0
2.863118825E1,-2.276765442E-1,3.767665100E-1,9.858648834E0,9.868472346E0
2.864121925E1,-2.453398132E-1,3.594026184E-1,9.841434631E0,9.851050577E0
2.865125125E1,-2.359094238E-1,3.653901672E-1,9.812694397E0,9.822328367E0
2.866128225E1,-2.496807861E-1,3.579057312E-1,9.813143463E0,9.822841831E0
2.867131425E1,-2.432441711E-1,3.616479492E-1,9.805060272E0,9.814742172E0
2.868134525E1,-2.553689575E-1,3.697311401E-1,9.808203735E0,9.818491480E0
2.869137625E1,-2.418969727E-1,3.685336304E-1,9.807155914E0,9.817058537E0
2.870140825E1,-2.429447937E-1,3.870950317E-1,9.831106110E0,9.841723024E0
2.871143925E1,-2.356100464E-1,3.963757324E-1,9.878707123E0,9.889463091E0
2.872147125E1,-2.389031982E-1,4.083508301E-1,9.874665527E0,9.885992333E0
2.873150225E1,-2.401007080E-1,4.228706360E-1,9.874815216E0,9.886781250E0
2.874153325E1,-2.421963501E-1,4.222718811E-1,9.850865021E0,9.862885697E0
2.875156525E1,-2.438429260E-1,4.231700134E-1,9.837692413E0,9.849808336E0
2.876159625E1,-2.465373230E-1,4.358935547E-1,9.862241364E0,9.874947522E0
2.877162825E1,-2.567161560E-1,4.165837097E-1,9.877509613E0,9.889622911E0
2.878165925E1,-2.668949890E-1,4.240681458E-1,9.841883698E0,9.854630457E0
2.879169125E1,-2.727328491E-1,4.061054993E-1,9.823322296E0,9.835495199E0
2.880172300E1,-2.764750671E-1,4.096980286E-1,9.825867004E0,9.838290163E0
2.881175400E1,-2.507286072E-1,4.058061218E-1,9.870174866E0,9.881694962E0
2.882178600E1,-2.387535095E-1,4.266128540E-1,9.885592804E0,9.897673810E0
2.883181700E1,-2.146536255E-1,4.273612976E-1,9.876312103E0,9.887884234E0
2.884184900E1,-2.028282166E-1,4.472698975E-1,9.821526031E0,9.833796990E0
2.885188000E1,-2.344125366E-1,4.382885742E-1,9.783205719E0,9.795823613E0
2.886191200E1,-2.597099304E-1,4.138893127E-1,9.787546692E0,9.799735908E0
2.887194300E1,-2.504292297E-1,3.908372498E-1,9.826465759E0,9.837423335E0
2.888197400E1,-2.588117981E-1,3.806584167E-1,9.874515839E0,9.885238865E0
2.889200600E1,-2.519261169E-1,3.760180664E-1,9.840386810E0,9.850790269E0
2.890203700E1,-2.507286072E-1,3.815565491E-1,9.757758636E0,9.768434053E0
2.891206900E1,-2.529739380E-1,3.800596619E-1,9.828262024E0,9.838860481E0
2.892210000E1,-2.058219910E-1,3.787124634E-1,9.970466309E0,9.979778767E0
2.893213100E1,-1.685494995E-1,4.040098572E-1,1.009859985E1,1.010808349E1
2.894216300E1,-1.534309387E-1,4.228706360E-1,9.984387360E0,9.994516075E0
2.895219400E1,-2.297721863E-1,4.361929321E-1,9.690997467E0,9.703529844E0
2.896222600E1,-3.206332397E-1,4.432283020E-1,9.558223572E0,9.573865199E0
2.897225700E1,-3.287164307E-1,4.128414917E-1,9.661059723E0,9.675462137E0
2.898228900E1,-2.808160400E-1,3.827540588E-1,9.869127045E0,9.880537786E0
2.899232000E1,-2.079176331E-1,3.534150696E-1,1.000788849E1,1.001628494E1
2.900235100E1,-1.528321838E-1,3.601510620E-1,9.973909149E0,9.981579543E0
2.901238300E1,-1.561253357E-1,3.957769775E-1,9.871372375E0,9.880536783E0
2.902241400E1,-1.838177490E-1,4.456233215E-1,9.792785797E0,9.804642919E0
2.903244600E1,-2.417472839E-1,4.622387695E-1,9.805060272E0,9.818926284E0
2.904247700E1,-2.829116821E-1,4.713697815E-1,9.834848328E0,9.850201527E0
2.905250800E1,-2.785707092E-1,4.822970581E-1,9.887239380E0,9.902914452E0
2.906254000E1,-2.501298523E-1,5.031037903E-1,9.885293427E0,9.901247623E0
2.907257100E1,-2.188449097E-1,5.266049194E-1,9.864037628E0,9.880508295E0
2.908260300E1,-2.037263489E-1,5.063969421E-1,9.858199768E0,9.873299598E0
2.909263400E1,-2.083666992E-1,4.819976807E-1,9.860894165E0,9.874865679E0
2.910266600E1,-2.163002014E-1,4.225712585E-1,9.872270508E0,9.883677313E0
2.911269700E1,-2.297721863E-1,3.936813354E-1,9.867330780E0,9.877853865E0
2.912272800E1,-2.248324585E-1,3.787124634E-1,9.847422180E0,9.857266171E0
2.913276000E1,-2.556683350E-1,3.775149536E-1,9.826914825E0,9.837486408E0
2.914279100E1,-2.592608643E-1,3.784130859E-1,9.802665253E0,9.813391805E0
2.915282300E1,-2.649490356E-1,3.781137085E-1,9.806856537E0,9.817718834E0
2.916285400E1,-2.595602417E-1,3.827540588E-1,9.826765137E0,9.837641244E0
2.917288600E1,-2.424957275E-1,3.803590393E-1,9.805209961E0,9.815580449E0
2.918291700E1,-2.236349487E-1,3.981719971E-1,9.823471985E0,9.834081318E0
2.919294800E1,-2.258802795E-1,4.013154602E-1,9.832453308E0,9.843231891E0
2.920298000E1,-2.185455322E-1,4.085005188E-1,9.869725800E0,9.880593210E0
2.921301100E1,-2.299218750E-1,4.215234375E-1,9.884095917E0,9.895751521E0
2.922304300E1,-2.368075562E-1,4.331991577E-1,9.880353699E0,9.892680554E0
2.923307400E1,-2.522254944E-1,4.493655396E-1,9.797875214E0,9.811417114E0
2.924310500E1,-2.900967407E-1,4.715194702E-1,9.806108093E0,9.821722999E0
2.925313700E1,-2.809657288E-1,4.924758911E-1,9.801467743E0,9.817853338E0
2.926316800E1,-2.412982178E-1,4.818479919E-1,9.827513580E0,9.842277454E0
2.927320000E1,-2.002835083E-1,4.697232056E-1,9.882748718E0,9.895932276E0
2.928323100E1,-1.745370483E-1,4.466711426E-1,9.879904633E0,9.891536475E0
2.929326300E1,-1.850152588E-1,4.388873291E-1,9.857601013E0,9.869100793E0
2.930329400E1,-1.993853760E-1,4.276606750E-1,9.835596771E0,9.846908755E0
2.931332500E1,-2.351609802E-1,4.179309082E-1,9.855505371E0,9.867165401E0
2.932335700E1,-2.550695801E-1,4.254153442E-1,9.881850586E0,9.894291774E0
2.933338800E1,-2.628533936E-1,4.281097412E-1,9.899962921E0,9.912700727E0
2.934342000E1,-2.562670898E-1,4.337979126E-1,9.900861053E0,9.913672531E0
2.935345100E1,-2.288740540E-1,4.502636719E-1,9.848769379E0,9.861712781E0
2.936348200E1,-2.264790344E-1,4.525090027E-1,9.827962646E0,9.840980994E0
2.937351400E1,-2.160008240E-1,4.324507141E-1,9.839189301E0,9.851056597E0
2.938354500E1,-2.121089172E-1,4.242178345E-1,9.837093658E0,9.848520834E0
2.939357700E1,-2.191442871E-1,3.948788452E-1,9.867181091E0,9.877510628E0
2.940360800E1,-2.203417969E-1,3.951782227E-1,9.863738251E0,9.874110016E0
2.941364000E1,-2.312690735E-1,3.728746033E-1,9.847721558E0,9.857491604E0
2.942367100E1,-2.417472839E-1,3.734733582E-1,9.832453308E0,9.842513000E0
2.943370200E1,-2.562670898E-1,3.915856934E-1,9.830357666E0,9.841490945E0
2.944373400E1,-2.486329651E-1,3.987707520E-1,9.804311829E0,9.815567579E0
2.945376500E1,-2.576142883E-1,4.071533203E-1,9.798623657E0,9.810461993E0
2.946379700E1,-2.463876343E-1,4.195774841E-1,9.786349182E0,9.798437755E0
2.947382800E1,-2.610571289E-1,4.351451111E-1,9.780511322E0,9.793666515E0
2.948386000E1,-2.568658447E-1,4.216731262E-1,9.797725525E0,9.810158702E0
2.949389100E1,-2.459385681E-1,4.294569397E-1,9.819879456E0,9.832342120E0
2.950392200E1,-2.456391907E-1,4.352947998E-1,9.857151947E0,9.869815838E0
2.951395400E1,-2.469863892E-1,4.430786133E-1,9.874665527E0,9.887686292E0
2.952398500E1,-2.430944824E-1,4.436773682E-1,9.869875488E0,9.882832928E0
2.953401700E1,-2.474354553E-1,4.445755005E-1,9.869276733E0,9.882383059E0
2.954404800E1,-2.387535095E-1,4.400848389E-1,9.847571869E0,9.860291558E0
2.955407900E1,-2.311193848E-1,4.493655396E-1,9.854756927E0,9.867703870E0
2.956411100E1,-2.354603577E-1,4.282594299E-1,9.871222687E0,9.883313465E0
2.957414200E1,-2.287243652E-1,4.269122314E-1,9.841584320E0,9.853494346E0
2.958417400E1,-2.362088013E-1,4.107458496E-1,9.859846344E0,9.871224680E0
2.959420500E1,-2.544708252E-1,4.067042542E-1,9.883646851E0,9.895283665E0
2.960423700E1,-2.424957275E-1,3.929328918E-1,9.862091675E0,9.872894846E0
2.961426800E1,-2.534230042E-1,3.725752258E-1,9.838740234E0,9.849052996E0
2.962429900E1,-2.537223816E-1,3.754193115E-1,9.819430389E0,9.829879342E0
2.963433100E1,-2.728825378E-1,3.770658875E-1,9.840985565E0,9.851986625E0
2.964436200E1,-2.418969727E-1,3.924838257E-1,9.879455566E0,9.890207277E0
2.965439400E1,-2.281256104E-1,4.052073669E-1,9.900262299E0,9.911176917E0
2.966442500E1,-2.022294617E-1,4.376898193E-1,9.854008484E0,9.865797096E0
2.967445700E1,-2.165995789E-1,4.571493530E-1,9.790839844E0,9.803899518E0
2.968448800E1,-2.363584900E-1,4.501139832E-1,9.756112061E0,9.769349542E0
2.969451900E1,-2.685415649E-1,4.305047607E-1,9.747430115E0,9.760627171E0
2.970455100E1,-2.802172852E-1,4.113446045E-1,9.826166382E0,9.838763737E0
2.971458200E1,-2.869532776E-1,3.908372498E-1,9.892029419E0,9.903905390E0
2.972461400E1,-2.595602417E-1,3.683839417E-1,9.887089691E0,9.897354233E0
2.973464500E1,-2.700384521E-1,3.882925415E-1,9.845027161E0,9.856381266E0
2.974467600E1,-2.615061951E-1,3.851490784E-1,9.873018951E0,9.883988492E0
2.975470800E1,-2.236349487E-1,3.981719971E-1,9.908195801E0,9.918714511E0
2.976473900E1,-1.872605896E-1,3.872447205E-1,1.003737717E1,1.004658974E1
2.977477100E1,-1.493893433E-1,3.851490784E-1,1.005354355E1,1.006202737E1
2.978480200E1,-1.706451416E-1,3.719764709E-1,9.829010468E0,9.837526774E0
2.979483400E1,-2.880010986E-1,3.483256531E-1,9.668993225E0,9.679550887E0
2.980486450E1,-3.465293884E-1,3.356021118E-1,9.712552643E0,9.724525193E0
2.981489550E1,-3.034190369E-1,3.284170532E-1,9.803264008E0,9.813455359E0
2.982492750E1,-2.603086853E-1,3.080593872E-1,9.926607513E0,9.934797327E0
2.983495850E1,-1.959425354E-1,3.314108276E-1,9.938133545E0,9.945588216E0
2.984499050E1,-1.802252197E-1,3.629951477E-1,9.846374359E0,9.854711291E0
2.985502150E1,-2.142045593E-1,4.098477173E-1,9.767488403E0,9.778429754E0
2.986505250E1,-2.633024597E-1,4.559518433E-1,9.781259766E0,9.795420505E0
2.987508450E1,-3.171903992E-1,4.706213379E-1,9.855655060E0,9.871982114E0
2.988511550E1,-3.159928894E-1,4.785548401E-1,9.895771637E0,9.912374213E0
2.989514750E1,-2.939886475E-1,4.772076416E-1,9.904303894E0,9.920150810E0
2.990517850E1,-2.505789185E-1,4.538562012E-1,9.889933777E0,9.903512779E0
2.991521050E1,-2.216889954E-1,4.453239441E-1,9.888287201E0,9.900792049E0
2.992524150E1,-2.104623413E-1,4.089495850E-1,9.917326813E0,9.927985962E0
2.993527250E1,-2.170486450E-1,3.680845642E-1,9.947114868E0,9.956288995E0
2.994530450E1,-2.332150269E-1,3.288661194E-1,9.917775879E0,9.925966983E0
2.995533550E1,-2.341131592E-1,3.097059631E-1,9.862391052E0,9.870029586E0
2.996536750E1,-2.546205139E-1,3.397933960E-1,9.801767120E0,9.810959680E0
2.997539850E1,-2.664459229E-1,3.469784546E-1,9.770182800E0,9.779972363E0
2.998542950E1,-2.773731995E-1,3.571572876E-1,9.755662994E0,9.766138320E0
2.999546150E1,-2.613565063E-1,3.534150696E-1,9.757908325E0,9.767803454E0
3.000549250E1,-2.332150269E-1,3.574566650E-1,9.812844086E0,9.822121643E0
3.001552450E1,-2.192939758E-1,3.505709839E-1,9.836345215E0,9.845033116E0
3.002555550E1,-2.115101624E-1,3.333567810E-1,9.875563660E0,9.883451871E0
3.003558750E1,-2.258802795E-1,3.350033569E-1,9.882149963E0,9.890406314E0
3.004561850E1,-2.462379456E-1,3.466790771E-1,9.908195801E0,9.917316347E0
3.005564950E1,-2.549198914E-1,3.691323853E-1,9.867480469E0,9.877672482E0
3.006568150E1,-2.742297363E-1,3.815565491E-1,9.807604980E0,9.818854455E0
3.007571250E1,-2.932402039E-1,4.186793518E-1,9.807604980E0,9.820916336E0
3.008574450E1,-2.724334717E-1,4.297563171E-1,9.815089417E0,9.828269977E0
3.009577550E1,-2.269281006E-1,4.149371338E-1,9.831854553E0,9.843222701E0
3.010580750E1,-2.088157654E-1,3.980223083E-1,9.841135254E0,9.851394260E0
3.011583850E1,-2.115101624E-1,3.676354980E-1,9.894723816E0,9.903809964E0
3.012586950E1,-2.076182556E-1,3.737727356E-1,9.899064789E0,9.908294257E0
3.013590150E1,-2.300715637E-1,3.668870544E-1,9.938133545E0,9.947564395E0
3.014593250E1,-2.405497742E-1,3.803590393E-1,9.959239655E0,9.969402775E0
3.015596450E1,-2.366578674E-1,4.011657715E-1,9.933343506E0,9.944257344E0
3.016599550E1,-2.442919922E-1,4.131408691E-1,9.877509613E0,9.889163772E0
3.017602650E1,-2.412982178E-1,4.324507141E-1,9.835147705E0,9.847607264E0
3.018605850E1,-2.278262329E-1,4.176315308E-1,9.798324280E0,9.809866440E0
3.019608950E1,-2.270777893E-1,4.086502075E-1,9.808054047E0,9.819189554E0
3.020612150E1,-2.010319519E-1,4.032614136E-1,9.819729767E0,9.830062376E0
3.021615250E1,-2.046244812E-1,3.842509460E-1,9.834099884E0,9.843731025E0
3.022618450E1,-2.026785278E-1,3.697311401E-1,9.851463776E0,9.860482657E0
3.023621550E1,-2.233355713E-1,3.442840576E-1,9.831255798E0,9.839817115E0
3.024624650E1,-2.362088013E-1,3.281176758E-1,9.851763153E0,9.860055427E0
3.025627850E1,-2.423460388E-1,3.333567810E-1,9.832602997E0,9.841236713E0
3.026630950E1,-2.439926147E-1,3.314108276E-1,9.823771362E0,9.832387773E0
3.027634150E1,-2.285746765E-1,3.336561584E-1,9.818532257E0,9.826858526E0
3.028637250E1,-2.324665833E-1,3.460803223E-1,9.809401245E0,9.818256724E0
3.029640450E1,-2.119592285E-1,3.409909058E-1,9.814191284E0,9.822400525E0
3.030643550E1,-2.191442871E-1,3.290158081E-1,9.815837860E0,9.823795016E0
3.031646650E1,-2.378553772E-1,3.308120728E-1,9.816436615E0,9.824888784E0
3.032649850E1,-2.399510193E-1,3.454815674E-1,9.827363892E0,9.836361881E0
3.033652950E1,-2.453398132E-1,3.414399719E-1,9.839937744E0,9.848916067E0
3.034656150E1,-2.570155334E-1,3.608995056E-1,9.846074982E0,9.856038656E0
3.035659250E1,-2.312690735E-1,3.629951477E-1,9.840835876E0,9.850243733E0
3.036662450E1,-2.356100464E-1,3.712280273E-1,9.828860779E0,9.838690286E0
3.037665550E1,-2.339634705E-1,3.872447205E-1,9.841883698E0,9.852277508E0
3.038668650E1,-2.049238586E-1,3.930825806E-1,9.843679962E0,9.853656321E0
3.039671850E1,-2.106120300E-1,3.939807129E-1,9.857151947E0,9.867270278E0
3.040674950E1,-2.306703186E-1,3.953279114E-1,9.859397278E0,9.870015584E0
3.041678150E1,-2.406994629E-1,4.073030090E-1,9.850116577E0,9.861471926E0
3.042681250E1,-2.486329651E-1,4.197271729E-1,9.849068756E0,9.861143170E0
3.043684350E1,-2.439926147E-1,4.132905579E-1,9.860445099E0,9.872118265E0
3.044687550E1,-2.441423035E-1,4.131408691E-1,9.880653076E0,9.892299836E0
3.045690650E1,-2.308200073E-1,4.132905579E-1,9.886640625E0,9.897966953E0
3.046693850E1,-2.085163879E-1,4.110452271E-1,9.852361908E0,9.863137048E0
3.047696950E1,-2.011816406E-1,3.933819580E-1,9.830207977E0,9.840132738E0
3.048700150E1,-1.951940918E-1,3.855981445E-1,9.839488678E0,9.848975790E0
3.049703250E1,-2.151026917E-1,3.802093506E-1,9.855205994E0,9.864882842E0
3.050706350E1,-2.227368164E-1,3.567082214E-1,9.866282959E0,9.875241358E0
3.051709550E1,-2.418969727E-1,3.429368591E-1,9.840386810E0,9.849331572E0
3.052712650E1,-2.490820312E-1,3.281176758E-1,9.813442841E0,9.822085494E0
3.053715850E1,-2.339634705E-1,3.276686096E-1,9.826016693E0,9.834262030E0
3.054718950E1,-2.275268555E-1,3.197351074E-1,9.823921051E0,9.831755887E0
3.055722150E1,-1.922003174E-1,3.115022278E-1,9.927505646E0,9.934251001E0
3.056725250E1,-1.311273193E-1,3.126997375E-1,1.003213806E1,1.003786678E1
3.057728350E1,-1.399589539E-1,3.222798157E-1,9.871821442E0,9.878072249E0
3.058731550E1,-2.227368164E-1,3.433859253E-1,9.705816650E0,9.714442981E0
3.059734650E1,-2.857557678E-1,3.498225403E-1,9.696535950E0,9.707051128E0
3.060737850E1,-2.812651062E-1,3.385958862E-1,9.788444824E0,9.798337069E0
3.061740950E1,-2.647993469E-1,3.305126953E-1,9.874665527E0,9.883743047E0
3.062744050E1,-2.197430420E-1,3.224295044E-1,9.907147980E0,9.914828737E0
3.063747250E1,-1.956431580E-1,3.486250305E-1,9.846524048E0,9.854636040E0
3.064750350E1,-1.892065430E-1,3.873944092E-1,9.800419922E0,9.809898276E0
3.065753550E1,-2.243833923E-1,4.236190796E-1,9.827663269E0,9.839347863E0
3.066756650E1,-2.514770508E-1,4.472698975E-1,9.858050079E0,9.871395162E0
3.067759850E1,-2.297721863E-1,4.834945679E-1,9.886341248E0,9.900823477E0
3.068762950E1,-2.007325745E-1,4.846920776E-1,9.877659302E0,9.891580928E0
3.069766050E1,-1.989363098E-1,4.808001709E-1,9.855954437E0,9.869679951E0
3.070769250E1,-1.983375549E-1,4.393363953E-1,9.861941986E0,9.873715308E0
3.071772350E1,-1.910028076E-1,3.893403625E-1,9.906249847E0,9.915737695E0
3.072775550E1,-2.092648315E-1,3.323089600E-1,9.934690704E0,9.942449417E0
3.073778650E1,-2.161505127E-1,3.029699707E-1,9.922416229E0,9.929393520E0
3.074781850E1,-2.192939758E-1,2.881507874E-1,9.875413971E0,9.882050487E0
3.075784950E1,-2.405497742E-1,3.177891541E-1,9.842632141E0,9.850698534E0
3.076788050E1,-2.420466614E-1,3.366499329E-1,9.798923035E0,9.807691492E0
3.077791250E1,-2.427951050E-1,3.499722290E-1,9.799521790E0,9.808774507E0
3.078794350E1,-2.320175171E-1,3.450325012E-1,9.784103851E0,9.792934582E0
3.079797550E1,-2.091151428E-1,3.299139404E-1,9.784403229E0,9.792196837E0
3.080800629E1,-1.871109009E-1,3.182382202E-1,9.814790039E0,9.821730477E0
3.081803729E1,-1.782792664E-1,3.121009827E-1,9.837842102E0,9.844405911E0
3.082806929E1,-1.896556091E-1,3.216810608E-1,9.882449341E0,9.889502158E0
3.083810029E1,-2.112107849E-1,3.251239014E-1,9.902657318E0,9.910244069E0
3.084813229E1,-2.261796570E-1,3.571572876E-1,9.864636383E0,9.873690776E0
3.085816329E1,-2.555186462E-1,3.887416077E-1,9.850565643E0,9.861544165E0
3.086819529E1,-2.504292297E-1,4.132905579E-1,9.832902374E0,9.844769829E0
3.087822629E1,-2.267784119E-1,4.278103638E-1,9.839189301E0,9.851096195E0
3.088825729E1,-1.969903564E-1,4.159849548E-1,9.804910583E0,9.815707832E0
3.089828929E1,-1.951940918E-1,4.053570557E-1,9.791887665E0,9.802218071E0
3.090832029E1,-1.947450256E-1,3.601510620E-1,9.833201752E0,9.841721958E0
3.091835229E1,-1.977388000E-1,3.640429688E-1,9.896819458E0,9.905486525E0
3.092838329E1,-1.933978271E-1,3.619473267E-1,9.926008759E0,9.934488334E0
3.093841529E1,-2.171983337E-1,3.713777161E-1,9.930499420E0,9.939814649E0
3.094844629E1,-2.055226135E-1,3.836521912E-1,9.884095917E0,9.893673769E0
3.095847729E1,-1.939965820E-1,3.909869385E-1,9.839937744E0,9.849613204E0
3.096850929E1,-1.948947144E-1,3.849993896E-1,9.841883698E0,9.851339157E0
3.097854029E1,-2.165995789E-1,3.761677551E-1,9.857002258E0,9.866555178E0
3.098857229E1,-2.303709412E-1,3.600013733E-1,9.855804749E0,9.865067613E0
3.099860329E1,-2.245330811E-1,3.278182983E-1,9.858948212E0,9.866951899E0
3.100863429E1,-2.291734314E-1,3.330574036E-1,9.847871246E0,9.856166384E0
3.101866629E1,-2.212399292E-1,3.194357300E-1,9.843530273E0,9.851196604E0
3.102869729E1,-2.183958435E-1,3.177891541E-1,9.838740234E0,9.846293520E0
3.103872929E1,-2.207908630E-1,3.137475586E-1,9.823172607E0,9.830661535E0
3.104876029E1,-2.242337036E-1,3.159928894E-1,9.816735992E0,9.824379767E0
3.105879229E1,-2.330653381E-1,3.182382202E-1,9.808503113E0,9.816431548E0
3.106882329E1,-2.215393066E-1,3.132984924E-1,9.815089417E0,9.822587025E0
3.107885429E1,-2.227368164E-1,3.225791931E-1,9.815239105E0,9.823064070E0
3.108888629E1,-2.266287231E-1,3.366499329E-1,9.835147705E0,9.843516858E0
3.109891729E1,-2.278262329E-1,3.471281433E-1,9.836494904E0,9.845254427E0
3.110894929E1,-2.270777893E-1,3.465293884E-1,9.847571869E0,9.856283207E0
3.111898029E1,-2.311193848E-1,3.724255371E-1,9.842332764E0,9.852087656E0
3.112901229E1,-2.336640930E-1,3.760180664E-1,9.838440857E0,9.848396163E0
3.113904329E1,-2.321672058E-1,3.695814514E-1,9.839488678E0,9.849163899E0
3.114907429E1,-2.142045593E-1,3.814068604E-1,9.837842102E0,9.847562745E0
3.115910629E1,-2.168989563E-1,3.761677551E-1,9.873767395E0,9.883310675E0
3.116913729E1,-2.182461548E-1,3.731739807E-1,9.864037628E0,9.873506395E0
3.117916929E1,-2.333647156E-1,3.706292725E-1,9.845476227E0,9.855213203E0
3.118920029E1,-2.504292297E-1,3.585044861E-1,9.846973114E0,9.856678942E0
3.119923229E1,-2.436932373E-1,3.608995056E-1,9.862989807E0,9.872598583E0
3.120926329E1,-2.350112915E-1,3.761677551E-1,9.872120819E0,9.882079839E0
3.121929429E1,-2.068698120E-1,3.706292725E-1,9.872569885E0,9.881690003E0
3.122932629E1,-1.998344421E-1,3.739224243E-1,9.828262024E0,9.837402411E0
3.123935729E1,-2.065704346E-1,3.878434753E-1,9.818532257E0,9.828360473E0
3.124938929E1,-2.130070496E-1,3.731739807E-1,9.824370117E0,9.833762201E0
3.125942029E1,-2.219883728E-1,3.493734741E-1,9.849517822E0,9.858211906E0
3.126945129E1,-2.230361938E-1,3.309617615E-1,9.878108368E0,9.886167395E0
3.127948329E1,-2.095642090E-1,3.321592712E-1,9.874665527E0,9.882472677E0
3.128951429E1,-2.324665833E-1,3.427871704E-1,9.838291168E0,9.847005477E0
3.129954629E1,-2.312690735E-1,3.487747192E-1,9.793983307E0,9.802919882E0
3.130957729E1,-2.140548706E-1,3.347039795E-1,9.870474243E0,9.878466886E0
3.131960929E1,-1.606159973E-1,3.457809448E-1,1.003393433E1,1.004117523E1
3.132964029E1,-1.047821045E-1,3.420387268E-1,1.005249573E1,1.005885879E1
3.133967129E1,-1.519340515E-1,3.592529297E-1,9.827363892E0,9.835101813E0
3.134970329E1,-2.423460388E-1,3.679348755E-1,9.664203186E0,9.674240585E0
3.135973429E1,-2.987786865E-1,3.761677551E-1,9.647288361E0,9.659241357E0
3.136976629E1,-2.975811768E-1,3.755690002E-1,9.771230621E0,9.782972681E0
3.137979729E1,-2.655477905E-1,3.549119568E-1,9.923164673E0,9.933059712E0
3.138982929E1,-1.926493835E-1,3.514691162E-1,9.951306152E0,9.959374401E0
3.139986029E1,-1.663041687E-1,3.839515686E-1,9.858050079E0,9.866925927E0
3.140989129E1,-1.718426514E-1,3.847000122E-1,9.802216187E0,9.811267307E0
3.141992329E1,-2.165995789E-1,3.975732422E-1,9.801018677E0,9.811470173E0
3.142995429E1,-2.624043274E-1,4.334985352E-1,9.834399261E0,9.847445651E0
3.143998629E1,-2.637515259E-1,4.454736328E-1,9.863588562E0,9.877165127E0
3.145001729E1,-2.420466614E-1,4.561015320E-1,9.848320312E0,9.861847097E0
3.146004829E1,-2.266287231E-1,4.682263184E-1,9.827513580E0,9.841271241E0
3.147008029E1,-1.975891113E-1,4.634362793E-1,9.849368134E0,9.862244535E0
3.148011129E1,-1.911524963E-1,4.384382629E-1,9.875713348E0,9.887288887E0
3.149014329E1,-1.769320679E-1,3.965254211E-1,9.866432648E0,9.875982511E0
3.150017429E1,-1.808239746E-1,3.555107117E-1,9.847571869E0,9.855645940E0
3.151020629E1,-1.910028076E-1,3.317102051E-1,9.825417938E0,9.832870964E0
3.152023729E1,-1.945953369E-1,3.335064697E-1,9.820178833E0,9.827767103E0
3.153026829E1,-2.047741699E-1,3.290158081E-1,9.810898132E0,9.818549079E0
3.154030029E1,-2.044747925E-1,3.405418396E-1,9.828262024E0,9.836285533E0
3.155033129E1,-2.056723022E-1,3.495231628E-1,9.804611206E0,9.812994876E0
3.156036329E1,-2.124082947E-1,3.546125793E-1,9.805359650E0,9.814068740E0
3.157039429E1,-1.899549866E-1,3.674858093E-1,9.816885681E0,9.825597854E0
3.158042629E1,-1.886077881E-1,3.591032410E-1,9.823322296E0,9.831693088E0
3.159045729E1,-1.996847534E-1,3.670367432E-1,9.854607239E0,9.863461553E0
3.160048829E1,-2.029779053E-1,3.823049927E-1,9.867031403E0,9.876520938E0
3.161052029E1,-2.062710571E-1,4.082011414E-1,9.881551208E0,9.892129710E0
3.162055129E1,-2.128573608E-1,4.397854614E-1,9.828262024E0,9.840399073E0
3.163058329E1,-2.483335876E-1,4.655319214E-1,9.837692413E0,9.851831381E0
3.164061429E1,-2.303709412E-1,4.938230896E-1,9.847422180E0,9.862487293E0
3.165064629E1,-1.999841309E-1,4.761598206E-1,9.821526031E0,9.835095089E0
3.166067729E1,-1.814227295E-1,4.587959290E-1,9.791139221E0,9.803561351E0
3.167070829E1,-1.761836243E-1,4.463717651E-1,9.829908600E0,9.841615289E0
3.168074029E1,-1.739382935E-1,4.302053833E-1,9.842482452E0,9.853415247E0
3.169077129E1,-1.809736633E-1,4.108955383E-1,9.872270508E0,9.882474973E0
3.170080329E1,-1.908531189E-1,4.071533203E-1,9.889784088E0,9.900001417E0
3.171083429E1,-2.212399292E-1,4.132905579E-1,9.883347473E0,9.894458725E0
3.172086629E1,-2.192939758E-1,4.134402466E-1,9.888137512E0,9.899206339E0
3.173089729E1,-2.260299683E-1,4.086502075E-1,9.885143738E0,9.896168514E0
3.174092829E1,-2.041754150E-1,4.483177185E-1,9.861492920E0,9.873789495E0
3.175096029E1,-1.948947144E-1,4.367916870E-1,9.857002258E0,9.868599923E0
3.176099129E1,-1.844165039E-1,4.363426208E-1,9.849966888E0,9.861351430E0
3.177102329E1,-1.769320679E-1,4.312532043E-1,9.859097900E0,9.870111230E0
3.178105429E1,-1.751358032E-1,4.221221924E-1,9.848470001E0,9.859067961E0
3.179108629E1,-2.092648315E-1,4.032614136E-1,9.850565643E0,9.861037219E0
3.180111729E1,-2.122586060E-1,3.692820740E-1,9.841883698E0,9.851096268E0
3.181114854E1,-2.041754150E-1,3.670367432E-1,9.833950195E0,9.842915219E0
3.182118054E1,-2.186952209E-1,3.626957703E-1,9.834548950E0,9.843664403E0
3.183121154E1,-2.246827698E-1,3.731739807E-1,9.831106110E0,9.840751420E0
3.184124354E1,-2.140548706E-1,3.674858093E-1,9.826615448E0,9.835813971E0
3.185127454E1,-2.008822632E-1,3.838018799E-1,9.824370117E0,9.833916095E0
3.186130554E1,-2.017803955E-1,3.999682617E-1,9.817783813E0,9.827999234E0
3.187133754E1,-2.023791504E-1,4.092489624E-1,9.821076965E0,9.831683213E0
3.188136854E1,-2.014810181E-1,4.149371338E-1,9.864037628E0,9.874816745E0
3.189140054E1,-2.113604736E-1,4.162843323E-1,9.854756927E0,9.865809647E0
3.190143154E1,-1.998344421E-1,4.348457336E-1,9.862391052E0,9.873995234E0
3.191146354E1,-2.091151428E-1,4.558021545E-1,9.821526031E0,9.834320431E0
3.192149454E1,-2.103126526E-1,4.406835938E-1,9.826016693E0,9.838141974E0
3.193152554E1,-2.067201233E-1,4.538562012E-1,9.856852570E0,9.869461041E0
3.194155754E1,-2.104623413E-1,4.549040222E-1,9.869725800E0,9.882445012E0
3.195158854E1,-2.142045593E-1,4.305047607E-1,9.852960663E0,9.864687109E0
3.196162054E1,-2.285746765E-1,4.385879517E-1,9.857601013E0,9.870000178E0
3.197165154E1,-2.185455322E-1,4.311035156E-1,9.853709106E0,9.865556018E0
3.198168354E1,-2.035766602E-1,4.267625427E-1,9.881850586E0,9.893156257E0
3.199171454E1,-1.791773987E-1,4.493655396E-1,9.893825684E0,9.905645894E0
3.200174554E1,-1.814227295E-1,4.526586914E-1,9.860445099E0,9.872496728E0
3.201177754E1,-1.984872437E-1,4.565505981E-1,9.823471985E0,9.836078358E0
3.202180854E1,-2.026785278E-1,4.523593140E-1,9.782307587E0,9.794858307E0
3.203184054E1,-2.249821472E-1,4.278103638E-1,9.783505096E0,9.795438257E0
3.204187154E1,-2.356100464E-1,4.158352661E-1,9.826016693E0,9.837633614E0
3.205190354E1,-2.221380615E-1,4.059558105E-1,9.874815216E0,9.885652279E0
3.206193454E1,-2.131567383E-1,4.067042542E-1,9.837692413E0,9.848402721E0
3.207196554E1,-2.124082947E-1,4.004173279E-1,9.775870972E0,9.786373413E0
3.208199754E1,-2.230361938E-1,3.989204407E-1,9.827663269E0,9.838284809E0
3.209202854E1,-1.731898499E-1,4.089495850E-1,9.983339539E0,9.993212838E0
3.210206054E1,-1.387614441E-1,4.143383789E-1,1.010488678E1,1.011432983E1
3.211209154E1,-1.166075134E-1,4.427792358E-1,9.991722107E0,1.000220783E1
3.212212354E1,-1.887574768E-1,4.549040222E-1,9.705517273E0,9.718005587E0
3.213215454E1,-2.757266235E-1,4.531077576E-1,9.578281860E0,9.592956542E0
3.214218554E1,-2.941383362E-1,4.311035156E-1,9.659562836E0,9.673650902E0
3.215221754E1,-2.402503967E-1,3.896397400E-1,9.855056305E0,9.865681637E0
3.216224854E1,-1.845661926E-1,3.716770935E-1,9.978998566E0,9.987623387E0
3.217228054E1,-1.381626892E-1,3.906875610E-1,9.977801056E0,9.986402736E0
3.218231154E1,-1.142124939E-1,4.171824646E-1,9.877509613E0,9.886975364E0
3.219234254E1,-1.627116394E-1,4.590953064E-1,9.799671478E0,9.811768682E0
3.220237454E1,-2.281256104E-1,4.691244507E-1,9.804461517E0,9.818329017E0
3.221240554E1,-2.576142883E-1,4.851411438E-1,9.842332764E0,9.857648872E0
3.222243754E1,-2.562670898E-1,5.035528564E-1,9.867330780E0,9.883494070E0
3.223246854E1,-2.219883728E-1,5.288502502E-1,9.861492920E0,9.878157927E0
3.224250054E1,-1.874102783E-1,5.427713013E-1,9.849817200E0,9.866540537E0
3.225253154E1,-1.731898499E-1,5.370831299E-1,9.856253815E0,9.872395468E0
3.226256254E1,-1.767823792E-1,5.060975647E-1,9.859247589E0,9.873811310E0
3.227259454E1,-1.716929626E-1,4.550537109E-1,9.865833893E0,9.877815080E0
3.228262554E1,-1.856140137E-1,4.189787292E-1,9.856104126E0,9.866751455E0
3.229265754E1,-2.073188782E-1,3.984713745E-1,9.831106110E0,9.841362095E0
3.230268854E1,-2.163002014E-1,3.945794678E-1,9.830806732E0,9.841099519E0
3.231272054E1,-2.185455322E-1,3.785627747E-1,9.811347198E0,9.821079664E0
3.232275154E1,-2.282752991E-1,3.766168213E-1,9.819430389E0,9.829301248E0
3.233278254E1,-2.272274780E-1,3.775149536E-1,9.832602997E0,9.842470806E0
3.234281454E1,-2.014810181E-1,3.915856934E-1,9.830956421E0,9.840814911E0
3.235284554E1,-1.998344421E-1,4.087998962E-1,9.834548950E0,9.845070046E0
3.236287754E1,-1.883084106E-1,4.194277954E-1,9.828262024E0,9.839009815E0
3.237290854E1,-2.056723022E-1,4.381388855E-1,9.846823425E0,9.858711800E0
3.238294054E1,-2.088157654E-1,4.417314148E-1,9.887688446E0,9.899753203E0
3.239297154E1,-2.252815247E-1,4.701722717E-1,9.866133270E0,9.879898756E0
3.240300254E1,-2.264790344E-1,4.953199768E-1,9.794282684E0,9.809414250E0
3.241303454E1,-2.537223816E-1,4.993615723E-1,9.789492645E0,9.805503724E0
3.242306554E1,-2.514770508E-1,5.125341797E-1,9.787696381E0,9.804332330E0
3.243309754E1,-2.174977112E-1,4.846920776E-1,9.826166382E0,9.840517132E0
3.244312854E1,-1.722917175E-1,4.715194702E-1,9.879904633E0,9.892650332E0
3.245316054E1,-1.493893433E-1,4.502636719E-1,9.885143738E0,9.896520665E0
3.246319154E1,-1.604663086E-1,4.459226990E-1,9.861792297E0,9.873172935E0
3.247322254E1,-1.901046753E-1,4.592449951E-1,9.834249573E0,9.846802040E0
3.248325454E1,-2.016307068E-1,4.426295471E-1,9.823471985E0,9.835505970E0
3.249328554E1,-2.170486450E-1,4.456233215E-1,9.853709106E0,9.866168122E0
3.250331754E1,-2.366578674E-1,4.552033997E-1,9.876162415E0,9.889479315E0
3.251334854E1,-2.351609802E-1,4.574487305E-1,9.892478485E0,9.905841237E0
3.252338054E1,-2.067201233E-1,4.860392761E-1,9.861941986E0,9.876075492E0
3.253341154E1,-2.011816406E-1,4.842430115E-1,9.837991791E0,9.851956548E0
3.254344254E1,-1.898052979E-1,4.694238281E-1,9.833201752E0,9.846229810E0
3.255347454E1,-1.911524963E-1,4.599934387E-1,9.843530273E0,9.856126089E0
3.256350554E1,-1.947450256E-1,4.469705200E-1,9.863887939E0,9.875930010E0
3.257353754E1,-1.878593445E-1,4.156855774E-1,9.860295410E0,9.870841464E0
3.258356854E1,-1.990859985E-1,4.026626587E-1,9.853559418E0,9.863792661E0
3.259360054E1,-2.134561157E-1,4.023632813E-1,9.843530273E0,9.854062511E0
3.260363154E1,-2.163002014E-1,3.959266663E-1,9.838889923E0,9.849228326E0
3.261366254E1,-2.152523804E-1,4.058061218E-1,9.839937744E0,9.850654141E0
3.262369454E1,-2.233355713E-1,4.200265503E-1,9.836494904E0,9.847991321E0
3.263372554E1,-2.445913696E-1,4.237687683E-1,9.800569611E0,9.812775836E0
3.264375754E1,-2.360591125E-1,4.284091187E-1,9.796228638E0,9.808432790E0
3.265378854E1,-2.350112915E-1,4.387376404E-1,9.820478210E0,9.833082594E0
3.266381954E1,-2.306703186E-1,4.486170959E-1,9.847422180E0,9.860334157E0
3.267385154E1,-2.218386841E-1,4.471202087E-1,9.860594788E0,9.873219255E0
3.268388254E1,-2.152523804E-1,4.587959290E-1,9.878557434E0,9.891548123E0
3.269391454E1,-2.002835083E-1,4.593946838E-1,9.872719574E0,9.885431136E0
3.270394554E1,-2.203417969E-1,4.640350342E-1,9.862391052E0,9.875760036E0
3.271397754E1,-2.221380615E-1,4.610412598E-1,9.854457550E0,9.867737226E0
3.272400854E1,-2.305206299E-1,4.761598206E-1,9.839937744E0,9.854148504E0
3.273403954E1,-2.351609802E-1,4.572990417E-1,9.849517822E0,9.862931838E0
3.274407154E1,-2.384541321E-1,4.584965515E-1,9.857750702E0,9.871288080E0
3.275410254E1,-2.426454163E-1,4.611909485E-1,9.850116577E0,9.863892258E0
3.276413454E1,-2.398013306E-1,4.403842163E-1,9.816885681E0,9.829683994E0
3.277416554E1,-2.433938599E-1,4.321513367E-1,9.821975098E0,9.834489828E0
3.278419754E1,-2.377056885E-1,4.210743713E-1,9.859247589E0,9.871097743E0
3.279422854E1,-1.962419128E-1,4.396357727E-1,9.904154205E0,9.915848981E0
3.280425954E1,-1.886077881E-1,4.707710266E-1,9.907447357E0,9.920418912E0
3.281429154E1,-1.745370483E-1,4.745132446E-1,9.850865021E0,9.863831287E0
3.282432254E1,-2.047741699E-1,4.816983032E-1,9.793534241E0,9.807511338E0
3.283435454E1,-2.300715637E-1,4.604425049E-1,9.746981049E0,9.760562473E0
3.284438554E1,-2.432441711E-1,4.361929321E-1,9.781110077E0,9.793852477E0
3.285441754E1,-2.618055725E-1,4.146377563E-1,9.852062531E0,9.864258854E0
3.286444854E1,-2.487826538E-1,4.064048767E-1,9.862540741E0,9.874045149E0
3.287447954E1,-2.510279846E-1,4.227209473E-1,9.799671478E0,9.811996185E0
3.288451154E1,-2.495310974E-1,4.272116089E-1,9.777218170E0,9.789727814E0
3.289454254E1,-2.389031982E-1,4.257147217E-1,9.895322571E0,9.907356688E0
3.290457454E1,-1.803749084E-1,4.308041382E-1,1.005713608E1,1.006797464E1
3.291460554E1,-1.354682922E-1,4.555027771E-1,1.009126511E1,1.010244851E1
3.292463754E1,-1.655557251E-1,4.596940613E-1,9.855655060E0,9.867758813E0
3.293466854E1,-2.486329651E-1,4.704716492E-1,9.640103302E0,9.654778796E0
3.294469954E1,-3.243754578E-1,4.605921936E-1,9.606423340E0,9.622927517E0
3.295473154E1,-3.010240173E-1,4.243675232E-1,9.796378326E0,9.810185093E0
3.296476254E1,-2.225871277E-1,3.915856934E-1,9.964029694E0,9.974205338E0
3.297479454E1,-1.619631958E-1,3.933819580E-1,1.001327728E1,1.002231028E1
3.298482554E1,-1.287322998E-1,4.195774841E-1,9.906998291E0,9.916714799E0
3.299485754E1,-1.737886047E-1,4.569996643E-1,9.800270233E0,9.812458806E0
3.300488854E1,-2.362088013E-1,4.611909485E-1,9.771529999E0,9.785258822E0
3.301491954E1,-2.818638611E-1,4.752616882E-1,9.789342957E0,9.804925111E0
3.302495154E1,-2.820135498E-1,4.992118835E-1,9.837393036E0,9.854087776E0
3.303498254E1,-2.481838989E-1,5.156776428E-1,9.876461792E0,9.893028667E0
3.304501454E1,-2.085163879E-1,5.454656982E-1,9.864037628E0,9.881308124E0
3.305504554E1,-1.929487610E-1,5.625302124E-1,9.869276733E0,9.887178197E0
3.306507754E1,-1.884580994E-1,5.358856201E-1,9.876162415E0,9.892485729E0
3.307510854E1,-2.124082947E-1,4.736151123E-1,9.871971130E0,9.885607850E0
3.308513954E1,-2.237846375E-1,4.346960449E-1,9.888736267E0,9.900815379E0
3.309517154E1,-2.198927307E-1,3.882925415E-1,9.878707123E0,9.888780427E0
3.310520254E1,-2.339634705E-1,3.827540588E-1,9.849368134E0,9.859578703E0
3.311523454E1,-2.483335876E-1,3.968247986E-1,9.817933502E0,9.829087330E0
3.312526554E1,-2.486329651E-1,3.826043701E-1,9.791737976E0,9.802363850E0
3.313529754E1,-2.469863892E-1,3.844006348E-1,9.782457275E0,9.793121896E0
3.314532854E1,-2.296224976E-1,3.998185730E-1,9.781110077E0,9.791970982E0
3.315535954E1,-2.194436646E-1,4.293072510E-1,9.800120544E0,9.811973447E0
3.316539154E1,-1.936972046E-1,4.255650330E-1,9.808054047E0,9.819192858E0
3.317542254E1,-1.878593445E-1,4.342469788E-1,9.827962646E0,9.839345067E0
3.318545454E1,-2.058219910E-1,4.468208313E-1,9.862690430E0,9.874951851E0
3.319548554E1,-2.174977112E-1,4.641847229E-1,9.864786072E0,9.878095816E0
3.320551754E1,-2.303709412E-1,4.689747620E-1,9.808054047E0,9.821961733E0
3.321554854E1,-2.552192688E-1,4.860392761E-1,9.790690155E0,9.806068772E0
3.322557954E1,-2.664459229E-1,5.099894714E-1,9.811796265E0,9.828653449E0
3.323561154E1,-2.480342102E-1,5.119354248E-1,9.820328522E0,9.836790692E0
3.324564254E1,-2.058219910E-1,4.933740234E-1,9.883197784E0,9.897645127E0
3.325567454E1,-1.681004333E-1,4.520599365E-1,9.932145996E0,9.943849357E0
3.326570554E1,-1.652563477E-1,4.246669006E-1,9.912836151E0,9.923304500E0
3.327573754E1,-1.835183716E-1,4.252656555E-1,9.895023193E0,9.905857553E0
3.328576854E1,-2.275268555E-1,4.159849548E-1,9.870623932E0,9.882005300E0
3.329579954E1,-2.435435486E-1,4.092489624E-1,9.890981598E0,9.902439858E0
3.330583154E1,-2.362088013E-1,4.206253052E-1,9.892777863E0,9.904533007E0
3.331586254E1,-2.275268555E-1,4.337979126E-1,9.883946228E0,9.896077109E0
3.332589454E1,-2.278262329E-1,4.492158508E-1,9.851164398E0,9.864032627E0
3.333592554E1,-2.200424194E-1,4.505630493E-1,9.828411713E0,9.841194161E0
3.334595754E1,-2.101629639E-1,4.552033997E-1,9.834249573E0,9.847022051E0
3.335598854E1,-2.065704346E-1,4.400848389E-1,9.840237122E0,9.852238965E0
3.336601954E1,-2.095642090E-1,4.267625427E-1,9.849368134E0,9.860836478E0
3.337605154E1,-2.041754150E-1,4.093986511E-1,9.884395294E0,9.894976765E0
3.338608254E1,-2.180964661E-1,3.884422302E-1,9.886490936E0,9.896522443E0
3.339611454E1,-2.360591125E-1,3.791615295E-1,9.856253815E0,9.866368462E0
3.340614554E1,-2.326162720E-1,3.778143311E-1,9.837093658E0,9.847094274E0
3.341617754E1,-2.278262329E-1,3.659889221E-1,9.817334747E0,9.826795725E0
3.342620854E1,-2.329156494E-1,3.656895447E-1,9.810299377E0,9.819875377E0
3.343623954E1,-2.544708252E-1,3.658392334E-1,9.820777588E0,9.830883286E0
3.344627154E1,-2.481838989E-1,3.761677551E-1,9.811496887E0,9.821841406E0
3.345630254E1,-2.406994629E-1,3.730242920E-1,9.827363892E0,9.837386056E0
3.346633454E1,-2.435435486E-1,3.695814514E-1,9.829160156E0,9.839120555E0
3.347636554E1,-2.489323425E-1,3.644920349E-1,9.851314087E0,9.861197239E0
3.348639754E1,-2.462379456E-1,3.791615295E-1,9.883497162E0,9.893832055E0
3.349642854E1,-2.377056885E-1,3.864962769E-1,9.891580353E0,9.901981885E0
3.350645954E1,-2.423460388E-1,3.998185730E-1,9.864786072E0,9.875858987E0
3.351649154E1,-2.353106689E-1,4.040098572E-1,9.833351440E0,9.844460149E0
3.352652254E1,-2.519261169E-1,4.119433594E-1,9.822124786E0,9.833986954E0
3.353655454E1,-2.496807861E-1,4.248165894E-1,9.834848328E0,9.847184941E0
3.354658554E1,-2.350112915E-1,4.227209473E-1,9.847122803E0,9.858993397E0
3.355661754E1,-2.481838989E-1,4.111949158E-1,9.839788055E0,9.851502702E0
3.356664854E1,-2.514770508E-1,4.043092346E-1,9.818232880E0,9.829771286E0
3.357667954E1,-2.773731995E-1,3.848497009E-1,9.821975098E0,9.833424633E0
3.358671154E1,-2.718347168E-1,3.930825806E-1,9.839189301E0,9.850789518E0
3.359674254E1,-2.692900085E-1,3.890409851E-1,9.875264282E0,9.886592671E0
3.360677454E1,-2.433938599E-1,3.947291565E-1,9.899214478E0,9.910070583E0
3.361680554E1,-2.101629639E-1,3.902384949E-1,9.893077240E0,9.903001153E0
3.362683754E1,-2.165995789E-1,4.067042542E-1,9.858050079E0,9.868813257E0
3.363686854E1,-2.225871277E-1,4.093986511E-1,9.823322296E0,9.834368979E0
3.364689954E1,-2.227368164E-1,3.844006348E-1,9.834698639E0,9.844728176E0
3.365693154E1,-2.299218750E-1,3.802093506E-1,9.848170624E0,9.858188873E0
3.366696254E1,-2.540217590E-1,3.664379883E-1,9.868378601E0,9.878446238E0
3.367699454E1,-2.447410583E-1,3.483256531E-1,9.851613464E0,9.860807107E0
3.368702554E1,-2.555186462E-1,3.501219177E-1,9.806257782E0,9.815832457E0
3.369705754E1,-2.764750671E-1,3.519181824E-1,9.824070740E0,9.834259035E0
3.370708854E1,-2.535726929E-1,3.362008667E-1,9.860744476E0,9.869732102E0
3.371711954E1,-2.055226135E-1,3.353027344E-1,9.950707397E0,9.958476047E0
3.372715154E1,-1.561253357E-1,3.384461975E-1,1.001836670E1,1.002529761E1
3.373718254E1,-1.565744019E-1,3.522175598E-1,9.836195526E0,9.843744977E0
3.374721454E1,-2.344125366E-1,3.540138245E-1,9.689051514E0,9.698350079E0
3.375724554E1,-2.906954956E-1,3.586541748E-1,9.693542175E0,9.704529695E0
3.376727654E1,-3.023712158E-1,3.727249146E-1,9.789193268E0,9.800951844E0
3.377730854E1,-2.728825378E-1,3.688330078E-1,9.902807007E0,9.913429744E0
3.378733954E1,-2.350112915E-1,3.656895447E-1,9.922865295E0,9.932382132E0
3.379737154E1,-1.933978271E-1,3.734733582E-1,9.841135254E0,9.850118180E0
3.380740275E1,-2.059716797E-1,3.972738647E-1,9.784552917E0,9.794780582E0
3.381743475E1,-2.630030823E-1,4.185296631E-1,9.808054047E0,9.820502120E0
3.382746575E1,-2.995271301E-1,4.486170959E-1,9.863139496E0,9.877879049E0
3.383749775E1,-2.790197754E-1,4.507127380E-1,9.888885956E0,9.903083331E0
3.384752875E1,-2.668949890E-1,4.466711426E-1,9.892927551E0,9.906602020E0
3.385755975E1,-2.320175171E-1,4.508624268E-1,9.868827667E0,9.881845404E0
3.386759175E1,-2.236349487E-1,4.369413757E-1,9.890382843E0,9.902555384E0
3.387762275E1,-2.131567383E-1,3.885919189E-1,9.909992065E0,9.919898296E0
3.388765475E1,-2.168989563E-1,3.577560425E-1,9.910141754E0,9.918968905E0
3.389768575E1,-2.240840149E-1,3.224295044E-1,9.905950470E0,9.913729326E0
3.390771775E1,-2.282752991E-1,3.013233948E-1,9.864786072E0,9.872026623E0
3.391774875E1,-2.405497742E-1,3.116519165E-1,9.820029144E0,9.827917557E0
3.392777975E1,-2.592608643E-1,3.260220337E-1,9.800719299E0,9.809567032E0
3.393781175E1,-2.674937439E-1,3.459306335E-1,9.794132996E0,9.803890148E0
3.394784275E1,-2.676434326E-1,3.484753418E-1,9.777667236E0,9.787535168E0
3.395787475E1,-2.429447937E-1,3.469784546E-1,9.784403229E0,9.793567418E0
3.396790575E1,-2.239343262E-1,3.373983765E-1,9.823771362E0,9.832114118E0
3.397793775E1,-2.228865051E-1,3.230282593E-1,9.858798523E0,9.866607014E0
3.398796875E1,-2.146536255E-1,3.233276367E-1,9.894574127E0,9.902182290E0
3.399799975E1,-2.161505127E-1,3.439846802E-1,9.908345490E0,9.916670653E0
3.400803175E1,-2.297721863E-1,3.658392334E-1,9.875114594E0,9.884559770E0
3.401806275E1,-2.553689575E-1,3.817062378E-1,9.849966888E0,9.860667354E0
3.402809475E1,-2.743794250E-1,4.267625427E-1,9.820627899E0,9.833724761E0
3.403812575E1,-2.498304749E-1,4.231700134E-1,9.811796265E0,9.824094567E0
3.404815775E1,-2.121089172E-1,4.158352661E-1,9.788893890E0,9.800017998E0
3.405818875E1,-2.305206299E-1,3.893403625E-1,9.790839844E0,9.801289228E0
3.406821975E1,-2.287243652E-1,3.692820740E-1,9.840237122E0,9.849819831E0
3.407825175E1,-2.282752991E-1,3.591032410E-1,9.909992065E0,9.919123322E0
3.408828275E1,-2.290237427E-1,3.620970154E-1,9.943073273E0,9.952299846E0
3.409831475E1,-2.303709412E-1,3.733236694E-1,9.939630432E0,9.949306230E0
3.410834575E1,-2.152523804E-1,3.713777161E-1,9.888436890E0,9.897749194E0
3.411837775E1,-2.198927307E-1,3.882925415E-1,9.852810974E0,9.862910727E0
3.412840875E1,-2.258802795E-1,3.737727356E-1,9.805209961E0,9.814930990E0
3.413843975E1,-2.174977112E-1,3.939807129E-1,9.830507355E0,9.840802859E0
3.414847175E1,-2.387535095E-1,3.844006348E-1,9.835596771E0,9.846000758E0
3.415850275E1,-2.278262329E-1,3.791615295E-1,9.846673737E0,9.856604483E0
3.416853475E1,-2.393522644E-1,3.619473267E-1,9.846823425E0,9.856380012E0
3.417856575E1,-2.377056885E-1,3.427871704E-1,9.859996033E0,9.868815978E0
3.418859775E1,-2.396516418E-1,3.282673645E-1,9.851613464E0,9.859993926E0
3.419862875E1,-2.327659607E-1,3.191363525E-1,9.833800507E0,9.841730560E0
3.420865975E1,-2.456391907E-1,3.082090759E-1,9.832303619E0,9.840199485E0
3.421869175E1,-2.462379456E-1,3.001258850E-1,9.826914825E0,9.834579994E0
3.422872275E1,-2.369572449E-1,3.261717224E-1,9.844877472E0,9.853128902E0
3.423875475E1,-2.450404358E-1,3.351530457E-1,9.856104126E0,9.864844698E0
3.424878575E1,-2.273771667E-1,3.372486877E-1,9.859397278E0,9.867783527E0
3.425881775E1,-2.296224976E-1,3.367996216E-1,9.836943970E0,9.845386084E0
3.426884875E1,-2.392025757E-1,3.385958862E-1,9.837991791E0,9.846722679E0
3.427887975E1,-2.607577515E-1,3.287164307E-1,9.838590546E0,9.847533347E0
3.428891175E1,-2.613565063E-1,3.369493103E-1,9.829908600E0,9.839153680E0
3.429894275E1,-2.525248718E-1,3.504212952E-1,9.838141479E0,9.847618578E0
3.430897475E1,-2.438429260E-1,3.442840576E-1,9.844278717E0,9.853314891E0
3.431900575E1,-2.429447937E-1,3.570075989E-1,9.853858795E0,9.863316367E0
3.432903775E1,-2.309696960E-1,3.790118408E-1,9.868827667E0,9.878803394E0
3.433906875E1,-2.448907471E-1,3.629951477E-1,9.861193542E0,9.870910548E0
3.434909975E1,-2.570155334E-1,3.640429688E-1,9.846224670E0,9.856303796E0
3.435913175E1,-2.553689575E-1,3.876937866E-1,9.837692413E0,9.848640099E0
3.436916275E1,-2.490820312E-1,3.845503235E-1,9.867330780E0,9.877962216E0
3.437919475E1,-2.517764282E-1,3.858975220E-1,9.859247589E0,9.870008677E0
3.438922575E1,-2.447410583E-1,3.966751099E-1,9.839937744E0,9.850970721E0
3.439925775E1,-2.469863892E-1,3.951782227E-1,9.829459534E0,9.840500131E0
3.440928875E1,-2.390528870E-1,3.544628906E-1,9.833650818E0,9.842940548E0
3.441931975E1,-2.423460388E-1,3.526666260E-1,9.849368134E0,9.858659036E0
3.442935175E1,-2.415975952E-1,3.179388428E-1,9.872120819E0,9.880193519E0
3.443938275E1,-2.245330811E-1,3.234773254E-1,9.885892181E0,9.893731192E0
3.444941475E1,-2.288740540E-1,3.344046021E-1,9.845027161E0,9.853363363E0
3.445944575E1,-2.401007080E-1,3.439846802E-1,9.817035370E0,9.825993958E0
3.446947775E1,-2.375559998E-1,3.269201660E-1,9.810299377E0,9.818619227E0
3.447950875E1,-2.146536255E-1,2.978805542E-1,9.945767670E0,9.952542567E0
3.448953975E1,-1.529818726E-1,2.927911377E-1,1.003228775E1,1.003772522E1
3.449957175E1,-1.483415222E-1,2.932402039E-1,9.887389069E0,9.892848812E0
3.450960275E1,-2.276765442E-1,3.264710999E-1,9.704020386E0,9.712179551E0
3.451963475E1,-2.890489197E-1,3.267704773E-1,9.655670929E0,9.665521678E0
3.452966575E1,-2.959346008E-1,3.312611389E-1,9.756411438E0,9.766518078E0
3.453969775E1,-2.719844055E-1,3.306623840E-1,9.897418213E0,9.906674538E0
3.454972875E1,-2.269281006E-1,3.237767029E-1,9.917326813E0,9.925205228E0
3.455975975E1,-1.880090332E-1,3.258723450E-1,9.849068756E0,9.856251597E0
3.456979175E1,-2.052232361E-1,3.610491943E-1,9.792037354E0,9.800840200E0
3.457982275E1,-2.306703186E-1,3.950285339E-1,9.797575836E0,9.808249008E0
3.458985475E1,-2.564167786E-1,4.126918030E-1,9.867630157E0,9.879584455E0
3.459988575E1,-2.677931213E-1,4.323010254E-1,9.892029419E0,9.905091789E0
3.460991775E1,-2.430944824E-1,4.469705200E-1,9.871821442E0,9.884924691E0
3.461994875E1,-2.180964661E-1,4.442761230E-1,9.861492920E0,9.873904494E0
3.462997975E1,-2.194436646E-1,4.206253052E-1,9.886790314E0,9.898166693E0
3.464001175E1,-2.380050659E-1,3.629951477E-1,9.895771637E0,9.905286880E0
3.465004275E1,-2.344125366E-1,3.212319946E-1,9.920320587E0,9.928287858E0
3.466007475E1,-2.353106689E-1,2.888992310E-1,9.902956696E0,9.909963935E0
3.467010575E1,-2.510279846E-1,2.989283752E-1,9.868228912E0,9.875946288E0
3.468013775E1,-2.441423035E-1,3.091072083E-1,9.845476227E0,9.853352468E0
3.469016875E1,-2.456391907E-1,3.233276367E-1,9.817334747E0,9.825728518E0
3.470019975E1,-2.483335876E-1,3.351530457E-1,9.794132996E0,9.803011694E0
3.471023175E1,-2.317181396E-1,3.312611389E-1,9.800569611E0,9.808903707E0
3.472026275E1,-2.124082947E-1,3.189866638E-1,9.810598755E0,9.818081162E0
3.473029475E1,-2.037263489E-1,2.909948730E-1,9.833501129E0,9.839914984E0
3.474032575E1,-1.913021851E-1,2.951861572E-1,9.851314087E0,9.857592030E0
3.475035775E1,-1.910028076E-1,3.050656128E-1,9.878108368E0,9.884663476E0
3.476038875E1,-2.168989563E-1,3.161425781E-1,9.890682220E0,9.898110227E0
3.477041975E1,-2.360591125E-1,3.405418396E-1,9.870474243E0,9.879167699E0
3.478045175E1,-2.733316040E-1,3.812571716E-1,9.848919067E0,9.860084888E0
3.479048275E1,-2.803669739E-1,4.210743713E-1,9.832303619E0,9.845308717E0
3.480051475E1,-2.586621094E-1,4.302053833E-1,9.823471985E0,9.836289168E0
3.481054554E1,-2.335144043E-1,4.122427368E-1,9.784552917E0,9.796016989E0
3.482057754E1,-2.158511353E-1,3.950285339E-1,9.786498871E0,9.796846401E0
3.483060854E1,-2.100132751E-1,3.858975220E-1,9.810299377E0,9.820132196E0
3.484063954E1,-1.944456482E-1,3.502716064E-1,9.881850586E0,9.889968165E0
3.485067154E1,-2.034269714E-1,3.382965088E-1,9.922865295E0,9.930714110E0
3.486070254E1,-2.273771667E-1,3.424877930E-1,9.911938019E0,9.920459342E0
3.487073454E1,-2.378553772E-1,3.661386108E-1,9.888436890E0,9.898071367E0
3.488076554E1,-2.345622253E-1,3.953279114E-1,9.858499146E0,9.869210151E0
3.489079754E1,-2.383044434E-1,3.900888062E-1,9.840985565E0,9.851596580E0
3.490082854E1,-2.306703186E-1,3.903881836E-1,9.823022919E0,9.833483157E0
3.491085954E1,-2.264790344E-1,3.921844482E-1,9.834399261E0,9.844821493E0
3.492089154E1,-2.278262329E-1,3.640429688E-1,9.839338989E0,9.848706708E0
3.493092254E1,-2.148033142E-1,3.445834351E-1,9.851912842E0,9.860277118E0
3.494095454E1,-2.151026917E-1,3.140469360E-1,9.872569885E0,9.879905404E0
3.495098554E1,-2.228865051E-1,3.144960022E-1,9.858499146E0,9.866032208E0
3.496101754E1,-2.263293457E-1,2.951861572E-1,9.848919067E0,9.855940677E0
3.497104854E1,-2.445913696E-1,2.863545227E-1,9.813442841E0,9.820666181E0
3.498108054E1,-2.502795410E-1,2.917433167E-1,9.815089417E0,9.822613413E0
3.499111154E1,-2.320175171E-1,3.011737061E-1,9.802814941E0,9.810184428E0
3.500114254E1,-2.390528870E-1,3.275189209E-1,9.798923035E0,9.807308885E0
3.501117454E1,-2.341131592E-1,3.370989990E-1,9.800419922E0,9.809009907E0
3.502120554E1,-2.191442871E-1,3.591032410E-1,9.814340973E0,9.823353200E0
3.503123754E1,-2.218386841E-1,3.631448364E-1,9.814790039E0,9.824010896E0
3.504126854E1,-2.300715637E-1,3.668870544E-1,9.853858795E0,9.863370225E0
3.505130054E1,-2.354603577E-1,3.761677551E-1,9.861492920E0,9.871473364E0
3.506133154E1,-2.221380615E-1,3.968247986E-1,9.866582336E0,9.877057367E0
3.507136254E1,-2.377056885E-1,3.917353821E-1,9.884395294E0,9.895010406E0
3.508139454E1,-2.390528870E-1,4.095483398E-1,9.873617706E0,9.884998874E0
3.509142554E1,-2.637515259E-1,4.099974060E-1,9.851912842E0,9.863967223E0
3.510145754E1,-2.652484131E-1,3.957769775E-1,9.862241364E0,9.873743001E0
3.511148854E1,-2.589614868E-1,3.969744873E-1,9.876611481E0,9.887977758E0
3.512152054E1,-2.411485291E-1,4.158352661E-1,9.895771637E0,9.907440026E0
3.513155154E1,-2.222877502E-1,4.144880676E-1,9.914782104E0,9.925931512E0
3.514158254E1,-2.185455322E-1,4.134402466E-1,9.874964905E0,9.886031907E0
3.515161454E1,-2.293231201E-1,4.125421143E-1,9.825118561E0,9.836449300E0
3.516164554E1,-2.372566223E-1,4.022135925E-1,9.806407471E0,9.817519746E0
3.517167754E1,-2.433938599E-1,3.680845642E-1,9.826016693E0,9.835920438E0
3.518170854E1,-2.317181396E-1,3.529660034E-1,9.863738251E0,9.872771170E0
3.519174054E1,-2.305206299E-1,3.269201660E-1,9.877210236E0,9.885307208E0
3.520177154E1,-2.267784119E-1,3.218307495E-1,9.811646576E0,9.819542352E0
3.521180254E1,-2.412982178E-1,3.216810608E-1,9.739646301E0,9.747944071E0
3.522183454E1,-2.353106689E-1,3.347039795E-1,9.842781830E0,9.851281745E0
3.523186554E1,-1.764830017E-1,3.381468201E-1,1.001387604E1,1.002113780E1
3.524189754E1,-1.416055298E-1,3.556604004E-1,1.006432114E1,1.007159900E1
3.525192854E1,-1.817221069E-1,3.873944092E-1,9.835896149E0,9.845199358E0
3.526196054E1,-2.745291138E-1,4.013154602E-1,9.600884857E0,9.613189397E0
3.527199154E1,-3.350033569E-1,4.273612976E-1,9.528285828E0,9.543746421E0
3.528202254E1,-3.315605164E-1,4.068539429E-1,9.684560852E0,9.698772160E0
3.529205454E1,-2.758763123E-1,3.808081055E-1,9.879904633E0,9.891088823E0
3.530208554E1,-1.809736633E-1,3.679348755E-1,9.971364441E0,9.979791398E0
3.531211754E1,-1.285826111E-1,3.676354980E-1,9.925559692E0,9.933198103E0
3.532214854E1,-1.410067749E-1,3.989204407E-1,9.842482452E0,9.851572527E0
3.533218054E1,-1.899549866E-1,4.227209473E-1,9.817334747E0,9.828267265E0
3.534221154E1,-2.656974792E-1,4.267625427E-1,9.854457550E0,9.867271914E0
3.535224254E1,-2.996768188E-1,4.433779907E-1,9.886790314E0,9.901263200E0
3.536227454E1,-2.899470520E-1,4.572990417E-1,9.894424438E0,9.909229368E0
3.537230554E1,-2.294728088E-1,4.891827393E-1,9.869725800E0,9.884505293E0
3.538233754E1,-1.938468933E-1,5.122348022E-1,9.874515839E0,9.889692824E0
3.539236854E1,-1.848655701E-1,4.833448792E-1,9.877808990E0,9.891355216E0
3.540240054E1,-1.856140137E-1,4.306544495E-1,9.865235138E0,9.876374848E0
3.541243154E1,-2.074685669E-1,3.905378723E-1,9.851164398E0,9.861085287E0
3.542246254E1,-2.004331970E-1,3.727249146E-1,9.821076965E0,9.830190745E0
3.543249454E1,-2.201921082E-1,3.585044861E-1,9.803713074E0,9.812736625E0
3.544252554E1,-2.368075562E-1,3.619473267E-1,9.819879456E0,9.829400603E0
3.545255754E1,-2.444416809E-1,3.598516846E-1,9.835596771E0,9.845212482E0
3.546258854E1,-2.318678284E-1,3.665876770E-1,9.832004242E0,9.841567793E0
3.547262054E1,-2.194436646E-1,3.784130859E-1,9.856253815E0,9.865956175E0
3.548265154E1,-2.025288391E-1,3.761677551E-1,9.836794281E0,9.846067329E0
3.549268354E1,-2.047741699E-1,3.918850708E-1,9.833950195E0,9.843885555E0
3.550271454E1,-2.092648315E-1,4.046086121E-1,9.845326538E0,9.855858894E0
3.551274554E1,-2.303709412E-1,4.228706360E-1,9.875264282E0,9.886998280E0
3.552277754E1,-2.371069336E-1,4.099974060E-1,9.889634399E0,9.900968949E0
3.553280854E1,-2.345622253E-1,4.433779907E-1,9.855355682E0,9.868112236E0
3.554284054E1,-2.574645996E-1,4.567002869E-1,9.821975098E0,9.835957401E0
3.555287154E1,-2.725831604E-1,4.661306763E-1,9.826914825E0,9.841739398E0
3.556290354E1,-2.395019531E-1,4.794529724E-1,9.793085175E0,9.807739473E0
3.557293454E1,-2.206411743E-1,4.569996643E-1,9.807754669E0,9.820874853E0
3.558296554E1,-1.814227295E-1,4.436773682E-1,9.860894165E0,9.872537544E0
3.559299754E1,-1.770817566E-1,4.333488464E-1,9.878407745E0,9.889493857E0
3.560302854E1,-1.630110168E-1,4.257147217E-1,9.866432648E0,9.876957973E0
3.561306054E1,-1.948947144E-1,4.014651489E-1,9.857151947E0,9.867248995E0
3.562309154E1,-2.302212524E-1,3.984713745E-1,9.859696655E0,9.870430558E0
3.563312354E1,-2.323168945E-1,4.067042542E-1,9.873767395E0,9.884870361E0
3.564315454E1,-2.523751831E-1,4.165837097E-1,9.883796539E0,9.895790481E0
3.565318554E1,-2.326162720E-1,4.278103638E-1,9.878407745E0,9.890403006E0
3.566321754E1,-2.242337036E-1,4.468208313E-1,9.862540741E0,9.875203263E0
3.567324854E1,-2.192939758E-1,4.583468628E-1,9.834249573E0,9.847366976E0
3.568328054E1,-2.013313293E-1,4.378395081E-1,9.853110352E0,9.864888308E0
3.569331154E1,-1.987866211E-1,4.275109863E-1,9.882299652E0,9.893539719E0
3.570334354E1,-1.972897339E-1,4.134402466E-1,9.875413971E0,9.886033440E0
3.571337454E1,-2.077679443E-1,4.002676392E-1,9.858648834E0,9.868958331E0
3.572340554E1,-2.155517578E-1,3.893403625E-1,9.846524048E0,9.856575688E0
3.573343754E1,-2.194436646E-1,3.975732422E-1,9.833501129E0,9.843981129E0
3.574346854E1,-2.186952209E-1,4.083508301E-1,9.847571869E0,9.858460819E0
3.575350054E1,-2.363584900E-1,3.990701294E-1,9.836794281E0,9.847722784E0
3.576353154E1,-2.363584900E-1,3.930825806E-1,9.831405487E0,9.842099019E0
3.577356354E1,-2.330653381E-1,4.131408691E-1,9.817334747E0,9.828787635E0
3.578359454E1,-2.243833923E-1,4.293072510E-1,9.815688171E0,9.827633840E0
3.579362654E1,-2.207908630E-1,4.104464722E-1,9.838141479E0,9.849174721E0
3.580365754E1,-2.151026917E-1,4.144880676E-1,9.876162415E0,9.887196446E0
3.581368862E1,-2.131567383E-1,4.287084961E-1,9.879904633E0,9.891498487E0
3.582372062E1,-2.213896179E-1,4.321513367E-1,9.863588562E0,9.875532768E0
3.583375162E1,-2.242337036E-1,4.328997803E-1,9.854307861E0,9.866360342E0
3.584378362E1,-2.309696960E-1,4.424798584E-1,9.844877472E0,9.857522400E0
3.585381463E1,-2.468367004E-1,4.441264343E-1,9.820328522E0,9.833464747E0
3.586384662E1,-2.501298523E-1,4.417314148E-1,9.829160156E0,9.842259952E0
3.587387762E1,-2.406994629E-1,4.354444885E-1,9.854906616E0,9.867458262E0
3.588390862E1,-2.308200073E-1,4.252656555E-1,9.867181091E0,9.879037982E0
3.589394062E1,-2.290237427E-1,4.242178345E-1,9.849966888E0,9.861757468E0
3.590397162E1,-2.427951050E-1,4.197271729E-1,9.820029144E0,9.831993326E0
3.591400362E1,-2.395019531E-1,4.096980286E-1,9.820777588E0,9.832237085E0
3.592403463E1,-2.228865051E-1,4.041595459E-1,9.860295410E0,9.871091576E0
3.593406662E1,-2.059716797E-1,4.186793518E-1,9.904902649E0,9.915886910E0
3.594409762E1,-1.922003174E-1,4.483177185E-1,9.891879730E0,9.903898946E0
3.595412862E1,-1.869612122E-1,4.505630493E-1,9.840985565E0,9.853068479E0
3.596416062E1,-2.053729248E-1,4.598437500E-1,9.777517548E0,9.790479238E0
3.597419162E1,-2.281256104E-1,4.583468628E-1,9.747280426E0,9.760717128E0
3.598422362E1,-2.457888794E-1,4.290078735E-1,9.777517548E0,9.790010691E0
3.599425462E1,-2.540217590E-1,4.141886902E-1,9.844428406E0,9.856411617E0
3.600428662E1,-2.423460388E-1,4.183799744E-1,9.892179108E0,9.903988131E0
3.601431762E1,-2.415975952E-1,4.152365112E-1,9.810149689E0,9.821905501E0
3.602434862E1,-2.502795410E-1,4.186793518E-1,9.766440582E0,9.778614109E0
3.603438063E1,-2.372566223E-1,4.132905579E-1,9.860445099E0,9.871954079E0
3.604441162E1,-2.007325745E-1,4.134402466E-1,1.001911514E1,1.002965077E1
3.605444362E1,-1.707948303E-1,4.258644104E-1,1.010234207E1,1.011275663E1
3.606447462E1,-1.603166199E-1,4.439767456E-1,9.907597046E0,9.918835415E0
3.607450662E1,-2.447410583E-1,4.384382629E-1,9.653724976E0,9.666774653E0
3.608453762E1,-3.100053406E-1,4.352947998E-1,9.594897308E0,9.609767907E0
3.609456862E1,-2.902464294E-1,4.095483398E-1,9.745184784E0,9.758104289E0
3.610460062E1,-2.418969727E-1,3.885919189E-1,9.932894440E0,9.943435512E0
3.611463162E1,-1.850152588E-1,3.796105957E-1,1.000579285E1,1.001470046E1
3.612466362E1,-1.416055298E-1,3.808081055E-1,9.946815491E0,9.955109509E0
3.613469462E1,-1.722917175E-1,4.206253052E-1,9.821076965E0,9.831590046E0
3.614472663E1,-2.067201233E-1,4.486170959E-1,9.785451050E0,9.797910122E0
3.615475762E1,-2.442919922E-1,4.848417664E-1,9.804311829E0,9.819331981E0
3.616478962E1,-2.671943665E-1,4.932243347E-1,9.857601013E0,9.873548542E0
3.617482062E1,-2.538720703E-1,5.043013000E-1,9.874216461E0,9.890344865E0
3.618485163E1,-2.204914856E-1,5.289999390E-1,9.845775604E0,9.862441619E0
3.619488362E1,-2.019300842E-1,5.373825073E-1,9.847871246E0,9.864589388E0
3.620491462E1,-1.993853760E-1,5.156776428E-1,9.858349457E0,9.873840791E0
3.621494662E1,-2.004331970E-1,4.634362793E-1,9.882748718E0,9.895638882E0
3.622497762E1,-2.115101624E-1,4.192781067E-1,9.872569885E0,9.883732434E0
3.623500962E1,-2.311193848E-1,3.896397400E-1,9.874216461E0,9.884603483E0
3.624504062E1,-2.294728088E-1,3.836521912E-1,9.861941986E0,9.872069009E0
3.625507162E1,-2.525248718E-1,3.932322693E-1,9.843530273E0,9.854617632E0
3.626510362E1,-2.540217590E-1,3.956272888E-1,9.816436615E0,9.827689241E0
3.627513462E1,-2.471360779E-1,3.818559265E-1,9.815239105E0,9.825772686E0
3.628516662E1,-2.432441711E-1,3.938310242E-1,9.826615448E0,9.837511970E0
3.629519763E1,-2.201921082E-1,3.975732422E-1,9.824968872E0,9.835474690E0
3.630522962E1,-1.947450256E-1,4.125421143E-1,9.846823425E0,9.857385464E0
3.631526062E1,-1.971400452E-1,4.182302856E-1,9.854307861E0,9.865148970E0
3.632529162E1,-2.198927307E-1,4.382885742E-1,9.871671753E0,9.883843022E0
3.633532362E1,-2.136058044E-1,4.402345276E-1,9.891580353E0,9.903675871E0
3.634535462E1,-2.330653381E-1,4.517605591E-1,9.836794281E0,9.849920242E0
3.635538662E1,-2.713856506E-1,4.769082642E-1,9.798773346E0,9.814125063E0
3.636541762E1,-2.778222656E-1,4.831951904E-1,9.789193268E0,9.805048069E0
3.637544962E1,-2.556683350E-1,4.812492371E-1,9.819580078E0,9.834689626E0
3.638548062E1,-2.170486450E-1,4.752616882E-1,9.879455566E0,9.893261650E0
3.639551162E1,-1.640588379E-1,4.724176025E-1,9.911938019E0,9.924545782E0
3.640554363E1,-1.667532349E-1,4.652325439E-1,9.864037628E0,9.876410598E0
3.641557462E1,-1.829196167E-1,4.451742554E-1,9.823621674E0,9.835404541E0
3.642560662E1,-2.092648315E-1,4.318519592E-1,9.827663269E0,9.839372603E0
3.643563762E1,-2.537223816E-1,4.221221924E-1,9.861492920E0,9.873783713E0
3.644566962E1,-2.465373230E-1,4.328997803E-1,9.891879730E0,9.904416564E0
3.645570062E1,-2.318678284E-1,4.360432434E-1,9.900561676E0,9.912871325E0
3.646573262E1,-2.267784119E-1,4.611909485E-1,9.893526306E0,9.906865716E0
3.647576362E1,-2.243833923E-1,4.794529724E-1,9.844129028E0,9.858351758E0
3.648579462E1,-2.212399292E-1,4.574487305E-1,9.822873230E0,9.836007571E0
3.649582662E1,-2.082170105E-1,4.486170959E-1,9.847272491E0,9.859684941E0
3.650585762E1,-2.154020691E-1,4.189787292E-1,9.852062531E0,9.863319793E0
3.651588963E1,-2.122586060E-1,4.052073669E-1,9.863887939E0,9.874488949E0
3.652592062E1,-2.127076721E-1,3.879931641E-1,9.868528290E0,9.878442886E0
3.653595262E1,-2.248324585E-1,3.773652649E-1,9.846823425E0,9.856616344E0
3.654598362E1,-2.213896179E-1,3.872447205E-1,9.846224670E0,9.856323457E0
3.655601463E1,-2.505789185E-1,4.004173279E-1,9.832153931E0,9.843494031E0
3.656604662E1,-2.439926147E-1,3.998185730E-1,9.839788055E0,9.850929716E0
3.657607762E1,-2.501298523E-1,4.123924255E-1,9.825417938E0,9.837249113E0
3.658610963E1,-2.459385681E-1,4.231700134E-1,9.819580078E0,9.831770520E0
3.659614062E1,-2.475851440E-1,4.391867065E-1,9.796677704E0,9.809642063E0
3.660617262E1,-2.570155334E-1,4.213737488E-1,9.829160156E0,9.841544706E0
3.661620362E1,-2.408491516E-1,4.285588074E-1,9.851613464E0,9.863871391E0
3.662623562E1,-2.338137817E-1,4.296066284E-1,9.873617706E0,9.885724928E0
3.663626662E1,-2.336640930E-1,4.429289246E-1,9.894574127E0,9.907238874E0
3.664629762E1,-2.326162720E-1,4.385879517E-1,9.876461792E0,9.888931552E0
3.665632962E1,-2.344125366E-1,4.683760071E-1,9.850565643E0,9.864480159E0
3.666636062E1,-2.323168945E-1,4.709207153E-1,9.839039612E0,9.853042065E0
3.667639262E1,-2.529739380E-1,4.605921936E-1,9.853559418E0,9.867561714E0
3.668642362E1,-2.487826538E-1,4.628375244E-1,9.848470001E0,9.862478023E0
3.669645563E1,-2.444416809E-1,4.559518433E-1,9.842332764E0,9.855919949E0
3.670648662E1,-2.472857666E-1,4.429289246E-1,9.835297394E0,9.848370987E0
3.671651762E1,-2.264790344E-1,4.399351501E-1,9.852511597E0,9.864928811E0
3.672654962E1,-2.332150269E-1,4.267625427E-1,9.849517822E0,9.861516965E0
3.673658063E1,-2.399510193E-1,4.198768616E-1,9.812844086E0,9.824753540E0
3.674661262E1,-2.398013306E-1,4.197271729E-1,9.825268250E0,9.837152624E0
3.675664362E1,-2.198927307E-1,4.141886902E-1,9.837991791E0,9.849161769E0
3.676667562E1,-2.179467773E-1,4.216731262E-1,9.883048096E0,9.894440292E0
3.677670662E1,-2.127076721E-1,4.345463562E-1,9.883796539E0,9.895630810E0
3.678673762E1,-2.049238586E-1,4.498146057E-1,9.827812958E0,9.840235490E0
3.679676962E1,-2.264790344E-1,4.562512207E-1,9.770631866E0,9.783900296E0
3.680680075E1,-2.490820312E-1,4.439767456E-1,9.767937469E0,9.781194182E0
3.681683275E1,-2.671943665E-1,4.179309082E-1,9.797426147E0,9.809975443E0
3.682686375E1,-2.586621094E-1,3.990701294E-1,9.881401520E0,9.892838776E0
3.683689575E1,-2.496807861E-1,3.903881836E-1,9.930798798E0,9.941604910E0
3.684692675E1,-2.498304749E-1,3.974235535E-1,9.850715332E0,9.861894002E0
3.685695775E1,-2.555186462E-1,3.797602844E-1,9.824370117E0,9.835026988E0
3.686698975E1,-2.528242493E-1,3.933819580E-1,9.880503387E0,9.891562903E0
3.687702075E1,-2.374063110E-1,4.043092346E-1,1.000624191E1,1.001722042E1
3.688705275E1,-1.796264648E-1,4.037104797E-1,1.009126511E1,1.010093457E1
3.689708375E1,-1.636097717E-1,4.162843323E-1,9.920919342E0,9.930996999E0
3.690711575E1,-2.650987244E-1,4.351451111E-1,9.665400696E0,9.678822202E0
3.691714675E1,-3.302133179E-1,4.201762390E-1,9.607321472E0,9.622173080E0
3.692717875E1,-3.034190369E-1,4.134402466E-1,9.717192993E0,9.730716090E0
3.693720975E1,-2.354603577E-1,3.876937866E-1,9.904603271E0,9.914984318E0
3.694724075E1,-1.883084106E-1,3.770658875E-1,9.980196075E0,9.989091673E0
3.695727275E1,-1.408570862E-1,3.989204407E-1,9.892478485E0,9.901520530E0
3.696730375E1,-1.574725342E-1,4.426295471E-1,9.803563385E0,9.814813985E0
3.697733575E1,-2.245330811E-1,4.834945679E-1,9.770482178E0,9.785014261E0
3.698736675E1,-2.731819153E-1,5.032534790E-1,9.802216187E0,9.818927365E0
3.699739875E1,-2.854563904E-1,5.072950745E-1,9.866432648E0,9.883588763E0
3.700742975E1,-2.842588806E-1,4.891827393E-1,9.884844360E0,9.901022719E0
3.701746075E1,-2.342628479E-1,4.965174866E-1,9.880054321E0,9.895295958E0
3.702749275E1,-2.338137817E-1,4.808001709E-1,9.881251831E0,9.895704898E0
3.703752375E1,-2.227368164E-1,4.406835938E-1,9.882599030E0,9.894926847E0
3.704755575E1,-2.237846375E-1,3.920347595E-1,9.908944244E0,9.919221081E0
3.705758675E1,-2.192939758E-1,3.537144470E-1,9.910590820E0,9.919325288E0
3.706761875E1,-2.246827698E-1,3.231779480E-1,9.893077240E0,9.900904181E0
3.707764975E1,-2.252815247E-1,3.339555359E-1,9.861043854E0,9.869268663E0
3.708768075E1,-2.540217590E-1,3.447331238E-1,9.816137238E0,9.825472927E0
3.709771275E1,-2.770738220E-1,3.462300110E-1,9.782606964E0,9.792652559E0
3.710774375E1,-2.715353394E-1,3.608995056E-1,9.763297119E0,9.773737797E0
3.711777575E1,-2.644999695E-1,3.767665100E-1,9.775721283E0,9.786554033E0
3.712780675E1,-2.377056885E-1,3.725752258E-1,9.785001984E0,9.794977290E0
3.713783875E1,-2.269281006E-1,3.656895447E-1,9.810598755E0,9.820034274E0
3.714786975E1,-2.272274780E-1,3.863465881E-1,9.842183075E0,9.852383655E0
3.715790175E1,-2.219883728E-1,3.986210632E-1,9.877509613E0,9.888041957E0
3.716793275E1,-2.420466614E-1,4.114942932E-1,9.888137512E0,9.899655428E0
3.717796375E1,-2.650987244E-1,4.260140991E-1,9.826765137E0,9.839566982E0
3.718799575E1,-2.893482971E-1,4.686753845E-1,9.787247314E0,9.802733754E0
3.719802675E1,-2.752775574E-1,5.147795105E-1,9.819131012E0,9.836468345E0
3.720805875E1,-2.414479065E-1,4.959187317E-1,9.836494904E0,9.851947242E0
3.721808975E1,-2.151026917E-1,4.682263184E-1,9.880952454E0,9.894378527E0
3.722812175E1,-1.954934692E-1,4.435276794E-1,9.907147980E0,9.918997711E0
3.723815275E1,-1.999841309E-1,4.161346436E-1,9.919572144E0,9.930310831E0
3.724818375E1,-2.142045593E-1,4.010160828E-1,9.933792572E0,9.944190885E0
3.725821575E1,-2.383044434E-1,3.864962769E-1,9.910590820E0,9.920986785E0
3.726824675E1,-2.447410583E-1,3.875440979E-1,9.913135529E0,9.923726348E0
3.727827875E1,-2.583627319E-1,3.799099731E-1,9.903256073E0,9.913907592E0
3.728830975E1,-2.471360779E-1,3.779640198E-1,9.868827667E0,9.879154446E0
3.729834175E1,-2.324665833E-1,3.980223083E-1,9.832153931E0,9.842952473E0
3.730837275E1,-2.272274780E-1,4.119433594E-1,9.807604980E0,9.818882070E0
3.731840475E1,-2.411485291E-1,3.876937866E-1,9.802365875E0,9.812993215E0
3.732843575E1,-2.335144043E-1,3.855981445E-1,9.811796265E0,9.822146448E0
3.733846675E1,-2.158511353E-1,3.670367432E-1,9.829160156E0,9.838378782E0
3.734849875E1,-2.167492676E-1,3.495231628E-1,9.845476227E0,9.854062554E0
3.735852975E1,-2.209405518E-1,3.508703613E-1,9.850565643E0,9.859288424E0
3.736856175E1,-2.198927307E-1,3.378474426E-1,9.865684204E0,9.873916068E0
3.737859275E1,-2.329156494E-1,3.418890381E-1,9.868528290E0,9.877195372E0
3.738862475E1,-2.377056885E-1,3.353027344E-1,9.852810974E0,9.861380026E0
3.739865575E1,-2.351609802E-1,3.445834351E-1,9.840087433E0,9.848926800E0
3.740868675E1,-2.402503967E-1,3.571572876E-1,9.837093658E0,9.846506651E0
3.741871875E1,-2.591111755E-1,3.787124634E-1,9.821975098E0,9.832688165E0
3.742874975E1,-2.447410583E-1,3.649411011E-1,9.821376343E0,9.831201018E0
3.743878175E1,-2.682421875E-1,3.703298950E-1,9.832153931E0,9.842781569E0
3.744881275E1,-2.709365845E-1,3.754193115E-1,9.848320312E0,9.859196685E0
3.745884475E1,-2.582130432E-1,3.872447205E-1,9.871522064E0,9.882488569E0
3.746887575E1,-2.393522644E-1,3.924838257E-1,9.876611481E0,9.887304355E0
3.747890675E1,-2.442919922E-1,3.914360046E-1,9.868378601E0,9.879159728E0
3.748893875E1,-2.574645996E-1,3.996688843E-1,9.855655060E0,9.867115075E0
3.749896975E1,-2.549198914E-1,4.152365112E-1,9.850565643E0,9.862608631E0
3.750900175E1,-2.420466614E-1,4.108955383E-1,9.846074982E0,9.857617069E0
3.751903275E1,-2.436932373E-1,3.981719971E-1,9.846524048E0,9.857584043E0
3.752906475E1,-2.351609802E-1,4.129911804E-1,9.842781830E0,9.854248655E0
3.753909575E1,-2.284249878E-1,4.046086121E-1,9.841584320E0,9.852546272E0
3.754912775E1,-2.389031982E-1,3.752696228E-1,9.834399261E0,9.844455844E0
3.755915875E1,-2.480342102E-1,3.706292725E-1,9.840386810E0,9.850487277E0
3.756918975E1,-2.558180237E-1,3.454815674E-1,9.829908600E0,9.839304013E0
3.757922175E1,-2.508782959E-1,3.472778320E-1,9.846524048E0,9.855839773E0
3.758925275E1,-2.465373230E-1,3.447331238E-1,9.879754944E0,9.888841152E0
3.759928475E1,-2.213896179E-1,3.520678711E-1,9.896669769E0,9.905404468E0
3.760931575E1,-2.154020691E-1,3.673361206E-1,9.875863037E0,9.885039434E0
3.761934775E1,-2.005828857E-1,3.897894287E-1,9.837243347E0,9.847005939E0
3.762937875E1,-2.106120300E-1,3.829037476E-1,9.813293152E0,9.823018639E0
3.763940975E1,-2.242337036E-1,4.016148376E-1,9.830357666E0,9.841113101E0
3.764944175E1,-2.281256104E-1,3.701802063E-1,9.852212219E0,9.861803095E0
3.765947275E1,-2.459385681E-1,3.595523071E-1,9.881551208E0,9.891148463E0
3.766950475E1,-2.498304749E-1,3.555107117E-1,9.879455566E0,9.889006291E0
3.767953575E1,-2.468367004E-1,3.531156921E-1,9.845775604E0,9.855197426E0
3.768956775E1,-2.424957275E-1,3.582051086E-1,9.830357666E0,9.839870269E0
3.769959875E1,-2.293231201E-1,3.559597778E-1,9.814191284E0,9.823321588E0
3.770963075E1,-2.236349487E-1,3.743714905E-1,9.872120819E0,9.881747622E0
3.771966175E1,-1.622625732E-1,3.474275208E-1,1.002390518E1,1.003123672E1
3.772969275E1,-1.284329224E-1,3.526666260E-1,9.926906891E0,9.933999657E0
3.773972475E1,-2.022294617E-1,3.610491943E-1,9.739346924E0,9.748134785E0
3.774975575E1,-2.887495422E-1,3.565585327E-1,9.724527740E0,9.735345400E0
3.775978775E1,-2.826123047E-1,3.499722290E-1,9.782906342E0,9.793242914E0
3.776981875E1,-2.556683350E-1,3.481759644E-1,9.888885956E0,9.898315930E0
3.777985075E1,-2.427951050E-1,3.481759644E-1,9.941426697E0,9.950484447E0
3.778988175E1,-1.956431580E-1,3.510200500E-1,9.858349457E0,9.866536643E0
3.779991275E1,-2.032772827E-1,3.995191956E-1,9.777517548E0,9.787787627E0
3.780994404E1,-2.359094238E-1,4.340972900E-1,9.776918793E0,9.789393995E0
3.781997504E1,-2.508782959E-1,4.520599365E-1,9.802066498E0,9.815691811E0
3.783000704E1,-2.571652222E-1,4.656816101E-1,9.844578094E0,9.858940672E0
3.784003804E1,-2.278262329E-1,4.453239441E-1,9.867031403E0,9.879702774E0
3.785007004E1,-2.128573608E-1,4.456233215E-1,9.863887939E0,9.876242893E0
3.786010104E1,-1.875599670E-1,4.248165894E-1,9.891580353E0,9.902474931E0
3.787013304E1,-1.880090332E-1,3.860472107E-1,9.913285217E0,9.922580493E0
3.788016404E1,-1.751358032E-1,3.637435913E-1,9.946516113E0,9.954705658E0
3.789019504E1,-2.022294617E-1,3.276686096E-1,9.914632416E0,9.922106602E0
3.790022704E1,-2.082170105E-1,3.195854187E-1,9.868827667E0,9.876196064E0
3.791025804E1,-2.329156494E-1,3.326083374E-1,9.813442841E0,9.821839868E0
3.792029004E1,-2.424957275E-1,3.484753418E-1,9.775421906E0,9.784636563E0
3.793032104E1,-2.495310974E-1,3.597019958E-1,9.774224396E0,9.784023397E0
3.794035304E1,-2.377056885E-1,3.652404785E-1,9.786947937E0,9.796645065E0
3.795038404E1,-2.206411743E-1,3.510200500E-1,9.806257782E0,9.815018558E0
3.796041504E1,-1.889071655E-1,3.519181824E-1,9.843380585E0,9.851480785E0
3.797044704E1,-1.718426514E-1,3.547622681E-1,9.852810974E0,9.860693193E0
3.798047804E1,-1.812730408E-1,3.481759644E-1,9.881850586E0,9.889643948E0
3.799051004E1,-1.913021851E-1,3.502716064E-1,9.875563660E0,9.883625060E0
3.800054104E1,-1.993853760E-1,3.722758484E-1,9.864187317E0,9.873223144E0
3.801057304E1,-2.245330811E-1,4.056564331E-1,9.841434631E0,9.852350372E0
3.802060404E1,-2.386038208E-1,4.236190796E-1,9.839488678E0,9.851493407E0
3.803063604E1,-1.986369324E-1,4.270619202E-1,9.824968872E0,9.836251921E0
3.804066704E1,-1.848655701E-1,4.132905579E-1,9.797575836E0,9.808031231E0
3.805069804E1,-1.984872437E-1,4.058061218E-1,9.797875214E0,9.808283973E0
3.806073004E1,-1.951940918E-1,3.993695068E-1,9.845176849E0,9.855206945E0
3.807076104E1,-1.927990723E-1,3.842509460E-1,9.910441132E0,9.919761272E0
3.808079304E1,-2.031275940E-1,4.044589233E-1,9.927206268E0,9.937518409E0
3.809082404E1,-1.998344421E-1,4.110452271E-1,9.909542999E0,9.920077340E0
3.810085604E1,-1.960922241E-1,4.086502075E-1,9.859996033E0,9.870408751E0
3.811088704E1,-1.902543640E-1,4.209246826E-1,9.852810974E0,9.863633124E0
3.812091804E1,-1.845661926E-1,4.004173279E-1,9.853559418E0,9.863418876E0
3.813095004E1,-2.112107849E-1,4.101470947E-1,9.857601013E0,9.868390364E0
3.814098104E1,-1.932481384E-1,3.887416077E-1,9.852810974E0,9.862370353E0
3.815101304E1,-1.865121460E-1,3.778143311E-1,9.853858795E0,9.862862850E0
3.816104404E1,-1.992356873E-1,3.652404785E-1,9.842482452E0,9.851271811E0
3.817107604E1,-1.883084106E-1,3.538641357E-1,9.844578094E0,9.852735546E0
3.818110704E1,-1.959425354E-1,3.484753418E-1,9.839638367E0,9.847756685E0
3.819113904E1,-2.091151428E-1,3.273692322E-1,9.829309845E0,9.836982860E0
3.820117004E1,-2.157014465E-1,3.242257690E-1,9.823022919E0,9.830738971E0
3.821120104E1,-2.133064270E-1,3.284170532E-1,9.813143463E0,9.820954232E0
3.822123304E1,-1.806742859E-1,3.239263916E-1,9.832153931E0,9.839147444E0
3.823126404E1,-1.932481384E-1,3.444337463E-1,9.841434631E0,9.849356073E0
3.824129604E1,-1.824705505E-1,3.517684937E-1,9.833650818E0,9.841632232E0
3.825132704E1,-1.990859985E-1,3.623963928E-1,9.828860779E0,9.837554096E0
3.826135904E1,-1.984872437E-1,3.713777161E-1,9.843679962E0,9.852682568E0
3.827139004E1,-1.981878662E-1,3.838018799E-1,9.855804749E0,9.865265813E0
3.828142104E1,-2.109114075E-1,3.912863159E-1,9.846673737E0,9.856701897E0
3.829145304E1,-2.037263489E-1,3.802093506E-1,9.856403503E0,9.865837704E0
3.830148404E1,-2.151026917E-1,3.963757324E-1,9.845925293E0,9.856248159E0
3.831151604E1,-1.907034302E-1,3.983216858E-1,9.832752686E0,9.842664951E0
3.832154704E1,-1.862127686E-1,4.200265503E-1,9.843380585E0,9.854097566E0
3.833157904E1,-1.790277100E-1,4.137396240E-1,9.858199768E0,9.868502119E0
3.834161004E1,-1.740879822E-1,4.126918030E-1,9.886191559E0,9.896332891E0
3.835164204E1,-1.818717957E-1,3.969744873E-1,9.879156189E0,9.888801399E0
3.836167304E1,-1.938468933E-1,3.917353821E-1,9.864187317E0,9.873865740E0
3.837170404E1,-2.179467773E-1,3.767665100E-1,9.847422180E0,9.857036948E0
3.838173604E1,-2.242337036E-1,3.730242920E-1,9.855804749E0,9.865410033E0
3.839176704E1,-2.082170105E-1,3.751199341E-1,9.901160431E0,9.910451411E0
3.840179904E1,-1.839674377E-1,3.821553040E-1,9.918224945E0,9.927289295E0
3.841183004E1,-1.669029236E-1,3.987707520E-1,9.927056580E0,9.936464514E0
3.842186204E1,-1.490899658E-1,4.137396240E-1,9.924811249E0,9.934550147E0
3.843189304E1,-1.148112488E-1,4.135899353E-1,9.889335022E0,9.898645636E0
3.844192404E1,-1.393601990E-1,4.198768616E-1,9.864786072E0,9.874701114E0
3.845195604E1,-1.381626892E-1,4.079017639E-1,9.853559418E0,9.862966388E0
3.846198704E1,-1.460961914E-1,4.191284180E-1,9.822573853E0,9.832597308E0
3.847201904E1,-1.580712891E-1,4.204756165E-1,9.796827393E0,9.807120537E0
3.848205004E1,-1.773811340E-1,3.945794678E-1,9.774074707E0,9.783644178E0
3.849208204E1,-1.950444031E-1,3.858975220E-1,9.794731750E0,9.804270971E0
3.850211304E1,-1.661544800E-1,3.772155762E-1,9.837542725E0,9.846174169E0
3.851214504E1,-1.278341675E-1,3.764671326E-1,9.977501678E0,9.985419812E0
3.852217604E1,-6.406677246E-2,3.637435913E-1,9.961035919E0,9.967880945E0
3.853220704E1,-8.187973022E-2,3.860472107E-1,9.759854279E0,9.767829456E0
3.854223904E1,-1.384620667E-1,4.023632813E-1,9.689799957E0,9.699138682E0
3.855227004E1,-1.561253357E-1,4.071533203E-1,9.726773071E0,9.736542678E0
3.856230204E1,-1.501377869E-1,3.821553040E-1,9.826316071E0,9.834890520E0
3.857233304E1,-1.294807434E-1,3.727249146E-1,9.897418213E0,9.905280229E0
3.858236504E1,-1.100212097E-1,3.826043701E-1,9.882149963E0,9.890165755E0
3.859239604E1,-1.031355286E-1,4.240681458E-1,9.778715057E0,9.788449259E0
3.860242704E1,-1.318757629E-1,4.549040222E-1,9.753567352E0,9.765060419E0
3.861245904E1,-1.489402771E-1,4.608915710E-1,9.794731750E0,9.806700480E0
3.862249004E1,-1.173559570E-1,4.887336731E-1,9.846823425E0,9.859643228E0
3.863252204E1,-8.068222046E-2,4.987628174E-1,9.876312103E0,9.889227206E0
3.864255304E1,-6.586303711E-2,5.071453857E-1,9.873617706E0,9.886852937E0
3.865258504E1,-7.903564453E-2,4.803511047E-1,9.868228912E0,9.880229030E0
3.866261604E1,-9.131011963E-2,4.511618042E-1,9.887389069E0,9.898098156E0
3.867264804E1,-1.131646729E-1,3.980223083E-1,9.896520081E0,9.905167223E0
3.868267904E1,-1.324745178E-1,3.662882996E-1,9.900112610E0,9.907772015E0
3.869271004E1,-1.300794983E-1,3.776646423E-1,9.877509613E0,9.885582806E0
3.870274204E1,-1.288819885E-1,3.861968994E-1,9.863438873E0,9.871837976E0
3.871277304E1,-1.258882141E-1,4.095483398E-1,9.829010468E0,9.838344599E0
3.872280504E1,-1.160087585E-1,4.233197021E-1,9.809550934E0,9.819365923E0
3.873283604E1,-1.124162292E-1,4.197271729E-1,9.802515564E0,9.812141443E0
3.874286804E1,-9.789642334E-2,4.237687683E-1,9.801318054E0,9.810963219E0
3.875289904E1,-9.011260986E-2,3.969744873E-1,9.808952179E0,9.817395371E0
3.876293004E1,-8.562194824E-2,3.796105957E-1,9.815987549E0,9.823698228E0
3.877296204E1,-8.996292114E-2,3.839515686E-1,9.866881714E0,9.874759080E0
3.878299304E1,-1.002914429E-1,3.869453430E-1,9.876611481E0,9.884697234E0
3.879302504E1,-1.182540894E-1,4.120930481E-1,9.887688446E0,9.896978706E0
3.880305604E1,-1.338217163E-1,4.200265503E-1,9.843979340E0,9.853844924E0
3.881308804E1,-1.294807434E-1,4.601431274E-1,9.839638367E0,9.851242569E0
3.882311904E1,-1.242416382E-1,4.852908325E-1,9.817035370E0,9.829808067E0
3.883315104E1,-9.295669556E-2,4.752616882E-1,9.791588287E0,9.803556284E0
3.884318204E1,-8.607101440E-2,4.513114929E-1,9.789792023E0,9.800567235E0
3.885321304E1,-1.152603149E-1,4.079017639E-1,9.800569611E0,9.809731570E0
3.886324504E1,-1.293310547E-1,3.963757324E-1,9.842632141E0,9.851459166E0
3.887327604E1,-1.200503540E-1,3.852987671E-1,9.895023193E0,9.903249529E0
3.888330804E1,-1.179547119E-1,4.008663940E-1,9.917476501E0,9.926275603E0
3.889333904E1,-1.026864624E-1,4.230203247E-1,9.912387085E0,9.921940759E0
3.890337104E1,-8.427474976E-2,4.444258118E-1,9.872869263E0,9.883226397E0
3.891340204E1,-7.679031372E-2,4.581971741E-1,9.837692413E0,9.848656427E0
3.892343404E1,-7.649093628E-2,4.617897034E-1,9.844278717E0,9.855400756E0
3.893346504E1,-8.816665649E-2,4.652325439E-1,9.826615448E0,9.838017374E0
3.894349604E1,-1.095721436E-1,4.384382629E-1,9.853709106E0,9.864066977E0
3.895352804E1,-1.221459961E-1,4.155358887E-1,9.853260040E0,9.862774617E0
3.896355904E1,-1.341210938E-1,3.811074829E-1,9.850415955E0,9.858697980E0
3.897359104E1,-1.483415222E-1,3.824546814E-1,9.854457550E0,9.862991960E0
3.898362204E1,-1.345701599E-1,3.770658875E-1,9.861941986E0,9.870065225E0
3.899365404E1,-1.279838562E-1,3.626957703E-1,9.844129028E0,9.851639682E0
3.900368504E1,-1.263372803E-1,3.706292725E-1,9.821675720E0,9.829478171E0
3.901371604E1,-1.184037781E-1,3.617976379E-1,9.830357666E0,9.837725795E0
3.902374804E1,-9.550140381E-2,3.827540588E-1,9.839638367E0,9.847543063E0
3.903377904E1,-9.565109253E-2,3.920347595E-1,9.834399261E0,9.842674902E0
3.904381104E1,-1.040336609E-1,3.978726196E-1,9.825268250E0,9.833871150E0
3.905384204E1,-1.034349060E-1,4.150868225E-1,9.837243347E0,9.846540129E0
3.906387404E1,-1.107696533E-1,4.114942932E-1,9.843829651E0,9.853049257E0
3.907390504E1,-1.285826111E-1,4.224215698E-1,9.864337006E0,9.874214806E0
3.908393704E1,-1.402583313E-1,4.132905579E-1,9.856553192E0,9.866211143E0
3.909396804E1,-1.155596924E-1,4.239184570E-1,9.854457550E0,9.864248299E0
3.910399904E1,-1.137634277E-1,4.412823486E-1,9.846973114E0,9.857512452E0
3.911403104E1,-1.065783691E-1,4.453239441E-1,9.855056305E0,9.865688376E0
3.912406204E1,-1.191522217E-1,4.194277954E-1,9.858499146E0,9.868136720E0
3.913409404E1,-1.296304321E-1,4.201762390E-1,9.847122803E0,9.856935610E0
3.914412504E1,-1.124162292E-1,4.128414917E-1,9.867031403E0,9.876304177E0
3.915415704E1,-1.249900818E-1,4.314028931E-1,9.885443115E0,9.895641291E0
3.916418804E1,-1.210981750E-1,4.252656555E-1,9.878258057E0,9.888149366E0
3.917421904E1,-1.127156067E-1,4.179309082E-1,9.841883698E0,9.851398163E0
3.918425104E1,-1.058299255E-1,4.200265503E-1,9.811945953E0,9.821502210E0
3.919428204E1,-9.894424438E-2,4.146377563E-1,9.804760895E0,9.814023163E0
3.920431404E1,-1.209484863E-1,4.125421143E-1,9.815987549E0,9.825397249E0
3.921434504E1,-1.294807434E-1,3.818559265E-1,9.860894165E0,9.869134356E0
3.922437704E1,-1.324745178E-1,3.713777161E-1,9.893077240E0,9.900931683E0
3.923440804E1,-1.196012878E-1,3.879931641E-1,9.876761169E0,9.885102648E0
3.924444004E1,-1.193019104E-1,3.923341370E-1,9.810299377E0,9.818866172E0
3.925447104E1,-1.297801208E-1,3.932322693E-1,9.804760895E0,9.813501450E0
3.926450204E1,-1.216969299E-1,3.841012573E-1,9.815239105E0,9.823505617E0
3.927453404E1,-8.756790161E-2,3.727249146E-1,9.951156464E0,9.958519316E0
3.928456504E1,-3.817062378E-2,3.588038635E-1,1.005444168E1,1.006091421E1
3.929459704E1,-5.134323120E-2,3.769161987E-1,9.899962921E0,9.907268432E0
3.930462804E1,-1.624122620E-1,3.900888062E-1,9.707912292E0,9.717103895E0
3.931466004E1,-2.014810181E-1,3.844006348E-1,9.719737701E0,9.729422359E0
3.932469104E1,-1.797761536E-1,3.845503235E-1,9.815089417E0,9.824264790E0
3.933472304E1,-1.395098877E-1,3.854484558E-1,9.950707397E0,9.959147114E0
3.934475404E1,-9.086105347E-2,4.155358887E-1,9.957892456E0,9.966972859E0
3.935478504E1,-6.511459351E-2,4.185296631E-1,9.879156189E0,9.888232097E0
3.936481704E1,-1.037342834E-1,4.388873291E-1,9.827812958E0,9.838154828E0
3.937484804E1,-1.441502380E-1,4.523593140E-1,9.815239105E0,9.826714961E0
3.938488004E1,-1.546284485E-1,4.387376404E-1,9.831405487E0,9.842404916E0
3.939491104E1,-1.648072815E-1,4.593946838E-1,9.830058289E0,9.842166981E0
3.940494304E1,-1.534309387E-1,4.695735168E-1,9.833950195E0,9.846350430E0
3.941497404E1,-1.309776306E-1,4.948709106E-1,9.818083191E0,9.831419526E0
3.942500504E1,-1.368154907E-1,4.825964355E-1,9.837991791E0,9.850771557E0
3.943503704E1,-1.287322998E-1,4.571493530E-1,9.852661285E0,9.864101172E0
3.944506804E1,-1.390608215E-1,4.170327759E-1,9.843829651E0,9.853640771E0
3.945510004E1,-1.342707825E-1,3.811074829E-1,9.817933502E0,9.826244950E0
3.946513104E1,-1.270857239E-1,3.650907898E-1,9.812395020E0,9.820007031E0
3.947516304E1,-1.323248291E-1,3.839515686E-1,9.814640350E0,9.823038933E0
3.948519404E1,-1.451980591E-1,3.646417236E-1,9.792935486E0,9.800797493E0
3.949522604E1,-1.574725342E-1,3.764671326E-1,9.769584045E0,9.778102961E0
3.950525704E1,-1.299298096E-1,3.767665100E-1,9.778116302E0,9.786234883E0
3.951528804E1,-1.270857239E-1,3.761677551E-1,9.780810699E0,9.788866681E0
3.952532004E1,-1.082249451E-1,3.583547974E-1,9.818083191E0,9.825216962E0
3.953535104E1,-1.133143616E-1,3.607498169E-1,9.867480469E0,9.874722851E0
3.954538304E1,-1.278341675E-1,3.623963928E-1,9.886041870E0,9.893507799E0
3.955541404E1,-1.080752563E-1,3.728746033E-1,9.912985840E0,9.920584861E0
3.956544604E1,-1.079255676E-1,3.935316467E-1,9.919123077E0,9.927513168E0
3.957547704E1,-1.234931946E-1,4.270619202E-1,9.883646851E0,9.893639751E0
3.958550904E1,-1.294807434E-1,4.670288086E-1,9.885143738E0,9.897017121E0
3.959554004E1,-1.386117554E-1,4.884342957E-1,9.855804749E0,9.868873721E0
3.960557104E1,-1.306782532E-1,4.888833618E-1,9.786947937E0,9.800022126E0
3.961560304E1,-1.169068909E-1,4.858895874E-1,9.779463501E0,9.792224583E0
3.962563404E1,-1.142124939E-1,4.556524658E-1,9.805659027E0,9.816904432E0
3.963566604E1,-1.109193420E-1,4.399351501E-1,9.827663269E0,9.838130481E0
3.964569704E1,-1.121168518E-1,4.463717651E-1,9.867779846E0,9.878506822E0
3.965572904E1,-1.422042847E-1,4.442761230E-1,9.876611481E0,9.887621437E0
3.966576004E1,-1.603166199E-1,4.558021545E-1,9.872420197E0,9.884236822E0
3.967579104E1,-1.465452576E-1,4.601431274E-1,9.870623932E0,9.882430066E0
3.968582304E1,-1.305285645E-1,4.755610657E-1,9.884245605E0,9.896540164E0
3.969585404E1,-1.062789917E-1,5.077441406E-1,9.900262299E0,9.913843499E0
3.970588604E1,-1.092727661E-1,5.002597046E-1,9.880802765E0,9.894062037E0
3.971591704E1,-1.146615601E-1,4.854405212E-1,9.873468018E0,9.886059400E0
3.972594904E1,-1.143621826E-1,4.653822327E-1,9.877958679E0,9.889576685E0
3.973598004E1,-1.416055298E-1,4.308041382E-1,9.857750702E0,9.868175780E0
3.974601204E1,-1.490899658E-1,3.894900513E-1,9.852062531E0,9.860885681E0
3.975604304E1,-1.571731567E-1,3.676354980E-1,9.847721558E0,9.855834776E0
3.976607404E1,-1.731898499E-1,3.288661194E-1,9.832004242E0,9.839027140E0
3.977610604E1,-1.646575928E-1,3.312611389E-1,9.822274475E0,9.829238115E0
3.978613704E1,-1.490899658E-1,3.258723450E-1,9.821675720E0,9.828211157E0
3.979616904E1,-1.381626892E-1,3.353027344E-1,9.804012451E0,9.810717456E0
3.980620004E1,-1.392105103E-1,3.591032410E-1,9.785750427E0,9.793326612E0
3.981623300E1,-1.454974365E-1,3.752696228E-1,9.782756653E0,9.791032863E0
3.982626400E1,-1.368154907E-1,3.915856934E-1,9.817634125E0,9.826392911E0
3.983629600E1,-1.404080200E-1,4.180805969E-1,9.850266266E0,9.860134447E0
3.984632700E1,-1.264869690E-1,4.282594299E-1,9.852661285E0,9.862775446E0
3.985635800E1,-1.339714050E-1,4.354444885E-1,9.835147705E0,9.845694014E0
3.986639000E1,-1.451980591E-1,4.546046448E-1,9.839937744E0,9.851503574E0
3.987642100E1,-1.448986816E-1,4.724176025E-1,9.853409729E0,9.865792280E0
3.988645300E1,-1.630110168E-1,4.496649170E-1,9.855804749E0,9.867403831E0
3.989648400E1,-1.856140137E-1,4.664300537E-1,9.859247589E0,9.872019681E0
3.990651600E1,-1.651066589E-1,4.607418823E-1,9.873617706E0,9.885740736E0
3.991654700E1,-1.472937012E-1,4.796026611E-1,9.884095917E0,9.896821017E0
3.992657900E1,-1.221459961E-1,5.084925842E-1,9.909393311E0,9.923182964E0
3.993661000E1,-1.062789917E-1,5.066963196E-1,9.885443115E0,9.898990957E0
3.994664100E1,-1.121168518E-1,4.975653076E-1,9.845476227E0,9.858678591E0
3.995667300E1,-1.260379028E-1,4.825964355E-1,9.799072723E0,9.811758818E0
3.996670400E1,-1.435514832E-1,4.619393921E-1,9.786199493E0,9.798147557E0
3.997673600E1,-1.592687988E-1,4.391867065E-1,9.829160156E0,9.840256139E0
3.998676700E1,-1.595681763E-1,4.155358887E-1,9.866582336E0,9.876617796E0
3.999679900E1,-1.513352966E-1,4.064048767E-1,9.877359924E0,9.886875460E0
4.000683000E1,-1.532812500E-1,4.010160828E-1,9.789642334E0,9.799051284E0
4.001686100E1,-1.633103943E-1,3.993695068E-1,9.766739960E0,9.776265940E0
4.002689300E1,-1.484912109E-1,3.811074829E-1,9.898016968E0,9.906464175E0
4.003692400E1,-9.415420532E-2,4.001179504E-1,1.006566833E1,1.007405769E1
4.004695600E1,-6.661148071E-2,3.995191956E-1,1.003692810E1,1.004509723E1
4.005698700E1,-1.116677856E-1,4.269122314E-1,9.811347198E0,9.821265580E0
4.006701900E1,-1.953437805E-1,4.367916870E-1,9.619595947E0,9.631488585E0
4.007705000E1,-2.327659607E-1,4.019142151E-1,9.628577271E0,9.639772574E0
4.008708200E1,-2.056723022E-1,3.847000122E-1,9.783654785E0,9.793375115E0
4.009711300E1,-1.517843628E-1,3.824546814E-1,9.935139771E0,9.943656889E0
4.010714400E1,-1.089733887E-1,3.849993896E-1,9.972561951E0,9.980585734E0
4.011717600E1,-7.888595581E-2,4.170327759E-1,9.904453583E0,9.913543267E0
4.012720700E1,-1.076261902E-1,4.680766296E-1,9.830507355E0,9.842233181E0
4.013723900E1,-1.478924561E-1,4.879852295E-1,9.821526031E0,9.834753446E0
4.014727000E1,-1.875599670E-1,5.105882263E-1,9.841135254E0,9.856156561E0
4.015730200E1,-1.996847534E-1,5.132826233E-1,9.870773621E0,9.886126892E0
4.016733300E1,-1.746867371E-1,5.370831299E-1,9.886041870E0,9.902161259E0
4.017736500E1,-1.417552185E-1,5.490582275E-1,9.887538757E0,9.903786254E0
4.018739600E1,-1.110690308E-1,5.487588501E-1,9.874216461E0,9.890077013E0
4.019742700E1,-1.272354126E-1,5.014572144E-1,9.896819458E0,9.910332163E0
4.020745900E1,-1.269360352E-1,4.619393921E-1,9.879455566E0,9.891063798E0
4.021749000E1,-1.354682922E-1,4.300556946E-1,9.863738251E0,9.874038274E0
4.022752200E1,-1.594184875E-1,4.239184570E-1,9.835147705E0,9.845570146E0
4.023755300E1,-1.583706665E-1,3.963757324E-1,9.817634125E0,9.826908710E0
4.024758500E1,-1.745370483E-1,4.011657715E-1,9.821226654E0,9.830965881E0
4.025761600E1,-1.535806274E-1,3.995191956E-1,9.821675720E0,9.830997739E0
4.026764800E1,-1.431024170E-1,4.002676392E-1,9.816286926E0,9.825486324E0
4.027767900E1,-1.437011719E-1,4.087998962E-1,9.818532257E0,9.828089492E0
4.028771000E1,-1.300794983E-1,4.141886902E-1,9.819430389E0,9.829022643E0
4.029774200E1,-1.426533508E-1,4.140390015E-1,9.806257782E0,9.816031273E0
4.030777300E1,-1.437011719E-1,4.237687683E-1,9.841734009E0,9.851901253E0
4.031780500E1,-1.528321838E-1,4.309538269E-1,9.885443115E0,9.896012554E0
4.032783600E1,-1.654060364E-1,4.571493530E-1,9.880802765E0,9.892755327E0
4.033786800E1,-1.779798889E-1,4.852908325E-1,9.824819183E0,9.838407189E0
4.034789900E1,-1.998344421E-1,5.059478760E-1,9.824070740E0,9.839120030E0
4.035793000E1,-1.950444031E-1,5.162763977E-1,9.812544708E0,9.828052569E0
4.036796200E1,-1.648072815E-1,5.051994324E-1,9.822424164E0,9.836788315E0
4.037799300E1,-1.287322998E-1,4.899311829E-1,9.861343231E0,9.874345289E0
4.038802500E1,-9.639953613E-2,4.839436340E-1,9.867181091E0,9.879511982E0
4.039805600E1,-1.146615601E-1,4.561015320E-1,9.875863037E0,9.887054496E0
4.040808800E1,-1.273851013E-1,4.567002869E-1,9.856553192E0,9.867950291E0
4.041811900E1,-1.463955688E-1,4.552033997E-1,9.838440857E0,9.850053822E0
4.042815100E1,-1.748364258E-1,4.604425049E-1,9.868827667E0,9.881109988E0
4.043818200E1,-1.740879822E-1,4.653822327E-1,9.869127045E0,9.881627187E0
4.044821300E1,-1.769320679E-1,4.695735168E-1,9.878108368E0,9.890845726E0
4.045824500E1,-1.646575928E-1,4.831951904E-1,9.851164398E0,9.864381872E0
4.046827600E1,-1.585203552E-1,4.957690430E-1,9.833501129E0,9.847266631E0
4.047830800E1,-1.375639343E-1,4.936734009E-1,9.830058289E0,9.843408110E0
4.048833900E1,-1.392105103E-1,4.734654236E-1,9.838740234E0,9.851109505E0
4.049837100E1,-1.311273193E-1,4.577481079E-1,9.852511597E0,9.864010973E0
4.050840200E1,-1.420545959E-1,4.290078735E-1,9.856104126E0,9.866459132E0
4.051843400E1,-1.511856079E-1,4.219725037E-1,9.851314087E0,9.861506331E0
4.052846500E1,-1.519340515E-1,4.113446045E-1,9.843829651E0,9.853591758E0
4.053849600E1,-1.651066589E-1,4.086502075E-1,9.848170624E0,9.858028192E0
4.054852800E1,-1.664538574E-1,4.162843323E-1,9.842183075E0,9.852388909E0
4.055855900E1,-1.645079041E-1,4.218228149E-1,9.833201752E0,9.843619966E0
4.056859100E1,-1.576222229E-1,4.252656555E-1,9.810748444E0,9.821226027E0
4.057862200E1,-1.549278259E-1,4.346960449E-1,9.800270233E0,9.811129391E0
4.058865400E1,-1.689985657E-1,4.456233215E-1,9.806407471E0,9.817981877E0
4.059868500E1,-1.628613281E-1,4.552033997E-1,9.831255798E0,9.843135909E0
4.060871700E1,-1.672023010E-1,4.441264343E-1,9.867779846E0,9.879184379E0
4.061874800E1,-1.544787598E-1,4.596940613E-1,9.877359924E0,9.889257879E0
4.062877900E1,-1.630110168E-1,4.686753845E-1,9.873617706E0,9.886078890E0
4.063881100E1,-1.550775146E-1,4.724176025E-1,9.870174866E0,9.882690894E0
4.064884200E1,-1.802252197E-1,4.674778748E-1,9.846074982E0,9.858813785E0
4.065887400E1,-1.960922241E-1,4.785548401E-1,9.830657043E0,9.844251358E0
4.066890500E1,-2.049238586E-1,4.751119995E-1,9.821376343E0,9.834996618E0
4.067893700E1,-1.963916016E-1,4.677772522E-1,9.865085449E0,9.878122096E0
4.068896800E1,-1.628613281E-1,4.920268250E-1,9.888436890E0,9.902009813E0
4.069900000E1,-1.425036621E-1,5.050497437E-1,9.861043854E0,9.874997135E0
4.070903100E1,-1.495390320E-1,5.081932068E-1,9.802964630E0,9.817267328E0
4.071906200E1,-1.609153748E-1,4.810995483E-1,9.777966614E0,9.791117486E0
4.072909400E1,-1.820214844E-1,4.731660461E-1,9.795330505E0,9.808441142E0
4.073912500E1,-1.749861145E-1,4.583468628E-1,9.852960663E0,9.865167804E0
4.074915700E1,-1.745370483E-1,4.430786133E-1,9.896520081E0,9.907971111E0
4.075918800E1,-1.728904724E-1,4.343966675E-1,9.854008484E0,9.865093754E0
4.076922000E1,-1.731898499E-1,4.450245667E-1,9.770182800E0,9.781846121E0
4.077925100E1,-1.939965820E-1,4.317022705E-1,9.818831635E0,9.830231747E0
4.078928200E1,-1.475930786E-1,4.375401306E-1,9.961335297E0,9.972032189E0
4.079931400E1,-1.010398865E-1,4.459226990E-1,1.008961853E1,1.009997318E1
4.080934500E1,-9.041198730E-2,4.742138672E-1,9.972112885E0,9.983791289E0
4.081937625E1,-1.718426514E-1,4.867877197E-1,9.710756378E0,9.724468192E0
4.082940725E1,-2.463876343E-1,4.894821167E-1,9.595945129E0,9.611579607E0
4.083943925E1,-2.293231201E-1,4.584965515E-1,9.696236572E0,9.709779186E0
4.084947025E1,-1.939965820E-1,4.315525818E-1,9.853260040E0,9.864613815E0
4.085950225E1,-1.390608215E-1,4.135899353E-1,9.974807281E0,9.984346491E0
4.086953325E1,-1.040336609E-1,4.147874451E-1,9.955347748E0,9.964528108E0
4.087956425E1,-8.442443848E-2,4.423301697E-1,9.856253815E0,9.866535498E0
4.088959625E1,-1.356179810E-1,4.813989258E-1,9.818981323E0,9.831710502E0
4.089962725E1,-1.749861145E-1,5.022056580E-1,9.829309845E0,9.843686438E0
4.090965925E1,-2.029779053E-1,5.225633240E-1,9.876312103E0,9.892209724E0
4.091969025E1,-2.119592285E-1,5.357359314E-1,9.873018951E0,9.889815110E0
4.092972225E1,-1.875599670E-1,5.619314575E-1,9.851314087E0,9.869110139E0
4.093975325E1,-1.505868530E-1,5.623805237E-1,9.847721558E0,9.864916022E0
4.094978525E1,-1.435514832E-1,5.375321960E-1,9.844278717E0,9.859988405E0
4.095981625E1,-1.597178650E-1,5.072950745E-1,9.859397278E0,9.873731451E0
4.096984725E1,-1.615141296E-1,4.650828552E-1,9.882299652E0,9.894555841E0
4.097987925E1,-1.704954529E-1,4.342469788E-1,9.865833893E0,9.876857675E0
4.098991025E1,-1.875599670E-1,4.272116089E-1,9.851763153E0,9.862805165E0
4.099994225E1,-1.817221069E-1,4.233197021E-1,9.844278717E0,9.855051799E0
4.100997325E1,-2.017803955E-1,4.215234375E-1,9.828711090E0,9.839814990E0
4.102000525E1,-1.908531189E-1,4.324507141E-1,9.822424164E0,9.833791486E0
4.103003625E1,-1.886077881E-1,4.284091187E-1,9.826465759E0,9.837608276E0
4.104006825E1,-1.781295776E-1,4.345463562E-1,9.813742218E0,9.824973130E0
4.105009925E1,-1.576222229E-1,4.528083801E-1,9.809401245E0,9.821111596E0
4.106013025E1,-1.627116394E-1,4.478686523E-1,9.832453308E0,9.843993065E0
4.107016225E1,-1.634600830E-1,4.649331665E-1,9.860594788E0,9.872902897E0
4.108019325E1,-1.663041687E-1,4.760101318E-1,9.900411987E0,9.913243679E0
4.109022525E1,-1.754351807E-1,4.861889648E-1,9.840536499E0,9.854101471E0
4.110025625E1,-2.139051819E-1,4.984634399E-1,9.782457275E0,9.797483941E0
4.111028825E1,-2.270777893E-1,5.224136353E-1,9.795480194E0,9.812028973E0
4.112031925E1,-2.074685669E-1,5.243595886E-1,9.804461517E0,9.820665040E0
4.113035125E1,-1.666035461E-1,5.098397827E-1,9.864786072E0,9.879357144E0
4.114038225E1,-1.347198486E-1,4.918771362E-1,9.898166656E0,9.911296369E0
4.115041325E1,-1.288819885E-1,4.935237122E-1,9.866881714E0,9.880057236E0
4.116044525E1,-1.354682922E-1,4.861889648E-1,9.823471985E0,9.836428885E0
4.117047625E1,-1.669029236E-1,4.800517273E-1,9.837991791E0,9.851111040E0
4.118050825E1,-1.748364258E-1,4.743635559E-1,9.864187317E0,9.877134199E0
4.119053925E1,-1.948947144E-1,4.760101318E-1,9.879305878E0,9.892686906E0
4.120057125E1,-1.945953369E-1,4.808001709E-1,9.884245605E0,9.897845591E0
4.121060225E1,-1.800755310E-1,4.981640625E-1,9.884395294E0,9.898578936E0
4.122063425E1,-1.660047913E-1,5.113366699E-1,9.860145721E0,9.874790956E0
4.123066525E1,-1.625619507E-1,5.010081482E-1,9.836794281E0,9.850886116E0
4.124069625E1,-1.688488770E-1,4.703219604E-1,9.813293152E0,9.826008100E0
4.125072825E1,-1.546284485E-1,4.727169800E-1,9.837692413E0,9.850257018E0
4.126075925E1,-1.649569702E-1,4.384382629E-1,9.836494904E0,9.847642911E0
4.127079125E1,-1.648072815E-1,4.296066284E-1,9.834848328E0,9.845606377E0
4.128082225E1,-1.886077881E-1,4.391867065E-1,9.826914825E0,9.838532047E0
4.129085425E1,-1.880090332E-1,4.418811035E-1,9.824519806E0,9.836249068E0
4.130088525E1,-1.880090332E-1,4.665797424E-1,9.833650818E0,9.846508643E0
4.131091725E1,-1.854643250E-1,4.665797424E-1,9.809550934E0,9.822391928E0
4.132094825E1,-1.806742859E-1,4.755610657E-1,9.803413696E0,9.816604384E0
4.133097925E1,-1.743873596E-1,4.689747620E-1,9.800868988E0,9.813632416E0
4.134101125E1,-1.922003174E-1,4.513114929E-1,9.800719299E0,9.812987405E0
4.135104225E1,-1.863624573E-1,4.345463562E-1,9.829160156E0,9.840525945E0
4.136107425E1,-2.043251038E-1,4.442761230E-1,9.898765411E0,9.910836831E0
4.137110525E1,-2.052232361E-1,4.323010254E-1,9.935888214E0,9.947405459E0
4.138113725E1,-1.936972046E-1,4.409829712E-1,9.921368408E0,9.933052687E0
4.139116825E1,-1.854643250E-1,4.535568237E-1,9.875563660E0,9.887713002E0
4.140119925E1,-1.769320679E-1,4.583468628E-1,9.855355682E0,9.867594561E0
4.141123125E1,-1.878593445E-1,4.614903259E-1,9.864187317E0,9.876763431E0
4.142126225E1,-2.098635864E-1,4.547543335E-1,9.822124786E0,9.834885843E0
4.143129425E1,-2.246827698E-1,4.435276794E-1,9.779613190E0,9.792243527E0
4.144132525E1,-2.421963501E-1,4.528083801E-1,9.771380310E0,9.784864213E0
4.145135725E1,-2.263293457E-1,4.481680298E-1,9.807455292E0,9.820298308E0
4.146138825E1,-2.038760376E-1,4.703219604E-1,9.882149963E0,9.895436124E0
4.147142025E1,-1.892065430E-1,4.870870972E-1,9.900262299E0,9.914042896E0
4.148145125E1,-1.627116394E-1,4.816983032E-1,9.872719574E0,9.885802958E0
4.149148225E1,-1.734892273E-1,4.782554626E-1,9.849667511E0,9.862797619E0
4.150151425E1,-1.863624573E-1,4.571493530E-1,9.842033386E0,9.854407018E0
4.151154525E1,-1.939965820E-1,4.300556946E-1,9.893376617E0,9.904619300E0
4.152157725E1,-1.959425354E-1,4.083508301E-1,9.928852844E0,9.939178169E0
4.153160825E1,-2.083666992E-1,3.972738647E-1,9.890233154E0,9.900401762E0
4.154164025E1,-2.151026917E-1,3.845503235E-1,9.851463776E0,9.861312623E0
4.155167125E1,-2.230361938E-1,3.989204407E-1,9.864636383E0,9.875218156E0
4.156170325E1,-2.031275940E-1,3.966751099E-1,9.849667511E0,9.859744522E0
4.157173425E1,-1.749861145E-1,3.923341370E-1,9.961035919E0,9.970295021E0
4.158176525E1,-1.341210938E-1,3.918850708E-1,9.989327087E0,9.997910684E0
4.159179725E1,-1.552272034E-1,3.847000122E-1,9.838590546E0,9.847332304E0
4.160182825E1,-2.444416809E-1,3.694317627E-1,9.668843536E0,9.678985840E0
4.161186025E1,-2.812651062E-1,3.680845642E-1,9.683812408E0,9.694886233E0
4.162189125E1,-2.507286072E-1,3.674858093E-1,9.792187042E0,9.802287372E0
4.163192325E1,-2.116598511E-1,3.606001282E-1,9.906848602E0,9.915668488E0
4.164195425E1,-1.579216003E-1,3.764671326E-1,9.905202026E0,9.913611548E0
4.165198625E1,-1.562750244E-1,3.993695068E-1,9.843979340E0,9.853316555E0
4.166201725E1,-1.824705505E-1,4.436773682E-1,9.801018677E0,9.812752530E0
4.167204825E1,-2.198927307E-1,4.761598206E-1,9.831255798E0,9.845235983E0
4.168208025E1,-2.308200073E-1,4.986131287E-1,9.865085449E0,9.880374682E0
4.169211125E1,-2.386038208E-1,5.077441406E-1,9.877659302E0,9.893578179E0
4.170214325E1,-2.351609802E-1,4.980143738E-1,9.870324554E0,9.885677813E0
4.171217425E1,-1.984872437E-1,4.884342957E-1,9.872420197E0,9.886488041E0
4.172220625E1,-1.926493835E-1,4.483177185E-1,9.880503387E0,9.892545160E0
4.173223725E1,-1.884580994E-1,4.086502075E-1,9.906399536E0,9.916615512E0
4.174226925E1,-2.026785278E-1,3.824546814E-1,9.928403778E0,9.937834359E0
4.175230025E1,-1.950444031E-1,3.619473267E-1,9.912387085E0,9.920910538E0
4.176233125E1,-2.056723022E-1,3.511697388E-1,9.866881714E0,9.875270935E0
4.177236325E1,-2.158511353E-1,3.643423462E-1,9.828561401E0,9.837680432E0
4.178239425E1,-2.171983337E-1,3.706292725E-1,9.812395020E0,9.821793991E0
4.179242625E1,-2.240840149E-1,3.847000122E-1,9.788145447E0,9.798265103E0
4.180245725E1,-1.992356873E-1,3.826043701E-1,9.771829376E0,9.781346038E0
4.181248987E1,-1.862127686E-1,3.776646423E-1,9.795180817E0,9.804227303E0
4.182252087E1,-1.857637024E-1,3.787124634E-1,9.821825409E0,9.830879190E0
4.183255287E1,-1.954934692E-1,3.742218018E-1,9.851763153E0,9.860806097E0
4.184258387E1,-2.058219910E-1,3.685336304E-1,9.892927551E0,9.901928866E0
4.185261487E1,-2.134561157E-1,3.897894287E-1,9.907896423E0,9.917858178E0
4.186264687E1,-2.163002014E-1,4.053570557E-1,9.843979340E0,9.854695802E0
4.187267787E1,-2.251318359E-1,4.251159668E-1,9.810449066E0,9.822235937E0
4.188270988E1,-2.475851440E-1,4.559518433E-1,9.836494904E0,9.850168652E0
4.189274087E1,-2.270777893E-1,4.498146057E-1,9.830357666E0,9.843263145E0
4.190277287E1,-1.893562317E-1,4.349954224E-1,9.825867004E0,9.837313616E0
4.191280387E1,-1.649569702E-1,4.230203247E-1,9.836345215E0,9.846818988E0
4.192283587E1,-1.666035461E-1,3.845503235E-1,9.859546967E0,9.868449832E0
4.193286687E1,-1.730401611E-1,3.764671326E-1,9.884994049E0,9.893673623E0
4.194289787E1,-1.975891113E-1,3.932322693E-1,9.892628174E0,9.902412093E0
4.195292987E1,-2.091151428E-1,4.013154602E-1,9.904154205E0,9.914487065E0
4.196296087E1,-2.183958435E-1,4.010160828E-1,9.901310120E0,9.911833974E0
4.197299287E1,-2.207908630E-1,4.099974060E-1,9.862091675E0,9.873079493E0
4.198302387E1,-2.043251038E-1,4.273612976E-1,9.828561401E0,9.839969799E0
4.199305588E1,-1.954934692E-1,4.326004028E-1,9.836794281E0,9.848242611E0
4.200308687E1,-1.956431580E-1,4.375401306E-1,9.830657043E0,9.842333845E0
4.201311887E1,-1.814227295E-1,4.233197021E-1,9.846673737E0,9.857438686E0
4.202314987E1,-1.797761536E-1,4.025129700E-1,9.849966888E0,9.859826766E0
4.203318187E1,-2.019300842E-1,3.802093506E-1,9.832153931E0,9.841574357E0
4.204321287E1,-2.137554932E-1,3.647914124E-1,9.847871246E0,9.856943353E0
4.205324387E1,-2.219883728E-1,3.312611389E-1,9.835447083E0,9.843527421E0
4.206327587E1,-2.206411743E-1,3.221301270E-1,9.843979340E0,9.851719626E0
4.207330687E1,-2.176473999E-1,3.356021118E-1,9.833201752E0,9.841334049E0
4.208333887E1,-2.086660767E-1,3.426374817E-1,9.829908600E0,9.838091535E0
4.209336987E1,-2.115101624E-1,3.472778320E-1,9.812544708E0,9.820965945E0
4.210340187E1,-2.037263489E-1,3.354524231E-1,9.827962646E0,9.835795979E0
4.211343287E1,-2.118095398E-1,3.435356140E-1,9.825867004E0,9.834151839E0
4.212346487E1,-2.248324585E-1,3.472778320E-1,9.842632141E0,9.851322703E0
4.213349587E1,-2.173480225E-1,3.562591553E-1,9.836644592E0,9.845493263E0
4.214352688E1,-2.258802795E-1,3.631448364E-1,9.833501129E0,9.842796378E0
4.215355887E1,-2.079176331E-1,3.700305176E-1,9.850565643E0,9.859705666E0
4.216358987E1,-2.074685669E-1,3.817062378E-1,9.851613464E0,9.861188098E0
4.217362188E1,-2.067201233E-1,3.981719971E-1,9.844278717E0,9.854496314E0
4.218365287E1,-2.173480225E-1,4.058061218E-1,9.841284943E0,9.852045884E0
4.219368487E1,-2.118095398E-1,4.114942932E-1,9.857002258E0,9.867861184E0
4.220371587E1,-2.302212524E-1,4.099974060E-1,9.859247589E0,9.870454028E0
4.221374688E1,-2.148033142E-1,4.275109863E-1,9.867929535E0,9.879521214E0
4.222377887E1,-2.173480225E-1,4.373904419E-1,9.867480469E0,9.879560788E0
4.223380987E1,-2.154020691E-1,4.323010254E-1,9.848020935E0,9.859857938E0
4.224384187E1,-2.161505127E-1,4.333488464E-1,9.826166382E0,9.838092195E0
4.225387287E1,-2.052232361E-1,3.986210632E-1,9.837243347E0,9.847455103E0
4.226390487E1,-1.977388000E-1,3.885919189E-1,9.840237122E0,9.849891924E0
4.227393587E1,-1.975891113E-1,3.570075989E-1,9.842632141E0,9.851086404E0
4.228396788E1,-2.101629639E-1,3.477268982E-1,9.872869263E0,9.881226136E0
4.229399887E1,-2.097138977E-1,3.573069763E-1,9.851763153E0,9.860470852E0
4.230403087E1,-2.155517578E-1,3.519181824E-1,9.819430389E0,9.828098602E0
4.231406187E1,-2.224374390E-1,3.640429688E-1,9.816286926E0,9.825553151E0
4.232409288E1,-2.002835083E-1,3.468287659E-1,9.862540741E0,9.870669356E0
4.233412487E1,-1.564247131E-1,3.284170532E-1,1.003064117E1,1.003723512E1
4.234415587E1,-9.355545044E-2,3.204835510E-1,9.977202301E0,9.982786589E0
4.235418787E1,-1.505868530E-1,3.369493103E-1,9.778864746E0,9.785826841E0
4.236421887E1,-2.273771667E-1,3.442840576E-1,9.691745911E0,9.700524248E0
4.237425087E1,-2.703378296E-1,3.604504395E-1,9.712103577E0,9.722549200E0
4.238428187E1,-2.522254944E-1,3.585044861E-1,9.812245331E0,9.822031440E0
4.239431287E1,-2.195933533E-1,3.562591553E-1,9.905950470E0,9.914786762E0
4.240434487E1,-1.718426514E-1,3.535647583E-1,9.875863037E0,9.883683962E0
4.241437587E1,-1.582209778E-1,3.739224243E-1,9.807604980E0,9.816005670E0
4.242440787E1,-1.878593445E-1,4.004173279E-1,9.808203735E0,9.818171199E0
4.243443888E1,-2.230361938E-1,4.357438660E-1,9.854457550E0,9.866607901E0
4.244447087E1,-2.296224976E-1,4.626878357E-1,9.887838135E0,9.901320594E0
4.245450187E1,-2.195933533E-1,4.643344116E-1,9.899813232E0,9.913129159E0
4.246453387E1,-1.893562317E-1,4.757107544E-1,9.870474243E0,9.883745155E0
4.247456487E1,-1.866618347E-1,4.656816101E-1,9.856403503E0,9.869163694E0
4.248459687E1,-1.678010559E-1,4.149371338E-1,9.863738251E0,9.873887902E0
4.249462787E1,-2.059716797E-1,3.719764709E-1,9.903705139E0,9.912828371E0
4.250465887E1,-1.923500061E-1,3.359014893E-1,9.903256073E0,9.910817786E0
4.251469087E1,-2.023791504E-1,3.101550293E-1,9.882449341E0,9.889386151E0
4.252472187E1,-1.963916016E-1,3.323089600E-1,9.854457550E0,9.862014627E0
4.253475387E1,-2.020797729E-1,3.649411011E-1,9.829309845E0,9.838157870E0
4.254478488E1,-2.059716797E-1,3.763174438E-1,9.819280701E0,9.828647548E0
4.255481687E1,-1.968406677E-1,3.725752258E-1,9.788444824E0,9.797510430E0
4.256484787E1,-1.767823792E-1,3.727249146E-1,9.799222412E0,9.807901700E0
4.257487987E1,-1.631607056E-1,3.454815674E-1,9.824220428E0,9.831647164E0
4.258491087E1,-1.505868530E-1,3.418890381E-1,9.834548950E0,9.841642016E0
4.259494187E1,-1.543290710E-1,3.423381042E-1,9.856702881E0,9.863853432E0
4.260497387E1,-1.731898499E-1,3.318598938E-1,9.882748718E0,9.889835587E0
4.261500487E1,-1.791773987E-1,3.730242920E-1,9.896520081E0,9.905168417E0
4.262503687E1,-1.948947144E-1,4.179309082E-1,9.853858795E0,9.864643093E0
4.263506787E1,-2.139051819E-1,4.203259277E-1,9.844877472E0,9.856167701E0
4.264509987E1,-2.094145203E-1,4.478686523E-1,9.816586304E0,9.829028814E0
4.265513088E1,-1.920506287E-1,4.357438660E-1,9.799671478E0,9.811234236E0
4.266516287E1,-1.731898499E-1,4.177812195E-1,9.797725525E0,9.808157897E0
4.267519387E1,-1.871109009E-1,3.893403625E-1,9.824968872E0,9.834460318E0
4.268522487E1,-1.583706665E-1,3.731739807E-1,9.878856812E0,9.887171081E0
4.269525687E1,-1.672023010E-1,3.787124634E-1,9.904453583E0,9.913101458E0
4.270528787E1,-1.824705505E-1,3.769161987E-1,9.916278992E0,9.925117146E0
4.271531987E1,-1.781295776E-1,3.954776001E-1,9.873168640E0,9.882691520E0
4.272535088E1,-1.766326904E-1,4.186793518E-1,9.843679962E0,9.854162912E0
4.273538287E1,-1.621128845E-1,4.275109863E-1,9.830507355E0,9.841134136E0
4.274541387E1,-1.625619507E-1,4.293072510E-1,9.835896149E0,9.846602671E0
4.275544587E1,-1.752854919E-1,4.034111023E-1,9.849667511E0,9.859483536E0
4.276547687E1,-1.806742859E-1,3.870950317E-1,9.862989807E0,9.872236509E0
4.277550787E1,-1.784289551E-1,3.697311401E-1,9.849966888E0,9.858518434E0
4.278553987E1,-1.927990723E-1,3.626957703E-1,9.857151947E0,9.865706473E0
4.279557087E1,-1.951940918E-1,3.418890381E-1,9.852511597E0,9.860373908E0
4.280560287E1,-1.890568542E-1,3.314108276E-1,9.846673737E0,9.854063086E0
4.281563362E1,-2.020797729E-1,3.329077148E-1,9.852661285E0,9.860354871E0
4.282566562E1,-1.966909790E-1,3.354524231E-1,9.847721558E0,9.855396265E0
4.283569662E1,-1.883084106E-1,3.408412170E-1,9.833800507E0,9.841507262E0
4.284572862E1,-1.836680603E-1,3.420387268E-1,9.835297394E0,9.842956836E0
4.285575962E1,-1.806742859E-1,3.613485718E-1,9.817783813E0,9.826092560E0
4.286579062E1,-1.764830017E-1,3.549119568E-1,9.833501129E0,9.841486331E0
4.287582263E1,-1.718426514E-1,3.592529297E-1,9.861043854E0,9.869081946E0
4.288585362E1,-1.797761536E-1,3.600013733E-1,9.852361908E0,9.860575826E0
4.289588562E1,-1.929487610E-1,3.739224243E-1,9.854307861E0,9.863287009E0
4.290591662E1,-1.932481384E-1,3.776646423E-1,9.842033386E0,9.851172347E0
4.291594862E1,-1.978884888E-1,3.945794678E-1,9.842033386E0,9.851927425E0
4.292597962E1,-2.019300842E-1,3.829037476E-1,9.854756927E0,9.864259989E0
4.293601162E1,-1.886077881E-1,3.790118408E-1,9.840237122E0,9.849339545E0
4.294604263E1,-1.778302002E-1,3.983216858E-1,9.808203735E0,9.817899178E0
4.295607362E1,-1.848655701E-1,3.999682617E-1,9.837692413E0,9.847555123E0
4.296610562E1,-2.010319519E-1,3.948788452E-1,9.859247589E0,9.869199875E0
4.297613662E1,-1.893562317E-1,3.914360046E-1,9.873318329E0,9.882888887E0
4.298616862E1,-1.703457642E-1,4.047583008E-1,9.875713348E0,9.885472224E0
4.299619962E1,-1.740879822E-1,3.923341370E-1,9.860594788E0,9.869932232E0
4.300623162E1,-1.887574768E-1,3.821553040E-1,9.814340973E0,9.823592051E0
4.301626262E1,-1.910028076E-1,3.722758484E-1,9.791737976E0,9.800673649E0
4.302629462E1,-1.950444031E-1,3.601510620E-1,9.814790039E0,9.823332154E0
4.303632562E1,-2.052232361E-1,3.468287659E-1,9.854158173E0,9.862395250E0
4.304635762E1,-2.044747925E-1,3.546125793E-1,9.887838135E0,9.896307544E0
4.305638863E1,-1.835183716E-1,3.635939026E-1,9.880054321E0,9.888445424E0
4.306641962E1,-1.739382935E-1,3.778143311E-1,9.807305603E0,9.816121504E0
4.307645162E1,-2.005828857E-1,3.722758484E-1,9.797426147E0,9.806547910E0
4.308648262E1,-2.058219910E-1,3.568579102E-1,9.811945953E0,9.820590290E0
4.309651462E1,-1.598675537E-1,3.366499329E-1,9.928403778E0,9.935395935E0
4.310654562E1,-1.146615601E-1,3.287164307E-1,1.004067032E1,1.004670405E1
4.311657762E1,-1.212478638E-1,3.421884155E-1,9.899364166E0,9.906018618E0
4.312660862E1,-2.107617188E-1,3.620970154E-1,9.724078674E0,9.733100267E0
4.313664062E1,-2.722837830E-1,3.564088440E-1,9.709409180E0,9.719762978E0
4.314667162E1,-2.710862732E-1,3.571572876E-1,9.803862762E0,9.814110971E0
4.315670262E1,-2.297721863E-1,3.585044861E-1,9.923164673E0,9.932296706E0
4.316673463E1,-1.703457642E-1,3.606001282E-1,9.949360199E0,9.957349974E0
4.317676562E1,-1.381626892E-1,3.758683777E-1,9.882299652E0,9.890410122E0
4.318679762E1,-1.407073975E-1,3.778143311E-1,9.843230896E0,9.851483985E0
4.319682862E1,-1.642085266E-1,4.264631653E-1,9.874665527E0,9.885234168E0
4.320686062E1,-1.998344421E-1,4.508624268E-1,9.913135529E0,9.925395042E0
4.321689162E1,-2.098635864E-1,4.564009094E-1,9.920619965E0,9.933330005E0
4.322692362E1,-1.899549866E-1,4.787045288E-1,9.908345490E0,9.921721184E0
4.323695462E1,-1.673519897E-1,4.894821167E-1,9.865384827E0,9.878938061E0
4.324698562E1,-1.655557251E-1,4.869374084E-1,9.851463776E0,9.864879891E0
4.325701762E1,-1.642085266E-1,4.586462402E-1,9.843679962E0,9.855727067E0
4.326704862E1,-1.841171265E-1,4.185296631E-1,9.828262024E0,9.838892245E0
4.327708063E1,-1.878593445E-1,3.790118408E-1,9.808353424E0,9.817471059E0
4.328711162E1,-1.998344421E-1,3.556604004E-1,9.779463501E0,9.787968864E0
4.329714362E1,-1.999841309E-1,3.468287659E-1,9.766739960E0,9.774942112E0
4.330717462E1,-2.071691895E-1,3.376977539E-1,9.775571594E0,9.783596416E0
4.331720662E1,-2.049238586E-1,3.486250305E-1,9.789193268E0,9.797542449E0
4.332723762E1,-1.926493835E-1,3.549119568E-1,9.803264008E0,9.811577930E0
4.333726862E1,-1.829196167E-1,3.387455750E-1,9.788893890E0,9.796461185E0
4.334730062E1,-1.676513672E-1,3.604504395E-1,9.783654785E0,9.791727756E0
4.335733162E1,-1.540296936E-1,3.571572876E-1,9.807604980E0,9.815314663E0
4.336736362E1,-1.679507446E-1,3.546125793E-1,9.856403503E0,9.864210438E0
4.337739462E1,-1.718426514E-1,3.885919189E-1,9.900861053E0,9.909973924E0
4.338742663E1,-2.023791504E-1,4.177812195E-1,9.883497162E0,9.894393090E0
4.339745762E1,-2.032772827E-1,4.472698975E-1,9.811945953E0,9.824238159E0
4.340748962E1,-2.368075562E-1,4.695735168E-1,9.817634125E0,9.831709766E0
4.341752062E1,-2.519261169E-1,4.827461243E-1,9.810000000E0,9.825101047E0
4.342755163E1,-2.146536255E-1,4.736151123E-1,9.789492645E0,9.803293003E0
4.343758362E1,-1.875599670E-1,4.531077576E-1,9.798473969E0,9.810737867E0
4.344761462E1,-1.419049072E-1,4.224215698E-1,9.838291168E0,9.848378044E0
4.345764663E1,-1.095721436E-1,3.957769775E-1,9.845925293E0,9.854485798E0
4.346767762E1,-1.139131165E-1,3.891906738E-1,9.857451324E0,9.865788980E0
4.347770962E1,-1.609153748E-1,4.140390015E-1,9.867630157E0,9.877623549E0
4.348774062E1,-1.706451416E-1,4.185296631E-1,9.872569885E0,9.882910653E0
4.349777262E1,-1.770817566E-1,4.351451111E-1,9.869725800E0,9.880900595E0
4.350780362E1,-1.815724182E-1,4.653822327E-1,9.871072998E0,9.883705343E0
4.351783562E1,-1.591191101E-1,4.740641785E-1,9.876162415E0,9.888813871E0
4.352786662E1,-1.505868530E-1,4.875361633E-1,9.877808990E0,9.890979646E0
4.353789763E1,-1.466949463E-1,4.878355408E-1,9.884395294E0,9.897513488E0
4.354792962E1,-1.475930786E-1,4.800517273E-1,9.899513855E0,9.912245353E0
4.355796062E1,-1.621128845E-1,4.564009094E-1,9.880204010E0,9.892068219E0
4.356799263E1,-1.766326904E-1,4.345463562E-1,9.868677979E0,9.879819568E0
4.357802362E1,-1.811233521E-1,4.111949158E-1,9.857900391E0,9.868134932E0
4.358805562E1,-1.966909790E-1,3.921844482E-1,9.836644592E0,9.846424367E0
4.359808662E1,-2.019300842E-1,3.790118408E-1,9.841284943E0,9.850650489E0
4.360811862E1,-1.905537415E-1,3.715274048E-1,9.824070740E0,9.832940010E0
4.361814962E1,-1.866618347E-1,3.790118408E-1,9.809101868E0,9.818195968E0
4.362818062E1,-1.957928467E-1,3.918850708E-1,9.796677704E0,9.806467396E0
4.363821262E1,-1.957928467E-1,4.029620361E-1,9.795480194E0,9.805720039E0
4.364824362E1,-1.995350647E-1,3.987707520E-1,9.810898132E0,9.821026144E0
4.365827562E1,-1.987866211E-1,4.046086121E-1,9.851613464E0,9.861922333E0
4.366830662E1,-1.936972046E-1,4.219725037E-1,9.877958679E0,9.888864802E0
4.367833863E1,-1.769320679E-1,4.381388855E-1,9.860445099E0,9.871760136E0
4.368836962E1,-1.913021851E-1,4.330494690E-1,9.866732025E0,9.878083277E0
4.369840162E1,-1.839674377E-1,4.346960449E-1,9.850266266E0,9.861569357E0
4.370843262E1,-2.010319519E-1,4.379891968E-1,9.847571869E0,9.859356982E0
4.371846363E1,-2.031275940E-1,4.496649170E-1,9.846374359E0,9.858729501E0
4.372849562E1,-2.064207458E-1,4.538562012E-1,9.839189301E0,9.851814100E0
4.373852662E1,-1.953437805E-1,4.608915710E-1,9.840835876E0,9.853559305E0
4.374855862E1,-1.857637024E-1,4.403842163E-1,9.838740234E0,9.850342929E0
4.375858962E1,-1.836680603E-1,4.348457336E-1,9.868079224E0,9.879362952E0
4.376862162E1,-1.712438965E-1,4.423301697E-1,9.870923309E0,9.882312858E0
4.377865262E1,-1.824705505E-1,4.391867065E-1,9.860894165E0,9.872356061E0
4.378868463E1,-1.930984497E-1,4.421804810E-1,9.870623932E0,9.882409999E0
4.379871562E1,-1.793270874E-1,4.480183411E-1,9.896669769E0,9.908428289E0
4.380874762E1,-1.678010559E-1,4.562512207E-1,9.892179108E0,9.904116814E0
4.381877887E1,-1.550775146E-1,4.695735168E-1,9.873917084E0,9.886292880E0
4.382880988E1,-1.634600830E-1,4.816983032E-1,9.826914825E0,9.840071516E0
4.383884187E1,-1.796264648E-1,4.698728943E-1,9.786798248E0,9.799717657E0
4.384887287E1,-2.022294617E-1,4.499642944E-1,9.763746185E0,9.776200908E0
4.385890488E1,-2.074685669E-1,4.334985352E-1,9.782756653E0,9.794554197E0
4.386893587E1,-2.216889954E-1,4.231700134E-1,9.847122803E0,9.858704091E0
4.387896787E1,-1.883084106E-1,4.180805969E-1,9.870025177E0,9.880670445E0
4.388899887E1,-2.007325745E-1,4.165837097E-1,9.787546692E0,9.798464461E0
4.389903087E1,-2.161505127E-1,4.052073669E-1,9.757459259E0,9.768261117E0
4.390906187E1,-1.963916016E-1,4.164340210E-1,9.886790314E0,9.897505224E0
4.391909287E1,-1.438508606E-1,4.233197021E-1,1.005429199E1,1.006422775E1
4.392912487E1,-1.086740112E-1,4.427792358E-1,1.004306534E1,1.005340862E1
4.393915588E1,-1.537303162E-1,4.589456177E-1,9.846823425E0,9.858711663E0
4.394918787E1,-2.344125366E-1,4.596940613E-1,9.625733185E0,9.639554306E0
4.395921887E1,-2.818638611E-1,4.465214539E-1,9.608219604E0,9.622718567E0
4.396925088E1,-2.618055725E-1,4.206253052E-1,9.771829376E0,9.784381287E0
4.397928187E1,-1.942959595E-1,4.031117249E-1,9.945318604E0,9.955381063E0
4.398931387E1,-1.315763855E-1,3.849993896E-1,1.000175125E1,1.001002323E1
4.399934487E1,-1.025367737E-1,4.258644104E-1,9.929301910E0,9.938959237E0
4.400937687E1,-1.196012878E-1,4.504133606E-1,9.835297394E0,9.846331880E0
4.401940787E1,-1.722917175E-1,4.821473694E-1,9.802216187E0,9.815579081E0
4.402943887E1,-2.200424194E-1,4.900808716E-1,9.830207977E0,9.844876170E0
4.403947087E1,-2.327659607E-1,4.965174866E-1,9.859097900E0,9.874336485E0
4.404950187E1,-2.116598511E-1,5.414241028E-1,9.877359924E0,9.894451932E0
4.405953387E1,-1.736389160E-1,5.590873718E-1,9.850116577E0,9.867498454E0
4.406956487E1,-1.583706665E-1,5.572911072E-1,9.854307861E0,9.871324028E0
4.407959688E1,-1.428030396E-1,5.400769043E-1,9.844428406E0,9.860266041E0
4.408962787E1,-1.537303162E-1,5.016069031E-1,9.846074982E0,9.860042345E0
4.409965987E1,-1.734892273E-1,4.665797424E-1,9.855205994E0,9.867769776E0
4.410969087E1,-1.904040527E-1,4.324507141E-1,9.845176849E0,9.856509246E0
4.411972188E1,-1.930984497E-1,4.186793518E-1,9.832752686E0,9.843556511E0
4.412975387E1,-1.983375549E-1,4.007167053E-1,9.813293152E0,9.823473629E0
4.413978487E1,-1.977388000E-1,3.930825806E-1,9.825118561E0,9.834966664E0
4.414981687E1,-1.947450256E-1,3.900888062E-1,9.844129028E0,9.853779540E0
4.415984787E1,-1.806742859E-1,3.995191956E-1,9.845476227E0,9.855235204E0
4.416987987E1,-1.694476318E-1,4.014651489E-1,9.846374359E0,9.856012114E0
4.417991087E1,-1.688488770E-1,4.231700134E-1,9.836195526E0,9.846741859E0
4.418994288E1,-1.799258423E-1,4.403842163E-1,9.840237122E0,9.851729705E0
4.419997387E1,-1.960922241E-1,4.676275635E-1,9.847871246E0,9.860917593E0
4.421000487E1,-2.058219910E-1,4.784051514E-1,9.883946228E0,9.897657663E0
4.422003687E1,-2.168989563E-1,4.926255798E-1,9.849817200E0,9.864513368E0
4.423006788E1,-2.222877502E-1,5.069956970E-1,9.765542450E0,9.781220569E0
4.424009987E1,-2.543211365E-1,5.168751526E-1,9.765093384E0,9.782069717E0
4.425013087E1,-2.224374390E-1,5.239105225E-1,9.807904358E0,9.824405760E0
4.426016287E1,-1.836680603E-1,5.156776428E-1,9.880802765E0,9.895954763E0
4.427019387E1,-1.240919495E-1,4.968168640E-1,9.901908875E0,9.915141208E0
4.428022587E1,-1.287322998E-1,4.752616882E-1,9.883646851E0,9.895904241E0
4.429025687E1,-1.429527283E-1,4.742138672E-1,9.833800507E0,9.846265621E0
4.430028888E1,-1.722917175E-1,4.665797424E-1,9.829309845E0,9.841885649E0
4.431031987E1,-1.889071655E-1,4.529580688E-1,9.846224670E0,9.858448011E0
4.432035087E1,-2.128573608E-1,4.472698975E-1,9.886640625E0,9.899041442E0
4.433038287E1,-2.061213684E-1,4.590953064E-1,9.878108368E0,9.890919040E0
4.434041388E1,-2.013313293E-1,5.008584595E-1,9.862690430E0,9.877451899E0
4.435044587E1,-1.878593445E-1,4.936734009E-1,9.846074982E0,9.860233116E0
4.436047687E1,-1.953437805E-1,5.037025452E-1,9.831854553E0,9.846686722E0
4.437050887E1,-1.797761536E-1,4.888833618E-1,9.848320312E0,9.862085955E0
4.438053987E1,-1.703457642E-1,4.611909485E-1,9.861193542E0,9.873441794E0
4.439057187E1,-1.812730408E-1,4.337979126E-1,9.873018951E0,9.884206785E0
4.440060287E1,-1.945953369E-1,4.349954224E-1,9.871372375E0,9.882868052E0
4.441063387E1,-1.942959595E-1,4.294569397E-1,9.851164398E0,9.862435003E0
4.442066587E1,-1.945953369E-1,4.207749939E-1,9.856104126E0,9.867000937E0
4.443069687E1,-1.963916016E-1,4.278103638E-1,9.848320312E0,9.859564105E0
4.444072887E1,-1.922003174E-1,4.438270569E-1,9.825717316E0,9.837613744E0
4.445075988E1,-1.963916016E-1,4.444258118E-1,9.814041595E0,9.826062100E0
4.446079187E1,-2.100132751E-1,4.418811035E-1,9.784702606E0,9.796926537E0
4.447082287E1,-2.245330811E-1,4.601431274E-1,9.786798248E0,9.800181976E0
4.448085488E1,-2.131567383E-1,4.616400146E-1,9.816735992E0,9.829895871E0
4.449088587E1,-2.041754150E-1,4.534071350E-1,9.859546967E0,9.872078404E0
4.450091687E1,-2.146536255E-1,4.641847229E-1,9.879305878E0,9.892533966E0
4.451094887E1,-1.987866211E-1,4.676275635E-1,9.893825684E0,9.906865211E0
4.452097988E1,-1.884580994E-1,4.575984192E-1,9.885443115E0,9.897822910E0
4.453101187E1,-2.011816406E-1,4.843927002E-1,9.865983582E0,9.879916112E0
4.454104287E1,-2.118095398E-1,4.864883423E-1,9.860594788E0,9.874860189E0
4.455107487E1,-2.206411743E-1,4.828958130E-1,9.846524048E0,9.860826878E0
4.456110587E1,-2.275268555E-1,4.796026611E-1,9.832004242E0,9.846323913E0
4.457113787E1,-2.243833923E-1,4.673281860E-1,9.839488678E0,9.853135591E0
4.458116887E1,-2.305206299E-1,4.825964355E-1,9.819729767E0,9.834283491E0
4.459120088E1,-2.272274780E-1,4.840933228E-1,9.841434631E0,9.855953240E0
4.460123187E1,-2.056723022E-1,4.583468628E-1,9.849517822E0,9.862321444E0
4.461126287E1,-2.019300842E-1,4.505630493E-1,9.833650818E0,9.846038352E0
4.462129487E1,-1.887574768E-1,4.436773682E-1,9.842781830E0,9.854584372E0
4.463132588E1,-1.640588379E-1,4.394860840E-1,9.864187317E0,9.875335677E0
4.464135787E1,-1.716929626E-1,4.296066284E-1,9.872120819E0,9.882955519E0
4.465138887E1,-1.933978271E-1,4.507127380E-1,9.855205994E0,9.867402387E0
4.466142087E1,-2.062710571E-1,4.402345276E-1,9.838141479E0,9.850146291E0
4.467145187E1,-2.272274780E-1,4.352947998E-1,9.818831635E0,9.831102103E0
4.468148387E1,-2.225871277E-1,4.496649170E-1,9.857750702E0,9.870511257E0
4.469151487E1,-2.110610962E-1,4.531077576E-1,9.882599030E0,9.895232034E0
4.470154688E1,-1.933978271E-1,4.709207153E-1,9.881700897E0,9.894805792E0
4.471157787E1,-1.887574768E-1,4.821473694E-1,9.832004242E0,9.845628618E0
4.472160887E1,-2.186952209E-1,4.945715332E-1,9.770332489E0,9.785286176E0
4.473164087E1,-2.306703186E-1,4.779560852E-1,9.766141205E0,9.780550335E0
4.474167188E1,-2.276765442E-1,4.549040222E-1,9.793534241E0,9.806736827E0
4.475170387E1,-2.318678284E-1,4.496649170E-1,9.860894165E0,9.873864237E0
4.476173487E1,-2.076182556E-1,4.414320374E-1,9.908345490E0,9.920346663E0
4.477176687E1,-2.038760376E-1,4.534071350E-1,9.839189301E0,9.851740433E0
4.478179787E1,-2.179467773E-1,4.555027771E-1,9.778415680E0,9.791445082E0
4.479182987E1,-2.082170105E-1,4.643344116E-1,9.870324554E0,9.883433997E0
4.480186087E1,-1.824705505E-1,4.561015320E-1,9.990225220E0,1.000229594E1
4.481189187E1,-1.556762695E-1,4.549040222E-1,1.008961853E1,1.010106801E1
4.482192387E1,-1.630110168E-1,4.873864746E-1,9.919123077E0,9.932427739E0
4.483195487E1,-2.374063110E-1,4.929249573E-1,9.683662720E0,9.699106167E0
4.484198687E1,-3.086581421E-1,4.703219604E-1,9.608968048E0,9.625421526E0
4.485201788E1,-2.929408264E-1,4.354444885E-1,9.737101593E0,9.751234469E0
4.486204987E1,-2.348616028E-1,4.180805969E-1,9.923464050E0,9.935043539E0
4.487208087E1,-1.582209778E-1,4.131408691E-1,1.000714005E1,1.001691425E1
4.488211287E1,-1.034349060E-1,4.308041382E-1,9.932445374E0,9.942321765E0
4.489214387E1,-1.287322998E-1,4.480183411E-1,9.822124786E0,9.833179941E0
4.490217587E1,-1.890568542E-1,4.629872131E-1,9.787846069E0,9.800613773E0
4.491220687E1,-2.412982178E-1,4.766088867E-1,9.805509338E0,9.820050623E0
4.492223787E1,-2.559677124E-1,4.731660461E-1,9.847422180E0,9.862105717E0
4.493226987E1,-2.294728088E-1,5.004093933E-1,9.854307861E0,9.869673285E0
4.494230087E1,-2.035766602E-1,5.475613403E-1,9.855056305E0,9.872355426E0
4.495233287E1,-1.724414062E-1,5.712121582E-1,9.840237122E0,9.858310503E0
4.496236388E1,-1.814227295E-1,5.520520020E-1,9.830507355E0,9.847667260E0
4.497239587E1,-2.140548706E-1,5.038522339E-1,9.868977356E0,9.884148957E0
4.498242687E1,-2.237846375E-1,4.453239441E-1,9.874216461E0,9.886786318E0
4.499245888E1,-2.239343262E-1,4.200265503E-1,9.864786072E0,9.876263116E0
4.500248987E1,-2.237846375E-1,3.887416077E-1,9.858499146E0,9.868698243E0
4.501252087E1,-2.353106689E-1,4.062551880E-1,9.845625916E0,9.856813078E0
4.502255287E1,-2.368075562E-1,4.111949158E-1,9.827214203E0,9.838663429E0
4.503258387E1,-2.296224976E-1,4.168830872E-1,9.823771362E0,9.835293680E0
4.504261587E1,-2.180964661E-1,4.188290405E-1,9.820627899E0,9.831974174E0
4.505264687E1,-2.001338196E-1,4.245172119E-1,9.807754669E0,9.818977547E0
4.506267887E1,-1.904040527E-1,4.299060059E-1,9.814790039E0,9.826045817E0
4.507270988E1,-1.865121460E-1,4.578977966E-1,9.830507355E0,9.842933101E0
4.508274187E1,-1.887574768E-1,4.827461243E-1,9.830956421E0,9.844611590E0
4.509277287E1,-1.983375549E-1,4.993615723E-1,9.856403503E0,9.871037929E0
4.510280488E1,-2.086660767E-1,5.028044128E-1,9.840237122E0,9.855283883E0
4.511283587E1,-2.237846375E-1,5.167254639E-1,9.738598480E0,9.754864690E0
4.512286687E1,-2.634521484E-1,5.273533630E-1,9.714648285E0,9.732517655E0
4.513289887E1,-2.583627319E-1,5.358856201E-1,9.741292877E0,9.759442178E0
4.514292988E1,-2.276765442E-1,5.170248413E-1,9.850266266E0,9.866453101E0
4.515296187E1,-1.914518738E-1,5.072950745E-1,9.901010742E0,9.915846703E0
4.516299287E1,-1.600172424E-1,5.057981873E-1,9.893526306E0,9.907739404E0
4.517302487E1,-1.501377869E-1,4.836442566E-1,9.860744476E0,9.873739654E0
4.518305587E1,-1.664538574E-1,4.528083801E-1,9.872569885E0,9.884350179E0
4.519308787E1,-1.969903564E-1,4.361929321E-1,9.910590820E0,9.922140892E0
4.520311887E1,-2.216889954E-1,4.321513367E-1,9.927355957E0,9.939230206E0
4.521314987E1,-2.395019531E-1,4.056564331E-1,9.940378876E0,9.951535084E0
4.522318187E1,-2.164498901E-1,4.198768616E-1,9.906698914E0,9.917954955E0
4.523321287E1,-2.191442871E-1,4.456233215E-1,9.858948212E0,9.871446915E0
4.524324487E1,-2.103126526E-1,4.547543335E-1,9.832902374E0,9.845659044E0
4.525327588E1,-1.986369324E-1,4.472698975E-1,9.815837860E0,9.828030316E0
4.526330787E1,-1.963916016E-1,4.469705200E-1,9.835896149E0,9.848005146E0
4.527333887E1,-2.001338196E-1,4.242178345E-1,9.860145721E0,9.871296164E0
4.528337087E1,-1.965412903E-1,4.159849548E-1,9.850116577E0,9.860855366E0
4.529340187E1,-2.046244812E-1,4.074526978E-1,9.859247589E0,9.869784795E0
4.530343387E1,-2.242337036E-1,4.207749939E-1,9.853709106E0,9.865237732E0
4.531346487E1,-2.160008240E-1,4.306544495E-1,9.864187317E0,9.875946083E0
4.532349587E1,-2.121089172E-1,4.207749939E-1,9.851763153E0,9.863025855E0
4.533352787E1,-2.134561157E-1,4.387376404E-1,9.841135254E0,9.853222687E0
4.534355887E1,-2.290237427E-1,4.430786133E-1,9.835596771E0,9.848235090E0
4.535359087E1,-2.362088013E-1,4.321513367E-1,9.825118561E0,9.837454148E0
4.536362188E1,-2.589614868E-1,4.320016479E-1,9.829908600E0,9.842803948E0
4.537365387E1,-2.502795410E-1,4.315525818E-1,9.850266266E0,9.862891208E0
4.538368487E1,-2.395019531E-1,4.260140991E-1,9.864786072E0,9.876884804E0
4.539371687E1,-2.344125366E-1,4.170327759E-1,9.865833893E0,9.877425979E0
4.540374787E1,-2.239343262E-1,4.153862000E-1,9.874815216E0,9.886084555E0
4.541377987E1,-2.109114075E-1,4.302053833E-1,9.886341248E0,9.897944411E0
4.542381087E1,-2.279759216E-1,4.321513367E-1,9.872420197E0,9.884503444E0
4.543384187E1,-2.273771667E-1,4.236190796E-1,9.883347473E0,9.895034653E0
4.544387387E1,-2.540217590E-1,4.239184570E-1,9.865384827E0,9.877755397E0
4.545390487E1,-2.668949890E-1,4.102967834E-1,9.846374359E0,9.858532569E0
4.546393687E1,-2.579136658E-1,4.134402466E-1,9.828112335E0,9.840185180E0
4.547396788E1,-2.636018372E-1,4.147874451E-1,9.843530273E0,9.855791333E0
4.548399987E1,-2.550695801E-1,3.968247986E-1,9.847871246E0,9.859163174E0
4.549403087E1,-2.338137817E-1,3.962260437E-1,9.852212219E0,9.862948321E0
4.550406287E1,-2.174977112E-1,3.912863159E-1,9.838889923E0,9.849069253E0
4.551409387E1,-1.920506287E-1,3.866459656E-1,9.851164398E0,9.860619582E0
4.552412487E1,-1.911524963E-1,3.902384949E-1,9.840686188E0,9.850275631E0
4.553415687E1,-1.803749084E-1,3.983216858E-1,9.850266266E0,9.859966571E0
4.554418787E1,-1.910028076E-1,4.013154602E-1,9.829309845E0,9.839353038E0
4.555421987E1,-1.901046753E-1,3.920347595E-1,9.850565643E0,9.860196475E0
4.556425087E1,-1.963916016E-1,3.963757324E-1,9.871222687E0,9.881129526E0
4.557428287E1,-2.031275940E-1,4.114942932E-1,9.855655060E0,9.866332907E0
4.558431388E1,-2.139051819E-1,4.059558105E-1,9.835896149E0,9.846593756E0
4.559434587E1,-2.472857666E-1,4.053570557E-1,9.844278717E0,9.855723619E0
4.560437687E1,-2.465373230E-1,3.998185730E-1,9.855655060E0,9.866842058E0
4.561440888E1,-2.462379456E-1,4.200265503E-1,9.858199768E0,9.870215707E0
4.562443987E1,-2.279759216E-1,4.346960449E-1,9.847721558E0,9.859946934E0
4.563447087E1,-2.137554932E-1,4.376898193E-1,9.835596771E0,9.847650869E0
4.564450287E1,-2.125579834E-1,4.426295471E-1,9.808203735E0,9.820486868E0
4.565453388E1,-2.151026917E-1,4.330494690E-1,9.818681946E0,9.830580663E0
4.566456587E1,-2.046244812E-1,4.128414917E-1,9.826316071E0,9.837113235E0
4.567459687E1,-2.252815247E-1,3.906875610E-1,9.840985565E0,9.851313894E0
4.568462887E1,-2.243833923E-1,3.773652649E-1,9.858648834E0,9.868419797E0
4.569465987E1,-2.342628479E-1,3.755690002E-1,9.809251556E0,9.819233537E0
4.570469187E1,-2.478845215E-1,3.730242920E-1,9.796378326E0,9.806611146E0
4.571472287E1,-2.516267395E-1,3.817062378E-1,9.810149689E0,9.820796942E0
4.572475488E1,-2.421963501E-1,3.715274048E-1,9.854756927E0,9.864731410E0
4.573478587E1,-1.969903564E-1,3.679348755E-1,9.992620239E0,1.000133194E1
4.574481687E1,-1.368154907E-1,3.814068604E-1,1.004426285E1,1.005243283E1
4.575484887E1,-1.591191101E-1,3.662882996E-1,9.821526031E0,9.829641885E0
4.576487988E1,-2.601589966E-1,3.749702454E-1,9.674232330E0,9.684991305E0
4.577491187E1,-2.959346008E-1,3.754193115E-1,9.720336456E0,9.732083938E0
4.578494287E1,-2.598596191E-1,3.763174438E-1,9.820777588E0,9.831419748E0
4.579497487E1,-2.263293457E-1,3.703298950E-1,9.904004517E0,9.913509705E0
4.580500587E1,-1.764830017E-1,3.731739807E-1,9.895472260E0,9.904078771E0
4.581503787E1,-1.640588379E-1,3.951782227E-1,9.820328522E0,9.829645640E0
4.582506792E1,-1.877096558E-1,4.248165894E-1,9.768236847E0,9.779271708E0
4.583509892E1,-2.168989563E-1,4.578977966E-1,9.794132996E0,9.807229817E0
4.584513092E1,-2.426454163E-1,4.595443726E-1,9.835896149E0,9.849614758E0
4.585516192E1,-2.454895020E-1,4.915777588E-1,9.880054321E0,9.895321479E0
4.586519392E1,-2.264790344E-1,4.897814941E-1,9.867779846E0,9.882522844E0
4.587522492E1,-2.088157654E-1,4.694238281E-1,9.874515839E0,9.887872663E0
4.588525692E1,-1.947450256E-1,4.513114929E-1,9.896969147E0,9.909167774E0
4.589528792E1,-1.927990723E-1,4.162843323E-1,9.917925568E0,9.928530188E0
4.590531992E1,-2.071691895E-1,3.576063538E-1,9.917027435E0,9.925635220E0
4.591535092E1,-2.347119141E-1,3.213816833E-1,9.890682220E0,9.898685299E0
4.592538292E1,-2.152523804E-1,3.273692322E-1,9.864187317E0,9.871965135E0
4.593541392E1,-2.209405518E-1,3.481759644E-1,9.848170624E0,9.856799981E0
4.594544492E1,-2.345622253E-1,3.650907898E-1,9.795330505E0,9.804938064E0
4.595547692E1,-2.353106689E-1,3.668870544E-1,9.762997742E0,9.772722350E0
4.596550792E1,-2.267784119E-1,3.674858093E-1,9.776469727E0,9.786001971E0
4.597553992E1,-2.097138977E-1,3.477268982E-1,9.811796265E0,9.820195510E0
4.598557092E1,-1.974394226E-1,3.447331238E-1,9.835447083E0,9.843466999E0
4.599560292E1,-1.776805115E-1,3.456312561E-1,9.853110352E0,9.860771518E0
4.600563392E1,-2.052232361E-1,3.546125793E-1,9.911638641E0,9.920103186E0
4.601566592E1,-2.074685669E-1,3.737727356E-1,9.894873505E0,9.904103742E0
4.602569692E1,-2.383044434E-1,4.049079895E-1,9.853110352E0,9.864305505E0
4.603572892E1,-2.472857666E-1,4.360432434E-1,9.840985565E0,9.853744509E0
4.604575992E1,-2.412982178E-1,4.602928162E-1,9.829010468E0,9.842740527E0
4.605579092E1,-2.161505127E-1,4.680766296E-1,9.830058289E0,9.843569613E0
4.606582292E1,-2.014810181E-1,4.540058899E-1,9.817334747E0,9.829892039E0
4.607585392E1,-2.020797729E-1,4.161346436E-1,9.775721283E0,9.786660865E0
4.608588592E1,-2.017803955E-1,3.900888062E-1,9.827214203E0,9.837023106E0
4.609591692E1,-1.839674377E-1,3.805087280E-1,9.903256073E0,9.912270767E0
4.610594892E1,-1.986369324E-1,3.842509460E-1,9.949509888E0,9.958908194E0
4.611597992E1,-2.119592285E-1,3.978726196E-1,9.933493195E0,9.943717433E0
4.612601192E1,-2.131567383E-1,4.116439819E-1,9.881102142E0,9.891969779E0
4.613604292E1,-2.049238586E-1,4.040098572E-1,9.829758911E0,9.840191970E0
4.614607392E1,-2.121089172E-1,4.002676392E-1,9.826316071E0,9.836752101E0
4.615610592E1,-2.219883728E-1,3.879931641E-1,9.825417938E0,9.835581081E0
4.616613692E1,-2.145039368E-1,3.760180664E-1,9.860145721E0,9.869644126E0
4.617616892E1,-1.974394226E-1,3.847000122E-1,9.860445099E0,9.869921680E0
4.618619992E1,-2.035766602E-1,3.847000122E-1,9.853260040E0,9.862868294E0
4.619623192E1,-1.930984497E-1,3.665876770E-1,9.850266266E0,9.858976572E0
4.620626292E1,-2.053729248E-1,3.528163147E-1,9.841584320E0,9.850047681E0
4.621629492E1,-2.279759216E-1,3.411405945E-1,9.815987549E0,9.824559099E0
4.622632592E1,-2.282752991E-1,3.396437073E-1,9.804461517E0,9.812998171E0
4.623635792E1,-2.255809021E-1,3.350033569E-1,9.831704865E0,9.839996674E0
4.624638892E1,-2.221380615E-1,3.350033569E-1,9.828262024E0,9.836478383E0
4.625641992E1,-2.161505127E-1,3.339555359E-1,9.832752686E0,9.840796346E0
4.626645192E1,-2.222877502E-1,3.432362366E-1,9.843979340E0,9.852469345E0
4.627648292E1,-2.013313293E-1,3.606001282E-1,9.847571869E0,9.856228410E0
4.628651492E1,-2.127076721E-1,3.731739807E-1,9.848170624E0,9.857533566E0
4.629654592E1,-2.377056885E-1,3.806584167E-1,9.838590546E0,9.848820678E0
4.630657792E1,-2.389031982E-1,3.820056152E-1,9.855505371E0,9.865798961E0
4.631660892E1,-2.323168945E-1,3.899391174E-1,9.838141479E0,9.848606573E0
4.632664092E1,-2.365081787E-1,3.884422302E-1,9.845625916E0,9.856123637E0
4.633667192E1,-2.323168945E-1,3.971241760E-1,9.845625916E0,9.856369941E0
4.634670392E1,-2.094145203E-1,4.013154602E-1,9.836794281E0,9.847204185E0
4.635673492E1,-2.157014465E-1,4.087998962E-1,9.826765137E0,9.837629670E0
4.636676592E1,-2.180964661E-1,3.977229309E-1,9.836943970E0,9.847396420E0
4.637679792E1,-2.143542480E-1,4.017645264E-1,9.835447083E0,9.845983028E0
4.638682892E1,-2.192939758E-1,3.829037476E-1,9.828711090E0,9.838611021E0
4.639686092E1,-2.228865051E-1,3.832031250E-1,9.847272491E0,9.857245992E0
4.640689192E1,-2.152523804E-1,3.629951477E-1,9.844278717E0,9.853320381E0
4.641692392E1,-2.017803955E-1,3.576063538E-1,9.859696655E0,9.868242790E0
4.642695492E1,-1.978884888E-1,3.689826965E-1,9.861043854E0,9.869928772E0
4.643698692E1,-2.062710571E-1,3.538641357E-1,9.839039612E0,9.847561529E0
4.644701792E1,-2.127076721E-1,3.492237854E-1,9.841434631E0,9.849925757E0
4.645704992E1,-2.186952209E-1,3.513194275E-1,9.857451324E0,9.866133972E0
4.646708092E1,-2.165995789E-1,3.638932800E-1,9.870324554E0,9.879404866E0
4.647711192E1,-2.022294617E-1,3.706292725E-1,9.868977356E0,9.878004701E0
4.648714392E1,-1.916015625E-1,3.920347595E-1,9.846224670E0,9.855888731E0
4.649717492E1,-2.041754150E-1,3.995191956E-1,9.811796265E0,9.822049131E0
4.650720692E1,-2.059716797E-1,3.930825806E-1,9.797276459E0,9.807321972E0
4.651723792E1,-2.164498901E-1,3.998185730E-1,9.802665253E0,9.813202918E0
4.652726992E1,-2.321672058E-1,3.697311401E-1,9.833650818E0,9.843337398E0
4.653730092E1,-2.384541321E-1,3.454815674E-1,9.867330780E0,9.876256103E0
4.654733292E1,-2.374063110E-1,3.519181824E-1,9.876761169E0,9.885879797E0
4.655736392E1,-2.234852600E-1,3.499722290E-1,9.853110352E0,9.861856307E0
4.656739592E1,-2.269281006E-1,3.564088440E-1,9.816436615E0,9.825525505E0
4.657742692E1,-2.237846375E-1,3.538641357E-1,9.820478210E0,9.829399355E0
4.658745792E1,-1.805245972E-1,3.689826965E-1,9.926008759E0,9.934504881E0
4.659748992E1,-1.317260742E-1,3.620970154E-1,1.003857468E1,1.004596673E1
4.660752092E1,-1.222956848E-1,3.613485718E-1,9.906549225E0,9.913891596E0
4.661755292E1,-2.163002014E-1,3.552113342E-1,9.730365601E0,9.739249231E0
4.662758392E1,-2.880010986E-1,3.534150696E-1,9.698930969E0,9.709639993E0
4.663761592E1,-2.799179077E-1,3.396437073E-1,9.784253540E0,9.794147703E0
4.664764692E1,-2.674937439E-1,3.282673645E-1,9.900861053E0,9.909912309E0
4.665767892E1,-2.152523804E-1,3.156935120E-1,9.930050354E0,9.937398856E0
4.666770992E1,-1.785786438E-1,3.558100891E-1,9.865085449E0,9.873115115E0
4.667774192E1,-1.766326904E-1,3.767665100E-1,9.799821167E0,9.808651641E0
4.668777292E1,-1.957928467E-1,4.016148376E-1,9.803264008E0,9.813440504E0
4.669780392E1,-2.186952209E-1,4.185296631E-1,9.836943970E0,9.848271998E0
4.670783592E1,-2.097138977E-1,4.378395081E-1,9.869576111E0,9.881508790E0
4.671786692E1,-1.916015625E-1,4.561015320E-1,9.885143738E0,9.897515167E0
4.672789892E1,-1.850152588E-1,4.439767456E-1,9.880653076E0,9.892353168E0
4.673792992E1,-1.875599670E-1,4.323010254E-1,9.890382843E0,9.901602683E0
4.674796192E1,-2.010319519E-1,3.847000122E-1,9.916278992E0,9.925774377E0
4.675799292E1,-2.213896179E-1,3.472778320E-1,9.926308136E0,9.934848185E0
4.676802492E1,-2.212399292E-1,3.011737061E-1,9.911339264E0,9.918381860E0
4.677805592E1,-2.201921082E-1,2.996768188E-1,9.872869263E0,9.879870355E0
4.678808692E1,-2.401007080E-1,3.147953796E-1,9.831704865E0,9.839673014E0
4.679811892E1,-2.472857666E-1,3.414399719E-1,9.817185059E0,9.826232950E0
4.680814992E1,-2.246827698E-1,3.504212952E-1,9.805359650E0,9.814191525E0
4.681818262E1,-2.186952209E-1,3.668870544E-1,9.821825409E0,9.831108181E0
4.682821363E1,-1.981878662E-1,3.526666260E-1,9.811646576E0,9.819982725E0
4.683824562E1,-1.821711731E-1,3.354524231E-1,9.807455292E0,9.814881251E0
4.684827662E1,-1.968406677E-1,3.394940186E-1,9.821675720E0,9.829512520E0
4.685830863E1,-1.969903564E-1,3.263214111E-1,9.848020935E0,9.855394827E0
4.686833962E1,-2.103126526E-1,3.484753418E-1,9.871671753E0,9.880059194E0
4.687837162E1,-2.179467773E-1,3.731739807E-1,9.860295410E0,9.869761152E0
4.688840262E1,-2.245330811E-1,3.902384949E-1,9.836195526E0,9.846493976E0
4.689843462E1,-2.418969727E-1,4.417314148E-1,9.808054047E0,9.820975765E0
4.690846562E1,-2.501298523E-1,4.694238281E-1,9.814191284E0,9.828594723E0
4.691849662E1,-2.180964661E-1,4.429289246E-1,9.789193268E0,9.801635421E0
4.692852862E1,-1.827699280E-1,4.183799744E-1,9.759854279E0,9.770527222E0
4.693855963E1,-1.811233521E-1,4.123924255E-1,9.803713074E0,9.814054372E0
4.694859162E1,-1.609153748E-1,3.842509460E-1,9.874366150E0,9.883149772E0
4.695862262E1,-1.540296936E-1,3.565585327E-1,9.910890198E0,9.918498054E0
4.696865463E1,-1.878593445E-1,3.668870544E-1,9.921667786E0,9.930226024E0
4.697868562E1,-2.168989563E-1,3.727249146E-1,9.893376617E0,9.902770820E0
4.698871762E1,-2.148033142E-1,3.876937866E-1,9.880653076E0,9.890589070E0
4.699874862E1,-2.040257263E-1,3.912863159E-1,9.863588562E0,9.873454856E0
4.700877963E1,-2.145039368E-1,3.969744873E-1,9.868827667E0,9.879137625E0
4.701881162E1,-2.116598511E-1,3.962260437E-1,9.856104126E0,9.866335871E0
4.702884262E1,-2.035766602E-1,4.053570557E-1,9.875863037E0,9.886274755E0
4.703887462E1,-2.001338196E-1,3.957769775E-1,9.873168640E0,9.883124605E0
4.704890562E1,-1.833686829E-1,3.754193115E-1,9.875413971E0,9.884248319E0
4.705893762E1,-1.950444031E-1,3.582051086E-1,9.876162415E0,9.884580783E0
4.706896862E1,-1.980381775E-1,3.366499329E-1,9.843380585E0,9.851126516E0
4.707900063E1,-2.146536255E-1,3.414399719E-1,9.829010468E0,9.837281342E0
4.708903162E1,-2.299218750E-1,3.448828125E-1,9.818681946E0,9.827427098E0
4.709906362E1,-2.161505127E-1,3.523672485E-1,9.826765137E0,9.835456104E0
4.710909462E1,-2.189945984E-1,3.688330078E-1,9.827663269E0,9.837019963E0
4.711912662E1,-2.097138977E-1,3.692820740E-1,9.830657043E0,9.839825561E0
4.712915762E1,-1.920506287E-1,3.809577942E-1,9.827214203E0,9.836470468E0
4.713918862E1,-1.803749084E-1,4.019142151E-1,9.838291168E0,9.848149230E0
4.714922062E1,-2.061213684E-1,4.141886902E-1,9.838141479E0,9.849013456E0
4.715925162E1,-2.065704346E-1,4.284091187E-1,9.853260040E0,9.864732087E0
4.716928362E1,-2.100132751E-1,4.321513367E-1,9.855954437E0,9.867659207E0
4.717931462E1,-2.085163879E-1,4.269122314E-1,9.849218445E0,9.860671230E0
4.718934663E1,-2.177970886E-1,4.400848389E-1,9.842781830E0,9.855022293E0
4.719937762E1,-2.143542480E-1,4.330494690E-1,9.821526031E0,9.833404963E0
4.720940962E1,-2.195933533E-1,4.420307922E-1,9.809101868E0,9.821511692E0
4.721944062E1,-2.323168945E-1,4.311035156E-1,9.808503113E0,9.820720681E0
4.722947163E1,-2.085163879E-1,4.198768616E-1,9.824968872E0,9.836147061E0
4.723950362E1,-1.939965820E-1,4.291575623E-1,9.851613464E0,9.862864631E0
4.724953462E1,-2.007325745E-1,4.028123474E-1,9.816137238E0,9.826449085E0
4.725956662E1,-2.182461548E-1,3.999682617E-1,9.796977081E0,9.807566769E0
4.726959762E1,-2.203417969E-1,3.797602844E-1,9.826615448E0,9.836419041E0
4.727962962E1,-2.188449097E-1,3.852987671E-1,9.852960663E0,9.862919550E0
4.728966062E1,-1.935475159E-1,3.896397400E-1,9.887838135E0,9.897404849E0
4.729969263E1,-1.815724182E-1,4.038601685E-1,9.890682220E0,9.900589193E0
4.730972362E1,-1.890568542E-1,4.188290405E-1,9.844428406E0,9.855147431E0
4.731975562E1,-1.966909790E-1,4.376898193E-1,9.796078949E0,9.807824555E0
4.732978662E1,-2.149530029E-1,4.370910645E-1,9.776769104E0,9.788895112E0
4.733981763E1,-2.195933533E-1,4.189787292E-1,9.799072723E0,9.810483712E0
4.734984962E1,-2.239343262E-1,4.105961609E-1,9.859397278E0,9.870483801E0
4.735988062E1,-2.056723022E-1,4.209246826E-1,9.854158173E0,9.865288236E0
4.736991262E1,-2.061213684E-1,4.254153442E-1,9.781110077E0,9.792526669E0
4.737994362E1,-2.234852600E-1,4.149371338E-1,9.792037354E0,9.803372584E0
4.738997562E1,-1.728904724E-1,4.061054993E-1,9.947414246E0,9.957201563E0
4.740000662E1,-1.249900818E-1,4.212240601E-1,1.008782227E1,1.009738631E1
4.741003863E1,-1.034349060E-1,4.330494690E-1,1.003588028E1,1.004575152E1
4.742006962E1,-1.585203552E-1,4.697232056E-1,9.812844086E0,9.825358907E0
4.743010162E1,-2.427951050E-1,4.713697815E-1,9.632768555E0,9.647350360E0
4.744013262E1,-2.939886475E-1,4.694238281E-1,9.622140656E0,9.638069249E0
4.745016462E1,-2.644999695E-1,4.305047607E-1,9.806856537E0,9.819864038E0
4.746019562E1,-1.930984497E-1,4.026626587E-1,9.944121094E0,9.954143286E0
4.747022662E1,-1.320254517E-1,4.128414917E-1,9.991572418E0,1.000096936E1
4.748025863E1,-9.894424438E-2,4.222718811E-1,9.908794556E0,9.918281759E0
4.749028962E1,-1.254391479E-1,4.400848389E-1,9.812993774E0,9.823657998E0
4.750032162E1,-1.880090332E-1,4.550537109E-1,9.801767120E0,9.814125532E0
4.751035262E1,-2.487826538E-1,4.725672913E-1,9.832303619E0,9.846796795E0
4.752038462E1,-2.588117981E-1,4.754113770E-1,9.862391052E0,9.877234268E0
4.753041562E1,-2.320175171E-1,5.057981873E-1,9.869875488E0,9.885550369E0
4.754044762E1,-1.883084106E-1,5.233117676E-1,9.864187317E0,9.879853576E0
4.755047862E1,-1.692979431E-1,5.318440247E-1,9.855655060E0,9.871446526E0
4.756050962E1,-1.591191101E-1,5.078938293E-1,9.876910858E0,9.891240728E0
4.757054162E1,-1.628613281E-1,4.769082642E-1,9.885742493E0,9.898579188E0
4.758057262E1,-1.745370483E-1,4.357438660E-1,9.859696655E0,9.870863895E0
4.759060463E1,-1.956431580E-1,4.085005188E-1,9.843380585E0,9.853795728E0
4.760063562E1,-2.095642090E-1,4.019142151E-1,9.832153931E0,9.842596360E0
4.761066762E1,-2.164498901E-1,3.884422302E-1,9.825867004E0,9.835923968E0
4.762069862E1,-2.185455322E-1,3.905378723E-1,9.821825409E0,9.832015884E0
4.763073062E1,-2.165995789E-1,3.986210632E-1,9.819580078E0,9.830054275E0
4.764076162E1,-2.052232361E-1,4.053570557E-1,9.825567627E0,9.836066801E0
4.765079362E1,-1.977388000E-1,4.323010254E-1,9.834698639E0,9.846181094E0
4.766082462E1,-1.865121460E-1,4.414320374E-1,9.827962646E0,9.839639160E0
4.767085662E1,-2.058219910E-1,4.445755005E-1,9.833351440E0,9.845547756E0
4.768088762E1,-1.957928467E-1,4.531077576E-1,9.862989807E0,9.875333382E0
4.769091862E1,-1.965412903E-1,4.830455017E-1,9.898466034E0,9.912194069E0
4.770095063E1,-2.016307068E-1,4.722679138E-1,9.857601013E0,9.870967007E0
4.771098162E1,-2.121089172E-1,4.848417664E-1,9.799970856E0,9.814249360E0
4.772101362E1,-2.371069336E-1,5.111869812E-1,9.808952179E0,9.825124665E0
4.773104462E1,-2.296224976E-1,5.198689270E-1,9.784103851E0,9.800595817E0
4.774107662E1,-2.059716797E-1,5.049000549E-1,9.847422180E0,9.862508403E0
4.775110762E1,-1.734892273E-1,4.837939453E-1,9.884095917E0,9.897449529E0
4.776113962E1,-1.357676697E-1,4.694238281E-1,9.892628174E0,9.904689989E0
4.777117062E1,-1.339714050E-1,4.647834778E-1,9.864786072E0,9.876637903E0
4.778120262E1,-1.773811340E-1,4.525090027E-1,9.840087433E0,9.852083493E0
4.779123362E1,-1.919009399E-1,4.556524658E-1,9.846823425E0,9.859227998E0
4.780126462E1,-2.198927307E-1,4.379891968E-1,9.874964905E0,9.887118853E0
4.781129663E1,-2.086660767E-1,4.481680298E-1,9.881700897E0,9.894059265E0
4.782132712E1,-2.041754150E-1,4.694238281E-1,9.877808990E0,9.891064492E0
4.783135912E1,-2.095642090E-1,4.813989258E-1,9.860145721E0,9.874114428E0
4.784139012E1,-2.077679443E-1,4.864883423E-1,9.841883698E0,9.856090155E0
4.785142212E1,-1.938468933E-1,4.793032837E-1,9.854457550E0,9.868011039E0
4.786145312E1,-1.896556091E-1,4.586462402E-1,9.873018951E0,9.885485766E0
4.787148512E1,-1.788780212E-1,4.575984192E-1,9.860894165E0,9.873126526E0
4.788151612E1,-1.883084106E-1,4.251159668E-1,9.850715332E0,9.861682219E0
4.789154812E1,-1.954934692E-1,4.320016479E-1,9.840087433E0,9.851505662E0
4.790157912E1,-1.987866211E-1,4.267625427E-1,9.841734009E0,9.852987907E0
4.791161012E1,-2.198927307E-1,4.140390015E-1,9.828561401E0,9.839735785E0
4.792164213E1,-2.154020691E-1,4.272116089E-1,9.826765137E0,9.838405402E0
4.793167312E1,-2.059716797E-1,4.263134766E-1,9.824220428E0,9.835622733E0
4.794170512E1,-2.221380615E-1,4.415817261E-1,9.791288910E0,9.803758374E0
4.795173612E1,-2.149530029E-1,4.574487305E-1,9.805209961E0,9.818228278E0
4.796176812E1,-2.180964661E-1,4.475692749E-1,9.810898132E0,9.823523120E0
4.797179912E1,-2.189945984E-1,4.602928162E-1,9.848470001E0,9.861652472E0
4.798183112E1,-2.113604736E-1,4.490661621E-1,9.871821442E0,9.884290174E0
4.799186212E1,-2.032772827E-1,4.544549561E-1,9.877060547E0,9.889599386E0
4.800189412E1,-1.883084106E-1,4.722679138E-1,9.865235138E0,9.878327863E0
4.801192512E1,-2.116598511E-1,4.740641785E-1,9.867929535E0,9.881577305E0
4.802195612E1,-2.065704346E-1,4.794529724E-1,9.854457550E0,9.868276450E0
4.803198813E1,-2.131567383E-1,4.938230896E-1,9.833501129E0,9.848199911E0
4.804201912E1,-2.125579834E-1,4.852908325E-1,9.858349457E0,9.872575252E0
4.805205112E1,-2.183958435E-1,4.785548401E-1,9.849068756E0,9.863106349E0
4.806208212E1,-2.245330811E-1,4.611909485E-1,9.822873230E0,9.836256945E0
4.807211412E1,-2.101629639E-1,4.520599365E-1,9.839488678E0,9.852109627E0
4.808214512E1,-1.880090332E-1,4.411326599E-1,9.854307861E0,9.865968216E0
4.809217712E1,-1.902543640E-1,4.402345276E-1,9.860894165E0,9.872549665E0
4.810220812E1,-1.904040527E-1,4.372407532E-1,9.847721558E0,9.859262298E0
4.811224012E1,-2.019300842E-1,4.471202087E-1,9.836195526E0,9.848422953E0
4.812227112E1,-2.085163879E-1,4.522096252E-1,9.839039612E0,9.851633018E0
4.813230212E1,-2.058219910E-1,4.472698975E-1,9.882599030E0,9.894856069E0
4.814233413E1,-2.074685669E-1,4.643344116E-1,9.904752960E0,9.917801211E0
4.815236512E1,-1.811233521E-1,4.752616882E-1,9.875114594E0,9.888203455E0
4.816239712E1,-1.770817566E-1,4.878355408E-1,9.807455292E0,9.821177158E0
4.817242812E1,-2.098635864E-1,4.794529724E-1,9.762249298E0,9.776268677E0
4.818246012E1,-2.441423035E-1,4.578977966E-1,9.773026886E0,9.786793672E0
4.819249112E1,-2.408491516E-1,4.526586914E-1,9.822873230E0,9.836246576E0
4.820252312E1,-2.414479065E-1,4.367916870E-1,9.887838135E0,9.900425599E0
4.821255412E1,-2.273771667E-1,4.388873291E-1,9.850715332E0,9.863108791E0
4.822258612E1,-2.207908630E-1,4.444258118E-1,9.770781555E0,9.783375445E0
4.823261712E1,-2.273771667E-1,4.456233215E-1,9.803264008E0,9.816020870E0
4.824264812E1,-1.862127686E-1,4.435276794E-1,9.958640900E0,9.970251780E0
4.825268013E1,-1.442999268E-1,4.619393921E-1,1.010084518E1,1.011243215E1
4.826271112E1,-1.393601990E-1,4.721182251E-1,9.992021484E0,1.000413965E1
4.827274312E1,-2.086660767E-1,4.959187317E-1,9.721533966E0,9.736411021E0
4.828277412E1,-2.920426941E-1,4.791535950E-1,9.577683105E0,9.594107086E0
4.829280612E1,-3.011737061E-1,4.623884583E-1,9.676777039E0,9.692498261E0
4.830283712E1,-2.606080627E-1,4.284091187E-1,9.867031403E0,9.879765161E0
4.831286912E1,-1.854643250E-1,4.182302856E-1,9.997709656E0,1.000817226E1
4.832290013E1,-1.374142456E-1,4.267625427E-1,9.977950745E0,9.988018322E0
4.833293212E1,-1.199006653E-1,4.391867065E-1,9.864187317E0,9.874687466E0
4.834296312E1,-1.725910950E-1,4.667294312E-1,9.793983307E0,9.806616800E0
4.835299512E1,-2.300715637E-1,4.727169800E-1,9.792486420E0,9.806588833E0
4.836302612E1,-2.489323425E-1,4.837939453E-1,9.841284943E0,9.856313368E0
4.837305712E1,-2.448907471E-1,5.123844910E-1,9.862391052E0,9.878727986E0
4.838308912E1,-2.197430420E-1,5.426216125E-1,9.861492920E0,9.878854581E0
4.839312012E1,-1.880090332E-1,5.629792786E-1,9.839189301E0,9.857075588E0
4.840315212E1,-1.901046753E-1,5.556445312E-1,9.849817200E0,9.867308625E0
4.841318312E1,-1.889071655E-1,5.001100159E-1,9.853709106E0,9.868200398E0
4.842321512E1,-1.907034302E-1,4.430786133E-1,9.869576111E0,9.881357147E0
4.843324613E1,-2.044747925E-1,4.153862000E-1,9.884245605E0,9.895082962E0
4.844327812E1,-2.094145203E-1,4.062551880E-1,9.860445099E0,9.871032128E0
4.845330912E1,-2.264790344E-1,4.013154602E-1,9.840536499E0,9.851319985E0
4.846334112E1,-2.405497742E-1,4.105961609E-1,9.810449066E0,9.821983724E0
4.847337212E1,-2.429447937E-1,4.086502075E-1,9.819580078E0,9.831081836E0
4.848340312E1,-2.387535095E-1,4.346960449E-1,9.813143463E0,9.825667841E0
4.849343512E1,-2.200424194E-1,4.343966675E-1,9.802665253E0,9.814752426E0
4.850346612E1,-2.041754150E-1,4.442761230E-1,9.829010468E0,9.841164344E0
4.851349812E1,-1.930984497E-1,4.417314148E-1,9.845176849E0,9.856973209E0
4.852352912E1,-1.883084106E-1,4.448748779E-1,9.863139496E0,9.874963009E0
4.853356112E1,-1.784289551E-1,4.646337891E-1,9.903256073E0,9.915755256E0
4.854359213E1,-2.041754150E-1,4.810995483E-1,9.911638641E0,9.925408049E0
4.855362412E1,-2.290237427E-1,4.993615723E-1,9.806407471E0,9.821784020E0
4.856365512E1,-2.597099304E-1,5.066963196E-1,9.786947937E0,9.803496332E0
4.857368712E1,-2.767744446E-1,5.234614563E-1,9.761201477E0,9.779144659E0
4.858371812E1,-2.345622253E-1,5.116360474E-1,9.795629883E0,9.811786569E0
4.859374912E1,-1.731898499E-1,4.906796265E-1,9.863139496E0,9.876855873E0
4.860378112E1,-1.624122620E-1,4.948709106E-1,9.883646851E0,9.897360761E0
4.861381212E1,-1.408570862E-1,4.686753845E-1,9.864337006E0,9.876469101E0
4.862384412E1,-1.835183716E-1,4.589456177E-1,9.848320312E0,9.860716153E0
4.863387512E1,-2.107617188E-1,4.421804810E-1,9.859696655E0,9.871857080E0
4.864390712E1,-2.309696960E-1,4.412823486E-1,9.870923309E0,9.883481375E0
4.865393813E1,-2.477348328E-1,4.520599365E-1,9.880353699E0,9.893791990E0
4.866397012E1,-2.433938599E-1,4.599934387E-1,9.870623932E0,9.884333632E0
4.867400112E1,-2.266287231E-1,4.695735168E-1,9.853858795E0,9.867643742E0
4.868403312E1,-1.992356873E-1,4.851411438E-1,9.841135254E0,9.855100196E0
4.869406412E1,-2.028282166E-1,4.848417664E-1,9.836494904E0,9.850525002E0
4.870409512E1,-1.953437805E-1,4.441264343E-1,9.832153931E0,9.844117959E0
4.871412712E1,-1.938468933E-1,4.393363953E-1,9.862091675E0,9.873775635E0
4.872415812E1,-2.029779053E-1,4.198768616E-1,9.855655060E0,9.866682992E0
4.873419012E1,-2.053729248E-1,4.240681458E-1,9.843829651E0,9.855099899E0
4.874422112E1,-2.248324585E-1,4.041595459E-1,9.819580078E0,9.830465273E0
4.875425312E1,-2.302212524E-1,4.111949158E-1,9.825567627E0,9.836862420E0
4.876428413E1,-2.275268555E-1,4.363426208E-1,9.814041595E0,9.826371446E0
4.877431612E1,-2.257305908E-1,4.538562012E-1,9.827663269E0,9.840726857E0
4.878434712E1,-2.237846375E-1,4.456233215E-1,9.826465759E0,9.839110175E0
4.879437912E1,-2.284249878E-1,4.547543335E-1,9.809401245E0,9.822592950E0
4.880441012E1,-2.227368164E-1,4.559518433E-1,9.825717316E0,9.838812151E0
4.881444112E1,-2.266287231E-1,4.605921936E-1,9.832153931E0,9.845545016E0
4.882447367E1,-2.357597351E-1,4.487667847E-1,9.854906616E0,9.867935888E0
4.883450467E1,-2.327659607E-1,4.468208313E-1,9.880653076E0,9.893489478E0
4.884453667E1,-2.284249878E-1,4.501139832E-1,9.881102142E0,9.893986058E0
4.885456767E1,-2.216889954E-1,4.610412598E-1,9.863738251E0,9.876995360E0
4.886459967E1,-2.143542480E-1,4.790039062E-1,9.846524048E0,9.860498380E0
4.887463067E1,-2.242337036E-1,4.813989258E-1,9.840835876E0,9.855154815E0
4.888466267E1,-2.200424194E-1,4.638853455E-1,9.843679962E0,9.857060590E0
4.889469367E1,-2.287243652E-1,4.596940613E-1,9.834848328E0,9.848242234E0
4.890472567E1,-2.321672058E-1,4.564009094E-1,9.826615448E0,9.839947894E0
4.891475667E1,-2.252815247E-1,4.532574463E-1,9.851314087E0,9.864308557E0
4.892478867E1,-2.248324585E-1,4.403842163E-1,9.874815216E0,9.887186832E0
4.893481967E1,-2.161505127E-1,4.207749939E-1,9.859397278E0,9.870738945E0
4.894485067E1,-2.264790344E-1,4.334985352E-1,9.848470001E0,9.860607238E0
4.895488267E1,-2.354603577E-1,4.418811035E-1,9.830058289E0,9.842801758E0
4.896491367E1,-2.350112915E-1,4.326004028E-1,9.834998016E0,9.847312293E0
4.897494567E1,-2.073188782E-1,4.531077576E-1,9.885293427E0,9.897843901E0
4.898497667E1,-1.956431580E-1,4.694238281E-1,9.902956696E0,9.916006570E0
4.899500867E1,-1.953437805E-1,4.746629333E-1,9.850116577E0,9.863481164E0
4.900503967E1,-2.185455322E-1,4.751119995E-1,9.768985291E0,9.782973330E0
4.901507167E1,-2.424957275E-1,4.537065125E-1,9.749226379E0,9.762790010E0
4.902510267E1,-2.594105530E-1,4.318519592E-1,9.777068481E0,9.790038715E0
4.903513467E1,-2.692900085E-1,4.227209473E-1,9.847721558E0,9.860468041E0
4.904516567E1,-2.525248718E-1,4.198768616E-1,9.884694672E0,9.896830510E0
4.905519667E1,-2.347119141E-1,4.358935547E-1,9.832004242E0,9.844460386E0
4.906522867E1,-2.406994629E-1,4.456233215E-1,9.777966614E0,9.791074889E0
4.907525967E1,-2.324665833E-1,4.457730103E-1,9.847122803E0,9.859948366E0
4.908529167E1,-1.917512512E-1,4.460723877E-1,9.999805298E0,1.001158604E1
4.909532267E1,-1.547781372E-1,4.596940613E-1,1.010518616E1,1.011682075E1
4.910535467E1,-1.472937012E-1,4.670288086E-1,9.949509888E0,9.961554013E0
4.911538567E1,-2.327659607E-1,4.905299377E-1,9.701625366E0,9.716806798E0
4.912541767E1,-3.159928894E-1,4.839436340E-1,9.598040771E0,9.615427167E0
4.913544867E1,-3.411405945E-1,4.564009094E-1,9.715247040E0,9.731942444E0
4.914548067E1,-2.697390747E-1,4.366419983E-1,9.892927551E0,9.906231924E0
4.915551167E1,-1.926493835E-1,4.177812195E-1,9.982441406E0,9.993037144E0
4.916554267E1,-1.457968140E-1,4.158352661E-1,9.941726074E0,9.951486975E0
4.917557467E1,-1.348695374E-1,4.326004028E-1,9.818831635E0,9.829282149E0
4.918560567E1,-1.907034302E-1,4.593946838E-1,9.774374084E0,9.787022020E0
4.919563767E1,-2.535726929E-1,4.620890808E-1,9.812245331E0,9.826392210E0
4.920566867E1,-2.824626160E-1,4.782554626E-1,9.850266266E0,9.865913993E0
4.921570067E1,-2.727328491E-1,4.963677979E-1,9.876761169E0,9.892986172E0
4.922573167E1,-2.402503967E-1,5.158273315E-1,9.866881714E0,9.883276423E0
4.923576367E1,-2.192939758E-1,5.261558533E-1,9.858349457E0,9.874815636E0
4.924579467E1,-2.083666992E-1,5.090913391E-1,9.844428406E0,9.859785054E0
4.925582667E1,-2.148033142E-1,4.674778748E-1,9.861642609E0,9.875052960E0
4.926585767E1,-2.107617188E-1,4.266128540E-1,9.880353699E0,9.891805105E0
4.927588967E1,-2.040257263E-1,4.053570557E-1,9.876312103E0,9.886732605E0
4.928592067E1,-2.224374390E-1,4.159849548E-1,9.853409729E0,9.864694886E0
4.929595167E1,-2.432441711E-1,4.031117249E-1,9.839039612E0,9.850297827E0
4.930598367E1,-2.567161560E-1,4.079017639E-1,9.804461517E0,9.816300356E0
4.931601467E1,-2.639012146E-1,4.056564331E-1,9.813891907E0,9.825816778E0
4.932604667E1,-2.597099304E-1,4.153862000E-1,9.819280701E0,9.831493702E0
4.933607767E1,-2.273771667E-1,4.183799744E-1,9.823621674E0,9.835155564E0
4.934610967E1,-2.056723022E-1,4.254153442E-1,9.835746460E0,9.847090318E0
4.935614067E1,-1.930984497E-1,4.243675232E-1,9.858199768E0,9.869218686E0
4.936617267E1,-1.936972046E-1,4.379891968E-1,9.872719574E0,9.884328249E0
4.937620367E1,-2.022294617E-1,4.611909485E-1,9.912836151E0,9.925619094E0
4.938623567E1,-2.023791504E-1,4.897814941E-1,9.859996033E0,9.874227311E0
4.939626667E1,-2.459385681E-1,5.249583435E-1,9.793683929E0,9.810826262E0
4.940629867E1,-2.802172852E-1,5.186714172E-1,9.805958405E0,9.823663370E0
4.941632967E1,-2.634521484E-1,5.200186157E-1,9.767937469E0,9.785317001E0
4.942636067E1,-2.279759216E-1,5.108876038E-1,9.782157898E0,9.798142288E0
4.943639267E1,-1.868115234E-1,4.893324280E-1,9.827663269E0,9.841611154E0
4.944642367E1,-1.631607056E-1,4.607418823E-1,9.859097900E0,9.871206406E0
4.945645567E1,-1.727407837E-1,4.519102478E-1,9.879605255E0,9.891443891E0
4.946648667E1,-2.023791504E-1,4.483177185E-1,9.878108368E0,9.890347366E0
4.947651867E1,-2.324665833E-1,4.421804810E-1,9.866881714E0,9.879520183E0
4.948654967E1,-2.454895020E-1,4.417314148E-1,9.881251831E0,9.894166437E0
4.949658167E1,-2.426454163E-1,4.567002869E-1,9.883497162E0,9.897018142E0
4.950661267E1,-2.456391907E-1,4.668791199E-1,9.852511597E0,9.866625537E0
4.951664467E1,-2.483335876E-1,4.739144897E-1,9.819131012E0,9.833697084E0
4.952667567E1,-2.152523804E-1,4.619393921E-1,9.811347198E0,9.824574059E0
4.953670667E1,-1.924996948E-1,4.602928162E-1,9.822573853E0,9.835236789E0
4.954673867E1,-2.037263489E-1,4.385879517E-1,9.858948212E0,9.870801571E0
4.955676967E1,-1.995350647E-1,4.135899353E-1,9.879904633E0,9.890570581E0
4.956680167E1,-2.164498901E-1,4.013154602E-1,9.867630157E0,9.878159220E0
4.957683267E1,-2.327659607E-1,3.823049927E-1,9.850865021E0,9.861028281E0
4.958686467E1,-2.372566223E-1,3.770658875E-1,9.833950195E0,9.844036054E0
4.959689567E1,-2.314187622E-1,3.894900513E-1,9.832303619E0,9.842735982E0
4.960692767E1,-2.543211365E-1,3.866459656E-1,9.844428406E0,9.855300350E0
4.961695867E1,-2.356100464E-1,4.011657715E-1,9.857750702E0,9.868723067E0
4.962699067E1,-2.233355713E-1,4.028123474E-1,9.840386810E0,9.851159787E0
4.963702167E1,-2.399510193E-1,4.082011414E-1,9.833800507E0,9.845193602E0
4.964705267E1,-2.439926147E-1,4.108955383E-1,9.858499146E0,9.870074617E0
4.965708467E1,-2.424957275E-1,4.327500916E-1,9.864037628E0,9.876503184E0
4.966711567E1,-2.498304749E-1,4.349954224E-1,9.874066772E0,9.886800843E0
4.967714767E1,-2.359094238E-1,4.517605591E-1,9.875563660E0,9.888705601E0
4.968717867E1,-2.381547546E-1,4.589456177E-1,9.857601013E0,9.871152238E0
4.969721067E1,-2.447410583E-1,4.540058899E-1,9.843380585E0,9.856883933E0
4.970724167E1,-2.365081787E-1,4.516108704E-1,9.836644592E0,9.849845955E0
4.971727367E1,-2.411485291E-1,4.544549561E-1,9.836045837E0,9.849491339E0
4.972730467E1,-2.356100464E-1,4.578977966E-1,9.848919067E0,9.862372396E0
4.973733667E1,-2.386038208E-1,4.305047607E-1,9.844129028E0,9.856426455E0
4.974736767E1,-2.378553772E-1,4.258644104E-1,9.848769379E0,9.860841442E0
4.975739967E1,-2.275268555E-1,4.107458496E-1,9.870773621E0,9.881935665E0
4.976743067E1,-2.318678284E-1,3.972738647E-1,9.864337006E0,9.875056140E0
4.977746167E1,-2.546205139E-1,3.814068604E-1,9.854756927E0,9.865421273E0
4.978749367E1,-2.634521484E-1,3.836521912E-1,9.850266266E0,9.861254563E0
4.979752467E1,-2.642005920E-1,3.814068604E-1,9.837991791E0,9.848926623E0
4.980755667E1,-2.579136658E-1,3.882925415E-1,9.865384827E0,9.876391463E0
4.981758767E1,-2.526745605E-1,3.805087280E-1,9.887688446E0,9.898232879E0
4.982761987E1,-2.532733154E-1,3.887416077E-1,9.870623932E0,9.881522363E0
4.983765087E1,-2.426454163E-1,4.055067444E-1,9.844727783E0,9.856062989E0
4.984768287E1,-2.350112915E-1,3.897894287E-1,9.805060272E0,9.815618832E0
4.985771387E1,-2.395019531E-1,4.016148376E-1,9.796977081E0,9.808130076E0
4.986774587E1,-2.439926147E-1,3.975732422E-1,9.827962646E0,9.839026713E0
4.987777687E1,-2.421963501E-1,4.007167053E-1,9.853260040E0,9.864378661E0
4.988780888E1,-2.465373230E-1,4.020639038E-1,9.874066772E0,9.885324004E0
4.989783987E1,-2.580633545E-1,4.062551880E-1,9.833950195E0,9.845720716E0
4.990787087E1,-2.752775574E-1,4.074526978E-1,9.787097626E0,9.799442605E0
4.991790287E1,-2.793191528E-1,4.004173279E-1,9.817933502E0,9.830064673E0
4.992793388E1,-2.619552612E-1,3.933819580E-1,9.911189575E0,9.922451749E0
4.993796587E1,-1.824705505E-1,3.781137085E-1,1.004037094E1,1.004914494E1
4.994799687E1,-1.350192261E-1,3.936813354E-1,1.002210892E1,1.003074685E1
4.995802888E1,-1.809736633E-1,4.001179504E-1,9.785001984E0,9.794851181E0
4.996805987E1,-2.823129272E-1,4.052073669E-1,9.655820618E0,9.668441726E0
4.997809187E1,-3.049159241E-1,4.092489624E-1,9.722432098E0,9.735817600E0
4.998812287E1,-2.743794250E-1,3.954776001E-1,9.831555176E0,9.843330929E0
4.999815487E1,-2.299218750E-1,3.794609070E-1,9.922266541E0,9.932181430E0
5.000818587E1,-1.788780212E-1,3.671864319E-1,9.892328796E0,9.900757155E0
5.001821687E1,-1.683998108E-1,3.971241760E-1,9.821376343E0,9.830844286E0
5.002824887E1,-1.956431580E-1,4.429289246E-1,9.763895874E0,9.775895095E0
5.003827987E1,-2.607577515E-1,4.531077576E-1,9.775122528E0,9.789091974E0
5.004831187E1,-2.981799316E-1,4.703219604E-1,9.848470001E0,9.864201710E0
5.005834287E1,-2.868035889E-1,4.602928162E-1,9.871971130E0,9.886856921E0
5.006837488E1,-2.639012146E-1,4.689747620E-1,9.873318329E0,9.887972290E0
5.007840587E1,-2.282752991E-1,4.513114929E-1,9.864786072E0,9.877742450E0
5.008843787E1,-2.145039368E-1,4.306544495E-1,9.871072998E0,9.882790968E0
5.009846887E1,-2.059716797E-1,3.957769775E-1,9.905351715E0,9.915394916E0
5.010850087E1,-2.142045593E-1,3.594026184E-1,9.906549225E0,9.915380546E0
5.011853187E1,-2.281256104E-1,3.200344849E-1,9.896969147E0,9.904769642E0
5.012856387E1,-2.270777893E-1,3.305126953E-1,9.857601013E0,9.865753935E0
5.013859487E1,-2.459385681E-1,3.381468201E-1,9.805060272E0,9.813971469E0
5.014862587E1,-2.689906311E-1,3.680845642E-1,9.775870972E0,9.786495566E0
5.015865787E1,-2.700384521E-1,3.721261597E-1,9.754764862E0,9.765594511E0
5.016868887E1,-2.448907471E-1,3.815565491E-1,9.779762878E0,9.790266536E0
5.017872088E1,-2.312690735E-1,3.737727356E-1,9.814939728E0,9.824776501E0
5.018875187E1,-2.085163879E-1,3.775149536E-1,9.848470001E0,9.857908398E0
5.019878387E1,-2.047741699E-1,3.733236694E-1,9.879156189E0,9.888327969E0
5.020881487E1,-2.118095398E-1,3.658392334E-1,9.902657318E0,9.911676124E0
5.021884687E1,-2.269281006E-1,3.764671326E-1,9.901010742E0,9.910763723E0
5.022887787E1,-2.395019531E-1,4.113446045E-1,9.833501129E0,9.845014476E0
5.023890987E1,-2.787203979E-1,4.564009094E-1,9.829908600E0,9.844444623E0
5.024894087E1,-2.680924988E-1,4.709207153E-1,9.813143463E0,9.828093637E0
5.025897287E1,-2.293231201E-1,4.568499756E-1,9.817933502E0,9.831231828E0
5.026900387E1,-1.960922241E-1,4.394860840E-1,9.815688171E0,9.827478540E0
5.027903487E1,-2.061213684E-1,4.010160828E-1,9.802365875E0,9.812730337E0
5.028906688E1,-1.975891113E-1,3.995191956E-1,9.836494904E0,9.846587685E0
5.029909787E1,-2.082170105E-1,3.833528137E-1,9.898316345E0,9.907925119E0
5.030912987E1,-2.252815247E-1,3.706292725E-1,9.931098175E0,9.940564812E0
5.031916087E1,-2.182461548E-1,3.950285339E-1,9.916728058E0,9.926992208E0
5.032919287E1,-2.384541321E-1,4.002676392E-1,9.870923309E0,9.881912848E0
5.033922387E1,-2.306703186E-1,3.995191956E-1,9.850715332E0,9.861511899E0
5.034925587E1,-2.332150269E-1,4.122427368E-1,9.835147705E0,9.846545775E0
5.035928687E1,-2.284249878E-1,4.119433594E-1,9.838889923E0,9.850158893E0
5.036931887E1,-2.236349487E-1,4.053570557E-1,9.852511597E0,9.863382366E0
5.037934987E1,-2.252815247E-1,3.927832031E-1,9.864786072E0,9.875172639E0
5.038938087E1,-2.275268555E-1,3.797602844E-1,9.855205994E0,9.865144273E0
5.039941288E1,-2.299218750E-1,3.553610229E-1,9.870324554E0,9.879395343E0
5.040944387E1,-2.320175171E-1,3.408412170E-1,9.832303619E0,9.840945042E0
5.041947587E1,-2.320175171E-1,3.288661194E-1,9.836345215E0,9.844575777E0
5.042950687E1,-2.531236267E-1,3.315605164E-1,9.808203735E0,9.817070055E0
5.043953887E1,-2.393522644E-1,3.411405945E-1,9.807604980E0,9.816454648E0
5.044956987E1,-2.468367004E-1,3.448828125E-1,9.816436615E0,9.825594146E0
5.045960187E1,-2.330653381E-1,3.538641357E-1,9.827962646E0,9.837092510E0
5.046963287E1,-2.369572449E-1,3.728746033E-1,9.829609222E0,9.839532594E0
5.047966487E1,-2.393522644E-1,3.682342529E-1,9.840536499E0,9.850332206E0
5.048969587E1,-2.323168945E-1,3.586541748E-1,9.843829651E0,9.853100332E0
5.049972787E1,-2.642005920E-1,3.626957703E-1,9.849218445E0,9.859434778E0
5.050975888E1,-2.618055725E-1,3.706292725E-1,9.847721558E0,9.858170626E0
5.051978987E1,-2.628533936E-1,3.707789612E-1,9.844129028E0,9.854615430E0
5.052982187E1,-2.550695801E-1,3.829037476E-1,9.824370117E0,9.835137212E0
5.053985287E1,-2.427951050E-1,4.095483398E-1,9.828262024E0,9.839787280E0
5.054988487E1,-2.335144043E-1,4.201762390E-1,9.840087433E0,9.851822052E0
5.055991587E1,-2.222877502E-1,4.029620361E-1,9.846524048E0,9.857272750E0
5.056994787E1,-2.363584900E-1,3.993695068E-1,9.849817200E0,9.860743390E0
5.057997888E1,-2.444416809E-1,3.870950317E-1,9.837093658E0,9.847741159E0
5.059001087E1,-2.610571289E-1,3.882925415E-1,9.828262024E0,9.839393088E0
5.060004187E1,-2.659968567E-1,3.730242920E-1,9.853559418E0,9.864204714E0
5.061007387E1,-2.600093079E-1,3.851490784E-1,9.872420197E0,9.883350909E0
5.062010487E1,-2.438429260E-1,3.917353821E-1,9.882599030E0,9.893365431E0
5.063013687E1,-2.291734314E-1,3.944297791E-1,9.848020935E0,9.858580610E0
5.064016787E1,-2.306703186E-1,4.047583008E-1,9.831405487E0,9.842437296E0
5.065019887E1,-2.183958435E-1,3.790118408E-1,9.805359650E0,9.815112051E0
5.066023087E1,-2.421963501E-1,3.617976379E-1,9.844727783E0,9.854350396E0
5.067026187E1,-2.430944824E-1,3.460803223E-1,9.883197784E0,9.892242666E0
5.068029387E1,-2.402503967E-1,3.550616455E-1,9.899962921E0,9.909240882E0
5.069032488E1,-2.350112915E-1,3.522175598E-1,9.868228912E0,9.877308813E0
5.070035687E1,-2.408491516E-1,3.474275208E-1,9.825417938E0,9.834508216E0
5.071038787E1,-2.510279846E-1,3.562591553E-1,9.805060272E0,9.814741086E0
5.072041987E1,-2.414479065E-1,3.366499329E-1,9.846973114E0,9.855684135E0
5.073045087E1,-1.922003174E-1,3.403921509E-1,9.988728333E0,9.996374417E0
5.074048287E1,-1.371148682E-1,3.420387268E-1,1.002674927E1,1.003351842E1
5.075051387E1,-1.633103943E-1,3.534150696E-1,9.817634125E0,9.825350493E0
5.076054588E1,-2.872526550E-1,3.513194275E-1,9.661508789E0,9.672160643E0
5.077057687E1,-3.345542908E-1,3.594026184E-1,9.693542175E0,9.705970159E0
5.078060787E1,-2.902464294E-1,3.603007507E-1,9.810449066E0,9.821352784E0
5.079063987E1,-2.610571289E-1,3.531156921E-1,9.930349731E0,9.940054693E0
5.080067088E1,-2.035766602E-1,3.486250305E-1,9.919272766E0,9.927484831E0
5.081070287E1,-1.853146362E-1,3.766168213E-1,9.855056305E0,9.863990902E0
5.082073312E1,-2.219883728E-1,3.953279114E-1,9.788594513E0,9.799089016E0
5.083076512E1,-2.576142883E-1,4.242178345E-1,9.805808716E0,9.818360885E0
5.084079613E1,-2.722837830E-1,4.466711426E-1,9.858199768E0,9.872069501E0
5.085082812E1,-2.552192688E-1,4.568499756E-1,9.880952454E0,9.894800158E0
5.086085912E1,-2.362088013E-1,4.403842163E-1,9.885742493E0,9.898365395E0
5.087089112E1,-2.269281006E-1,4.342469788E-1,9.868977356E0,9.881132569E0
5.088092212E1,-2.059716797E-1,4.140390015E-1,9.877808990E0,9.888627968E0
5.089095312E1,-2.118095398E-1,3.644920349E-1,9.904603271E0,9.913570683E0
5.090098512E1,-2.264790344E-1,3.206332397E-1,9.913883972E0,9.921652778E0
5.091101612E1,-2.351609802E-1,3.032693481E-1,9.888736267E0,9.896179967E0
5.092104812E1,-2.637515259E-1,2.998265076E-1,9.843679962E0,9.851776287E0
5.093107912E1,-2.676434326E-1,3.049159241E-1,9.818981323E0,9.827359816E0
5.094111112E1,-2.688409424E-1,3.420387268E-1,9.776320038E0,9.785995066E0
5.095114213E1,-2.544708252E-1,3.504212952E-1,9.776769104E0,9.786356043E0
5.096117412E1,-2.412982178E-1,3.333567810E-1,9.783804474E0,9.792455338E0
5.097120512E1,-2.209405518E-1,3.222798157E-1,9.814490662E0,9.822265826E0
5.098123713E1,-2.158511353E-1,3.261717224E-1,9.856104126E0,9.863861731E0
5.099126812E1,-2.058219910E-1,3.125500488E-1,9.865684204E0,9.872779499E0
5.100130012E1,-2.149530029E-1,3.189866638E-1,9.891131287E0,9.898607751E0
5.101133112E1,-2.489323425E-1,3.508703613E-1,9.888885956E0,9.898239377E0
5.102136213E1,-2.650987244E-1,3.631448364E-1,9.851014709E0,9.861269812E0
5.103139412E1,-2.739303589E-1,3.975732422E-1,9.848320312E0,9.860147834E0
5.104142512E1,-2.636018372E-1,4.222718811E-1,9.811646576E0,9.824266283E0
5.105145712E1,-2.442919922E-1,4.414320374E-1,9.802216187E0,9.815191439E0
5.106148812E1,-2.112107849E-1,4.204756165E-1,9.799072723E0,9.810363703E0
5.107152012E1,-2.140548706E-1,3.990701294E-1,9.792037354E0,9.802503353E0
5.108155112E1,-2.183958435E-1,3.745211792E-1,9.846973114E0,9.856512688E0
5.109158313E1,-2.221380615E-1,3.433859253E-1,9.920769653E0,9.929195825E0
5.110161412E1,-2.392025757E-1,3.462300110E-1,9.934541016E0,9.943450019E0
5.111164612E1,-2.441423035E-1,3.779640198E-1,9.918224945E0,9.928426276E0
5.112167712E1,-2.384541321E-1,3.695814514E-1,9.882748718E0,9.892531175E0
5.113170912E1,-2.320175171E-1,3.817062378E-1,9.861642609E0,9.871753984E0
5.114174012E1,-2.462379456E-1,3.718267822E-1,9.851613464E0,9.861702497E0
5.115177112E1,-2.418969727E-1,3.785627747E-1,9.845176849E0,9.855421407E0
5.116180312E1,-2.308200073E-1,3.805087280E-1,9.839488678E0,9.849548325E0
5.117183412E1,-2.308200073E-1,3.601510620E-1,9.849517822E0,9.858802564E0
5.118186612E1,-2.281256104E-1,3.379971313E-1,9.851314087E0,9.859750128E0
5.119189712E1,-2.365081787E-1,3.110531616E-1,9.852062531E0,9.859808634E0
5.120192913E1,-2.356100464E-1,2.996768188E-1,9.854307861E0,9.861678443E0
5.121196012E1,-2.390528870E-1,3.002755737E-1,9.858798523E0,9.866266772E0
5.122199212E1,-2.552192688E-1,2.915936279E-1,9.840237122E0,9.847864252E0
5.123202312E1,-2.703378296E-1,3.061134338E-1,9.825417938E0,9.833901852E0
5.124205512E1,-2.564167786E-1,3.138972473E-1,9.847571869E0,9.855909535E0
5.125208612E1,-2.490820312E-1,3.100053406E-1,9.853858795E0,9.861880060E0
5.126211812E1,-2.350112915E-1,3.266207886E-1,9.851763153E0,9.859977113E0
5.127214912E1,-2.300715637E-1,3.252735901E-1,9.848470001E0,9.856525615E0
5.128218012E1,-2.404000854E-1,3.338058472E-1,9.830357666E0,9.838960839E0
5.129221212E1,-2.489323425E-1,3.338058472E-1,9.824519806E0,9.833340382E0
5.130224312E1,-2.674937439E-1,3.306623840E-1,9.825268250E0,9.834469314E0
5.131227513E1,-2.546205139E-1,3.525169373E-1,9.846074982E0,9.855673104E0
5.132230612E1,-2.550695801E-1,3.456312561E-1,9.854607239E0,9.863964988E0
5.133233812E1,-2.535726929E-1,3.890409851E-1,9.849517822E0,9.860459083E0
5.134236912E1,-2.435435486E-1,4.001179504E-1,9.866133270E0,9.877246253E0
5.135240112E1,-2.519261169E-1,3.939807129E-1,9.863139496E0,9.874219376E0
5.136243212E1,-2.673440552E-1,3.905378723E-1,9.874366150E0,9.885701773E0
5.137246412E1,-2.618055725E-1,3.962260437E-1,9.889035645E0,9.900432476E0
5.138249512E1,-2.510279846E-1,3.980223083E-1,9.899214478E0,9.910392731E0
5.139252712E1,-2.459385681E-1,4.034111023E-1,9.906100159E0,9.917360871E0
5.140255812E1,-2.517764282E-1,3.857478333E-1,9.890682220E0,9.901403312E0
5.141258912E1,-2.323168945E-1,3.817062378E-1,9.878707123E0,9.888808078E0
5.142262113E1,-2.180964661E-1,3.763174438E-1,9.859247589E0,9.868837009E0
5.143265212E1,-2.106120300E-1,3.498225403E-1,9.869276733E0,9.877720206E0
5.144268412E1,-2.109114075E-1,3.402424622E-1,9.814490662E0,9.822651144E0
5.145271512E1,-2.281256104E-1,3.356021118E-1,9.726174316E0,9.734635941E0
5.146274712E1,-2.481838989E-1,3.246748352E-1,9.666448517E0,9.675083252E0
5.147277812E1,-2.478845215E-1,3.019221497E-1,9.793983307E0,9.801770898E0
5.148281012E1,-2.032772827E-1,2.996768188E-1,9.956245880E0,9.962828909E0
5.149284113E1,-1.700463867E-1,3.080593872E-1,9.993967438E0,1.000016007E1
5.150287312E1,-2.028282166E-1,3.317102051E-1,9.800719299E0,9.808428505E0
5.151290412E1,-2.734812927E-1,3.604504395E-1,9.646539917E0,9.657144967E0
5.152293612E1,-3.001258850E-1,3.839515686E-1,9.650282135E0,9.662579347E0
5.153296712E1,-2.781216431E-1,3.707789612E-1,9.802216187E0,9.813168237E0
5.154299812E1,-2.263293457E-1,3.582051086E-1,9.913285217E0,9.922336402E0
5.155303012E1,-1.390608215E-1,3.608995056E-1,9.943821716E0,9.951340447E0
5.156306112E1,-1.047821045E-1,3.854484558E-1,9.865833893E0,9.873916558E0
5.157309312E1,-1.395098877E-1,4.158352661E-1,9.811496887E0,9.821295899E0
5.158312412E1,-2.148033142E-1,4.358935547E-1,9.814490662E0,9.826513654E0
5.159315612E1,-2.902464294E-1,4.583468628E-1,9.827962646E0,9.842925105E0
5.160318713E1,-3.272195435E-1,4.682263184E-1,9.830657043E0,9.847239533E0
5.161321912E1,-2.827619934E-1,4.885839844E-1,9.836195526E0,9.852380985E0
5.162325012E1,-2.522254944E-1,4.725672913E-1,9.841284943E0,9.855852417E0
5.163328212E1,-2.174977112E-1,4.634362793E-1,9.884395294E0,9.897643597E0
5.164331312E1,-1.827699280E-1,4.337979126E-1,9.914033661E0,9.925202714E0
5.165334512E1,-1.722917175E-1,4.065545654E-1,9.922416229E0,9.932236147E0
5.166337612E1,-1.627116394E-1,3.751199341E-1,9.908495178E0,9.916928292E0
5.167340712E1,-1.812730408E-1,3.644920349E-1,9.880204010E0,9.888586635E0
5.168343912E1,-1.956431580E-1,3.611988831E-1,9.848619690E0,9.857182695E0
5.169347012E1,-2.278262329E-1,3.745211792E-1,9.826016693E0,9.835790510E0
5.170350212E1,-2.326162720E-1,3.799099731E-1,9.799222412E0,9.809342577E0
5.171353313E1,-2.323168945E-1,3.767665100E-1,9.798923035E0,9.808915168E0
5.172356512E1,-2.321672058E-1,3.764671326E-1,9.810598755E0,9.820563988E0
5.173359612E1,-2.137554932E-1,3.897894287E-1,9.815538483E0,9.825600384E0
5.174362812E1,-2.040257263E-1,3.579057312E-1,9.830657043E0,9.839285590E0
5.175365912E1,-2.143542480E-1,3.631448364E-1,9.848170624E0,9.857194659E0
5.176369112E1,-2.088157654E-1,3.903881836E-1,9.885293427E0,9.895202529E0
5.177372212E1,-2.174977112E-1,3.984713745E-1,9.891580353E0,9.901992050E0
5.178375312E1,-2.365081787E-1,4.183799744E-1,9.864786072E0,9.876486327E0
5.179378512E1,-2.630030823E-1,4.546046448E-1,9.876012726E0,9.889967814E0
5.180381612E1,-2.598596191E-1,4.802014160E-1,9.841584320E0,9.856718640E0
5.181384812E1,-2.309696960E-1,4.674778748E-1,9.801467743E0,9.815327426E0
5.182387913E1,-2.155517578E-1,4.492158508E-1,9.777517548E0,9.790204637E0
5.183391112E1,-2.043251038E-1,4.194277954E-1,9.804162140E0,9.815256680E0
5.184394212E1,-1.877096558E-1,4.076023865E-1,9.843530273E0,9.853753745E0
5.185397412E1,-1.890568542E-1,4.070036316E-1,9.882599030E0,9.892783129E0
5.186400512E1,-2.035766602E-1,3.980223083E-1,9.867181091E0,9.877303676E0
5.187403712E1,-2.224374390E-1,4.188290405E-1,9.854457550E0,9.865861837E0
5.188406812E1,-2.390528870E-1,4.266128540E-1,9.857750702E0,9.869873034E0
5.189410013E1,-2.398013306E-1,4.281097412E-1,9.846224670E0,9.858444243E0
5.190413112E1,-2.185455322E-1,4.454736328E-1,9.840985565E0,9.853486987E0
5.191416212E1,-2.019300842E-1,4.381388855E-1,9.849817200E0,9.861624628E0
5.192419412E1,-1.986369324E-1,4.360432434E-1,9.870025177E0,9.881649019E0
5.193422513E1,-1.877096558E-1,4.445755005E-1,9.876761169E0,9.888543547E0
5.194425712E1,-1.836680603E-1,4.306544495E-1,9.885742493E0,9.896822816E0
5.195428812E1,-1.917512512E-1,4.167333984E-1,9.876012726E0,9.886660843E0
5.196432013E1,-2.121089172E-1,4.023632813E-1,9.851613464E0,9.862108003E0
5.197435112E1,-2.139051819E-1,3.899391174E-1,9.828262024E0,9.838320098E0
5.198438312E1,-2.260299683E-1,3.839515686E-1,9.823022919E0,9.833121967E0
5.199441412E1,-2.287243652E-1,3.607498169E-1,9.819131012E0,9.828417426E0
5.200444612E1,-2.161505127E-1,3.721261597E-1,9.828711090E0,9.838127902E0
5.201447712E1,-2.215393066E-1,3.770658875E-1,9.817783813E0,9.827519390E0
5.202450912E1,-2.160008240E-1,3.935316467E-1,9.797426147E0,9.807705268E0
5.203454012E1,-2.252815247E-1,4.150868225E-1,9.815837860E0,9.827192973E0
5.204457212E1,-2.188449097E-1,4.019142151E-1,9.832004242E0,9.842648807E0
5.205460312E1,-2.243833923E-1,4.183799744E-1,9.853709106E0,9.865139272E0
5.206463412E1,-2.246827698E-1,4.290078735E-1,9.852361908E0,9.864256955E0
5.207466613E1,-2.284249878E-1,4.343966675E-1,9.847122803E0,9.859346121E0
5.208469712E1,-2.255809021E-1,4.478686523E-1,9.843530273E0,9.856295517E0
5.209472912E1,-2.219883728E-1,4.564009094E-1,9.861941986E0,9.874992677E0
5.210476012E1,-2.487826538E-1,4.454736328E-1,9.842632141E0,9.855848367E0
5.211479212E1,-2.583627319E-1,4.387376404E-1,9.818083191E0,9.831276599E0
5.212482312E1,-2.517764282E-1,4.309538269E-1,9.820478210E0,9.833153352E0
5.213485512E1,-2.311193848E-1,4.379891968E-1,9.864187317E0,9.876610863E0
5.214488612E1,-2.047741699E-1,4.397854614E-1,9.891280975E0,9.903170353E0
5.215491812E1,-1.692979431E-1,4.535568237E-1,9.879455566E0,9.891310220E0
5.216494912E1,-1.851649475E-1,4.531077576E-1,9.835447083E0,9.847619611E0
5.217498112E1,-2.148033142E-1,4.487667847E-1,9.790241089E0,9.802874715E0
5.218501213E1,-2.339634705E-1,4.406835938E-1,9.789492645E0,9.802199100E0
5.219504312E1,-2.389031982E-1,3.963757324E-1,9.832602997E0,9.843488719E0
5.220507512E1,-2.257305908E-1,3.926335144E-1,9.893077240E0,9.903438426E0
5.221510612E1,-2.207908630E-1,4.032614136E-1,9.867929535E0,9.878633594E0
5.222513812E1,-2.264790344E-1,3.990701294E-1,9.775122528E0,9.785886274E0
5.223516912E1,-2.209405518E-1,4.029620361E-1,9.790839844E0,9.801619151E0
5.224520112E1,-2.112107849E-1,4.099974060E-1,9.906549225E0,9.917279134E0
5.225523212E1,-1.558259583E-1,4.117936707E-1,1.006671616E1,1.007634011E1
5.226526412E1,-1.329235840E-1,4.284091187E-1,1.002480331E1,1.003483356E1
5.227529512E1,-1.833686829E-1,4.489164734E-1,9.774972839E0,9.786993618E0
5.228532712E1,-2.836601257E-1,4.529580688E-1,9.595496063E0,9.610368296E0
5.229535813E1,-3.126997375E-1,4.318519592E-1,9.636510773E0,9.651249510E0
5.230539012E1,-2.677931213E-1,3.993695068E-1,9.811646576E0,9.823421893E0
5.231542112E1,-2.037263489E-1,3.620970154E-1,9.967771912E0,9.976426993E0
5.232545312E1,-1.392105103E-1,3.766168213E-1,9.978549500E0,9.986624550E0
5.233548412E1,-1.202000427E-1,3.986210632E-1,9.893526306E0,9.902283049E0
5.234551512E1,-1.579216003E-1,4.391867065E-1,9.815688171E0,9.826777624E0
5.235554712E1,-2.233355713E-1,4.785548401E-1,9.793384552E0,9.807613089E0
5.236557812E1,-2.597099304E-1,5.013075256E-1,9.834099884E0,9.850293347E0
5.237561012E1,-2.609074402E-1,5.092410278E-1,9.863738251E0,9.880320410E0
5.238564112E1,-2.395019531E-1,5.364843750E-1,9.856553192E0,9.874047676E0
5.239567312E1,-2.104623413E-1,5.439688110E-1,9.869576111E0,9.886795693E0
5.240570413E1,-1.869612122E-1,5.375321960E-1,9.876910858E0,9.893293863E0
5.241573612E1,-1.901046753E-1,4.909790039E-1,9.877359924E0,9.891382069E0
5.242576712E1,-2.065704346E-1,4.457730103E-1,9.873468018E0,9.885684378E0
5.243579912E1,-2.140548706E-1,4.222718811E-1,9.882299652E0,9.893633278E0
5.244583012E1,-2.143542480E-1,4.026626587E-1,9.847871246E0,9.858430557E0
5.245586212E1,-2.231858826E-1,3.953279114E-1,9.833650818E0,9.844124364E0
5.246589312E1,-2.176473999E-1,4.038601685E-1,9.820178833E0,9.830889367E0
5.247592412E1,-2.315684509E-1,3.830534363E-1,9.801617432E0,9.811832559E0
5.248595612E1,-2.264790344E-1,3.900888062E-1,9.811047821E0,9.821411374E0
5.249598712E1,-2.249821472E-1,4.014651489E-1,9.814939728E0,9.825723032E0
5.250601912E1,-2.026785278E-1,4.013154602E-1,9.826016693E0,9.836296902E0
5.251605013E1,-1.960922241E-1,4.209246826E-1,9.849966888E0,9.860906523E0
5.252608212E1,-2.086660767E-1,4.331991577E-1,9.853709106E0,9.865433908E0
5.253611312E1,-2.185455322E-1,4.543052673E-1,9.883497162E0,9.896346375E0
5.254614513E1,-2.251318359E-1,4.643344116E-1,9.882449341E0,9.895913084E0
5.255617612E1,-2.351609802E-1,4.668791199E-1,9.808203735E0,9.822124888E0
5.256620812E1,-2.637515259E-1,4.857398987E-1,9.798773346E0,9.814350065E0
5.257623912E1,-2.698887634E-1,4.986131287E-1,9.776020660E0,9.792447853E0
5.258627112E1,-2.435435486E-1,4.894821167E-1,9.814041595E0,9.829258296E0
5.259630212E1,-1.785786438E-1,4.676275635E-1,9.879455566E0,9.892128596E0
5.260633412E1,-1.556762695E-1,4.710704041E-1,9.905501404E0,9.917918153E0
5.261636512E1,-1.555265808E-1,4.493655396E-1,9.866732025E0,9.878183981E0
5.262639612E1,-1.710942078E-1,4.505630493E-1,9.838440857E0,9.850238514E0
5.263642812E1,-1.962419128E-1,4.535568237E-1,9.834249573E0,9.846658791E0
5.264645912E1,-2.309696960E-1,4.354444885E-1,9.863588562E0,9.875896831E0
5.265649113E1,-2.456391907E-1,4.451742554E-1,9.889484711E0,9.902546469E0
5.266652212E1,-2.366578674E-1,4.529580688E-1,9.886191559E0,9.899391976E0
5.267655412E1,-2.321672058E-1,4.611909485E-1,9.859397278E0,9.872908051E0
5.268658512E1,-2.107617188E-1,4.725672913E-1,9.838291168E0,9.851888827E0
5.269661712E1,-2.013313293E-1,4.564009094E-1,9.828711090E0,9.841361582E0
5.270664812E1,-2.035766602E-1,4.520599365E-1,9.843380585E0,9.855858308E0
5.271668012E1,-1.895059204E-1,4.336482239E-1,9.867779846E0,9.879121538E0
5.272671112E1,-1.866618347E-1,4.314028931E-1,9.876761169E0,9.887940245E0
5.273674312E1,-1.919009399E-1,4.044589233E-1,9.847422180E0,9.857592839E0
5.274677412E1,-2.191442871E-1,3.957769775E-1,9.847122803E0,9.857509377E0
5.275680512E1,-2.287243652E-1,4.002676392E-1,9.826465759E0,9.837273928E0
5.276683713E1,-2.276765442E-1,4.098477173E-1,9.829459534E0,9.840634455E0
5.277686812E1,-2.291734314E-1,4.263134766E-1,9.825717316E0,9.837631036E0
5.278690012E1,-2.323168945E-1,4.182302856E-1,9.818083191E0,9.829732715E0
5.279693112E1,-2.294728088E-1,4.302053833E-1,9.796078949E0,9.808205606E0
5.280696312E1,-2.427951050E-1,4.390370178E-1,9.801767120E0,9.814598395E0
5.281699412E1,-2.472857666E-1,4.385879517E-1,9.843380585E0,9.856249336E0
5.282702675E1,-2.291734314E-1,4.293072510E-1,9.874216461E0,9.886201288E0
5.283705775E1,-2.318678284E-1,4.459226990E-1,9.883946228E0,9.896716768E0
5.284708975E1,-2.143542480E-1,4.692741394E-1,9.888436890E0,9.901886188E0
5.285712075E1,-2.163002014E-1,4.634362793E-1,9.851314087E0,9.864580488E0
5.286715275E1,-2.300715637E-1,4.647834778E-1,9.827812958E0,9.841486887E0
5.287718375E1,-2.239343262E-1,4.480183411E-1,9.832902374E0,9.845650619E0
5.288721475E1,-2.405497742E-1,4.692741394E-1,9.845925293E0,9.860036881E0
5.289724675E1,-2.426454163E-1,4.456233215E-1,9.846673737E0,9.859738365E0
5.290727775E1,-2.421963501E-1,4.445755005E-1,9.823172607E0,9.836209967E0
5.291730975E1,-2.625540161E-1,4.459226990E-1,9.802665253E0,9.816314365E0
5.292734075E1,-2.538720703E-1,4.252656555E-1,9.825717316E0,9.838192043E0
5.293737275E1,-2.215393066E-1,4.505630493E-1,9.887389069E0,9.900128753E0
5.294740375E1,-1.945953369E-1,4.628375244E-1,9.907447357E0,9.920161241E0
5.295743575E1,-1.775308228E-1,4.641847229E-1,9.870474243E0,9.882977610E0
5.296746675E1,-1.883084106E-1,4.635859680E-1,9.802665253E0,9.815427554E0
5.297749875E1,-2.239343262E-1,4.581971741E-1,9.756860504E0,9.770180046E0
5.298752975E1,-2.468367004E-1,4.260140991E-1,9.774823151E0,9.787215334E0
5.299756175E1,-2.643502808E-1,4.076023865E-1,9.847272491E0,9.859249277E0
5.300759275E1,-2.441423035E-1,4.146377563E-1,9.867181091E0,9.878906449E0
5.301762475E1,-2.290237427E-1,4.204756165E-1,9.818232880E0,9.829900737E0
5.302765575E1,-2.505789185E-1,4.320016479E-1,9.756261749E0,9.769035702E0
5.303768675E1,-2.390528870E-1,4.221221924E-1,9.850715332E0,9.862653090E0
5.304771875E1,-1.902543640E-1,4.269122314E-1,1.000444565E1,1.001535738E1
5.305774975E1,-1.537303162E-1,4.239184570E-1,1.013213013E1,1.014215957E1
5.306778175E1,-1.375639343E-1,4.525090027E-1,9.939480743E0,9.950726892E0
5.307781275E1,-2.390528870E-1,4.531077576E-1,9.664352875E0,9.677921751E0
5.308784475E1,-3.179388428E-1,4.394860840E-1,9.598040771E0,9.613356322E0
5.309787575E1,-2.981799316E-1,4.364923096E-1,9.710606689E0,9.724984272E0
5.310790775E1,-2.484832764E-1,4.197271729E-1,9.917326813E0,9.929314475E0
5.311793875E1,-1.826202393E-1,4.161346436E-1,9.988578644E0,9.998911017E0
5.312797075E1,-1.387614441E-1,4.212240601E-1,9.922266541E0,9.932172861E0
5.313800175E1,-1.645079041E-1,4.499642944E-1,9.810748444E0,9.822439399E0
5.314803375E1,-2.233355713E-1,4.587959290E-1,9.784552917E0,9.797849166E0
5.315806475E1,-2.785707092E-1,4.637356567E-1,9.806108093E0,9.821018702E0
5.316809575E1,-2.814147949E-1,4.851411438E-1,9.867779846E0,9.883705545E0
5.317812775E1,-2.616558838E-1,5.005590820E-1,9.888137512E0,9.904255987E0
5.318815875E1,-2.315684509E-1,5.301974487E-1,9.862989807E0,9.879944393E0
5.319819075E1,-2.004331970E-1,5.400769043E-1,9.842183075E0,9.859027549E0
5.320822175E1,-2.025288391E-1,5.150788879E-1,9.859996033E0,9.875517503E0
5.321825375E1,-2.067201233E-1,4.710704041E-1,9.865085449E0,9.878489331E0
5.322828475E1,-2.101629639E-1,4.209246826E-1,9.884544983E0,9.895735222E0
5.323831675E1,-2.145039368E-1,4.096980286E-1,9.866133270E0,9.876965633E0
5.324834775E1,-2.210902405E-1,3.920347595E-1,9.850565643E0,9.860842542E0
5.325837975E1,-2.454895020E-1,3.838018799E-1,9.818681946E0,9.829246366E0
5.326841075E1,-2.715353394E-1,3.841012573E-1,9.811347198E0,9.822616712E0
5.327844275E1,-2.679428101E-1,3.849993896E-1,9.811347198E0,9.822553218E0
5.328847375E1,-2.451901245E-1,4.055067444E-1,9.822723541E0,9.834147227E0
5.329850475E1,-2.173480225E-1,3.968247986E-1,9.840835876E0,9.851231437E0
5.330853675E1,-2.013313293E-1,4.113446045E-1,9.835147705E0,9.845804643E0
5.331856775E1,-1.956431580E-1,4.305047607E-1,9.846823425E0,9.858171340E0
5.332859975E1,-1.972897339E-1,4.426295471E-1,9.875563660E0,9.887446675E0
5.333863075E1,-2.092648315E-1,4.457730103E-1,9.903555450E0,9.915791240E0
5.334866275E1,-2.285746765E-1,4.719685364E-1,9.845775604E0,9.859731129E0
5.335869375E1,-2.549198914E-1,4.869374084E-1,9.772428131E0,9.787872280E0
5.336872575E1,-2.685415649E-1,5.034031677E-1,9.788145447E0,9.804760099E0
5.337875675E1,-2.671943665E-1,5.146298218E-1,9.772128754E0,9.789317497E0
5.338878875E1,-2.315684509E-1,4.980143738E-1,9.829908600E0,9.845239730E0
5.339881975E1,-1.725910950E-1,4.790039062E-1,9.898765411E0,9.911850942E0
5.340885175E1,-1.540296936E-1,4.565505981E-1,9.878108368E0,9.889852806E0
5.341888275E1,-1.691482544E-1,4.423301697E-1,9.857750702E0,9.869119313E0
5.342891475E1,-2.050735474E-1,4.273612976E-1,9.845476227E0,9.856880590E0
5.343894575E1,-2.474354553E-1,4.409829712E-1,9.868528290E0,9.881474631E0
5.344897675E1,-2.549198914E-1,4.441264343E-1,9.874515839E0,9.887785166E0
5.345900875E1,-2.399510193E-1,4.496649170E-1,9.862241364E0,9.875402764E0
5.346903975E1,-2.396516418E-1,4.586462402E-1,9.836644592E0,9.850247008E0
5.347907175E1,-2.264790344E-1,4.788542175E-1,9.830357666E0,9.844619137E0
5.348910275E1,-2.245330811E-1,4.843927002E-1,9.824519806E0,9.839016252E0
5.349913475E1,-2.134561157E-1,4.797523499E-1,9.852361908E0,9.866344865E0
5.350916575E1,-2.064207458E-1,4.354444885E-1,9.853260040E0,9.865036992E0
5.351919775E1,-2.122586060E-1,4.273612976E-1,9.862241364E0,9.873778208E0
5.352922875E1,-2.188449097E-1,4.007167053E-1,9.860295410E0,9.870860780E0
5.353926075E1,-2.344125366E-1,3.980223083E-1,9.823621674E0,9.834475776E0
5.354929175E1,-2.374063110E-1,3.873944092E-1,9.821825409E0,9.832328847E0
5.355932375E1,-2.513273621E-1,4.002676392E-1,9.800569611E0,9.811959250E0
5.356935475E1,-2.311193848E-1,4.200265503E-1,9.802814941E0,9.814531025E0
5.357938575E1,-2.188449097E-1,4.387376404E-1,9.796977081E0,9.809237674E0
5.358941775E1,-2.288740540E-1,4.460723877E-1,9.795480194E0,9.808302409E0
5.359944875E1,-2.204914856E-1,4.471202087E-1,9.806257782E0,9.818921767E0
5.360948075E1,-2.297721863E-1,4.463717651E-1,9.813891907E0,9.826724651E0
5.361951175E1,-2.438429260E-1,4.357438660E-1,9.849667511E0,9.862316268E0
5.362954375E1,-2.401007080E-1,4.426295471E-1,9.873767395E0,9.886599609E0
5.363957475E1,-2.266287231E-1,4.279600525E-1,9.886940002E0,9.898792502E0
5.364960675E1,-2.288740540E-1,4.375401306E-1,9.902507629E0,9.914811246E0
5.365963775E1,-2.445913696E-1,4.366419983E-1,9.892029419E0,9.904682085E0
5.366966975E1,-2.459385681E-1,4.369413757E-1,9.882000275E0,9.894712374E0
5.367970075E1,-2.532733154E-1,4.529580688E-1,9.866432648E0,9.880071436E0
5.368973275E1,-2.523751831E-1,4.469705200E-1,9.846224670E0,9.859595131E0
5.369976375E1,-2.318678284E-1,4.318519592E-1,9.845476227E0,9.857670158E0
5.370979475E1,-2.332150269E-1,4.333488464E-1,9.857750702E0,9.870026817E0
5.371982675E1,-2.154020691E-1,4.246669006E-1,9.866133270E0,9.877617412E0
5.372985775E1,-2.234852600E-1,4.134402466E-1,9.849966888E0,9.861172659E0
5.373988975E1,-2.423460388E-1,3.960763550E-1,9.826316071E0,9.837280905E0
5.374992075E1,-2.401007080E-1,4.013154602E-1,9.833950195E0,9.845063681E0
5.375995275E1,-2.372566223E-1,3.835025024E-1,9.872869263E0,9.883163074E0
5.376998375E1,-2.383044434E-1,4.007167053E-1,9.909243622E0,9.920205242E0
5.378001575E1,-2.086660767E-1,4.281097412E-1,9.908944244E0,9.920382831E0
5.379004675E1,-2.188449097E-1,4.352947998E-1,9.878407745E0,9.890415271E0
5.380007875E1,-2.330653381E-1,4.418811035E-1,9.815688171E0,9.828393187E0
5.381010975E1,-2.519261169E-1,4.276606750E-1,9.788744202E0,9.801319986E0
5.382014175E1,-2.607577515E-1,4.044589233E-1,9.801018677E0,9.812825726E0
5.383017250E1,-2.628533936E-1,3.863465881E-1,9.870474243E0,9.881529101E0
5.384020450E1,-2.595602417E-1,3.733236694E-1,9.905950470E0,9.916380226E0
5.385023550E1,-2.459385681E-1,3.650907898E-1,9.870923309E0,9.880733983E0
5.386026650E1,-2.574645996E-1,3.860472107E-1,9.815688171E0,9.826650230E0
5.387029850E1,-2.504292297E-1,3.960763550E-1,9.819280701E0,9.830455979E0
5.388032950E1,-2.264790344E-1,3.841012573E-1,9.892328796E0,9.902373228E0
5.389036150E1,-1.922003174E-1,3.751199341E-1,1.002495300E1,1.003380978E1
5.390039250E1,-1.445993042E-1,3.878434753E-1,1.000474503E1,1.001330388E1
5.391042450E1,-2.098635864E-1,3.734733582E-1,9.768536224E0,9.777925396E0
5.392045550E1,-3.106040955E-1,3.682342529E-1,9.667795715E0,9.679790564E0
5.393048750E1,-3.249742126E-1,3.757186890E-1,9.714498596E0,9.727191565E0
5.394051850E1,-2.894979858E-1,3.796105957E-1,9.828860779E0,9.840448033E0
5.395055050E1,-2.499801636E-1,3.779640198E-1,9.933792572E0,9.944122975E0
5.396058150E1,-1.863624573E-1,3.881428528E-1,9.888736267E0,9.898105415E0
5.397061350E1,-1.660047913E-1,4.137396240E-1,9.811047821E0,9.821170878E0
5.398064450E1,-2.115101624E-1,4.420307922E-1,9.753267975E0,9.765570335E0
5.399067650E1,-2.597099304E-1,4.638853455E-1,9.808203735E0,9.822601457E0
5.400070750E1,-2.820135498E-1,4.665797424E-1,9.853858795E0,9.868929094E0
5.401073850E1,-2.826123047E-1,4.680766296E-1,9.883497162E0,9.898610084E0
5.402077050E1,-2.667453003E-1,4.659809875E-1,9.883796539E0,9.898369834E0
5.403080150E1,-2.234852600E-1,4.487667847E-1,9.879605255E0,9.892317084E0
5.404083350E1,-2.035766602E-1,4.348457336E-1,9.895921326E0,9.907562422E0
5.405086450E1,-2.053729248E-1,3.866459656E-1,9.917177124E0,9.926836115E0
5.406089650E1,-2.097138977E-1,3.676354980E-1,9.919272766E0,9.928298343E0
5.407092750E1,-2.109114075E-1,3.490740967E-1,9.901459808E0,9.909855836E0
5.408095950E1,-2.278262329E-1,3.445834351E-1,9.849517822E0,9.858176498E0
5.409099050E1,-2.466870117E-1,3.505709839E-1,9.804461517E0,9.813828007E0
5.410102250E1,-2.532733154E-1,3.535647583E-1,9.783804474E0,9.793466465E0
5.411105350E1,-2.625540161E-1,3.661386108E-1,9.770781555E0,9.781163749E0
5.412108550E1,-2.462379456E-1,3.614982605E-1,9.794132996E0,9.803894902E0
5.413111650E1,-2.318678284E-1,3.604504395E-1,9.829160156E0,9.838499712E0
5.414114750E1,-2.182461548E-1,3.655398560E-1,9.848619690E0,9.857817231E0
5.415117950E1,-2.305206299E-1,3.682342529E-1,9.865833893E0,9.875394404E0
5.416121050E1,-2.160008240E-1,3.724255371E-1,9.880353699E0,9.889729336E0
5.417124250E1,-2.383044434E-1,3.724255371E-1,9.889484711E0,9.899363496E0
5.418127350E1,-2.441423035E-1,4.089495850E-1,9.824669495E0,9.836207394E0
5.419130550E1,-2.606080627E-1,4.426295471E-1,9.818083191E0,9.831510312E0
5.420133650E1,-2.606080627E-1,4.650828552E-1,9.819131012E0,9.833593059E0
5.421136850E1,-2.417472839E-1,4.457730103E-1,9.816735992E0,9.829825068E0
5.422139950E1,-2.227368164E-1,4.345463562E-1,9.818532257E0,9.830667216E0
5.423143150E1,-1.983375549E-1,3.924838257E-1,9.833650818E0,9.843478539E0
5.424146250E1,-1.930984497E-1,3.775149536E-1,9.866432648E0,9.875540377E0
5.425149450E1,-2.046244812E-1,3.788621521E-1,9.929451599E0,9.938783465E0
5.426152550E1,-2.110610962E-1,3.896397400E-1,9.951605530E0,9.961466686E0
5.427155750E1,-2.378553772E-1,3.900888062E-1,9.912387085E0,9.922910973E0
5.428158850E1,-2.460882568E-1,4.090992737E-1,9.874964905E0,9.886498547E0
5.429161950E1,-2.465373230E-1,4.093986511E-1,9.822873230E0,9.834491670E0
5.430165150E1,-2.430944824E-1,4.188290405E-1,9.814640350E0,9.826580173E0
5.431168250E1,-2.287243652E-1,4.140390015E-1,9.830806732E0,9.842179847E0
5.432171450E1,-2.237846375E-1,4.245172119E-1,9.844428406E0,9.856118154E0
5.433174550E1,-2.219883728E-1,4.150868225E-1,9.862091675E0,9.873319002E0
5.434177750E1,-2.157014465E-1,3.845503235E-1,9.870474243E0,9.880317194E0
5.435180850E1,-2.146536255E-1,3.667373657E-1,9.845925293E0,9.855090936E0
5.436184050E1,-2.109114075E-1,3.595523071E-1,9.837093658E0,9.845921650E0
5.437187150E1,-2.288740540E-1,3.258723450E-1,9.835447083E0,9.843505241E0
5.438190350E1,-2.573149109E-1,3.320095825E-1,9.837842102E0,9.846805500E0
5.439193450E1,-2.640509033E-1,3.228785706E-1,9.823471985E0,9.832322985E0
5.440196650E1,-2.435435486E-1,3.192860413E-1,9.819879456E0,9.828086770E0
5.441199750E1,-2.270777893E-1,3.367996216E-1,9.828112335E0,9.836502955E0
5.442202850E1,-2.408491516E-1,3.417393494E-1,9.829908600E0,9.838795515E0
5.443206050E1,-2.477348328E-1,3.362008667E-1,9.835297394E0,9.844159608E0
5.444209150E1,-2.516267395E-1,3.414399719E-1,9.839039612E0,9.848177382E0
5.445212350E1,-2.398013306E-1,3.531156921E-1,9.823921051E0,9.833189726E0
5.446215450E1,-2.430944824E-1,3.604504395E-1,9.841135254E0,9.850734111E0
5.447218650E1,-2.393522644E-1,3.715274048E-1,9.849368134E0,9.859278612E0
5.448221750E1,-2.549198914E-1,3.885919189E-1,9.839189301E0,9.850159081E0
5.449224950E1,-2.573149109E-1,3.923341370E-1,9.840536499E0,9.851715365E0
5.450228050E1,-2.375559998E-1,3.935316467E-1,9.852361908E0,9.863079396E0
5.451231250E1,-2.534230042E-1,3.896397400E-1,9.842033386E0,9.853002767E0
5.452234350E1,-2.583627319E-1,4.010160828E-1,9.840686188E0,9.852241869E0
5.453237550E1,-2.453398132E-1,3.966751099E-1,9.852361908E0,9.863395862E0
5.454240650E1,-2.332150269E-1,3.899391174E-1,9.857601013E0,9.868066655E0
5.455243850E1,-2.260299683E-1,3.894900513E-1,9.863887939E0,9.874162108E0
5.456246950E1,-2.438429260E-1,3.665876770E-1,9.857601013E0,9.867428420E0
5.457250050E1,-2.642005920E-1,3.661386108E-1,9.839937744E0,9.850291074E0
5.458253250E1,-2.677931213E-1,3.749702454E-1,9.839638367E0,9.850421261E0
5.459256350E1,-2.643502808E-1,3.525169373E-1,9.866881714E0,9.876715244E0
5.460259550E1,-2.396516418E-1,3.535647583E-1,9.876162415E0,9.885394529E0
5.461262650E1,-2.124082947E-1,3.573069763E-1,9.863139496E0,9.871894766E0
5.462265850E1,-2.154020691E-1,3.772155762E-1,9.831106110E0,9.840697993E0
5.463268950E1,-2.140548706E-1,3.849993896E-1,9.818981323E0,9.828857423E0
5.464272150E1,-2.092648315E-1,3.635939026E-1,9.820478210E0,9.829434601E0
5.465275250E1,-2.401007080E-1,3.589535522E-1,9.839039612E0,9.848512400E0
5.466278450E1,-2.481838989E-1,3.567082214E-1,9.868378601E0,9.877941699E0
5.467281550E1,-2.543211365E-1,3.489244080E-1,9.868528290E0,9.877969330E0
5.468284750E1,-2.475851440E-1,3.426374817E-1,9.835596771E0,9.844676871E0
5.469287850E1,-2.628533936E-1,3.555107117E-1,9.814790039E0,9.824743421E0
5.470291050E1,-2.365081787E-1,3.475772095E-1,9.813891907E0,9.822892669E0
5.471294150E1,-2.234852600E-1,3.384461975E-1,9.895172882E0,9.903481098E0
5.472297250E1,-1.537303162E-1,3.390449524E-1,1.002585114E1,1.003276011E1
5.473300450E1,-1.426533508E-1,3.475772095E-1,9.935289459E0,9.942390886E0
5.474303550E1,-2.465373230E-1,3.514691162E-1,9.726773071E0,9.736242888E0
5.475306750E1,-3.149450684E-1,3.243754578E-1,9.691446533E0,9.701986690E0
5.476309850E1,-2.950364685E-1,3.445834351E-1,9.787846069E0,9.798352665E0
5.477313050E1,-2.712359619E-1,3.424877930E-1,9.917326813E0,9.926945046E0
5.478316150E1,-2.387535095E-1,3.403921509E-1,9.937534790E0,9.946228821E0
5.479319350E1,-1.821711731E-1,3.598516846E-1,9.858648834E0,9.866895986E0
5.480322450E1,-1.904040527E-1,3.941304016E-1,9.765093384E0,9.774898530E0
5.481325650E1,-2.248324585E-1,4.317022705E-1,9.781110077E0,9.793213508E0
5.482328750E1,-2.703378296E-1,4.372407532E-1,9.835297394E0,9.848722600E0
5.483331979E1,-2.755769348E-1,4.442761230E-1,9.862241364E0,9.876088732E0
5.484335079E1,-2.510279846E-1,4.526586914E-1,9.879605255E0,9.893154954E0
5.485338179E1,-2.258802795E-1,4.408332825E-1,9.863139496E0,9.875569685E0
5.486341379E1,-2.016307068E-1,4.242178345E-1,9.863438873E0,9.874616049E0
5.487344479E1,-2.050735474E-1,3.748205566E-1,9.893077240E0,9.902298869E0
5.488347679E1,-2.285746765E-1,3.305126953E-1,9.930948486E0,9.939075554E0
5.489350779E1,-2.347119141E-1,2.905458069E-1,9.919123077E0,9.926152788E0
5.490353979E1,-2.486329651E-1,2.996768188E-1,9.871971130E0,9.879647693E0
5.491357079E1,-2.526745605E-1,3.140469360E-1,9.826316071E0,9.834579677E0
5.492360279E1,-2.589614868E-1,3.315605164E-1,9.795330505E0,9.804360924E0
5.493363379E1,-2.453398132E-1,3.471281433E-1,9.776769104E0,9.786005502E0
5.494366579E1,-2.447410583E-1,3.462300110E-1,9.802665253E0,9.811830587E0
5.495369679E1,-2.212399292E-1,3.427871704E-1,9.810748444E0,9.819227830E0
5.496372879E1,-2.167492676E-1,3.335064697E-1,9.833351440E0,9.841392552E0
5.497375979E1,-2.061213684E-1,3.135978699E-1,9.861492920E0,9.868630718E0
5.498379179E1,-2.049238586E-1,3.071612549E-1,9.882299652E0,9.889195530E0
5.499382279E1,-2.299218750E-1,3.315605164E-1,9.878856812E0,9.887093018E0
5.500385379E1,-2.359094238E-1,3.426374817E-1,9.867630157E0,9.876395022E0
5.501388579E1,-2.514770508E-1,3.745211792E-1,9.837692413E0,9.848030201E0
5.502391679E1,-2.562670898E-1,4.113446045E-1,9.805209961E0,9.817179818E0
5.503394879E1,-2.561174011E-1,4.276606750E-1,9.797276459E0,9.809949836E0
5.504397979E1,-2.282752991E-1,4.120930481E-1,9.807455292E0,9.818763140E0
5.505401179E1,-2.029779053E-1,3.900888062E-1,9.803413696E0,9.813271086E0
5.506404279E1,-2.140548706E-1,3.629951477E-1,9.829908600E0,9.838937343E0
5.507407479E1,-2.269281006E-1,3.597019958E-1,9.908195801E0,9.917319492E0
5.508410579E1,-2.221380615E-1,3.640429688E-1,9.940827942E0,9.949971496E0
5.509413779E1,-2.206411743E-1,3.607498169E-1,9.950258331E0,9.959240123E0
5.510416879E1,-2.353106689E-1,3.703298950E-1,9.903705139E0,9.913419734E0
5.511420079E1,-2.258802795E-1,3.995191956E-1,9.854756927E0,9.865438236E0
5.512423179E1,-2.381547546E-1,3.787124634E-1,9.823921051E0,9.834102177E0
5.513426379E1,-2.395019531E-1,3.757186890E-1,9.814340973E0,9.824449829E0
5.514429479E1,-2.321672058E-1,3.653901672E-1,9.856403503E0,9.865906021E0
5.515432579E1,-2.282752991E-1,3.568579102E-1,9.856253815E0,9.865353336E0
5.516435779E1,-2.332150269E-1,3.390449524E-1,9.866582336E0,9.875160137E0
5.517438879E1,-2.401007080E-1,3.266207886E-1,9.883347473E0,9.891657433E0
5.518442079E1,-2.477348328E-1,3.207829285E-1,9.874366150E0,9.882680866E0
5.519445179E1,-2.471360779E-1,3.026705933E-1,9.855954437E0,9.863697258E0
5.520448379E1,-2.297721863E-1,3.125500488E-1,9.831106110E0,9.838756534E0
5.521451479E1,-2.562670898E-1,3.185375977E-1,9.818681946E0,9.827189536E0
5.522454679E1,-2.567161560E-1,3.023712158E-1,9.812095642E0,9.820109593E0
5.523457779E1,-2.441423035E-1,3.236270142E-1,9.829758911E0,9.838114665E0
5.524460979E1,-2.375559998E-1,3.170407104E-1,9.820029144E0,9.828017097E0
5.525464079E1,-2.393522644E-1,3.144960022E-1,9.831854553E0,9.839794774E0
5.526467279E1,-2.405497742E-1,3.101550293E-1,9.842482452E0,9.850305638E0
5.527470379E1,-2.481838989E-1,3.291654968E-1,9.852810974E0,9.861431400E0
5.528473579E1,-2.679428101E-1,3.487747192E-1,9.885143738E0,9.894923136E0
5.529476679E1,-2.600093079E-1,3.526666260E-1,9.877958679E0,9.887671427E0
5.530479779E1,-2.411485291E-1,3.706292725E-1,9.874964905E0,9.884859662E0
5.531482979E1,-2.538720703E-1,3.710783386E-1,9.889035645E0,9.899251292E0
5.532486079E1,-2.375559998E-1,3.833528137E-1,9.870474243E0,9.880771934E0
5.533489279E1,-2.312690735E-1,4.001179504E-1,9.878707123E0,9.889511321E0
5.534492379E1,-2.151026917E-1,3.987707520E-1,9.869276733E0,9.879671580E0
5.535495579E1,-2.363584900E-1,4.023632813E-1,9.839638367E0,9.850697677E0
5.536498679E1,-2.643502808E-1,3.879931641E-1,9.823621674E0,9.834834140E0
5.537501879E1,-2.643502808E-1,3.665876770E-1,9.812844086E0,9.823246747E0
5.538504979E1,-2.610571289E-1,3.694317627E-1,9.829309845E0,9.839713547E0
5.539508179E1,-2.408491516E-1,3.757186890E-1,9.841284943E0,9.851398996E0
5.540511279E1,-2.215393066E-1,3.835025024E-1,9.839638367E0,9.849600856E0
5.541514479E1,-2.213896179E-1,3.966751099E-1,9.827064514E0,9.837558715E0
5.542517579E1,-2.231858826E-1,3.938310242E-1,9.782756653E0,9.793224318E0
5.543520779E1,-2.372566223E-1,3.734733582E-1,9.763147430E0,9.773168412E0
5.544523879E1,-2.404000854E-1,3.504212952E-1,9.770931244E0,9.780167926E0
5.545527079E1,-2.484832764E-1,3.420387268E-1,9.795480194E0,9.804599261E0
5.546530179E1,-2.526745605E-1,3.296145630E-1,9.801767120E0,9.810562108E0
5.547533279E1,-2.589614868E-1,3.194357300E-1,9.763446808E0,9.772102834E0
5.548536479E1,-2.680924988E-1,3.212319946E-1,9.830657043E0,9.839556976E0
5.549539579E1,-2.023791504E-1,3.257226562E-1,9.976304169E0,9.983671541E0
5.550542779E1,-1.453477478E-1,3.406915283E-1,1.010279114E1,1.010957890E1
5.551545879E1,-1.383123779E-1,3.698808289E-1,9.938582611E0,9.946424808E0
5.552549079E1,-2.134561157E-1,3.811074829E-1,9.695937195E0,9.705771711E0
5.553552179E1,-3.013233948E-1,3.885919189E-1,9.576036530E0,9.588653455E0
5.554555379E1,-3.251239014E-1,3.855981445E-1,9.656119995E0,9.669283574E0
5.555558479E1,-2.962339783E-1,3.538641357E-1,9.851014709E0,9.861818555E0
5.556561679E1,-2.158511353E-1,3.396437073E-1,9.972412262E0,9.980528838E0
5.557564779E1,-1.466949463E-1,3.634442139E-1,9.947264557E0,9.954982836E0
5.558567979E1,-1.237925720E-1,3.932322693E-1,9.854307861E0,9.862927539E0
5.559571079E1,-1.695973206E-1,4.364923096E-1,9.802216187E0,9.813395485E0
5.560574179E1,-2.447410583E-1,4.442761230E-1,9.816586304E0,9.829681893E0
5.561577379E1,-2.839595032E-1,4.620890808E-1,9.868079224E0,9.882972573E0
5.562580479E1,-2.821632385E-1,4.884342957E-1,9.888736267E0,9.904811412E0
5.563583679E1,-2.580633545E-1,5.093907166E-1,9.876611481E0,9.893105172E0
5.564586779E1,-2.142045593E-1,5.194198608E-1,9.854307861E0,9.870312255E0
5.565589979E1,-1.856140137E-1,4.969665527E-1,9.874964905E0,9.889204224E0
5.566593079E1,-1.757345581E-1,4.568499756E-1,9.902058563E0,9.914149400E0
5.567596279E1,-1.926493835E-1,4.162843323E-1,9.915081482E0,9.925686234E0
5.568599379E1,-2.101629639E-1,3.748205566E-1,9.890382843E0,9.899713718E0
5.569602579E1,-2.209405518E-1,3.438349915E-1,9.861941986E0,9.870407133E0
5.570605679E1,-2.318678284E-1,3.293151855E-1,9.818083191E0,9.826340556E0
5.571608879E1,-2.495310974E-1,3.369493103E-1,9.816735992E0,9.825686040E0
5.572611979E1,-2.564167786E-1,3.529660034E-1,9.802814941E0,9.812518298E0
5.573615179E1,-2.513273621E-1,3.373983765E-1,9.813742218E0,9.822756203E0
5.574618279E1,-2.236349487E-1,3.454815674E-1,9.819729767E0,9.828349953E0
5.575621479E1,-2.104623413E-1,3.520678711E-1,9.807305603E0,9.815879450E0
5.576624579E1,-2.017803955E-1,3.591032410E-1,9.831405487E0,9.840030707E0
5.577627679E1,-2.101629639E-1,3.635939026E-1,9.844129028E0,9.853083036E0
5.578630879E1,-2.282752991E-1,3.727249146E-1,9.871821442E0,9.881492400E0
5.579633979E1,-2.288740540E-1,4.038601685E-1,9.864337006E0,9.875253461E0
5.580637179E1,-2.365081787E-1,4.165837097E-1,9.828112335E0,9.839779986E0
5.581640279E1,-2.636018372E-1,4.526586914E-1,9.836794281E0,9.850731320E0
5.582643479E1,-2.558180237E-1,4.719685364E-1,9.817185059E0,9.831852299E0
5.583646579E1,-2.186952209E-1,4.754113770E-1,9.780361633E0,9.794351293E0
5.584649779E1,-1.962419128E-1,4.555027771E-1,9.799222412E0,9.811766077E0
5.585652879E1,-1.751358032E-1,4.320016479E-1,9.842033386E0,9.853066485E0
5.586656079E1,-1.706451416E-1,4.164340210E-1,9.867929535E0,9.878186593E0
5.587659179E1,-1.740879822E-1,4.079017639E-1,9.885742493E0,9.895685681E0
5.588662379E1,-1.968406677E-1,4.240681458E-1,9.883497162E0,9.894548812E0
5.589665479E1,-2.155517578E-1,4.201762390E-1,9.884844360E0,9.896118363E0
5.590668679E1,-2.231858826E-1,4.263134766E-1,9.891730042E0,9.903427605E0
5.591671779E1,-2.411485291E-1,4.447251892E-1,9.872270508E0,9.885224230E0
5.592674879E1,-2.297721863E-1,4.561015320E-1,9.841135254E0,9.854378060E0
5.593678079E1,-2.091151428E-1,4.391867065E-1,9.836644592E0,9.848664424E0
5.594681179E1,-2.026785278E-1,4.303550720E-1,9.858648834E0,9.870118586E0
5.595684379E1,-2.049238586E-1,4.107458496E-1,9.881251831E0,9.891907990E0
5.596687479E1,-1.939965820E-1,3.894900513E-1,9.868677979E0,9.878266154E0
5.597690679E1,-2.140548706E-1,3.827540588E-1,9.854307861E0,9.864061211E0
5.598693779E1,-2.177970886E-1,3.773652649E-1,9.844578094E0,9.854215239E0
5.599696979E1,-2.140548706E-1,3.562591553E-1,9.824220428E0,9.833008039E0
5.600700079E1,-2.383044434E-1,3.442840576E-1,9.833950195E0,9.842860202E0
5.601703279E1,-2.441423035E-1,3.549119568E-1,9.826615448E0,9.836053026E0
5.602706379E1,-2.354603577E-1,3.640429688E-1,9.821376343E0,9.830941060E0
5.603709579E1,-2.317181396E-1,3.863465881E-1,9.815538483E0,9.825871599E0
5.604712679E1,-2.264790344E-1,3.864962769E-1,9.802216187E0,9.812446906E0
5.605715879E1,-2.143542480E-1,3.763174438E-1,9.814790039E0,9.824340490E0
5.606718979E1,-2.272274780E-1,4.068539429E-1,9.849817200E0,9.860834717E0
5.607722079E1,-2.375559998E-1,4.026626587E-1,9.870025177E0,9.881091390E0
5.608725279E1,-2.354603577E-1,4.239184570E-1,9.873767395E0,9.885667960E0
5.609728379E1,-2.297721863E-1,4.391867065E-1,9.880802765E0,9.893227153E0
5.610731579E1,-2.369572449E-1,4.400848389E-1,9.861492920E0,9.874151407E0
5.611734679E1,-2.474354553E-1,4.522096252E-1,9.833201752E0,9.846703740E0
5.612737879E1,-2.426454163E-1,4.492158508E-1,9.840237122E0,9.853473412E0
5.613740979E1,-2.399510193E-1,4.562512207E-1,9.836045837E0,9.849545136E0
5.614744179E1,-2.224374390E-1,4.266128540E-1,9.830806732E0,9.842572730E0
5.615747279E1,-2.299218750E-1,4.331991577E-1,9.843530273E0,9.855740146E0
5.616750479E1,-2.155517578E-1,4.251159668E-1,9.876162415E0,9.887657467E0
5.617753579E1,-2.139051819E-1,4.180805969E-1,9.869276733E0,9.880443819E0
5.618756779E1,-2.321672058E-1,3.911366272E-1,9.836943970E0,9.847454297E0
5.619759879E1,-2.266287231E-1,3.924838257E-1,9.830657043E0,9.841098619E0
5.620763079E1,-2.245330811E-1,3.963757324E-1,9.863438873E0,9.873953374E0
5.621766179E1,-2.167492676E-1,3.998185730E-1,9.915081482E0,9.925506331E0
5.622769279E1,-1.975891113E-1,4.186793518E-1,9.902807007E0,9.913622974E0
5.623772479E1,-2.082170105E-1,4.339476013E-1,9.841434631E0,9.853197473E0
5.624775579E1,-2.122586060E-1,4.423301697E-1,9.777517548E0,9.789819155E0
5.625778779E1,-2.450404358E-1,4.285588074E-1,9.760752411E0,9.773228489E0
5.626781879E1,-2.670446777E-1,4.093986511E-1,9.782906342E0,9.795109831E0
5.627785079E1,-2.447410583E-1,3.986210632E-1,9.852212219E0,9.863309919E0
5.628788179E1,-2.306703186E-1,3.794609070E-1,9.876910858E0,9.886888665E0
5.629791379E1,-2.284249878E-1,3.849993896E-1,9.831106110E0,9.841293098E0
5.630794479E1,-2.306703186E-1,3.945794678E-1,9.765841827E0,9.776531509E0
5.631797679E1,-2.309696960E-1,3.875440979E-1,9.848619690E0,9.858947572E0
5.632800779E1,-1.805245972E-1,4.001179504E-1,1.003543121E1,1.004502679E1
5.633803979E1,-1.426533508E-1,4.034111023E-1,1.011656250E1,1.012560750E1
5.634807079E1,-1.624122620E-1,4.400848389E-1,9.887389069E0,9.898510747E0
5.635810279E1,-2.489323425E-1,4.423301697E-1,9.636211395E0,9.649569594E0
5.636813379E1,-3.089575195E-1,4.477189636E-1,9.592651978E0,9.608063227E0
5.637816579E1,-3.026705933E-1,4.149371338E-1,9.737101593E0,9.750637402E0
5.638819679E1,-2.565664673E-1,3.849993896E-1,9.935289459E0,9.946055878E0
5.639822779E1,-1.676513672E-1,3.683839417E-1,1.001582199E1,1.002399640E1
5.640825979E1,-1.249900818E-1,4.004173279E-1,9.925709381E0,9.934569104E0
5.641829079E1,-1.445993042E-1,4.309538269E-1,9.796078949E0,9.806619853E0
5.642832279E1,-2.013313293E-1,4.598437500E-1,9.778715057E0,9.791591227E0
5.643835379E1,-2.618055725E-1,4.755610657E-1,9.810449066E0,9.825457311E0
5.644838579E1,-2.857557678E-1,4.721182251E-1,9.869576111E0,9.884992898E0
5.645841679E1,-2.607577515E-1,4.968168640E-1,9.877060547E0,9.892984719E0
5.646844879E1,-2.294728088E-1,5.185217285E-1,9.851314087E0,9.867619358E0
5.647847979E1,-1.853146362E-1,5.213658142E-1,9.855804749E0,9.871324687E0
5.648851179E1,-2.008822632E-1,4.861889648E-1,9.874366150E0,9.888368938E0
5.649854279E1,-1.930984497E-1,4.302053833E-1,9.894873505E0,9.906103440E0
5.650857479E1,-1.956431580E-1,4.083508301E-1,9.892478485E0,9.902835817E0
5.651860579E1,-2.215393066E-1,3.945794678E-1,9.863738251E0,9.874112866E0
5.652863779E1,-2.323168945E-1,3.908372498E-1,9.820178833E0,9.830698714E0
5.653866879E1,-2.421963501E-1,3.742218018E-1,9.799970856E0,9.810103455E0
5.654869979E1,-2.639012146E-1,3.836521912E-1,9.799821167E0,9.810878032E0
5.655873179E1,-2.520758057E-1,3.730242920E-1,9.799671478E0,9.810007666E0
5.656876279E1,-2.424957275E-1,3.709286499E-1,9.819430389E0,9.829425487E0
5.657879479E1,-2.380050659E-1,3.779640198E-1,9.816735992E0,9.826892121E0
5.658882579E1,-2.062710571E-1,3.939807129E-1,9.843530273E0,9.853570764E0
5.659885779E1,-2.056723022E-1,4.152365112E-1,9.859996033E0,9.870878594E0
5.660888879E1,-2.052232361E-1,4.213737488E-1,9.882000275E0,9.893108806E0
5.661892079E1,-2.107617188E-1,4.418811035E-1,9.913434906E0,9.925516160E0
5.662895179E1,-2.182461548E-1,4.646337891E-1,9.874964905E0,9.888298530E0
5.663898379E1,-2.439926147E-1,4.785548401E-1,9.811945953E0,9.826638821E0
5.664901479E1,-2.751278687E-1,5.010081482E-1,9.776469727E0,9.793164189E0
5.665904679E1,-2.598596191E-1,5.004093933E-1,9.771829376E0,9.788083875E0
5.666907779E1,-2.260299683E-1,4.851411438E-1,9.795629883E0,9.810240378E0
5.667910979E1,-1.857637024E-1,4.523593140E-1,9.857750702E0,9.869872644E0
5.668914079E1,-1.691482544E-1,4.406835938E-1,9.881401520E0,9.892669466E0
5.669917179E1,-1.698966980E-1,4.308041382E-1,9.884544983E0,9.895387138E0
5.670920379E1,-2.010319519E-1,4.287084961E-1,9.866432648E0,9.877788113E0
5.671923479E1,-2.127076721E-1,4.236190796E-1,9.868079224E0,9.879457740E0
5.672926679E1,-2.436932373E-1,4.261637878E-1,9.872569885E0,9.884767984E0
5.673929779E1,-2.414479065E-1,4.385879517E-1,9.864337006E0,9.877034021E0
5.674932979E1,-2.496807861E-1,4.605921936E-1,9.871072998E0,9.884966757E0
5.675936079E1,-2.332150269E-1,4.481680298E-1,9.850865021E0,9.863811915E0
5.676939279E1,-2.174977112E-1,4.549040222E-1,9.841734009E0,9.854642115E0
5.677942379E1,-2.056723022E-1,4.522096252E-1,9.840237122E0,9.852769217E0
5.678945579E1,-2.059716797E-1,4.216731262E-1,9.855056305E0,9.866223560E0
5.679948679E1,-2.155517578E-1,4.034111023E-1,9.862391052E0,9.872991459E0
5.680951879E1,-2.005828857E-1,3.974235535E-1,9.857601013E0,9.867647983E0
5.681954979E1,-2.200424194E-1,3.896397400E-1,9.851014709E0,9.861172780E0
5.682958175E1,-2.341131592E-1,3.969744873E-1,9.832752686E0,9.843547282E0
5.683961275E1,-2.239343262E-1,3.939807129E-1,9.830207977E0,9.840648163E0
5.684964475E1,-2.365081787E-1,3.993695068E-1,9.829459534E0,9.840411925E0
5.685967575E1,-2.287243652E-1,4.218228149E-1,9.807904358E0,9.819635289E0
5.686970675E1,-2.327659607E-1,4.255650330E-1,9.802964630E0,9.814958030E0
5.687973875E1,-2.252815247E-1,4.345463562E-1,9.803713074E0,9.815924426E0
5.688976975E1,-2.294728088E-1,4.346960449E-1,9.827064514E0,9.839350354E0
5.689980175E1,-2.414479065E-1,4.071533203E-1,9.869276733E0,9.880622154E0
5.690983275E1,-2.435435486E-1,4.186793518E-1,9.900561676E0,9.912402704E0
5.691986475E1,-2.287243652E-1,4.420307922E-1,9.884994049E0,9.897515517E0
5.692989575E1,-2.377056885E-1,4.555027771E-1,9.886790314E0,9.900131791E0
5.693992775E1,-2.317181396E-1,4.602928162E-1,9.859696655E0,9.873154557E0
5.694995875E1,-2.281256104E-1,4.637356567E-1,9.840536499E0,9.854098165E0
5.695999075E1,-2.477348328E-1,4.531077576E-1,9.840686188E0,9.854226699E0
5.697002175E1,-2.438429260E-1,4.408332825E-1,9.837093658E0,9.849985025E0
5.698005375E1,-2.324665833E-1,4.451742554E-1,9.834848328E0,9.847662792E0
5.699008475E1,-2.399510193E-1,4.442761230E-1,9.836494904E0,9.849446165E0
5.700011675E1,-2.305206299E-1,4.324507141E-1,9.831555176E0,9.843760996E0
5.701014775E1,-2.200424194E-1,4.299060059E-1,9.848470001E0,9.860304215E0
5.702017975E1,-2.189945984E-1,4.237687683E-1,9.855804749E0,9.867341377E0
5.703021075E1,-2.183958435E-1,4.185296631E-1,9.856253815E0,9.867553044E0
5.704024175E1,-2.121089172E-1,4.267625427E-1,9.868378601E0,9.879879183E0
5.705027375E1,-1.901046753E-1,4.162843323E-1,9.864786072E0,9.875395520E0
5.706030475E1,-2.031275940E-1,4.067042542E-1,9.875563660E0,9.886021787E0
5.707033675E1,-2.207908630E-1,4.275109863E-1,9.835596771E0,9.847358940E0
5.708036775E1,-2.489323425E-1,4.058061218E-1,9.800569611E0,9.812125693E0
5.709039975E1,-2.483335876E-1,4.173321533E-1,9.823771362E0,9.835767356E0
5.710043075E1,-2.529739380E-1,4.255650330E-1,9.871971130E0,9.884377341E0
5.711046275E1,-2.225871277E-1,4.447251892E-1,9.892029419E0,9.904522782E0
5.712049375E1,-2.065704346E-1,4.632865906E-1,9.868827667E0,9.881855359E0
5.713052575E1,-2.118095398E-1,4.656816101E-1,9.803114319E0,9.816454196E0
5.714055675E1,-2.438429260E-1,4.610412598E-1,9.754016418E0,9.767950384E0
5.715058875E1,-2.621049500E-1,4.475692749E-1,9.745184784E0,9.758977597E0
5.716061975E1,-2.553689575E-1,4.402345276E-1,9.806108093E0,9.819306273E0
5.717065175E1,-2.353106689E-1,4.207749939E-1,9.864337006E0,9.876110938E0
5.718068275E1,-2.302212524E-1,4.323010254E-1,9.842183075E0,9.854362165E0
5.719071375E1,-2.418969727E-1,4.507127380E-1,9.757908325E0,9.771306515E0
5.720074575E1,-2.565664673E-1,4.333488464E-1,9.787696381E0,9.800643755E0
5.721077675E1,-2.377056885E-1,4.469705200E-1,9.924661560E0,9.937564778E0
5.722080875E1,-1.913021851E-1,4.481680298E-1,1.009440857E1,1.010616324E1
5.723083975E1,-1.651066589E-1,4.501139832E-1,1.004216721E1,1.005360557E1
5.724087175E1,-2.121089172E-1,4.619393921E-1,9.771529999E0,9.784742036E0
5.725090275E1,-2.883004761E-1,4.625381470E-1,9.574389954E0,9.589890598E0
5.726093475E1,-3.038681030E-1,4.270619202E-1,9.627379761E0,9.641636726E0
5.727096575E1,-2.658471680E-1,3.835025024E-1,9.808353424E0,9.819447325E0
5.728099775E1,-2.109114075E-1,3.858975220E-1,9.976154480E0,9.985842915E0
5.729102875E1,-1.465452576E-1,3.704795837E-1,9.984836426E0,9.992781849E0
5.730106075E1,-1.163081360E-1,4.010160828E-1,9.880802765E0,9.889621062E0
5.731109175E1,-1.689985657E-1,4.357438660E-1,9.789043579E0,9.800194254E0
5.732112375E1,-2.251318359E-1,4.689747620E-1,9.785600739E0,9.799418528E0
5.733115475E1,-2.790197754E-1,4.781057739E-1,9.839338989E0,9.854898727E0
5.734118675E1,-3.004252625E-1,4.757107544E-1,9.881551208E0,9.897555776E0
5.735121775E1,-2.737806702E-1,4.824467468E-1,9.894723816E0,9.910260850E0
5.736124875E1,-2.360591125E-1,4.848417664E-1,9.889035645E0,9.903727653E0
5.737128075E1,-2.198927307E-1,4.637356567E-1,9.890981598E0,9.904287988E0
5.738131175E1,-2.182461548E-1,4.599934387E-1,9.920320587E0,9.933377366E0
5.739134375E1,-2.023791504E-1,4.189787292E-1,9.925260315E0,9.936160869E0
5.740137475E1,-1.971400452E-1,3.570075989E-1,9.899813232E0,9.908209761E0
5.741140675E1,-2.228865051E-1,3.670367432E-1,9.845326538E0,9.854686652E0
5.742143775E1,-2.412982178E-1,3.546125793E-1,9.810449066E0,9.819821067E0
5.743146975E1,-2.529739380E-1,3.592529297E-1,9.799372101E0,9.809217708E0
5.744150075E1,-2.724334717E-1,3.712280273E-1,9.795480194E0,9.806297083E0
5.745153275E1,-2.411485291E-1,4.038601685E-1,9.809401245E0,9.820672504E0
5.746156375E1,-2.260299683E-1,4.019142151E-1,9.827214203E0,9.838026406E0
5.747159575E1,-2.240840149E-1,3.983216858E-1,9.831854553E0,9.842471121E0
5.748162675E1,-2.106120300E-1,4.028123474E-1,9.858648834E0,9.869122152E0
5.749165875E1,-2.158511353E-1,4.105961609E-1,9.897567902E0,9.908432332E0
5.750168975E1,-2.125579834E-1,3.962260437E-1,9.923763428E0,9.933944662E0
5.751172175E1,-2.326162720E-1,4.073030090E-1,9.911638641E0,9.922730805E0
5.752175275E1,-2.465373230E-1,4.173321533E-1,9.818981323E0,9.830937951E0
5.753178375E1,-2.793191528E-1,4.418811035E-1,9.790690155E0,9.804636241E0
5.754181575E1,-2.847079468E-1,4.520599365E-1,9.817634125E0,9.832159306E0
5.755184675E1,-2.386038208E-1,4.531077576E-1,9.827513580E0,9.840846589E0
5.756187875E1,-2.183958435E-1,4.134402466E-1,9.874815216E0,9.885879077E0
5.757190975E1,-1.878593445E-1,3.833528137E-1,9.874964905E0,9.884188504E0
5.758194175E1,-1.802252197E-1,3.799099731E-1,9.874964905E0,9.883913425E0
5.759197275E1,-1.908531189E-1,3.734733582E-1,9.889035645E0,9.897925704E0
5.760200475E1,-2.195933533E-1,3.748205566E-1,9.890083466E0,9.899619318E0
5.761203575E1,-2.532733154E-1,3.897894287E-1,9.881551208E0,9.892478833E0
5.762206775E1,-2.713856506E-1,3.968247986E-1,9.874066772E0,9.885763234E0
5.763209875E1,-2.613565063E-1,4.129911804E-1,9.838590546E0,9.850722454E0
5.764213075E1,-2.454895020E-1,4.128414917E-1,9.815987549E0,9.827731923E0
5.765216175E1,-2.272274780E-1,4.293072510E-1,9.811347198E0,9.823363522E0
5.766219375E1,-2.209405518E-1,4.044589233E-1,9.832752686E0,9.843547487E0
5.767222475E1,-2.252815247E-1,4.029620361E-1,9.857601013E0,9.868405540E0
5.768225675E1,-2.152523804E-1,3.781137085E-1,9.868079224E0,9.877666279E0
5.769228775E1,-2.182461548E-1,3.525169373E-1,9.861941986E0,9.870653439E0
5.770231875E1,-2.297721863E-1,3.466790771E-1,9.864786072E0,9.873549812E0
5.771235075E1,-2.330653381E-1,3.312611389E-1,9.871372375E0,9.879678435E0
5.772238175E1,-2.375559998E-1,3.335064697E-1,9.827962646E0,9.836488662E0
5.773241375E1,-2.520758057E-1,3.362008667E-1,9.819430389E0,9.828417289E0
5.774244475E1,-2.634521484E-1,3.462300110E-1,9.812993774E0,9.822633510E0
5.775247675E1,-2.565664673E-1,3.417393494E-1,9.819280701E0,9.828574953E0
5.776250775E1,-2.516267395E-1,3.432362366E-1,9.839638367E0,9.848838019E0
5.777253975E1,-2.546205139E-1,3.540138245E-1,9.829309845E0,9.838978068E0
5.778257075E1,-2.574645996E-1,3.513194275E-1,9.826914825E0,9.836562832E0
5.779260275E1,-2.582130432E-1,3.460803223E-1,9.833950195E0,9.843425319E0
5.780263375E1,-2.722837830E-1,3.574566650E-1,9.837991791E0,9.848248382E0
5.781266575E1,-2.577639771E-1,3.600013733E-1,9.858199768E0,9.868137916E0
5.782269675E1,-2.655477905E-1,3.833528137E-1,9.836195526E0,9.847244154E0
5.783272837E1,-2.481838989E-1,3.924838257E-1,9.845176849E0,9.856122260E0
5.784275937E1,-2.454895020E-1,4.037104797E-1,9.849068756E0,9.860395662E0
5.785279137E1,-2.505789185E-1,4.068539429E-1,9.839189301E0,9.850785046E0
5.786282237E1,-2.547702026E-1,4.110452271E-1,9.838740234E0,9.850618023E0
5.787285337E1,-2.436932373E-1,3.959266663E-1,9.844428406E0,9.855400294E0
5.788288538E1,-2.448907471E-1,4.026626587E-1,9.825118561E0,9.836415172E0
5.789291637E1,-2.463876343E-1,3.845503235E-1,9.855355682E0,9.865932366E0
5.790294837E1,-2.528242493E-1,3.698808289E-1,9.856852570E0,9.867029670E0
5.791297937E1,-2.430944824E-1,3.571572876E-1,9.861193542E0,9.870653187E0
5.792301137E1,-2.308200073E-1,3.600013733E-1,9.860145721E0,9.869415004E0
5.793304237E1,-2.365081787E-1,3.468287659E-1,9.882599030E0,9.891511001E0
5.794307437E1,-2.275268555E-1,3.478765869E-1,9.866582336E0,9.875334607E0
5.795310537E1,-2.151026917E-1,3.321592712E-1,9.852960663E0,9.860904257E0
5.796313737E1,-2.297721863E-1,3.348536682E-1,9.853709106E0,9.862074092E0
5.797316837E1,-2.401007080E-1,3.447331238E-1,9.840087433E0,9.849051221E0
5.798320037E1,-2.285746765E-1,3.579057312E-1,9.848769379E0,9.857920733E0
5.799323138E1,-2.359094238E-1,3.718267822E-1,9.846973114E0,9.856814289E0
5.800326337E1,-2.263293457E-1,3.803590393E-1,9.829459534E0,9.839419327E0
5.801329437E1,-2.305206299E-1,3.772155762E-1,9.818532257E0,9.828479386E0
5.802332637E1,-2.386038208E-1,3.838018799E-1,9.831106110E0,9.841487845E0
5.803335737E1,-2.386038208E-1,3.716770935E-1,9.859696655E0,9.869584276E0
5.804338837E1,-2.546205139E-1,3.492237854E-1,9.874216461E0,9.883670350E0
5.805342037E1,-2.424957275E-1,3.463796997E-1,9.865534515E0,9.874591351E0
5.806345137E1,-2.592608643E-1,3.531156921E-1,9.836644592E0,9.846394453E0
5.807348337E1,-2.433938599E-1,3.502716064E-1,9.799372101E0,9.808650485E0
5.808351437E1,-2.439926147E-1,3.664379883E-1,9.816885681E0,9.826751939E0
5.809354637E1,-2.517764282E-1,3.444337463E-1,9.844578094E0,9.853818744E0
5.810357738E1,-2.116598511E-1,3.402424622E-1,1.000264938E1,1.001067228E1
5.811360937E1,-1.716929626E-1,3.508703613E-1,1.003004242E1,1.003764611E1
5.812364037E1,-2.091151428E-1,3.496728516E-1,9.801916809E0,9.810380899E0
5.813367237E1,-2.797682190E-1,3.517684937E-1,9.702673187E0,9.713077695E0
5.814370337E1,-2.755769348E-1,3.588038635E-1,9.748178558E0,9.758671429E0
5.815373537E1,-2.460882568E-1,3.511697388E-1,9.856403503E0,9.865727020E0
5.816376637E1,-2.404000854E-1,3.388952637E-1,9.915680237E0,9.924381933E0
5.817379838E1,-2.013313293E-1,3.393443298E-1,9.873468018E0,9.881349077E0
5.818382937E1,-1.868115234E-1,3.760180664E-1,9.787247314E0,9.796249187E0
5.819386137E1,-2.155517578E-1,4.185296631E-1,9.758058014E0,9.769407651E0
5.820389237E1,-2.531236267E-1,4.328997803E-1,9.800270233E0,9.813091788E0
5.821392338E1,-2.618055725E-1,4.388873291E-1,9.851613464E0,9.864859457E0
5.822395537E1,-2.450404358E-1,4.439767456E-1,9.870324554E0,9.883342905E0
5.823398637E1,-2.251318359E-1,4.559518433E-1,9.871522064E0,9.884610477E0
5.824401838E1,-1.993853760E-1,4.234693909E-1,9.882748718E0,9.893826514E0
5.825404937E1,-2.110610962E-1,3.724255371E-1,9.912387085E0,9.921626141E0
5.826408137E1,-2.104623413E-1,3.282673645E-1,9.921368408E0,9.929028399E0
5.827411237E1,-2.191442871E-1,2.948867798E-1,9.933792572E0,9.940584354E0
5.828414437E1,-2.389031982E-1,2.845582581E-1,9.908944244E0,9.915907633E0
5.829417537E1,-2.537223816E-1,3.050656128E-1,9.840237122E0,9.848233683E0
5.830420737E1,-2.532733154E-1,3.170407104E-1,9.808652802E0,9.817042934E0
5.831423837E1,-2.561174011E-1,3.577560425E-1,9.776918793E0,9.786813914E0
5.832427037E1,-2.439926147E-1,3.620970154E-1,9.781559143E0,9.791299501E0
5.833430137E1,-2.255809021E-1,3.486250305E-1,9.790690155E0,9.799491817E0
5.834433337E1,-2.145039368E-1,3.300636292E-1,9.824968872E0,9.832851432E0
5.835436438E1,-1.971400452E-1,3.270698547E-1,9.845176849E0,9.852580681E0
5.836439637E1,-2.058219910E-1,3.291654968E-1,9.882000275E0,9.889622948E0
5.837442737E1,-2.287243652E-1,3.200344849E-1,9.883796539E0,9.891621249E0
5.838445837E1,-2.451901245E-1,3.526666260E-1,9.854158173E0,9.863514852E0
5.839449037E1,-2.454895020E-1,3.927832031E-1,9.858199768E0,9.869075256E0
5.840452137E1,-2.526745605E-1,4.213737488E-1,9.840386810E0,9.852644967E0
5.841455337E1,-2.299218750E-1,4.269122314E-1,9.845027161E0,9.856960886E0
5.842458437E1,-2.077679443E-1,4.092489624E-1,9.822873230E0,9.833589920E0
5.843461637E1,-2.025288391E-1,4.061054993E-1,9.782606964E0,9.793127111E0
5.844464737E1,-2.004331970E-1,3.745211792E-1,9.798473969E0,9.807677181E0
5.845467937E1,-2.071691895E-1,3.481759644E-1,9.886640625E0,9.894938525E0
5.846471038E1,-2.098635864E-1,3.454815674E-1,9.946216736E0,9.954427537E0
5.847474237E1,-2.104623413E-1,3.682342529E-1,9.945019226E0,9.954059386E0
5.848477337E1,-2.183958435E-1,3.842509460E-1,9.917027435E0,9.926871546E0
5.849480537E1,-2.020797729E-1,4.013154602E-1,9.843829651E0,9.854078979E0
5.850483637E1,-2.064207458E-1,3.948788452E-1,9.822873230E0,9.832973981E0
5.851486837E1,-2.267784119E-1,3.884422302E-1,9.810449066E0,9.820754894E0
5.852489937E1,-2.357597351E-1,3.755690002E-1,9.820627899E0,9.830634113E0
5.853493138E1,-2.255809021E-1,3.529660034E-1,9.858798523E0,9.867693756E0
5.854496237E1,-2.086660767E-1,3.568579102E-1,9.836494904E0,9.845177555E0
5.855499437E1,-2.104623413E-1,3.367996216E-1,9.862241364E0,9.870234703E0
5.856502537E1,-2.176473999E-1,3.312611389E-1,9.842931519E0,9.850908852E0
5.857505638E1,-2.408491516E-1,3.309617615E-1,9.842033386E0,9.850541365E0
5.858508837E1,-2.435435486E-1,3.077600098E-1,9.836045837E0,9.843872581E0
5.859511937E1,-2.359094238E-1,3.071612549E-1,9.829459534E0,9.837086765E0
5.860515137E1,-2.245330811E-1,3.044668579E-1,9.839039612E0,9.846309748E0
5.861518237E1,-2.294728088E-1,3.197351074E-1,9.819280701E0,9.827164484E0
5.862521437E1,-2.201921082E-1,3.367996216E-1,9.825417938E0,9.833654265E0
5.863524537E1,-2.248324585E-1,3.189866638E-1,9.839488678E0,9.847224968E0
5.864527738E1,-2.372566223E-1,3.359014893E-1,9.847272491E0,9.855855926E0
5.865530837E1,-2.462379456E-1,3.237767029E-1,9.850565643E0,9.858960796E0
5.866534037E1,-2.396516418E-1,3.345542908E-1,9.856553192E0,9.865140664E0
5.867537137E1,-2.429447937E-1,3.517684937E-1,9.858948212E0,9.868212760E0
5.868540337E1,-2.243833923E-1,3.610491943E-1,9.871821442E0,9.880969740E0
5.869543437E1,-2.179467773E-1,3.788621521E-1,9.868677979E0,9.878352209E0
5.870546637E1,-2.077679443E-1,4.004173279E-1,9.852511597E0,9.862833585E0
5.871549738E1,-2.158511353E-1,4.052073669E-1,9.848170624E0,9.858866535E0
5.872552937E1,-2.174977112E-1,3.817062378E-1,9.834099884E0,9.843908037E0
5.873556037E1,-2.311193848E-1,3.674858093E-1,9.838590546E0,9.848163581E0
5.874559137E1,-2.300715637E-1,3.594026184E-1,9.856253815E0,9.865487440E0
5.875562337E1,-2.207908630E-1,3.574566650E-1,9.858499146E0,9.867447962E0
5.876565437E1,-2.306703186E-1,3.478765869E-1,9.851912842E0,9.860751166E0
5.877568637E1,-2.390528870E-1,3.357518005E-1,9.829758911E0,9.838395998E0
5.878571737E1,-2.504292297E-1,3.135978699E-1,9.837393036E0,9.845575665E0
5.879574937E1,-2.418969727E-1,3.201841736E-1,9.844278717E0,9.852454289E0
5.880578037E1,-2.357597351E-1,3.421884155E-1,9.854607239E0,9.863364507E0
5.881581237E1,-2.137554932E-1,3.513194275E-1,9.875563660E0,9.884122336E0
5.882584338E1,-1.959425354E-1,3.526666260E-1,9.855954437E0,9.864208285E0
5.883587529E1,-1.974394226E-1,3.586541748E-1,9.822873230E0,9.831401407E0
5.884590629E1,-2.071691895E-1,3.532653809E-1,9.795480194E0,9.804037318E0
5.885593829E1,-2.091151428E-1,3.390449524E-1,9.827663269E0,9.835733117E0
5.886596929E1,-2.222877502E-1,3.423381042E-1,9.851164398E0,9.859616992E0
5.887600129E1,-2.314187622E-1,3.457809448E-1,9.877359924E0,9.886119470E0
5.888603229E1,-2.305206299E-1,3.408412170E-1,9.866881714E0,9.875457825E0
5.889606429E1,-2.392025757E-1,3.522175598E-1,9.831405487E0,9.840620353E0
5.890609529E1,-2.393522644E-1,3.513194275E-1,9.796677704E0,9.805896638E0
5.891612629E1,-2.417472839E-1,3.267704773E-1,9.811945953E0,9.820361709E0
5.892615829E1,-2.068698120E-1,3.124003601E-1,9.877509613E0,9.884613561E0
5.893618929E1,-1.561253357E-1,3.156935120E-1,9.993368683E0,9.999572748E0
5.894622129E1,-1.401086426E-1,3.320095825E-1,9.940678253E0,9.947207896E0
5.895625229E1,-1.872605896E-1,3.447331238E-1,9.741442566E0,9.749338989E0
5.896628429E1,-2.671943665E-1,3.426374817E-1,9.697883148E0,9.707612004E0
5.897631529E1,-2.778222656E-1,3.327580261E-1,9.782008209E0,9.791608536E0
5.898634729E1,-2.600093079E-1,3.258723450E-1,9.878258057E0,9.887051120E0
5.899637829E1,-2.380050659E-1,3.089575195E-1,9.907896423E0,9.915569207E0
5.900641029E1,-2.020797729E-1,3.324586487E-1,9.843679962E0,9.851365397E0
5.901644129E1,-1.986369324E-1,3.760180664E-1,9.790690155E0,9.799921425E0
5.902647329E1,-2.207908630E-1,4.013154602E-1,9.813742218E0,9.824425633E0
5.903650429E1,-2.231858826E-1,4.092489624E-1,9.833950195E0,9.844992285E0
5.904653629E1,-2.136058044E-1,4.424798584E-1,9.866582336E0,9.878808778E0
5.905656729E1,-2.053729248E-1,4.439767456E-1,9.876461792E0,9.888568699E0
5.906659929E1,-1.919009399E-1,4.252656555E-1,9.858050079E0,9.869084467E0
5.907663029E1,-2.026785278E-1,3.917353821E-1,9.875563660E0,9.885408074E0
5.908666229E1,-2.234852600E-1,3.339555359E-1,9.913285217E0,9.921426095E0
5.909669329E1,-2.378553772E-1,2.878514099E-1,9.935289459E0,9.942304072E0
5.910672429E1,-2.552192688E-1,2.752775574E-1,9.924062805E0,9.931159911E0
5.911675629E1,-2.580633545E-1,2.856060791E-1,9.861043854E0,9.868553765E0
5.912678729E1,-2.483335876E-1,3.147953796E-1,9.807754669E0,9.815947094E0
5.913681929E1,-2.366578674E-1,3.373983765E-1,9.789043579E0,9.797714979E0
5.914685029E1,-2.395019531E-1,3.493734741E-1,9.782307587E0,9.791474084E0
5.915688229E1,-2.125579834E-1,3.594026184E-1,9.794132996E0,9.803029750E0
5.916691329E1,-2.049238586E-1,3.379971313E-1,9.819729767E0,9.827681748E0
5.917694529E1,-1.944456482E-1,3.216810608E-1,9.843081207E0,9.850255604E0
5.918697629E1,-1.972897339E-1,3.204835510E-1,9.862840118E0,9.870017637E0
5.919700829E1,-2.165995789E-1,3.026705933E-1,9.902357941E0,9.909350012E0
5.920703929E1,-2.225871277E-1,3.170407104E-1,9.920320587E0,9.927880962E0
5.921707129E1,-2.261796570E-1,3.462300110E-1,9.906848602E0,9.915476876E0
5.922710229E1,-2.429447937E-1,3.830534363E-1,9.896669769E0,9.907059333E0
5.923713429E1,-2.529739380E-1,4.288581848E-1,9.873468018E0,9.886014660E0
5.924716529E1,-2.330653381E-1,4.276606750E-1,9.868378601E0,9.880390140E0
5.925719729E1,-2.125579834E-1,4.200265503E-1,9.842183075E0,9.853434471E0
5.926722829E1,-1.883084106E-1,4.093986511E-1,9.830357666E0,9.840680828E0
5.927726029E1,-1.811233521E-1,3.805087280E-1,9.839039612E0,9.848060370E0
5.928729129E1,-1.745370483E-1,3.632945251E-1,9.887688446E0,9.895899600E0
5.929732229E1,-1.773811340E-1,3.484753418E-1,9.932894440E0,9.940588065E0
5.930735429E1,-1.971400452E-1,3.568579102E-1,9.927805023E0,9.936172520E0
5.931738529E1,-2.180964661E-1,3.565585327E-1,9.860744476E0,9.869598861E0
5.932741729E1,-2.396516418E-1,3.751199341E-1,9.816137238E0,9.826225020E0
5.933744829E1,-2.540217590E-1,3.751199341E-1,9.772577820E0,9.783073099E0
5.934748029E1,-2.424957275E-1,3.812571716E-1,9.744885406E0,9.755355083E0
5.935751129E1,-2.460882568E-1,3.876937866E-1,9.759405212E0,9.770202455E0
5.936754329E1,-2.366578674E-1,3.721261597E-1,9.758956146E0,9.768915492E0
5.937757429E1,-2.046244812E-1,3.676354980E-1,9.787846069E0,9.796885103E0
5.938760629E1,-2.083666992E-1,3.697311401E-1,9.837991791E0,9.847141731E0
5.939763729E1,-1.881587219E-1,3.727249146E-1,9.860894165E0,9.869729545E0
5.940766929E1,-1.910028076E-1,3.514691162E-1,9.859097900E0,9.867209536E0
5.941770029E1,-2.197430420E-1,3.350033569E-1,9.845476227E0,9.853624530E0
5.942773229E1,-2.204914856E-1,3.270698547E-1,9.828411713E0,9.836323906E0
5.943776329E1,-2.305206299E-1,3.281176758E-1,9.854756927E0,9.862912099E0
5.944779529E1,-2.050735474E-1,3.269201660E-1,9.842183075E0,9.849746171E0
5.945782629E1,-2.107617188E-1,3.332070923E-1,9.821675720E0,9.829586025E0
5.946785729E1,-2.216889954E-1,3.606001282E-1,9.809401245E0,9.818529994E0
5.947788929E1,-2.350112915E-1,3.589535522E-1,9.796078949E0,9.805469939E0
5.948792029E1,-2.357597351E-1,3.689826965E-1,9.817035370E0,9.826795731E0
5.949795229E1,-2.281256104E-1,3.725752258E-1,9.830507355E0,9.840209776E0
5.950798329E1,-2.171983337E-1,3.827540588E-1,9.848170624E0,9.857998804E0
5.951801529E1,-1.887574768E-1,3.962260437E-1,9.864037628E0,9.873796777E0
5.952804629E1,-1.848655701E-1,4.113446045E-1,9.868378601E0,9.878677841E0
5.953807829E1,-1.857637024E-1,4.203259277E-1,9.866133270E0,9.876829843E0
5.954810929E1,-1.917512512E-1,4.189787292E-1,9.852511597E0,9.863280209E0
5.955814129E1,-1.983375549E-1,4.242178345E-1,9.849368134E0,9.860494470E0
5.956817229E1,-1.869612122E-1,4.278103638E-1,9.845027161E0,9.856091314E0
5.957820429E1,-1.850152588E-1,4.272116089E-1,9.872420197E0,9.883391166E0
5.958823529E1,-1.924996948E-1,4.297563171E-1,9.869875488E0,9.881102609E0
5.959826729E1,-2.035766602E-1,4.203259277E-1,9.852062531E0,9.863125947E0
5.960829829E1,-2.100132751E-1,4.171824646E-1,9.863887939E0,9.874939598E0
5.961833029E1,-2.264790344E-1,4.258644104E-1,9.876312103E0,9.888083435E0
5.962836129E1,-2.091151428E-1,4.261637878E-1,9.919123077E0,9.930475686E0
5.963839329E1,-2.104623413E-1,4.275109863E-1,9.903106384E0,9.914563838E0
5.964842429E1,-2.046244812E-1,4.372407532E-1,9.855655060E0,9.867471171E0
5.965845529E1,-2.160008240E-1,4.186793518E-1,9.818681946E0,9.829977818E0
5.966848729E1,-2.275268555E-1,4.034111023E-1,9.802066498E0,9.813002426E0
5.967851829E1,-2.408491516E-1,3.764671326E-1,9.817783813E0,9.827950693E0
5.968855029E1,-2.327659607E-1,3.730242920E-1,9.854457550E0,9.864261793E0
5.969858129E1,-2.252815247E-1,3.656895447E-1,9.828112335E0,9.837493211E0
5.970861329E1,-2.240840149E-1,3.623963928E-1,9.775870972E0,9.785151917E0
5.971864429E1,-2.356100464E-1,3.474275208E-1,9.733509064E0,9.742556988E0
5.972867629E1,-2.317181396E-1,3.477268982E-1,9.850865021E0,9.859723574E0
5.973870729E1,-1.800755310E-1,3.531156921E-1,1.002929398E1,1.003712387E1
5.974873929E1,-1.372645569E-1,3.701802063E-1,1.004890320E1,1.005665603E1
5.975877029E1,-1.642085266E-1,4.087998962E-1,9.846374359E0,9.856224927E0
5.976880229E1,-2.414479065E-1,4.264631653E-1,9.637558594E0,9.650010548E0
5.977883329E1,-2.820135498E-1,4.138893127E-1,9.651479645E0,9.664465600E0
5.978886529E1,-2.514770508E-1,3.911366272E-1,9.808054047E0,9.819070870E0
5.979889629E1,-2.272274780E-1,3.568579102E-1,9.965676270E0,9.974652044E0
5.980892829E1,-1.555265808E-1,3.733236694E-1,9.998009033E0,1.000618527E1
5.981895929E1,-1.270857239E-1,3.836521912E-1,9.904303894E0,9.912546364E0
5.982899129E1,-1.543290710E-1,4.342469788E-1,9.807006226E0,9.817828630E0
5.983902250E1,-2.004331970E-1,4.724176025E-1,9.783355408E0,9.796805341E0
5.984905350E1,-2.474354553E-1,4.902305603E-1,9.815987549E0,9.831335711E0
5.985908550E1,-2.642005920E-1,5.066963196E-1,9.867031403E0,9.883564732E0
5.986911650E1,-2.266287231E-1,5.170248413E-1,9.855205994E0,9.871360618E0
5.987914850E1,-2.011816406E-1,5.322930908E-1,9.872420197E0,9.888806325E0
5.988917950E1,-1.722917175E-1,5.309458923E-1,9.867480469E0,9.883256486E0
5.989921150E1,-1.686991882E-1,4.923262024E-1,9.896370392E0,9.910044977E0
5.990924250E1,-1.872605896E-1,4.375401306E-1,9.893825684E0,9.905266001E0
5.991927450E1,-1.941462708E-1,3.905378723E-1,9.879455566E0,9.889077555E0
5.992930550E1,-2.101629639E-1,3.646417236E-1,9.839937744E0,9.848934301E0
5.993933750E1,-2.167492676E-1,3.478765869E-1,9.793683929E0,9.802257050E0
5.994936850E1,-2.219883728E-1,3.388952637E-1,9.798024902E0,9.806396934E0
5.995940050E1,-2.222877502E-1,3.641926575E-1,9.789193268E0,9.798487280E0
5.996943150E1,-2.104623413E-1,3.613485718E-1,9.804611206E0,9.813524754E0
5.997946350E1,-2.073188782E-1,3.655398560E-1,9.810748444E0,9.819744677E0
5.998949450E1,-1.874102783E-1,3.873944092E-1,9.805509338E0,9.814948315E0
5.999952650E1,-1.960922241E-1,3.844006348E-1,9.830207977E0,9.839675040E0
6.000955750E1,-2.149530029E-1,3.805087280E-1,9.847571869E0,9.857264499E0
6.001958950E1,-2.059716797E-1,4.067042542E-1,9.863139496E0,9.873669703E0
6.002962050E1,-2.155517578E-1,4.176315308E-1,9.902058563E0,9.913205458E0
6.003965150E1,-2.188449097E-1,4.426295471E-1,9.872270508E0,9.884611221E0
6.004968350E1,-2.359094238E-1,4.583468628E-1,9.823172607E0,9.836689239E0
6.005971450E1,-2.671943665E-1,4.796026611E-1,9.813143463E0,9.828489007E0
6.006974650E1,-2.359094238E-1,5.078938293E-1,9.803413696E0,9.819395577E0
6.007977750E1,-2.088157654E-1,4.878355408E-1,9.819430389E0,9.833758219E0
6.008980950E1,-1.694476318E-1,4.652325439E-1,9.875563660E0,9.887968012E0
6.009984050E1,-1.520837402E-1,4.478686523E-1,9.892179108E0,9.903480363E0
6.010987250E1,-1.495390320E-1,4.400848389E-1,9.887688446E0,9.898606942E0
6.011990350E1,-1.760339355E-1,4.384382629E-1,9.856104126E0,9.867421375E0
6.012993550E1,-2.035766602E-1,4.424798584E-1,9.863887939E0,9.875905891E0
6.013996650E1,-2.245330811E-1,4.302053833E-1,9.875413971E0,9.887329916E0
6.014999850E1,-2.276765442E-1,4.255650330E-1,9.879455566E0,9.891237764E0
6.016002950E1,-2.213896179E-1,4.498146057E-1,9.878707123E0,9.891420573E0
6.017006150E1,-2.047741699E-1,4.587959290E-1,9.846823425E0,9.859632738E0
6.018009250E1,-1.808239746E-1,4.546046448E-1,9.820478210E0,9.832657574E0
6.019012450E1,-1.624122620E-1,4.439767456E-1,9.846673737E0,9.858015864E0
6.020015550E1,-1.751358032E-1,4.273612976E-1,9.852511597E0,9.863330826E0
6.021018750E1,-1.773811340E-1,4.034111023E-1,9.862989807E0,9.872830016E0
6.022021850E1,-1.817221069E-1,3.986210632E-1,9.865684204E0,9.875406143E0
6.023025050E1,-2.083666992E-1,3.811074829E-1,9.848470001E0,9.858043465E0
6.024028150E1,-2.302212524E-1,3.799099731E-1,9.833650818E0,9.843679283E0
6.025031250E1,-2.201921082E-1,3.727249146E-1,9.830058289E0,9.839586088E0
6.026034450E1,-2.279759216E-1,3.969744873E-1,9.834998016E0,9.845646131E0
6.027037550E1,-2.221380615E-1,3.920347595E-1,9.821825409E0,9.832155966E0
6.028040750E1,-2.134561157E-1,4.041595459E-1,9.815538483E0,9.826174442E0
6.029043850E1,-2.212399292E-1,4.131408691E-1,9.804162140E0,9.815356731E0
6.030047050E1,-2.293231201E-1,4.068539429E-1,9.811496887E0,9.822606090E0
6.031050150E1,-2.157014465E-1,4.361929321E-1,9.833800507E0,9.845832814E0
6.032053350E1,-2.082170105E-1,4.375401306E-1,9.856104126E0,9.868008119E0
6.033056450E1,-2.171983337E-1,4.355941772E-1,9.883197784E0,9.895176393E0
6.034059650E1,-2.127076721E-1,4.564009094E-1,9.862840118E0,9.875685371E0
6.035062750E1,-2.171983337E-1,4.670288086E-1,9.845476227E0,9.858939758E0
6.036065950E1,-2.204914856E-1,4.629872131E-1,9.824519806E0,9.837894240E0
6.037069050E1,-2.152523804E-1,4.469705200E-1,9.852511597E0,9.864993715E0
6.038072250E1,-2.185455322E-1,4.370910645E-1,9.867181091E0,9.879274945E0
6.039075350E1,-2.261796570E-1,4.462220764E-1,9.859996033E0,9.872679127E0
6.040078550E1,-2.323168945E-1,4.327500916E-1,9.829309845E0,9.841573848E0
6.041081650E1,-2.519261169E-1,4.260140991E-1,9.825717316E0,9.838174401E0
6.042084850E1,-2.312690735E-1,4.218228149E-1,9.851014709E0,9.862753707E0
6.043087950E1,-2.026785278E-1,4.237687683E-1,9.896819458E0,9.907961139E0
6.044091050E1,-1.887574768E-1,4.408332825E-1,9.905351715E0,9.916952958E0
6.045094250E1,-1.869612122E-1,4.537065125E-1,9.862391052E0,9.874591706E0
6.046097350E1,-1.965412903E-1,4.535568237E-1,9.802216187E0,9.814671897E0
6.047100550E1,-2.228865051E-1,4.522096252E-1,9.789792023E0,9.802764905E0
6.048103650E1,-2.209405518E-1,4.258644104E-1,9.792785797E0,9.804531039E0
6.049106850E1,-2.366578674E-1,4.077520752E-1,9.861792297E0,9.873055050E0
6.050109950E1,-2.278262329E-1,3.912863159E-1,9.865085449E0,9.875470657E0
6.051113150E1,-2.188449097E-1,4.095483398E-1,9.789193268E0,9.800200394E0
6.052116250E1,-2.365081787E-1,4.110452271E-1,9.736353149E0,9.747895514E0
6.053119450E1,-2.134561157E-1,3.939807129E-1,9.881401520E0,9.891556011E0
6.054122550E1,-1.757345581E-1,4.128414917E-1,1.005833359E1,1.006833627E1
6.055125750E1,-1.368154907E-1,4.281097412E-1,1.009216324E1,1.010216587E1
6.056128850E1,-1.559756470E-1,4.403842163E-1,9.856403503E0,9.867469619E0
6.057132050E1,-2.426454163E-1,4.590953064E-1,9.618697815E0,9.632704343E0
6.058135150E1,-3.032693481E-1,4.677772522E-1,9.598938904E0,9.615113932E0
6.059138350E1,-2.915936279E-1,4.270619202E-1,9.757758636E0,9.771451393E0
6.060141450E1,-2.369572449E-1,3.905378723E-1,9.940229187E0,9.950719816E0
6.061144650E1,-1.649569702E-1,3.975732422E-1,9.989776154E0,9.999045099E0
6.062147750E1,-1.422042847E-1,4.090992737E-1,9.928852844E0,9.938294777E0
6.063150950E1,-1.468446350E-1,4.578977966E-1,9.825567627E0,9.837327530E0
6.064154050E1,-2.058219910E-1,4.805007935E-1,9.790390778E0,9.804335535E0
6.065157150E1,-2.490820312E-1,5.017565918E-1,9.812544708E0,9.828521516E0
6.066160350E1,-2.824626160E-1,4.992118835E-1,9.857900391E0,9.874573294E0
6.067163450E1,-2.676434326E-1,5.065466309E-1,9.871222687E0,9.887833930E0
6.068166650E1,-2.146536255E-1,5.319937134E-1,9.859696655E0,9.876371379E0
6.069169750E1,-1.969903564E-1,5.255570984E-1,9.864486694E0,9.880440942E0
6.070172950E1,-1.749861145E-1,4.989125061E-1,9.875713348E0,9.889855811E0
6.071176050E1,-1.701960754E-1,4.712200928E-1,9.876162415E0,9.888862377E0
6.072179250E1,-1.959425354E-1,4.361929321E-1,9.870174866E0,9.881751344E0
6.073182350E1,-2.004331970E-1,3.999682617E-1,9.850116577E0,9.860271024E0
6.074185550E1,-2.122586060E-1,4.116439819E-1,9.840536499E0,9.851429494E0
6.075188650E1,-2.227368164E-1,4.053570557E-1,9.819280701E0,9.830167827E0
6.076191850E1,-2.433938599E-1,4.059558105E-1,9.793833618E0,9.805264791E0
6.077194950E1,-2.462379456E-1,4.019142151E-1,9.801767120E0,9.813093643E0
6.078198150E1,-2.351609802E-1,3.981719971E-1,9.826166382E0,9.837041597E0
6.079201250E1,-2.207908630E-1,4.031117249E-1,9.830956421E0,9.841694560E0
6.080204450E1,-2.059716797E-1,4.108955383E-1,9.823022919E0,9.833770322E0
6.081207550E1,-1.950444031E-1,4.162843323E-1,9.841584320E0,9.852315306E0
6.082210750E1,-2.128573608E-1,4.275109863E-1,9.879605255E0,9.891141183E0
6.083213825E1,-2.189945984E-1,4.475692749E-1,9.895172882E0,9.907710293E0
6.084216925E1,-2.186952209E-1,4.632865906E-1,9.860445099E0,9.873744964E0
6.085220125E1,-2.371069336E-1,4.824467468E-1,9.799521790E0,9.814255034E0
6.086223225E1,-2.770738220E-1,5.057981873E-1,9.790540466E0,9.807511628E0
6.087226425E1,-2.671943665E-1,5.101391602E-1,9.788295135E0,9.805220877E0
6.088229525E1,-2.285746765E-1,4.962181091E-1,9.824669495E0,9.839848041E0
6.089232725E1,-1.851649475E-1,4.730163574E-1,9.892777863E0,9.905810637E0
6.090235825E1,-1.639091492E-1,4.658312988E-1,9.887688446E0,9.900012516E0
6.091239025E1,-1.630110168E-1,4.593946838E-1,9.865384827E0,9.877420404E0
6.092242125E1,-2.113604736E-1,4.433779907E-1,9.851463776E0,9.863700919E0
6.093245325E1,-2.124082947E-1,4.507127380E-1,9.845925293E0,9.858524440E0
6.094248425E1,-2.206411743E-1,4.471202087E-1,9.875114594E0,9.887693727E0
6.095251625E1,-2.463876343E-1,4.432283020E-1,9.882000275E0,9.895003164E0
6.096254725E1,-2.481838989E-1,4.695735168E-1,9.874515839E0,9.888789490E0
6.097257925E1,-2.233355713E-1,4.825964355E-1,9.842033386E0,9.856388754E0
6.098261025E1,-2.183958435E-1,4.822970581E-1,9.829758911E0,9.844006677E0
6.099264225E1,-2.047741699E-1,4.733157349E-1,9.861043854E0,9.874520046E0
6.100267325E1,-2.007325745E-1,4.385879517E-1,9.866881714E0,9.878664268E0
6.101270525E1,-1.865121460E-1,4.177812195E-1,9.876312103E0,9.886903898E0
6.102273625E1,-2.013313293E-1,4.076023865E-1,9.865684204E0,9.876153038E0
6.103276725E1,-2.183958435E-1,3.968247986E-1,9.847122803E0,9.857534893E0
6.104279925E1,-2.303709412E-1,3.905378723E-1,9.830806732E0,9.841257623E0
6.105283025E1,-2.357597351E-1,4.034111023E-1,9.827363892E0,9.838465542E0
6.106286225E1,-2.398013306E-1,4.204756165E-1,9.821376343E0,9.833297397E0
6.107289325E1,-2.308200073E-1,4.203259277E-1,9.815538483E0,9.827245162E0
6.108292525E1,-2.447410583E-1,4.302053833E-1,9.810000000E0,9.822478041E0
6.109295625E1,-2.436932373E-1,4.382885742E-1,9.798773346E0,9.811597340E0
6.110298825E1,-2.368075562E-1,4.342469788E-1,9.810149689E0,9.822610914E0
6.111301925E1,-2.423460388E-1,4.391867065E-1,9.845775604E0,9.858545218E0
6.112305125E1,-2.321672058E-1,4.493655396E-1,9.870623932E0,9.883574647E0
6.113308225E1,-2.236349487E-1,4.578977966E-1,9.883197784E0,9.896326663E0
6.114311425E1,-2.146536255E-1,4.565505981E-1,9.881102142E0,9.893972618E0
6.115314525E1,-2.269281006E-1,4.725672913E-1,9.854158173E0,9.868092495E0
6.116317725E1,-2.318678284E-1,4.754113770E-1,9.840835876E0,9.855040812E0
6.117320825E1,-2.456391907E-1,4.725672913E-1,9.843829651E0,9.858227054E0
6.118324025E1,-2.508782959E-1,4.613406372E-1,9.843979340E0,9.857976686E0
6.119327125E1,-2.448907471E-1,4.547543335E-1,9.857900391E0,9.871422040E0
6.120330325E1,-2.423460388E-1,4.415817261E-1,9.841135254E0,9.854017917E0
6.121333425E1,-2.324665833E-1,4.417314148E-1,9.809550934E0,9.822242966E0
6.122336625E1,-2.152523804E-1,4.328997803E-1,9.834848328E0,9.846724198E0
6.123339725E1,-2.016307068E-1,4.218228149E-1,9.860894165E0,9.871971595E0
6.124342925E1,-1.944456482E-1,4.164340210E-1,9.878856812E0,9.889541865E0
6.125346025E1,-2.064207458E-1,4.354444885E-1,9.873318329E0,9.885071383E0
6.126349125E1,-2.219883728E-1,4.191284180E-1,9.823471985E0,9.834914809E0
6.127352325E1,-2.201921082E-1,4.278103638E-1,9.838889923E0,9.850647755E0
6.128355425E1,-2.171983337E-1,4.198768616E-1,9.893226929E0,9.904514665E0
6.129358625E1,-2.067201233E-1,4.420307922E-1,9.923314362E0,9.935305348E0
6.130361725E1,-1.993853760E-1,4.625381470E-1,9.872270508E0,9.885111079E0
6.131364925E1,-2.315684509E-1,4.674778748E-1,9.777966614E0,9.791873703E0
6.132368025E1,-2.667453003E-1,4.671784973E-1,9.705367584E0,9.720265878E0
6.133371225E1,-2.778222656E-1,4.513114929E-1,9.709708557E0,9.724161020E0
6.134374325E1,-2.695893860E-1,4.242178345E-1,9.778265991E0,9.791175874E0
6.135377525E1,-2.568658447E-1,4.203259277E-1,9.870773621E0,9.883057514E0
6.136380625E1,-2.227368164E-1,4.321513367E-1,9.850715332E0,9.862705461E0
6.137383825E1,-2.293231201E-1,4.348457336E-1,9.754615173E0,9.766995295E0
6.138386925E1,-2.245330811E-1,4.302053833E-1,9.785900116E0,9.797924926E0
6.139390125E1,-2.023791504E-1,4.354444885E-1,9.911039886E0,9.922665008E0
6.140393225E1,-1.639091492E-1,4.248165894E-1,1.009410919E1,1.010437409E1
6.141396425E1,-1.661544800E-1,4.263134766E-1,1.007405090E1,1.008443613E1
6.142399525E1,-2.098635864E-1,4.269122314E-1,9.823322296E0,9.834833893E0
6.143402725E1,-3.020718384E-1,4.520599365E-1,9.643396454E0,9.658711133E0
6.144405825E1,-3.218307495E-1,4.364923096E-1,9.681417389E0,9.696594414E0
6.145409025E1,-2.802172852E-1,4.079017639E-1,9.820777588E0,9.833238429E0
6.146412125E1,-2.282752991E-1,3.760180664E-1,9.954748993E0,9.964463192E0
6.147415225E1,-1.546284485E-1,3.688330078E-1,9.964179382E0,9.972202290E0
6.148418425E1,-1.417552185E-1,3.966751099E-1,9.866732025E0,9.875720052E0
6.149421525E1,-1.740879822E-1,4.438270569E-1,9.774374084E0,9.785993962E0
6.150424725E1,-2.309696960E-1,4.822970581E-1,9.771080933E0,9.785702839E0
6.151427825E1,-2.692900085E-1,5.049000549E-1,9.810449066E0,9.827123285E0
6.152431025E1,-2.811154175E-1,4.894821167E-1,9.858349457E0,9.874496070E0
6.153434125E1,-2.616558838E-1,4.983137512E-1,9.899663544E0,9.915650189E0
6.154437325E1,-2.296224976E-1,4.945715332E-1,9.897717590E0,9.912726214E0
6.155440425E1,-2.185455322E-1,4.737648010E-1,9.916728058E0,9.930443626E0
6.156443625E1,-2.085163879E-1,4.520599365E-1,9.938881989E0,9.951342244E0
6.157446725E1,-2.089654541E-1,4.016148376E-1,9.956245880E0,9.966533653E0
6.158449925E1,-2.106120300E-1,3.610491943E-1,9.932145996E0,9.940937483E0
6.159453025E1,-2.213896179E-1,3.396437073E-1,9.889484711E0,9.897791625E0
6.160456225E1,-2.285746765E-1,3.528163147E-1,9.832004242E0,9.840987407E0
6.161459325E1,-2.668949890E-1,3.625460815E-1,9.800270233E0,9.810604937E0
6.162462525E1,-2.685415649E-1,3.855981445E-1,9.786648560E0,9.797922766E0
6.163465625E1,-2.540217590E-1,3.838018799E-1,9.780211945E0,9.791035523E0
6.164468825E1,-2.624043274E-1,3.746708679E-1,9.802365875E0,9.813032714E0
6.165471925E1,-2.222877502E-1,3.757186890E-1,9.833351440E0,9.843036977E0
6.166475025E1,-2.143542480E-1,3.646417236E-1,9.858948212E0,9.868017591E0
6.167478225E1,-2.165995789E-1,3.724255371E-1,9.890083466E0,9.899462971E0
6.168481325E1,-2.231858826E-1,3.740721130E-1,9.906549225E0,9.916121189E0
6.169484525E1,-2.426454163E-1,3.981719971E-1,9.895921326E0,9.906900455E0
6.170487625E1,-2.610571289E-1,4.165837097E-1,9.813293152E0,9.825599997E0
6.171490825E1,-2.803669739E-1,4.462220764E-1,9.779613190E0,9.793801811E0
6.172493925E1,-2.772235107E-1,4.683760071E-1,9.803713074E0,9.818809449E0
6.173497125E1,-2.653981018E-1,4.517605591E-1,9.796228638E0,9.810230338E0
6.174500225E1,-2.203417969E-1,4.176315308E-1,9.839937744E0,9.851260905E0
6.175503425E1,-1.857637024E-1,4.102967834E-1,9.878258057E0,9.888520306E0
6.176506525E1,-1.736389160E-1,3.944297791E-1,9.910141754E0,9.919507796E0
6.177509725E1,-2.011816406E-1,3.876937866E-1,9.896819458E0,9.906453246E0
6.178512825E1,-2.357597351E-1,3.800596619E-1,9.894274750E0,9.904377861E0
6.179516025E1,-2.534230042E-1,3.875440979E-1,9.903106384E0,9.913926049E0
6.180519125E1,-2.499801636E-1,4.073030090E-1,9.882299652E0,9.893848202E0
6.181522325E1,-2.667453003E-1,4.215234375E-1,9.849966888E0,9.862590064E0
6.182525425E1,-2.429447937E-1,4.225712585E-1,9.832153931E0,9.844228744E0
6.183528625E1,-2.354603577E-1,4.173321533E-1,9.812095642E0,9.823788912E0
6.184531725E1,-2.167492676E-1,4.026626587E-1,9.837842102E0,9.848464585E0
6.185534925E1,-2.113604736E-1,3.897894287E-1,9.857002258E0,9.866970283E0
6.186538025E1,-2.183958435E-1,3.746708679E-1,9.865833893E0,9.875360925E0
6.187541225E1,-2.234852600E-1,3.487747192E-1,9.859846344E0,9.868543935E0
6.188544325E1,-2.345622253E-1,3.481759644E-1,9.856702881E0,9.865639240E0
6.189547425E1,-2.436932373E-1,3.255729675E-1,9.842931519E0,9.851329100E0
6.190550625E1,-2.498304749E-1,3.252735901E-1,9.844877472E0,9.853417205E0
6.191553725E1,-2.514770508E-1,3.269201660E-1,9.828561401E0,9.837211837E0
6.192556925E1,-2.462379456E-1,3.183879089E-1,9.804461517E0,9.812719788E0
6.193560025E1,-2.549198914E-1,3.353027344E-1,9.816586304E0,9.825618491E0
6.194563225E1,-2.516267395E-1,3.475772095E-1,9.831106110E0,9.840466110E0
6.195566325E1,-2.603086853E-1,3.417393494E-1,9.826166382E0,9.835552458E0
6.196569525E1,-2.609074402E-1,3.519181824E-1,9.852212219E0,9.861947308E0
6.197572625E1,-2.745291138E-1,3.752696228E-1,9.856702881E0,9.867663614E0
6.198575825E1,-2.701881409E-1,3.671864319E-1,9.854158173E0,9.864697704E0
6.199578925E1,-2.646496582E-1,3.760180664E-1,9.845326538E0,9.856058222E0
6.200582125E1,-2.752775574E-1,3.662882996E-1,9.842332764E0,9.852992392E0
6.201585225E1,-2.481838989E-1,3.947291565E-1,9.831106110E0,9.842156963E0
6.202588425E1,-2.547702026E-1,4.034111023E-1,9.837542725E0,9.849106316E0
6.203591525E1,-2.383044434E-1,4.023632813E-1,9.849068756E0,9.860164328E0
6.204594725E1,-2.336640930E-1,4.034111023E-1,9.842632141E0,9.853666672E0
6.205597825E1,-2.203417969E-1,3.978726196E-1,9.857900391E0,9.868386557E0
6.206601025E1,-2.350112915E-1,3.873944092E-1,9.855056305E0,9.865467019E0
6.207604125E1,-2.414479065E-1,3.939807129E-1,9.859247589E0,9.870069955E0
6.208607325E1,-2.564167786E-1,3.640429688E-1,9.857750702E0,9.867802478E0
6.209610425E1,-2.734812927E-1,3.532653809E-1,9.850715332E0,9.860840786E0
6.210613525E1,-2.728825378E-1,3.535647583E-1,9.871971130E0,9.882068959E0
6.211616725E1,-2.679428101E-1,3.450325012E-1,9.864935760E0,9.874603705E0
6.212619825E1,-2.568658447E-1,3.484753418E-1,9.858050079E0,9.867551190E0
6.213623025E1,-2.308200073E-1,3.640429688E-1,9.856403503E0,9.865824607E0
6.214626125E1,-2.068698120E-1,3.806584167E-1,9.826765137E0,9.836310741E0
6.215629325E1,-1.913021851E-1,3.782633972E-1,9.823921051E0,9.833061809E0
6.216632425E1,-2.200424194E-1,3.650907898E-1,9.834399261E0,9.843633414E0
6.217635625E1,-2.372566223E-1,3.427871704E-1,9.849817200E0,9.858635434E0
6.218638725E1,-2.371069336E-1,3.236270142E-1,9.884095917E0,9.892234643E0
6.219641925E1,-2.496807861E-1,3.285667419E-1,9.880952454E0,9.889566117E0
6.220645025E1,-2.580633545E-1,3.344046021E-1,9.836045837E0,9.845111520E0
6.221648225E1,-2.598596191E-1,3.365002441E-1,9.799521790E0,9.808740324E0
6.222651325E1,-2.580633545E-1,3.650907898E-1,9.785900116E0,9.796107853E0
6.223654525E1,-2.409988403E-1,3.412902832E-1,9.861492920E0,9.870339513E0
6.224657625E1,-1.814227295E-1,3.456312561E-1,1.000324814E1,1.001086153E1
6.225660825E1,-1.501377869E-1,3.614982605E-1,9.949809265E0,9.957506051E0
6.226663925E1,-2.130070496E-1,3.674858093E-1,9.752369843E0,9.761615408E0
6.227667125E1,-3.043171692E-1,3.640429688E-1,9.713151398E0,9.724733739E0
6.228670225E1,-3.070115662E-1,3.628454590E-1,9.768835602E0,9.780391707E0
6.229673425E1,-2.908451843E-1,3.520678711E-1,9.848470001E0,9.859051885E0
6.230676525E1,-2.610571289E-1,3.387455750E-1,9.913584595E0,9.922804992E0
6.231679625E1,-2.221380615E-1,3.513194275E-1,9.839788055E0,9.848563328E0
6.232682825E1,-2.107617188E-1,3.760180664E-1,9.785451050E0,9.794940650E0
6.233685925E1,-2.163002014E-1,4.180805969E-1,9.784403229E0,9.795719662E0
6.234689125E1,-2.676434326E-1,4.351451111E-1,9.824819183E0,9.838092105E0
6.235692225E1,-2.616558838E-1,4.484674072E-1,9.855655060E0,9.869322341E0
6.236695425E1,-2.405497742E-1,4.552033997E-1,9.876461792E0,9.889872186E0
6.237698525E1,-2.230361938E-1,4.617897034E-1,9.863139496E0,9.876462706E0
6.238701725E1,-2.082170105E-1,4.420307922E-1,9.895322571E0,9.907378782E0
6.239704825E1,-2.074685669E-1,3.773652649E-1,9.904004517E0,9.913362357E0
6.240708025E1,-2.285746765E-1,3.222798157E-1,9.931397552E0,9.939253896E0
6.241711125E1,-2.261796570E-1,2.805166626E-1,9.924661560E0,9.931201031E0
6.242714325E1,-2.386038208E-1,2.877017212E-1,9.879305878E0,9.886373890E0
6.243717425E1,-2.573149109E-1,3.002755737E-1,9.828561401E0,9.836513387E0
6.244720625E1,-2.676434326E-1,3.210823059E-1,9.788594513E0,9.797515470E0
6.245723725E1,-2.600093079E-1,3.454815674E-1,9.773775330E0,9.783335144E0
6.246726925E1,-2.356100464E-1,3.610491943E-1,9.771380310E0,9.780886554E0
6.247730025E1,-2.227368164E-1,3.487747192E-1,9.793234863E0,9.801974525E0
6.248733225E1,-2.071691895E-1,3.433859253E-1,9.845775604E0,9.853939832E0
6.249736325E1,-2.074685669E-1,3.366499329E-1,9.864337006E0,9.872260174E0
6.250739525E1,-2.080673218E-1,3.306623840E-1,9.903854828E0,9.911557399E0
6.251742625E1,-2.351609802E-1,3.288661194E-1,9.909992065E0,9.918235546E0
6.252745725E1,-2.465373230E-1,3.656895447E-1,9.848919067E0,9.858788784E0
6.253748925E1,-2.649490356E-1,4.010160828E-1,9.825118561E0,9.836867724E0
6.254752025E1,-2.734812927E-1,4.282594299E-1,9.806257782E0,9.819413926E0
6.255755225E1,-2.528242493E-1,4.451742554E-1,9.820478210E0,9.833813731E0
6.256758325E1,-2.073188782E-1,4.146377563E-1,9.802665253E0,9.813620720E0
6.257761525E1,-2.158511353E-1,3.996688843E-1,9.789043579E0,9.799576579E0
6.258764625E1,-2.221380615E-1,3.836521912E-1,9.838141479E0,9.848124801E0
6.259767825E1,-2.165995789E-1,3.704795837E-1,9.900112610E0,9.909409679E0
6.260770925E1,-2.252815247E-1,3.638932800E-1,9.943222961E0,9.952429500E0
6.261774125E1,-2.318678284E-1,3.757186890E-1,9.918674011E0,9.928495423E0
6.262777225E1,-2.179467773E-1,3.844006348E-1,9.874815216E0,9.884697274E0
6.263780425E1,-2.118095398E-1,3.838018799E-1,9.852960663E0,9.862707589E0
6.264783525E1,-2.180964661E-1,3.814068604E-1,9.833201752E0,9.843012443E0
6.265786725E1,-2.514770508E-1,3.800596619E-1,9.833800507E0,9.844354649E0
6.266789825E1,-2.544708252E-1,3.652404785E-1,9.858199768E0,9.868244964E0
6.267793025E1,-2.348616028E-1,3.490740967E-1,9.858798523E0,9.867771836E0
6.268796125E1,-2.303709412E-1,3.543132019E-1,9.851164398E0,9.860225586E0
6.269799325E1,-2.378553772E-1,3.511697388E-1,9.852062531E0,9.861188137E0
6.270802425E1,-2.350112915E-1,3.281176758E-1,9.848320312E0,9.856586858E0
6.271805625E1,-2.371069336E-1,3.260220337E-1,9.847122803E0,9.855371000E0
6.272808725E1,-2.483335876E-1,3.315605164E-1,9.823322296E0,9.832052831E0
6.273811925E1,-2.604583740E-1,3.073109436E-1,9.807155914E0,9.815425906E0
6.274815025E1,-2.372566223E-1,3.004252625E-1,9.816586304E0,9.824047674E0
6.275818125E1,-2.392025757E-1,3.138972473E-1,9.833201752E0,9.841118130E0
6.276821325E1,-2.330653381E-1,3.149450684E-1,9.842183075E0,9.849978555E0
6.277824425E1,-2.314187622E-1,3.359014893E-1,9.855804749E0,9.864242074E0
6.278827625E1,-2.495310974E-1,3.300636292E-1,9.852511597E0,9.861196303E0
6.279830725E1,-2.386038208E-1,3.445834351E-1,9.843979340E0,9.852897988E0
6.280833925E1,-2.489323425E-1,3.535647583E-1,9.834698639E0,9.844199951E0
6.281837025E1,-2.427951050E-1,3.680845642E-1,9.837093658E0,9.846971481E0
6.282840225E1,-2.511776733E-1,3.704795837E-1,9.831704865E0,9.841888329E0
6.283843350E1,-2.462379456E-1,3.749702454E-1,9.840386810E0,9.850606498E0
6.284846550E1,-2.522254944E-1,3.748205566E-1,9.844727783E0,9.855088700E0
6.285849650E1,-2.387535095E-1,3.661386108E-1,9.872270508E0,9.881942405E0
6.286852850E1,-2.336640930E-1,3.755690002E-1,9.866133270E0,9.876043575E0
6.287855950E1,-2.583627319E-1,3.594026184E-1,9.847871246E0,9.857813633E0
6.288859150E1,-2.760260010E-1,3.457809448E-1,9.838889923E0,9.848832912E0
6.289862250E1,-2.621049500E-1,3.436853027E-1,9.870174866E0,9.879634126E0
6.290865450E1,-2.607577515E-1,3.574566650E-1,9.870025177E0,9.879937594E0
6.291868550E1,-2.547702026E-1,3.562591553E-1,9.850865021E0,9.860596843E0
6.292871750E1,-2.312690735E-1,3.626957703E-1,9.826316071E0,9.835726772E0
6.293874850E1,-2.213896179E-1,3.583547974E-1,9.818232880E0,9.827264543E0
6.294878050E1,-2.487826538E-1,3.513194275E-1,9.833052063E0,9.842470778E0
6.295881150E1,-2.429447937E-1,3.330574036E-1,9.859996033E0,9.868610397E0
6.296884350E1,-2.344125366E-1,3.180885315E-1,9.873018951E0,9.880922668E0
6.297887450E1,-2.390528870E-1,3.376977539E-1,9.868827667E0,9.877496929E0
6.298890650E1,-2.409988403E-1,3.369493103E-1,9.846673737E0,9.855384262E0
6.299893750E1,-2.630030823E-1,3.320095825E-1,9.822873230E0,9.832000787E0
6.300896850E1,-2.658471680E-1,3.173400879E-1,9.834998016E0,9.843706895E0
6.301900050E1,-2.600093079E-1,3.011737061E-1,9.895472260E0,9.903468164E0
6.302903150E1,-1.963916016E-1,2.975811768E-1,1.003153931E1,1.003787353E1
6.303906350E1,-1.619631958E-1,3.098556519E-1,9.940079498E0,9.946226573E0
6.304909450E1,-2.216889954E-1,3.197351074E-1,9.728868713E0,9.736645366E0
6.305912650E1,-2.918930054E-1,3.231779480E-1,9.677375793E0,9.687169234E0
6.306915750E1,-2.984793091E-1,3.369493103E-1,9.774523773E0,9.784883225E0
6.307918950E1,-2.897973633E-1,3.384461975E-1,9.894574127E0,9.904601229E0
6.308922050E1,-2.525248718E-1,3.156935120E-1,9.929900665E0,9.938126505E0
6.309925250E1,-2.137554932E-1,3.251239014E-1,9.861343231E0,9.869016531E0
6.310928350E1,-2.215393066E-1,3.523672485E-1,9.787696381E0,9.796542389E0
6.311931550E1,-2.592608643E-1,3.905378723E-1,9.785301361E0,9.796522789E0
6.312934650E1,-2.833607483E-1,4.174818420E-1,9.829160156E0,9.842102102E0
6.313937850E1,-2.839595032E-1,4.358935547E-1,9.899513855E0,9.913173597E0
6.314940950E1,-2.526745605E-1,4.569996643E-1,9.897567902E0,9.911334093E0
6.315944150E1,-2.312690735E-1,4.589456177E-1,9.887089691E0,9.900437315E0
6.316947250E1,-1.995350647E-1,4.549040222E-1,9.884994049E0,9.897467316E0
6.317950450E1,-2.137554932E-1,3.938310242E-1,9.906549225E0,9.916678468E0
6.318953550E1,-2.197430420E-1,3.451821899E-1,9.937085724E0,9.945507048E0
6.319956750E1,-2.426454163E-1,3.058140564E-1,9.900411987E0,9.908105599E0
6.320959850E1,-2.296224976E-1,3.041674805E-1,9.864636383E0,9.871995508E0
6.321963050E1,-2.417472839E-1,3.153941345E-1,9.829309845E0,9.837339439E0
6.322966150E1,-2.689906311E-1,3.176394653E-1,9.817334747E0,9.826154504E0
6.323969250E1,-2.481838989E-1,3.168910217E-1,9.813293152E0,9.821544565E0
6.324972450E1,-2.466870117E-1,3.376977539E-1,9.825118561E0,9.834014897E0
6.325975550E1,-2.219883728E-1,3.237767029E-1,9.833800507E0,9.841633126E0
6.326978750E1,-2.103126526E-1,3.106040955E-1,9.848769379E0,9.855910135E0
6.327981850E1,-2.002835083E-1,3.153941345E-1,9.877060547E0,9.884124240E0
6.328985050E1,-2.079176331E-1,3.115022278E-1,9.877509613E0,9.884607202E0
6.329988150E1,-2.125579834E-1,3.408412170E-1,9.892478485E0,9.900630496E0
6.330991350E1,-2.383044434E-1,3.680845642E-1,9.862540741E0,9.872283683E0
6.331994450E1,-2.567161560E-1,3.942800903E-1,9.798174591E0,9.809464067E0
6.332997650E1,-3.002755737E-1,4.441264343E-1,9.767338715E0,9.782040650E0
6.334000750E1,-2.945874023E-1,4.781057739E-1,9.747280426E0,9.763444196E0
6.335003950E1,-2.688409424E-1,4.637356567E-1,9.711953888E0,9.726735040E0
6.336007050E1,-2.350112915E-1,4.436773682E-1,9.671987000E0,9.685009676E0
6.337010250E1,-2.091151428E-1,4.357438660E-1,9.732311554E0,9.744305519E0
6.338013350E1,-1.938468933E-1,3.957769775E-1,9.818083191E0,9.827968945E0
6.339016550E1,-1.799258423E-1,3.499722290E-1,9.906698914E0,9.914511447E0
6.340019650E1,-1.930984497E-1,3.499722290E-1,9.922416229E0,9.930463806E0
6.341022850E1,-2.276765442E-1,3.463796997E-1,9.932894440E0,9.941539491E0
6.342025950E1,-2.330653381E-1,3.632945251E-1,9.901010742E0,9.910414526E0
6.343029150E1,-2.333647156E-1,3.971241760E-1,9.884844360E0,9.895570460E0
6.344032250E1,-2.402503967E-1,4.090992737E-1,9.862840118E0,9.874244157E0
6.345035350E1,-2.297721863E-1,4.194277954E-1,9.855655060E0,9.867251471E0
6.346038550E1,-2.263293457E-1,4.064048767E-1,9.851912842E0,9.862888854E0
6.347041650E1,-2.207908630E-1,3.986210632E-1,9.825417938E0,9.835979108E0
6.348044850E1,-2.294728088E-1,3.673361206E-1,9.851463776E0,9.860980282E0
6.349047950E1,-2.308200073E-1,3.430865479E-1,9.860145721E0,9.868812487E0
6.350051150E1,-2.321672058E-1,3.526666260E-1,9.867929535E0,9.876958472E0
6.351054250E1,-2.300715637E-1,3.366499329E-1,9.856852570E0,9.865283001E0
6.352057450E1,-2.255809021E-1,3.270698547E-1,9.849368134E0,9.857378661E0
6.353060550E1,-2.116598511E-1,3.477268982E-1,9.826465759E0,9.834894163E0
6.354063750E1,-2.109114075E-1,3.628454590E-1,9.843829651E0,9.852772333E0
6.355066850E1,-2.052232361E-1,3.788621521E-1,9.821526031E0,9.830972825E0
6.356070050E1,-2.143542480E-1,3.873944092E-1,9.800569611E0,9.810565063E0
6.357073150E1,-2.240840149E-1,4.007167053E-1,9.817933502E0,9.828662461E0
6.358076350E1,-2.315684509E-1,4.089495850E-1,9.834548950E0,9.845771517E0
6.359079450E1,-2.189945984E-1,4.215234375E-1,9.873617706E0,9.885037544E0
6.360082650E1,-2.098635864E-1,4.186793518E-1,9.883946228E0,9.895035531E0
6.361085750E1,-2.165995789E-1,4.417314148E-1,9.867929535E0,9.880185997E0
6.362088950E1,-2.204914856E-1,4.326004028E-1,9.865983582E0,9.877924460E0
6.363092050E1,-2.354603577E-1,4.490661621E-1,9.859846344E0,9.872875565E0
6.364095250E1,-2.424957275E-1,4.462220764E-1,9.857750702E0,9.870824040E0
6.365098350E1,-2.426454163E-1,4.234693909E-1,9.865235138E0,9.877300616E0
6.366101550E1,-2.314187622E-1,4.070036316E-1,9.856852570E0,9.867965808E0
6.367104650E1,-2.460882568E-1,3.966751099E-1,9.825118561E0,9.836201772E0
6.368107850E1,-2.499801636E-1,3.658392334E-1,9.806557159E0,9.816562115E0
6.369110950E1,-2.329156494E-1,3.751199341E-1,9.833351440E0,9.843259888E0
6.370114050E1,-2.151026917E-1,3.770658875E-1,9.871372375E0,9.880912935E0
6.371117250E1,-2.137554932E-1,3.950285339E-1,9.874815216E0,9.885024760E0
6.372120350E1,-2.008822632E-1,3.968247986E-1,9.842332764E0,9.852377268E0
6.373123550E1,-2.293231201E-1,4.026626587E-1,9.803264008E0,9.814209673E0
6.374126650E1,-2.445913696E-1,4.041595459E-1,9.769733734E0,9.781148558E0
6.375129850E1,-2.592608643E-1,3.775149536E-1,9.788444824E0,9.799152301E0
6.376132950E1,-2.628533936E-1,3.643423462E-1,9.814340973E0,9.824618363E0
6.377136150E1,-2.507286072E-1,3.661386108E-1,9.878407745E0,9.888370033E0
6.378139250E1,-2.317181396E-1,3.849993896E-1,9.843230896E0,9.853482242E0
6.379142450E1,-2.369572449E-1,3.851490784E-1,9.768685913E0,9.779146845E0
6.380145550E1,-2.466870117E-1,3.927832031E-1,9.797426147E0,9.808399066E0
6.381148750E1,-2.085163879E-1,3.966751099E-1,9.957443390E0,9.967522716E0
6.382151850E1,-1.716929626E-1,4.032614136E-1,1.008437943E1,1.009389948E1
6.383155050E1,-1.631607056E-1,4.147874451E-1,1.001207977E1,1.002199638E1
6.384158200E1,-2.106120300E-1,4.311035156E-1,9.748178558E0,9.759979143E0
6.385161400E1,-2.959346008E-1,4.266128540E-1,9.615254974E0,9.629262902E0
6.386164500E1,-3.073109436E-1,4.077520752E-1,9.711953888E0,9.725366322E0
6.387167700E1,-2.460882568E-1,3.739224243E-1,9.873468018E0,9.883610074E0
6.388170800E1,-1.922003174E-1,3.610491943E-1,9.993069305E0,1.000143648E1
6.389174000E1,-1.231938171E-1,3.628454590E-1,9.963880005E0,9.971245574E0
6.390177100E1,-1.228944397E-1,4.010160828E-1,9.840835876E0,9.849769931E0
6.391180300E1,-1.787283325E-1,4.495152283E-1,9.775421906E0,9.787383776E0
6.392183400E1,-2.345622253E-1,4.622387695E-1,9.807604980E0,9.821293172E0
6.393186600E1,-2.838098145E-1,4.809498596E-1,9.822424164E0,9.838286295E0
6.394189700E1,-2.833607483E-1,4.918771362E-1,9.846973114E0,9.863321750E0
6.395192800E1,-2.508782959E-1,5.050497437E-1,9.858050079E0,9.874166625E0
6.396196000E1,-2.228865051E-1,5.005590820E-1,9.857151947E0,9.872369639E0
6.397199100E1,-1.987866211E-1,4.822970581E-1,9.886940002E0,9.900692359E0
6.398202300E1,-2.148033142E-1,4.426295471E-1,9.896520081E0,9.908742155E0
6.399205400E1,-2.157014465E-1,4.096980286E-1,9.913584595E0,9.924391120E0
6.400208600E1,-2.065704346E-1,3.751199341E-1,9.895921326E0,9.905182744E0
6.401211700E1,-2.207908630E-1,3.544628906E-1,9.852062531E0,9.860909119E0
6.402214900E1,-2.339634705E-1,3.495231628E-1,9.825567627E0,9.834565803E0
6.403218000E1,-2.344125366E-1,3.516188049E-1,9.812395020E0,9.821490775E0
6.404221200E1,-2.365081787E-1,3.703298950E-1,9.815388794E0,9.825219465E0
6.405224300E1,-2.221380615E-1,3.751199341E-1,9.812694397E0,9.822374031E0
6.406227500E1,-2.186952209E-1,3.733236694E-1,9.816436615E0,9.825966923E0
6.407230600E1,-2.245330811E-1,3.814068604E-1,9.816586304E0,9.826558551E0
6.408233800E1,-2.113604736E-1,3.908372498E-1,9.832453308E0,9.842487748E0
6.409236900E1,-2.173480225E-1,4.116439819E-1,9.849368134E0,9.860362243E0
6.410240100E1,-2.243833923E-1,4.222718811E-1,9.901010742E0,9.912551395E0
6.411243200E1,-2.151026917E-1,4.385879517E-1,9.911938019E0,9.923968150E0
6.412246400E1,-2.359094238E-1,4.572990417E-1,9.827064514E0,9.840527051E0
6.413249500E1,-2.685415649E-1,4.812492371E-1,9.796528015E0,9.812016946E0
6.414252700E1,-2.701881409E-1,4.891827393E-1,9.780211945E0,9.796164916E0
6.415255800E1,-2.550695801E-1,4.821473694E-1,9.809550934E0,9.824704377E0
6.416259000E1,-2.174977112E-1,4.638853455E-1,9.865534515E0,9.878829189E0
6.417262100E1,-1.796264648E-1,4.415817261E-1,9.873917084E0,9.885418487E0
6.418265200E1,-1.610650635E-1,4.216731262E-1,9.883048096E0,9.893350789E0
6.419268400E1,-1.785786438E-1,4.026626587E-1,9.844578094E0,9.854427706E0
6.420271500E1,-1.989363098E-1,3.989204407E-1,9.842033386E0,9.852123342E0
6.421274700E1,-2.222877502E-1,4.213737488E-1,9.854607239E0,9.866116334E0
6.422277800E1,-2.442919922E-1,4.065545654E-1,9.864486694E0,9.875882894E0
6.423281000E1,-2.389031982E-1,4.082011414E-1,9.882449341E0,9.893761059E0
6.424284100E1,-2.263293457E-1,4.285588074E-1,9.859247589E0,9.871152448E0
6.425287300E1,-2.203417969E-1,4.327500916E-1,9.842033386E0,9.854006511E0
6.426290400E1,-2.148033142E-1,4.541555786E-1,9.838740234E0,9.851558615E0
6.427293600E1,-1.971400452E-1,4.399351501E-1,9.856702881E0,9.868485133E0
6.428296700E1,-1.910028076E-1,4.233197021E-1,9.876910858E0,9.887823307E0
6.429299900E1,-1.942959595E-1,4.111949158E-1,9.867330780E0,9.877805875E0
6.430303000E1,-2.161505127E-1,4.102967834E-1,9.845476227E0,9.856392171E0
6.431306200E1,-2.110610962E-1,3.891906738E-1,9.833501129E0,9.843462837E0
6.432309300E1,-2.408491516E-1,3.851490784E-1,9.827663269E0,9.838155999E0
6.433312500E1,-2.354603577E-1,3.839515686E-1,9.817185059E0,9.827511529E0
6.434315600E1,-2.483335876E-1,3.972738647E-1,9.817634125E0,9.828806433E0
6.435318800E1,-2.378553772E-1,4.058061218E-1,9.820178833E0,9.831437642E0
6.436321900E1,-2.350112915E-1,4.053570557E-1,9.815388794E0,9.826566126E0
6.437325100E1,-2.463876343E-1,4.191284180E-1,9.812095642E0,9.824133366E0
6.438328200E1,-2.281256104E-1,4.200265503E-1,9.834099884E0,9.845708919E0
6.439331400E1,-2.219883728E-1,4.230203247E-1,9.878108368E0,9.889653683E0
6.440334500E1,-2.122586060E-1,4.237687683E-1,9.872869263E0,9.884239028E0
6.441337700E1,-2.161505127E-1,4.376898193E-1,9.878707123E0,9.890760731E0
6.442340800E1,-2.197430420E-1,4.406835938E-1,9.858349457E0,9.870640458E0
6.443344000E1,-2.151026917E-1,4.385879517E-1,9.835147705E0,9.847271650E0
6.444347100E1,-2.303709412E-1,4.400848389E-1,9.828711090E0,9.841255363E0
6.445350300E1,-2.392025757E-1,4.409829712E-1,9.824070740E0,9.836871950E0
6.446353400E1,-2.342628479E-1,4.273612976E-1,9.846074982E0,9.858129098E0
6.447356500E1,-2.296224976E-1,4.225712585E-1,9.857151947E0,9.868877214E0
6.448359700E1,-2.261796570E-1,4.192781067E-1,9.855205994E0,9.866713564E0
6.449362800E1,-2.276765442E-1,4.188290405E-1,9.834998016E0,9.846544590E0
6.450366000E1,-2.393522644E-1,4.135899353E-1,9.821076965E0,9.832695404E0
6.451369100E1,-2.409988403E-1,4.168830872E-1,9.847422180E0,9.859188382E0
6.452372300E1,-2.179467773E-1,4.303550720E-1,9.908644867E0,9.920380506E0
6.453375400E1,-1.954934692E-1,4.339476013E-1,9.907597046E0,9.919022504E0
6.454378600E1,-1.842668152E-1,4.535568237E-1,9.865384827E0,9.877524276E0
6.455381700E1,-1.893562317E-1,4.472698975E-1,9.792336731E0,9.804374778E0
6.456384900E1,-2.195933533E-1,4.474195862E-1,9.743388519E0,9.756127580E0
6.457388000E1,-2.517764282E-1,4.327500916E-1,9.765841827E0,9.778667118E0
6.458391200E1,-2.522254944E-1,4.044589233E-1,9.826016693E0,9.837571284E0
6.459394300E1,-2.450404358E-1,3.923341370E-1,9.887538757E0,9.898353074E0
6.460397500E1,-2.207908630E-1,3.998185730E-1,9.851763153E0,9.862344585E0
6.461400600E1,-2.392025757E-1,4.046086121E-1,9.778415680E0,9.789705778E0
6.462403800E1,-2.450404358E-1,4.161346436E-1,9.815837860E0,9.827710097E0
6.463406900E1,-2.125579834E-1,4.146377563E-1,9.960886230E0,9.971778169E0
6.464410100E1,-1.673519897E-1,4.092489624E-1,1.010832962E1,1.011799482E1
6.465413200E1,-1.445993042E-1,4.129911804E-1,9.980645142E0,9.990232636E0
6.466416400E1,-2.270777893E-1,4.317022705E-1,9.717642059E0,9.729876585E0
6.467419500E1,-3.106040955E-1,4.447251892E-1,9.582323456E0,9.597665248E0
6.468422700E1,-3.272195435E-1,4.255650330E-1,9.680818634E0,9.695691190E0
6.469425800E1,-2.704875183E-1,3.978726196E-1,9.863887939E0,9.875613976E0
6.470429000E1,-2.177970886E-1,3.854484558E-1,9.991871796E0,1.000167526E1
6.471432100E1,-1.597178650E-1,3.899391174E-1,9.984087982E0,9.992976291E0
6.472435200E1,-1.484912109E-1,4.026626587E-1,9.865684204E0,9.875014515E0
6.473438400E1,-1.957928467E-1,4.403842163E-1,9.769284668E0,9.781165371E0
6.474441500E1,-2.520758057E-1,4.689747620E-1,9.788444824E0,9.802914445E0
6.475444700E1,-2.794688416E-1,4.577481079E-1,9.827513580E0,9.842136929E0
6.476447800E1,-2.740800476E-1,4.855902100E-1,9.858050079E0,9.873807224E0
6.477451000E1,-2.405497742E-1,5.165757751E-1,9.858499146E0,9.874954184E0
6.478454100E1,-2.035766602E-1,5.264552307E-1,9.864786072E0,9.880921152E0
6.479457300E1,-1.989363098E-1,5.093907166E-1,9.864786072E0,9.879932125E0
6.480460400E1,-2.029779053E-1,4.855902100E-1,9.889933777E0,9.903927907E0
6.481463600E1,-2.182461548E-1,4.228706360E-1,9.891131287E0,9.902571842E0
6.482466700E1,-2.224374390E-1,3.823049927E-1,9.866432648E0,9.876341869E0
6.483469812E1,-2.257305908E-1,3.796105957E-1,9.850565643E0,9.860461551E0
6.484472912E1,-2.451901245E-1,3.814068604E-1,9.831255798E0,9.841706151E0
6.485476112E1,-2.556683350E-1,3.749702454E-1,9.817933502E0,9.828417331E0
6.486479212E1,-2.571652222E-1,3.748205566E-1,9.804910583E0,9.815441709E0
6.487482412E1,-2.589614868E-1,3.674858093E-1,9.809251556E0,9.819548002E0
6.488485512E1,-2.248324585E-1,3.953279114E-1,9.824968872E0,9.835489166E0
6.489488713E1,-2.019300842E-1,3.989204407E-1,9.840686188E0,9.850838438E0
6.490491812E1,-1.983375549E-1,4.053570557E-1,9.846673737E0,9.857009476E0
6.491495012E1,-2.177970886E-1,4.085005188E-1,9.870773621E0,9.881623354E0
6.492498112E1,-2.219883728E-1,4.279600525E-1,9.896819458E0,9.908555093E0
6.493501312E1,-2.213896179E-1,4.514611816E-1,9.898615723E0,9.911378501E0
6.494504412E1,-2.350112915E-1,4.649331665E-1,9.804910583E0,9.818740485E0
6.495507612E1,-2.877017212E-1,4.882846069E-1,9.785750427E0,9.802148008E0
6.496510712E1,-2.921923828E-1,5.035528564E-1,9.776469727E0,9.793788959E0
6.497513912E1,-2.604583740E-1,4.796026611E-1,9.806407471E0,9.821582599E0
6.498517012E1,-2.059716797E-1,4.755610657E-1,9.867330780E0,9.880931099E0
6.499520112E1,-1.698966980E-1,4.581971741E-1,9.890233154E0,9.902298793E0
6.500523313E1,-1.703457642E-1,4.375401306E-1,9.871222687E0,9.882383132E0
6.501526412E1,-1.913021851E-1,4.311035156E-1,9.847422180E0,9.858710380E0
6.502529612E1,-2.115101624E-1,4.070036316E-1,9.845176849E0,9.855855909E0
6.503532712E1,-2.448907471E-1,4.011657715E-1,9.873018951E0,9.884199951E0
6.504535912E1,-2.568658447E-1,4.105961609E-1,9.894723816E0,9.906569975E0
6.505539012E1,-2.556683350E-1,4.275109863E-1,9.865085449E0,9.877653712E0
6.506542212E1,-2.423460388E-1,4.626878357E-1,9.839039612E0,9.852893591E0
6.507545312E1,-2.203417969E-1,4.692741394E-1,9.826914825E0,9.840580456E0
6.508548512E1,-2.249821472E-1,4.619393921E-1,9.829908600E0,9.843328098E0
6.509551612E1,-2.089654541E-1,4.546046448E-1,9.848769379E0,9.861469983E0
6.510554812E1,-2.179467773E-1,4.128414917E-1,9.847272491E0,9.858332233E0
6.511557913E1,-2.185455322E-1,3.921844482E-1,9.865684204E0,9.875894674E0
6.512561112E1,-2.251318359E-1,3.809577942E-1,9.860894165E0,9.870817946E0
6.513564212E1,-2.387535095E-1,3.670367432E-1,9.852062531E0,9.861787633E0
6.514567413E1,-2.350112915E-1,3.848497009E-1,9.843979340E0,9.854302047E0
6.515570512E1,-2.435435486E-1,4.016148376E-1,9.837393036E0,9.848599377E0
6.516573712E1,-2.475851440E-1,4.165837097E-1,9.832902374E0,9.844836692E0
6.517576812E1,-2.198927307E-1,4.185296631E-1,9.824819183E0,9.836187873E0
6.518580012E1,-2.326162720E-1,4.327500916E-1,9.815089417E0,9.827378248E0
6.519583112E1,-2.399510193E-1,4.137396240E-1,9.812544708E0,9.824194146E0
6.520586312E1,-2.436932373E-1,4.222718811E-1,9.828561401E0,9.840646277E0
6.521589412E1,-2.477348328E-1,4.248165894E-1,9.860445099E0,9.872700706E0
6.522592612E1,-2.383044434E-1,4.186793518E-1,9.880952454E0,9.892689361E0
6.523595712E1,-2.246827698E-1,4.331991577E-1,9.887688446E0,9.899723565E0
6.524598812E1,-2.338137817E-1,4.427792358E-1,9.860744476E0,9.873449446E0
6.525602013E1,-2.276765442E-1,4.484674072E-1,9.830806732E0,9.843663984E0
6.526605212E1,-2.424957275E-1,4.587959290E-1,9.816735992E0,9.830442687E0
6.527608312E1,-2.501298523E-1,4.514611816E-1,9.816885681E0,9.830443867E0
6.528611412E1,-2.532733154E-1,4.550537109E-1,9.819131012E0,9.832932171E0
6.529614612E1,-2.598596191E-1,4.442761230E-1,9.799521790E0,9.813028870E0
6.530617712E1,-2.577639771E-1,4.270619202E-1,9.775870972E0,9.788589143E0
6.531620912E1,-2.326162720E-1,4.314028931E-1,9.805509338E0,9.817750871E0
6.532624012E1,-2.351609802E-1,4.077520752E-1,9.851613464E0,9.862852036E0
6.533627212E1,-2.213896179E-1,4.177812195E-1,9.878856812E0,9.890165136E0
6.534630312E1,-2.161505127E-1,4.101470947E-1,9.873917084E0,9.884795408E0
6.535633512E1,-2.299218750E-1,3.912863159E-1,9.882748718E0,9.893163866E0
6.536636613E1,-2.254312134E-1,3.863465881E-1,9.880952454E0,9.891071949E0
6.537639812E1,-2.207908630E-1,3.806584167E-1,9.889335022E0,9.899121002E0
6.538642912E1,-2.272274780E-1,3.667373657E-1,9.904004517E0,9.913396698E0
6.539646112E1,-2.333647156E-1,3.625460815E-1,9.872869263E0,9.882279405E0
6.540649212E1,-2.436932373E-1,3.701802063E-1,9.828262024E0,9.838249549E0
6.541652412E1,-2.682421875E-1,3.688330078E-1,9.817783813E0,9.828370703E0
6.542655512E1,-2.646496582E-1,3.698808289E-1,9.840835876E0,9.851340113E0
6.543658713E1,-2.700384521E-1,3.902384949E-1,9.878258057E0,9.889650605E0
6.544661812E1,-2.293231201E-1,4.158352661E-1,9.866432648E0,9.877854081E0
6.545665012E1,-2.092648315E-1,4.230203247E-1,9.813143463E0,9.824485869E0
6.546668112E1,-2.290237427E-1,4.309538269E-1,9.782906342E0,9.795071698E0
6.547671312E1,-2.649490356E-1,4.236190796E-1,9.780062256E0,9.792817207E0
6.548674412E1,-2.583627319E-1,4.140390015E-1,9.814790039E0,9.826916256E0
6.549677612E1,-2.719844055E-1,3.960763550E-1,9.872120819E0,9.883806021E0
6.550680712E1,-2.695893860E-1,4.050576782E-1,9.892328796E0,9.904287919E0
6.551683912E1,-2.739303589E-1,4.065545654E-1,9.840985565E0,9.853188385E0
6.552687012E1,-2.944377136E-1,4.055067444E-1,9.808353424E0,9.821146887E0
6.553690112E1,-2.788700867E-1,4.147874451E-1,9.852361908E0,9.865031795E0
6.554693313E1,-2.498304749E-1,4.159849548E-1,9.957293701E0,9.969110121E0
6.555696412E1,-2.010319519E-1,3.891906738E-1,1.009066635E1,1.010016983E1
6.556699612E1,-1.851649475E-1,3.802093506E-1,9.967921600E0,9.976888605E0
6.557702712E1,-2.463876343E-1,3.674858093E-1,9.732910309E0,9.742961345E0
6.558705912E1,-3.116519165E-1,3.454815674E-1,9.699978790E0,9.711131395E0
6.559709012E1,-3.121009827E-1,3.221301270E-1,9.765542450E0,9.775837263E0
6.560712212E1,-2.647993469E-1,3.177891541E-1,9.880503387E0,9.889158500E0
6.561715313E1,-2.152523804E-1,3.095562744E-1,9.910291443E0,9.917461125E0
6.562718512E1,-1.651066589E-1,3.269201660E-1,9.845925293E0,9.852734741E0
6.563721612E1,-1.886077881E-1,3.650907898E-1,9.745783539E0,9.754443140E0
6.564724812E1,-2.390528870E-1,4.165837097E-1,9.734556885E0,9.746398618E0
6.565727912E1,-2.793191528E-1,4.358935547E-1,9.773625641E0,9.787327549E0
6.566731112E1,-3.164419556E-1,4.276606750E-1,9.842781830E0,9.857148843E0
6.567734212E1,-3.122506714E-1,4.331991577E-1,9.879754944E0,9.894176052E0
6.568737413E1,-2.746788025E-1,4.451742554E-1,9.891131287E0,9.904953644E0
6.569740512E1,-2.532733154E-1,4.388873291E-1,9.894125061E0,9.907092418E0
6.570743712E1,-2.320175171E-1,4.087998962E-1,9.917027435E0,9.928161090E0
6.571746812E1,-2.154020691E-1,3.719764709E-1,9.947414246E0,9.956696978E0
6.572750012E1,-2.209405518E-1,3.565585327E-1,9.926906891E0,9.935765151E0
6.573753112E1,-2.386038208E-1,3.321592712E-1,9.882000275E0,9.890459595E0
6.574756312E1,-2.420466614E-1,3.525169373E-1,9.829908600E0,9.839205144E0
6.575759412E1,-2.728825378E-1,3.356021118E-1,9.790091400E0,9.799641998E0
6.576762612E1,-2.761756897E-1,3.420387268E-1,9.760602722E0,9.770497889E0
6.577765712E1,-2.782713318E-1,3.438349915E-1,9.776320038E0,9.786321623E0
6.578768912E1,-2.706372070E-1,3.565585327E-1,9.802066498E0,9.812282411E0
6.579772013E1,-2.463876343E-1,3.504212952E-1,9.825717316E0,9.835050723E0
6.580775212E1,-2.221380615E-1,3.468287659E-1,9.864636383E0,9.873230803E0
6.581778312E1,-2.282752991E-1,3.412902832E-1,9.902507629E0,9.911016397E0
6.582781412E1,-2.278262329E-1,3.421884155E-1,9.915829926E0,9.924347879E0
6.583784612E1,-2.646496582E-1,3.472778320E-1,9.909542999E0,9.919157413E0
6.584787712E1,-2.670446777E-1,3.698808289E-1,9.824669495E0,9.835255735E0
6.585790912E1,-2.930905151E-1,3.887416077E-1,9.801467743E0,9.813551447E0
6.586794012E1,-2.921923828E-1,4.314028931E-1,9.793384552E0,9.807235381E0
6.587797212E1,-2.658471680E-1,4.191284180E-1,9.814490662E0,9.827032629E0
6.588800312E1,-2.480342102E-1,4.107458496E-1,9.806706848E0,9.818438385E0
6.589803512E1,-2.198927307E-1,3.650907898E-1,9.829758911E0,9.838994072E0
6.590806613E1,-2.070195007E-1,3.381468201E-1,9.869725800E0,9.877686354E0
6.591809812E1,-2.233355713E-1,3.580554199E-1,9.907147980E0,9.916131481E0
6.592812912E1,-2.589614868E-1,3.583547974E-1,9.932744751E0,9.942580022E0
6.593816112E1,-2.591111755E-1,3.513194275E-1,9.923314362E0,9.932911550E0
6.594819212E1,-2.598596191E-1,3.733236694E-1,9.897268524E0,9.907715268E0
6.595822412E1,-2.646496582E-1,3.794609070E-1,9.853709106E0,9.864563507E0
6.596825512E1,-2.535726929E-1,3.869453430E-1,9.829010468E0,9.839891899E0
6.597828713E1,-2.359094238E-1,3.836521912E-1,9.842931519E0,9.853230087E0
6.598831812E1,-2.284249878E-1,3.858975220E-1,9.845925293E0,9.856132089E0
6.599835012E1,-2.306703186E-1,3.954776001E-1,9.850865021E0,9.861498516E0
6.600838112E1,-2.381547546E-1,3.739224243E-1,9.857002258E0,9.866966565E0
6.601841312E1,-2.438429260E-1,3.447331238E-1,9.840985565E0,9.850040467E0
6.602844412E1,-2.610571289E-1,3.248245239E-1,9.841135254E0,9.849954562E0
6.603847612E1,-2.633024597E-1,3.230282593E-1,9.845925293E0,9.854741007E0
6.604850713E1,-2.647993469E-1,3.029699707E-1,9.838291168E0,9.846516268E0
6.605853912E1,-2.667453003E-1,3.076103210E-1,9.814790039E0,9.823231682E0
6.606857012E1,-2.541714478E-1,2.987786865E-1,9.826465759E0,9.834292102E0
6.607860212E1,-2.549198914E-1,3.174897766E-1,9.832453308E0,9.840880142E0
6.608863312E1,-2.652484131E-1,3.191363525E-1,9.826016693E0,9.834775482E0
6.609866512E1,-2.624043274E-1,3.366499329E-1,9.845625916E0,9.854873864E0
6.610869612E1,-2.796185303E-1,3.429368591E-1,9.844578094E0,9.854517242E0
6.611872813E1,-2.793191528E-1,3.403921509E-1,9.837243347E0,9.847093108E0
6.612875912E1,-2.827619934E-1,3.421884155E-1,9.827962646E0,9.837982366E0
6.613879012E1,-2.793191528E-1,3.513194275E-1,9.847422180E0,9.857645161E0
6.614882212E1,-2.782713318E-1,3.544628906E-1,9.846823425E0,9.857129929E0
6.615885313E1,-2.680924988E-1,3.662882996E-1,9.856852570E0,9.867298682E0
6.616888512E1,-2.600093079E-1,3.620970154E-1,9.852810974E0,9.862890204E0
6.617891612E1,-2.529739380E-1,3.799099731E-1,9.856403503E0,9.866965968E0
6.618894812E1,-2.571652222E-1,3.876937866E-1,9.841734009E0,9.852723924E0
6.619897912E1,-2.517764282E-1,3.749702454E-1,9.855804749E0,9.866148250E0
6.620901112E1,-2.630030823E-1,3.606001282E-1,9.844129028E0,9.854241696E0
6.621904212E1,-2.505789185E-1,3.519181824E-1,9.853858795E0,9.863324458E0
6.622907413E1,-2.588117981E-1,3.550616455E-1,9.858199768E0,9.867986369E0
6.623910512E1,-2.616558838E-1,3.480262756E-1,9.849068756E0,9.858688627E0
6.624913712E1,-2.656974792E-1,3.388952637E-1,9.840237122E0,9.849655413E0
6.625916812E1,-2.883004761E-1,3.275189209E-1,9.844278717E0,9.853943843E0
6.626920012E1,-2.775228882E-1,3.194357300E-1,9.864486694E0,9.873558420E0
6.627923112E1,-2.826123047E-1,3.300636292E-1,9.886341248E0,9.895885760E0
6.628926312E1,-2.529739380E-1,3.373983765E-1,9.880054321E0,9.889049847E0
6.629929412E1,-2.387535095E-1,3.487747192E-1,9.875563660E0,9.884604425E0
6.630932612E1,-2.273771667E-1,3.538641357E-1,9.836345215E0,9.845334295E0
6.631935712E1,-2.239343262E-1,3.682342529E-1,9.811796265E0,9.821256996E0
6.632938912E1,-2.215393066E-1,3.629951477E-1,9.829758911E0,9.838953470E0
6.633942013E1,-2.588117981E-1,3.526666260E-1,9.842332764E0,9.852049103E0
6.634945212E1,-2.773731995E-1,3.290158081E-1,9.848170624E0,9.857568256E0
6.635948312E1,-2.924917603E-1,3.173400879E-1,9.845925293E0,9.855379294E0
6.636951512E1,-2.799179077E-1,3.275189209E-1,9.820927277E0,9.830373098E0
6.637954612E1,-2.698887634E-1,3.345542908E-1,9.787696381E0,9.797130547E0
6.638957812E1,-2.670446777E-1,3.174897766E-1,9.817783813E0,9.826545254E0
6.639960912E1,-2.534230042E-1,3.125500488E-1,9.897268524E0,9.905444714E0
6.640964113E1,-1.938468933E-1,3.254232788E-1,1.003543121E1,1.004257719E1
6.641967212E1,-1.669029236E-1,3.276686096E-1,9.931247864E0,9.938053503E0
6.642970412E1,-2.401007080E-1,3.243754578E-1,9.737400970E0,9.745760383E0
6.643973512E1,-3.308120728E-1,3.147953796E-1,9.705666962E0,9.716403858E0
6.644976613E1,-3.207829285E-1,3.095562744E-1,9.795480194E0,9.805618747E0
6.645979812E1,-2.902464294E-1,3.095562744E-1,9.894574127E0,9.903669281E0
6.646982912E1,-2.435435486E-1,3.131488037E-1,9.934990082E0,9.942907199E0
6.647986113E1,-2.312690735E-1,3.222798157E-1,9.856104126E0,9.864083242E0
6.648989212E1,-2.209405518E-1,3.659889221E-1,9.785451050E0,9.794785085E0
6.649992412E1,-2.480342102E-1,4.043092346E-1,9.769733734E0,9.781241443E0
6.650995512E1,-2.781216431E-1,4.041595459E-1,9.802216187E0,9.814486169E0
6.651998712E1,-2.853067017E-1,4.194277954E-1,9.838291168E0,9.851359942E0
6.653001812E1,-2.671943665E-1,4.257147217E-1,9.846973114E0,9.859792359E0
6.654005012E1,-2.389031982E-1,4.017645264E-1,9.851164398E0,9.862247689E0
6.655008112E1,-2.462379456E-1,3.703298950E-1,9.887538757E0,9.897535048E0
6.656011312E1,-2.514770508E-1,3.390449524E-1,9.920021210E0,9.928998589E0
6.657014412E1,-2.544708252E-1,2.885998535E-1,9.935289459E0,9.942737144E0
6.658017612E1,-2.389031982E-1,2.701881409E-1,9.909393311E0,9.915954425E0
6.659020713E1,-2.601589966E-1,2.716850281E-1,9.882748718E0,9.889904837E0
6.660023912E1,-2.662962341E-1,2.942880249E-1,9.843081207E0,9.851079473E0
6.661027012E1,-2.649490356E-1,3.002755737E-1,9.798174591E0,9.806354508E0
6.662030212E1,-2.736309814E-1,3.303630066E-1,9.788594513E0,9.797989394E0
6.663033312E1,-2.628533936E-1,3.417393494E-1,9.798623657E0,9.808103959E0
6.664036512E1,-2.424957275E-1,3.269201660E-1,9.807604980E0,9.816047903E0
6.665039612E1,-2.311193848E-1,3.257226562E-1,9.833052063E0,9.841159703E0
6.666042813E1,-2.272274780E-1,3.080593872E-1,9.847422180E0,9.854859538E0
6.667045912E1,-2.450404358E-1,2.900967407E-1,9.857301636E0,9.864613346E0
6.668049112E1,-2.528242493E-1,2.917433167E-1,9.898615723E0,9.906140898E0
6.669052212E1,-2.658471680E-1,3.231779480E-1,9.855355682E0,9.864236125E0
6.670055412E1,-2.719844055E-1,3.698808289E-1,9.843530273E0,9.854231355E0
6.671058512E1,-2.833607483E-1,3.945794678E-1,9.822873230E0,9.834877974E0
6.672061712E1,-2.782713318E-1,4.062551880E-1,9.799372101E0,9.811736431E0
6.673064812E1,-2.282752991E-1,3.938310242E-1,9.824968872E0,9.835508417E0
6.674068012E1,-2.281256104E-1,3.670367432E-1,9.793833618E0,9.803363413E0
6.675071112E1,-2.387535095E-1,3.436853027E-1,9.813891907E0,9.822810045E0
6.676074212E1,-2.439926147E-1,3.365002441E-1,9.902807007E0,9.911526191E0
6.677077413E1,-2.489323425E-1,3.260220337E-1,9.923164673E0,9.931639079E0
6.678080512E1,-2.742297363E-1,3.300636292E-1,9.946216736E0,9.955469417E0
6.679083712E1,-2.646496582E-1,3.474275208E-1,9.883796539E0,9.893441229E0
6.680086812E1,-2.471360779E-1,3.649411011E-1,9.860594788E0,9.870440102E0
6.681090012E1,-2.486329651E-1,3.616479492E-1,9.838291168E0,9.848074974E0
6.682093112E1,-2.558180237E-1,3.638932800E-1,9.839788055E0,9.849837062E0
6.683096312E1,-2.668949890E-1,3.388952637E-1,9.860295410E0,9.869726871E0
6.684099404E1,-2.622546387E-1,3.254232788E-1,9.860894165E0,9.869747289E0
6.685102604E1,-2.550695801E-1,3.155438232E-1,9.844578094E0,9.852935920E0
6.686105704E1,-2.450404358E-1,3.055146790E-1,9.845326538E0,9.853113146E0
6.687108904E1,-2.535726929E-1,2.875520325E-1,9.846224670E0,9.853685886E0
6.688112004E1,-2.570155334E-1,2.791694641E-1,9.832153931E0,9.839473741E0
6.689115204E1,-2.556683350E-1,2.871029663E-1,9.813442841E0,9.820970156E0
6.690118304E1,-2.743794250E-1,2.853067017E-1,9.807155914E0,9.815140911E0
6.691121504E1,-2.743794250E-1,2.838098145E-1,9.809101868E0,9.817041893E0
6.692124604E1,-2.589614868E-1,3.077600098E-1,9.840237122E0,9.848453883E0
6.693127804E1,-2.520758057E-1,3.047662354E-1,9.837842102E0,9.845789044E0
6.694130904E1,-2.597099304E-1,3.237767029E-1,9.838141479E0,9.846893336E0
6.695134104E1,-2.499801636E-1,3.171903992E-1,9.836794281E0,9.845081084E0
6.696137204E1,-2.674937439E-1,3.189866638E-1,9.860445099E0,9.869229096E0
6.697140404E1,-2.912942505E-1,3.161425781E-1,9.845176849E0,9.854557609E0
6.698143504E1,-2.824626160E-1,3.356021118E-1,9.866881714E0,9.876627393E0
6.699146704E1,-2.856060791E-1,3.306623840E-1,9.853858795E0,9.863541027E0
6.700149804E1,-2.664459229E-1,3.502716064E-1,9.830956421E0,9.840802192E0
6.701153004E1,-2.577639771E-1,3.525169373E-1,9.832004242E0,9.841697916E0
6.702156104E1,-2.448907471E-1,3.504212952E-1,9.860894165E0,9.870157055E0
6.703159304E1,-2.492317200E-1,3.315605164E-1,9.876611481E0,9.885317555E0
6.704162404E1,-2.531236267E-1,3.177891541E-1,9.877210236E0,9.885562379E0
6.705165604E1,-2.724334717E-1,3.071612549E-1,9.858648834E0,9.867194377E0
6.706168704E1,-2.915936279E-1,3.141966248E-1,9.843530273E0,9.852859210E0
6.707171904E1,-2.905458069E-1,3.106040955E-1,9.859696655E0,9.868865685E0
6.708175004E1,-2.773731995E-1,3.062631226E-1,9.884095917E0,9.892728900E0
6.709178204E1,-2.613565063E-1,3.183879089E-1,9.881401520E0,9.889983523E0
6.710181304E1,-2.564167786E-1,3.293151855E-1,9.851912842E0,9.860749703E0
6.711184404E1,-2.486329651E-1,3.360511780E-1,9.808802490E0,9.817706200E0
6.712187604E1,-2.409988403E-1,3.176394653E-1,9.800868988E0,9.808975899E0
6.713190704E1,-2.568658447E-1,3.008743286E-1,9.832453308E0,9.840408705E0
6.714193904E1,-2.619552612E-1,2.902464294E-1,9.869127045E0,9.876868541E0
6.715197004E1,-2.757266235E-1,2.754272461E-1,9.878108368E0,9.885793355E0
6.716200204E1,-2.703378296E-1,2.989283752E-1,9.869576111E0,9.877802049E0
6.717203304E1,-2.677931213E-1,3.038681030E-1,9.823022919E0,9.831369601E0
6.718206504E1,-2.918930054E-1,3.125500488E-1,9.798473969E0,9.807802056E0
6.719209604E1,-2.893482971E-1,3.103047180E-1,9.837542725E0,9.846687682E0
6.720212804E1,-2.543211365E-1,3.168910217E-1,9.956096191E0,9.964384102E0
6.721215904E1,-2.083666992E-1,3.080593872E-1,1.003258713E1,1.003947816E1
6.722219104E1,-1.895059204E-1,3.141966248E-1,9.852062531E0,9.858892844E0
6.723222204E1,-2.667453003E-1,3.312611389E-1,9.684710541E0,9.694044835E0
6.724225404E1,-3.321592712E-1,3.261717224E-1,9.701176300E0,9.712339542E0
6.725228504E1,-3.022215271E-1,3.073109436E-1,9.815239105E0,9.824698294E0
6.726231704E1,-2.829116821E-1,2.944377136E-1,9.934840393E0,9.943228159E0
6.727234804E1,-2.457888794E-1,2.842588806E-1,9.937684479E0,9.944786980E0
6.728238004E1,-2.034269714E-1,3.116519165E-1,9.846374359E0,9.853405374E0
6.729241104E1,-2.209405518E-1,3.362008667E-1,9.786947937E0,9.795212896E0
6.730244304E1,-2.549198914E-1,3.779640198E-1,9.820478210E0,9.831054533E0
6.731247404E1,-2.936892700E-1,3.899391174E-1,9.868228912E0,9.880295935E0
6.732250604E1,-2.899470520E-1,4.114942932E-1,9.902058563E0,9.914845467E0
6.733253704E1,-2.683918762E-1,4.162843323E-1,9.890981598E0,9.903375375E0
6.734256904E1,-2.368075562E-1,4.143383789E-1,9.913434906E0,9.924915402E0
6.735260004E1,-2.215393066E-1,4.013154602E-1,9.932445374E0,9.943017895E0
6.736263204E1,-2.148033142E-1,3.770658875E-1,9.939031677E0,9.948500883E0
6.737266304E1,-2.239343262E-1,3.342549133E-1,9.936187592E0,9.944329881E0
6.738269504E1,-2.427951050E-1,3.129991150E-1,9.884994049E0,9.892928043E0
6.739272604E1,-2.624043274E-1,2.950364685E-1,9.819729767E0,9.827664791E0
6.740275804E1,-2.619552612E-1,2.935395813E-1,9.763895874E0,9.771819108E0
6.741278904E1,-2.552192688E-1,3.076103210E-1,9.725126495E0,9.733336855E0
6.742282104E1,-2.806663513E-1,3.194357300E-1,9.718091125E0,9.727389573E0
6.743285204E1,-2.734812927E-1,3.353027344E-1,9.714947662E0,9.724578552E0
6.744288304E1,-2.471360779E-1,3.315605164E-1,9.738748169E0,9.747524020E0
6.745291504E1,-2.380050659E-1,3.360511780E-1,9.757908325E0,9.766593658E0
6.746294604E1,-2.124082947E-1,3.161425781E-1,9.825567627E0,9.832946792E0
6.747297804E1,-2.037263489E-1,3.138972473E-1,9.876162415E0,9.883249463E0
6.748300904E1,-2.146536255E-1,3.186872864E-1,9.920619965E0,9.928058131E0
6.749304104E1,-2.282752991E-1,3.445834351E-1,9.903705139E0,9.912326813E0
6.750307204E1,-2.486329651E-1,3.706292725E-1,9.865534515E0,9.875624319E0
6.751310404E1,-2.670446777E-1,4.258644104E-1,9.857900391E0,9.870707850E0
6.752313504E1,-2.612068176E-1,4.496649170E-1,9.834099884E0,9.847839767E0
6.753316704E1,-2.474354553E-1,4.508624268E-1,9.805359650E0,9.818837971E0
6.754319804E1,-2.252815247E-1,4.273612976E-1,9.744436340E0,9.756404514E0
6.755323004E1,-2.085163879E-1,3.832031250E-1,9.787247314E0,9.796965536E0
6.756326104E1,-2.055226135E-1,3.613485718E-1,9.837692413E0,9.846471670E0
6.757329304E1,-2.098635864E-1,3.415896606E-1,9.854457550E0,9.862609179E0
6.758332404E1,-2.278262329E-1,3.396437073E-1,9.890083466E0,9.898535932E0
6.759335604E1,-2.424957275E-1,3.429368591E-1,9.869576111E0,9.878509122E0
6.760338704E1,-2.573149109E-1,3.577560425E-1,9.863438873E0,9.873278420E0
6.761341904E1,-2.399510193E-1,3.794609070E-1,9.862840118E0,9.873053341E0
6.762345004E1,-2.287243652E-1,4.016148376E-1,9.865983582E0,9.876803195E0
6.763348204E1,-1.945953369E-1,4.087998962E-1,9.862540741E0,9.872927356E0
6.764351304E1,-1.901046753E-1,4.294569397E-1,9.871821442E0,9.882986979E0
6.765354504E1,-1.814227295E-1,4.318519592E-1,9.858050079E0,9.869172290E0
6.766357604E1,-2.050735474E-1,4.150868225E-1,9.865384827E0,9.876242707E0
6.767360804E1,-2.194436646E-1,3.956272888E-1,9.870474243E0,9.880836921E0
6.768363904E1,-2.306703186E-1,3.890409851E-1,9.871971130E0,9.882326431E0
6.769367104E1,-2.498304749E-1,3.758683777E-1,9.870923309E0,9.881235716E0
6.770370204E1,-2.423460388E-1,3.532653809E-1,9.860744476E0,9.870046082E0
6.771373404E1,-2.329156494E-1,3.628454590E-1,9.845925293E0,9.855361556E0
6.772376504E1,-2.191442871E-1,3.511697388E-1,9.826465759E0,9.835180411E0
6.773379704E1,-2.115101624E-1,3.634442139E-1,9.786798248E0,9.795828102E0
6.774382804E1,-2.269281006E-1,3.589535522E-1,9.790690155E0,9.799895802E0
6.775385904E1,-2.293231201E-1,3.411405945E-1,9.804910583E0,9.813523198E0
6.776389104E1,-2.366578674E-1,3.544628906E-1,9.843679962E0,9.852902419E0
6.777392204E1,-2.465373230E-1,3.644920349E-1,9.856253815E0,9.866071881E0
6.778395404E1,-2.354603577E-1,3.757186890E-1,9.870773621E0,9.880727604E0
6.779398504E1,-2.275268555E-1,3.852987671E-1,9.860744476E0,9.870891816E0
6.780401704E1,-2.377056885E-1,3.763174438E-1,9.848470001E0,9.858523225E0
6.781404804E1,-2.511776733E-1,3.978726196E-1,9.844278717E0,9.855517049E0
6.782408004E1,-2.594105530E-1,4.014651489E-1,9.864786072E0,9.876359266E0
6.783411104E1,-2.505789185E-1,4.055067444E-1,9.866582336E0,9.878090530E0
6.784414337E1,-2.345622253E-1,4.008663940E-1,9.858050079E0,9.868984987E0
6.785417437E1,-2.469863892E-1,3.932322693E-1,9.823771362E0,9.834740346E0
6.786420637E1,-2.450404358E-1,4.061054993E-1,9.827214203E0,9.838653642E0
6.787423737E1,-2.324665833E-1,3.927832031E-1,9.852661285E0,9.863227350E0
6.788426938E1,-2.260299683E-1,4.040098572E-1,9.886940002E0,9.897772281E0
6.789430037E1,-2.040257263E-1,3.993695068E-1,9.898016968E0,9.908171496E0
6.790433237E1,-1.911524963E-1,4.156855774E-1,9.849368134E0,9.859989169E0
6.791436337E1,-2.110610962E-1,4.321513367E-1,9.802365875E0,9.814157035E0
6.792439537E1,-2.248324585E-1,4.345463562E-1,9.792037354E0,9.804252940E0
6.793442637E1,-2.513273621E-1,4.123924255E-1,9.814340973E0,9.826216041E0
6.794445837E1,-2.501298523E-1,3.842509460E-1,9.871971130E0,9.882612394E0
6.795448937E1,-2.577639771E-1,3.857478333E-1,9.892029419E0,9.902903094E0
6.796452137E1,-2.507286072E-1,3.908372498E-1,9.811197510E0,9.822179756E0
6.797455237E1,-2.421963501E-1,3.911366272E-1,9.754914551E0,9.765756746E0
6.798458437E1,-2.311193848E-1,3.861968994E-1,9.859546967E0,9.869814112E0
6.799461538E1,-1.878593445E-1,3.839515686E-1,1.002540207E1,1.003451028E1
6.800464737E1,-1.496887207E-1,3.890409851E-1,1.009171417E1,1.010031953E1
6.801467837E1,-1.719923401E-1,3.987707520E-1,9.904603271E0,9.914119499E0
6.802471038E1,-2.582130432E-1,4.076023865E-1,9.649833069E0,9.661888632E0
6.803474137E1,-3.116519165E-1,4.083508301E-1,9.586664429E0,9.600417292E0
6.804477337E1,-3.001258850E-1,3.778143311E-1,9.736951904E0,9.748900020E0
6.805480437E1,-2.408491516E-1,3.589535522E-1,9.925559692E0,9.934968101E0
6.806483637E1,-1.754351807E-1,3.541635132E-1,9.993967438E0,1.000177956E1
6.807486737E1,-1.311273193E-1,3.700305176E-1,9.918075256E0,9.925841715E0
6.808489937E1,-1.628613281E-1,3.986210632E-1,9.824519806E0,9.833952002E0
6.809493037E1,-2.055226135E-1,4.468208313E-1,9.782008209E0,9.794364349E0
6.810496137E1,-2.661465454E-1,4.575984192E-1,9.824819183E0,9.839070194E0
6.811499337E1,-2.932402039E-1,4.640350342E-1,9.857451324E0,9.872723279E0
6.812502437E1,-2.547702026E-1,4.813989258E-1,9.874515839E0,9.889525561E0
6.813505638E1,-2.330653381E-1,5.093907166E-1,9.882000275E0,9.897864809E0
6.814508737E1,-1.953437805E-1,5.084925842E-1,9.885443115E0,9.900439863E0
6.815511937E1,-1.892065430E-1,4.900808716E-1,9.890233154E0,9.904175393E0
6.816515037E1,-1.914518738E-1,4.674778748E-1,9.888436890E0,9.901331906E0
6.817518237E1,-2.098635864E-1,4.153862000E-1,9.887538757E0,9.898485293E0
6.818521337E1,-2.165995789E-1,3.918850708E-1,9.848020935E0,9.858194846E0
6.819524537E1,-2.239343262E-1,3.811074829E-1,9.818232880E0,9.828178182E0
6.820527637E1,-2.487826538E-1,3.679348755E-1,9.786947937E0,9.797020915E0
6.821530837E1,-2.439926147E-1,3.601510620E-1,9.798923035E0,9.808574505E0
6.822533937E1,-2.526745605E-1,3.634442139E-1,9.810598755E0,9.820579619E0
6.823537137E1,-2.348616028E-1,3.778143311E-1,9.805209961E0,9.815296532E0
6.824540238E1,-2.264790344E-1,3.740721130E-1,9.813143463E0,9.822881824E0
6.825543437E1,-2.222877502E-1,3.823049927E-1,9.818831635E0,9.828785460E0
6.826546537E1,-2.145039368E-1,3.897894287E-1,9.854906616E0,9.864944610E0
6.827549737E1,-2.306703186E-1,4.070036316E-1,9.883048096E0,9.894114433E0
6.828552837E1,-2.160008240E-1,4.255650330E-1,9.894125061E0,9.905628333E0
6.829556037E1,-2.287243652E-1,4.282594299E-1,9.871821442E0,9.883753313E0
6.830559137E1,-2.465373230E-1,4.619393921E-1,9.808503113E0,9.822469240E0
6.831562338E1,-2.627037048E-1,4.751119995E-1,9.819280701E0,9.834277713E0
6.832565437E1,-2.504292297E-1,4.731660461E-1,9.799072723E0,9.813685706E0
6.833568637E1,-2.321672058E-1,4.625381470E-1,9.821675720E0,9.835301577E0
6.834571737E1,-1.992356873E-1,4.529580688E-1,9.871671753E0,9.884066424E0
6.835574937E1,-1.625619507E-1,4.415817261E-1,9.896220703E0,9.907401527E0
6.836578037E1,-1.559756470E-1,4.192781067E-1,9.871671753E0,9.881802757E0
6.837581237E1,-1.806742859E-1,4.242178345E-1,9.839039612E0,9.849837788E0
6.838584337E1,-2.237846375E-1,4.153862000E-1,9.858798523E0,9.870082754E0
6.839587537E1,-2.567161560E-1,4.261637878E-1,9.865235138E0,9.877772172E0
6.840590637E1,-2.508782959E-1,4.337979126E-1,9.875114594E0,9.887821235E0
6.841593837E1,-2.451901245E-1,4.396357727E-1,9.857601013E0,9.870445560E0
6.842596938E1,-2.432441711E-1,4.544549561E-1,9.837093658E0,9.850589255E0
6.843600137E1,-2.146536255E-1,4.532574463E-1,9.845476227E0,9.858241254E0
6.844603237E1,-2.041754150E-1,4.680766296E-1,9.848919067E0,9.862149367E0
6.845606438E1,-1.954934692E-1,4.331991577E-1,9.874216461E0,9.885647674E0
6.846609537E1,-2.020797729E-1,4.191284180E-1,9.870923309E0,9.881884023E0
6.847612637E1,-2.165995789E-1,3.969744873E-1,9.863139496E0,9.873501144E0
6.848615837E1,-2.176473999E-1,3.802093506E-1,9.849517822E0,9.859256101E0
6.849618938E1,-2.305206299E-1,3.761677551E-1,9.848020935E0,9.857898269E0
6.850622137E1,-2.395019531E-1,3.849993896E-1,9.824519806E0,9.834977129E0
6.851625237E1,-2.481838989E-1,3.906875610E-1,9.812993774E0,9.823903442E0
6.852628437E1,-2.427951050E-1,4.085005188E-1,9.824370117E0,9.835856360E0
6.853631537E1,-2.326162720E-1,4.252656555E-1,9.812844086E0,9.824808917E0
6.854634737E1,-2.414479065E-1,4.330494690E-1,9.797426147E0,9.809963713E0
6.855637837E1,-2.451901245E-1,4.245172119E-1,9.815089417E0,9.827324830E0
6.856641038E1,-2.300715637E-1,4.243675232E-1,9.853110352E0,9.864927994E0
6.857644137E1,-2.252815247E-1,4.260140991E-1,9.871821442E0,9.883577204E0
6.858647337E1,-2.157014465E-1,4.345463562E-1,9.883497162E0,9.895396596E0
6.859650437E1,-2.080673218E-1,4.427792358E-1,9.864337006E0,9.876461412E0
6.860653637E1,-2.282752991E-1,4.529580688E-1,9.839788055E0,9.852852866E0
6.861656737E1,-2.251318359E-1,4.450245667E-1,9.846074982E0,9.858697873E0
6.862659937E1,-2.366578674E-1,4.504133606E-1,9.864037628E0,9.877151283E0
6.863663037E1,-2.498304749E-1,4.324507141E-1,9.850415955E0,9.863068659E0
6.864666237E1,-2.607577515E-1,4.342469788E-1,9.839788055E0,9.852816553E0
6.865669337E1,-2.544708252E-1,4.284091187E-1,9.819430389E0,9.832065040E0
6.866672537E1,-2.299218750E-1,4.156855774E-1,9.865235138E0,9.876665576E0
6.867675638E1,-2.038760376E-1,4.394860840E-1,9.905651093E0,9.917491468E0
6.868678837E1,-1.947450256E-1,4.525090027E-1,9.905651093E0,9.917893606E0
6.869681937E1,-1.832189941E-1,4.484674072E-1,9.838740234E0,9.850659958E0
6.870685137E1,-2.037263489E-1,4.558021545E-1,9.789792023E0,9.802514365E0
6.871688237E1,-2.314187622E-1,4.456233215E-1,9.773625641E0,9.786515874E0
6.872691437E1,-2.409988403E-1,4.134402466E-1,9.800419922E0,9.812096816E0
6.873694537E1,-2.430944824E-1,4.092489624E-1,9.867031403E0,9.878506382E0
6.874697738E1,-2.293231201E-1,4.059558105E-1,9.868827667E0,9.879835461E0
6.875700837E1,-2.356100464E-1,4.144880676E-1,9.783355408E0,9.794965824E0
6.876704037E1,-2.450404358E-1,4.143383789E-1,9.776769104E0,9.788612528E0
6.877707137E1,-2.266287231E-1,4.119433594E-1,9.890682220E0,9.901850973E0
6.878710337E1,-1.841171265E-1,4.087998962E-1,1.006012985E1,1.007011565E1
6.879713437E1,-1.324745178E-1,4.324507141E-1,1.005234604E1,1.006251579E1
6.880716637E1,-1.657054138E-1,4.418811035E-1,9.805359650E0,9.816709991E0
6.881719737E1,-2.885998535E-1,4.391867065E-1,9.618847504E0,9.633192728E0
6.882722837E1,-3.240760803E-1,4.324507141E-1,9.644294586E0,9.659423222E0
6.883726037E1,-2.704875183E-1,3.993695068E-1,9.816735992E0,9.828578994E0
6.884729112E1,-2.050735474E-1,3.848497009E-1,9.975555725E0,9.985082698E0
6.885732313E1,-1.625619507E-1,3.854484558E-1,9.994865570E0,1.000361608E1
6.886735412E1,-1.598675537E-1,4.067042542E-1,9.886940002E0,9.896592777E0
6.887738612E1,-1.874102783E-1,4.373904419E-1,9.801767120E0,9.813310944E0
6.888741712E1,-2.383044434E-1,4.653822327E-1,9.785301361E0,9.799259786E0
6.889744912E1,-2.691403198E-1,4.827461243E-1,9.827513580E0,9.843043407E0
6.890748012E1,-2.697390747E-1,4.926255798E-1,9.852661285E0,9.868656116E0
6.891751212E1,-2.402503967E-1,5.113366699E-1,9.875863037E0,9.892009713E0
6.892754312E1,-2.073188782E-1,5.204676819E-1,9.855655060E0,9.871565447E0
6.893757512E1,-2.017803955E-1,5.099894714E-1,9.864935760E0,9.880170148E0
6.894760612E1,-2.158511353E-1,4.858895874E-1,9.885892181E0,9.900179020E0
6.895763812E1,-2.143542480E-1,4.436773682E-1,9.885742493E0,9.898015053E0
6.896766913E1,-2.204914856E-1,4.004173279E-1,9.875713348E0,9.886286698E0
6.897770112E1,-2.306703186E-1,3.888912964E-1,9.856553192E0,9.866918773E0
6.898773212E1,-2.412982178E-1,3.755690002E-1,9.837692413E0,9.847815439E0
6.899776413E1,-2.444416809E-1,3.791615295E-1,9.818382568E0,9.828741092E0
6.900779512E1,-2.556683350E-1,3.890409851E-1,9.800719299E0,9.811769360E0
6.901782712E1,-2.433938599E-1,3.960763550E-1,9.810000000E0,9.821008963E0
6.902785812E1,-2.270777893E-1,3.981719971E-1,9.823471985E0,9.834160213E0
6.903789012E1,-2.113604736E-1,3.966751099E-1,9.839937744E0,9.850197927E0
6.904792112E1,-1.935475159E-1,4.152365112E-1,9.841734009E0,9.852391096E0
6.905795312E1,-2.125579834E-1,4.248165894E-1,9.865684204E0,9.877113690E0
6.906798412E1,-2.186952209E-1,4.432283020E-1,9.880653076E0,9.893006830E0
6.907801612E1,-2.288740540E-1,4.586462402E-1,9.879754944E0,9.893042882E0
6.908804712E1,-2.360591125E-1,4.658312988E-1,9.798473969E0,9.812380690E0
6.909807912E1,-2.722837830E-1,4.914280701E-1,9.773026886E0,9.789162095E0
6.910811013E1,-2.716850281E-1,4.971162415E-1,9.786049805E0,9.802433784E0
6.911814212E1,-2.450404358E-1,4.890330505E-1,9.823921051E0,9.839137308E0
6.912817312E1,-2.011816406E-1,4.719685364E-1,9.888736267E0,9.902036826E0
6.913820512E1,-1.666035461E-1,4.532574463E-1,9.918823700E0,9.930572121E0
6.914823612E1,-1.691482544E-1,4.456233215E-1,9.892029419E0,9.903506314E0
6.915826812E1,-1.832189941E-1,4.317022705E-1,9.849966888E0,9.861124873E0
6.916829912E1,-2.281256104E-1,4.195774841E-1,9.850865021E0,9.862435207E0
6.917833113E1,-2.408491516E-1,4.212240601E-1,9.863588562E0,9.875516055E0
6.918836212E1,-2.570155334E-1,4.129911804E-1,9.887838135E0,9.899796042E0
6.919839312E1,-2.365081787E-1,4.282594299E-1,9.892777863E0,9.904867293E0
6.920842512E1,-2.251318359E-1,4.635859680E-1,9.847422180E0,9.860898533E0
6.921845613E1,-2.170486450E-1,4.616400146E-1,9.832602997E0,9.845826695E0
6.922848812E1,-2.215393066E-1,4.516108704E-1,9.823172607E0,9.836043520E0
6.923851912E1,-2.233355713E-1,4.294569397E-1,9.837842102E0,9.849743614E0
6.924855112E1,-1.935475159E-1,4.255650330E-1,9.868079224E0,9.879147423E0
6.925858212E1,-2.209405518E-1,3.959266663E-1,9.860295410E0,9.870714170E0
6.926861412E1,-2.113604736E-1,3.842509460E-1,9.849517822E0,9.859276006E0
6.927864512E1,-2.252815247E-1,3.802093506E-1,9.836045837E0,9.845969157E0
6.928867713E1,-2.336640930E-1,3.936813354E-1,9.817933502E0,9.828601231E0
6.929870812E1,-2.360591125E-1,4.138893127E-1,9.829609222E0,9.841150631E0
6.930874012E1,-2.398013306E-1,4.296066284E-1,9.816436615E0,9.828758536E0
6.931877112E1,-2.423460388E-1,4.366419983E-1,9.789941711E0,9.802670379E0
6.932880312E1,-2.363584900E-1,4.393363953E-1,9.793683929E0,9.806381938E0
6.933883412E1,-2.406994629E-1,4.456233215E-1,9.810898132E0,9.823962466E0
6.934886612E1,-2.462379456E-1,4.420307922E-1,9.831106110E0,9.844118634E0
6.935889712E1,-2.481838989E-1,4.269122314E-1,9.852960663E0,9.865327320E0
6.936892912E1,-2.285746765E-1,4.261637878E-1,9.878856812E0,9.890686218E0
6.937896012E1,-2.354603577E-1,4.378395081E-1,9.886191559E0,9.898683173E0
6.938899212E1,-2.080673218E-1,4.348457336E-1,9.864636383E0,9.876407940E0
6.939902313E1,-2.103126526E-1,4.469705200E-1,9.841734009E0,9.854123115E0
6.940905512E1,-2.047741699E-1,4.429289246E-1,9.813293152E0,9.825418107E0
6.941908612E1,-2.228865051E-1,4.212240601E-1,9.799222412E0,9.810803636E0
6.942911813E1,-2.242337036E-1,4.215234375E-1,9.823621674E0,9.835217616E0
6.943914912E1,-2.143542480E-1,4.079017639E-1,9.849667511E0,9.860440237E0
6.944918112E1,-2.302212524E-1,3.957769775E-1,9.839039612E0,9.849687392E0
6.945921212E1,-2.474354553E-1,3.956272888E-1,9.815538483E0,9.826624088E0
6.946924412E1,-2.655477905E-1,3.878434753E-1,9.849218445E0,9.860428092E0
6.947927512E1,-2.597099304E-1,4.096980286E-1,9.890981598E0,9.902869215E0
6.948930712E1,-2.302212524E-1,4.269122314E-1,9.954150238E0,9.965960207E0
6.949933812E1,-2.209405518E-1,4.457730103E-1,9.973011017E0,9.985413214E0
6.950937012E1,-2.095642090E-1,4.613406372E-1,9.878557434E0,9.891544334E0
6.951940112E1,-2.278262329E-1,4.682263184E-1,9.792935486E0,9.806769402E0
6.952943312E1,-2.441423035E-1,4.442761230E-1,9.768386536E0,9.781531692E0
6.953946413E1,-2.600093079E-1,4.013154602E-1,9.809550934E0,9.821198932E0
6.954949612E1,-2.627037048E-1,3.836521912E-1,9.860744476E0,9.871701164E0
6.955952712E1,-2.299218750E-1,3.626957703E-1,9.876611481E0,9.885942880E0
6.956955912E1,-2.383044434E-1,3.516188049E-1,9.824370117E0,9.833548342E0
6.957959012E1,-2.381547546E-1,3.617976379E-1,9.841734009E0,9.851261012E0
6.958962212E1,-2.246827698E-1,3.656895447E-1,9.888287201E0,9.897597434E0
6.959965312E1,-1.887574768E-1,3.534150696E-1,9.992769928E0,1.000079909E1
6.960968513E1,-1.353186035E-1,3.531156921E-1,1.008063721E1,1.008772761E1
6.961971612E1,-1.532812500E-1,3.623963928E-1,9.898615723E0,9.906433239E0
6.962974712E1,-2.405497742E-1,3.703298950E-1,9.705666962E0,9.715707879E0
6.963977912E1,-3.237767029E-1,3.686833191E-1,9.700876923E0,9.713278119E0
6.964981013E1,-2.918930054E-1,3.725752258E-1,9.785001984E0,9.796442091E0
6.965984212E1,-2.707868958E-1,3.706292725E-1,9.894723816E0,9.905364758E0
6.966987312E1,-2.047741699E-1,3.823049927E-1,9.902208252E0,9.911701056E0
6.967990512E1,-1.868115234E-1,4.092489624E-1,9.815688171E0,9.825991937E0
6.968993612E1,-2.088157654E-1,4.424798584E-1,9.739346924E0,9.751629143E0
6.969996812E1,-2.604583740E-1,4.433779907E-1,9.770182800E0,9.783705564E0
6.970999912E1,-3.067121887E-1,4.514611816E-1,9.825118561E0,9.840266475E0
6.972003113E1,-3.055146790E-1,4.477189636E-1,9.877808990E0,9.892669101E0
6.973006212E1,-2.841091919E-1,4.561015320E-1,9.889634399E0,9.904222089E0
6.974009412E1,-2.375559998E-1,4.369413757E-1,9.890831909E0,9.903328050E0
6.975012512E1,-2.040257263E-1,4.198768616E-1,9.907896423E0,9.918887771E0
6.976015712E1,-2.040257263E-1,3.888912964E-1,9.951006775E0,9.960692685E0
6.977018812E1,-2.106120300E-1,3.396437073E-1,9.972112885E0,9.980117768E0
6.978022012E1,-2.210902405E-1,3.338058472E-1,9.920320587E0,9.928397040E0
6.979025112E1,-2.267784119E-1,3.297642517E-1,9.868977356E0,9.877088992E0
6.980028312E1,-2.499801636E-1,3.128494263E-1,9.826615448E0,9.834771782E0
6.981031412E1,-2.715353394E-1,3.303630066E-1,9.791588287E0,9.800922015E0
6.982034612E1,-2.835104370E-1,3.490740967E-1,9.770781555E0,9.781124838E0
6.983037713E1,-2.758763123E-1,3.549119568E-1,9.770781555E0,9.781116625E0
6.984040879E1,-2.644999695E-1,3.589535522E-1,9.799222412E0,9.809361231E0
6.985043979E1,-2.529739380E-1,3.454815674E-1,9.834848328E0,9.844165529E0
6.986047179E1,-2.252815247E-1,3.579057312E-1,9.850415955E0,9.859489985E0
6.987050279E1,-2.053729248E-1,3.634442139E-1,9.887987823E0,9.896796094E0
6.988053479E1,-2.168989563E-1,3.662882996E-1,9.897118835E0,9.906269405E0
6.989056579E1,-2.228865051E-1,3.767665100E-1,9.862540741E0,9.872251074E0
6.990059779E1,-2.622546387E-1,3.929328918E-1,9.798773346E0,9.810154578E0
6.991062879E1,-2.908451843E-1,4.182302856E-1,9.810598755E0,9.823815726E0
6.992066079E1,-2.905458069E-1,4.378395081E-1,9.820627899E0,9.834676031E0
6.993069179E1,-2.478845215E-1,4.182302856E-1,9.824070740E0,9.836093188E0
6.994072379E1,-2.260299683E-1,3.878434753E-1,9.843829651E0,9.854059788E0
6.995075479E1,-2.070195007E-1,3.616479492E-1,9.873617706E0,9.882407243E0
6.996078679E1,-1.929487610E-1,3.474275208E-1,9.897418213E0,9.905393601E0
6.997081779E1,-2.109114075E-1,3.522175598E-1,9.902357941E0,9.910864423E0
6.998084979E1,-2.336640930E-1,3.559597778E-1,9.903705139E0,9.912854370E0
6.999088079E1,-2.592608643E-1,3.724255371E-1,9.887538757E0,9.897946234E0
7.000091279E1,-2.814147949E-1,3.841012573E-1,9.858050079E0,9.869543020E0
7.001094379E1,-2.769241333E-1,3.896397400E-1,9.820478210E0,9.832105491E0
7.002097579E1,-2.576142883E-1,4.080514526E-1,9.812245331E0,9.824104516E0
7.003100679E1,-2.549198914E-1,3.921844482E-1,9.821076965E0,9.832209597E0
7.004103879E1,-2.368075562E-1,3.935316467E-1,9.830956421E0,9.841679182E0
7.005106979E1,-2.396516418E-1,3.565585327E-1,9.854607239E0,9.863967291E0
7.006110079E1,-2.236349487E-1,3.516188049E-1,9.857002258E0,9.865806703E0
7.007113279E1,-2.421963501E-1,3.445834351E-1,9.848470001E0,9.857472200E0
7.008116379E1,-2.571652222E-1,3.143463135E-1,9.848919067E0,9.857289402E0
7.009119579E1,-2.507286072E-1,3.161425781E-1,9.847422180E0,9.855685393E0
7.010122679E1,-2.622546387E-1,3.088078308E-1,9.841883698E0,9.850219007E0
7.011125879E1,-2.730322266E-1,3.144960022E-1,9.825118561E0,9.833941685E0
7.012128979E1,-2.489323425E-1,3.270698547E-1,9.811945953E0,9.820551176E0
7.013132179E1,-2.386038208E-1,3.228785706E-1,9.818831635E0,9.827036024E0
7.014135279E1,-2.351609802E-1,3.362008667E-1,9.843530273E0,9.852076936E0
7.015138479E1,-2.526745605E-1,3.351530457E-1,9.824370117E0,9.833332100E0
7.016141579E1,-2.598596191E-1,3.339555359E-1,9.843380585E0,9.852471500E0
7.017144779E1,-2.686912537E-1,3.272195435E-1,9.834399261E0,9.843509357E0
7.018147879E1,-2.715353394E-1,3.360511780E-1,9.831704865E0,9.841193138E0
7.019151079E1,-2.704875183E-1,3.417393494E-1,9.826316071E0,9.835976657E0
7.020154179E1,-2.668949890E-1,3.528163147E-1,9.826016693E0,9.835970534E0
7.021157379E1,-2.401007080E-1,3.680845642E-1,9.841734009E0,9.851541143E0
7.022160479E1,-2.273771667E-1,3.758683777E-1,9.876012726E0,9.885777904E0
7.023163679E1,-2.421963501E-1,3.734733582E-1,9.868977356E0,9.879010855E0
7.024166779E1,-2.616558838E-1,3.790118408E-1,9.842183075E0,9.852952931E0
7.025169979E1,-2.582130432E-1,3.785627747E-1,9.828112335E0,9.838789347E0
7.026173079E1,-2.692900085E-1,3.635939026E-1,9.840985565E0,9.851381351E0
7.027176279E1,-2.773731995E-1,3.677851868E-1,9.852062531E0,9.862826063E0
7.028179379E1,-2.610571289E-1,3.781137085E-1,9.858499146E0,9.869200890E0
7.029182579E1,-2.588117981E-1,3.773652649E-1,9.848170624E0,9.858795704E0
7.030185679E1,-2.447410583E-1,3.665876770E-1,9.840835876E0,9.850702282E0
7.031188879E1,-2.432441711E-1,3.489244080E-1,9.828561401E0,9.837760680E0
7.032191979E1,-2.236349487E-1,3.384461975E-1,9.832153931E0,9.840518753E0
7.033195179E1,-2.200424194E-1,3.471281433E-1,9.868079224E0,9.876634254E0
7.034198279E1,-2.457888794E-1,3.296145630E-1,9.881551208E0,9.890101729E0
7.035201479E1,-2.567161560E-1,3.354524231E-1,9.862989807E0,9.872031171E0
7.036204579E1,-2.661465454E-1,3.249742126E-1,9.818232880E0,9.827214209E0
7.037207779E1,-2.844085693E-1,3.242257690E-1,9.817185059E0,9.826654215E0
7.038210879E1,-2.754272461E-1,3.230282593E-1,9.865085449E0,9.874214822E0
7.039214079E1,-2.267784119E-1,3.131488037E-1,1.000983444E1,1.001729885E1
7.040217179E1,-1.683998108E-1,3.121009827E-1,1.000923569E1,1.001551619E1
7.041220379E1,-1.990859985E-1,3.219804382E-1,9.784702606E0,9.792022862E0
7.042223479E1,-2.787203979E-1,3.267704773E-1,9.668843536E0,9.678377929E0
7.043226679E1,-3.047662354E-1,3.402424622E-1,9.701176300E0,9.711924063E0
7.044229779E1,-2.770738220E-1,3.318598938E-1,9.812395020E0,9.821914116E0
7.045232979E1,-2.624043274E-1,3.341052246E-1,9.896220703E0,9.905335256E0
7.046236079E1,-2.180964661E-1,3.194357300E-1,9.884395294E0,9.891960149E0
7.047239279E1,-2.103126526E-1,3.402424622E-1,9.810748444E0,9.818899193E0
7.048242379E1,-2.567161560E-1,3.781137085E-1,9.779014435E0,9.789688273E0
7.049245579E1,-2.847079468E-1,3.960763550E-1,9.811796265E0,9.823913733E0
7.050248679E1,-3.071612549E-1,4.087998962E-1,9.856403503E0,9.869658323E0
7.051251879E1,-2.832110596E-1,4.321513367E-1,9.896520081E0,9.909998637E0
7.052254979E1,-2.514770508E-1,4.376898193E-1,9.896520081E0,9.909385591E0
7.053258079E1,-2.270777893E-1,4.397854614E-1,9.890233154E0,9.902610132E0
7.054261279E1,-2.109114075E-1,3.930825806E-1,9.895172882E0,9.905223062E0
7.055264379E1,-2.065704346E-1,3.396437073E-1,9.921667786E0,9.929628434E0
7.056267579E1,-2.098635864E-1,2.950364685E-1,9.914632416E0,9.921241111E0
7.057270679E1,-2.297721863E-1,2.859054565E-1,9.900861053E0,9.907652940E0
7.058273879E1,-2.427951050E-1,2.877017212E-1,9.838889923E0,9.846089410E0
7.059276979E1,-2.627037048E-1,3.055146790E-1,9.809700623E0,9.817972233E0
7.060280179E1,-2.715353394E-1,3.243754578E-1,9.787546692E0,9.796684190E0
7.061283279E1,-2.778222656E-1,3.365002441E-1,9.773625641E0,9.783362193E0
7.062286479E1,-2.502795410E-1,3.288661194E-1,9.793384552E0,9.802100477E0
7.063289579E1,-2.333647156E-1,3.061134338E-1,9.824968872E0,9.832506184E0
7.064292779E1,-2.183958435E-1,2.947370911E-1,9.849517822E0,9.856346586E0
7.065295879E1,-2.221380615E-1,2.956352234E-1,9.859996033E0,9.866927955E0
7.066299079E1,-2.248324585E-1,3.129991150E-1,9.873468018E0,9.880986225E0
7.067302179E1,-2.427951050E-1,3.236270142E-1,9.846524048E0,9.854832304E0
7.068305379E1,-2.395019531E-1,3.456312561E-1,9.831255798E0,9.840244546E0
7.069308479E1,-2.737806702E-1,3.891906738E-1,9.840536499E0,9.852034502E0
7.070311679E1,-2.842588806E-1,4.209246826E-1,9.815239105E0,9.828372164E0
7.071314779E1,-2.535726929E-1,4.023632813E-1,9.807455292E0,9.818980325E0
7.072317979E1,-2.260299683E-1,3.823049927E-1,9.800120544E0,9.810178864E0
7.073321079E1,-2.348616028E-1,3.585044861E-1,9.800719299E0,9.810085842E0
7.074324279E1,-2.342628479E-1,3.382965088E-1,9.849966888E0,9.858558278E0
7.075327379E1,-2.396516418E-1,3.243754578E-1,9.917326813E0,9.925523838E0
7.076330579E1,-2.342628479E-1,3.394940186E-1,9.951156464E0,9.959701312E0
7.077333679E1,-2.459385681E-1,3.498225403E-1,9.922116852E0,9.931327424E0
7.078336879E1,-2.380050659E-1,3.778143311E-1,9.869725800E0,9.879821731E0
7.079339979E1,-2.278262329E-1,3.793112183E-1,9.845775604E0,9.855713015E0
7.080343179E1,-2.287243652E-1,3.770658875E-1,9.844129028E0,9.854002732E0
7.081346279E1,-2.308200073E-1,3.634442139E-1,9.851014709E0,9.860418874E0
7.082349479E1,-2.405497742E-1,3.592529297E-1,9.863438873E0,9.872910071E0
7.083352579E1,-2.459385681E-1,3.370989990E-1,9.864935760E0,9.873757090E0
7.084355867E1,-2.600093079E-1,3.282673645E-1,9.855505371E0,9.864398128E0
7.085358967E1,-2.511776733E-1,3.115022278E-1,9.861792297E0,9.869907354E0
7.086362167E1,-2.549198914E-1,3.089575195E-1,9.847871246E0,9.856013747E0
7.087365267E1,-2.604583740E-1,2.969824219E-1,9.834249573E0,9.842179727E0
7.088368467E1,-2.577639771E-1,2.965333557E-1,9.829908600E0,9.837757741E0
7.089371567E1,-2.589614868E-1,2.983296204E-1,9.830207977E0,9.838142634E0
7.090374767E1,-2.445913696E-1,3.022215271E-1,9.837991791E0,9.845671397E0
7.091377867E1,-2.447410583E-1,3.080593872E-1,9.847871246E0,9.855727617E0
7.092381067E1,-2.371069336E-1,3.296145630E-1,9.858648834E0,9.867006755E0
7.093384167E1,-2.474354553E-1,3.254232788E-1,9.863887939E0,9.872355843E0
7.094387367E1,-2.604583740E-1,3.281176758E-1,9.870623932E0,9.879509936E0
7.095390467E1,-2.767744446E-1,3.329077148E-1,9.877958679E0,9.887441495E0
7.096393667E1,-2.862048340E-1,3.297642517E-1,9.877359924E0,9.887006460E0
7.097396767E1,-2.944377136E-1,3.409909058E-1,9.868977356E0,9.879255155E0
7.098399967E1,-2.703378296E-1,3.423381042E-1,9.846224670E0,9.855882415E0
7.099403067E1,-2.556683350E-1,3.556604004E-1,9.845027161E0,9.854766380E0
7.100406267E1,-2.384541321E-1,3.571572876E-1,9.835746460E0,9.845117070E0
7.101409367E1,-2.508782959E-1,3.531156921E-1,9.858499146E0,9.868010742E0
7.102412467E1,-2.619552612E-1,3.496728516E-1,9.846524048E0,9.856212634E0
7.103415667E1,-2.712359619E-1,3.397933960E-1,9.839488678E0,9.849089600E0
7.104418767E1,-2.727328491E-1,3.511697388E-1,9.842931519E0,9.852969312E0
7.105421967E1,-2.764750671E-1,3.528163147E-1,9.870025177E0,9.880198116E0
7.106425067E1,-2.775228882E-1,3.854484558E-1,9.894125061E0,9.905518673E0
7.107428267E1,-2.570155334E-1,3.665876770E-1,9.865384827E0,9.875538532E0
7.108431367E1,-2.429447937E-1,3.695814514E-1,9.834548950E0,9.844489102E0
7.109434567E1,-2.546205139E-1,3.647914124E-1,9.811197510E0,9.821277970E0
7.110437667E1,-2.609074402E-1,3.353027344E-1,9.828262024E0,9.837440471E0
7.111440867E1,-2.526745605E-1,3.255729675E-1,9.855655060E0,9.864267781E0
7.112443967E1,-2.414479065E-1,3.233276367E-1,9.885293427E0,9.893526367E0
7.113447167E1,-2.335144043E-1,3.067121887E-1,9.859397278E0,9.866930426E0
7.114450267E1,-2.421963501E-1,3.173400879E-1,9.790390778E0,9.798526184E0
7.115453467E1,-2.444416809E-1,3.212319946E-1,9.780211945E0,9.788538574E0
7.116456567E1,-2.204914856E-1,3.219804382E-1,9.908345490E0,9.916027341E0
7.117459767E1,-1.683998108E-1,3.249742126E-1,1.007225464E1,1.007890273E1
7.118462867E1,-1.278341675E-1,3.492237854E-1,1.002195923E1,1.002885664E1
7.119466067E1,-1.872605896E-1,3.598516846E-1,9.789792023E0,9.798193079E0
7.120469167E1,-2.805166626E-1,3.502716064E-1,9.646539917E0,9.656972205E0
7.121472367E1,-3.338058472E-1,3.435356140E-1,9.697883148E0,9.709705486E0
7.122475467E1,-3.216810608E-1,3.284170532E-1,9.827663269E0,9.838409516E0
7.123478667E1,-2.785707092E-1,3.165916443E-1,9.929601288E0,9.938551889E0
7.124481767E1,-2.083666992E-1,3.227288818E-1,9.911339264E0,9.918781005E0
7.125484967E1,-1.914518738E-1,3.433859253E-1,9.821825409E0,9.829690843E0
7.126488067E1,-2.010319519E-1,3.784130859E-1,9.771380310E0,9.780771108E0
7.127491267E1,-2.703378296E-1,4.114942932E-1,9.789941711E0,9.802314462E0
7.128494367E1,-3.112028503E-1,4.209246826E-1,9.824968872E0,9.838904316E0
7.129497567E1,-3.092568970E-1,4.399351501E-1,9.842033386E0,9.856713648E0
7.130500667E1,-2.754272461E-1,4.604425049E-1,9.832902374E0,9.847529465E0
7.131503867E1,-2.472857666E-1,4.888833618E-1,9.822573853E0,9.837840936E0
7.132506967E1,-2.282752991E-1,4.890330505E-1,9.844578094E0,9.859360060E0
7.133510167E1,-2.252815247E-1,4.453239441E-1,9.858948212E0,9.871571558E0
7.134513267E1,-2.329156494E-1,4.037104797E-1,9.862540741E0,9.873547575E0
7.135516467E1,-2.300715637E-1,3.692820740E-1,9.836494904E0,9.846112642E0
7.136519567E1,-2.333647156E-1,3.336561584E-1,9.824220428E0,9.832654400E0
7.137522767E1,-2.525248718E-1,3.209326172E-1,9.806407471E0,9.814906726E0
7.138525867E1,-2.812651062E-1,3.206332397E-1,9.810449066E0,9.819716219E0
7.139529067E1,-2.715353394E-1,3.165916443E-1,9.818681946E0,9.827536663E0
7.140532167E1,-2.574645996E-1,3.300636292E-1,9.823921051E0,9.832835544E0
7.141535367E1,-2.387535095E-1,3.406915283E-1,9.820478210E0,9.829286151E0
7.142538467E1,-2.109114075E-1,3.281176758E-1,9.826765137E0,9.834503439E0
7.143541667E1,-2.186952209E-1,3.396437073E-1,9.836345215E0,9.844636745E0
7.144544767E1,-2.281256104E-1,3.333567810E-1,9.863738251E0,9.872005891E0
7.145547967E1,-2.378553772E-1,3.649411011E-1,9.875114594E0,9.884717772E0
7.146551067E1,-2.649490356E-1,3.884422302E-1,9.854158173E0,9.865369666E0
7.147554267E1,-2.650987244E-1,4.062551880E-1,9.817634125E0,9.829611407E0
7.148557367E1,-2.981799316E-1,4.454736328E-1,9.825567627E0,9.840179735E0
7.149560567E1,-2.835104370E-1,4.692741394E-1,9.828561401E0,9.843841507E0
7.150563667E1,-2.401007080E-1,4.519102478E-1,9.805060272E0,9.818405072E0
7.151566867E1,-2.101629639E-1,4.406835938E-1,9.791288910E0,9.803453933E0
7.152569967E1,-1.713935852E-1,4.171824646E-1,9.853559418E0,9.863876022E0
7.153573167E1,-1.583706665E-1,4.025129700E-1,9.895023193E0,9.904472826E0
7.154576267E1,-1.811233521E-1,4.067042542E-1,9.895621948E0,9.905632123E0
7.155579367E1,-2.016307068E-1,4.152365112E-1,9.902208252E0,9.912961443E0
7.156582567E1,-2.459385681E-1,4.079017639E-1,9.913734283E0,9.925169876E0
7.157585667E1,-2.877017212E-1,4.105961609E-1,9.884694672E0,9.897401186E0
7.158588867E1,-2.933898926E-1,4.019142151E-1,9.859097900E0,9.871647485E0
7.159591967E1,-2.516267395E-1,4.272116089E-1,9.856253815E0,9.868716484E0
7.160595167E1,-1.941462708E-1,4.522096252E-1,9.858648834E0,9.870924129E0
7.161598267E1,-1.929487610E-1,4.445755005E-1,9.871072998E0,9.882963054E0
7.162601467E1,-2.065704346E-1,4.143383789E-1,9.893675995E0,9.904502629E0
7.163604567E1,-1.989363098E-1,3.942800903E-1,9.880802765E0,9.890667102E0
7.164607767E1,-1.971400452E-1,3.725752258E-1,9.876162415E0,9.885153541E0
7.165610867E1,-2.008822632E-1,3.514691162E-1,9.868378601E0,9.876678614E0
7.166614067E1,-2.505789185E-1,3.445834351E-1,9.842332764E0,9.851550222E0
7.167617167E1,-3.571572876E-1,3.718267822E-1,9.844578094E0,9.858069504E0
7.168620367E1,-3.709286499E-1,3.778143311E-1,9.819879456E0,9.834142782E0
7.169623467E1,-2.326162720E-1,3.219804382E-1,9.729766846E0,9.737871667E0
7.170626667E1,-1.537303162E-1,3.444337463E-1,9.711953888E0,9.719275484E0
7.171629767E1,-1.752854919E-1,3.688330078E-1,9.751771088E0,9.760317727E0
7.172632967E1,-2.306703186E-1,3.978726196E-1,9.812844086E0,9.823615448E0
7.173636067E1,-3.068618774E-1,4.071533203E-1,9.887688446E0,9.900824251E0
7.174639267E1,-3.522175598E-1,4.162843323E-1,9.910890198E0,9.925880030E0
7.175642367E1,-3.537144470E-1,3.890409851E-1,9.899663544E0,9.913617154E0
7.176645567E1,-2.899470520E-1,4.056564331E-1,9.900262299E0,9.912810904E0
7.177648667E1,-2.082170105E-1,4.387376404E-1,9.870623932E0,9.882563526E0
7.178651867E1,-1.923500061E-1,4.555027771E-1,9.868827667E0,9.881206446E0
7.179654967E1,-1.706451416E-1,4.480183411E-1,9.875863037E0,9.887492651E0
7.180658167E1,-1.743873596E-1,4.578977966E-1,9.865235138E0,9.877395693E0
7.181661267E1,-2.477348328E-1,4.328997803E-1,9.861043854E0,9.873649814E0
7.182664467E1,-3.110531616E-1,3.826043701E-1,9.879006500E0,9.891304747E0
7.183667567E1,-3.252735901E-1,3.745211792E-1,9.843979340E0,9.856469868E0
7.184670750E1,-2.806663513E-1,3.998185730E-1,9.773475952E0,9.785676302E0
7.185673850E1,-2.163002014E-1,4.254153442E-1,9.729018402E0,9.740716763E0
7.186677050E1,-1.734892273E-1,4.219725037E-1,9.748178558E0,9.758849549E0
7.187680150E1,-1.441502380E-1,4.272116089E-1,9.803413696E0,9.813776498E0
7.188683350E1,-1.321751404E-1,4.031117249E-1,9.859247589E0,9.868370299E0
7.189686450E1,-1.128652954E-1,4.049079895E-1,9.880952454E0,9.889889304E0
7.190689650E1,-1.131646729E-1,4.043092346E-1,9.891131287E0,9.900037895E0
7.191692750E1,-1.481918335E-1,4.110452271E-1,9.895921326E0,9.905562977E0
7.192695950E1,-1.803749084E-1,4.152365112E-1,9.851463776E0,9.861860625E0
7.193699050E1,-1.942959595E-1,3.787124634E-1,9.834998016E0,9.844204388E0
7.194702250E1,-2.201921082E-1,3.487747192E-1,9.863438873E0,9.872059298E0
7.195705350E1,-2.347119141E-1,3.403921509E-1,9.877060547E0,9.885710978E0
7.196708550E1,-2.357597351E-1,3.448828125E-1,9.855954437E0,9.864804340E0
7.197711650E1,-2.276765442E-1,3.448828125E-1,9.747879181E0,9.756635142E0
7.198714850E1,-2.320175171E-1,3.347039795E-1,9.771679688E0,9.780162718E0
7.199717950E1,-1.799258423E-1,3.634442139E-1,9.917027435E0,9.925316023E0
7.200721150E1,-1.239422607E-1,3.929328918E-1,1.007330246E1,1.008172507E1
7.201724250E1,-1.140628052E-1,4.228706360E-1,9.981243896E0,9.990848794E0
7.202727450E1,-1.734892273E-1,3.866459656E-1,9.726324005E0,9.735551975E0
7.203730550E1,-2.538720703E-1,3.495231628E-1,9.641450500E0,9.651123521E0
7.204733750E1,-2.392025757E-1,3.164419556E-1,9.774374084E0,9.782420055E0
7.205736850E1,-1.579216003E-1,2.977308655E-1,9.933193817E0,9.938909513E0
7.206740050E1,-1.145118713E-1,3.258723450E-1,1.000235001E1,1.000831212E1
7.207743150E1,-7.783813477E-2,3.866459656E-1,9.994266815E0,1.000204594E1
7.208746350E1,-8.951385498E-2,4.287084961E-1,9.852212219E0,9.861941458E0
7.209749450E1,-1.823208618E-1,4.587959290E-1,9.770482178E0,9.782947234E0
7.210752650E1,-2.296224976E-1,4.348457336E-1,9.764943695E0,9.777317765E0
7.211755750E1,-2.510279846E-1,4.189787292E-1,9.785900116E0,9.798081409E0
7.212758950E1,-2.248324585E-1,4.411326599E-1,9.814790039E0,9.827270789E0
7.213762050E1,-1.898052979E-1,4.550537109E-1,9.831704865E0,9.844060162E0
7.214765150E1,-1.603166199E-1,4.692741394E-1,9.845476227E0,9.857957282E0
7.215768350E1,-1.523831177E-1,4.721182251E-1,9.888885956E0,9.901322219E0
7.216771450E1,-1.284329224E-1,4.593946838E-1,9.927655334E0,9.939108558E0
7.217774650E1,-1.059796143E-1,4.538562012E-1,9.939630432E0,9.950551254E0
7.218777750E1,-1.173559570E-1,4.382885742E-1,9.914482727E0,9.924859548E0
7.219780950E1,-1.393601990E-1,4.080514526E-1,9.869725800E0,9.879140378E0
7.220784050E1,-1.851649475E-1,3.821553040E-1,9.843380585E0,9.852536225E0
7.221787250E1,-1.745370483E-1,3.767665100E-1,9.820029144E0,9.828804026E0
7.222790350E1,-1.428030396E-1,3.727249146E-1,9.808054047E0,9.816172408E0
7.223793550E1,-1.079255676E-1,3.758683777E-1,9.807604980E0,9.815398128E0
7.224796650E1,-8.098159790E-2,3.743714905E-1,9.801617432E0,9.809098649E0
7.225799850E1,-1.134640503E-1,3.833528137E-1,9.798024902E0,9.806177923E0
7.226802950E1,-1.401086426E-1,3.954776001E-1,9.823921051E0,9.832876374E0
7.227806150E1,-1.715432739E-1,4.059558105E-1,9.832752686E0,9.842624274E0
7.228809250E1,-1.724414062E-1,4.056564331E-1,9.847871246E0,9.857731040E0
7.229812450E1,-1.637594604E-1,3.864962769E-1,9.845476227E0,9.854420260E0
7.230815550E1,-1.402583313E-1,4.090992737E-1,9.798773346E0,9.808312480E0
7.231818750E1,-1.703457642E-1,4.234693909E-1,9.753567352E0,9.764241911E0
7.232821850E1,-1.698966980E-1,3.954776001E-1,9.230105896E0,9.240136486E0
7.233825050E1,-1.094224548E-1,4.382885742E-1,8.578959961E0,8.590845369E0
7.234828150E1,-8.292755127E-2,3.980223083E-1,1.004860382E1,1.005682542E1
7.235831350E1,-8.008346558E-2,4.575984192E-1,1.097996704E1,1.098979008E1
7.236834450E1,-2.772235107E-1,5.198689270E-1,1.112965576E1,1.114523907E1
7.237837650E1,-3.348536682E-1,2.903961182E-1,1.069989944E1,1.070907582E1
7.238840750E1,-1.574725342E-1,3.332070923E-1,1.036459671E1,1.037114697E1