"Time (s)","Acceleration x (m/s^2)","Acceleration y (m/s^2)","Acceleration z (m/s^2)","Absolute acceleration (m/s^2)"
1.081499970E-3,1.161135406E0,1.050814819E-1,9.322314148E0,9.394935797E0
1.111349999E-2,1.234333191E0,2.074685669E-1,8.912915497E0,9.000371342E0
2.114450000E-2,1.247356110E0,2.800675964E-1,8.683891754E0,8.777488885E0
3.117650002E-2,1.251547394E0,2.962339783E-1,8.900940399E0,8.993378978E0
4.120749998E-2,1.250499573E0,2.555186462E-1,9.400900726E0,9.487147802E0
5.123950000E-2,1.283431091E0,1.675016785E-1,9.884994049E0,9.969371070E0
6.127050001E-2,1.303938446E0,6.721023560E-2,1.017494110E1,1.025837215E1
7.130249997E-2,1.279988251E0,-2.095642090E-2,1.024664200E1,1.032630047E1
8.133449999E-2,1.222058716E0,-6.825805664E-2,1.019455032E1,1.026776232E1
9.136550000E-2,1.180295563E0,-9.026229858E-2,1.012554382E1,1.019450257E1
1.013975000E-1,1.146765289E0,-6.466552734E-2,1.004426285E1,1.010972148E1
1.114285000E-1,1.156345367E0,-5.239105225E-2,9.879904633E0,9.947481841E0
1.214605000E-1,1.136287079E0,-8.232879639E-3,9.702822876E0,9.769134448E0
1.314915000E-1,1.134640503E0,3.637435913E-2,9.564510498E0,9.631645406E0
1.415235000E-1,1.147663422E0,7.394622803E-2,9.528585205E0,9.597735951E0
1.515545000E-1,1.165177002E0,1.125659180E-1,9.593849487E0,9.665001630E0
1.615865000E-1,1.187929688E0,1.083746338E-1,9.708361359E0,9.781370163E0
1.716175000E-1,1.175505524E0,9.789642334E-2,9.833800507E0,9.904293481E0
1.816495000E-1,1.139430542E0,7.274871826E-2,9.896370392E0,9.962014920E0
1.916805000E-1,1.128503265E0,3.667373657E-2,9.935888214E0,9.999836958E0
2.017125000E-1,1.112785950E0,1.960922241E-2,9.929601288E0,9.991779563E0
2.117435000E-1,1.102756805E0,4.790039063E-2,9.824819183E0,9.886629305E0
2.217755000E-1,1.099613342E0,6.376739502E-2,9.757159882E0,9.819133604E0
2.318075000E-1,1.131946106E0,3.472778320E-2,9.842033386E0,9.906973765E0
2.418385000E-1,1.214723969E0,3.308120728E-2,9.848020935E0,9.922709561E0
2.518705000E-1,1.246457977E0,5.119354248E-2,9.780661011E0,9.859898989E0
2.619015000E-1,1.197659454E0,5.328918457E-2,9.708061981E0,9.781804299E0
2.719335000E-1,1.153351593E0,2.978805542E-2,9.702074432E0,9.770432719E0
2.819645000E-1,1.152603149E0,-1.077758789E-2,9.780062256E0,9.847752429E0
2.919965000E-1,1.196611633E0,-2.679428101E-2,9.896071014E0,9.968190350E0
3.020275000E-1,1.212179260E0,5.837860107E-3,9.927355957E0,1.000109039E1
3.120595000E-1,1.190474396E0,4.281097412E-2,9.854756927E0,9.926494657E0
3.220905000E-1,1.159788208E0,8.936416626E-2,9.757010193E0,9.826105156E0
3.321225000E-1,1.168170776E0,1.254391479E-1,9.716294861E0,9.787070234E0
3.421535000E-1,1.182241516E0,1.561253357E-1,9.737400970E0,9.810150243E0
3.521855000E-1,1.191671906E0,1.722917175E-1,9.772128754E0,9.846027968E0
3.622165000E-1,1.181792450E0,1.618135071E-1,9.802964630E0,9.875268733E0
3.722485000E-1,1.185384979E0,1.377136230E-1,9.802066498E0,9.874442274E0
3.822795000E-1,1.162482605E0,1.065783691E-1,9.836345215E0,9.905372882E0
3.923115000E-1,1.157243500E0,8.412506104E-2,9.846673737E0,9.914800715E0
4.023435000E-1,1.166224823E0,5.538482666E-2,9.803713074E0,9.872990319E0
4.123745000E-1,1.175355835E0,4.939727783E-2,9.773326263E0,9.843871580E0
4.224065000E-1,1.176253967E0,1.332229614E-2,9.762997742E0,9.833609499E0
4.324375000E-1,1.181493073E0,2.395019531E-3,9.780361633E0,9.851467165E0
4.424695000E-1,1.183738403E0,2.095642090E-3,9.782157898E0,9.853519886E0
4.525005000E-1,1.176403656E0,-1.392105103E-2,9.795779572E0,9.866175387E0
4.625325000E-1,1.190025330E0,-1.062789917E-2,9.822873230E0,9.894701195E0
4.725635000E-1,1.195264435E0,-5.388793945E-3,9.843679962E0,9.915983124E0
4.825955000E-1,1.195264435E0,2.424957275E-2,9.855505371E0,9.927750562E0
4.926265000E-1,1.193767548E0,4.221221924E-2,9.850116577E0,9.922280958E0
5.026585000E-1,1.187480621E0,7.828720093E-2,9.814340973E0,9.886229202E0
5.126895000E-1,1.164278870E0,1.222956848E-1,9.853409729E0,9.922710558E0
5.227215000E-1,1.135388947E0,1.597178650E-1,9.816586304E0,9.883318497E0
5.327525000E-1,1.110390930E0,1.800755310E-1,9.763297119E0,9.827887151E0
5.427845000E-1,1.112785950E0,1.794767761E-1,9.753417664E0,9.818332883E0
5.528165000E-1,1.124461670E0,1.811233521E-1,9.736652527E0,9.803041474E0
5.628475000E-1,1.130149841E0,1.585203552E-1,9.783205719E0,9.849542198E0
5.728795000E-1,1.133742371E0,1.188528442E-1,9.833501129E0,9.899355647E0
5.829105000E-1,1.183289337E0,9.101074219E-2,9.881551208E0,9.952563032E0
5.929425000E-1,1.220112762E0,9.145980835E-2,9.893226929E0,9.968599657E0
6.029735000E-1,1.236578522E0,7.619155884E-2,9.861193542E0,9.938715696E0
6.130055000E-1,1.208137665E0,9.041198730E-2,9.783056030E0,9.857786579E0
6.230365000E-1,1.168170776E0,8.292755127E-2,9.742789764E0,9.812922721E0
6.330685000E-1,1.164578247E0,7.185058594E-2,9.756710815E0,9.826230759E0
6.430995000E-1,1.178499298E0,4.625381470E-2,9.796078949E0,9.866821311E0
6.531315000E-1,1.209484863E0,1.332229614E-2,9.840087433E0,9.914149071E0
6.631625000E-1,1.217867432E0,-2.005828857E-2,9.854457550E0,9.929447972E0
6.731945000E-1,1.230890350E0,-1.571731567E-2,9.846524048E0,9.923173581E0
6.832255000E-1,1.235830078E0,-4.041595459E-3,9.819580078E0,9.897042246E0
6.932575000E-1,1.225351868E0,-1.197509766E-2,9.797126770E0,9.873465630E0
7.032885000E-1,1.212778015E0,-3.891906738E-3,9.793234863E0,9.868044120E0
7.133205000E-1,1.205443268E0,-3.592529297E-3,9.759704590E0,9.833866994E0
7.233525000E-1,1.197360077E0,-1.017883301E-2,9.774374084E0,9.847444517E0
7.333835000E-1,1.183888092E0,-6.436614990E-3,9.759105835E0,9.830655072E0
7.434155000E-1,1.191821594E0,1.466949463E-2,9.772877197E0,9.845292409E0
7.534465000E-1,1.206042023E0,-1.646575928E-3,9.789642334E0,9.863652320E0
7.634785000E-1,1.219364319E0,1.511856079E-2,9.792935486E0,9.868569468E0
7.735095000E-1,1.211430817E0,4.071533203E-2,9.820627899E0,9.895148038E0
7.835415000E-1,1.204096069E0,4.984634399E-2,9.831405487E0,9.904991966E0
7.935725000E-1,1.208736420E0,5.748046875E-2,9.810299377E0,9.884650809E0
8.036045000E-1,1.187630310E0,7.214996338E-2,9.815688171E0,9.887537896E0
8.136355000E-1,1.185384979E0,7.574249268E-2,9.832153931E0,9.903642027E0
8.236675000E-1,1.190474396E0,7.738906860E-2,9.814490662E0,9.886730769E0
8.336985000E-1,1.181343384E0,7.289840698E-2,9.815239105E0,9.886344373E0
8.437305000E-1,1.194965057E0,6.062393188E-2,9.818681946E0,9.891315984E0
8.537615000E-1,1.209035797E0,4.969665527E-2,9.825867004E0,9.900095944E0
8.637935000E-1,1.207688599E0,3.233276367E-2,9.836644592E0,9.910556694E0
8.738245000E-1,1.220412140E0,3.592529297E-3,9.817185059E0,9.892751951E0
8.838565000E-1,1.235830078E0,-4.490661621E-3,9.803413696E0,9.881002796E0
8.938885000E-1,1.223854980E0,-4.041595459E-3,9.755513306E0,9.831982364E0
9.039195000E-1,1.220711517E0,-6.137237549E-3,9.732012177E0,9.808273817E0
9.139515000E-1,1.199156342E0,-2.080673218E-2,9.751621399E0,9.825096883E0
9.239830000E-1,1.234482880E0,-4.101470947E-2,9.810149689E0,9.887601686E0
9.340150000E-1,1.266965332E0,-3.592529297E-2,9.827812958E0,9.909207804E0
9.440460000E-1,1.275048523E0,-3.532653809E-2,9.821526031E0,9.904007789E0
9.540780000E-1,1.268911285E0,-3.547622681E-2,9.787097626E0,9.869076672E0
9.641090000E-1,1.254990234E0,-2.439926147E-2,9.784552917E0,9.864738801E0
9.741410000E-1,1.225651245E0,-3.308120728E-2,9.789342957E0,9.865827429E0
9.841720000E-1,1.228944397E0,-2.799179077E-2,9.792636108E0,9.869488833E0
9.942040000E-1,1.222507782E0,1.047821045E-2,9.732461243E0,9.808946779E0
1.004235000E0,1.194366302E0,3.023712158E-2,9.618997192E0,9.692911437E0
1.014267000E0,1.162482605E0,1.496887207E-2,9.741891632E0,9.811016382E0
1.024298000E0,1.229543152E0,-5.658233643E-2,9.894274750E0,9.970539140E0
1.034330000E0,1.322350159E0,-3.742218018E-2,9.918973389E0,1.000679986E1
1.044361000E0,1.343905334E0,-7.200027466E-2,9.859397278E0,9.950828120E0
1.054393000E0,1.283880157E0,-4.924758911E-2,9.800719299E0,9.884577501E0
1.064425000E0,1.240470428E0,-3.412902832E-2,9.746831360E0,9.825510329E0
1.074456000E0,1.231638794E0,-3.218307495E-2,9.795480194E0,9.872659323E0
1.084488000E0,1.244811401E0,6.137237549E-3,9.842482452E0,9.920889774E0
1.094519000E0,1.221759338E0,7.454498291E-2,9.801318054E0,9.877453540E0
1.104551000E0,1.219663696E0,1.172062683E-1,9.720336456E0,9.797257660E0
1.114582000E0,1.245559845E0,1.228944397E-1,9.695488129E0,9.775940488E0
1.124614000E0,1.252295837E0,1.203497314E-1,9.724078674E0,9.805122895E0
1.134645000E0,1.260828094E0,8.427474976E-2,9.787995758E0,9.869227461E0
1.144677000E0,1.260678406E0,5.224136353E-2,9.841734009E0,9.922286405E0
1.154708000E0,1.233584747E0,1.092727661E-2,9.845027161E0,9.922016455E0
1.164740000E0,1.225651245E0,-2.963836670E-2,9.857451324E0,9.933400527E0
1.174771000E0,1.219514008E0,-5.912704468E-2,9.855804749E0,9.931142818E0
1.184803000E0,1.252744904E0,-6.256988525E-2,9.823322296E0,9.903077588E0
1.194834000E0,1.252445526E0,-6.930587769E-2,9.773026886E0,9.853196315E0
1.204866000E0,1.248703308E0,-6.661148071E-2,9.736951904E0,9.816920567E0
1.214897000E0,1.262624359E0,-7.065307617E-2,9.738149414E0,9.819916809E0
1.224929000E0,1.237476654E0,-8.577163696E-2,9.748927002E0,9.827526796E0
1.234960000E0,1.255588989E0,-7.289840698E-2,9.763297119E0,9.843972192E0
1.244992000E0,1.276844788E0,-7.125183105E-2,9.793384552E0,9.876527245E0
1.255024000E0,1.272653503E0,-6.152206421E-2,9.809550934E0,9.891952357E0
1.265055000E0,1.279988251E0,-5.074447632E-2,9.819131012E0,9.902337035E0
1.275087000E0,1.279838562E0,-3.128494263E-2,9.785001984E0,9.868395478E0
1.285118000E0,1.291065216E0,7.484436035E-4,9.832602997E0,9.917002150E0
1.295150000E0,1.291065216E0,4.011657715E-2,9.831555176E0,9.916044368E0
1.305181000E0,1.284478912E0,4.505630493E-2,9.747280426E0,9.831652549E0
1.315213000E0,1.260528717E0,1.945953369E-2,9.756561127E0,9.837672303E0
1.325244000E0,1.273551636E0,5.239105225E-3,9.803114319E0,9.885495009E0
1.335276000E0,1.275347900E0,9.280700684E-3,9.857301636E0,9.939466481E0
1.345307000E0,1.251098328E0,1.556762695E-2,9.815987549E0,9.895408073E0
1.355339000E0,1.233884125E0,1.886077881E-2,9.764195251E0,9.841866422E0
1.365370000E0,1.269060974E0,-2.335144043E-2,9.805958405E0,9.887764220E0
1.375402000E0,1.302890625E0,-2.664459229E-2,9.860744476E0,9.946482571E0
1.385433000E0,1.336121521E0,-2.275268555E-2,9.845326538E0,9.935602299E0
1.395465000E0,1.330882416E0,-1.332229614E-2,9.755812683E0,9.846182336E0
1.405496000E0,1.303040314E0,-9.430389404E-3,9.705966339E0,9.793047818E0
1.415528000E0,1.287322998E0,1.496887207E-3,9.762848053E0,9.847355221E0
1.425560000E0,1.296603699E0,-3.742218018E-3,9.794432373E0,9.879883636E0
1.435591000E0,1.310375061E0,-2.439926147E-2,9.781559143E0,9.868970432E0
1.445623000E0,1.316063232E0,-1.676513672E-2,9.745933228E0,9.834404811E0
1.455654000E0,1.289119263E0,-3.966751099E-2,9.739346924E0,9.824371760E0
1.465686000E0,1.270857239E0,-6.256988525E-2,9.767189026E0,9.849719518E0
1.475717000E0,1.276844788E0,-5.807922363E-2,9.789193268E0,9.872284976E0
1.485749000E0,1.262175293E0,-8.412506104E-2,9.775122528E0,9.856631470E0
1.495780000E0,1.262025604E0,-8.577163696E-2,9.773925018E0,9.855438887E0
1.505812000E0,1.249002686E0,-9.205856323E-2,9.790241089E0,9.870020419E0
1.515843000E0,1.254990234E0,-9.684860229E-2,9.803713074E0,9.884187886E0
1.525875000E0,1.273252258E0,-6.795867920E-2,9.784852295E0,9.867579446E0
1.535906000E0,1.274898834E0,-7.424560547E-2,9.760602722E0,9.843792204E0
1.545938000E0,1.269510040E0,-7.634124756E-2,9.773775330E0,9.856174102E0
1.555969000E0,1.281335449E0,-6.047424316E-2,9.777517548E0,9.861304531E0
1.566001000E0,1.288520508E0,-5.643264771E-2,9.772577820E0,9.857319463E0
1.576032000E0,1.277593231E0,-2.020797729E-2,9.774374084E0,9.857537297E0
1.586064000E0,1.263821869E0,6.436614990E-3,9.756112061E0,9.837632321E0
1.596095000E0,1.259480896E0,9.729766846E-3,9.789342957E0,9.870036591E0
1.606127000E0,1.274599457E0,2.380050659E-2,9.819580078E0,9.901985819E0
1.616158000E0,1.300196228E0,3.158432007E-2,9.831405487E0,9.917058115E0
1.626190000E0,1.299298096E0,1.107696533E-2,9.836345215E0,9.921793458E0
1.636222000E0,1.303788757E0,1.751358032E-2,9.811646576E0,9.897907879E0
1.646253000E0,1.296903076E0,7.484436035E-3,9.785151672E0,9.870724738E0
1.656285000E0,1.264869690E0,-2.185455322E-2,9.804162140E0,9.885442237E0
1.666316000E0,1.270258484E0,-4.505630493E-2,9.810299377E0,9.892298042E0
1.676348000E0,1.271156616E0,-3.847000122E-2,9.757758636E0,9.840283161E0
1.686379000E0,1.247655487E0,-4.176315308E-2,9.679022369E0,9.759193737E0
1.696411000E0,1.246607666E0,-6.481521606E-2,9.714797974E0,9.794668517E0
1.706442000E0,1.270108795E0,-1.405577087E-1,9.850266266E0,9.932808179E0
1.716474000E0,1.364562378E0,-1.465452576E-1,9.882748718E0,9.977586292E0
1.726505000E0,1.388063507E0,-1.414558411E-1,9.829160156E0,9.927694568E0
1.736537000E0,1.363065491E0,-1.431024170E-1,9.795779572E0,9.891194228E0
1.746568000E0,1.337768097E0,-1.026864624E-1,9.729168091E0,9.821246343E0
1.756600000E0,1.301842804E0,-8.786727905E-2,9.712702332E0,9.799954180E0
1.766631000E0,1.295256500E0,-3.188369751E-2,9.759405212E0,9.845034082E0
1.776663000E0,1.280287628E0,3.008743286E-2,9.775421906E0,9.858951014E0
1.786694000E0,1.277144165E0,5.792953491E-2,9.739047546E0,9.822601497E0
1.796726000E0,1.299747162E0,7.768844604E-2,9.742640076E0,9.829263137E0
1.806757000E0,1.343456268E0,9.639953613E-2,9.747430115E0,9.840048854E0
1.816789000E0,1.339714050E0,7.888595581E-2,9.796528015E0,9.888023962E0
1.826820000E0,1.313668213E0,5.059478760E-2,9.844727783E0,9.932117052E0
1.836852000E0,1.285227356E0,7.634124756E-3,9.854607239E0,9.938065781E0
1.846884000E0,1.268761597E0,-3.682342529E-2,9.844578094E0,9.926068195E0
1.856915000E0,1.269360352E0,-7.738906860E-2,9.858050079E0,9.939739239E0
1.866947000E0,1.282982025E0,-9.595046997E-2,9.838440857E0,9.922205796E0
1.876978000E0,1.296454010E0,-8.562194824E-2,9.784403229E0,9.870292329E0
1.887010000E0,1.313219147E0,-8.128097534E-2,9.734856262E0,9.823368952E0
1.897041000E0,1.308728485E0,-8.607101440E-2,9.717043304E0,9.805157268E0
1.907073000E0,1.301693115E0,-8.173004150E-2,9.745184784E0,9.832075632E0
1.917104000E0,1.304537201E0,-1.052311707E-1,9.753267975E0,9.840687328E0
1.927135542E0,1.301693115E0,-1.101708984E-1,9.758207703E0,9.845260797E0
1.937166542E0,1.295106812E0,-1.209484863E-1,9.771979065E0,9.858169457E0
1.947198542E0,1.292711792E0,-1.309776306E-1,9.767338715E0,9.853383403E0
1.957229542E0,1.291663971E0,-1.276844788E-1,9.783355408E0,9.869080108E0
1.967261542E0,1.286125488E0,-9.864486694E-2,9.727521515E0,9.812671624E0
1.977292542E0,1.286275177E0,-5.897735596E-2,9.783505096E0,9.867874854E0
1.987324542E0,1.292861481E0,-1.930984497E-2,9.817933502E0,9.902710838E0
1.997355542E0,1.273252258E0,2.529739380E-2,9.733059998E0,9.816020996E0
2.007387542E0,1.279688873E0,1.781295776E-2,9.716145172E0,9.800071322E0
2.017418542E0,1.271605682E0,2.245330811E-2,9.701176300E0,9.784186566E0
2.027450542E0,1.241218872E0,1.152603149E-2,9.713450775E0,9.792440099E0
2.037482542E0,1.246607666E0,-1.796264648E-2,9.782008209E0,9.861137761E0
2.047513542E0,1.268462219E0,-6.062393188E-2,9.883347473E0,9.964598785E0
2.057545542E0,1.328487396E0,-4.894821167E-2,9.886940002E0,9.975913858E0
2.067576542E0,1.345851288E0,-3.338058472E-2,9.820328522E0,9.912178480E0
2.077608542E0,1.317709808E0,-1.332229614E-2,9.766739960E0,9.855239523E0
2.087639542E0,1.282982025E0,1.407073975E-2,9.722432098E0,9.806728648E0
2.097671542E0,1.281634827E0,3.098556519E-2,9.720935211E0,9.805107308E0
2.107702542E0,1.288969574E0,2.963836670E-2,9.768386536E0,9.853105932E0
2.117734542E0,1.321452026E0,2.155517578E-2,9.783954163E0,9.872814145E0
2.127765542E0,1.327888641E0,3.742218018E-3,9.754016418E0,9.843989971E0
2.137797542E0,1.306632843E0,-1.901046753E-2,9.760453033E0,9.847542546E0
2.147828542E0,1.294657745E0,-5.718109131E-2,9.777517548E0,9.863024777E0
2.157860542E0,1.298399963E0,-7.649093628E-2,9.794582062E0,9.880563298E0
2.167891542E0,1.283730469E0,-1.002914429E-1,9.786049805E0,9.870399843E0
2.177923542E0,1.267713776E0,-1.178050232E-1,9.753267975E0,9.836016085E0
2.187954542E0,1.247206421E0,-1.074765015E-1,9.771529999E0,9.851389423E0
2.197986542E0,1.250649261E0,-9.415420532E-2,9.787846069E0,9.867873087E0
2.208017542E0,1.257534943E0,-6.765930176E-2,9.791887665E0,9.872539489E0
2.218049542E0,1.274749146E0,-5.418731689E-2,9.768536224E0,9.851508596E0
2.228080542E0,1.281784515E0,-2.514770508E-2,9.795330505E0,9.878871578E0
2.238112542E0,1.279389496E0,-1.676513672E-2,9.788594513E0,9.871864114E0
2.248143542E0,1.268312531E0,1.886077881E-2,9.753567352E0,9.835702746E0
2.258175542E0,1.242117004E0,2.140548706E-2,9.745484161E0,9.824346003E0
2.268207542E0,1.229992218E0,3.682342529E-2,9.778265991E0,9.855390536E0
2.278238542E0,1.254990234E0,4.311035156E-2,9.821526031E0,9.901476283E0
2.288270542E0,1.279988251E0,6.990463257E-2,9.861043854E0,9.944015410E0
2.298301542E0,1.291514282E0,8.412506104E-2,9.828411713E0,9.913261974E0
2.308333542E0,1.243613892E0,1.041833496E-1,9.772128754E0,9.851493798E0
2.318364542E0,1.214574280E0,9.325607300E-2,9.763147430E0,9.838848262E0
2.328396542E0,1.196761322E0,4.700225830E-2,9.814939728E0,9.887744370E0
2.338427542E0,1.217118988E0,3.068618774E-2,9.824070740E0,9.899226544E0
2.348459542E0,1.229393463E0,3.607498169E-2,9.730215912E0,9.807640460E0
2.358490542E0,1.217717743E0,8.831634521E-3,9.723629608E0,9.799586076E0
2.368522542E0,1.254690857E0,-2.679428101E-2,9.840087433E0,9.919792728E0
2.378553542E0,1.340612183E0,-8.876541138E-2,9.944869537E0,1.003521552E1
2.388585542E0,1.389710083E0,-5.852828979E-2,9.854158173E0,9.951841687E0
2.398616542E0,1.324445801E0,-5.957611084E-2,9.718091125E0,9.808108947E0
2.408648542E0,1.257235565E0,-8.771759033E-2,9.717642059E0,9.799025606E0
2.418679542E0,1.251547394E0,-8.577163696E-2,9.734407196E0,9.814907596E0
2.428711542E0,1.296154633E0,-9.460327148E-2,9.759405212E0,9.845555175E0
2.438742542E0,1.342707825E0,-6.541397095E-2,9.780511322E0,9.872463979E0
2.448774542E0,1.336420898E0,-1.706451416E-2,9.770182800E0,9.861175587E0
2.458805542E0,1.298399963E0,3.068618774E-2,9.759405212E0,9.845444338E0
2.468837542E0,1.276096344E0,6.646179199E-2,9.744586029E0,9.828010782E0
2.478869542E0,1.283880157E0,1.098715210E-1,9.765392761E0,9.850041411E0
2.488900542E0,1.294058990E0,1.306782532E-1,9.806706848E0,9.892581295E0
2.498932542E0,1.289418640E0,1.365161133E-1,9.845625916E0,9.930638788E0
2.508963542E0,1.272054749E0,1.428030396E-1,9.830657043E0,9.913643825E0
2.518995542E0,1.254092102E0,1.101708984E-1,9.838291168E0,9.918510863E0
2.529026542E0,1.234333191E0,8.966354370E-2,9.819280701E0,9.896963749E0
2.539058542E0,1.252445526E0,9.325607300E-2,9.820927277E0,9.900905467E0
2.549089542E0,1.266366577E0,7.664062500E-2,9.793234863E0,9.875069984E0
2.559121542E0,1.274898834E0,5.912704468E-2,9.751172333E0,9.834339068E0
2.569152542E0,1.276545410E0,3.457809448E-2,9.750872955E0,9.834138865E0
2.579184542E0,1.248403931E0,1.227447510E-2,9.782457275E0,9.861801731E0
2.589215542E0,1.262175293E0,-1.841171265E-2,9.808802490E0,9.889693208E0
2.599247542E0,1.263372803E0,-1.511856079E-2,9.795330505E0,9.876479085E0
2.609278542E0,1.268162842E0,-4.340972900E-3,9.778116302E0,9.860010865E0
2.619310542E0,1.282233582E0,-5.538482666E-3,9.783654785E0,9.867322564E0
2.629341542E0,1.276844788E0,2.245330811E-3,9.773176575E0,9.856232445E0
2.639373542E0,1.280287628E0,1.287322998E-2,9.784103851E0,9.867521994E0
2.649404542E0,1.280437317E0,3.742218018E-2,9.756710815E0,9.840443388E0
2.659436542E0,1.273551636E0,5.987548828E-2,9.761949921E0,9.844855768E0
2.669467542E0,1.268911285E0,7.679031372E-2,9.853858795E0,9.935520407E0
2.679499542E0,1.238225098E0,9.879455566E-2,9.781259766E0,9.859817664E0
2.689530542E0,1.227297821E0,1.369651794E-1,9.727072449E0,9.805149556E0
2.699562542E0,1.232536926E0,9.984237671E-2,9.747130737E0,9.825256912E0
2.709593542E0,1.270557861E0,7.274871826E-2,9.818681946E0,9.900814351E0
2.719625542E0,1.292113037E0,6.047424316E-2,9.841584320E0,9.926227640E0
2.729656542E0,1.285826111E0,3.891906738E-2,9.833052063E0,9.916843064E0
2.739688542E0,1.279539185E0,3.203338623E-2,9.824669495E0,9.907692836E0
2.749720542E0,1.305585022E0,4.760101318E-2,9.823172607E0,9.909668924E0
2.759751542E0,1.318308563E0,5.882766724E-2,9.805808716E0,9.894204502E0
2.769783542E0,1.306183777E0,7.454498291E-2,9.778116302E0,9.865253744E0
2.779814542E0,1.286275177E0,7.978408813E-2,9.763596497E0,9.848283398E0
2.789846542E0,1.272204437E0,8.532257080E-2,9.775721283E0,9.858524772E0
2.799877542E0,1.284628601E0,7.529342651E-2,9.800419922E0,9.884541992E0
2.809909542E0,1.284628601E0,7.529342651E-2,9.814041595E0,9.898047897E0
2.819940542E0,1.302291870E0,5.748046875E-2,9.805958405E0,9.892223630E0
2.829972542E0,1.314117279E0,6.960525513E-2,9.806407471E0,9.894310314E0
2.840003542E0,1.303190002E0,5.598358154E-2,9.799821167E0,9.886249706E0
2.850035542E0,1.272952881E0,4.819976807E-2,9.762398987E0,9.845159533E0
2.860066542E0,1.233285370E0,5.643264771E-2,9.761051788E0,9.838816467E0
2.870098542E0,1.206940155E0,4.146377563E-2,9.752519531E0,9.827006716E0
2.880129542E0,1.215622101E0,3.592529297E-2,9.771380310E0,9.846771089E0
2.890161542E0,1.241967316E0,4.849914551E-2,9.794432373E0,9.872980325E0
2.900192542E0,1.244661713E0,2.993774414E-2,9.788145447E0,9.867009189E0
2.910224542E0,1.253193970E0,3.278182983E-2,9.802216187E0,9.882055046E0
2.920255542E0,1.265767822E0,4.131408691E-2,9.801617432E0,9.883095634E0
2.930288250E0,1.266067200E0,5.658233643E-2,9.799821167E0,9.881428167E0
2.940319250E0,1.277293854E0,6.960525513E-2,9.812245331E0,9.895275788E0
2.950351250E0,1.265618134E0,7.694000244E-2,9.797725525E0,9.879429866E0
2.960382250E0,1.253193970E0,8.202941895E-2,9.788744202E0,9.868978518E0
2.970414250E0,1.238524475E0,8.277786255E-2,9.786648560E0,9.865053729E0
2.980445250E0,1.252445526E0,8.397537231E-2,9.796528015E0,9.876620516E0
2.990477250E0,1.244811401E0,9.280700684E-2,9.815089417E0,9.894147200E0
3.000509250E0,1.269210663E0,6.810836792E-2,9.837991791E0,9.919758915E0
3.010540250E0,1.260977783E0,7.978408813E-2,9.798174591E0,9.879304418E0
3.020572250E0,1.246308289E0,9.101074219E-2,9.774673462E0,9.854227955E0
3.030603250E0,1.227148132E0,7.185058594E-2,9.759704590E0,9.836812935E0
3.040635250E0,1.228645020E0,6.616241455E-2,9.786049805E0,9.863098744E0
3.050666250E0,1.231938171E0,5.508544922E-2,9.816735992E0,9.893887588E0
3.060698250E0,1.265917511E0,7.185058594E-2,9.802814941E0,9.884477246E0
3.070729250E0,1.257834320E0,8.951385498E-2,9.765243073E0,9.846325821E0
3.080761250E0,1.231189728E0,9.190887451E-2,9.754465485E0,9.832287235E0
3.090792250E0,1.227896576E0,7.319778442E-2,9.811347198E0,9.888155630E0
3.100824250E0,1.224154358E0,6.062393188E-2,9.796528015E0,9.872901818E0
3.110855250E0,1.210832062E0,8.816665649E-2,9.687105560E0,9.762883886E0
3.120887250E0,1.220711517E0,7.858657837E-2,9.719887390E0,9.796556708E0
3.130918250E0,1.253343658E0,3.143463135E-2,9.902956696E0,9.982004297E0
3.140950250E0,1.337468719E0,5.673202515E-2,9.911039886E0,1.000103758E1
3.150981250E0,1.369651794E0,5.957611084E-2,9.874665527E0,9.969378849E0
3.161013250E0,1.310375061E0,8.921447754E-2,9.719288635E0,9.807630376E0
3.171044250E0,1.230291595E0,7.200027466E-2,9.704170074E0,9.782112159E0
3.181076250E0,1.237027588E0,3.966751099E-2,9.762249298E0,9.840392376E0
3.191107250E0,1.274599457E0,3.143463135E-2,9.861941986E0,9.944017883E0
3.201139250E0,1.308878174E0,5.328918457E-2,9.892029419E0,9.978389040E0
3.211170250E0,1.305884399E0,9.669891357E-2,9.822573853E0,9.909472329E0
3.221202250E0,1.266216888E0,1.472937012E-1,9.740095367E0,9.823159289E0
3.231233250E0,1.252146149E0,1.791773987E-1,9.728868713E0,9.810752314E0
3.241265250E0,1.259331207E0,1.953437805E-1,9.772727509E0,9.855469407E0
3.251297250E0,1.270557861E0,1.809736633E-1,9.809700623E0,9.893295460E0
3.261328250E0,1.268761597E0,1.498384094E-1,9.835447083E0,9.918075764E0
3.271360250E0,1.276844788E0,1.196012878E-1,9.854008484E0,9.937108245E0
3.281391250E0,1.273102570E0,1.001417542E-1,9.839338989E0,9.921865262E0
3.291423250E0,1.257684631E0,8.771759033E-2,9.816885681E0,9.897510267E0
3.301454250E0,1.246008911E0,4.879852295E-2,9.777966614E0,9.857157329E0
3.311486250E0,1.223405914E0,3.218307495E-2,9.762249298E0,9.838661959E0
3.321517250E0,1.233734436E0,4.056564331E-2,9.732161865E0,9.810133577E0
3.331549250E0,1.242566071E0,2.080673218E-2,9.738748169E0,9.817719657E0
3.341580250E0,1.254840546E0,2.993774414E-3,9.758357391E0,9.838707879E0
3.351612250E0,1.240769806E0,7.334747314E-3,9.757459259E0,9.836034501E0
3.361643250E0,1.259480896E0,7.933502197E-3,9.783355408E0,9.864096416E0
3.371675250E0,1.276695099E0,1.377136230E-2,9.801467743E0,9.884275894E0
3.381706250E0,1.301094360E0,2.484832764E-2,9.827363892E0,9.913150106E0
3.391738250E0,1.321452026E0,2.050735474E-2,9.841584320E0,9.929926381E0
3.401769250E0,1.321452026E0,2.140548706E-2,9.866582336E0,9.954704448E0
3.411801250E0,1.314416656E0,2.903961182E-2,9.848020935E0,9.935393841E0
3.421832250E0,1.284179535E0,5.254074097E-2,9.821226654E0,9.904966966E0
3.431864250E0,1.263073425E0,4.490661621E-2,9.849966888E0,9.930720960E0
3.441895250E0,1.241817627E0,7.544311523E-2,9.779613190E0,9.858429734E0
3.451927250E0,1.257534943E0,7.559280396E-2,9.789492645E0,9.870221611E0
3.461958250E0,1.286873932E0,2.395019531E-2,9.810449066E0,9.894520150E0
3.471990250E0,1.319206696E0,-1.945953369E-2,9.851164398E0,9.939120936E0
3.482021250E0,1.323847046E0,-2.948867798E-2,9.868228912E0,9.956675271E0
3.492053250E0,1.309327240E0,-2.065704346E-2,9.830806732E0,9.917637095E0
3.502084250E0,1.285975800E0,-1.422042847E-2,9.790690155E0,9.874793653E0
3.512116250E0,1.304686890E0,1.960922241E-2,9.733359375E0,9.820431616E0
3.522147250E0,1.294957123E0,5.388793945E-2,9.699978790E0,9.786184465E0
3.532179250E0,1.294807434E0,4.236190796E-2,9.719588013E0,9.805544960E0
3.542211250E0,1.280287628E0,5.224136353E-2,9.775721283E0,9.859340352E0
3.552242250E0,1.308129730E0,2.739303589E-2,9.820328522E0,9.907108864E0
3.562274250E0,1.318757629E0,1.062789917E-2,9.824968872E0,9.913084685E0
3.572305250E0,1.300196228E0,-2.395019531E-3,9.818831635E0,9.904542929E0
3.582337250E0,1.289268951E0,-2.859054565E-2,9.829758911E0,9.913989717E0
3.592368250E0,1.276246033E0,-2.754272461E-2,9.825118561E0,9.907699898E0
3.602400250E0,1.278042297E0,-1.571731567E-2,9.800419922E0,9.883413873E0
3.612431250E0,1.256487122E0,-2.110610962E-2,9.773326263E0,9.853786663E0
3.622463250E0,1.231339417E0,-1.556762695E-2,9.718689880E0,9.796395873E0
3.632494250E0,1.232536926E0,-2.035766602E-2,9.720635834E0,9.798485736E0
3.642526250E0,1.235680389E0,-3.577560425E-2,9.741442566E0,9.819566649E0
3.652557250E0,1.274150391E0,-4.984634399E-2,9.785001984E0,9.867735692E0
3.662589250E0,1.295256500E0,-3.667373657E-2,9.795929260E0,9.881258242E0
3.672620250E0,1.294657745E0,-3.712280273E-2,9.790390778E0,9.875690779E0
3.682652250E0,1.297651520E0,-4.580474854E-2,9.794282684E0,9.879978281E0
3.692683250E0,1.291663971E0,-3.263214111E-2,9.818681946E0,9.903331552E0
3.702715250E0,1.286125488E0,-3.382965088E-2,9.801916809E0,9.885991925E0
3.712746250E0,1.281485138E0,-1.975891113E-2,9.780810699E0,9.864423577E0
3.722778250E0,1.283880157E0,-4.790039062E-3,9.785301361E0,9.869168857E0
3.732809250E0,1.277892609E0,4.041595459E-3,9.768985291E0,9.852212922E0
3.742841250E0,1.273551636E0,8.981323242E-4,9.807754669E0,9.890095360E0
3.752872250E0,1.281485138E0,-8.681945801E-3,9.808503113E0,9.891865994E0
3.762904250E0,1.290915527E0,-7.484436035E-3,9.812844086E0,9.897395009E0
3.772935250E0,1.300345917E0,-1.691482544E-2,9.826615448E0,9.912293215E0
3.782967250E0,1.311722260E0,-2.110610962E-2,9.812694397E0,9.900001620E0
3.792998250E0,1.310075684E0,-1.302291870E-2,9.773625641E0,9.861045891E0
3.803030250E0,1.288520508E0,-5.837860107E-3,9.724378052E0,9.809375499E0
3.813061250E0,1.274449768E0,-4.340972900E-3,9.717642059E0,9.800857526E0
3.823093250E0,1.279988251E0,-2.918930054E-2,9.771979065E0,9.855495765E0
3.833125250E0,1.296004944E0,-3.293151855E-2,9.799970856E0,9.885349871E0
3.843156250E0,1.310375061E0,-3.233276367E-2,9.821226654E0,9.908310714E0
3.853188250E0,1.312770081E0,-3.353027344E-2,9.822124786E0,9.909521930E0
3.863219250E0,1.306932220E0,-2.095642090E-2,9.788744202E0,9.875627780E0
3.873251250E0,1.274599457E0,-2.529739380E-2,9.784403229E0,9.867106479E0
3.883282250E0,1.253493347E0,-5.972579956E-2,9.812844086E0,9.892761080E0
3.893314250E0,1.252744904E0,-4.266128540E-2,9.830207977E0,9.909802150E0
3.903345250E0,1.243763580E0,-3.622467041E-2,9.740694122E0,9.819846336E0
3.913377250E0,1.217418365E0,-3.068618774E-2,9.650731201E0,9.727263841E0
3.923407625E0,1.229842529E0,-6.436614990E-2,9.776619415E0,9.853879583E0
3.933439625E0,1.312321014E0,-1.378633118E-1,9.883946228E0,9.971639072E0
3.943470625E0,1.391206970E0,-1.282832336E-1,9.878407745E0,9.976715542E0
3.953502625E0,1.394799500E0,-1.281335449E-1,9.834998016E0,9.934237255E0
3.963533625E0,1.344653778E0,-9.520202637E-2,9.760003967E0,9.852656223E0
3.973565625E0,1.287772064E0,-8.262817383E-2,9.715546417E0,9.800868660E0
3.983596625E0,1.275796967E0,-6.227050781E-2,9.778864746E0,9.861933443E0
3.993628625E0,1.288819885E0,-5.688171387E-3,9.805958405E0,9.890293690E0
4.003659625E0,1.266665955E0,5.927673340E-2,9.758956146E0,9.840994941E0
4.013691625E0,1.281036072E0,8.053253174E-2,9.707912292E0,9.792400114E0
4.023722625E0,1.290167084E0,1.041833496E-1,9.729018402E0,9.814743213E0
4.033754625E0,1.285975800E0,7.858657837E-2,9.787247314E0,9.871682714E0
4.043785625E0,1.288819885E0,6.182144165E-2,9.862391052E0,9.946438350E0
4.053817625E0,1.272653503E0,1.212478638E-2,9.876910858E0,9.958572290E0
4.063848625E0,1.259031830E0,-2.978805542E-2,9.862391052E0,9.942474830E0
4.073880625E0,1.242566071E0,-7.664062500E-2,9.848919067E0,9.927288201E0
4.083911625E0,1.271306305E0,-1.127156067E-1,9.828711090E0,9.911230308E0
4.093943625E0,1.282982025E0,-1.350192261E-1,9.777517548E0,9.862257473E0
4.103974625E0,1.292711792E0,-1.463955688E-1,9.719438324E0,9.806121393E0
4.114006625E0,1.298998718E0,-1.299298096E-1,9.712253265E0,9.799599120E0
4.124037625E0,1.298100586E0,-1.284329224E-1,9.720336456E0,9.807471691E0
4.134069625E0,1.285676422E0,-1.255888367E-1,9.735005951E0,9.820339978E0
4.144100625E0,1.299896851E0,-1.342707825E-1,9.747430115E0,9.834640528E0
4.154132625E0,1.301842804E0,-1.371148682E-1,9.756261749E0,9.843690288E0
4.164164625E0,1.289418640E0,-1.197509766E-1,9.767937469E0,9.853402617E0
4.174195625E0,1.315314789E0,-9.205856323E-2,9.792037354E0,9.880411090E0
4.184227625E0,1.304237823E0,-5.987548828E-2,9.784702606E0,9.871424743E0
4.194258625E0,1.282832336E0,-2.859054565E-2,9.760602722E0,9.844584385E0
4.204290625E0,1.272354126E0,3.742218018E-3,9.835596771E0,9.917553270E0
4.214321625E0,1.259480896E0,2.679428101E-2,9.810748444E0,9.891298958E0
4.224353625E0,1.270108795E0,5.987548828E-2,9.787397003E0,9.869645461E0
4.234384625E0,1.278940430E0,5.343887329E-2,9.768835602E0,9.852344561E0
4.244416625E0,1.262474670E0,7.259902954E-2,9.770931244E0,9.852421544E0
4.254447625E0,1.235530701E0,5.792953491E-2,9.752669220E0,9.830790856E0
4.264479625E0,1.228046265E0,3.577560425E-2,9.769883423E0,9.846826881E0
4.274510625E0,1.262324982E0,-1.975891113E-2,9.834249573E0,9.914954333E0
4.284542625E0,1.337917786E0,-3.577560425E-2,9.888885956E0,9.979046515E0
4.294573625E0,1.370849304E0,-5.014572144E-2,9.854307861E0,9.949327909E0
4.304605625E0,1.343306580E0,-5.433700562E-2,9.790091400E0,9.881969171E0
4.314636625E0,1.304686890E0,-5.538482666E-2,9.771679688E0,9.858549552E0
4.324668625E0,1.267564087E0,-3.712280273E-2,9.744436340E0,9.826603503E0
4.334699625E0,1.255588989E0,-5.149291992E-2,9.772727509E0,9.853190254E0
4.344731625E0,1.272354126E0,-5.538482666E-2,9.772727509E0,9.855361762E0
4.354762625E0,1.304836578E0,-4.819976807E-2,9.739646301E0,9.826781354E0
4.364794625E0,1.308279419E0,-3.817062378E-2,9.726473694E0,9.814139929E0
4.374825625E0,1.255738678E0,-5.583389282E-2,9.754615173E0,9.835268895E0
4.384857625E0,1.255439301E0,-4.400848389E-2,9.777816925E0,9.858182814E0
4.394888625E0,1.261875916E0,-4.475692749E-2,9.778864746E0,9.860047146E0
4.404920625E0,1.251248016E0,-4.086502075E-2,9.768236847E0,9.848133968E0
4.414951625E0,1.246158600E0,-2.619552612E-2,9.757459259E0,9.836747870E0
4.424983625E0,1.239272919E0,-1.466949463E-2,9.755513306E0,9.833923552E0
4.435014625E0,1.249002686E0,-2.395019531E-3,9.773625641E0,9.853109743E0
4.445046625E0,1.268911285E0,1.347198486E-2,9.782307587E0,9.864271847E0
4.455077625E0,1.281185760E0,1.571731567E-2,9.789492645E0,9.872985883E0
4.465109625E0,1.271306305E0,3.248245239E-2,9.812245331E0,9.894313178E0
4.475140625E0,1.281634827E0,3.592529297E-2,9.805958405E0,9.889423577E0
4.485172625E0,1.262774048E0,3.772155762E-2,9.795031128E0,9.876166058E0
4.495203625E0,1.260079651E0,5.822891235E-2,9.806856537E0,9.887650199E0
4.505235625E0,1.263372803E0,4.430786133E-2,9.800120544E0,9.881317559E0
4.515266625E0,1.245709534E0,5.912704468E-2,9.794731750E0,9.873806678E0
4.525298625E0,1.262624359E0,6.406677246E-2,9.794582062E0,9.875837311E0
4.535330625E0,1.277593231E0,7.125183105E-2,9.800270233E0,9.883451721E0
4.545361625E0,1.289418640E0,4.296066284E-2,9.792486420E0,9.877106678E0
4.555393625E0,1.271455994E0,1.407073975E-2,9.801018677E0,9.883155641E0
4.565424625E0,1.281185760E0,-3.143463135E-3,9.810449066E0,9.893753469E0
4.575456625E0,1.289418640E0,-1.990859985E-2,9.814041595E0,9.898404377E0
4.585487625E0,1.284329224E0,-6.436614990E-3,9.768536224E0,9.852605896E0
4.595519625E0,1.270258484E0,-2.694396973E-3,9.720785522E0,9.803429759E0
4.605550625E0,1.254990234E0,3.442840576E-3,9.728569336E0,9.809183129E0
4.615582625E0,1.273252258E0,3.293151855E-3,9.773176575E0,9.855767982E0
4.625613625E0,1.301693115E0,1.496887207E-3,9.815688171E0,9.901623174E0
4.635645625E0,1.322649536E0,7.185058594E-3,9.803413696E0,9.892238044E0
4.645676625E0,1.300794983E0,3.278182983E-2,9.743538208E0,9.830039626E0
4.655708625E0,1.246907043E0,3.847000122E-2,9.736951904E0,9.816541626E0
4.665739625E0,1.246308289E0,1.317260742E-2,9.773475952E0,9.852628586E0
4.675771625E0,1.269210663E0,2.888992310E-2,9.795031128E0,9.876961331E0
4.685802625E0,1.250649261E0,5.179229736E-2,9.690249023E0,9.770759037E0
4.695834625E0,1.234183502E0,4.715194702E-2,9.732461243E0,9.810516503E0
4.705865625E0,1.283431091E0,2.035766602E-2,9.893975372E0,9.976891223E0
4.715897625E0,1.359023895E0,2.724334717E-2,9.923164673E0,1.001583173E1
4.725928625E0,1.371148682E0,5.164260864E-2,9.868977356E0,9.963906348E0
4.735960625E0,1.295406189E0,5.089416504E-2,9.742490387E0,9.828366413E0
4.745991625E0,1.203048248E0,3.128494263E-2,9.720186768E0,9.794403230E0
4.756023625E0,1.206191711E0,-1.047821045E-2,9.786648560E0,9.860704755E0
4.766054625E0,1.248104553E0,-4.056564331E-2,9.855205994E0,9.934007033E0
4.776086625E0,1.291364594E0,-1.032852173E-2,9.857750702E0,9.941980592E0
4.786117625E0,1.269510040E0,2.170486450E-2,9.808952179E0,9.890787112E0
4.796149625E0,1.229243774E0,8.502319336E-2,9.757010193E0,9.834506449E0
4.806180625E0,1.220412140E0,1.155596924E-1,9.727820892E0,9.804756965E0
4.816212625E0,1.245410156E0,1.164578247E-1,9.754615173E0,9.834486568E0
4.826243625E0,1.267863464E0,1.347198486E-1,9.780211945E0,9.862969780E0
4.836275625E0,1.278940430E0,1.414558411E-1,9.812844086E0,9.896848358E0
4.846306625E0,1.289418640E0,1.222956848E-1,9.828262024E0,9.913238173E0
4.856338625E0,1.291963348E0,1.115180969E-1,9.828411713E0,9.913590791E0
4.866369625E0,1.278191986E0,1.008901978E-1,9.833501129E0,9.916738276E0
4.876401625E0,1.271455994E0,6.631210327E-2,9.801916809E0,9.884258737E0
4.886433625E0,1.260079651E0,5.882766724E-2,9.760453033E0,9.841631208E0
4.896464625E0,1.247655487E0,3.637435913E-2,9.748178558E0,9.827764370E0
4.906496625E0,1.234482880E0,1.586700439E-2,9.761650543E0,9.839411622E0
4.916527625E0,1.243015137E0,1.197509766E-3,9.789792023E0,9.868389732E0
4.926559625E0,1.250050507E0,-1.137634277E-2,9.806557159E0,9.885915183E0
4.936590625E0,1.276246033E0,-2.993774414E-4,9.813891907E0,9.896528603E0
4.946622625E0,1.267115021E0,1.017883301E-2,9.814490662E0,9.895954276E0
4.956653625E0,1.275946655E0,3.921844482E-2,9.818382568E0,9.901020867E0
4.966685625E0,1.276695099E0,4.071533203E-2,9.812993774E0,9.895779652E0
4.976716625E0,1.267564087E0,5.987548828E-2,9.805060272E0,9.886835223E0
4.986748625E0,1.254990234E0,8.741821289E-2,9.788594513E0,9.869104568E0
4.996779625E0,1.250499573E0,9.744735718E-2,9.754615173E0,9.834925640E0
5.006811625E0,1.229243774E0,1.299298096E-1,9.805808716E0,9.883410676E0
5.016842625E0,1.202898560E0,1.558259583E-1,9.758058014E0,9.833155286E0
5.026874625E0,1.214873657E0,1.695973206E-1,9.720037079E0,9.797132339E0
5.036905625E0,1.228046265E0,1.398092651E-1,9.763446808E0,9.841368697E0
5.046937625E0,1.265019379E0,1.056802368E-1,9.836345215E0,9.917919617E0
5.056968625E0,1.279688873E0,8.277786255E-2,9.868528290E0,9.951497696E0
5.067000625E0,1.265468445E0,5.852828979E-2,9.853110352E0,9.934214591E0
5.077031625E0,1.258582764E0,6.167175293E-2,9.831106110E0,9.911532743E0
5.087063625E0,1.262923737E0,6.122268677E-2,9.805060272E0,9.886249619E0
5.097094625E0,1.276994476E0,1.001417542E-1,9.792336731E0,9.875758296E0
5.107126625E0,1.268462219E0,1.540296936E-1,9.755513306E0,9.838839434E0
5.117157625E0,1.234632568E0,1.854643250E-1,9.704768829E0,9.784745915E0
5.127189625E0,1.229692841E0,1.924996948E-1,9.693691864E0,9.773272869E0
5.137220625E0,1.221759338E0,1.821711731E-1,9.721084900E0,9.799253739E0
5.147252625E0,1.237476654E0,1.480421448E-1,9.768236847E0,9.847421797E0
5.157283625E0,1.295705566E0,8.726852417E-2,9.875114594E0,9.960138400E0
5.167315625E0,1.350940704E0,3.891906738E-3,9.936337280E0,1.002775421E1
5.177346625E0,1.362167358E0,-2.424957275E-2,9.950707397E0,1.004353850E1
5.187378625E0,1.326541443E0,-8.786727905E-2,9.915680237E0,1.000440640E1
5.197409625E0,1.278191986E0,-1.125659180E-1,9.863438873E0,9.946550771E0
5.207441625E0,1.231489105E0,-1.210981750E-1,9.802066498E0,9.879865273E0
5.217472625E0,1.205293579E0,-1.212478638E-1,9.803264008E0,9.877824602E0
5.227504625E0,1.225052490E0,-1.118174744E-1,9.789342957E0,9.866331247E0
5.237535625E0,1.243164825E0,-7.304809570E-2,9.776170349E0,9.855166234E0
5.247567625E0,1.245709534E0,-5.254074097E-2,9.761650543E0,9.840953922E0
5.257598625E0,1.239272919E0,-1.751358032E-2,9.779912567E0,9.858133389E0
5.267630625E0,1.256337433E0,-1.646575928E-3,9.805659027E0,9.885814858E0
5.277662625E0,1.273851013E0,2.769241333E-2,9.818981323E0,9.901305848E0
5.287693625E0,1.278042297E0,4.460723877E-2,9.824370117E0,9.907251391E0
5.297724625E0,1.262025604E0,6.855743408E-2,9.803862762E0,9.884995388E0
5.307756625E0,1.267863464E0,9.744735718E-2,9.811496887E0,9.893555727E0
5.317788625E0,1.249302063E0,1.025367737E-1,9.812095642E0,9.891839582E0
5.327819625E0,1.240919495E0,1.068777466E-1,9.805808716E0,9.884593498E0
5.337851625E0,1.243164825E0,9.774673462E-2,9.791887665E0,9.870971444E0
5.347882625E0,1.245260468E0,6.092330933E-2,9.805060272E0,9.884006891E0
5.357914625E0,1.260379028E0,3.996688843E-2,9.846074982E0,9.926497126E0
5.367945625E0,1.266815643E0,2.454895020E-2,9.832153931E0,9.913459307E0
5.377977625E0,1.281185760E0,-5.538482666E-3,9.824370117E0,9.907558520E0
5.388008625E0,1.293460236E0,-4.655319214E-2,9.853709106E0,9.938349447E0
5.398040625E0,1.291514282E0,-6.915618896E-2,9.827064514E0,9.911810565E0
5.408071625E0,1.300645294E0,-8.442443848E-2,9.800569611E0,9.886858468E0
5.418103625E0,1.292711792E0,-9.669891357E-2,9.749376068E0,9.835181146E0
5.428134625E0,1.262025604E0,-9.879455566E-2,9.708810425E0,9.790989166E0
5.438166625E0,1.249152374E0,-1.166075134E-1,9.715097351E0,9.795769266E0
5.448197625E0,1.279688873E0,-9.789642334E-2,9.758207703E0,9.842245927E0
5.458229625E0,1.326391754E0,-5.897735596E-2,9.783954163E0,9.873629144E0
5.468260625E0,1.313069458E0,-3.547622681E-2,9.773775330E0,9.861647639E0
5.478292625E0,1.301244049E0,-2.365081787E-2,9.737850037E0,9.824434781E0
5.488323625E0,1.292262726E0,-1.631607056E-2,9.741741943E0,9.827092411E0
5.498355625E0,1.268312531E0,-2.200424194E-2,9.778415680E0,9.860350606E0
5.508386625E0,1.256337433E0,-3.742218018E-2,9.804760895E0,9.884994708E0
5.518418625E0,1.256936188E0,-5.388793945E-3,9.785301361E0,9.865700195E0
5.528449625E0,1.218017120E0,1.556762695E-2,9.690249023E0,9.766510850E0
5.538481625E0,1.217568054E0,1.167572021E-2,9.744136963E0,9.819919218E0
5.548512625E0,1.241518250E0,-4.924758911E-2,9.867779846E0,9.945696154E0
5.558544625E0,1.323847046E0,-5.583389282E-2,9.901759186E0,9.990021191E0
5.568575625E0,1.361269226E0,-7.155120850E-2,9.860145721E0,9.953926217E0
5.578607625E0,1.330732727E0,-6.900650024E-2,9.830357666E0,9.920259237E0
5.588638625E0,1.284628601E0,-5.763015747E-2,9.779164124E0,9.863348459E0
5.598670625E0,1.285377045E0,-3.727249146E-2,9.787546692E0,9.871659112E0
5.608701625E0,1.292711792E0,-2.095642090E-3,9.828561401E0,9.913209742E0
5.618733625E0,1.271605682E0,5.313949585E-2,9.778715057E0,9.861190242E0
5.628764625E0,1.272354126E0,7.619155884E-2,9.707313538E0,9.790639728E0
5.638796625E0,1.258882141E0,6.930587769E-2,9.677076416E0,9.758862409E0
5.648827625E0,1.295106812E0,5.792953491E-2,9.730515289E0,9.816495570E0
5.658859625E0,1.317410431E0,5.089416504E-2,9.806257782E0,9.894485947E0
5.668890625E0,1.310824127E0,2.245330811E-3,9.861792297E0,9.948528145E0
5.678922625E0,1.305884399E0,-2.604583740E-2,9.838889923E0,9.925208681E0
5.688953625E0,1.298998718E0,-7.274871826E-2,9.829609222E0,9.915336984E0
5.698985625E0,1.307980042E0,-8.816665649E-2,9.822424164E0,9.909520755E0
5.709016625E0,1.298399963E0,-1.047821045E-1,9.776020660E0,9.862423724E0
5.719048625E0,1.295256500E0,-1.148112488E-1,9.733509064E0,9.819983183E0
5.729080625E0,1.297801208E0,-9.520202637E-2,9.710606689E0,9.797409539E0
5.739111625E0,1.287173309E0,-9.190887451E-2,9.730814667E0,9.816008173E0
5.749143625E0,1.298399963E0,-8.128097534E-2,9.759255524E0,9.845583651E0
5.759174625E0,1.296304321E0,-7.469467163E-2,9.774224396E0,9.860093647E0
5.769206625E0,1.301693115E0,-6.256988525E-2,9.796827393E0,9.883124350E0
5.779237625E0,1.311722260E0,-6.556365967E-2,9.819729767E0,9.907169453E0
5.789269625E0,1.321901093E0,-4.370910645E-2,9.821675720E0,9.910330314E0
5.799300625E0,1.308429108E0,-3.891906738E-2,9.836494904E0,9.923211850E0
5.809332625E0,1.309177551E0,-3.323089600E-2,9.785301361E0,9.872546423E0
5.819363625E0,1.291813660E0,2.395019531E-3,9.752669220E0,9.837852671E0
5.829395625E0,1.287173309E0,2.260299683E-2,9.827363892E0,9.911327211E0
5.839426625E0,1.291065216E0,4.924758911E-2,9.779912567E0,9.864885430E0
5.849458625E0,1.302142181E0,4.026626587E-2,9.747879181E0,9.834548498E0
5.859489625E0,1.306183777E0,9.131011963E-3,9.754914551E0,9.841979340E0
5.869521625E0,1.299148407E0,-1.137634277E-2,9.782756653E0,9.868649539E0
5.879552625E0,1.286574554E0,-3.487747192E-2,9.800419922E0,9.884569852E0
5.889584625E0,1.299747162E0,-6.092330933E-2,9.817933502E0,9.903780722E0
5.899615625E0,1.316063232E0,-8.906478882E-2,9.857601013E0,9.945463926E0
5.909647625E0,1.350042572E0,-7.274871826E-2,9.834548950E0,9.927046911E0
5.919678625E0,1.364861755E0,-5.358856201E-2,9.789792023E0,9.884621753E0
5.929710792E0,1.349743195E0,-3.382965088E-2,9.739646301E0,9.832785018E0
5.939741792E0,1.322050781E0,-3.772155762E-2,9.718989258E0,9.808567346E0
5.949773792E0,1.290167084E0,-2.140548706E-2,9.743238831E0,9.828310750E0
5.959804792E0,1.286275177E0,-2.424957275E-2,9.770781555E0,9.855113600E0
5.969836792E0,1.331181793E0,-2.574645996E-2,9.782307587E0,9.872499662E0
5.979867792E0,1.342558136E0,-5.134323120E-2,9.763895874E0,9.855899813E0
5.989899792E0,1.341660004E0,-6.915618896E-2,9.765841827E0,9.857814197E0
5.999930792E0,1.314566345E0,-7.888595581E-2,9.763746185E0,9.852159522E0
6.009962792E0,1.287772064E0,-8.996292114E-2,9.795929260E0,9.880621453E0
6.019993792E0,1.287921753E0,-8.487350464E-2,9.777667236E0,9.862490686E0
6.030025792E0,1.283580780E0,-8.547225952E-2,9.764794006E0,9.849166823E0
6.040056792E0,1.279239807E0,-8.427474976E-2,9.769733734E0,9.853489430E0
6.050088792E0,1.296454010E0,-9.789642334E-2,9.763446808E0,9.849633002E0
6.060119792E0,1.298549652E0,-1.041833496E-1,9.766889648E0,9.853386158E0
6.070151792E0,1.303040314E0,-1.025367737E-1,9.767039337E0,9.854110070E0
6.080182792E0,1.293011169E0,-1.148112488E-1,9.776469727E0,9.862272549E0
6.090214792E0,1.287622375E0,-1.014889526E-1,9.786498871E0,9.871364219E0
6.100245792E0,1.289718018E0,-9.924362183E-2,9.783205719E0,9.868350217E0
6.110277792E0,1.286574554E0,-9.415420532E-2,9.786199493E0,9.870858100E0
6.120308792E0,1.287622375E0,-8.143066406E-2,9.767937469E0,9.852776499E0
6.130340792E0,1.287622375E0,-6.002517700E-2,9.773026886E0,9.857668534E0
6.140371792E0,1.298998718E0,-4.909790039E-2,9.786349182E0,9.872306650E0
6.150403792E0,1.303190002E0,-4.535568237E-2,9.779014435E0,9.865570670E0
6.160434792E0,1.292562103E0,-3.802093506E-2,9.753717041E0,9.839062887E0
6.170466792E0,1.283281403E0,-4.625381470E-2,9.728868713E0,9.813248036E0
6.180497792E0,1.262175293E0,-5.433700562E-2,9.757908325E0,9.839350276E0
6.190529792E0,1.280287628E0,-4.894821167E-2,9.783654785E0,9.867189736E0
6.200560792E0,1.309327240E0,-5.149291992E-2,9.811796265E0,9.898905762E0
6.210592792E0,1.320553894E0,-5.777984619E-2,9.818981323E0,9.907552439E0
6.220623792E0,1.316212921E0,-5.134323120E-2,9.766290894E0,9.854719194E0
6.230655792E0,1.297801208E0,-5.568420410E-2,9.770332489E0,9.856306897E0
6.240686792E0,1.264869690E0,-7.798782349E-2,9.785151672E0,9.866872386E0
6.250718792E0,1.264720001E0,-7.903564453E-2,9.776170349E0,9.857954657E0
6.260749792E0,1.257834320E0,-5.718109131E-2,9.724827118E0,9.806002209E0
6.270781792E0,1.239272919E0,-5.718109131E-2,9.636211395E0,9.715741716E0
6.280813792E0,1.230141907E0,-5.987548828E-2,9.711504822E0,9.789288028E0
6.290844792E0,1.312470703E0,-1.240919495E-1,9.898316345E0,9.985722038E0
6.300876792E0,1.406175842E0,-1.206491089E-1,9.923314362E0,1.002317588E1
6.310907792E0,1.395697632E0,-9.759704590E-2,9.808503113E0,9.907786351E0
6.320939792E0,1.297052765E0,-1.005908203E-1,9.751771088E0,9.838165669E0
6.330970792E0,1.234333191E0,-7.544311523E-2,9.722432098E0,9.800763031E0
6.341002792E0,1.235081635E0,-8.607101440E-2,9.707313538E0,9.785947628E0
6.351033792E0,1.252146149E0,-7.888595581E-2,9.765243073E0,9.845509902E0
6.361065792E0,1.274599457E0,-3.053649902E-2,9.783654785E0,9.866379134E0
6.371096792E0,1.285526733E0,1.496887207E-3,9.777816925E0,9.861961521E0
6.381128792E0,1.277593231E0,3.757186890E-2,9.765841827E0,9.849128018E0
6.391159792E0,1.285227356E0,4.445755005E-2,9.791887665E0,9.875973363E0
6.401191792E0,1.296304321E0,4.700225830E-2,9.830058289E0,9.915274079E0
6.411222792E0,1.293759613E0,4.505630493E-2,9.867630157E0,9.952184129E0
6.421254792E0,1.298250275E0,3.397933960E-2,9.861642609E0,9.946788593E0
6.431285792E0,1.278940430E0,1.541793823E-2,9.833950195E0,9.916778851E0
6.441317792E0,1.274000702E0,-1.167572021E-2,9.815688171E0,9.898027500E0
6.451348792E0,1.282682648E0,-1.706451416E-2,9.785151672E0,9.868878316E0
6.461380792E0,1.290017395E0,-2.275268555E-2,9.749675446E0,9.834675076E0
6.471411792E0,1.285526733E0,-3.113525391E-2,9.730066223E0,9.814669485E0
6.481443792E0,1.294358368E0,-4.370910645E-2,9.751621399E0,9.837245243E0
6.491474792E0,1.290167084E0,-3.921844482E-2,9.752818909E0,9.837862870E0
6.501506792E0,1.277742920E0,-4.939727783E-2,9.776320038E0,9.859589268E0
6.511537792E0,1.276545410E0,-3.667373657E-2,9.791139221E0,9.874073141E0
6.521569792E0,1.288819885E0,-3.742218018E-2,9.788594513E0,9.873147404E0
6.531600792E0,1.273401947E0,-3.472778320E-2,9.763895874E0,9.846645174E0
6.541632792E0,1.271755371E0,-3.637435913E-2,9.776619415E0,9.859055330E0
6.551663792E0,1.264869690E0,-2.065704346E-2,9.792935486E0,9.874305417E0
6.561695792E0,1.269060974E0,-1.466949463E-2,9.776619415E0,9.858651943E0
6.571726792E0,1.248703308E0,1.826202393E-2,9.788893890E0,9.868233735E0
6.581758792E0,1.241368561E0,4.610412598E-2,9.882000275E0,9.959771630E0
6.591789792E0,1.254541168E0,7.574249268E-2,9.815837860E0,9.895973088E0
6.601821792E0,1.265767822E0,9.131011963E-2,9.747130737E0,9.829397913E0
6.611852792E0,1.254092102E0,9.310638428E-2,9.715845795E0,9.796891104E0
6.621884792E0,1.255139923E0,6.900650024E-2,9.740245056E0,9.821023973E0
6.631915792E0,1.262324982E0,3.592529297E-2,9.818981323E0,9.899856020E0
6.641947792E0,1.302740936E0,-6.436614990E-3,9.859996033E0,9.945687364E0
6.651978792E0,1.320254517E0,-1.107696533E-2,9.873917084E0,9.961798696E0
6.662010792E0,1.347048798E0,-2.814147949E-2,9.851014709E0,9.942727152E0
6.672041792E0,1.340312805E0,-2.664459229E-2,9.815987549E0,9.907106536E0
6.682073792E0,1.294657745E0,1.242416382E-2,9.759405212E0,9.844911535E0
6.692104792E0,1.274749146E0,3.906875610E-2,9.738598480E0,9.821751988E0
6.702136792E0,1.249601440E0,4.475692749E-2,9.756561127E0,9.836360707E0
6.712167792E0,1.282383270E0,5.343887329E-2,9.797575836E0,9.881288116E0
6.722199792E0,1.308279419E0,5.239105225E-2,9.776469727E0,9.863756900E0
6.732230792E0,1.310225372E0,5.792953491E-2,9.776020660E0,9.863601082E0
6.742262792E0,1.305135956E0,5.284011841E-2,9.786798248E0,9.873580500E0
6.752293792E0,1.296753387E0,2.574645996E-2,9.805509338E0,9.890917329E0
6.762325792E0,1.284927979E0,2.484832764E-2,9.784103851E0,9.868148029E0
6.772356792E0,1.260379028E0,2.544708252E-2,9.738748169E0,9.820000955E0
6.782388792E0,1.226250000E0,2.769241333E-2,9.755962372E0,9.832764501E0
6.792419792E0,1.243164825E0,3.592529297E-3,9.790390778E0,9.869003155E0
6.802451792E0,1.276395721E0,2.424957275E-2,9.783355408E0,9.866297031E0
6.812482792E0,1.287622375E0,3.607498169E-2,9.802515564E0,9.886788365E0
6.822514792E0,1.262175293E0,2.424957275E-2,9.803264008E0,9.884212650E0
6.832545792E0,1.275647278E0,2.649490356E-2,9.807754669E0,9.890400882E0
6.842577792E0,1.266216888E0,1.781295776E-2,9.809401245E0,9.890802561E0
6.852608792E0,1.261127472E0,1.317260742E-2,9.791887665E0,9.872774689E0
6.862640792E0,1.263971558E0,3.847000122E-2,9.786947937E0,9.868305526E0
6.872671792E0,1.265917511E0,4.056564331E-2,9.795180817E0,9.876728201E0
6.882703792E0,1.252894592E0,5.673202515E-2,9.781409454E0,9.861487428E0
6.892735792E0,1.255888367E0,5.628295898E-2,9.805808716E0,9.886066353E0
6.902766792E0,1.253643036E0,7.170089722E-2,9.812694397E0,9.892711115E0
6.912798792E0,1.246907043E0,5.553451538E-2,9.812544708E0,9.891607297E0
6.922829792E0,1.259031830E0,6.301895142E-2,9.800120544E0,9.880865105E0
6.932862000E0,1.270108795E0,5.224136353E-2,9.804311829E0,9.886376280E0
6.942893000E0,1.280736694E0,5.059478760E-2,9.811496887E0,9.894863187E0
6.952925000E0,1.281036072E0,5.149291992E-2,9.791737976E0,9.875314553E0
6.962956000E0,1.291514282E0,5.478607178E-2,9.780211945E0,9.865270211E0
6.972988000E0,1.280137939E0,3.592529297E-2,9.794282684E0,9.877652407E0
6.983019000E0,1.295855255E0,3.113525391E-2,9.804461517E0,9.889776332E0
6.993051000E0,1.290915527E0,3.802093506E-2,9.786498871E0,9.871345837E0
7.003082000E0,1.271156616E0,4.685256958E-2,9.738598480E0,9.821320414E0
7.013114000E0,1.252894592E0,5.658233643E-2,9.747879181E0,9.828229492E0
7.023145000E0,1.270108795E0,4.849914551E-2,9.787546692E0,9.869731443E0
7.033177000E0,1.279838562E0,6.227050781E-2,9.820627899E0,9.903867764E0
7.043208000E0,1.283281403E0,8.158035278E-2,9.806557159E0,9.890502001E0
7.053240000E0,1.274449768E0,1.080752563E-1,9.772278442E0,9.855624203E0
7.063271000E0,1.249751129E0,1.092727661E-1,9.760752411E0,9.841041919E0
7.073303000E0,1.242266693E0,1.076261902E-1,9.789642334E0,9.868733807E0
7.083334000E0,1.242865448E0,9.924362183E-2,9.796228638E0,9.875254900E0
7.093366000E0,1.209784241E0,1.308279419E-1,9.697583771E0,9.773629052E0
7.103397000E0,1.193617859E0,1.320254517E-1,9.720635834E0,9.794534972E0
7.113429000E0,1.235231323E0,1.013392639E-1,9.899813232E0,9.977092167E0
7.123460000E0,1.302740936E0,1.170565796E-1,9.888137512E0,9.974271886E0
7.133492000E0,1.332079926E0,1.097218323E-1,9.870623932E0,9.960707435E0
7.143523000E0,1.307231598E0,9.415420532E-2,9.755812683E0,9.843454707E0
7.153555000E0,1.254241791E0,2.918930054E-2,9.743538208E0,9.823976349E0
7.163586000E0,1.242566071E0,-6.855743408E-2,9.812095642E0,9.890697218E0
7.173618000E0,1.307530975E0,-1.249900818E-1,9.915380859E0,1.000200167E1
7.183649000E0,1.349593506E0,-1.266366577E-1,9.941426697E0,1.003341439E1
7.193681000E0,1.338067474E0,-7.559280396E-2,9.861193542E0,9.951847915E0
7.203712000E0,1.278790741E0,-2.125579834E-2,9.745184784E0,9.828752924E0
7.213744000E0,1.259480896E0,2.709365845E-2,9.693691864E0,9.775207831E0
7.223775000E0,1.272803192E0,7.185058594E-2,9.713151398E0,9.796453468E0
7.233807000E0,1.290167084E0,9.370513916E-2,9.758956146E0,9.844314949E0
7.243838000E0,1.301543427E0,9.280700684E-2,9.784852295E0,9.871472173E0
7.253870000E0,1.312620392E0,7.664062500E-2,9.834548950E0,9.922056195E0
7.263901000E0,1.325643311E0,6.286926270E-2,9.864486694E0,9.953360260E0
7.273933000E0,1.309626617E0,3.876937866E-2,9.857151947E0,9.943845808E0
7.283964000E0,1.290167084E0,3.248245239E-2,9.823771362E0,9.908181972E0
7.293996000E0,1.265019379E0,4.221221924E-2,9.784852295E0,9.866376758E0
7.304027000E0,1.255439301E0,3.517684937E-2,9.758058014E0,9.838549764E0
7.314059000E0,1.255588989E0,3.562591553E-2,9.762249298E0,9.842727481E0
7.324090000E0,1.246008911E0,1.960922241E-2,9.776769104E0,9.855868142E0
7.334122000E0,1.249601440E0,1.901046753E-2,9.790241089E0,9.869685189E0
7.344153000E0,1.273851013E0,-4.490661621E-3,9.805509338E0,9.887908270E0
7.354185000E0,1.296603699E0,-1.811233521E-2,9.832303619E0,9.917444412E0
7.364216000E0,1.321002960E0,-1.362167358E-2,9.860445099E0,9.948548232E0
7.374248000E0,1.354982300E0,-2.514770508E-2,9.841734009E0,9.934603049E0
7.384279000E0,1.357976074E0,-2.080673218E-2,9.838141479E0,9.931442982E0
7.394311000E0,1.359023895E0,-1.676513672E-2,9.824220428E0,9.917788768E0
7.404342000E0,1.330133972E0,5.987548828E-4,9.756112061E0,9.846368837E0
7.414374000E0,1.282832336E0,8.981323242E-3,9.756261749E0,9.840243025E0
7.424405000E0,1.258433075E0,5.388793945E-3,9.759554901E0,9.840355416E0
7.434437000E0,1.258133698E0,2.005828857E-2,9.736951904E0,9.817919083E0
7.444468000E0,1.277144165E0,-2.395019531E-2,9.787995758E0,9.870994468E0
7.454500000E0,1.336570587E0,-6.900650024E-2,9.852212219E0,9.942699253E0
7.464531000E0,1.357676697E0,-6.107299805E-2,9.836644592E0,9.930085234E0
7.474563000E0,1.295705566E0,-5.763015747E-2,9.798324280E0,9.883791420E0
7.484594000E0,1.297801208E0,-2.110610962E-2,9.778116302E0,9.863888273E0
7.494626000E0,1.307530975E0,1.152603149E-2,9.720186768E0,9.807741886E0
7.504657000E0,1.302291870E0,4.161346436E-2,9.686656494E0,9.773894302E0
7.514689000E0,1.295406189E0,4.550537109E-2,9.708511047E0,9.794658477E0
7.524720000E0,1.293460236E0,2.933898926E-2,9.765841827E0,9.851170832E0
7.534752000E0,1.309776306E0,-1.796264648E-3,9.857900391E0,9.944532031E0
7.544783000E0,1.329834595E0,-1.002914429E-2,9.893825684E0,9.982802577E0
7.554815000E0,1.332079926E0,-1.451980591E-2,9.854756927E0,9.944389466E0
7.564846000E0,1.304986267E0,-2.888992310E-2,9.838740234E0,9.924950034E0
7.574878000E0,1.270258484E0,-4.251159668E-2,9.819580078E0,9.901490633E0
7.584909000E0,1.274898834E0,-4.011657715E-2,9.808952179E0,9.891537758E0
7.594941000E0,1.277144165E0,-3.742218018E-2,9.775721283E0,9.858865261E0
7.604972000E0,1.260229340E0,-2.829116821E-2,9.736353149E0,9.817614325E0
7.615004000E0,1.270557861E0,-5.508544922E-2,9.740993500E0,9.823660522E0
7.625035000E0,1.266665955E0,-5.508544922E-2,9.758058014E0,9.840079941E0
7.635067000E0,1.275048523E0,-5.328918457E-2,9.781858521E0,9.864752637E0
7.645099000E0,1.279838562E0,-5.733078003E-2,9.773026886E0,9.856638782E0
7.655130000E0,1.290316772E0,-6.227050781E-2,9.777218170E0,9.862189926E0
7.665162000E0,1.306333466E0,-6.750961304E-2,9.774673462E0,9.861810481E0
7.675193000E0,1.280287628E0,-5.313949585E-2,9.779164124E0,9.862758801E0
7.685225000E0,1.288370819E0,-3.727249146E-2,9.762099609E0,9.846820674E0
7.695256000E0,1.301244049E0,-2.424957275E-2,9.771829376E0,9.858117136E0
7.705288000E0,1.290915527E0,-1.646575928E-2,9.777816925E0,9.862679040E0
7.715319000E0,1.292113037E0,-1.451980591E-2,9.784103851E0,9.869065564E0
7.725351000E0,1.284478912E0,-8.083190918E-3,9.809401245E0,9.893144303E0
7.735382000E0,1.295406189E0,-2.095642090E-2,9.828262024E0,9.913286578E0
7.745414000E0,1.311422882E0,-1.167572021E-2,9.807006226E0,9.894308334E0
7.755445000E0,1.316512299E0,8.981323242E-4,9.788744202E0,9.876877973E0
7.765477000E0,1.302142181E0,-1.347198486E-3,9.757908325E0,9.844407090E0
7.775508000E0,1.290915527E0,-2.125579834E-2,9.776170349E0,9.861055796E0
7.785540000E0,1.311722260E0,-1.856140137E-2,9.815089417E0,9.902370427E0
7.795571000E0,1.338516541E0,-2.649490356E-2,9.817634125E0,9.908494755E0
7.805603000E0,1.333277435E0,-3.338058472E-2,9.796528015E0,9.886895576E0
7.815634000E0,1.337468719E0,-3.547622681E-2,9.789792023E0,9.880794957E0
7.825666000E0,1.314566345E0,-4.236190796E-2,9.761800232E0,9.850006242E0
7.835697000E0,1.272952881E0,-5.867797852E-2,9.766141205E0,9.848927159E0
7.845729000E0,1.262324982E0,-7.454498291E-2,9.782756653E0,9.864144618E0
7.855760000E0,1.266965332E0,-6.406677246E-2,9.765692139E0,9.847743328E0
7.865792000E0,1.252894592E0,-5.059478760E-2,9.694889374E0,9.775642417E0
7.875823000E0,1.238374786E0,-5.044509888E-2,9.676178284E0,9.755231571E0
7.885855000E0,1.262624359E0,-1.050814819E-1,9.804910583E0,9.886431810E0
7.895886000E0,1.328188019E0,-1.472937012E-1,9.872719574E0,9.962749150E0
7.905918000E0,1.369053040E0,-1.305285645E-1,9.835896149E0,9.931575755E0
7.915949000E0,1.353784790E0,-1.459465027E-1,9.811646576E0,9.905677270E0
7.925981000E0,1.314566345E0,-1.145118713E-1,9.761051788E0,9.849839068E0
7.936011875E0,1.287622375E0,-8.053253174E-2,9.726922760E0,9.812109011E0
7.946043875E0,1.267264709E0,-6.137237549E-2,9.752519531E0,9.834702010E0
7.956074875E0,1.271905060E0,3.742218018E-3,9.773326263E0,9.855742627E0
7.966106875E0,1.290466461E0,5.448669434E-2,9.767338715E0,9.852369159E0
7.976137875E0,1.299148407E0,8.442443848E-2,9.759105835E0,9.845560460E0
7.986169875E0,1.315763855E0,8.831634521E-2,9.761800232E0,9.850470957E0
7.996200875E0,1.333726501E0,7.214996338E-2,9.807455292E0,9.897990266E0
8.006232875E0,1.330433350E0,1.960922241E-2,9.859546967E0,9.948924756E0
8.016263875E0,1.302890625E0,-8.681945801E-3,9.879904633E0,9.965446046E0
8.026295875E0,1.278790741E0,-5.104385376E-2,9.845176849E0,9.928011806E0
8.036326875E0,1.278341675E0,-8.681945801E-2,9.823471985E0,9.906679408E0
8.046358875E0,1.272354126E0,-1.002914429E-1,9.800120544E0,9.882879443E0
8.056389875E0,1.285975800E0,-1.222956848E-1,9.744885406E0,9.830131310E0
8.066421875E0,1.289568329E0,-1.130149841E-1,9.697883148E0,9.783899857E0
8.076452875E0,1.278940430E0,-1.115180969E-1,9.692943420E0,9.777590555E0
8.086484875E0,1.282682648E0,-1.158590698E-1,9.711055756E0,9.796086055E0
8.096515875E0,1.281784515E0,-1.218466187E-1,9.725725250E0,9.810583560E0
8.106547875E0,1.286125488E0,-1.215472412E-1,9.750573578E0,9.835780477E0
8.116578875E0,1.288370819E0,-1.109193420E-1,9.770482178E0,9.855684880E0
8.126610875E0,1.294508057E0,-1.077758789E-1,9.769733734E0,9.855712252E0
8.136641875E0,1.288969574E0,-8.951385498E-2,9.795779572E0,9.880625117E0
8.146673875E0,1.280886383E0,-7.738906860E-2,9.814191284E0,9.897727495E0
8.156704875E0,1.274898834E0,-3.158432007E-2,9.739496613E0,9.822635027E0
8.166736875E0,1.259031830E0,-1.496887207E-4,9.784702606E0,9.865372079E0
8.176767875E0,1.259480896E0,7.634124756E-3,9.854607239E0,9.934768957E0
8.186799875E0,1.265767822E0,4.370910645E-2,9.797575836E0,9.879097678E0
8.196830875E0,1.277593231E0,1.466949463E-2,9.779463501E0,9.862574006E0
8.206862875E0,1.276994476E0,2.020797729E-2,9.762997742E0,9.846179369E0
8.216893875E0,1.273551636E0,8.831634521E-3,9.748927002E0,9.831764310E0
8.226925875E0,1.272354126E0,-1.691482544E-2,9.793683929E0,9.876002027E0
8.236956875E0,1.310674438E0,-7.424560547E-2,9.867480469E0,9.954423675E0
8.246988875E0,1.357826385E0,-6.945556641E-2,9.879156189E0,9.972273741E0
8.257019875E0,1.383273468E0,-7.559280396E-2,9.813293152E0,9.910594445E0
8.267051875E0,1.365310822E0,-5.867797852E-2,9.775571594E0,9.870628994E0
8.277082875E0,1.338965607E0,-3.323089600E-2,9.748777313E0,9.840355293E0
8.287114875E0,1.295106812E0,-4.490661621E-3,9.707463226E0,9.793475589E0
8.297145875E0,1.243613892E0,3.592529297E-3,9.737850037E0,9.816940040E0
8.307177875E0,1.274300079E0,-1.167572021E-2,9.782756653E0,9.865409507E0
8.317208875E0,1.296603699E0,-5.388793945E-3,9.772278442E0,9.857922507E0
8.327240875E0,1.293609924E0,-3.293151855E-3,9.731712799E0,9.817314882E0
8.337271875E0,1.266067200E0,-4.385879517E-2,9.762398987E0,9.844251303E0
8.347303875E0,1.256936188E0,-4.251159668E-2,9.806856537E0,9.887170017E0
8.357334875E0,1.259331207E0,-4.565505981E-2,9.807604980E0,9.888231132E0
8.367366875E0,1.252744904E0,-4.864883423E-2,9.783505096E0,9.863503864E0
8.377397875E0,1.225202179E0,-3.188369751E-2,9.751022644E0,9.827745395E0
8.387429875E0,1.243913269E0,-3.712280273E-2,9.776320038E0,9.855208359E0
8.397460875E0,1.256337433E0,-1.811233521E-2,9.799521790E0,9.879743879E0
8.407492875E0,1.301842804E0,-1.556762695E-2,9.793534241E0,9.879693819E0
8.417523875E0,1.295705566E0,-1.047821045E-3,9.808802490E0,9.894011335E0
8.427555875E0,1.298250275E0,1.137634277E-2,9.812395020E0,9.897912872E0
8.437586875E0,1.312171326E0,1.092727661E-2,9.797875214E0,9.885356427E0
8.447618875E0,1.304686890E0,1.437011719E-2,9.793534241E0,9.880067171E0
8.457649875E0,1.285975800E0,2.305206299E-2,9.799372101E0,9.883418372E0
8.467681875E0,1.270108795E0,3.577560425E-2,9.799521790E0,9.881552689E0
8.477712875E0,1.278042297E0,4.086502075E-2,9.796528015E0,9.879626674E0
8.487744875E0,1.267414398E0,3.682342529E-2,9.783654785E0,9.865474959E0
8.497775875E0,1.266965332E0,2.694396973E-2,9.791737976E0,9.873401629E0
8.507807875E0,1.274898834E0,2.679428101E-2,9.801617432E0,9.884219203E0
8.517838875E0,1.281335449E0,1.257385254E-2,9.776320038E0,9.859939762E0
8.527870875E0,1.275198212E0,2.948867798E-2,9.735305328E0,9.818511593E0
8.537901875E0,1.275497589E0,2.305206299E-2,9.733059998E0,9.816306964E0
8.547933875E0,1.285676422E0,3.592529297E-3,9.763446808E0,9.847734274E0
8.557964875E0,1.325044556E0,-2.544708252E-3,9.815089417E0,9.904126908E0
8.567996875E0,1.347048798E0,9.430389404E-3,9.809550934E0,9.901611935E0
8.578027875E0,1.335073700E0,2.799179077E-2,9.768087158E0,9.858941731E0
8.588059875E0,1.304237823E0,2.439926147E-2,9.748477936E0,9.835367491E0
8.598090875E0,1.281036072E0,2.769241333E-2,9.779613190E0,9.863196968E0
8.608122875E0,1.304088135E0,2.080673218E-2,9.787247314E0,9.873767709E0
8.618154875E0,1.280287628E0,4.460723877E-2,9.702224121E0,9.786433421E0
8.628185875E0,1.255738678E0,4.655319214E-2,9.675130463E0,9.756392586E0
8.638216875E0,1.298998718E0,9.879455566E-3,9.833800507E0,9.919230196E0
8.648248875E0,1.382824402E0,-2.993774414E-3,9.902657318E0,9.998741633E0
8.658280875E0,1.417402496E0,9.729766846E-3,9.889335022E0,9.990398975E0
8.668311875E0,1.355581055E0,1.137634277E-2,9.774074707E0,9.867637296E0
8.678343875E0,1.258433075E0,2.454895020E-2,9.695787506E0,9.777144359E0
8.688374875E0,1.218316498E0,-2.963836670E-2,9.738149414E0,9.814108596E0
8.698406875E0,1.256038055E0,-5.194198608E-2,9.807455292E0,9.887694821E0
8.708437875E0,1.314566345E0,-5.298980713E-2,9.844727783E0,9.932248372E0
8.718469875E0,1.326541443E0,-1.107696533E-2,9.815837860E0,9.905074851E0
8.728500875E0,1.292113037E0,3.951782227E-2,9.763446808E0,9.848655306E0
8.738532875E0,1.260828094E0,8.277786255E-2,9.735604706E0,9.817257185E0
8.748563875E0,1.250499573E0,9.939331055E-2,9.750124512E0,9.830491148E0
8.758595875E0,1.275497589E0,1.273851013E-1,9.789342957E0,9.872910239E0
8.768626875E0,1.312919769E0,1.312770081E-1,9.814939728E0,9.903233504E0
8.778658875E0,1.304686890E0,1.481918335E-1,9.815688171E0,9.903125919E0
8.788689875E0,1.287472687E0,1.312770081E-1,9.829010468E0,9.913842158E0
8.798721875E0,1.286275177E0,1.091230774E-1,9.826615448E0,9.911043479E0
8.808752875E0,1.260977783E0,9.145980835E-2,9.804162140E0,9.885343956E0
8.818784875E0,1.256187744E0,7.304809570E-2,9.782457275E0,9.863052977E0
8.828815875E0,1.288819885E0,4.236190796E-2,9.762398987E0,9.847196820E0
8.838847875E0,1.281634827E0,3.442840576E-2,9.745633850E0,9.829605907E0
8.848878875E0,1.290017395E0,2.230361938E-2,9.757608948E0,9.842539038E0
8.858910875E0,1.298100586E0,1.197509766E-3,9.786947937E0,9.872660051E0
8.868941875E0,1.315015411E0,8.083190918E-3,9.798174591E0,9.886028332E0
8.878973875E0,1.306333466E0,1.736389160E-2,9.798923035E0,9.885631051E0
8.889004875E0,1.292262726E0,1.182540894E-2,9.804012451E0,9.888819087E0
8.899036875E0,1.290167084E0,3.128494263E-2,9.791588287E0,9.876270098E0
8.909067875E0,1.284179535E0,4.490661621E-2,9.793234863E0,9.877174837E0
8.919099875E0,1.292711792E0,5.568420410E-2,9.795330505E0,9.880420245E0
8.929131250E0,1.278790741E0,7.843688965E-2,9.802365875E0,9.885738964E0
8.939163250E0,1.272653503E0,1.041833496E-1,9.736652527E0,9.820025638E0
8.949194250E0,1.229243774E0,1.110690308E-1,9.782906342E0,9.860458056E0
8.959226250E0,1.218765564E0,1.365161133E-1,9.747280426E0,9.824128554E0
8.969257250E0,1.240919495E0,1.333726501E-1,9.761949921E0,9.841409234E0
8.979289250E0,1.295855255E0,1.029858398E-1,9.817484436E0,9.903173611E0
8.989320250E0,1.334325256E0,8.562194824E-2,9.834249573E0,9.924727687E0
8.999352250E0,1.310824127E0,7.634124756E-2,9.802814941E0,9.890362413E0
9.009383250E0,1.268462219E0,6.481521606E-2,9.802665253E0,9.884606389E0
9.019415250E0,1.261127472E0,8.846603394E-2,9.794731750E0,9.875982928E0
9.029446250E0,1.286125488E0,1.025367737E-1,9.812844086E0,9.897299713E0
9.039478250E0,1.316362610E0,1.306782532E-1,9.779164124E0,9.868228731E0
9.049509250E0,1.306034088E0,1.586700439E-1,9.757608948E0,9.845904407E0
9.059541250E0,1.283730469E0,1.486408997E-1,9.762099609E0,9.847265956E0
9.069572250E0,1.266366577E0,1.489402771E-1,9.785451050E0,9.868177125E0
9.079604250E0,1.276994476E0,1.175056458E-1,9.816137238E0,9.899549118E0
9.089635250E0,1.296304321E0,6.885681152E-2,9.851763153E0,9.936920216E0
9.099667250E0,1.316512299E0,2.260299683E-2,9.859546967E0,9.947079064E0
9.109698250E0,1.322350159E0,-1.197509766E-3,9.863289185E0,9.951536812E0
9.119730250E0,1.321751404E0,-3.412902832E-2,9.838141479E0,9.926591527E0
9.129761250E0,1.282532959E0,-4.745132446E-2,9.828711090E0,9.912149318E0
9.139793250E0,1.251547394E0,-5.957611084E-2,9.763147430E0,9.843219389E0
9.149824250E0,1.238374786E0,-5.508544922E-2,9.743089142E0,9.821628813E0
9.159856250E0,1.241967316E0,-7.289840698E-2,9.770482178E0,9.849371502E0
9.169887250E0,1.262175293E0,-6.646179199E-2,9.800569611E0,9.881734075E0
9.179919250E0,1.279090118E0,-4.864883423E-2,9.796378326E0,9.879649111E0
9.189950250E0,1.288819885E0,-4.370910645E-2,9.795480194E0,9.879999970E0
9.199982250E0,1.291214905E0,-2.320175171E-2,9.784852295E0,9.869706616E0
9.210013250E0,1.280137939E0,-1.197509766E-3,9.785750427E0,9.869126912E0
9.220045250E0,1.281485138E0,6.436614990E-3,9.797725525E0,9.881177615E0
9.230076250E0,1.275347900E0,3.143463135E-2,9.786947937E0,9.869744187E0
9.240108250E0,1.267863464E0,4.999603271E-2,9.791588287E0,9.873458288E0
9.250139250E0,1.261277161E0,6.227050781E-2,9.790839844E0,9.871942187E0
9.260171250E0,1.261726227E0,6.691085815E-2,9.811347198E0,9.892368977E0
9.270202250E0,1.267564087E0,4.595443726E-2,9.833650818E0,9.915115679E0
9.280234250E0,1.287023621E0,3.996688843E-2,9.843230896E0,9.927095327E0
9.290265250E0,1.304986267E0,1.751358032E-2,9.848020935E0,9.934123626E0
9.300297250E0,1.316961365E0,-1.646575928E-3,9.846524048E0,9.934204838E0
9.310328250E0,1.326691132E0,-1.571731567E-2,9.833052063E0,9.922160514E0
9.320360250E0,1.324296112E0,-3.592529297E-2,9.806557159E0,9.895636116E0
9.330391250E0,1.302142181E0,-5.254074097E-2,9.786798248E0,9.873183617E0
9.340423250E0,1.307231598E0,-6.167175293E-2,9.758956146E0,9.846313164E0
9.350454250E0,1.322649536E0,-5.643264771E-2,9.782157898E0,9.871332209E0
9.360486250E0,1.330433350E0,-7.783813477E-2,9.765991516E0,9.856505566E0
9.370517250E0,1.331032104E0,-7.140151978E-2,9.778565369E0,9.868996165E0
9.380549250E0,1.325643311E0,-7.155120850E-2,9.765093384E0,9.854922555E0
9.390580250E0,1.335822144E0,-8.217910767E-2,9.767638092E0,9.858900958E0
9.400612250E0,1.319356384E0,-7.843688965E-2,9.781858521E0,9.870745146E0
9.410643250E0,1.313967590E0,-4.475692749E-2,9.737101593E0,9.825459859E0
9.420675250E0,1.280736694E0,-2.918930054E-2,9.738299103E0,9.822199749E0
9.430706250E0,1.279539185E0,-3.682342529E-2,9.754914551E0,9.838543306E0
9.440738250E0,1.292113037E0,-2.649490356E-2,9.804611206E0,9.889421570E0
9.450769250E0,1.299597473E0,-7.185058594E-3,9.817933502E0,9.903576297E0
9.460801250E0,1.285975800E0,1.077758789E-2,9.816137238E0,9.900020211E0
9.470832250E0,1.278790741E0,2.380050659E-2,9.784702606E0,9.867941899E0
9.480864250E0,1.248403931E0,2.514770508E-2,9.774224396E0,9.853659590E0
9.490895250E0,1.228195953E0,-1.032852173E-2,9.808952179E0,9.885550811E0
9.500927250E0,1.239572296E0,-2.529739380E-2,9.832902374E0,9.910759231E0
9.510958250E0,1.236728210E0,-1.437011719E-2,9.803264008E0,9.880976084E0
9.520990250E0,1.230740662E0,-1.451980591E-2,9.710307312E0,9.788002937E0
9.531021250E0,1.228645020E0,-1.137634277E-2,9.751920776E0,9.829021153E0
9.541053250E0,1.290167084E0,-9.610015869E-2,9.862690430E0,9.947181956E0
9.551084250E0,1.381626892E0,-1.125659180E-1,9.876162415E0,9.972970871E0
9.561116250E0,1.408570862E0,-1.383123779E-1,9.816436615E0,9.917944848E0
9.571147250E0,1.358574829E0,-1.434017944E-1,9.776769104E0,9.871752821E0
9.581179250E0,1.301244049E0,-1.194515991E-1,9.740544434E0,9.827802940E0
9.591210250E0,1.305135956E0,-1.092727661E-1,9.752669220E0,9.840217341E0
9.601242250E0,1.296903076E0,-5.852828979E-2,9.790839844E0,9.876534210E0
9.611273250E0,1.286125488E0,1.002914429E-2,9.733658752E0,9.818265227E0
9.621305250E0,1.287622375E0,6.122268677E-2,9.690847778E0,9.776208379E0
9.631336250E0,1.287023621E0,7.125183105E-2,9.707463226E0,9.792668120E0
9.641368250E0,1.309925995E0,3.517684937E-2,9.750573578E0,9.838233003E0
9.651399250E0,1.337169342E0,1.871109009E-2,9.828561401E0,9.919122500E0
9.661431250E0,1.338666229E0,-3.143463135E-3,9.889634399E0,9.979824934E0
9.671462250E0,1.342707825E0,-3.023712158E-2,9.892777863E0,9.983528055E0
9.681494250E0,1.322499847E0,-6.107299805E-2,9.858499146E0,9.946996590E0
9.691525250E0,1.309476929E0,-7.918533325E-2,9.851014709E0,9.937982237E0
9.701557250E0,1.320703583E0,-8.502319336E-2,9.794881439E0,9.883885334E0
9.711588250E0,1.318458252E0,-7.185058594E-2,9.740394745E0,9.829485462E0
9.721620250E0,1.311572571E0,-6.885681152E-2,9.719288635E0,9.807626392E0
9.731651250E0,1.288819885E0,-7.140151978E-2,9.732610931E0,9.817834304E0
9.741683250E0,1.274449768E0,-7.484436035E-2,9.766889648E0,9.849972451E0
9.751714250E0,1.285377045E0,-9.041198730E-2,9.796827393E0,9.881204149E0
9.761746250E0,1.318158875E0,-9.999206543E-2,9.819879456E0,9.908459706E0
9.771777250E0,1.328337708E0,-1.215472412E-1,9.803862762E0,9.894189197E0
9.781809250E0,1.309626617E0,-9.804611206E-2,9.806706848E0,9.894252580E0
9.791840250E0,1.313368835E0,-9.520202637E-2,9.804910583E0,9.892940547E0
9.801872250E0,1.297950897E0,-7.574249268E-2,9.807155914E0,9.892963185E0
9.811903250E0,1.275198212E0,-3.068618774E-2,9.720037079E0,9.803376609E0
9.821935250E0,1.260079651E0,-2.050735474E-2,9.798024902E0,9.878740470E0
9.831966250E0,1.272503815E0,3.143463135E-3,9.831106110E0,9.913118741E0
9.841998250E0,1.298250275E0,3.218307495E-2,9.760602722E0,9.846616425E0
9.852029250E0,1.301244049E0,-6.586303711E-3,9.743538208E0,9.830046605E0
9.862061250E0,1.290017395E0,-1.407073975E-2,9.746232605E0,9.831245743E0
9.872092250E0,1.276545410E0,-2.918930054E-2,9.754914551E0,9.838128790E0
9.882124250E0,1.284927979E0,-7.738906860E-2,9.803862762E0,9.888010621E0
9.892155250E0,1.330283661E0,-1.115180969E-1,9.875563660E0,9.965382506E0
9.902187250E0,1.381776581E0,-9.520202637E-2,9.850715332E0,9.947610894E0
9.912218250E0,1.386416931E0,-8.173004150E-2,9.804910583E0,9.902782602E0
9.922250250E0,1.357826385E0,-6.795867920E-2,9.754465485E0,9.848751584E0
9.932280625E0,1.318757629E0,-6.256988525E-2,9.723479919E0,9.812700873E0
9.942312625E0,1.293909302E0,-6.212081909E-2,9.721983032E0,9.807905707E0
9.952343625E0,1.288370819E0,-4.805007935E-2,9.734257507E0,9.819265624E0
9.962375625E0,1.303639069E0,-6.466552734E-2,9.775870972E0,9.862621847E0
9.972406625E0,1.316811676E0,-8.622070312E-2,9.758207703E0,9.847032272E0
9.982438625E0,1.309476929E0,-1.184037781E-1,9.755962372E0,9.844163300E0
9.992469625E0,1.301393738E0,-1.207987976E-1,9.764045563E0,9.851132106E0
1.000250162E1,1.274898834E0,-1.294807434E-1,9.782906342E0,9.866478034E0
1.001253262E1,1.266516266E0,-1.330732727E-1,9.775870972E0,9.858469719E0
1.002256463E1,1.259331207E0,-1.341210938E-1,9.760752411E0,9.842570355E0
1.003259562E1,1.243913269E0,-1.097218323E-1,9.746981049E0,9.826647377E0
1.004262762E1,1.234931946E0,-1.148112488E-1,9.747130737E0,9.825721151E0
1.005265963E1,1.257085876E0,-9.220825195E-2,9.750573578E0,9.831706483E0
1.006269063E1,1.258283386E0,-7.903564453E-2,9.745783539E0,9.826994479E0
1.007272262E1,1.269659729E0,-8.307723999E-2,9.756261749E0,9.838881084E0
1.008275362E1,1.276994476E0,-8.023315430E-2,9.778864746E0,9.862218208E0
1.009278463E1,1.272503815E0,-7.604187012E-2,9.792636108E0,9.875260517E0
1.010281662E1,1.264121246E0,-5.822891235E-2,9.789941711E0,9.871390573E0
1.011284762E1,1.280886383E0,-4.131408691E-2,9.798024902E0,9.881481102E0
1.012287963E1,1.283281403E0,-3.397933960E-2,9.799372101E0,9.883099682E0
1.013291162E1,1.287622375E0,-1.856140137E-2,9.785151672E0,9.869524262E0
1.014294262E1,1.288969574E0,-2.409988403E-2,9.783056030E0,9.867634400E0
1.015297362E1,1.290167084E0,-3.038681030E-2,9.782906342E0,9.867659852E0
1.016300563E1,1.290466461E0,-5.104385376E-2,9.792935486E0,9.877727198E0
1.017303762E1,1.304537201E0,-6.062393188E-2,9.803264008E0,9.889867429E0
1.018306862E1,1.321452026E0,-8.337661743E-2,9.773326263E0,9.862610880E0
1.019310063E1,1.324745178E0,-8.128097534E-2,9.761800232E0,9.851614089E0
1.020313163E1,1.307530975E0,-1.164578247E-1,9.756710815E0,9.844623183E0
1.021316362E1,1.328936462E0,-1.297801208E-1,9.789043579E0,9.879690744E0
1.022319462E1,1.343156891E0,-1.468446350E-1,9.823172607E0,9.915662048E0
1.023322663E1,1.338516541E0,-1.212478638E-1,9.804910583E0,9.896595330E0
1.024325762E1,1.329235840E0,-1.010398865E-1,9.774972839E0,9.865453410E0
1.025328962E1,1.291364594E0,-8.322692871E-2,9.745334473E0,9.830874489E0
1.026332063E1,1.264270935E0,-7.828720093E-2,9.754166107E0,9.836069659E0
1.027335263E1,1.255439301E0,-9.355545044E-2,9.781708832E0,9.862388561E0
1.028338362E1,1.265468445E0,-6.975494385E-2,9.745933228E0,9.827995249E0
1.029341562E1,1.247805176E0,-5.194198608E-2,9.661059723E0,9.741447053E0
1.030344663E1,1.248553619E0,-5.254074097E-2,9.777068481E0,9.856607670E0
1.031347862E1,1.330882416E0,-7.259902954E-2,9.909093933E0,9.998332921E0
1.032350962E1,1.392105103E0,-7.738906860E-2,9.915231171E0,1.001277958E1
1.033354163E1,1.372795258E0,-5.463638306E-2,9.812245331E0,9.907961969E0
1.034357263E1,1.274000702E0,-8.202941895E-2,9.757010193E0,9.840175533E0
1.035360462E1,1.229543152E0,-1.215472412E-1,9.753567352E0,9.831511897E0
1.036363562E1,1.248553619E0,-1.330732727E-1,9.786648560E0,9.866868027E0
1.037366763E1,1.324296112E0,-1.175056458E-1,9.834399261E0,9.923858957E0
1.038369863E1,1.368154907E0,-6.676116943E-2,9.840536499E0,9.935414611E0
1.039373062E1,1.359323273E0,-2.499801636E-2,9.805509338E0,9.899313009E0
1.040376162E1,1.328936462E0,1.242416382E-2,9.769434357E0,9.859415507E0
1.041379363E1,1.339564362E0,4.715194702E-2,9.753118286E0,9.844794172E0
1.042382462E1,1.330133972E0,4.715194702E-2,9.776469727E0,9.866652928E0
1.043385662E1,1.349892883E0,3.338058472E-2,9.807006226E0,9.899530098E0
1.044388763E1,1.335822144E0,6.586303711E-3,9.821975098E0,9.912399255E0
1.045391963E1,1.323847046E0,-0.000000000E0,9.823921051E0,9.912718891E0
1.046395062E1,1.310824127E0,-2.350112915E-2,9.798024902E0,9.885347955E0
1.047398263E1,1.279988251E0,-4.400848389E-2,9.786199493E0,9.869650814E0
1.048401363E1,1.288819885E0,-7.200027466E-2,9.759854279E0,9.844846178E0
1.049404562E1,1.302441559E0,-7.559280396E-2,9.756261749E0,9.843104775E0
1.050407662E1,1.306932220E0,-8.472381592E-2,9.744735718E0,9.832350897E0
1.051410863E1,1.318458252E0,-8.158035278E-2,9.754315796E0,9.843356346E0
1.052413963E1,1.308728485E0,-7.918533325E-2,9.774823151E0,9.862363215E0
1.053417162E1,1.306483154E0,-9.565109253E-2,9.784253540E0,9.871558372E0
1.054420262E1,1.312770081E0,-8.622070312E-2,9.794582062E0,9.882542034E0
1.055423463E1,1.302441559E0,-6.735992432E-2,9.788295135E0,9.874796860E0
1.056426562E1,1.313219147E0,-5.059478760E-2,9.773775330E0,9.861733547E0
1.057429762E1,1.300495605E0,-3.577560425E-2,9.797276459E0,9.883278541E0
1.058432863E1,1.314865723E0,-1.496887207E-2,9.801168365E0,9.888983632E0
1.059436063E1,1.310375061E0,1.646575928E-3,9.785600739E0,9.872946233E0
1.060439162E1,1.306782532E0,3.532653809E-2,9.748627625E0,9.835886798E0
1.061442362E1,1.293609924E0,2.769241333E-2,9.839638367E0,9.924347671E0
1.062445463E1,1.270408173E0,3.936813354E-2,9.807006226E0,9.889027145E0
1.063448662E1,1.272204437E0,5.478607178E-2,9.724976807E0,9.807990596E0
1.064451762E1,1.264570312E0,2.844085693E-2,9.734556885E0,9.816391633E0
1.065454963E1,1.292562103E0,-2.574645996E-2,9.809251556E0,9.894078824E0
1.066458063E1,1.307231598E0,-4.715194702E-2,9.844877472E0,9.931399206E0
1.067461262E1,1.301693115E0,-6.661148071E-2,9.838889923E0,9.924847453E0
1.068464362E1,1.293460236E0,-7.798782349E-2,9.818382568E0,9.903522492E0
1.069467563E1,1.314416656E0,-6.691085815E-2,9.797276459E0,9.885281696E0
1.070470663E1,1.337917786E0,-4.131408691E-2,9.792785797E0,9.883844623E0
1.071473862E1,1.335223389E0,-1.496887207E-2,9.777966614E0,9.868722139E0
1.072476962E1,1.320104828E0,7.933502197E-3,9.740993500E0,9.830040390E0
1.073480163E1,1.299148407E0,8.681945801E-3,9.748178558E0,9.834370705E0
1.074483262E1,1.299298096E0,1.481918335E-2,9.782457275E0,9.868377045E0
1.075486462E1,1.322799225E0,1.257385254E-2,9.804012451E0,9.892856819E0
1.076489563E1,1.332978058E0,-6.137237549E-3,9.799372101E0,9.889618887E0
1.077492763E1,1.345851288E0,-2.903961182E-2,9.802665253E0,9.894665484E0
1.078495862E1,1.330583038E0,-2.095642090E-2,9.814340973E0,9.904149591E0
1.079499062E1,1.298699341E0,-3.817062378E-2,9.791139221E0,9.876967360E0
1.080502163E1,1.272354126E0,-2.769241333E-2,9.745933228E0,9.828675718E0
1.081505362E1,1.252445526E0,-1.841171265E-2,9.738149414E0,9.818376281E0
1.082508462E1,1.260229340E0,-4.056564331E-2,9.761500854E0,9.842597345E0
1.083511663E1,1.277443542E0,-4.206253052E-2,9.790390778E0,9.873468633E0
1.084514763E1,1.295555878E0,-1.930984497E-2,9.794282684E0,9.879615944E0
1.085517962E1,1.298250275E0,-1.437011719E-2,9.789043579E0,9.874767565E0
1.086521062E1,1.293011169E0,7.484436035E-4,9.781409454E0,9.866501374E0
1.087524263E1,1.271156616E0,5.688171387E-3,9.774224396E0,9.856537629E0
1.088527362E1,1.273401947E0,1.317260742E-2,9.778265991E0,9.860842349E0
1.089530562E1,1.273701324E0,1.332229614E-2,9.780810699E0,9.863404609E0
1.090533663E1,1.257684631E0,3.143463135E-2,9.778265991E0,9.858866292E0
1.091536863E1,1.251996460E0,5.733078003E-2,9.780361633E0,9.860337501E0
1.092539962E1,1.259630585E0,6.496490479E-2,9.800569611E0,9.881399412E0
1.093543187E1,1.268462219E0,6.391708374E-2,9.826914825E0,9.908649594E0
1.094546288E1,1.272054749E0,6.975494385E-2,9.836644592E0,9.918798610E0
1.095549487E1,1.288670197E0,8.607101440E-2,9.813891907E0,9.898512689E0
1.096552587E1,1.272503815E0,7.978408813E-2,9.794282684E0,9.876922839E0
1.097555788E1,1.288819885E0,5.777984619E-2,9.785900116E0,9.870574263E0
1.098558888E1,1.303788757E0,1.646575928E-2,9.825417938E0,9.911557592E0
1.099562087E1,1.349294128E0,-2.080673218E-2,9.846524048E0,9.938564453E0
1.100565187E1,1.366957397E0,-4.670288086E-2,9.862241364E0,9.956633889E0
1.101568388E1,1.380878448E0,-8.247848511E-2,9.843530273E0,9.940257353E0
1.102571488E1,1.371597748E0,-1.167572021E-1,9.841135254E0,9.936943983E0
1.103574687E1,1.363065491E0,-1.279838562E-1,9.823322296E0,9.918265389E0
1.104577787E1,1.345851288E0,-1.348695374E-1,9.801617432E0,9.894504018E0
1.105580988E1,1.337169342E0,-1.309776306E-1,9.821076965E0,9.912554149E0
1.106584087E1,1.336121521E0,-1.181044006E-1,9.790091400E0,9.881551447E0
1.107587287E1,1.314266968E0,-8.966354370E-2,9.751322021E0,9.839899307E0
1.108590388E1,1.283281403E0,-7.529342651E-2,9.730964355E0,9.815505466E0
1.109593588E1,1.299148407E0,-4.939727783E-2,9.764494629E0,9.850664040E0
1.110596687E1,1.312321014E0,-2.649490356E-2,9.808952179E0,9.896384758E0
1.111599888E1,1.332978058E0,1.137634277E-2,9.832303619E0,9.922255509E0
1.112602988E1,1.329834595E0,3.487747192E-2,9.818232880E0,9.907944962E0
1.113606187E1,1.287772064E0,5.044509888E-2,9.751022644E0,9.835819447E0
1.114609287E1,1.271306305E0,3.532653809E-2,9.776469727E0,9.858845166E0
1.115612488E1,1.254990234E0,-1.646575928E-3,9.826465759E0,9.906282477E0
1.116615588E1,1.269809418E0,3.442840576E-3,9.798324280E0,9.880262471E0
1.117618787E1,1.260678406E0,-1.047821045E-3,9.730215912E0,9.811544875E0
1.118621887E1,1.287173309E0,-8.981323242E-4,9.770033112E0,9.854459038E0
1.119625088E1,1.336570587E0,-5.074447632E-2,9.862241364E0,9.952527350E0
1.120628187E1,1.391057281E0,-7.125183105E-2,9.815089417E0,9.913430155E0
1.121631387E1,1.391805725E0,-1.086740112E-1,9.812694397E0,9.911503647E0
1.122634488E1,1.372346191E0,-1.658551025E-1,9.790540466E0,9.887645049E0
1.123637688E1,1.340761871E0,-1.853146362E-1,9.781409454E0,9.874611629E0
1.124640787E1,1.341959381E0,-1.895059204E-1,9.787247314E0,9.880636491E0
1.125643987E1,1.360221405E0,-1.508862305E-1,9.817783813E0,9.912711432E0
1.126647088E1,1.341510315E0,-7.020401001E-2,9.775571594E0,9.867440323E0
1.127650287E1,1.289268951E0,7.933502197E-3,9.672136688E0,9.757689557E0
1.128653387E1,1.279090118E0,4.460723877E-2,9.617200928E0,9.701990261E0
1.129656588E1,1.294358368E0,2.125579834E-2,9.677974548E0,9.764169537E0
1.130659688E1,1.322799225E0,1.242416382E-2,9.748627625E0,9.837971982E0
1.131662887E1,1.372196503E0,-8.981323242E-3,9.826914825E0,9.922260775E0
1.132665987E1,1.366059265E0,-2.724334717E-2,9.871671753E0,9.965779614E0
1.133669188E1,1.359622650E0,-5.852828979E-2,9.873468018E0,9.966813433E0
1.134672288E1,1.337169342E0,-8.217910767E-2,9.852511597E0,9.943176556E0
1.135675487E1,1.317111053E0,-8.217910767E-2,9.808353424E0,9.896733392E0
1.136678587E1,1.300495605E0,-8.337661743E-2,9.759255524E0,9.845877760E0
1.137681788E1,1.277742920E0,-6.765930176E-2,9.724228363E0,9.808048838E0
1.138684887E1,1.289119263E0,-5.748046875E-2,9.715396729E0,9.800717630E0
1.139688087E1,1.302890625E0,-5.673202515E-2,9.748028870E0,9.834877190E0
1.140691188E1,1.310674438E0,-7.649093628E-2,9.775870972E0,9.863638862E0
1.141694388E1,1.321452026E0,-7.978408813E-2,9.777667236E0,9.866882869E0
1.142697487E1,1.319955139E0,-8.337661743E-2,9.769584045E0,9.858702027E0
1.143700687E1,1.305734711E0,-8.816665649E-2,9.784403229E0,9.871538028E0
1.144703788E1,1.319356384E0,-9.624984741E-2,9.799521790E0,9.888406980E0
1.145706987E1,1.347647552E0,-8.846603394E-2,9.814640350E0,9.907125989E0
1.146710087E1,1.357527008E0,-8.666976929E-2,9.808203735E0,9.902083202E0
1.147713288E1,1.364412689E0,-7.903564453E-2,9.779762878E0,9.874797749E0
1.148716388E1,1.330882416E0,-5.284011841E-2,9.751471710E0,9.842014052E0
1.149719587E1,1.311273193E0,-6.286926270E-2,9.850415955E0,9.937508964E0
1.150722687E1,1.322350159E0,-5.313949585E-2,9.815089417E0,9.903909026E0
1.151725888E1,1.343456268E0,-5.718109131E-2,9.755213928E0,9.847453641E0
1.152728987E1,1.342258759E0,-7.753875732E-2,9.730814667E0,9.823259383E0
1.153732187E1,1.330133972E0,-8.322692871E-2,9.773326263E0,9.863776627E0
1.154735288E1,1.338516541E0,-1.236428833E-1,9.830956421E0,9.922430057E0
1.155738488E1,1.358724518E0,-1.356179810E-1,9.846524048E0,9.940752506E0
1.156741587E1,1.341210938E0,-1.079255676E-1,9.795480194E0,9.887463120E0
1.157744787E1,1.344204712E0,-8.966354370E-2,9.778116302E0,9.870485514E0
1.158747888E1,1.349144440E0,-7.065307617E-2,9.764344940E0,9.857363475E0
1.159751087E1,1.342857513E0,-4.355941772E-2,9.715696106E0,9.808155512E0
1.160754187E1,1.296603699E0,-3.397933960E-2,9.729018402E0,9.815097290E0
1.161757388E1,1.288670197E0,-4.101470947E-2,9.770781555E0,9.855481991E0
1.162760488E1,1.292711792E0,-7.095245361E-2,9.798324280E0,9.883486061E0
1.163763687E1,1.327589264E0,-9.041198730E-2,9.828561401E0,9.918230024E0
1.164766787E1,1.338067474E0,-1.104702759E-1,9.808353424E0,9.899819450E0
1.165769988E1,1.341360626E0,-1.323248291E-1,9.796228638E0,9.888521311E0
1.166773088E1,1.333277435E0,-1.273851013E-1,9.805060272E0,9.896113511E0
1.167776287E1,1.302142181E0,-1.486408997E-1,9.789792023E0,9.877129959E0
1.168779387E1,1.284179535E0,-1.514849854E-1,9.758956146E0,9.844251614E0
1.169782588E1,1.290167084E0,-1.386117554E-1,9.749376068E0,9.835348394E0
1.170785687E1,1.306932220E0,-1.383123779E-1,9.753267975E0,9.841414448E0
1.171788887E1,1.325194244E0,-1.395098877E-1,9.754315796E0,9.844911348E0
1.172791988E1,1.341061249E0,-1.474433899E-1,9.757159882E0,9.849992578E0
1.173795188E1,1.350192261E0,-1.510359192E-1,9.763746185E0,9.857817738E0
1.174798287E1,1.337019653E0,-1.477427673E-1,9.778116302E0,9.870208098E0
1.175801487E1,1.340911560E0,-1.480421448E-1,9.775122528E0,9.867774862E0
1.176804588E1,1.328337708E0,-1.411564636E-1,9.787995758E0,9.878728014E0
1.177807787E1,1.319356384E0,-1.336720276E-1,9.794881439E0,9.884243617E0
1.178810887E1,1.310225372E0,-1.155596924E-1,9.803563385E0,9.891405341E0
1.179814088E1,1.293609924E0,-9.909393311E-2,9.789792023E0,9.875387288E0
1.180817188E1,1.285826111E0,-6.945556641E-2,9.733059998E0,9.817872976E0
1.181820387E1,1.279988251E0,-6.361770630E-2,9.734556885E0,9.818554623E0
1.182823487E1,1.274000702E0,-8.217910767E-2,9.773176575E0,9.856206753E0
1.183826688E1,1.289568329E0,-9.699829102E-2,9.770631866E0,9.855843049E0
1.184829788E1,1.315614166E0,-1.046324158E-1,9.780661011E0,9.869301818E0
1.185832987E1,1.325942688E0,-1.231938171E-1,9.783205719E0,9.873419614E0
1.186836087E1,1.323996735E0,-1.428030396E-1,9.770482178E0,9.860815486E0
1.187839288E1,1.321901093E0,-1.535806274E-1,9.746382294E0,9.836817439E0
1.188842387E1,1.303639069E0,-1.779798889E-1,9.771080933E0,9.859268444E0
1.189845587E1,1.302441559E0,-1.731898499E-1,9.797126770E0,9.884838981E0
1.190848688E1,1.298549652E0,-1.513352966E-1,9.739646301E0,9.826995657E0
1.191851887E1,1.252295837E0,-1.571731567E-1,9.643995209E0,9.726232151E0
1.192854987E1,1.247655487E0,-1.532812500E-1,9.710307312E0,9.791333283E0
1.193858150E1,1.301842804E0,-2.189945984E-1,9.851613464E0,9.939670074E0
1.194861250E1,1.384770355E0,-2.336640930E-1,9.912387085E0,1.001137381E1
1.195864450E1,1.412612457E0,-2.065704346E-1,9.858948212E0,9.961777208E0
1.196867550E1,1.351090393E0,-1.883084106E-1,9.803862762E0,9.898314522E0
1.197870750E1,1.293609924E0,-1.353186035E-1,9.755513306E0,9.841838122E0
1.198873850E1,1.238374786E0,-1.124162292E-1,9.699380035E0,9.778761813E0
1.199877050E1,1.232536926E0,-8.038284302E-2,9.719288635E0,9.797457846E0
1.200880150E1,1.242566071E0,-4.355941772E-2,9.765243073E0,9.844076398E0
1.201883350E1,1.260828094E0,-1.077758789E-2,9.770781555E0,9.851800639E0
1.202886450E1,1.278940430E0,2.439926147E-2,9.782307587E0,9.865587953E0
1.203889650E1,1.306782532E0,3.397933960E-2,9.798024902E0,9.884843305E0
1.204892750E1,1.317709808E0,3.008743286E-2,9.820178833E0,9.908237820E0
1.205895950E1,1.321601715E0,6.735992432E-3,9.855804749E0,9.944021506E0
1.206899050E1,1.330583038E0,-2.664459229E-2,9.843530273E0,9.933088613E0
1.207902250E1,1.315464478E0,-4.790039063E-2,9.824519806E0,9.912312074E0
1.208905350E1,1.299597473E0,-8.427474976E-2,9.805509338E0,9.891616107E0
1.209908550E1,1.313368835E0,-1.175056458E-1,9.805659027E0,9.893922085E0
1.210911650E1,1.321152649E0,-1.190025330E-1,9.771080933E0,9.860711360E0
1.211914850E1,1.321002960E0,-1.398092651E-1,9.736053772E0,9.826257604E0
1.212917950E1,1.327589264E0,-1.477427673E-1,9.719887390E0,9.811245184E0
1.213921150E1,1.310524750E0,-1.375639343E-1,9.725425873E0,9.814290976E0
1.214924250E1,1.313368835E0,-1.447489929E-1,9.758507080E0,9.847555555E0
1.215927450E1,1.306632843E0,-1.372645569E-1,9.763446808E0,9.851447839E0
1.216930550E1,1.310973816E0,-1.308279419E-1,9.779912567E0,9.868255070E0
1.217933750E1,1.301393738E0,-1.004411316E-1,9.789492645E0,9.876126788E0
1.218936850E1,1.301842804E0,-8.831634521E-2,9.790241089E0,9.876811988E0
1.219940050E1,1.274150391E0,-6.885681152E-2,9.811945953E0,9.894568402E0
1.220943150E1,1.272354126E0,-4.296066284E-2,9.798923035E0,9.881276399E0
1.221946350E1,1.258283386E0,-8.083190918E-3,9.727222137E0,9.808271659E0
1.222949450E1,1.233435059E0,2.814147949E-2,9.835147705E0,9.912229031E0
1.223952650E1,1.235979767E0,5.388793945E-2,9.827064514E0,9.904632596E0
1.224955750E1,1.244362335E0,8.322692871E-2,9.764794006E0,9.844113283E0
1.225958950E1,1.238674164E0,9.460327148E-2,9.716444550E0,9.795537665E0
1.226962050E1,1.234482880E0,8.307723999E-2,9.710906067E0,9.789409913E0
1.227965250E1,1.239422607E0,4.281097412E-2,9.791139221E0,9.869367175E0
1.228968350E1,1.272653503E0,5.538482666E-3,9.864786072E0,9.946541201E0
1.229971550E1,1.297651520E0,-2.814147949E-2,9.875563660E0,9.960494416E0
1.230974650E1,1.337019653E0,-5.149291992E-2,9.858648834E0,9.949031607E0
1.231977850E1,1.352437592E0,-6.002517700E-2,9.840237122E0,9.932922887E0
1.232980950E1,1.344354401E0,-5.673202515E-2,9.815688171E0,9.907484118E0
1.233984150E1,1.319356384E0,-4.355941772E-2,9.770931244E0,9.859700607E0
1.234987250E1,1.275497589E0,-1.721420288E-2,9.725725250E0,9.809022483E0
1.235990450E1,1.254241791E0,-1.347198486E-2,9.763446808E0,9.843688208E0
1.236993550E1,1.288819885E0,-2.230361938E-2,9.808203735E0,9.892543387E0
1.237996750E1,1.316811676E0,-1.901046753E-2,9.784253540E0,9.872485590E0
1.238999850E1,1.331181793E0,-8.681945801E-3,9.772877197E0,9.863125724E0
1.240003050E1,1.311722260E0,-1.526824951E-2,9.779313812E0,9.866905647E0
1.241006150E1,1.298549652E0,-2.709365845E-2,9.800120544E0,9.885814481E0
1.242009350E1,1.286724243E0,-3.427871704E-2,9.783505096E0,9.867816693E0
1.243012450E1,1.263971558E0,-2.514770508E-2,9.762997742E0,9.844510217E0
1.244015650E1,1.256636810E0,-3.712280273E-2,9.777068481E0,9.857564723E0
1.245018750E1,1.276545410E0,-2.125579834E-2,9.777966614E0,9.860966032E0
1.246021950E1,1.281634827E0,-5.987548828E-3,9.779463501E0,9.863089275E0
1.247025050E1,1.295855255E0,2.499801636E-2,9.770033112E0,9.855628480E0
1.248028250E1,1.279688873E0,5.688171387E-3,9.787397003E0,9.870702916E0
1.249031350E1,1.280587006E0,8.532257080E-3,9.801168365E0,9.884476577E0
1.250034550E1,1.268761597E0,1.511856079E-2,9.804012451E0,9.885779924E0
1.251037650E1,1.276395721E0,1.272354126E-2,9.801617432E0,9.884384260E0
1.252040850E1,1.254241791E0,2.694396973E-2,9.801018677E0,9.880982519E0
1.253043950E1,1.272354126E0,1.347198486E-2,9.804012451E0,9.886239258E0
1.254047150E1,1.278341675E0,2.230361938E-2,9.805509338E0,9.888511934E0
1.255050250E1,1.267713776E0,2.350112915E-2,9.799970856E0,9.881653672E0
1.256053450E1,1.255738678E0,1.437011719E-2,9.795330505E0,9.875504333E0
1.257056550E1,1.248703308E0,1.347198486E-2,9.791139221E0,9.870453318E0
1.258059750E1,1.259031830E0,1.481918335E-2,9.791139221E0,9.871767218E0
1.259062850E1,1.272653503E0,-1.122665405E-2,9.795330505E0,9.877665346E0
1.260066050E1,1.274599457E0,-1.496887207E-4,9.795330505E0,9.877909875E0
1.261069150E1,1.280736694E0,-1.287322998E-2,9.805958405E0,9.889250347E0
1.262072350E1,1.295555878E0,-2.020797729E-2,9.806706848E0,9.891934725E0
1.263075450E1,1.293460236E0,-2.395019531E-2,9.801318054E0,9.886326345E0
1.264078650E1,1.274599457E0,-2.290237427E-2,9.768685913E0,9.851515252E0
1.265081750E1,1.265019379E0,-1.392105103E-2,9.776769104E0,9.858279867E0
1.266084950E1,1.272503815E0,-1.227447510E-2,9.799671478E0,9.881952120E0
1.267088050E1,1.292861481E0,2.454895020E-2,9.786199493E0,9.871261013E0
1.268091250E1,1.274898834E0,5.763015747E-2,9.755513306E0,9.838634465E0
1.269094350E1,1.249002686E0,5.658233643E-2,9.770332489E0,9.850005392E0
1.270097550E1,1.262774048E0,4.041595459E-2,9.780810699E0,9.862073295E0
1.271100650E1,1.285975800E0,4.700225830E-2,9.821226654E0,9.905172182E0
1.272103850E1,1.279090118E0,4.760101318E-2,9.797875214E0,9.881128280E0
1.273106950E1,1.233135681E0,4.146377563E-2,9.700427856E0,9.778580851E0
1.274110150E1,1.224004669E0,1.152603149E-2,9.796677704E0,9.872852390E0
1.275113250E1,1.266665955E0,-1.901046753E-2,9.898016968E0,9.978754628E0
1.276116450E1,1.307530975E0,1.032852173E-2,9.876461792E0,9.962642293E0
1.277119550E1,1.313219147E0,-7.185058594E-3,9.877808990E0,9.964723107E0
1.278122750E1,1.272803192E0,1.062789917E-2,9.739197235E0,9.822021365E0
1.279125850E1,1.226848755E0,1.197509766E-3,9.704469452E0,9.781711846E0
1.280129050E1,1.227896576E0,-6.002517700E-2,9.745334473E0,9.822569776E0
1.281132150E1,1.278341675E0,-7.664062500E-2,9.872719574E0,9.955431834E0
1.282135350E1,1.323847046E0,-6.511459351E-2,9.905501404E0,9.993786518E0
1.283138450E1,1.333876190E0,-2.874023438E-2,9.833501129E0,9.923597944E0
1.284141650E1,1.290316772E0,3.562591553E-2,9.756112061E0,9.841133528E0
1.285144750E1,1.267863464E0,9.116043091E-2,9.718689880E0,9.801465247E0
1.286147950E1,1.263223114E0,1.236428833E-1,9.734706573E0,9.817104067E0
1.287151050E1,1.273252258E0,1.338217163E-1,9.768386536E0,9.851926465E0
1.288154250E1,1.287322998E0,1.558259583E-1,9.777218170E0,9.862833131E0
1.289157350E1,1.283131714E0,1.688488770E-1,9.810149689E0,9.895149006E0
1.290160550E1,1.265468445E0,1.710942078E-1,9.835746460E0,9.918295823E0
1.291163650E1,1.259780273E0,1.907034302E-1,9.828860779E0,9.911100764E0
1.292166850E1,1.249002686E0,1.889071655E-1,9.749525757E0,9.831019586E0
1.293169942E1,1.226699066E0,1.522334290E-1,9.721084900E0,9.799360043E0
1.294173142E1,1.222657471E0,1.236428833E-1,9.727222137E0,9.804541262E0
1.295176242E1,1.229692841E0,8.382568359E-2,9.761201477E0,9.838710561E0
1.296179442E1,1.246757355E0,-1.841171265E-2,9.825417938E0,9.904220341E0
1.297182542E1,1.270408173E0,-9.265731812E-2,9.883347473E0,9.965093054E0
1.298185742E1,1.293759613E0,-1.478924561E-1,9.896370392E0,9.981674862E0
1.299188842E1,1.306932220E0,-1.764830017E-1,9.898915100E0,9.986377633E0
1.300192042E1,1.317859497E0,-1.805245972E-1,9.908195801E0,9.997083915E0
1.301195142E1,1.328337708E0,-1.540296936E-1,9.870174866E0,9.960349296E0
1.302198342E1,1.343605957E0,-1.496887207E-1,9.826914825E0,9.919472701E0
1.303201442E1,1.339264984E0,-1.073268127E-1,9.818981323E0,9.910476475E0
1.304204642E1,1.321452026E0,-5.643264771E-2,9.738897858E0,9.828303596E0
1.305207742E1,1.280886383E0,-1.122665405E-2,9.729617157E0,9.813574577E0
1.306210942E1,1.241967316E0,4.206253052E-2,9.771380310E0,9.850082499E0
1.307214042E1,1.256636810E0,6.795867920E-2,9.781259766E0,9.861886080E0
1.308217242E1,1.327589264E0,4.565505981E-2,9.856403503E0,9.945514952E0
1.309220342E1,1.378633118E0,4.340972900E-2,9.881700897E0,9.977501005E0
1.310223542E1,1.355281677E0,6.616241455E-2,9.861792297E0,9.954703070E0
1.311226642E1,1.309177551E0,8.607101440E-2,9.831555176E0,9.918711169E0
1.312229842E1,1.274449768E0,1.023870850E-1,9.799072723E0,9.882131934E0
1.313232942E1,1.268611908E0,1.426533508E-1,9.755213928E0,9.838390363E0
1.314236142E1,1.252295837E0,1.402583313E-1,9.714947662E0,9.796332239E0
1.315239242E1,1.231938171E0,9.879455566E-2,9.714348907E0,9.792650648E0
1.316242442E1,1.245709534E0,5.538482666E-2,9.784852295E0,9.863984700E0
1.317245542E1,1.280587006E0,-0.000000000E0,9.839338989E0,9.922323056E0
1.318248742E1,1.302591248E0,-4.415817261E-2,9.887688446E0,9.973217972E0
1.319251842E1,1.319655762E0,-8.277786255E-2,9.882748718E0,9.970810686E0
1.320255042E1,1.308129730E0,-1.110690308E-1,9.845925293E0,9.933065217E0
1.321258142E1,1.275796967E0,-1.272354126E-1,9.804611206E0,9.888086147E0
1.322261342E1,1.257984009E0,-1.294807434E-1,9.777966614E0,9.859407697E0
1.323264442E1,1.239572296E0,-1.230441284E-1,9.740544434E0,9.819871954E0
1.324267642E1,1.231189728E0,-1.309776306E-1,9.702523499E0,9.781203685E0
1.325270742E1,1.235231323E0,-1.246907043E-1,9.674382019E0,9.753717837E0
1.326273942E1,1.258882141E0,-1.074765015E-1,9.663754120E0,9.745998109E0
1.327277042E1,1.266067200E0,-1.073268127E-1,9.715546417E0,9.798279818E0
1.328280242E1,1.287322998E0,-9.759704590E-2,9.740544434E0,9.825728042E0
1.329283342E1,1.315913544E0,-7.140151978E-2,9.774823151E0,9.863259819E0
1.330286542E1,1.313368835E0,-3.532653809E-2,9.779164124E0,9.867027750E0
1.331289642E1,1.287322998E0,-2.335144043E-2,9.771979065E0,9.856435493E0
1.332292842E1,1.288370819E0,-6.885681152E-3,9.800419922E0,9.884744682E0
1.333296042E1,1.282383270E0,5.837860107E-3,9.800868988E0,9.884410648E0
1.334299142E1,1.266216888E0,2.365081787E-2,9.809251556E0,9.890666341E0
1.335302242E1,1.268312531E0,3.472778320E-2,9.820029144E0,9.901656179E0
1.336305442E1,1.250948639E0,2.439926147E-2,9.828262024E0,9.907583067E0
1.337308542E1,1.260977783E0,2.664459229E-2,9.847571869E0,9.928013226E0
1.338311742E1,1.268462219E0,3.278182983E-2,9.849817200E0,9.931211906E0
1.339314942E1,1.278191986E0,3.353027344E-2,9.818382568E0,9.901289577E0
1.340318042E1,1.277293854E0,3.203338623E-2,9.789642334E0,9.872669485E0
1.341321142E1,1.276395721E0,5.239105225E-3,9.781259766E0,9.864190595E0
1.342324342E1,1.283730469E0,-1.541793823E-2,9.800120544E0,9.883853718E0
1.343327442E1,1.319506073E0,-2.320175171E-2,9.801168365E0,9.889617582E0
1.344330642E1,1.335822144E0,-3.008743286E-2,9.802365875E0,9.893012827E0
1.345333742E1,1.333876190E0,-3.562591553E-2,9.784403229E0,9.874970453E0
1.346336942E1,1.320553894E0,-2.933898926E-2,9.726174316E0,9.815456698E0
1.347340042E1,1.272054749E0,-5.553451538E-2,9.725126495E0,9.808123812E0
1.348343242E1,1.261426849E0,-9.774673462E-2,9.753717041E0,9.835433302E0
1.349346342E1,1.290915527E0,-1.041833496E-1,9.762848053E0,9.848376474E0
1.350349542E1,1.282982025E0,-9.729766846E-2,9.712852020E0,9.797704021E0
1.351352642E1,1.277742920E0,-7.334747314E-2,9.671837311E0,9.756149024E0
1.352355842E1,1.288969574E0,-9.699829102E-2,9.739945679E0,9.825344424E0
1.353358942E1,1.324894867E0,-1.486408997E-1,9.842033386E0,9.931921350E0
1.354362142E1,1.382674713E0,-1.451980591E-1,9.858349457E0,9.955899048E0
1.355365242E1,1.373094635E0,-1.466949463E-1,9.854607239E0,9.950889011E0
1.356368442E1,1.338666229E0,-1.152603149E-1,9.822124786E0,9.913599121E0
1.357371642E1,1.289119263E0,-5.852828979E-2,9.735455017E0,9.820607844E0
1.358374742E1,1.233884125E0,-3.906875610E-2,9.727222137E0,9.805245887E0
1.359377842E1,1.225800934E0,3.742218018E-3,9.781110077E0,9.857622242E0
1.360381042E1,1.239123230E0,6.541397095E-2,9.800868988E0,9.879106148E0
1.361384142E1,1.260229340E0,9.520202637E-2,9.782157898E0,9.863460577E0
1.362387342E1,1.282982025E0,1.169068909E-1,9.766590271E0,9.851192599E0
1.363390442E1,1.292113037E0,1.145118713E-1,9.775272217E0,9.860964252E0
1.364393642E1,1.294358368E0,7.694000244E-2,9.826166382E0,9.911348501E0
1.365396742E1,1.287472687E0,2.619552612E-2,9.856403503E0,9.940169121E0
1.366399942E1,1.267115021E0,-7.783813477E-3,9.843679962E0,9.924901826E0
1.367403142E1,1.274599457E0,-5.972579956E-2,9.820627899E0,9.903176424E0
1.368406242E1,1.285377045E0,-9.101074219E-2,9.811047821E0,9.895308810E0
1.369409442E1,1.296603699E0,-1.197509766E-1,9.771979065E0,9.858351601E0
1.370412542E1,1.307381287E0,-1.417552185E-1,9.740993500E0,9.829358816E0
1.371415642E1,1.298849030E0,-1.371148682E-1,9.708511047E0,9.795968357E0
1.372418842E1,1.289418640E0,-1.347198486E-1,9.686207428E0,9.772582269E0
1.373421942E1,1.287772064E0,-1.362167358E-1,9.718839569E0,9.804731228E0
1.374425142E1,1.294657745E0,-1.378633118E-1,9.745334473E0,9.831921936E0
1.375428242E1,1.321601715E0,-1.287322998E-1,9.753717041E0,9.843688293E0
1.376431442E1,1.332229614E0,-1.267863464E-1,9.745484161E0,9.836939161E0
1.377434642E1,1.334924011E0,-1.202000427E-1,9.745933228E0,9.837666626E0
1.378437742E1,1.344803467E0,-9.654922485E-2,9.771080933E0,9.863662642E0
1.379440842E1,1.340612183E0,-7.409591675E-2,9.787097626E0,9.878765670E0
1.380444042E1,1.325194244E0,-2.769241333E-2,9.732760620E0,9.822603318E0
1.381447242E1,1.286574554E0,-1.272354126E-2,9.812395020E0,9.896389846E0
1.382450342E1,1.280587006E0,2.185455322E-2,9.834249573E0,9.917300306E0
1.383453442E1,1.274000702E0,3.532653809E-2,9.787546692E0,9.870177101E0
1.384456642E1,1.261726227E0,1.646575928E-2,9.763895874E0,9.845094557E0
1.385459842E1,1.241218872E0,2.245330811E-3,9.758357391E0,9.836979633E0
1.386462942E1,1.224753113E0,-9.580078125E-3,9.768386536E0,9.844871125E0
1.387466142E1,1.210382996E0,-6.032455444E-2,9.810149689E0,9.884720682E0
1.388469242E1,1.258582764E0,-1.041833496E-1,9.873018951E0,9.953461104E0
1.389472442E1,1.348545685E0,-1.146615601E-1,9.895771637E0,9.987893623E0
1.390475542E1,1.382375336E0,-1.100212097E-1,9.858499146E0,9.955554813E0
1.391478742E1,1.359922028E0,-1.079255676E-1,9.802066498E0,9.896541996E0
1.392481842E1,1.315464478E0,-7.933502197E-2,9.755513306E0,9.844124171E0
1.393484975E1,1.293310547E0,-5.882766724E-2,9.723030853E0,9.808845082E0
1.394488175E1,1.282832336E0,-5.957611084E-2,9.732461243E0,9.816822804E0
1.395491375E1,1.288520508E0,-4.834945679E-2,9.776769104E0,9.861431787E0
1.396494475E1,1.331780548E0,-4.640350342E-2,9.754315796E0,9.844920993E0
1.397497675E1,1.319057007E0,-5.688171387E-2,9.727970581E0,9.817156337E0
1.398500775E1,1.288071442E0,-4.550537109E-2,9.748627625E0,9.833460192E0
1.399503975E1,1.267713776E0,-5.942642212E-2,9.777068481E0,9.859092139E0
1.400507075E1,1.256636810E0,-3.712280273E-2,9.793983307E0,9.874341659E0
1.401510175E1,1.249002686E0,-6.047424316E-2,9.759704590E0,9.839486700E0
1.402513375E1,1.217418365E0,-5.284011841E-2,9.727222137E0,9.803252015E0
1.403516575E1,1.206640778E0,-5.358856201E-2,9.747280426E0,9.821829229E0
1.404519675E1,1.230141907E0,-3.323089600E-2,9.772128754E0,9.849307274E0
1.405522875E1,1.228195953E0,-3.951782227E-2,9.786798248E0,9.863642680E0
1.406525975E1,1.264570312E0,-3.921844482E-2,9.777966614E0,9.859478042E0
1.407529175E1,1.261576538E0,-4.370910645E-2,9.788594513E0,9.869653914E0
1.408532275E1,1.269060974E0,-5.478607178E-2,9.795929260E0,9.877942465E0
1.409535475E1,1.264270935E0,-3.652404785E-2,9.798024902E0,9.879322193E0
1.410538575E1,1.281335449E0,-3.817062378E-2,9.797575836E0,9.881081408E0
1.411541775E1,1.281185760E0,-2.275268555E-2,9.785451050E0,9.868992192E0
1.412544875E1,1.288670197E0,-1.017883301E-2,9.780960388E0,9.865493429E0
1.413548075E1,1.277742920E0,-3.592529297E-3,9.777367859E0,9.860505166E0
1.414551175E1,1.291813660E0,-8.981323242E-3,9.786947937E0,9.871839399E0
1.415554375E1,1.305734711E0,-1.302291870E-2,9.813143463E0,9.899641274E0
1.416557475E1,1.306483154E0,-1.631607056E-2,9.776020660E0,9.862948058E0
1.417560675E1,1.280886383E0,-1.496887207E-2,9.762249298E0,9.845933442E0
1.418563775E1,1.287023621E0,-2.664459229E-2,9.791288910E0,9.875549516E0
1.419566975E1,1.299597473E0,-2.365081787E-2,9.838291168E0,9.923783858E0
1.420570075E1,1.295256500E0,2.993774414E-3,9.811197510E0,9.896327346E0
1.421573175E1,1.281335449E0,1.152603149E-2,9.755213928E0,9.839011748E0
1.422576375E1,1.232836304E0,1.526824951E-2,9.714498596E0,9.792425718E0
1.423579575E1,1.201251984E0,-2.544708252E-3,9.765542450E0,9.839147938E0
1.424582675E1,1.216220856E0,-1.451980591E-2,9.816286926E0,9.891354458E0
1.425585875E1,1.235680389E0,-2.993774414E-4,9.731114044E0,9.809255153E0
1.426588975E1,1.218316498E0,8.382568359E-3,9.700278168E0,9.776490264E0
1.427592175E1,1.239871674E0,-1.302291870E-2,9.807754669E0,9.885823335E0
1.428595275E1,1.299747162E0,-2.080673218E-2,9.873767395E0,9.958968731E0
1.429598475E1,1.328936462E0,-1.451980591E-2,9.873318329E0,9.962364065E0
1.430601575E1,1.290915527E0,-1.796264648E-3,9.739346924E0,9.824527705E0
1.431604775E1,1.205592957E0,-3.293151855E-3,9.661359100E0,9.736289072E0
1.432607875E1,1.150507507E0,-4.116439819E-2,9.648934937E0,9.717371427E0
1.433611075E1,1.177152100E0,-8.128097534E-2,9.664502563E0,9.736267430E0
1.434614175E1,1.221459961E0,-1.137634277E-1,9.695338440E0,9.772640074E0
1.435617275E1,1.275048523E0,-1.103205872E-1,9.761500854E0,9.845040289E0
1.436620475E1,1.313967590E0,-8.756790161E-2,9.770931244E0,9.859273621E0
1.437623675E1,1.298250275E0,-7.948471069E-2,9.801617432E0,9.887541447E0
1.438626775E1,1.307980042E0,-5.673202515E-2,9.847422180E0,9.934070359E0
1.439629975E1,1.340612183E0,-3.802093506E-2,9.933044128E0,1.002317576E1
1.440633075E1,1.323248291E0,-6.286926270E-3,9.965227203E0,1.005270007E1
1.441636275E1,1.270707550E0,2.589614868E-2,9.932744751E0,1.001372990E1
1.442639375E1,1.225202179E0,3.158432007E-2,9.883796539E0,9.959495569E0
1.443642575E1,1.168919220E0,5.343887329E-2,9.824220428E0,9.893661349E0
1.444645675E1,1.159189453E0,6.885681152E-2,9.796078949E0,9.864665439E0
1.445648875E1,1.181193695E0,7.918533325E-2,9.772428131E0,9.843873244E0
1.446651975E1,1.216220856E0,7.080276489E-2,9.786349182E0,9.861888081E0
1.447655175E1,1.247805176E0,5.209167480E-2,9.806257782E0,9.885465239E0
1.448658275E1,1.283730469E0,2.305206299E-2,9.825867004E0,9.909397444E0
1.449661475E1,1.279838562E0,-1.227447510E-2,9.839488678E0,9.922382519E0
1.450664575E1,1.291663971E0,-4.520599365E-2,9.848619690E0,9.933063434E0
1.451667775E1,1.282233582E0,-6.721023560E-2,9.833201752E0,9.916677713E0
1.452670875E1,1.288819885E0,-5.927673340E-2,9.814041595E0,9.898483867E0
1.453674075E1,1.296004944E0,-6.750961304E-2,9.801617432E0,9.887157865E0
1.454677175E1,1.304686890E0,-6.077362061E-2,9.793234863E0,9.879946882E0
1.455680375E1,1.322200470E0,-4.385879517E-2,9.799372101E0,9.888267353E0
1.456683475E1,1.318907318E0,-3.338058472E-2,9.822573853E0,9.910781395E0
1.457686675E1,1.298100586E0,-2.110610962E-2,9.760902100E0,9.846863480E0
1.458689775E1,1.259480896E0,2.993774414E-4,9.785750427E0,9.866468651E0
1.459692975E1,1.202599182E0,2.125579834E-2,9.787397003E0,9.861026148E0
1.460696075E1,1.202748871E0,4.026626587E-2,9.726024628E0,9.800192920E0
1.461699275E1,1.240769806E0,3.023712158E-2,9.746681671E0,9.825386893E0
1.462702375E1,1.280886383E0,-2.035766602E-2,9.812395020E0,9.895664727E0
1.463705575E1,1.295406189E0,-2.948867798E-2,9.810000000E0,9.895203221E0
1.464708675E1,1.263522491E0,-6.242019653E-2,9.798923035E0,9.880246860E0
1.465711875E1,1.229543152E0,-8.247848511E-2,9.796228638E0,9.873432766E0
1.466714975E1,1.226250000E0,-7.933502197E-2,9.788295135E0,9.865125684E0
1.467718175E1,1.258283386E0,-7.349716187E-2,9.822573853E0,9.903112440E0
1.468721275E1,1.272803192E0,-4.161346436E-2,9.802814941E0,9.885187931E0
1.469724475E1,1.263971558E0,-4.790039062E-3,9.743837585E0,9.825478000E0
1.470727575E1,1.246308289E0,1.736389160E-2,9.747579803E0,9.826947536E0
1.471730775E1,1.251098328E0,2.769241333E-2,9.766739960E0,9.846584349E0
1.472733875E1,1.259331207E0,1.422042847E-2,9.801617432E0,9.882197204E0
1.473737075E1,1.279389496E0,1.332229614E-2,9.807006226E0,9.890115574E0
1.474740175E1,1.271905060E0,1.616638184E-2,9.835896149E0,9.917805043E0
1.475743375E1,1.285676422E0,-8.382568359E-3,9.833501129E0,9.917196105E0
1.476746475E1,1.258283386E0,1.197509766E-3,9.802814941E0,9.883241335E0
1.477749675E1,1.225800934E0,-1.781295776E-2,9.774224396E0,9.850805438E0
1.478752775E1,1.206491089E0,-1.002914429E-2,9.745334473E0,9.819738556E0
1.479755975E1,1.191222839E0,1.047821045E-3,9.761351166E0,9.833767820E0
1.480759075E1,1.211131439E0,-1.377136230E-2,9.782606964E0,9.857303284E0
1.481762275E1,1.237476654E0,-8.981323242E-3,9.818681946E0,9.896360153E0
1.482765375E1,1.262324982E0,3.293151855E-3,9.830657043E0,9.911371909E0
1.483768575E1,1.257684631E0,1.317260742E-2,9.820927277E0,9.901139163E0
1.484771675E1,1.252744904E0,1.736389160E-2,9.822124786E0,9.901707258E0
1.485774875E1,1.231638794E0,3.397933960E-2,9.795779572E0,9.872962379E0
1.486777975E1,1.229094086E0,7.035369873E-2,9.762698364E0,9.840015308E0
1.487781175E1,1.226250000E0,7.589218140E-2,9.770482178E0,9.847424570E0
1.488784275E1,1.222657471E0,8.352630615E-2,9.755662994E0,9.832335856E0
1.489787475E1,1.236728210E0,6.137237549E-2,9.789342957E0,9.867345071E0
1.490790575E1,1.267115021E0,1.736389160E-2,9.823471985E0,9.904871721E0
1.491793775E1,1.300046539E0,-1.032852173E-2,9.855355682E0,9.940737564E0
1.492796875E1,1.307530975E0,-3.547622681E-2,9.879305878E0,9.965519577E0
1.493800037E1,1.310225372E0,-8.562194824E-2,9.867181091E0,9.954159147E0
1.494803138E1,1.298399963E0,-1.044827271E-1,9.852062531E0,9.937801327E0
1.495806337E1,1.299896851E0,-1.405577087E-1,9.847571869E0,9.933990135E0
1.496809437E1,1.276994476E0,-1.329235840E-1,9.810898132E0,9.894549294E0
1.497812638E1,1.269809418E0,-1.239422607E-1,9.778715057E0,9.861594486E0
1.498815738E1,1.274300079E0,-1.269360352E-1,9.753717041E0,9.837425962E0
1.499818937E1,1.266067200E0,-1.073268127E-1,9.774224396E0,9.856465276E0
1.500822037E1,1.292861481E0,-8.652008057E-2,9.802964630E0,9.888229977E0
1.501825238E1,1.298699341E0,-6.571334839E-2,9.824370117E0,9.910054814E0
1.502828338E1,1.286873932E0,-5.119354248E-2,9.809101868E0,9.893287863E0
1.503831537E1,1.290017395E0,-1.901046753E-2,9.787546692E0,9.872212342E0
1.504834637E1,1.262175293E0,-8.981323242E-3,9.759704590E0,9.840985764E0
1.505837838E1,1.252295837E0,-2.679428101E-2,9.793234863E0,9.873014326E0
1.506840937E1,1.244362335E0,-1.856140137E-2,9.793085175E0,9.871843768E0
1.507844137E1,1.244811401E0,1.990859985E-2,9.746082916E0,9.825277807E0
1.508847238E1,1.237776031E0,1.272354126E-2,9.743837585E0,9.822149576E0
1.509850438E1,1.272354126E0,-1.392105103E-2,9.852361908E0,9.934189146E0
1.510853537E1,1.291963348E0,-2.529739380E-2,9.809550934E0,9.894296275E0
1.511856738E1,1.310973816E0,-4.939727783E-2,9.808054047E0,9.895403813E0
1.512859838E1,1.307980042E0,-1.145118713E-1,9.817185059E0,9.904597278E0
1.513863037E1,1.291813660E0,-1.196012878E-1,9.821226654E0,9.906542282E0
1.514866137E1,1.299896851E0,-1.450483704E-1,9.786049805E0,9.873071540E0
1.515869338E1,1.313518524E0,-1.672023010E-1,9.828112335E0,9.916908772E0
1.516872438E1,1.321002960E0,-1.288819885E-1,9.865235138E0,9.954120941E0
1.517875637E1,1.305585022E0,-4.790039063E-2,9.788444824E0,9.875246770E0
1.518878737E1,1.275347900E0,-4.490661621E-3,9.690099335E0,9.773666536E0
1.519881938E1,1.251248016E0,1.990859985E-2,9.670490112E0,9.751122857E0
1.520885037E1,1.263971558E0,1.751358032E-2,9.723180542E0,9.805007429E0
1.521888237E1,1.300345917E0,-1.062789917E-2,9.795480194E0,9.881419164E0
1.522891338E1,1.314117279E0,-2.769241333E-2,9.837542725E0,9.924964380E0
1.523894538E1,1.335971832E0,-5.313949585E-2,9.871222687E0,9.961359439E0
1.524897637E1,1.320553894E0,-8.891510010E-2,9.852810974E0,9.941310405E0
1.525900837E1,1.310824127E0,-9.220825195E-2,9.817185059E0,9.904740518E0
1.526903938E1,1.295106812E0,-8.547225952E-2,9.779164124E0,9.864920583E0
1.527907137E1,1.265618134E0,-7.828720093E-2,9.730215912E0,9.812493049E0
1.528910237E1,1.270707550E0,-7.424560547E-2,9.717941437E0,9.800948722E0
1.529913438E1,1.275497589E0,-8.307723999E-2,9.726324005E0,9.809952833E0
1.530916538E1,1.287921753E0,-7.259902954E-2,9.775721283E0,9.860463461E0
1.531919737E1,1.292262726E0,-6.750961304E-2,9.790989532E0,9.876131658E0
1.532922837E1,1.316362610E0,-7.858657837E-2,9.810000000E0,9.898236528E0
1.533926038E1,1.317111053E0,-7.768844604E-2,9.829758911E0,9.917911941E0
1.534929138E1,1.321152649E0,-8.996292114E-2,9.821825409E0,9.910690794E0
1.535932337E1,1.328337708E0,-9.430389404E-2,9.816436615E0,9.906351604E0
1.536935437E1,1.330283661E0,-6.541397095E-2,9.826465759E0,9.916318012E0
1.537938638E1,1.314566345E0,-5.493576050E-2,9.788744202E0,9.876771520E0
1.538941737E1,1.309027863E0,-2.963836670E-2,9.754764862E0,9.842249229E0
1.539944937E1,1.296004944E0,-1.092727661E-2,9.780361633E0,9.865861437E0
1.540948038E1,1.294358368E0,-1.272354126E-2,9.823921051E0,9.908831934E0
1.541951238E1,1.293609924E0,-1.377136230E-2,9.758357391E0,9.843736855E0
1.542954337E1,1.296004944E0,-4.086502075E-2,9.747729492E0,9.833591868E0
1.543957537E1,1.333277435E0,-6.631210327E-2,9.759854279E0,9.850724925E0
1.544960638E1,1.318607941E0,-8.292755127E-2,9.808503113E0,9.897087309E0
1.545963837E1,1.318607941E0,-1.261875916E-1,9.836644592E0,9.925433343E0
1.546966937E1,1.333277435E0,-1.335223389E-1,9.809550934E0,9.900643740E0
1.547970138E1,1.339714050E0,-1.025367737E-1,9.764195251E0,9.856209030E0
1.548973238E1,1.322948914E0,-9.265731812E-2,9.745035095E0,9.834860864E0
1.549976437E1,1.339264984E0,-6.975494385E-2,9.731263733E0,9.823237261E0
1.550979537E1,1.331032104E0,-5.508544922E-2,9.737400970E0,9.828105541E0
1.551982738E1,1.303788757E0,-4.520599365E-2,9.742490387E0,9.829446965E0
1.552985837E1,1.299747162E0,-5.418731689E-2,9.775870972E0,9.862045032E0
1.553989037E1,1.284478912E0,-7.918533325E-2,9.837393036E0,9.921212534E0
1.554992138E1,1.291214905E0,-8.741821289E-2,9.835147705E0,9.919929851E0
1.555995338E1,1.294058990E0,-8.352630615E-2,9.817484436E0,9.902755473E0
1.556998437E1,1.296154633E0,-1.071771240E-1,9.781259766E0,9.867347484E0
1.558001637E1,1.289718018E0,-1.155596924E-1,9.767189026E0,9.852649800E0
1.559004738E1,1.272653503E0,-1.091230774E-1,9.739945679E0,9.823344472E0
1.560007937E1,1.292711792E0,-1.121168518E-1,9.731114044E0,9.817242714E0
1.561011037E1,1.314416656E0,-1.107696533E-1,9.733808441E0,9.822779028E0
1.562014238E1,1.336869965E0,-1.034349060E-1,9.744286652E0,9.836109110E0
1.563017338E1,1.355131989E0,-9.909393311E-2,9.755662994E0,9.849830596E0
1.564020537E1,1.353934479E0,-9.325607300E-2,9.771080933E0,9.864880023E0
1.565023637E1,1.358125763E0,-9.819580078E-2,9.773625641E0,9.868024431E0
1.566026838E1,1.336570587E0,-1.017883301E-1,9.785001984E0,9.876388288E0
1.567029938E1,1.315165100E0,-1.110690308E-1,9.786199493E0,9.874801066E0
1.568033137E1,1.311273193E0,-9.654922485E-2,9.807006226E0,9.894752662E0
1.569036237E1,1.295406189E0,-7.993377686E-2,9.797575836E0,9.883165428E0
1.570039438E1,1.284329224E0,-6.077362061E-2,9.789043579E0,9.873123578E0
1.571042537E1,1.289867706E0,-6.631210327E-2,9.805808716E0,9.890502544E0
1.572045737E1,1.281934204E0,-4.849914551E-2,9.809401245E0,9.892929812E0
1.573048838E1,1.285826111E0,-5.478607178E-2,9.775272217E0,9.859629669E0
1.574052038E1,1.265917511E0,-5.493576050E-2,9.741292877E0,9.823357471E0
1.575055137E1,1.252445526E0,-7.634124756E-2,9.755662994E0,9.836026039E0
1.576058337E1,1.264420624E0,-8.592132568E-2,9.778864746E0,9.860645907E0
1.577061438E1,1.279239807E0,-7.679031372E-2,9.771979065E0,9.855654523E0
1.578064637E1,1.307830353E0,-8.996292114E-2,9.775122528E0,9.862633218E0
1.579067737E1,1.327439575E0,-1.059796143E-1,9.747729492E0,9.838270059E0
1.580070938E1,1.335822144E0,-1.200503540E-1,9.723479919E0,9.815543522E0
1.581074038E1,1.317859497E0,-1.612147522E-1,9.738299103E0,9.828388132E0
1.582077237E1,1.332678680E0,-1.904040527E-1,9.767937469E0,9.860268180E0
1.583080337E1,1.344653778E0,-1.977388000E-1,9.772128754E0,9.866189477E0
1.584083538E1,1.338217163E0,-1.664538574E-1,9.704619141E0,9.797865315E0
1.585086638E1,1.312470703E0,-1.567240906E-1,9.661209412E0,9.751210647E0
1.586089837E1,1.298399963E0,-1.688488770E-1,9.753118286E0,9.840613228E0
1.587092937E1,1.329385529E0,-2.086660767E-1,9.826914825E0,9.918622001E0
1.588096138E1,1.349144440E0,-1.838177490E-1,9.811347198E0,9.905378011E0
1.589099237E1,1.326541443E0,-2.077679443E-1,9.830357666E0,9.921633513E0
1.590102437E1,1.282832336E0,-1.725910950E-1,9.833650818E0,9.918474424E0
1.591105538E1,1.250649261E0,-1.194515991E-1,9.756261749E0,9.836820400E0
1.592108737E1,1.235530701E0,-1.053808594E-1,9.769883423E0,9.848261945E0
1.593111837E1,1.239123230E0,-7.634124756E-2,9.820328522E0,9.898490119E0
1.594115067E1,1.262624359E0,-2.544708252E-2,9.837393036E0,9.918123289E0
1.595118167E1,1.257385254E0,1.182540894E-2,9.829758911E0,9.909859624E0
1.596121367E1,1.264420624E0,5.284011841E-2,9.810000000E0,9.891291705E0
1.597124467E1,1.273701324E0,6.706054688E-2,9.801916809E0,9.884552864E0
1.598127667E1,1.279389496E0,5.269042969E-2,9.826615448E0,9.909691465E0
1.599130767E1,1.297202454E0,2.574645996E-2,9.838590546E0,9.923772519E0
1.600133967E1,1.294807434E0,-1.197509766E-3,9.838440857E0,9.923277998E0
1.601137067E1,1.285826111E0,-2.275268555E-2,9.813742218E0,9.897646326E0
1.602140267E1,1.294807434E0,-7.080276489E-2,9.784552917E0,9.870107148E0
1.603143367E1,1.313668213E0,-8.547225952E-2,9.752669220E0,9.841117142E0
1.604146567E1,1.337768097E0,-9.699829102E-2,9.710606689E0,9.802801356E0
1.605149667E1,1.332229614E0,-1.239422607E-1,9.687704315E0,9.779663201E0
1.606152867E1,1.333427124E0,-1.505868530E-1,9.712402954E0,9.804666003E0
1.607155967E1,1.326541443E0,-1.630110168E-1,9.731263733E0,9.822615672E0
1.608159167E1,1.315614166E0,-1.809736633E-1,9.771679688E0,9.861506782E0
1.609162267E1,1.305884399E0,-1.791773987E-1,9.788594513E0,9.876943917E0
1.610165467E1,1.288221130E0,-1.856140137E-1,9.785451050E0,9.871626942E0
1.611168567E1,1.285077667E0,-1.454974365E-1,9.777517548E0,9.862679327E0
1.612171767E1,1.284329224E0,-1.196012878E-1,9.777367859E0,9.862085392E0
1.613174867E1,1.267115021E0,-8.592132568E-2,9.775571594E0,9.857726053E0
1.614178067E1,1.243913269E0,-5.284011841E-2,9.742340698E0,9.821573936E0
1.615181167E1,1.244512024E0,-1.871109009E-2,9.775122528E0,9.854043877E0
1.616184367E1,1.260528717E0,2.230361938E-2,9.835297394E0,9.915770516E0
1.617187467E1,1.266815643E0,5.807922363E-2,9.778265991E0,9.860156229E0
1.618190667E1,1.267414398E0,8.098159790E-2,9.747430115E0,9.829816434E0
1.619193767E1,1.270857239E0,6.825805664E-2,9.710606689E0,9.793652003E0
1.620196967E1,1.268162842E0,6.780899048E-2,9.725874939E0,9.808439141E0
1.621200067E1,1.281335449E0,1.676513672E-2,9.802665253E0,9.886068362E0
1.622203267E1,1.311572571E0,-2.020797729E-2,9.853260040E0,9.940189354E0
1.623206367E1,1.354682922E0,-3.038681030E-2,9.864337006E0,9.956969104E0
1.624209567E1,1.382525024E0,-4.819976807E-2,9.856403503E0,9.953009027E0
1.625212667E1,1.375040588E0,-3.637435913E-2,9.819430389E0,9.915304982E0
1.626215867E1,1.324296112E0,-2.604583740E-2,9.789043579E0,9.878249479E0
1.627218967E1,1.282233582E0,-1.796264648E-3,9.741741943E0,9.825765226E0
1.628222167E1,1.254092102E0,7.783813477E-3,9.737999725E0,9.818423816E0
1.629225267E1,1.231040039E0,7.185058594E-3,9.794582062E0,9.871643681E0
1.630228467E1,1.261576538E0,1.437011719E-2,9.789941711E0,9.870903736E0
1.631231567E1,1.284927979E0,1.721420288E-2,9.782756653E0,9.866796034E0
1.632234767E1,1.280137939E0,-5.388793945E-3,9.788145447E0,9.871503101E0
1.633237867E1,1.269809418E0,-1.721420288E-2,9.804012451E0,9.885917885E0
1.634241067E1,1.269210663E0,-3.233276367E-2,9.781409454E0,9.863463490E0
1.635244167E1,1.249751129E0,-4.056564331E-2,9.762548676E0,9.842300549E0
1.636247367E1,1.248104553E0,-4.266128540E-2,9.748028870E0,9.827698195E0
1.637250467E1,1.231788483E0,-4.056564331E-2,9.771679688E0,9.849095002E0
1.638253667E1,1.260977783E0,-5.792953491E-2,9.794881439E0,9.875885946E0
1.639256767E1,1.294807434E0,-5.044509888E-2,9.795779572E0,9.881111699E0
1.640259967E1,1.287772064E0,-3.742218018E-2,9.787846069E0,9.872268634E0
1.641263067E1,1.280736694E0,-2.814147949E-2,9.800868988E0,9.884235496E0
1.642266267E1,1.275647278E0,-3.742218018E-3,9.801018677E0,9.883686412E0
1.643269367E1,1.286125488E0,7.035369873E-3,9.807155914E0,9.891131148E0
1.644272567E1,1.270707550E0,9.729766846E-3,9.801767120E0,9.883796387E0
1.645275667E1,1.258433075E0,3.517684937E-2,9.807305603E0,9.887777020E0
1.646278867E1,1.279838562E0,3.772155762E-2,9.794582062E0,9.877917160E0
1.647281967E1,1.281784515E0,4.340972900E-2,9.800868988E0,9.884426583E0
1.648285167E1,1.254541168E0,5.463638306E-2,9.816885681E0,9.896873403E0
1.649288267E1,1.251846771E0,4.191284180E-2,9.810449066E0,9.890085334E0
1.650291467E1,1.268162842E0,2.095642090E-2,9.806257782E0,9.887940526E0
1.651294567E1,1.261127472E0,1.257385254E-2,9.809101868E0,9.889847322E0
1.652297767E1,1.267863464E0,-1.092727661E-2,9.802066498E0,9.883729296E0
1.653300867E1,1.266965332E0,-2.993774414E-4,9.801617432E0,9.883162729E0
1.654304067E1,1.266366577E0,-1.242416382E-2,9.797126770E0,9.878640170E0
1.655307167E1,1.272803192E0,-1.287322998E-2,9.766141205E0,9.848741428E0
1.656310367E1,1.273701324E0,-8.981323242E-3,9.765243073E0,9.847962632E0
1.657313467E1,1.281185760E0,-1.227447510E-2,9.809850311E0,9.893166871E0
1.658316667E1,1.289119263E0,4.340972900E-3,9.813891907E0,9.898197900E0
1.659319767E1,1.307381287E0,1.856140137E-2,9.786648560E0,9.873605237E0
1.660322967E1,1.277892609E0,4.340972900E-2,9.760153656E0,9.843550849E0
1.661326067E1,1.250649261E0,3.547622681E-2,9.776619415E0,9.856351725E0
1.662329267E1,1.256337433E0,2.005828857E-2,9.802515564E0,9.882717109E0
1.663332367E1,1.260528717E0,4.340972900E-3,9.802216187E0,9.882934466E0
1.664335567E1,1.243464203E0,2.948867798E-2,9.695787506E0,9.775242614E0
1.665338667E1,1.211879883E0,1.571731567E-2,9.734257507E0,9.809417368E0
1.666341867E1,1.262175293E0,-2.754272461E-2,9.884994049E0,9.965287373E0
1.667344967E1,1.313518524E0,-8.681945801E-3,9.852212219E0,9.939390922E0
1.668348167E1,1.330133972E0,-5.987548828E-3,9.874066772E0,9.963256840E0
1.669351267E1,1.293609924E0,8.532257080E-3,9.776769104E0,9.861983246E0
1.670354467E1,1.247655487E0,1.541793823E-2,9.701625366E0,9.781534474E0
1.671357567E1,1.225052490E0,-3.727249146E-2,9.742041321E0,9.818834551E0
1.672360767E1,1.259630585E0,-7.559280396E-2,9.857002258E0,9.937448214E0
1.673363867E1,1.313668213E0,-6.676116943E-2,9.904154205E0,9.991118644E0
1.674367067E1,1.321601715E0,-2.020797729E-2,9.874515839E0,9.962585132E0
1.675370167E1,1.287472687E0,2.859054565E-2,9.792486420E0,9.876800778E0
1.676373367E1,1.254541168E0,8.816665649E-2,9.711055756E0,9.792152511E0
1.677376467E1,1.259630585E0,1.368154907E-1,9.724677429E0,9.806872019E0
1.678379667E1,1.275946655E0,1.666035461E-1,9.753717041E0,9.838231179E0
1.679382767E1,1.298250275E0,1.887574768E-1,9.787097626E0,9.874632302E0
1.680385967E1,1.277593231E0,1.919009399E-1,9.818232880E0,9.902866621E0
1.681389067E1,1.278491364E0,1.950444031E-1,9.840087433E0,9.924711743E0
1.682392267E1,1.277593231E0,1.971400452E-1,9.830507355E0,9.915139107E0
1.683395367E1,1.249302063E0,1.633103943E-1,9.762848053E0,9.843811662E0
1.684398567E1,1.250948639E0,1.160087585E-1,9.724976807E0,9.805789332E0
1.685401667E1,1.262025604E0,6.271957397E-2,9.749376068E0,9.830919392E0
1.686404867E1,1.270557861E0,2.694396973E-3,9.786648560E0,9.868779791E0
1.687407967E1,1.288520508E0,-7.783813477E-2,9.851463776E0,9.935677249E0
1.688411167E1,1.305135956E0,-1.428030396E-1,9.877509613E0,9.964385015E0
1.689414267E1,1.297801208E0,-1.926493835E-1,9.886490936E0,9.973169245E0
1.690417467E1,1.317709808E0,-2.071691895E-1,9.884844360E0,9.974438643E0
1.691420567E1,1.329684906E0,-1.924996948E-1,9.868378601E0,9.959418371E0
1.692423767E1,1.322948914E0,-1.706451416E-1,9.844877472E0,9.934833971E0
1.693426867E1,1.315614166E0,-1.255888367E-1,9.811945953E0,9.900550317E0
1.694430063E1,1.319057007E0,-6.945556641E-2,9.805659027E0,9.894224801E0
1.695433163E1,1.295705566E0,7.484436035E-4,9.783505096E0,9.868932336E0
1.696436362E1,1.274599457E0,6.242019653E-2,9.728419647E0,9.811760744E0
1.697439462E1,1.229543152E0,1.019380188E-1,9.754615173E0,9.832328559E0
1.698442663E1,1.210233307E0,1.472937012E-1,9.754914551E0,9.830804544E0
1.699445762E1,1.247805176E0,1.613644409E-1,9.773775330E0,9.854427453E0
1.700448962E1,1.306632843E0,1.097218323E-1,9.830806732E0,9.917867174E0
1.701452063E1,1.338815918E0,8.786727905E-2,9.870623932E0,9.961393754E0
1.702455263E1,1.339414673E0,8.023315430E-2,9.864786072E0,9.955625207E0
1.703458362E1,1.322200470E0,6.032455444E-2,9.847272491E0,9.935825515E0
1.704461562E1,1.305135956E0,7.200027466E-2,9.806557159E0,9.893286978E0
1.705464663E1,1.300046539E0,7.858657837E-2,9.769284668E0,9.855720155E0
1.706467862E1,1.294807434E0,5.912704468E-2,9.734556885E0,9.820469441E0
1.707470962E1,1.268312531E0,3.113525391E-2,9.756112061E0,9.838257397E0
1.708474163E1,1.272354126E0,7.933502197E-3,9.825118561E0,9.907164211E0
1.709477263E1,1.314416656E0,-4.340972900E-2,9.867480469E0,9.954734871E0
1.710480462E1,1.328038330E0,-6.047424316E-2,9.880503387E0,9.969538110E0
1.711483562E1,1.328936462E0,-8.652008057E-2,9.820478210E0,9.910365792E0
1.712486763E1,1.314416656E0,-1.008901978E-1,9.780211945E0,9.868658250E0
1.713489863E1,1.291514282E0,-1.166075134E-1,9.761051788E0,9.846813620E0
1.714493062E1,1.295855255E0,-1.083746338E-1,9.756860504E0,9.843135314E0
1.715496162E1,1.278491364E0,-9.864486694E-2,9.728120270E0,9.812267575E0
1.716499363E1,1.278191986E0,-9.355545044E-2,9.687255249E0,9.771665244E0
1.717502462E1,1.264720001E0,-8.098159790E-2,9.679321747E0,9.761933424E0
1.718505662E1,1.242566071E0,-8.322692871E-2,9.710906067E0,9.790433790E0
1.719508763E1,1.279539185E0,-7.813751221E-2,9.759405212E0,9.843237074E0
1.720511963E1,1.297052765E0,-6.765930176E-2,9.779014435E0,9.864889608E0
1.721515062E1,1.298100586E0,-4.909790039E-2,9.792336731E0,9.878124032E0
1.722518262E1,1.306183777E0,-3.682342529E-2,9.800120544E0,9.886851608E0
1.723521363E1,1.273851013E0,-4.505630493E-2,9.808952179E0,9.891424029E0
1.724524562E1,1.266665955E0,-1.392105103E-2,9.809850311E0,9.891299185E0
1.725527662E1,1.263821869E0,2.095642090E-3,9.810000000E0,9.891074265E0
1.726530863E1,1.248852997E0,2.589614868E-2,9.815388794E0,9.894552117E0
1.727533963E1,1.257085876E0,9.879455566E-3,9.828262024E0,9.908334720E0
1.728537162E1,1.276844788E0,2.874023438E-2,9.834099884E0,9.916686903E0
1.729540262E1,1.292711792E0,3.263214111E-2,9.793683929E0,9.878684808E0
1.730543463E1,1.277293854E0,2.784210205E-2,9.788744202E0,9.871766195E0
1.731546563E1,1.277892609E0,9.580078125E-3,9.779164124E0,9.862309681E0
1.732549762E1,1.299896851E0,-1.302291870E-2,9.794731750E0,9.880621007E0
1.733552863E1,1.314416656E0,-3.951782227E-2,9.803114319E0,9.890920238E0
1.734556063E1,1.338815918E0,-4.191284180E-2,9.803713074E0,9.894795338E0
1.735559162E1,1.339115295E0,-5.059478760E-2,9.777966614E0,9.869367797E0
1.736562362E1,1.326391754E0,-5.987548828E-2,9.759854279E0,9.849754093E0
1.737565463E1,1.292861481E0,-8.996292114E-2,9.741592255E0,9.827421014E0
1.738568662E1,1.285826111E0,-1.155596924E-1,9.758357391E0,9.843385688E0
1.739571762E1,1.287173309E0,-1.225950623E-1,9.769584045E0,9.854776360E0
1.740574963E1,1.284329224E0,-9.804611206E-2,9.728120270E0,9.813023926E0
1.741578063E1,1.248852997E0,-8.532257080E-2,9.677675171E0,9.758294444E0
1.742581262E1,1.254092102E0,-9.864486694E-2,9.708810425E0,9.789968216E0
1.743584362E1,1.282083893E0,-1.481918335E-1,9.812395020E0,9.896908403E0
1.744587563E1,1.341210938E0,-1.245410156E-1,9.862540741E0,9.954098006E0
1.745590663E1,1.385967865E0,-1.591191101E-1,9.868977356E0,9.967092849E0
1.746593862E1,1.359472961E0,-1.323248291E-1,9.843530273E0,9.937845080E0
1.747596962E1,1.326242065E0,-7.873626709E-2,9.753567352E0,9.843637209E0
1.748600163E1,1.273701324E0,-5.718109131E-2,9.717492371E0,9.800777659E0
1.749603262E1,1.244512024E0,-2.544708252E-2,9.779164124E0,9.858068203E0
1.750606462E1,1.250050507E0,2.844085693E-2,9.797875214E0,9.877337387E0
1.751609563E1,1.269510040E0,8.652008057E-2,9.774074707E0,9.856555070E0
1.752612763E1,1.294807434E0,9.565109253E-2,9.752220154E0,9.838265769E0
1.753615862E1,1.316063232E0,1.055305481E-1,9.775272217E0,9.864030923E0
1.754619062E1,1.309177551E0,7.439529419E-2,9.822424164E0,9.909565933E0
1.755622163E1,1.294957123E0,2.409988403E-2,9.852361908E0,9.937128857E0
1.756625362E1,1.287322998E0,-1.481918335E-2,9.847571869E0,9.931369081E0
1.757628462E1,1.268761597E0,-6.556365967E-2,9.837393036E0,9.919090499E0
1.758631663E1,1.267863464E0,-1.124162292E-1,9.812993774E0,9.895198936E0
1.759634763E1,1.295705566E0,-1.249900818E-1,9.780960388E0,9.867201303E0
1.760637962E1,1.303190002E0,-1.365161133E-1,9.740544434E0,9.828282998E0
1.761641062E1,1.304537201E0,-1.396595764E-1,9.721683655E0,9.809814228E0
1.762644263E1,1.307980042E0,-1.369651794E-1,9.729317780E0,9.817799942E0
1.763647363E1,1.299747162E0,-1.287322998E-1,9.754914551E0,9.841964874E0
1.764650562E1,1.302441559E0,-1.207987976E-1,9.779014435E0,9.866107119E0
1.765653662E1,1.310973816E0,-1.166075134E-1,9.775421906E0,9.863626265E0
1.766656863E1,1.298699341E0,-1.085243225E-1,9.777068481E0,9.863542244E0
1.767659962E1,1.312321014E0,-1.103205872E-1,9.762398987E0,9.850826922E0
1.768663162E1,1.300196228E0,-9.699829102E-2,9.778864746E0,9.865399871E0
1.769666263E1,1.308578796E0,-8.217910767E-2,9.775721283E0,9.863258005E0
1.770669462E1,1.292562103E0,-4.984634399E-2,9.726922760E0,9.812554603E0
1.771672562E1,1.288370819E0,-1.496887207E-2,9.789642334E0,9.874068081E0
1.772675763E1,1.283131714E0,4.640350342E-3,9.830806732E0,9.914192329E0
1.773678863E1,1.286424866E0,2.664459229E-2,9.765542450E0,9.849945087E0
1.774682062E1,1.285227356E0,-1.496887207E-4,9.758656769E0,9.842925953E0
1.775685162E1,1.281934204E0,-1.017883301E-2,9.779912567E0,9.863576873E0
1.776688363E1,1.258283386E0,-1.571731567E-2,9.761800232E0,9.842574251E0
1.777691463E1,1.262624359E0,-5.957611084E-2,9.797575836E0,9.878778358E0
1.778694662E1,1.302291870E0,-1.040336609E-1,9.859996033E0,9.946170564E0
1.779697762E1,1.368454285E0,-8.846603394E-2,9.891730042E0,9.986331488E0
1.780700963E1,1.393152924E0,-8.816665649E-2,9.833201752E0,9.931792644E0
1.781704062E1,1.353485413E0,-7.424560547E-2,9.769883423E0,9.863470853E0
1.782707262E1,1.302740936E0,-6.511459351E-2,9.723180542E0,9.810281021E0
1.783710363E1,1.256636810E0,-6.077362061E-2,9.704319763E0,9.785532769E0
1.784713563E1,1.236279144E0,-4.894821167E-2,9.748777313E0,9.826975178E0
1.785716662E1,1.265468445E0,-7.170089722E-2,9.816436615E0,9.897928027E0
1.786719862E1,1.313518524E0,-7.963439941E-2,9.798923035E0,9.886888550E0
1.787722963E1,1.301992493E0,-7.229965210E-2,9.763895874E0,9.850587512E0
1.788726162E1,1.286873932E0,-7.349716187E-2,9.763147430E0,9.847867490E0
1.789729262E1,1.254840546E0,-6.361770630E-2,9.779912567E0,9.860292178E0
1.790732463E1,1.248703308E0,-4.939727783E-2,9.766440582E0,9.846068337E0
1.791735563E1,1.222807159E0,-3.397933960E-2,9.723180542E0,9.799829172E0
1.792738762E1,1.212778015E0,-1.616638184E-2,9.713750153E0,9.789179429E0
1.793741925E1,1.205592957E0,-1.646575928E-3,9.726174316E0,9.800608344E0
1.794745125E1,1.221160583E0,-2.544708252E-3,9.748328247E0,9.824517457E0
1.795748225E1,1.239422607E0,2.544708252E-3,9.781708832E0,9.859918993E0
1.796751425E1,1.240769806E0,7.783813477E-3,9.792636108E0,9.870931681E0
1.797754525E1,1.240470428E0,1.197509766E-2,9.814191284E0,9.892282894E0
1.798757725E1,1.243164825E0,1.047821045E-2,9.808802490E0,9.887273379E0
1.799760825E1,1.232985992E0,3.592529297E-3,9.809700623E0,9.886884932E0
1.800764025E1,1.238823853E0,-3.891906738E-3,9.802814941E0,9.880783393E0
1.801767125E1,1.243763580E0,-1.571731567E-2,9.812395020E0,9.890919618E0
1.802770325E1,1.261277161E0,-1.766326904E-2,9.821526031E0,9.902197011E0
1.803773425E1,1.277892609E0,-2.619552612E-2,9.801018677E0,9.884010463E0
1.804776625E1,1.275796967E0,-1.886077881E-2,9.786049805E0,9.868879592E0
1.805779725E1,1.264121246E0,-1.945953369E-2,9.766889648E0,9.848376242E0
1.806782925E1,1.258283386E0,-3.278182983E-2,9.769434357E0,9.850187784E0
1.807786025E1,1.278641052E0,-3.622467041E-2,9.798024902E0,9.881170333E0
1.808789225E1,1.287322998E0,-2.544708252E-2,9.806706848E0,9.890871916E0
1.809792325E1,1.301992493E0,2.095642090E-3,9.770482178E0,9.856850959E0
1.810795525E1,1.274449768E0,8.981323242E-3,9.724378052E0,9.807539517E0
1.811798625E1,1.266216888E0,1.077758789E-2,9.747130737E0,9.829037541E0
1.812801825E1,1.262175293E0,-6.137237549E-3,9.809700623E0,9.890568762E0
1.813804925E1,1.275647278E0,-1.047821045E-2,9.826765137E0,9.909222917E0
1.814808125E1,1.263971558E0,2.634521484E-2,9.711953888E0,9.793894348E0
1.815811225E1,1.225651245E0,4.984634399E-2,9.698332214E0,9.775599898E0
1.816814425E1,1.241817627E0,3.712280273E-2,9.819430389E0,9.897711973E0
1.817817525E1,1.297950897E0,3.338058472E-2,9.895472260E0,9.980288675E0
1.818820725E1,1.321152649E0,6.391708374E-2,9.867929535E0,9.956182151E0
1.819823825E1,1.280437317E0,7.110214233E-2,9.762398987E0,9.846268797E0
1.820827025E1,1.219364319E0,6.885681152E-2,9.736652527E0,9.812950272E0
1.821830125E1,1.197060699E0,4.834945679E-2,9.757608948E0,9.830881159E0
1.822833325E1,1.219214630E0,6.586303711E-3,9.794582062E0,9.870175554E0
1.823836425E1,1.260079651E0,1.422042847E-2,9.822424164E0,9.902929839E0
1.824839625E1,1.254541168E0,3.113525391E-2,9.816735992E0,9.896623085E0
1.825842725E1,1.234782257E0,5.493576050E-2,9.783205719E0,9.860974561E0
1.826845925E1,1.204096069E0,7.095245361E-2,9.742340698E0,9.816724702E0
1.827849025E1,1.211879883E0,1.014889526E-1,9.761949921E0,9.837409167E0
1.828852225E1,1.234632568E0,1.086740112E-1,9.814490662E0,9.892439263E0
1.829855325E1,1.272803192E0,1.131646729E-1,9.837991791E0,9.920630861E0
1.830858525E1,1.265169067E0,1.065783691E-1,9.823471985E0,9.905181147E0
1.831861625E1,1.262474670E0,9.415420532E-2,9.808054047E0,9.889420180E0
1.832864825E1,1.234482880E0,9.475296021E-2,9.792935486E0,9.870892135E0
1.833867925E1,1.240620117E0,7.379653931E-2,9.783804474E0,9.862424356E0
1.834871125E1,1.243314514E0,7.589218140E-2,9.748927002E0,9.828182349E0
1.835874225E1,1.229393463E0,5.748046875E-2,9.740245056E0,9.817692501E0
1.836877425E1,1.229692841E0,3.397933960E-2,9.768985291E0,9.846134911E0
1.837880525E1,1.220262451E0,4.101470947E-2,9.770182800E0,9.846176649E0
1.838883725E1,1.221759338E0,2.754272461E-2,9.798923035E0,9.874834030E0
1.839886825E1,1.227746887E0,1.347198486E-2,9.804012451E0,9.880597353E0
1.840890025E1,1.217717743E0,7.634124756E-3,9.806257782E0,9.881578137E0
1.841893125E1,1.221759338E0,3.577560425E-2,9.832902374E0,9.908579357E0
1.842896325E1,1.220711517E0,3.772155762E-2,9.807305603E0,9.883056345E0
1.843899425E1,1.250948639E0,6.286926270E-2,9.814640350E0,9.894240256E0
1.844902625E1,1.256936188E0,8.951385498E-2,9.833052063E0,9.913466305E0
1.845905725E1,1.254990234E0,9.550140381E-2,9.819430389E0,9.899764350E0
1.846908925E1,1.236877899E0,1.160087585E-1,9.753717041E0,9.832513467E0
1.847912025E1,1.229692841E0,1.465452576E-1,9.822124786E0,9.899886631E0
1.848915225E1,1.195863190E0,1.544787598E-1,9.766290894E0,9.840446650E0
1.849918325E1,1.213526459E0,1.815724182E-1,9.740394745E0,9.817377694E0
1.850921525E1,1.241069183E0,1.374142456E-1,9.779463501E0,9.858856007E0
1.851924625E1,1.301094360E0,7.574249268E-2,9.823621674E0,9.909698595E0
1.852927825E1,1.315763855E0,6.092330933E-2,9.841434631E0,9.929188374E0
1.853930925E1,1.280587006E0,2.978805542E-2,9.826765137E0,9.909899266E0
1.854934125E1,1.246008911E0,2.170486450E-2,9.804012451E0,9.882897827E0
1.855937225E1,1.255139923E0,1.871109009E-2,9.792187042E0,9.872317529E0
1.856940425E1,1.255888367E0,1.811233521E-2,9.810149689E0,9.890228539E0
1.857943525E1,1.260229340E0,2.529739380E-2,9.803713074E0,9.884412374E0
1.858946725E1,1.243314514E0,7.244934082E-2,9.772128754E0,9.851171517E0
1.859949825E1,1.227148132E0,7.798782349E-2,9.776469727E0,9.853493541E0
1.860953025E1,1.229842529E0,8.158035278E-2,9.817035370E0,9.894106905E0
1.861956125E1,1.249451752E0,9.026229858E-2,9.836943970E0,9.916387630E0
1.862959325E1,1.254391479E0,9.101074219E-2,9.823921051E0,9.904100452E0
1.863962425E1,1.242715759E0,9.205856323E-2,9.810748444E0,9.889570378E0
1.864965625E1,1.235830078E0,9.310638428E-2,9.803862762E0,9.881885946E0
1.865968725E1,1.228495331E0,8.996292114E-2,9.781708832E0,9.858961496E0
1.866971925E1,1.218316498E0,9.804611206E-2,9.757159882E0,9.833416349E0
1.867975025E1,1.189426575E0,8.337661743E-2,9.743089142E0,9.815776753E0
1.868978225E1,1.206191711E0,7.125183105E-2,9.782008209E0,9.856351245E0
1.869981325E1,1.235231323E0,4.640350342E-2,9.829758911E0,9.907174671E0
1.870984525E1,1.247056732E0,6.945556641E-2,9.834548950E0,9.913542637E0
1.871987625E1,1.250798950E0,6.706054688E-2,9.811047821E0,9.890685238E0
1.872990825E1,1.240470428E0,5.792953491E-2,9.804012451E0,9.882347032E0
1.873993925E1,1.225202179E0,6.646179199E-2,9.783205719E0,9.859850490E0
1.874997125E1,1.219064941E0,7.828720093E-2,9.772428131E0,9.848482106E0
1.876000225E1,1.224753113E0,1.074765015E-1,9.769584045E0,9.846641245E0
1.877003425E1,1.206341400E0,1.435514832E-1,9.784103851E0,9.859237028E0
1.878006525E1,1.219813385E0,1.627116394E-1,9.802814941E0,9.879757110E0
1.879009725E1,1.231638794E0,1.999841309E-1,9.813293152E0,9.892302576E0
1.880012825E1,1.229992218E0,2.079176331E-1,9.788744202E0,9.867908778E0
1.881016025E1,1.215622101E0,1.960922241E-1,9.750274200E0,9.827717753E0
1.882019125E1,1.227148132E0,1.489402771E-1,9.775421906E0,9.853270989E0
1.883022325E1,1.229094086E0,8.921447754E-2,9.821975098E0,9.898981075E0
1.884025425E1,1.242266693E0,5.269042969E-2,9.839338989E0,9.917590159E0
1.885028625E1,1.256487122E0,2.395019531E-3,9.834099884E0,9.914044894E0
1.886031725E1,1.260079651E0,-4.311035156E-2,9.839338989E0,9.919790874E0
1.887034925E1,1.281036072E0,-7.185058594E-2,9.890831909E0,9.973704015E0
1.888038025E1,1.302890625E0,-5.688171387E-2,9.890382843E0,9.975992797E0
1.889041225E1,1.299896851E0,-4.236190796E-2,9.824968872E0,9.910678064E0
1.890044325E1,1.273851013E0,-1.422042847E-2,9.749226379E0,9.832106266E0
1.891047525E1,1.237326965E0,-1.975891113E-2,9.761051788E0,9.839181899E0
1.892050625E1,1.228046265E0,-3.577560425E-2,9.815538483E0,9.892126830E0
1.893053825E1,1.232536926E0,-3.263214111E-2,9.789492645E0,9.866832236E0
1.894056912E1,1.229393463E0,7.334747314E-3,9.738897858E0,9.816190380E0
1.895060113E1,1.246308289E0,2.050735474E-2,9.786498871E0,9.865559541E0
1.896063212E1,1.327738953E0,2.005828857E-2,9.867779846E0,9.956724971E0
1.897066412E1,1.363065491E0,7.843688965E-2,9.798923035E0,9.893583401E0
1.898069513E1,1.343755646E0,1.029858398E-1,9.783505096E0,9.875892734E0
1.899072712E1,1.299298096E0,6.631210327E-2,9.760752411E0,9.847073701E0
1.900075812E1,1.250948639E0,4.580474854E-2,9.768835602E0,9.848711570E0
1.901079013E1,1.222058716E0,2.829116821E-2,9.776020660E0,9.852147372E0
1.902082113E1,1.218466187E0,1.841171265E-2,9.843230896E0,9.918376546E0
1.903085312E1,1.212179260E0,3.143463135E-2,9.897867279E0,9.971867597E0
1.904088412E1,1.198557587E0,7.903564453E-2,9.844129028E0,9.917139872E0
1.905091613E1,1.179397430E0,1.035845947E-1,9.765991516E0,9.837494516E0
1.906094713E1,1.188079376E0,9.939331055E-2,9.747579803E0,9.820220143E0
1.907097912E1,1.211131439E0,7.394622803E-2,9.764494629E0,9.839596677E0
1.908101012E1,1.256187744E0,3.727249146E-2,9.825567627E0,9.905613362E0
1.909104213E1,1.296753387E0,4.041595459E-3,9.862690430E0,9.947574991E0
1.910107312E1,1.318458252E0,-2.529739380E-2,9.865833893E0,9.953574761E0
1.911110512E1,1.316512299E0,-4.984634399E-2,9.841883698E0,9.929670891E0
1.912113613E1,1.312470703E0,-5.598358154E-2,9.813742218E0,9.901275162E0
1.913116813E1,1.296304321E0,-4.924758911E-2,9.770781555E0,9.856520807E0
1.914119912E1,1.284478912E0,-4.475692749E-2,9.724378052E0,9.808945802E0
1.915123112E1,1.274749146E0,-5.284011841E-2,9.709558868E0,9.793023582E0
1.916126213E1,1.270258484E0,-6.047424316E-2,9.714947662E0,9.797827404E0
1.917129412E1,1.291065216E0,-3.218307495E-2,9.758656769E0,9.843742534E0
1.918132512E1,1.304088135E0,-4.311035156E-2,9.777667236E0,9.864343919E0
1.919135713E1,1.301094360E0,-4.206253052E-2,9.807604980E0,9.893620735E0
1.920138813E1,1.296004944E0,-3.023712158E-2,9.815089417E0,9.900329457E0
1.921142012E1,1.291963348E0,-2.859054565E-2,9.813143463E0,9.897867010E0
1.922145112E1,1.297501831E0,-4.191284180E-3,9.798623657E0,9.884156724E0
1.923148313E1,1.280287628E0,1.871109009E-2,9.802365875E0,9.885639244E0
1.924151413E1,1.267713776E0,4.370910645E-2,9.795180817E0,9.876972002E0
1.925154612E1,1.263223114E0,7.080276489E-2,9.785001984E0,9.866458812E0
1.926157712E1,1.247505798E0,9.295669556E-2,9.779014435E0,9.858703514E0
1.927160913E1,1.237476654E0,9.011260986E-2,9.851314087E0,9.929141856E0
1.928164012E1,1.249751129E0,7.544311523E-2,9.816286926E0,9.895810152E0
1.929167212E1,1.286275177E0,6.242019653E-2,9.781708832E0,9.866115131E0
1.930170313E1,1.288071442E0,2.320175171E-2,9.773475952E0,9.858016968E0
1.931173513E1,1.299747162E0,-2.544708252E-2,9.797575836E0,9.883444870E0
1.932176612E1,1.313368835E0,-6.780899048E-2,9.841434631E0,9.928915921E0
1.933179813E1,1.319206696E0,-8.202941895E-2,9.817783813E0,9.906357259E0
1.934182913E1,1.311871948E0,-8.202941895E-2,9.777517548E0,9.865474455E0
1.935186112E1,1.322499847E0,-5.763015747E-2,9.742340698E0,9.831862965E0
1.936189212E1,1.337019653E0,-2.993774414E-2,9.693542175E0,9.785360378E0
1.937192413E1,1.347946930E0,-2.305206299E-2,9.709558868E0,9.802705022E0
1.938195513E1,1.321452026E0,-5.239105225E-3,9.752220154E0,9.841344463E0
1.939198712E1,1.300345917E0,-2.020797729E-2,9.775571594E0,9.861699035E0
1.940201812E1,1.309177551E0,-3.697311401E-2,9.816286926E0,9.903272282E0
1.941205013E1,1.306483154E0,-6.376739502E-2,9.839937744E0,9.926496830E0
1.942208112E1,1.291813660E0,-6.735992432E-2,9.824370117E0,9.909165862E0
1.943211312E1,1.290167084E0,-5.448669434E-2,9.795031128E0,9.879784142E0
1.944214413E1,1.262324982E0,-5.583389282E-2,9.789792023E0,9.870998411E0
1.945217613E1,1.237626343E0,-3.412902832E-2,9.772278442E0,9.850396424E0
1.946220712E1,1.217268677E0,-2.754272461E-2,9.748477936E0,9.824221277E0
1.947223912E1,1.227896576E0,-1.437011719E-2,9.744586029E0,9.821654310E0
1.948227013E1,1.253643036E0,-2.200424194E-2,9.766590271E0,9.846745176E0
1.949230212E1,1.260828094E0,-3.442840576E-2,9.780062256E0,9.861059300E0
1.950233312E1,1.286873932E0,-3.233276367E-2,9.781409454E0,9.865751914E0
1.951236513E1,1.291364594E0,-4.805007935E-2,9.798923035E0,9.883765677E0
1.952239613E1,1.297501831E0,-6.346801758E-2,9.791737976E0,9.877533689E0
1.953242812E1,1.299148407E0,-5.269042969E-2,9.795180817E0,9.881099640E0
1.954245912E1,1.297651520E0,-4.236190796E-2,9.788594513E0,9.874324105E0
1.955249113E1,1.297202454E0,-2.829116821E-2,9.791887665E0,9.877479367E0
1.956252213E1,1.293160858E0,-3.293151855E-2,9.788744202E0,9.873847403E0
1.957255412E1,1.277892609E0,-1.347198486E-2,9.782756653E0,9.865876481E0
1.958258512E1,1.260528717E0,-2.200424194E-2,9.766290894E0,9.847327285E0
1.959261713E1,1.273851013E0,-3.637435913E-2,9.783954163E0,9.866599138E0
1.960264812E1,1.289568329E0,-3.308120728E-2,9.812395020E0,9.896826606E0
1.961268012E1,1.294657745E0,-3.607498169E-2,9.804311829E0,9.889487879E0
1.962271113E1,1.314266968E0,-3.218307495E-2,9.807155914E0,9.894879511E0
1.963274313E1,1.297501831E0,-3.308120728E-2,9.771529999E0,9.857352783E0
1.964277412E1,1.298399963E0,-3.727249146E-2,9.750573578E0,9.836712703E0
1.965280612E1,1.275796967E0,-6.032455444E-2,9.760902100E0,9.844110257E0
1.966283713E1,1.282982025E0,-7.933502197E-2,9.784103851E0,9.868182462E0
1.967286912E1,1.289418640E0,-7.334747314E-2,9.768835602E0,9.853838303E0
1.968290012E1,1.286873932E0,-6.092330933E-2,9.687854004E0,9.773140302E0
1.969293213E1,1.261726227E0,-5.538482666E-2,9.661508789E0,9.743704256E0
1.970296313E1,1.260379028E0,-1.056802368E-1,9.746082916E0,9.827810327E0
1.971299512E1,1.293759613E0,-1.454974365E-1,9.832602997E0,9.918420496E0
1.972302612E1,1.344504089E0,-1.360670471E-1,9.836345215E0,9.928740740E0
1.973305813E1,1.353335724E0,-1.541793823E-1,9.829010468E0,9.922939869E0
1.974308913E1,1.321152649E0,-1.408570862E-1,9.810000000E0,9.899564891E0
1.975312112E1,1.278940430E0,-1.035845947E-1,9.718240814E0,9.802582461E0
1.976315213E1,1.238674164E0,-1.005908203E-1,9.729766846E0,9.808812113E0
1.977318413E1,1.245709534E0,-6.331832886E-2,9.778265991E0,9.857499036E0
1.978321512E1,1.256786499E0,-1.167572021E-2,9.809101868E0,9.889293609E0
1.979324712E1,1.292711792E0,3.397933960E-2,9.802964630E0,9.887890266E0
1.980327813E1,1.305435333E0,6.002517700E-2,9.800569611E0,9.887311522E0
1.981331012E1,1.317859497E0,5.298980713E-2,9.825867004E0,9.913991323E0
1.982334112E1,1.311572571E0,4.191284180E-2,9.833501129E0,9.920671537E0
1.983337313E1,1.297801208E0,8.681945801E-3,9.847122803E0,9.932280244E0
1.984340413E1,1.293011169E0,-1.556762695E-2,9.836943970E0,9.921571796E0
1.985343612E1,1.287772064E0,-4.939727783E-2,9.797725525E0,9.882116294E0
1.986346712E1,1.283281403E0,-7.858657837E-2,9.782157898E0,9.866286036E0
1.987349913E1,1.291214905E0,-8.607101440E-2,9.741442566E0,9.827021289E0
1.988353013E1,1.300794983E0,-8.457412720E-2,9.737550659E0,9.824414141E0
1.989356212E1,1.313368835E0,-8.143066406E-2,9.720635834E0,9.809298123E0
1.990359312E1,1.307381287E0,-6.870712280E-2,9.733958130E0,9.821604114E0
1.991362513E1,1.295106812E0,-7.319778442E-2,9.733209686E0,9.819268321E0
1.992365612E1,1.276395721E0,-6.511459351E-2,9.748477936E0,9.831899512E0
1.993368812E1,1.287023621E0,-6.661148071E-2,9.752070465E0,9.836856472E0
1.994371817E1,1.277593231E0,-5.553451538E-2,9.752519531E0,9.836003546E0
1.995375017E1,1.271156616E0,-7.185058594E-2,9.751322021E0,9.834087798E0
1.996378117E1,1.253942413E0,-5.254074097E-2,9.763596497E0,9.843929533E0
1.997381317E1,1.260528717E0,-3.966751099E-2,9.771380310E0,9.852430123E0
1.998384417E1,1.249900818E0,-1.721420288E-2,9.724976807E0,9.804984563E0
1.999387617E1,1.266216888E0,1.302291870E-2,9.809401245E0,9.890795094E0
2.000390717E1,1.277144165E0,3.158432007E-2,9.827513580E0,9.910202720E0
2.001393917E1,1.285975800E0,5.927673340E-2,9.780810699E0,9.865166265E0
2.002397017E1,1.281634827E0,4.520599365E-2,9.724078674E0,9.808279027E0
2.003400217E1,1.278341675E0,4.879852295E-2,9.684710541E0,9.768836010E0
2.004403317E1,1.266516266E0,2.050735474E-2,9.754764862E0,9.836662113E0
2.005406517E1,1.251996460E0,-4.146377563E-2,9.808503113E0,9.888172111E0
2.006409617E1,1.273851013E0,-5.523513794E-2,9.844578094E0,9.926805387E0
2.007412817E1,1.325194244E0,-5.328918457E-2,9.851912842E0,9.940782975E0
2.008415917E1,1.333726501E0,-4.715194702E-2,9.829309845E0,9.919495033E0
2.009419117E1,1.329684906E0,-1.631607056E-2,9.783355408E0,9.873316120E0
2.010422217E1,1.286275177E0,-1.002914429E-2,9.748777313E0,9.833273286E0
2.011425417E1,1.245559845E0,1.796264648E-2,9.732910309E0,9.812302740E0
2.012428517E1,1.247655487E0,2.978805542E-2,9.773625641E0,9.852983797E0
2.013431717E1,1.286724243E0,4.370910645E-2,9.824519806E0,9.908519525E0
2.014434817E1,1.317410431E0,7.095245361E-2,9.817035370E0,9.905290907E0
2.015438017E1,1.337468719E0,8.143066406E-2,9.789043579E0,9.880325284E0
2.016441117E1,1.306632843E0,7.020401001E-2,9.791588287E0,9.878634479E0
2.017444317E1,1.275647278E0,6.032455444E-2,9.804760895E0,9.887580656E0
2.018447417E1,1.247805176E0,3.457809448E-2,9.784253540E0,9.863560753E0
2.019450617E1,1.230740662E0,1.407073975E-2,9.787846069E0,9.864930372E0
2.020453717E1,1.231040039E0,-5.089416504E-3,9.777816925E0,9.855008336E0
2.021456917E1,1.260079651E0,-2.454895020E-2,9.803413696E0,9.884094469E0
2.022460017E1,1.312021637E0,-3.233276367E-2,9.821076965E0,9.908380238E0
2.023463217E1,1.316661987E0,-2.005828857E-2,9.809101868E0,9.897094552E0
2.024466317E1,1.318757629E0,-1.616638184E-2,9.794731750E0,9.883124663E0
2.025469517E1,1.320254517E0,3.442840576E-3,9.787546692E0,9.876191274E0
2.026472617E1,1.303190002E0,2.095642090E-2,9.770182800E0,9.856734515E0
2.027475817E1,1.291214905E0,1.511856079E-2,9.781409454E0,9.866277688E0
2.028478917E1,1.277293854E0,2.350112915E-2,9.766290894E0,9.849490835E0
2.029482117E1,1.272204437E0,1.871109009E-2,9.791288910E0,9.873610928E0
2.030485217E1,1.278191986E0,3.502716064E-2,9.788444824E0,9.871608467E0
2.031488417E1,1.281036072E0,2.724334717E-2,9.817484436E0,9.900747258E0
2.032491517E1,1.288670197E0,2.484832764E-2,9.817484436E0,9.901731615E0
2.033494717E1,1.281485138E0,2.559677124E-2,9.811496887E0,9.894863846E0
2.034497817E1,1.279090118E0,1.451980591E-2,9.808353424E0,9.891414421E0
2.035501017E1,1.261576538E0,3.233276367E-2,9.801318054E0,9.882229322E0
2.036504217E1,1.250649261E0,1.392105103E-2,9.802216187E0,9.881688092E0
2.037507317E1,1.251547394E0,1.916015625E-2,9.765392761E0,9.845284850E0
2.038510417E1,1.250649261E0,9.879455566E-3,9.795629883E0,9.875149922E0
2.039513617E1,1.278491364E0,1.691482544E-2,9.814340973E0,9.897278162E0
2.040516817E1,1.295106812E0,4.894821167E-2,9.783355408E0,9.868826709E0
2.041519917E1,1.272054749E0,3.532653809E-2,9.775122528E0,9.857605779E0
2.042523017E1,1.261875916E0,5.149291992E-2,9.803862762E0,9.884872655E0
2.043526217E1,1.271905060E0,4.445755005E-2,9.820328522E0,9.902452789E0
2.044529417E1,1.278191986E0,3.682342529E-2,9.819131012E0,9.902043453E0
2.045532517E1,1.252894592E0,3.876937866E-2,9.752968597E0,9.833190956E0
2.046535717E1,1.212628326E0,4.400848389E-2,9.695039063E0,9.770679947E0
2.047538817E1,1.220711517E0,3.293151855E-3,9.828262024E0,9.903781190E0
2.048542017E1,1.271006927E0,-1.481918335E-2,9.883946228E0,9.965343509E0
2.049545117E1,1.334474945E0,7.334747314E-3,9.880802765E0,9.970513550E0
2.050548217E1,1.348994751E0,2.844085693E-3,9.850565643E0,9.942506647E0
2.051551417E1,1.287772064E0,3.098556519E-2,9.718989258E0,9.803982313E0
2.052554617E1,1.241069183E0,3.592529297E-3,9.713001709E0,9.791969558E0
2.053557717E1,1.256187744E0,-2.604583740E-2,9.774972839E0,9.855393449E0
2.054560917E1,1.314266968E0,-5.553451538E-2,9.871072998E0,9.958336401E0
2.055564017E1,1.347348175E0,-2.948867798E-2,9.886041870E0,9.977476662E0
2.056567117E1,1.331331482E0,1.841171265E-2,9.799821167E0,9.889857300E0
2.057570317E1,1.287322998E0,6.945556641E-2,9.740993500E0,9.825933998E0
2.058573517E1,1.281335449E0,1.073268127E-1,9.728419647E0,9.813026465E0
2.059576617E1,1.296304321E0,1.311273193E-1,9.745184784E0,9.831898379E0
2.060579817E1,1.325643311E0,1.507365417E-1,9.797575836E0,9.887999998E0
2.061582917E1,1.342109070E0,1.445993042E-1,9.834399261E0,9.926609419E0
2.062586017E1,1.310225372E0,1.327738953E-1,9.824968872E0,9.912836767E0
2.063589217E1,1.298250275E0,1.206491089E-1,9.833800507E0,9.919861006E0
2.064592417E1,1.270108795E0,9.475296021E-2,9.828411713E0,9.910591873E0
2.065595517E1,1.265767822E0,7.035369873E-2,9.790690155E0,9.872422779E0
2.066598717E1,1.260828094E0,5.343887329E-2,9.779613190E0,9.860698623E0
2.067601817E1,1.260678406E0,4.326004028E-2,9.757309570E0,9.838509619E0
2.068605017E1,1.266665955E0,1.856140137E-2,9.754465485E0,9.836380638E0
2.069608117E1,1.267713776E0,1.047821045E-2,9.786798248E0,9.868567675E0
2.070611317E1,1.270408173E0,1.077758789E-2,9.787247314E0,9.869359811E0
2.071614417E1,1.262474670E0,3.697311401E-2,9.787097626E0,9.868256646E0
2.072617617E1,1.258582764E0,4.655319214E-2,9.775870972E0,9.856665310E0
2.073620717E1,1.279988251E0,4.984634399E-2,9.768236847E0,9.851868131E0
2.074623917E1,1.283580780E0,5.882766724E-2,9.794432373E0,9.878357446E0
2.075627017E1,1.302291870E0,5.628295898E-2,9.831106110E0,9.917145720E0
2.076630217E1,1.305435333E0,5.807922363E-2,9.845775604E0,9.932111148E0
2.077633317E1,1.289268951E0,6.900650024E-2,9.801467743E0,9.886139097E0
2.078636517E1,1.266366577E0,7.349716187E-2,9.811796265E0,9.893454001E0
2.079639617E1,1.223854980E0,6.047424316E-2,9.810149689E0,9.886380281E0
2.080642817E1,1.235530701E0,4.790039063E-2,9.797426147E0,9.875139983E0
2.081645917E1,1.282083893E0,-1.242416382E-2,9.849068756E0,9.932172412E0
2.082649117E1,1.356329498E0,-5.284011841E-2,9.902357941E0,9.994954456E0
2.083652217E1,1.355281677E0,-5.748046875E-2,9.884245605E0,9.976893485E0
2.084655417E1,1.328487396E0,-7.694000244E-2,9.860295410E0,9.949684623E0
2.085658517E1,1.306782532E0,-6.077362061E-2,9.834698639E0,9.921324072E0
2.086661717E1,1.317859497E0,-1.317260742E-2,9.801916809E0,9.890121349E0
2.087664817E1,1.331032104E0,3.143463135E-2,9.738299103E0,9.828891291E0
2.088668017E1,1.310674438E0,6.571334839E-2,9.709259491E0,9.797545896E0
2.089671117E1,1.322050781E0,7.559280396E-2,9.746681671E0,9.836225706E0
2.090674317E1,1.316212921E0,7.738906860E-2,9.791438599E0,9.879811504E0
2.091677417E1,1.319805450E0,7.679031372E-2,9.821975098E0,9.910548824E0
2.092680617E1,1.325942688E0,6.242019653E-2,9.836794281E0,9.925952953E0
2.093683717E1,1.312321014E0,5.792953491E-2,9.824519806E0,9.911948935E0
2.094686967E1,1.297202454E0,4.864883423E-2,9.798923035E0,9.884533047E0
2.095690067E1,1.246907043E0,3.083587646E-2,9.774673462E0,9.853931668E0
2.096693267E1,1.232087860E0,4.041595459E-3,9.773176575E0,9.850534868E0
2.097696367E1,1.253792725E0,-4.939727783E-3,9.752070465E0,9.832339445E0
2.098699567E1,1.248852997E0,-2.380050659E-2,9.753866730E0,9.833520044E0
2.099702667E1,1.256786499E0,-4.819976807E-2,9.762099609E0,9.842785394E0
2.100705867E1,1.280886383E0,-7.723937988E-2,9.753417664E0,9.837468779E0
2.101708967E1,1.297202454E0,-8.801696777E-2,9.780361633E0,9.866405367E0
2.102712167E1,1.307980042E0,-9.639953613E-2,9.787546692E0,9.875027843E0
2.103715267E1,1.318907318E0,-9.669891357E-2,9.770631866E0,9.859721815E0
2.104718467E1,1.315913544E0,-9.624984741E-2,9.767638092E0,9.856350561E0
2.105721567E1,1.315763855E0,-1.020877075E-1,9.777667236E0,9.866328243E0
2.106724767E1,1.320254517E0,-7.783813477E-2,9.780960388E0,9.869970460E0
2.107727867E1,1.310225372E0,-5.568420410E-2,9.779613190E0,9.867148798E0
2.108731067E1,1.299298096E0,-4.999603271E-2,9.774374084E0,9.860479902E0
2.109734167E1,1.306333466E0,-1.676513672E-2,9.770332489E0,9.857290963E0
2.110737367E1,1.323547668E0,-7.185058594E-3,9.798324280E0,9.887314537E0
2.111740467E1,1.328786774E0,-6.286926270E-3,9.801467743E0,9.891131570E0
2.112743667E1,1.319057007E0,3.218307495E-2,9.778265991E0,9.866885675E0
2.113746767E1,1.292412415E0,3.173400879E-2,9.766440582E0,9.851634308E0
2.114749967E1,1.292262726E0,3.173400879E-2,9.789193268E0,9.874171096E0
2.115753067E1,1.301244049E0,1.377136230E-2,9.816586304E0,9.902463955E0
2.116756267E1,1.322200470E0,1.257385254E-2,9.831106110E0,9.919627993E0
2.117759367E1,1.347946930E0,1.017883301E-2,9.800569611E0,9.892837269E0
2.118762567E1,1.314416656E0,4.490661621E-3,9.780062256E0,9.867995189E0
2.119765667E1,1.295855255E0,7.484436035E-4,9.773326263E0,9.858861377E0
2.120768867E1,1.278790741E0,-3.622467041E-2,9.804311829E0,9.887423750E0
2.121771967E1,1.275647278E0,-6.242019653E-2,9.819879456E0,9.902585762E0
2.122775167E1,1.289718018E0,-4.161346436E-2,9.749825134E0,9.834845926E0
2.123778267E1,1.257085876E0,-3.607498169E-2,9.707912292E0,9.789030973E0
2.124781467E1,1.253792725E0,-4.700225830E-2,9.690249023E0,9.771137679E0
2.125784567E1,1.293011169E0,-1.068777466E-1,9.797126770E0,9.882661265E0
2.126787767E1,1.355281677E0,-1.468446350E-1,9.837842102E0,9.931842175E0
2.127790867E1,1.411864014E0,-1.552272034E-1,9.852810974E0,9.954664212E0
2.128794067E1,1.410965881E0,-1.793270874E-1,9.840985565E0,9.943237894E0
2.129797167E1,1.356928253E0,-1.318757629E-1,9.745184784E0,9.840084958E0
2.130800367E1,1.309925995E0,-1.148112488E-1,9.691446533E0,9.780246604E0
2.131803467E1,1.293011169E0,-8.562194824E-2,9.760902100E0,9.846543495E0
2.132806667E1,1.280437317E0,-2.918930054E-2,9.779164124E0,9.862678272E0
2.133809767E1,1.290167084E0,4.595443726E-2,9.748777313E0,9.833885398E0
2.134812967E1,1.296154633E0,7.244934082E-2,9.729467468E0,9.815691670E0
2.135816067E1,1.310824127E0,1.008901978E-1,9.747879181E0,9.836136805E0
2.136819267E1,1.324894867E0,8.262817383E-2,9.799072723E0,9.888579274E0
2.137822367E1,1.330133972E0,5.194198608E-2,9.868528290E0,9.957901634E0
2.138825567E1,1.313817902E0,2.110610962E-2,9.883497162E0,9.970460325E0
2.139828667E1,1.290167084E0,-2.395019531E-2,9.857750702E0,9.941848602E0
2.140831867E1,1.284179535E0,-6.212081909E-2,9.839338989E0,9.922981801E0
2.141834967E1,1.301094360E0,-7.424560547E-2,9.801467743E0,9.887726172E0
2.142838167E1,1.296154633E0,-8.113128662E-2,9.770033112E0,9.855970075E0
2.143841267E1,1.311422882E0,-9.894424438E-2,9.738598480E0,9.826999557E0
2.144844467E1,1.298250275E0,-9.969268799E-2,9.723479919E0,9.810272889E0
2.145847567E1,1.300495605E0,-9.849517822E-2,9.746681671E0,9.833554480E0
2.146850767E1,1.310824127E0,-9.879455566E-2,9.785600739E0,9.873499991E0
2.147853867E1,1.325044556E0,-1.109193420E-1,9.783505096E0,9.873450164E0
2.148857067E1,1.325493622E0,-1.019380188E-1,9.779014435E0,9.868963878E0
2.149860167E1,1.323248291E0,-9.789642334E-2,9.785301361E0,9.874851517E0
2.150863367E1,1.324445801E0,-9.984237671E-2,9.762099609E0,9.852041106E0
2.151866467E1,1.309925995E0,-8.023315430E-2,9.782756653E0,9.870393670E0
2.152869667E1,1.312919769E0,-5.418731689E-2,9.760602722E0,9.848657781E0
2.153872767E1,1.302291870E0,-2.454895020E-2,9.758956146E0,9.845496017E0
2.154875967E1,1.289867706E0,-0.000000000E0,9.846224670E0,9.930352409E0
2.155879067E1,1.302291870E0,1.796264648E-2,9.773326263E0,9.859725809E0
2.156882267E1,1.306632843E0,1.152603149E-2,9.752519531E0,9.839667649E0
2.157885367E1,1.301693115E0,-2.155517578E-2,9.771529999E0,9.857873407E0
2.158888567E1,1.299298096E0,-3.592529297E-2,9.768386536E0,9.854483329E0
2.159891667E1,1.287023621E0,-3.861968994E-2,9.757159882E0,9.841752397E0
2.160894867E1,1.290915527E0,-7.634124756E-2,9.772278442E0,9.857470103E0
2.161897967E1,1.347048798E0,-9.849517822E-2,9.855056305E0,9.947179326E0
2.162901167E1,1.398841095E0,-9.295669556E-2,9.833650818E0,9.933080376E0
2.163904267E1,1.395098877E0,-7.439529419E-2,9.785451050E0,9.884679448E0
2.164907467E1,1.331481171E0,-6.601272583E-2,9.746981049E0,9.837725314E0
2.165910567E1,1.294657745E0,-4.580474854E-2,9.738448792E0,9.824236439E0
2.166913767E1,1.290167084E0,-4.775070190E-2,9.765841827E0,9.850811024E0
2.167916867E1,1.308279419E0,-4.475692749E-2,9.807904358E0,9.894876761E0
2.168920067E1,1.327439575E0,-5.284011841E-2,9.796378326E0,9.886046541E0
2.169923167E1,1.335971832E0,-4.056564331E-2,9.741741943E0,9.833005766E0
2.170926367E1,1.306183777E0,-4.161346436E-2,9.742191010E0,9.829452345E0
2.171929467E1,1.282383270E0,-5.119354248E-2,9.755513306E0,9.839571509E0
2.172932667E1,1.282682648E0,-5.269042969E-2,9.783355408E0,9.867223221E0
2.173935767E1,1.255738678E0,-8.502319336E-2,9.763596497E0,9.844385462E0
2.174938967E1,1.246757355E0,-8.666976929E-2,9.743837585E0,9.823659524E0
2.175942067E1,1.243164825E0,-9.086105347E-2,9.773625641E0,9.852790096E0
2.176945267E1,1.274150391E0,-9.280700684E-2,9.789492645E0,9.872499107E0
2.177948367E1,1.280437317E0,-7.559280396E-2,9.793833618E0,9.877469865E0
2.178951567E1,1.280437317E0,-9.086105347E-2,9.771829376E0,9.855781289E0
2.179954667E1,1.278940430E0,-6.346801758E-2,9.769134979E0,9.852700902E0
2.180957867E1,1.286424866E0,-4.879852295E-2,9.790839844E0,9.875110889E0
2.181960967E1,1.273701324E0,-4.924758911E-2,9.793384552E0,9.875987109E0
2.182964167E1,1.287472687E0,-1.616638184E-2,9.803264008E0,9.887458342E0
2.183967267E1,1.290316772E0,-8.681945801E-3,9.788744202E0,9.873424218E0
2.184970467E1,1.280886383E0,-1.182540894E-2,9.786049805E0,9.869527879E0
2.185973567E1,1.283281403E0,4.340972900E-3,9.776020660E0,9.859888942E0
2.186976767E1,1.270408173E0,1.407073975E-2,9.751322021E0,9.833738662E0
2.187979867E1,1.258732452E0,6.885681152E-3,9.729467468E0,9.810555133E0
2.188983067E1,1.270857239E0,-5.987548828E-4,9.762099609E0,9.844473945E0
2.189986167E1,1.292262726E0,-4.041595459E-3,9.785600739E0,9.870559310E0
2.190989367E1,1.290316772E0,-6.735992432E-3,9.818681946E0,9.903104458E0
2.191992467E1,1.300345917E0,-7.185058594E-3,9.802665253E0,9.888538678E0
2.192995667E1,1.266815643E0,1.302291870E-2,9.752220154E0,9.834164398E0
2.193998767E1,1.247505798E0,-4.490661621E-3,9.744436340E0,9.823967145E0
2.195001988E1,1.231339417E0,-5.433700562E-2,9.780511322E0,9.857867467E0
2.196005087E1,1.263223114E0,-7.140151978E-2,9.821076965E0,9.902241341E0
2.197008287E1,1.305435333E0,-5.104385376E-2,9.743089142E0,9.830287529E0
2.198011388E1,1.280437317E0,-4.580474854E-2,9.686057739E0,9.770431532E0
2.199014588E1,1.312919769E0,-4.086502075E-2,9.789492645E0,9.877226054E0
2.200017687E1,1.405277710E0,-6.915618896E-2,9.912387085E0,1.001174339E1
2.201020887E1,1.464853821E0,-4.730163574E-2,9.897118835E0,1.000504850E1
2.202023988E1,1.417851562E0,-9.430389404E-3,9.793683929E0,9.895788847E0
2.203027187E1,1.300944672E0,-3.891906738E-3,9.730664978E0,9.817245698E0
2.204030287E1,1.241817627E0,9.879455566E-3,9.718689880E0,9.797711039E0
2.205033488E1,1.256038055E0,-1.302291870E-2,9.733658752E0,9.814372823E0
2.206036588E1,1.285826111E0,-3.412902832E-2,9.782457275E0,9.866660221E0
2.207039787E1,1.305734711E0,7.484436035E-4,9.793085175E0,9.879750044E0
2.208042887E1,1.293160858E0,3.802093506E-2,9.788295135E0,9.873420494E0
2.209046088E1,1.274300079E0,4.894821167E-2,9.788893890E0,9.871609809E0
2.210049188E1,1.266516266E0,7.185058594E-2,9.780211945E0,9.862138289E0
2.211052387E1,1.272054749E0,8.502319336E-2,9.791588287E0,9.874236852E0
2.212055488E1,1.268013153E0,8.457412720E-2,9.829758911E0,9.911567504E0
2.213058688E1,1.260828094E0,8.217910767E-2,9.830507355E0,9.911373050E0
2.214061787E1,1.272653503E0,7.304809570E-2,9.804910583E0,9.887429116E0
2.215064987E1,1.266665955E0,5.523513794E-2,9.799970856E0,9.881645730E0
2.216068088E1,1.276695099E0,2.484832764E-2,9.796827393E0,9.879696087E0
2.217071287E1,1.294508057E0,1.811233521E-2,9.768386536E0,9.853804071E0
2.218074387E1,1.311871948E0,1.197509766E-3,9.749076691E0,9.836945957E0
2.219077588E1,1.297801208E0,-1.197509766E-3,9.751022644E0,9.837008286E0
2.220080688E1,1.284329224E0,-3.338058472E-2,9.767787781E0,9.851918288E0
2.221083887E1,1.279988251E0,-3.772155762E-2,9.780062256E0,9.863539454E0
2.222086987E1,1.285826111E0,-6.137237549E-2,9.796378326E0,9.880594297E0
2.223090188E1,1.289268951E0,-4.326004028E-2,9.794881439E0,9.879462954E0
2.224093288E1,1.297352142E0,-4.730163574E-2,9.793234863E0,9.878907283E0
2.225096487E1,1.309776306E0,-1.451980591E-2,9.792187042E0,9.879405441E0
2.226099587E1,1.314117279E0,5.987548828E-4,9.802515564E0,9.890208085E0
2.227102788E1,1.296304321E0,3.323089600E-2,9.810149689E0,9.895481095E0
2.228105887E1,1.282083893E0,4.311035156E-2,9.763446808E0,9.847359605E0
2.229109087E1,1.271455994E0,6.616241455E-2,9.769134979E0,9.851749898E0
2.230112188E1,1.246158600E0,9.280700684E-2,9.848470001E0,9.927430975E0
2.231115388E1,1.257534943E0,1.062789917E-1,9.780062256E0,9.861151408E0
2.232118487E1,1.249751129E0,1.267863464E-1,9.732311554E0,9.813044423E0
2.233121687E1,1.258732452E0,9.475296021E-2,9.740993500E0,9.822440627E0
2.234124788E1,1.280137939E0,5.598358154E-2,9.815837860E0,9.899119163E0
2.235127987E1,1.320104828E0,7.783813477E-3,9.864187317E0,9.952131870E0
2.236131087E1,1.329684906E0,-9.280700684E-3,9.857900391E0,9.947177901E0
2.237134288E1,1.328337708E0,-2.365081787E-2,9.852361908E0,9.941532859E0
2.238137388E1,1.348395996E0,-2.634521484E-2,9.829160156E0,9.921252704E0
2.239140587E1,1.358125763E0,-5.089416504E-3,9.817783813E0,9.911276936E0
2.240143687E1,1.335223389E0,3.457809448E-2,9.770182800E0,9.861059228E0
2.241146888E1,1.317560120E0,6.616241455E-2,9.729916534E0,9.818941791E0
2.242149988E1,1.280886383E0,6.825805664E-2,9.748028870E0,9.832059598E0
2.243153187E1,1.289568329E0,5.777984619E-2,9.798623657E0,9.883286425E0
2.244156287E1,1.312171326E0,5.358856201E-2,9.810898132E0,9.898403280E0
2.245159488E1,1.326691132E0,3.577560425E-2,9.812993774E0,9.902334880E0
2.246162587E1,1.300196228E0,1.616638184E-2,9.811796265E0,9.897581398E0
2.247165787E1,1.276395721E0,3.053649902E-2,9.817035370E0,9.899712216E0
2.248168888E1,1.259181519E0,1.302291870E-2,9.789492645E0,9.870150655E0
2.249172087E1,1.237326965E0,1.646575928E-2,9.756561127E0,9.834720848E0
2.250175287E1,1.226699066E0,2.649490356E-2,9.740394745E0,9.817371459E0
2.251178388E1,1.232237549E0,8.532257080E-3,9.758656769E0,9.836150879E0
2.252181488E1,1.257385254E0,1.990859985E-2,9.786947937E0,9.867409181E0
2.253184687E1,1.283730469E0,3.068618774E-2,9.809401245E0,9.893091445E0
2.254187887E1,1.285975800E0,4.370910645E-2,9.827214203E0,9.911093947E0
2.255190988E1,1.304537201E0,3.173400879E-2,9.824968872E0,9.911248039E0
2.256194187E1,1.312770081E0,7.170089722E-2,9.824968872E0,9.912543550E0
2.257197287E1,1.272803192E0,7.978408813E-2,9.801617432E0,9.884234808E0
2.258200488E1,1.268911285E0,1.227447510E-1,9.775571594E0,9.858346825E0
2.259203588E1,1.266965332E0,1.505868530E-1,9.765392761E0,9.848389378E0
2.260206787E1,1.240470428E0,1.504371643E-1,9.751920776E0,9.831650780E0
2.261209887E1,1.235979767E0,1.381626892E-1,9.753567352E0,9.832538381E0
2.262213088E1,1.256936188E0,1.062789917E-1,9.775870972E0,9.856918233E0
2.263216188E1,1.292113037E0,5.029541016E-2,9.821675720E0,9.906432238E0
2.264219387E1,1.305285645E0,-5.388793945E-3,9.881102142E0,9.966944326E0
2.265222487E1,1.323697357E0,-2.859054565E-2,9.871222687E0,9.959619945E0
2.266225688E1,1.338217163E0,-5.792953491E-2,9.835297394E0,9.926089655E0
2.267228787E1,1.312171326E0,-8.053253174E-2,9.834548950E0,9.922027622E0
2.268231987E1,1.317260742E0,-6.481521606E-2,9.808652802E0,9.896921069E0
2.269235088E1,1.312470703E0,-5.358856201E-2,9.809850311E0,9.897404418E0
2.270238288E1,1.334474945E0,-4.026626587E-2,9.773026886E0,9.863797406E0
2.271241387E1,1.308878174E0,-9.280700684E-3,9.753866730E0,9.841298918E0
2.272244587E1,1.271306305E0,-4.340972900E-3,9.744136963E0,9.826720904E0
2.273247688E1,1.266516266E0,-1.556762695E-2,9.810598755E0,9.892024754E0
2.274250887E1,1.280736694E0,2.694396973E-3,9.824819183E0,9.907944576E0
2.275253987E1,1.263522491E0,3.682342529E-2,9.765392761E0,9.846864518E0
2.276257188E1,1.262474670E0,3.248245239E-2,9.762848053E0,9.844191156E0
2.277260288E1,1.291214905E0,5.837860107E-3,9.829609222E0,9.914055047E0
2.278263487E1,1.314266968E0,1.990859985E-2,9.815688171E0,9.903303908E0
2.279266587E1,1.309327240E0,3.218307495E-2,9.786199493E0,9.873452998E0
2.280269788E1,1.297202454E0,-1.092727661E-2,9.795480194E0,9.881006317E0
2.281272888E1,1.291813660E0,-3.293151855E-2,9.810449066E0,9.895189634E0
2.282276087E1,1.308578796E0,-2.829116821E-2,9.812095642E0,9.899010039E0
2.283279188E1,1.312620392E0,-4.685256958E-2,9.829459534E0,9.916826215E0
2.284282388E1,1.313368835E0,-2.829116821E-2,9.862391052E0,9.949497241E0
2.285285487E1,1.285227356E0,3.712280273E-2,9.801467743E0,9.885441688E0
2.286288687E1,1.261875916E0,7.768844604E-2,9.699230347E0,9.781279857E0
2.287291788E1,1.255139923E0,9.909393311E-2,9.691446533E0,9.772887585E0
2.288294987E1,1.278042297E0,7.484436035E-2,9.731563110E0,9.815412083E0
2.289298087E1,1.320853271E0,4.490661621E-2,9.797875214E0,9.886608553E0
2.290301288E1,1.345102844E0,2.993774414E-3,9.857002258E0,9.948356857E0
2.291304388E1,1.341360626E0,-2.335144043E-2,9.856702881E0,9.947581882E0
2.292307587E1,1.318757629E0,-5.882766724E-2,9.840237122E0,9.928386021E0
2.293310687E1,1.308429108E0,-6.301895142E-2,9.802216187E0,9.889357931E0
2.294313925E1,1.276695099E0,-7.095245361E-2,9.755363617E0,9.838806021E0
2.295317025E1,1.274599457E0,-9.160949707E-2,9.718839569E0,9.802491451E0
2.296320225E1,1.289867706E0,-6.571334839E-2,9.709109802E0,9.794635782E0
2.297323325E1,1.284478912E0,-6.077362061E-2,9.716145172E0,9.800870192E0
2.298326525E1,1.303190002E0,-4.939727783E-2,9.752220154E0,9.839031568E0
2.299329625E1,1.310075684E0,-6.107299805E-2,9.790989532E0,9.878436325E0
2.300332825E1,1.319057007E0,-7.095245361E-2,9.805509338E0,9.894087074E0
2.301335925E1,1.324146423E0,-6.122268677E-2,9.816586304E0,9.905679110E0
2.302339125E1,1.321452026E0,-5.748046875E-2,9.802964630E0,9.891797360E0
2.303342225E1,1.321601715E0,-4.969665527E-2,9.798174591E0,9.887028177E0
2.304345425E1,1.319805450E0,-2.844085693E-2,9.801318054E0,9.889819559E0
2.305348525E1,1.330283661E0,7.334747314E-3,9.827513580E0,9.917143318E0
2.306351725E1,1.322050781E0,3.218307495E-2,9.783804474E0,9.872774889E0
2.307354825E1,1.299597473E0,4.849914551E-2,9.758656769E0,9.844932082E0
2.308358025E1,1.283431091E0,4.146377563E-2,9.848320312E0,9.931683019E0
2.309361125E1,1.285077667E0,4.041595459E-2,9.831704865E0,9.915416209E0
2.310364325E1,1.323697357E0,2.035766602E-2,9.794731750E0,9.883792753E0
2.311367425E1,1.325194244E0,-9.430389404E-3,9.779463501E0,9.868846695E0
2.312370625E1,1.312321014E0,-4.116439819E-2,9.784403229E0,9.872103499E0
2.313373725E1,1.310674438E0,-6.975494385E-2,9.821376343E0,9.908691463E0
2.314376925E1,1.315015411E0,-6.556365967E-2,9.806407471E0,9.894402034E0
2.315380025E1,1.319206696E0,-9.116043091E-2,9.770182800E0,9.859264094E0
2.316383225E1,1.323847046E0,-7.214996338E-2,9.733209686E0,9.823092559E0
2.317386325E1,1.335971832E0,-4.834945679E-2,9.714498596E0,9.806051263E0
2.318389525E1,1.327888641E0,-3.113525391E-2,9.727970581E0,9.818231474E0
2.319392625E1,1.326840820E0,-3.906875610E-2,9.754166107E0,9.844073820E0
2.320395825E1,1.305884399E0,-3.817062378E-2,9.783954163E0,9.870792781E0
2.321398925E1,1.316811676E0,-5.448669434E-2,9.825867004E0,9.913860206E0
2.322402125E1,1.325044556E0,-7.888595581E-2,9.845625916E0,9.934702599E0
2.323405225E1,1.327738953E0,-8.846603394E-2,9.797126770E0,9.887082983E0
2.324408425E1,1.289718018E0,-7.349716187E-2,9.803563385E0,9.888307714E0
2.325411525E1,1.298100586E0,-9.744735718E-2,9.794731750E0,9.880856804E0
2.326414725E1,1.284029846E0,-8.726852417E-2,9.790989532E0,9.875212629E0
2.327417825E1,1.274898834E0,-7.065307617E-2,9.766739960E0,9.849851183E0
2.328421025E1,1.260678406E0,-7.948471069E-2,9.748477936E0,9.829977107E0
2.329424125E1,1.274150391E0,-6.511459351E-2,9.765392761E0,9.848380319E0
2.330427325E1,1.308429108E0,-6.256988525E-2,9.774823151E0,9.862204082E0
2.331430425E1,1.314566345E0,-7.424560547E-2,9.761800232E0,9.850194965E0
2.332433625E1,1.301094360E0,-7.574249268E-2,9.767638092E0,9.854204045E0
2.333436725E1,1.294657745E0,-6.990463257E-2,9.784852295E0,9.870377894E0
2.334439925E1,1.297501831E0,-7.484436035E-2,9.787995758E0,9.873903668E0
2.335443025E1,1.301992493E0,-5.433700562E-2,9.784103851E0,9.870502780E0
2.336446225E1,1.294508057E0,-4.984634399E-2,9.794132996E0,9.879437074E0
2.337449325E1,1.290316772E0,-3.517684937E-2,9.805958405E0,9.890549783E0
2.338452525E1,1.300345917E0,-3.023712158E-2,9.808952179E0,9.894814634E0
2.339455625E1,1.285526733E0,-1.586700439E-2,9.794582062E0,9.878596485E0
2.340458825E1,1.277144165E0,-1.422042847E-2,9.762099609E0,9.845297772E0
2.341461925E1,1.265468445E0,-2.365081787E-2,9.758956146E0,9.840690769E0
2.342465125E1,1.292412415E0,-4.894821167E-2,9.787546692E0,9.872628628E0
2.343468225E1,1.299896851E0,-5.882766724E-2,9.818083191E0,9.903936089E0
2.344471425E1,1.319655762E0,-6.511459351E-2,9.799970856E0,9.888637925E0
2.345474525E1,1.323248291E0,-7.499404907E-2,9.764644318E0,9.854181285E0
2.346477725E1,1.302740936E0,-8.696914673E-2,9.742640076E0,9.829737190E0
2.347480825E1,1.295106812E0,-1.176553345E-1,9.735754395E0,9.822222664E0
2.348484025E1,1.285826111E0,-1.460961914E-1,9.769284668E0,9.854624083E0
2.349487125E1,1.302740936E0,-1.333726501E-1,9.774374084E0,9.861709332E0
2.350490325E1,1.284628601E0,-1.136137390E-1,9.722432098E0,9.807592193E0
2.351493425E1,1.249451752E0,-1.142124939E-1,9.655221863E0,9.736399920E0
2.352496625E1,1.247206421E0,-1.242416382E-1,9.722132721E0,9.802592743E0
2.353499725E1,1.299148407E0,-1.525328064E-1,9.839338989E0,9.925907746E0
2.354502925E1,1.362766113E0,-1.649569702E-1,9.844727783E0,9.939970191E0
2.355506025E1,1.382974091E0,-1.529818726E-1,9.842183075E0,9.940049722E0
2.356509225E1,1.339863739E0,-1.475930786E-1,9.843380585E0,9.935248356E0
2.357512325E1,1.283131714E0,-7.619155884E-2,9.748927002E0,9.833301065E0
2.358515525E1,1.245410156E0,-6.631210327E-2,9.715546417E0,9.795268549E0
2.359518625E1,1.238225098E0,-4.580474854E-2,9.759704590E0,9.838045189E0
2.360521825E1,1.250798950E0,-5.388793945E-3,9.808054047E0,9.887489633E0
2.361524925E1,1.292562103E0,2.724334717E-2,9.796677704E0,9.881616924E0
2.362528125E1,1.300794983E0,5.852828979E-2,9.793085175E0,9.879271754E0
2.363531225E1,1.307081909E0,5.792953491E-2,9.801318054E0,9.888258418E0
2.364534425E1,1.302441559E0,4.460723877E-2,9.831555176E0,9.917551159E0
2.365537525E1,1.290316772E0,4.071533203E-2,9.851912842E0,9.936134145E0
2.366540725E1,1.295855255E0,2.469863892E-2,9.826465759E0,9.911573043E0
2.367543825E1,1.284778290E0,-7.933502197E-3,9.810748444E0,9.894518847E0
2.368547025E1,1.287772064E0,-4.101470947E-2,9.789492645E0,9.873915401E0
2.369550125E1,1.277742920E0,-7.244934082E-2,9.739945679E0,9.823666205E0
2.370553325E1,1.294058990E0,-6.451583862E-2,9.709558868E0,9.795625778E0
2.371556425E1,1.307530975E0,-9.415420532E-2,9.699080658E0,9.787270706E0
2.372559625E1,1.317111053E0,-1.086740112E-1,9.709109802E0,9.798643004E0
2.373562725E1,1.301842804E0,-1.139131165E-1,9.749226379E0,9.836421396E0
2.374565925E1,1.314266968E0,-1.157093811E-1,9.767039337E0,9.855746737E0
2.375569025E1,1.306782532E0,-1.196012878E-1,9.798024902E0,9.885508436E0
2.376572225E1,1.314566345E0,-1.122665405E-1,9.780361633E0,9.868949393E0
2.377575325E1,1.285676422E0,-1.049317932E-1,9.780511322E0,9.865210401E0
2.378578525E1,1.288670197E0,-8.113128662E-2,9.798324280E0,9.883036570E0
2.379581625E1,1.279389496E0,-5.224136353E-2,9.811646576E0,9.894845889E0
2.380584825E1,1.282532959E0,-1.841171265E-2,9.741292877E0,9.825376161E0
2.381587925E1,1.282383270E0,2.469863892E-2,9.791887665E0,9.875534462E0
2.382591125E1,1.258283386E0,6.661148071E-2,9.840237122E0,9.920583691E0
2.383594225E1,1.257235565E0,1.047821045E-1,9.766889648E0,9.848033000E0
2.384597425E1,1.276994476E0,1.332229614E-1,9.726623383E0,9.810997181E0
2.385600525E1,1.264270935E0,1.137634277E-1,9.700577545E0,9.783277969E0
2.386603725E1,1.254690857E0,8.652008057E-2,9.711055756E0,9.792157002E0
2.387606825E1,1.260229340E0,3.323089600E-2,9.796078949E0,9.876864131E0
2.388610025E1,1.303339691E0,-1.706451416E-2,9.858948212E0,9.944739584E0
2.389613125E1,1.358724518E0,-2.454895020E-2,9.859397278E0,9.952610193E0
2.390616325E1,1.372645569E0,-4.101470947E-2,9.853709106E0,9.948940708E0
2.391619425E1,1.361718292E0,-4.251159668E-2,9.835297394E0,9.929207358E0
2.392622625E1,1.325194244E0,-1.167572021E-2,9.790390778E0,9.879677509E0
2.393625725E1,1.290466461E0,1.496887207E-2,9.730964355E0,9.816170080E0
2.394628888E1,1.250649261E0,2.799179077E-2,9.722731476E0,9.802877867E0
2.395631988E1,1.254990234E0,2.649490356E-2,9.773326263E0,9.853608919E0
2.396635187E1,1.307680664E0,2.454895020E-2,9.773925018E0,9.861046680E0
2.397638288E1,1.334474945E0,2.260299683E-2,9.760453033E0,9.851283048E0
2.398641488E1,1.342707825E0,2.245330811E-2,9.780211945E0,9.871976202E0
2.399644587E1,1.319955139E0,-2.694396973E-3,9.791438599E0,9.880008029E0
2.400647787E1,1.302291870E0,-1.287322998E-2,9.777667236E0,9.864020804E0
2.401650888E1,1.288370819E0,-3.263214111E-2,9.764494629E0,9.849178625E0
2.402654087E1,1.256636810E0,-3.338058472E-2,9.758806458E0,9.839438694E0
2.403657187E1,1.249451752E0,-4.760101318E-2,9.777966614E0,9.857587262E0
2.404660388E1,1.272503815E0,-4.430786133E-2,9.785451050E0,9.867942105E0
2.405663588E1,1.274898834E0,-2.380050659E-2,9.774224396E0,9.857048039E0
2.406666687E1,1.285526733E0,-1.347198486E-3,9.785151672E0,9.869233711E0
2.407669887E1,1.300645294E0,1.362167358E-2,9.787846069E0,9.873894592E0
2.408672988E1,1.307980042E0,2.020797729E-2,9.795330505E0,9.882293249E0
2.409676187E1,1.297501831E0,3.487747192E-2,9.793234863E0,9.878875266E0
2.410679287E1,1.294957123E0,5.194198608E-2,9.791139221E0,9.876538825E0
2.411682387E1,1.300645294E0,5.418731689E-2,9.812694397E0,9.898665858E0
2.412685588E1,1.286873932E0,4.939727783E-2,9.812095642E0,9.896247041E0
2.413688787E1,1.283281403E0,5.478607178E-2,9.805808716E0,9.889575180E0
2.414691887E1,1.279988251E0,5.284011841E-2,9.804760895E0,9.888098816E0
2.415695088E1,1.298549652E0,4.011657715E-2,9.815089417E0,9.900697995E0
2.416698188E1,1.289867706E0,4.206253052E-2,9.824669495E0,9.909069514E0
2.417701387E1,1.294358368E0,3.068618774E-2,9.805808716E0,9.890914508E0
2.418704487E1,1.299148407E0,1.751358032E-2,9.792636108E0,9.878452068E0
2.419707688E1,1.309626617E0,1.826202393E-2,9.805808716E0,9.892893406E0
2.420710787E1,1.299747162E0,1.856140137E-2,9.789941711E0,9.875861781E0
2.421713987E1,1.280736694E0,3.442840576E-3,9.788893890E0,9.872322013E0
2.422717088E1,1.270108795E0,1.152603149E-2,9.803713074E0,9.885651179E0
2.423720288E1,1.296154633E0,-2.844085693E-3,9.829459534E0,9.914549896E0
2.424723387E1,1.311422882E0,3.113525391E-2,9.810449066E0,9.897762892E0
2.425726587E1,1.304836578E0,3.981719971E-2,9.777218170E0,9.863983934E0
2.426729688E1,1.305734711E0,5.598358154E-2,9.764943695E0,9.852015158E0
2.427732887E1,1.272653503E0,5.089416504E-2,9.788594513E0,9.871110358E0
2.428735987E1,1.283131714E0,4.640350342E-2,9.809251556E0,9.892926583E0
2.429739188E1,1.281335449E0,2.649490356E-2,9.805808716E0,9.889206595E0
2.430742288E1,1.252445526E0,3.772155762E-2,9.740245056E0,9.820509990E0
2.431745487E1,1.245260468E0,3.906875610E-2,9.733658752E0,9.813068466E0
2.432748587E1,1.273551636E0,-1.272354126E-2,9.893975372E0,9.975612479E0
2.433751788E1,1.325792999E0,-8.831634521E-3,9.900411987E0,9.988791849E0
2.434754887E1,1.355581055E0,1.945953369E-2,9.910890198E0,1.000318565E1
2.435758087E1,1.341061249E0,1.960922241E-2,9.805808716E0,9.897106363E0
2.436761188E1,1.290017395E0,4.565505981E-2,9.721533966E0,9.806857393E0
2.437764388E1,1.247805176E0,-3.143463135E-3,9.736353149E0,9.815986975E0
2.438767487E1,1.284478912E0,-4.805007935E-2,9.824370117E0,9.908099873E0
2.439770687E1,1.340612183E0,-3.682342529E-2,9.884395294E0,9.974962021E0
2.440773788E1,1.348845062E0,-9.879455566E-3,9.842033386E0,9.934037537E0
2.441776987E1,1.325044556E0,3.278182983E-2,9.773176575E0,9.862646606E0
2.442780087E1,1.294508057E0,6.227050781E-2,9.717192993E0,9.803237648E0
2.443783288E1,1.308279419E0,1.089733887E-1,9.751172333E0,9.839147936E0
2.444786388E1,1.337169342E0,1.107696533E-1,9.771979065E0,9.863663955E0
2.445789587E1,1.342408447E0,1.110690308E-1,9.815239105E0,9.907235511E0
2.446792687E1,1.322799225E0,1.014889526E-1,9.826615448E0,9.915768702E0
2.447795888E1,1.298399963E0,7.274871826E-2,9.824819183E0,9.910509918E0
2.448798988E1,1.286424866E0,4.400848389E-2,9.805209961E0,9.889336078E0
2.449802187E1,1.263073425E0,1.945953369E-2,9.767638092E0,9.848984062E0
2.450805287E1,1.246308289E0,8.681945801E-3,9.754764862E0,9.834063109E0
2.451808488E1,1.258133698E0,-8.981323242E-3,9.756261749E0,9.837053644E0
2.452811587E1,1.271455994E0,-2.395019531E-3,9.769284668E0,9.851676457E0
2.453814787E1,1.277742920E0,7.185058594E-3,9.776619415E0,9.859764996E0
2.454817888E1,1.283131714E0,1.137634277E-2,9.781110077E0,9.864921224E0
2.455821088E1,1.294058990E0,1.826202393E-2,9.780810699E0,9.866062037E0
2.456824187E1,1.307381287E0,2.559677124E-2,9.792935486E0,9.879852552E0
2.457827387E1,1.328188019E0,4.101470947E-2,9.795480194E0,9.885200952E0
2.458830488E1,1.337169342E0,4.251159668E-2,9.788444824E0,9.879447412E0
2.459833687E1,1.341210938E0,4.475692749E-2,9.817484436E0,9.908776444E0
2.460836787E1,1.343007202E0,5.463638306E-2,9.833052063E0,9.924493254E0
2.461839988E1,1.344204712E0,3.502716064E-2,9.867779846E0,9.958975464E0
2.462843088E1,1.337019653E0,5.089416504E-2,9.823921051E0,9.914617319E0
2.463846287E1,1.307081909E0,6.676116943E-2,9.846673737E0,9.933272565E0
2.464849387E1,1.288969574E0,5.733078003E-2,9.811047821E0,9.895523671E0
2.465852588E1,1.290915527E0,6.062393188E-2,9.804162140E0,9.888970291E0
2.466855688E1,1.334924011E0,-1.496887207E-3,9.833052063E0,9.923252351E0
2.467858887E1,1.389560394E0,-4.625381470E-2,9.903106384E0,1.000022668E1
2.468861987E1,1.375040588E0,-7.140151978E-2,9.861193542E0,9.956855572E0
2.469865188E1,1.340462494E0,-6.870712280E-2,9.839937744E0,9.931059116E0
2.470868287E1,1.297352142E0,-2.874023438E-2,9.787397003E0,9.873048601E0
2.471871487E1,1.288819885E0,2.290237427E-2,9.726773071E0,9.811814083E0
2.472874588E1,1.283730469E0,5.553451538E-2,9.678722992E0,9.763643109E0
2.473877787E1,1.262923737E0,7.619155884E-2,9.697733459E0,9.779919006E0
2.474880887E1,1.269060974E0,6.810836792E-2,9.743089142E0,9.825626725E0
2.475884088E1,1.276096344E0,8.113128662E-2,9.794731750E0,9.877842590E0
2.476887188E1,1.299747162E0,5.493576050E-2,9.845625916E0,9.931198835E0
2.477890387E1,1.307980042E0,4.131408691E-2,9.841284943E0,9.927910554E0
2.478893487E1,1.285676422E0,1.092727661E-2,9.816286926E0,9.900129913E0
2.479896688E1,1.286724243E0,-3.293151855E-3,9.806407471E0,9.890464984E0
2.480899788E1,1.277742920E0,-9.879455566E-3,9.783056030E0,9.866149698E0
2.481902987E1,1.274749146E0,1.796264648E-3,9.763147430E0,9.846016268E0
2.482906087E1,1.277742920E0,-2.080673218E-2,9.727222137E0,9.810805798E0
2.483909288E1,1.273102570E0,-3.173400879E-2,9.734407196E0,9.817356093E0
2.484912387E1,1.275347900E0,-3.847000122E-2,9.749076691E0,9.832216867E0
2.485915587E1,1.311722260E0,-5.733078003E-2,9.777367859E0,9.865131745E0
2.486918688E1,1.312171326E0,-7.993377686E-2,9.806856537E0,9.894575187E0
2.487921888E1,1.319057007E0,-7.828720093E-2,9.790540466E0,9.879307815E0
2.488924987E1,1.332229614E0,-7.035369873E-2,9.797426147E0,9.887838212E0
2.489928187E1,1.328936462E0,-6.017486572E-2,9.793234863E0,9.883174704E0
2.490931288E1,1.309776306E0,-3.517684937E-2,9.774673462E0,9.862098796E0
2.491934487E1,1.289418640E0,-2.499801636E-2,9.747579803E0,9.832524465E0
2.492937587E1,1.270857239E0,-5.688171387E-3,9.755363617E0,9.837795982E0
2.493940788E1,1.268312531E0,2.065704346E-2,9.780960388E0,9.862871261E0
2.494943854E1,1.279539185E0,4.640350342E-2,9.795031128E0,9.878360623E0
2.495947054E1,1.276994476E0,5.418731689E-2,9.814340973E0,9.897218796E0
2.496950154E1,1.303040314E0,3.936813354E-2,9.814191284E0,9.900394662E0
2.497953354E1,1.307381287E0,2.874023438E-2,9.815089417E0,9.901820645E0
2.498956454E1,1.315763855E0,3.427871704E-2,9.816885681E0,9.904728872E0
2.499959654E1,1.323847046E0,2.634521484E-2,9.787546692E0,9.876706704E0
2.500962754E1,1.312620392E0,3.742218018E-3,9.748777313E0,9.836749738E0
2.501965954E1,1.303489380E0,-2.664459229E-2,9.777218170E0,9.863761435E0
2.502969054E1,1.332379303E0,-2.963836670E-2,9.808054047E0,9.898183531E0
2.503972254E1,1.356030121E0,-2.544708252E-2,9.815089417E0,9.908352310E0
2.504975354E1,1.347647552E0,-2.005828857E-2,9.782756653E0,9.875165011E0
2.505978554E1,1.322948914E0,-5.688171387E-3,9.772877197E0,9.862015762E0
2.506981654E1,1.304237823E0,-1.347198486E-3,9.735455017E0,9.822429562E0
2.507984854E1,1.282682648E0,-1.826202393E-2,9.741592255E0,9.825692237E0
2.508987954E1,1.276695099E0,-5.673202515E-2,9.811796265E0,9.894671032E0
2.509991154E1,1.303040314E0,-5.972579956E-2,9.816586304E0,9.902870689E0
2.510994254E1,1.313368835E0,-3.996688843E-2,9.755064240E0,9.843160741E0
2.511997454E1,1.262774048E0,-3.023712158E-2,9.693841553E0,9.775790333E0
2.513000554E1,1.247655487E0,-4.999603271E-2,9.746232605E0,9.825894046E0
2.514003754E1,1.277144165E0,-1.191522217E-1,9.840686188E0,9.923930628E0
2.515006854E1,1.319655762E0,-1.276844788E-1,9.876012726E0,9.964608473E0
2.516010054E1,1.355581055E0,-1.383123779E-1,9.854457550E0,9.948219133E0
2.517013154E1,1.328188019E0,-1.158590698E-1,9.813742218E0,9.903890299E0
2.518016354E1,1.274300079E0,-8.143066406E-2,9.724378052E0,9.807854003E0
2.519019454E1,1.253643036E0,-5.254074097E-2,9.728569336E0,9.809150968E0
2.520022654E1,1.269510040E0,6.286926270E-3,9.778415680E0,9.860482163E0
2.521025754E1,1.271156616E0,5.673202515E-2,9.777667236E0,9.860113298E0
2.522028954E1,1.294358368E0,9.654922485E-2,9.752669220E0,9.838660592E0
2.523032054E1,1.294358368E0,1.128652954E-1,9.749076691E0,9.835273178E0
2.524035254E1,1.300196228E0,8.951385498E-2,9.785900116E0,9.872302874E0
2.525038354E1,1.307680664E0,9.011260986E-2,9.837093658E0,9.924039533E0
2.526041554E1,1.290765839E0,5.104385376E-2,9.859846344E0,9.944106388E0
2.527044654E1,1.289268951E0,-4.340972900E-3,9.859546967E0,9.943485287E0
2.528047854E1,1.290167084E0,-5.673202515E-2,9.839189301E0,9.923577768E0
2.529050954E1,1.313967590E0,-8.756790161E-2,9.818382568E0,9.906301794E0
2.530054154E1,1.330732727E0,-1.047821045E-1,9.777068481E0,9.867770618E0
2.531057254E1,1.307980042E0,-9.789642334E-2,9.721234589E0,9.809321966E0
2.532060454E1,1.297352142E0,-1.061293030E-1,9.731712799E0,9.818381741E0
2.533063554E1,1.298549652E0,-8.741821289E-2,9.753866730E0,9.840314493E0
2.534066754E1,1.306632843E0,-9.116043091E-2,9.785451050E0,9.872722616E0
2.535069954E1,1.307381287E0,-7.843688965E-2,9.810449066E0,9.897490038E0
2.536073054E1,1.307530975E0,-8.367599487E-2,9.796827393E0,9.884051087E0
2.537076254E1,1.315464478E0,-8.891510010E-2,9.781110077E0,9.869572788E0
2.538079354E1,1.295705566E0,-7.858657837E-2,9.793534241E0,9.879187299E0
2.539082554E1,1.297651520E0,-4.834945679E-2,9.784103851E0,9.869899965E0
2.540085654E1,1.286424866E0,-3.367996216E-2,9.788145447E0,9.872376338E0
2.541088854E1,1.271905060E0,-1.212478638E-2,9.730066223E0,9.812852704E0
2.542091954E1,1.277293854E0,1.347198486E-2,9.806108093E0,9.888954294E0
2.543095154E1,1.288221130E0,2.469863892E-2,9.805060272E0,9.889354410E0
2.544098254E1,1.310973816E0,3.667373657E-2,9.747280426E0,9.835114286E0
2.545101454E1,1.291514282E0,1.317260742E-2,9.748777313E0,9.833963685E0
2.546104554E1,1.280886383E0,-6.286926270E-3,9.765243073E0,9.848892411E0
2.547107754E1,1.267414398E0,-2.380050659E-2,9.755662994E0,9.837675853E0
2.548110854E1,1.270857239E0,-6.092330933E-2,9.776619415E0,9.859060653E0
2.549114054E1,1.307081909E0,-8.711883545E-2,9.867330780E0,9.953907249E0
2.550117154E1,1.384770355E0,-8.128097534E-2,9.888736267E0,9.985554591E0
2.551120354E1,1.397344208E0,-6.346801758E-2,9.805509338E0,9.904777252E0
2.552123454E1,1.359173584E0,-4.625381470E-2,9.732610931E0,9.827166824E0
2.553126654E1,1.290616150E0,-4.041595459E-2,9.722282410E0,9.807655110E0
2.554129754E1,1.249900818E0,-3.278182983E-2,9.716294861E0,9.796413248E0
2.555132954E1,1.265618134E0,-3.787124634E-2,9.774972839E0,9.856638245E0
2.556136054E1,1.310973816E0,-5.209167480E-2,9.783505096E0,9.871085951E0
2.557139254E1,1.324894867E0,-5.927673340E-2,9.757758636E0,9.847472455E0
2.558142354E1,1.278641052E0,-6.855743408E-2,9.734107819E0,9.817967106E0
2.559145554E1,1.258283386E0,-8.921447754E-2,9.748777313E0,9.830050631E0
2.560148654E1,1.252295837E0,-8.472381592E-2,9.770781555E0,9.851070764E0
2.561151854E1,1.243164825E0,-1.182540894E-1,9.783954163E0,9.863326106E0
2.562154954E1,1.224902802E0,-1.329235840E-1,9.782307587E0,9.859594174E0
2.563158154E1,1.226399689E0,-1.321751404E-1,9.773925018E0,9.851453534E0
2.564161254E1,1.229692841E0,-1.002914429E-1,9.789342957E0,9.866784602E0
2.565164454E1,1.227148132E0,-8.307723999E-2,9.783355408E0,9.860367001E0
2.566167554E1,1.233584747E0,-6.242019653E-2,9.766590271E0,9.844384853E0
2.567170754E1,1.242865448E0,-4.894821167E-2,9.780960388E0,9.859731059E0
2.568173854E1,1.258582764E0,-2.380050659E-2,9.796977081E0,9.877517753E0
2.569177054E1,1.279389496E0,-5.538482666E-3,9.786947937E0,9.870218745E0
2.570180154E1,1.284628601E0,1.377136230E-2,9.785451050E0,9.869423111E0
2.571183354E1,1.282682648E0,3.128494263E-2,9.786349182E0,9.870100498E0
2.572186454E1,1.278491364E0,2.694396973E-2,9.793983307E0,9.877113706E0
2.573189654E1,1.295106812E0,2.724334717E-2,9.784253540E0,9.869633285E0
2.574192754E1,1.292262726E0,1.257385254E-2,9.791438599E0,9.876354129E0
2.575195954E1,1.285676422E0,-2.993774414E-3,9.808652802E0,9.892554908E0
2.576199054E1,1.276695099E0,-2.424957275E-2,9.797725525E0,9.880585199E0
2.577202254E1,1.277593231E0,-4.011657715E-2,9.806108093E0,9.889065160E0
2.578205354E1,1.281185760E0,-4.969665527E-2,9.790241089E0,9.873840554E0
2.579208554E1,1.270857239E0,-5.089416504E-2,9.755662994E0,9.838222848E0
2.580211654E1,1.271755371E0,-7.873626709E-2,9.762848053E0,9.845646918E0
2.581214854E1,1.282383270E0,-6.706054688E-2,9.782457275E0,9.866381014E0
2.582217954E1,1.296304321E0,-5.897735596E-2,9.815538483E0,9.900943335E0
2.583221154E1,1.291065216E0,-4.595443726E-2,9.790839844E0,9.875702813E0
2.584224254E1,1.278940430E0,-2.754272461E-2,9.750124512E0,9.833685739E0
2.585227454E1,1.247056732E0,-1.137634277E-2,9.725126495E0,9.804762377E0
2.586230554E1,1.212478638E0,-3.278182983E-2,9.755662994E0,9.830775125E0
2.587233754E1,1.246607666E0,-3.981719971E-2,9.801467743E0,9.880505351E0
2.588236854E1,1.258582764E0,-2.724334717E-2,9.756860504E0,9.837738545E0
2.589240054E1,1.221459961E0,-2.110610962E-2,9.633516998E0,9.710667313E0
2.590243154E1,1.224753113E0,-3.861968994E-2,9.741143188E0,9.817911300E0
2.591246354E1,1.282083893E0,-6.750961304E-2,9.884844360E0,9.967870619E0
2.592249454E1,1.337169342E0,-2.903961182E-2,9.909992065E0,9.999840393E0
2.593252654E1,1.325044556E0,9.879455566E-3,9.813592529E0,9.902648081E0
2.594255754E1,1.246308289E0,1.257385254E-2,9.720785522E0,9.800362933E0
2.595258913E1,1.184337158E0,7.783813477E-3,9.743687897E0,9.815404674E0
2.596262012E1,1.203796692E0,4.939727783E-3,9.773326263E0,9.847185239E0
2.597265212E1,1.236129456E0,1.556762695E-2,9.809700623E0,9.887289046E0
2.598268313E1,1.239272919E0,3.397933960E-2,9.828411713E0,9.906292382E0
2.599271512E1,1.240470428E0,6.721023560E-2,9.815239105E0,9.893543490E0
2.600274612E1,1.209784241E0,8.382568359E-2,9.799372101E0,9.874122656E0
2.601277813E1,1.213975525E0,9.610015869E-2,9.803264008E0,9.878611087E0
2.602280913E1,1.215023346E0,1.097218323E-1,9.827064514E0,9.902500572E0
2.603284112E1,1.233884125E0,9.879455566E-2,9.843081207E0,9.920608754E0
2.604287212E1,1.235530701E0,9.041198730E-2,9.832453308E0,9.910189125E0
2.605290413E1,1.206042023E0,1.004411316E-1,9.841584320E0,9.915715189E0
2.606293513E1,1.189127197E0,8.622070312E-2,9.816885681E0,9.889019263E0
2.607296712E1,1.182391205E0,6.286926270E-2,9.799821167E0,9.871093982E0
2.608299812E1,1.210682373E0,4.146377563E-2,9.776320038E0,9.851086465E0
2.609303013E1,1.230590973E0,2.110610962E-2,9.756710815E0,9.834033025E0
2.610306112E1,1.248852997E0,6.885681152E-3,9.768236847E0,9.847747576E0
2.611309312E1,1.247056732E0,1.227447510E-2,9.776769104E0,9.855988802E0
2.612312413E1,1.255888367E0,8.083190918E-3,9.767787781E0,9.848197757E0
2.613315612E1,1.255289612E0,6.286926270E-3,9.774972839E0,9.855246600E0
2.614318712E1,1.239871674E0,-5.388793945E-3,9.778265991E0,9.856561094E0
2.615321913E1,1.237925720E0,9.580078125E-3,9.773925018E0,9.852013100E0
2.616325013E1,1.236877899E0,1.796264648E-3,9.783954163E0,9.861826870E0
2.617328212E1,1.244512024E0,4.490661621E-4,9.786648560E0,9.865459969E0
2.618331312E1,1.251098328E0,1.916015625E-2,9.801916809E0,9.881456738E0
2.619334513E1,1.258433075E0,3.951782227E-2,9.801767120E0,9.882300043E0
2.620337613E1,1.251996460E0,6.107299805E-2,9.762698364E0,9.842840261E0
2.621340812E1,1.235530701E0,9.041198730E-2,9.802515564E0,9.880486922E0
2.622343912E1,1.229094086E0,9.969268799E-2,9.832303619E0,9.909329209E0
2.623347113E1,1.216669922E0,1.297801208E-1,9.743238831E0,9.819767385E0
2.624350212E1,1.210682373E0,1.353186035E-1,9.721384277E0,9.797416762E0
2.625353412E1,1.218316498E0,7.753875732E-2,9.774074707E0,9.850017448E0
2.626356513E1,1.259480896E0,5.224136353E-2,9.832453308E0,9.912928898E0
2.627359713E1,1.266665955E0,3.158432007E-2,9.843380585E0,9.924594780E0
2.628362812E1,1.247655487E0,1.631607056E-2,9.821376343E0,9.900320383E0
2.629366012E1,1.246907043E0,1.317260742E-2,9.804461517E0,9.883441523E0
2.630369113E1,1.274599457E0,2.888992310E-2,9.822274475E0,9.904671336E0
2.631372312E1,1.287023621E0,5.164260864E-2,9.810598755E0,9.894793817E0
2.632375412E1,1.276844788E0,7.259902954E-2,9.775272217E0,9.858577491E0
2.633378613E1,1.232686615E0,8.367599487E-2,9.758956146E0,9.836856359E0
2.634381713E1,1.201551361E0,7.708969116E-2,9.812395020E0,9.885988292E0
2.635384912E1,1.227597198E0,5.972579956E-2,9.826615448E0,9.903177935E0
2.636388012E1,1.256786499E0,5.224136353E-2,9.824968872E0,9.905163038E0
2.637391213E1,1.263522491E0,4.116439819E-2,9.819729767E0,9.900771500E0
2.638394412E1,1.260828094E0,5.179229736E-2,9.818232880E0,9.898993222E0
2.639397512E1,1.247655487E0,5.867797852E-2,9.809700623E0,9.888898504E0
2.640400713E1,1.234333191E0,4.834945679E-2,9.766290894E0,9.844102494E0
2.641403813E1,1.212478638E0,5.733078003E-2,9.751621399E0,9.826876980E0
2.642407012E1,1.213077393E0,3.936813354E-2,9.762698364E0,9.837854744E0
2.643410112E1,1.224902802E0,3.547622681E-2,9.793534241E0,9.869901639E0
2.644413313E1,1.248104553E0,4.146377563E-2,9.808503113E0,9.887680089E0
2.645416413E1,1.253343658E0,5.134323120E-2,9.813742218E0,9.893585941E0
2.646419612E1,1.251098328E0,5.688171387E-2,9.825118561E0,9.904616968E0
2.647422712E1,1.241368561E0,5.957611084E-2,9.809700623E0,9.888112637E0
2.648425913E1,1.232237549E0,5.119354248E-2,9.804012451E0,9.881279791E0
2.649429012E1,1.232237549E0,4.834945679E-2,9.802365875E0,9.879631764E0
2.650432212E1,1.221909027E0,6.271957397E-2,9.815239105E0,9.891203876E0
2.651435313E1,1.214424591E0,7.379653931E-2,9.816436615E0,9.891546938E0
2.652438512E1,1.219214630E0,7.110214233E-2,9.815538483E0,9.891225179E0
2.653441612E1,1.209784241E0,8.771759033E-2,9.817933502E0,9.892577548E0
2.654444813E1,1.222956848E0,8.996292114E-2,9.814041595E0,9.890355364E0
2.655447913E1,1.219963074E0,1.125659180E-1,9.804162140E0,9.880413769E0
2.656451112E1,1.244212646E0,1.218466187E-1,9.789941711E0,9.869441242E0
2.657454212E1,1.240919495E0,1.143621826E-1,9.809401245E0,9.888241132E0
2.658457413E1,1.258582764E0,1.098715210E-1,9.815688171E0,9.896657850E0
2.659460513E1,1.249601440E0,9.894424438E-2,9.826914825E0,9.906540703E0
2.660463712E1,1.261277161E0,9.774673462E-2,9.805659027E0,9.886926896E0
2.661466812E1,1.253942413E0,9.116043091E-2,9.783505096E0,9.863957308E0
2.662470013E1,1.254840546E0,7.559280396E-2,9.806557159E0,9.886804458E0
2.663473112E1,1.243015137E0,5.972579956E-2,9.799821167E0,9.878519560E0
2.664476312E1,1.228495331E0,4.311035156E-2,9.786049805E0,9.862952401E0
2.665479413E1,1.234782257E0,2.350112915E-2,9.780361633E0,9.858027856E0
2.666482613E1,1.231189728E0,5.089416504E-3,9.806257782E0,9.883245709E0
2.667485712E1,1.274898834E0,4.939727783E-3,9.866133270E0,9.948164511E0
2.668488912E1,1.291963348E0,2.439926147E-2,9.835297394E0,9.919820535E0
2.669492013E1,1.281185760E0,5.149291992E-2,9.779613190E0,9.863311950E0
2.670495212E1,1.251098328E0,4.355941772E-2,9.750124512E0,9.830161364E0
2.671498312E1,1.218915253E0,9.580078125E-3,9.806557159E0,9.882024564E0
2.672501513E1,1.203796692E0,-7.484436035E-4,9.828262024E0,9.901710026E0
2.673504613E1,1.201850739E0,1.541793823E-2,9.771529999E0,9.845175541E0
2.674507812E1,1.190624084E0,2.125579834E-2,9.775421906E0,9.847685563E0
2.675510912E1,1.219064941E0,1.137634277E-2,9.831854553E0,9.907149575E0
2.676514113E1,1.275347900E0,2.095642090E-3,9.856702881E0,9.938868564E0
2.677517213E1,1.296304321E0,3.832031250E-2,9.813592529E0,9.898912651E0
2.678520412E1,1.288969574E0,2.544708252E-2,9.789492645E0,9.874019261E0
2.679523512E1,1.257684631E0,8.532257080E-3,9.760003967E0,9.840707336E0
2.680526713E1,1.261875916E0,-1.796264648E-2,9.798024902E0,9.878964797E0
2.681529812E1,1.291813660E0,-2.978805542E-2,9.833501129E0,9.918034801E0
2.682533012E1,1.310674438E0,-1.781295776E-2,9.860445099E0,9.947188665E0
2.683536113E1,1.285077667E0,4.700225830E-2,9.814041595E0,9.897931413E0
2.684539313E1,1.251547394E0,1.043330383E-1,9.716893616E0,9.797717989E0
2.685542412E1,1.227447510E0,1.282832336E-1,9.671388245E0,9.749812027E0
2.686545613E1,1.231339417E0,1.248403931E-1,9.738149414E0,9.816482868E0
2.687548713E1,1.249451752E0,1.011895752E-1,9.790091400E0,9.870018168E0
2.688551912E1,1.271755371E0,6.750961304E-2,9.858199768E0,9.940121827E0
2.689555012E1,1.288221130E0,2.245330811E-2,9.903705139E0,9.987161424E0
2.690558213E1,1.282532959E0,-2.544708252E-3,9.890382843E0,9.973192570E0
2.691561313E1,1.287622375E0,-2.694396973E-2,9.858050079E0,9.941823209E0
2.692564512E1,1.268312531E0,-3.981719971E-2,9.804012451E0,9.885790926E0
2.693567612E1,1.246907043E0,-3.547622681E-2,9.750423889E0,9.829893273E0
2.694570813E1,1.239572296E0,-4.221221924E-2,9.725126495E0,9.803897526E0
2.695573950E1,1.246158600E0,-3.936813354E-2,9.714348907E0,9.794030621E0
2.696577150E1,1.242117004E0,-3.727249146E-2,9.758806458E0,9.837608824E0
2.697580250E1,1.250499573E0,-2.619552612E-2,9.784253540E0,9.863876151E0
2.698583450E1,1.268761597E0,-3.338058472E-2,9.794432373E0,9.876324000E0
2.699586550E1,1.283131714E0,-5.134323120E-2,9.806407471E0,9.890130970E0
2.700589750E1,1.283880157E0,-4.011657715E-2,9.820927277E0,9.904573195E0
2.701592850E1,1.284478912E0,-1.691482544E-2,9.818382568E0,9.902060818E0
2.702596050E1,1.276096344E0,-6.885681152E-3,9.802365875E0,9.885081995E0
2.703599150E1,1.278790741E0,1.990859985E-2,9.796528015E0,9.879659066E0
2.704602350E1,1.272204437E0,5.463638306E-2,9.799821167E0,9.882205430E0
2.705605450E1,1.254391479E0,8.068222046E-2,9.747280426E0,9.827994877E0
2.706608650E1,1.220861206E0,1.116677856E-1,9.824669495E0,9.900863723E0
2.707611750E1,1.217717743E0,9.056167603E-2,9.852960663E0,9.928336806E0
2.708614950E1,1.250349884E0,7.214996338E-2,9.804012451E0,9.883685577E0
2.709618050E1,1.266665955E0,3.966751099E-2,9.789043579E0,9.870734033E0
2.710621250E1,1.289268951E0,4.939727783E-3,9.805060272E0,9.889461349E0
2.711624350E1,1.281335449E0,-3.652404785E-2,9.857900391E0,9.940893051E0
2.712627550E1,1.295855255E0,-5.688171387E-2,9.850565643E0,9.935598616E0
2.713630650E1,1.305585022E0,-4.745132446E-2,9.793234863E0,9.879992559E0
2.714633850E1,1.294358368E0,-2.589614868E-2,9.749076691E0,9.834659654E0
2.715636950E1,1.313368835E0,-2.140548706E-2,9.719588013E0,9.807945097E0
2.716640150E1,1.322200470E0,-2.993774414E-4,9.729617157E0,9.819045992E0
2.717643250E1,1.309776306E0,-3.442840576E-3,9.739346924E0,9.827024185E0
2.718646450E1,1.298998718E0,-1.272354126E-2,9.774523773E0,9.860470301E0
2.719649550E1,1.274599457E0,-2.888992310E-2,9.815987549E0,9.898436743E0
2.720652750E1,1.291514282E0,-4.266128540E-2,9.839189301E0,9.923682543E0
2.721655850E1,1.298849030E0,-4.131408691E-2,9.826914825E0,9.912465417E0
2.722659050E1,1.290167084E0,-4.056564331E-2,9.791139221E0,9.875858642E0
2.723662250E1,1.261875916E0,-3.667373657E-2,9.781708832E0,9.862834454E0
2.724665350E1,1.226848755E0,-4.131408691E-2,9.758806458E0,9.835708830E0
2.725668550E1,1.215322723E0,-4.131408691E-2,9.753417664E0,9.828930374E0
2.726671650E1,1.209933929E0,-3.382965088E-2,9.737251282E0,9.812193796E0
2.727674850E1,1.221010895E0,-2.709365845E-2,9.769584045E0,9.845627156E0
2.728677950E1,1.238075409E0,-2.529739380E-2,9.795480194E0,9.873444329E0
2.729681150E1,1.263821869E0,-1.137634277E-2,9.806407471E0,9.887517515E0
2.730684250E1,1.268162842E0,-3.098556519E-2,9.790690155E0,9.872528086E0
2.731687450E1,1.265917511E0,-3.772155762E-2,9.776020660E0,9.857715253E0
2.732690550E1,1.283580780E0,-3.188369751E-2,9.799821167E0,9.883576837E0
2.733693750E1,1.278790741E0,-1.706451416E-2,9.800719299E0,9.883809779E0
2.734696850E1,1.273401947E0,-1.392105103E-2,9.793384552E0,9.875835524E0
2.735700050E1,1.267414398E0,1.796264648E-3,9.780661011E0,9.862437442E0
2.736703150E1,1.247954865E0,-1.496887207E-4,9.779762878E0,9.859064526E0
2.737706350E1,1.265917511E0,7.035369873E-3,9.802964630E0,9.884367060E0
2.738709450E1,1.278940430E0,-1.945953369E-3,9.813293152E0,9.896282883E0
2.739712650E1,1.289568329E0,-1.137634277E-2,9.800868988E0,9.885350212E0
2.740715750E1,1.275048523E0,-5.688171387E-3,9.780810699E0,9.863571312E0
2.741718950E1,1.269360352E0,-2.484832764E-2,9.775571594E0,9.857671791E0
2.742722050E1,1.275198212E0,-3.248245239E-2,9.809850311E0,9.892438967E0
2.743725250E1,1.308728485E0,-4.640350342E-2,9.818382568E0,9.905329868E0
2.744728350E1,1.310973816E0,-3.083587646E-2,9.820478210E0,9.907643286E0
2.745731550E1,1.314117279E0,-2.589614868E-2,9.774374084E0,9.862350814E0
2.746734650E1,1.285377045E0,-2.469863892E-2,9.748328247E0,9.832736536E0
2.747737850E1,1.258433075E0,-2.035766602E-2,9.744885406E0,9.825826165E0
2.748740950E1,1.245260468E0,-5.343887329E-2,9.778265991E0,9.857383788E0
2.749744150E1,1.244512024E0,-5.643264771E-2,9.797725525E0,9.876609757E0
2.750747250E1,1.268761597E0,-2.544708252E-2,9.768386536E0,9.850471007E0
2.751750450E1,1.236428833E0,-3.038681030E-2,9.727820892E0,9.806129661E0
2.752753550E1,1.229543152E0,-2.814147949E-2,9.726174316E0,9.803623572E0
2.753756750E1,1.266216888E0,-6.451583862E-2,9.829309845E0,9.910741624E0
2.754759850E1,1.308129730E0,-1.161584473E-1,9.841883698E0,9.929117327E0
2.755763050E1,1.337917786E0,-1.137634277E-1,9.814939728E0,9.906361995E0
2.756766150E1,1.332978058E0,-1.137634277E-1,9.818981323E0,9.909700644E0
2.757769350E1,1.288670197E0,-6.870712280E-2,9.755363617E0,9.840351154E0
2.758772450E1,1.249302063E0,-4.595443726E-2,9.693242798E0,9.773526661E0
2.759775650E1,1.213077393E0,-2.604583740E-2,9.730365601E0,9.805725362E0
2.760778750E1,1.221459961E0,1.871109009E-2,9.766889648E0,9.842989787E0
2.761781950E1,1.214723969E0,7.274871826E-2,9.761351166E0,9.836911267E0
2.762785050E1,1.223555603E0,1.112187195E-1,9.743837585E0,9.820989197E0
2.763788250E1,1.259630585E0,1.026864624E-1,9.763147430E0,9.844605704E0
2.764791350E1,1.278940430E0,7.304809570E-2,9.811796265E0,9.895067993E0
2.765794550E1,1.287472687E0,4.400848389E-2,9.864935760E0,9.948692388E0
2.766797650E1,1.276545410E0,-7.783813477E-3,9.881102142E0,9.963222788E0
2.767800850E1,1.296004944E0,-4.610412598E-2,9.848020935E0,9.933039351E0
2.768803950E1,1.288969574E0,-8.158035278E-2,9.825118561E0,9.909644426E0
2.769807150E1,1.270408173E0,-1.089733887E-1,9.818831635E0,9.901276018E0
2.770810250E1,1.266366577E0,-1.181044006E-1,9.778565369E0,9.860931681E0
2.771813450E1,1.265169067E0,-1.047821045E-1,9.752070465E0,9.834353584E0
2.772816550E1,1.236877899E0,-1.065783691E-1,9.740993500E0,9.819785143E0
2.773819750E1,1.251996460E0,-1.002914429E-1,9.749525757E0,9.830096947E0
2.774822850E1,1.250050507E0,-8.741821289E-2,9.793833618E0,9.873674349E0
2.775826050E1,1.253493347E0,-7.634124756E-2,9.798024902E0,9.878176226E0
2.776829150E1,1.271455994E0,-8.457412720E-2,9.793384552E0,9.875937126E0
2.777832350E1,1.264270935E0,-8.412506104E-2,9.782906342E0,9.864619329E0
2.778835450E1,1.254840546E0,-6.047424316E-2,9.770781555E0,9.851215871E0
2.779838650E1,1.240320740E0,-5.029541016E-2,9.773475952E0,9.851992557E0
2.780841750E1,1.215322723E0,-3.592529297E-3,9.735904083E0,9.811465260E0
2.781844950E1,1.199306030E0,2.499801636E-2,9.793534241E0,9.866725535E0
2.782848050E1,1.224004669E0,3.517684937E-2,9.876012726E0,9.951635655E0
2.783851250E1,1.263971558E0,4.984634399E-2,9.795180817E0,9.876521452E0
2.784854350E1,1.281335449E0,2.649490356E-2,9.774823151E0,9.858483156E0
2.785857550E1,1.273252258E0,2.484832764E-2,9.775571594E0,9.858173702E0
2.786860650E1,1.264570312E0,-1.047821045E-3,9.774972839E0,9.856431057E0
2.787863850E1,1.262175293E0,-1.032852173E-2,9.771380310E0,9.852566484E0
2.788866950E1,1.301094360E0,-6.331832886E-2,9.824669495E0,9.910650151E0
2.789870150E1,1.360371094E0,-8.726852417E-2,9.874366150E0,9.968015458E0
2.790873250E1,1.397194519E0,-8.277786255E-2,9.833800507E0,9.932906780E0
2.791876450E1,1.379082184E0,-8.367599487E-2,9.770631866E0,9.867832407E0
2.792879550E1,1.307530975E0,-6.167175293E-2,9.719438324E0,9.807187262E0
2.793882750E1,1.247206421E0,-4.311035156E-2,9.691745911E0,9.771761415E0
2.794885879E1,1.213526459E0,-3.203338623E-2,9.740095367E0,9.815453651E0
2.795889079E1,1.225800934E0,-3.996688843E-2,9.814490662E0,9.890824649E0
2.796892179E1,1.249900818E0,-2.469863892E-2,9.797126770E0,9.876565953E0
2.797895379E1,1.256187744E0,-4.340972900E-3,9.749376068E0,9.829972544E0
2.798898479E1,1.206640778E0,-3.592529297E-3,9.744436340E0,9.818861159E0
2.799901679E1,1.193767548E0,-1.811233521E-2,9.765093384E0,9.837807571E0
2.800904879E1,1.202748871E0,-3.248245239E-2,9.792336731E0,9.865977833E0
2.801907979E1,1.187181244E0,-3.218307495E-2,9.765243073E0,9.837195094E0
2.802911179E1,1.174906769E0,-4.595443726E-2,9.755064240E0,9.825670259E0
2.803914279E1,1.159039764E0,-5.373825073E-2,9.778116302E0,9.846716173E0
2.804917479E1,1.187330933E0,-4.535568237E-2,9.820029144E0,9.891652252E0
2.805920579E1,1.220412140E0,-3.472778320E-2,9.815538483E0,9.891178267E0
2.806923779E1,1.215173035E0,-2.469863892E-2,9.790690155E0,9.865843564E0
2.807926879E1,1.204844513E0,-1.242416382E-2,9.780511322E0,9.854451095E0
2.808930079E1,1.217118988E0,-7.933502197E-3,9.779164124E0,9.854617828E0
2.809933179E1,1.219064941E0,2.679428101E-2,9.793384552E0,9.869002900E0
2.810936379E1,1.214424591E0,2.589614868E-2,9.800419922E0,9.875410287E0
2.811939479E1,1.253044281E0,4.430786133E-2,9.792785797E0,9.872726919E0
2.812942679E1,1.268312531E0,4.610412598E-2,9.806108093E0,9.887896551E0
2.813945779E1,1.273851013E0,6.406677246E-2,9.806856537E0,9.889450748E0
2.814948979E1,1.271905060E0,7.379653931E-2,9.809401245E0,9.891791607E0
2.815952079E1,1.275946655E0,7.020401001E-2,9.791288910E0,9.874325647E0
2.816955279E1,1.288370819E0,4.730163574E-2,9.791588287E0,9.876099331E0
2.817958379E1,1.299298096E0,4.909790039E-2,9.792636108E0,9.878578243E0
2.818961579E1,1.295705566E0,2.664459229E-2,9.792636108E0,9.878020288E0
2.819964679E1,1.279239807E0,1.092727661E-2,9.774224396E0,9.857587759E0
2.820967879E1,1.265917511E0,4.640350342E-3,9.754166107E0,9.835970980E0
2.821970979E1,1.282532959E0,-5.239105225E-3,9.794881439E0,9.878492833E0
2.822974179E1,1.300645294E0,-5.538482666E-3,9.811796265E0,9.897628746E0
2.823977279E1,1.283880157E0,1.916015625E-2,9.766290894E0,9.850337719E0
2.824980479E1,1.255439301E0,3.053649902E-2,9.732610931E0,9.813295871E0
2.825983579E1,1.222058716E0,3.128494263E-2,9.754315796E0,9.830619660E0
2.826986779E1,1.222507782E0,1.511856079E-2,9.796827393E0,9.872820307E0
2.827989879E1,1.241368561E0,5.239105225E-3,9.818981323E0,9.897141889E0
2.828993079E1,1.229543152E0,3.397933960E-2,9.733059998E0,9.810473377E0
2.829996179E1,1.192270660E0,3.083587646E-2,9.699230347E0,9.772283740E0
2.830999379E1,1.234782257E0,2.065704346E-2,9.838141479E0,9.915348794E0
2.832002479E1,1.285975800E0,1.511856079E-2,9.875114594E0,9.958506442E0
2.833005679E1,1.326391754E0,3.757186890E-2,9.905202026E0,9.993685702E0
2.834008779E1,1.316811676E0,5.523513794E-2,9.792336731E0,9.880632701E0
2.835011979E1,1.222657471E0,5.328918457E-2,9.710307312E0,9.787124150E0
2.836015079E1,1.189426575E0,9.729766846E-3,9.734556885E0,9.806958141E0
2.837018279E1,1.225052490E0,-3.742218018E-2,9.805808716E0,9.882106992E0
2.838021379E1,1.278940430E0,-3.787124634E-2,9.856403503E0,9.939105235E0
2.839024579E1,1.303639069E0,-1.032852173E-2,9.836494904E0,9.922510443E0
2.840027679E1,1.291065216E0,3.802093506E-2,9.796078949E0,9.880863209E0
2.841030879E1,1.263073425E0,7.140151978E-2,9.737850037E0,9.819683090E0
2.842033979E1,1.246158600E0,9.355545044E-2,9.758956146E0,9.838642637E0
2.843037179E1,1.256487122E0,1.110690308E-1,9.797276459E0,9.878143663E0
2.844040279E1,1.272054749E0,1.163081360E-1,9.830207977E0,9.912852251E0
2.845043479E1,1.301094360E0,1.240919495E-1,9.835147705E0,9.921611549E0
2.846046579E1,1.263821869E0,1.077758789E-1,9.826316071E0,9.907842796E0
2.847049779E1,1.253643036E0,8.696914673E-2,9.830507355E0,9.910502477E0
2.848052879E1,1.247206421E0,5.718109131E-2,9.794731750E0,9.873984181E0
2.849056079E1,1.253193970E0,6.750961304E-2,9.774224396E0,9.854466764E0
2.850059179E1,1.269510040E0,4.056564331E-2,9.745633850E0,9.828055782E0
2.851062379E1,1.266216888E0,3.233276367E-2,9.761351166E0,9.843186842E0
2.852065479E1,1.258732452E0,1.706451416E-2,9.781708832E0,9.862379340E0
2.853068679E1,1.262025604E0,7.933502197E-3,9.799521790E0,9.880455398E0
2.854071779E1,1.273551636E0,1.646575928E-3,9.806706848E0,9.889056360E0
2.855074979E1,1.270408173E0,4.191284180E-3,9.796827393E0,9.878855270E0
2.856078079E1,1.277144165E0,7.035369873E-3,9.811796265E0,9.894568846E0
2.857081279E1,1.291514282E0,3.742218018E-3,9.813742218E0,9.898361454E0
2.858084379E1,1.296004944E0,2.903961182E-2,9.819580078E0,9.904777889E0
2.859087579E1,1.294058990E0,5.703140259E-2,9.823771362E0,9.908800383E0
2.860090679E1,1.281634827E0,7.679031372E-2,9.805808716E0,9.889508034E0
2.861093879E1,1.260379028E0,1.020877075E-1,9.735455017E0,9.817232888E0
2.862096979E1,1.217717743E0,1.178050232E-1,9.799821167E0,9.875890311E0
2.863100179E1,1.197958832E0,1.350192261E-1,9.779912567E0,9.853934512E0
2.864103279E1,1.205143890E0,1.502874756E-1,9.747280426E0,9.822649023E0
2.865106479E1,1.239123230E0,1.207987976E-1,9.783355408E0,9.862254396E0
2.866109579E1,1.272653503E0,7.364685059E-2,9.835447083E0,9.917715973E0
2.867112779E1,1.291663971E0,3.847000122E-2,9.845027161E0,9.929473075E0
2.868115879E1,1.262923737E0,2.395019531E-2,9.823322296E0,9.904201680E0
2.869119079E1,1.233285370E0,1.002914429E-2,9.799970856E0,9.877273012E0
2.870122179E1,1.266067200E0,1.347198486E-2,9.808952179E0,9.890331162E0
2.871125379E1,1.291364594E0,3.921844482E-2,9.814340973E0,9.899012543E0
2.872128479E1,1.306632843E0,7.155120850E-2,9.787995758E0,9.875083287E0
2.873131679E1,1.260977783E0,9.430389404E-2,9.751920776E0,9.833560750E0
2.874134879E1,1.236877899E0,1.023870850E-1,9.747430115E0,9.826125579E0
2.875137979E1,1.242865448E0,8.113128662E-2,9.814191284E0,9.892908944E0
2.876141179E1,1.269360352E0,8.068222046E-2,9.839189301E0,9.921059995E0
2.877144279E1,1.297202454E0,8.187973022E-2,9.838590546E0,9.924076905E0
2.878147479E1,1.291514282E0,7.963439941E-2,9.804760895E0,9.889776892E0
2.879150579E1,1.249302063E0,6.810836792E-2,9.798473969E0,9.878030497E0
2.880153779E1,1.240620117E0,6.750961304E-2,9.805958405E0,9.884357139E0
2.881156879E1,1.224004669E0,7.978408813E-2,9.783056030E0,9.859652034E0
2.882160079E1,1.197060699E0,8.277786255E-2,9.735155640E0,9.808825711E0
2.883163179E1,1.188528442E0,7.993377686E-2,9.761650543E0,9.834063788E0
2.884166379E1,1.199904785E0,7.679031372E-2,9.820777588E0,9.894106361E0
2.885169479E1,1.207389221E0,7.664062500E-2,9.849218445E0,9.923243748E0
2.886172679E1,1.223555603E0,7.065307617E-2,9.839788055E0,9.915821153E0
2.887175779E1,1.211131439E0,5.508544922E-2,9.815538483E0,9.890129902E0
2.888178979E1,1.212179260E0,6.571334839E-2,9.822424164E0,9.897156827E0
2.889182079E1,1.226699066E0,6.227050781E-2,9.816885681E0,9.893427752E0
2.890185279E1,1.233135681E0,5.538482666E-2,9.819430389E0,9.896711790E0
2.891188379E1,1.233285370E0,7.664062500E-2,9.814640350E0,9.892119682E0
2.892191579E1,1.246757355E0,8.247848511E-2,9.806706848E0,9.885985323E0
2.893194679E1,1.254241791E0,1.145118713E-1,9.796677704E0,9.877303755E0
2.894197879E1,1.258133698E0,1.052311707E-1,9.790390778E0,9.871460154E0
2.895201017E1,1.264420624E0,9.445358276E-2,9.798773346E0,9.880467604E0
2.896204217E1,1.274150391E0,7.200027466E-2,9.813293152E0,9.895926725E0
2.897207317E1,1.294058990E0,4.760101318E-2,9.831704865E0,9.916616110E0
2.898210517E1,1.294208679E0,2.829116821E-2,9.831106110E0,9.915968124E0
2.899213617E1,1.295406189E0,1.092727661E-2,9.810000000E0,9.895165314E0
2.900216817E1,1.293011169E0,-8.232879639E-3,9.817484436E0,9.902269756E0
2.901219917E1,1.278940430E0,-1.556762695E-2,9.788893890E0,9.872100819E0
2.902223117E1,1.254990234E0,-1.556762695E-2,9.769883423E0,9.850170807E0
2.903226217E1,1.237177277E0,-1.601669312E-2,9.771380310E0,9.849402891E0
2.904229417E1,1.250349884E0,4.490661621E-4,9.815538483E0,9.894855772E0
2.905232517E1,1.266067200E0,2.200424194E-2,9.849667511E0,9.930728091E0
2.906235717E1,1.275497589E0,4.879852295E-2,9.834548950E0,9.917037282E0
2.907238817E1,1.274150391E0,7.065307617E-2,9.797575836E0,9.880331135E0
2.908242017E1,1.238374786E0,7.604187012E-2,9.768985291E0,9.847457950E0
2.909245117E1,1.205293579E0,7.903564453E-2,9.771979065E0,9.846347246E0
2.910248317E1,1.213227081E0,4.116439819E-2,9.820178833E0,9.894924293E0
2.911251417E1,1.206790466E0,5.433700562E-2,9.771679688E0,9.846066202E0
2.912254617E1,1.194366302E0,6.601272583E-2,9.734257507E0,9.807478665E0
2.913257717E1,1.218466187E0,4.565505981E-2,9.761351166E0,9.837211028E0
2.914260917E1,1.246757355E0,2.844085693E-3,9.822873230E0,9.901679175E0
2.915264017E1,1.280736694E0,-3.293151855E-3,9.802216187E0,9.885531826E0
2.916267217E1,1.303339691E0,-5.104385376E-2,9.841284943E0,9.927345524E0
2.917270317E1,1.309476929E0,-7.708969116E-2,9.830806732E0,9.917934949E0
2.918273517E1,1.285975800E0,-8.053253174E-2,9.804311829E0,9.888617177E0
2.919276617E1,1.267264709E0,-8.457412720E-2,9.769434357E0,9.851647592E0
2.920279817E1,1.253643036E0,-3.457809448E-2,9.804311829E0,9.884196828E0
2.921282917E1,1.234183502E0,1.212478638E-2,9.790390778E0,9.867882625E0
2.922286117E1,1.229094086E0,7.334747314E-2,9.712402954E0,9.790139083E0
2.923289217E1,1.218615875E0,1.068777466E-1,9.668244781E0,9.745327324E0
2.924292417E1,1.224603424E0,1.055305481E-1,9.721533966E0,9.798929171E0
2.925295517E1,1.252445526E0,8.487350464E-2,9.802814941E0,9.882864164E0
2.926298717E1,1.274150391E0,8.906478882E-2,9.862989807E0,9.945348646E0
2.927301817E1,1.296004944E0,5.553451538E-2,9.878407745E0,9.963214967E0
2.928305017E1,1.273252258E0,2.604583740E-2,9.859097900E0,9.941009059E0
2.929308117E1,1.254990234E0,4.490661621E-3,9.852361908E0,9.931971396E0
2.930311317E1,1.258882141E0,-2.335144043E-2,9.783505096E0,9.864192897E0
2.931314417E1,1.248703308E0,-1.526824951E-2,9.750274200E0,9.829920654E0
2.932317617E1,1.234183502E0,-1.601669312E-2,9.728719025E0,9.806703794E0
2.933320717E1,1.253643036E0,-2.499801636E-2,9.752070465E0,9.832350895E0
2.934323917E1,1.262774048E0,-2.903961182E-2,9.775721283E0,9.856985756E0
2.935327017E1,1.271006927E0,-4.490661621E-2,9.809251556E0,9.891354372E0
2.936330217E1,1.280437317E0,-3.427871704E-2,9.817484436E0,9.900691663E0
2.937333317E1,1.294657745E0,-5.149291992E-2,9.809101868E0,9.894304910E0
2.938336517E1,1.281934204E0,-3.412902832E-2,9.790091400E0,9.873723194E0
2.939339717E1,1.285227356E0,-3.412902832E-2,9.788893890E0,9.872963980E0
2.940342817E1,1.267713776E0,-5.538482666E-3,9.785750427E0,9.867524528E0
2.941345917E1,1.262324982E0,1.646575928E-2,9.783654785E0,9.864767429E0
2.942349117E1,1.243763580E0,4.041595459E-2,9.755962372E0,9.835008037E0
2.943352317E1,1.235680389E0,6.301895142E-2,9.783355408E0,9.861283915E0
2.944355417E1,1.231040039E0,5.254074097E-2,9.845625916E0,9.922427615E0
2.945358617E1,1.239572296E0,4.969665527E-2,9.803264008E0,9.881446981E0
2.946361717E1,1.257984009E0,3.023712158E-2,9.784403229E0,9.864987815E0
2.947364917E1,1.274300079E0,4.340972900E-3,9.792037354E0,9.874606578E0
2.948368017E1,1.275647278E0,3.742218018E-3,9.799222412E0,9.881905174E0
2.949371217E1,1.266216888E0,-2.110610962E-2,9.806557159E0,9.887988370E0
2.950374317E1,1.275347900E0,-3.203338623E-2,9.828561401E0,9.911011938E0
2.951377517E1,1.313967590E0,-1.766326904E-2,9.823172607E0,9.910678226E0
2.952380617E1,1.322948914E0,-2.050735474E-2,9.810000000E0,9.898823889E0
2.953383817E1,1.321601715E0,-1.377136230E-2,9.762398987E0,9.851459522E0
2.954386917E1,1.290915527E0,-3.293151855E-3,9.744586029E0,9.829721798E0
2.955390117E1,1.284628601E0,1.901046753E-2,9.758357391E0,9.842569330E0
2.956393217E1,1.278940430E0,1.975891113E-2,9.772877197E0,9.856226852E0
2.957396417E1,1.294208679E0,3.891906738E-3,9.808652802E0,9.893667724E0
2.958399517E1,1.302591248E0,-7.035369873E-3,9.829609222E0,9.915543904E0
2.959402717E1,1.287322998E0,-4.026626587E-2,9.791588287E0,9.875931504E0
2.960405817E1,1.257385254E0,-3.757186890E-2,9.771979065E0,9.852614078E0
2.961409017E1,1.234482880E0,-5.448669434E-2,9.787247314E0,9.864944337E0
2.962412117E1,1.209484863E0,-6.167175293E-2,9.775122528E0,9.849856724E0
2.963415317E1,1.198557587E0,-7.259902954E-2,9.763596497E0,9.837155456E0
2.964418417E1,1.194665680E0,-6.810836792E-2,9.771979065E0,9.844970273E0
2.965421617E1,1.217118988E0,-5.867797852E-2,9.777367859E0,9.853006850E0
2.966424717E1,1.246607666E0,-4.730163574E-2,9.775571594E0,9.854849979E0
2.967427917E1,1.232985992E0,-4.954696655E-2,9.799821167E0,9.877206299E0
2.968431017E1,1.251547394E0,-4.460723877E-2,9.801467743E0,9.881150267E0
2.969434217E1,1.262175293E0,-4.760101318E-2,9.807006226E0,9.888009073E0
2.970437317E1,1.268162842E0,-3.981719971E-2,9.808203735E0,9.889928358E0
2.971440517E1,1.261875916E0,-3.921844482E-2,9.807305603E0,9.888230990E0
2.972443617E1,1.252894592E0,-3.098556519E-2,9.795180817E0,9.875032769E0
2.973446817E1,1.247206421E0,-6.137237549E-3,9.779762878E0,9.858971725E0
2.974449917E1,1.251697083E0,-1.496887207E-3,9.785600739E0,9.865329677E0
2.975453117E1,1.254840546E0,-6.137237549E-3,9.804461517E0,9.884438684E0
2.976456217E1,1.243464203E0,-1.107696533E-2,9.763596497E0,9.842466280E0
2.977459417E1,1.233285370E0,-1.407073975E-2,9.735455017E0,9.813270361E0
2.978462517E1,1.223405914E0,-3.637435913E-2,9.745334473E0,9.821893357E0
2.979465717E1,1.251697083E0,-5.658233643E-2,9.765841827E0,9.845893243E0
2.980468817E1,1.279239807E0,-4.655319214E-2,9.800569611E0,9.883814364E0
2.981472017E1,1.300944672E0,-3.921844482E-2,9.801318054E0,9.887357115E0
2.982475117E1,1.304836578E0,-4.535568237E-2,9.796677704E0,9.883296498E0
2.983478317E1,1.281485138E0,-4.370910645E-2,9.770182800E0,9.853962989E0
2.984481417E1,1.245709534E0,-5.134323120E-2,9.770631866E0,9.849856620E0
2.985484617E1,1.233734436E0,-6.676116943E-2,9.814490662E0,9.891955553E0
2.986487717E1,1.248104553E0,-7.514373779E-2,9.836494904E0,9.915646401E0
2.987490917E1,1.253792725E0,-4.430786133E-2,9.784253540E0,9.864358911E0
2.988494017E1,1.206940155E0,-2.305206299E-2,9.677375793E0,9.752376028E0
2.989497217E1,1.203497314E0,-3.772155762E-2,9.754465485E0,9.828500679E0
2.990500317E1,1.231938171E0,-7.274871826E-2,9.877808990E0,9.954600669E0
2.991503517E1,1.302142181E0,-5.837860107E-2,9.889185333E0,9.974716481E0
2.992506617E1,1.333127747E0,-4.340972900E-2,9.839488678E0,9.929483946E0
2.993509817E1,1.266067200E0,-1.541793823E-2,9.757758636E0,9.839563886E0
2.994512917E1,1.189426575E0,1.556762695E-2,9.680818634E0,9.753626369E0
2.995516067E1,1.154698792E0,8.981323242E-3,9.662855988E0,9.731608079E0
2.996519267E1,1.144370270E0,2.739303589E-2,9.728569336E0,9.795682468E0
2.997522367E1,1.175206146E0,3.712280273E-2,9.783205719E0,9.853608564E0
2.998525467E1,1.193168793E0,5.493576050E-2,9.790091400E0,9.862685199E0
2.999528667E1,1.213676147E0,9.086105347E-2,9.784253540E0,9.859659368E0
3.000531867E1,1.218017120E0,9.505233765E-2,9.802964630E0,9.878801354E0
3.001534967E1,1.217118988E0,7.978408813E-2,9.848919067E0,9.924159961E0
3.002538167E1,1.234183502E0,6.092330933E-2,9.866881714E0,9.943956724E0
3.003541267E1,1.230441284E0,4.191284180E-2,9.823172607E0,9.900023359E0
3.004544467E1,1.211580505E0,2.260299683E-2,9.796677704E0,9.871338929E0
3.005547567E1,1.208437042E0,6.137237549E-3,9.768536224E0,9.843000443E0
3.006550767E1,1.221010895E0,-5.239105225E-3,9.740993500E0,9.817222082E0
3.007553867E1,1.232237549E0,-1.571731567E-2,9.727521515E0,9.805270584E0
3.008557067E1,1.251248016E0,-1.691482544E-2,9.710606689E0,9.790903431E0
3.009560167E1,1.249900818E0,-2.499801636E-2,9.738897858E0,9.818808911E0
3.010563367E1,1.242117004E0,-3.158432007E-2,9.754615173E0,9.833431212E0
3.011566467E1,1.236728210E0,-2.140548706E-2,9.782906342E0,9.860791619E0
3.012569667E1,1.237626343E0,-1.871109009E-2,9.796977081E0,9.874858429E0
3.013572767E1,1.232536926E0,1.047821045E-3,9.788295135E0,9.865590202E0
3.014575967E1,1.229393463E0,2.305206299E-2,9.775122528E0,9.852155100E0
3.015579067E1,1.217118988E0,4.760101318E-2,9.783954163E0,9.859482925E0
3.016582267E1,1.204395447E0,5.029541016E-2,9.801168365E0,9.875018954E0
3.017585367E1,1.193019104E0,7.484436035E-2,9.790989532E0,9.863689588E0
3.018588567E1,1.201102295E0,9.744735718E-2,9.813742218E0,9.887450583E0
3.019591667E1,1.198856964E0,1.155596924E-1,9.891430664E0,9.964487576E0
3.020594867E1,1.206341400E0,1.499880981E-1,9.828262024E0,9.903155579E0
3.021597967E1,1.201701050E0,1.691482544E-1,9.782008209E0,9.856996558E0
3.022601167E1,1.186732178E0,1.318757629E-1,9.732012177E0,9.804987786E0
3.023604267E1,1.186283112E0,1.366658020E-1,9.706415405E0,9.779593304E0
3.024607467E1,1.171164551E0,8.412506104E-2,9.771829376E0,9.842121356E0
3.025610567E1,1.200503540E0,4.939727783E-3,9.830357666E0,9.903391590E0
3.026613767E1,1.260678406E0,1.197509766E-3,9.852960663E0,9.933284719E0
3.027616867E1,1.300645294E0,-1.930984497E-2,9.869127045E0,9.954482391E0
3.028620067E1,1.313967590E0,-1.766326904E-2,9.824070740E0,9.911568429E0
3.029623167E1,1.279688873E0,8.831634521E-3,9.779463501E0,9.862838738E0
3.030626367E1,1.219813385E0,3.891906738E-2,9.726773071E0,9.803039007E0
3.031629467E1,1.180894318E0,4.580474854E-2,9.728719025E0,9.800233840E0
3.032632667E1,1.192869415E0,4.894821167E-2,9.803264008E0,9.875693321E0
3.033635767E1,1.230441284E0,6.391708374E-2,9.806108093E0,9.883209351E0
3.034638967E1,1.239871674E0,8.008346558E-2,9.793384552E0,9.871883109E0
3.035642067E1,1.249900818E0,7.888595581E-2,9.815239105E0,9.894816509E0
3.036645267E1,1.222807159E0,7.664062500E-2,9.830956421E0,9.907009402E0
3.037648367E1,1.193468170E0,7.858657837E-2,9.833201752E0,9.905675081E0
3.038651567E1,1.172062683E0,5.852828979E-2,9.803713074E0,9.873699738E0
3.039654667E1,1.159339142E0,4.505630493E-2,9.785451050E0,9.853991555E0
3.040657867E1,1.151255951E0,3.323089600E-2,9.807604980E0,9.874999241E0
3.041660967E1,1.166075134E0,3.787124634E-2,9.839788055E0,9.908713056E0
3.042664167E1,1.199904785E0,4.221221924E-2,9.846823425E0,9.919752262E0
3.043667267E1,1.193168793E0,6.062393188E-2,9.817634125E0,9.890058991E0
3.044670467E1,1.190324707E0,7.963439941E-2,9.788295135E0,9.860726961E0
3.045673567E1,1.187330933E0,9.490264893E-2,9.803713074E0,9.875806361E0
3.046676767E1,1.182690582E0,1.158590698E-1,9.801767120E0,9.873541362E0
3.047679867E1,1.188229065E0,9.505233765E-2,9.802216187E0,9.874429878E0
3.048683067E1,1.201850739E0,9.430389404E-2,9.801168365E0,9.875031127E0
3.049686167E1,1.213526459E0,8.412506104E-2,9.797575836E0,9.872801819E0
3.050689367E1,1.216969299E0,5.777984619E-2,9.803862762E0,9.879275168E0
3.051692567E1,1.219963074E0,5.388793945E-2,9.811796265E0,9.887495120E0
3.052695667E1,1.224453735E0,5.957611084E-2,9.811047821E0,9.887340169E0
3.053698867E1,1.227597198E0,4.161346436E-2,9.805209961E0,9.881845422E0
3.054701967E1,1.231339417E0,4.445755005E-2,9.810449066E0,9.887521636E0
3.055705167E1,1.230890350E0,3.712280273E-2,9.794132996E0,9.871246643E0
3.056708267E1,1.227597198E0,2.814147949E-2,9.803413696E0,9.880015533E0
3.057711467E1,1.224603424E0,5.194198608E-2,9.808203735E0,9.884493514E0
3.058714567E1,1.218316498E0,2.574645996E-2,9.802814941E0,9.878265979E0
3.059717767E1,1.223405914E0,3.008743286E-2,9.807455292E0,9.883511855E0
3.060720867E1,1.215173035E0,4.146377563E-2,9.815089417E0,9.890113498E0
3.061724067E1,1.206940155E0,5.089416504E-2,9.785600739E0,9.859882178E0
3.062727167E1,1.187779999E0,5.777984619E-2,9.783804474E0,9.855809952E0
3.063730367E1,1.201251984E0,6.466552734E-2,9.811796265E0,9.885268529E0
3.064733467E1,1.220412140E0,8.098159790E-2,9.831106110E0,9.906897150E0
3.065736667E1,1.204545135E0,1.002914429E-1,9.787846069E0,9.862196410E0
3.066739767E1,1.192719727E0,1.228944397E-1,9.758357391E0,9.831745642E0
3.067742967E1,1.178499298E0,9.819580078E-2,9.776769104E0,9.848031129E0
3.068746067E1,1.159788208E0,8.771759033E-2,9.812544708E0,9.881236598E0
3.069749267E1,1.183588715E0,7.110214233E-2,9.824220428E0,9.895516398E0
3.070752367E1,1.164578247E0,8.831634521E-2,9.728569336E0,9.798423526E0
3.071755567E1,1.143023071E0,8.187973022E-2,9.716444550E0,9.783787647E0
3.072758667E1,1.167272644E0,4.954696655E-2,9.883646851E0,9.952459766E0
3.073761867E1,1.216370544E0,5.403762817E-2,9.891879730E0,9.966532093E0
3.074764967E1,1.269360352E0,7.664062500E-2,9.895621948E0,9.976997706E0
3.075768167E1,1.244811401E0,7.334747314E-2,9.771679688E0,9.850921743E0
3.076771267E1,1.192570038E0,7.664062500E-2,9.734706573E0,9.807783091E0
3.077774467E1,1.178798676E0,3.113525391E-2,9.788893890E0,9.859664260E0
3.078777567E1,1.214125214E0,1.017883301E-2,9.862840118E0,9.937294342E0
3.079780767E1,1.262923737E0,4.550537109E-2,9.890682220E0,9.971090306E0
3.080783867E1,1.266216888E0,8.816665649E-2,9.812993774E0,9.894742310E0
3.081787067E1,1.229393463E0,1.329235840E-1,9.731862488E0,9.810108279E0
3.082790167E1,1.205742645E0,1.567240906E-1,9.687255249E0,9.763262366E0
3.083793367E1,1.210532684E0,1.722917175E-1,9.739646301E0,9.816098201E0
3.084796467E1,1.247954865E0,1.495390320E-1,9.782906342E0,9.863316367E0
3.085799667E1,1.254690857E0,1.279838562E-1,9.824819183E0,9.905437951E0
3.086802767E1,1.269510040E0,7.918533325E-2,9.867330780E0,9.948976972E0
3.087805967E1,1.246757355E0,5.239105225E-2,9.874515839E0,9.953050375E0
3.088809067E1,1.243913269E0,1.766326904E-2,9.858798523E0,9.936978441E0
3.089812267E1,1.226100311E0,-9.729766846E-3,9.828411713E0,9.904599610E0
3.090815367E1,1.224453735E0,-2.769241333E-2,9.792636108E0,9.868929819E0
3.091818567E1,1.228794708E0,-2.933898926E-2,9.794731750E0,9.871553438E0
3.092821667E1,1.228345642E0,-3.981719971E-2,9.793534241E0,9.870346060E0
3.093824867E1,1.220861206E0,-3.353027344E-2,9.801916809E0,9.877712260E0
3.094827967E1,1.235680389E0,-3.143463135E-2,9.820328522E0,9.897815235E0
3.095831217E1,1.229094086E0,-1.272354126E-2,9.816586304E0,9.893240158E0
3.096834317E1,1.243613892E0,3.442840576E-3,9.782906342E0,9.861634948E0
3.097837517E1,1.244811401E0,-1.945953369E-3,9.810299377E0,9.888960162E0
3.098840617E1,1.258582764E0,2.260299683E-2,9.844727783E0,9.924878165E0
3.099843817E1,1.278790741E0,5.179229736E-2,9.823621674E0,9.906640752E0
3.100846917E1,1.280587006E0,7.439529419E-2,9.824968872E0,9.908352591E0
3.101850117E1,1.260828094E0,1.046324158E-1,9.801916809E0,9.883228651E0
3.102853217E1,1.236728210E0,1.264869690E-1,9.781559143E0,9.860243146E0
3.103856417E1,1.203347626E0,1.419049072E-1,9.829459534E0,9.903860724E0
3.104859617E1,1.199605408E0,1.038839722E-1,9.810598755E0,9.884214331E0
3.105862717E1,1.198856964E0,1.059796143E-1,9.792785797E0,9.866465597E0
3.106865917E1,1.216669922E0,6.152206421E-2,9.793833618E0,9.869308365E0
3.107869017E1,1.256786499E0,-6.735992432E-3,9.870474243E0,9.950166806E0
3.108872217E1,1.280437317E0,-3.173400879E-2,9.880653076E0,9.963324344E0
3.109875317E1,1.276695099E0,-6.107299805E-2,9.844727783E0,9.927353394E0
3.110878517E1,1.265468445E0,-7.035369873E-2,9.803413696E0,9.885002788E0
3.111881617E1,1.271905060E0,-3.517684937E-2,9.725725250E0,9.808603954E0
3.112884817E1,1.271455994E0,-6.137237549E-3,9.693093109E0,9.776128683E0
3.113887917E1,1.280137939E0,-4.640350342E-3,9.709858246E0,9.793881857E0
3.114891117E1,1.264420624E0,1.945953369E-3,9.742340698E0,9.824050365E0
3.115894217E1,1.272354126E0,-6.286926270E-3,9.805060272E0,9.887271185E0
3.116897417E1,1.288670197E0,-8.532257080E-3,9.827962646E0,9.912093293E0
3.117900517E1,1.290167084E0,-1.182540894E-2,9.829010468E0,9.913330304E0
3.118903717E1,1.287173309E0,-1.691482544E-2,9.820328522E0,9.904340135E0
3.119906817E1,1.261277161E0,-6.586303711E-3,9.794282684E0,9.875162619E0
3.120910017E1,1.231339417E0,-9.430389404E-3,9.764494629E0,9.841831184E0
3.121913117E1,1.218615875E0,4.191284180E-3,9.758207703E0,9.834005277E0
3.122916317E1,1.201701050E0,3.757186890E-2,9.743987274E0,9.817880884E0
3.123919417E1,1.211131439E0,4.760101318E-2,9.749675446E0,9.824727809E0
3.124922617E1,1.227746887E0,1.646575928E-2,9.774972839E0,9.851788038E0
3.125925717E1,1.239721985E0,6.137237549E-3,9.806706848E0,9.884758342E0
3.126928917E1,1.253044281E0,-1.422042847E-2,9.810000000E0,9.889712948E0
3.127932017E1,1.249601440E0,-3.323089600E-2,9.809700623E0,9.889025956E0
3.128935217E1,1.263522491E0,-2.978805542E-2,9.805659027E0,9.886775277E0
3.129938317E1,1.251098328E0,-1.167572021E-2,9.788744202E0,9.868378610E0
3.130941517E1,1.249601440E0,-1.437011719E-2,9.781559143E0,9.861065334E0
3.131944617E1,1.248254242E0,-2.245330811E-3,9.780361633E0,9.859696617E0
3.132947817E1,1.240919495E0,1.197509766E-3,9.802066498E0,9.880303146E0
3.133950917E1,1.249751129E0,-1.047821045E-2,9.794132996E0,9.873551986E0
3.134954117E1,1.258433075E0,-0.000000000E0,9.789043579E0,9.869601208E0
3.135957217E1,1.257834320E0,1.496887207E-3,9.786199493E0,9.866704107E0
3.136960417E1,1.258433075E0,3.891906738E-3,9.764644318E0,9.845402359E0
3.137963517E1,1.255738678E0,-8.981323242E-4,9.780960388E0,9.861240619E0
3.138966717E1,1.267414398E0,-2.514770508E-2,9.796078949E0,9.877759586E0
3.139969817E1,1.284179535E0,-2.409988403E-2,9.821526031E0,9.905153783E0
3.140973017E1,1.303489380E0,-1.077758789E-2,9.832902374E0,9.918929873E0
3.141976117E1,1.305285645E0,-1.751358032E-2,9.811347198E0,9.897808403E0
3.142979317E1,1.298250275E0,-1.302291870E-2,9.770781555E0,9.856662497E0
3.143982417E1,1.265618134E0,-1.661544800E-2,9.762698364E0,9.844406772E0
3.144985617E1,1.240620117E0,-3.158432007E-2,9.788295135E0,9.866653815E0
3.145988717E1,1.242865448E0,-4.340972900E-2,9.818083191E0,9.896532548E0
3.146991917E1,1.240470428E0,-2.544708252E-2,9.784852295E0,9.863201756E0
3.147995017E1,1.222058716E0,-1.766326904E-2,9.703721008E0,9.780385519E0
3.148998217E1,1.211281128E0,-9.280700684E-3,9.691596222E0,9.767001865E0
3.150001317E1,1.240620117E0,-5.763015747E-2,9.760303345E0,9.839003044E0
3.151004517E1,1.271455994E0,-8.322692871E-2,9.820178833E0,9.902496623E0
3.152007617E1,1.329984283E0,-1.013392639E-1,9.832153931E0,9.922216424E0
3.153010817E1,1.353635101E0,-1.136137390E-1,9.818232880E0,9.911757309E0
3.154013917E1,1.328337708E0,-6.077362061E-2,9.734706573E0,9.825104914E0
3.155017117E1,1.260977783E0,-5.448669434E-2,9.692644043E0,9.774476063E0
3.156020317E1,1.238973541E0,-4.071533203E-2,9.779613190E0,9.857867280E0
3.157023417E1,1.234782257E0,2.844085693E-3,9.798623657E0,9.876118716E0
3.158026617E1,1.240320740E0,4.999603271E-2,9.782457275E0,9.860900846E0
3.159029717E1,1.250499573E0,7.798782349E-2,9.778715057E0,9.858656067E0
3.160032917E1,1.280287628E0,9.265731812E-2,9.796528015E0,9.880267352E0
3.161036017E1,1.287622375E0,6.915618896E-2,9.835596771E0,9.919764000E0
3.162039217E1,1.269659729E0,2.739303589E-2,9.881251831E0,9.962525983E0
3.163042317E1,1.268312531E0,-7.035369873E-3,9.886041870E0,9.967070283E0
3.164045517E1,1.251098328E0,-3.068618774E-2,9.855505371E0,9.934645177E0
3.165048617E1,1.261576538E0,-7.439529419E-2,9.820777588E0,9.901756534E0
3.166051817E1,1.273701324E0,-9.056167603E-2,9.802814941E0,9.885630848E0
3.167054917E1,1.307680664E0,-8.547225952E-2,9.753118286E0,9.840764733E0
3.168058117E1,1.310075684E0,-6.885681152E-2,9.735754395E0,9.823744357E0
3.169061217E1,1.311422882E0,-7.963439941E-2,9.737550659E0,9.825785691E0
3.170064417E1,1.301393738E0,-7.140151978E-2,9.742490387E0,9.829284958E0
3.171067517E1,1.297950897E0,-8.262817383E-2,9.773176575E0,9.859334882E0
3.172070717E1,1.299896851E0,-8.307723999E-2,9.788594513E0,9.874878034E0
3.173073817E1,1.305734711E0,-6.900650024E-2,9.784552917E0,9.871533864E0
3.174077017E1,1.292562103E0,-7.723937988E-2,9.770332489E0,9.855763779E0
3.175080117E1,1.297052765E0,-7.679031372E-2,9.780211945E0,9.866143538E0
3.176083317E1,1.284179535E0,-6.571334839E-2,9.777816925E0,9.862004824E0
3.177086417E1,1.271605682E0,-4.550537109E-2,9.736652527E0,9.819442661E0
3.178089617E1,1.271306305E0,-3.697311401E-2,9.810299377E0,9.892399133E0
3.179092717E1,1.273701324E0,-1.062789917E-2,9.871222687E0,9.953063114E0
3.180095917E1,1.283131714E0,5.239105225E-3,9.791887665E0,9.875602183E0
3.181099017E1,1.272803192E0,-2.095642090E-3,9.760153656E0,9.842795931E0
3.182102217E1,1.262025604E0,-1.975891113E-2,9.773775330E0,9.854936998E0
3.183105317E1,1.246607666E0,-2.469863892E-2,9.771829376E0,9.851055276E0
3.184108517E1,1.249302063E0,-1.287322998E-2,9.770332489E0,9.849889254E0
3.185111617E1,1.246907043E0,-4.101470947E-2,9.822424164E0,9.901337073E0
3.186114817E1,1.304836578E0,-5.777984619E-2,9.853709106E0,9.939895380E0
3.187117917E1,1.380279694E0,-5.328918457E-2,9.835896149E0,9.932414853E0
3.188121117E1,1.357377319E0,-2.948867798E-2,9.783205719E0,9.876965977E0
3.189124217E1,1.300944672E0,-1.392105103E-2,9.745633850E0,9.832091841E0
3.190127417E1,1.249152374E0,-4.191284180E-3,9.695188751E0,9.775330385E0
3.191130517E1,1.221160583E0,-1.197509766E-3,9.691745911E0,9.768376191E0
3.192133717E1,1.234782257E0,-2.844085693E-3,9.739945679E0,9.817903907E0
3.193136817E1,1.268162842E0,-1.242416382E-2,9.757758636E0,9.839829519E0
3.194140017E1,1.281185760E0,8.681945801E-3,9.738598480E0,9.822515599E0
3.195143062E1,1.276545410E0,5.688171387E-3,9.746681671E0,9.829923913E0
3.196146263E1,1.226399689E0,-1.137634277E-2,9.762099609E0,9.838840094E0
3.197149462E1,1.229243774E0,-4.011657715E-2,9.791887665E0,9.868825342E0
3.198152562E1,1.222657471E0,-5.089416504E-2,9.773775330E0,9.850084553E0
3.199155662E1,1.200353851E0,-6.885681152E-2,9.752968597E0,9.826799433E0
3.200158863E1,1.206341400E0,-8.292755127E-2,9.752220154E0,9.826898518E0
3.201162062E1,1.198258209E0,-8.607101440E-2,9.772128754E0,9.845696082E0
3.202165162E1,1.228495331E0,-8.532257080E-2,9.775272217E0,9.852534072E0
3.203168363E1,1.233285370E0,-6.601272583E-2,9.773775330E0,9.851499108E0
3.204171463E1,1.236877899E0,-6.077362061E-2,9.761051788E0,9.839293287E0
3.205174662E1,1.227746887E0,-3.712280273E-2,9.756710815E0,9.833724953E0
3.206177763E1,1.228495331E0,-2.829116821E-2,9.770482178E0,9.847452623E0
3.207180963E1,1.232237549E0,-2.155517578E-2,9.765542450E0,9.843002253E0
3.208184062E1,1.225651245E0,-1.751358032E-2,9.770182800E0,9.846776104E0
3.209187262E1,1.230590973E0,-4.191284180E-3,9.779613190E0,9.856734036E0
3.210190363E1,1.231489105E0,2.814147949E-2,9.781110077E0,9.858370641E0
3.211193562E1,1.231788483E0,2.469863892E-2,9.777218170E0,9.854537434E0
3.212196662E1,1.228046265E0,2.050735474E-2,9.787097626E0,9.863863245E0
3.213199863E1,1.223705292E0,1.871109009E-2,9.813143463E0,9.889165252E0
3.214202963E1,1.248403931E0,2.290237427E-2,9.829309845E0,9.908297983E0
3.215206162E1,1.244362335E0,2.200424194E-2,9.804311829E0,9.882988022E0
3.216209262E1,1.231189728E0,1.062789917E-2,9.801617432E0,9.878645928E0
3.217212463E1,1.248852997E0,4.790039062E-3,9.814640350E0,9.893776931E0
3.218215563E1,1.247805176E0,6.286926270E-3,9.849667511E0,9.928393997E0
3.219218762E1,1.271455994E0,2.649490356E-2,9.818681946E0,9.900697828E0
3.220221862E1,1.243613892E0,5.328918457E-2,9.715546417E0,9.794960818E0
3.221225063E1,1.200353851E0,5.059478760E-2,9.692644043E0,9.766819224E0
3.222228162E1,1.201401672E0,3.802093506E-2,9.751771088E0,9.825571277E0
3.223231362E1,1.216819611E0,6.735992432E-3,9.803413696E0,9.878644413E0
3.224234463E1,1.232387238E0,2.095642090E-3,9.754615173E0,9.832156420E0
3.225237663E1,1.220711517E0,-5.239105225E-3,9.691895599E0,9.768469909E0
3.226240762E1,1.243763580E0,-5.119354248E-2,9.822873230E0,9.901434599E0
3.227243962E1,1.287023621E0,-8.023315430E-2,9.887688446E0,9.971421662E0
3.228247063E1,1.336720276E0,-8.202941895E-2,9.921218719E0,1.001120027E1
3.229250262E1,1.335672455E0,-6.331832886E-2,9.822873230E0,9.913469050E0
3.230253362E1,1.270857239E0,-6.586303711E-2,9.742640076E0,9.825398298E0
3.231256563E1,1.222507782E0,-8.083190918E-2,9.742041321E0,9.818779363E0
3.232259663E1,1.243464203E0,-1.188528442E-1,9.799222412E0,9.878516544E0
3.233262862E1,1.281036072E0,-1.251397705E-1,9.865384827E0,9.948996490E0
3.234265962E1,1.285676422E0,-9.879455566E-2,9.857151947E0,9.941135183E0
3.235269163E1,1.271905060E0,-3.427871704E-2,9.796078949E0,9.878364252E0
3.236272263E1,1.247655487E0,1.796264648E-2,9.739945679E0,9.819547275E0
3.237275462E1,1.242117004E0,5.553451538E-2,9.739795990E0,9.818837236E0
3.238278562E1,1.253493347E0,9.355545044E-2,9.781259766E0,9.861695635E0
3.239281763E1,1.266216888E0,1.005908203E-1,9.823921051E0,9.905697782E0
3.240284862E1,1.267115021E0,9.175918579E-2,9.845176849E0,9.926807514E0
3.241288062E1,1.259031830E0,7.334747314E-2,9.854008484E0,9.934385950E0
3.242291163E1,1.251547394E0,4.430786133E-2,9.855655060E0,9.934901646E0
3.243294362E1,1.250649261E0,4.490661621E-3,9.862540741E0,9.941521695E0
3.244297462E1,1.253044281E0,-1.227447510E-2,9.838889923E0,9.918368089E0
3.245300663E1,1.232985992E0,-4.296066284E-2,9.785900116E0,9.863363582E0
3.246303863E1,1.245709534E0,-4.999603271E-2,9.752818909E0,9.832180252E0
3.247306962E1,1.236279144E0,-5.897735596E-2,9.770931244E0,9.849008164E0
3.248310162E1,1.237326965E0,-6.646179199E-2,9.782457275E0,9.860621965E0
3.249313263E1,1.262624359E0,-6.840774536E-2,9.806407471E0,9.887594620E0
3.250316462E1,1.271455994E0,-6.930587769E-2,9.796677704E0,9.879083848E0
3.251319562E1,1.281934204E0,-7.843688965E-2,9.790241089E0,9.874124175E0
3.252322763E1,1.268611908E0,-5.284011841E-2,9.800719299E0,9.882624501E0
3.253325863E1,1.245110779E0,-4.445755005E-2,9.815089417E0,9.893849482E0
3.254329062E1,1.226699066E0,-3.622467041E-2,9.825867004E0,9.902210118E0
3.255332162E1,1.202449493E0,-3.951782227E-2,9.823322296E0,9.896722052E0
3.256335363E1,1.190324707E0,-3.787124634E-2,9.768236847E0,9.840566967E0
3.257338463E1,1.177601166E0,-1.796264648E-2,9.810898132E0,9.881335402E0
3.258341662E1,1.183289337E0,5.688171387E-3,9.833650818E0,9.904589563E0
3.259344762E1,1.183738403E0,5.448669434E-2,9.755812683E0,9.827516803E0
3.260347963E1,1.201850739E0,5.987548828E-2,9.766440582E0,9.840294300E0
3.261351062E1,1.217867432E0,1.242416382E-2,9.815688171E0,9.890960000E0
3.262354262E1,1.250050507E0,-3.592529297E-3,9.875264282E0,9.954068707E0
3.263357363E1,1.251547394E0,-1.975891113E-2,9.847571869E0,9.926803766E0
3.264360563E1,1.225052490E0,-5.328918457E-2,9.823172607E0,9.899409751E0
3.265363662E1,1.224453735E0,-4.355941772E-2,9.815987549E0,9.892158305E0
3.266366862E1,1.266216888E0,-2.005828857E-2,9.784552917E0,9.866163557E0
3.267369963E1,1.259780273E0,2.993774414E-4,9.783355408E0,9.864131460E0
3.268373162E1,1.259630585E0,1.302291870E-2,9.752968597E0,9.833983693E0
3.269376262E1,1.221759338E0,2.948867798E-2,9.737850037E0,9.814239084E0
3.270379463E1,1.215322723E0,2.589614868E-2,9.788893890E0,9.864082498E0
3.271382563E1,1.226549377E0,-7.484436035E-4,9.828411713E0,9.904650460E0
3.272385762E1,1.251248016E0,-8.232879639E-3,9.838141479E0,9.917394675E0
3.273388862E1,1.251547394E0,-1.736389160E-2,9.831255798E0,9.910613652E0
3.274392063E1,1.227447510E0,-2.769241333E-2,9.822723541E0,9.899156127E0
3.275395163E1,1.219064941E0,-3.098556519E-2,9.814191284E0,9.889662785E0
3.276398362E1,1.203197937E0,-2.829116821E-2,9.791588287E0,9.865276826E0
3.277401462E1,1.179547119E0,-1.841171265E-2,9.766440582E0,9.837430154E0
3.278404663E1,1.175056458E0,1.017883301E-2,9.746382294E0,9.816966390E0
3.279407762E1,1.167572021E0,1.092727661E-2,9.776170349E0,9.845651351E0
3.280410962E1,1.171164551E0,1.347198486E-3,9.818981323E0,9.888580406E0
3.281414063E1,1.206491089E0,2.080673218E-2,9.826316071E0,9.900128342E0
3.282417262E1,1.201251984E0,2.290237427E-2,9.820927277E0,9.894146927E0
3.283420362E1,1.203197937E0,1.392105103E-2,9.811347198E0,9.884857759E0
3.284423563E1,1.193468170E0,1.347198486E-2,9.798623657E0,9.871047226E0
3.285426663E1,1.178199921E0,-1.796264648E-3,9.817185059E0,9.887632717E0
3.286429862E1,1.203048248E0,-2.365081787E-2,9.829908600E0,9.903281655E0
3.287432962E1,1.216220856E0,-3.158432007E-2,9.830357666E0,9.905358276E0
3.288436163E1,1.220112762E0,-2.933898926E-2,9.824370117E0,9.899888087E0
3.289439362E1,1.228645020E0,-3.592529297E-2,9.822573853E0,9.899182608E0
3.290442462E1,1.228944397E0,-3.951782227E-2,9.810449066E0,9.887202682E0
3.291445663E1,1.241069183E0,-4.340972900E-2,9.834998016E0,9.913088475E0
3.292448763E1,1.233884125E0,-4.146377563E-2,9.811197510E0,9.888568443E0
3.293451962E1,1.244512024E0,-5.942642212E-2,9.796827393E0,9.875736359E0
3.294455062E1,1.269060974E0,-4.146377563E-2,9.790390778E0,9.872385050E0
3.295458325E1,1.261127472E0,-3.143463135E-2,9.775421906E0,9.856485381E0
3.296461425E1,1.260828094E0,-2.604583740E-2,9.772128754E0,9.853165291E0
3.297464625E1,1.240919495E0,-9.280700684E-3,9.799222412E0,9.877485875E0
3.298467725E1,1.254690857E0,-2.155517578E-2,9.859546967E0,9.939083467E0
3.299470925E1,1.270857239E0,-3.143463135E-3,9.884395294E0,9.965759295E0
3.300474025E1,1.262624359E0,1.796264648E-2,9.869875488E0,9.950325878E0
3.301477225E1,1.252595215E0,1.706451416E-2,9.800569611E0,9.880306203E0
3.302480325E1,1.215322723E0,-7.484436035E-4,9.773625641E0,9.848896794E0
3.303483525E1,1.186283112E0,-2.739303589E-2,9.814790039E0,9.886259227E0
3.304486625E1,1.196911011E0,-5.912704468E-2,9.833501129E0,9.906252391E0
3.305489825E1,1.195863190E0,-4.595443726E-2,9.789792023E0,9.862668423E0
3.306492925E1,1.196911011E0,-2.634521484E-2,9.758806458E0,9.831967937E0
3.307496125E1,1.211281128E0,-4.490661621E-2,9.757159882E0,9.832160878E0
3.308499225E1,1.239871674E0,-7.454498291E-2,9.779014435E0,9.857583986E0
3.309502425E1,1.258283386E0,-7.394622803E-2,9.799072723E0,9.879806241E0
3.310505525E1,1.293160858E0,-1.219963074E-1,9.825717316E0,9.911199164E0
3.311508725E1,1.277293854E0,-1.187031555E-1,9.813442841E0,9.896930353E0
3.312511825E1,1.276246033E0,-1.200503540E-1,9.778715057E0,9.862377208E0
3.313515025E1,1.264420624E0,-1.058299255E-1,9.773925018E0,9.855940835E0
3.314518125E1,1.253643036E0,-6.137237549E-2,9.809401245E0,9.889375118E0
3.315521325E1,1.234183502E0,-1.646575928E-3,9.770033112E0,9.847677829E0
3.316524425E1,1.209335175E0,6.870712280E-2,9.699380035E0,9.774721751E0
3.317527625E1,1.198707275E0,8.098159790E-2,9.674232330E0,9.748550063E0
3.318530725E1,1.232387238E0,6.406677246E-2,9.739197235E0,9.817069096E0
3.319533925E1,1.263672180E0,3.667373657E-2,9.833950195E0,9.914877144E0
3.320537025E1,1.287622375E0,8.232879639E-3,9.905052338E0,9.988398319E0
3.321540225E1,1.299298096E0,-1.377136230E-2,9.928254089E0,1.001292137E1
3.322543325E1,1.276695099E0,-4.999603271E-2,9.908794556E0,9.990828771E0
3.323546525E1,1.259780273E0,-4.849914551E-2,9.846374359E0,9.926756093E0
3.324549625E1,1.249302063E0,-5.298980713E-2,9.791588287E0,9.871107575E0
3.325552825E1,1.246457977E0,-5.029541016E-2,9.751771088E0,9.831237280E0
3.326555925E1,1.250349884E0,-3.143463135E-2,9.709259491E0,9.789488385E0
3.327559125E1,1.249751129E0,-3.457809448E-2,9.716444550E0,9.796548791E0
3.328562325E1,1.267414398E0,-4.685256958E-2,9.745783539E0,9.827961701E0
3.329565425E1,1.286873932E0,-5.343887329E-2,9.792336731E0,9.876677522E0
3.330568625E1,1.312470703E0,-7.364685059E-2,9.813442841E0,9.901094060E0
3.331571725E1,1.303040314E0,-7.214996338E-2,9.810449066E0,9.896869735E0
3.332574925E1,1.301393738E0,-8.128097534E-2,9.802365875E0,9.888711191E0
3.333578025E1,1.276844788E0,-6.376739502E-2,9.776918793E0,9.860149085E0
3.334581225E1,1.279988251E0,-5.164260864E-2,9.778565369E0,9.862118309E0
3.335584325E1,1.263821869E0,-1.901046753E-2,9.788893890E0,9.870159609E0
3.336587525E1,1.243314514E0,-1.302291870E-2,9.754615173E0,9.833540449E0
3.337590625E1,1.238374786E0,-1.796264648E-3,9.810598755E0,9.888448982E0
3.338593825E1,1.232686615E0,7.334747314E-3,9.823322296E0,9.900365196E0
3.339596925E1,1.228046265E0,1.721420288E-2,9.774374084E0,9.851232547E0
3.340600125E1,1.235979767E0,-3.128494263E-2,9.795330505E0,9.873050412E0
3.341603225E1,1.240769806E0,-3.861968994E-2,9.814939728E0,9.893131105E0
3.342606425E1,1.247356110E0,-4.535568237E-2,9.803114319E0,9.882257068E0
3.343609525E1,1.219663696E0,-7.798782349E-2,9.826914825E0,9.902621704E0
3.344612725E1,1.246008911E0,-9.220825195E-2,9.844278717E0,9.923248663E0
3.345615825E1,1.275497589E0,-7.619155884E-2,9.815538483E0,9.898358195E0
3.346619025E1,1.282682648E0,-5.478607178E-2,9.747430115E0,9.831615845E0
3.347622125E1,1.290915527E0,-4.146377563E-2,9.721983032E0,9.807402114E0
3.348625325E1,1.270258484E0,-2.709365845E-2,9.729916534E0,9.812520902E0
3.349628425E1,1.281934204E0,-2.245330811E-2,9.747130737E0,9.831094398E0
3.350631625E1,1.280287628E0,-2.814147949E-2,9.771380310E0,9.854937926E0
3.351634725E1,1.273401947E0,-4.805007935E-2,9.815388794E0,9.897763308E0
3.352637925E1,1.279389496E0,-6.212081909E-2,9.815987549E0,9.899207445E0
3.353641025E1,1.250798950E0,-8.098159790E-2,9.795330505E0,9.875199023E0
3.354644225E1,1.237476654E0,-1.019380188E-1,9.793683929E0,9.872081074E0
3.355647325E1,1.221459961E0,-9.789642334E-2,9.805808716E0,9.882076336E0
3.356650525E1,1.196312256E0,-1.146615601E-1,9.794881439E0,9.868333836E0
3.357653625E1,1.199904785E0,-9.924362183E-2,9.775421906E0,9.849289021E0
3.358656825E1,1.211430817E0,-8.891510010E-2,9.770332489E0,9.845550643E0
3.359659925E1,1.212778015E0,-7.978408813E-2,9.776469727E0,9.851728596E0
3.360663125E1,1.214574280E0,-6.945556641E-2,9.763895874E0,9.839394158E0
3.361666225E1,1.247206421E0,-8.307723999E-2,9.767787781E0,9.847441486E0
3.362669425E1,1.249302063E0,-9.190887451E-2,9.796078949E0,9.875847592E0
3.363672525E1,1.245110779E0,-8.412506104E-2,9.788744202E0,9.867972990E0
3.364675725E1,1.265019379E0,-7.499404907E-2,9.799072723E0,9.880674287E0
3.365678825E1,1.253044281E0,-7.110214233E-2,9.803713074E0,9.883722250E0
3.366682025E1,1.254541168E0,-7.394622803E-2,9.795180817E0,9.875470056E0
3.367685125E1,1.256337433E0,-4.595443726E-2,9.808952179E0,9.889187955E0
3.368688325E1,1.253942413E0,-5.448669434E-2,9.808652802E0,9.888630348E0
3.369691525E1,1.245709534E0,-4.370910645E-2,9.791737976E0,9.870756573E0
3.370694625E1,1.234183502E0,-4.206253052E-2,9.767638092E0,9.845391413E0
3.371697825E1,1.209335175E0,-2.709365845E-2,9.757309570E0,9.832004662E0
3.372700925E1,1.232237549E0,-5.418731689E-2,9.765392761E0,9.842979296E0
3.373704125E1,1.245410156E0,-4.939727783E-2,9.772727509E0,9.851887611E0
3.374707225E1,1.250798950E0,-6.376739502E-2,9.767937469E0,9.847901640E0
3.375710425E1,1.234931946E0,-6.376739502E-2,9.746082916E0,9.824217801E0
3.376713525E1,1.227148132E0,-6.885681152E-2,9.744735718E0,9.821940135E0
3.377716725E1,1.235530701E0,-9.430389404E-2,9.740245056E0,9.818747532E0
3.378719825E1,1.242266693E0,-1.222956848E-1,9.781708832E0,9.861034958E0
3.379723025E1,1.260229340E0,-1.369651794E-1,9.807305603E0,9.888891780E0
3.380726125E1,1.244512024E0,-1.317260742E-1,9.756261749E0,9.836198720E0
3.381729325E1,1.215771790E0,-1.125659180E-1,9.679770813E0,9.756471448E0
3.382732425E1,1.200054474E0,-1.112187195E-1,9.738149414E0,9.812443852E0
3.383735625E1,1.235680389E0,-1.544787598E-1,9.850715332E0,9.929116892E0
3.384738725E1,1.300196228E0,-1.603166199E-1,9.903256073E0,9.989529143E0
3.385741925E1,1.323547668E0,-1.416055298E-1,9.871522064E0,9.960862333E0
3.386745025E1,1.279239807E0,-1.242416382E-1,9.824819183E0,9.908529783E0
3.387748225E1,1.233435059E0,-6.167175293E-2,9.707912292E0,9.786149729E0
3.388751325E1,1.177750854E0,-5.912704468E-2,9.697883148E0,9.769315771E0
3.389754525E1,1.181044006E0,-3.981719971E-2,9.764344940E0,9.835592634E0
3.390757625E1,1.219663696E0,-6.885681152E-3,9.798324280E0,9.873944786E0
3.391760825E1,1.256337433E0,3.772155762E-2,9.793234863E0,9.873563478E0
3.392763925E1,1.240620117E0,4.730163574E-2,9.789342957E0,9.867756140E0
3.393767125E1,1.236428833E0,5.598358154E-2,9.823172607E0,9.900838878E0
3.394770225E1,1.242416382E0,3.263214111E-2,9.843979340E0,9.922126413E0
3.395773350E1,1.232387238E0,2.065704346E-2,9.858349457E0,9.935102366E0
3.396776450E1,1.225950623E0,-8.981323242E-3,9.841734009E0,9.917800356E0
3.397779650E1,1.212328949E0,-2.454895020E-2,9.802515564E0,9.877229141E0
3.398782750E1,1.217717743E0,-4.266128540E-2,9.768685913E0,9.844383219E0
3.399785950E1,1.219214630E0,-6.885681152E-2,9.741143188E0,9.817387442E0
3.400789050E1,1.230141907E0,-7.873626709E-2,9.727371826E0,9.805162475E0
3.401792250E1,1.253044281E0,-9.565109253E-2,9.709708557E0,9.790695040E0
3.402795350E1,1.246008911E0,-8.876541138E-2,9.724228363E0,9.804133555E0
3.403798550E1,1.258133698E0,-1.233435059E-1,9.763446808E0,9.844948329E0
3.404801650E1,1.241518250E0,-1.369651794E-1,9.795180817E0,9.874497165E0
3.405804850E1,1.234183502E0,-1.354682922E-1,9.808054047E0,9.886328174E0
3.406808050E1,1.243913269E0,-1.266366577E-1,9.798174591E0,9.877630403E0
3.407811150E1,1.241218872E0,-9.864486694E-2,9.791139221E0,9.869993027E0
3.408814350E1,1.225202179E0,-6.227050781E-2,9.778415680E0,9.855070330E0
3.409817450E1,1.221160583E0,-3.263214111E-2,9.768835602E0,9.844919860E0
3.410820650E1,1.223555603E0,-1.332229614E-2,9.759554901E0,9.835963484E0
3.411823750E1,1.230890350E0,2.844085693E-2,9.799222412E0,9.876267504E0
3.412826950E1,1.232536926E0,4.161346436E-2,9.847272491E0,9.924195407E0
3.413830050E1,1.249751129E0,6.765930176E-2,9.794432373E0,9.874075206E0
3.414833250E1,1.244961090E0,8.277786255E-2,9.755662994E0,9.835127897E0
3.415836350E1,1.237476654E0,6.256988525E-2,9.729617157E0,9.808196240E0
3.416839550E1,1.238374786E0,6.616241455E-2,9.733209686E0,9.811896879E0
3.417842650E1,1.218615875E0,2.200424194E-2,9.765093384E0,9.840861631E0
3.418845850E1,1.232237549E0,-3.442840576E-2,9.814041595E0,9.891158028E0
3.419848950E1,1.279539185E0,-4.415817261E-2,9.832602997E0,9.915606495E0
3.420852150E1,1.312171326E0,-5.224136353E-2,9.827663269E0,9.915013267E0
3.421855250E1,1.305435333E0,-4.805007935E-2,9.799372101E0,9.886059063E0
3.422858450E1,1.265767822E0,-5.104385376E-2,9.779164124E0,9.860873420E0
3.423861550E1,1.239871674E0,-3.517684937E-2,9.749825134E0,9.828408280E0
3.424864750E1,1.238374786E0,-2.544708252E-2,9.777816925E0,9.855958781E0
3.425867850E1,1.255738678E0,-2.918930054E-2,9.831854553E0,9.911765514E0
3.426871050E1,1.268162842E0,-2.080673218E-2,9.815688171E0,9.897292771E0
3.427874150E1,1.272803192E0,2.245330811E-3,9.778864746E0,9.861350249E0
3.428877350E1,1.235530701E0,-2.993774414E-4,9.779313812E0,9.857054065E0
3.429880450E1,1.200952606E0,1.646575928E-3,9.791139221E0,9.864517075E0
3.430883650E1,1.189576263E0,-2.439926147E-2,9.804012451E0,9.875947912E0
3.431886750E1,1.190624084E0,-3.891906738E-2,9.768386536E0,9.840755861E0
3.432889950E1,1.183139648E0,-4.550537109E-2,9.773475952E0,9.844933842E0
3.433893050E1,1.187779999E0,-6.735992432E-2,9.805659027E0,9.877565876E0
3.434896250E1,1.200054474E0,-6.376739502E-2,9.847272491E0,9.920331272E0
3.435899350E1,1.212478638E0,-4.281097412E-2,9.851314087E0,9.925740600E0
3.436902550E1,1.227447510E0,-2.948867798E-2,9.829459534E0,9.905845330E0
3.437905650E1,1.231339417E0,-1.736389160E-2,9.827513580E0,9.904368805E0
3.438908850E1,1.228794708E0,-1.646575928E-3,9.821675720E0,9.898244950E0
3.439911950E1,1.214274902E0,-4.939727783E-3,9.815688171E0,9.890511727E0
3.440915150E1,1.221609650E0,7.185058594E-3,9.804461517E0,9.880275675E0
3.441918250E1,1.207239532E0,2.020797729E-2,9.791139221E0,9.865305008E0
3.442921450E1,1.203497314E0,2.395019531E-3,9.789193268E0,9.862895942E0
3.443924650E1,1.210382996E0,1.751358032E-2,9.802964630E0,9.877421185E0
3.444927750E1,1.229842529E0,1.646575928E-2,9.802814941E0,9.879674314E0
3.445930950E1,1.239572296E0,7.783813477E-3,9.810149689E0,9.888156399E0
3.446934050E1,1.240620117E0,1.197509766E-3,9.815987549E0,9.894076575E0
3.447937250E1,1.231638794E0,1.646575928E-3,9.809101868E0,9.886122409E0
3.448940350E1,1.217867432E0,-1.571731567E-2,9.813143463E0,9.888439348E0
3.449943550E1,1.224304047E0,-1.347198486E-2,9.811945953E0,9.888042541E0
3.450946650E1,1.216220856E0,-2.844085693E-2,9.799521790E0,9.874747053E0
3.451949850E1,1.197360077E0,-4.745132446E-2,9.789043579E0,9.862114224E0
3.452952950E1,1.195264435E0,-4.281097412E-2,9.788444824E0,9.861244441E0
3.453956150E1,1.221759338E0,-3.772155762E-2,9.820777588E0,9.896554513E0
3.454959250E1,1.236428833E0,-8.681945801E-3,9.839189301E0,9.916575907E0
3.455962450E1,1.242566071E0,6.586303711E-3,9.797875214E0,9.876354212E0
3.456965550E1,1.214125214E0,2.903961182E-2,9.755662994E0,9.830966575E0
3.457968750E1,1.194665680E0,2.110610962E-2,9.754465485E0,9.827373426E0
3.458971850E1,1.193019104E0,2.395019531E-3,9.803563385E0,9.875887573E0
3.459975050E1,1.209634552E0,-2.409988403E-2,9.831106110E0,9.905273540E0
3.460978150E1,1.190324707E0,-9.430389404E-3,9.748477936E0,9.820885088E0
3.461981350E1,1.158740387E0,-5.239105225E-3,9.724976807E0,9.793767438E0
3.462984450E1,1.206341400E0,-4.565505981E-2,9.862391052E0,9.936000263E0
3.463987650E1,1.239572296E0,-4.490661621E-2,9.867181091E0,9.944838801E0
3.464990750E1,1.266665955E0,-1.601669312E-2,9.878407745E0,9.959299110E0
3.465993950E1,1.249302063E0,-2.230361938E-2,9.801767120E0,9.881087581E0
3.466997050E1,1.202748871E0,-8.681945801E-3,9.735005951E0,9.809027530E0
3.468000250E1,1.182540894E0,-5.523513794E-2,9.764644318E0,9.836144190E0
3.469003350E1,1.213975525E0,-7.065307617E-2,9.842332764E0,9.917169085E0
3.470006550E1,1.257534943E0,-7.289840698E-2,9.893675995E0,9.973541648E0
3.471009650E1,1.266516266E0,-2.424957275E-2,9.837542725E0,9.918764961E0
3.472012850E1,1.241218872E0,3.068618774E-2,9.768685913E0,9.847273247E0
3.473015950E1,1.214125214E0,8.547225952E-2,9.732760620E0,9.808569459E0
3.474019150E1,1.217568054E0,1.182540894E-1,9.723928986E0,9.800574009E0
3.475022250E1,1.219963074E0,1.392105103E-1,9.757459259E0,9.834414098E0
3.476025450E1,1.236279144E0,1.523831177E-1,9.794432373E0,9.873323263E0
3.477028550E1,1.240470428E0,1.606159973E-1,9.809550934E0,9.888976383E0
3.478031750E1,1.239572296E0,1.362167358E-1,9.831555176E0,9.910326516E0
3.479034850E1,1.244062958E0,1.070274353E-1,9.839488678E0,9.918401331E0
3.480038050E1,1.231489105E0,9.310638428E-2,9.791588287E0,9.869165892E0
3.481041250E1,1.222956848E0,3.592529297E-2,9.770033112E0,9.846342523E0
3.482044350E1,1.217568054E0,-1.377136230E-2,9.793384552E0,9.868791344E0
3.483047550E1,1.224603424E0,-4.775070190E-2,9.816735992E0,9.892938857E0
3.484050650E1,1.219064941E0,-9.205856323E-2,9.830657043E0,9.906382388E0
3.485053850E1,1.239272919E0,-1.185534668E-1,9.854008484E0,9.932337866E0
3.486056950E1,1.257834320E0,-1.603166199E-1,9.850116577E0,9.931396940E0
3.487060150E1,1.260079651E0,-1.582209778E-1,9.851014709E0,9.932538719E0
3.488063250E1,1.246757355E0,-1.499880981E-1,9.849966888E0,9.929690229E0
3.489066450E1,1.260828094E0,-1.381626892E-1,9.850415955E0,9.931740577E0
3.490069550E1,1.257684631E0,-9.131011963E-2,9.824370117E0,9.904966248E0
3.491072750E1,1.252146149E0,-5.358856201E-2,9.802216187E0,9.882013149E0
3.492075850E1,1.262774048E0,2.200424194E-2,9.791887665E0,9.873000887E0
3.493079050E1,1.251996460E0,6.152206421E-2,9.749974823E0,9.830223250E0
3.494082150E1,1.210083618E0,9.999206543E-2,9.818083191E0,9.892879172E0
3.495085350E1,1.214125214E0,1.302291870E-1,9.793534241E0,9.869365360E0
3.496088525E1,1.215173035E0,1.354682922E-1,9.764195251E0,9.840452534E0
3.497091725E1,1.247655487E0,9.595046997E-2,9.792636108E0,9.872262793E0
3.498094825E1,1.270557861E0,3.607498169E-2,9.865235138E0,9.946782546E0
3.499098025E1,1.290616150E0,-3.293151855E-3,9.885892181E0,9.969782601E0
3.500101125E1,1.265618134E0,-3.727249146E-2,9.860894165E0,9.941851550E0
3.501104325E1,1.223405914E0,-2.679428101E-2,9.819580078E0,9.895533986E0
3.502107425E1,1.229842529E0,-2.155517578E-2,9.782157898E0,9.859188121E0
3.503110625E1,1.235830078E0,-1.676513672E-2,9.756411438E0,9.834384638E0
3.504113725E1,1.211281128E0,-1.691482544E-2,9.750423889E0,9.825388242E0
3.505116925E1,1.230291595E0,-3.367996216E-2,9.794731750E0,9.871753735E0
3.506120025E1,1.237476654E0,-6.661148071E-2,9.836943970E0,9.914698796E0
3.507123225E1,1.240620117E0,-8.966354370E-2,9.842482452E0,9.920768047E0
3.508126325E1,1.245410156E0,-1.188528442E-1,9.816286926E0,9.895689035E0
3.509129525E1,1.250200195E0,-1.267863464E-1,9.797126770E0,9.877386712E0
3.510132625E1,1.230141907E0,-1.224453735E-1,9.769434357E0,9.847339216E0
3.511135825E1,1.239572296E0,-1.140628052E-1,9.739795990E0,9.819021119E0
3.512138925E1,1.226848755E0,-8.352630615E-2,9.721683655E0,9.799146269E0
3.513142125E1,1.205592957E0,-7.334747314E-2,9.692194977E0,9.767163237E0
3.514145225E1,1.205143890E0,-4.969665527E-2,9.710906067E0,9.785526976E0
3.515148425E1,1.217418365E0,-4.490661621E-2,9.733509064E0,9.809450687E0
3.516151625E1,1.235530701E0,-5.134323120E-2,9.766889648E0,9.844861891E0
3.517154725E1,1.229094086E0,-3.891906738E-2,9.801617432E0,9.878455914E0
3.518157925E1,1.232087860E0,-5.523513794E-2,9.820328522E0,9.897471581E0
3.519161025E1,1.211879883E0,-3.742218018E-2,9.826914825E0,9.901429607E0
3.520164225E1,1.204245758E0,-2.589614868E-2,9.824519806E0,9.898084051E0
3.521167325E1,1.193617859E0,-1.362167358E-2,9.823921051E0,9.896177745E0
3.522170525E1,1.190025330E0,1.047821045E-3,9.824220428E0,9.896032963E0
3.523173625E1,1.191821594E0,9.131011963E-3,9.833201752E0,9.905169296E0
3.524176825E1,1.217268677E0,2.544708252E-3,9.840237122E0,9.915241607E0
3.525179925E1,1.233285370E0,1.137634277E-2,9.838291168E0,9.915296029E0
3.526183125E1,1.219514008E0,6.436614990E-3,9.807305603E0,9.882838612E0
3.527186225E1,1.226998444E0,1.347198486E-3,9.757459259E0,9.834304154E0
3.528189425E1,1.235979767E0,3.442840576E-3,9.758207703E0,9.836171786E0
3.529192525E1,1.252445526E0,-2.963836670E-2,9.786648560E0,9.866508413E0
3.530195725E1,1.288370819E0,-5.403762817E-2,9.817933502E0,9.902254172E0
3.531198825E1,1.309776306E0,-7.334747314E-2,9.820178833E0,9.907411677E0
3.532202025E1,1.302441559E0,-6.765930176E-2,9.781559143E0,9.868121962E0
3.533205125E1,1.287322998E0,-7.903564453E-2,9.758806458E0,9.843665507E0
3.534208325E1,1.266665955E0,-8.951385498E-2,9.747130737E0,9.829497087E0
3.535211425E1,1.225351868E0,-1.037342834E-1,9.766290894E0,9.843408242E0
3.536214625E1,1.220861206E0,-1.080752563E-1,9.783804474E0,9.860274455E0
3.537217725E1,1.225501556E0,-8.187973022E-2,9.750124512E0,9.827180997E0
3.538220925E1,1.203796692E0,-6.197113037E-2,9.682614899E0,9.757356106E0
3.539224025E1,1.174906769E0,-6.691085815E-2,9.690548401E0,9.761742226E0
3.540227225E1,1.180445251E0,-1.082249451E-1,9.821376343E0,9.892653683E0
3.541230325E1,1.255888367E0,-1.354682922E-1,9.860145721E0,9.940728389E0
3.542233525E1,1.316661987E0,-1.459465027E-1,9.893226929E0,9.981524845E0
3.543236625E1,1.321452026E0,-1.209484863E-1,9.867181091E0,9.956009576E0
3.544239825E1,1.261277161E0,-7.619155884E-2,9.773326263E0,9.854670541E0
3.545242925E1,1.220711517E0,-6.496490479E-2,9.747879181E0,9.824230533E0
3.546246125E1,1.189576263E0,-1.616638184E-2,9.796528015E0,9.868501112E0
3.547249225E1,1.166673889E0,4.954696655E-2,9.789342957E0,9.858743246E0
3.548252425E1,1.189127197E0,9.984237671E-2,9.770182800E0,9.842787407E0
3.549255525E1,1.209484863E0,9.190887451E-2,9.740394745E0,9.815629917E0
3.550258725E1,1.254690857E0,1.019380188E-1,9.788594513E0,9.869205796E0
3.551261925E1,1.276545410E0,7.095245361E-2,9.833800507E0,9.916563661E0
3.552265025E1,1.254541168E0,1.796264648E-2,9.872120819E0,9.951530820E0
3.553268225E1,1.234632568E0,-2.140548706E-2,9.863438873E0,9.940432696E0
3.554271325E1,1.228195953E0,-1.011895752E-1,9.837842102E0,9.914728532E0
3.555274525E1,1.233884125E0,-1.263372803E-1,9.833501129E0,9.911416427E0
3.556277625E1,1.248553619E0,-1.333726501E-1,9.800868988E0,9.880977043E0
3.557280825E1,1.243464203E0,-1.281335449E-1,9.745334473E0,9.825180172E0
3.558283925E1,1.227746887E0,-1.190025330E-1,9.722132721E0,9.800070850E0
3.559287125E1,1.241667938E0,-1.116677856E-1,9.730964355E0,9.810498267E0
3.560290225E1,1.244811401E0,-1.008901978E-1,9.765542450E0,9.845077633E0
3.561293425E1,1.234183502E0,-1.010398865E-1,9.795480194E0,9.873441660E0
3.562296525E1,1.264869690E0,-9.954299927E-2,9.815688171E0,9.897350071E0
3.563299725E1,1.253942413E0,-1.043330383E-1,9.804012451E0,9.884428011E0
3.564302825E1,1.253193970E0,-1.013392639E-1,9.806257782E0,9.886529040E0
3.565306025E1,1.252146149E0,-9.834548950E-2,9.798623657E0,9.878793823E0
3.566309125E1,1.236129456E0,-7.005432129E-2,9.776170349E0,9.854259502E0
3.567312325E1,1.222058716E0,-4.790039063E-2,9.739047546E0,9.815537126E0
3.568315425E1,1.223405914E0,-2.215393066E-2,9.835596771E0,9.911416482E0
3.569318625E1,1.230441284E0,-6.286926270E-3,9.825417938E0,9.902164558E0
3.570321725E1,1.221459961E0,-2.095642090E-3,9.741741943E0,9.818019399E0
3.571324925E1,1.215622101E0,-3.622467041E-2,9.729766846E0,9.805478682E0
3.572328025E1,1.200802917E0,-2.185455322E-2,9.748777313E0,9.822477507E0
3.573331225E1,1.199755096E0,-6.885681152E-2,9.747579803E0,9.821377988E0
3.574334325E1,1.210083618E0,-7.619155884E-2,9.748777313E0,9.823887551E0
3.575337525E1,1.241218872E0,-1.103205872E-1,9.816286926E0,9.895063615E0
3.576340625E1,1.321152649E0,-1.207987976E-1,9.900711365E0,9.989200278E0
3.577343825E1,1.359023895E0,-9.235794067E-2,9.852361908E0,9.946080188E0
3.578346925E1,1.320703583E0,-9.116043091E-2,9.796528015E0,9.885571776E0
3.579350125E1,1.254391479E0,-7.200027466E-2,9.761201477E0,9.841734415E0
3.580353225E1,1.204844513E0,-6.346801758E-2,9.766889648E0,9.841128588E0
3.581356425E1,1.222358093E0,-6.735992432E-2,9.812544708E0,9.888616198E0
3.582359525E1,1.269959106E0,-5.867797852E-2,9.829160156E0,9.911035698E0
3.583362725E1,1.287921753E0,-4.924758911E-2,9.774523773E0,9.859131948E0
3.584365825E1,1.266965332E0,-4.715194702E-2,9.745184784E0,9.827311480E0
3.585369025E1,1.226549377E0,-6.346801758E-2,9.770182800E0,9.847076902E0
3.586372225E1,1.212328949E0,-6.406677246E-2,9.780211945E0,9.855272280E0
3.587375325E1,1.213077393E0,-6.152206421E-2,9.791887665E0,9.866934973E0
3.588378525E1,1.219064941E0,-6.466552734E-2,9.760453033E0,9.836500617E0
3.589381625E1,1.197958832E0,-5.673202515E-2,9.751771088E0,9.825241128E0
3.590384825E1,1.199306030E0,-4.999603271E-2,9.739795990E0,9.813483606E0
3.591387925E1,1.204844513E0,-4.640350342E-2,9.749525757E0,9.823800490E0
3.592391125E1,1.207838287E0,-4.805007935E-2,9.768536224E0,9.843042320E0
3.593394225E1,1.216370544E0,-3.143463135E-2,9.768386536E0,9.843877333E0
3.594397425E1,1.204245758E0,-1.930984497E-2,9.784702606E0,9.858548869E0
3.595400525E1,1.190175018E0,-3.008743286E-2,9.781858521E0,9.854043736E0
3.596403642E1,1.184636536E0,-3.038681030E-2,9.799970856E0,9.871358359E0
3.597406742E1,1.189426575E0,-1.676513672E-2,9.804162140E0,9.876062571E0
3.598409942E1,1.185235291E0,-1.541793823E-2,9.812694397E0,9.884027101E0
3.599413042E1,1.186432800E0,-1.601669312E-2,9.805060272E0,9.876592847E0
3.600416242E1,1.197210388E0,-2.409988403E-2,9.791588287E0,9.864537227E0
3.601419342E1,1.204694824E0,-2.365081787E-2,9.789941711E0,9.863813040E0
3.602422542E1,1.219514008E0,-1.871109009E-2,9.790540466E0,9.866217469E0
3.603425642E1,1.215622101E0,-2.888992310E-2,9.761201477E0,9.836647091E0
3.604428842E1,1.241817627E0,-2.978805542E-2,9.762099609E0,9.840812321E0
3.605431942E1,1.262324982E0,-3.936813354E-2,9.793833618E0,9.874927400E0
3.606435142E1,1.275647278E0,-3.757186890E-2,9.801318054E0,9.884053987E0
3.607438242E1,1.289268951E0,9.729766846E-3,9.755064240E0,9.839897734E0
3.608441442E1,1.248254242E0,3.098556519E-2,9.718390503E0,9.798276008E0
3.609444542E1,1.223405914E0,1.586700439E-2,9.729766846E0,9.806392643E0
3.610447742E1,1.228046265E0,-4.640350342E-3,9.792336731E0,9.869041383E0
3.611450842E1,1.221310272E0,-1.092727661E-2,9.791737976E0,9.867616266E0
3.612454042E1,1.201102295E0,3.502716064E-2,9.697583771E0,9.771745219E0
3.613457142E1,1.179098053E0,4.999603271E-2,9.725276184E0,9.796620268E0
3.614460342E1,1.215921478E0,1.257385254E-2,9.836644592E0,9.911518551E0
3.615463442E1,1.266516266E0,-1.496887207E-2,9.908495178E0,9.989122295E0
3.616466642E1,1.282083893E0,-4.490661621E-4,9.868228912E0,9.951164815E0
3.617469842E1,1.215322723E0,6.286926270E-3,9.732610931E0,9.808198835E0
3.618472942E1,1.140777740E0,-2.664459229E-2,9.720635834E0,9.787381918E0
3.619476142E1,1.130299530E0,-6.930587769E-2,9.783505096E0,9.848824920E0
3.620479242E1,1.174158325E0,-8.487350464E-2,9.812095642E0,9.882462860E0
3.621482442E1,1.228046265E0,-7.484436035E-2,9.858648834E0,9.935122352E0
3.622485542E1,1.230890350E0,-3.532653809E-2,9.827812958E0,9.904657821E0
3.623488742E1,1.213526459E0,1.242416382E-2,9.780661011E0,9.855664901E0
3.624491842E1,1.192420349E0,4.520599365E-2,9.751022644E0,9.823764679E0
3.625495042E1,1.198707275E0,7.753875732E-2,9.771529999E0,9.845085571E0
3.626498142E1,1.216669922E0,8.232879639E-2,9.809251556E0,9.884759978E0
3.627501342E1,1.227597198E0,9.610015869E-2,9.825268250E0,9.902127362E0
3.628504442E1,1.216520233E0,8.711883545E-2,9.875563660E0,9.950591378E0
3.629507642E1,1.201551361E0,6.885681152E-2,9.862690430E0,9.935850716E0
3.630510742E1,1.187181244E0,4.864883423E-2,9.845925293E0,9.917359068E0
3.631513942E1,1.175206146E0,2.574645996E-2,9.835896149E0,9.905888421E0
3.632517042E1,1.186881866E0,1.661544800E-2,9.796078949E0,9.867731624E0
3.633520242E1,1.184037781E0,1.856140137E-2,9.769134979E0,9.840644706E0
3.634523342E1,1.189426575E0,-5.987548828E-4,9.771829376E0,9.843951711E0
3.635526542E1,1.171613617E0,4.191284180E-3,9.787546692E0,9.857421888E0
3.636529642E1,1.170116730E0,-1.691482544E-2,9.812694397E0,9.882228018E0
3.637532842E1,1.190773773E0,-2.664459229E-2,9.806108093E0,9.878178377E0
3.638535942E1,1.184935913E0,-4.101470947E-2,9.802365875E0,9.873810413E0
3.639539142E1,1.200653229E0,-3.293151855E-2,9.807754669E0,9.881027493E0
3.640542242E1,1.220112762E0,-2.649490356E-2,9.827663269E0,9.903148109E0
3.641545442E1,1.223106537E0,-1.362167358E-2,9.817783813E0,9.893687592E0
3.642548542E1,1.218017120E0,4.191284180E-3,9.827513580E0,9.902707026E0
3.643551742E1,1.202000427E0,3.427871704E-2,9.792935486E0,9.866486988E0
3.644554842E1,1.184636536E0,6.077362061E-2,9.747130737E0,9.819043475E0
3.645558042E1,1.166075134E0,5.942642212E-2,9.818083191E0,9.887265560E0
3.646561142E1,1.152303772E0,8.457412720E-2,9.770781555E0,9.838858113E0
3.647564342E1,1.155297546E0,9.550140381E-2,9.734107819E0,9.802891816E0
3.648567442E1,1.179098053E0,6.421646118E-2,9.757908325E0,9.829098171E0
3.649570642E1,1.204994202E0,3.203338623E-2,9.833650818E0,9.907256208E0
3.650573842E1,1.242117004E0,-9.580078125E-3,9.874515839E0,9.952336885E0
3.651576942E1,1.216669922E0,-2.888992310E-2,9.846524048E0,9.921449297E0
3.652580142E1,1.185684357E0,-4.146377563E-2,9.822274475E0,9.893666788E0
3.653583242E1,1.187630310E0,-4.026626587E-2,9.828262024E0,9.899839470E0
3.654586442E1,1.203347626E0,-1.975891113E-2,9.850565643E0,9.923813754E0
3.655589542E1,1.199904785E0,4.490661621E-4,9.819430389E0,9.892471120E0
3.656592742E1,1.184786224E0,2.424957275E-2,9.762848053E0,9.834506014E0
3.657595842E1,1.173260193E0,4.445755005E-2,9.776170349E0,9.846421820E0
3.658599042E1,1.177750854E0,4.565505981E-2,9.833501129E0,9.903884385E0
3.659602142E1,1.200503540E0,4.415817261E-2,9.834399261E0,9.907500569E0
3.660605342E1,1.220561829E0,4.984634399E-2,9.825567627E0,9.901213816E0
3.661608442E1,1.233435059E0,4.640350342E-2,9.817634125E0,9.894920674E0
3.662611642E1,1.233584747E0,4.640350342E-2,9.820029144E0,9.897315647E0
3.663614742E1,1.205293579E0,4.924758911E-2,9.790540466E0,9.864575032E0
3.664617942E1,1.178199921E0,5.822891235E-2,9.773925018E0,9.844854287E0
3.665621042E1,1.163979492E0,3.607498169E-2,9.738448792E0,9.807830266E0
3.666624242E1,1.158740387E0,3.772155762E-2,9.786199493E0,9.854633566E0
3.667627342E1,1.178199921E0,1.392105103E-2,9.808652802E0,9.879170948E0
3.668630542E1,1.183439026E0,2.095642090E-2,9.827962646E0,9.898980598E0
3.669633642E1,1.183588715E0,1.990859985E-2,9.857002258E0,9.927828167E0
3.670636842E1,1.199156342E0,1.302291870E-2,9.853409729E0,9.926118517E0
3.671639942E1,1.183139648E0,1.047821045E-2,9.860594788E0,9.931327141E0
3.672643142E1,1.185085602E0,7.334747314E-3,9.823172607E0,9.894402547E0
3.673646242E1,1.173409882E0,1.841171265E-2,9.820777588E0,9.890647207E0
3.674649442E1,1.161734161E0,2.619552612E-2,9.794881439E0,9.863570088E0
3.675652542E1,1.153800659E0,2.005828857E-2,9.806557159E0,9.874220051E0
3.676655742E1,1.179247742E0,-2.245330811E-3,9.827064514E0,9.897566733E0
3.677658842E1,1.189426575E0,9.430389404E-3,9.826914825E0,9.898640285E0
3.678662042E1,1.200503540E0,1.137634277E-2,9.802665253E0,9.875909286E0
3.679665142E1,1.204844513E0,-1.856140137E-2,9.814790039E0,9.888483116E0
3.680668342E1,1.218615875E0,-7.634124756E-3,9.786648560E0,9.862229614E0
3.681671542E1,1.199455719E0,1.362167358E-2,9.749675446E0,9.823189445E0
3.682674642E1,1.177301788E0,2.874023438E-2,9.733958130E0,9.804937857E0
3.683677842E1,1.183588715E0,3.981719971E-2,9.765093384E0,9.836641523E0
3.684680942E1,1.195114746E0,5.688171387E-2,9.797575836E0,9.870361040E0
3.685684142E1,1.200802917E0,7.649093628E-2,9.812694397E0,9.886189854E0
3.686687242E1,1.186582489E0,8.996292114E-2,9.770482178E0,9.842682222E0
3.687690442E1,1.153650970E0,7.304809570E-2,9.763746185E0,9.831937050E0
3.688693542E1,1.135388947E0,1.856140137E-2,9.820178833E0,9.885614037E0
3.689696742E1,1.160536652E0,-1.601669312E-2,9.882449341E0,9.950372195E0
3.690699842E1,1.158291321E0,-2.155517578E-2,9.840686188E0,9.908643099E0
3.691703042E1,1.146615601E0,-1.826202393E-2,9.816885681E0,9.883638263E0
3.692706142E1,1.154549103E0,-4.670288086E-2,9.864337006E0,9.931782788E0
3.693709342E1,1.212927704E0,-8.262817383E-2,9.874066772E0,9.948628833E0
3.694712442E1,1.207239532E0,-7.274871826E-2,9.831405487E0,9.905516317E0
3.695715637E1,1.233584747E0,-1.222956848E-1,9.832602997E0,9.910437390E0
3.696718738E1,1.247206421E0,-1.396595764E-1,9.823022919E0,9.902868671E0
3.697721938E1,1.263522491E0,-1.372645569E-1,9.817634125E0,9.899559104E0
3.698725037E1,1.278940430E0,-1.327738953E-1,9.821825409E0,9.905633341E0
3.699728237E1,1.272354126E0,-8.217910767E-2,9.850565643E0,9.932737886E0
3.700731338E1,1.253044281E0,1.886077881E-2,9.783804474E0,9.863736903E0
3.701734537E1,1.205143890E0,1.004411316E-1,9.691296844E0,9.766457635E0
3.702737637E1,1.183439026E0,1.435514832E-1,9.651629333E0,9.724972172E0
3.703740838E1,1.199755096E0,1.538800049E-1,9.709558868E0,9.784611631E0
3.704743938E1,1.213676147E0,1.344204712E-1,9.815538483E0,9.891201866E0
3.705747137E1,1.249302063E0,9.565109253E-2,9.860894165E0,9.940177992E0
3.706750237E1,1.246907043E0,4.984634399E-2,9.896669769E0,9.975035557E0
3.707753438E1,1.231938171E0,3.442840576E-3,9.899813232E0,9.976170886E0
3.708756537E1,1.210233307E0,-2.170486450E-2,9.856553192E0,9.930597997E0
3.709759737E1,1.189875641E0,-3.457809448E-2,9.814041595E0,9.885970469E0
3.710762938E1,1.180445251E0,-5.643264771E-2,9.775421906E0,9.846598858E0
3.711766038E1,1.184037781E0,-7.200027466E-2,9.744735718E0,9.816669686E0
3.712769237E1,1.197060699E0,-8.202941895E-2,9.760752411E0,9.834224462E0
3.713772337E1,1.205293579E0,-8.367599487E-2,9.773475952E0,9.847871164E0
3.714775538E1,1.210382996E0,-9.699829102E-2,9.797426147E0,9.872385466E0
3.715778637E1,1.241667938E0,-1.011895752E-1,9.829908600E0,9.908535799E0
3.716781837E1,1.258283386E0,-1.055305481E-1,9.823621674E0,9.904441254E0
3.717784938E1,1.259929962E0,-1.130149841E-1,9.799072723E0,9.880385728E0
3.718788138E1,1.248852997E0,-7.903564453E-2,9.779014435E0,9.858752647E0
3.719791237E1,1.247954865E0,-5.388793945E-2,9.784702606E0,9.864111736E0
3.720794437E1,1.241069183E0,-4.281097412E-2,9.787397003E0,9.865861625E0
3.721797538E1,1.238075409E0,-7.484436035E-4,9.780511322E0,9.858561406E0
3.722800737E1,1.211430817E0,1.901046753E-2,9.749525757E0,9.824519251E0
3.723803837E1,1.177601166E0,2.978805542E-2,9.836943970E0,9.907224561E0
3.724807038E1,1.182391205E0,4.520599365E-2,9.823322296E0,9.894329360E0
3.725810138E1,1.190175018E0,3.143463135E-2,9.784852295E0,9.857019790E0
3.726813337E1,1.207389221E0,3.442840576E-3,9.806557159E0,9.880605442E0
3.727816437E1,1.236877899E0,4.191284180E-3,9.816885681E0,9.894499936E0
3.728819638E1,1.247954865E0,-1.841171265E-2,9.826914825E0,9.905856112E0
3.729822738E1,1.241817627E0,-4.086502075E-2,9.850865021E0,9.928913467E0
3.730825937E1,1.260079651E0,-2.888992310E-2,9.822274475E0,9.902813298E0
3.731829037E1,1.259630585E0,-3.442840576E-3,9.760902100E0,9.841843875E0
3.732832238E1,1.250349884E0,-2.395019531E-3,9.733958130E0,9.813935064E0
3.733835337E1,1.240470428E0,3.293151855E-3,9.743238831E0,9.821887835E0
3.734838537E1,1.235979767E0,2.993774414E-3,9.772128754E0,9.849982504E0
3.735841638E1,1.232985992E0,-2.365081787E-2,9.819879456E0,9.897011991E0
3.736844838E1,1.226250000E0,-5.987548828E-2,9.838590546E0,9.914894758E0
3.737847937E1,1.235381012E0,-7.783813477E-2,9.854307861E0,9.931747502E0
3.738851138E1,1.245260468E0,-9.400451660E-2,9.850116577E0,9.928963041E0
3.739854238E1,1.225501556E0,-1.002914429E-1,9.801018677E0,9.877847920E0
3.740857437E1,1.199306030E0,-1.025367737E-1,9.788145447E0,9.861878119E0
3.741860537E1,1.177451477E0,-8.906478882E-2,9.764045563E0,9.835187353E0
3.742863738E1,1.173110504E0,-8.861572266E-2,9.733509064E0,9.804347999E0
3.743866937E1,1.179397430E0,-8.128097534E-2,9.735305328E0,9.806821847E0
3.744870037E1,1.196911011E0,-6.706054688E-2,9.745184784E0,9.818641431E0
3.745873238E1,1.196761322E0,-7.888595581E-2,9.764794006E0,9.838173745E0
3.746876338E1,1.221909027E0,-7.514373779E-2,9.771529999E0,9.847918905E0
3.747879537E1,1.219214630E0,-4.999603271E-2,9.783954163E0,9.859753697E0
3.748882637E1,1.243015137E0,-6.975494385E-2,9.809850311E0,9.888534548E0
3.749885838E1,1.246158600E0,-7.244934082E-2,9.807754669E0,9.886870679E0
3.750888938E1,1.232836304E0,-5.403762817E-2,9.818532257E0,9.895775922E0
3.751892137E1,1.232237549E0,-3.607498169E-2,9.817783813E0,9.894876947E0
3.752895237E1,1.212927704E0,-2.933898926E-2,9.820627899E0,9.895291139E0
3.753898438E1,1.219514008E0,-2.709365845E-2,9.814041595E0,9.889558176E0
3.754901537E1,1.214274902E0,6.735992432E-3,9.793833618E0,9.868823935E0
3.755904737E1,1.202150116E0,8.232879639E-3,9.776918793E0,9.850551952E0
3.756907838E1,1.213975525E0,-2.050735474E-2,9.808203735E0,9.883067218E0
3.757911038E1,1.237776031E0,-2.275268555E-2,9.826316071E0,9.903993877E0
3.758914137E1,1.248852997E0,-2.978805542E-2,9.823921051E0,9.903027111E0
3.759917337E1,1.249451752E0,-3.068618774E-2,9.808203735E0,9.887513936E0
3.760920438E1,1.235081635E0,-5.897735596E-2,9.776320038E0,9.854204101E0
3.761923637E1,1.216819611E0,-7.619155884E-2,9.768536224E0,9.844326035E0
3.762926737E1,1.215921478E0,-1.035845947E-1,9.784403229E0,9.860210005E0
3.763929938E1,1.231189728E0,-1.338217163E-1,9.804311829E0,9.882219732E0
3.764933038E1,1.224304047E0,-1.125659180E-1,9.758656769E0,9.835800599E0
3.765936237E1,1.207239532E0,-8.307723999E-2,9.699679413E0,9.774871346E0
3.766939337E1,1.194665680E0,-9.175918579E-2,9.676327972E0,9.750229170E0
3.767942538E1,1.212179260E0,-1.255888367E-1,9.785301361E0,9.860896199E0
3.768945638E1,1.236129456E0,-1.431024170E-1,9.831854553E0,9.910290525E0
3.769948837E1,1.281036072E0,-1.387614441E-1,9.846973114E0,9.930920786E0
3.770952038E1,1.308129730E0,-1.547781372E-1,9.853559418E0,9.941216870E0
3.771955138E1,1.265318756E0,-9.250762939E-2,9.751172333E0,9.833359094E0
3.772958337E1,1.212029572E0,-7.229965210E-2,9.688452759E0,9.764238822E0
3.773961437E1,1.161883850E0,-5.418731689E-2,9.728719025E0,9.798004093E0
3.774964638E1,1.149759064E0,-1.511856079E-2,9.774224396E0,9.841627762E0
3.775967737E1,1.174607391E0,2.664459229E-2,9.786648560E0,9.856921552E0
3.776970937E1,1.190624084E0,4.790039063E-2,9.789193268E0,9.861449437E0
3.777974038E1,1.241667938E0,5.568420410E-2,9.816885681E0,9.895255655E0
3.778977238E1,1.257235565E0,2.963836670E-2,9.839937744E0,9.919974522E0
3.779980337E1,1.259031830E0,1.092727661E-2,9.872869263E0,9.952830152E0
3.780983537E1,1.235680389E0,-1.691482544E-2,9.853409729E0,9.930602974E0
3.781986638E1,1.214574280E0,-5.298980713E-2,9.833201752E0,9.908070210E0
3.782989837E1,1.204096069E0,-8.906478882E-2,9.808503113E0,9.882535767E0
3.783992937E1,1.207538910E0,-1.199006653E-1,9.775272217E0,9.850303209E0
3.784996138E1,1.228645020E0,-1.209484863E-1,9.771529999E0,9.849212945E0
3.785999238E1,1.231339417E0,-1.199006653E-1,9.753717041E0,9.831864983E0
3.787002437E1,1.242715759E0,-1.122665405E-1,9.759704590E0,9.839145284E0
3.788005537E1,1.235530701E0,-1.080752563E-1,9.777816925E0,9.856161534E0
3.789008738E1,1.215173035E0,-1.064286804E-1,9.787696381E0,9.863415889E0
3.790011838E1,1.217118988E0,-1.028361511E-1,9.779912567E0,9.855893857E0
3.791015037E1,1.224004669E0,-9.580078125E-2,9.785451050E0,9.862171032E0
3.792018137E1,1.230740662E0,-8.846603394E-2,9.777367859E0,9.854921160E0
3.793021338E1,1.231638794E0,-7.469467163E-2,9.762548676E0,9.840216972E0
3.794024437E1,1.230291595E0,-6.017486572E-2,9.781259766E0,9.858513125E0
3.795027637E1,1.217717743E0,-3.427871704E-2,9.760453033E0,9.836180913E0
3.796030725E1,1.186432800E0,3.293151855E-3,9.803713074E0,9.875242967E0
3.797033925E1,1.178050232E0,2.529739380E-2,9.861492920E0,9.931640595E0
3.798037025E1,1.183888092E0,5.209167480E-2,9.785600739E0,9.857093201E0
3.799040225E1,1.197360077E0,7.319778442E-2,9.760902100E0,9.834339778E0
3.800043325E1,1.193468170E0,5.957611084E-2,9.731862488E0,9.804950947E0
3.801046525E1,1.191222839E0,5.074447632E-2,9.725575562E0,9.798387972E0
3.802049725E1,1.173110504E0,2.739303589E-2,9.718689880E0,9.789273294E0
3.803052825E1,1.191522217E0,-3.817062378E-2,9.781110077E0,9.853491591E0
3.804056025E1,1.261426849E0,-7.963439941E-2,9.848020935E0,9.928799307E0
3.805059125E1,1.323847046E0,-7.873626709E-2,9.842482452E0,9.931426445E0
3.806062325E1,1.331181793E0,-9.744735718E-2,9.809401245E0,9.899792611E0
3.807065425E1,1.294508057E0,-8.158035278E-2,9.772877197E0,9.858576732E0
3.808068625E1,1.234931946E0,-7.499404907E-2,9.733209686E0,9.811526477E0
3.809071725E1,1.196761322E0,-4.819976807E-2,9.738748169E0,9.812123969E0
3.810074925E1,1.210382996E0,-6.885681152E-3,9.781858521E0,9.856461359E0
3.811078025E1,1.231938171E0,1.556762695E-2,9.793983307E0,9.871171310E0
3.812081225E1,1.227297821E0,2.380050659E-2,9.787696381E0,9.864371589E0
3.813084325E1,1.213975525E0,3.382965088E-2,9.785001984E0,9.860078338E0
3.814087525E1,1.183588715E0,3.951782227E-2,9.768685913E0,9.840206724E0
3.815090625E1,1.170565796E0,1.975891113E-2,9.785900116E0,9.855681396E0
3.816093825E1,1.152752838E0,9.729766846E-3,9.758956146E0,9.826808171E0
3.817096925E1,1.162482605E0,-5.239105225E-3,9.760303345E0,9.829288613E0
3.818100125E1,1.157542877E0,-1.422042847E-2,9.776469727E0,9.844768562E0
3.819103225E1,1.184037781E0,-1.960922241E-2,9.798473969E0,9.869773153E0
3.820106425E1,1.212029572E0,-1.945953369E-2,9.789193268E0,9.863959610E0
3.821109525E1,1.236279144E0,-9.280700684E-3,9.794881439E0,9.872597159E0
3.822112725E1,1.236578522E0,-1.122665405E-2,9.796528015E0,9.874270283E0
3.823115825E1,1.234931946E0,8.981323242E-4,9.789941711E0,9.867523318E0
3.824119025E1,1.220861206E0,-5.987548828E-3,9.796228638E0,9.872012635E0
3.825122125E1,1.215921478E0,7.933502197E-3,9.794132996E0,9.869324654E0
3.826125325E1,1.212179260E0,7.035369873E-3,9.806407471E0,9.881045265E0
3.827128425E1,1.230740662E0,1.990859985E-2,9.824968872E0,9.901774198E0
3.828131625E1,1.212478638E0,2.859054565E-2,9.828411713E0,9.902959086E0
3.829134825E1,1.214723969E0,2.185455322E-2,9.828860779E0,9.903662764E0
3.830137925E1,1.210832062E0,2.005828857E-2,9.828711090E0,9.903033793E0
3.831141125E1,1.197809143E0,9.729766846E-3,9.832303619E0,9.905000549E0
3.832144225E1,1.190175018E0,-1.347198486E-3,9.809550934E0,9.881488143E0
3.833147425E1,1.187480621E0,2.095642090E-3,9.791588287E0,9.863331882E0
3.834150525E1,1.185534668E0,4.939727783E-3,9.764494629E0,9.836202123E0
3.835153725E1,1.193468170E0,-5.388793945E-3,9.785301361E0,9.857815074E0
3.836156825E1,1.219064941E0,-3.143463135E-3,9.836345215E0,9.911600093E0
3.837160025E1,1.244961090E0,2.604583740E-2,9.793085175E0,9.871936170E0
3.838163125E1,1.229094086E0,4.370910645E-2,9.780960388E0,9.857979959E0
3.839166325E1,1.202449493E0,4.206253052E-2,9.781110077E0,9.854834772E0
3.840169425E1,1.182840271E0,2.784210205E-2,9.816586304E0,9.887631311E0
3.841172625E1,1.189576263E0,1.841171265E-2,9.831555176E0,9.903277632E0
3.842175725E1,1.190025330E0,1.886077881E-2,9.776320038E0,9.848499860E0
3.843178925E1,1.160836029E0,3.966751099E-2,9.717791748E0,9.786960215E0
3.844182025E1,1.157542877E0,-1.092727661E-2,9.840835876E0,9.908686879E0
3.845185225E1,1.221010895E0,-2.260299683E-2,9.875264282E0,9.950488588E0
3.846188325E1,1.248553619E0,-1.601669312E-2,9.900711365E0,9.979139652E0
3.847191525E1,1.246607666E0,-3.203338623E-2,9.861193542E0,9.939728110E0
3.848194625E1,1.203946381E0,2.993774414E-3,9.745484161E0,9.819570122E0
3.849197825E1,1.161734161E0,-3.936813354E-2,9.713301086E0,9.782606713E0
3.850200925E1,1.163081360E0,-7.229965210E-2,9.779164124E0,9.848351966E0
3.851204125E1,1.228046265E0,-8.053253174E-2,9.874066772E0,9.950466207E0
3.852207225E1,1.256187744E0,-7.229965210E-2,9.868977356E0,9.948866716E0
3.853210425E1,1.251098328E0,-1.182540894E-2,9.815837860E0,9.895254406E0
3.854213525E1,1.212328949E0,3.787124634E-2,9.743837585E0,9.819040004E0
3.855216725E1,1.209784241E0,8.143066406E-2,9.750124512E0,9.825229608E0
3.856219925E1,1.196761322E0,1.164578247E-1,9.775571594E0,9.849243630E0
3.857223025E1,1.226100311E0,1.124162292E-1,9.811347198E0,9.888300826E0
3.858226225E1,1.229094086E0,1.182540894E-1,9.852361908E0,9.929435607E0
3.859229325E1,1.228046265E0,1.136137390E-1,9.852960663E0,9.929845897E0
3.860232525E1,1.212179260E0,9.175918579E-2,9.848619690E0,9.923361734E0
3.861235625E1,1.190175018E0,6.496490479E-2,9.818831635E0,9.890914603E0
3.862238825E1,1.185085602E0,3.472778320E-2,9.784103851E0,9.855674613E0
3.863241925E1,1.187929688E0,9.280700684E-3,9.778116302E0,9.850016320E0
3.864245125E1,1.187330933E0,-5.837860107E-3,9.779613190E0,9.851427458E0
3.865248225E1,1.199755096E0,-2.903961182E-2,9.778864746E0,9.852230779E0
3.866251425E1,1.208586731E0,-3.532653809E-2,9.794282684E0,9.868632284E0
3.867254525E1,1.204994202E0,-4.116439819E-2,9.804461517E0,9.878318236E0
3.868257725E1,1.225950623E0,-3.547622681E-2,9.811945953E0,9.888301011E0
3.869260825E1,1.233285370E0,-2.529739380E-2,9.804311829E0,9.881607318E0
3.870264025E1,1.251697083E0,-2.380050659E-2,9.798923035E0,9.878573009E0
3.871267125E1,1.259031830E0,4.191284180E-3,9.805060272E0,9.885564509E0
3.872270325E1,1.246907043E0,2.724334717E-2,9.817185059E0,9.896092251E0
3.873273425E1,1.252744904E0,5.912704468E-2,9.822124786E0,9.901868567E0
3.874276625E1,1.217867432E0,8.891510010E-2,9.732012177E0,9.808321364E0
3.875279725E1,1.193468170E0,9.879455566E-2,9.781858521E0,9.854891311E0
3.876282925E1,1.170416107E0,1.092727661E-1,9.782457275E0,9.852831306E0
3.877286025E1,1.165177002E0,1.302291870E-1,9.756261749E0,9.826456147E0
3.878289225E1,1.188827820E0,1.077758789E-1,9.805509338E0,9.877901630E0
3.879292325E1,1.250200195E0,6.900650024E-2,9.859996033E0,9.939179251E0
3.880295525E1,1.265019379E0,5.119354248E-2,9.849667511E0,9.930702134E0
3.881298625E1,1.218316498E0,3.652404785E-2,9.827663269E0,9.902958872E0
3.882301825E1,1.182989960E0,2.888992310E-2,9.809550934E0,9.880667457E0
3.883305025E1,1.197659454E0,5.867797852E-2,9.781110077E0,9.854336386E0
3.884308125E1,1.225651245E0,6.556365967E-2,9.771230621E0,9.848018452E0
3.885311325E1,1.232985992E0,6.406677246E-2,9.773326263E0,9.851003262E0
3.886314425E1,1.210532684E0,6.331832886E-2,9.767189026E0,9.842122741E0
3.887317625E1,1.215173035E0,3.682342529E-2,9.791588287E0,9.866772657E0
3.888320725E1,1.219663696E0,5.089416504E-3,9.862241364E0,9.937374409E0
3.889323925E1,1.232237549E0,-1.541793823E-2,9.882748718E0,9.959285583E0
3.890327025E1,1.235680389E0,-1.347198486E-2,9.842482452E0,9.919755458E0
3.891330225E1,1.237326965E0,-1.107696533E-2,9.827064514E0,9.904660402E0
3.892333325E1,1.239272919E0,-2.050735474E-2,9.790839844E0,9.868979824E0
3.893336525E1,1.213825836E0,-1.047821045E-2,9.799072723E0,9.873971298E0
3.894339625E1,1.202000427E0,-1.556762695E-2,9.793384552E0,9.866885444E0
3.895342825E1,1.188528442E0,-1.571731567E-2,9.777068481E0,9.849056553E0
3.896345975E1,1.189127197E0,-2.993774414E-3,9.792486420E0,9.864422068E0
3.897349175E1,1.192120972E0,-2.829116821E-2,9.809251556E0,9.881465929E0
3.898352275E1,1.209634552E0,-2.679428101E-2,9.815987549E0,9.890275286E0
3.899355475E1,1.225351868E0,-3.128494263E-2,9.827962646E0,9.904106003E0
3.900358575E1,1.227148132E0,-3.532653809E-2,9.838590546E0,9.914888019E0
3.901361775E1,1.211730194E0,-1.646575928E-2,9.818981323E0,9.893480450E0
3.902364875E1,1.219963074E0,-7.933502197E-3,9.811047821E0,9.886608730E0
3.903368075E1,1.231638794E0,5.089416504E-3,9.824070740E0,9.900976008E0
3.904371175E1,1.214574280E0,6.436614990E-3,9.819879456E0,9.894708921E0
3.905374375E1,1.220561829E0,2.020797729E-2,9.826914825E0,9.902445886E0
3.906377475E1,1.204994202E0,2.933898926E-2,9.809401245E0,9.883178871E0
3.907380675E1,1.216819611E0,8.532257080E-3,9.816137238E0,9.891272569E0
3.908383775E1,1.235979767E0,8.382568359E-3,9.829309845E0,9.906717331E0
3.909386975E1,1.230291595E0,1.960922241E-2,9.817334747E0,9.894142887E0
3.910390175E1,1.236428833E0,1.302291870E-2,9.778116302E0,9.855987230E0
3.911393275E1,1.221310272E0,-1.092727661E-2,9.772128754E0,9.848158131E0
3.912396475E1,1.234931946E0,-1.841171265E-2,9.817634125E0,9.895015700E0
3.913399575E1,1.282083893E0,-2.395019531E-2,9.854457550E0,9.937537236E0
3.914402775E1,1.289119263E0,-2.544708252E-2,9.848320312E0,9.932365731E0
3.915405875E1,1.274599457E0,-1.092727661E-2,9.837842102E0,9.920073609E0
3.916409075E1,1.257385254E0,-1.721420288E-2,9.795180817E0,9.875569920E0
3.917412175E1,1.213376770E0,-3.712280273E-2,9.758806458E0,9.834020783E0
3.918415375E1,1.209484863E0,-3.547622681E-2,9.790690155E0,9.865177439E0
3.919418475E1,1.203946381E0,-4.475692749E-2,9.774074707E0,9.848046834E0
3.920421675E1,1.202748871E0,-2.320175171E-2,9.724677429E0,9.798800655E0
3.921424775E1,1.199755096E0,-7.783813477E-3,9.702673187E0,9.776570966E0
3.922427975E1,1.202898560E0,-3.727249146E-2,9.756860504E0,9.830802667E0
3.923431075E1,1.229393463E0,-8.936416626E-2,9.805359650E0,9.882533688E0
3.924434275E1,1.288520508E0,-8.337661743E-2,9.842931519E0,9.927262344E0
3.925437375E1,1.324894867E0,-1.342707825E-1,9.866732025E0,9.956192842E0
3.926440575E1,1.323248291E0,-9.295669556E-2,9.824819183E0,9.913964846E0
3.927443675E1,1.291813660E0,-6.167175293E-2,9.763596497E0,9.848878235E0
3.928446875E1,1.239272919E0,-2.559677124E-2,9.771230621E0,9.849538081E0
3.929449975E1,1.207987976E0,1.960922241E-2,9.807305603E0,9.881440313E0
3.930453175E1,1.195264435E0,9.954299927E-2,9.760153656E0,9.833573372E0
3.931456275E1,1.197210388E0,1.329235840E-1,9.702673187E0,9.777159525E0
3.932459475E1,1.211730194E0,1.321751404E-1,9.717941437E0,9.794087303E0
3.933462575E1,1.244062958E0,1.254391479E-1,9.782756653E0,9.862340257E0
3.934465775E1,1.267863464E0,7.110214233E-2,9.844428406E0,9.925991332E0
3.935468875E1,1.260977783E0,3.113525391E-2,9.879455566E0,9.959652437E0
3.936472075E1,1.245709534E0,-1.002914429E-2,9.848470001E0,9.926945864E0
3.937475275E1,1.251547394E0,-5.598358154E-2,9.838141479E0,9.917587046E0
3.938478375E1,1.260977783E0,-7.679031372E-2,9.826016693E0,9.906894860E0
3.939481575E1,1.261726227E0,-8.786727905E-2,9.771380310E0,9.852895356E0
3.940484675E1,1.246158600E0,-8.846603394E-2,9.731712799E0,9.811573345E0
3.941487875E1,1.238674164E0,-8.577163696E-2,9.728120270E0,9.807038005E0
3.942490975E1,1.231938171E0,-8.502319336E-2,9.732161865E0,9.810192413E0
3.943494175E1,1.248703308E0,-7.993377686E-2,9.784552917E0,9.864234646E0
3.944497275E1,1.262474670E0,-7.574249268E-2,9.816436615E0,9.897575816E0
3.945500475E1,1.265169067E0,-6.990463257E-2,9.822873230E0,9.904260594E0
3.946503575E1,1.262324982E0,-5.598358154E-2,9.830058289E0,9.910935601E0
3.947506775E1,1.259929962E0,-3.787124634E-2,9.800719299E0,9.881445063E0
3.948509875E1,1.252744904E0,-2.320175171E-2,9.791139221E0,9.870983505E0
3.949513075E1,1.247655487E0,-5.688171387E-3,9.786349182E0,9.865561661E0
3.950516175E1,1.253792725E0,2.110610962E-2,9.742490387E0,9.822859085E0
3.951519375E1,1.254391479E0,3.367996216E-2,9.834249573E0,9.913984919E0
3.952522475E1,1.258133698E0,5.508544922E-2,9.863887939E0,9.943953946E0
3.953525675E1,1.264720001E0,4.580474854E-2,9.774673462E0,9.856259739E0
3.954528775E1,1.232087860E0,1.227447510E-2,9.790839844E0,9.868066477E0
3.955531975E1,1.233884125E0,9.729766846E-3,9.825417938E0,9.902595739E0
3.956535075E1,1.239123230E0,-2.125579834E-2,9.808952179E0,9.886931831E0
3.957538275E1,1.219663696E0,-2.095642090E-2,9.778265991E0,9.854060305E0
3.958541375E1,1.243015137E0,-5.478607178E-2,9.826914825E0,9.905369409E0
3.959544575E1,1.309776306E0,-5.239105225E-2,9.879455566E0,9.966037381E0
3.960547675E1,1.337169342E0,-3.742218018E-2,9.821675720E0,9.912352709E0
3.961550875E1,1.311273193E0,-2.230361938E-2,9.756112061E0,9.843863945E0
3.962553975E1,1.272354126E0,-1.511856079E-2,9.748028870E0,9.830726343E0
3.963557175E1,1.248254242E0,-8.532257080E-3,9.753567352E0,9.833121963E0
3.964560375E1,1.246757355E0,-1.062789917E-2,9.772428131E0,9.851642931E0
3.965563475E1,1.259031830E0,-2.664459229E-2,9.796228638E0,9.876839910E0
3.966566675E1,1.279239807E0,-3.023712158E-2,9.787097626E0,9.870392530E0
3.967569775E1,1.281934204E0,-4.849914551E-2,9.767338715E0,9.851223936E0
3.968572975E1,1.262025604E0,-6.107299805E-2,9.773475952E0,9.854809522E0
3.969576075E1,1.247805176E0,-7.963439941E-2,9.791288910E0,9.870800267E0
3.970579275E1,1.228046265E0,-9.699829102E-2,9.782157898E0,9.859417804E0
3.971582375E1,1.207538910E0,-1.011895752E-1,9.768985291E0,9.843854080E0
3.972585575E1,1.212179260E0,-1.061293030E-1,9.769733734E0,9.845219105E0
3.973588675E1,1.224154358E0,-9.475296021E-2,9.788295135E0,9.865001453E0
3.974591875E1,1.237776031E0,-8.158035278E-2,9.765692139E0,9.844160086E0
3.975594975E1,1.257684631E0,-7.289840698E-2,9.750274200E0,9.831324010E0
3.976598175E1,1.236129456E0,-5.628295898E-2,9.740245056E0,9.818531334E0
3.977601275E1,1.236877899E0,-5.313949585E-2,9.740544434E0,9.818905061E0
3.978604475E1,1.231040039E0,-3.577560425E-2,9.753417664E0,9.830864438E0
3.979607575E1,1.236578522E0,-2.230361938E-2,9.772428131E0,9.850379458E0
3.980610775E1,1.249002686E0,-1.901046753E-2,9.769584045E0,9.849118820E0
3.981613875E1,1.258582764E0,-1.347198486E-3,9.796228638E0,9.876746828E0
3.982617075E1,1.258133698E0,-8.831634521E-3,9.807754669E0,9.888125710E0
3.983620175E1,1.249002686E0,-6.885681152E-3,9.787696381E0,9.867069249E0
3.984623375E1,1.227746887E0,-4.191284180E-3,9.765692139E0,9.842566887E0
3.985626475E1,1.230590973E0,-3.936813354E-2,9.792935486E0,9.870029859E0
3.986629675E1,1.236728210E0,-5.388793945E-2,9.815538483E0,9.893290468E0
3.987632775E1,1.266067200E0,-6.661148071E-2,9.830207977E0,9.911627118E0
3.988635975E1,1.288969574E0,-7.319778442E-2,9.812694397E0,9.897260823E0
3.989639175E1,1.290017395E0,-6.481521606E-2,9.784403229E0,9.869290371E0
3.990642275E1,1.269360352E0,-7.499404907E-2,9.741891632E0,9.824528100E0
3.991645475E1,1.243464203E0,-7.723937988E-2,9.764344940E0,9.843505537E0
3.992648575E1,1.247056732E0,-8.562194824E-2,9.808054047E0,9.887386196E0
3.993651775E1,1.249002686E0,-5.733078003E-2,9.750274200E0,9.830114013E0
3.994654875E1,1.203197937E0,-3.293151855E-2,9.630223846E0,9.705152296E0
3.995658075E1,1.160237274E0,-2.290237427E-2,9.638606415E0,9.708213464E0
3.996661292E1,1.178648987E0,-5.777984619E-2,9.791588287E0,9.862441540E0
3.997664492E1,1.282233582E0,-9.145980835E-2,9.885742493E0,9.968971486E0
3.998667592E1,1.331331482E0,-7.140151978E-2,9.850715332E0,9.940529877E0
3.999670792E1,1.280437317E0,-7.050338745E-2,9.801168365E0,9.884704941E0
4.000673892E1,1.204545135E0,-4.460723877E-2,9.753866730E0,9.828063643E0
4.001677092E1,1.154848480E0,-3.652404785E-2,9.717492371E0,9.785942315E0
4.002680192E1,1.165326691E0,-4.969665527E-2,9.737550659E0,9.807158044E0
4.003683392E1,1.189576263E0,-2.859054565E-2,9.767937469E0,9.840147942E0
4.004686492E1,1.199455719E0,6.436614990E-3,9.745184784E0,9.818725066E0
4.005689692E1,1.203197937E0,2.754272461E-2,9.712852020E0,9.787131257E0
4.006692792E1,1.205592957E0,4.400848389E-2,9.722282410E0,9.796844715E0
4.007695992E1,1.231040039E0,5.867797852E-2,9.726473694E0,9.804243632E0
4.008699092E1,1.251996460E0,2.529739380E-2,9.751172333E0,9.831251037E0
4.009702292E1,1.275497589E0,5.538482666E-3,9.764494629E0,9.847450438E0
4.010705392E1,1.290017395E0,-2.230361938E-2,9.729916534E0,9.815086250E0
4.011708592E1,1.284927979E0,-6.421646118E-2,9.745035095E0,9.829591684E0
4.012711792E1,1.278042297E0,-9.101074219E-2,9.785301361E0,9.868829606E0
4.013714892E1,1.286424866E0,-1.083746338E-1,9.807155914E0,9.891761275E0
4.014718092E1,1.285227356E0,-1.258882141E-1,9.833501129E0,9.917933336E0
4.015721192E1,1.252595215E0,-1.290316772E-1,9.847571869E0,9.927754815E0
4.016724392E1,1.189276886E0,-1.142124939E-1,9.848470001E0,9.920674643E0
4.017727492E1,1.133442993E0,-1.252894592E-1,9.849368134E0,9.915162283E0
4.018730692E1,1.104702759E0,-9.565109253E-2,9.841135254E0,9.903406505E0
4.019733792E1,1.090332642E0,-5.059478760E-2,9.848020935E0,9.908324855E0
4.020736992E1,1.103355560E0,-1.601669312E-2,9.822124786E0,9.883915487E0
4.021740092E1,1.145118713E0,9.580078125E-3,9.820328522E0,9.886872150E0
4.022743292E1,1.189127197E0,3.996688843E-2,9.825867004E0,9.897640286E0
4.023746392E1,1.225800934E0,3.727249146E-2,9.853110352E0,9.929136960E0
4.024749592E1,1.245859222E0,4.670288086E-2,9.813891907E0,9.892766080E0
4.025752692E1,1.252146149E0,3.502716064E-2,9.865983582E0,9.945186218E0
4.026755892E1,1.239422607E0,4.565505981E-2,9.879006500E0,9.956556745E0
4.027758992E1,1.242416382E0,4.041595459E-2,9.810149689E0,9.888592864E0
4.028762192E1,1.229543152E0,3.592529297E-2,9.751322021E0,9.828598484E0
4.029765292E1,1.237626343E0,1.122665405E-2,9.706714783E0,9.785303106E0
4.030768492E1,1.235231323E0,8.232879639E-3,9.748627625E0,9.826576452E0
4.031771592E1,1.239572296E0,-4.685256958E-2,9.828262024E0,9.906233848E0
4.032774792E1,1.276246033E0,-8.966354370E-2,9.877509613E0,9.960022070E0
4.033777892E1,1.293460236E0,-8.592132568E-2,9.876162415E0,9.960873752E0
4.034781092E1,1.303040314E0,-9.580078125E-2,9.868528290E0,9.954644266E0
4.035784192E1,1.285227356E0,-7.888595581E-2,9.826316071E0,9.910323903E0
4.036787392E1,1.222208405E0,-7.035369873E-2,9.779463501E0,9.855792682E0
4.037790492E1,1.166524200E0,-5.254074097E-2,9.737550659E0,9.807315233E0
4.038793692E1,1.125509491E0,-4.191284180E-2,9.753118286E0,9.817934844E0
4.039796892E1,1.137484589E0,-6.047424316E-2,9.829309845E0,9.895092741E0
4.040799992E1,1.174158325E0,-6.077362061E-2,9.830956421E0,9.901012340E0
4.041803192E1,1.194665680E0,-5.508544922E-2,9.822573853E0,9.895110792E0
4.042806292E1,1.196162567E0,-5.568420410E-2,9.830806732E0,9.903467404E0
4.043809492E1,1.172511749E0,-3.682342529E-2,9.823471985E0,9.893267489E0
4.044812592E1,1.161584473E0,-2.409988403E-2,9.817933502E0,9.886439073E0
4.045815792E1,1.156944122E0,-2.784210205E-2,9.789642334E0,9.857808677E0
4.046818892E1,1.158740387E0,-8.831634521E-3,9.761051788E0,9.829592530E0
4.047822092E1,1.169068909E0,-1.347198486E-2,9.802066498E0,9.871545534E0
4.048825192E1,1.176253967E0,-1.092727661E-2,9.813293152E0,9.883542649E0
4.049828392E1,1.197360077E0,8.981323242E-4,9.802365875E0,9.875223983E0
4.050831492E1,1.211430817E0,1.332229614E-2,9.821076965E0,9.895518929E0
4.051834692E1,1.206042023E0,6.735992432E-3,9.831704865E0,9.905402732E0
4.052837792E1,1.208736420E0,-5.538482666E-3,9.819430389E0,9.893547775E0
4.053840992E1,1.196461945E0,-1.422042847E-2,9.822723541E0,9.895333303E0
4.054844092E1,1.199605408E0,-2.320175171E-2,9.822873230E0,9.895879443E0
4.055847292E1,1.183289337E0,-3.502716064E-2,9.816735992E0,9.887856497E0
4.056850392E1,1.175954590E0,-3.891906738E-2,9.818681946E0,9.888928104E0
4.057853592E1,1.175056458E0,-4.266128540E-2,9.804461517E0,9.874717379E0
4.058856692E1,1.170865173E0,-4.221221924E-2,9.797426147E0,9.867231944E0
4.059859892E1,1.166075134E0,-4.700225830E-2,9.801318054E0,9.870550949E0
4.060862992E1,1.166224823E0,-4.580474854E-2,9.812694397E0,9.881859630E0
4.061866192E1,1.156345367E0,-4.760101318E-2,9.794432373E0,9.862570962E0
4.062869392E1,1.159339142E0,-3.712280273E-2,9.789642334E0,9.858120631E0
4.063872492E1,1.187630310E0,-4.790039063E-2,9.815388794E0,9.887093475E0
4.064875692E1,1.207688599E0,-2.140548706E-2,9.827812958E0,9.901761332E0
4.065878792E1,1.206341400E0,1.092727661E-2,9.794881439E0,9.868894639E0
4.066881992E1,1.194066925E0,2.844085693E-2,9.761500854E0,9.834302397E0
4.067885092E1,1.160087585E0,1.092727661E-2,9.778565369E0,9.847144930E0
4.068888292E1,1.163530426E0,-4.640350342E-3,9.816735992E0,9.885450426E0
4.069891392E1,1.181044006E0,-1.511856079E-2,9.815239105E0,9.886051396E0
4.070894592E1,1.168320465E0,1.092727661E-2,9.736203461E0,9.806056799E0
4.071897692E1,1.149010620E0,-3.442840576E-3,9.744136963E0,9.811648302E0
4.072900892E1,1.196761322E0,-4.176315308E-2,9.897717590E0,9.969894449E0
4.073903992E1,1.247356110E0,-3.367996216E-2,9.879754944E0,9.958242282E0
4.074907192E1,1.278491364E0,-2.859054565E-2,9.891879730E0,9.974198824E0
4.075910292E1,1.235680389E0,-1.511856079E-2,9.789492645E0,9.867183025E0
4.076913492E1,1.205592957E0,-6.286926270E-3,9.735455017E0,9.809820503E0
4.077916592E1,1.183738403E0,-3.517684937E-2,9.758806458E0,9.830400678E0
4.078919792E1,1.204096069E0,-4.805007935E-2,9.820777588E0,9.894434223E0
4.079922892E1,1.218316498E0,-4.266128540E-2,9.874964905E0,9.949926982E0
4.080926092E1,1.214873657E0,1.287322998E-2,9.836943970E0,9.911687565E0
4.081929192E1,1.182091827E0,8.562194824E-2,9.763895874E0,9.835564795E0
4.082932392E1,1.159937897E0,1.462458801E-1,9.699230347E0,9.769437706E0
4.083935492E1,1.160985718E0,1.697470093E-1,9.714648285E0,9.785248754E0
4.084938692E1,1.183289337E0,1.785786438E-1,9.749675446E0,9.822842526E0
4.085941792E1,1.199755096E0,1.571731567E-1,9.791288910E0,9.865771851E0
4.086944992E1,1.210981750E0,1.098715210E-1,9.841434631E0,9.916268661E0
4.087948192E1,1.213526459E0,4.221221924E-2,9.890831909E0,9.965088268E0
4.088951292E1,1.228794708E0,-1.272354126E-2,9.909692688E0,9.985594999E0
4.089954492E1,1.216220856E0,-7.229965210E-2,9.900561676E0,9.975246459E0
4.090957592E1,1.220112762E0,-1.209484863E-1,9.876910858E0,9.952721828E0
4.091960792E1,1.220262451E0,-1.360670471E-1,9.863887939E0,9.940012071E0
4.092963892E1,1.216669922E0,-1.336720276E-1,9.814939728E0,9.890965361E0
4.093967092E1,1.213825836E0,-1.272354126E-1,9.806557159E0,9.882212573E0
4.094970192E1,1.209933929E0,-1.239422607E-1,9.783505096E0,9.858817057E0
4.095973262E1,1.222358093E0,-9.744735718E-2,9.785301361E0,9.861834415E0
4.096976363E1,1.218915253E0,-6.915618896E-2,9.772877197E0,9.848840829E0
4.097979563E1,1.203796692E0,-4.894821167E-2,9.789043579E0,9.862905079E0
4.098982662E1,1.210532684E0,-3.203338623E-2,9.801018677E0,9.875544675E0
4.099985863E1,1.212778015E0,-5.837860107E-3,9.801916809E0,9.876661264E0
4.100988963E1,1.216071167E0,2.185455322E-2,9.816885681E0,9.891943751E0
4.101992162E1,1.217268677E0,4.984634399E-2,9.810898132E0,9.886250546E0
4.102995262E1,1.194965057E0,7.259902954E-2,9.796228638E0,9.869108756E0
4.103998463E1,1.166823578E0,8.382568359E-2,9.849966888E0,9.919191081E0
4.105001563E1,1.171613617E0,8.831634521E-2,9.836045837E0,9.905971732E0
4.106004762E1,1.174906769E0,8.487350464E-2,9.823921051E0,9.894293014E0
4.107007862E1,1.181193695E0,3.038681030E-2,9.818981323E0,9.889819823E0
4.108011063E1,1.204395447E0,-1.886077881E-2,9.856104126E0,9.929436674E0
4.109014162E1,1.202000427E0,-7.454498291E-2,9.873468018E0,9.946644292E0
4.110017362E1,1.207538910E0,-8.741821289E-2,9.849068756E0,9.923202483E0
4.111020463E1,1.212029572E0,-8.262817383E-2,9.803264008E0,9.878250265E0
4.112023663E1,1.230141907E0,-8.622070312E-2,9.748777313E0,9.826461328E0
4.113026862E1,1.254690857E0,-7.005432129E-2,9.717043304E0,9.797963428E0
4.114029962E1,1.254241791E0,-7.619155884E-2,9.742340698E0,9.823040767E0
4.115033163E1,1.254990234E0,-9.340576172E-2,9.779313812E0,9.859954552E0
4.116036262E1,1.288221130E0,-1.032852173E-1,9.802365875E0,9.887191627E0
4.117039462E1,1.274300079E0,-9.624984741E-2,9.792935486E0,9.875965277E0
4.118042563E1,1.268013153E0,-1.103205872E-1,9.804012451E0,9.886287884E0
4.119045763E1,1.254541168E0,-9.445358276E-2,9.797426147E0,9.877871944E0
4.120048862E1,1.230291595E0,-9.475296021E-2,9.778565369E0,9.856111617E0
4.121052062E1,1.209933929E0,-7.274871826E-2,9.775571594E0,9.850433111E0
4.122055163E1,1.189725952E0,-6.406677246E-2,9.770482178E0,9.842859055E0
4.123058362E1,1.167572021E0,-4.909790039E-2,9.764794006E0,9.834471873E0
4.124061462E1,1.190923462E0,-3.457809448E-2,9.757758636E0,9.830226241E0
4.125064663E1,1.194965057E0,-4.595443726E-2,9.771230621E0,9.844135369E0
4.126067763E1,1.197060699E0,-3.996688843E-2,9.782157898E0,9.855210034E0
4.127070962E1,1.209035797E0,-4.221221924E-2,9.804910583E0,9.879262168E0
4.128074062E1,1.219963074E0,-6.286926270E-2,9.822723541E0,9.898391799E0
4.129077263E1,1.234482880E0,-6.571334839E-2,9.829609222E0,9.907042126E0
4.130080363E1,1.245859222E0,-5.448669434E-2,9.821975098E0,9.900824654E0
4.131083562E1,1.246757355E0,-6.242019653E-2,9.802365875E0,9.881532115E0
4.132086662E1,1.244512024E0,-7.514373779E-2,9.817933502E0,9.896781043E0
4.133089863E1,1.232237549E0,-5.448669434E-2,9.799072723E0,9.876396327E0
4.134092962E1,1.221310272E0,-5.658233643E-2,9.784552917E0,9.860642785E0
4.135096162E1,1.237626343E0,-4.475692749E-2,9.775122528E0,9.853260505E0
4.136099363E1,1.235530701E0,-5.209167480E-2,9.803264008E0,9.880953135E0
4.137102462E1,1.252445526E0,-6.780899048E-2,9.790540466E0,9.870557253E0
4.138105662E1,1.266665955E0,-6.721023560E-2,9.808203735E0,9.889884750E0
4.139108763E1,1.267414398E0,-6.436614990E-2,9.795929260E0,9.877788838E0
4.140111963E1,1.256187744E0,-7.214996338E-2,9.746831360E0,9.827712594E0
4.141115062E1,1.252445526E0,-9.669891357E-2,9.749525757E0,9.830118156E0
4.142118262E1,1.246008911E0,-1.073268127E-1,9.790390778E0,9.869944723E0
4.143121363E1,1.278940430E0,-1.206491089E-1,9.819879456E0,9.903548725E0
4.144124562E1,1.283431091E0,-1.164578247E-1,9.778864746E0,9.863414901E0
4.145127662E1,1.250948639E0,-8.637039185E-2,9.727222137E0,9.807710378E0
4.146130863E1,1.234183502E0,-8.786727905E-2,9.680968323E0,9.759717068E0
4.147133963E1,1.221609650E0,-1.297801208E-1,9.760303345E0,9.837311340E0
4.148137162E1,1.264869690E0,-1.564247131E-1,9.850565643E0,9.932673735E0
4.149140262E1,1.331481171E0,-1.613644409E-1,9.870623932E0,9.961330102E0
4.150143463E1,1.365460510E0,-1.463955688E-1,9.871372375E0,9.966439015E0
4.151146563E1,1.335373077E0,-1.035845947E-1,9.769733734E0,9.861118003E0
4.152149762E1,1.272204437E0,-6.601272583E-2,9.730964355E0,9.813996591E0
4.153152862E1,1.217717743E0,-3.083587646E-2,9.776619415E0,9.852211657E0
4.154156063E1,1.181942139E0,1.077758789E-2,9.784253540E0,9.855390439E0
4.155159162E1,1.173110504E0,6.511459351E-2,9.750423889E0,9.820956887E0
4.156162362E1,1.193168793E0,7.304809570E-2,9.711355133E0,9.784651568E0
4.157165463E1,1.227597198E0,4.999603271E-2,9.759854279E0,9.836882129E0
4.158168663E1,1.246008911E0,2.559677124E-2,9.823172607E0,9.901914637E0
4.159171862E1,1.265468445E0,-2.080673218E-2,9.861343231E0,9.942229812E0
4.160174962E1,1.253942413E0,-6.945556641E-2,9.866432648E0,9.946038852E0
4.161178163E1,1.266366577E0,-1.224453735E-1,9.883048096E0,9.964603195E0
4.162181262E1,1.264720001E0,-1.637594604E-1,9.875713348E0,9.957712990E0
4.163184462E1,1.263821869E0,-1.808239746E-1,9.817334747E0,9.900000231E0
4.164187563E1,1.268611908E0,-1.589694214E-1,9.756860504E0,9.840273083E0
4.165190763E1,1.272653503E0,-1.257385254E-1,9.722881165E0,9.806624050E0
4.166193862E1,1.270557861E0,-1.112187195E-1,9.719588013E0,9.802911711E0
4.167197063E1,1.250200195E0,-1.086740112E-1,9.729168091E0,9.809766680E0
4.168200163E1,1.263971558E0,-1.076261902E-1,9.739496613E0,9.821761642E0
4.169203362E1,1.263073425E0,-1.082249451E-1,9.776619415E0,9.858466123E0
4.170206462E1,1.260977783E0,-1.245410156E-1,9.802814941E0,9.884369287E0
4.171209663E1,1.261726227E0,-1.359173584E-1,9.825118561E0,9.906734141E0
4.172212763E1,1.280437317E0,-1.374142456E-1,9.833052063E0,9.917021492E0
4.173215962E1,1.262324982E0,-1.282832336E-1,9.809101868E0,9.890824050E0
4.174219062E1,1.249601440E0,-9.729766846E-2,9.769434357E0,9.849508528E0
4.175222263E1,1.239721985E0,-8.217910767E-2,9.853858795E0,9.931877827E0
4.176225362E1,1.242117004E0,-5.149291992E-2,9.799072723E0,9.877617750E0
4.177228562E1,1.233135681E0,-4.625381470E-2,9.732760620E0,9.810677464E0
4.178231663E1,1.207239532E0,-6.840774536E-2,9.719288635E0,9.794216583E0
4.179234863E1,1.212778015E0,-8.038284302E-2,9.737101593E0,9.812667290E0
4.180238062E1,1.221010895E0,-1.019380188E-1,9.730964355E0,9.807799256E0
4.181241162E1,1.223256226E0,-1.357676697E-1,9.746082916E0,9.823488223E0
4.182244363E1,1.294208679E0,-1.779798889E-1,9.859247589E0,9.945421860E0
4.183247462E1,1.372196503E0,-1.800755310E-1,9.916428680E0,1.001253755E1
4.184250662E1,1.380728760E0,-1.492396545E-1,9.826465759E0,9.924117779E0
4.185253763E1,1.344653778E0,-1.571731567E-1,9.767189026E0,9.860566852E0
4.186256963E1,1.282233582E0,-1.441502380E-1,9.739346924E0,9.824448114E0
4.187260062E1,1.240320740E0,-1.432521057E-1,9.738598480E0,9.818310296E0
4.188263262E1,1.249751129E0,-1.371148682E-1,9.803264008E0,9.883555209E0
4.189266363E1,1.275647278E0,-1.339714050E-1,9.811047821E0,9.894538072E0
4.190269562E1,1.279090118E0,-1.395098877E-1,9.780960388E0,9.865227856E0
4.191272662E1,1.262474670E0,-1.261875916E-1,9.747879181E0,9.830102447E0
4.192275863E1,1.242715759E0,-1.166075134E-1,9.757159882E0,9.836671628E0
4.193278963E1,1.229543152E0,-1.230441284E-1,9.764794006E0,9.842668246E0
4.194282162E1,1.207538910E0,-1.127156067E-1,9.748477936E0,9.823628509E0
4.195285262E1,1.214574280E0,-1.119671631E-1,9.720785522E0,9.797009671E0
4.196288454E1,1.208287354E0,-1.086740112E-1,9.734107819E0,9.809415038E0
4.197291554E1,1.199755096E0,-9.460327148E-2,9.748777313E0,9.822780725E0
4.198294754E1,1.215173035E0,-1.125659180E-1,9.773925018E0,9.849818620E0
4.199297854E1,1.236578522E0,-1.074765015E-1,9.766440582E0,9.845000726E0
4.200301054E1,1.257385254E0,-9.939331055E-2,9.774374084E0,9.855419091E0
4.201304154E1,1.237476654E0,-9.475296021E-2,9.768685913E0,9.847210319E0
4.202307354E1,1.235680389E0,-9.535171509E-2,9.777068481E0,9.855306493E0
4.203310454E1,1.225651245E0,-7.948471069E-2,9.779762878E0,9.856586668E0
4.204313654E1,1.230590973E0,-7.544311523E-2,9.780211945E0,9.857615913E0
4.205316854E1,1.231040039E0,-7.708969116E-2,9.786498871E0,9.863922270E0
4.206319954E1,1.238225098E0,-9.355545044E-2,9.776020660E0,9.854569192E0
4.207323154E1,1.235231323E0,-8.592132568E-2,9.754016418E0,9.832294503E0
4.208326254E1,1.224304047E0,-8.292755127E-2,9.745484161E0,9.822436506E0
4.209329454E1,1.241967316E0,-8.936416626E-2,9.777966614E0,9.856931565E0
4.210332554E1,1.256337433E0,-1.052311707E-1,9.806257782E0,9.886968647E0
4.211335754E1,1.281185760E0,-8.726852417E-2,9.811347198E0,9.895028378E0
4.212338854E1,1.277293854E0,-7.334747314E-2,9.778116302E0,9.861461244E0
4.213342054E1,1.238374786E0,-5.583389282E-2,9.749675446E0,9.828166707E0
4.214345154E1,1.213227081E0,-4.924758911E-2,9.754764862E0,9.830044903E0
4.215348354E1,1.207688599E0,-8.008346558E-2,9.794132996E0,9.868635481E0
4.216351454E1,1.215173035E0,-6.721023560E-2,9.790390778E0,9.865744488E0
4.217354654E1,1.192420349E0,-1.871109009E-2,9.677824860E0,9.751026121E0
4.218357754E1,1.162183228E0,-2.260299683E-2,9.707163849E0,9.776513220E0
4.219360954E1,1.190773773E0,-5.703140259E-2,9.840985565E0,9.912930528E0
4.220364054E1,1.284478912E0,-7.110214233E-2,9.909842377E0,9.992993422E0
4.221367254E1,1.354084167E0,-4.400848389E-2,9.871372375E0,9.963908533E0
4.222370354E1,1.293160858E0,-4.999603271E-2,9.747879181E0,9.833408012E0
4.223373554E1,1.225351868E0,-6.855743408E-2,9.736353149E0,9.813396964E0
4.224376654E1,1.202898560E0,-9.340576172E-2,9.758806458E0,9.833106989E0
4.225379854E1,1.242117004E0,-1.148112488E-1,9.795480194E0,9.874587004E0
4.226383054E1,1.289418640E0,-1.053808594E-1,9.800868988E0,9.885885821E0
4.227386154E1,1.271605682E0,-6.286926270E-2,9.779014435E0,9.861544345E0
4.228389354E1,1.246308289E0,-3.981719971E-2,9.755962372E0,9.835327730E0
4.229392454E1,1.234632568E0,-2.395019531E-3,9.742640076E0,9.820557976E0
4.230395654E1,1.239721985E0,1.257385254E-2,9.764195251E0,9.842589985E0
4.231398754E1,1.250499573E0,2.155517578E-2,9.816586304E0,9.895937574E0
4.232401954E1,1.270108795E0,1.332229614E-2,9.857601013E0,9.939097120E0
4.233405054E1,1.252295837E0,2.080673218E-2,9.875563660E0,9.954669024E0
4.234408254E1,1.243015137E0,-0.000000000E0,9.872869263E0,9.950810726E0
4.235411354E1,1.222358093E0,-2.245330811E-2,9.868378601E0,9.943820175E0
4.236414554E1,1.192719727E0,-2.424957275E-2,9.814939728E0,9.887174027E0
4.237417654E1,1.167272644E0,-2.409988403E-2,9.765692139E0,9.835235085E0
4.238420854E1,1.170416107E0,-4.445755005E-2,9.752669220E0,9.822749475E0
4.239423954E1,1.179397430E0,-5.463638306E-2,9.759405212E0,9.830562219E0
4.240427154E1,1.175804901E0,-5.134323120E-2,9.777367859E0,9.847947783E0
4.241430254E1,1.179098053E0,-5.373825073E-2,9.822124786E0,9.892790068E0
4.242433454E1,1.210083618E0,-4.939727783E-2,9.815987549E0,9.890417282E0
4.243436554E1,1.229692841E0,-4.849914551E-2,9.822124786E0,9.898920748E0
4.244439754E1,1.243015137E0,-4.101470947E-2,9.799671478E0,9.878275655E0
4.245442854E1,1.253044281E0,-1.422042847E-2,9.810000000E0,9.889712948E0
4.246446054E1,1.248852997E0,1.496887207E-4,9.811646576E0,9.890805951E0
4.247449154E1,1.250649261E0,4.041595459E-3,9.809850311E0,9.889251895E0
4.248452354E1,1.256187744E0,1.047821045E-2,9.770033112E0,9.850465189E0
4.249455454E1,1.237027588E0,2.290237427E-2,9.773775330E0,9.851773747E0
4.250458654E1,1.194066925E0,2.844085693E-2,9.833650818E0,9.905922123E0
4.251461854E1,1.179547119E0,4.640350342E-2,9.773925018E0,9.844952766E0
4.252464954E1,1.170416107E0,5.478607178E-2,9.735005951E0,9.805264721E0
4.253468154E1,1.192869415E0,1.586700439E-2,9.773326263E0,9.845866922E0
4.254471254E1,1.234183502E0,-2.365081787E-2,9.837093658E0,9.914241268E0
4.255474454E1,1.228645020E0,-4.445755005E-2,9.854906616E0,9.931300492E0
4.256477554E1,1.216819611E0,-6.242019653E-2,9.829010468E0,9.904241163E0
4.257480754E1,1.218316498E0,-7.140151978E-2,9.823172607E0,9.898692507E0
4.258483854E1,1.244512024E0,-6.496490479E-2,9.835596771E0,9.914231915E0
4.259487054E1,1.262474670E0,-2.634521484E-2,9.836794281E0,9.917512697E0
4.260490154E1,1.255588989E0,-2.185455322E-2,9.815089417E0,9.895097856E0
4.261493354E1,1.242416382E0,6.885681152E-3,9.770182800E0,9.848863784E0
4.262496454E1,1.206042023E0,3.817062378E-2,9.754315796E0,9.828665779E0
4.263499654E1,1.209634552E0,3.203338623E-2,9.815538483E0,9.889845175E0
4.264502754E1,1.225950623E0,1.706451416E-2,9.816586304E0,9.892856654E0
4.265505954E1,1.248254242E0,1.302291870E-2,9.819430389E0,9.898460558E0
4.266509054E1,1.244811401E0,1.646575928E-2,9.818083191E0,9.896695615E0
4.267512254E1,1.241218872E0,3.143463135E-3,9.829908600E0,9.907963325E0
4.268515354E1,1.235530701E0,4.490661621E-3,9.820478210E0,9.897896168E0
4.269518554E1,1.198856964E0,-4.490661621E-3,9.763297119E0,9.836627919E0
4.270521754E1,1.177601166E0,-7.634124756E-3,9.761351166E0,9.832129951E0
4.271524854E1,1.168170776E0,5.388793945E-3,9.783804474E0,9.853298026E0
4.272528054E1,1.189127197E0,5.688171387E-3,9.806257782E0,9.878094327E0
4.273531154E1,1.189875641E0,-5.388793945E-3,9.814041595E0,9.885911466E0
4.274534354E1,1.194665680E0,1.377136230E-2,9.801018677E0,9.873569914E0
4.275537454E1,1.189576263E0,2.350112915E-2,9.805808716E0,9.877728917E0
4.276540654E1,1.168021088E0,2.604583740E-2,9.806257782E0,9.875608504E0
4.277543754E1,1.173409882E0,2.514770508E-2,9.812395020E0,9.882338750E0
4.278546954E1,1.181193695E0,4.610412598E-2,9.819580078E0,9.890475067E0
4.279550054E1,1.180295563E0,6.256988525E-2,9.827064514E0,9.897889147E0
4.280553254E1,1.199306030E0,4.655319214E-2,9.829758911E0,9.902760343E0
4.281556354E1,1.215173035E0,4.790039063E-2,9.827513580E0,9.902472576E0
4.282559554E1,1.212328949E0,2.095642090E-2,9.830357666E0,9.904852977E0
4.283562654E1,1.225950623E0,-2.514770508E-2,9.852960663E0,9.928968786E0
4.284565854E1,1.228645020E0,-5.583389282E-2,9.863139496E0,9.939527490E0
4.285568954E1,1.244512024E0,-7.649093628E-2,9.844129028E0,9.922778712E0
4.286572154E1,1.234782257E0,-7.933502197E-2,9.816735992E0,9.894406845E0
4.287575254E1,1.244961090E0,-7.903564453E-2,9.815388794E0,9.894343431E0
4.288578454E1,1.258732452E0,-7.544311523E-2,9.841883698E0,9.922337112E0
4.289581554E1,1.288071442E0,-4.326004028E-2,9.823022919E0,9.907208423E0
4.290584754E1,1.280437317E0,-1.541793823E-2,9.780511322E0,9.863982926E0
4.291587954E1,1.237177277E0,-1.422042847E-2,9.736053772E0,9.814354430E0
4.292591054E1,1.196012878E0,-4.191284180E-3,9.763297119E0,9.836281564E0
4.293594254E1,1.188378754E0,-2.739303589E-2,9.812844086E0,9.884579075E0
4.294597354E1,1.185085602E0,-2.918930054E-2,9.774972839E0,9.846591995E0
4.295600554E1,1.186881866E0,-2.065704346E-2,9.760003967E0,9.831927213E0
4.296603679E1,1.196012878E0,-2.589614868E-2,9.775272217E0,9.848201071E0
4.297606879E1,1.215173035E0,-3.951782227E-2,9.865833893E0,9.940467070E0
4.298609979E1,1.238524475E0,-3.278182983E-2,9.783056030E0,9.861196825E0
4.299613179E1,1.243763580E0,-5.748046875E-2,9.794282684E0,9.873106155E0
4.300616279E1,1.244362335E0,-1.022373962E-1,9.781708832E0,9.861070823E0
4.301619479E1,1.231788483E0,-1.100212097E-1,9.794132996E0,9.871901978E0
4.302622579E1,1.243613892E0,-1.308279419E-1,9.800120544E0,9.879577630E0
4.303625779E1,1.252146149E0,-1.113684082E-1,9.839488678E0,9.919466233E0
4.304628879E1,1.238674164E0,-5.598358154E-2,9.825567627E0,9.903495698E0
4.305632079E1,1.198707275E0,2.230361938E-2,9.756561127E0,9.829948199E0
4.306635179E1,1.181792450E0,6.361770630E-2,9.698032837E0,9.769980630E0
4.307638379E1,1.173858948E0,4.625381470E-2,9.716145172E0,9.786907645E0
4.308641479E1,1.213676147E0,2.514770508E-2,9.807604980E0,9.882446947E0
4.309644679E1,1.244661713E0,1.107696533E-2,9.875413971E0,9.953547437E0
4.310647779E1,1.253343658E0,-3.083587646E-2,9.908046112E0,9.987051564E0
4.311650979E1,1.244512024E0,-6.271957397E-2,9.883048096E0,9.961294273E0
4.312654179E1,1.233584747E0,-8.397537231E-2,9.850266266E0,9.927564087E0
4.313657279E1,1.226100311E0,-9.789642334E-2,9.800569611E0,9.877452626E0
4.314660479E1,1.214274902E0,-8.666976929E-2,9.753567352E0,9.829244695E0
4.315663579E1,1.210832062E0,-6.182144165E-2,9.705068207E0,9.780505359E0
4.316666779E1,1.203796692E0,-5.328918457E-2,9.697284393E0,9.771862198E0
4.317669879E1,1.217568054E0,-8.098159790E-2,9.745783539E0,9.821880002E0
4.318673079E1,1.236428833E0,-9.116043091E-2,9.802814941E0,9.880903160E0
4.319676179E1,1.244661713E0,-8.247848511E-2,9.825268250E0,9.904134574E0
4.320679379E1,1.259780273E0,-7.200027466E-2,9.822274475E0,9.902994812E0
4.321682479E1,1.269510040E0,-7.334747314E-2,9.822124786E0,9.904098693E0
4.322685679E1,1.282083893E0,-8.173004150E-2,9.834249573E0,9.917806389E0
4.323688779E1,1.295406189E0,-4.595443726E-2,9.840386810E0,9.925391760E0
4.324691979E1,1.285826111E0,-2.799179077E-2,9.834249573E0,9.917993597E0
4.325695079E1,1.250649261E0,-2.874023438E-2,9.807006226E0,9.886471599E0
4.326698279E1,1.233135681E0,-3.891906738E-3,9.744735718E0,9.822449438E0
4.327701379E1,1.225351868E0,-6.286926270E-3,9.801767120E0,9.878064861E0
4.328704579E1,1.218466187E0,-4.790039062E-3,9.811945953E0,9.887313396E0
4.329707679E1,1.233734436E0,-8.681945801E-3,9.766141205E0,9.843764019E0
4.330710879E1,1.270857239E0,-4.565505981E-2,9.737700348E0,9.820385459E0
4.331713979E1,1.293909302E0,-6.795867920E-2,9.746981049E0,9.832723896E0
4.332717179E1,1.317111053E0,-1.142124939E-1,9.795480194E0,9.884293513E0
4.333720279E1,1.324445801E0,-1.451980591E-1,9.832004242E0,9.921872130E0
4.334723479E1,1.328487396E0,-1.272354126E-1,9.798473969E0,9.888941284E0
4.335726679E1,1.298998718E0,-1.106199646E-1,9.747430115E0,9.834227386E0
4.336729779E1,1.305585022E0,-8.861572266E-2,9.727371826E0,9.814997078E0
4.337732979E1,1.289418640E0,-7.110214233E-2,9.739047546E0,9.824291479E0
4.338736079E1,1.278641052E0,-5.897735596E-2,9.744586029E0,9.828293756E0
4.339739279E1,1.265468445E0,-5.628295898E-2,9.781259766E0,9.862941790E0
4.340742379E1,1.236129456E0,-7.604187012E-2,9.799372101E0,9.877322105E0
4.341745579E1,1.248852997E0,-1.062789917E-1,9.849667511E0,9.929092562E0
4.342748679E1,1.257235565E0,-1.121168518E-1,9.870623932E0,9.951001370E0
4.343751879E1,1.244661713E0,-1.104702759E-1,9.836794281E0,9.915841275E0
4.344754979E1,1.221010895E0,-1.085243225E-1,9.802365875E0,9.878715599E0
4.345758179E1,1.207987976E0,-9.235794067E-2,9.793534241E0,9.868185135E0
4.346761279E1,1.178199921E0,-9.310638428E-2,9.779313812E0,9.850472196E0
4.347764479E1,1.201401672E0,-1.046324158E-1,9.770931244E0,9.845070406E0
4.348767579E1,1.240620117E0,-1.073268127E-1,9.775122528E0,9.854119837E0
4.349770779E1,1.266815643E0,-1.067280579E-1,9.799821167E0,9.881938456E0
4.350773879E1,1.273701324E0,-1.193019104E-1,9.774823151E0,9.858180138E0
4.351777079E1,1.275647278E0,-1.145118713E-1,9.778116302E0,9.861640197E0
4.352780179E1,1.272952881E0,-1.169068909E-1,9.776469727E0,9.859687448E0
4.353783379E1,1.278940430E0,-1.152603149E-1,9.784702606E0,9.868605710E0
4.354786479E1,1.261277161E0,-1.149609375E-1,9.772278442E0,9.854007411E0
4.355789679E1,1.264270935E0,-1.049317932E-1,9.781110077E0,9.863037363E0
4.356792879E1,1.272204437E0,-8.876541138E-2,9.800719299E0,9.883343676E0
4.357795979E1,1.263522491E0,-8.487350464E-2,9.786049805E0,9.867647307E0
4.358799179E1,1.254840546E0,-7.963439941E-2,9.783505096E0,9.863971736E0
4.359802279E1,1.232686615E0,-6.990463257E-2,9.768536224E0,9.846253242E0
4.360805479E1,1.241967316E0,-7.888595581E-2,9.811197510E0,9.889808005E0
4.361808579E1,1.256337433E0,-7.858657837E-2,9.842033386E0,9.922206447E0
4.362811779E1,1.270258484E0,-7.244934082E-2,9.820328522E0,9.902406667E0
4.363814879E1,1.270857239E0,-6.301895142E-2,9.822723541E0,9.904794156E0
4.364818079E1,1.269060974E0,-5.643264771E-2,9.802066498E0,9.884038043E0
4.365821179E1,1.250349884E0,-7.574249268E-2,9.764943695E0,9.844959986E0
4.366824379E1,1.232087860E0,-1.026864624E-1,9.775870972E0,9.853742348E0
4.367827479E1,1.249152374E0,-1.308279419E-1,9.821825409E0,9.901805490E0
4.368830679E1,1.274749146E0,-1.341210938E-1,9.807006226E0,9.890416824E0
4.369833779E1,1.267564087E0,-1.206491089E-1,9.756411438E0,9.839148290E0
4.370836979E1,1.247655487E0,-1.116677856E-1,9.718989258E0,9.799380904E0
4.371840079E1,1.240769806E0,-1.597178650E-1,9.767787781E0,9.847573185E0
4.372843279E1,1.258133698E0,-1.944456482E-1,9.805958405E0,9.888252108E0
4.373846379E1,1.279090118E0,-1.992356873E-1,9.793384552E0,9.878570108E0
4.374849579E1,1.310075684E0,-2.089654541E-1,9.810000000E0,9.899296180E0
4.375852779E1,1.308728485E0,-2.064207458E-1,9.773176575E0,9.862573707E0
4.376855879E1,1.273401947E0,-1.686991882E-1,9.687854004E0,9.772641769E0
4.377859079E1,1.213975525E0,-1.454974365E-1,9.708810425E0,9.785494670E0
4.378862179E1,1.187779999E0,-9.639953613E-2,9.734107819E0,9.806781797E0
4.379865379E1,1.163680115E0,-4.370910645E-2,9.738748169E0,9.808123052E0
4.380868479E1,1.183439026E0,-2.245330811E-2,9.731862488E0,9.803579936E0
4.381871679E1,1.227746887E0,-2.679428101E-2,9.760902100E0,9.837849874E0
4.382874779E1,1.269809418E0,-4.161346436E-2,9.827663269E0,9.909445644E0
4.383877979E1,1.278341675E0,-5.313949585E-2,9.889185333E0,9.971608085E0
4.384881079E1,1.272204437E0,-7.888595581E-2,9.881251831E0,9.963125256E0
4.385884279E1,1.251547394E0,-1.137634277E-1,9.855205994E0,9.935008715E0
4.386887379E1,1.240620117E0,-1.520837402E-1,9.848170624E0,9.927171419E0
4.387890579E1,1.231638794E0,-1.746867371E-1,9.831106110E0,9.909495291E0
4.388893679E1,1.243015137E0,-1.763333130E-1,9.793534241E0,9.873676772E0
4.389896879E1,1.244062958E0,-1.615141296E-1,9.763446808E0,9.843712360E0
4.390899979E1,1.252744904E0,-1.428030396E-1,9.749226379E0,9.830421023E0
4.391903179E1,1.252595215E0,-1.297801208E-1,9.751621399E0,9.832596684E0
4.392906279E1,1.242416382E0,-1.194515991E-1,9.737999725E0,9.817662950E0
4.393909479E1,1.248254242E0,-9.445358276E-2,9.737550659E0,9.817685724E0
4.394912579E1,1.246757355E0,-8.487350464E-2,9.726174316E0,9.806124323E0
4.395915779E1,1.222657471E0,-7.664062500E-2,9.722881165E0,9.799754243E0
4.396919013E1,1.228195953E0,-7.185058594E-2,9.725874939E0,9.803380597E0
4.397922113E1,1.229543152E0,-7.140151978E-2,9.735904083E0,9.813495955E0
4.398925312E1,1.200204163E0,-8.202941895E-2,9.711355133E0,9.785583139E0
4.399928412E1,1.203497314E0,-7.963439941E-2,9.773326263E0,9.847469405E0
4.400931613E1,1.222807159E0,-7.050338745E-2,9.868827667E0,9.944545621E0
4.401934713E1,1.229992218E0,-4.535568237E-2,9.820328522E0,9.897160718E0
4.402937912E1,1.242566071E0,-6.406677246E-2,9.795779572E0,9.874480868E0
4.403941012E1,1.248104553E0,-8.472381592E-2,9.773775330E0,9.853508375E0
4.404944213E1,1.237326965E0,-9.071136475E-2,9.743089142E0,9.821761176E0
4.405947312E1,1.213676147E0,-1.202000427E-1,9.749825134E0,9.825810297E0
4.406950512E1,1.221759338E0,-1.487905884E-1,9.840835876E0,9.917503984E0
4.407953613E1,1.284778290E0,-1.429527283E-1,9.817484436E0,9.902226587E0
4.408956813E1,1.332978058E0,-1.158590698E-1,9.785151672E0,9.876206108E0
4.409959912E1,1.326541443E0,-1.041833496E-1,9.769584045E0,9.859783912E0
4.410963113E1,1.312919769E0,-7.574249268E-2,9.776469727E0,9.864525106E0
4.411966213E1,1.283131714E0,-6.002517700E-2,9.749525757E0,9.833782716E0
4.412969412E1,1.233135681E0,-3.323089600E-2,9.743987274E0,9.821762362E0
4.413972512E1,1.215322723E0,-4.385879517E-2,9.795480194E0,9.870682101E0
4.414975713E1,1.245110779E0,-2.948867798E-2,9.827064514E0,9.905673495E0
4.415978813E1,1.248403931E0,-2.020797729E-2,9.785451050E0,9.864784487E0
4.416982012E1,1.241817627E0,-1.601669312E-2,9.782606964E0,9.861124001E0
4.417985213E1,1.218915253E0,-2.559677124E-2,9.804611206E0,9.880121988E0
4.418988313E1,1.200802917E0,-3.278182983E-2,9.817035370E0,9.890257112E0
4.419991512E1,1.187779999E0,-4.745132446E-2,9.814041595E0,9.885771866E0
4.420994612E1,1.186881866E0,-4.969665527E-2,9.790390778E0,9.862195998E0
4.421997813E1,1.169068909E0,-3.742218018E-2,9.787397003E0,9.857041272E0
4.423000913E1,1.179098053E0,-4.625381470E-2,9.799671478E0,9.870459600E0
4.424004112E1,1.225800934E0,-5.493576050E-2,9.809550934E0,9.885994912E0
4.425007212E1,1.228046265E0,-4.595443726E-2,9.792785797E0,9.869592854E0
4.426010413E1,1.245709534E0,-3.861968994E-2,9.784852295E0,9.863904813E0
4.427013512E1,1.232387238E0,-3.966751099E-2,9.775571594E0,9.853027545E0
4.428016712E1,1.225950623E0,-6.212081909E-2,9.767039337E0,9.843874813E0
4.429019813E1,1.222956848E0,-5.688171387E-2,9.737999725E0,9.814657286E0
4.430023013E1,1.220412140E0,-5.284011841E-2,9.759854279E0,9.836002918E0
4.431026112E1,1.226549377E0,-5.388793945E-2,9.773775330E0,9.850584322E0
4.432029312E1,1.222208405E0,-5.194198608E-2,9.777966614E0,9.854193141E0
4.433032413E1,1.241967316E0,-5.134323120E-2,9.777367859E0,9.856066213E0
4.434035612E1,1.233584747E0,-3.712280273E-2,9.791588287E0,9.869058244E0
4.435038712E1,1.219064941E0,-4.625381470E-2,9.794432373E0,9.870114703E0
4.436041913E1,1.215322723E0,-4.340972900E-2,9.790241089E0,9.865480946E0
4.437045113E1,1.211131439E0,-3.847000122E-2,9.787995758E0,9.862716678E0
4.438048212E1,1.203048248E0,-5.179229736E-2,9.785001984E0,9.858816935E0
4.439051412E1,1.187480621E0,-5.553451538E-2,9.786498871E0,9.858435700E0
4.440054513E1,1.200353851E0,-4.340972900E-2,9.793833618E0,9.867213929E0
4.441057712E1,1.200653229E0,-3.996688843E-2,9.833501129E0,9.906609409E0
4.442060812E1,1.215771790E0,-1.646575928E-2,9.833800507E0,9.908683291E0
4.443064013E1,1.207089844E0,2.439926147E-2,9.787247314E0,9.861433527E0
4.444067113E1,1.153201904E0,1.796264648E-2,9.777218170E0,9.845008504E0
4.445070312E1,1.152004395E0,9.729766846E-3,9.783505096E0,9.851100485E0
4.446073412E1,1.133592682E0,2.544708252E-3,9.822873230E0,9.888067422E0
4.447076613E1,1.142124939E0,-1.901046753E-2,9.812395020E0,9.878659160E0
4.448079712E1,1.122515717E0,2.395019531E-3,9.702074432E0,9.766795563E0
4.449082912E1,1.113833771E0,-2.634521484E-2,9.784702606E0,9.847929977E0
4.450086013E1,1.142274628E0,-4.116439819E-2,9.892029419E0,9.957847752E0
4.451089213E1,1.217717743E0,-3.936813354E-2,9.932295685E0,1.000674192E1
4.452092312E1,1.237776031E0,-3.472778320E-2,9.918973389E0,9.995965617E0
4.453095512E1,1.187330933E0,-8.681945801E-3,9.761650543E0,9.833598093E0
4.454098613E1,1.119222565E0,-3.098556519E-2,9.714348907E0,9.778660131E0
4.455101812E1,1.113384705E0,-6.122268677E-2,9.745783539E0,9.809366468E0
4.456104912E1,1.163231049E0,-8.861572266E-2,9.850715332E0,9.919554011E0
4.457108113E1,1.217717743E0,-7.798782349E-2,9.889933777E0,9.964923919E0
4.458111313E1,1.222657471E0,-4.535568237E-2,9.859696655E0,9.935319147E0
4.459114412E1,1.213676147E0,1.287322998E-2,9.776020660E0,9.851078898E0
4.460117612E1,1.197210388E0,4.849914551E-2,9.740245056E0,9.813665912E0
4.461120713E1,1.181942139E0,8.008346558E-2,9.762398987E0,9.834014163E0
4.462123912E1,1.197360077E0,1.001417542E-1,9.801617432E0,9.874988800E0
4.463127012E1,1.191222839E0,8.652008057E-2,9.851912842E0,9.924045759E0
4.464130213E1,1.182540894E0,8.427474976E-2,9.854906616E0,9.925960387E0
4.465133313E1,1.166973267E0,8.277786255E-2,9.855655060E0,9.924848384E0
4.466136512E1,1.148112488E0,5.014572144E-2,9.839039612E0,9.905926376E0
4.467139612E1,1.157243500E0,4.385879517E-2,9.814640350E0,9.882727423E0
4.468142813E1,1.154399414E0,5.089416504E-3,9.788295135E0,9.856134413E0
4.469145913E1,1.141376495E0,8.232879639E-3,9.780211945E0,9.846590972E0
4.470149112E1,1.136736145E0,1.945953369E-3,9.779762878E0,9.845604847E0
4.471152212E1,1.156195679E0,-2.005828857E-2,9.816885681E0,9.884757724E0
4.472155413E1,1.140478363E0,-3.068618774E-2,9.817334747E0,9.883404984E0
4.473158512E1,1.152303772E0,-5.448669434E-2,9.825417938E0,9.892907077E0
4.474161712E1,1.150357819E0,-6.107299805E-2,9.835447083E0,9.902680058E0
4.475164813E1,1.171763306E0,-4.221221924E-2,9.819430389E0,9.889187241E0
4.476168013E1,1.181792450E0,-2.050735474E-2,9.823621674E0,9.894473040E0
4.477171212E1,1.185834045E0,2.544708252E-3,9.817634125E0,9.888991287E0
4.478174313E1,1.190025330E0,3.817062378E-2,9.812844086E0,9.884812913E0
4.479177513E1,1.192719727E0,7.095245361E-2,9.753417664E0,9.826330481E0
4.480180612E1,1.164727936E0,9.924362183E-2,9.761500854E0,9.831243024E0
4.481183812E1,1.142274628E0,1.188528442E-1,9.797875214E0,9.864951902E0
4.482186913E1,1.122665405E0,1.431024170E-1,9.756112061E0,9.821536461E0
4.483190112E1,1.124761047E0,1.460961914E-1,9.794282684E0,9.859736549E0
4.484193212E1,1.165326691E0,1.101708984E-1,9.843679962E0,9.913029765E0
4.485196413E1,1.180744629E0,8.562194824E-2,9.833351440E0,9.904357099E0
4.486199513E1,1.157692566E0,5.568420410E-2,9.806557159E0,9.874812207E0
4.487202712E1,1.130598907E0,2.350112915E-2,9.813742218E0,9.878681213E0
4.488205812E1,1.145418091E0,-6.436614990E-3,9.850266266E0,9.916641041E0
4.489209013E1,1.177601166E0,-1.137634277E-2,9.850565643E0,9.920711538E0
4.490212113E1,1.204245758E0,-1.781295776E-2,9.844129028E0,9.917530009E0
4.491215312E1,1.201850739E0,-4.640350342E-3,9.800719299E0,9.874136191E0
4.492218412E1,1.195863190E0,-3.367996216E-2,9.818532257E0,9.891147496E0
4.493221613E1,1.196461945E0,-4.834945679E-2,9.872869263E0,9.945220276E0
4.494224712E1,1.215322723E0,-6.721023560E-2,9.887239380E0,9.961878793E0
4.495227912E1,1.222507782E0,-7.634124756E-2,9.844129028E0,9.920041814E0
4.496231079E1,1.222956848E0,-6.750961304E-2,9.817634125E0,9.893741497E0
4.497234179E1,1.205143890E0,-6.436614990E-2,9.783056030E0,9.857215636E0
4.498237379E1,1.201401672E0,-6.167175293E-2,9.785451050E0,9.859118705E0
4.499240479E1,1.183888092E0,-4.700225830E-2,9.799821167E0,9.871185093E0
4.500243679E1,1.169368286E0,-4.939727783E-2,9.793534241E0,9.863223368E0
4.501246779E1,1.155147858E0,-4.984634399E-2,9.805209961E0,9.873145072E0
4.502249979E1,1.156195679E0,-2.604583740E-2,9.805509338E0,9.873473564E0
4.503253079E1,1.155746613E0,-1.975891113E-2,9.805359650E0,9.873257745E0
4.504256279E1,1.164877625E0,-1.945953369E-3,9.825417938E0,9.894229699E0
4.505259379E1,1.177900543E0,1.197509766E-2,9.818532257E0,9.888941742E0
4.506262579E1,1.181193695E0,7.035369873E-3,9.805509338E0,9.876400226E0
4.507265679E1,1.168021088E0,-7.634124756E-3,9.816436615E0,9.885684567E0
4.508268879E1,1.170416107E0,-1.422042847E-2,9.839638367E0,9.909014041E0
4.509271979E1,1.172960815E0,-2.065704346E-2,9.855505371E0,9.925081859E0
4.510275179E1,1.183139648E0,-2.799179077E-2,9.866881714E0,9.937603218E0
4.511278279E1,1.176403656E0,-2.844085693E-2,9.832902374E0,9.903065361E0
4.512281479E1,1.166374512E0,-2.739303589E-2,9.807604980E0,9.876755304E0
4.513284579E1,1.169967041E0,-4.400848389E-2,9.800868988E0,9.870551785E0
4.514287779E1,1.185085602E0,-4.969665527E-2,9.807904358E0,9.879366657E0
4.515290979E1,1.199755096E0,-5.882766724E-2,9.807155914E0,9.880444328E0
4.516294079E1,1.217717743E0,-7.214996338E-2,9.768536224E0,9.844406640E0
4.517297279E1,1.198258209E0,-6.047424316E-2,9.741891632E0,9.815494508E0
4.518300379E1,1.191671906E0,-6.661148071E-2,9.731712799E0,9.804629163E0
4.519303579E1,1.209634552E0,-8.113128662E-2,9.769134979E0,9.844074171E0
4.520306679E1,1.229842529E0,-7.379653931E-2,9.808353424E0,9.885431476E0
4.521309879E1,1.258732452E0,-5.792953491E-2,9.809401245E0,9.890000809E0
4.522312979E1,1.245410156E0,-3.577560425E-2,9.791438599E0,9.870389870E0
4.523316179E1,1.212328949E0,-3.996688843E-2,9.758357391E0,9.833457063E0
4.524319279E1,1.178648987E0,-2.709365845E-2,9.779912567E0,9.850717604E0
4.525322479E1,1.176852722E0,-4.550537109E-2,9.801767120E0,9.872268825E0
4.526325579E1,1.187929688E0,-6.706054688E-2,9.825268250E0,9.897048562E0
4.527328779E1,1.180594940E0,-3.397933960E-2,9.777218170E0,9.848297018E0
4.528331879E1,1.184786224E0,-7.185058594E-3,9.751621399E0,9.823333952E0
4.529335079E1,1.191222839E0,-3.143463135E-2,9.797875214E0,9.870073895E0
4.530338179E1,1.194515991E0,-7.095245361E-2,9.821675720E0,9.894302232E0
4.531341379E1,1.242266693E0,-7.244934082E-2,9.853409729E0,9.931674518E0
4.532344479E1,1.278641052E0,-1.233435059E-1,9.853409729E0,9.936791225E0
4.533347679E1,1.284029846E0,-1.028361511E-1,9.836644592E0,9.920629252E0
4.534350779E1,1.250499573E0,-8.128097534E-2,9.752369843E0,9.832551720E0
4.535353979E1,1.222058716E0,-5.298980713E-2,9.772727509E0,9.848981591E0
4.536357179E1,1.197958832E0,-5.987548828E-4,9.787247314E0,9.860289839E0
4.537360279E1,1.186283112E0,6.301895142E-2,9.737700348E0,9.809895365E0
4.538363479E1,1.173260193E0,8.113128662E-2,9.671088867E0,9.742334507E0
4.539366579E1,1.178050232E0,7.200027466E-2,9.709858246E0,9.781325756E0
4.540369779E1,1.224753113E0,5.673202515E-2,9.793384552E0,9.869833823E0
4.541372879E1,1.235381012E0,1.781295776E-2,9.877958679E0,9.954925977E0
4.542376079E1,1.246457977E0,-2.140548706E-2,9.908495178E0,9.986610655E0
4.543379179E1,1.241218872E0,-6.571334839E-2,9.899962921E0,9.977685522E0
4.544382379E1,1.227447510E0,-9.071136475E-2,9.865833893E0,9.942310312E0
4.545385479E1,1.226699066E0,-1.133143616E-1,9.826615448E0,9.903534819E0
4.546388679E1,1.224154358E0,-1.043330383E-1,9.778415680E0,9.855295657E0
4.547391779E1,1.217268677E0,-1.055305481E-1,9.722132721E0,9.798609308E0
4.548394979E1,1.212179260E0,-8.337661743E-2,9.729916534E0,9.805488564E0
4.549398079E1,1.222358093E0,-7.589218140E-2,9.740544434E0,9.817236108E0
4.550401279E1,1.237027588E0,-6.691085815E-2,9.781259766E0,9.859399420E0
4.551404379E1,1.239721985E0,-6.511459351E-2,9.805659027E0,9.883931377E0
4.552407579E1,1.247505798E0,-7.304809570E-2,9.834998016E0,9.914070442E0
4.553410679E1,1.258582764E0,-5.792953491E-2,9.835297394E0,9.915667463E0
4.554413879E1,1.257085876E0,-6.137237549E-2,9.829010468E0,9.909262245E0
4.555417079E1,1.257684631E0,-6.391708374E-2,9.834249573E0,9.914550957E0
4.556420179E1,1.257984009E0,-4.326004028E-2,9.815388794E0,9.895769418E0
4.557423379E1,1.240320740E0,-1.571731567E-2,9.740544434E0,9.819208137E0
4.558426479E1,1.242566071E0,1.916015625E-2,9.838440857E0,9.916615151E0
4.559429679E1,1.241518250E0,2.350112915E-2,9.826465759E0,9.904612521E0
4.560432779E1,1.238225098E0,2.439926147E-2,9.741592255E0,9.820000834E0
4.561435979E1,1.215322723E0,-1.212478638E-2,9.766440582E0,9.841774128E0
4.562439079E1,1.223555603E0,-2.290237427E-2,9.794582062E0,9.870737085E0
4.563442279E1,1.224154358E0,-4.430786133E-2,9.777517548E0,9.853951820E0
4.564445379E1,1.222208405E0,-5.718109131E-2,9.779313812E0,9.855558924E0
4.565448579E1,1.244961090E0,-7.903564453E-2,9.858199768E0,9.936814249E0
4.566451679E1,1.315913544E0,-8.502319336E-2,9.872120819E0,9.959800543E0
4.567454879E1,1.344803467E0,-6.271957397E-2,9.802814941E0,9.894827481E0
4.568457979E1,1.290466461E0,-5.269042969E-2,9.739047546E0,9.824313059E0
4.569461179E1,1.234333191E0,-5.194198608E-2,9.718839569E0,9.797046441E0
4.570464279E1,1.213975525E0,-5.718109131E-2,9.757608948E0,9.833002524E0
4.571467479E1,1.226399689E0,-6.810836792E-2,9.818681946E0,9.895211473E0
4.572470579E1,1.251098328E0,-8.038284302E-2,9.819430389E0,9.899137417E0
4.573473779E1,1.282083893E0,-7.304809570E-2,9.781259766E0,9.865197298E0
4.574476979E1,1.256337433E0,-8.981323242E-2,9.759255524E0,9.840199111E0
4.575480079E1,1.240171051E0,-1.137634277E-1,9.767937469E0,9.847008112E0
4.576483279E1,1.228944397E0,-1.092727661E-1,9.781259766E0,9.858767036E0
4.577486379E1,1.212778015E0,-1.067280579E-1,9.770332489E0,9.845893476E0
4.578489579E1,1.205443268E0,-1.182540894E-1,9.761051788E0,9.835914269E0
4.579492679E1,1.210083618E0,-1.166075134E-1,9.771080933E0,9.846416722E0
4.580495879E1,1.230890350E0,-1.106199646E-1,9.791588287E0,9.869271960E0
4.581498979E1,1.222807159E0,-1.187031555E-1,9.804461517E0,9.881134218E0
4.582502179E1,1.237925720E0,-1.137634277E-1,9.803413696E0,9.881918959E0
4.583505279E1,1.242865448E0,-9.729766846E-2,9.788444824E0,9.867514045E0
4.584508479E1,1.240620117E0,-9.639953613E-2,9.774673462E0,9.853561409E0
4.585511579E1,1.236728210E0,-8.846603394E-2,9.758507080E0,9.836960066E0
4.586514779E1,1.222507782E0,-8.472381592E-2,9.749974823E0,9.826683695E0
4.587517879E1,1.226250000E0,-7.035369873E-2,9.752519531E0,9.829561329E0
4.588521079E1,1.225501556E0,-6.406677246E-2,9.747130737E0,9.824078391E0
4.589524179E1,1.228645020E0,-6.256988525E-2,9.783355408E0,9.860401950E0
4.590527379E1,1.239123230E0,-6.810836792E-2,9.773475952E0,9.851948910E0
4.591530479E1,1.253493347E0,-6.107299805E-2,9.762698364E0,9.843030775E0
4.592533679E1,1.244212646E0,-6.721023560E-2,9.767937469E0,9.847090166E0
4.593536879E1,1.230740662E0,-8.382568359E-2,9.806108093E0,9.883395432E0
4.594539979E1,1.254690857E0,-9.325607300E-2,9.820927277E0,9.901189747E0
4.595543179E1,1.265019379E0,-9.580078125E-2,9.795629883E0,9.877439781E0
4.596546379E1,1.251697083E0,-7.080276489E-2,9.792636108E0,9.872562006E0
4.597549579E1,1.236877899E0,-8.337661743E-2,9.762548676E0,9.840943819E0
4.598552679E1,1.225052490E0,-1.067280579E-1,9.756112061E0,9.833303973E0
4.599555879E1,1.230590973E0,-1.390608215E-1,9.784103851E0,9.862169144E0
4.600558979E1,1.233734436E0,-1.207987976E-1,9.805958405E0,9.884002896E0
4.601562179E1,1.236428833E0,-1.085243225E-1,9.748328247E0,9.827025867E0
4.602565279E1,1.203497314E0,-8.307723999E-2,9.650132446E0,9.725243639E0
4.603568479E1,1.185085602E0,-1.035845947E-1,9.738598480E0,9.810986597E0
4.604571579E1,1.224902802E0,-1.932481384E-1,9.847571869E0,9.925341477E0
4.605574779E1,1.294058990E0,-1.893562317E-1,9.873468018E0,9.959709592E0
4.606577879E1,1.301992493E0,-1.685494995E-1,9.819879456E0,9.907251178E0
4.607581079E1,1.241218872E0,-1.540296936E-1,9.781110077E0,9.860753712E0
4.608584179E1,1.200952606E0,-1.181044006E-1,9.722881165E0,9.797482021E0
4.609587379E1,1.169667664E0,-8.861572266E-2,9.694140930E0,9.764852460E0
4.610590479E1,1.164428558E0,-4.969665527E-2,9.737999725E0,9.807497248E0
4.611593679E1,1.172062683E0,-1.571731567E-2,9.766889648E0,9.836976739E0
4.612596879E1,1.199755096E0,2.544708252E-2,9.765841827E0,9.839295018E0
4.613599979E1,1.208886108E0,4.415817261E-2,9.754914551E0,9.829634452E0
4.614603179E1,1.220412140E0,2.215393066E-2,9.784852295E0,9.860691204E0
4.615606279E1,1.258582764E0,5.089416504E-3,9.846374359E0,9.926487017E0
4.616609479E1,1.260379028E0,-2.125579834E-2,9.872869263E0,9.953017361E0
4.617612579E1,1.261277161E0,-3.697311401E-2,9.878258057E0,9.958522447E0
4.618615779E1,1.238823853E0,-6.167175293E-2,9.856553192E0,9.934290552E0
4.619618879E1,1.236129456E0,-8.801696777E-2,9.824819183E0,9.902668075E0
4.620622079E1,1.238374786E0,-1.071771240E-1,9.792636108E0,9.871209703E0
4.621625179E1,1.226399689E0,-1.128652954E-1,9.739346924E0,9.816907521E0
4.622628379E1,1.230590973E0,-1.079255676E-1,9.721234589E0,9.799408349E0
4.623631479E1,1.220112762E0,-9.220825195E-2,9.711355133E0,9.788135473E0
4.624634679E1,1.214873657E0,-1.017883301E-1,9.751471710E0,9.827384158E0
4.625637779E1,1.218615875E0,-9.610015869E-2,9.780062256E0,9.856159375E0
4.626640979E1,1.224603424E0,-8.068222046E-2,9.796078949E0,9.872655466E0
4.627644079E1,1.219813385E0,-7.529342651E-2,9.803264008E0,9.879149710E0
4.628647279E1,1.216520233E0,-6.586303711E-2,9.822573853E0,9.897838982E0
4.629650379E1,1.215472412E0,-4.535568237E-2,9.814041595E0,9.889127502E0
4.630653579E1,1.196012878E0,-3.847000122E-2,9.811047821E0,9.883753644E0
4.631656779E1,1.191971283E0,-1.736389160E-2,9.817185059E0,9.889298232E0
4.632659879E1,1.177152100E0,4.490661621E-3,9.740843811E0,9.811714701E0
4.633663079E1,1.157393188E0,8.382568359E-3,9.818981323E0,9.886962298E0
4.634666179E1,1.167871399E0,3.128494263E-2,9.846374359E0,9.915442016E0
4.635669379E1,1.166224823E0,5.328918457E-2,9.785001984E0,9.854399215E0
4.636672479E1,1.164877625E0,4.326004028E-2,9.743238831E0,9.812722060E0
4.637675679E1,1.188977509E0,2.933898926E-2,9.691296844E0,9.764003422E0
4.638678779E1,1.211730194E0,1.032852173E-2,9.766440582E0,9.841329097E0
4.639681979E1,1.228195953E0,-5.029541016E-2,9.840237122E0,9.916716268E0
4.640685079E1,1.257235565E0,-7.783813477E-2,9.854906616E0,9.935083515E0
4.641688279E1,1.287921753E0,-9.804611206E-2,9.856253815E0,9.940527890E0
4.642691379E1,1.288969574E0,-9.086105347E-2,9.836943970E0,9.921449741E0
4.643694579E1,1.290765839E0,-8.187973022E-2,9.821076965E0,9.905873687E0
4.644697679E1,1.247056732E0,-6.047424316E-2,9.762249298E0,9.841764018E0
4.645700879E1,1.195563812E0,-3.951782227E-2,9.702972565E0,9.776431408E0
4.646703979E1,1.164727936E0,-2.694396973E-2,9.750124512E0,9.819482936E0
4.647707179E1,1.171763306E0,-2.529739380E-2,9.797875214E0,9.867726582E0
4.648710379E1,1.199006653E0,-2.335144043E-2,9.793234863E0,9.866387958E0
4.649713479E1,1.219813385E0,-1.796264648E-3,9.759554901E0,9.835489809E0
4.650716679E1,1.201251984E0,-1.466949463E-2,9.773775330E0,9.847329877E0
4.651719779E1,1.197958832E0,-1.137634277E-2,9.776469727E0,9.849598728E0
4.652722979E1,1.175954590E0,-1.077758789E-2,9.757908325E0,9.828517703E0
4.653726079E1,1.165027313E0,-4.939727783E-3,9.740993500E0,9.810416271E0
4.654729279E1,1.165775757E0,-6.735992432E-3,9.703571320E0,9.773350236E0
4.655732379E1,1.172661438E0,-3.308120728E-2,9.748777313E0,9.819108326E0
4.656735579E1,1.201401672E0,-4.086502075E-2,9.779762878E0,9.853364800E0
4.657738679E1,1.226848755E0,-3.233276367E-2,9.808802490E0,9.885282473E0
4.658741879E1,1.228794708E0,-2.694396973E-2,9.856104126E0,9.932444360E0
4.659744979E1,1.236728210E0,-5.777984619E-2,9.868079224E0,9.945442310E0
4.660748179E1,1.196012878E0,-5.748046875E-2,9.884544983E0,9.956805729E0
4.661751279E1,1.153650970E0,-6.316864014E-2,9.872420197E0,9.939797854E0
4.662754479E1,1.099463654E0,-5.613327026E-2,9.870773621E0,9.931975792E0
4.663757579E1,1.057700500E0,-5.643264771E-2,9.859097900E0,9.915832108E0
4.664760779E1,1.049317932E0,-4.176315308E-2,9.846074982E0,9.901919250E0
4.665763979E1,1.049467621E0,-3.263214111E-2,9.848320312E0,9.904133487E0
4.666767079E1,1.068927155E0,-3.233276367E-2,9.853559418E0,9.911421889E0
4.667770279E1,1.106648712E0,-4.685256958E-2,9.840835876E0,9.902975173E0
4.668773379E1,1.136586456E0,-4.745132446E-2,9.850415955E0,9.915884977E0
4.669776579E1,1.147364044E0,-5.119354248E-2,9.843829651E0,9.910602768E0
4.670779679E1,1.159638519E0,-4.430786133E-2,9.818083191E0,9.886429195E0
4.671782879E1,1.159638519E0,-4.206253052E-2,9.796078949E0,9.864567579E0
4.672785979E1,1.197958832E0,-3.667373657E-2,9.803264008E0,9.876256149E0
4.673789179E1,1.241069183E0,-1.392105103E-2,9.785900116E0,9.864293568E0
4.674792279E1,1.231638794E0,1.347198486E-3,9.769134979E0,9.846468107E0
4.675795479E1,1.209933929E0,5.837860107E-3,9.760752411E0,9.835459411E0
4.676798579E1,1.210532684E0,2.844085693E-3,9.809550934E0,9.883961098E0
4.677801779E1,1.212478638E0,-1.691482544E-2,9.850865021E0,9.925216986E0
4.678804879E1,1.188678131E0,-3.742218018E-2,9.821675720E0,9.893415491E0
4.679808079E1,1.147962799E0,-2.754272461E-2,9.750872955E0,9.818253438E0
4.680811179E1,1.126856689E0,-6.885681152E-2,9.811347198E0,9.876086325E0
4.681814379E1,1.160836029E0,-1.026864624E-1,9.894723816E0,9.963114181E0
4.682817479E1,1.197509766E0,-8.053253174E-2,9.862690430E0,9.935450550E0
4.683820679E1,1.214125214E0,-6.990463257E-2,9.868528290E0,9.943180442E0
4.684823879E1,1.196461945E0,-5.822891235E-2,9.739047546E0,9.812438988E0
4.685826979E1,1.143921204E0,-7.394622803E-2,9.724677429E0,9.792005661E0
4.686830179E1,1.144669647E0,-9.445358276E-2,9.774074707E0,9.841327474E0
4.687833279E1,1.191222839E0,-1.173559570E-1,9.864935760E0,9.937290467E0
4.688836479E1,1.216220856E0,-8.412506104E-2,9.891131287E0,9.965979547E0
4.689839579E1,1.202748871E0,-4.924758911E-2,9.826316071E0,9.899773618E0
4.690842779E1,1.173858948E0,1.676513672E-2,9.757159882E0,9.827532491E0
4.691845879E1,1.148262177E0,6.421646118E-2,9.730515289E0,9.798242576E0
4.692849079E1,1.153052216E0,9.834548950E-2,9.750124512E0,9.818560446E0
4.693852179E1,1.133892059E0,1.203497314E-1,9.789043579E0,9.855230563E0
4.694855379E1,1.169368286E0,1.203497314E-1,9.834848328E0,9.904854763E0
4.695858479E1,1.179247742E0,1.284329224E-1,9.864636383E0,9.935701848E0
4.696861550E1,1.170416107E0,1.287322998E-1,9.872869263E0,9.942836283E0
4.697864650E1,1.157842255E0,1.133143616E-1,9.873917084E0,9.942216926E0
4.698867850E1,1.164578247E0,9.954299927E-2,9.802216187E0,9.871656065E0
4.699870950E1,1.147513733E0,7.065307617E-2,9.779912567E0,9.847256950E0
4.700874150E1,1.140178986E0,4.490661621E-3,9.770631866E0,9.836934246E0
4.701877250E1,1.137484589E0,-2.604583740E-2,9.795031128E0,9.860891662E0
4.702880450E1,1.163081360E0,-7.319778442E-2,9.847122803E0,9.915843063E0
4.703883650E1,1.178499298E0,-1.076261902E-1,9.854756927E0,9.925556815E0
4.704886750E1,1.218615875E0,-1.392105103E-1,9.854158173E0,9.930198261E0
4.705889950E1,1.221909027E0,-1.682501221E-1,9.846524048E0,9.923477495E0
4.706893050E1,1.256038055E0,-1.570234680E-1,9.834399261E0,9.915528065E0
4.707896250E1,1.270408173E0,-1.628613281E-1,9.834249573E0,9.917304341E0
4.708899350E1,1.295106812E0,-1.502874756E-1,9.835447083E0,9.921487151E0
4.709902550E1,1.299447784E0,-1.300794983E-1,9.811945953E0,9.898473044E0
4.710905650E1,1.298399963E0,-1.052311707E-1,9.754315796E0,9.840914221E0
4.711908850E1,1.279239807E0,-6.810836792E-2,9.755662994E0,9.839413280E0
4.712911950E1,1.252295837E0,-4.041595459E-2,9.792935486E0,9.872763734E0
4.713915150E1,1.257385254E0,-8.981323242E-3,9.748927002E0,9.829683415E0
4.714918250E1,1.270857239E0,1.676513672E-2,9.774972839E0,9.857253837E0
4.715921450E1,1.305135956E0,-7.783813477E-3,9.811796265E0,9.898221375E0
4.716924550E1,1.320703583E0,-3.143463135E-3,9.841584320E0,9.929806129E0
4.717927750E1,1.294807434E0,5.987548828E-3,9.834998016E0,9.919866336E0
4.718930850E1,1.264570312E0,5.688171387E-3,9.826016693E0,9.907056802E0
4.719934050E1,1.251846771E0,1.062789917E-2,9.783654785E0,9.863424063E0
4.720937250E1,1.235830078E0,2.260299683E-2,9.756561127E0,9.834544824E0
4.721940350E1,1.232087860E0,1.212478638E-2,9.751322021E0,9.828858971E0
4.722943550E1,1.235979767E0,-2.020797729E-2,9.798623657E0,9.876288773E0
4.723946650E1,1.247505798E0,-4.221221924E-2,9.844578094E0,9.923395107E0
4.724949850E1,1.265019379E0,-9.475296021E-2,9.867630157E0,9.948837976E0
4.725952950E1,1.266965332E0,-1.254391479E-1,9.876012726E0,9.957738875E0
4.726956150E1,1.265468445E0,-1.420545959E-1,9.855056305E0,9.936987706E0
4.727959250E1,1.268611908E0,-1.589694214E-1,9.816137238E0,9.899050344E0
4.728962450E1,1.244062958E0,-1.598675537E-1,9.773925018E0,9.854078371E0
4.729965550E1,1.236279144E0,-1.612147522E-1,9.745933228E0,9.825354487E0
4.730968750E1,1.231938171E0,-1.682501221E-1,9.738897858E0,9.817948423E0
4.731971850E1,1.219364319E0,-1.589694214E-1,9.705068207E0,9.782661679E0
4.732975050E1,1.241218872E0,-1.505868530E-1,9.708511047E0,9.788691815E0
4.733978150E1,1.267115021E0,-1.538800049E-1,9.746232605E0,9.829461304E0
4.734981350E1,1.294657745E0,-1.475930786E-1,9.777367859E0,9.863814913E0
4.735984450E1,1.323098602E0,-1.252894592E-1,9.782457275E0,9.872322812E0
4.736987650E1,1.305884399E0,-1.089733887E-1,9.797575836E0,9.884821775E0
4.737990750E1,1.275647278E0,-9.325607300E-2,9.785001984E0,9.868243840E0
4.738993950E1,1.251846771E0,-8.876541138E-2,9.783954163E0,9.864114694E0
4.739997150E1,1.257235565E0,-8.517288208E-2,9.796078949E0,9.876793936E0
4.741000250E1,1.262175293E0,-6.631210327E-2,9.805808716E0,9.886929166E0
4.742003450E1,1.270408173E0,-5.089416504E-2,9.825717316E0,9.907635839E0
4.743006550E1,1.272054749E0,-2.365081787E-2,9.822274475E0,9.904330291E0
4.744009750E1,1.270557861E0,-1.377136230E-2,9.818681946E0,9.900556655E0
4.745012850E1,1.256187744E0,-2.948867798E-2,9.825567627E0,9.905587132E0
4.746016050E1,1.273701324E0,-1.751358032E-2,9.820328522E0,9.902599359E0
4.747019150E1,1.290316772E0,-2.679428101E-2,9.823471985E0,9.907887623E0
4.748022350E1,1.308429108E0,-3.412902832E-2,9.794731750E0,9.881797488E0
4.749025450E1,1.316212921E0,-4.236190796E-2,9.769134979E0,9.857495079E0
4.750028650E1,1.326242065E0,-7.140151978E-2,9.756860504E0,9.846844321E0
4.751031750E1,1.303190002E0,-1.085243225E-1,9.760453033E0,9.847665974E0
4.752034950E1,1.310375061E0,-1.469943237E-1,9.782307587E0,9.870776659E0
4.753038050E1,1.308279419E0,-1.372645569E-1,9.743089142E0,9.831491373E0
4.754041250E1,1.297202454E0,-1.502874756E-1,9.712552643E0,9.799948947E0
4.755044350E1,1.284329224E0,-1.580712891E-1,9.682914276E0,9.768997746E0
4.756047550E1,1.287173309E0,-1.941462708E-1,9.755662994E0,9.842127228E0
4.757050750E1,1.300495605E0,-2.183958435E-1,9.765392761E0,9.854028686E0
4.758053850E1,1.346300354E0,-2.389031982E-1,9.834548950E0,9.929146612E0
4.759057050E1,1.356479187E0,-2.275268555E-1,9.857002258E0,9.952502086E0
4.760060150E1,1.333127747E0,-1.673519897E-1,9.782157898E0,9.873998654E0
4.761063350E1,1.281784515E0,-1.281335449E-1,9.728719025E0,9.813631520E0
4.762066450E1,1.229094086E0,-9.056167603E-2,9.755213928E0,9.832755081E0
4.763069650E1,1.182690582E0,-1.556762695E-2,9.751471710E0,9.822942527E0
4.764072750E1,1.167572021E0,5.074447632E-2,9.726473694E0,9.796432511E0
4.765075950E1,1.191671906E0,7.095245361E-2,9.740694122E0,9.813574179E0
4.766079050E1,1.244212646E0,6.002517700E-2,9.787995758E0,9.866941223E0
4.767082250E1,1.279688873E0,2.514770508E-2,9.836494904E0,9.919418733E0
4.768085350E1,1.298100586E0,-1.002914429E-2,9.906249847E0,9.990943487E0
4.769088550E1,1.273701324E0,-5.433700562E-2,9.910291443E0,9.991953966E0
4.770091650E1,1.278191986E0,-9.220825195E-2,9.891280975E0,9.973951897E0
4.771094850E1,1.275048523E0,-1.398092651E-1,9.851763153E0,9.934914826E0
4.772097950E1,1.308429108E0,-1.508862305E-1,9.810000000E0,9.898022701E0
4.773101150E1,1.298998718E0,-1.402583313E-1,9.763596497E0,9.850628742E0
4.774104350E1,1.306632843E0,-1.499880981E-1,9.707463226E0,9.796153740E0
4.775107450E1,1.301244049E0,-1.348695374E-1,9.701475677E0,9.789282721E0
4.776110650E1,1.298849030E0,-1.287322998E-1,9.732311554E0,9.819443415E0
4.777113750E1,1.303788757E0,-1.336720276E-1,9.774074707E0,9.861555137E0
4.778116950E1,1.322499847E0,-1.499880981E-1,9.805359650E0,9.895280700E0
4.779120050E1,1.323397980E0,-1.428030396E-1,9.809700623E0,9.899596013E0
4.780123250E1,1.322948914E0,-1.493893433E-1,9.816735992E0,9.906604693E0
4.781126350E1,1.300794983E0,-1.320254517E-1,9.815388794E0,9.902088441E0
4.782129550E1,1.289119263E0,-1.137634277E-1,9.795330505E0,9.880448892E0
4.783132650E1,1.273551636E0,-7.229965210E-2,9.738897858E0,9.822081882E0
4.784135850E1,1.258283386E0,-5.553451538E-2,9.787097626E0,9.867808323E0
4.785138950E1,1.255289612E0,-4.490661621E-2,9.847871246E0,9.927655146E0
4.786142150E1,1.264570312E0,-3.367996216E-2,9.763446808E0,9.845057947E0
4.787145250E1,1.267564087E0,-4.790039063E-2,9.754315796E0,9.836447011E0
4.788148450E1,1.260678406E0,-6.137237549E-2,9.768236847E0,9.849443015E0
4.789151650E1,1.249601440E0,-8.816665649E-2,9.786049805E0,9.865903299E0
4.790154750E1,1.245709534E0,-1.115180969E-1,9.774224396E0,9.853917549E0
4.791157950E1,1.256636810E0,-1.284329224E-1,9.800120544E0,9.881193945E0
4.792161050E1,1.324745178E0,-1.648072815E-1,9.881700897E0,9.971465482E0
4.793164250E1,1.380279694E0,-1.444496155E-1,9.859247589E0,9.956445186E0
4.794167350E1,1.363364868E0,-1.234931946E-1,9.754166107E0,9.849759935E0
4.795170550E1,1.303938446E0,-1.179547119E-1,9.703122253E0,9.791054604E0
4.796173650E1,1.231489105E0,-1.151106262E-1,9.682165833E0,9.760847867E0
4.797176838E1,1.240620117E0,-1.172062683E-1,9.738299103E0,9.817705689E0
4.798179937E1,1.294508057E0,-1.354682922E-1,9.779164124E0,9.865401853E0
4.799183137E1,1.324595490E0,-1.064286804E-1,9.755064240E0,9.845159145E0
4.800186238E1,1.312321014E0,-1.136137390E-1,9.740095367E0,9.828761483E0
4.801189437E1,1.275198212E0,-1.163081360E-1,9.742939453E0,9.826725154E0
4.802192537E1,1.253193970E0,-1.359173584E-1,9.775421906E0,9.856360489E0
4.803195738E1,1.241967316E0,-1.489402771E-1,9.793384552E0,9.872945204E0
4.804198838E1,1.231938171E0,-1.556762695E-1,9.787995758E0,9.866446560E0
4.805202037E1,1.226549377E0,-1.628613281E-1,9.775272217E0,9.853268194E0
4.806205237E1,1.228794708E0,-1.664538574E-1,9.790091400E0,9.868309528E0
4.807208338E1,1.247655487E0,-1.528321838E-1,9.814640350E0,9.894805056E0
4.808211537E1,1.265767822E0,-1.363664246E-1,9.805209961E0,9.887512648E0
4.809214637E1,1.262175293E0,-1.338217163E-1,9.786049805E0,9.868017303E0
4.810217838E1,1.264570312E0,-1.294807434E-1,9.782157898E0,9.864406545E0
4.811220938E1,1.241069183E0,-1.160087585E-1,9.778116302E0,9.857244502E0
4.812224137E1,1.251248016E0,-1.002914429E-1,9.774972839E0,9.855240940E0
4.813227237E1,1.234782257E0,-8.173004150E-2,9.760303345E0,9.838439328E0
4.814230438E1,1.227896576E0,-8.008346558E-2,9.748028870E0,9.825386008E0
4.815233538E1,1.228645020E0,-8.801696777E-2,9.762099609E0,9.839507323E0
4.816236737E1,1.229992218E0,-6.481521606E-2,9.786798248E0,9.864000295E0
4.817239837E1,1.249302063E0,-5.119354248E-2,9.799970856E0,9.879413201E0
4.818243038E1,1.255439301E0,-5.134323120E-2,9.803413696E0,9.883606835E0
4.819246137E1,1.241667938E0,-4.460723877E-2,9.773925018E0,9.852580339E0
4.820249337E1,1.207987976E0,-6.601272583E-2,9.763746185E0,9.838411061E0
4.821252438E1,1.204545135E0,-1.016386414E-1,9.800868988E0,9.875135053E0
4.822255638E1,1.212628326E0,-1.155596924E-1,9.825118561E0,9.900342228E0
4.823258737E1,1.230740662E0,-1.239422607E-1,9.753866730E0,9.831988631E0
4.824261937E1,1.203048248E0,-1.064286804E-1,9.674531708E0,9.749626450E0
4.825265138E1,1.222208405E0,-1.296304321E-1,9.741592255E0,9.818819536E0
4.826268237E1,1.303190002E0,-1.634600830E-1,9.852661285E0,9.939816788E0
4.827271437E1,1.384021912E0,-1.540296936E-1,9.843081207E0,9.941101018E0
4.828274538E1,1.344055023E0,-1.169068909E-1,9.755064240E0,9.847914979E0
4.829277737E1,1.244811401E0,-1.275347900E-1,9.735455017E0,9.815544047E0
4.830280837E1,1.235530701E0,-1.312770081E-1,9.755064240E0,9.833872487E0
4.831284038E1,1.243913269E0,-1.359173584E-1,9.765542450E0,9.845385370E0
4.832287138E1,1.286424866E0,-1.145118713E-1,9.759105835E0,9.844193649E0
4.833290337E1,1.277443542E0,-7.604187012E-2,9.770033112E0,9.853486255E0
4.834293437E1,1.249751129E0,-2.484832764E-2,9.780361633E0,9.859917292E0
4.835296638E1,1.226998444E0,2.305206299E-2,9.772128754E0,9.848886077E0
4.836299738E1,1.226399689E0,5.089416504E-2,9.776918793E0,9.853668733E0
4.837302937E1,1.243613892E0,6.346801758E-2,9.799671478E0,9.878469759E0
4.838306037E1,1.252295837E0,5.882766724E-2,9.826016693E0,9.905670579E0
4.839309238E1,1.256337433E0,5.373825073E-2,9.847422180E0,9.927386118E0
4.840312437E1,1.239272919E0,2.320175171E-2,9.841584320E0,9.919330502E0
4.841315537E1,1.227148132E0,3.742218018E-3,9.827962646E0,9.904279697E0
4.842318738E1,1.227896576E0,-2.215393066E-2,9.808952179E0,9.885533048E0
4.843321838E1,1.237925720E0,-4.805007935E-2,9.787097626E0,9.865193806E0
4.844325037E1,1.242266693E0,-4.685256958E-2,9.757159882E0,9.836035312E0
4.845328137E1,1.254690857E0,-6.706054688E-2,9.746531982E0,9.827188405E0
4.846331338E1,1.243314514E0,-6.077362061E-2,9.771829376E0,9.850795591E0
4.847334437E1,1.235530701E0,-7.514373779E-2,9.789342957E0,9.867290318E0
4.848337637E1,1.239721985E0,-9.520202637E-2,9.812544708E0,9.891006404E0
4.849340738E1,1.249302063E0,-8.607101440E-2,9.809700623E0,9.889306860E0
4.850343938E1,1.253193970E0,-7.604187012E-2,9.803264008E0,9.883332570E0
4.851347037E1,1.243763580E0,-7.679031372E-2,9.805958405E0,9.884819919E0
4.852350237E1,1.244512024E0,-6.631210327E-2,9.804760895E0,9.883650321E0
4.853353338E1,1.228195953E0,-2.814147949E-2,9.785600739E0,9.862415478E0
4.854356537E1,1.215622101E0,-1.616638184E-2,9.774673462E0,9.849986788E0
4.855359637E1,1.206940155E0,7.933502197E-3,9.770631866E0,9.844897894E0
4.856362838E1,1.212179260E0,1.212478638E-2,9.841135254E0,9.915516560E0
4.857366037E1,1.185684357E0,3.128494263E-2,9.803563385E0,9.875053478E0
4.858369137E1,1.186582489E0,5.523513794E-2,9.736802216E0,9.808993134E0
4.859372338E1,1.188378754E0,3.577560425E-2,9.748777313E0,9.821007232E0
4.860375438E1,1.221909027E0,1.496887207E-2,9.812544708E0,9.888342601E0
4.861378637E1,1.251248016E0,-2.125579834E-2,9.845775604E0,9.924987187E0
4.862381737E1,1.247356110E0,-2.664459229E-2,9.858948212E0,9.937578530E0
4.863384938E1,1.240171051E0,-5.882766724E-2,9.824669495E0,9.902808471E0
4.864388038E1,1.244062958E0,-5.777984619E-2,9.839338989E0,9.917843662E0
4.865391237E1,1.269659729E0,-4.730163574E-2,9.832902374E0,9.914647869E0
4.866394337E1,1.272503815E0,-1.526824951E-2,9.811496887E0,9.893683351E0
4.867397538E1,1.262324982E0,1.092727661E-2,9.782606964E0,9.863720534E0
4.868400637E1,1.214723969E0,2.140548706E-2,9.769434357E0,9.844686900E0
4.869403837E1,1.208586731E0,-1.646575928E-3,9.814939728E0,9.889071061E0
4.870406938E1,1.242715759E0,-4.490661621E-4,9.830507355E0,9.908744497E0
4.871410138E1,1.258882141E0,4.490661621E-3,9.805958405E0,9.886436398E0
4.872413237E1,1.262025604E0,-1.796264648E-3,9.828860779E0,9.909551759E0
4.873416437E1,1.242566071E0,-2.469863892E-2,9.833800507E0,9.912023651E0
4.874419638E1,1.216220856E0,-2.290237427E-2,9.811646576E0,9.886765205E0
4.875422737E1,1.209484863E0,-3.412902832E-2,9.771829376E0,9.846454579E0
4.876425937E1,1.188229065E0,-2.619552612E-2,9.747729492E0,9.819918776E0
4.877429038E1,1.181642761E0,-2.664459229E-2,9.765692139E0,9.836957482E0
4.878432238E1,1.207987976E0,-2.918930054E-2,9.796528015E0,9.870767352E0
4.879435337E1,1.227148132E0,-2.230361938E-2,9.831704865E0,9.908017488E0
4.880438537E1,1.239422607E0,-2.230361938E-2,9.837692413E0,9.915485761E0
4.881441638E1,1.228345642E0,-3.038681030E-2,9.815987549E0,9.892591568E0
4.882444837E1,1.219364319E0,-3.847000122E-2,9.826615448E0,9.902055365E0
4.883447937E1,1.222358093E0,-3.158432007E-2,9.809251556E0,9.885169345E0
4.884451138E1,1.206491089E0,-2.215393066E-2,9.761800232E0,9.836099599E0
4.885454238E1,1.176703033E0,-1.407073975E-2,9.774673462E0,9.845256183E0
4.886457437E1,1.201551361E0,-6.436614990E-3,9.814191284E0,9.887472764E0
4.887460537E1,1.219813385E0,6.436614990E-3,9.831255798E0,9.906643059E0
4.888463738E1,1.223256226E0,3.532653809E-2,9.805359650E0,9.881431152E0
4.889466838E1,1.212778015E0,4.969665527E-2,9.767787781E0,9.842915137E0
4.890470037E1,1.195114746E0,4.101470947E-2,9.780960388E0,9.853789503E0
4.891473238E1,1.197659454E0,1.496887207E-4,9.824519806E0,9.897251013E0
4.892476338E1,1.221010895E0,-2.005828857E-2,9.838889923E0,9.914384744E0
4.893479537E1,1.221759338E0,-4.939727783E-3,9.742340698E0,9.818651769E0
4.894482637E1,1.188229065E0,-5.388793945E-3,9.743388519E0,9.815576253E0
4.895485838E1,1.219663696E0,-3.996688843E-2,9.865684204E0,9.940870269E0
4.896488937E1,1.265019379E0,-4.191284180E-2,9.864037628E0,9.944911716E0
4.897492150E1,1.293460236E0,-2.469863892E-2,9.870923309E0,9.955339089E0
4.898495250E1,1.265618134E0,1.796264648E-3,9.793085175E0,9.874528329E0
4.899498450E1,1.210382996E0,1.796264648E-2,9.729168091E0,9.804185912E0
4.900501550E1,1.174757080E0,-1.646575928E-3,9.752669220E0,9.823167199E0
4.901504750E1,1.194515991E0,-2.320175171E-2,9.826765137E0,9.899127226E0
4.902507850E1,1.258133698E0,-1.347198486E-2,9.884245605E0,9.964004872E0
4.903511050E1,1.266366577E0,3.173400879E-2,9.839638367E0,9.920845455E0
4.904514150E1,1.231040039E0,1.001417542E-1,9.744286652E0,9.822250776E0
4.905517350E1,1.212778015E0,1.202000427E-1,9.703122253E0,9.779358876E0
4.906520450E1,1.212328949E0,1.302291870E-1,9.734407196E0,9.810473209E0
4.907523650E1,1.216370544E0,1.104702759E-1,9.769134979E0,9.845189649E0
4.908526850E1,1.247056732E0,8.981323242E-2,9.820777588E0,9.900044916E0
4.909529950E1,1.238674164E0,4.849914551E-2,9.857601013E0,9.935238477E0
4.910533150E1,1.255738678E0,1.122665405E-2,9.909542999E0,9.988796130E0
4.911536250E1,1.253643036E0,-4.071533203E-2,9.907447357E0,9.986530515E0
4.912539450E1,1.241667938E0,-6.361770630E-2,9.863887939E0,9.941935011E0
4.913542550E1,1.220412140E0,-9.220825195E-2,9.836943970E0,9.912788448E0
4.914545750E1,1.208736420E0,-9.160949707E-2,9.767937469E0,9.842867389E0
4.915548850E1,1.201102295E0,-9.565109253E-2,9.754016418E0,9.828155073E0
4.916552050E1,1.206640778E0,-9.520202637E-2,9.770182800E0,9.844872642E0
4.917555150E1,1.238823853E0,-8.981323242E-2,9.780361633E0,9.858915997E0
4.918558350E1,1.263372803E0,-1.035845947E-1,9.811796265E0,9.893340515E0
4.919561450E1,1.269510040E0,-9.235794067E-2,9.802665253E0,9.884959878E0
4.920564650E1,1.263073425E0,-6.601272583E-2,9.801617432E0,9.882885026E0
4.921567750E1,1.269060974E0,-4.146377563E-2,9.801617432E0,9.883518568E0
4.922570950E1,1.289568329E0,-1.916015625E-2,9.801617432E0,9.886104281E0
4.923574050E1,1.285377045E0,1.002914429E-2,9.828112335E0,9.911815515E0
4.924577250E1,1.278191986E0,3.682342529E-2,9.822873230E0,9.905754348E0
4.925580450E1,1.236428833E0,6.271957397E-2,9.746232605E0,9.824547826E0
4.926583550E1,1.171014862E0,6.137237549E-2,9.821226654E0,9.890982528E0
4.927586750E1,1.155147858E0,4.700225830E-2,9.808652802E0,9.876550287E0
4.928589850E1,1.189276886E0,3.876937866E-2,9.803563385E0,9.875512018E0
4.929593050E1,1.211131439E0,-1.945953369E-2,9.845775604E0,9.920005811E0
4.930596150E1,1.263672180E0,-5.179229736E-2,9.882299652E0,9.962900995E0
4.931599350E1,1.273102570E0,-7.589218140E-2,9.869576111E0,9.951637171E0
4.932602450E1,1.250948639E0,-8.696914673E-2,9.821825409E0,9.901549904E0
4.933605650E1,1.243164825E0,-9.175918579E-2,9.801318054E0,9.880268930E0
4.934608750E1,1.251547394E0,-6.870712280E-2,9.746531982E0,9.826798931E0
4.935611950E1,1.254541168E0,-5.179229736E-2,9.697434082E0,9.778383494E0
4.936615050E1,1.245110779E0,-4.400848389E-2,9.701924744E0,9.781594008E0
4.937618250E1,1.250349884E0,-5.074447632E-2,9.759704590E0,9.839602813E0
4.938621350E1,1.260678406E0,-7.529342651E-2,9.826765137E0,9.907587607E0
4.939624550E1,1.286574554E0,-8.966354370E-2,9.875264282E0,9.959124373E0
4.940627750E1,1.291514282E0,-8.113128662E-2,9.838740234E0,9.923477255E0
4.941630850E1,1.274749146E0,-8.457412720E-2,9.815089417E0,9.897884543E0
4.942634050E1,1.241518250E0,-8.861572266E-2,9.808652802E0,9.887309548E0
4.943637150E1,1.215173035E0,-6.975494385E-2,9.778715057E0,9.854175736E0
4.944640350E1,1.190324707E0,-6.062393188E-2,9.748927002E0,9.821513420E0
4.945643450E1,1.198557587E0,-6.376739502E-2,9.752968597E0,9.826545834E0
4.946646650E1,1.195713501E0,-6.271957397E-2,9.770931244E0,9.844021632E0
4.947649750E1,1.217867432E0,-7.125183105E-2,9.793983307E0,9.869670051E0
4.948652950E1,1.239123230E0,-8.158035278E-2,9.820478210E0,9.898680418E0
4.949656050E1,1.260379028E0,-6.855743408E-2,9.814490662E0,9.895326289E0
4.950659250E1,1.247805176E0,-5.553451538E-2,9.766889648E0,9.846432615E0
4.951662350E1,1.218915253E0,-4.355941772E-2,9.730964355E0,9.807105542E0
4.952665550E1,1.212179260E0,-6.975494385E-2,9.780361633E0,9.855441035E0
4.953668650E1,1.235381012E0,-7.679031372E-2,9.827064514E0,9.904708979E0
4.954671850E1,1.251697083E0,-4.161346436E-2,9.792935486E0,9.872692778E0
4.955674950E1,1.226998444E0,-4.131408691E-2,9.799821167E0,9.876422781E0
4.956678150E1,1.213526459E0,-3.143463135E-2,9.805659027E0,9.880515349E0
4.957681350E1,1.201251984E0,-4.655319214E-2,9.792785797E0,9.866297542E0
4.958684450E1,1.192420349E0,-7.933502197E-2,9.796228638E0,9.868852814E0
4.959687650E1,1.201401672E0,-9.999206543E-2,9.827812958E0,9.901478270E0
4.960690750E1,1.218316498E0,-9.550140381E-2,9.812544708E0,9.888349167E0
4.961693950E1,1.235530701E0,-5.703140259E-2,9.783654785E0,9.861525726E0
4.962697050E1,1.247206421E0,-5.733078003E-2,9.745334473E0,9.824986242E0
4.963700250E1,1.246757355E0,-9.535171509E-2,9.774374084E0,9.854028851E0
4.964703350E1,1.247056732E0,-1.326242065E-1,9.759255524E0,9.839502429E0
4.965706550E1,1.290167084E0,-1.392105103E-1,9.783205719E0,9.868891772E0
4.966709650E1,1.307081909E0,-1.791773987E-1,9.837393036E0,9.925465702E0
4.967712850E1,1.316212921E0,-1.460961914E-1,9.803413696E0,9.892455744E0
4.968715950E1,1.283730469E0,-1.076261902E-1,9.741292877E0,9.826104733E0
4.969719150E1,1.260229340E0,-8.202941895E-2,9.742789764E0,9.824299426E0
4.970722250E1,1.236129456E0,-1.092727661E-2,9.771080933E0,9.848967358E0
4.971725450E1,1.193019104E0,4.565505981E-2,9.745484161E0,9.818342045E0
4.972728650E1,1.194366302E0,6.960525513E-2,9.730215912E0,9.803492105E0
4.973731750E1,1.195114746E0,6.990463257E-2,9.747579803E0,9.820819616E0
4.974734950E1,1.214723969E0,3.697311401E-2,9.835896149E0,9.910689904E0
4.975738050E1,1.247056732E0,2.993774414E-3,9.880204010E0,9.958593813E0
4.976741250E1,1.237476654E0,-4.969665527E-2,9.903256073E0,9.980395737E0
4.977744350E1,1.234782257E0,-9.984237671E-2,9.881401520E0,9.958752518E0
4.978747550E1,1.231938171E0,-1.342707825E-1,9.879754944E0,9.957171187E0
4.979750650E1,1.239721985E0,-1.375639343E-1,9.847122803E0,9.925807873E0
4.980753850E1,1.245260468E0,-1.275347900E-1,9.764494629E0,9.844404203E0
4.981756950E1,1.254690857E0,-1.252894592E-1,9.724378052E0,9.805787836E0
4.982760150E1,1.268761597E0,-1.056802368E-1,9.734407196E0,9.817311636E0
4.983763250E1,1.262923737E0,-9.610015869E-2,9.747430115E0,9.829374621E0
4.984766450E1,1.263223114E0,-9.101074219E-2,9.782457275E0,9.864100868E0
4.985769550E1,1.266815643E0,-1.149609375E-1,9.815987549E0,9.898062914E0
4.986772750E1,1.274150391E0,-1.175056458E-1,9.834249573E0,9.917143311E0
4.987775950E1,1.271455994E0,-1.073268127E-1,9.825118561E0,9.907627068E0
4.988779050E1,1.267414398E0,-9.415420532E-2,9.815089417E0,9.897029076E0
4.989782250E1,1.255439301E0,-8.891510010E-2,9.820328522E0,9.900650787E0
4.990785350E1,1.230441284E0,-7.200027466E-2,9.777068481E0,9.854452693E0
4.991788550E1,1.215173035E0,-4.715194702E-2,9.765542450E0,9.840969879E0
4.992791650E1,1.223405914E0,-3.278182983E-2,9.844578094E0,9.920358589E0
4.993794850E1,1.219663696E0,-2.005828857E-2,9.744286652E0,9.820341349E0
4.994797950E1,1.183888092E0,-3.143463135E-2,9.706714783E0,9.778695773E0
4.995801150E1,1.196312256E0,-7.080276489E-2,9.730066223E0,9.803589381E0
4.996804250E1,1.220412140E0,-6.975494385E-2,9.735455017E0,9.811898692E0
4.997807450E1,1.235081635E0,-8.786727905E-2,9.732910309E0,9.811355176E0
4.998810550E1,1.240470428E0,-9.490264893E-2,9.780062256E0,9.858873725E0
4.999813750E1,1.291514282E0,-1.094224548E-1,9.845775604E0,9.930724025E0
5.000816850E1,1.328936462E0,-8.592132568E-2,9.859097900E0,9.948631363E0
5.001820050E1,1.334474945E0,-9.026229858E-2,9.803264008E0,9.894086914E0
5.002823150E1,1.284029846E0,-9.654922485E-2,9.759854279E0,9.844430402E0
5.003826350E1,1.244811401E0,-9.684860229E-2,9.744586029E0,9.824250198E0
5.004829550E1,1.226250000E0,-9.639953613E-2,9.768536224E0,9.845673258E0
5.005832650E1,1.225202179E0,-1.085243225E-1,9.830058289E0,9.906712061E0
5.006835850E1,1.262175293E0,-1.130149841E-1,9.845326538E0,9.926545900E0
5.007838950E1,1.293310547E0,-1.142124939E-1,9.821376343E0,9.906822393E0
5.008842150E1,1.281634827E0,-1.017883301E-1,9.791139221E0,9.875188907E0
5.009845250E1,1.235830078E0,-9.684860229E-2,9.771829376E0,9.850142384E0
5.010848450E1,1.196162567E0,-7.050338745E-2,9.751322021E0,9.824665734E0
5.011851550E1,1.187630310E0,-6.481521606E-2,9.731712799E0,9.804126721E0
5.012854750E1,1.168619843E0,-6.182144165E-2,9.721084900E0,9.791270901E0
5.013857850E1,1.178050232E0,-6.346801758E-2,9.729617157E0,9.800881622E0
5.014861050E1,1.189725952E0,-6.436614990E-2,9.748927002E0,9.821464684E0
5.015864150E1,1.209185486E0,-5.478607178E-2,9.784253540E0,9.858841128E0
5.016867350E1,1.244062958E0,-4.969665527E-2,9.790390778E0,9.869240801E0
5.017870450E1,1.243763580E0,-6.780899048E-2,9.801767120E0,9.880596368E0
5.018873650E1,1.238374786E0,-5.074447632E-2,9.809101868E0,9.887093939E0
5.019876750E1,1.217418365E0,-4.355941772E-2,9.777816925E0,9.853411020E0
5.020879950E1,1.201102295E0,-4.041595459E-2,9.748328247E0,9.822127254E0
5.021883150E1,1.185684357E0,-4.640350342E-2,9.777667236E0,9.849404919E0
5.022886250E1,1.183289337E0,-4.505630493E-2,9.811047821E0,9.882249899E0
5.023889450E1,1.219214630E0,-3.562591553E-2,9.827962646E0,9.903363232E0
5.024892550E1,1.234033813E0,-1.212478638E-2,9.794731750E0,9.872170811E0
5.025895750E1,1.230890350E0,-2.694396973E-2,9.748178558E0,9.825619687E0
5.026898850E1,1.193767548E0,-1.092727661E-2,9.743987274E0,9.816847170E0
5.027902050E1,1.174906769E0,-5.912704468E-2,9.767937469E0,9.838521450E0
5.028905150E1,1.195713501E0,-8.382568359E-2,9.788444824E0,9.861562229E0
5.029908350E1,1.211879883E0,-8.008346558E-2,9.722881165E0,9.798442955E0
5.030911450E1,1.196461945E0,-6.661148071E-2,9.699080658E0,9.772825788E0
5.031914650E1,1.216071167E0,-7.888595581E-2,9.786199493E0,9.861782425E0
5.032917750E1,1.280437317E0,-1.083746338E-1,9.873917084E0,9.957183505E0
5.033920950E1,1.325792999E0,-8.502319336E-2,9.880353699E0,9.969270045E0
5.034924050E1,1.300046539E0,-4.879852295E-2,9.761500854E0,9.847812002E0
5.035927250E1,1.205892334E0,-6.855743408E-2,9.722282410E0,9.797022593E0
5.036930450E1,1.170266418E0,-5.373825073E-2,9.739047546E0,9.809253713E0
5.037933550E1,1.200204163E0,-7.903564453E-2,9.770781555E0,9.844537006E0
5.038936750E1,1.263522491E0,-6.406677246E-2,9.791438599E0,9.872834622E0
5.039939850E1,1.265318756E0,-2.320175171E-2,9.789043579E0,9.870508805E0
5.040943050E1,1.244362335E0,1.481918335E-2,9.765841827E0,9.844812026E0
5.041946150E1,1.220711517E0,4.655319214E-2,9.769284668E0,9.845365749E0
5.042949350E1,1.209185486E0,6.960525513E-2,9.782906342E0,9.857597624E0
5.043952450E1,1.229992218E0,6.541397095E-2,9.823621674E0,9.900540522E0
5.044955650E1,1.257385254E0,5.957611084E-2,9.849068756E0,9.929185382E0
5.045958750E1,1.251098328E0,5.358856201E-2,9.876611481E0,9.955680444E0
5.046961950E1,1.222358093E0,3.876937866E-2,9.862540741E0,9.938076888E0
5.047965050E1,1.200653229E0,1.841171265E-2,9.858798523E0,9.931657237E0
5.048968250E1,1.203796692E0,-1.556762695E-2,9.831405487E0,9.904842385E0
5.049971350E1,1.185834045E0,-3.128494263E-2,9.801018677E0,9.872545175E0
5.050974550E1,1.200054474E0,-3.487747192E-2,9.770931244E0,9.844411844E0
5.051977750E1,1.221609650E0,-5.718109131E-2,9.778565369E0,9.854742030E0
5.052980850E1,1.227597198E0,-6.167175293E-2,9.785750427E0,9.862642126E0
5.053984050E1,1.242715759E0,-6.391708374E-2,9.791288910E0,9.870043889E0
5.054987150E1,1.224154358E0,-6.975494385E-2,9.809700623E0,9.886032872E0
5.055990350E1,1.223405914E0,-9.011260986E-2,9.817484436E0,9.893828529E0
5.056993450E1,1.224753113E0,-6.915618896E-2,9.792785797E0,9.869318945E0
5.057996650E1,1.219514008E0,-5.014572144E-2,9.805060272E0,9.880735598E0
5.058999750E1,1.221909027E0,-1.511856079E-2,9.822873230E0,9.898592260E0
5.060002950E1,1.223405914E0,-2.694396973E-3,9.801617432E0,9.877673490E0
5.061006050E1,1.208287354E0,8.681945801E-3,9.772877197E0,9.847292136E0
5.062009250E1,1.175056458E0,1.856140137E-2,9.794282684E0,9.864536254E0
5.063012350E1,1.163081360E0,2.933898926E-2,9.845476227E0,9.913981095E0
5.064015550E1,1.171463928E0,4.670288086E-2,9.779164124E0,9.849190822E0
5.065018650E1,1.169218597E0,6.511459351E-2,9.735754395E0,9.805928088E0
5.066021850E1,1.184187469E0,3.203338623E-2,9.795629883E0,9.867000096E0
5.067025050E1,1.232985992E0,1.092727661E-2,9.857601013E0,9.934418533E0
5.068028150E1,1.255289612E0,-1.002914429E-2,9.876162415E0,9.955623367E0
5.069031350E1,1.250200195E0,-2.484832764E-2,9.843081207E0,9.922190566E0
5.070034450E1,1.225800934E0,-2.125579834E-2,9.808503113E0,9.884825393E0
5.071037650E1,1.229094086E0,-4.595443726E-2,9.811796265E0,9.888585845E0
5.072040750E1,1.242715759E0,-2.799179077E-2,9.812844086E0,9.891260539E0
5.073043950E1,1.251996460E0,-4.041595459E-3,9.789642334E0,9.869377311E0
5.074047050E1,1.237177277E0,1.990859985E-2,9.760453033E0,9.838569377E0
5.075050250E1,1.207688599E0,1.930984497E-2,9.758507080E0,9.832972341E0
5.076053350E1,1.204395447E0,8.532257080E-3,9.801467743E0,9.875191700E0
5.077056550E1,1.221160583E0,2.993774414E-4,9.814790039E0,9.890466964E0
5.078059650E1,1.246607666E0,-7.933502197E-3,9.814640350E0,9.893495784E0
5.079062850E1,1.246907043E0,-1.706451416E-2,9.814640350E0,9.893545046E0
5.080065950E1,1.208137665E0,-1.526824951E-2,9.802665253E0,9.876845437E0
5.081069150E1,1.185384979E0,-2.484832764E-2,9.813442841E0,9.884807301E0
5.082072350E1,1.174757080E0,-2.020797729E-2,9.790390778E0,9.860639641E0
5.083075450E1,1.169068909E0,-2.634521484E-2,9.760453033E0,9.830252265E0
5.084078650E1,1.169817352E0,-1.167572021E-2,9.781409454E0,9.851120742E0
5.085081750E1,1.182540894E0,-4.640350342E-3,9.791887665E0,9.863036477E0
5.086084950E1,1.201551361E0,-1.032852173E-2,9.805808716E0,9.879155679E0
5.087088050E1,1.219813385E0,-2.395019531E-3,9.833351440E0,9.908720956E0
5.088091250E1,1.207389221E0,5.388793945E-3,9.830507355E0,9.904377447E0
5.089094350E1,1.208886108E0,1.362167358E-2,9.812095642E0,9.886294152E0
5.090097550E1,1.192420349E0,1.347198486E-3,9.810000000E0,9.882204618E0
5.091100650E1,1.193617859E0,6.286926270E-3,9.797725525E0,9.870166593E0
5.092103850E1,1.184037781E0,1.706451416E-2,9.801767120E0,9.873037797E0
5.093106950E1,1.185085602E0,3.233276367E-2,9.802814941E0,9.874241949E0
5.094110150E1,1.202000427E0,3.278182983E-2,9.808353424E0,9.881785090E0
5.095113250E1,1.202599182E0,3.712280273E-2,9.810898132E0,9.884399074E0
5.096116450E1,1.210083618E0,3.038681030E-2,9.812694397E0,9.887072218E0
5.097119675E1,1.224603424E0,3.697311401E-2,9.813143463E0,9.889327843E0
5.098122775E1,1.220561829E0,5.254074097E-2,9.817783813E0,9.893503460E0
5.099125975E1,1.203497314E0,6.391708374E-2,9.778415680E0,9.852406020E0
5.100129075E1,1.182391205E0,7.035369873E-2,9.746382294E0,9.818093828E0
5.101132275E1,1.173709259E0,7.424560547E-2,9.773775330E0,9.844277019E0
5.102135375E1,1.193468170E0,6.496490479E-2,9.792636108E0,9.865308341E0
5.103138575E1,1.193767548E0,5.792953491E-2,9.796677704E0,9.869312581E0
5.104141675E1,1.190474396E0,3.832031250E-2,9.792336731E0,9.864509941E0
5.105144875E1,1.180744629E0,-2.844085693E-3,9.811945953E0,9.882734913E0
5.106147975E1,1.167272644E0,-3.697311401E-2,9.852661285E0,9.921634283E0
5.107151175E1,1.196312256E0,-8.113128662E-2,9.874815216E0,9.947347428E0
5.108154275E1,1.191522217E0,-9.160949707E-2,9.826016693E0,9.898420154E0
5.109157475E1,1.191522217E0,-8.158035278E-2,9.808054047E0,9.880501239E0
5.110160575E1,1.213077393E0,-8.622070312E-2,9.853260040E0,9.928027205E0
5.111163775E1,1.237177277E0,-9.415420532E-2,9.799521790E0,9.877757839E0
5.112166975E1,1.247505798E0,-7.798782349E-2,9.807455292E0,9.886785732E0
5.113170075E1,1.240320740E0,-8.472381592E-2,9.801916809E0,9.880442642E0
5.114173275E1,1.248254242E0,-1.064286804E-1,9.768386536E0,9.848392825E0
5.115176375E1,1.251098328E0,-1.104702759E-1,9.796827393E0,9.877007526E0
5.116179575E1,1.250200195E0,-1.116677856E-1,9.852661285E0,9.932291006E0
5.117182675E1,1.269210663E0,-5.014572144E-2,9.869725800E0,9.951125447E0
5.118185875E1,1.237476654E0,4.715194702E-2,9.788444824E0,9.866469675E0
5.119188975E1,1.176403656E0,1.013392639E-1,9.703421631E0,9.774998033E0
5.120192175E1,1.159039764E0,1.540296936E-1,9.688303070E0,9.758602087E0
5.121195275E1,1.159339142E0,1.610650635E-1,9.733059998E0,9.803186529E0
5.122198475E1,1.187779999E0,1.294807434E-1,9.821675720E0,9.894084118E0
5.123201575E1,1.220112762E0,8.517288208E-2,9.897567902E0,9.972852147E0
5.124204775E1,1.215023346E0,3.921844482E-2,9.917177124E0,9.991407405E0
5.125207875E1,1.191073151E0,-1.287322998E-2,9.908794556E0,9.980131789E0
5.126211075E1,1.188678131E0,-5.149291992E-2,9.876312103E0,9.947720743E0
5.127214275E1,1.161883850E0,-8.083190918E-2,9.810299377E0,9.879194388E0
5.128217375E1,1.194066925E0,-1.101708984E-1,9.777367859E0,9.850627173E0
5.129220575E1,1.209933929E0,-1.242416382E-1,9.757459259E0,9.832974488E0
5.130223675E1,1.215472412E0,-1.401086426E-1,9.741741943E0,9.818275801E0
5.131226875E1,1.225501556E0,-1.270857239E-1,9.755812683E0,9.833304935E0
5.132229975E1,1.233435059E0,-1.408570862E-1,9.801467743E0,9.879775943E0
5.133233175E1,1.253343658E0,-1.377136230E-1,9.818382568E0,9.899013669E0
5.134236275E1,1.274749146E0,-1.266366577E-1,9.812395020E0,9.895661587E0
5.135239475E1,1.288370819E0,-1.191522217E-1,9.805359650E0,9.890357652E0
5.136242575E1,1.275946655E0,-8.906478882E-2,9.802066498E0,9.885164644E0
5.137245775E1,1.280437317E0,-4.505630493E-2,9.789342957E0,9.872830664E0
5.138248875E1,1.254541168E0,-2.484832764E-2,9.786648560E0,9.866761425E0
5.139252075E1,1.245260468E0,-5.538482666E-3,9.745484161E0,9.824722177E0
5.140255175E1,1.219813385E0,4.026626587E-2,9.805509338E0,9.881172980E0
5.141258375E1,1.207389221E0,5.643264771E-2,9.832902374E0,9.906913872E0
5.142261575E1,1.190175018E0,5.807922363E-2,9.773026886E0,9.845402190E0
5.143264675E1,1.193019104E0,4.849914551E-2,9.762548676E0,9.835293762E0
5.144267875E1,1.208287354E0,1.856140137E-2,9.811646576E0,9.885783296E0
5.145270975E1,1.217867432E0,-1.691482544E-2,9.856403503E0,9.931373380E0
5.146274175E1,1.219064941E0,-4.505630493E-2,9.862690430E0,9.937847449E0
5.147277275E1,1.205443268E0,-5.792953491E-2,9.837243347E0,9.910994197E0
5.148280475E1,1.207838287E0,-5.463638306E-2,9.801467743E0,9.875759636E0
5.149283575E1,1.243314514E0,-3.891906738E-2,9.775272217E0,9.854100293E0
5.150286775E1,1.260828094E0,-3.547622681E-2,9.748328247E0,9.829590513E0
5.151289875E1,1.231339417E0,-3.802093506E-2,9.747879181E0,9.825415557E0
5.152293075E1,1.214125214E0,-4.685256958E-2,9.778265991E0,9.853465431E0
5.153296175E1,1.225950623E0,-8.652008057E-2,9.801467743E0,9.878218998E0
5.154299375E1,1.250200195E0,-1.109193420E-1,9.812095642E0,9.892043496E0
5.155302475E1,1.257984009E0,-1.269360352E-1,9.829010468E0,9.909999157E0
5.156305675E1,1.253193970E0,-1.173559570E-1,9.808054047E0,9.888487838E0
5.157308875E1,1.235979767E0,-1.204994202E-1,9.764794006E0,9.843442898E0
5.158311975E1,1.204395447E0,-1.237925720E-1,9.757159882E0,9.831991759E0
5.159315175E1,1.196312256E0,-1.052311707E-1,9.753118286E0,9.826777341E0
5.160318275E1,1.188378754E0,-1.052311707E-1,9.758656769E0,9.831312201E0
5.161321475E1,1.184486847E0,-9.684860229E-2,9.772577820E0,9.844575460E0
5.162324575E1,1.174607391E0,-6.930587769E-2,9.787995758E0,9.858466756E0
5.163327775E1,1.188528442E0,-7.334747314E-2,9.812395020E0,9.884385450E0
5.164330875E1,1.220112762E0,-5.523513794E-2,9.821226654E0,9.896879259E0
5.165334075E1,1.205293579E0,-4.730163574E-2,9.792486420E0,9.866496862E0
5.166337175E1,1.202898560E0,-4.939727783E-2,9.787846069E0,9.861609185E0
5.167340375E1,1.195863190E0,-3.293151855E-2,9.792336731E0,9.865142265E0
5.168343475E1,1.200353851E0,-2.963836670E-2,9.772428131E0,9.845916889E0
5.169346675E1,1.198707275E0,-3.353027344E-2,9.786049805E0,9.859249170E0
5.170349775E1,1.203048248E0,-3.338058472E-2,9.815239105E0,9.888749064E0
5.171352975E1,1.222807159E0,-2.305206299E-2,9.839189301E0,9.914909724E0
5.172356175E1,1.246907043E0,-1.257385254E-2,9.833650818E0,9.912397474E0
5.173359275E1,1.223555603E0,-3.353027344E-2,9.804760895E0,9.880867816E0
5.174362475E1,1.206341400E0,-3.532653809E-2,9.777667236E0,9.851867037E0
5.175365575E1,1.218765564E0,-6.122268677E-2,9.787546692E0,9.863326415E0
5.176368775E1,1.211879883E0,-7.544311523E-2,9.803413696E0,9.878322966E0
5.177371875E1,1.213526459E0,-1.089733887E-1,9.823022919E0,9.898297880E0
5.178375075E1,1.227746887E0,-1.020877075E-1,9.794731750E0,9.871907333E0
5.179378175E1,1.229243774E0,-7.933502197E-2,9.760902100E0,9.838320187E0
5.180381375E1,1.249002686E0,-8.921447754E-2,9.747280426E0,9.827382288E0
5.181384475E1,1.230590973E0,-1.122665405E-1,9.755962372E0,9.833908669E0
5.182387675E1,1.221310272E0,-1.516346741E-1,9.747430115E0,9.824814792E0
5.183390775E1,1.231189728E0,-1.447489929E-1,9.781708832E0,9.859949700E0
5.184393975E1,1.276695099E0,-1.742376709E-1,9.847571869E0,9.931514530E0
5.185397075E1,1.286724243E0,-1.457968140E-1,9.827363892E0,9.912315423E0
5.186400275E1,1.262923737E0,-9.250762939E-2,9.716893616E0,9.799058912E0
5.187403475E1,1.228046265E0,-7.244934082E-2,9.715995483E0,9.793564967E0
5.188406575E1,1.179846497E0,-2.724334717E-2,9.765841827E0,9.836892119E0
5.189409775E1,1.157842255E0,3.023712158E-2,9.776619415E0,9.844988581E0
5.190412875E1,1.161434784E0,4.251159668E-2,9.782157898E0,9.850956864E0
5.191416075E1,1.186732178E0,4.370910645E-2,9.802515564E0,9.874186302E0
5.192419175E1,1.228794708E0,1.646575928E-2,9.853709106E0,9.930044849E0
5.193422375E1,1.218765564E0,-3.592529297E-3,9.880204010E0,9.955090843E0
5.194425475E1,1.219514008E0,-3.382965088E-2,9.906100159E0,9.980940798E0
5.195428675E1,1.199755096E0,-8.158035278E-2,9.867630157E0,9.940633409E0
5.196431775E1,1.188378754E0,-1.185534668E-1,9.845326538E0,9.917497347E0
5.197434988E1,1.212628326E0,-1.366658020E-1,9.801467743E0,9.877141029E0
5.198438088E1,1.216520233E0,-1.386117554E-1,9.755513306E0,9.832048340E0
5.199441287E1,1.229094086E0,-1.413061523E-1,9.711504822E0,9.789993136E0
5.200444487E1,1.241967316E0,-1.360670471E-1,9.699978790E0,9.780111737E0
5.201447588E1,1.234183502E0,-1.384620667E-1,9.720186768E0,9.799204634E0
5.202450787E1,1.239871674E0,-1.300794983E-1,9.763297119E0,9.842569435E0
5.203453887E1,1.259031830E0,-1.339714050E-1,9.793085175E0,9.874595016E0
5.204457088E1,1.272803192E0,-1.194515991E-1,9.833351440E0,9.916102924E0
5.205460188E1,1.250649261E0,-1.242416382E-1,9.825268250E0,9.905324615E0
5.206463387E1,1.235979767E0,-1.065783691E-1,9.801767120E0,9.879961721E0
5.207466487E1,1.223854980E0,-8.457412720E-2,9.786049805E0,9.862643894E0
5.208469688E1,1.203048248E0,-6.571334839E-2,9.754914551E0,9.829038672E0
5.209472788E1,1.178349609E0,-3.817062378E-2,9.798024902E0,9.868700866E0
5.210475987E1,1.181343384E0,2.993774414E-3,9.850715332E0,9.921298993E0
5.211479087E1,1.179547119E0,3.697311401E-2,9.779313812E0,9.850262791E0
5.212482288E1,1.184486847E0,2.409988403E-2,9.757309570E0,9.828971459E0
5.213485387E1,1.205443268E0,1.047821045E-2,9.772727509E0,9.846796749E0
5.214488587E1,1.206491089E0,-9.131011963E-3,9.758656769E0,9.832959171E0
5.215491788E1,1.193019104E0,-3.113525391E-2,9.746531982E0,9.819325316E0
5.216494887E1,1.211281128E0,-6.990463257E-2,9.795929260E0,9.870781058E0
5.217498087E1,1.244811401E0,-1.154100037E-1,9.860744476E0,9.939675876E0
5.218501188E1,1.297202454E0,-1.281335449E-1,9.862391052E0,9.948161120E0
5.219504388E1,1.314117279E0,-1.109193420E-1,9.810149689E0,9.898396044E0
5.220507487E1,1.270408173E0,-8.232879639E-2,9.783205719E0,9.865689489E0
5.221510687E1,1.229692841E0,-6.975494385E-2,9.755064240E0,9.832511813E0
5.222513788E1,1.203048248E0,-6.676116943E-2,9.747280426E0,9.821469230E0
5.223516987E1,1.187929688E0,-5.598358154E-2,9.782606964E0,9.854628868E0
5.224520087E1,1.206191711E0,-4.700225830E-2,9.782457275E0,9.856651460E0
5.225523288E1,1.216520233E0,-3.817062378E-2,9.750124512E0,9.825798007E0
5.226526388E1,1.190324707E0,-1.242416382E-2,9.752369843E0,9.824751641E0
5.227529587E1,1.167721710E0,-2.724334717E-2,9.746232605E0,9.815975050E0
5.228532687E1,1.182540894E0,-2.619552612E-2,9.787846069E0,9.859057757E0
5.229535888E1,1.175954590E0,-3.847000122E-2,9.789342957E0,9.859796380E0
5.230539087E1,1.172511749E0,-4.221221924E-2,9.775721283E0,9.845876918E0
5.231542187E1,1.157393188E0,-5.194198608E-2,9.771829376E0,9.840269626E0
5.232545388E1,1.162632294E0,-3.098556519E-2,9.792037354E0,9.860865555E0
5.233548488E1,1.182091827E0,-2.170486450E-2,9.795031128E0,9.866126240E0
5.234551687E1,1.201251984E0,-1.916015625E-2,9.799072723E0,9.872446489E0
5.235554787E1,1.210832062E0,3.143463135E-3,9.808652802E0,9.883106493E0
5.236557988E1,1.202150116E0,-1.646575928E-3,9.780361633E0,9.853965765E0
5.237561088E1,1.212029572E0,-5.688171387E-3,9.789792023E0,9.864536273E0
5.238564287E1,1.207987976E0,1.945953369E-3,9.792486420E0,9.866713182E0
5.239567387E1,1.202748871E0,-1.002914429E-2,9.769584045E0,9.843346883E0
5.240570588E1,1.187480621E0,-3.143463135E-3,9.765841827E0,9.837773463E0
5.241573687E1,1.183289337E0,-2.275268555E-2,9.779762878E0,9.851114318E0
5.242576887E1,1.202000427E0,-1.451980591E-2,9.810748444E0,9.884118619E0
5.243579988E1,1.215322723E0,-9.430389404E-3,9.815388794E0,9.890346578E0
5.244583188E1,1.223256226E0,7.185058594E-3,9.759704590E0,9.836068376E0
5.245586387E1,1.188079376E0,1.916015625E-2,9.744735718E0,9.816912647E0
5.246589488E1,1.159488831E0,-8.981323242E-3,9.755962372E0,9.824627057E0
5.247592688E1,1.176852722E0,-3.906875610E-2,9.816885681E0,9.887252054E0
5.248595787E1,1.189276886E0,-3.712280273E-2,9.799072723E0,9.871047759E0
5.249598987E1,1.172511749E0,-1.586700439E-2,9.701775055E0,9.772383270E0
5.250602088E1,1.173260193E0,-1.691482544E-2,9.783205719E0,9.853321254E0
5.251605287E1,1.207538910E0,-3.966751099E-2,9.873168640E0,9.946817719E0
5.252608387E1,1.243464203E0,-4.296066284E-2,9.904453583E0,9.982296811E0
5.253611588E1,1.270258484E0,-2.619552612E-2,9.858648834E0,9.940181068E0
5.254614688E1,1.214125214E0,-7.484436035E-3,9.744286652E0,9.819637386E0
5.255617887E1,1.167721710E0,-2.589614868E-2,9.765093384E0,9.834698440E0
5.256620987E1,1.178499298E0,-5.598358154E-2,9.807155914E0,9.877869299E0
5.257624188E1,1.213077393E0,-7.948471069E-2,9.860894165E0,9.935547711E0
5.258627387E1,1.242416382E0,-5.254074097E-2,9.868378601E0,9.946419215E0
5.259630487E1,1.244512024E0,-1.137634277E-2,9.828711090E0,9.907194421E0
5.260633688E1,1.207239532E0,4.026626587E-2,9.764045563E0,9.838477241E0
5.261636788E1,1.186133423E0,8.158035278E-2,9.756561127E0,9.828736077E0
5.262639987E1,1.194366302E0,1.053808594E-1,9.768685913E0,9.841993724E0
5.263643087E1,1.200204163E0,1.285826111E-1,9.804012451E0,9.878040477E0
5.264646288E1,1.197060699E0,1.083746338E-1,9.849667511E0,9.922733971E0
5.265649388E1,1.201850739E0,9.475296021E-2,9.878407745E0,9.951701508E0
5.266652587E1,1.182241516E0,6.795867920E-2,9.860594788E0,9.931447173E0
5.267655687E1,1.171912994E0,4.206253052E-2,9.840087433E0,9.909715940E0
5.268658888E1,1.168619843E0,8.981323242E-4,9.828262024E0,9.897495014E0
5.269661987E1,1.172212372E0,-8.532257080E-3,9.783654785E0,9.853631594E0
5.270665187E1,1.174607391E0,-3.053649902E-2,9.764494629E0,9.834937232E0
5.271668288E1,1.180295563E0,-3.876937866E-2,9.799521790E0,9.870421875E0
5.272671488E1,1.178199921E0,-3.113525391E-2,9.797426147E0,9.868063821E0
5.273674687E1,1.171463928E0,-4.430786133E-2,9.826615448E0,9.896295372E0
5.274677787E1,1.187779999E0,-5.523513794E-2,9.823921051E0,9.895620095E0
5.275680988E1,1.183738403E0,-3.832031250E-2,9.823921051E0,9.895055830E0
5.276684087E1,1.201251984E0,-3.382965088E-2,9.799372101E0,9.872783009E0
5.277687287E1,1.195414124E0,-1.691482544E-2,9.797725525E0,9.870396471E0
5.278690388E1,1.216071167E0,1.945953369E-3,9.814640350E0,9.889691506E0
5.279693587E1,1.225052490E0,2.529739380E-2,9.814939728E0,9.891129128E0
5.280696687E1,1.210233307E0,4.505630493E-2,9.762848053E0,9.837677411E0
5.281699888E1,1.198856964E0,6.855743408E-2,9.835297394E0,9.908331493E0
5.282702988E1,1.169368286E0,9.041198730E-2,9.804162140E0,9.874066628E0
5.283706187E1,1.156195679E0,1.143621826E-1,9.741143188E0,9.810185410E0
5.284709287E1,1.161135406E0,1.019380188E-1,9.752070465E0,9.821481820E0
5.285712488E1,1.190324707E0,5.448669434E-2,9.831106110E0,9.903054531E0
5.286715687E1,1.215173035E0,2.619552612E-2,9.872719574E0,9.947257084E0
5.287718787E1,1.229243774E0,-7.933502197E-3,9.843230896E0,9.919692418E0
5.288721988E1,1.209933929E0,-2.260299683E-2,9.822274475E0,9.896541157E0
5.289725088E1,1.196162567E0,-2.185455322E-2,9.830058289E0,9.902592007E0
5.290728287E1,1.218466187E0,-1.496887207E-4,9.827812958E0,9.903058487E0
5.291731387E1,1.223405914E0,2.888992310E-2,9.824819183E0,9.900738793E0
5.292734588E1,1.204395447E0,4.535568237E-2,9.766590271E0,9.840676351E0
5.293737688E1,1.173559570E0,6.421646118E-2,9.754615173E0,9.825165800E0
5.294740887E1,1.157991943E0,6.511459351E-2,9.769434357E0,9.838040094E0
5.295743987E1,1.195264435E0,5.298980713E-2,9.821825409E0,9.894428703E0
5.296747188E1,1.215322723E0,5.209167480E-2,9.843979340E0,9.918853366E0
5.297751337E1,1.236129456E0,6.331832886E-2,9.824819183E0,9.902479347E0
5.298754538E1,1.222058716E0,6.122268677E-2,9.804162140E0,9.880221201E0
5.299757638E1,1.187330933E0,4.864883423E-2,9.776170349E0,9.848128155E0
5.300760837E1,1.148262177E0,6.376739502E-2,9.746082916E0,9.813699838E0
5.301764038E1,1.123563538E0,5.254074097E-2,9.737700348E0,9.802446818E0
5.302767138E1,1.113235016E0,3.622467041E-2,9.752669220E0,9.816066490E0
5.303770337E1,1.132993927E0,1.826202393E-2,9.788744202E0,9.854111923E0
5.304773437E1,1.166673889E0,5.688171387E-3,9.824819183E0,9.893848205E0
5.305776638E1,1.199904785E0,-2.095642090E-2,9.850266266E0,9.923102145E0
5.306779737E1,1.192719727E0,-4.296066284E-2,9.858199768E0,9.930182709E0
5.307782937E1,1.193767548E0,-6.002517700E-2,9.857151947E0,9.929356902E0
5.308786038E1,1.189875641E0,-6.421646118E-2,9.850266266E0,9.922080090E0
5.309789238E1,1.194665680E0,-5.748046875E-2,9.834249573E0,9.906714629E0
5.310792337E1,1.192270660E0,-4.490661621E-2,9.823471985E0,9.895662068E0
5.311795537E1,1.193767548E0,-5.164260864E-2,9.813143463E0,9.885622517E0
5.312798638E1,1.201401672E0,-3.832031250E-2,9.811796265E0,9.885149486E0
5.313801837E1,1.202898560E0,-2.080673218E-2,9.763596497E0,9.837439424E0
5.314805037E1,1.189276886E0,-1.496887207E-4,9.754914551E0,9.827142892E0
5.315808138E1,1.175804901E0,1.541793823E-2,9.772877197E0,9.843367492E0
5.316811338E1,1.197958832E0,2.065704346E-2,9.827513580E0,9.900280564E0
5.317814437E1,1.242117004E0,2.604583740E-2,9.874665527E0,9.952514874E0
5.318817637E1,1.262474670E0,3.742218018E-2,9.875264282E0,9.955706271E0
5.319820738E1,1.245110779E0,2.844085693E-2,9.835447083E0,9.913986537E0
5.320823937E1,1.222208405E0,2.978805542E-2,9.801916809E0,9.877866867E0
5.321827037E1,1.169068909E0,7.484436035E-3,9.798174591E0,9.867674673E0
5.322830238E1,1.153501282E0,-4.535568237E-2,9.835596771E0,9.903109925E0
5.323833338E1,1.152453461E0,-5.658233643E-2,9.804311829E0,9.871974522E0
5.324836537E1,1.154549103E0,-3.353027344E-2,9.788444824E0,9.856356324E0
5.325839637E1,1.181193695E0,-3.412902832E-2,9.760153656E0,9.831428316E0
5.326842838E1,1.195563812E0,-3.847000122E-2,9.785301361E0,9.858142599E0
5.327846037E1,1.213227081E0,-7.933502197E-2,9.785750427E0,9.860990083E0
5.328849137E1,1.255888367E0,-1.125659180E-1,9.845625916E0,9.926040315E0
5.329852338E1,1.289568329E0,-1.468446350E-1,9.829309845E0,9.914629688E0
5.330855438E1,1.292113037E0,-1.360670471E-1,9.808503113E0,9.894180292E0
5.331858637E1,1.265767822E0,-1.199006653E-1,9.756261749E0,9.838759458E0
5.332861737E1,1.231040039E0,-7.125183105E-2,9.764943695E0,9.842492660E0
5.333864938E1,1.189426575E0,-1.586700439E-2,9.776020660E0,9.848125065E0
5.334868037E1,1.151255951E0,5.882766724E-2,9.702074432E0,9.770317254E0
5.335871237E1,1.127605133E0,9.460327148E-2,9.662257233E0,9.728291625E0
5.336874338E1,1.143621826E0,8.457412720E-2,9.729467468E0,9.796813813E0
5.337877538E1,1.201401672E0,5.538482666E-2,9.824519806E0,9.897859510E0
5.338880637E1,1.221310272E0,3.038681030E-2,9.899813232E0,9.974909733E0
5.339883837E1,1.223405914E0,-6.137237549E-3,9.930200043E0,1.000528024E1
5.340886938E1,1.224753113E0,-3.263214111E-2,9.929750977E0,1.000505070E1
5.341890137E1,1.210382996E0,-5.613327026E-2,9.877958679E0,9.951997066E0
5.342893337E1,1.200653229E0,-6.780899048E-2,9.820927277E0,9.894280106E0
5.343896438E1,1.194515991E0,-7.619155884E-2,9.777816925E0,9.850805928E0
5.344899638E1,1.195863190E0,-7.050338745E-2,9.740394745E0,9.813783637E0
5.345902737E1,1.201701050E0,-6.900650024E-2,9.743538208E0,9.817605824E0
5.346905937E1,1.209035797E0,-6.451583862E-2,9.773775330E0,9.848482830E0
5.347909038E1,1.216819611E0,-7.439529419E-2,9.808652802E0,9.884121327E0
5.348912237E1,1.246158600E0,-7.903564453E-2,9.826465759E0,9.905482684E0
5.349915337E1,1.258732452E0,-8.412506104E-2,9.818681946E0,9.899393899E0
5.350918538E1,1.249152374E0,-8.352630615E-2,9.820927277E0,9.900402561E0
5.351921638E1,1.245559845E0,-8.158035278E-2,9.814790039E0,9.893845470E0
5.352924837E1,1.229243774E0,-6.227050781E-2,9.808054047E0,9.884980630E0
5.353927937E1,1.235081635E0,-4.984634399E-2,9.790390778E0,9.868113441E0
5.354931138E1,1.233734436E0,-2.424957275E-2,9.749825134E0,9.827602905E0
5.355934337E1,1.228645020E0,2.245330811E-3,9.853858795E0,9.930161468E0
5.356937437E1,1.229692841E0,1.481918335E-2,9.822873230E0,9.899555676E0
5.357940638E1,1.224004669E0,3.293151855E-3,9.759554901E0,9.836010886E0
5.358943738E1,1.221909027E0,-2.993774414E-2,9.785151672E0,9.861194207E0
5.359946937E1,1.218765564E0,-1.945953369E-2,9.798024902E0,9.873553573E0
5.360950037E1,1.218017120E0,-3.233276367E-2,9.794731750E0,9.870227007E0
5.361953238E1,1.207688599E0,-4.969665527E-2,9.790091400E0,9.864424521E0
5.362956337E1,1.226250000E0,-7.723937988E-2,9.838291168E0,9.914717752E0
5.363959537E1,1.253493347E0,-6.421646118E-2,9.825268250E0,9.905113099E0
5.364962638E1,1.274150391E0,-6.301895142E-2,9.798773346E0,9.881466981E0
5.365965838E1,1.274000702E0,-4.894821167E-2,9.776769104E0,9.859548054E0
5.366968937E1,1.248852997E0,-4.580474854E-2,9.770482178E0,9.850078876E0
5.367972137E1,1.231938171E0,-4.580474854E-2,9.784702606E0,9.862057332E0
5.368975338E1,1.226998444E0,-4.849914551E-2,9.801767120E0,9.878386307E0
5.369978437E1,1.260678406E0,-6.062393188E-2,9.819280701E0,9.900063575E0
5.370981637E1,1.259031830E0,-8.098159790E-2,9.797426147E0,9.878323658E0
5.371984738E1,1.247206421E0,-9.355545044E-2,9.781110077E0,9.860750013E0
5.372987938E1,1.230291595E0,-1.001417542E-1,9.764943695E0,9.842650616E0
5.373991037E1,1.207688599E0,-9.116043091E-2,9.801168365E0,9.875713812E0
5.374994237E1,1.206640778E0,-1.070274353E-1,9.788444824E0,9.863117606E0
5.375997338E1,1.198707275E0,-9.520202637E-2,9.775421906E0,9.849103309E0
5.377000537E1,1.188977509E0,-1.109193420E-1,9.771080933E0,9.843779417E0
5.378003637E1,1.208287354E0,-9.056167603E-2,9.794432373E0,9.869096476E0
5.379006838E1,1.231040039E0,-8.098159790E-2,9.779762878E0,9.857270391E0
5.380009938E1,1.230740662E0,-8.322692871E-2,9.765841827E0,9.843440247E0
5.381013137E1,1.214574280E0,-8.726852417E-2,9.769883423E0,9.845477570E0
5.382016237E1,1.212029572E0,-8.846603394E-2,9.780511322E0,9.855721366E0
5.383019438E1,1.209335175E0,-9.565109253E-2,9.769883423E0,9.844910502E0
5.384022637E1,1.212328949E0,-8.352630615E-2,9.815837860E0,9.890773024E0
5.385025737E1,1.235830078E0,-6.900650024E-2,9.837542725E0,9.915103869E0
5.386028938E1,1.228794708E0,-3.143463135E-2,9.827214203E0,9.903790363E0
5.387032038E1,1.221759338E0,-4.191284180E-3,9.800120544E0,9.875984818E0
5.388035237E1,1.202000427E0,5.987548828E-4,9.768835602E0,9.842507526E0
5.389038337E1,1.192120972E0,-1.466949463E-2,9.756261749E0,9.828835685E0
5.390041538E1,1.201401672E0,-3.532653809E-2,9.800868988E0,9.874292221E0
5.391044637E1,1.214424591E0,-8.442443848E-2,9.852661285E0,9.927582232E0
5.392047837E1,1.247206421E0,-9.460327148E-2,9.837542725E0,9.916739408E0
5.393050938E1,1.232237549E0,-9.400451660E-2,9.777966614E0,9.855753514E0
5.394054138E1,1.209185486E0,-1.046324158E-1,9.748777313E0,9.824038710E0
5.395057237E1,1.243613892E0,-1.124162292E-1,9.791139221E0,9.870441741E0
5.396060437E1,1.243913269E0,-1.492396545E-1,9.758507080E0,9.838600161E0
5.397063638E1,1.245410156E0,-1.630110168E-1,9.745484161E0,9.826091827E0
5.398065642E1,1.266965332E0,-1.942959595E-1,9.802365875E0,9.885814525E0
5.399068842E1,1.273851013E0,-1.794767761E-1,9.794282684E0,9.878404811E0
5.400071942E1,1.272653503E0,-1.368154907E-1,9.722581787E0,9.806475515E0
5.401075142E1,1.226549377E0,-9.654922485E-2,9.716444550E0,9.794030826E0
5.402078242E1,1.190474396E0,-4.670288086E-2,9.767937469E0,9.840325851E0
5.403081442E1,1.184636536E0,-2.694396973E-3,9.779313812E0,9.850804516E0
5.404084542E1,1.174457703E0,3.502716064E-2,9.763297119E0,9.833745392E0
5.405087742E1,1.210382996E0,4.849914551E-2,9.780810699E0,9.855538397E0
5.406090842E1,1.224154358E0,4.400848389E-2,9.839638367E0,9.915592460E0
5.407094042E1,1.239572296E0,3.891906738E-3,9.888736267E0,9.966125605E0
5.408097142E1,1.205143890E0,-6.885681152E-3,9.901609497E0,9.974682443E0
5.409100342E1,1.198856964E0,-4.161346436E-2,9.889035645E0,9.961526775E0
5.410103542E1,1.190923462E0,-7.828720093E-2,9.854607239E0,9.926616312E0
5.411106642E1,1.191372528E0,-1.064286804E-1,9.818232880E0,9.890823648E0
5.412109842E1,1.209784241E0,-1.088237000E-1,9.777667236E0,9.852826858E0
5.413112942E1,1.241817627E0,-9.340576172E-2,9.737700348E0,9.817007880E0
5.414116142E1,1.253193970E0,-8.547225952E-2,9.721983032E0,9.802793210E0
5.415119242E1,1.250050507E0,-9.639953613E-2,9.729018402E0,9.809470842E0
5.416122442E1,1.248553619E0,-8.816665649E-2,9.753717041E0,9.833699996E0
5.417125542E1,1.244961090E0,-1.079255676E-1,9.770182800E0,9.849774007E0
5.418128742E1,1.244212646E0,-1.076261902E-1,9.796977081E0,9.876254778E0
5.419131842E1,1.233584747E0,-1.053808594E-1,9.799222412E0,9.877124902E0
5.420135042E1,1.236728210E0,-9.175918579E-2,9.776918793E0,9.855255324E0
5.421138142E1,1.223854980E0,-9.699829102E-2,9.784103851E0,9.860827443E0
5.422141342E1,1.209933929E0,-5.418731689E-2,9.780062256E0,9.854770119E0
5.423144542E1,1.188528442E0,-3.248245239E-2,9.775870972E0,9.847908825E0
5.424147642E1,1.197958832E0,-7.634124756E-3,9.855056305E0,9.927602853E0
5.425150842E1,1.186582489E0,2.215393066E-2,9.783505096E0,9.855224035E0
5.426153942E1,1.199156342E0,3.787124634E-2,9.757459259E0,9.830942038E0
5.427157142E1,1.201251984E0,2.170486450E-2,9.763895874E0,9.837537297E0
5.428160242E1,1.216071167E0,1.631607056E-2,9.736652527E0,9.812313577E0
5.429163442E1,1.199306030E0,-7.634124756E-3,9.718240814E0,9.791965980E0
5.430166542E1,1.190474396E0,-6.706054688E-2,9.790989532E0,9.863326134E0
5.431169742E1,1.236877899E0,-9.026229858E-2,9.864187317E0,9.941841160E0
5.432172842E1,1.291963348E0,-7.753875732E-2,9.815837860E0,9.900800697E0
5.433176042E1,1.299148407E0,-7.574249268E-2,9.794132996E0,9.880210759E0
5.434179142E1,1.288520508E0,-6.376739502E-2,9.791139221E0,9.875766230E0
5.435182342E1,1.265019379E0,-3.532653809E-2,9.762548676E0,9.844230728E0
5.436185542E1,1.207389221E0,-3.248245239E-2,9.753717041E0,9.828216520E0
5.437188642E1,1.207089844E0,-2.035766602E-2,9.788295135E0,9.862464296E0
5.438191842E1,1.220112762E0,-1.736389160E-2,9.787247314E0,9.863021173E0
5.439194942E1,1.235530701E0,-3.442840576E-3,9.762848053E0,9.840718981E0
5.440198142E1,1.210532684E0,4.340972900E-3,9.763596497E0,9.838354780E0
5.441201242E1,1.207538910E0,6.735992432E-3,9.786498871E0,9.860717811E0
5.442204442E1,1.204844513E0,-2.050735474E-2,9.795031128E0,9.868875602E0
5.443207542E1,1.189725952E0,-2.784210205E-2,9.795480194E0,9.867505017E0
5.444210742E1,1.165626068E0,-3.188369751E-2,9.794132996E0,9.863302785E0
5.445213842E1,1.164877625E0,-4.176315308E-2,9.792486420E0,9.861616212E0
5.446217042E1,1.178648987E0,-3.308120728E-2,9.809700623E0,9.880310426E0
5.447220142E1,1.187330933E0,-2.589614868E-2,9.814041595E0,9.885637956E0
5.448223342E1,1.199006653E0,-1.481918335E-2,9.809101868E0,9.882121028E0
5.449226542E1,1.202599182E0,-2.993774414E-4,9.804910583E0,9.878386327E0
5.450229642E1,1.205143890E0,-9.280700684E-3,9.795180817E0,9.869043781E0
5.451232842E1,1.198258209E0,-9.580078125E-3,9.795480194E0,9.868502761E0
5.452235942E1,1.179696808E0,-8.232879639E-3,9.767638092E0,9.838623188E0
5.453239142E1,1.178349609E0,-7.783813477E-3,9.750723267E0,9.821668525E0
5.454242242E1,1.193468170E0,-1.197509766E-2,9.785900116E0,9.858415225E0
5.455245442E1,1.233135681E0,-1.511856079E-2,9.855804749E0,9.932660239E0
5.456248542E1,1.254541168E0,1.347198486E-2,9.845775604E0,9.925389276E0
5.457251742E1,1.244062958E0,3.652404785E-2,9.790989532E0,9.869777235E0
5.458254842E1,1.219364319E0,4.625381470E-2,9.764344940E0,9.840295771E0
5.459258042E1,1.175206146E0,3.038681030E-2,9.799521790E0,9.869785213E0
5.460261142E1,1.188977509E0,2.993774414E-3,9.827513580E0,9.899176716E0
5.461264342E1,1.202449493E0,-1.646575928E-3,9.804162140E0,9.877625360E0
5.462267442E1,1.172661438E0,2.095642090E-3,9.722432098E0,9.792896668E0
5.463270642E1,1.168919220E0,-1.691482544E-2,9.783505096E0,9.853102569E0
5.464273842E1,1.220112762E0,-4.700225830E-2,9.871671753E0,9.946898389E0
5.465276942E1,1.254840546E0,-3.338058472E-2,9.895621948E0,9.974922195E0
5.466280142E1,1.288221130E0,-2.035766602E-2,9.884395294E0,9.968008750E0
5.467283242E1,1.257534943E0,-8.981323242E-3,9.736951904E0,9.817825991E0
5.468286442E1,1.197509766E0,-1.676513672E-2,9.727671204E0,9.801117169E0
5.469289542E1,1.195713501E0,-6.017486572E-2,9.779164124E0,9.852177564E0
5.470292742E1,1.251397705E0,-7.349716187E-2,9.859247589E0,9.938619676E0
5.471295842E1,1.281634827E0,-5.897735596E-2,9.868827667E0,9.951875486E0
5.472299042E1,1.284179535E0,-1.691482544E-2,9.831704865E0,9.915231905E0
5.473302142E1,1.246607666E0,3.861968994E-2,9.764494629E0,9.843824334E0
5.474305342E1,1.233285370E0,8.532257080E-2,9.732760620E0,9.810958263E0
5.475308442E1,1.208137665E0,1.155596924E-1,9.758207703E0,9.833390475E0
5.476311642E1,1.223405914E0,1.240919495E-1,9.800270233E0,9.877115849E0
5.477314842E1,1.243464203E0,1.368154907E-1,9.821675720E0,9.901021950E0
5.478317942E1,1.231189728E0,1.181044006E-1,9.827064514E0,9.904593569E0
5.479321142E1,1.223555603E0,8.352630615E-2,9.833650818E0,9.909831147E0
5.480324242E1,1.205892334E0,6.451583862E-2,9.854307861E0,9.928027097E0
5.481327442E1,1.191671906E0,4.056564331E-2,9.813442841E0,9.885615200E0
5.482330542E1,1.209035797E0,3.293151855E-3,9.774074707E0,9.848569174E0
5.483333742E1,1.198258209E0,-1.661544800E-2,9.773176575E0,9.846373910E0
5.484336842E1,1.201701050E0,-1.152603149E-2,9.779762878E0,9.853323308E0
5.485340042E1,1.211430817E0,-3.936813354E-2,9.801617432E0,9.876275551E0
5.486343142E1,1.216819611E0,-2.544708252E-2,9.816436615E0,9.891598725E0
5.487346342E1,1.213227081E0,-2.844085693E-2,9.805659027E0,9.880469513E0
5.488349442E1,1.229692841E0,-3.173400879E-2,9.813742218E0,9.890535266E0
5.489352642E1,1.224603424E0,-1.197509766E-2,9.810598755E0,9.886740862E0
5.490355842E1,1.222657471E0,-1.945953369E-3,9.806257782E0,9.882185323E0
5.491358942E1,1.244961090E0,2.484832764E-2,9.814490662E0,9.893167971E0
5.492362142E1,1.232387238E0,3.233276367E-2,9.796827393E0,9.874089865E0
5.493365242E1,1.215771790E0,7.783813477E-2,9.738598480E0,9.814502544E0
5.494368442E1,1.205443268E0,7.963439941E-2,9.803114319E0,9.877271154E0
5.495371542E1,1.183289337E0,9.026229858E-2,9.775571594E0,9.847340805E0
5.496374742E1,1.184337158E0,9.849517822E-2,9.765841827E0,9.837887090E0
5.497377929E1,1.220112762E0,6.661148071E-2,9.830956421E0,9.906604685E0
5.498381129E1,1.256786499E0,4.221221924E-2,9.852960663E0,9.932881153E0
5.499384229E1,1.257235565E0,3.861968994E-2,9.840536499E0,9.920599344E0
5.500387429E1,1.221459961E0,9.580078125E-3,9.796228638E0,9.872089532E0
5.501390529E1,1.190175018E0,-3.592529297E-3,9.778864746E0,9.851026607E0
5.502393729E1,1.209933929E0,2.679428101E-2,9.797276459E0,9.871741693E0
5.503396929E1,1.242117004E0,3.038681030E-2,9.800719299E0,9.879163770E0
5.504400029E1,1.255289612E0,4.849914551E-2,9.793833618E0,9.874071152E0
5.505403229E1,1.245709534E0,6.451583862E-2,9.801168365E0,9.880225497E0
5.506406329E1,1.237326965E0,7.798782349E-2,9.805509338E0,9.883575947E0
5.507409529E1,1.221909027E0,7.125183105E-2,9.818232880E0,9.894232430E0
5.508412629E1,1.227297821E0,7.259902954E-2,9.827363892E0,9.903969488E0
5.509415829E1,1.249152374E0,8.726852417E-2,9.822124786E0,9.901622734E0
5.510418929E1,1.234333191E0,6.691085815E-2,9.789642334E0,9.867378199E0
5.511422129E1,1.197659454E0,6.541397095E-2,9.761351166E0,9.834767091E0
5.512425229E1,1.188528442E0,5.029541016E-2,9.784253540E0,9.856304927E0
5.513428429E1,1.178199921E0,1.975891113E-2,9.795031128E0,9.865656606E0
5.514431629E1,1.161584473E0,9.879455566E-3,9.805509338E0,9.874076639E0
5.515434729E1,1.181942139E0,5.688171387E-3,9.791139221E0,9.862222205E0
5.516437929E1,1.187330933E0,-9.879455566E-3,9.804311829E0,9.875949715E0
5.517441029E1,1.177451477E0,-2.125579834E-2,9.820328522E0,9.890687340E0
5.518444229E1,1.199755096E0,-2.320175171E-2,9.836644592E0,9.909567470E0
5.519447329E1,1.218166809E0,-4.445755005E-2,9.844428406E0,9.919610753E0
5.520450529E1,1.212328949E0,-3.532653809E-2,9.831854553E0,9.906379429E0
5.521453629E1,1.205293579E0,-3.996688843E-2,9.813293152E0,9.887115477E0
5.522456829E1,1.197210388E0,-2.170486450E-2,9.786798248E0,9.859777065E0
5.523459929E1,1.194665680E0,-1.212478638E-2,9.785600739E0,9.858263281E0
5.524463129E1,1.200802917E0,-3.742218018E-3,9.795779572E0,9.869105282E0
5.525466229E1,1.216669922E0,1.661544800E-2,9.841734009E0,9.916667287E0
5.526469429E1,1.240919495E0,3.802093506E-2,9.835596771E0,9.913641643E0
5.527472529E1,1.235381012E0,6.286926270E-2,9.823771362E0,9.901343473E0
5.528475729E1,1.233135681E0,5.313949585E-2,9.780810699E0,9.858382492E0
5.529478929E1,1.206042023E0,3.637435913E-2,9.787846069E0,9.861936480E0
5.530482029E1,1.192570038E0,1.451980591E-2,9.825567627E0,9.897687271E0
5.531485229E1,1.201401672E0,-5.837860107E-3,9.799970856E0,9.873339295E0
5.532488329E1,1.197958832E0,2.005828857E-2,9.775721283E0,9.848869697E0
5.533491529E1,1.195264435E0,3.218307495E-2,9.778565369E0,9.851397540E0
5.534494629E1,1.232536926E0,-3.293151855E-3,9.792037354E0,9.869303605E0
5.535497829E1,1.261875916E0,-3.532653809E-2,9.778715057E0,9.859860393E0
5.536500929E1,1.272653503E0,-5.972579956E-2,9.814939728E0,9.897285283E0
5.537504129E1,1.293310547E0,-9.400451660E-2,9.838141479E0,9.923231167E0
5.538507229E1,1.285227356E0,-1.064286804E-1,9.837393036E0,9.921564300E0
5.539510429E1,1.269959106E0,-1.091230774E-1,9.787397003E0,9.870047825E0
5.540513629E1,1.249451752E0,-8.547225952E-2,9.786049805E0,9.865860630E0
5.541516729E1,1.230890350E0,-1.990859985E-2,9.782606964E0,9.859760972E0
5.542519929E1,1.195264435E0,4.041595459E-2,9.717791748E0,9.791106525E0
5.543523029E1,1.175355835E0,8.951385498E-2,9.675579529E0,9.747118204E0
5.544526229E1,1.194815369E0,9.580078125E-2,9.707612915E0,9.781334779E0
5.545529329E1,1.210083618E0,7.050338745E-2,9.798473969E0,9.873163890E0
5.546532529E1,1.229992218E0,5.029541016E-2,9.873468018E0,9.949913627E0
5.547535629E1,1.229992218E0,2.694396973E-2,9.899364166E0,9.975520925E0
5.548538829E1,1.215771790E0,4.490661621E-4,9.893675995E0,9.968095402E0
5.549541929E1,1.199605408E0,-3.697311401E-2,9.867330780E0,9.940052156E0
5.550545129E1,1.196461945E0,-5.328918457E-2,9.829459534E0,9.902153081E0
5.551548229E1,1.197509766E0,-5.688171387E-2,9.794432373E0,9.867531134E0
5.552551429E1,1.206640778E0,-7.454498291E-2,9.743837585E0,9.818549272E0
5.553554629E1,1.209484863E0,-5.493576050E-2,9.761949921E0,9.836744270E0
5.554557729E1,1.226250000E0,-5.673202515E-2,9.782756653E0,9.859474393E0
5.555560929E1,1.232237549E0,-4.535568237E-2,9.795480194E0,9.872785764E0
5.556564029E1,1.233884125E0,-4.086502075E-2,9.803862762E0,9.881288633E0
5.557567229E1,1.249302063E0,-3.876937866E-2,9.815688171E0,9.894947852E0
5.558570329E1,1.262624359E0,-4.385879517E-2,9.832303619E0,9.913139681E0
5.559573529E1,1.268162842E0,-4.340972900E-2,9.794731750E0,9.876582985E0
5.560576629E1,1.265169067E0,-4.191284180E-2,9.790241089E0,9.871738957E0
5.561579829E1,1.234931946E0,-3.203338623E-2,9.807305603E0,9.884802792E0
5.562582929E1,1.239123230E0,-4.041595459E-3,9.771979065E0,9.850229315E0
5.563586129E1,1.235231323E0,-1.047821045E-3,9.824220428E0,9.901570812E0
5.564589229E1,1.227447510E0,1.362167358E-2,9.856403503E0,9.932547657E0
5.565592429E1,1.216669922E0,9.729766846E-3,9.768985291E0,9.844463113E0
5.566595629E1,1.205592957E0,-2.185455322E-2,9.774823151E0,9.848913627E0
5.567598729E1,1.212628326E0,-2.874023438E-2,9.797575836E0,9.872374878E0
5.568601929E1,1.224154358E0,-2.110610962E-2,9.782756653E0,9.859073338E0
5.569605029E1,1.222507782E0,-4.041595459E-2,9.784552917E0,9.860711664E0
5.570608229E1,1.241667938E0,-6.676116943E-2,9.831405487E0,9.909729067E0
5.571611329E1,1.266965332E0,-6.182144165E-2,9.818382568E0,9.899982793E0
5.572614529E1,1.278191986E0,-5.284011841E-2,9.806706848E0,9.889796056E0
5.573617629E1,1.270258484E0,-4.864883423E-2,9.791288910E0,9.873462505E0
5.574620829E1,1.252894592E0,-1.377136230E-2,9.782606964E0,9.862521662E0
5.575623929E1,1.226250000E0,-2.260299683E-2,9.796977081E0,9.873447214E0
5.576627129E1,1.217268677E0,-3.772155762E-2,9.812844086E0,9.888127982E0
5.577630229E1,1.225800934E0,-3.412902832E-2,9.830657043E0,9.906844635E0
5.578633429E1,1.235381012E0,-4.879852295E-2,9.811646576E0,9.889234352E0
5.579636629E1,1.248403931E0,-6.017486572E-2,9.792486420E0,9.871926036E0
5.580639729E1,1.241368561E0,-6.062393188E-2,9.774224396E0,9.852925134E0
5.581642929E1,1.214723969E0,-6.466552734E-2,9.784552917E0,9.859878891E0
5.582646029E1,1.187181244E0,-9.520202637E-2,9.801767120E0,9.873859499E0
5.583649229E1,1.178349609E0,-9.669891357E-2,9.789792023E0,9.860927255E0
5.584652329E1,1.183289337E0,-7.963439941E-2,9.784403229E0,9.856016530E0
5.585655529E1,1.201551361E0,-8.307723999E-2,9.792336731E0,9.866128225E0
5.586658629E1,1.221609650E0,-9.026229858E-2,9.797426147E0,9.873704296E0
5.587661829E1,1.235680389E0,-7.918533325E-2,9.800868988E0,9.878775697E0
5.588664929E1,1.228645020E0,-7.484436035E-2,9.773026886E0,9.850239833E0
5.589668129E1,1.210083618E0,-7.813751221E-2,9.755812683E0,9.830884444E0
5.590671229E1,1.199605408E0,-8.217910767E-2,9.767488403E0,9.841221278E0
5.591674429E1,1.217418365E0,-6.361770630E-2,9.821975098E0,9.897340527E0
5.592677629E1,1.224603424E0,-5.029541016E-2,9.827812958E0,9.903943190E0
5.593680729E1,1.227597198E0,-2.544708252E-2,9.794582062E0,9.871245119E0
5.594683929E1,1.207239532E0,1.137634277E-2,9.774823151E0,9.849097641E0
5.595687029E1,1.168320465E0,1.137634277E-2,9.743987274E0,9.813785719E0
5.596690229E1,1.161584473E0,-1.377136230E-2,9.750573578E0,9.819529176E0
5.597693204E1,1.177002411E0,-6.107299805E-2,9.813742218E0,9.884260261E0
5.598696404E1,1.202000427E0,-7.005432129E-2,9.823022919E0,9.896539390E0
5.599699504E1,1.209634552E0,-5.583389282E-2,9.778265991E0,9.852959909E0
5.600702704E1,1.226998444E0,-6.152206421E-2,9.780511322E0,9.857368405E0
5.601705804E1,1.238674164E0,-8.786727905E-2,9.793534241E0,9.871947491E0
5.602709004E1,1.249152374E0,-1.445993042E-1,9.765542450E0,9.846172350E0
5.603712204E1,1.246907043E0,-1.532812500E-1,9.748477936E0,9.829094281E0
5.604715304E1,1.244362335E0,-1.791773987E-1,9.788145447E0,9.868552754E0
5.605718504E1,1.247655487E0,-2.080673218E-1,9.839338989E0,9.920308865E0
5.606721604E1,1.248403931E0,-1.532812500E-1,9.761800232E0,9.842497208E0
5.607724804E1,1.221310272E0,-1.329235840E-1,9.716743927E0,9.794099244E0
5.608727904E1,1.199455719E0,-8.187973022E-2,9.741143188E0,9.815053180E0
5.609731104E1,1.191821594E0,-2.559677124E-2,9.754315796E0,9.826890177E0
5.610734204E1,1.178349609E0,1.332229614E-2,9.771230621E0,9.842033994E0
5.611737404E1,1.206191711E0,2.230361938E-2,9.804611206E0,9.878552363E0
5.612740504E1,1.230590973E0,1.960922241E-2,9.848320312E0,9.924925775E0
5.613743704E1,1.237626343E0,1.631607056E-2,9.889185333E0,9.966341943E0
5.614746804E1,1.209484863E0,1.137634277E-2,9.899214478E0,9.972834619E0
5.615750004E1,1.183439026E0,-2.634521484E-2,9.858798523E0,9.929608769E0
5.616753204E1,1.175355835E0,-5.059478760E-2,9.820478210E0,9.890693275E0
5.617756304E1,1.177451477E0,-7.978408813E-2,9.803114319E0,9.873895271E0
5.618759504E1,1.194066925E0,-7.319778442E-2,9.771679688E0,9.844637000E0
5.619762604E1,1.228495331E0,-6.840774536E-2,9.750872955E0,9.828194330E0
5.620765804E1,1.250349884E0,-7.544311523E-2,9.726324005E0,9.806653106E0
5.621768904E1,1.233584747E0,-7.499404907E-2,9.739496613E0,9.817593886E0
5.622772104E1,1.240919495E0,-6.646179199E-2,9.756112061E0,9.834938785E0
5.623775204E1,1.232686615E0,-6.062393188E-2,9.782307587E0,9.859854627E0
5.624778404E1,1.233734436E0,-9.101074219E-2,9.803862762E0,9.881604560E0
5.625781504E1,1.231489105E0,-9.280700684E-2,9.799821167E0,9.877331293E0
5.626784704E1,1.219813385E0,-8.098159790E-2,9.796977081E0,9.872956125E0
5.627787804E1,1.216071167E0,-9.131011963E-2,9.786049805E0,9.861741094E0
5.628791004E1,1.205293579E0,-7.813751221E-2,9.799222412E0,9.873378245E0
5.629794204E1,1.189725952E0,-5.882766724E-2,9.771380310E0,9.843717880E0
5.630797304E1,1.198258209E0,-3.772155762E-2,9.852511597E0,9.925181631E0
5.631800504E1,1.174158325E0,-2.679428101E-2,9.829010468E0,9.898929865E0
5.632803604E1,1.159638519E0,-1.496887207E-3,9.776918793E0,9.845450971E0
5.633806804E1,1.176703033E0,-1.377136230E-2,9.763147430E0,9.833812456E0
5.634809904E1,1.200802917E0,-4.191284180E-3,9.746981049E0,9.820671300E0
5.635813104E1,1.195264435E0,1.047821045E-2,9.707014160E0,9.780331833E0
5.636816204E1,1.178349609E0,-1.242416382E-2,9.749675446E0,9.820633048E0
5.637819404E1,1.196012878E0,-3.607498169E-2,9.790690155E0,9.863536988E0
5.638822504E1,1.260528717E0,-2.978805542E-2,9.827812958E0,9.908366541E0
5.639825704E1,1.304387512E0,-1.721420288E-2,9.813742218E0,9.900063607E0
5.640828804E1,1.293160858E0,-2.095642090E-3,9.784253540E0,9.869340745E0
5.641832004E1,1.253643036E0,-2.544708252E-3,9.768386536E0,9.848502569E0
5.642835204E1,1.204545135E0,2.095642090E-2,9.745334473E0,9.819516899E0
5.643838304E1,1.179098053E0,2.125579834E-2,9.779912567E0,9.850757019E0
5.644841504E1,1.176553345E0,2.200424194E-2,9.804910583E0,9.875273845E0
5.645844604E1,1.222507782E0,3.173400879E-2,9.797725525E0,9.873750948E0
5.646847804E1,1.236279144E0,4.086502075E-2,9.796378326E0,9.874162465E0
5.647850904E1,1.229992218E0,4.460723877E-2,9.796378326E0,9.873393488E0
5.648854104E1,1.212778015E0,2.439926147E-2,9.802515564E0,9.877283899E0
5.649857204E1,1.184187469E0,5.837860107E-3,9.806557159E0,9.877798204E0
5.650860404E1,1.187330933E0,-1.347198486E-2,9.796078949E0,9.867780856E0
5.651863504E1,1.179397430E0,-2.948867798E-2,9.804162140E0,9.874889526E0
5.652866704E1,1.170715485E0,-3.338058472E-2,9.795480194E0,9.865248159E0
5.653869904E1,1.182840271E0,-3.906875610E-2,9.803713074E0,9.874888734E0
5.654873004E1,1.200054474E0,-1.960922241E-2,9.787696381E0,9.861009872E0
5.655876204E1,1.204395447E0,-8.382568359E-3,9.789941711E0,9.863751689E0
5.656879304E1,1.209933929E0,-5.688171387E-3,9.788893890E0,9.863387657E0
5.657882504E1,1.200204163E0,-1.377136230E-2,9.799821167E0,9.873052952E0
5.658885604E1,1.187779999E0,7.484436035E-4,9.777218170E0,9.849102347E0
5.659888804E1,1.187480621E0,1.422042847E-2,9.763596497E0,9.835554331E0
5.660891904E1,1.194216614E0,2.140548706E-2,9.788594513E0,9.861196380E0
5.661895104E1,1.202599182E0,1.736389160E-2,9.845176849E0,9.918369498E0
5.662898204E1,1.219663696E0,4.909790039E-2,9.863588562E0,9.938831393E0
5.663901404E1,1.226399689E0,7.768844604E-2,9.834099884E0,9.910580822E0
5.664904504E1,1.197659454E0,8.681945801E-2,9.765243073E0,9.838795559E0
5.665907704E1,1.162332916E0,7.723937988E-2,9.787397003E0,9.856476238E0
5.666910904E1,1.161135406E0,4.460723877E-2,9.833052063E0,9.901471512E0
5.667914004E1,1.175655212E0,2.679428101E-2,9.806557159E0,9.876813577E0
5.668917204E1,1.171763306E0,4.775070190E-2,9.704170074E0,9.774774995E0
5.669920304E1,1.169667664E0,1.886077881E-2,9.778116302E0,9.847844261E0
5.670923504E1,1.216819611E0,-2.185455322E-2,9.872120819E0,9.946853626E0
5.671926604E1,1.283281403E0,-2.544708252E-2,9.864486694E0,9.947640748E0
5.672929804E1,1.305135956E0,-1.466949463E-2,9.865085449E0,9.951055521E0
5.673932904E1,1.266665955E0,-1.092727661E-2,9.743687897E0,9.825681446E0
5.674936104E1,1.226399689E0,-1.526824951E-2,9.731263733E0,9.808250769E0
5.675939204E1,1.215771790E0,-5.328918457E-2,9.773775330E0,9.849244894E0
5.676942404E1,1.244661713E0,-7.948471069E-2,9.817634125E0,9.896536788E0
5.677945604E1,1.275796967E0,-6.466552734E-2,9.861193542E0,9.943589775E0
5.678948704E1,1.258582764E0,-1.601669312E-2,9.811047821E0,9.891458257E0
5.679951904E1,1.236279144E0,3.517684937E-2,9.741741943E0,9.819936844E0
5.680955004E1,1.211281128E0,7.993377686E-2,9.730215912E0,9.805645979E0
5.681958204E1,1.212328949E0,1.182540894E-1,9.764045563E0,9.839731260E0
5.682961304E1,1.221759338E0,1.360670471E-1,9.810748444E0,9.887466569E0
5.683964504E1,1.229692841E0,1.523831177E-1,9.821675720E0,9.899529234E0
5.684967604E1,1.213975525E0,1.383123779E-1,9.858349457E0,9.933776769E0
5.685970804E1,1.187181244E0,1.049317932E-1,9.850266266E0,9.922104388E0
5.686973904E1,1.179098053E0,7.274871826E-2,9.857151947E0,9.927689011E0
5.687977104E1,1.169068909E0,3.158432007E-2,9.842033386E0,9.911273423E0
5.688980204E1,1.161434784E0,9.280700684E-3,9.805359650E0,9.873909800E0
5.689983404E1,1.179846497E0,-8.981323242E-3,9.790839844E0,9.861676494E0
5.690986604E1,1.184786224E0,-2.544708252E-3,9.781259766E0,9.852754309E0
5.691989704E1,1.182091827E0,-8.831634521E-3,9.796378326E0,9.867443813E0
5.692992904E1,1.190175018E0,-1.287322998E-2,9.801467743E0,9.873472146E0
5.693996004E1,1.195863190E0,-1.646575928E-2,9.800270233E0,9.872976073E0
5.694999204E1,1.200054474E0,-1.257385254E-2,9.810898132E0,9.884028076E0
5.696002304E1,1.222657471E0,1.496887207E-4,9.808952179E0,9.884858834E0
5.697005504E1,1.212778015E0,3.442840576E-3,9.817334747E0,9.891961580E0
5.698008725E1,1.233584747E0,2.844085693E-2,9.807455292E0,9.884772102E0
5.699011925E1,1.237776031E0,4.984634399E-2,9.787546692E0,9.865629448E0
5.700015025E1,1.221459961E0,7.574249268E-2,9.748477936E0,9.824994831E0
5.701018225E1,1.197659454E0,8.846603394E-2,9.811496887E0,9.884719803E0
5.702021425E1,1.173858948E0,9.520202637E-2,9.774374084E0,9.845069680E0
5.703024525E1,1.164877625E0,1.098715210E-1,9.752669220E0,9.822604978E0
5.704027725E1,1.197060699E0,9.220825195E-2,9.805359650E0,9.878589704E0
5.705030825E1,1.240021362E0,4.969665527E-2,9.861941986E0,9.939719436E0
5.706034025E1,1.256487122E0,4.430786133E-2,9.868827667E0,9.948591991E0
5.707037125E1,1.243613892E0,3.128494263E-2,9.831405487E0,9.909797582E0
5.708040325E1,1.222358093E0,3.023712158E-2,9.807604980E0,9.883531203E0
5.709043425E1,1.234033813E0,6.316864014E-2,9.798623657E0,9.876226775E0
5.710046625E1,1.256337433E0,9.086105347E-2,9.794881439E0,9.875542612E0
5.711049725E1,1.238075409E0,1.169068909E-1,9.796078949E0,9.874698006E0
5.712052925E1,1.222657471E0,1.261875916E-1,9.759105835E0,9.836206652E0
5.713056025E1,1.201701050E0,1.399589539E-1,9.752669220E0,9.827422390E0
5.714059225E1,1.173260193E0,1.339714050E-1,9.796528015E0,9.867443892E0
5.715062425E1,1.192869415E0,1.031355286E-1,9.824669495E0,9.897358489E0
5.716065525E1,1.190175018E0,7.095245361E-2,9.805659027E0,9.877879316E0
5.717068725E1,1.201551361E0,5.583389282E-2,9.805509338E0,9.879010906E0
5.718071825E1,1.194515991E0,2.409988403E-2,9.807604980E0,9.880109550E0
5.719075025E1,1.185085602E0,4.790039062E-3,9.822573853E0,9.893806543E0
5.720078125E1,1.174158325E0,-1.511856079E-2,9.832453308E0,9.902323687E0
5.721081325E1,1.171463928E0,-4.760101318E-2,9.840237122E0,9.909836538E0
5.722084425E1,1.175056458E0,-5.463638306E-2,9.825567627E0,9.895732515E0
5.723087625E1,1.200204163E0,-7.499404907E-2,9.822274475E0,9.895614685E0
5.724090725E1,1.199006653E0,-8.202941895E-2,9.839638367E0,9.912760915E0
5.725093925E1,1.186732178E0,-7.214996338E-2,9.824220428E0,9.895900460E0
5.726097125E1,1.197809143E0,-5.837860107E-2,9.836195526E0,9.909031095E0
5.727100225E1,1.204245758E0,-4.670288086E-2,9.805060272E0,9.878845881E0
5.728103425E1,1.197210388E0,-2.649490356E-2,9.784403229E0,9.857411488E0
5.729106525E1,1.195713501E0,1.332229614E-2,9.755064240E0,9.828081531E0
5.730109725E1,1.180295563E0,3.847000122E-2,9.753267975E0,9.824500687E0
5.731112825E1,1.162482605E0,5.254074097E-2,9.772428131E0,9.841467264E0
5.732116025E1,1.193168793E0,7.259902954E-2,9.805958405E0,9.878549621E0
5.733119125E1,1.212328949E0,7.185058594E-2,9.833950195E0,9.908656843E0
5.734122325E1,1.243913269E0,7.723937988E-2,9.850865021E0,9.929392116E0
5.735125425E1,1.241518250E0,8.128097534E-2,9.847122803E0,9.925411914E0
5.736128625E1,1.214723969E0,7.304809570E-2,9.804012451E0,9.879248478E0
5.737131725E1,1.202449493E0,3.023712158E-2,9.816137238E0,9.889557590E0
5.738134925E1,1.203497314E0,-1.511856079E-2,9.829309845E0,9.902725200E0
5.739138125E1,1.193767548E0,-2.649490356E-2,9.779912567E0,9.852536362E0
5.740141225E1,1.191073151E0,-1.601669312E-2,9.768835602E0,9.841192042E0
5.741144425E1,1.203946381E0,-2.754272461E-2,9.756112061E0,9.830156053E0
5.742147525E1,1.233435059E0,-8.397537231E-2,9.782756653E0,9.860564975E0
5.743150725E1,1.253193970E0,-1.017883301E-1,9.767488403E0,9.848080305E0
5.744153825E1,1.280137939E0,-1.413061523E-1,9.802814941E0,9.887057264E0
5.745157025E1,1.303339691E0,-1.767823792E-1,9.820029144E0,9.907720159E0
5.746160125E1,1.294807434E0,-1.528321838E-1,9.794582062E0,9.880977772E0
5.747163325E1,1.267414398E0,-1.350192261E-1,9.755064240E0,9.837979862E0
5.748166425E1,1.234632568E0,-7.813751221E-2,9.776619415E0,9.854578136E0
5.749169625E1,1.185534668E0,9.879455566E-3,9.732910309E0,9.804852530E0
5.750172825E1,1.155147858E0,8.427474976E-2,9.680818634E0,9.749857344E0
5.751175925E1,1.150507507E0,1.104702759E-1,9.672136688E0,9.740949611E0
5.752179125E1,1.167572021E0,1.149609375E-1,9.751621399E0,9.821942799E0
5.753182225E1,1.199006653E0,9.101074219E-2,9.859846344E0,9.932898360E0
5.754185425E1,1.221310272E0,6.017486572E-2,9.939780121E0,1.001471161E1
5.755188525E1,1.211281128E0,2.050735474E-2,9.935888214E0,1.000947037E1
5.756191725E1,1.189426575E0,-1.437011719E-2,9.915081482E0,9.986179593E0
5.757194825E1,1.175206146E0,-3.412902832E-2,9.863289185E0,9.933113702E0
5.758198025E1,1.175206146E0,-5.703140259E-2,9.812245331E0,9.882536137E0
5.759201125E1,1.190324707E0,-5.014572144E-2,9.758357391E0,9.830815148E0
5.760204325E1,1.221010895E0,-4.340972900E-2,9.739795990E0,9.816128460E0
5.761207425E1,1.239123230E0,-5.239105225E-2,9.767189026E0,9.845615911E0
5.762210625E1,1.244062958E0,-4.565505981E-2,9.793534241E0,9.872339639E0
5.763213825E1,1.244811401E0,-5.837860107E-2,9.826765137E0,9.905467003E0
5.764216925E1,1.250200195E0,-5.269042969E-2,9.844877472E0,9.924081280E0
5.765220125E1,1.267564087E0,-6.810836792E-2,9.807904358E0,9.889709063E0
5.766223225E1,1.251397705E0,-7.439529419E-2,9.783205719E0,9.863196491E0
5.767226425E1,1.236129456E0,-7.244934082E-2,9.784702606E0,9.862741507E0
5.768229525E1,1.226848755E0,-4.834945679E-2,9.786798248E0,9.863514358E0
5.769232725E1,1.216669922E0,-4.176315308E-2,9.736951904E0,9.812760175E0
5.770235825E1,1.222208405E0,-1.152603149E-2,9.804012451E0,9.879908217E0
5.771239025E1,1.214125214E0,1.152603149E-2,9.829160156E0,9.903869055E0
5.772242125E1,1.195264435E0,2.185455322E-2,9.761051788E0,9.833985291E0
5.773245325E1,1.198258209E0,-6.137237549E-3,9.783056030E0,9.856167901E0
5.774248525E1,1.207239532E0,-2.784210205E-2,9.806557159E0,9.880625779E0
5.775251625E1,1.198856964E0,-3.038681030E-2,9.796528015E0,9.869657670E0
5.776254825E1,1.213526459E0,-3.891906738E-2,9.792486420E0,9.867469353E0
5.777257925E1,1.218765564E0,-4.370910645E-2,9.831405487E0,9.906756979E0
5.778261125E1,1.256487122E0,-4.475692749E-2,9.864337006E0,9.944139361E0
5.779264225E1,1.281934204E0,-3.847000122E-2,9.837093658E0,9.920345099E0
5.780267425E1,1.267115021E0,-5.209167480E-2,9.794731750E0,9.876490474E0
5.781270525E1,1.236279144E0,-3.847000122E-2,9.781409454E0,9.859302053E0
5.782273725E1,1.216669922E0,-4.730163574E-2,9.773026886E0,9.848582520E0
5.783276825E1,1.214424591E0,-3.562591553E-2,9.797126770E0,9.872172468E0
5.784280025E1,1.231638794E0,-4.580474854E-2,9.811047821E0,9.888159158E0
5.785283125E1,1.257684631E0,-6.017486572E-2,9.816436615E0,9.896859071E0
5.786286325E1,1.256636810E0,-6.062393188E-2,9.783954163E0,9.864510651E0
5.787289525E1,1.249002686E0,-6.571334839E-2,9.769434357E0,9.849171214E0
5.788292625E1,1.218466187E0,-7.843688965E-2,9.762249298E0,9.838308978E0
5.789295825E1,1.206491089E0,-8.457412720E-2,9.768985291E0,9.843568821E0
5.790298925E1,1.210832062E0,-9.190887451E-2,9.773326263E0,9.848475404E0
5.791302125E1,1.191073151E0,-8.472381592E-2,9.786349182E0,9.858928121E0
5.792305225E1,1.196461945E0,-9.939331055E-2,9.798473969E0,9.871752242E0
5.793308425E1,1.203796692E0,-1.011895752E-1,9.793085175E0,9.867313872E0
5.794311525E1,1.218615875E0,-1.026864624E-1,9.779014435E0,9.855186070E0
5.795314725E1,1.210981750E0,-1.025367737E-1,9.753118286E0,9.828545513E0
5.796317825E1,1.205143890E0,-9.190887451E-2,9.778415680E0,9.852828642E0
5.797321025E1,1.220262451E0,-1.091230774E-1,9.836943970E0,9.912941791E0
5.798324175E1,1.242865448E0,-8.322692871E-2,9.841284943E0,9.919804966E0
5.799327275E1,1.233584747E0,-4.894821167E-2,9.816885681E0,9.894209000E0
5.800330475E1,1.214424591E0,-3.338058472E-2,9.788744202E0,9.863845822E0
5.801333575E1,1.178499298E0,-2.185455322E-2,9.768087158E0,9.838946333E0
5.802336775E1,1.154698792E0,-3.023712158E-2,9.761800232E0,9.829902713E0
5.803339875E1,1.164578247E0,-6.002517700E-2,9.799821167E0,9.868958426E0
5.804343075E1,1.199755096E0,-7.993377686E-2,9.799521790E0,9.873015193E0
5.805346175E1,1.186732178E0,-8.008346558E-2,9.732161865E0,9.804576543E0
5.806349375E1,1.193019104E0,-5.867797852E-2,9.724078674E0,9.797165088E0
5.807352475E1,1.225950623E0,-8.038284302E-2,9.802066498E0,9.878761256E0
5.808355675E1,1.250499573E0,-1.387614441E-1,9.781259766E0,9.861848028E0
5.809358875E1,1.282682648E0,-1.442999268E-1,9.789043579E0,9.873776959E0
5.810361975E1,1.275198212E0,-1.448986816E-1,9.812095642E0,9.895673145E0
5.811365175E1,1.260079651E0,-1.516346741E-1,9.815239105E0,9.896954708E0
5.812368275E1,1.246907043E0,-1.010398865E-1,9.746681671E0,9.826636751E0
5.813371475E1,1.220262451E0,-6.691085815E-2,9.716893616E0,9.793443677E0
5.814374575E1,1.206491089E0,-4.445755005E-2,9.766141205E0,9.840483284E0
5.815377775E1,1.192570038E0,-2.544708252E-3,9.791438599E0,9.863797423E0
5.816380875E1,1.190324707E0,4.026626587E-2,9.786498871E0,9.858704501E0
5.817384075E1,1.216669922E0,3.248245239E-2,9.809700623E0,9.884916141E0
5.818387175E1,1.212328949E0,3.427871704E-2,9.849068756E0,9.923460680E0
5.819390375E1,1.215622101E0,3.083587646E-2,9.867929535E0,9.942571159E0
5.820393575E1,1.193318481E0,2.380050659E-2,9.863887939E0,9.935837194E0
5.821396675E1,1.174757080E0,9.729766846E-3,9.838889923E0,9.908779127E0
5.822399875E1,1.151106262E0,-1.736389160E-2,9.783355408E0,9.850857331E0
5.823402975E1,1.149759064E0,-1.871109009E-2,9.746232605E0,9.813834419E0
5.824406175E1,1.175804901E0,-3.757186890E-2,9.716145172E0,9.787104057E0
5.825409275E1,1.184486847E0,-3.113525391E-2,9.721533966E0,9.793477480E0
5.826412475E1,1.221160583E0,-6.376739502E-2,9.744136963E0,9.820565391E0
5.827415575E1,1.237925720E0,-7.185058594E-2,9.767189026E0,9.845588051E0
5.828418775E1,1.233285370E0,-7.738906860E-2,9.801767120E0,9.879353246E0
5.829421875E1,1.230441284E0,-7.813751221E-2,9.800569611E0,9.877816354E0
5.830425075E1,1.209035797E0,-8.173004150E-2,9.789941711E0,9.864654382E0
5.831428175E1,1.193767548E0,-7.723937988E-2,9.801467743E0,9.874199552E0
5.832431375E1,1.188229065E0,-6.930587769E-2,9.799821167E0,9.871838052E0
5.833434575E1,1.191222839E0,-5.733078003E-2,9.811047821E0,9.883266566E0
5.834437675E1,1.194965057E0,-2.335144043E-2,9.803563385E0,9.876150152E0
5.835440875E1,1.197210388E0,1.077758789E-2,9.777966614E0,9.850992842E0
5.836443975E1,1.191073151E0,4.311035156E-2,9.869725800E0,9.941428525E0
5.837447175E1,1.179547119E0,6.062393188E-2,9.804162140E0,9.875049465E0
5.838450275E1,1.181044006E0,7.708969116E-2,9.769584045E0,9.841015201E0
5.839453475E1,1.177152100E0,6.406677246E-2,9.780661011E0,9.851452757E0
5.840456575E1,1.201850739E0,5.688171387E-2,9.761500854E0,9.835373895E0
5.841459775E1,1.202898560E0,4.610412598E-2,9.732311554E0,9.806476366E0
5.842462875E1,1.171613617E0,8.532257080E-3,9.770033112E0,9.840035481E0
5.843466075E1,1.205443268E0,-2.065704346E-2,9.838590546E0,9.912183620E0
5.844469275E1,1.263821869E0,-2.619552612E-2,9.854906616E0,9.935648763E0
5.845472375E1,1.295555878E0,-2.918930054E-2,9.832453308E0,9.917482297E0
5.846475575E1,1.266216888E0,-3.068618774E-2,9.817484436E0,9.898850817E0
5.847478675E1,1.219963074E0,-1.122665405E-2,9.787397003E0,9.863142300E0
5.848481875E1,1.198707275E0,9.729766846E-3,9.755213928E0,9.828590570E0
5.849484975E1,1.178948364E0,1.437011719E-2,9.789342957E0,9.860089313E0
5.850488175E1,1.190324707E0,1.571731567E-2,9.795330505E0,9.867401869E0
5.851491275E1,1.207688599E0,3.113525391E-2,9.765542450E0,9.839984781E0
5.852494475E1,1.217268677E0,2.230361938E-2,9.770182800E0,9.845745905E0
5.853497575E1,1.200802917E0,2.335144043E-2,9.803114319E0,9.876412470E0
5.854500775E1,1.205293579E0,9.280700684E-3,9.826914825E0,9.900559263E0
5.855503975E1,1.195264435E0,1.392105103E-2,9.812844086E0,9.885381121E0
5.856507075E1,1.178349609E0,-1.182540894E-2,9.792785797E0,9.863432532E0
5.857510275E1,1.152603149E0,-2.305206299E-2,9.779164124E0,9.846881556E0
5.858513375E1,1.161434784E0,-2.200424194E-2,9.793234863E0,9.861889476E0
5.859516575E1,1.177301788E0,-4.640350342E-3,9.803563385E0,9.874002029E0
5.860519675E1,1.186582489E0,1.496887207E-3,9.835746460E0,9.907062565E0
5.861522875E1,1.192719727E0,1.691482544E-2,9.818232880E0,9.890427864E0
5.862525975E1,1.195563812E0,2.050735474E-2,9.824070740E0,9.896573108E0
5.863529175E1,1.185384979E0,3.966751099E-2,9.832303619E0,9.903580440E0
5.864532275E1,1.196162567E0,4.071533203E-2,9.815688171E0,9.888386972E0
5.865535475E1,1.168170776E0,4.370910645E-2,9.758656769E0,9.828423850E0
5.866538675E1,1.201701050E0,5.688171387E-2,9.783505096E0,9.857194982E0
5.867541775E1,1.208886108E0,5.388793945E-2,9.844727783E0,9.918819217E0
5.868544975E1,1.231489105E0,7.933502197E-2,9.840087433E0,9.917165933E0
5.869548075E1,1.223854980E0,9.624984741E-2,9.780211945E0,9.856958493E0
5.870551275E1,1.178050232E0,8.666976929E-2,9.746831360E0,9.818148275E0
5.871554375E1,1.149160309E0,5.298980713E-2,9.790091400E0,9.857447284E0
5.872557575E1,1.167122955E0,2.215393066E-2,9.828561401E0,9.897640426E0
5.873560675E1,1.168320465E0,2.469863892E-2,9.781708832E0,9.851264406E0
5.874563875E1,1.150208130E0,2.275268555E-2,9.696535950E0,9.764543300E0
5.875566975E1,1.165027313E0,6.436614990E-3,9.807604980E0,9.876560410E0
5.876570175E1,1.217118988E0,-2.874023438E-2,9.863588562E0,9.938439714E0
5.877573275E1,1.275796967E0,-8.083190918E-3,9.899813232E0,9.981684491E0
5.878576475E1,1.278191986E0,1.646575928E-3,9.823022919E0,9.905834479E0
5.879579675E1,1.219064941E0,2.993774414E-4,9.728419647E0,9.804502448E0
5.880582775E1,1.169068909E0,-2.769241333E-2,9.762698364E0,9.832485359E0
5.881585975E1,1.201401672E0,-4.700225830E-2,9.801018677E0,9.874489470E0
5.882589075E1,1.262774048E0,-3.113525391E-2,9.849817200E0,9.930481689E0
5.883592275E1,1.269510040E0,5.837860107E-3,9.829459534E0,9.911103094E0
5.884595375E1,1.246757355E0,6.915618896E-2,9.777517548E0,9.856928318E0
5.885598575E1,1.212478638E0,9.205856323E-2,9.743538208E0,9.819119922E0
5.886601675E1,1.205143890E0,1.408570862E-1,9.738598480E0,9.813893869E0
5.887604875E1,1.203347626E0,1.531315613E-1,9.774523773E0,9.849508098E0
5.888607975E1,1.209784241E0,1.737886047E-1,9.833950195E0,9.909609318E0
5.889611175E1,1.214574280E0,1.667532349E-1,9.859097900E0,9.935029378E0
5.890614375E1,1.195863190E0,1.339714050E-1,9.869127045E0,9.942218351E0
5.891617475E1,1.180145874E0,1.128652954E-1,9.837842102E0,9.909017110E0
5.892620675E1,1.165326691E0,7.604187012E-2,9.836644592E0,9.905722866E0
5.893623775E1,1.162781982E0,5.822891235E-2,9.805808716E0,9.874681621E0
5.894626975E1,1.172511749E0,2.918930054E-2,9.773625641E0,9.843748980E0
5.895630075E1,1.180894318E0,4.939727783E-3,9.783056030E0,9.854071295E0
5.896633275E1,1.177900543E0,1.796264648E-2,9.778565369E0,9.849269669E0
5.897636387E1,1.184935913E0,2.844085693E-3,9.798024902E0,9.869416051E0
5.898639587E1,1.195563812E0,9.131011963E-3,9.799671478E0,9.872335959E0
5.899642688E1,1.196611633E0,1.646575928E-2,9.816286926E0,9.888965545E0
5.900645888E1,1.214574280E0,3.832031250E-2,9.818532257E0,9.893444032E0
5.901649087E1,1.222657471E0,5.553451538E-2,9.808652802E0,9.884717758E0
5.902652187E1,1.222507782E0,7.110214233E-2,9.802814941E0,9.879006102E0
5.903655388E1,1.210981750E0,8.622070312E-2,9.826615448E0,9.901327283E0
5.904658487E1,1.226250000E0,1.276844788E-1,9.771380310E0,9.848850976E0
5.905661687E1,1.190773773E0,1.366658020E-1,9.769733734E0,9.842983133E0
5.906664788E1,1.171463928E0,1.457968140E-1,9.813442841E0,9.884191663E0
5.907667987E1,1.146914978E0,1.612147522E-1,9.759405212E0,9.827888596E0
5.908671087E1,1.135239258E0,1.425036621E-1,9.715247040E0,9.782387260E0
5.909674288E1,1.160386963E0,9.475296021E-2,9.792785797E0,9.861750843E0
5.910677388E1,1.198856964E0,6.631210327E-2,9.847571869E0,9.920500342E0
5.911680587E1,1.232686615E0,2.260299683E-2,9.849817200E0,9.926677493E0
5.912683787E1,1.242566071E0,-1.975891113E-2,9.847272491E0,9.925378400E0
5.913686888E1,1.263522491E0,-2.110610962E-2,9.852361908E0,9.933074535E0
5.914690087E1,1.255139923E0,-2.245330811E-2,9.840985565E0,9.920729674E0
5.915693187E1,1.245709534E0,-1.466949463E-2,9.786199493E0,9.865176530E0
5.916696388E1,1.210382996E0,1.901046753E-2,9.736802216E0,9.811763643E0
5.917699488E1,1.188079376E0,2.439926147E-2,9.776170349E0,9.848128483E0
5.918702687E1,1.200353851E0,8.681945801E-3,9.806407471E0,9.879602837E0
5.919705787E1,1.220861206E0,1.362167358E-2,9.846224670E0,9.921634336E0
5.920708988E1,1.250798950E0,9.131011963E-3,9.871372375E0,9.950305220E0
5.921712088E1,1.255439301E0,-1.122665405E-2,9.865833893E0,9.945397542E0
5.922715287E1,1.240021362E0,-8.232879639E-3,9.844278717E0,9.922073585E0
5.923718387E1,1.192420349E0,-1.736389160E-2,9.822573853E0,9.894701859E0
5.924721588E1,1.166075134E0,-1.242416382E-2,9.809850311E0,9.878919410E0
5.925724787E1,1.157243500E0,-3.143463135E-3,9.800868988E0,9.868954115E0
5.926727887E1,1.154100037E0,-1.077758789E-2,9.789492645E0,9.857293204E0
5.927731088E1,1.155447235E0,-7.484436035E-4,9.809101868E0,9.876919475E0
5.928734188E1,1.165775757E0,-4.490661621E-3,9.800868988E0,9.869958774E0
5.929737387E1,1.176253967E0,1.047821045E-3,9.814790039E0,9.885022914E0
5.930740487E1,1.178050232E0,-6.137237549E-3,9.821376343E0,9.891778065E0
5.931743688E1,1.168170776E0,-1.916015625E-2,9.827812958E0,9.897014581E0
5.932746787E1,1.187480621E0,-3.532653809E-2,9.831704865E0,9.903220624E0
5.933749987E1,1.199455719E0,-2.020797729E-2,9.822723541E0,9.895706147E0
5.934753188E1,1.190624084E0,-1.227447510E-2,9.779762878E0,9.851979412E0
5.935756288E1,1.174457703E0,-2.155517578E-2,9.766141205E0,9.836530362E0
5.936759487E1,1.167572021E0,-2.170486450E-2,9.781708832E0,9.851168621E0
5.937762588E1,1.210832062E0,-2.514770508E-2,9.814191284E0,9.888634752E0
5.938765788E1,1.242566071E0,-1.541793823E-2,9.829908600E0,9.908143683E0
5.939768887E1,1.236428833E0,-3.143463135E-3,9.821376343E0,9.898898899E0
5.940772087E1,1.233584747E0,-4.790039062E-3,9.803114319E0,9.880425326E0
5.941775188E1,1.220561829E0,-1.796264648E-2,9.778715057E0,9.854611205E0
5.942778387E1,1.202000427E0,-4.730163574E-2,9.778565369E0,9.852278069E0
5.943781487E1,1.202748871E0,-7.080276489E-2,9.814790039E0,9.888464056E0
5.944784688E1,1.220412140E0,-5.194198608E-2,9.770482178E0,9.846543848E0
5.945787788E1,1.220861206E0,-2.709365845E-2,9.744286652E0,9.820507039E0
5.946790987E1,1.195863190E0,-2.290237427E-2,9.721683655E0,9.794985777E0
5.947794187E1,1.202000427E0,-6.721023560E-2,9.749226379E0,9.823275281E0
5.948797288E1,1.228645020E0,-9.011260986E-2,9.783804474E0,9.861060737E0
5.949800487E1,1.252595215E0,-1.218466187E-1,9.836794281E0,9.916973485E0
5.950803587E1,1.276844788E0,-1.380130005E-1,9.878557434E0,9.961690478E0
5.951806788E1,1.268611908E0,-1.010398865E-1,9.824070740E0,9.906157233E0
5.952809888E1,1.241368561E0,-5.673202515E-2,9.765392761E0,9.844140908E0
5.953813087E1,1.184337158E0,3.293151855E-3,9.777667236E0,9.849134070E0
5.954816187E1,1.152303772E0,8.547225952E-2,9.737999725E0,9.806311648E0
5.955819388E1,1.117126923E0,1.230441284E-1,9.687105560E0,9.752083191E0
5.956822587E1,1.121767273E0,1.175056458E-1,9.708511047E0,9.773809705E0
5.957825687E1,1.159788208E0,8.696914673E-2,9.805060272E0,9.873797611E0
5.958828888E1,1.202299805E0,3.682342529E-2,9.901160431E0,9.973959027E0
5.959831988E1,1.210233307E0,-9.580078125E-3,9.942624207E0,1.001601381E1
5.960835187E1,1.182840271E0,-6.316864014E-2,9.919572144E0,9.990045690E0
5.961838287E1,1.162931671E0,-9.939331055E-2,9.882748718E0,9.951432627E0
5.962841488E1,1.176852722E0,-1.017883301E-1,9.832902374E0,9.903600976E0
5.963844588E1,1.187480621E0,-9.460327148E-2,9.773026886E0,9.845360050E0
5.964847787E1,1.202000427E0,-8.726852417E-2,9.710157623E0,9.784660540E0
5.965850887E1,1.190324707E0,-8.592132568E-2,9.707313538E0,9.780398330E0
5.966854088E1,1.208586731E0,-8.292755127E-2,9.725126495E0,9.800287966E0
5.967857187E1,1.214574280E0,-7.858657837E-2,9.778116302E0,9.853574222E0
5.968860387E1,1.224154358E0,-7.409591675E-2,9.833351440E0,9.909533019E0
5.969863588E1,1.244961090E0,-6.840774536E-2,9.848320312E0,9.926934104E0
5.970866687E1,1.247356110E0,-6.451583862E-2,9.831555176E0,9.910577013E0
5.971869887E1,1.240320740E0,-6.391708374E-2,9.822124786E0,9.900334148E0
5.972872988E1,1.220412140E0,-4.819976807E-2,9.811796265E0,9.887521173E0
5.973876188E1,1.191522217E0,-2.948867798E-2,9.775870972E0,9.848261168E0
5.974879287E1,1.197060699E0,-1.257385254E-2,9.759405212E0,9.832553205E0
5.975882487E1,1.205592957E0,1.197509766E-2,9.877359924E0,9.950670171E0
5.976885588E1,1.203647003E0,2.963836670E-2,9.801916809E0,9.875586953E0
5.977888787E1,1.199156342E0,1.886077881E-2,9.766290894E0,9.839652915E0
5.978891887E1,1.194366302E0,-9.729766846E-3,9.788744202E0,9.861344664E0
5.979895088E1,1.201401672E0,-7.334747314E-3,9.809101868E0,9.882403515E0
5.980898288E1,1.179696808E0,-2.380050659E-2,9.747579803E0,9.818735308E0
5.981901387E1,1.188378754E0,-4.924758911E-2,9.780062256E0,9.852120945E0
5.982904587E1,1.225651245E0,-7.783813477E-2,9.839338989E0,9.915688150E0
5.983907688E1,1.280437317E0,-7.200027466E-2,9.861792297E0,9.944830370E0
5.984910887E1,1.307530975E0,-4.730163574E-2,9.814939728E0,9.901763305E0
5.985913987E1,1.268013153E0,-4.146377563E-2,9.777816925E0,9.859780952E0
5.986917188E1,1.214723969E0,-3.697311401E-2,9.760003967E0,9.835374867E0
5.987920288E1,1.183139648E0,-4.685256958E-2,9.760003967E0,9.831566103E0
5.988923487E1,1.187181244E0,-7.334747314E-2,9.800569611E0,9.872484178E0
5.989926587E1,1.223705292E0,-6.631210327E-2,9.812844086E0,9.889072807E0
5.990929788E1,1.249601440E0,-6.481521606E-2,9.786199493E0,9.865870732E0
5.991932987E1,1.240171051E0,-6.391708374E-2,9.763446808E0,9.842103596E0
5.992936087E1,1.202599182E0,-6.870712280E-2,9.761500854E0,9.835540880E0
5.993939288E1,1.181343384E0,-9.654922485E-2,9.781559143E0,9.853110839E0
5.994942388E1,1.171763306E0,-1.119671631E-1,9.784552917E0,9.855102317E0
5.995945587E1,1.166973267E0,-1.191522217E-1,9.803713074E0,9.873642382E0
5.996948687E1,1.174308014E0,-1.202000427E-1,9.801617432E0,9.872444056E0
5.997951888E1,1.187480621E0,-1.326242065E-1,9.835447083E0,9.907760530E0
5.998954987E1,1.202299805E0,-1.181044006E-1,9.838889923E0,9.912781062E0
5.999958187E1,1.220711517E0,-1.056802368E-1,9.815688171E0,9.891867326E0
6.000961288E1,1.202898560E0,-9.714797974E-2,9.777367859E0,9.851564593E0
6.001964488E1,1.175355835E0,-8.128097534E-2,9.739646301E0,9.810646157E0
6.002967687E1,1.159488831E0,-7.125183105E-2,9.754166107E0,9.823097659E0
6.003970787E1,1.184337158E0,-6.406677246E-2,9.790839844E0,9.862418765E0
6.004973988E1,1.208736420E0,-5.478607178E-2,9.782457275E0,9.857003378E0
6.005977087E1,1.204096069E0,-2.514770508E-2,9.783954163E0,9.857800911E0
6.006980287E1,1.192420349E0,-5.837860107E-3,9.771829376E0,9.844315605E0
6.007983388E1,1.189426575E0,-9.131011963E-3,9.776918793E0,9.849008073E0
6.008986588E1,1.181642761E0,-1.811233521E-2,9.798773346E0,9.869780482E0
6.009989687E1,1.167272644E0,-6.810836792E-2,9.835297394E0,9.904556477E0
6.010992887E1,1.206790466E0,-6.466552734E-2,9.823771362E0,9.897828481E0
6.011995988E1,1.181493073E0,-5.029541016E-2,9.725874939E0,9.797504725E0
6.012999187E1,1.166374512E0,-3.308120728E-2,9.728269958E0,9.797997768E0
6.014002387E1,1.201401672E0,-6.466552734E-2,9.798324280E0,9.871915027E0
6.015005488E1,1.247056732E0,-1.172062683E-1,9.783654785E0,9.863507934E0
6.016008688E1,1.263821869E0,-1.233435059E-1,9.780062256E0,9.862153774E0
6.017011787E1,1.266665955E0,-1.457968140E-1,9.807155914E0,9.889691930E0
6.018014987E1,1.250050507E0,-1.553768921E-1,9.824220428E0,9.904649175E0
6.019018088E1,1.241667938E0,-1.068777466E-1,9.757459259E0,9.836725741E0
6.020021287E1,1.231638794E0,-7.858657837E-2,9.733209686E0,9.811140646E0
6.021024387E1,1.203647003E0,-4.071533203E-2,9.744136963E0,9.818280348E0
6.022027588E1,1.182391205E0,2.245330811E-2,9.725425873E0,9.797063923E0
6.023030688E1,1.172212372E0,5.658233643E-2,9.704170074E0,9.774875971E0
6.024033887E1,1.187330933E0,4.715194702E-2,9.739047546E0,9.811270313E0
6.025037088E1,1.203497314E0,3.891906738E-2,9.822274475E0,9.895807008E0
6.026040188E1,1.222507782E0,4.296066284E-2,9.872569885E0,9.948065492E0
6.027043387E1,1.217118988E0,1.347198486E-2,9.885293427E0,9.959949109E0
6.028046487E1,1.190324707E0,-0.000000000E0,9.890532532E0,9.961902764E0
6.029049688E1,1.164877625E0,-3.966751099E-2,9.852212219E0,9.920917246E0
6.030052788E1,1.153052216E0,-4.385879517E-2,9.798623657E0,9.866330553E0
6.031055987E1,1.156644745E0,-5.508544922E-2,9.765542450E0,9.833955502E0
6.032059087E1,1.161135406E0,-6.451583862E-2,9.737251282E0,9.806449931E0
6.033062288E1,1.175655212E0,-5.239105225E-2,9.737850037E0,9.808701919E0
6.034065487E1,1.212478638E0,-4.535568237E-2,9.767039337E0,9.842114559E0
6.035068587E1,1.206640778E0,-4.670288086E-2,9.803713074E0,9.877801028E0
6.036071788E1,1.208437042E0,-5.373825073E-2,9.819430389E0,9.893655596E0
6.037074888E1,1.217268677E0,-5.598358154E-2,9.816436615E0,9.891779668E0
6.038078087E1,1.215173035E0,-3.622467041E-2,9.826316071E0,9.901234532E0
6.039081187E1,1.194515991E0,-2.963836670E-2,9.809700623E0,9.882204875E0
6.040084388E1,1.212029572E0,-1.601669312E-2,9.798923035E0,9.873609515E0
6.041087487E1,1.209933929E0,-9.879455566E-3,9.791438599E0,9.865916458E0
6.042090687E1,1.204096069E0,1.661544800E-2,9.750274200E0,9.824355979E0
6.043093788E1,1.212628326E0,3.757186890E-2,9.816286926E0,9.890974073E0
6.044096988E1,1.204844513E0,6.137237549E-2,9.814790039E0,9.888656146E0
6.045100087E1,1.194665680E0,7.454498291E-2,9.759554901E0,9.832685031E0
6.046103287E1,1.207688599E0,6.152206421E-2,9.759105835E0,9.833740052E0
6.047106488E1,1.217867432E0,5.254074097E-2,9.724078674E0,9.800187124E0
6.048109587E1,1.201850739E0,5.194198608E-2,9.739047546E0,9.813062227E0
6.049112787E1,1.185384979E0,-1.362167358E-2,9.791139221E0,9.862643172E0
6.050115888E1,1.208437042E0,-4.266128540E-2,9.849966888E0,9.923909904E0
6.051119088E1,1.266067200E0,-3.832031250E-2,9.860744476E0,9.941764241E0
6.052122187E1,1.254241791E0,-3.188369751E-2,9.817634125E0,9.897478409E0
6.053125388E1,1.249152374E0,-3.293151855E-2,9.796528015E0,9.875901341E0
6.054128488E1,1.209335175E0,-1.062789917E-2,9.780062256E0,9.854553376E0
6.055131687E1,1.181193695E0,8.532257080E-3,9.755513306E0,9.826766060E0
6.056134887E1,1.163231049E0,1.990859985E-2,9.763147430E0,9.832220023E0
6.057137988E1,1.183588715E0,2.409988403E-2,9.812095642E0,9.883252700E0
6.058141187E1,1.211281128E0,3.532653809E-2,9.786349182E0,9.861089202E0
6.059144287E1,1.224603424E0,4.775070190E-2,9.780511322E0,9.856994237E0
6.060147488E1,1.224304047E0,5.418731689E-2,9.808503113E0,9.884765550E0
6.061150588E1,1.201102295E0,5.358856201E-2,9.809850311E0,9.883252581E0
6.062153787E1,1.168769531E0,2.260299683E-2,9.788145447E0,9.857703810E0
6.063156887E1,1.170116730E0,2.754272461E-2,9.796977081E0,9.866645412E0
6.064160088E1,1.153351593E0,1.901046753E-2,9.781259766E0,9.849041776E0
6.065163188E1,1.167272644E0,1.002914429E-2,9.808353424E0,9.877571711E0
6.066166387E1,1.189127197E0,2.245330811E-2,9.833351440E0,9.905015305E0
6.067169588E1,1.208137665E0,1.062789917E-2,9.838141479E0,9.912050108E0
6.068172688E1,1.191522217E0,1.945953369E-2,9.839638367E0,9.911538077E0
6.069175887E1,1.193917236E0,2.005828857E-2,9.827363892E0,9.899642507E0
6.070178987E1,1.192270660E0,9.430389404E-3,9.806856537E0,9.879070472E0
6.071182188E1,1.172511749E0,2.230361938E-2,9.783654785E0,9.853688762E0
6.072185288E1,1.175655212E0,4.056564331E-2,9.759854279E0,9.830491661E0
6.073188487E1,1.179247742E0,3.742218018E-2,9.765542450E0,9.836556562E0
6.074191587E1,1.191073151E0,2.918930054E-2,9.838440857E0,9.910319155E0
6.075194788E1,1.224453735E0,4.610412598E-2,9.840237122E0,9.916233113E0
6.076197887E1,1.215023346E0,8.397537231E-2,9.802066498E0,9.877441026E0
6.077201087E1,1.182241516E0,9.280700684E-2,9.742340698E0,9.814250375E0
6.078204288E1,1.156495056E0,7.798782349E-2,9.766440582E0,9.834984726E0
6.079207388E1,1.162482605E0,4.685256958E-2,9.803413696E0,9.872207507E0
6.080210587E1,1.184337158E0,3.053649902E-2,9.807455292E0,9.878753276E0
6.081213687E1,1.178199921E0,3.532653809E-2,9.716145172E0,9.787383717E0
6.082216888E1,1.167122955E0,1.960922241E-2,9.772278442E0,9.841747125E0
6.083219987E1,1.201701050E0,-1.781295776E-2,9.882449341E0,9.955260302E0
6.084223187E1,1.262324982E0,-1.362167358E-2,9.895172882E0,9.975374493E0
6.085226288E1,1.286574554E0,3.442840576E-3,9.893376617E0,9.976682155E0
6.086229487E1,1.230590973E0,2.140548706E-2,9.743837585E0,9.821261794E0
6.087232587E1,1.170715485E0,9.280700684E-3,9.721234589E0,9.791479092E0
6.088235788E1,1.187779999E0,-1.781295776E-2,9.781259766E0,9.853130529E0
6.089238988E1,1.233734436E0,-1.407073975E-2,9.823921051E0,9.901097084E0
6.090242087E1,1.272803192E0,-5.388793945E-3,9.846673737E0,9.928597115E0
6.091245287E1,1.253942413E0,4.655319214E-2,9.800419922E0,9.880423545E0
6.092248388E1,1.219514008E0,8.966354370E-2,9.749675446E0,9.826058480E0
6.093251587E1,1.201401672E0,1.240919495E-1,9.736802216E0,9.811426103E0
6.094254687E1,1.180445251E0,1.722917175E-1,9.778864746E0,9.851361893E0
6.095257888E1,1.179696808E0,1.597178650E-1,9.830956421E0,9.902772264E0
6.096260988E1,1.182840271E0,1.585203552E-1,9.841584320E0,9.913678517E0
6.097264187E1,1.194815369E0,1.531315613E-1,9.838740234E0,9.912206739E0
6.098267250E1,1.175804901E0,1.326242065E-1,9.842781830E0,9.913650210E0
6.099270450E1,1.164278870E0,1.059796143E-1,9.833201752E0,9.902455941E0
6.100273650E1,1.174008636E0,7.125183105E-2,9.800868988E0,9.871190709E0
6.101276750E1,1.173709259E0,3.547622681E-2,9.779762878E0,9.850005784E0
6.102279950E1,1.176253967E0,1.930984497E-2,9.775272217E0,9.845805867E0
6.103283050E1,1.186881866E0,4.939727783E-3,9.795330505E0,9.866975863E0
6.104286250E1,1.173858948E0,-8.532257080E-3,9.806108093E0,9.876121383E0
6.105289350E1,1.204096069E0,-1.032852173E-2,9.840536499E0,9.913935274E0
6.106292550E1,1.217568054E0,-1.646575928E-2,9.829609222E0,9.904744346E0
6.107295650E1,1.226250000E0,-2.110610962E-2,9.833501129E0,9.909686120E0
6.108298850E1,1.234183502E0,1.227447510E-2,9.830507355E0,9.907685624E0
6.109301950E1,1.218765564E0,3.457809448E-2,9.792636108E0,9.868247418E0
6.110305150E1,1.220262451E0,7.140151978E-2,9.798024902E0,9.873977446E0
6.111308350E1,1.203796692E0,1.157093811E-1,9.771679688E0,9.846229687E0
6.112311450E1,1.205143890E0,1.444496155E-1,9.720785522E0,9.796270140E0
6.113314650E1,1.175655212E0,1.495390320E-1,9.812095642E0,9.883407711E0
6.114317750E1,1.162482605E0,1.544787598E-1,9.772428131E0,9.842539361E0
6.115320950E1,1.156345367E0,1.604663086E-1,9.722731476E0,9.792568172E0
6.116324050E1,1.180744629E0,1.155596924E-1,9.802066498E0,9.873602157E0
6.117327250E1,1.210532684E0,5.957611084E-2,9.873318329E0,9.947429493E0
6.118330350E1,1.237925720E0,4.939727783E-2,9.882748718E0,9.960101526E0
6.119333550E1,1.230590973E0,1.392105103E-2,9.845476227E0,9.922094037E0
6.120336750E1,1.231489105E0,-7.634124756E-3,9.845476227E0,9.922198639E0
6.121339850E1,1.249451752E0,3.891906738E-3,9.834698639E0,9.913750155E0
6.122343050E1,1.246457977E0,1.676513672E-2,9.804311829E0,9.883241826E0
6.123346150E1,1.212179260E0,3.742218018E-2,9.763297119E0,9.838330632E0
6.124349350E1,1.193617859E0,3.742218018E-2,9.752818909E0,9.825660318E0
6.125352450E1,1.200353851E0,2.709365845E-2,9.817035370E0,9.890185382E0
6.126355650E1,1.218765564E0,3.592529297E-3,9.852062531E0,9.927161654E0
6.127358750E1,1.244062958E0,-2.095642090E-2,9.858798523E0,9.937003579E0
6.128361950E1,1.259630585E0,-3.113525391E-2,9.857750702E0,9.937951877E0
6.129365050E1,1.245559845E0,-2.918930054E-2,9.832752686E0,9.911372091E0
6.130368250E1,1.206940155E0,-4.146377563E-2,9.813592529E0,9.887619638E0
6.131371350E1,1.195414124E0,-4.011657715E-2,9.791588287E0,9.864371519E0
6.132374550E1,1.166673889E0,-1.841171265E-2,9.781409454E0,9.850758238E0
6.133377750E1,1.169218597E0,-9.280700684E-3,9.759704590E0,9.829496017E0
6.134380850E1,1.152603149E0,2.844085693E-3,9.779313812E0,9.847003643E0
6.135384050E1,1.161434784E0,1.347198486E-3,9.793085175E0,9.861716372E0
6.136387150E1,1.164278870E0,4.340972900E-3,9.811347198E0,9.880187143E0
6.137390350E1,1.193468170E0,4.939727783E-3,9.840237122E0,9.912348727E0
6.138393450E1,1.209933929E0,-6.885681152E-3,9.831106110E0,9.905283179E0
6.139396650E1,1.203796692E0,5.089416504E-3,9.801916809E0,9.875562035E0
6.140399750E1,1.173260193E0,6.885681152E-3,9.773326263E0,9.843500045E0
6.141402950E1,1.158141632E0,8.532257080E-3,9.803563385E0,9.871738443E0
6.142406150E1,1.188079376E0,4.490661621E-3,9.831704865E0,9.903230448E0
6.143409250E1,1.214125214E0,2.335144043E-2,9.815987549E0,9.890816796E0
6.144412450E1,1.201251984E0,2.380050659E-2,9.824819183E0,9.898012163E0
6.145415550E1,1.222956848E0,1.901046753E-2,9.827513580E0,9.903333177E0
6.146418750E1,1.228944397E0,4.191284180E-3,9.789792023E0,9.866628084E0
6.147421850E1,1.226250000E0,-1.526824951E-2,9.793534241E0,9.870016976E0
6.148425050E1,1.221010895E0,-5.298980713E-2,9.818382568E0,9.894155436E0
6.149428150E1,1.243913269E0,-3.652404785E-2,9.782008209E0,9.860848789E0
6.150431350E1,1.245559845E0,-2.320175171E-2,9.756860504E0,9.836070585E0
6.151434450E1,1.252295837E0,-3.592529297E-3,9.727820892E0,9.808096507E0
6.152437650E1,1.241218872E0,-2.469863892E-2,9.746831360E0,9.825576618E0
6.153440850E1,1.235979767E0,-7.185058594E-2,9.734407196E0,9.812822833E0
6.154443950E1,1.263971558E0,-9.684860229E-2,9.782457275E0,9.864252333E0
6.155447150E1,1.281185760E0,-1.498384094E-1,9.840985565E0,9.925164250E0
6.156450250E1,1.291963348E0,-1.221459961E-1,9.846673737E0,9.931821213E0
6.157453450E1,1.270408173E0,-9.370513916E-2,9.765841827E0,9.848572697E0
6.158456550E1,1.229243774E0,-4.685256958E-2,9.739496613E0,9.816874741E0
6.159459750E1,1.181792450E0,1.377136230E-2,9.770033112E0,9.841258560E0
6.160462850E1,1.141975250E0,8.891510010E-2,9.723180542E0,9.790416397E0
6.161466050E1,1.141675873E0,1.263372803E-1,9.698182526E0,9.765967909E0
6.162469150E1,1.166673889E0,1.231938171E-1,9.754764862E0,9.825056855E0
6.163472350E1,1.205592957E0,7.918533325E-2,9.866732025E0,9.940428841E0
6.164475550E1,1.227597198E0,4.655319214E-2,9.931547241E0,1.000723702E1
6.165478650E1,1.226100311E0,4.939727783E-3,9.932295685E0,1.000768924E1
6.166481850E1,1.204245758E0,-3.053649902E-2,9.904752960E0,9.977738798E0
6.167484950E1,1.190175018E0,-7.903564453E-2,9.871821442E0,9.943622166E0
6.168488150E1,1.203796692E0,-7.768844604E-2,9.821526031E0,9.895328977E0
6.169491250E1,1.223256226E0,-7.963439941E-2,9.755962372E0,9.832675080E0
6.170494450E1,1.245110779E0,-6.017486572E-2,9.717043304E0,9.796675581E0
6.171497550E1,1.247056732E0,-5.254074097E-2,9.728868713E0,9.808608335E0
6.172500750E1,1.253493347E0,-6.062393188E-2,9.754465485E0,9.834862364E0
6.173503950E1,1.260229340E0,-6.421646118E-2,9.809550934E0,9.890378722E0
6.174507050E1,1.262624359E0,-6.212081909E-2,9.821975098E0,9.902993188E0
6.175510250E1,1.238674164E0,-8.921447754E-2,9.818831635E0,9.897056511E0
6.176513350E1,1.248852997E0,-8.726852417E-2,9.815388794E0,9.894903071E0
6.177516550E1,1.236877899E0,-5.987548828E-2,9.808802490E0,9.886660624E0
6.178519650E1,1.229543152E0,-4.550537109E-2,9.806257782E0,9.883144175E0
6.179522850E1,1.218466187E0,-2.499801636E-2,9.771829376E0,9.847534418E0
6.180525950E1,1.214574280E0,2.170486450E-2,9.783654785E0,9.858780997E0
6.181529150E1,1.226399689E0,3.697311401E-2,9.872420197E0,9.948371914E0
6.182532250E1,1.205143890E0,4.760101318E-2,9.782008209E0,9.856080471E0
6.183535450E1,1.198856964E0,3.607498169E-2,9.764794006E0,9.838178765E0
6.184538650E1,1.204245758E0,1.721420288E-2,9.791438599E0,9.865230560E0
6.185541750E1,1.202000427E0,-1.302291870E-2,9.772727509E0,9.846378907E0
6.186544950E1,1.215023346E0,-2.529739380E-2,9.759704590E0,9.835077802E0
6.187548050E1,1.240769806E0,-6.915618896E-2,9.819280701E0,9.897604042E0
6.188551250E1,1.271156616E0,-8.008346558E-2,9.868528290E0,9.950382059E0
6.189554350E1,1.322350159E0,-7.200027466E-2,9.845625916E0,9.934291301E0
6.190557550E1,1.316212921E0,-6.182144165E-2,9.800419922E0,9.888602985E0
6.191560650E1,1.280437317E0,-4.999603271E-2,9.771080933E0,9.854747177E0
6.192563850E1,1.217717743E0,-5.298980713E-2,9.759405212E0,9.835224172E0
6.193566950E1,1.194815369E0,-6.107299805E-2,9.784103851E0,9.856977318E0
6.194570150E1,1.222208405E0,-6.765930176E-2,9.830806732E0,9.906721565E0
6.195573350E1,1.253493347E0,-7.289840698E-2,9.814041595E0,9.894037204E0
6.196576450E1,1.257085876E0,-8.023315430E-2,9.791139221E0,9.871834151E0
6.197579650E1,1.242266693E0,-8.158035278E-2,9.773026886E0,9.852001645E0
6.198582817E1,1.216669922E0,-9.235794067E-2,9.786049805E0,9.861824703E0
6.199586017E1,1.203647003E0,-1.056802368E-1,9.777667236E0,9.852040956E0
6.200589117E1,1.189576263E0,-9.190887451E-2,9.785451050E0,9.857920226E0
6.201592317E1,1.176852722E0,-8.247848511E-2,9.753717041E0,9.824804382E0
6.202595417E1,1.169218597E0,-9.011260986E-2,9.742939453E0,9.813259479E0
6.203598617E1,1.196461945E0,-7.634124756E-2,9.764045563E0,9.837374392E0
6.204601817E1,1.210981750E0,-6.451583862E-2,9.735455017E0,9.810694343E0
6.205604917E1,1.208886108E0,-5.927673340E-2,9.725575562E0,9.800598928E0
6.206608117E1,1.219514008E0,-6.496490479E-2,9.766590271E0,9.842648037E0
6.207611217E1,1.240769806E0,-5.089416504E-2,9.845326538E0,9.923333843E0
6.208614417E1,1.242266693E0,-3.158432007E-2,9.856403503E0,9.934430740E0
6.209617517E1,1.233135681E0,-5.987548828E-3,9.828860779E0,9.905915590E0
6.210620717E1,1.200353851E0,1.077758789E-2,9.796677704E0,9.869947293E0
6.211623817E1,1.187630310E0,1.047821045E-2,9.801467743E0,9.873162890E0
6.212627017E1,1.155147858E0,-1.930984497E-2,9.801467743E0,9.869321626E0
6.213630117E1,1.166973267E0,-4.805007935E-2,9.845775604E0,9.914808756E0
6.214633317E1,1.187630310E0,-4.580474854E-2,9.800419922E0,9.872223380E0
6.215636517E1,1.186432800E0,-2.305206299E-2,9.697583771E0,9.769917358E0
6.216639617E1,1.177002411E0,-3.338058472E-2,9.750872955E0,9.821709237E0
6.217642817E1,1.222956848E0,-5.748046875E-2,9.800868988E0,9.877042086E0
6.218645917E1,1.266665955E0,-1.064286804E-1,9.796528015E0,9.878650255E0
6.219649117E1,1.295855255E0,-8.831634521E-2,9.795330505E0,9.881069797E0
6.220652217E1,1.267264709E0,-1.133143616E-1,9.787097626E0,9.869451855E0
6.221655417E1,1.235231323E0,-8.202941895E-2,9.771829376E0,9.849932721E0
6.222658517E1,1.210682373E0,-7.259902954E-2,9.726773071E0,9.802098592E0
6.223661717E1,1.207389221E0,-5.688171387E-2,9.732161865E0,9.806936261E0
6.224664817E1,1.197659454E0,-1.960922241E-2,9.752519531E0,9.825803270E0
6.225668017E1,1.180744629E0,1.002914429E-2,9.763297119E0,9.834440965E0
6.226671217E1,1.184037781E0,4.595443726E-2,9.759854279E0,9.831521389E0
6.227674317E1,1.202748871E0,4.745132446E-2,9.775272217E0,9.849101654E0
6.228677517E1,1.207838287E0,6.541397095E-2,9.827214203E0,9.901378253E0
6.229680617E1,1.222358093E0,6.945556641E-2,9.877210236E0,9.952801888E0
6.230683817E1,1.205143890E0,4.326004028E-2,9.877359924E0,9.950702603E0
6.231686917E1,1.191671906E0,4.610412598E-2,9.834399261E0,9.906443174E0
6.232690117E1,1.175505524E0,1.601669312E-2,9.792636108E0,9.862950457E0
6.233693217E1,1.177451477E0,8.981323242E-3,9.762099609E0,9.832856219E0
6.234696417E1,1.188528442E0,-7.484436035E-4,9.735754395E0,9.808033139E0
6.235699617E1,1.207389221E0,6.436614990E-3,9.718839569E0,9.793552610E0
6.236702717E1,1.205293579E0,-1.526824951E-2,9.726922760E0,9.801326038E0
6.237705917E1,1.218915253E0,-1.766326904E-2,9.760303345E0,9.836136831E0
6.238709017E1,1.216669922E0,-2.604583740E-2,9.785151672E0,9.860535347E0
6.239712217E1,1.220262451E0,-2.469863892E-2,9.813592529E0,9.889198593E0
6.240715317E1,1.205443268E0,-2.110610962E-2,9.794282684E0,9.868207144E0
6.241718517E1,1.200503540E0,-6.586303711E-3,9.790690155E0,9.864018747E0
6.242721617E1,1.200353851E0,-5.388793945E-3,9.799222412E0,9.872468703E0
6.243724817E1,1.204395447E0,1.422042847E-2,9.803713074E0,9.877426823E0
6.244727917E1,1.203048248E0,3.382965088E-2,9.793384552E0,9.867058858E0
6.245731117E1,1.201401672E0,4.864883423E-2,9.763596497E0,9.837354789E0
6.246734317E1,1.200204163E0,7.005432129E-2,9.848919067E0,9.922026226E0
6.247737417E1,1.196911011E0,8.053253174E-2,9.807006226E0,9.880103874E0
6.248740617E1,1.182540894E0,1.011895752E-1,9.765692139E0,9.837549758E0
6.249743717E1,1.172511749E0,8.412506104E-2,9.741741943E0,9.812410352E0
6.250746917E1,1.189576263E0,7.978408813E-2,9.716594238E0,9.789466828E0
6.251750017E1,1.203647003E0,4.385879517E-2,9.763147430E0,9.837161046E0
6.252753217E1,1.221609650E0,2.395019531E-3,9.856403503E0,9.931818861E0
6.253756317E1,1.257235565E0,3.891906738E-3,9.891280975E0,9.970862337E0
6.254759517E1,1.266516266E0,-1.841171265E-2,9.889185333E0,9.969974373E0
6.255762617E1,1.278341675E0,-1.661544800E-2,9.855804749E0,9.938376163E0
6.256765817E1,1.257235565E0,8.981323242E-4,9.837692413E0,9.917703065E0
6.257769017E1,1.222956848E0,2.439926147E-2,9.769434357E0,9.845713099E0
6.258772117E1,1.180594940E0,3.323089600E-2,9.750423889E0,9.821694086E0
6.259775317E1,1.134790192E0,6.062393188E-2,9.790839844E0,9.856569834E0
6.260778417E1,1.171014862E0,6.481521606E-2,9.807754669E0,9.877627674E0
6.261781617E1,1.222058716E0,6.825805664E-2,9.806706848E0,9.882792413E0
6.262784717E1,1.237626343E0,6.601272583E-2,9.817484436E0,9.895406879E0
6.263787917E1,1.236728210E0,6.511459351E-2,9.831405487E0,9.909100384E0
6.264791017E1,1.231339417E0,6.167175293E-2,9.810299377E0,9.887465501E0
6.265794217E1,1.202449493E0,4.430786133E-2,9.794582062E0,9.868215935E0
6.266797417E1,1.168021088E0,4.251159668E-2,9.780511322E0,9.850100620E0
6.267800517E1,1.159039764E0,3.248245239E-2,9.775721283E0,9.844244760E0
6.268803717E1,1.168021088E0,2.320175171E-2,9.795779572E0,9.865196855E0
6.269806817E1,1.187330933E0,3.876937866E-2,9.829758911E0,9.901283657E0
6.270810017E1,1.198407898E0,2.604583740E-2,9.821675720E0,9.894552735E0
6.271813117E1,1.207688599E0,2.664459229E-2,9.825567627E0,9.899545488E0
6.272816317E1,1.184337158E0,1.481918335E-2,9.823621674E0,9.894767147E0
6.273819417E1,1.194965057E0,2.125579834E-2,9.832004242E0,9.904377856E0
6.274822617E1,1.182540894E0,2.844085693E-2,9.815688171E0,9.886705524E0
6.275825717E1,1.186881866E0,4.490661621E-2,9.781110077E0,9.852959936E0
6.276828917E1,1.160985718E0,4.011657715E-2,9.759405212E0,9.828300325E0
6.277832117E1,1.173858948E0,5.658233643E-2,9.782157898E0,9.852500166E0
6.278835217E1,1.201701050E0,5.957611084E-2,9.833351440E0,9.906686392E0
6.279838417E1,1.224603424E0,6.915618896E-2,9.835147705E0,9.911335253E0
6.280841517E1,1.216969299E0,8.607101440E-2,9.782756653E0,9.858536921E0
6.281844717E1,1.187031555E0,8.966354370E-2,9.764195251E0,9.836492890E0
6.282847817E1,1.171314240E0,4.879852295E-2,9.802365875E0,9.872220373E0
6.283851017E1,1.168619843E0,3.861968994E-2,9.836195526E0,9.905448311E0
6.284854117E1,1.195114746E0,2.918930054E-2,9.803413696E0,9.876035205E0
6.285857317E1,1.157243500E0,4.221221924E-2,9.721683655E0,9.790409975E0
6.286860517E1,1.162632294E0,3.008743286E-2,9.777517548E0,9.846444460E0
6.287863617E1,1.210382996E0,1.167572021E-2,9.884095917E0,9.957937307E0
6.288866817E1,1.254092102E0,1.571731567E-2,9.862241364E0,9.941669817E0
6.289869917E1,1.276545410E0,2.559677124E-2,9.853709106E0,9.936086077E0
6.290873117E1,1.223555603E0,4.475692749E-2,9.742640076E0,9.819273249E0
6.291876217E1,1.188977509E0,2.544708252E-2,9.756561127E0,9.828774089E0
6.292879417E1,1.211131439E0,-1.945953369E-2,9.813592529E0,9.888064339E0
6.293882517E1,1.260079651E0,-2.514770508E-2,9.884844360E0,9.964867343E0
6.294885717E1,1.260678406E0,1.886077881E-2,9.846973114E0,9.927363461E0
6.295888817E1,1.253193970E0,7.454498291E-2,9.767937469E0,9.848281804E0
6.296892017E1,1.202748871E0,1.499880981E-1,9.707612915E0,9.782987774E0
6.297895217E1,1.202898560E0,2.080673218E-1,9.716444550E0,9.792831646E0
6.298898329E1,1.204545135E0,2.495310974E-1,9.744885406E0,9.822219013E0
6.299901529E1,1.203647003E0,2.579136658E-1,9.793683929E0,9.870741131E0
6.300904629E1,1.183439026E0,2.465373230E-1,9.806706848E0,9.880931524E0
6.301907829E1,1.175355835E0,2.097138977E-1,9.816436615E0,9.888774903E0
6.302910929E1,1.172362061E0,1.496887207E-1,9.846224670E0,9.916903739E0
6.303914129E1,1.178349609E0,8.472381592E-2,9.876012726E0,9.946422135E0
6.304917229E1,1.179247742E0,5.688171387E-3,9.870324554E0,9.940521334E0
6.305920429E1,1.190773773E0,-3.367996216E-2,9.835147705E0,9.907028157E0
6.306923629E1,1.179996185E0,-6.032455444E-2,9.801318054E0,9.872277632E0
6.307926729E1,1.190624084E0,-9.041198730E-2,9.809700623E0,9.882104348E0
6.308929929E1,1.205443268E0,-9.295669556E-2,9.829459534E0,9.903535184E0
6.309933029E1,1.221609650E0,-1.127156067E-1,9.831854553E0,9.908097643E0
6.310936229E1,1.233734436E0,-1.023870850E-1,9.829010468E0,9.906665965E0
6.311939329E1,1.229094086E0,-1.008901978E-1,9.828860779E0,9.905925263E0
6.312942529E1,1.226848755E0,-7.439529419E-2,9.865534515E0,9.941803850E0
6.313945629E1,1.249601440E0,-4.236190796E-2,9.862989807E0,9.941924674E0
6.314948829E1,1.251846771E0,1.047821045E-2,9.817783813E0,9.897277865E0
6.315951929E1,1.237027588E0,5.074447632E-2,9.757608948E0,9.835839803E0
6.316955129E1,1.221609650E0,1.103205872E-1,9.716145172E0,9.793261856E0
6.317958329E1,1.200653229E0,1.502874756E-1,9.787696381E0,9.862208421E0
6.318961429E1,1.192120972E0,1.682501221E-1,9.753417664E0,9.827442019E0
6.319964629E1,1.215023346E0,1.607656860E-1,9.757010193E0,9.833685740E0
6.320967729E1,1.234931946E0,1.293310547E-1,9.837093658E0,9.915149776E0
6.321970929E1,1.265468445E0,7.394622803E-2,9.897268524E0,9.978116188E0
6.322974029E1,1.261277161E0,3.966751099E-2,9.890981598E0,9.971153923E0
6.323977229E1,1.240171051E0,2.200424194E-2,9.866133270E0,9.943796766E0
6.324980329E1,1.221759338E0,6.286926270E-3,9.837542725E0,9.913121721E0
6.325983529E1,1.235081635E0,1.362167358E-2,9.791887665E0,9.869482065E0
6.326986729E1,1.244811401E0,1.137634277E-2,9.755962372E0,9.835064140E0
6.327989829E1,1.218615875E0,7.933502197E-3,9.748477936E0,9.824352887E0
6.328993029E1,1.204844513E0,-3.682342529E-2,9.777218170E0,9.851243648E0
6.329996129E1,1.230890350E0,-5.224136353E-2,9.840386810E0,9.917208921E0
6.330999329E1,1.238524475E0,-7.514373779E-2,9.853409729E0,9.931227152E0
6.332002429E1,1.267115021E0,-9.969268799E-2,9.823921051E0,9.905803548E0
6.333005629E1,1.272952881E0,-1.041833496E-1,9.789342957E0,9.872309696E0
6.334008729E1,1.245559845E0,-9.550140381E-2,9.758806458E0,9.838437036E0
6.335011929E1,1.199904785E0,-7.155120850E-2,9.740245056E0,9.814135969E0
6.336015129E1,1.193168793E0,-4.296066284E-2,9.736502838E0,9.809433465E0
6.337018229E1,1.190025330E0,-3.023712158E-2,9.754315796E0,9.826685668E0
6.338021429E1,1.187779999E0,-2.978805542E-2,9.756561127E0,9.828641497E0
6.339024529E1,1.186732178E0,-2.215393066E-2,9.765841827E0,9.837707592E0
6.340027729E1,1.195563812E0,-7.783813477E-3,9.801916809E0,9.874563613E0
6.341030829E1,1.209634552E0,-2.634521484E-2,9.819729767E0,9.893988201E0
6.342034029E1,1.227896576E0,-2.395019531E-2,9.815239105E0,9.891775488E0
6.343037129E1,1.210682373E0,-1.362167358E-2,9.775870972E0,9.850562959E0
6.344040329E1,1.184786224E0,-9.729766846E-3,9.761351166E0,9.832994948E0
6.345043429E1,1.180744629E0,-5.837860107E-3,9.818532257E0,9.889275385E0
6.346046629E1,1.204096069E0,6.436614990E-3,9.868378601E0,9.941568538E0
6.347049829E1,1.223854980E0,3.517684937E-2,9.825717316E0,9.901705873E0
6.348052929E1,1.221310272E0,6.062393188E-2,9.824070740E0,9.899880804E0
6.349056129E1,1.215771790E0,4.745132446E-2,9.815987549E0,9.891105309E0
6.350059229E1,1.210382996E0,2.859054565E-2,9.778864746E0,9.853529324E0
6.351062429E1,1.207389221E0,-7.484436035E-3,9.774972839E0,9.849260823E0
6.352065529E1,1.199306030E0,-4.595443726E-2,9.819280701E0,9.892356658E0
6.353068729E1,1.220112762E0,-6.167175293E-2,9.818831635E0,9.894540577E0
6.354071829E1,1.241368561E0,-6.182144165E-2,9.772727509E0,9.851447647E0
6.355075029E1,1.227447510E0,-5.643264771E-2,9.762249298E0,9.839274536E0
6.356078229E1,1.242117004E0,-8.217910767E-2,9.754016418E0,9.833129937E0
6.357081329E1,1.245709534E0,-1.188528442E-1,9.729617157E0,9.809758828E0
6.358084529E1,1.257834320E0,-1.416055298E-1,9.769584045E0,9.851242141E0
6.359087629E1,1.282982025E0,-1.606159973E-1,9.820627899E0,9.905380998E0
6.360090829E1,1.300794983E0,-1.414558411E-1,9.830657043E0,9.917353238E0
6.361093929E1,1.297501831E0,-9.460327148E-2,9.740993500E0,9.827482645E0
6.362097129E1,1.248254242E0,-5.478607178E-2,9.734706573E0,9.814563273E0
6.363100229E1,1.199455719E0,2.933898926E-2,9.762099609E0,9.835555072E0
6.364103429E1,1.197509766E0,8.696914673E-2,9.739197235E0,9.812928006E0
6.365106529E1,1.172960815E0,1.103205872E-1,9.729018402E0,9.800092182E0
6.366109729E1,1.193468170E0,1.020877075E-1,9.767039337E0,9.840215729E0
6.367112929E1,1.230590973E0,8.502319336E-2,9.837542725E0,9.914576640E0
6.368116029E1,1.247356110E0,5.014572144E-2,9.916578369E0,9.994845592E0
6.369119229E1,1.220861206E0,4.490661621E-3,9.927206268E0,1.000199713E1
6.370122329E1,1.205293579E0,-3.772155762E-2,9.906399536E0,9.979524402E0
6.371125529E1,1.183289337E0,-7.005432129E-2,9.858948212E0,9.929951717E0
6.372128629E1,1.198108521E0,-8.277786255E-2,9.795779572E0,9.869124258E0
6.373131829E1,1.219514008E0,-7.095245361E-2,9.757309570E0,9.833480499E0
6.374134929E1,1.234183502E0,-8.128097534E-2,9.717642059E0,9.796039134E0
6.375138129E1,1.249751129E0,-7.544311523E-2,9.732760620E0,9.812960758E0
6.376141329E1,1.241368561E0,-7.963439941E-2,9.770631866E0,9.849496668E0
6.377144429E1,1.256636810E0,-7.694000244E-2,9.791288910E0,9.871899227E0
6.378147629E1,1.247056732E0,-7.304809570E-2,9.815089417E0,9.894264337E0
6.379150729E1,1.243763580E0,-7.708969116E-2,9.821076965E0,9.899820373E0
6.380153929E1,1.257684631E0,-8.232879639E-2,9.821675720E0,9.902215036E0
6.381157029E1,1.248403931E0,-6.915618896E-2,9.812544708E0,9.891881955E0
6.382160229E1,1.237177277E0,-5.598358154E-2,9.814640350E0,9.892467184E0
6.383163329E1,1.233584747E0,-3.323089600E-2,9.749974823E0,9.827758883E0
6.384166529E1,1.238973541E0,-1.766326904E-2,9.817334747E0,9.895222533E0
6.385169629E1,1.223106537E0,9.580078125E-3,9.822124786E0,9.897990538E0
6.386172829E1,1.199755096E0,1.062789917E-2,9.749076691E0,9.822628038E0
6.387176029E1,1.195863190E0,-2.170486450E-2,9.779313812E0,9.852184454E0
6.388179129E1,1.206940155E0,-2.814147949E-2,9.818232880E0,9.892178393E0
6.389182329E1,1.210682373E0,-3.263214111E-2,9.803862762E0,9.878387608E0
6.390185429E1,1.219364319E0,-5.837860107E-2,9.762997742E0,9.839023443E0
6.391188629E1,1.222058716E0,-8.277786255E-2,9.823621674E0,9.899687998E0
6.392191729E1,1.248553619E0,-9.714797974E-2,9.870773621E0,9.949899283E0
6.393194929E1,1.305734711E0,-8.232879639E-2,9.848170624E0,9.934696060E0
6.394198029E1,1.280437317E0,-6.646179199E-2,9.765692139E0,9.849501502E0
6.395201229E1,1.249451752E0,-6.346801758E-2,9.732461243E0,9.812540941E0
6.396204429E1,1.208886108E0,-5.418731689E-2,9.696985016E0,9.772198334E0
6.397207529E1,1.199904785E0,-5.718109131E-2,9.739197235E0,9.813001781E0
6.398210729E1,1.243164825E0,-4.221221924E-2,9.793833618E0,9.872508171E0
6.399213829E1,1.278191986E0,-5.478607178E-2,9.781259766E0,9.864573932E0
6.400217029E1,1.267564087E0,-2.694396973E-2,9.742340698E0,9.824492199E0
6.401220129E1,1.231339417E0,-3.727249146E-2,9.738897858E0,9.816502304E0
6.402223329E1,1.199156342E0,-5.598358154E-2,9.762698364E0,9.836228416E0
6.403226429E1,1.203647003E0,-7.155120850E-2,9.781559143E0,9.855596631E0
6.404229629E1,1.199904785E0,-8.143066406E-2,9.779014435E0,9.852691295E0
6.405232729E1,1.199755096E0,-9.654922485E-2,9.794582062E0,9.868260830E0
6.406235929E1,1.202150116E0,-1.071771240E-1,9.826615448E0,9.900455697E0
6.407239129E1,1.208586731E0,-1.032852173E-1,9.842781830E0,9.917242756E0
6.408242229E1,1.219663696E0,-9.235794067E-2,9.826016693E0,9.901854047E0
6.409245429E1,1.212328949E0,-8.502319336E-2,9.804162140E0,9.879198636E0
6.410248529E1,1.201850739E0,-5.553451538E-2,9.776469727E0,9.850222820E0
6.411251729E1,1.181942139E0,-5.553451538E-2,9.745933228E0,9.817498957E0
6.412254829E1,1.165177002E0,-5.852828979E-2,9.765243073E0,9.834685316E0
6.413258029E1,1.178050232E0,-5.164260864E-2,9.801318054E0,9.871995994E0
6.414261129E1,1.218017120E0,-2.080673218E-2,9.825867004E0,9.901093930E0
6.415264329E1,1.234333191E0,6.137237549E-3,9.831255798E0,9.908441182E0
6.416267529E1,1.234632568E0,4.700225830E-2,9.798324280E0,9.875914412E0
6.417270629E1,1.206491089E0,3.248245239E-2,9.775421906E0,9.849647166E0
6.418273829E1,1.182391205E0,2.439926147E-2,9.783505096E0,9.854725580E0
6.419276929E1,1.166374512E0,-9.729766846E-3,9.807754669E0,9.876870750E0
6.420280129E1,1.179098053E0,-1.526824951E-2,9.790091400E0,9.860851635E0
6.421283229E1,1.148262177E0,1.347198486E-3,9.678124237E0,9.746004134E0
6.422286429E1,1.157991943E0,-4.041595459E-3,9.736053772E0,9.804677696E0
6.423289529E1,1.213376770E0,-3.263214111E-2,9.798473969E0,9.873370253E0
6.424292729E1,1.276246033E0,-7.903564453E-2,9.849667511E0,9.932321010E0
6.425295929E1,1.297950897E0,-5.792953491E-2,9.854008484E0,9.939291502E0
6.426299029E1,1.250798950E0,-6.496490479E-2,9.787696381E0,9.867508241E0
6.427302229E1,1.223555603E0,-7.858657837E-2,9.811796265E0,9.888104475E0
6.428305329E1,1.209484863E0,-5.718109131E-2,9.785151672E0,9.859782785E0
6.429308529E1,1.227597198E0,-6.077362061E-2,9.796228638E0,9.873033163E0
6.430311629E1,1.228495331E0,-2.589614868E-2,9.792187042E0,9.868981632E0
6.431314829E1,1.203197937E0,1.916015625E-2,9.752818909E0,9.826776127E0
6.432317929E1,1.175954590E0,3.038681030E-2,9.743687897E0,9.814440707E0
6.433321129E1,1.189725952E0,4.415817261E-2,9.760003967E0,9.832348409E0
6.434324229E1,1.220711517E0,6.047424316E-2,9.802964630E0,9.878861740E0
6.435327429E1,1.228046265E0,6.616241455E-2,9.847422180E0,9.923920530E0
6.436330629E1,1.229393463E0,6.182144165E-2,9.856852570E0,9.933416973E0
6.437333729E1,1.202000427E0,6.271957397E-2,9.828561401E0,9.901987578E0
6.438336929E1,1.199306030E0,3.757186890E-2,9.808054047E0,9.881177601E0
6.439340029E1,1.189576263E0,2.185455322E-2,9.793534241E0,9.865540139E0
6.440343229E1,1.196461945E0,1.796264648E-2,9.784403229E0,9.857301374E0
6.441346329E1,1.206790466E0,-1.227447510E-2,9.755513306E0,9.829879641E0
6.442349529E1,1.199156342E0,-1.916015625E-2,9.747280426E0,9.820785037E0
6.443352629E1,1.197659454E0,-1.317260742E-2,9.771829376E0,9.844958661E0
6.444355829E1,1.183588715E0,-1.916015625E-2,9.793983307E0,9.865260178E0
6.445359029E1,1.183439026E0,-2.005828857E-2,9.807006226E0,9.878172977E0
6.446362129E1,1.180145874E0,-2.589614868E-2,9.817035370E0,9.887749913E0
6.447365329E1,1.187480621E0,-2.245330811E-2,9.811646576E0,9.883269849E0
6.448368429E1,1.192270660E0,-6.137237549E-3,9.815388794E0,9.887537821E0
6.449371629E1,1.204545135E0,1.901046753E-2,9.814640350E0,9.888298923E0
6.450374729E1,1.222807159E0,2.290237427E-2,9.825717316E0,9.901540417E0
6.451377929E1,1.219963074E0,3.966751099E-2,9.770332489E0,9.846282565E0
6.452381029E1,1.207389221E0,4.969665527E-2,9.811197510E0,9.885335354E0
6.453384229E1,1.202000427E0,7.409591675E-2,9.852062531E0,9.925393259E0
6.454387429E1,1.176703033E0,8.502319336E-2,9.784702606E0,9.855570205E0
6.455390529E1,1.177750854E0,9.145980835E-2,9.733209686E0,9.804633230E0
6.456393729E1,1.191821594E0,7.274871826E-2,9.710307312E0,9.783445159E0
6.457396829E1,1.214274902E0,6.765930176E-2,9.760153656E0,9.835631180E0
6.458400029E1,1.207688599E0,2.380050659E-2,9.812694397E0,9.886761327E0
6.459403129E1,1.232836304E0,1.062789917E-2,9.842781830E0,9.919695179E0
6.460406329E1,1.266815643E0,1.347198486E-3,9.840536499E0,9.921742905E0
6.461409429E1,1.272354126E0,-1.451980591E-2,9.824220428E0,9.906280981E0
6.462412629E1,1.276695099E0,8.532257080E-3,9.821376343E0,9.904012139E0
6.463415729E1,1.244811401E0,4.790039062E-3,9.784253540E0,9.863123020E0
6.464418929E1,1.195863190E0,1.811233521E-2,9.764195251E0,9.837170616E0
6.465422129E1,1.178349609E0,2.933898926E-2,9.782606964E0,9.853363263E0
6.466425229E1,1.170865173E0,2.948867798E-2,9.818232880E0,9.887845656E0
6.467428429E1,1.201251984E0,4.490661621E-2,9.805808716E0,9.879215936E0
6.468431529E1,1.229543152E0,5.418731689E-2,9.820777588E0,9.897594913E0
6.469434729E1,1.238075409E0,5.748046875E-2,9.810149689E0,9.888132869E0
6.470437829E1,1.216370544E0,6.376739502E-2,9.820178833E0,9.895430051E0
6.471441029E1,1.194366302E0,6.017486572E-2,9.804611206E0,9.877273550E0
6.472444129E1,1.173260193E0,6.286926270E-2,9.771230621E0,9.841617747E0
6.473447329E1,1.168619843E0,6.346801758E-2,9.771529999E0,9.841366726E0
6.474450529E1,1.188079376E0,6.780899048E-2,9.782906342E0,9.855018374E0
6.475453629E1,1.182391205E0,4.894821167E-2,9.798174591E0,9.869380437E0
6.476456829E1,1.195414124E0,3.757186890E-2,9.814490662E0,9.887095302E0
6.477459929E1,1.191073151E0,1.451980591E-2,9.825417938E0,9.897358422E0
6.478463129E1,1.180744629E0,1.796264648E-2,9.828411713E0,9.899098814E0
6.479466229E1,1.175954590E0,2.679428101E-2,9.821226654E0,9.891414465E0
6.480469429E1,1.181193695E0,2.290237427E-2,9.807604980E0,9.878504873E0
6.481472529E1,1.193019104E0,2.933898926E-2,9.798923035E0,9.871324531E0
6.482475729E1,1.186133423E0,3.487747192E-2,9.809101868E0,9.880617814E0
6.483478929E1,1.201251984E0,5.957611084E-2,9.805060272E0,9.878550632E0
6.484482029E1,1.186582489E0,6.511459351E-2,9.793085175E0,9.864924488E0
6.485485229E1,1.178798676E0,5.403762817E-2,9.778265991E0,9.849211754E0
6.486488329E1,1.186881866E0,4.520599365E-2,9.812544708E0,9.884167431E0
6.487491529E1,1.208736420E0,5.328918457E-2,9.856253815E0,9.930237798E0
6.488494629E1,1.223705292E0,7.020401001E-2,9.841135254E0,9.917173303E0
6.489497829E1,1.225202179E0,7.454498291E-2,9.786199493E0,9.862878782E0
6.490500929E1,1.191821594E0,8.771759033E-2,9.759405212E0,9.832299995E0
6.491504129E1,1.176253967E0,5.927673340E-2,9.782157898E0,9.852801646E0
6.492507229E1,1.180445251E0,4.236190796E-2,9.815837860E0,9.886653550E0
6.493510429E1,1.177750854E0,2.469863892E-2,9.773625641E0,9.844362106E0
6.494513629E1,1.167721710E0,4.969665527E-2,9.714797974E0,9.784852754E0
6.495516729E1,1.168170776E0,4.685256958E-2,9.819131012E0,9.888485827E0
6.496519929E1,1.222208405E0,1.137634277E-2,9.893376617E0,9.968591861E0
6.497523029E1,1.254092102E0,2.739303589E-2,9.897717590E0,9.976888838E0
6.498526167E1,1.270108795E0,3.727249146E-2,9.833650818E0,9.915404883E0
6.499529267E1,1.219813385E0,5.194198608E-2,9.747579803E0,9.823744433E0
6.500532467E1,1.192570038E0,1.407073975E-2,9.757010193E0,9.829632200E0
6.501535567E1,1.223705292E0,-8.532257080E-3,9.810449066E0,9.886477549E0
6.502538767E1,1.257534943E0,-4.939727783E-3,9.883646851E0,9.963327436E0
6.503541967E1,1.270557861E0,4.131408691E-2,9.860295410E0,9.941903727E0
6.504545067E1,1.227746887E0,1.079255676E-1,9.761949921E0,9.839444934E0
6.505548267E1,1.198258209E0,1.712438965E-1,9.700278168E0,9.775507339E0
6.506551367E1,1.180894318E0,2.390528870E-1,9.361831970E0,9.439044205E0
6.507554567E1,1.254840546E0,2.977308655E-1,8.705446930E0,8.800458779E0
6.508557667E1,1.359922028E0,2.633024597E-1,9.249116364E0,9.352265480E0
6.509560867E1,1.325343933E0,2.148033142E-1,9.790091400E0,9.881728929E0
6.510563967E1,1.214274902E0,6.197113037E-2,1.002121078E1,1.009470007E1
6.511567167E1,1.100361786E0,-1.019380188E-1,1.009949799E1,1.015977593E1
6.512570367E1,9.776170349E-1,-2.338137817E-1,1.009650421E1,1.014641815E1
6.513573467E1,8.237370300E-1,-3.285667419E-1,1.004935226E1,1.008840819E1
6.514576667E1,7.845185852E-1,-3.847000122E-1,1.011386810E1,1.015154134E1
6.515579767E1,8.011340332E-1,-4.278103638E-1,1.025068359E1,1.029083824E1
6.516582967E1,9.189390564E-1,-4.441264343E-1,1.033675461E1,1.038702042E1
6.517586067E1,1.000369720E0,-4.562512207E-1,1.040142014E1,1.045937119E1
6.518589267E1,1.057700500E0,-4.587959290E-1,1.041354492E1,1.047717242E1
6.519592367E1,1.090781708E0,-4.185296631E-1,1.046069687E1,1.052573754E1
6.520595567E1,1.119971008E0,-3.477268982E-1,1.045590683E1,1.052146552E1
6.521598767E1,1.140777740E0,-2.546205139E-1,1.027598099E1,1.034224302E1
6.522601867E1,1.151106262E0,-1.273851013E-1,9.934391327E0,1.000167004E1
6.523605067E1,1.188827820E0,3.817062378E-2,9.370513916E0,9.445702707E0