"Time (s)","Acceleration x (m/s^2)","Acceleration y (m/s^2)","Acceleration z (m/s^2)","Absolute acceleration (m/s^2)"
-4.702082952E-4,1.368154907E0,-7.807763672E-1,1.016236725E1,1.028373316E1
9.561791667E-3,1.373693390E0,-7.373666382E-1,9.935738525E0,1.005731789E1
1.959279168E-2,1.345551910E0,-6.147715759E-1,9.656868439E0,9.769522101E0
2.962379169E-2,1.325044556E0,-4.770579529E-1,9.378896484E0,9.484040628E0
3.965579171E-2,1.321751404E0,-3.755690002E-1,9.193282471E0,9.295403242E0
4.968679167E-2,1.373992767E0,-3.707789612E-1,9.120384064E0,9.230749625E0
5.971779168E-2,1.436862030E0,-3.951782227E-1,9.131910095E0,9.252703405E0
6.974979170E-2,1.445244598E0,-4.315525818E-1,9.257648621E0,9.379713618E0
7.978079171E-2,1.424737244E0,-4.731660461E-1,9.453591156E0,9.572050358E0
8.981179167E-2,1.445543976E0,-5.266049194E-1,9.658065948E0,9.779833741E0
9.984379169E-2,1.467398529E0,-6.188131714E-1,9.840237122E0,9.968272408E0
1.098747917E-1,1.497935028E0,-6.483018494E-1,9.983788605E0,1.011633034E1
1.199057917E-1,1.478176117E0,-6.177653503E-1,1.007120682E1,1.019783533E1
1.299377917E-1,1.419797516E0,-5.545967102E-1,1.006911118E1,1.018383044E1
1.399687917E-1,1.397194519E0,-4.813989258E-1,1.002001328E1,1.012840380E1
1.499997917E-1,1.379830627E0,-4.082011414E-1,9.927355957E0,1.003109949E1
1.600317917E-1,1.333576813E0,-3.625460815E-1,9.824819183E0,9.921539133E0
1.700627917E-1,1.279688873E0,-3.299139404E-1,9.732461243E0,9.821774211E0
1.800937917E-1,1.250499573E0,-3.005749512E-1,9.689650269E0,9.774631288E0
1.901257917E-1,1.248553619E0,-2.796185303E-1,9.674531708E0,9.758772281E0
2.001567917E-1,1.271905060E0,-2.893482971E-1,9.681716766E0,9.769191597E0
2.101887917E-1,1.320104828E0,-3.122506714E-1,9.708511047E0,9.802824287E0
2.202197917E-1,1.374142456E0,-3.257226562E-1,9.760902100E0,9.862533779E0
2.302507917E-1,1.399888916E0,-3.668870544E-1,9.800719299E0,9.906987124E0
2.402827917E-1,1.410367126E0,-3.992198181E-1,9.829459534E0,9.938148048E0
2.503137917E-1,1.425485687E0,-4.200265503E-1,9.873767395E0,9.984974428E0
2.603447917E-1,1.401834869E0,-4.330494690E-1,9.859247589E0,9.967820016E0
2.703767917E-1,1.371897125E0,-4.373904419E-1,9.839788055E0,9.944588533E0
2.804077917E-1,1.364412689E0,-4.441264343E-1,9.803264008E0,9.907716966E0
2.904387917E-1,1.356030121E0,-4.200265503E-1,9.743837585E0,9.846705585E0
3.004707917E-1,1.326990509E0,-4.047583008E-1,9.700427856E0,9.799134334E0
3.105017917E-1,1.333726501E0,-3.965254211E-1,9.687854004E0,9.787265910E0
3.205327917E-1,1.371747437E0,-3.921844482E-1,9.692644043E0,9.797083659E0
3.305647917E-1,1.393751678E0,-3.676354980E-1,9.757010193E0,9.862907660E0
3.405957917E-1,1.384021912E0,-3.597019958E-1,9.756112061E0,9.860356216E0
3.506267917E-1,1.395547943E0,-3.478765869E-1,9.792785797E0,9.897839454E0
3.606587917E-1,1.380579071E0,-3.674858093E-1,9.795929260E0,9.899559307E0
3.706897917E-1,1.379231873E0,-3.785627747E-1,9.755962372E0,9.860243006E0
3.807207917E-1,1.339264984E0,-3.565585327E-1,9.741592255E0,9.839684159E0
3.907527917E-1,1.305135956E0,-3.598516846E-1,9.755513306E0,9.849005684E0
4.007837917E-1,1.318009186E0,-4.116439819E-1,9.796228638E0,9.893062949E0
4.108147917E-1,1.371448059E0,-4.552033997E-1,9.834399261E0,9.939994404E0
4.208467917E-1,1.425335999E0,-4.466711426E-1,9.843230896E0,9.955917451E0
4.308777917E-1,1.443598022E0,-4.390370178E-1,9.829160156E0,9.944300786E0
4.409087917E-1,1.425036621E0,-4.264631653E-1,9.781708832E0,9.894161302E0
4.509407917E-1,1.388961639E0,-4.276606750E-1,9.739047546E0,9.846885558E0
4.609717917E-1,1.334325256E0,-4.269122314E-1,9.709409180E0,9.809959458E0
4.710027917E-1,1.324445801E0,-4.291575623E-1,9.772877197E0,9.871548086E0
4.810347917E-1,1.352138214E0,-4.349954224E-1,9.765392761E0,9.868150513E0
4.910657917E-1,1.369352417E0,-4.095483398E-1,9.759255524E0,9.863362726E0
5.010977917E-1,1.374741211E0,-3.891906738E-1,9.746681671E0,9.850846988E0
5.111287917E-1,1.339264984E0,-3.839515686E-1,9.724527740E0,9.823822539E0
5.211597917E-1,1.325194244E0,-4.135899353E-1,9.718989258E0,9.817634573E0
5.311917917E-1,1.316661987E0,-4.285588074E-1,9.755363617E0,9.853140654E0
5.412227917E-1,1.332678680E0,-4.442761230E-1,9.749675446E0,9.850359640E0
5.512537917E-1,1.332978058E0,-4.608915710E-1,9.761949921E0,9.863311705E0
5.612857917E-1,1.325194244E0,-4.751119995E-1,9.780810699E0,9.881605595E0
5.713167917E-1,1.334924011E0,-4.638853455E-1,9.793683929E0,9.895122871E0
5.813477917E-1,1.347198486E0,-4.710704041E-1,9.798024902E0,9.901421265E0
5.913797917E-1,1.359622650E0,-4.577481079E-1,9.779762878E0,9.884425580E0
6.014107917E-1,1.392105103E0,-4.351451111E-1,9.777667236E0,9.885852744E0
6.114417917E-1,1.381028137E0,-4.263134766E-1,9.754914551E0,9.861406583E0
6.214737917E-1,1.363514557E0,-4.288581848E-1,9.737400970E0,9.841751315E0
6.315047917E-1,1.381626892E0,-4.143383789E-1,9.745783539E0,9.851947317E0
6.415357917E-1,1.361119537E0,-4.126918030E-1,9.755213928E0,9.858354817E0
6.515677917E-1,1.380878448E0,-4.001179504E-1,9.769134979E0,9.874356582E0
6.615987917E-1,1.385069733E0,-3.796105957E-1,9.779164124E0,9.884056522E0
6.716297917E-1,1.365759888E0,-3.773652649E-1,9.775272217E0,9.877431424E0
6.816617917E-1,1.319057007E0,-3.897894287E-1,9.787097626E0,9.883275121E0
6.916927917E-1,1.264720001E0,-3.951782227E-1,9.747130737E0,9.836779967E0
7.017237917E-1,1.221310272E0,-4.297563171E-1,9.718240814E0,9.804105966E0
7.117557917E-1,1.203946381E0,-4.689747620E-1,9.696086884E0,9.781795595E0
7.217867917E-1,1.239422607E0,-5.156776428E-1,9.729766846E0,9.821937421E0
7.318177917E-1,1.292711792E0,-5.218148804E-1,9.757908325E0,9.856985819E0
7.418492500E-1,1.372046814E0,-5.041516113E-1,9.776020660E0,9.884698339E0
7.518802500E-1,1.468745728E0,-4.671784973E-1,9.812694397E0,9.932997588E0
7.619122500E-1,1.520837402E0,-4.299060059E-1,9.807006226E0,9.933535961E0
7.719432500E-1,1.538051605E0,-3.932322693E-1,9.791288910E0,9.919151822E0
7.819742500E-1,1.506916351E0,-3.797602844E-1,9.773326263E0,9.896106356E0
7.920062500E-1,1.435664520E0,-3.772155762E-1,9.747879181E0,9.860252164E0
8.020372500E-1,1.383572845E0,-3.852987671E-1,9.766440582E0,9.871478643E0
8.120682500E-1,1.363963623E0,-4.037104797E-1,9.738748169E0,9.842082849E0
8.221002500E-1,1.342707825E0,-3.903881836E-1,9.734257507E0,9.834176959E0
8.321312500E-1,1.322200470E0,-3.956272888E-1,9.722132721E0,9.819602827E0
8.421622500E-1,1.301543427E0,-3.851490784E-1,9.745783539E0,9.839850196E0
8.521942500E-1,1.297352142E0,-3.989204407E-1,9.792037354E0,9.885659089E0
8.622252500E-1,1.290915527E0,-4.082011414E-1,9.847871246E0,9.940505981E0
8.722562500E-1,1.285826111E0,-4.089495850E-1,9.825567627E0,9.917780384E0
8.822882500E-1,1.312321014E0,-3.769161987E-1,9.802365875E0,9.897001011E0
8.923192500E-1,1.341660004E0,-3.935316467E-1,9.861941986E0,9.960563160E0
9.023502500E-1,1.417552185E0,-4.453239441E-1,9.869576111E0,9.980796572E0
9.123822500E-1,1.451681213E0,-4.499642944E-1,9.838590546E0,9.955285538E0
9.224132500E-1,1.421444092E0,-4.120930481E-1,9.731263733E0,9.843160967E0
9.324442500E-1,1.367855530E0,-4.444258118E-1,9.658365326E0,9.764863738E0
9.424762500E-1,1.357826385E0,-4.755610657E-1,9.672585754E0,9.778996165E0
9.525072500E-1,1.370100861E0,-5.325924683E-1,9.698032837E0,9.808805840E0
9.625382500E-1,1.410816193E0,-5.360353088E-1,9.741292877E0,9.857510999E0
9.725702500E-1,1.434467010E0,-5.059478760E-1,9.780062256E0,9.897640961E0
9.826012500E-1,1.400188293E0,-4.614903259E-1,9.781259766E0,9.891741160E0
9.926332500E-1,1.357377319E0,-4.209246826E-1,9.761949921E0,9.864852611E0
1.002664250E0,1.342707825E0,-3.754193115E-1,9.753567352E0,9.852709275E0
1.012695250E0,1.357976074E0,-3.391946411E-1,9.779463501E0,9.879122349E0
1.022727250E0,1.363514557E0,-3.040177917E-1,9.810149689E0,9.909118814E0
1.032758250E0,1.379830627E0,-2.760260010E-1,9.818532257E0,9.918855710E0
1.042789250E0,1.358275452E0,-2.839595032E-1,9.796677704E0,9.894465081E0
1.052821250E0,1.319805450E0,-2.851570129E-1,9.779164124E0,9.871942661E0
1.062852250E0,1.282083893E0,-3.143463135E-1,9.779164124E0,9.867857096E0
1.072883250E0,1.285377045E0,-3.579057312E-1,9.763446808E0,9.854196275E0
1.082915250E0,1.312770081E0,-3.891906738E-1,9.754315796E0,9.849949813E0
1.092946250E0,1.341959381E0,-4.171824646E-1,9.749525757E0,9.850286730E0
1.102977250E0,1.351539459E0,-4.589456177E-1,9.735604706E0,9.839679313E0
1.113009250E0,1.353335724E0,-4.921765137E-1,9.748627625E0,9.854415044E0
1.123040250E0,1.345252533E0,-5.213658142E-1,9.738448792E0,9.844740299E0
1.133071250E0,1.355431366E0,-5.360353088E-1,9.770033112E0,9.878161521E0
1.143103250E0,1.408271484E0,-5.432203674E-1,9.802964630E0,9.918489425E0
1.153134250E0,1.429826660E0,-4.821473694E-1,9.806557159E0,9.921967229E0
1.163165250E0,1.425186310E0,-4.336482239E-1,9.805659027E0,9.918173005E0
1.173197250E0,1.417851562E0,-3.956272888E-1,9.791438599E0,9.901469277E0
1.183228250E0,1.407073975E0,-3.594026184E-1,9.760752411E0,9.868197152E0
1.193259250E0,1.367256775E0,-3.391946411E-1,9.724078674E0,9.825586504E0
1.203291250E0,1.351689148E0,-3.115022278E-1,9.767638092E0,9.865639923E0
1.213322250E0,1.303938446E0,-3.068618774E-1,9.758656769E0,9.850167593E0
1.223353250E0,1.290316772E0,-2.999761963E-1,9.743837585E0,9.833477207E0
1.233385250E0,1.265917511E0,-3.302133179E-1,9.726922760E0,9.814510398E0
1.243416250E0,1.246158600E0,-3.372486877E-1,9.742789764E0,9.827949955E0
1.253448250E0,1.249002686E0,-3.767665100E-1,9.780211945E0,9.866838723E0
1.263479250E0,1.268761597E0,-4.011657715E-1,9.829459534E0,9.919121165E0
1.273510250E0,1.301244049E0,-4.138893127E-1,9.887239380E0,9.981084259E0
1.283542250E0,1.346150665E0,-4.454736328E-1,9.912686462E0,1.001358683E1
1.293573250E0,1.359173584E0,-4.577481079E-1,9.883347473E0,9.986863544E0
1.303604250E0,1.366508331E0,-4.439767456E-1,9.830207977E0,9.934658990E0
1.313636250E0,1.363664246E0,-4.372407532E-1,9.777367859E0,9.881684163E0
1.323667250E0,1.344504089E0,-4.303550720E-1,9.737550659E0,9.839349042E0
1.333698250E0,1.324595490E0,-4.230203247E-1,9.714199219E0,9.813213840E0
1.343730250E0,1.335373077E0,-4.064048767E-1,9.727970581E0,9.827603869E0
1.353761250E0,1.365310822E0,-3.983216858E-1,9.752519531E0,9.855677096E0
1.363792250E0,1.364712067E0,-3.887416077E-1,9.772428131E0,9.874913197E0
1.373824250E0,1.378633118E0,-3.879931641E-1,9.776769104E0,9.881112391E0
1.383855250E0,1.363364868E0,-4.017645264E-1,9.780361633E0,9.883099320E0
1.393886250E0,1.353186035E0,-3.879931641E-1,9.796528015E0,9.897151726E0
1.403918250E0,1.336720276E0,-3.917353821E-1,9.776320038E0,9.875054997E0
1.413949250E0,1.329984283E0,-3.975732422E-1,9.760453033E0,9.858669591E0
1.423980250E0,1.338516541E0,-4.041595459E-1,9.746232605E0,9.846015512E0
1.434012250E0,1.326391754E0,-4.224215698E-1,9.739795990E0,9.838769283E0
1.444043250E0,1.330732727E0,-4.264631653E-1,9.748178558E0,9.847827457E0
1.454075250E0,1.326541443E0,-4.216731262E-1,9.752968597E0,9.851797647E0
1.464106250E0,1.321452026E0,-4.026626587E-1,9.771829376E0,9.868992959E0
1.474137250E0,1.331181793E0,-3.809577942E-1,9.772577820E0,9.870179890E0
1.484169250E0,1.312171326E0,-3.841012573E-1,9.786049805E0,9.881098023E0
1.494200250E0,1.326541443E0,-3.814068604E-1,9.796378326E0,9.893139628E0
1.504231250E0,1.318607941E0,-3.935316467E-1,9.812544708E0,9.908563352E0
1.514263250E0,1.316362610E0,-3.878434753E-1,9.796977081E0,9.892623161E0
1.524294250E0,1.308578796E0,-4.031117249E-1,9.790540466E0,9.885826225E0
1.534325250E0,1.301094360E0,-4.134402466E-1,9.772577820E0,9.867474683E0
1.544357250E0,1.299597473E0,-4.198768616E-1,9.772128754E0,9.867104466E0
1.554388250E0,1.302890625E0,-4.087998962E-1,9.794731750E0,9.889459611E0
1.564419250E0,1.313069458E0,-4.137396240E-1,9.792636108E0,9.888935930E0
1.574451250E0,1.339564362E0,-3.855981445E-1,9.791438599E0,9.890166249E0
1.584482250E0,1.339564362E0,-4.037104797E-1,9.791288910E0,9.890740789E0
1.594513250E0,1.347198486E0,-4.082011414E-1,9.787397003E0,9.888109629E0
1.604545250E0,1.334624634E0,-4.197271729E-1,9.781110077E0,9.880663346E0
1.614576250E0,1.329385529E0,-4.216731262E-1,9.776320038E0,9.875297848E0
1.624607250E0,1.319955139E0,-4.113446045E-1,9.756411438E0,9.853885026E0
1.634639250E0,1.334175568E0,-3.915856934E-1,9.752519531E0,9.851142117E0
1.644670250E0,1.341210938E0,-3.950285339E-1,9.772877197E0,9.872386897E0
1.654701250E0,1.354533234E0,-3.984713745E-1,9.801018677E0,9.902197070E0
1.664733250E0,1.380429382E0,-3.784130859E-1,9.805808716E0,9.909725845E0
1.674764250E0,1.368304596E0,-3.468287659E-1,9.800569611E0,9.901702498E0
1.684796250E0,1.347348175E0,-3.100053406E-1,9.766290894E0,9.863665051E0
1.694827250E0,1.310973816E0,-3.233276367E-1,9.742191010E0,9.835317929E0
1.704858250E0,1.287772064E0,-3.528163147E-1,9.765841827E0,9.856698374E0
1.714890250E0,1.294508057E0,-3.760180664E-1,9.777367859E0,9.869856278E0
1.724921250E0,1.287472687E0,-3.715274048E-1,9.746981049E0,9.838661397E0
1.734952250E0,1.297052765E0,-3.656895447E-1,9.773026886E0,9.865501976E0
1.744984500E0,1.326391754E0,-4.225712585E-1,9.824519806E0,9.922654432E0
1.755015500E0,1.347946930E0,-4.713697815E-1,9.832902374E0,9.936051504E0
1.765046500E0,1.354982300E0,-4.846920776E-1,9.837393036E0,9.942092596E0
1.775078500E0,1.333127747E0,-4.861889648E-1,9.763297119E0,9.865879582E0
1.785109500E0,1.315763855E0,-5.158273315E-1,9.756860504E0,9.858683444E0
1.795140500E0,1.321601715E0,-5.608836365E-1,9.766590271E0,9.871550388E0
1.805172500E0,1.384920044E0,-5.825885010E-1,9.812844086E0,9.927201113E0
1.815203500E0,1.441951447E0,-5.662724304E-1,9.815538483E0,9.937035984E0
1.825234500E0,1.457219696E0,-4.909790039E-1,9.818232880E0,9.937919627E0
1.835266500E0,1.429676971E0,-4.216731262E-1,9.763446808E0,9.876572181E0
1.845297500E0,1.388662262E0,-3.680845642E-1,9.688752136E0,9.794681571E0
1.855328500E0,1.388512573E0,-3.360511780E-1,9.672436066E0,9.777367591E0
1.865360500E0,1.404978333E0,-3.275189209E-1,9.684111786E0,9.790978186E0
1.875391500E0,1.423539734E0,-2.987786865E-1,9.714199219E0,9.822494619E0
1.885422500E0,1.421743469E0,-3.121009827E-1,9.743687897E0,9.851812795E0
1.895454500E0,1.395248566E0,-3.508703613E-1,9.796528015E0,9.901605411E0
1.905485500E0,1.355431366E0,-3.939807129E-1,9.830357666E0,9.931180536E0
1.915516500E0,1.312171326E0,-4.171824646E-1,9.845625916E0,9.941437746E0
1.925548500E0,1.299896851E0,-4.328997803E-1,9.843081207E0,9.937976741E0
1.935579500E0,1.289418640E0,-4.263134766E-1,9.828711090E0,9.922091781E0
1.945611500E0,1.280137939E0,-4.210743713E-1,9.802515564E0,9.894714152E0
1.955642500E0,1.292412415E0,-4.275109863E-1,9.773176575E0,9.867526329E0
1.965673500E0,1.298549652E0,-4.258644104E-1,9.764195251E0,9.859366136E0
1.975705500E0,1.318158875E0,-4.448748779E-1,9.762099609E0,9.860732491E0
1.985736500E0,1.356329498E0,-4.562512207E-1,9.765991516E0,9.870277867E0
1.995767500E0,1.379531250E0,-4.704716492E-1,9.775870972E0,9.883931571E0
2.005799500E0,1.402433624E0,-4.598437500E-1,9.770033112E0,9.880881709E0
2.015830500E0,1.420845337E0,-4.400848389E-1,9.789342957E0,9.901702463E0
2.025861500E0,1.421294403E0,-4.128414917E-1,9.794731750E0,9.905921761E0
2.035893500E0,1.446442108E0,-4.046086121E-1,9.788444824E0,9.903007370E0
2.045924500E0,1.434017944E0,-3.727249146E-1,9.747130737E0,9.859101832E0
2.055955500E0,1.420545959E0,-3.483256531E-1,9.781559143E0,9.890307420E0
2.065987500E0,1.394500122E0,-3.513194275E-1,9.754166107E0,9.859605082E0
2.076018500E0,1.392853546E0,-3.520678711E-1,9.736053772E0,9.841480368E0
2.086049500E0,1.386566620E0,-4.067042542E-1,9.750274200E0,9.856765307E0
2.096081500E0,1.377734985E0,-4.375401306E-1,9.761650543E0,9.868100951E0
2.106112500E0,1.355581055E0,-4.607418823E-1,9.788744202E0,9.892896245E0
2.116143500E0,1.371298370E0,-4.858895874E-1,9.802515564E0,9.909886947E0
2.126175500E0,1.377734985E0,-4.957690430E-1,9.820478210E0,9.929034843E0
2.136206500E0,1.382375336E0,-4.799020386E-1,9.802964630E0,9.911578233E0
2.146237500E0,1.384770355E0,-4.647834778E-1,9.776469727E0,9.884987250E0
2.156269500E0,1.405876465E0,-4.644841003E-1,9.755962372E0,9.867676318E0
2.166300500E0,1.423390045E0,-4.339476013E-1,9.761351166E0,9.874124079E0
2.176331500E0,1.418300629E0,-4.272116089E-1,9.762249298E0,9.873985912E0
2.186363500E0,1.418749695E0,-4.346960449E-1,9.737700348E0,9.850107584E0
2.196394500E0,1.404229889E0,-4.393363953E-1,9.763147430E0,9.873394847E0
2.206426500E0,1.399589539E0,-4.357438660E-1,9.760003967E0,9.869468123E0
2.216457500E0,1.401236115E0,-4.387376404E-1,9.766290894E0,9.876051396E0
2.226488500E0,1.406475220E0,-4.391867065E-1,9.774823151E0,9.885252912E0
2.236520500E0,1.416204987E0,-4.553530884E-1,9.764644318E0,9.877310446E0
2.246551500E0,1.418749695E0,-4.655319214E-1,9.764794006E0,9.878298065E0
2.256582500E0,1.421144714E0,-4.775070190E-1,9.734556885E0,9.849328048E0
2.266614500E0,1.416055298E0,-4.791535950E-1,9.729467468E0,9.843644548E0
2.276645500E0,1.418600006E0,-4.775070190E-1,9.746082916E0,9.860353500E0
2.286676500E0,1.440604248E0,-4.685256958E-1,9.727222137E0,9.844475986E0
2.296708500E0,1.454824677E0,-4.794529724E-1,9.729317780E0,9.849163134E0
2.306739500E0,1.467398529E0,-4.619393921E-1,9.742490387E0,9.863202593E0
2.316770500E0,1.468146973E0,-4.501139832E-1,9.739346924E0,9.859662095E0
2.326802500E0,1.442849579E0,-4.640350342E-1,9.758207703E0,9.875209415E0
2.336833500E0,1.423988800E0,-4.451742554E-1,9.775571594E0,9.888767578E0
2.346864500E0,1.397194519E0,-4.444258118E-1,9.773026886E0,9.882394515E0
2.356896500E0,1.376387787E0,-4.508624268E-1,9.779463501E0,9.886133048E0
2.366927500E0,1.357826385E0,-4.273612976E-1,9.783505096E0,9.886521236E0
2.376958500E0,1.380878448E0,-4.162843323E-1,9.773625641E0,9.879467400E0
2.386990500E0,1.362017670E0,-4.299060059E-1,9.760752411E0,9.864694569E0
2.397021500E0,1.378483429E0,-4.165837097E-1,9.742939453E0,9.848788136E0
2.407052500E0,1.373843079E0,-4.116439819E-1,9.735305328E0,9.840379333E0
2.417084500E0,1.405427399E0,-4.273612976E-1,9.751471710E0,9.861494023E0
2.427115500E0,1.409918060E0,-4.150868225E-1,9.774673462E0,9.884553975E0
2.437146500E0,1.432221680E0,-4.260140991E-1,9.791588287E0,9.904945641E0
2.447178500E0,1.455872498E0,-4.171824646E-1,9.789792023E0,9.906242163E0
2.457209500E0,1.467997284E0,-4.183799744E-1,9.782906342E0,9.901278418E0
2.467241500E0,1.481319580E0,-4.108955383E-1,9.747130737E0,9.867608649E0
2.477272500E0,1.475930786E0,-4.257147217E-1,9.737999725E0,9.858409778E0
2.487303500E0,1.449435883E0,-4.382885742E-1,9.729317780E0,9.846450412E0
2.497335500E0,1.423689423E0,-4.659809875E-1,9.751621399E0,9.866009820E0
2.507366500E0,1.430724792E0,-4.779560852E-1,9.778415680E0,9.894080486E0
2.517397500E0,1.430126038E0,-4.575984192E-1,9.776020660E0,9.890664121E0
2.527429500E0,1.404379578E0,-4.406835938E-1,9.737400970E0,9.848018160E0
2.537460500E0,1.418749695E0,-4.239184570E-1,9.737700348E0,9.849637842E0
2.547491500E0,1.445993042E0,-4.734654236E-1,9.748777313E0,9.866799100E0
2.557523500E0,1.489552460E0,-4.805007935E-1,9.799372101E0,9.923575017E0
2.567554500E0,1.534309387E0,-4.760101318E-1,9.780810699E0,9.911859002E0
2.577585500E0,1.512903900E0,-4.825964355E-1,9.776320038E0,9.904454100E0
2.587617500E0,1.472487946E0,-4.454736328E-1,9.730664978E0,9.851523152E0
2.597648500E0,1.442849579E0,-4.558021545E-1,9.718091125E0,9.835185084E0
2.607679500E0,1.446142731E0,-4.718188477E-1,9.746531982E0,9.864523684E0
2.617711500E0,1.458417206E0,-4.225712585E-1,9.762997742E0,9.880368015E0
2.627742500E0,1.448986816E0,-3.682342529E-1,9.768985291E0,9.882723960E0
2.637773500E0,1.453627167E0,-3.332070923E-1,9.738897858E0,9.852420534E0
2.647805500E0,1.453776855E0,-3.198847961E-1,9.709409180E0,9.822851930E0
2.657836500E0,1.453627167E0,-3.426374817E-1,9.702972565E0,9.817235302E0
2.667867500E0,1.439406738E0,-3.728746033E-1,9.744735718E0,9.857525117E0
2.677899500E0,1.445843353E0,-3.969744873E-1,9.799372101E0,9.913412395E0
2.687930500E0,1.441203003E0,-4.364923096E-1,9.829160156E0,9.943841361E0
2.697961500E0,1.440454559E0,-4.661306763E-1,9.823022919E0,9.939012346E0
2.707993500E0,1.423090668E0,-4.745132446E-1,9.814041595E0,9.928029125E0
2.718024500E0,1.424437866E0,-4.797523499E-1,9.783654785E0,9.898438589E0
2.728055500E0,1.447938995E0,-4.772076416E-1,9.737400970E0,9.856025169E0
2.738087500E0,1.447190552E0,-4.752616882E-1,9.702523499E0,9.821364284E0
2.748118500E0,1.453776855E0,-4.601431274E-1,9.692494354E0,9.811709619E0
2.758150500E0,1.448537750E0,-4.659809875E-1,9.705966339E0,9.824519452E0
2.768181500E0,1.454076233E0,-4.599934387E-1,9.720186768E0,9.839103742E0
2.778212500E0,1.460213470E0,-4.626878357E-1,9.730365601E0,9.850193812E0
2.788244500E0,1.464255066E0,-4.484674072E-1,9.741592255E0,9.861226372E0
2.798275500E0,1.458866272E0,-4.095483398E-1,9.758656769E0,9.875596315E0
2.808306500E0,1.452130280E0,-3.826043701E-1,9.773475952E0,9.888169732E0
2.818338500E0,1.454974365E0,-3.616479492E-1,9.755363617E0,9.869896602E0
2.828369500E0,1.469194794E0,-3.390449524E-1,9.812245331E0,9.927418761E0
2.838400500E0,1.461261292E0,-3.056643677E-1,9.770931244E0,9.884321557E0
2.848432500E0,1.451232147E0,-3.107537842E-1,9.774972839E0,9.886998365E0
2.858463500E0,1.453028412E0,-3.779640198E-1,9.748477936E0,9.863415759E0
2.868494500E0,1.433419189E0,-4.225712585E-1,9.780062256E0,9.893577451E0
2.878526500E0,1.421444092E0,-4.308041382E-1,9.810149689E0,9.921952047E0
2.888557500E0,1.430126038E0,-4.349954224E-1,9.803413696E0,9.916723330E0
2.898588500E0,1.438658295E0,-4.424798584E-1,9.829908600E0,9.944477321E0
2.908620500E0,1.485361176E0,-4.813989258E-1,9.853260040E0,9.976210511E0
2.918651500E0,1.512903900E0,-4.969665527E-1,9.875114594E0,1.000268675E1
2.928682500E0,1.538650360E0,-4.475692749E-1,9.859996033E0,9.989358586E0
2.938714500E0,1.518143005E0,-4.113446045E-1,9.797725525E0,9.923174292E0
2.948745500E0,1.472487946E0,-4.201762390E-1,9.745633850E0,9.865198830E0
2.958776500E0,1.451531525E0,-4.080514526E-1,9.739945679E0,9.855962235E0
2.968808500E0,1.470841370E0,-3.725752258E-1,9.766590271E0,9.883747880E0
2.978839500E0,1.491947479E0,-3.498225403E-1,9.777218170E0,9.896579118E0
2.988870500E0,1.481469269E0,-3.091072083E-1,9.773625641E0,9.890098919E0
2.998902500E0,1.476679230E0,-2.851570129E-1,9.751172333E0,9.866471402E0
3.008933500E0,1.462159424E0,-2.800675964E-1,9.750723267E0,9.863718987E0
3.018965500E0,1.451681213E0,-2.954855347E-1,9.732012177E0,9.844122665E0
3.028996500E0,1.448837128E0,-3.017724609E-1,9.727371826E0,9.839306799E0
3.039027500E0,1.443598022E0,-3.183879089E-1,9.715845795E0,9.827665319E0
3.049059500E0,1.453477478E0,-3.300636292E-1,9.699230347E0,9.813083516E0
3.059090500E0,1.440155182E0,-3.656895447E-1,9.686506805E0,9.799805604E0
3.069121500E0,1.435963898E0,-4.019142151E-1,9.698032837E0,9.812001236E0
3.079153500E0,1.432970123E0,-4.165837097E-1,9.683662720E0,9.797972700E0
3.089184500E0,1.411714325E0,-4.186793518E-1,9.673932953E0,9.785356841E0
3.099215500E0,1.385818176E0,-4.463717651E-1,9.680519257E0,9.789391853E0
3.109247500E0,1.384171600E0,-4.435276794E-1,9.692494354E0,9.800872136E0
3.119278500E0,1.372346191E0,-4.584965515E-1,9.717192993E0,9.824326584E0
3.129309500E0,1.384470978E0,-4.632865906E-1,9.739945679E0,9.848753027E0
3.139341500E0,1.419198761E0,-4.650828552E-1,9.769733734E0,9.883224394E0
3.149372500E0,1.424886932E0,-4.575984192E-1,9.778864746E0,9.892719283E0
3.159403500E0,1.432521057E0,-4.372407532E-1,9.808802490E0,9.922494764E0
3.169435500E0,1.448238373E0,-3.938310242E-1,9.799521790E0,9.913784573E0
3.179466500E0,1.422940979E0,-3.582051086E-1,9.764794006E0,9.874425245E0
3.189497500E0,1.418150940E0,-3.339555359E-1,9.776170349E0,9.884138055E0
3.199529500E0,1.425785065E0,-3.239263916E-1,9.774972839E0,9.883718195E0
3.209560500E0,1.450633392E0,-2.956352234E-1,9.760902100E0,9.872534995E0
3.219591500E0,1.454375610E0,-2.607577515E-1,9.746082916E0,9.857450747E0
3.229623500E0,1.443148956E0,-2.662962341E-1,9.725425873E0,9.835522406E0
3.239654500E0,1.460662537E0,-2.655477905E-1,9.698032837E0,9.811008693E0
3.249685500E0,1.449884949E0,-2.821632385E-1,9.709558868E0,9.821268547E0
3.259717500E0,1.449286194E0,-3.294648743E-1,9.734257507E0,9.847067929E0
3.269748500E0,1.467248840E0,-3.716770935E-1,9.780661011E0,9.897085067E0
3.279780500E0,1.460662537E0,-3.576063538E-1,9.788444824E0,9.903285789E0
3.289811500E0,1.421294403E0,-3.450325012E-1,9.742939453E0,9.852106089E0
3.299842500E0,1.409768372E0,-3.631448364E-1,9.768985291E0,9.876861578E0
3.309874500E0,1.420845337E0,-4.249662781E-1,9.807754669E0,9.919246416E0
3.319905500E0,1.470991058E0,-4.758604431E-1,9.819430389E0,9.940395919E0
3.329936500E0,1.491199036E0,-4.541555786E-1,9.775571594E0,9.899077323E0
3.339968500E0,1.449585571E0,-4.415817261E-1,9.762398987E0,9.879308009E0
3.349999500E0,1.413211212E0,-3.849993896E-1,9.697134705E0,9.807130668E0
3.360030500E0,1.421743469E0,-4.053570557E-1,9.682016144E0,9.794238380E0
3.370062500E0,1.441951447E0,-4.132905579E-1,9.679471436E0,9.795008950E0
3.380093500E0,1.459315338E0,-3.522175598E-1,9.714049530E0,9.829365022E0
3.390124500E0,1.450334015E0,-3.007246399E-1,9.749675446E0,9.861545282E0
3.400156500E0,1.437161407E0,-2.490820312E-1,9.728719025E0,9.837451328E0
3.410187500E0,1.442400513E0,-2.365081787E-1,9.720336456E0,9.829618313E0
3.420218500E0,1.453178101E0,-2.528242493E-1,9.746981049E0,9.857955480E0
3.430250500E0,1.427880707E0,-2.838098145E-1,9.776170349E0,9.883971773E0
3.440281500E0,1.407373352E0,-3.225791931E-1,9.801916809E0,9.907690458E0
3.450312500E0,1.415007477E0,-3.400927734E-1,9.817933502E0,9.925206673E0
3.460344500E0,1.408271484E0,-3.665876770E-1,9.811945953E0,9.919269050E0
3.470375500E0,1.407223663E0,-4.083508301E-1,9.799821167E0,9.908759950E0
3.480406500E0,1.446442108E0,-4.161346436E-1,9.790540466E0,9.905556291E0
3.490438500E0,1.454674988E0,-4.194277954E-1,9.770781555E0,9.887374333E0
3.500469500E0,1.457070007E0,-4.099974060E-1,9.746531982E0,9.863368419E0
3.510501500E0,1.443747711E0,-3.972738647E-1,9.717492371E0,9.832186529E0
3.520532500E0,1.432970123E0,-3.710783386E-1,9.714797974E0,9.826922315E0
3.530563500E0,1.414408722E0,-3.776646423E-1,9.704768829E0,9.814566758E0
3.540595500E0,1.423090668E0,-3.644920349E-1,9.696835327E0,9.807479638E0
3.550626500E0,1.413510590E0,-3.550616455E-1,9.707612915E0,9.816406138E0
3.560657500E0,1.437909851E0,-3.415896606E-1,9.713600464E0,9.825390690E0
3.570689500E0,1.442849579E0,-3.474275208E-1,9.749525757E0,9.861834174E0
3.580720500E0,1.439855804E0,-3.540138245E-1,9.779912567E0,9.891673283E0
3.590751500E0,1.430575104E0,-3.487747192E-1,9.766141205E0,9.876522818E0
3.600783500E0,1.415606232E0,-3.288661194E-1,9.841434631E0,9.948162118E0
3.610814500E0,1.403481445E0,-3.020718384E-1,9.810898132E0,9.915378446E0
3.620845500E0,1.432371368E0,-2.799179077E-1,9.785451050E0,9.893689606E0
3.630877500E0,1.445693665E0,-3.095562744E-1,9.749675446E0,9.861137184E0
3.640908500E0,1.410367126E0,-3.221301270E-1,9.714648285E0,9.821776548E0
3.650939500E0,1.367556152E0,-3.025209045E-1,9.695637817E0,9.796280999E0
3.660971500E0,1.375789032E0,-3.270698547E-1,9.743388519E0,9.845475610E0
3.671002500E0,1.438358917E0,-4.173321533E-1,9.816885681E0,9.930472646E0
3.681033500E0,1.511706390E0,-4.507127380E-1,9.862391052E0,9.987750270E0
3.691065500E0,1.545985107E0,-4.326004028E-1,9.863588562E0,9.993377426E0
3.701096500E0,1.534908142E0,-4.017645264E-1,9.818681946E0,9.946048104E0
3.711127500E0,1.464255066E0,-3.926335144E-1,9.740993500E0,9.858253311E0
3.721159500E0,1.394500122E0,-3.540138245E-1,9.677974548E0,9.784331747E0
3.731190500E0,1.380878448E0,-3.441343689E-1,9.702074432E0,9.805891191E0
3.741221500E0,1.403481445E0,-3.276686096E-1,9.715995483E0,9.822305998E0
3.751253292E0,1.442999268E0,-2.833607483E-1,9.702822876E0,9.813628889E0
3.761284292E0,1.447639618E0,-2.815644836E-1,9.694589996E0,9.806121263E0
3.771316292E0,1.408271484E0,-2.794688416E-1,9.683662720E0,9.789517612E0
3.781347292E0,1.374591522E0,-2.975811768E-1,9.704319763E0,9.805706424E0
3.791378292E0,1.384620667E0,-3.363505554E-1,9.741592255E0,9.845248892E0
3.801410292E0,1.395098877E0,-3.727249146E-1,9.755064240E0,9.861364158E0
3.811441292E0,1.397344208E0,-3.861968994E-1,9.758058014E0,9.865161686E0
3.821472292E0,1.403481445E0,-3.939807129E-1,9.784403229E0,9.892397460E0
3.831504292E0,1.400337982E0,-4.001179504E-1,9.774074707E0,9.881982454E0
3.841535292E0,1.378034363E0,-4.131408691E-1,9.759854279E0,9.865313965E0
3.851566292E0,1.378034363E0,-3.959266663E-1,9.745484161E0,9.850390762E0
3.861598292E0,1.367107086E0,-3.805087280E-1,9.742340698E0,9.845149616E0
3.871629292E0,1.373843079E0,-3.793112183E-1,9.732610931E0,9.836413846E0
3.881660292E0,1.378034363E0,-3.809577942E-1,9.747280426E0,9.851577704E0
3.891692292E0,1.381776581E0,-3.484753418E-1,9.761351166E0,9.864822257E0
3.901723292E0,1.372046814E0,-3.400927734E-1,9.761201477E0,9.863023362E0
3.911754292E0,1.386117554E0,-3.394940186E-1,9.774823151E0,9.878448547E0
3.921786292E0,1.391955414E0,-3.472778320E-1,9.788893890E0,9.893461748E0
3.931817292E0,1.399739227E0,-3.472778320E-1,9.812095642E0,9.917514441E0
3.941848292E0,1.408121796E0,-3.493734741E-1,9.818681946E0,9.925290120E0
3.951880292E0,1.409618683E0,-3.567082214E-1,9.790839844E0,9.898222590E0
3.961911292E0,1.409918060E0,-3.591032410E-1,9.771080933E0,9.878807958E0
3.971942292E0,1.409169617E0,-3.655398560E-1,9.760003967E0,9.867981346E0
3.981974292E0,1.418600006E0,-3.597019958E-1,9.787696381E0,9.896505037E0
3.992005292E0,1.418899384E0,-3.543132019E-1,9.803114319E0,9.911602477E0
4.002036292E0,1.431473236E0,-3.481759644E-1,9.767638092E0,9.878111967E0
4.012068292E0,1.393601990E0,-3.171903992E-1,9.715995483E0,9.820555203E0
4.022099292E0,1.371148682E0,-3.275189209E-1,9.686357117E0,9.788402911E0
4.032130292E0,1.358574829E0,-3.559597778E-1,9.724827118E0,9.825716025E0
4.042162292E0,1.369502106E0,-3.700305176E-1,9.772278442E0,9.874709340E0
4.052193292E0,1.386267242E0,-3.309617615E-1,9.731712799E0,9.835522689E0
4.062225292E0,1.369352417E0,-3.061134338E-1,9.717941437E0,9.818717699E0
4.072256292E0,1.398990784E0,-3.204835510E-1,9.789193268E0,9.893846055E0
4.082287292E0,1.434766388E0,-3.965254211E-1,9.828112335E0,9.940200152E0
4.092319292E0,1.478176117E0,-4.046086121E-1,9.842632141E0,9.961230859E0
4.102350292E0,1.461261292E0,-3.978726196E-1,9.764195251E0,9.880946113E0
4.112381292E0,1.387015686E0,-4.096980286E-1,9.716893616E0,9.823934371E0
4.122413292E0,1.369352417E0,-4.418811035E-1,9.741143188E0,9.846839877E0
4.132444292E0,1.395098877E0,-4.936734009E-1,9.783205719E0,9.894499909E0
4.142475292E0,1.434017944E0,-4.930746460E-1,9.796078949E0,9.912754049E0
4.152507292E0,1.451531525E0,-4.468208313E-1,9.805359650E0,9.922281516E0
4.162538292E0,1.420995026E0,-3.827540588E-1,9.787696381E0,9.897713270E0
4.172569292E0,1.390757904E0,-3.375480652E-1,9.753267975E0,9.857706753E0
4.182601292E0,1.370400238E0,-2.829116821E-1,9.730964355E0,9.831058087E0
4.192632292E0,1.362915802E0,-2.781216431E-1,9.765542450E0,9.864112250E0
4.202663292E0,1.383273468E0,-2.603086853E-1,9.787247314E0,9.887942966E0
4.212695292E0,1.391057281E0,-2.535726929E-1,9.809101868E0,9.910490347E0
4.222726292E0,1.383423157E0,-2.493814087E-1,9.809101868E0,9.909315323E0
4.232757292E0,1.351389771E0,-2.698887634E-1,9.795031128E0,9.891497816E0
4.242789292E0,1.354982300E0,-2.885998535E-1,9.802515564E0,9.899928196E0
4.252820292E0,1.364861755E0,-3.210823059E-1,9.783954163E0,9.883911195E0
4.262851292E0,1.377435608E0,-3.465293884E-1,9.769733734E0,9.872441882E0
4.272883292E0,1.383273468E0,-3.598516846E-1,9.750274200E0,9.854480489E0
4.282914292E0,1.399739227E0,-3.857478333E-1,9.743089142E0,9.850678013E0
4.292946292E0,1.400637360E0,-4.062551880E-1,9.743388519E0,9.851926113E0
4.302977292E0,1.392105103E0,-4.140390015E-1,9.735455017E0,9.843194060E0
4.313008292E0,1.395697632E0,-4.299060059E-1,9.753717041E0,9.862443266E0
4.323040292E0,1.394051056E0,-4.328997803E-1,9.777966614E0,9.886324477E0
4.333071292E0,1.395997009E0,-4.302053833E-1,9.783056030E0,9.891515031E0
4.343102292E0,1.399290161E0,-3.903881836E-1,9.789792023E0,9.896991651E0
4.353134292E0,1.402433624E0,-3.707789612E-1,9.798024902E0,9.904826556E0
4.363165292E0,1.407523041E0,-3.373983765E-1,9.801018677E0,9.907316785E0
4.373196292E0,1.420545959E0,-3.077600098E-1,9.751920776E0,9.859646336E0
4.383228292E0,1.403631134E0,-2.688409424E-1,9.748477936E0,9.852678716E0
4.393259292E0,1.386416931E0,-2.351609802E-1,9.757758636E0,9.858565119E0
4.403290292E0,1.374890900E0,-2.182461548E-1,9.728419647E0,9.827517754E0
4.413322292E0,1.357227631E0,-2.146536255E-1,9.695188751E0,9.792079858E0
4.423353292E0,1.359173584E0,-2.571652222E-1,9.727371826E0,9.825235337E0
4.433384292E0,1.371148682E0,-2.950364685E-1,9.740993500E0,9.841445503E0
4.443416292E0,1.385219421E0,-3.463796997E-1,9.774673462E0,9.878413487E0
4.453447292E0,1.395547943E0,-3.796105957E-1,9.815837860E0,9.921810881E0
4.463478292E0,1.404828644E0,-4.085005188E-1,9.833800507E0,9.942034429E0
4.473510292E0,1.448388062E0,-4.174818420E-1,9.848919067E0,9.963600045E0
4.483541292E0,1.446292419E0,-4.026626587E-1,9.823022919E0,9.937086003E0
4.493572292E0,1.434766388E0,-3.724255371E-1,9.798623657E0,9.910110037E0
4.503604292E0,1.409918060E0,-3.417393494E-1,9.761351166E0,9.868567844E0
4.513635292E0,1.383722534E0,-3.197351074E-1,9.729467468E0,9.832571170E0
4.523666292E0,1.368304596E0,-3.119512939E-1,9.745933228E0,9.846460560E0
4.533698292E0,1.382824402E0,-3.159928894E-1,9.735754395E0,9.838545038E0
4.543729292E0,1.411564636E0,-3.061134338E-1,9.756261749E0,9.862599225E0
4.553760292E0,1.403331757E0,-3.106040955E-1,9.774224396E0,9.879335882E0
4.563792292E0,1.416803741E0,-3.121009827E-1,9.761650543E0,9.868868283E0
4.573823292E0,1.399140472E0,-3.216810608E-1,9.743687897E0,9.848884536E0
4.583855292E0,1.377734985E0,-3.327580261E-1,9.710307312E0,9.813202825E0
4.593886292E0,1.364412689E0,-3.525169373E-1,9.738448792E0,9.839881861E0
4.603917292E0,1.364412689E0,-3.802093506E-1,9.760303345E0,9.862540368E0
4.613949292E0,1.392105103E0,-3.665876770E-1,9.786349182E0,9.891661815E0
4.623980292E0,1.400038605E0,-3.534150696E-1,9.817933502E0,9.923549192E0
4.634011292E0,1.401984558E0,-3.478765869E-1,9.798773346E0,9.904672529E0
4.644043292E0,1.413660278E0,-3.273692322E-1,9.800419922E0,9.907261814E0
4.654074292E0,1.397344208E0,-3.345542908E-1,9.791887665E0,9.896744993E0
4.664105292E0,1.369951172E0,-3.294648743E-1,9.773176575E0,9.874223700E0
4.674137292E0,1.363963623E0,-3.315605164E-1,9.775870972E0,9.876131955E0
4.684168292E0,1.346150665E0,-3.314108276E-1,9.775870972E0,9.873682596E0
4.694199292E0,1.347497864E0,-3.451821899E-1,9.773775330E0,9.872263440E0
4.704231292E0,1.338366852E0,-3.179388428E-1,9.781259766E0,9.877517580E0
4.714262292E0,1.349294128E0,-3.252735901E-1,9.783355408E0,9.881317756E0
4.724293292E0,1.347797241E0,-3.112028503E-1,9.786798248E0,9.884069231E0
4.734325292E0,1.359023895E0,-3.167413330E-1,9.796977081E0,9.895859283E0
4.744356000E0,1.369502106E0,-3.234773254E-1,9.808503113E0,9.908930664E0
4.754387000E0,1.371448059E0,-3.294648743E-1,9.787097626E0,9.888209991E0
4.764419000E0,1.382824402E0,-3.231779480E-1,9.777667236E0,9.880254243E0
4.774450000E0,1.387464752E0,-3.276686096E-1,9.774823151E0,9.878238344E0
4.784481000E0,1.385518799E0,-3.192860413E-1,9.764344940E0,9.867321725E0
4.794513000E0,1.397344208E0,-3.225791931E-1,9.748328247E0,9.853249808E0
4.804544000E0,1.399888916E0,-3.222798157E-1,9.745633850E0,9.850935610E0
4.814575000E0,1.390608215E0,-3.385958862E-1,9.764644318E0,9.868977507E0
4.824607000E0,1.373094635E0,-3.484753418E-1,9.783505096E0,9.885534680E0
4.834638000E0,1.366508331E0,-3.517684937E-1,9.784702606E0,9.885923891E0
4.844670000E0,1.354383545E0,-3.541635132E-1,9.776619415E0,9.876339088E0
4.854701000E0,1.328637085E0,-3.418890381E-1,9.764344940E0,9.860253381E0
4.864732000E0,1.360371094E0,-3.450325012E-1,9.796977081E0,9.896990294E0
4.874764000E0,1.387764130E0,-3.396437073E-1,9.806557159E0,9.910086299E0
4.884795000E0,1.383273468E0,-3.025209045E-1,9.782756653E0,9.884699900E0
4.894826000E0,1.380279694E0,-2.754272461E-1,9.737251282E0,9.838449813E0
4.904858000E0,1.358275452E0,-2.643502808E-1,9.711055756E0,9.809148646E0
4.914889000E0,1.341809692E0,-2.785707092E-1,9.749675446E0,9.845518076E0
4.924920000E0,1.352736969E0,-3.031196594E-1,9.786498871E0,9.884196426E0
4.934952000E0,1.344504089E0,-2.959346008E-1,9.762548676E0,9.859139170E0
4.944983000E0,1.326242065E0,-2.908451843E-1,9.731563110E0,9.825824622E0
4.955014000E0,1.341360626E0,-3.164419556E-1,9.811047821E0,9.907373173E0
4.965046000E0,1.400637360E0,-3.637435913E-1,9.831405487E0,9.937335069E0
4.975077000E0,1.451830902E0,-3.365002441E-1,9.861792297E0,9.973765222E0
4.985108000E0,1.423240356E0,-3.152444458E-1,9.786648560E0,9.894618851E0
4.995140000E0,1.397194519E0,-2.933898926E-1,9.691296844E0,9.795890193E0
5.005171000E0,1.369651794E0,-3.121009827E-1,9.661957855E0,9.763543550E0
5.015202000E0,1.380878448E0,-3.778143311E-1,9.694290619E0,9.799430573E0
5.025234000E0,1.395248566E0,-4.061054993E-1,9.763746185E0,9.871290686E0
5.035265000E0,1.386267242E0,-4.125421143E-1,9.807904358E0,9.913975780E0
5.045296000E0,1.382974091E0,-3.770658875E-1,9.810299377E0,9.914472749E0
5.055328000E0,1.374890900E0,-3.384461975E-1,9.778565369E0,9.880547125E0
5.065359000E0,1.385069733E0,-3.041674805E-1,9.773925018E0,9.876261757E0
5.075390000E0,1.415456543E0,-2.752775574E-1,9.760752411E0,9.866690559E0
5.085422000E0,1.416654053E0,-2.333647156E-1,9.780361633E0,9.885182926E0
5.095453000E0,1.424138489E0,-1.948947144E-1,9.801018677E0,9.905862985E0
5.105485000E0,1.391955414E0,-1.838177490E-1,9.792486420E0,9.892629535E0
5.115516000E0,1.371298370E0,-1.793270874E-1,9.781110077E0,9.878397226E0
5.125547000E0,1.320703583E0,-1.913021851E-1,9.763596497E0,9.854373193E0
5.135579000E0,1.307830353E0,-2.143542480E-1,9.729916534E0,9.819757825E0
5.145610000E0,1.327439575E0,-2.668949890E-1,9.736053772E0,9.829754413E0
5.155641000E0,1.351539459E0,-3.107537842E-1,9.730066223E0,9.828398421E0
5.165673000E0,1.383423157E0,-3.579057312E-1,9.756561127E0,9.860651153E0
5.175704000E0,1.381028137E0,-3.875440979E-1,9.777367859E0,9.882021625E0
5.185735000E0,1.379680939E0,-4.320016479E-1,9.763147430E0,9.869609550E0
5.195767000E0,1.377884674E0,-4.373904419E-1,9.755812683E0,9.862340375E0
5.205798000E0,1.366208954E0,-4.372407532E-1,9.758806458E0,9.863671216E0
5.215829000E0,1.385069733E0,-4.287084961E-1,9.770631866E0,9.877624016E0
5.225861000E0,1.397942963E0,-4.230203247E-1,9.788744202E0,9.897105828E0
5.235892000E0,1.398092651E0,-3.993695068E-1,9.796528015E0,9.903843709E0
5.245923000E0,1.414708099E0,-3.568579102E-1,9.814340973E0,9.922199116E0
5.255955000E0,1.413959656E0,-3.080593872E-1,9.796228638E0,9.902538968E0
5.265986000E0,1.382525024E0,-2.531236267E-1,9.765991516E0,9.866612251E0
5.276017000E0,1.345252533E0,-2.447410583E-1,9.770182800E0,9.865397839E0
5.286049000E0,1.323996735E0,-2.110610962E-1,9.745933228E0,9.837719686E0
5.296080000E0,1.331930237E0,-1.980381775E-1,9.742340698E0,9.834961086E0
5.306111000E0,1.334474945E0,-2.086660767E-1,9.737700348E0,9.830929406E0
5.316143000E0,1.367855530E0,-2.526745605E-1,9.744735718E0,9.843512960E0
5.326174000E0,1.410217438E0,-2.806663513E-1,9.760453033E0,9.865795976E0
5.336205000E0,1.413660278E0,-3.225791931E-1,9.776619415E0,9.883561095E0
5.346237000E0,1.417552185E0,-3.516188049E-1,9.804012451E0,9.912202082E0
5.356268000E0,1.440155182E0,-3.772155762E-1,9.819131012E0,9.931347963E0
5.366299000E0,1.439257050E0,-3.812571716E-1,9.787097626E0,9.899701906E0
5.376331000E0,1.450034637E0,-3.649411011E-1,9.770332489E0,9.884087181E0
5.386362000E0,1.424886932E0,-3.396437073E-1,9.751322021E0,9.860727244E0
5.396394000E0,1.404828644E0,-3.356021118E-1,9.721384277E0,9.828096691E0
5.406425000E0,1.379531250E0,-3.323089600E-1,9.720935211E0,9.823956285E0
5.416456000E0,1.379231873E0,-3.221301270E-1,9.748627625E0,9.850979085E0
5.426488000E0,1.402733002E0,-3.233276367E-1,9.752220154E0,9.857890168E0
5.436519000E0,1.400188293E0,-3.332070923E-1,9.781559143E0,9.886882901E0
5.446550000E0,1.412163391E0,-3.366499329E-1,9.795330505E0,9.902324895E0
5.456582000E0,1.396296387E0,-3.460803223E-1,9.792336731E0,9.897437741E0
5.466613000E0,1.366658020E0,-3.375480652E-1,9.801767120E0,9.902339699E0
5.476644000E0,1.351838837E0,-3.403921509E-1,9.776170349E0,9.875061607E0
5.486676000E0,1.345701599E0,-3.296145630E-1,9.776020660E0,9.873709460E0
5.496707000E0,1.311722260E0,-3.354524231E-1,9.775571594E0,9.868887658E0
5.506738000E0,1.327140198E0,-3.378474426E-1,9.783954163E0,9.879332015E0
5.516770000E0,1.337019653E0,-3.351530457E-1,9.795480194E0,9.891985713E0
5.526801000E0,1.337468719E0,-3.447331238E-1,9.783355408E0,9.880369757E0
5.536832000E0,1.344204712E0,-3.305126953E-1,9.788893890E0,9.886281836E0
5.546864000E0,1.359922028E0,-3.318598938E-1,9.787397003E0,9.886994438E0
5.556895000E0,1.381177826E0,-3.171903992E-1,9.799372101E0,9.901310797E0
5.566926000E0,1.377884674E0,-3.204835510E-1,9.787247314E0,9.888957775E0
5.576958000E0,1.385219421E0,-3.156935120E-1,9.786798248E0,9.889383964E0
5.586989000E0,1.400188293E0,-3.149450684E-1,9.768386536E0,9.873251398E0
5.597020000E0,1.401685181E0,-3.047662354E-1,9.766889648E0,9.871663346E0
5.607052000E0,1.401834869E0,-3.188369751E-1,9.773326263E0,9.878497065E0
5.617083000E0,1.391356659E0,-3.308120728E-1,9.767937469E0,9.872077410E0
5.627115000E0,1.397044830E0,-3.487747192E-1,9.781409454E0,9.886827043E0
5.637146000E0,1.385518799E0,-3.628454590E-1,9.800419922E0,9.904521685E0
5.647177000E0,1.384470978E0,-3.538641357E-1,9.785600739E0,9.889386307E0
5.657209000E0,1.388362885E0,-3.552113342E-1,9.788145447E0,9.892498061E0
5.667240000E0,1.384620667E0,-3.430865479E-1,9.774972839E0,9.878510858E0
5.677271000E0,1.381926270E0,-3.430865479E-1,9.774673462E0,9.877837308E0
5.687303000E0,1.373244324E0,-3.460803223E-1,9.757908325E0,9.860139271E0
5.697334000E0,1.387165375E0,-3.366499329E-1,9.744436340E0,9.848431375E0
5.707365000E0,1.382674713E0,-3.321592712E-1,9.749226379E0,9.852387231E0
5.717397000E0,1.375190277E0,-3.165916443E-1,9.750124512E0,9.851715920E0
5.727428000E0,1.368603973E0,-3.164419556E-1,9.740544434E0,9.841311813E0
5.737459000E0,1.357826385E0,-3.216810608E-1,9.733658752E0,9.833172627E0
5.747490917E0,1.347647552E0,-3.275189209E-1,9.743538208E0,9.841745749E0
5.757521917E0,1.380429382E0,-3.338058472E-1,9.779014435E0,9.881605889E0
5.767552917E0,1.394350433E0,-3.314108276E-1,9.792336731E0,9.896661302E0
5.777584917E0,1.399140472E0,-3.073109436E-1,9.789342957E0,9.893597404E0
5.787615917E0,1.371448059E0,-2.743794250E-1,9.762548676E0,9.862226447E0
5.797646917E0,1.338815918E0,-2.701881409E-1,9.738897858E0,9.834203637E0
5.807678917E0,1.311123505E0,-2.868035889E-1,9.758357391E0,9.850220308E0
5.817709917E0,1.338217163E0,-3.412902832E-1,9.781409454E0,9.878424730E0
5.827740917E0,1.351838837E0,-3.353027344E-1,9.745334473E0,9.844360830E0
5.837772917E0,1.353635101E0,-3.146456909E-1,9.721533966E0,9.820364176E0
5.847803917E0,1.353934479E0,-3.293151855E-1,9.751621399E0,9.850670382E0
5.857835917E0,1.383423157E0,-3.728746033E-1,9.798324280E0,9.902527647E0
5.867866917E0,1.421743469E0,-3.802093506E-1,9.790690155E0,9.900683176E0
5.877897917E0,1.408870239E0,-3.549119568E-1,9.775122528E0,9.882504657E0
5.887929917E0,1.377585297E0,-3.656895447E-1,9.734407196E0,9.838198694E0
5.897960917E0,1.358574829E0,-3.866459656E-1,9.765392761E0,9.867021661E0
5.907991917E0,1.373394012E0,-4.376898193E-1,9.796827393E0,9.902303290E0
5.918023917E0,1.404080200E0,-4.569996643E-1,9.817035370E0,9.927460569E0
5.928054917E0,1.425335999E0,-4.141886902E-1,9.815538483E0,9.927131040E0
5.938085917E0,1.427880707E0,-3.478765869E-1,9.811646576E0,9.921102255E0
5.948117917E0,1.393302612E0,-3.053649902E-1,9.763147430E0,9.866792168E0
5.958148917E0,1.396595764E0,-2.661465454E-1,9.725276184E0,9.828647444E0
5.968179917E0,1.391805725E0,-2.192939758E-1,9.729168091E0,9.830662478E0
5.978211917E0,1.385668488E0,-2.001338196E-1,9.740993500E0,9.841091660E0
5.988242917E0,1.369202728E0,-1.893562317E-1,9.749376068E0,9.846872885E0
5.998273917E0,1.350192261E0,-1.932481384E-1,9.768536224E0,9.863298837E0
6.008305917E0,1.313817902E0,-2.290237427E-1,9.772278442E0,9.862859388E0
6.018336917E0,1.301244049E0,-2.667453003E-1,9.799372101E0,9.888987951E0
6.028367917E0,1.331780548E0,-2.927911377E-1,9.791139221E0,9.885634695E0
6.038399917E0,1.344504089E0,-3.315605164E-1,9.806557159E0,9.903847078E0
6.048430917E0,1.365460510E0,-3.746708679E-1,9.800419922E0,9.902176090E0
6.058461917E0,1.399439850E0,-4.073030090E-1,9.795031128E0,9.902876473E0
6.068493917E0,1.411864014E0,-4.207749939E-1,9.785900116E0,9.896173638E0
6.078524917E0,1.410965881E0,-4.254153442E-1,9.766739960E0,9.877297828E0
6.088555917E0,1.431323547E0,-4.099974060E-1,9.761800232E0,9.874691324E0
6.098587917E0,1.442999268E0,-4.138893127E-1,9.762698364E0,9.877440488E0
6.108618917E0,1.440903625E0,-3.867956543E-1,9.754465485E0,9.867898004E0
6.118649917E0,1.434167633E0,-3.469784546E-1,9.770781555E0,9.881568856E0
6.128681917E0,1.400787048E0,-3.082090759E-1,9.777218170E0,9.881861785E0
6.138712917E0,1.403032379E0,-2.653981018E-1,9.781858521E0,9.885529431E0
6.148744917E0,1.397044830E0,-2.263293457E-1,9.760453033E0,9.862525166E0
6.158775917E0,1.382824402E0,-2.038760376E-1,9.781110077E0,9.880479902E0
6.168806917E0,1.337618408E0,-1.878593445E-1,9.756860504E0,9.849915788E0
6.178838917E0,1.317709808E0,-1.883084106E-1,9.757459259E0,9.847833792E0
6.188869917E0,1.315614166E0,-2.133064270E-1,9.722132721E0,9.813062973E0
6.198900917E0,1.305884399E0,-2.354603577E-1,9.745184784E0,9.835110682E0
6.208932917E0,1.333427124E0,-2.736309814E-1,9.764045563E0,9.858472882E0
6.218963917E0,1.357377319E0,-3.269201660E-1,9.803862762E0,9.902781177E0
6.228994917E0,1.391206970E0,-3.820056152E-1,9.845326538E0,9.950469324E0
6.239026917E0,1.423988800E0,-4.017645264E-1,9.862690430E0,9.973054765E0
6.249057917E0,1.438658295E0,-4.082011414E-1,9.845775604E0,9.958697862E0
6.259088917E0,1.428180084E0,-3.972738647E-1,9.806257782E0,9.917671933E0
6.269120917E0,1.403032379E0,-3.616479492E-1,9.754465485E0,9.861484979E0
6.279151917E0,1.366358643E0,-3.409909058E-1,9.725575562E0,9.827005177E0
6.289182917E0,1.338666229E0,-3.254232788E-1,9.700427856E0,9.797766489E0
6.299214917E0,1.313518524E0,-2.911445618E-1,9.713450775E0,9.806182847E0
6.309245917E0,1.342408447E0,-2.847079468E-1,9.734107819E0,9.830359814E0
6.319276917E0,1.391057281E0,-2.600093079E-1,9.756860504E0,9.858953905E0
6.329308917E0,1.418600006E0,-2.544708252E-1,9.768835602E0,9.874580011E0
6.339339917E0,1.412163391E0,-2.481838989E-1,9.758656769E0,9.863426515E0
6.349371917E0,1.405577087E0,-2.737806702E-1,9.757908325E0,9.862422506E0
6.359402917E0,1.403182068E0,-2.848576355E-1,9.757010193E0,9.861506563E0
6.369433917E0,1.389111328E0,-3.022215271E-1,9.749974823E0,9.853069429E0
6.379465917E0,1.381327515E0,-3.140469360E-1,9.759554901E0,9.861825543E0
6.389496917E0,1.377136230E0,-3.234773254E-1,9.770631866E0,9.872506715E0
6.399527917E0,1.382375336E0,-3.192860413E-1,9.746382294E0,9.849105186E0
6.409559917E0,1.386566620E0,-3.249742126E-1,9.763596497E0,9.866913995E0
6.419590917E0,1.376088409E0,-3.400927734E-1,9.762099609E0,9.864475211E0
6.429621917E0,1.371448059E0,-3.414399719E-1,9.777218170E0,9.878838301E0
6.439653917E0,1.359323273E0,-3.405418396E-1,9.785151672E0,9.884984661E0
6.449684917E0,1.347198486E0,-3.481759644E-1,9.793983307E0,9.892334370E0
6.459715917E0,1.342558136E0,-3.143463135E-1,9.781409454E0,9.878119602E0
6.469747917E0,1.346899109E0,-3.068618774E-1,9.773625641E0,9.870767933E0
6.479778917E0,1.346749420E0,-2.881507874E-1,9.769733734E0,9.866329718E0
6.489809917E0,1.338067474E0,-2.826123047E-1,9.770332489E0,9.865581140E0
6.499841917E0,1.353485413E0,-2.857557678E-1,9.749825134E0,9.847470196E0
6.509872917E0,1.391805725E0,-2.932402039E-1,9.759554901E0,9.862658103E0
6.519903917E0,1.391955414E0,-2.894979858E-1,9.761800232E0,9.864790557E0
6.529935917E0,1.401834869E0,-2.942880249E-1,9.762099609E0,9.866627348E0
6.539966917E0,1.403481445E0,-3.219804382E-1,9.780211945E0,9.885645009E0
6.549997917E0,1.403182068E0,-3.370989990E-1,9.775122528E0,9.881071606E0
6.560029917E0,1.389410706E0,-3.302133179E-1,9.764644318E0,9.868524793E0
6.570060917E0,1.381626892E0,-3.487747192E-1,9.762548676E0,9.865996823E0
6.580091917E0,1.374292145E0,-3.450325012E-1,9.775421906E0,9.877580663E0
6.590123917E0,1.382674713E0,-3.351530457E-1,9.760902100E0,9.864042109E0
6.600154917E0,1.369502106E0,-3.442840576E-1,9.757608948E0,9.859259602E0
6.610185917E0,1.359922028E0,-3.197351074E-1,9.730365601E0,9.830139021E0
6.620217917E0,1.363364868E0,-3.203338623E-1,9.752220154E0,9.852267530E0
6.630248917E0,1.394500122E0,-3.061134338E-1,9.786947937E0,9.890535170E0
6.640280917E0,1.416803741E0,-2.977308655E-1,9.800569611E0,9.906923902E0
6.650311917E0,1.409169617E0,-2.709365845E-1,9.787995758E0,9.892624859E0
6.660342917E0,1.362766113E0,-2.712359619E-1,9.764494629E0,9.862862454E0
6.670374917E0,1.307231598E0,-2.875520325E-1,9.774074707E0,9.865296600E0
6.680405917E0,1.287622375E0,-3.077600098E-1,9.785600739E0,9.874749081E0
6.690436917E0,1.302441559E0,-3.342549133E-1,9.782906342E0,9.874884144E0
6.700468917E0,1.317111053E0,-3.303630066E-1,9.772428131E0,9.866320126E0
6.710499917E0,1.326691132E0,-3.201841736E-1,9.755363617E0,9.850367839E0
6.720530917E0,1.354682922E0,-3.399430847E-1,9.802814941E0,9.901813364E0
6.730562917E0,1.405577087E0,-3.614982605E-1,9.822124786E0,9.928769474E0
6.740593917E0,1.468296661E0,-3.589535522E-1,9.819580078E0,9.935235058E0
6.750624667E0,1.460662537E0,-3.356021118E-1,9.760003967E0,9.874403337E0
6.760656667E0,1.396146698E0,-3.591032410E-1,9.733059998E0,9.839239689E0
6.770687667E0,1.376238098E0,-3.698808289E-1,9.711504822E0,9.815506560E0
6.780718667E0,1.389710083E0,-4.104464722E-1,9.723629608E0,9.831008757E0
6.790750667E0,1.413360901E0,-4.110452271E-1,9.756710815E0,9.867114733E0
6.800781667E0,1.430724792E0,-3.631448364E-1,9.775870972E0,9.886683006E0
6.810812667E0,1.412911835E0,-3.017724609E-1,9.768236847E0,9.874504421E0
6.820844667E0,1.386267242E0,-2.665956116E-1,9.735604706E0,9.837418822E0
6.830875667E0,1.361867981E0,-2.291734314E-1,9.741592255E0,9.838995097E0
6.840906667E0,1.367556152E0,-2.291734314E-1,9.761949921E0,9.859938973E0
6.850938667E0,1.360820160E0,-2.303709412E-1,9.790839844E0,9.887641130E0
6.860969667E0,1.346749420E0,-2.218386841E-1,9.805808716E0,9.900344993E0
6.871000667E0,1.333277435E0,-2.369572449E-1,9.805659027E0,9.898723474E0
6.881032667E0,1.305135956E0,-2.442919922E-1,9.819580078E0,9.908946026E0
6.891063667E0,1.314865723E0,-2.802172852E-1,9.801916809E0,9.893683173E0
6.901095667E0,1.312171326E0,-3.056643677E-1,9.784702606E0,9.877025331E0
6.911126667E0,1.334175568E0,-3.394940186E-1,9.777367859E0,9.873813999E0
6.921157667E0,1.371148682E0,-3.742218018E-1,9.773026886E0,9.875836429E0
6.931189667E0,1.399439850E0,-3.963757324E-1,9.755064240E0,9.862901395E0
6.941220667E0,1.410217438E0,-4.123924255E-1,9.746382294E0,9.856507929E0
6.951251667E0,1.412762146E0,-4.167333984E-1,9.766440582E0,9.876888440E0
6.961283667E0,1.431922302E0,-4.239184570E-1,9.755812683E0,9.869447272E0
6.971314667E0,1.428030396E0,-3.938310242E-1,9.773326263E0,9.884952197E0
6.981345667E0,1.423240356E0,-3.656895447E-1,9.771230621E0,9.881107722E0
6.991377667E0,1.418450317E0,-3.502716064E-1,9.778265991E0,9.886818361E0
7.001408667E0,1.400936737E0,-3.001258850E-1,9.779313812E0,9.883707701E0
7.011439667E0,1.388512573E0,-2.751278687E-1,9.767638092E0,9.869671545E0
7.021471667E0,1.379082184E0,-2.365081787E-1,9.790690155E0,9.890167719E0
7.031502667E0,1.334924011E0,-1.995350647E-1,9.760453033E0,9.853338509E0
7.041533667E0,1.326541443E0,-2.188449097E-1,9.750723267E0,9.842977675E0
7.051565667E0,1.322350159E0,-2.442919922E-1,9.763895874E0,9.856061645E0
7.061596667E0,1.321002960E0,-2.881507874E-1,9.758806458E0,9.852024319E0
7.071627667E0,1.325343933E0,-2.775228882E-1,9.747430115E0,9.841033957E0
7.081659667E0,1.332079926E0,-3.013233948E-1,9.779613190E0,9.874516032E0
7.091690667E0,1.354682922E0,-3.658392334E-1,9.792037354E0,9.892067514E0
7.101722667E0,1.422791290E0,-3.838018799E-1,9.812544708E0,9.922583967E0
7.111753667E0,1.453178101E0,-4.005670166E-1,9.828561401E0,9.943480263E0
7.121784667E0,1.437909851E0,-4.049079895E-1,9.805060272E0,9.918202567E0
7.131816667E0,1.422342224E0,-3.972738647E-1,9.767638092E0,9.878645546E0
7.141847667E0,1.399140472E0,-3.626957703E-1,9.739047546E0,9.845719344E0
7.151878667E0,1.375789032E0,-3.525169373E-1,9.757459259E0,9.860277625E0
7.161910667E0,1.377136230E0,-3.254232788E-1,9.770781555E0,9.872718810E0
7.171941667E0,1.373693390E0,-3.064128113E-1,9.784702606E0,9.885409826E0
7.181972667E0,1.394649811E0,-2.815644836E-1,9.796677704E0,9.899455575E0
7.192004667E0,1.389261017E0,-2.695893860E-1,9.786349182E0,9.888142137E0
7.202035667E0,1.375339966E0,-2.665956116E-1,9.773026886E0,9.872927011E0
7.212066667E0,1.344653778E0,-2.700384521E-1,9.779463501E0,9.875166880E0
7.222098667E0,1.350641327E0,-3.068618774E-1,9.782756653E0,9.880320032E0
7.232129667E0,1.358275452E0,-3.438349915E-1,9.780511322E0,9.880361148E0
7.242160667E0,1.360969849E0,-3.435356140E-1,9.777068481E0,9.877313589E0
7.252192667E0,1.362616425E0,-3.668870544E-1,9.777218170E0,9.878528472E0
7.262223667E0,1.365759888E0,-3.938310242E-1,9.774673462E0,9.877481675E0
7.272254667E0,1.388213196E0,-4.110452271E-1,9.792336731E0,9.898785416E0
7.282286667E0,1.388063507E0,-4.251159668E-1,9.777966614E0,9.885144156E0
7.292317667E0,1.383423157E0,-4.361929321E-1,9.765991516E0,9.873130922E0
7.302348667E0,1.382225647E0,-4.149371338E-1,9.763446808E0,9.869529580E0
7.312380667E0,1.361718292E0,-3.947291565E-1,9.778715057E0,9.880959265E0
7.322411667E0,1.366658020E0,-3.794609070E-1,9.760303345E0,9.862822421E0
7.332443667E0,1.361119537E0,-3.644920349E-1,9.767937469E0,9.869047738E0
7.342474667E0,1.344653778E0,-3.555107117E-1,9.763596497E0,9.862164985E0
7.352505667E0,1.361718292E0,-3.332070923E-1,9.749974823E0,9.850244298E0
7.362537667E0,1.366807709E0,-3.088078308E-1,9.732610931E0,9.832967056E0
7.372568667E0,1.392404480E0,-3.329077148E-1,9.739795990E0,9.844452433E0
7.382599667E0,1.422342224E0,-3.421884155E-1,9.764644318E0,9.873622889E0
7.392631667E0,1.428180084E0,-3.640429688E-1,9.753267975E0,9.863998268E0
7.402662667E0,1.430425415E0,-3.870950317E-1,9.758207703E0,9.870084954E0
7.412693667E0,1.417851562E0,-3.827540588E-1,9.761800232E0,9.871653736E0
7.422725667E0,1.383123779E0,-3.852987671E-1,9.732012177E0,9.837354702E0
7.432756667E0,1.350940704E0,-3.704795837E-1,9.715247040E0,9.815718056E0
7.442787667E0,1.343456268E0,-3.683839417E-1,9.728868713E0,9.828095844E0
7.452819667E0,1.362915802E0,-3.656895447E-1,9.772428131E0,9.873784477E0
7.462850667E0,1.400038605E0,-3.529660034E-1,9.814640350E0,9.920275112E0
7.472881667E0,1.407373352E0,-3.294648743E-1,9.815987549E0,9.921837452E0
7.482913667E0,1.389261017E0,-3.076103210E-1,9.772727509E0,9.875772033E0
7.492944667E0,1.348246307E0,-2.932402039E-1,9.771380310E0,9.868314501E0
7.502975667E0,1.340013428E0,-2.827619934E-1,9.757459259E0,9.853101112E0
7.513007667E0,1.344803467E0,-3.233276367E-1,9.754166107E0,9.851740637E0
7.523038667E0,1.347497864E0,-3.306623840E-1,9.737101593E0,9.835458075E0
7.533069667E0,1.334924011E0,-3.305126953E-1,9.709708557E0,9.806615166E0
7.543101667E0,1.342707825E0,-3.483256531E-1,9.730515289E0,9.828892250E0
7.553132667E0,1.359772339E0,-3.728746033E-1,9.768685913E0,9.869915945E0
7.563164667E0,1.415007477E0,-4.090992737E-1,9.822873230E0,9.932695851E0
7.573195667E0,1.438358917E0,-3.957769775E-1,9.816586304E0,9.929294157E0
7.583226667E0,1.418001251E0,-3.896397400E-1,9.787397003E0,9.897256528E0
7.593258667E0,1.386267242E0,-4.092489624E-1,9.764644318E0,9.871043523E0
7.603289667E0,1.371448059E0,-4.334985352E-1,9.764045563E0,9.869416219E0
7.613320667E0,1.413959656E0,-4.432283020E-1,9.786648560E0,9.898192929E0
7.623352667E0,1.429676971E0,-4.314028931E-1,9.773026886E0,9.886462422E0
7.633383667E0,1.437011719E0,-3.773652649E-1,9.764344940E0,9.876732219E0
7.643414667E0,1.422791290E0,-3.161425781E-1,9.737400970E0,9.845875220E0
7.653446667E0,1.400487671E0,-2.782713318E-1,9.706565094E0,9.811024746E0
7.663477667E0,1.415306854E0,-2.562670898E-1,9.704020386E0,9.810034554E0
7.673508667E0,1.383872223E0,-2.296224976E-1,9.731263733E0,9.831852453E0
7.683540667E0,1.364113312E0,-2.345622253E-1,9.765243073E0,9.862849326E0
7.693571667E0,1.344653778E0,-2.484832764E-1,9.787846069E0,9.882902833E0
7.703602667E0,1.310225372E0,-2.535726929E-1,9.801767120E0,9.892200378E0
7.713634667E0,1.304088135E0,-2.752775574E-1,9.819280701E0,9.909323745E0
7.723665667E0,1.326840820E0,-3.094065857E-1,9.836345215E0,9.930253078E0
7.733696667E0,1.331331482E0,-3.478765869E-1,9.834099884E0,9.929903432E0
7.743728667E0,1.364412689E0,-3.686833191E-1,9.812544708E0,9.913807696E0
7.753760542E0,1.398092651E0,-3.876937866E-1,9.796228638E0,9.903083614E0
7.763791542E0,1.390159149E0,-4.031117249E-1,9.753267975E0,9.860085076E0
7.773823542E0,1.381177826E0,-4.198768616E-1,9.727521515E0,9.834054280E0
7.783854542E0,1.402134247E0,-4.293072510E-1,9.725425873E0,9.835354268E0
7.793885542E0,1.415905609E0,-4.239184570E-1,9.742939453E0,9.854408391E0
7.803917542E0,1.431024170E0,-3.908372498E-1,9.753717041E0,9.865879588E0
7.813948542E0,1.424138489E0,-3.556604004E-1,9.769733734E0,9.879390770E0
7.823980542E0,1.416654053E0,-3.156935120E-1,9.778715057E0,9.885840342E0
7.834011542E0,1.398242340E0,-2.914439392E-1,9.770781555E0,9.874623710E0
7.844042542E0,1.401385803E0,-2.856060791E-1,9.777367859E0,9.881415650E0
7.854074542E0,1.382674713E0,-2.573149109E-1,9.765243073E0,9.866000841E0
7.864105542E0,1.361867981E0,-2.306703186E-1,9.743238831E0,9.840660349E0
7.874136542E0,1.350491638E0,-2.290237427E-1,9.771380310E0,9.866922149E0
7.884168542E0,1.352587280E0,-2.667453003E-1,9.796827393E0,9.893354960E0
7.894199542E0,1.364113312E0,-2.880010986E-1,9.793833618E0,9.892569267E0
7.904230542E0,1.353485413E0,-2.761756897E-1,9.785750427E0,9.882768195E0
7.914262542E0,1.346899109E0,-3.044668579E-1,9.809401245E0,9.906118819E0
7.924293542E0,1.373693390E0,-3.534150696E-1,9.825867004E0,9.927718677E0
7.934324542E0,1.417851562E0,-3.668870544E-1,9.825717316E0,9.934265445E0
7.944356542E0,1.437909851E0,-3.923341370E-1,9.837842102E0,9.950107941E0
7.954387542E0,1.425934753E0,-3.936813354E-1,9.797126770E0,9.908176818E0
7.964418542E0,1.407822418E0,-3.725752258E-1,9.767039337E0,9.875010566E0
7.974450542E0,1.386416931E0,-3.670367432E-1,9.736652527E0,9.841710741E0
7.984481542E0,1.360969849E0,-3.703298950E-1,9.732760620E0,9.834429950E0
7.994512542E0,1.349144440E0,-3.442840576E-1,9.738598480E0,9.837632977E0
8.004544542E0,1.363664246E0,-3.164419556E-1,9.757010193E0,9.856924652E0
8.014575542E0,1.399439850E0,-2.911445618E-1,9.757459259E0,9.861602722E0
8.024607542E0,1.402283936E0,-2.871029663E-1,9.745933228E0,9.850484395E0
8.034638542E0,1.386566620E0,-2.914439392E-1,9.726324005E0,9.828981901E0
8.044669542E0,1.370699615E0,-3.414399719E-1,9.737700348E0,9.839624320E0
8.054701542E0,1.370400238E0,-3.574566650E-1,9.756411438E0,9.858668076E0
8.064732542E0,1.373094635E0,-3.954776001E-1,9.767638092E0,9.871602976E0
8.074763542E0,1.371448059E0,-4.085005188E-1,9.757608948E0,9.861981283E0
8.084795542E0,1.371298370E0,-4.005670166E-1,9.770931244E0,9.874816987E0
8.094826542E0,1.389261017E0,-4.031117249E-1,9.753417664E0,9.860106559E0
8.104857542E0,1.394500122E0,-4.126918030E-1,9.768236847E0,9.875899767E0
8.114889542E0,1.408421173E0,-4.270619202E-1,9.781110077E0,9.891215619E0
8.124920542E0,1.407373352E0,-4.282594299E-1,9.787696381E0,9.897631349E0
8.134951542E0,1.417252808E0,-4.064048767E-1,9.772877197E0,9.883465949E0
8.144983542E0,1.420396271E0,-3.951782227E-1,9.761351166E0,9.872065031E0
8.155014542E0,1.420845337E0,-3.923341370E-1,9.770482178E0,9.881044962E0
8.165045542E0,1.414857788E0,-4.029620361E-1,9.764943695E0,9.875136775E0
8.175077542E0,1.402733002E0,-3.803590393E-1,9.773625641E0,9.881097664E0
8.185108542E0,1.392703857E0,-3.959266663E-1,9.774972839E0,9.881623144E0
8.195139542E0,1.397493896E0,-3.885919189E-1,9.782457275E0,9.889411672E0
8.205171542E0,1.407073975E0,-3.876937866E-1,9.778864746E0,9.887181568E0
8.215202542E0,1.418450317E0,-4.005670166E-1,9.809251556E0,9.919368495E0
8.225233542E0,1.418450317E0,-4.040098572E-1,9.799372101E0,9.909738586E0
8.235265542E0,1.414259033E0,-4.067042542E-1,9.788744202E0,9.898739819E0
8.245296542E0,1.416055298E0,-4.239184570E-1,9.787546692E0,9.898534725E0
8.255328542E0,1.410666504E0,-4.074526978E-1,9.761949921E0,9.871760934E0
8.265359542E0,1.403032379E0,-3.921844482E-1,9.758656769E0,9.866797375E0
8.275390542E0,1.393901367E0,-3.668870544E-1,9.782307587E0,9.887927430E0
8.285422542E0,1.433119812E0,-3.725752258E-1,9.788295135E0,9.899664962E0
8.295453542E0,1.469943237E0,-3.731739807E-1,9.781858521E0,9.898724567E0
8.305484542E0,1.472937012E0,-3.784130859E-1,9.783355408E0,9.900847587E0
8.315516542E0,1.460961914E0,-3.514691162E-1,9.765392761E0,9.880325705E0
8.325547542E0,1.425934753E0,-3.543132019E-1,9.737251282E0,9.847481419E0
8.335578542E0,1.403331757E0,-3.805087280E-1,9.758058014E0,9.865790547E0
8.345610542E0,1.407223663E0,-4.207749939E-1,9.782307587E0,9.891959955E0
8.355641542E0,1.405577087E0,-4.028123474E-1,9.755962372E0,9.864923038E0
8.365672542E0,1.410367126E0,-3.917353821E-1,9.756261749E0,9.865456673E0
8.375704542E0,1.401834869E0,-3.772155762E-1,9.731413422E0,9.839097508E0
8.385735542E0,1.416654053E0,-4.318519592E-1,9.772428131E0,9.884015196E0
8.395766542E0,1.455573120E0,-4.870870972E-1,9.820927277E0,9.940148868E0
8.405798542E0,1.502126312E0,-4.912783813E-1,9.833201752E0,9.959397301E0
8.415829542E0,1.511856079E0,-4.912783813E-1,9.807455292E0,9.935453817E0
8.425860542E0,1.484463043E0,-4.727169800E-1,9.782906342E0,9.906177283E0
8.435892542E0,1.471440125E0,-4.540058899E-1,9.752519531E0,9.873342625E0
8.445923542E0,1.459914093E0,-4.613406372E-1,9.749226379E0,9.868718222E0
8.455955542E0,1.444047089E0,-4.198768616E-1,9.739945679E0,9.855359476E0
8.465986542E0,1.429527283E0,-3.486250305E-1,9.705517273E0,9.816422627E0
8.476017542E0,1.411714325E0,-2.909948730E-1,9.686207428E0,9.792866265E0
8.486049542E0,1.410666504E0,-2.743794250E-1,9.687704315E0,9.793716299E0
8.496080542E0,1.423689423E0,-2.751278687E-1,9.682165833E0,9.790144132E0
8.506111542E0,1.432970123E0,-2.945874023E-1,9.716893616E0,9.826403546E0
8.516143542E0,1.422342224E0,-3.164419556E-1,9.783056030E0,9.890974583E0
8.526174542E0,1.437760162E0,-3.432362366E-1,9.824519806E0,9.935097122E0
8.536205542E0,1.431922302E0,-3.730242920E-1,9.854307861E0,9.964784595E0
8.546237542E0,1.422342224E0,-4.062551880E-1,9.854607239E0,9.965008004E0
8.556268542E0,1.409918060E0,-4.153862000E-1,9.835147705E0,9.944372530E0
8.566299542E0,1.430874481E0,-4.206253052E-1,9.823322296E0,9.935893939E0
8.576331542E0,1.444047089E0,-4.233197021E-1,9.764794006E0,9.880064451E0
8.586362542E0,1.444196777E0,-4.119433594E-1,9.723779297E0,9.839069340E0
8.596393542E0,1.417851562E0,-3.971241760E-1,9.700727234E0,9.811835686E0
8.606425542E0,1.424886932E0,-4.025129700E-1,9.693542175E0,9.805971618E0
8.616456542E0,1.456321564E0,-4.189787292E-1,9.698032837E0,9.815714777E0
8.626487542E0,1.482966156E0,-4.143383789E-1,9.705966339E0,9.827341832E0
8.636519542E0,1.492546234E0,-4.266128540E-1,9.712702332E0,9.835968654E0
8.646550542E0,1.499581604E0,-4.159849548E-1,9.729317780E0,9.852990050E0
8.656581542E0,1.497785339E0,-4.204756165E-1,9.745484161E0,9.868871375E0
8.666613542E0,1.502874756E0,-3.891906738E-1,9.781409454E0,9.903841317E0
8.676644542E0,1.479223938E0,-3.641926575E-1,9.803413696E0,9.921071507E0
8.686675542E0,1.465901642E0,-3.297642517E-1,9.739197235E0,9.854419053E0
8.696707542E0,1.442999268E0,-3.465293884E-1,9.751322021E0,9.863600289E0
8.706738542E0,1.443598022E0,-3.872447205E-1,9.737251282E0,9.851294141E0
8.716770542E0,1.467548218E0,-3.841012573E-1,9.761351166E0,9.878522568E0
8.726801542E0,1.483864288E0,-3.513194275E-1,9.787247314E0,9.905326272E0
8.736832542E0,1.487157440E0,-3.243754578E-1,9.764794006E0,9.882715147E0
8.746864542E0,1.475781097E0,-3.393443298E-1,9.762548676E0,9.879293551E0
8.756895750E0,1.481319580E0,-3.909869385E-1,9.804012451E0,9.922995446E0
8.766926750E0,1.522184601E0,-4.343966675E-1,9.823022919E0,9.949750031E0
8.776958750E0,1.519939270E0,-4.119433594E-1,9.805958405E0,9.931602738E0
8.786989750E0,1.504521332E0,-4.111949158E-1,9.769284668E0,9.893007057E0
8.797020750E0,1.483564911E0,-4.296066284E-1,9.720186768E0,9.842131756E0
8.807052750E0,1.457968140E0,-4.320016479E-1,9.730515289E0,9.848615350E0
8.817083750E0,1.452729034E0,-4.275109863E-1,9.736203461E0,9.853265708E0
8.827114750E0,1.460213470E0,-4.049079895E-1,9.753567352E0,9.870574956E0
8.837146750E0,1.467099152E0,-3.944297791E-1,9.730515289E0,9.848394923E0
8.847177750E0,1.456620941E0,-3.686833191E-1,9.721084900E0,9.836521925E0
8.857208750E0,1.444945221E0,-3.652404785E-1,9.727222137E0,9.840737666E0
8.867240750E0,1.446891174E0,-3.797602844E-1,9.740993500E0,9.855184742E0
8.877271750E0,1.465003510E0,-3.887416077E-1,9.749376068E0,9.866493249E0
8.887303750E0,1.467248840E0,-3.857478333E-1,9.756710815E0,9.873956982E0
8.897334750E0,1.463207245E0,-3.987707520E-1,9.763746185E0,9.880826541E0
8.907365750E0,1.467847595E0,-4.046086121E-1,9.755962372E0,9.874061297E0
8.917397750E0,1.463656311E0,-4.170327759E-1,9.746981049E0,9.865082143E0
8.927428750E0,1.440304871E0,-4.276606750E-1,9.750573578E0,9.865650352E0
8.937459750E0,1.435664520E0,-4.156855774E-1,9.753267975E0,9.867125382E0
8.947491750E0,1.464704132E0,-4.058061218E-1,9.749525757E0,9.867283785E0
8.957522750E0,1.478176117E0,-4.053570557E-1,9.749076691E0,9.868830493E0
8.967553750E0,1.488804016E0,-3.848497009E-1,9.764045563E0,9.884393378E0
8.977585750E0,1.485061798E0,-3.782633972E-1,9.766889648E0,9.886385849E0
8.987616750E0,1.500928802E0,-3.670367432E-1,9.778265991E0,9.899595398E0
8.997647750E0,1.502425690E0,-3.525169373E-1,9.771529999E0,9.892641187E0
9.007679750E0,1.474583588E0,-3.441343689E-1,9.742640076E0,9.859607541E0
9.017710750E0,1.429527283E0,-3.763174438E-1,9.713001709E0,9.824844287E0
9.027741750E0,1.423090668E0,-3.921844482E-1,9.738748169E0,9.849985360E0
9.037773750E0,1.453926544E0,-4.129911804E-1,9.767338715E0,9.883590930E0
9.047804750E0,1.494342499E0,-4.076023865E-1,9.783505096E0,9.905360729E0
9.057835750E0,1.522034912E0,-4.017645264E-1,9.782307587E0,9.908155566E0
9.067867750E0,1.540746002E0,-3.861968994E-1,9.756561127E0,9.885015494E0
9.077898750E0,1.516945496E0,-3.622467041E-1,9.746531982E0,9.870523390E0
9.087930750E0,1.477577362E0,-3.799099731E-1,9.719138947E0,9.838151671E0
9.097961750E0,1.449435883E0,-3.927832031E-1,9.752369843E0,9.867312733E0
9.107992750E0,1.442849579E0,-3.881428528E-1,9.743388519E0,9.857286118E0
9.118024750E0,1.433568878E0,-3.611988831E-1,9.718689880E0,9.830489172E0
9.128055750E0,1.435215454E0,-3.597019958E-1,9.684111786E0,9.796491719E0
9.138086750E0,1.442400513E0,-3.784130859E-1,9.688602448E0,9.802690094E0
9.148118750E0,1.454225922E0,-4.484674072E-1,9.733808441E0,9.852051706E0
9.158149750E0,1.496587830E0,-4.875361633E-1,9.806257782E0,9.931775185E0
9.168180750E0,1.530118103E0,-5.083428955E-1,9.806407471E0,9.938073324E0
9.178212750E0,1.509610748E0,-4.748126221E-1,9.790690155E0,9.917761106E0
9.188243750E0,1.456022186E0,-4.300556946E-1,9.749675446E0,9.867173851E0
9.198274750E0,1.446741486E0,-4.442761230E-1,9.751621399E0,9.868361673E0
9.208306750E0,1.458417206E0,-4.272116089E-1,9.724078674E0,9.842113420E0
9.218337750E0,1.472338257E0,-3.906875610E-1,9.728419647E0,9.846957172E0
9.228368750E0,1.463806000E0,-3.068618774E-1,9.734407196E0,9.848633188E0
9.238400750E0,1.464105377E0,-2.489323425E-1,9.720785522E0,9.833577327E0
9.248431750E0,1.463955688E0,-2.389031982E-1,9.703721008E0,9.816437358E0
9.258462750E0,1.471290436E0,-2.689906311E-1,9.718091125E0,9.832514766E0
9.268494750E0,1.481618958E0,-2.885998535E-1,9.773026886E0,9.888909906E0
9.278525750E0,1.470392303E0,-3.420387268E-1,9.801318054E0,9.916898689E0
9.288556750E0,1.465153198E0,-3.751199341E-1,9.813442841E0,9.929302556E0
9.298588750E0,1.467398529E0,-4.173321533E-1,9.832153931E0,9.949807811E0
9.308619750E0,1.476679230E0,-4.463717651E-1,9.815089417E0,9.935583000E0
9.318651750E0,1.488504639E0,-4.607418823E-1,9.789642334E0,9.912871742E0
9.328682750E0,1.492695923E0,-4.439767456E-1,9.761650543E0,9.885093717E0
9.338713750E0,1.459764404E0,-4.191284180E-1,9.699829102E0,9.818007198E0
9.348745750E0,1.463057556E0,-4.233197021E-1,9.692644043E0,9.811579156E0
9.358776750E0,1.463207245E0,-4.174818420E-1,9.684560852E0,9.803366025E0
9.368807750E0,1.459914093E0,-4.065545654E-1,9.676327972E0,9.794281944E0
9.378839750E0,1.482217712E0,-4.191284180E-1,9.692045288E0,9.813683297E0
9.388870750E0,1.483265533E0,-4.257147217E-1,9.707463226E0,9.829351553E0
9.398901750E0,1.470991058E0,-4.279600525E-1,9.743238831E0,9.862944155E0
9.408933750E0,1.478774872E0,-4.387376404E-1,9.772128754E0,9.893117113E0
9.418964750E0,1.470841370E0,-4.321513367E-1,9.797276459E0,9.916489052E0
9.428995750E0,1.479822693E0,-4.177812195E-1,9.795480194E0,9.915434866E0
9.439027750E0,1.487157440E0,-3.866459656E-1,9.846524048E0,9.965699583E0
9.449058750E0,1.509011993E0,-3.420387268E-1,9.811047821E0,9.932309250E0
9.459089750E0,1.529968414E0,-3.415896606E-1,9.767488403E0,9.892487885E0
9.469121750E0,1.504371643E0,-3.535647583E-1,9.765392761E0,9.886912453E0
9.479152750E0,1.463057556E0,-3.077600098E-1,9.752519531E0,9.866452799E0
9.489183750E0,1.430724792E0,-3.002755737E-1,9.726922760E0,9.836166186E0
9.499215750E0,1.436263275E0,-2.890489197E-1,9.748178558E0,9.857656247E0
9.509246750E0,1.500330048E0,-3.430865479E-1,9.810748444E0,9.930734296E0
9.519278750E0,1.570234680E0,-3.806584167E-1,9.849517822E0,9.981159207E0
9.529309750E0,1.598675537E0,-3.406915283E-1,9.820627899E0,9.955730336E0
9.539340750E0,1.547781372E0,-3.188369751E-1,9.751920776E0,9.879131694E0
9.549372750E0,1.477427673E0,-3.359014893E-1,9.705068207E0,9.822625476E0
9.559403750E0,1.435365143E0,-3.439846802E-1,9.713151398E0,9.824658194E0
9.569434750E0,1.451381836E0,-3.879931641E-1,9.772128754E0,9.886938268E0
9.579466750E0,1.482816467E0,-3.845503235E-1,9.780062256E0,9.899305095E0
9.589497750E0,1.491049347E0,-3.829037476E-1,9.749974823E0,9.870757442E0
9.599528750E0,1.463207245E0,-3.692820740E-1,9.725126495E0,9.841515637E0
9.609560750E0,1.452429657E0,-3.935316467E-1,9.745484161E0,9.860977670E0
9.619591750E0,1.437909851E0,-4.186793518E-1,9.740095367E0,9.854559092E0
9.629622750E0,1.420545959E0,-4.315525818E-1,9.748777313E0,9.861178812E0
9.639654750E0,1.424737244E0,-4.176315308E-1,9.754166107E0,9.866511478E0
9.649685750E0,1.423539734E0,-4.123924255E-1,9.742490387E0,9.854575172E0
9.659716750E0,1.437909851E0,-4.093986511E-1,9.737999725E0,9.852097779E0
9.669748750E0,1.439406738E0,-3.951782227E-1,9.724827118E0,9.838715366E0
9.679779750E0,1.462159424E0,-4.207749939E-1,9.727521515E0,9.845792837E0
9.689810750E0,1.467099152E0,-4.016148376E-1,9.739646301E0,9.857706857E0
9.699842750E0,1.467997284E0,-3.755690002E-1,9.746232605E0,9.863321859E0
9.709873750E0,1.479822693E0,-3.635939026E-1,9.744885406E0,9.863309146E0
9.719905750E0,1.474733276E0,-3.329077148E-1,9.760153656E0,9.876551279E0
9.729936750E0,1.472787323E0,-3.228785706E-1,9.768087158E0,9.883768502E0
9.739967750E0,1.486858063E0,-3.288661194E-1,9.776020660E0,9.893911248E0
9.749999042E0,1.497186584E0,-3.406915283E-1,9.780661011E0,9.900452929E0
9.760030042E0,1.466799774E0,-3.171903992E-1,9.746082916E0,9.860945367E0
9.770061042E0,1.442999268E0,-3.418890381E-1,9.755363617E0,9.867434028E0
9.780093042E0,1.441801758E0,-3.674858093E-1,9.767638092E0,9.880313357E0
9.790124042E0,1.447340240E0,-3.749702454E-1,9.786798248E0,9.900344257E0
9.800155042E0,1.460662537E0,-3.640429688E-1,9.762099609E0,9.877482023E0
9.810187042E0,1.460213470E0,-3.601510620E-1,9.730664978E0,9.846206025E0
9.820218042E0,1.444795532E0,-3.626957703E-1,9.705666962E0,9.819315329E0
9.830249042E0,1.461860046E0,-3.849993896E-1,9.712702332E0,9.829641189E0
9.840281042E0,1.467398529E0,-4.269122314E-1,9.740095367E0,9.859258099E0
9.850312042E0,1.484013977E0,-4.248165894E-1,9.736203461E0,9.857810327E0
9.860343042E0,1.451531525E0,-3.745211792E-1,9.693093109E0,9.808326254E0
9.870375042E0,1.428928528E0,-3.580554199E-1,9.698631592E0,9.809867235E0
9.880406042E0,1.435963898E0,-3.897894287E-1,9.759704590E0,9.872474958E0
9.890437042E0,1.480271759E0,-4.436773682E-1,9.823022919E0,9.943833936E0
9.900469042E0,1.515149231E0,-4.219725037E-1,9.779613190E0,9.905280012E0
9.910500042E0,1.484762421E0,-4.092489624E-1,9.742640076E0,9.863622043E0
9.920532042E0,1.432521057E0,-3.986210632E-1,9.739047546E0,9.851906538E0
9.930563042E0,1.433269501E0,-3.912863159E-1,9.740843811E0,9.853497074E0
9.940594042E0,1.472487946E0,-4.040098572E-1,9.732910309E0,9.851953501E0
9.950626042E0,1.478176117E0,-3.848497009E-1,9.749076691E0,9.868009437E0
9.960657042E0,1.454076233E0,-3.201841736E-1,9.747579803E0,9.860637283E0
9.970688042E0,1.448537750E0,-2.698887634E-1,9.742789764E0,9.853580768E0
9.980720042E0,1.447340240E0,-2.374063110E-1,9.732910309E0,9.842799328E0
9.990751042E0,1.463506622E0,-2.457888794E-1,9.726324005E0,9.838884208E0
1.000078204E1,1.449286194E0,-2.555186462E-1,9.768685913E0,9.878914147E0
1.001081404E1,1.437161407E0,-2.888992310E-1,9.794282684E0,9.903376645E0
1.002084504E1,1.430575104E0,-3.275189209E-1,9.813891907E0,9.923018096E0
1.003087604E1,1.439855804E0,-3.628454590E-1,9.831704865E0,9.943201804E0
1.004090804E1,1.438957672E0,-3.701802063E-1,9.836345215E0,9.947930426E0
1.005093904E1,1.438957672E0,-3.770658875E-1,9.811347198E0,9.923472765E0
1.006097004E1,1.463207245E0,-3.773652649E-1,9.755812683E0,9.872145719E0
1.007100204E1,1.467697906E0,-3.986210632E-1,9.730964355E0,9.849096567E0
1.008103304E1,1.472487946E0,-3.800596619E-1,9.695488129E0,9.814028538E0
1.009106404E1,1.468596039E0,-3.749702454E-1,9.693841553E0,9.811622754E0
1.010109604E1,1.465302887E0,-3.724255371E-1,9.712852020E0,9.829817277E0
1.011112704E1,1.456770630E0,-3.688330078E-1,9.725874939E0,9.841283544E0
1.012115904E1,1.447789307E0,-3.799099731E-1,9.752519531E0,9.866714888E0
1.013119004E1,1.432071991E0,-3.954776001E-1,9.774523773E0,9.886786521E0
1.014122104E1,1.417552185E0,-3.869453430E-1,9.803563385E0,9.913073990E0
1.015125304E1,1.420246582E0,-3.620970154E-1,9.815388794E0,9.924216431E0
1.016128404E1,1.440155182E0,-3.403921509E-1,9.827812958E0,9.938602583E0
1.017131504E1,1.454824677E0,-2.902464294E-1,9.796827393E0,9.908510725E0
1.018134704E1,1.443148956E0,-2.441423035E-1,9.762249298E0,9.871362405E0
1.019137804E1,1.419947205E0,-2.384541321E-1,9.763147430E0,9.868746536E0
1.020140904E1,1.408271484E0,-2.303709412E-1,9.732760620E0,9.836814964E0
1.021144104E1,1.439706116E0,-2.457888794E-1,9.713301086E0,9.822493770E0
1.022147204E1,1.432521057E0,-2.847079468E-1,9.658964081E0,9.768764626E0
1.023150304E1,1.413061523E0,-3.025209045E-1,9.669442291E0,9.776828524E0
1.024153504E1,1.392254791E0,-3.704795837E-1,9.744735718E0,9.850660015E0
1.025156604E1,1.446442108E0,-4.351451111E-1,9.826914825E0,9.942323724E0
1.026159704E1,1.506916351E0,-4.649331665E-1,9.881551208E0,1.000659852E1
1.027162904E1,1.539249115E0,-4.737648010E-1,9.888287201E0,1.001858097E1
1.028166004E1,1.545086975E0,-4.447251892E-1,9.860744476E0,9.990963711E0
1.029169104E1,1.509760437E0,-4.026626587E-1,9.782157898E0,9.906166107E0
1.030172304E1,1.447340240E0,-3.800596619E-1,9.721683655E0,9.836176707E0
1.031175404E1,1.421743469E0,-3.342549133E-1,9.706714783E0,9.815976401E0
1.032178604E1,1.405577087E0,-3.106040955E-1,9.721234589E0,9.827233781E0
1.033181704E1,1.435365143E0,-2.944377136E-1,9.737101593E0,9.846731137E0
1.034184804E1,1.456770630E0,-2.731819153E-1,9.720635834E0,9.832983781E0
1.035188004E1,1.450483704E0,-2.818638611E-1,9.736802216E0,9.848282469E0
1.036191104E1,1.427581329E0,-2.987786865E-1,9.740245056E0,9.848839064E0
1.037194204E1,1.413211212E0,-3.086581421E-1,9.759255524E0,9.865875742E0
1.038197404E1,1.399589539E0,-3.276686096E-1,9.775571594E0,9.880689125E0
1.039200504E1,1.383722534E0,-3.510200500E-1,9.773775330E0,9.877478794E0
1.040203604E1,1.406624908E0,-3.597019958E-1,9.776918793E0,9.884134774E0
1.041206804E1,1.399290161E0,-3.442840576E-1,9.771679688E0,9.877361408E0
1.042209904E1,1.426234131E0,-3.535647583E-1,9.771230621E0,9.881098101E0
1.043213004E1,1.431922302E0,-3.582051086E-1,9.744286652E0,9.855446957E0
1.044216204E1,1.416953430E0,-3.588038635E-1,9.733059998E0,9.842202708E0
1.045219304E1,1.406624908E0,-3.510200500E-1,9.725425873E0,9.832889561E0
1.046222404E1,1.417402496E0,-3.635939026E-1,9.745035095E0,9.854285330E0
1.047225604E1,1.410965881E0,-3.600013733E-1,9.766141205E0,9.874104503E0
1.048228704E1,1.417851562E0,-3.532653809E-1,9.777517548E0,9.886098769E0
1.049231804E1,1.422192535E0,-3.502716064E-1,9.763746185E0,9.872996575E0
1.050235004E1,1.426982574E0,-3.594026184E-1,9.785151672E0,9.895182806E0
1.051238104E1,1.444795532E0,-3.505709839E-1,9.782307587E0,9.894638744E0
1.052241304E1,1.447639618E0,-3.498225403E-1,9.788145447E0,9.900799339E0
1.053244404E1,1.427431641E0,-3.260220337E-1,9.780062256E0,9.889058053E0
1.054247504E1,1.427431641E0,-3.231779480E-1,9.754615173E0,9.863798571E0
1.055250704E1,1.418899384E0,-3.290158081E-1,9.734257507E0,9.842626483E0
1.056253804E1,1.419947205E0,-3.317102051E-1,9.760003967E0,9.868331124E0
1.057256904E1,1.437760162E0,-3.207829285E-1,9.784253540E0,9.894527442E0
1.058260104E1,1.452729034E0,-3.306623840E-1,9.779762878E0,9.892599316E0
1.059263204E1,1.431772614E0,-3.138972473E-1,9.755363617E0,9.864868149E0
1.060266304E1,1.413360901E0,-3.252735901E-1,9.724677429E0,9.832229811E0
1.061269504E1,1.395697632E0,-3.465293884E-1,9.743687897E0,9.849238972E0
1.062272604E1,1.406325531E0,-3.724255371E-1,9.779463501E0,9.887080390E0
1.063275704E1,1.407972107E0,-3.429368591E-1,9.763147430E0,9.870108353E0
1.064278904E1,1.402882690E0,-3.173400879E-1,9.726773071E0,9.832542853E0
1.065282004E1,1.409169617E0,-3.597019958E-1,9.786349182E0,9.893825087E0
1.066285104E1,1.432970123E0,-3.981719971E-1,9.826465759E0,9.938378823E0
1.067288304E1,1.482068024E0,-3.960763550E-1,9.839937744E0,9.958803990E0
1.068291404E1,1.483564911E0,-3.751199341E-1,9.768236847E0,9.887372295E0
1.069294604E1,1.415456543E0,-3.676354980E-1,9.712702332E0,9.822182022E0
1.070297704E1,1.401086426E0,-3.989204407E-1,9.729766846E0,9.838218516E0
1.071300804E1,1.429676971E0,-4.336482239E-1,9.749376068E0,9.863182080E0
1.072304004E1,1.481319580E0,-4.348457336E-1,9.792785797E0,9.913730487E0
1.073307104E1,1.494043121E0,-4.058061218E-1,9.788893890E0,9.910564417E0
1.074310204E1,1.467697906E0,-3.362008667E-1,9.748477936E0,9.864075741E0
1.075313367E1,1.425186310E0,-2.830613708E-1,9.717492371E0,9.825524807E0
1.076316467E1,1.441951447E0,-2.483335876E-1,9.688003693E0,9.797872682E0
1.077319567E1,1.419647827E0,-2.363584900E-1,9.719438324E0,9.825413305E0
1.078322767E1,1.426683197E0,-2.255809021E-1,9.736502838E0,9.843058427E0
1.079325867E1,1.418300629E0,-2.347119141E-1,9.785001984E0,9.890041970E0
1.080328967E1,1.387015686E0,-2.562670898E-1,9.795629883E0,9.896658534E0
1.081332167E1,1.383123779E0,-2.691403198E-1,9.811646576E0,9.912309339E0
1.082335267E1,1.377585297E0,-2.990780640E-1,9.810898132E0,9.911655316E0
1.083338367E1,1.377136230E0,-3.287164307E-1,9.822124786E0,9.923643182E0
1.084341567E1,1.382225647E0,-3.492237854E-1,9.766889648E0,9.870392008E0
1.085344667E1,1.409618683E0,-3.668870544E-1,9.759405212E0,9.867503283E0
1.086347767E1,1.398092651E0,-3.764671326E-1,9.737101593E0,9.844162636E0
1.087350967E1,1.400787048E0,-3.852987671E-1,9.725276184E0,9.833191565E0
1.088354067E1,1.420995026E0,-3.947291565E-1,9.727970581E0,9.839128498E0
1.089357267E1,1.427880707E0,-3.893403625E-1,9.735904083E0,9.847753934E0
1.090360367E1,1.441801758E0,-3.884422302E-1,9.746981049E0,9.860695677E0
1.091363467E1,1.445543976E0,-3.788621521E-1,9.745035095E0,9.858947354E0
1.092366667E1,1.446142731E0,-3.475772095E-1,9.787995758E0,9.900353513E0
1.093369767E1,1.450783081E0,-3.415896606E-1,9.784552917E0,9.897420413E0
1.094372867E1,1.440753937E0,-3.303630066E-1,9.800719299E0,9.911559434E0
1.095376067E1,1.453776855E0,-3.104544067E-1,9.796677704E0,9.908821480E0
1.096379167E1,1.428329773E0,-2.887495422E-1,9.753866730E0,9.862120382E0
1.097382267E1,1.391057281E0,-2.408491516E-1,9.793234863E0,9.894468038E0
1.098385467E1,1.375040588E0,-2.374063110E-1,9.746082916E0,9.845467515E0
1.099388567E1,1.382075958E0,-2.071691895E-1,9.739197235E0,9.838954000E0
1.100391667E1,1.401236115E0,-2.279759216E-1,9.736353149E0,9.839309342E0
1.101394867E1,1.439706116E0,-3.043171692E-1,9.758806458E0,9.869126918E0
1.102397967E1,1.449735260E0,-3.149450684E-1,9.764494629E0,9.876551933E0
1.103401067E1,1.453327789E0,-3.350033569E-1,9.783355408E0,9.896384792E0
1.104404267E1,1.451232147E0,-3.643423462E-1,9.817035370E0,9.930408025E0
1.105407367E1,1.444496155E0,-3.888912964E-1,9.811347198E0,9.924733721E0
1.106410567E1,1.441502380E0,-3.887416077E-1,9.798473969E0,9.911566035E0
1.107413667E1,1.444496155E0,-3.697311401E-1,9.789941711E0,9.902839440E0
1.108416767E1,1.435215454E0,-3.421884155E-1,9.763147430E0,9.874005472E0
1.109419967E1,1.416654053E0,-3.221301270E-1,9.743388519E0,9.851106352E0
1.110423067E1,1.412612457E0,-3.188369751E-1,9.746232605E0,9.853232006E0
1.111426167E1,1.399140472E0,-3.159928894E-1,9.763746185E0,9.868545239E0
1.112429367E1,1.407373352E0,-3.138972473E-1,9.762698364E0,9.868612394E0
1.113432467E1,1.412911835E0,-3.116519165E-1,9.786049805E0,9.892432337E0
1.114435567E1,1.411714325E0,-3.311114502E-1,9.785750427E0,9.892597412E0
1.115438767E1,1.435514832E0,-3.204835510E-1,9.792336731E0,9.902185173E0
1.116441867E1,1.418749695E0,-3.248245239E-1,9.773176575E0,9.880958558E0
1.117444967E1,1.396296387E0,-3.074606323E-1,9.715995483E0,9.820628487E0
1.118448167E1,1.387015686E0,-3.269201660E-1,9.729168091E0,9.832975188E0
1.119451267E1,1.392703857E0,-3.424877930E-1,9.749675446E0,9.854597567E0
1.120454367E1,1.412462769E0,-3.225791931E-1,9.760453033E0,9.867398433E0
1.121457567E1,1.449286194E0,-3.046165466E-1,9.786199493E0,9.897622050E0
1.122460667E1,1.453477478E0,-3.101550293E-1,9.780211945E0,9.892488999E0
1.123463867E1,1.431922302E0,-3.068618774E-1,9.773625641E0,9.882728563E0
1.124466967E1,1.410666504E0,-3.237767029E-1,9.763596497E0,9.870290162E0
1.125470067E1,1.393152924E0,-3.237767029E-1,9.769584045E0,9.873726695E0
1.126473267E1,1.401236115E0,-3.104544067E-1,9.772877197E0,9.877700810E0
1.127476367E1,1.405726776E0,-3.106040955E-1,9.777667236E0,9.883082478E0
1.128479467E1,1.412762146E0,-3.038681030E-1,9.774823151E0,9.881062713E0
1.129482667E1,1.399589539E0,-2.999761963E-1,9.765841827E0,9.870182531E0
1.130485767E1,1.408421173E0,-2.950364685E-1,9.763446808E0,9.868920422E0
1.131488867E1,1.409319305E0,-3.094065857E-1,9.774374084E0,9.880298684E0
1.132492067E1,1.408570862E0,-3.405418396E-1,9.784702606E0,9.891432945E0
1.133495167E1,1.424288177E0,-3.451821899E-1,9.773176575E0,9.882445442E0
1.134498267E1,1.422192535E0,-3.387455750E-1,9.766590271E0,9.875407115E0
1.135501467E1,1.431922302E0,-3.267704773E-1,9.768386536E0,9.878185863E0
1.136504567E1,1.423240356E0,-3.255729675E-1,9.764344940E0,9.872894357E0
1.137507667E1,1.432521057E0,-3.104544067E-1,9.756261749E0,9.865756020E0
1.138510867E1,1.418749695E0,-2.989283752E-1,9.744136963E0,9.851416854E0
1.139513967E1,1.436562653E0,-2.878514099E-1,9.756860504E0,9.866250432E0
1.140517167E1,1.430575104E0,-2.805166626E-1,9.765692139E0,9.873903872E0
1.141520267E1,1.411564636E0,-2.971321106E-1,9.751471710E0,9.857586050E0
1.142523367E1,1.415306854E0,-2.966830444E-1,9.765093384E0,9.871583617E0
1.143526567E1,1.414408722E0,-3.053649902E-1,9.769733734E0,9.876309890E0
1.144529667E1,1.381926270E0,-2.911445618E-1,9.756411438E0,9.858095633E0
1.145532767E1,1.390757904E0,-2.980302429E-1,9.770631866E0,9.873615176E0
1.146535967E1,1.418150940E0,-3.040177917E-1,9.805209961E0,9.911897966E0
1.147539067E1,1.438358917E0,-2.933898926E-1,9.804910583E0,9.914193137E0
1.148542167E1,1.427281952E0,-2.646496582E-1,9.760303345E0,9.867659023E0
1.149545367E1,1.397643585E0,-2.526745605E-1,9.749525757E0,9.852436476E0
1.150548467E1,1.362317047E0,-2.495310974E-1,9.727820892E0,9.825918421E0
1.151551567E1,1.361119537E0,-2.869532776E-1,9.765392761E0,9.863968996E0
1.152554767E1,1.379980316E0,-3.124003601E-1,9.789193268E0,9.890917273E0
1.153557867E1,1.385668488E0,-2.775228882E-1,9.722731476E0,9.824897122E0
1.154560967E1,1.375789032E0,-2.835104370E-1,9.739496613E0,9.840272755E0
1.155564167E1,1.411864014E0,-3.195854187E-1,9.795031128E0,9.901420586E0
1.156567267E1,1.470991058E0,-3.465293884E-1,9.810748444E0,9.926463738E0
1.157570367E1,1.486558685E0,-3.269201660E-1,9.822274475E0,9.939507502E0
1.158573567E1,1.463506622E0,-3.129991150E-1,9.722881165E0,9.837389807E0
1.159576667E1,1.417252808E0,-3.088078308E-1,9.673483887E0,9.781628612E0
1.160579867E1,1.397493896E0,-3.520678711E-1,9.709558868E0,9.815929625E0
1.161582967E1,1.425186310E0,-4.128414917E-1,9.769883423E0,9.881913591E0
1.162586067E1,1.469793549E0,-4.116439819E-1,9.812395020E0,9.930399784E0
1.163589267E1,1.482068024E0,-3.652404785E-1,9.837542725E0,9.955258565E0
1.164592367E1,1.464404755E0,-3.134481812E-1,9.801617432E0,9.915363600E0
1.165595467E1,1.437011719E0,-2.737806702E-1,9.761949921E0,9.870948525E0
1.166598667E1,1.412462769E0,-2.360591125E-1,9.736951904E0,9.841697382E0
1.167601767E1,1.417402496E0,-2.168989563E-1,9.742340698E0,9.847297968E0
1.168604867E1,1.430126038E0,-1.806742859E-1,9.744885406E0,9.850923574E0
1.169608067E1,1.409618683E0,-1.604663086E-1,9.743238831E0,9.845987872E0
1.170611167E1,1.383872223E0,-1.725910950E-1,9.758058014E0,9.857209860E0
1.171614267E1,1.371597748E0,-1.907034302E-1,9.773625641E0,9.871241378E0
1.172617467E1,1.357077942E0,-2.100132751E-1,9.783804474E0,9.879706276E0
1.173620567E1,1.352587280E0,-2.465373230E-1,9.793833618E0,9.889866022E0
1.174623767E1,1.386416931E0,-2.966830444E-1,9.790839844E0,9.892963033E0
1.175626863E1,1.411265259E0,-3.523672485E-1,9.783804474E0,9.891342795E0
1.176629963E1,1.414857788E0,-3.608995056E-1,9.779613190E0,9.888018262E0
1.177633163E1,1.455124054E0,-3.923341370E-1,9.770631866E0,9.886180211E0
1.178636263E1,1.437460785E0,-3.829037476E-1,9.744136963E0,9.857033729E0
1.179639363E1,1.434167633E0,-3.891906738E-1,9.755662994E0,9.868194700E0
1.180642562E1,1.445094910E0,-3.782633972E-1,9.745484161E0,9.859302411E0
1.181645663E1,1.447040863E0,-3.604504395E-1,9.748028870E0,9.861435931E0
1.182648763E1,1.438059540E0,-3.225791931E-1,9.774523773E0,9.885008223E0
1.183651963E1,1.443897400E0,-2.926414490E-1,9.774224396E0,9.884631569E0
1.184655062E1,1.447489929E0,-2.631527710E-1,9.798773346E0,9.908604118E0
1.185658163E1,1.461261292E0,-2.197430420E-1,9.817185059E0,9.927773871E0
1.186661363E1,1.449585571E0,-1.936972046E-1,9.782606964E0,9.891320233E0
1.187664463E1,1.398541718E0,-1.556762695E-1,9.809401245E0,9.909818708E0
1.188667562E1,1.354533234E0,-1.532812500E-1,9.734107819E0,9.829095098E0
1.189670763E1,1.356179810E0,-1.826202393E-1,9.739795990E0,9.835456256E0
1.190673863E1,1.392554169E0,-2.436932373E-1,9.758656769E0,9.860526124E0
1.191677063E1,1.441203003E0,-2.842588806E-1,9.775272217E0,9.885029900E0
1.192680162E1,1.449136505E0,-3.245251465E-1,9.774374084E0,9.886541454E0
1.193683263E1,1.423689423E0,-3.517684937E-1,9.746681671E0,9.856390630E0
1.194686463E1,1.418899384E0,-3.772155762E-1,9.774523773E0,9.884173311E0
1.195689563E1,1.432071991E0,-4.077520752E-1,9.767039337E0,9.879886100E0
1.196692662E1,1.465153198E0,-4.096980286E-1,9.766889648E0,9.884667914E0
1.197695863E1,1.472038879E0,-3.978726196E-1,9.753866730E0,9.872341023E0
1.198698963E1,1.470991058E0,-3.629951477E-1,9.727371826E0,9.844660625E0
1.199702063E1,1.446442108E0,-3.558100891E-1,9.735904083E0,9.849194074E0
1.200705263E1,1.437460785E0,-3.405418396E-1,9.763446808E0,9.874571172E0
1.201708363E1,1.435365143E0,-3.415896606E-1,9.782756653E0,9.893395995E0
1.202711463E1,1.441801758E0,-3.356021118E-1,9.797875214E0,9.909075627E0
1.203714662E1,1.453627167E0,-3.109034729E-1,9.811197510E0,9.923169327E0
1.204717763E1,1.437909851E0,-2.836601257E-1,9.799072723E0,9.908071157E0
1.205720863E1,1.422940979E0,-2.716850281E-1,9.767638092E0,9.874478603E0
1.206724063E1,1.402882690E0,-2.664459229E-1,9.743837585E0,9.847915727E0
1.207727162E1,1.395398254E0,-2.597099304E-1,9.717941437E0,9.821047363E0
1.208730363E1,1.398541718E0,-2.751278687E-1,9.713600464E0,9.817619276E0
1.209733463E1,1.406624908E0,-3.046165466E-1,9.721533966E0,9.827492433E0
1.210736563E1,1.433419189E0,-3.141966248E-1,9.719737701E0,9.829888660E0
1.211739762E1,1.461111603E0,-3.344046021E-1,9.734856262E0,9.849573595E0
1.212742863E1,1.437311096E0,-3.436853027E-1,9.765392761E0,9.876582332E0
1.213745963E1,1.417701874E0,-3.730242920E-1,9.780960388E0,9.890207877E0
1.214749163E1,1.405128021E0,-3.767665100E-1,9.810598755E0,9.917872034E0
1.215752262E1,1.411115570E0,-3.716770935E-1,9.810000000E0,9.917937841E0
1.216755363E1,1.415456543E0,-3.564088440E-1,9.791737976E0,9.899933186E0
1.217758563E1,1.424138489E0,-3.417393494E-1,9.783804474E0,9.892814878E0
1.218761663E1,1.425785065E0,-3.162922668E-1,9.782008209E0,9.890429134E0
1.219764762E1,1.414558411E0,-2.945874023E-1,9.770033112E0,9.876300129E0
1.220767963E1,1.433868256E0,-2.881507874E-1,9.740095367E0,9.849287630E0
1.221771063E1,1.447639618E0,-2.773731995E-1,9.726623383E0,9.837672427E0
1.222774163E1,1.445693665E0,-2.770738220E-1,9.726024628E0,9.836785813E0
1.223777363E1,1.455273743E0,-2.871029663E-1,9.728269958E0,9.840705573E0
1.224780463E1,1.473535767E0,-2.938389587E-1,9.742789764E0,9.857971464E0
1.225783663E1,1.464255066E0,-3.080593872E-1,9.772727509E0,9.886614509E0
1.226786762E1,1.461710358E0,-3.284170532E-1,9.790540466E0,9.904500873E0
1.227789863E1,1.440304871E0,-3.311114502E-1,9.776020660E0,9.887097292E0
1.228793063E1,1.451980591E0,-3.350033569E-1,9.772877197E0,9.885828422E0
1.229796163E1,1.432670746E0,-3.460803223E-1,9.780661011E0,9.891089266E0
1.230799262E1,1.423839111E0,-3.394940186E-1,9.772577820E0,9.881591534E0
1.231802463E1,1.416055298E0,-3.412902832E-1,9.774074707E0,9.882015384E0
1.232805563E1,1.413660278E0,-3.498225403E-1,9.777367859E0,9.885228042E0
1.233808663E1,1.415905609E0,-3.279679871E-1,9.766290894E0,9.873843705E0
1.234811862E1,1.398691406E0,-3.138972473E-1,9.760752411E0,9.865452689E0
1.235814963E1,1.401685181E0,-3.126997375E-1,9.784702606E0,9.889535255E0
1.236818063E1,1.436712341E0,-3.085084534E-1,9.779912567E0,9.889692090E0
1.237821263E1,1.449435883E0,-3.085084534E-1,9.775870972E0,9.887552533E0
1.238824362E1,1.442849579E0,-2.915936279E-1,9.747729492E0,9.858248932E0
1.239827563E1,1.396296387E0,-2.874023438E-1,9.717492371E0,9.821502007E0
1.240830663E1,1.380279694E0,-3.204835510E-1,9.722581787E0,9.825297876E0
1.241833763E1,1.388213196E0,-3.555107117E-1,9.772278442E0,9.876788430E0
1.242836963E1,1.401834869E0,-3.643423462E-1,9.770631866E0,9.877405197E0
1.243840063E1,1.405876465E0,-3.275189209E-1,9.757010193E0,9.863214749E0
1.244843163E1,1.406026154E0,-3.242257690E-1,9.759854279E0,9.865940778E0
1.245846362E1,1.438209229E0,-3.707789612E-1,9.805509338E0,9.917355303E0
1.246849463E1,1.490450592E0,-3.806584167E-1,9.812844086E0,9.932686084E0
1.247852563E1,1.497935028E0,-3.453318787E-1,9.791139221E0,9.911078181E0
1.248855763E1,1.444496155E0,-3.505709839E-1,9.732161865E0,9.845021266E0
1.249858862E1,1.405277710E0,-3.674858093E-1,9.720336456E0,9.828264958E0
1.250861963E1,1.422342224E0,-3.894900513E-1,9.739496613E0,9.850510351E0
1.251865163E1,1.459165649E0,-4.176315308E-1,9.790690155E0,9.907633128E0
1.252868263E1,1.497785339E0,-4.056564331E-1,9.811197510E0,9.933152301E0
1.253871362E1,1.501228180E0,-3.565585327E-1,9.818831635E0,9.939329691E0
1.254874563E1,1.465901642E0,-2.890489197E-1,9.785600739E0,9.899009987E0
1.255877663E1,1.428030396E0,-2.363584900E-1,9.713151398E0,9.820409677E0
1.256880863E1,1.428030396E0,-2.195933533E-1,9.694739685E0,9.801809507E0
1.257883962E1,1.428778839E0,-1.975891113E-1,9.705217896E0,9.811814553E0
1.258887063E1,1.433269501E0,-2.285746765E-1,9.733209686E0,9.840827132E0
1.259890263E1,1.430575104E0,-2.339634705E-1,9.796228638E0,9.902897533E0
1.260893363E1,1.413510590E0,-2.459385681E-1,9.815688171E0,9.919991545E0
1.261896462E1,1.405726776E0,-2.710862732E-1,9.811945953E0,9.915837782E0
1.262899663E1,1.407523041E0,-2.957849121E-1,9.830507355E0,9.935164049E0
1.263902763E1,1.422940979E0,-3.137475586E-1,9.801018677E0,9.908741881E0
1.264905863E1,1.438957672E0,-3.315605164E-1,9.762997742E0,9.874039521E0
1.265909063E1,1.453028412E0,-3.644920349E-1,9.740694122E0,9.855215269E0
1.266912163E1,1.425934753E0,-3.713777161E-1,9.668095093E0,9.779737934E0
1.267915263E1,1.422940979E0,-4.043092346E-1,9.649384003E0,9.762112406E0
1.268918462E1,1.428778839E0,-4.484674072E-1,9.704768829E0,9.819626776E0
1.269921563E1,1.450783081E0,-4.197271729E-1,9.727970581E0,9.844508828E0
1.270924663E1,1.470841370E0,-3.842509460E-1,9.733209686E0,9.851212815E0
1.271927863E1,1.462309113E0,-3.535647583E-1,9.776469727E0,9.891547720E0
1.272930962E1,1.473086700E0,-3.076103210E-1,9.778565369E0,9.893682287E0
1.273934163E1,1.466650085E0,-2.415975952E-1,9.793534241E0,9.905692545E0
1.274937263E1,1.447340240E0,-2.157014465E-1,9.789043579E0,9.897812641E0
1.275940363E1,1.430575104E0,-1.993853760E-1,9.766141205E0,9.872376294E0
1.276943562E1,1.404978333E0,-1.919009399E-1,9.779912567E0,9.882179917E0
1.277946663E1,1.375789032E0,-1.972897339E-1,9.764195251E0,9.862617685E0
1.278949763E1,1.371448059E0,-2.209405518E-1,9.752519531E0,9.850955371E0
1.279952963E1,1.386566620E0,-2.613565063E-1,9.743837585E0,9.845468252E0
1.280956062E1,1.395248566E0,-3.016227722E-1,9.759405212E0,9.863249209E0
1.281959163E1,1.412762146E0,-3.424877930E-1,9.791288910E0,9.898612695E0
1.282962363E1,1.454525299E0,-3.652404785E-1,9.829010468E0,9.942760745E0
1.283965463E1,1.473236389E0,-4.089495850E-1,9.838440857E0,9.956534724E0
1.284968562E1,1.468596039E0,-4.095483398E-1,9.805659027E0,9.923479890E0
1.285971763E1,1.492396545E0,-4.082011414E-1,9.774224396E0,9.895925331E0
1.286974863E1,1.490749969E0,-3.851490784E-1,9.719737701E0,9.840933709E0
1.287978062E1,1.466500397E0,-3.511697388E-1,9.702972565E0,9.819451115E0
1.288981163E1,1.461111603E0,-3.161425781E-1,9.688452759E0,9.803107166E0
1.289984263E1,1.438957672E0,-2.921923828E-1,9.703122253E0,9.813590425E0
1.290987463E1,1.440604248E0,-2.706372070E-1,9.748028870E0,9.857618979E0
1.291990562E1,1.440903625E0,-2.546205139E-1,9.766290894E0,9.875296081E0
1.292993663E1,1.441502380E0,-2.559677124E-1,9.775421906E0,9.884448493E0
1.293996863E1,1.442400513E0,-2.802172852E-1,9.808503113E0,9.917952121E0
1.294999963E1,1.428479462E0,-2.878514099E-1,9.799072723E0,9.906827860E0
1.296003062E1,1.417103119E0,-3.044668579E-1,9.793683929E0,9.900359904E0
1.297006263E1,1.425186310E0,-3.031196594E-1,9.804162140E0,9.911843058E0
1.298009363E1,1.428778839E0,-3.094065857E-1,9.772577820E0,9.881316646E0
1.299012463E1,1.414259033E0,-3.435356140E-1,9.751022644E0,9.859035852E0
1.300015662E1,1.418150940E0,-3.463796997E-1,9.762848053E0,9.871389623E0
1.301018763E1,1.408121796E0,-3.481759644E-1,9.754764862E0,9.862021649E0
1.302021863E1,1.429078217E0,-3.182382202E-1,9.769733734E0,9.878827732E0
1.303025063E1,1.425635376E0,-2.998265076E-1,9.761800232E0,9.869907595E0
1.304028162E1,1.421743469E0,-2.948867798E-1,9.748477936E0,9.856020230E0
1.305031363E1,1.423539734E0,-2.812651062E-1,9.744735718E0,9.852179944E0
1.306034463E1,1.409468994E0,-2.682421875E-1,9.741292877E0,9.846387339E0
1.307037563E1,1.410516815E0,-2.636018372E-1,9.761351166E0,9.866256646E0
1.308040763E1,1.417103119E0,-2.746788025E-1,9.745035095E0,9.851362276E0
1.309043863E1,1.416354675E0,-2.918930054E-1,9.747579803E0,9.854266798E0
1.310046963E1,1.422940979E0,-2.992277527E-1,9.747579803E0,9.855435571E0
1.311050162E1,1.420845337E0,-3.191363525E-1,9.772727509E0,9.880630164E0
1.312053263E1,1.418001251E0,-3.372486877E-1,9.764344940E0,9.872532418E0
1.313056363E1,1.429976349E0,-3.396437073E-1,9.773775330E0,9.883667052E0
1.314059563E1,1.434616699E0,-3.366499329E-1,9.791438599E0,9.901703292E0
1.315062662E1,1.442400513E0,-3.125500488E-1,9.795779572E0,9.906336567E0
1.316065763E1,1.471739502E0,-2.662962341E-1,9.794881439E0,9.908412247E0
1.317068963E1,1.455423431E0,-2.480342102E-1,9.771979065E0,9.882881826E0
1.318072063E1,1.429377594E0,-2.254312134E-1,9.726024628E0,9.833081643E0
1.319075262E1,1.408271484E0,-2.306703186E-1,9.727671204E0,9.831786431E0
1.320078363E1,1.411564636E0,-2.477348328E-1,9.719138947E0,9.824232750E0
1.321081463E1,1.422342224E0,-2.746788025E-1,9.730215912E0,9.837459405E0
1.322084663E1,1.408271484E0,-2.712359619E-1,9.701625366E0,9.807055229E0
1.323087762E1,1.421144714E0,-2.615061951E-1,9.746382294E0,9.852918634E0
1.324090863E1,1.449136505E0,-3.010240173E-1,9.828262024E0,9.939081773E0
1.325094063E1,1.487905884E0,-3.522175598E-1,9.857451324E0,9.975332964E0
1.326097163E1,1.506916351E0,-3.318598938E-1,9.814340973E0,9.934898923E0
1.327100262E1,1.449435883E0,-3.273692322E-1,9.765991516E0,9.878391837E0
1.328103463E1,1.400787048E0,-3.363505554E-1,9.726324005E0,9.832431780E0
1.329106563E1,1.392105103E0,-3.519181824E-1,9.717192993E0,9.822710557E0
1.330109663E1,1.411864014E0,-3.903881836E-1,9.757010193E0,9.866357526E0
1.331112863E1,1.459015961E0,-4.005670166E-1,9.776469727E0,9.892853068E0
1.332115963E1,1.495540009E0,-3.643423462E-1,9.796677704E0,9.916868422E0
1.333119163E1,1.476529541E0,-3.044668579E-1,9.795629883E0,9.910963846E0
1.334122262E1,1.457668762E0,-2.534230042E-1,9.761800232E0,9.873285431E0
1.335125363E1,1.464704132E0,-2.218386841E-1,9.749376068E0,9.861283097E0
1.336128563E1,1.478325806E0,-1.962419128E-1,9.761201477E0,9.874462636E0
1.337131663E1,1.466201019E0,-1.748364258E-1,9.783355408E0,9.894157682E0
1.338134762E1,1.441801758E0,-1.649569702E-1,9.786648560E0,9.893659239E0
1.339137963E1,1.423539734E0,-1.615141296E-1,9.777667236E0,9.882071077E0
1.340141063E1,1.382525024E0,-1.719923401E-1,9.778265991E0,9.877015875E0
1.341144163E1,1.368304596E0,-1.971400452E-1,9.773925018E0,9.871207217E0
1.342147362E1,1.373094635E0,-2.194436646E-1,9.771679688E0,9.870119975E0
1.343150463E1,1.412911835E0,-2.604583740E-1,9.773176575E0,9.878215364E0
1.344153563E1,1.427132263E0,-3.001258850E-1,9.768536224E0,9.876795128E0
1.345156763E1,1.453477478E0,-3.308120728E-1,9.752818909E0,9.866078759E0
1.346159862E1,1.461410980E0,-3.583547974E-1,9.751471710E0,9.866881003E0
1.347163063E1,1.459315338E0,-3.727249146E-1,9.739346924E0,9.855120680E0
1.348166163E1,1.452579346E0,-3.770658875E-1,9.736053772E0,9.851035909E0
1.349169263E1,1.456770630E0,-3.725752258E-1,9.737550659E0,9.852963301E0
1.350172463E1,1.454375610E0,-3.487747192E-1,9.758806458E0,9.872748133E0
1.351175563E1,1.439406738E0,-3.366499329E-1,9.779613190E0,9.890705691E0
1.352178663E1,1.449884949E0,-2.880010986E-1,9.782157898E0,9.893216066E0
1.353181862E1,1.461710358E0,-2.353106689E-1,9.776769104E0,9.888234544E0
1.354184963E1,1.448537750E0,-1.971400452E-1,9.753417664E0,9.862366954E0
1.355188063E1,1.418001251E0,-1.664538574E-1,9.787546692E0,9.891132629E0
1.356191263E1,1.363664246E0,-1.426533508E-1,9.753118286E0,9.849022614E0
1.357194362E1,1.365909576E0,-1.336720276E-1,9.728719025E0,9.825047127E0
1.358197463E1,1.352587280E0,-1.678010559E-1,9.708361359E0,9.803567198E0
1.359200663E1,1.365161133E0,-2.112107849E-1,9.749675446E0,9.847052666E0
1.360203763E1,1.393152924E0,-2.573149109E-1,9.794282684E0,9.896214394E0
1.361206862E1,1.405876465E0,-3.122506714E-1,9.837991791E0,9.942840218E0
1.362210063E1,1.442101135E0,-3.640429688E-1,9.868378601E0,9.979833625E0
1.363213163E1,1.479074249E0,-3.860472107E-1,9.858050079E0,9.975863093E0
1.364216363E1,1.487456818E0,-3.814068604E-1,9.820178833E0,9.939512628E0
1.365219462E1,1.475631409E0,-3.561094666E-1,9.767338715E0,9.884594457E0
1.366222563E1,1.445993042E0,-3.245251465E-1,9.751920776E0,9.863882161E0
1.367225763E1,1.441053314E0,-2.896476746E-1,9.750723267E0,9.860889141E0
1.368228863E1,1.439257050E0,-2.769241333E-1,9.745184784E0,9.854784336E0
1.369231962E1,1.445843353E0,-2.471360779E-1,9.758656769E0,9.868278531E0
1.370235163E1,1.421743469E0,-2.427951050E-1,9.763446808E0,9.869407152E0
1.371238263E1,1.435065765E0,-2.206411743E-1,9.763297119E0,9.870666994E0
1.372241363E1,1.437760162E0,-2.273771667E-1,9.781708832E0,9.889422750E0
1.373244563E1,1.442699890E0,-2.555186462E-1,9.794432373E0,9.903412455E0
1.374247663E1,1.427431641E0,-2.785707092E-1,9.780661011E0,9.888199661E0
1.375250863E1,1.432071991E0,-3.013233948E-1,9.769883423E0,9.878878887E0
1.376254050E1,1.422042847E0,-3.153941345E-1,9.780661011E0,9.888529169E0
1.377257150E1,1.435215454E0,-3.293151855E-1,9.766889648E0,9.877268109E0
1.378260350E1,1.428928528E0,-3.260220337E-1,9.773475952E0,9.882760712E0
1.379263450E1,1.446442108E0,-3.204835510E-1,9.748627625E0,9.860560077E0
1.380266550E1,1.452729034E0,-3.086581421E-1,9.742041321E0,9.854595912E0
1.381269750E1,1.438358917E0,-3.062631226E-1,9.744885406E0,9.855225267E0
1.382272850E1,1.450483704E0,-3.086581421E-1,9.759854279E0,9.871875625E0
1.383275950E1,1.452729034E0,-3.129991150E-1,9.772278442E0,9.884625236E0
1.384279150E1,1.448238373E0,-3.088078308E-1,9.777218170E0,9.888718411E0
1.385282250E1,1.434916077E0,-2.782713318E-1,9.789941711E0,9.898453303E0
1.386285350E1,1.420695648E0,-2.640509033E-1,9.762848053E0,9.869209751E0
1.387288550E1,1.416055298E0,-2.636018372E-1,9.754315796E0,9.860090019E0
1.388291650E1,1.407972107E0,-2.692900085E-1,9.742041321E0,9.846942249E0
1.389294750E1,1.395847321E0,-2.671943665E-1,9.739945679E0,9.843085106E0
1.390297950E1,1.410965881E0,-2.782713318E-1,9.745933228E0,9.851470658E0
1.391301050E1,1.425036621E0,-3.076103210E-1,9.782906342E0,9.890935748E0
1.392304250E1,1.448537750E0,-3.324586487E-1,9.785600739E0,9.897816536E0
1.393307350E1,1.476379852E0,-3.567082214E-1,9.796378326E0,9.913423553E0
1.394310450E1,1.484313354E0,-3.616479492E-1,9.805509338E0,9.923809186E0
1.395313650E1,1.496438141E0,-3.600013733E-1,9.781858521E0,9.902206028E0
1.396316750E1,1.484013977E0,-3.450325012E-1,9.769434357E0,9.887527121E0
1.397319850E1,1.490600281E0,-3.146456909E-1,9.755662994E0,9.873897486E0
1.398323050E1,1.490300903E0,-3.046165466E-1,9.774224396E0,9.891878010E0
1.399326150E1,1.490001526E0,-2.984793091E-1,9.764195251E0,9.881735847E0
1.400329250E1,1.493444366E0,-2.633024597E-1,9.753267975E0,9.870457966E0
1.401332450E1,1.468146973E0,-2.619552612E-1,9.731263733E0,9.844875313E0
1.402335550E1,1.427880707E0,-2.647993469E-1,9.701775055E0,9.809862447E0
1.403338650E1,1.408570862E0,-2.909948730E-1,9.728719025E0,9.834466114E0
1.404341850E1,1.400038605E0,-3.147953796E-1,9.756860504E0,9.861821897E0
1.405344950E1,1.420096893E0,-3.439846802E-1,9.767189026E0,9.875878802E0
1.406348150E1,1.429976349E0,-3.186872864E-1,9.786349182E0,9.895404199E0
1.407351250E1,1.435215454E0,-2.911445618E-1,9.744436340E0,9.853864630E0
1.408354350E1,1.446741486E0,-3.122506714E-1,9.744885406E0,9.856640046E0
1.409357550E1,1.478026428E0,-3.534150696E-1,9.798324280E0,9.915473918E0
1.410360650E1,1.533111877E0,-3.860472107E-1,9.832752686E0,9.959040609E0
1.411363750E1,1.544039154E0,-3.963757324E-1,9.816286926E0,9.944881078E0
1.412366950E1,1.520088959E0,-3.893403625E-1,9.782906342E0,9.907952001E0
1.413370050E1,1.477427673E0,-3.510200500E-1,9.720785522E0,9.838682777E0
1.414373150E1,1.465153198E0,-3.531156921E-1,9.719138947E0,9.835294934E0
1.415376350E1,1.447489929E0,-3.679348755E-1,9.743538208E0,9.857339397E0
1.416379450E1,1.470841370E0,-3.144960022E-1,9.744885406E0,9.860277565E0
1.417382550E1,1.465751953E0,-2.540217590E-1,9.734556885E0,9.847565871E0
1.418385750E1,1.463506622E0,-1.917512512E-1,9.721084900E0,9.832502825E0
1.419388850E1,1.473685455E0,-1.700463867E-1,9.706864471E0,9.819566307E0
1.420392050E1,1.492546234E0,-1.883084106E-1,9.720186768E0,9.835913029E0
1.421395150E1,1.490001526E0,-2.092648315E-1,9.761650543E0,9.876928553E0
1.422398250E1,1.481469269E0,-2.303709412E-1,9.806257782E0,9.920207339E0
1.423401450E1,1.469943237E0,-2.579136658E-1,9.830357666E0,9.942996753E0
1.424404550E1,1.447489929E0,-2.992277527E-1,9.835746460E0,9.946188856E0
1.425407650E1,1.452579346E0,-3.104544067E-1,9.810598755E0,9.922409819E0
1.426410850E1,1.472487946E0,-3.463796997E-1,9.812544708E0,9.928455736E0
1.427413950E1,1.482367401E0,-3.487747192E-1,9.762548676E0,9.880607955E0
1.428417050E1,1.493893433E0,-3.373983765E-1,9.739646301E0,9.859323776E0
1.429420250E1,1.488354950E0,-3.453318787E-1,9.702673187E0,9.822236076E0
1.430423350E1,1.495090942E0,-3.347039795E-1,9.679471436E0,9.799974028E0
1.431426450E1,1.478625183E0,-3.332070923E-1,9.698481903E0,9.816206529E0
1.432429650E1,1.504221954E0,-3.442840576E-1,9.709558868E0,9.831416410E0
1.433432750E1,1.515448608E0,-3.480262756E-1,9.714648285E0,9.838297519E0
1.434435950E1,1.521436157E0,-3.432362366E-1,9.753567352E0,9.877482229E0
1.435439050E1,1.526076508E0,-3.291654968E-1,9.758507080E0,9.882596818E0
1.436442150E1,1.511706390E0,-3.121009827E-1,9.772877197E0,9.894028095E0
1.437445350E1,1.509011993E0,-2.960842896E-1,9.780661011E0,9.900813750E0
1.438448450E1,1.501826935E0,-2.716850281E-1,9.797276459E0,9.915438614E0
1.439451550E1,1.494791565E0,-2.315684509E-1,9.743089142E0,9.859807899E0
1.440454750E1,1.475032654E0,-2.468367004E-1,9.745035095E0,9.859125656E0
1.441457850E1,1.476978607E0,-3.013233948E-1,9.756112061E0,9.871878450E0
1.442460950E1,1.488354950E0,-3.225791931E-1,9.770482178E0,9.888456896E0
1.443464150E1,1.489103394E0,-3.035687256E-1,9.783056030E0,9.900392325E0
1.444467250E1,1.471739502E0,-2.926414490E-1,9.757608948E0,9.872314245E0
1.445470450E1,1.476080475E0,-3.203338623E-1,9.760153656E0,9.876336707E0
1.446473550E1,1.515897675E0,-3.706292725E-1,9.800120544E0,9.923591815E0
1.447476650E1,1.535656586E0,-3.610491943E-1,9.800120544E0,9.926276258E0
1.448479850E1,1.540895691E0,-3.495231628E-1,9.776769104E0,9.903622574E0
1.449482950E1,1.524429932E0,-3.326083374E-1,9.759704590E0,9.883640453E0
1.450486050E1,1.495540009E0,-3.323089600E-1,9.717192993E0,9.837220585E0
1.451489250E1,1.481918335E0,-3.212319946E-1,9.712852020E0,9.830501834E0
1.452492350E1,1.487456818E0,-3.004252625E-1,9.715546417E0,9.833342530E0
1.453495450E1,1.476978607E0,-2.891986084E-1,9.730964355E0,9.846662832E0
1.454498650E1,1.500180359E0,-2.869532776E-1,9.727970581E0,9.847146537E0
1.455501750E1,1.497336273E0,-2.918930054E-1,9.737850037E0,9.856619135E0
1.456504850E1,1.489552460E0,-2.945874023E-1,9.735305328E0,9.853005537E0
1.457508050E1,1.472188568E0,-3.327580261E-1,9.749376068E0,9.865515739E0
1.458511150E1,1.473984833E0,-3.438349915E-1,9.766141205E0,9.882730788E0
1.459514250E1,1.463955688E0,-3.573069763E-1,9.765243073E0,9.880830269E0
1.460517450E1,1.469344482E0,-3.691323853E-1,9.769584045E0,9.886354452E0
1.461520550E1,1.486858063E0,-3.719764709E-1,9.753118286E0,9.872812654E0
1.462523750E1,1.476529541E0,-3.888912964E-1,9.755213928E0,9.873984743E0
1.463526850E1,1.485810242E0,-3.915856934E-1,9.759554901E0,9.879771419E0
1.464529950E1,1.488205261E0,-3.814068604E-1,9.754315796E0,9.874558357E0
1.465533150E1,1.485660553E0,-3.763174438E-1,9.748627625E0,9.868360688E0
1.466536250E1,1.479972382E0,-3.606001282E-1,9.748028870E0,9.866327460E0
1.467539350E1,1.469194794E0,-3.468287659E-1,9.777667236E0,9.893513032E0
1.468542550E1,1.451082458E0,-3.103047180E-1,9.761051788E0,9.873199144E0
1.469545650E1,1.465901642E0,-3.155438232E-1,9.765991516E0,9.880436520E0
1.470548750E1,1.467398529E0,-3.210823059E-1,9.768536224E0,9.883352278E0
1.471551950E1,1.489402771E0,-3.026705933E-1,9.756860504E0,9.874525659E0
1.472555050E1,1.458267517E0,-2.993774414E-1,9.744286652E0,9.857347176E0
1.473558250E1,1.444346466E0,-3.294648743E-1,9.761500854E0,9.873276191E0
1.474561350E1,1.490300903E0,-3.376977539E-1,9.789492645E0,9.908037283E0
1.475564429E1,1.514700165E0,-3.373983765E-1,9.784403229E0,9.906699793E0
1.476567629E1,1.523681488E0,-3.185375977E-1,9.795480194E0,9.918392194E0
1.477570729E1,1.525777130E0,-3.040177917E-1,9.758656769E0,9.881892764E0
1.478573829E1,1.499731293E0,-2.936892700E-1,9.737400970E0,9.856592971E0
1.479577029E1,1.473685455E0,-3.106040955E-1,9.717642059E0,9.833656030E0
1.480580129E1,1.471140747E0,-3.360511780E-1,9.730664978E0,9.846980573E0
1.481583229E1,1.469643860E0,-3.646417236E-1,9.763895874E0,9.880611282E0
1.482586429E1,1.477128296E0,-3.611988831E-1,9.764344940E0,9.882044563E0
1.483589529E1,1.466799774E0,-3.519181824E-1,9.739795990E0,9.855910608E0
1.484592629E1,1.437760162E0,-3.305126953E-1,9.714498596E0,9.825877869E0
1.485595829E1,1.441203003E0,-3.640429688E-1,9.740993500E0,9.853758052E0
1.486598929E1,1.472787323E0,-4.305047607E-1,9.800719299E0,9.920107642E0
1.487602129E1,1.516496429E0,-4.457730103E-1,9.822873230E0,9.949236829E0
1.488605229E1,1.541494446E0,-4.516108704E-1,9.797126770E0,9.927932839E0
1.489608329E1,1.498384094E0,-3.957769775E-1,9.740394745E0,9.862914584E0
1.490611529E1,1.477427673E0,-3.462300110E-1,9.727970581E0,9.845612189E0
1.491614629E1,1.471739502E0,-3.567082214E-1,9.725425873E0,9.842619891E0
1.492617729E1,1.484762421E0,-3.459306335E-1,9.728419647E0,9.847148637E0
1.493620929E1,1.478176117E0,-2.906954956E-1,9.730814667E0,9.846738677E0
1.494624029E1,1.488953705E0,-2.315684509E-1,9.730215912E0,9.846202759E0
1.495627129E1,1.475032654E0,-2.088157654E-1,9.707463226E0,9.821108270E0
1.496630329E1,1.482068024E0,-2.198927307E-1,9.696535950E0,9.811609851E0
1.497633429E1,1.474583588E0,-2.498304749E-1,9.723928986E0,9.838272559E0
1.498636629E1,1.464404755E0,-2.829116821E-1,9.744436340E0,9.857918639E0
1.499639729E1,1.466500397E0,-3.207829285E-1,9.787397003E0,9.901851605E0
1.500642829E1,1.481319580E0,-3.829037476E-1,9.824819183E0,9.943238656E0
1.501646029E1,1.486408997E0,-4.068539429E-1,9.824819183E0,9.944949161E0
1.502649129E1,1.486558685E0,-4.373904419E-1,9.811945953E0,9.933551757E0
1.503652229E1,1.492995300E0,-4.516108704E-1,9.803264008E0,9.926579096E0
1.504655429E1,1.488354950E0,-4.285588074E-1,9.789792023E0,9.911553408E0
1.505658529E1,1.495240631E0,-4.167333984E-1,9.766290894E0,9.888875016E0
1.506661629E1,1.485211487E0,-3.830534363E-1,9.731563110E0,9.851695472E0
1.507664829E1,1.466949463E0,-3.616479492E-1,9.710007935E0,9.826850159E0
1.508667929E1,1.470392303E0,-3.492237854E-1,9.694739685E0,9.811829001E0
1.509671029E1,1.459764404E0,-3.456312561E-1,9.661808167E0,9.777571791E0
1.510674229E1,1.450783081E0,-3.390449524E-1,9.683513031E0,9.797456183E0
1.511677329E1,1.456171875E0,-3.344046021E-1,9.726174316E0,9.840260657E0
1.512680529E1,1.478625183E0,-3.296145630E-1,9.748627625E0,9.865633216E0
1.513683629E1,1.490151215E0,-3.300636292E-1,9.745783539E0,9.864572440E0
1.514686729E1,1.484612732E0,-3.177891541E-1,9.786498871E0,9.903566280E0
1.515689929E1,1.477128296E0,-3.270698547E-1,9.835896149E0,9.951569511E0
1.516693029E1,1.495839386E0,-3.231779480E-1,9.802216187E0,9.920958705E0
1.517696129E1,1.526675262E0,-3.600013733E-1,9.765692139E0,9.890858471E0
1.518699329E1,1.496887207E0,-3.600013733E-1,9.751471710E0,9.872257736E0
1.519702429E1,1.444645844E0,-3.457809448E-1,9.734856262E0,9.847537384E0
1.520705529E1,1.433419189E0,-3.326083374E-1,9.746082916E0,9.856543567E0
1.521708729E1,1.450184326E0,-3.668870544E-1,9.771230621E0,9.885068970E0
1.522711829E1,1.497036896E0,-4.194277954E-1,9.822573853E0,9.944847723E0
1.523714929E1,1.562001801E0,-4.248165894E-1,9.821975098E0,9.954472039E0
1.524718129E1,1.579665070E0,-3.769161987E-1,9.783355408E0,9.917229986E0
1.525721229E1,1.544039154E0,-3.611988831E-1,9.708960114E0,9.837602758E0
1.526724429E1,1.491947479E0,-3.607498169E-1,9.680519257E0,9.801454014E0
1.527727529E1,1.451980591E0,-3.516188049E-1,9.704170074E0,9.818492769E0
1.528730629E1,1.469494171E0,-3.550616455E-1,9.737251282E0,9.853910108E0
1.529733829E1,1.503323822E0,-3.643423462E-1,9.754315796E0,9.876203952E0
1.530736929E1,1.515448608E0,-3.706292725E-1,9.739047546E0,9.863214367E0
1.531740029E1,1.492546234E0,-3.659889221E-1,9.735005951E0,9.855555947E0
1.532743229E1,1.479972382E0,-3.842509460E-1,9.752669220E0,9.871804493E0
1.533746329E1,1.469194794E0,-3.963757324E-1,9.764794006E0,9.882653948E0
1.534749429E1,1.457369385E0,-4.059558105E-1,9.752968597E0,9.869605975E0
1.535752629E1,1.454375610E0,-4.105961609E-1,9.760602722E0,9.876900482E0
1.536755729E1,1.454375610E0,-4.131408691E-1,9.749974823E0,9.866504084E0
1.537758929E1,1.464404755E0,-4.153862000E-1,9.732760620E0,9.851073864E0
1.538762029E1,1.488504639E0,-4.288581848E-1,9.728269958E0,9.850827467E0
1.539765129E1,1.485510864E0,-4.460723877E-1,9.755064240E0,9.877600995E0
1.540768329E1,1.484463043E0,-4.279600525E-1,9.759854279E0,9.881373177E0
1.541771429E1,1.484463043E0,-4.266128540E-1,9.757309570E0,9.878801501E0
1.542774529E1,1.477128296E0,-4.206253052E-1,9.745633850E0,9.865911655E0
1.543777729E1,1.465153198E0,-3.908372498E-1,9.739197235E0,9.856540490E0
1.544780829E1,1.463955688E0,-3.814068604E-1,9.734257507E0,9.851111951E0
1.545783929E1,1.457818451E0,-3.653901672E-1,9.709109802E0,9.824742122E0
1.546787129E1,1.446142731E0,-3.504212952E-1,9.715396729E0,9.828685440E0
1.547790229E1,1.465602264E0,-3.603007507E-1,9.742789764E0,9.858993814E0
1.548793329E1,1.488953705E0,-3.700305176E-1,9.759704590E0,9.879561701E0
1.549796529E1,1.504521332E0,-3.592529297E-1,9.758806458E0,9.880635130E0
1.550799629E1,1.503473511E0,-3.604504395E-1,9.785600739E0,9.906984351E0
1.551802829E1,1.483714600E0,-3.659889221E-1,9.758357391E0,9.877291931E0
1.552805929E1,1.472637634E0,-3.655398560E-1,9.719138947E0,9.836866516E0
1.553809029E1,1.453627167E0,-3.930825806E-1,9.717192993E0,9.833177794E0
1.554812229E1,1.444945221E0,-4.370910645E-1,9.752070465E0,9.868221402E0
1.555815329E1,1.457070007E0,-4.273612976E-1,9.757309570E0,9.874754718E0
1.556818429E1,1.451232147E0,-4.047583008E-1,9.713750153E0,9.829895526E0
1.557821629E1,1.447040863E0,-3.718267822E-1,9.693542175E0,9.808003993E0
1.558824729E1,1.468596039E0,-4.167333984E-1,9.742041321E0,9.860923392E0
1.559827829E1,1.504820709E0,-4.779560852E-1,9.799521790E0,9.925903218E0
1.560831029E1,1.553619232E0,-4.559518433E-1,9.769584045E0,9.902847935E0
1.561834129E1,1.522633667E0,-4.382885742E-1,9.763895874E0,9.891621343E0
1.562837329E1,1.467398529E0,-4.447251892E-1,9.767488403E0,9.887106182E0
1.563840429E1,1.445993042E0,-4.028123474E-1,9.750423889E0,9.865288626E0
1.564843529E1,1.461860046E0,-4.038601685E-1,9.720486145E0,9.838088672E0
1.565846729E1,1.448537750E0,-3.769161987E-1,9.718689880E0,9.833273129E0
1.566849829E1,1.431473236E0,-3.288661194E-1,9.720486145E0,9.830824963E0
1.567852929E1,1.443298645E0,-2.606080627E-1,9.720037079E0,9.830063497E0
1.568856129E1,1.463806000E0,-2.305206299E-1,9.713301086E0,9.825685002E0
1.569859229E1,1.492396545E0,-2.212399292E-1,9.728419647E0,9.844711443E0
1.570862329E1,1.509461060E0,-2.338137817E-1,9.732461243E0,9.851595983E0
1.571865529E1,1.501527557E0,-2.655477905E-1,9.771529999E0,9.889787619E0
1.572868629E1,1.476679230E0,-3.198847961E-1,9.784103851E0,9.900080606E0
1.573871729E1,1.465602264E0,-3.626957703E-1,9.815239105E0,9.930682601E0
1.574874929E1,1.465302887E0,-4.076023865E-1,9.823771362E0,9.940811639E0
1.575878050E1,1.467847595E0,-4.243675232E-1,9.818532257E0,9.936711732E0
1.576881250E1,1.463207245E0,-4.311035156E-1,9.791737976E0,9.909841486E0
1.577884350E1,1.454974365E0,-4.314028931E-1,9.765093384E0,9.882312870E0
1.578887450E1,1.453477478E0,-4.285588074E-1,9.742340698E0,9.859485875E0
1.579890650E1,1.466650085E0,-4.150868225E-1,9.736053772E0,9.854648781E0
1.580893750E1,1.457070007E0,-4.071533203E-1,9.728269958E0,9.845205088E0
1.581896850E1,1.463656311E0,-4.035607910E-1,9.703571320E0,9.821631609E0
1.582900050E1,1.461410980E0,-3.841012573E-1,9.717043304E0,9.833828675E0
1.583903150E1,1.460961914E0,-3.852987671E-1,9.730365601E0,9.846973117E0
1.584906250E1,1.454375610E0,-3.683839417E-1,9.756411438E0,9.871093115E0
1.585909450E1,1.469344482E0,-3.453318787E-1,9.783205719E0,9.898956584E0
1.586912550E1,1.467697906E0,-3.433859253E-1,9.801318054E0,9.916546104E0
1.587915650E1,1.473685455E0,-3.249742126E-1,9.794731750E0,9.910304088E0
1.588918850E1,1.441801758E0,-2.956352234E-1,9.769733734E0,9.879974177E0
1.589921950E1,1.411564636E0,-2.844085693E-1,9.805209961E0,9.910375640E0
1.590925150E1,1.393901367E0,-2.728825378E-1,9.787247314E0,9.889774310E0
1.591928250E1,1.438209229E0,-2.689906311E-1,9.750274200E0,9.859444646E0
1.592931350E1,1.452130280E0,-2.939886475E-1,9.701924744E0,9.814400410E0
1.593934550E1,1.432970123E0,-2.909948730E-1,9.676926727E0,9.786776399E0
1.594937650E1,1.440005493E0,-3.445834351E-1,9.729168091E0,9.841192270E0
1.595940750E1,1.483115845E0,-3.912863159E-1,9.773625641E0,9.893255064E0
1.596943950E1,1.533261566E0,-4.209246826E-1,9.834848328E0,9.962545370E0
1.597947050E1,1.538650360E0,-4.477189636E-1,9.825567627E0,9.955384292E0
1.598950150E1,1.551373901E0,-4.535568237E-1,9.827513580E0,9.959543059E0
1.599953350E1,1.521885223E0,-4.279600525E-1,9.764794006E0,9.891940478E0
1.600956450E1,1.479673004E0,-3.939807129E-1,9.701176300E0,9.821276628E0
1.601959650E1,1.432221680E0,-3.468287659E-1,9.675729218E0,9.787302234E0
1.602962750E1,1.401385803E0,-3.332070923E-1,9.697583771E0,9.803980831E0
1.603965850E1,1.422042847E0,-3.164419556E-1,9.729317780E0,9.837782566E0
1.604969050E1,1.454974365E0,-3.004252625E-1,9.757010193E0,9.869470789E0
1.605972150E1,1.455722809E0,-2.820135498E-1,9.749675446E0,9.861786442E0
1.606975250E1,1.446292419E0,-2.903961182E-1,9.768835602E0,9.879587070E0
1.607978450E1,1.430874481E0,-3.100053406E-1,9.771529999E0,9.880602391E0
1.608981550E1,1.423839111E0,-2.999761963E-1,9.773326263E0,9.881053071E0
1.609984650E1,1.420845337E0,-3.121009827E-1,9.774224396E0,9.881886006E0
1.610987850E1,1.440753937E0,-3.353027344E-1,9.767937469E0,9.879311830E0
1.611990950E1,1.434467010E0,-3.309617615E-1,9.769284668E0,9.879582694E0
1.612994050E1,1.446142731E0,-3.367996216E-1,9.767937469E0,9.880150059E0
1.613997250E1,1.451830902E0,-3.496728516E-1,9.757010193E0,9.870629766E0
1.615000350E1,1.440454559E0,-3.429368591E-1,9.740993500E0,9.852891423E0
1.616003550E1,1.433718567E0,-3.546125793E-1,9.739197235E0,9.850546269E0
1.617006650E1,1.446292419E0,-3.541635132E-1,9.758956146E0,9.871900456E0
1.618009750E1,1.449286194E0,-3.617976379E-1,9.781858521E0,9.895255637E0
1.619012950E1,1.461710358E0,-3.543132019E-1,9.801318054E0,9.916046118E0
1.620016050E1,1.466799774E0,-3.408412170E-1,9.804611206E0,9.919580395E0
1.621019150E1,1.467248840E0,-3.339555359E-1,9.791438599E0,9.906392648E0
1.622022350E1,1.444795532E0,-3.113525391E-1,9.782606964E0,9.893622873E0
1.623025450E1,1.439706116E0,-3.070115662E-1,9.761650543E0,9.872022646E0
1.624028550E1,1.442250824E0,-3.089575195E-1,9.749376068E0,9.860318246E0
1.625031750E1,1.415755920E0,-3.071612549E-1,9.767638092E0,9.874485645E0
1.626034850E1,1.425186310E0,-3.183879089E-1,9.734706573E0,9.843629359E0
1.627038050E1,1.405876465E0,-3.329077148E-1,9.728120270E0,9.834817749E0
1.628041150E1,1.409319305E0,-3.246748352E-1,9.745484161E0,9.852210726E0
1.629044250E1,1.435065765E0,-3.450325012E-1,9.783654785E0,9.894360117E0
1.630047450E1,1.480720825E0,-3.128494263E-1,9.799372101E0,9.915548522E0
1.631050550E1,1.468296661E0,-2.874023438E-1,9.782457275E0,9.896209655E0
1.632053650E1,1.447190552E0,-2.585124207E-1,9.747729492E0,9.857962235E0
1.633056850E1,1.420246582E0,-2.740800476E-1,9.735455017E0,9.842322115E0
1.634059950E1,1.408121796E0,-2.859054565E-1,9.759704590E0,9.864906619E0
1.635063050E1,1.411115570E0,-2.966830444E-1,9.762099609E0,9.868021928E0
1.636066250E1,1.396446075E0,-2.743794250E-1,9.685758362E0,9.789752844E0
1.637069350E1,1.393601990E0,-2.803669739E-1,9.737850037E0,9.841059673E0
1.638072550E1,1.442250824E0,-3.387455750E-1,9.800868988E0,9.912208075E0
1.639075650E1,1.505868530E0,-3.535647583E-1,9.843380585E0,9.964175300E0
1.640078750E1,1.501677246E0,-3.418890381E-1,9.847721558E0,9.967424068E0
1.641081950E1,1.467997284E0,-3.276686096E-1,9.768835602E0,9.883953245E0
1.642085050E1,1.410067749E0,-3.167413330E-1,9.718839569E0,9.825703980E0
1.643088150E1,1.405128021E0,-3.511697388E-1,9.717342682E0,9.824685936E0
1.644091350E1,1.456022186E0,-4.001179504E-1,9.752818909E0,9.869020805E0
1.645094450E1,1.503473511E0,-4.159849548E-1,9.790540466E0,9.914038466E0
1.646097550E1,1.532363434E0,-3.899391174E-1,9.812844086E0,9.939421475E0
1.647100750E1,1.512305145E0,-3.278182983E-1,9.772278442E0,9.894036469E0
1.648103850E1,1.481918335E0,-2.824626160E-1,9.739047546E0,9.855197319E0
1.649107050E1,1.480421448E0,-2.517764282E-1,9.713899841E0,9.829287317E0
1.650110150E1,1.479373627E0,-2.183958435E-1,9.728269958E0,9.842534199E0
1.651113250E1,1.463057556E0,-1.911524963E-1,9.755363617E0,9.866316232E0
1.652116450E1,1.436862030E0,-1.818717957E-1,9.775272217E0,9.881983442E0
1.653119550E1,1.415306854E0,-1.698966980E-1,9.783056030E0,9.886361498E0
1.654122650E1,1.384470978E0,-1.850152588E-1,9.782906342E0,9.882117537E0
1.655125850E1,1.366358643E0,-2.017803955E-1,9.778565369E0,9.875626154E0
1.656128950E1,1.380429382E0,-2.438429260E-1,9.790540466E0,9.890385598E0
1.657132050E1,1.408720551E0,-2.888992310E-1,9.783954163E0,9.889070503E0
1.658135250E1,1.420845337E0,-3.233276367E-1,9.767787781E0,9.875880739E0
1.659138350E1,1.446142731E0,-3.382965088E-1,9.770631866E0,9.882864989E0
1.660141450E1,1.452429657E0,-3.570075989E-1,9.760902100E0,9.874827398E0
1.661144650E1,1.437460785E0,-3.598516846E-1,9.751022644E0,9.862972643E0
1.662147750E1,1.439706116E0,-3.604504395E-1,9.759854279E0,9.872053168E0
1.663150950E1,1.430425415E0,-3.606001282E-1,9.762099609E0,9.872929560E0
1.664154050E1,1.442400513E0,-3.504212952E-1,9.780511322E0,9.892508076E0
1.665157150E1,1.453477478E0,-3.109034729E-1,9.773775330E0,9.886148995E0
1.666160350E1,1.466799774E0,-2.824626160E-1,9.765991516E0,9.879568665E0
1.667163450E1,1.474583588E0,-2.618055725E-1,9.792486420E0,9.906347924E0
1.668166550E1,1.469344482E0,-2.315684509E-1,9.756860504E0,9.869595942E0
1.669169750E1,1.455423431E0,-2.004331970E-1,9.715247040E0,9.825703836E0
1.670172850E1,1.401685181E0,-1.859133911E-1,9.732161865E0,9.834340837E0
1.671175950E1,1.386865997E0,-1.731898499E-1,9.725276184E0,9.825191544E0
1.672179150E1,1.408271484E0,-1.773811340E-1,9.760902100E0,9.863564388E0
1.673182250E1,1.448238373E0,-2.203417969E-1,9.771380310E0,9.880577820E0
1.674185450E1,1.473685455E0,-2.462379456E-1,9.778565369E0,9.892053509E0
1.675188550E1,1.452579346E0,-2.676434326E-1,9.774074707E0,9.885047099E0
1.676191588E1,1.424886932E0,-2.865042114E-1,9.792037354E0,9.899312247E0
1.677194788E1,1.406624908E0,-3.038681030E-1,9.793983307E0,9.899143320E0
1.678197887E1,1.419198761E0,-3.068618774E-1,9.792187042E0,9.899253326E0
1.679200988E1,1.449735260E0,-3.106040955E-1,9.780511322E0,9.892249944E0
1.680204188E1,1.447190552E0,-2.908451843E-1,9.746531982E0,9.857679093E0
1.681207288E1,1.442849579E0,-2.709365845E-1,9.734107819E0,9.844189990E0
1.682210387E1,1.456321564E0,-2.823129272E-1,9.749076691E0,9.861291467E0
1.683213588E1,1.451681213E0,-2.932402039E-1,9.764794006E0,9.876465468E0
1.684216688E1,1.457369385E0,-2.926414490E-1,9.768685913E0,9.881132982E0
1.685219888E1,1.455573120E0,-3.158432007E-1,9.786947937E0,9.899636355E0
1.686222987E1,1.450334015E0,-3.126997375E-1,9.810449066E0,9.922003868E0
1.687226088E1,1.443448334E0,-3.107537842E-1,9.796378326E0,9.907024746E0
1.688229288E1,1.440903625E0,-3.056643677E-1,9.787846069E0,9.898058630E0
1.689232388E1,1.429676971E0,-2.890489197E-1,9.730066223E0,9.838786217E0
1.690235487E1,1.411265259E0,-2.761756897E-1,9.693392487E0,9.799479606E0
1.691238688E1,1.400637360E0,-2.903961182E-1,9.679770813E0,9.784890286E0
1.692241788E1,1.401385803E0,-3.122506714E-1,9.717941437E0,9.823429565E0
1.693244888E1,1.421294403E0,-3.071612549E-1,9.764045563E0,9.871727892E0
1.694248088E1,1.444346466E0,-2.956352234E-1,9.793234863E0,9.903584502E0
1.695251188E1,1.457519073E0,-2.942880249E-1,9.816885681E0,9.928857526E0
1.696254288E1,1.448687439E0,-2.821632385E-1,9.794282684E0,9.904861669E0
1.697257487E1,1.419797516E0,-2.739303589E-1,9.776170349E0,9.882528498E0
1.698260588E1,1.409768372E0,-2.734812927E-1,9.777367859E0,9.882264980E0
1.699263788E1,1.386716309E0,-2.733316040E-1,9.770931244E0,9.872628306E0
1.700266888E1,1.397194519E0,-2.653981018E-1,9.747579803E0,9.850781730E0
1.701269987E1,1.394649811E0,-2.760260010E-1,9.757459259E0,9.860489320E0
1.702273188E1,1.410816193E0,-2.869532776E-1,9.761650543E0,9.867247126E0
1.703276288E1,1.432521057E0,-2.951861572E-1,9.761201477E0,9.870172527E0
1.704279388E1,1.435514832E0,-2.948867798E-1,9.772877197E0,9.882144998E0
1.705282587E1,1.453926544E0,-2.983296204E-1,9.787846069E0,9.899739069E0
1.706285688E1,1.459315338E0,-3.001258850E-1,9.789642334E0,9.902362033E0
1.707288888E1,1.448088684E0,-2.945874023E-1,9.781858521E0,9.892850888E0
1.708291988E1,1.426234131E0,-3.004252625E-1,9.777667236E0,9.885705626E0
1.709295087E1,1.430575104E0,-2.927911377E-1,9.762099609E0,9.870707197E0
1.710298288E1,1.438059540E0,-2.796185303E-1,9.748477936E0,9.857942170E0
1.711301388E1,1.424437866E0,-2.794688416E-1,9.746681671E0,9.854183359E0
1.712304488E1,1.432670746E0,-2.929408264E-1,9.750124512E0,9.859172774E0
1.713307688E1,1.419647827E0,-3.022215271E-1,9.755213928E0,9.862602932E0
1.714310788E1,1.438059540E0,-3.101550293E-1,9.760303345E0,9.870548757E0
1.715313888E1,1.420995026E0,-3.173400879E-1,9.778116302E0,9.885923832E0
1.716317087E1,1.423988800E0,-3.097059631E-1,9.794432373E0,9.902250623E0
1.717320188E1,1.420246582E0,-2.887495422E-1,9.785301361E0,9.892047279E0
1.718323288E1,1.400787048E0,-2.818638611E-1,9.758656769E0,9.862709238E0
1.719326488E1,1.416055298E0,-2.734812927E-1,9.776918793E0,9.882719550E0
1.720329587E1,1.433568878E0,-2.658471680E-1,9.803563385E0,9.911389887E0
1.721332788E1,1.444346466E0,-2.644999695E-1,9.773475952E0,9.883163923E0
1.722335888E1,1.428629150E0,-2.469863892E-1,9.743837585E0,9.851109299E0
1.723338988E1,1.394500122E0,-2.526745605E-1,9.728269958E0,9.830956790E0
1.724342187E1,1.379680939E0,-2.838098145E-1,9.734107819E0,9.835492999E0
1.725345288E1,1.395547943E0,-3.098556519E-1,9.762848053E0,9.866953263E0
1.726348388E1,1.398691406E0,-3.080593872E-1,9.737700348E0,9.842461394E0
1.727351588E1,1.380579071E0,-2.921923828E-1,9.734107819E0,9.835864476E0
1.728354687E1,1.400936737E0,-3.314108276E-1,9.811347198E0,9.916400089E0
1.729357788E1,1.455423431E0,-3.823049927E-1,9.837991791E0,9.952411615E0
1.730360988E1,1.490899658E0,-3.577560425E-1,9.845326538E0,9.963996478E0
1.731364088E1,1.472038879E0,-3.409909058E-1,9.767787781E0,9.883969415E0
1.732367288E1,1.411564636E0,-3.203338623E-1,9.698182526E0,9.805604153E0
1.733370388E1,1.394500122E0,-3.406915283E-1,9.698332214E0,9.803996585E0
1.734373488E1,1.432221680E0,-3.821553040E-1,9.734107819E0,9.846327063E0
1.735376687E1,1.499282227E0,-3.835025024E-1,9.784403229E0,9.906031895E0
1.736379788E1,1.508562927E0,-3.607498169E-1,9.819580078E0,9.941330668E0
1.737382888E1,1.494492188E0,-2.974314880E-1,9.773176575E0,9.891256379E0
1.738386088E1,1.455722809E0,-2.598596191E-1,9.723180542E0,9.834983262E0
1.739389187E1,1.436712341E0,-2.210902405E-1,9.716893616E0,9.825021363E0
1.740392288E1,1.441801758E0,-2.180964661E-1,9.734407196E0,9.843019955E0
1.741395488E1,1.435514832E0,-1.930984497E-1,9.754166107E0,9.861122973E0
1.742398588E1,1.424737244E0,-1.896556091E-1,9.768835602E0,9.874006000E0
1.743401787E1,1.413211212E0,-1.972897339E-1,9.797276459E0,9.900642160E0
1.744404888E1,1.374292145E0,-2.260299683E-1,9.792935486E0,9.891478852E0
1.745407988E1,1.362017670E0,-2.490820312E-1,9.793384552E0,9.890779291E0
1.746411188E1,1.374441833E0,-2.710862732E-1,9.796677704E0,9.896336300E0
1.747414287E1,1.400337982E0,-3.171903992E-1,9.776769104E0,9.881638039E0
1.748417388E1,1.417402496E0,-3.373983765E-1,9.764045563E0,9.872155451E0
1.749420588E1,1.451381836E0,-3.709286499E-1,9.744136963E0,9.858615646E0
1.750423688E1,1.461410980E0,-3.709286499E-1,9.748028870E0,9.863943276E0
1.751426787E1,1.450483704E0,-3.852987671E-1,9.739795990E0,9.854744240E0
1.752429988E1,1.466500397E0,-3.781137085E-1,9.762099609E0,9.878875552E0
1.753433088E1,1.457818451E0,-3.597019958E-1,9.771979065E0,9.886667538E0
1.754436287E1,1.456022186E0,-3.489244080E-1,9.768386536E0,9.882465500E0
1.755439388E1,1.456471252E0,-3.188369751E-1,9.774823151E0,9.887878091E0
1.756442488E1,1.442849579E0,-2.884501648E-1,9.752519531E0,9.862892862E0
1.757445688E1,1.456471252E0,-2.538720703E-1,9.766889648E0,9.878152304E0
1.758448787E1,1.459315338E0,-2.438429260E-1,9.748328247E0,9.859967761E0
1.759451888E1,1.424138489E0,-2.245330811E-1,9.740394745E0,9.846515898E0
1.760455088E1,1.373843079E0,-2.104623413E-1,9.766290894E0,9.864693458E0
1.761458188E1,1.378782806E0,-2.101629639E-1,9.741891632E0,9.841222641E0
1.762461287E1,1.386566620E0,-2.195933533E-1,9.743388519E0,9.844003661E0
1.763464488E1,1.408121796E0,-2.716850281E-1,9.771080933E0,9.875760342E0
1.764467588E1,1.444645844E0,-3.158432007E-1,9.785750427E0,9.896851518E0
1.765470788E1,1.450633392E0,-3.239263916E-1,9.816286926E0,9.928179821E0
1.766473887E1,1.432820435E0,-3.646417236E-1,9.813143463E0,9.923896544E0
1.767476988E1,1.435814209E0,-3.909869385E-1,9.804910583E0,9.917192384E0
1.768480188E1,1.445094910E0,-3.861968994E-1,9.781708832E0,9.895416869E0
1.769483288E1,1.446292419E0,-3.703298950E-1,9.747579803E0,9.861248299E0
1.770486387E1,1.447639618E0,-3.347039795E-1,9.705217896E0,9.818296269E0
1.771489588E1,1.449884949E0,-3.121009827E-1,9.702972565E0,9.815663502E0
1.772492688E1,1.443598022E0,-2.897973633E-1,9.717642059E0,9.828556606E0
1.773495788E1,1.431922302E0,-2.986289978E-1,9.760303345E0,9.869300995E0
1.774498988E1,1.443148956E0,-2.850073242E-1,9.806257782E0,9.915976995E0
1.775502088E1,1.459614716E0,-2.767744446E-1,9.827513580E0,9.939170105E0
1.776505313E1,1.448986816E0,-2.695893860E-1,9.818382568E0,9.928387457E0
1.777508412E1,1.431622925E0,-2.698887634E-1,9.804611206E0,9.912254287E0
1.778511513E1,1.412911835E0,-2.779719543E-1,9.770482178E0,9.876027048E0
1.779514713E1,1.382974091E0,-2.838098145E-1,9.735155640E0,9.836992461E0
1.780517813E1,1.382525024E0,-2.969824219E-1,9.716444550E0,9.818801795E0
1.781520912E1,1.386117554E0,-3.088078308E-1,9.721084900E0,9.824264643E0
1.782524113E1,1.414708099E0,-3.288661194E-1,9.718989258E0,9.826917326E0
1.783527213E1,1.429377594E0,-3.320095825E-1,9.752818909E0,9.862597393E0
1.784530313E1,1.431922302E0,-3.387455750E-1,9.797575836E0,9.907453876E0
1.785533513E1,1.446741486E0,-3.230282593E-1,9.803413696E0,9.914853921E0
1.786536613E1,1.436562653E0,-3.236270142E-1,9.795629883E0,9.905695912E0
1.787539813E1,1.420246582E0,-3.091072083E-1,9.783056030E0,9.890441492E0
1.788542913E1,1.409618683E0,-3.020718384E-1,9.765841827E0,9.871673557E0
1.789546013E1,1.414408722E0,-2.797682190E-1,9.737700348E0,9.843862573E0
1.790549213E1,1.396745453E0,-2.847079468E-1,9.718989258E0,9.822968424E0
1.791552313E1,1.387315063E0,-2.918930054E-1,9.728868713E0,9.831618944E0
1.792555413E1,1.384770355E0,-2.954855347E-1,9.751322021E0,9.853587256E0
1.793558613E1,1.399888916E0,-2.911445618E-1,9.747130737E0,9.851447190E0
1.794561713E1,1.424288177E0,-3.005749512E-1,9.773326263E0,9.881135986E0
1.795564913E1,1.432670746E0,-3.143463135E-1,9.801168365E0,9.910310812E0
1.796568012E1,1.436113586E0,-3.095562744E-1,9.799372101E0,9.908881919E0
1.797571113E1,1.436412964E0,-3.097059631E-1,9.795629883E0,9.905229164E0
1.798574313E1,1.445993042E0,-3.245251465E-1,9.790690155E0,9.902213195E0
1.799577413E1,1.422192535E0,-3.058140564E-1,9.756710815E0,9.864560800E0
1.800580512E1,1.419947205E0,-3.059637451E-1,9.769883423E0,9.877271181E0
1.801583713E1,1.426982574E0,-3.162922668E-1,9.779313812E0,9.887937030E0
1.802586813E1,1.422491913E0,-3.270698547E-1,9.766739960E0,9.875204675E0
1.803589913E1,1.430724792E0,-3.194357300E-1,9.743388519E0,9.853051936E0
1.804593113E1,1.428778839E0,-2.900967407E-1,9.743238831E0,9.851713963E0
1.805596213E1,1.425036621E0,-2.953358459E-1,9.778116302E0,9.885823742E0
1.806599413E1,1.452729034E0,-2.971321106E-1,9.800569611E0,9.912107436E0
1.807602513E1,1.462907867E0,-2.700384521E-1,9.799821167E0,9.912089341E0
1.808605613E1,1.433868256E0,-2.532733154E-1,9.775122528E0,9.882972528E0
1.809608813E1,1.391656036E0,-2.475851440E-1,9.734407196E0,9.836497770E0
1.810611913E1,1.354383545E0,-2.441423035E-1,9.733958130E0,9.830762998E0
1.811615013E1,1.356479187E0,-3.068618774E-1,9.749226379E0,9.847924400E0
1.812618213E1,1.360520782E0,-3.216810608E-1,9.751471710E0,9.851177393E0
1.813621313E1,1.374292145E0,-3.206332397E-1,9.723928986E0,9.825796634E0
1.814624513E1,1.381477203E0,-3.192860413E-1,9.760902100E0,9.863347943E0
1.815627612E1,1.439855804E0,-3.600013733E-1,9.846374359E0,9.957603816E0
1.816630713E1,1.477427673E0,-3.680845642E-1,9.839189301E0,9.956300762E0
1.817633913E1,1.483714600E0,-3.451821899E-1,9.826316071E0,9.943693845E0
1.818637013E1,1.451980591E0,-3.273692322E-1,9.758656769E0,9.871514584E0
1.819640112E1,1.410367126E0,-3.161425781E-1,9.732910309E0,9.839645555E0
1.820643313E1,1.412163391E0,-3.378474426E-1,9.736802216E0,9.844473766E0
1.821646413E1,1.430874481E0,-3.712280273E-1,9.757159882E0,9.868504496E0
1.822649513E1,1.477128296E0,-3.808081055E-1,9.780361633E0,9.898605785E0
1.823652713E1,1.472637634E0,-3.463796997E-1,9.784552917E0,9.900813921E0
1.824655813E1,1.457519073E0,-2.981799316E-1,9.743538208E0,9.856460315E0
1.825659013E1,1.453477478E0,-2.649490356E-1,9.716294861E0,9.827979477E0
1.826662112E1,1.450034637E0,-2.318678284E-1,9.737550659E0,9.847652308E0
1.827665213E1,1.453028412E0,-2.134561157E-1,9.754166107E0,9.864107234E0
1.828668413E1,1.446292419E0,-2.007325745E-1,9.776320038E0,9.884760433E0
1.829671513E1,1.408870239E0,-1.889071655E-1,9.781559143E0,9.884305769E0
1.830674613E1,1.373992767E0,-1.893562317E-1,9.768685913E0,9.866657812E0
1.831677813E1,1.357377319E0,-2.118095398E-1,9.773625641E0,9.869705904E0
1.832680913E1,1.337768097E0,-2.531236267E-1,9.794282684E0,9.888461374E0
1.833684113E1,1.372046814E0,-2.903961182E-1,9.792336731E0,9.892254597E0
1.834687212E1,1.406325531E0,-3.447331238E-1,9.787696381E0,9.894220175E0
1.835690313E1,1.435963898E0,-3.772155762E-1,9.814490662E0,9.926152873E0
1.836693513E1,1.456770630E0,-3.827540588E-1,9.798174591E0,9.913269221E0
1.837696613E1,1.465003510E0,-3.849993896E-1,9.797276459E0,9.913681749E0
1.838699712E1,1.440903625E0,-3.740721130E-1,9.784103851E0,9.896707603E0
1.839702913E1,1.452429657E0,-3.414399719E-1,9.765243073E0,9.878567985E0
1.840706013E1,1.439706116E0,-3.156935120E-1,9.770033112E0,9.880585160E0
1.841709212E1,1.447789307E0,-2.866539001E-1,9.772577820E0,9.883397269E0
1.842712313E1,1.441203003E0,-2.624043274E-1,9.774374084E0,9.883537366E0
1.843715413E1,1.437610474E0,-2.625540161E-1,9.796078949E0,9.904484906E0
1.844718613E1,1.436862030E0,-2.414479065E-1,9.788744202E0,9.896584392E0
1.845721712E1,1.432071991E0,-2.173480225E-1,9.776619415E0,9.883337369E0
1.846724813E1,1.408271484E0,-2.171983337E-1,9.804910583E0,9.907909731E0
1.847728013E1,1.392554169E0,-2.157014465E-1,9.752818909E0,9.854096148E0
1.848731113E1,1.391955414E0,-2.252815247E-1,9.750274200E0,9.851707396E0
1.849734312E1,1.401385803E0,-2.631527710E-1,9.747579803E0,9.851316845E0
1.850737413E1,1.416953430E0,-3.079096985E-1,9.765991516E0,9.873051995E0
1.851740513E1,1.424138489E0,-3.432362366E-1,9.767488403E0,9.876730798E0
1.852743713E1,1.429078217E0,-3.689826965E-1,9.790241089E0,9.900870333E0
1.853746812E1,1.437460785E0,-3.915856934E-1,9.812095642E0,9.924558114E0
1.854749913E1,1.478026428E0,-3.890409851E-1,9.798473969E0,9.916955537E0
1.855753113E1,1.486558685E0,-3.917353821E-1,9.772727509E0,9.892902319E0
1.856756213E1,1.469643860E0,-3.647914124E-1,9.738299103E0,9.855323194E0
1.857759413E1,1.459764404E0,-3.302133179E-1,9.711055756E0,9.825708974E0
1.858762513E1,1.485810242E0,-3.125500488E-1,9.745035095E0,9.862607597E0
1.859765613E1,1.486858063E0,-2.814147949E-1,9.739945679E0,9.856798822E0
1.860768812E1,1.478924561E0,-2.644999695E-1,9.752070465E0,9.867119967E0
1.861771913E1,1.472637634E0,-2.559677124E-1,9.757608948E0,9.871429149E0
1.862775013E1,1.443148956E0,-2.534230042E-1,9.753118286E0,9.862566524E0
1.863778213E1,1.425934753E0,-2.725831604E-1,9.756411438E0,9.863830678E0
1.864781312E1,1.420695648E0,-2.939886475E-1,9.747130737E0,9.854509783E0
1.865784513E1,1.421743469E0,-3.122506714E-1,9.757159882E0,9.865141861E0
1.866787613E1,1.405577087E0,-3.243754578E-1,9.743687897E0,9.849889350E0
1.867790713E1,1.414109344E0,-3.529660034E-1,9.755812683E0,9.864084922E0
1.868793912E1,1.430575104E0,-3.520678711E-1,9.770182800E0,9.880636056E0
1.869797013E1,1.447789307E0,-3.559597778E-1,9.758656769E0,9.871888531E0
1.870800113E1,1.462009735E0,-3.513194275E-1,9.754315796E0,9.869527570E0
1.871803313E1,1.452729034E0,-3.471281433E-1,9.780361633E0,9.893755267E0
1.872806412E1,1.455273743E0,-3.391946411E-1,9.755213928E0,9.868995565E0
1.873809613E1,1.442400513E0,-3.370989990E-1,9.757908325E0,9.869697557E0
1.874812713E1,1.433269501E0,-3.366499329E-1,9.754016418E0,9.864503583E0
1.875815813E1,1.447340240E0,-3.354524231E-1,9.754016418E0,9.866517034E0
1.876819013E1,1.429527283E0,-3.195854187E-1,9.762848053E0,9.872126681E0
1.877822113E1,1.421144714E0,-3.302133179E-1,9.759405212E0,9.867861128E0
1.878825213E1,1.433269501E0,-3.188369751E-1,9.764344940E0,9.874125308E0
1.879828412E1,1.440005493E0,-3.113525391E-1,9.761051788E0,9.871610215E0
1.880831513E1,1.467398529E0,-3.046165466E-1,9.785900116E0,9.899994483E0
1.881834713E1,1.483415222E0,-3.147953796E-1,9.775272217E0,9.892197115E0
1.882837813E1,1.480571136E0,-3.129991150E-1,9.770931244E0,9.887424170E0
1.883840912E1,1.467548218E0,-3.375480652E-1,9.766440582E0,9.881851958E0
1.884844113E1,1.450334015E0,-3.405418396E-1,9.741442566E0,9.854701455E0
1.885847213E1,1.448687439E0,-3.279679871E-1,9.722432098E0,9.835239916E0
1.886850313E1,1.453028412E0,-3.338058472E-1,9.741442566E0,9.854867892E0
1.887853512E1,1.478625183E0,-3.303630066E-1,9.787397003E0,9.903969520E0
1.888856613E1,1.496587830E0,-3.128494263E-1,9.784552917E0,9.903288630E0
1.889859813E1,1.499132538E0,-2.906954956E-1,9.777966614E0,9.896490961E0
1.890862913E1,1.475781097E0,-2.814147949E-1,9.758806458E0,9.873774740E0
1.891866012E1,1.437909851E0,-2.860551453E-1,9.738748169E0,9.848483547E0
1.892869213E1,1.409768372E0,-3.002755737E-1,9.737999725E0,9.844097263E0
1.893872313E1,1.397194519E0,-3.435356140E-1,9.762848053E0,9.868301341E0
1.894875413E1,1.404080200E0,-3.481759644E-1,9.747430115E0,9.854190051E0
1.895878613E1,1.402583313E0,-3.231779480E-1,9.749076691E0,9.854754196E0
1.896881713E1,1.415456543E0,-3.110531616E-1,9.736353149E0,9.843619453E0
1.897884913E1,1.421294403E0,-3.393443298E-1,9.747130737E0,9.856053468E0
1.898888012E1,1.474433899E0,-3.872447205E-1,9.795031128E0,9.912948532E0
1.899891113E1,1.528471527E0,-3.829037476E-1,9.816735992E0,9.942391364E0
1.900894313E1,1.549577637E0,-3.866459656E-1,9.816735992E0,9.945802708E0
1.901897413E1,1.516197052E0,-3.860472107E-1,9.767488403E0,9.892002611E0
1.902900612E1,1.482068024E0,-3.486250305E-1,9.716444550E0,9.835006849E0
1.903903713E1,1.469045105E0,-3.751199341E-1,9.705367584E0,9.823083448E0
1.904906813E1,1.477277985E0,-3.881428528E-1,9.715097351E0,9.834435503E0
1.905910013E1,1.471589813E0,-3.356021118E-1,9.729467468E0,9.845849002E0
1.906913112E1,1.446142731E0,-2.730322266E-1,9.725276184E0,9.835998793E0
1.907916213E1,1.441652069E0,-2.305206299E-1,9.728269958E0,9.837211843E0
1.908919413E1,1.457668762E0,-2.261796570E-1,9.718390503E0,9.829703425E0
1.909922513E1,1.468146973E0,-2.477348328E-1,9.740245056E0,9.853385298E0
1.910925713E1,1.465452576E0,-2.507286072E-1,9.790540466E0,9.902782372E0
1.911928813E1,1.470841370E0,-2.826123047E-1,9.809850311E0,9.923527960E0
1.912931913E1,1.448238373E0,-3.162922668E-1,9.820328522E0,9.931580310E0
1.913935112E1,1.426383820E0,-3.210823059E-1,9.798324280E0,9.906806919E0
1.914938213E1,1.428479462E0,-3.417393494E-1,9.783804474E0,9.893440723E0
1.915941313E1,1.422042847E0,-3.582051086E-1,9.745783539E0,9.855496616E0
1.916944513E1,1.443448334E0,-3.861968994E-1,9.734856262E0,9.848863771E0
1.917947612E1,1.451980591E0,-3.870950317E-1,9.720935211E0,9.836395253E0
1.918950813E1,1.475781097E0,-3.918850708E-1,9.726473694E0,9.845597710E0
1.919953913E1,1.490600281E0,-3.650907898E-1,9.718240814E0,9.838667847E0
1.920957013E1,1.486558685E0,-3.659889221E-1,9.726922760E0,9.846665984E0
1.921960212E1,1.489552460E0,-3.432362366E-1,9.736353149E0,9.855615166E0
1.922963313E1,1.495989075E0,-3.394940186E-1,9.754764862E0,9.874648197E0
1.923966413E1,1.492995300E0,-3.477268982E-1,9.763147430E0,9.882762605E0
1.924969613E1,1.497635651E0,-3.327580261E-1,9.767039337E0,9.886794114E0
1.925972712E1,1.495540009E0,-3.201841736E-1,9.754166107E0,9.873343622E0
1.926975913E1,1.500629425E0,-3.091072083E-1,9.764943695E0,9.884410013E0
1.927979013E1,1.501527557E0,-2.848576355E-1,9.796977081E0,9.915467150E0
1.928982113E1,1.472487946E0,-2.553689575E-1,9.765841827E0,9.879529374E0
1.929985313E1,1.485361176E0,-2.695893860E-1,9.746382294E0,9.862603311E0
1.930988413E1,1.471589813E0,-3.282673645E-1,9.761650543E0,9.877406409E0
1.931991513E1,1.465751953E0,-3.269201660E-1,9.782157898E0,9.896763043E0
1.932994712E1,1.451830902E0,-3.014730835E-1,9.778415680E0,9.890202839E0
1.933997813E1,1.454076233E0,-3.188369751E-1,9.776918793E0,9.889597352E0
1.935001013E1,1.474583588E0,-3.385958862E-1,9.781409454E0,9.897727762E0
1.936004113E1,1.518292694E0,-3.806584167E-1,9.829010468E0,9.952866939E0
1.937007212E1,1.528920593E0,-3.767665100E-1,9.832303619E0,9.957597383E0
1.938010413E1,1.529968414E0,-3.493734741E-1,9.801467743E0,9.926310245E0
1.939013513E1,1.499132538E0,-3.330574036E-1,9.729617157E0,9.850064752E0
1.940016613E1,1.474433899E0,-3.373983765E-1,9.695937195E0,9.813204934E0
1.941019812E1,1.444945221E0,-3.414399719E-1,9.682165833E0,9.795344974E0
1.942022913E1,1.441502380E0,-3.135978699E-1,9.711654510E0,9.823059914E0
1.943026113E1,1.474134521E0,-3.076103210E-1,9.712253265E0,9.828304034E0
1.944029213E1,1.481618958E0,-3.180885315E-1,9.712702332E0,9.830206591E0
1.945032312E1,1.483864288E0,-3.320095825E-1,9.739047546E0,9.857034579E0
1.946035513E1,1.481918335E0,-3.531156921E-1,9.765542450E0,9.883652765E0
1.947038613E1,1.462758179E0,-3.668870544E-1,9.772727509E0,9.888400809E0
1.948041713E1,1.454225922E0,-3.903881836E-1,9.764045563E0,9.879461611E0
1.949044913E1,1.447639618E0,-3.912863159E-1,9.771979065E0,9.886371442E0
1.950048013E1,1.451082458E0,-3.817062378E-1,9.761650543E0,9.876292892E0
1.951051213E1,1.450932770E0,-3.882925415E-1,9.749525757E0,9.864544059E0
1.952054312E1,1.448687439E0,-3.785627747E-1,9.726773071E0,9.841347441E0
1.953057413E1,1.441652069E0,-3.641926575E-1,9.743837585E0,9.856640801E0
1.954060613E1,1.458417206E0,-3.456312561E-1,9.749974823E0,9.864504588E0
1.955063713E1,1.472937012E0,-3.264710999E-1,9.763147430E0,9.879027005E0
1.956066812E1,1.475631409E0,-2.956352234E-1,9.771529999E0,9.886742980E0
1.957070013E1,1.474882965E0,-3.002755737E-1,9.768236847E0,9.883516392E0
1.958073113E1,1.462009735E0,-2.859054565E-1,9.755962372E0,9.869043327E0
1.959076313E1,1.469045105E0,-2.959346008E-1,9.758207703E0,9.872602918E0
1.960079412E1,1.487007751E0,-3.161425781E-1,9.761650543E0,9.879319790E0
1.961082513E1,1.490600281E0,-3.296145630E-1,9.748477936E0,9.867287217E0
1.962085713E1,1.483564911E0,-3.453318787E-1,9.741891632E0,9.860257173E0
1.963088813E1,1.465003510E0,-3.746708679E-1,9.749376068E0,9.865948878E0
1.964091912E1,1.469643860E0,-4.055067444E-1,9.738598480E0,9.857210009E0
1.965095113E1,1.459914093E0,-4.331991577E-1,9.766290894E0,9.884303136E0
1.966098213E1,1.487756195E0,-4.263134766E-1,9.808203735E0,9.929552970E0
1.967101412E1,1.526824951E0,-4.043092346E-1,9.817185059E0,9.943429130E0
1.968104513E1,1.519041138E0,-3.667373657E-1,9.806108093E0,9.929840795E0
1.969107613E1,1.493743744E0,-3.342549133E-1,9.759405212E0,9.878713824E0
1.970110813E1,1.470841370E0,-3.065625000E-1,9.722132721E0,9.837541336E0
1.971113912E1,1.447789307E0,-3.191363525E-1,9.713151398E0,9.825642573E0
1.972117013E1,1.445693665E0,-3.508703613E-1,9.729018402E0,9.842100348E0
1.973120213E1,1.448238373E0,-3.333567810E-1,9.713301086E0,9.826328873E0
1.974123313E1,1.435963898E0,-3.189866638E-1,9.713450775E0,9.824198225E0
1.975126512E1,1.427731018E0,-3.293151855E-1,9.709858246E0,9.819786734E0
1.976129613E1,1.436263275E0,-3.769161987E-1,9.740394745E0,9.852928895E0
1.977132713E1,1.448687439E0,-4.421804810E-1,9.780361633E0,9.896953701E0
1.978135913E1,1.483714600E0,-4.881349182E-1,9.836195526E0,9.959439098E0
1.979139012E1,1.532213745E0,-5.054988098E-1,9.845925293E0,9.977246759E0
1.980142113E1,1.510359192E0,-4.679269409E-1,9.802216187E0,9.928926562E0
1.981145313E1,1.476828918E0,-3.977229309E-1,9.760303345E0,9.879409323E0
1.982148413E1,1.482816467E0,-3.760180664E-1,9.735305328E0,9.854760479E0
1.983151613E1,1.478026428E0,-3.775149536E-1,9.711205444E0,9.830289459E0
1.984154713E1,1.445394287E0,-3.406915283E-1,9.726773071E0,9.839479140E0
1.985157813E1,1.455872498E0,-2.733316040E-1,9.721234589E0,9.833446843E0
1.986161012E1,1.471739502E0,-2.427951050E-1,9.708211670E0,9.822135229E0
1.987164113E1,1.472487946E0,-2.507286072E-1,9.691147156E0,9.805581002E0
1.988167213E1,1.465302887E0,-2.767744446E-1,9.708361359E0,9.822219551E0
1.989170413E1,1.465602264E0,-3.059637451E-1,9.774074707E0,9.888080713E0
1.990173512E1,1.454225922E0,-3.477268982E-1,9.812395020E0,9.925662852E0
1.991176713E1,1.452130280E0,-3.821553040E-1,9.830806732E0,9.944822071E0
1.992179813E1,1.449136505E0,-4.198768616E-1,9.843530273E0,9.958482888E0
1.993182913E1,1.449286194E0,-4.421804810E-1,9.827363892E0,9.943492098E0
1.994186113E1,1.456022186E0,-4.466711426E-1,9.797725525E0,9.915389109E0
1.995189213E1,1.456171875E0,-4.264631653E-1,9.756261749E0,9.873548029E0
1.996192313E1,1.484762421E0,-4.153862000E-1,9.736353149E0,9.857668984E0
1.997195513E1,1.486708374E0,-4.014651489E-1,9.719887390E0,9.841122239E0
1.998198612E1,1.479822693E0,-3.978726196E-1,9.703721008E0,9.823969627E0
1.999201813E1,1.448537750E0,-3.884422302E-1,9.697733459E0,9.813010916E0
2.000204913E1,1.454076233E0,-3.873944092E-1,9.687255249E0,9.803434418E0
2.001208013E1,1.453028412E0,-3.712280273E-1,9.702373810E0,9.817594377E0
2.002211213E1,1.455124054E0,-3.755690002E-1,9.726324005E0,9.841738502E0
2.003214313E1,1.462159424E0,-3.577560425E-1,9.785301361E0,9.900405158E0
2.004217413E1,1.464105377E0,-3.574566650E-1,9.780661011E0,9.896095676E0
2.005220612E1,1.484313354E0,-3.230282593E-1,9.762249298E0,9.879728982E0
2.006223713E1,1.456620941E0,-3.126997375E-1,9.820478210E0,9.932840378E0
2.007226913E1,1.453477478E0,-3.073109436E-1,9.782756653E0,9.894916095E0
2.008230013E1,1.484463043E0,-3.167413330E-1,9.761500854E0,9.878808356E0
2.009233112E1,1.472787323E0,-3.567082214E-1,9.730964355E0,9.848249110E0
2.010236313E1,1.441801758E0,-3.459306335E-1,9.721983032E0,9.834399544E0
2.011239413E1,1.403930511E0,-3.400927734E-1,9.704619141E0,9.811539973E0
2.012242513E1,1.390308838E0,-3.597019958E-1,9.727371826E0,9.832807678E0
2.013245713E1,1.428629150E0,-4.288581848E-1,9.789792023E0,9.902773775E0
2.014248813E1,1.521136780E0,-4.567002869E-1,9.863289185E0,9.990340624E0
2.015252013E1,1.551822968E0,-4.444258118E-1,9.863438873E0,9.994653332E0
2.016255113E1,1.542392578E0,-4.173321533E-1,9.794132996E0,9.923617391E0
2.017258213E1,1.477277985E0,-3.802093506E-1,9.737700348E0,9.856455624E0
2.018261413E1,1.440155182E0,-3.770658875E-1,9.691446533E0,9.805119150E0
2.019264513E1,1.446142731E0,-3.556604004E-1,9.721384277E0,9.834792087E0
2.020267712E1,1.475631409E0,-3.357518005E-1,9.754016418E0,9.870716976E0
2.021270813E1,1.519041138E0,-3.068618774E-1,9.727371826E0,9.850046337E0
2.022273913E1,1.503922577E0,-3.010240173E-1,9.689500580E0,9.810138636E0
2.023277113E1,1.454824677E0,-3.222798157E-1,9.702224121E0,9.815983497E0
2.024280212E1,1.440005493E0,-3.444337463E-1,9.723479919E0,9.835563643E0
2.025283313E1,1.430575104E0,-3.769161987E-1,9.742041321E0,9.853729246E0
2.026286513E1,1.429826660E0,-3.875440979E-1,9.750423889E0,9.862320251E0
2.027289613E1,1.418450317E0,-4.074526978E-1,9.778864746E0,9.889601343E0
2.028292813E1,1.399589539E0,-4.005670166E-1,9.791588287E0,9.899217444E0
2.029295913E1,1.406325531E0,-4.044589233E-1,9.784253540E0,9.893076157E0
2.030299013E1,1.408121796E0,-4.025129700E-1,9.781110077E0,9.890143478E0
2.031302213E1,1.423240356E0,-3.945794678E-1,9.763895874E0,9.874966770E0
2.032305313E1,1.433868256E0,-3.724255371E-1,9.760303345E0,9.872091994E0
2.033308413E1,1.445244598E0,-3.555107117E-1,9.757010193E0,9.869871717E0
2.034311613E1,1.449884949E0,-3.338058472E-1,9.752519531E0,9.865355032E0
2.035314713E1,1.446891174E0,-3.088078308E-1,9.758806458E0,9.870317108E0
2.036317813E1,1.439257050E0,-2.841091919E-1,9.758207703E0,9.867866864E0
2.037321013E1,1.439257050E0,-2.977308655E-1,9.758806458E0,9.868860522E0
2.038324113E1,1.443448334E0,-3.168910217E-1,9.758207703E0,9.869477219E0
2.039327312E1,1.449286194E0,-3.438349915E-1,9.770482178E0,9.883368604E0
2.040330413E1,1.465452576E0,-3.583547974E-1,9.748627625E0,9.864669785E0
2.041333513E1,1.443448334E0,-3.463796997E-1,9.745184784E0,9.857593442E0
2.042336713E1,1.426533508E0,-3.623963928E-1,9.742340698E0,9.852894563E0
2.043339812E1,1.447789307E0,-3.770658875E-1,9.759255524E0,9.873263945E0
2.044343013E1,1.469194794E0,-3.757186890E-1,9.782157898E0,9.899005557E0
2.045346113E1,1.483564911E0,-3.727249146E-1,9.784103851E0,9.902957986E0
2.046349213E1,1.482966156E0,-3.501219177E-1,9.746232605E0,9.864624877E0
2.047352413E1,1.470691681E0,-3.327580261E-1,9.733059998E0,9.849168434E0
2.048355513E1,1.437011719E0,-3.408412170E-1,9.740843811E0,9.852167963E0
2.049358613E1,1.430425415E0,-3.706292725E-1,9.774374084E0,9.885437353E0
2.050361812E1,1.425485687E0,-3.586541748E-1,9.770182800E0,9.880137358E0
2.051364913E1,1.410816193E0,-3.116519165E-1,9.719138947E0,9.825944795E0
2.052368013E1,1.425635376E0,-3.025209045E-1,9.749525757E0,9.857850050E0
2.053371213E1,1.440454559E0,-3.402424622E-1,9.767638092E0,9.879141064E0
2.054374313E1,1.489103394E0,-3.861968994E-1,9.798623657E0,9.918649229E0
2.055377513E1,1.508113861E0,-3.664379883E-1,9.781110077E0,9.903474065E0
2.056380613E1,1.467248840E0,-3.731739807E-1,9.760453033E0,9.877171731E0
2.057383713E1,1.433718567E0,-3.948788452E-1,9.779463501E0,9.891884785E0
2.058386912E1,1.450334015E0,-4.189787292E-1,9.765243073E0,9.881244061E0
2.059390013E1,1.466051331E0,-4.314028931E-1,9.767488403E0,9.886316031E0
2.060393213E1,1.490300903E0,-4.185296631E-1,9.770631866E0,9.892492655E0
2.061396313E1,1.470541992E0,-3.646417236E-1,9.748477936E0,9.865509587E0
2.062399412E1,1.408720551E0,-3.034190369E-1,9.720785522E0,9.827015207E0
2.063402613E1,1.402134247E0,-2.618055725E-1,9.710756378E0,9.814953491E0
2.064405713E1,1.433568878E0,-2.558180237E-1,9.716743927E0,9.825257001E0
2.065408813E1,1.452878723E0,-2.486329651E-1,9.743687897E0,9.854548633E0
2.066412013E1,1.480571136E0,-2.445913696E-1,9.770182800E0,9.884755322E0
2.067415113E1,1.450633392E0,-2.600093079E-1,9.791887665E0,9.902171788E0
2.068418313E1,1.429676971E0,-2.649490356E-1,9.806856537E0,9.914061195E0
2.069421412E1,1.420695648E0,-2.963836670E-1,9.806856537E0,9.913659997E0
2.070424513E1,1.400188293E0,-3.438349915E-1,9.803713074E0,9.909164435E0
2.071427713E1,1.402583313E0,-3.784130859E-1,9.773925018E0,9.881297824E0
2.072430813E1,1.411714325E0,-4.070036316E-1,9.760752411E0,9.870708025E0
2.073433912E1,1.443897400E0,-3.969744873E-1,9.744735718E0,9.859122814E0
2.074437113E1,1.450932770E0,-3.911366272E-1,9.730664978E0,9.846016183E0
2.075440213E1,1.447190552E0,-3.881428528E-1,9.730215912E0,9.844903101E0
2.076443425E1,1.437011719E0,-3.776646423E-1,9.736203461E0,9.848923347E0
2.077446525E1,1.430275726E0,-3.757186890E-1,9.754315796E0,9.865775683E0
2.078449625E1,1.415755920E0,-3.755690002E-1,9.753866730E0,9.863231371E0
2.079452825E1,1.409618683E0,-3.576063538E-1,9.790839844E0,9.898254997E0
2.080455925E1,1.416055298E0,-3.335064697E-1,9.800868988E0,9.908252727E0
2.081459025E1,1.425036621E0,-3.086581421E-1,9.808802490E0,9.916582350E0
2.082462225E1,1.436712341E0,-2.793191528E-1,9.812993774E0,9.921542640E0
2.083465325E1,1.443747711E0,-2.477348328E-1,9.741741943E0,9.851259620E0
2.084468525E1,1.407223663E0,-2.297721863E-1,9.765991516E0,9.869532106E0
2.085471625E1,1.404379578E0,-2.281256104E-1,9.752519531E0,9.855757733E0
2.086474725E1,1.402583313E0,-2.071691895E-1,9.726922760E0,9.829709324E0
2.087477925E1,1.425186310E0,-2.502795410E-1,9.679022369E0,9.786586223E0
2.088481025E1,1.431622925E0,-2.743794250E-1,9.682016144E0,9.791131951E0
2.089484125E1,1.433568878E0,-3.176394653E-1,9.719138947E0,9.829429099E0
2.090487325E1,1.441352692E0,-3.537144470E-1,9.760902100E0,9.873085703E0
2.091490425E1,1.452130280E0,-3.851490784E-1,9.814939728E0,9.929252944E0
2.092493625E1,1.463506622E0,-4.246669006E-1,9.844278717E0,9.961526844E0
2.093496725E1,1.474433899E0,-4.170327759E-1,9.855655060E0,9.974056763E0
2.094499825E1,1.464853821E0,-3.996688843E-1,9.823471985E0,9.940127452E0
2.095503025E1,1.422641602E0,-3.650907898E-1,9.758507080E0,9.868417342E0
2.096506125E1,1.379381561E0,-3.478765869E-1,9.743687897E0,9.846987633E0
2.097509225E1,1.376986542E0,-3.447331238E-1,9.731862488E0,9.834840128E0
2.098512425E1,1.400936737E0,-3.351530457E-1,9.730515289E0,9.836558295E0
2.099515525E1,1.437760162E0,-3.263214111E-1,9.757908325E0,9.868658208E0
2.100518725E1,1.436263275E0,-3.083587646E-1,9.769284668E0,9.879112321E0
2.101521825E1,1.469344482E0,-3.049159241E-1,9.783056030E0,9.897481105E0
2.102524925E1,1.461860046E0,-3.104544067E-1,9.773026886E0,9.886630935E0
2.103528125E1,1.443298645E0,-3.129991150E-1,9.759854279E0,9.870959171E0
2.104531225E1,1.403182068E0,-3.059637451E-1,9.739646301E0,9.844960325E0
2.105534325E1,1.394500122E0,-3.189866638E-1,9.741592255E0,9.846065343E0
2.106537525E1,1.394949188E0,-3.234773254E-1,9.734556885E0,9.839314944E0
2.107540625E1,1.412163391E0,-3.095562744E-1,9.748927002E0,9.855536932E0
2.108543825E1,1.406325531E0,-3.167413330E-1,9.755064240E0,9.861001718E0
2.109546925E1,1.405128021E0,-3.439846802E-1,9.761949921E0,9.868554933E0
2.110550025E1,1.401236115E0,-3.558100891E-1,9.779164124E0,9.885449632E0
2.111553225E1,1.392105103E0,-3.620970154E-1,9.802964630E0,9.907935527E0
2.112556325E1,1.400337982E0,-3.513194275E-1,9.819430389E0,9.924997984E0
2.113559425E1,1.409768372E0,-3.329077148E-1,9.818083191E0,9.924365569E0
2.114562625E1,1.406325531E0,-3.329077148E-1,9.811646576E0,9.917509142E0
2.115565725E1,1.410067749E0,-3.076103210E-1,9.787696381E0,9.893528976E0
2.116568925E1,1.402583313E0,-2.894979858E-1,9.768685913E0,9.873108604E0
2.117572025E1,1.406026154E0,-2.763253784E-1,9.741442566E0,9.846266730E0
2.118575125E1,1.410965881E0,-2.784210205E-1,9.730066223E0,9.835778144E0
2.119578325E1,1.419797516E0,-2.835104370E-1,9.721234589E0,9.828458937E0
2.120581425E1,1.419797516E0,-2.903961182E-1,9.717492371E0,9.824958670E0
2.121584525E1,1.434766388E0,-3.231779480E-1,9.726922760E0,9.837480620E0
2.122587725E1,1.449884949E0,-3.378474426E-1,9.760902100E0,9.873779269E0
2.123590825E1,1.442400513E0,-3.469784546E-1,9.769134979E0,9.881139182E0
2.124594025E1,1.439706116E0,-3.429368591E-1,9.783804474E0,9.895109366E0
2.125597125E1,1.420246582E0,-3.493734741E-1,9.777517548E0,9.886304242E0
2.126600225E1,1.424138489E0,-3.538641357E-1,9.776769104E0,9.886283648E0
2.127603425E1,1.433419189E0,-3.734733582E-1,9.785001984E0,9.896486081E0
2.128606525E1,1.425785065E0,-3.665876770E-1,9.777517548E0,9.887724661E0
2.129609625E1,1.407972107E0,-3.668870544E-1,9.765392761E0,9.873190333E0
2.130612825E1,1.394500122E0,-3.549119568E-1,9.747430115E0,9.853069924E0
2.131615925E1,1.390907593E0,-3.510200500E-1,9.763746185E0,9.868565173E0
2.132619125E1,1.423090668E0,-3.338058472E-1,9.794881439E0,9.903348716E0
2.133622225E1,1.444945221E0,-3.044668579E-1,9.802066498E0,9.912672414E0
2.134625325E1,1.441652069E0,-2.656974792E-1,9.750872955E0,9.860450255E0
2.135628525E1,1.417103119E0,-2.486329651E-1,9.724378052E0,9.830235404E0
2.136631625E1,1.365610199E0,-2.424957275E-1,9.719288635E0,9.817752643E0
2.137634725E1,1.355131989E0,-2.586621094E-1,9.742939453E0,9.840129978E0
2.138637925E1,1.382075958E0,-2.761756897E-1,9.752519531E0,9.853833983E0
2.139641025E1,1.381177826E0,-2.585124207E-1,9.716294861E0,9.817375753E0
2.140644225E1,1.390608215E0,-2.514770508E-1,9.710457001E0,9.812747173E0
2.141647325E1,1.403780823E0,-3.020718384E-1,9.783505096E0,9.888317348E0
2.142650425E1,1.456022186E0,-3.427871704E-1,9.830507355E0,9.943660217E0
2.143653625E1,1.484013977E0,-3.474275208E-1,9.842183075E0,9.959496526E0
2.144656725E1,1.461410980E0,-3.483256531E-1,9.782756653E0,9.897443132E0
2.145659825E1,1.410516815E0,-3.531156921E-1,9.733658752E0,9.841664549E0
2.146663025E1,1.386117554E0,-3.838018799E-1,9.734407196E0,9.840086850E0
2.147666125E1,1.429676971E0,-4.405339050E-1,9.770332489E0,9.884201703E0
2.148669325E1,1.457519073E0,-4.529580688E-1,9.794731750E0,9.912936141E0
2.149672425E1,1.476230164E0,-3.942800903E-1,9.808652802E0,9.926952305E0
2.150675525E1,1.442999268E0,-3.287164307E-1,9.759554901E0,9.871130292E0
2.151678725E1,1.427731018E0,-2.841091919E-1,9.713450775E0,9.821927502E0
2.152681825E1,1.427880707E0,-2.433938599E-1,9.696985016E0,9.804570479E0
2.153685025E1,1.438358917E0,-2.140548706E-1,9.723330231E0,9.831472252E0
2.154688125E1,1.439406738E0,-1.951940918E-1,9.727820892E0,9.835674446E0
2.155691225E1,1.426683197E0,-1.953437805E-1,9.766889648E0,9.872472717E0
2.156694425E1,1.408720551E0,-2.002835083E-1,9.791588287E0,9.894433196E0
2.157697525E1,1.397942963E0,-2.336640930E-1,9.817634125E0,9.919414461E0
2.158700625E1,1.375190277E0,-2.820135498E-1,9.844877472E0,9.944460386E0
2.159703825E1,1.372046814E0,-3.147953796E-1,9.849817200E0,9.949899872E0
2.160706925E1,1.394799500E0,-3.414399719E-1,9.815837860E0,9.920318533E0
2.161710125E1,1.415905609E0,-3.592529297E-1,9.776170349E0,9.884703236E0
2.162713225E1,1.437610474E0,-3.752696228E-1,9.749525757E0,9.862089213E0
2.163716325E1,1.441951447E0,-3.676354980E-1,9.718390503E0,9.831657734E0
2.164719525E1,1.431622925E0,-3.873944092E-1,9.707912292E0,9.820548850E0
2.165722625E1,1.446891174E0,-3.847000122E-1,9.699380035E0,9.814247869E0
2.166725725E1,1.460961914E0,-3.731739807E-1,9.726623383E0,9.842808083E0
2.167728925E1,1.443448334E0,-3.570075989E-1,9.742939453E0,9.855752975E0
2.168732025E1,1.444945221E0,-3.333567810E-1,9.764644318E0,9.876602254E0
2.169735225E1,1.442849579E0,-3.183879089E-1,9.799222412E0,9.909992212E0
2.170738325E1,1.435664520E0,-2.695893860E-1,9.801617432E0,9.909869592E0
2.171741425E1,1.416354675E0,-2.677931213E-1,9.766889648E0,9.872684900E0
2.172744625E1,1.398691406E0,-2.618055725E-1,9.730814667E0,9.834309019E0
2.173747725E1,1.364861755E0,-2.341131592E-1,9.757758636E0,9.855531959E0
2.174750825E1,1.352437592E0,-2.338137817E-1,9.722581787E0,9.818979220E0
2.175754025E1,1.354682922E0,-2.535726929E-1,9.739047546E0,9.836082149E0
2.176757129E1,1.379082184E0,-2.874023438E-1,9.761800232E0,9.862921045E0
2.177760329E1,1.403631134E0,-3.435356140E-1,9.779164124E0,9.885355231E0
2.178763429E1,1.420096893E0,-3.821553040E-1,9.821825409E0,9.931312714E0
2.179766529E1,1.418450317E0,-3.873944092E-1,9.840835876E0,9.950081732E0
2.180769729E1,1.413809967E0,-4.004173279E-1,9.860594788E0,9.969479536E0
2.181772829E1,1.420695648E0,-4.119433594E-1,9.860145721E0,9.970483795E0
2.182775929E1,1.434017944E0,-3.851490784E-1,9.817334747E0,9.928988308E0
2.183779129E1,1.451232147E0,-3.296145630E-1,9.761500854E0,9.874290832E0
2.184782229E1,1.416055298E0,-2.942880249E-1,9.721983032E0,9.828976148E0
2.185785429E1,1.411564636E0,-2.706372070E-1,9.702074432E0,9.807956337E0
2.186788529E1,1.405128021E0,-2.679428101E-1,9.705816650E0,9.810660271E0
2.187791629E1,1.413061523E0,-2.621049500E-1,9.726324005E0,9.831928627E0
2.188794829E1,1.416204987E0,-2.817141724E-1,9.761800232E0,9.868016174E0
2.189797929E1,1.406175842E0,-2.995271301E-1,9.783804474E0,9.888876427E0
2.190801029E1,1.414708099E0,-3.385958862E-1,9.797126770E0,9.904531242E0
2.191804229E1,1.411414948E0,-3.498225403E-1,9.819580078E0,9.926662122E0
2.192807329E1,1.377734985E0,-3.668870544E-1,9.804461517E0,9.907584239E0
2.193810529E1,1.362915802E0,-3.712280273E-1,9.768236847E0,9.869842999E0
2.194813629E1,1.363514557E0,-3.679348755E-1,9.766739960E0,9.868320904E0
2.195816729E1,1.383572845E0,-3.529660034E-1,9.751621399E0,9.855606462E0
2.196819929E1,1.413510590E0,-3.403921509E-1,9.755513306E0,9.863261066E0
2.197823029E1,1.443148956E0,-3.264710999E-1,9.757159882E0,9.868709705E0
2.198826129E1,1.450783081E0,-3.165916443E-1,9.745633850E0,9.858112444E0
2.199829329E1,1.428030396E0,-3.089575195E-1,9.746981049E0,9.855879723E0
2.200832429E1,1.421893158E0,-3.091072083E-1,9.751920776E0,9.859882669E0
2.201835629E1,1.401385803E0,-3.305126953E-1,9.765093384E0,9.870672196E0
2.202838729E1,1.379381561E0,-3.249742126E-1,9.757758636E0,9.860129580E0
2.203841829E1,1.371148682E0,-3.242257690E-1,9.776320038E0,9.877327804E0
2.204845029E1,1.360670471E0,-3.321592712E-1,9.788145447E0,9.887848360E0
2.205848129E1,1.375190277E0,-3.342549133E-1,9.780062256E0,9.881927564E0
2.206851229E1,1.389710083E0,-3.164419556E-1,9.798324280E0,9.901443749E0
2.207854429E1,1.399290161E0,-3.103047180E-1,9.793983307E0,9.898303440E0
2.208857529E1,1.414109344E0,-3.173400879E-1,9.779313812E0,9.886121009E0
2.209860729E1,1.419198761E0,-3.147953796E-1,9.767039337E0,9.874628027E0
2.210863829E1,1.445693665E0,-3.260220337E-1,9.754914551E0,9.866847441E0
2.211866929E1,1.424288177E0,-3.442840576E-1,9.729916534E0,9.839634347E0
2.212870129E1,1.416204987E0,-3.522175598E-1,9.737850037E0,9.846594188E0
2.213873229E1,1.404529266E0,-3.511697388E-1,9.746531982E0,9.853471892E0
2.214876329E1,1.414708099E0,-3.598516846E-1,9.754465485E0,9.863087201E0
2.215879529E1,1.417851562E0,-3.366499329E-1,9.772577820E0,9.880633253E0
2.216882629E1,1.419947205E0,-3.388952637E-1,9.767488403E0,9.875977408E0
2.217885829E1,1.403631134E0,-3.388952637E-1,9.779164124E0,9.885195057E0
2.218888929E1,1.393452301E0,-3.299139404E-1,9.796378326E0,9.900483869E0
2.219892029E1,1.386716309E0,-3.258723450E-1,9.779762878E0,9.882961948E0
2.220895229E1,1.372046814E0,-3.281176758E-1,9.754166107E0,9.855654728E0
2.221898329E1,1.354832611E0,-3.052153015E-1,9.750723267E0,9.849128490E0
2.222901529E1,1.375040588E0,-3.161425781E-1,9.771679688E0,9.873014062E0
2.223904629E1,1.404529266E0,-3.124003601E-1,9.778864746E0,9.884153589E0
2.224907729E1,1.408271484E0,-3.031196594E-1,9.783804474E0,9.889284104E0
2.225910929E1,1.395847321E0,-2.917433167E-1,9.765243073E0,9.868813311E0
2.226914029E1,1.369502106E0,-2.983296204E-1,9.736951904E0,9.837315130E0
2.227917129E1,1.351988525E0,-3.144960022E-1,9.753118286E0,9.851400764E0
2.228920329E1,1.372495880E0,-3.475772095E-1,9.784253540E0,9.886160640E0
2.229923429E1,1.396146698E0,-3.308120728E-1,9.745184784E0,9.850243078E0
2.230926629E1,1.367256775E0,-3.317102051E-1,9.736502838E0,9.837627268E0
2.231929729E1,1.383722534E0,-3.641926575E-1,9.788295135E0,9.892322579E0
2.232932829E1,1.441203003E0,-3.953279114E-1,9.805659027E0,9.918885986E0
2.233936029E1,1.468296661E0,-3.718267822E-1,9.806557159E0,9.922837979E0
2.234939129E1,1.447789307E0,-3.435356140E-1,9.754615173E0,9.867452953E0
2.235942229E1,1.431622925E0,-3.320095825E-1,9.728120270E0,9.838500828E0
2.236945429E1,1.397194519E0,-3.656895447E-1,9.743238831E0,9.849699705E0
2.237948529E1,1.413809967E0,-4.204756165E-1,9.754465485E0,9.865356317E0
2.238951729E1,1.448837128E0,-4.450245667E-1,9.800419922E0,9.916925256E0
2.239954829E1,1.462458801E0,-4.022135925E-1,9.814191284E0,9.930705518E0
2.240957929E1,1.454225922E0,-3.426374817E-1,9.781110077E0,9.894558495E0
2.241961129E1,1.424138489E0,-2.878514099E-1,9.727820892E0,9.835727130E0
2.242964229E1,1.413660278E0,-2.480342102E-1,9.701475677E0,9.807068200E0
2.243967329E1,1.403930511E0,-2.306703186E-1,9.730515289E0,9.833979737E0
2.244970529E1,1.390907593E0,-2.041754150E-1,9.745334473E0,9.846210211E0
2.245973629E1,1.373244324E0,-2.013313293E-1,9.766141205E0,9.864271301E0
2.246976829E1,1.353335724E0,-2.198927307E-1,9.784552917E0,9.880149098E0
2.247979929E1,1.346899109E0,-2.582130432E-1,9.806557159E0,9.901988412E0
2.248983029E1,1.348845062E0,-3.049159241E-1,9.814191284E0,9.911140564E0
2.249986229E1,1.366807709E0,-3.402424622E-1,9.828561401E0,9.928975147E0
2.250989329E1,1.403930511E0,-3.589535522E-1,9.825118561E0,9.931405906E0
2.251992429E1,1.434017944E0,-3.716770935E-1,9.779313812E0,9.890881152E0
2.252995629E1,1.432970123E0,-3.963757324E-1,9.750124512E0,9.862831495E0
2.253998729E1,1.444945221E0,-3.829037476E-1,9.743687897E0,9.857684099E0
2.255001929E1,1.434766388E0,-3.836521912E-1,9.712702332E0,9.825595665E0
2.256005029E1,1.442400513E0,-3.755690002E-1,9.699829102E0,9.813676982E0
2.257008129E1,1.429078217E0,-3.710783386E-1,9.696985016E0,9.808745184E0
2.258011329E1,1.436263275E0,-3.626957703E-1,9.731263733E0,9.843368034E0
2.259014429E1,1.428479462E0,-3.384461975E-1,9.758058014E0,9.867866821E0
2.260017629E1,1.412313080E0,-3.173400879E-1,9.800120544E0,9.906447176E0
2.261020729E1,1.390608215E0,-3.128494263E-1,9.819729767E0,9.922638695E0
2.262023829E1,1.379381561E0,-3.043171692E-1,9.798923035E0,9.900211870E0
2.263027029E1,1.368005219E0,-2.806663513E-1,9.805509338E0,9.904454819E0
2.264030129E1,1.342558136E0,-2.559677124E-1,9.815837860E0,9.910532514E0
2.265033229E1,1.342109070E0,-2.435435486E-1,9.758058014E0,9.852931869E0
2.266036429E1,1.377884674E0,-2.493814087E-1,9.727820892E0,9.828085092E0
2.267039529E1,1.383423157E0,-2.945874023E-1,9.712852020E0,9.815301103E0
2.268042629E1,1.404379578E0,-3.126997375E-1,9.751920776E0,9.857485580E0
2.269045829E1,1.403930511E0,-3.661386108E-1,9.782157898E0,9.889170415E0
2.270048929E1,1.435963898E0,-3.987707520E-1,9.790839844E0,9.903613243E0
2.271052129E1,1.446741486E0,-4.209246826E-1,9.819280701E0,9.934209178E0
2.272055229E1,1.453178101E0,-4.210743713E-1,9.789193268E0,9.905419479E0
2.273058329E1,1.458117828E0,-4.077520752E-1,9.765243073E0,9.881919936E0
2.274061529E1,1.444196777E0,-3.945794678E-1,9.747430115E0,9.861733678E0
2.275064629E1,1.417851562E0,-3.841012573E-1,9.743538208E0,9.853647733E0
2.276067829E1,1.414558411E0,-3.555107117E-1,9.745633850E0,9.854173862E0
2.277070979E1,1.406325531E0,-3.275189209E-1,9.771829376E0,9.877938525E0
2.278074079E1,1.391206970E0,-2.995271301E-1,9.792037354E0,9.894906208E0
2.279077279E1,1.389111328E0,-2.874023438E-1,9.794731750E0,9.896918735E0
2.280080379E1,1.383572845E0,-2.896476746E-1,9.796677704E0,9.898134351E0
2.281083479E1,1.382674713E0,-2.806663513E-1,9.777816925E0,9.879082284E0
2.282086679E1,1.387614441E0,-3.022215271E-1,9.760303345E0,9.863079289E0
2.283089779E1,1.392554169E0,-3.215313721E-1,9.726473694E0,9.830914507E0
2.284092979E1,1.402882690E0,-3.454815674E-1,9.734407196E0,9.841042669E0
2.285096079E1,1.395398254E0,-3.561094666E-1,9.731263733E0,9.837247790E0
2.286099179E1,1.385967865E0,-3.667373657E-1,9.731413422E0,9.836453141E0
2.287102379E1,1.396446075E0,-3.959266663E-1,9.744286652E0,9.851798918E0
2.288105479E1,1.404080200E0,-3.989204407E-1,9.770033112E0,9.878467782E0
2.289108579E1,1.400936737E0,-3.954776001E-1,9.784852295E0,9.892540660E0
2.290111779E1,1.378483429E0,-3.823049927E-1,9.781559143E0,9.885609386E0
2.291114879E1,1.352437592E0,-3.559597778E-1,9.795180817E0,9.894511713E0
2.292118079E1,1.369502106E0,-3.478765869E-1,9.806407471E0,9.907682959E0
2.293121179E1,1.379980316E0,-3.393443298E-1,9.791737976E0,9.894323263E0
2.294124279E1,1.375489655E0,-3.224295044E-1,9.783654785E0,9.885131943E0
2.295127479E1,1.379680939E0,-3.167413330E-1,9.744436340E0,9.846719462E0
2.296130579E1,1.382375336E0,-3.047662354E-1,9.747579803E0,9.849830255E0
2.297133679E1,1.387913818E0,-2.977308655E-1,9.731114044E0,9.834100314E0
2.298136879E1,1.387913818E0,-3.091072083E-1,9.731862488E0,9.835191890E0
2.299139979E1,1.422641602E0,-3.131488037E-1,9.737850037E0,9.846202041E0
2.300143179E1,1.446142731E0,-3.359014893E-1,9.762548676E0,9.874791909E0
2.301146279E1,1.439257050E0,-3.381468201E-1,9.764943695E0,9.876230531E0
2.302149379E1,1.435664520E0,-3.531156921E-1,9.777068481E0,9.888219830E0
2.303152579E1,1.420396271E0,-3.561094666E-1,9.783056030E0,9.892043510E0
2.304155679E1,1.408421173E0,-3.564088440E-1,9.768087158E0,9.875535641E0
2.305158879E1,1.406924286E0,-3.420387268E-1,9.784253540E0,9.890806022E0
2.306161979E1,1.411414948E0,-3.435356140E-1,9.765841827E0,9.873285951E0
2.307165079E1,1.407373352E0,-3.342549133E-1,9.771529999E0,9.878017241E0
2.308168279E1,1.409918060E0,-3.293151855E-1,9.772727509E0,9.879398787E0
2.309171379E1,1.377435608E0,-3.231779480E-1,9.755513306E0,9.857576411E0
2.310174479E1,1.368005219E0,-3.158432007E-1,9.763895874E0,9.864322473E0
2.311177679E1,1.376537476E0,-3.275189209E-1,9.747579803E0,9.849742945E0
2.312180779E1,1.371448059E0,-3.312611389E-1,9.774074707E0,9.875380504E0
2.313183979E1,1.401984558E0,-3.180885315E-1,9.801018677E0,9.905892596E0
2.314187079E1,1.419198761E0,-3.224295044E-1,9.800120544E0,9.907595500E0
2.315190179E1,1.412013702E0,-3.113525391E-1,9.763895874E0,9.870379209E0
2.316193379E1,1.385668488E0,-3.040177917E-1,9.732910309E0,9.835753507E0
2.317196479E1,1.364263000E0,-2.938389587E-1,9.759255524E0,9.858530481E0
2.318199579E1,1.362466736E0,-3.296145630E-1,9.768835602E0,9.868896108E0
2.319202779E1,1.377585297E0,-3.406915283E-1,9.745334473E0,9.848114335E0
2.320205879E1,1.386416931E0,-3.140469360E-1,9.744286652E0,9.847431124E0
2.321209079E1,1.372795258E0,-3.128494263E-1,9.739496613E0,9.840743663E0
2.322212179E1,1.387913818E0,-3.532653809E-1,9.797575836E0,9.901696494E0
2.323215279E1,1.432221680E0,-3.761677551E-1,9.804311829E0,9.915507630E0
2.324218479E1,1.463806000E0,-3.457809448E-1,9.796977081E0,9.911763334E0
2.325221579E1,1.429377594E0,-3.329077148E-1,9.765692139E0,9.875357756E0
2.326224679E1,1.397793274E0,-3.655398560E-1,9.733209686E0,9.839858547E0
2.327227879E1,1.388961639E0,-3.870950317E-1,9.739795990E0,9.845947538E0
2.328230979E1,1.429377594E0,-4.176315308E-1,9.762249298E0,9.875173303E0
2.329234179E1,1.451681213E0,-4.140390015E-1,9.784552917E0,9.900317290E0
2.330237279E1,1.459015961E0,-3.817062378E-1,9.789941711E0,9.905422047E0
2.331240379E1,1.426982574E0,-3.266207886E-1,9.766590271E0,9.875689643E0
2.332243579E1,1.406325531E0,-2.733316040E-1,9.719887390E0,9.824900638E0
2.333246679E1,1.413959656E0,-2.323168945E-1,9.708061981E0,9.813242098E0
2.334249779E1,1.418450317E0,-2.345622253E-1,9.698332214E0,9.804318869E0
2.335252979E1,1.397044830E0,-2.221380615E-1,9.745484161E0,9.847616012E0
2.336256079E1,1.386865997E0,-2.148033142E-1,9.760003967E0,9.860386159E0
2.337259279E1,1.360969849E0,-2.176473999E-1,9.784403229E0,9.880999740E0
2.338262379E1,1.358874207E0,-2.401007080E-1,9.799222412E0,9.895905585E0
2.339265479E1,1.362766113E0,-2.951861572E-1,9.805808716E0,9.904451066E0
2.340268679E1,1.379231873E0,-3.330574036E-1,9.828860779E0,9.930745793E0
2.341271779E1,1.421593781E0,-3.562591553E-1,9.823921051E0,9.932636824E0
2.342274979E1,1.439556427E0,-3.749702454E-1,9.803264008E0,9.915488419E0
2.343278079E1,1.445244598E0,-3.808081055E-1,9.783205719E0,9.896709600E0
2.344281179E1,1.426982574E0,-3.855981445E-1,9.754465485E0,9.865827998E0
2.345284379E1,1.428928528E0,-3.656895447E-1,9.730365601E0,9.841523271E0
2.346287479E1,1.416204987E0,-3.580554199E-1,9.712103577E0,9.821343907E0
2.347290579E1,1.429676971E0,-3.444337463E-1,9.734407196E0,9.844861315E0
2.348293779E1,1.422791290E0,-3.240760803E-1,9.752818909E0,9.861381091E0
2.349296879E1,1.404379578E0,-3.019221497E-1,9.774374084E0,9.879363731E0
2.350300079E1,1.423988800E0,-2.655477905E-1,9.818382568E0,9.924661001E0
2.351303179E1,1.411414948E0,-2.546205139E-1,9.822424164E0,9.926577467E0
2.352306279E1,1.409618683E0,-2.338137817E-1,9.806706848E0,9.910256955E0
2.353309479E1,1.376986542E0,-2.206411743E-1,9.824968872E0,9.923446367E0
2.354312579E1,1.335971832E0,-2.164498901E-1,9.777667236E0,9.870888910E0
2.355315679E1,1.353335724E0,-2.356100464E-1,9.757309570E0,9.853533363E0
2.356318879E1,1.367107086E0,-2.896476746E-1,9.767638092E0,9.867098432E0
2.357321979E1,1.389859772E0,-3.110531616E-1,9.752818909E0,9.856264045E0
2.358325179E1,1.390009460E0,-3.291654968E-1,9.760153656E0,9.864130758E0
2.359328279E1,1.408271484E0,-3.781137085E-1,9.795629883E0,9.903563164E0
2.360331379E1,1.442400513E0,-4.198768616E-1,9.841584320E0,9.955581236E0
2.361334579E1,1.475481720E0,-4.116439819E-1,9.840536499E0,9.959048934E0
2.362337679E1,1.487606506E0,-4.013154602E-1,9.807006226E0,9.927305693E0
2.363340779E1,1.464853821E0,-3.772155762E-1,9.757908325E0,9.874455083E0
2.364343979E1,1.432970123E0,-3.592529297E-1,9.733059998E0,9.844537722E0
2.365347079E1,1.416953430E0,-3.350033569E-1,9.734107819E0,9.842400078E0
2.366350279E1,1.400787048E0,-3.073109436E-1,9.704768829E0,9.810157104E0
2.367353379E1,1.401385803E0,-2.844085693E-1,9.719588013E0,9.824213024E0
2.368356479E1,1.413510590E0,-2.691403198E-1,9.744136963E0,9.849804762E0
2.369359679E1,1.424886932E0,-2.736309814E-1,9.773625641E0,9.880735542E0
2.370362779E1,1.413510590E0,-2.707868958E-1,9.795031128E0,9.900200631E0
2.371365979E1,1.401984558E0,-2.966830444E-1,9.780361633E0,9.884789083E0
2.372369079E1,1.399140472E0,-3.035687256E-1,9.779313812E0,9.883558401E0
2.373372179E1,1.387614441E0,-3.261717224E-1,9.780511322E0,9.883838503E0
2.374375379E1,1.380279694E0,-3.480262756E-1,9.775272217E0,9.878372398E0
2.375378479E1,1.387165375E0,-3.661386108E-1,9.764494629E0,9.869328276E0
2.376381492E1,1.396895142E0,-3.706292725E-1,9.776619415E0,9.882862403E0
2.377384692E1,1.402433624E0,-3.688330078E-1,9.779463501E0,9.886392882E0
2.378387792E1,1.407523041E0,-3.899391174E-1,9.769584045E0,9.878154992E0
2.379390992E1,1.422940979E0,-3.972738647E-1,9.765692139E0,9.876807708E0
2.380394092E1,1.417851562E0,-3.752696228E-1,9.787696381E0,9.896975840E0
2.381397192E1,1.417252808E0,-3.772155762E-1,9.802515564E0,9.911619872E0
2.382400392E1,1.417402496E0,-3.634442139E-1,9.800270233E0,9.908906003E0
2.383403492E1,1.421743469E0,-3.507206726E-1,9.772727509E0,9.881829913E0
2.384406592E1,1.409169617E0,-3.242257690E-1,9.752220154E0,9.858837623E0
2.385409792E1,1.392105103E0,-3.137475586E-1,9.752669220E0,9.856518202E0
2.386412892E1,1.402283936E0,-3.134481812E-1,9.762099609E0,9.867281225E0
2.387416092E1,1.400188293E0,-3.091072083E-1,9.758806458E0,9.863588495E0
2.388419192E1,1.410217438E0,-3.248245239E-1,9.775122528E0,9.881662038E0
2.389422292E1,1.433868256E0,-3.335064697E-1,9.785900116E0,9.896011612E0
2.390425492E1,1.426982574E0,-3.537144470E-1,9.788744202E0,9.898530508E0
2.391428592E1,1.441352692E0,-3.367996216E-1,9.789941711E0,9.901206506E0
2.392431692E1,1.444795532E0,-3.535647583E-1,9.796378326E0,9.908656341E0
2.393434892E1,1.439855804E0,-3.601510620E-1,9.771080933E0,9.883163265E0
2.394437992E1,1.443747711E0,-3.576063538E-1,9.774823151E0,9.887338236E0
2.395441192E1,1.448088684E0,-3.625460815E-1,9.759405212E0,9.872911961E0
2.396444292E1,1.443448334E0,-3.652404785E-1,9.744586029E0,9.857682313E0
2.397447392E1,1.447489929E0,-3.772155762E-1,9.718540192E0,9.832982363E0
2.398450592E1,1.424587555E0,-3.547622681E-1,9.698182526E0,9.808672197E0
2.399453692E1,1.411564636E0,-3.721261597E-1,9.720037079E0,9.829044380E0
2.400456892E1,1.426683197E0,-3.903881836E-1,9.745184784E0,9.856797368E0
2.401459992E1,1.442550201E0,-3.835025024E-1,9.777517548E0,9.890797473E0
2.402463092E1,1.441352692E0,-3.755690002E-1,9.800719299E0,9.913256198E0
2.403466292E1,1.431024170E0,-3.462300110E-1,9.784552917E0,9.894704705E0
2.404469392E1,1.410067749E0,-3.288661194E-1,9.749825134E0,9.856750688E0
2.405472492E1,1.388213196E0,-3.381468201E-1,9.748328247E0,9.852481046E0
2.406475692E1,1.379980316E0,-3.754193115E-1,9.763596497E0,9.867781001E0
2.407478792E1,1.391506348E0,-3.758683777E-1,9.786199493E0,9.891777771E0
2.408481992E1,1.399589539E0,-3.478765869E-1,9.769284668E0,9.875160349E0
2.409485092E1,1.399140472E0,-3.412902832E-1,9.751022644E0,9.856800481E0
2.410488192E1,1.384470978E0,-3.430865479E-1,9.727371826E0,9.831390080E0
2.411491392E1,1.395398254E0,-3.873944092E-1,9.765093384E0,9.871892398E0
2.412494492E1,1.440155182E0,-4.251159668E-1,9.813293152E0,9.927511925E0
2.413497592E1,1.488354950E0,-4.306544495E-1,9.830207977E0,9.951565334E0
2.414500792E1,1.481319580E0,-4.317022705E-1,9.813742218E0,9.934294684E0
2.415503892E1,1.455722809E0,-3.782633972E-1,9.758806458E0,9.874032386E0
2.416507092E1,1.429826660E0,-3.864962769E-1,9.730964355E0,9.843040736E0
2.417510192E1,1.427731018E0,-3.924838257E-1,9.732461243E0,9.844453324E0
2.418513292E1,1.452279968E0,-3.764671326E-1,9.731263733E0,9.846234735E0
2.419516492E1,1.439855804E0,-2.963836670E-1,9.699978790E0,9.810739857E0
2.420519592E1,1.423988800E0,-2.429447937E-1,9.685009918E0,9.792149069E0
2.421522792E1,1.427880707E0,-2.369572449E-1,9.680818634E0,9.788423850E0
2.422525892E1,1.452429657E0,-2.417472839E-1,9.710157623E0,9.821158523E0
2.423528992E1,1.453477478E0,-2.630030823E-1,9.751771088E0,9.863001914E0
2.424532192E1,1.453926544E0,-3.002755737E-1,9.804611206E0,9.916373769E0
2.425535292E1,1.438358917E0,-3.219804382E-1,9.828262024E0,9.938172980E0
2.426538392E1,1.427581329E0,-3.475772095E-1,9.831405487E0,9.940590134E0
2.427541592E1,1.429227905E0,-3.712280273E-1,9.826465759E0,9.936796867E0
2.428544692E1,1.430425415E0,-3.875440979E-1,9.808802490E0,9.920126692E0
2.429547892E1,1.437909851E0,-4.022135925E-1,9.756561127E0,9.870149215E0
2.430550992E1,1.441352692E0,-3.918850708E-1,9.734407196E0,9.848337674E0
2.431554092E1,1.452279968E0,-3.957769775E-1,9.692494354E0,9.808679999E0
2.432557292E1,1.464404755E0,-3.965254211E-1,9.690698090E0,9.808738102E0
2.433560392E1,1.483864288E0,-3.833528137E-1,9.698332214E0,9.818679155E0
2.434563492E1,1.473984833E0,-3.884422302E-1,9.727222137E0,9.845931605E0
2.435566692E1,1.467398529E0,-4.052073669E-1,9.737400970E0,9.855680043E0
2.436569792E1,1.449286194E0,-3.963757324E-1,9.777517548E0,9.892289603E0
2.437572992E1,1.453178101E0,-3.926335144E-1,9.790989532E0,9.906026635E0
2.438576092E1,1.439706116E0,-3.432362366E-1,9.796677704E0,9.907848346E0
2.439579192E1,1.443747711E0,-3.284170532E-1,9.797875214E0,9.909118221E0
2.440582392E1,1.456321564E0,-3.101550293E-1,9.839638367E0,9.951660757E0
2.441585492E1,1.434317322E0,-2.731819153E-1,9.786049805E0,9.894375439E0
2.442588592E1,1.438059540E0,-2.799179077E-1,9.767488403E0,9.876750426E0
2.443591792E1,1.442550201E0,-3.180885315E-1,9.783505096E0,9.894397575E0
2.444594892E1,1.446442108E0,-3.538641357E-1,9.795779572E0,9.908315296E0
2.445598092E1,1.456171875E0,-3.318598938E-1,9.800719299E0,9.913862330E0
2.446601192E1,1.453178101E0,-3.338058472E-1,9.777218170E0,9.890255208E0
2.447604292E1,1.437311096E0,-3.528163147E-1,9.757758636E0,9.869356420E0
2.448607492E1,1.443897400E0,-3.960763550E-1,9.768087158E0,9.882167926E0
2.449610592E1,1.493743744E0,-4.272116089E-1,9.797126770E0,9.919550044E0
2.450613792E1,1.515747986E0,-4.089495850E-1,9.804611206E0,9.929508176E0
2.451616892E1,1.485361176E0,-3.867956543E-1,9.765542450E0,9.885430089E0
2.452619992E1,1.448986816E0,-3.935316467E-1,9.721084900E0,9.836357130E0
2.453623192E1,1.442101135E0,-3.954776001E-1,9.704319763E0,9.818853308E0
2.454626292E1,1.445693665E0,-3.873944092E-1,9.734257507E0,9.848648324E0
2.455629392E1,1.461410980E0,-3.573069763E-1,9.751771088E0,9.867138880E0
2.456632592E1,1.461410980E0,-3.632945251E-1,9.727820892E0,9.843688550E0
2.457635692E1,1.455573120E0,-3.471281433E-1,9.736203461E0,9.850525310E0
2.458638892E1,1.426982574E0,-3.432362366E-1,9.744586029E0,9.854493760E0
2.459641992E1,1.426683197E0,-3.550616455E-1,9.753118286E0,9.863306242E0
2.460645092E1,1.425635376E0,-3.703298950E-1,9.743238831E0,9.853947603E0
2.461648292E1,1.433868256E0,-3.697311401E-1,9.751621399E0,9.863407079E0
2.462651392E1,1.423689423E0,-3.788621521E-1,9.756112061E0,9.866719345E0
2.463654592E1,1.432221680E0,-3.983216858E-1,9.749376068E0,9.862061287E0
2.464657692E1,1.437760162E0,-3.933819580E-1,9.727371826E0,9.840917960E0
2.465660792E1,1.449136505E0,-3.959266663E-1,9.758656769E0,9.873608077E0
2.466663992E1,1.454824677E0,-4.023632813E-1,9.764494629E0,9.880473997E0
2.467667092E1,1.457070007E0,-3.983216858E-1,9.784702606E0,9.900612015E0
2.468670192E1,1.459914093E0,-3.838018799E-1,9.776769104E0,9.892616800E0
2.469673392E1,1.455573120E0,-3.513194275E-1,9.770033112E0,9.884111768E0
2.470676492E1,1.429976349E0,-3.366499329E-1,9.764494629E0,9.874387115E0
2.471679692E1,1.421743469E0,-3.426374817E-1,9.770033112E0,9.878881614E0
2.472682792E1,1.416055298E0,-3.591032410E-1,9.757459259E0,9.866214012E0
2.473685892E1,1.420096893E0,-3.709286499E-1,9.759255524E0,9.869008645E0
2.474689092E1,1.433269501E0,-3.604504395E-1,9.754465485E0,9.865788507E0
2.475692192E1,1.447040863E0,-3.568579102E-1,9.760003967E0,9.873142978E0
2.476695300E1,1.434167633E0,-3.724255371E-1,9.733808441E0,9.845941517E0
2.477698500E1,1.457369385E0,-3.906875610E-1,9.767189026E0,9.883043244E0
2.478701600E1,1.454824677E0,-3.647914124E-1,9.770781555E0,9.885229376E0
2.479704800E1,1.474433899E0,-3.655398560E-1,9.770931244E0,9.888309870E0
2.480707900E1,1.481169891E0,-3.588038635E-1,9.746382294E0,9.864814863E0
2.481711000E1,1.464554443E0,-3.552113342E-1,9.721833344E0,9.837943808E0
2.482714200E1,1.425335999E0,-3.697311401E-1,9.726922760E0,9.837749245E0
2.483717300E1,1.419348450E0,-3.927832031E-1,9.739945679E0,9.850653303E0
2.484720500E1,1.435365143E0,-4.263134766E-1,9.771230621E0,9.885290291E0
2.485723600E1,1.437011719E0,-3.978726196E-1,9.770182800E0,9.883308012E0
2.486726700E1,1.414109344E0,-3.697311401E-1,9.733509064E0,9.842642178E0
2.487729900E1,1.413510590E0,-3.823049927E-1,9.732311554E0,9.841852340E0
2.488733000E1,1.415157166E0,-4.221221924E-1,9.771380310E0,9.882344363E0
2.489736100E1,1.449286194E0,-4.532574463E-1,9.799671478E0,9.916624116E0
2.490739300E1,1.492546234E0,-4.441264343E-1,9.802365875E0,9.925286862E0
2.491742400E1,1.487307129E0,-4.537065125E-1,9.795031128E0,9.917689594E0
2.492745600E1,1.430425415E0,-4.191284180E-1,9.770033112E0,9.883083147E0
2.493748700E1,1.421144714E0,-4.019142151E-1,9.733958130E0,9.845360746E0
2.494751800E1,1.428329773E0,-4.114942932E-1,9.721533966E0,9.834514535E0
2.495755000E1,1.423689423E0,-3.851490784E-1,9.721983032E0,9.833218469E0
2.496758100E1,1.411864014E0,-3.270698547E-1,9.716893616E0,9.824375615E0
2.497761200E1,1.413959656E0,-2.767744446E-1,9.715247040E0,9.821502484E0
2.498764400E1,1.428928528E0,-2.674937439E-1,9.709558868E0,9.817786057E0
2.499767500E1,1.447639618E0,-2.859054565E-1,9.730964355E0,9.842208577E0
2.500770700E1,1.456920319E0,-3.091072083E-1,9.758357391E0,9.871357711E0
2.501773800E1,1.441053314E0,-3.432362366E-1,9.798773346E0,9.910116289E0
2.502776900E1,1.441352692E0,-3.752696228E-1,9.815388794E0,9.927748085E0
2.503780100E1,1.439556427E0,-4.077520752E-1,9.802515564E0,9.916042348E0
2.504783200E1,1.437909851E0,-4.320016479E-1,9.782157898E0,9.896707700E0
2.505786300E1,1.444047089E0,-4.504133606E-1,9.761800232E0,9.878303901E0
2.506789500E1,1.433568878E0,-4.519102478E-1,9.738598480E0,9.853915108E0
2.507792600E1,1.437760162E0,-4.593946838E-1,9.725874939E0,9.842298567E0
2.508795800E1,1.448687439E0,-4.595443726E-1,9.712702332E0,9.830893291E0
2.509798900E1,1.437760162E0,-4.529580688E-1,9.705517273E0,9.821883263E0
2.510802000E1,1.445543976E0,-4.346960449E-1,9.720186768E0,9.836696032E0
2.511805200E1,1.434467010E0,-4.095483398E-1,9.739047546E0,9.852637848E0
2.512808300E1,1.428629150E0,-4.156855774E-1,9.749376068E0,9.862256814E0
2.513811500E1,1.440604248E0,-3.836521912E-1,9.757459259E0,9.870690999E0
2.514814600E1,1.426084442E0,-3.644920349E-1,9.762997742E0,9.873332577E0
2.515817700E1,1.417552185E0,-3.329077148E-1,9.779164124E0,9.886977936E0
2.516820900E1,1.425785065E0,-3.432362366E-1,9.770781555E0,9.880225016E0
2.517824000E1,1.407223663E0,-3.317102051E-1,9.780062256E0,9.886350582E0
2.518827200E1,1.401086426E0,-3.269201660E-1,9.817035370E0,9.921900192E0
2.519830300E1,1.409918060E0,-3.008743286E-1,9.790690155E0,9.896262325E0
2.520833400E1,1.451381836E0,-3.106040955E-1,9.772278442E0,9.884351779E0
2.521836600E1,1.429377594E0,-3.574566650E-1,9.731263733E0,9.842174019E0
2.522839700E1,1.401984558E0,-3.541635132E-1,9.728419647E0,9.835300775E0
2.523842800E1,1.401834869E0,-3.673361206E-1,9.717791748E0,9.825250800E0
2.524846000E1,1.403182068E0,-3.920347595E-1,9.760153656E0,9.868293194E0
2.525849100E1,1.467398529E0,-4.599934387E-1,9.815089417E0,9.934829272E0
2.526852300E1,1.545236664E0,-4.749623108E-1,9.857151947E0,9.988833268E0
2.527855400E1,1.554068298E0,-4.483177185E-1,9.828262024E0,9.960464420E0
2.528858500E1,1.501826935E0,-4.074526978E-1,9.759854279E0,9.883129939E0
2.529861700E1,1.431024170E0,-3.923341370E-1,9.704319763E0,9.817106413E0
2.530864800E1,1.388362885E0,-3.996688843E-1,9.695338440E0,9.802391248E0
2.531867900E1,1.389111328E0,-3.824546814E-1,9.737101593E0,9.843121928E0
2.532871100E1,1.425485687E0,-3.716770935E-1,9.754016418E0,9.864633272E0
2.533874200E1,1.454974365E0,-3.323089600E-1,9.731413422E0,9.845191051E0
2.534877400E1,1.417252808E0,-3.180885315E-1,9.716444550E0,9.824412477E0
2.535880500E1,1.386865997E0,-3.201841736E-1,9.729916534E0,9.833472986E0
2.536883600E1,1.382824402E0,-3.547622681E-1,9.728569336E0,9.832757544E0
2.537886800E1,1.395847321E0,-3.689826965E-1,9.757758636E0,9.863994707E0
2.538889900E1,1.409618683E0,-3.806584167E-1,9.765841827E0,9.874390728E0
2.539893100E1,1.426982574E0,-3.847000122E-1,9.779613190E0,9.890657587E0
2.540896200E1,1.416654053E0,-3.893403625E-1,9.771230621E0,9.881064845E0
2.541899300E1,1.422641602E0,-3.989204407E-1,9.765243073E0,9.876386936E0
2.542902500E1,1.421893158E0,-4.068539429E-1,9.763746185E0,9.875122777E0
2.543905600E1,1.410816193E0,-4.135899353E-1,9.758357391E0,9.868485088E0
2.544908700E1,1.394051056E0,-4.209246826E-1,9.765093384E0,9.873074735E0
2.545911900E1,1.397044830E0,-4.025129700E-1,9.780211945E0,9.887684088E0
2.546915000E1,1.398841095E0,-3.814068604E-1,9.769134979E0,9.876144280E0
2.547918200E1,1.411115570E0,-3.887416077E-1,9.769134979E0,9.878176220E0
2.548921300E1,1.410067749E0,-3.644920349E-1,9.775870972E0,9.883764402E0
2.549924400E1,1.405277710E0,-3.638932800E-1,9.774374084E0,9.881579454E0
2.550927600E1,1.400337982E0,-3.538641357E-1,9.757159882E0,9.863484944E0
2.551930700E1,1.399290161E0,-3.516188049E-1,9.737550659E0,9.843858064E0
2.552933900E1,1.411115570E0,-3.421884155E-1,9.728569336E0,9.836330687E0
2.553937000E1,1.417701874E0,-3.499722290E-1,9.712402954E0,9.821564555E0
2.554940100E1,1.441652069E0,-3.628454590E-1,9.748777313E0,9.861474363E0
2.555943300E1,1.447190552E0,-3.489244080E-1,9.777068481E0,9.889751100E0
2.556946400E1,1.466949463E0,-3.457809448E-1,9.770781555E0,9.886337916E0
2.557949500E1,1.449136505E0,-3.330574036E-1,9.745035095E0,9.857820898E0
2.558952700E1,1.386566620E0,-3.353027344E-1,9.735305328E0,9.839266474E0
2.559955800E1,1.370998993E0,-3.797602844E-1,9.746831360E0,9.850105465E0
2.560959000E1,1.382225647E0,-4.065545654E-1,9.777816925E0,9.883397097E0
2.561962100E1,1.390009460E0,-3.993695068E-1,9.758357391E0,9.864946086E0
2.562965200E1,1.394799500E0,-3.649411011E-1,9.762099609E0,9.867990496E0
2.563968400E1,1.412612457E0,-3.757186890E-1,9.811197510E0,9.919487641E0
2.564971500E1,1.446442108E0,-4.297563171E-1,9.815388794E0,9.930696977E0
2.565974600E1,1.463207245E0,-4.282594299E-1,9.828411713E0,9.945956886E0
2.566977800E1,1.454674988E0,-4.007167053E-1,9.784702606E0,9.900356473E0
2.567980900E1,1.400487671E0,-3.957769775E-1,9.747879181E0,9.855919727E0
2.568984100E1,1.395398254E0,-4.035607910E-1,9.747579803E0,9.855217381E0
2.569987200E1,1.437909851E0,-4.189787292E-1,9.735155640E0,9.849689500E0
2.570990300E1,1.455722809E0,-4.311035156E-1,9.749076691E0,9.866583778E0
2.571993500E1,1.461261292E0,-4.025129700E-1,9.761201477E0,9.878175719E0
2.572996600E1,1.427281952E0,-3.472778320E-1,9.742490387E0,9.852606488E0
2.573999800E1,1.391805725E0,-2.972817993E-1,9.730215912E0,9.833748082E0
2.575002900E1,1.368454285E0,-2.730322266E-1,9.729916534E0,9.829470458E0
2.576006000E1,1.380429382E0,-2.686912537E-1,9.742789764E0,9.843766183E0
2.577009225E1,1.362616425E0,-2.860551453E-1,9.791139221E0,9.889638938E0
2.578012325E1,1.358125763E0,-2.767744446E-1,9.793234863E0,9.890832056E0
2.579015425E1,1.340612183E0,-2.948867798E-1,9.815089417E0,9.910609441E0
2.580018625E1,1.327589264E0,-3.149450684E-1,9.823921051E0,9.918221033E0
2.581021725E1,1.334924011E0,-3.522175598E-1,9.820627899E0,9.917197773E0
2.582024925E1,1.356179810E0,-3.858975220E-1,9.821975098E0,9.922667756E0
2.583028025E1,1.404529266E0,-3.996688843E-1,9.801168365E0,9.909356135E0
2.584031125E1,1.430126038E0,-4.137396240E-1,9.768985291E0,9.881776893E0
2.585034325E1,1.432820435E0,-4.282594299E-1,9.728569336E0,9.842837084E0
2.586037425E1,1.437909851E0,-4.107458496E-1,9.710307312E0,9.824783203E0
2.587040525E1,1.420995026E0,-3.995191956E-1,9.708960114E0,9.820526917E0
2.588043725E1,1.423839111E0,-4.032614136E-1,9.708061981E0,9.820203919E0
2.589046825E1,1.419198761E0,-4.010160828E-1,9.732161865E0,9.843267425E0
2.590050025E1,1.413360901E0,-3.817062378E-1,9.754016418E0,9.863271515E0
2.591053125E1,1.393901367E0,-3.611988831E-1,9.764794006E0,9.870391463E0
2.592056225E1,1.402283936E0,-3.492237854E-1,9.770631866E0,9.876922828E0
2.593059425E1,1.400038605E0,-3.269201660E-1,9.792037354E0,9.897018764E0
2.594062525E1,1.391057281E0,-3.065625000E-1,9.780062256E0,9.883250409E0
2.595065725E1,1.377285919E0,-2.956352234E-1,9.757459259E0,9.858616935E0
2.596068825E1,1.363664246E0,-2.745291138E-1,9.779014435E0,9.877452593E0
2.597071925E1,1.353186035E0,-2.715353394E-1,9.770033112E0,9.867035567E0
2.598075125E1,1.374142456E0,-2.668949890E-1,9.755213928E0,9.855135677E0
2.599078225E1,1.382525024E0,-2.803669739E-1,9.711804199E0,9.813721103E0
2.600081325E1,1.396146698E0,-2.923420715E-1,9.734856262E0,9.838806632E0
2.601084525E1,1.385069733E0,-3.360511780E-1,9.753717041E0,9.857299056E0
2.602087625E1,1.389410706E0,-3.794609070E-1,9.807305603E0,9.912501999E0
2.603090825E1,1.411414948E0,-3.915856934E-1,9.842332764E0,9.950725890E0
2.604093925E1,1.416204987E0,-4.108955383E-1,9.840985565E0,9.950852657E0
2.605097025E1,1.451830902E0,-4.152365112E-1,9.820627899E0,9.936043813E0
2.606100225E1,1.444346466E0,-3.959266663E-1,9.776769104E0,9.890809307E0
2.607103325E1,1.425036621E0,-3.665876770E-1,9.755662994E0,9.866006100E0
2.608106525E1,1.391057281E0,-3.555107117E-1,9.745783539E0,9.850975841E0
2.609109625E1,1.390159149E0,-3.444337463E-1,9.753567352E0,9.858156682E0
2.610112725E1,1.390757904E0,-3.207829285E-1,9.758956146E0,9.862775182E0
2.611115925E1,1.404080200E0,-3.233276367E-1,9.754914551E0,9.860747429E0
2.612119025E1,1.406026154E0,-3.221301270E-1,9.767937469E0,9.873868531E0
2.613122125E1,1.403182068E0,-3.290158081E-1,9.783804474E0,9.889388318E0
2.614125325E1,1.412762146E0,-3.382965088E-1,9.779912567E0,9.887215545E0
2.615128425E1,1.392105103E0,-3.385958862E-1,9.771080933E0,9.875557016E0
2.616131625E1,1.376088409E0,-3.206332397E-1,9.739496613E0,9.841454123E0
2.617134725E1,1.372944946E0,-3.321592712E-1,9.751621399E0,9.853396750E0
2.618137825E1,1.386267242E0,-3.394940186E-1,9.753866730E0,9.857733474E0
2.619141025E1,1.402433624E0,-3.212319946E-1,9.767189026E0,9.872587884E0
2.620144125E1,1.401535492E0,-3.420387268E-1,9.774673462E0,9.880563421E0
2.621147325E1,1.405128021E0,-3.451821899E-1,9.772727509E0,9.879257991E0
2.622150425E1,1.398990784E0,-3.567082214E-1,9.770332489E0,9.876427133E0
2.623153525E1,1.390458527E0,-3.507206726E-1,9.772128754E0,9.876784916E0
2.624156725E1,1.397643585E0,-3.558100891E-1,9.783056030E0,9.888791317E0
2.625159825E1,1.389710083E0,-3.523672485E-1,9.765991516E0,9.870665990E0
2.626162925E1,1.381926270E0,-3.388952637E-1,9.782008209E0,9.884950927E0
2.627166125E1,1.376387787E0,-3.338058472E-1,9.773326263E0,9.875412697E0
2.628169225E1,1.366358643E0,-3.294648743E-1,9.777068481E0,9.877578202E0
2.629172425E1,1.374741211E0,-3.318598938E-1,9.764494629E0,9.866377235E0
2.630175525E1,1.374741211E0,-3.517684937E-1,9.768835602E0,9.871362798E0
2.631178625E1,1.382974091E0,-3.508703613E-1,9.758207703E0,9.861964556E0
2.632181825E1,1.401385803E0,-3.403921509E-1,9.759854279E0,9.865825081E0
2.633184925E1,1.409169617E0,-3.297642517E-1,9.765093384E0,9.871755278E0
2.634188125E1,1.399589539E0,-3.360511780E-1,9.767638092E0,9.873121855E0
2.635191225E1,1.405577087E0,-3.314108276E-1,9.766590271E0,9.872779021E0
2.636194325E1,1.402283936E0,-3.338058472E-1,9.769733734E0,9.875501193E0
2.637197525E1,1.394649811E0,-3.324586487E-1,9.750274200E0,9.855121706E0
2.638200625E1,1.378184052E0,-3.429368591E-1,9.738748169E0,9.841758627E0
2.639203725E1,1.382375336E0,-3.314108276E-1,9.778265991E0,9.881056649E0
2.640206925E1,1.396745453E0,-3.269201660E-1,9.811197510E0,9.915511647E0
2.641210025E1,1.416354675E0,-3.022215271E-1,9.780511322E0,9.887153288E0
2.642213225E1,1.404678955E0,-2.785707092E-1,9.742490387E0,9.847174394E0
2.643216325E1,1.365460510E0,-2.748284912E-1,9.718839569E0,9.818139115E0
2.644219425E1,1.356479187E0,-2.981799316E-1,9.748178558E0,9.846620347E0
2.645222625E1,1.353335724E0,-3.165916443E-1,9.780960388E0,9.879217275E0
2.646225725E1,1.347497864E0,-3.164419556E-1,9.722432098E0,9.820466991E0
2.647228925E1,1.337169342E0,-2.938389587E-1,9.722581787E0,9.818500893E0
2.648232025E1,1.336271210E0,-3.375480652E-1,9.818232880E0,9.914497280E0
2.649235125E1,1.393601990E0,-3.656895447E-1,9.847422180E0,9.952265016E0
2.650238325E1,1.413360901E0,-3.577560425E-1,9.854607239E0,9.961870419E0
2.651241425E1,1.420246582E0,-3.412902832E-1,9.783804474E0,9.892239857E0
2.652244525E1,1.384171600E0,-3.125500488E-1,9.727521515E0,9.830477780E0
2.653247725E1,1.387015686E0,-3.448828125E-1,9.721683655E0,9.826183885E0
2.654250825E1,1.435963898E0,-3.947291565E-1,9.747729492E0,9.860833315E0
2.655254025E1,1.476529541E0,-4.285588074E-1,9.797126770E0,9.917030558E0
2.656257125E1,1.504820709E0,-4.080514526E-1,9.792336731E0,9.915687067E0
2.657260225E1,1.483415222E0,-3.505709839E-1,9.755363617E0,9.873729793E0
2.658263425E1,1.428928528E0,-3.152444458E-1,9.714797974E0,9.824383719E0
2.659266525E1,1.398990784E0,-3.140469360E-1,9.712253265E0,9.817518229E0
2.660269725E1,1.402134247E0,-2.947370911E-1,9.746382294E0,9.851132839E0
2.661272825E1,1.416204987E0,-2.628533936E-1,9.755662994E0,9.861424285E0
2.662275925E1,1.405876465E0,-2.511776733E-1,9.788145447E0,9.891782961E0
2.663279125E1,1.375489655E0,-2.621049500E-1,9.812395020E0,9.911799373E0
2.664282225E1,1.365011444E0,-2.504292297E-1,9.803862762E0,9.901600684E0
2.665285325E1,1.340312805E0,-2.695893860E-1,9.799521790E0,9.894429956E0
2.666288525E1,1.356030121E0,-2.981799316E-1,9.797276459E0,9.895168264E0
2.667291625E1,1.384321289E0,-3.350033569E-1,9.787846069E0,9.890930359E0
2.668294825E1,1.385668488E0,-3.806584167E-1,9.766440582E0,9.871592558E0
2.669297925E1,1.422940979E0,-3.829037476E-1,9.750274200E0,9.860995046E0
2.670301025E1,1.417552185E0,-3.962260437E-1,9.734706573E0,9.845352271E0
2.671304225E1,1.422042847E0,-4.068539429E-1,9.733658752E0,9.845397336E0
2.672307325E1,1.451082458E0,-4.128414917E-1,9.741292877E0,9.857426912E0
2.673310525E1,1.457369385E0,-4.067042542E-1,9.757608948E0,9.874222311E0
2.674313625E1,1.461410980E0,-3.867956543E-1,9.767189026E0,9.883486955E0
2.675316725E1,1.468895416E0,-3.782633972E-1,9.787397003E0,9.904235308E0
2.676319925E1,1.453776855E0,-3.258723450E-1,9.797575836E0,9.910204448E0
2.677323013E1,1.440454559E0,-3.082090759E-1,9.791438599E0,9.901624715E0
2.678326113E1,1.425485687E0,-2.758763123E-1,9.777517548E0,9.884734017E0
2.679329312E1,1.404379578E0,-2.501298523E-1,9.727072449E0,9.831113129E0
2.680332413E1,1.387464752E0,-2.303709412E-1,9.754016418E0,9.854895509E0
2.681335613E1,1.364263000E0,-2.320175171E-1,9.732760620E0,9.830649773E0
2.682338713E1,1.365011444E0,-2.445913696E-1,9.720186768E0,9.818610491E0
2.683341812E1,1.391356659E0,-2.968327332E-1,9.748328247E0,9.851593101E0
2.684345013E1,1.423539734E0,-3.758683777E-1,9.780960388E0,9.891154054E0
2.685348113E1,1.438059540E0,-3.839515686E-1,9.801767120E0,9.914134996E0
2.686351312E1,1.427281952E0,-4.098477173E-1,9.815837860E0,9.927526470E0
2.687354413E1,1.406325531E0,-4.111949158E-1,9.823322296E0,9.931993440E0
2.688357513E1,1.403182068E0,-4.210743713E-1,9.818232880E0,9.926929053E0
2.689360713E1,1.417402496E0,-4.120930481E-1,9.800120544E0,9.910661593E0
2.690363812E1,1.434766388E0,-3.677851868E-1,9.759854279E0,9.871604534E0
2.691366913E1,1.444196777E0,-3.417393494E-1,9.712103577E0,9.824838217E0
2.692370113E1,1.420246582E0,-3.206332397E-1,9.702224121E0,9.810864331E0
2.693373213E1,1.429527283E0,-3.233276367E-1,9.727072449E0,9.836870815E0
2.694376412E1,1.427132263E0,-3.062631226E-1,9.753417664E0,9.862031217E0
2.695379513E1,1.436562653E0,-3.288661194E-1,9.785600739E0,9.895951040E0
2.696382613E1,1.448238373E0,-3.427871704E-1,9.814939728E0,9.927131473E0
2.697385813E1,1.432071991E0,-3.379971313E-1,9.800569611E0,9.910410533E0
2.698388912E1,1.437011719E0,-3.472778320E-1,9.803264008E0,9.914110640E0
2.699392113E1,1.401385803E0,-3.528163147E-1,9.773176575E0,9.879440363E0
2.700395213E1,1.384021912E0,-3.490740967E-1,9.748927002E0,9.852864917E0
2.701398313E1,1.387315063E0,-3.785627747E-1,9.728269958E0,9.833981353E0
2.702401513E1,1.387315063E0,-3.712280273E-1,9.737700348E0,9.843031108E0
2.703404613E1,1.395847321E0,-3.848497009E-1,9.725874939E0,9.833063732E0
2.704407713E1,1.389710083E0,-3.724255371E-1,9.771380310E0,9.876733674E0
2.705410912E1,1.407223663E0,-3.695814514E-1,9.782457275E0,9.890062651E0
2.706414013E1,1.432071991E0,-3.637435913E-1,9.774972839E0,9.886012017E0
2.707417213E1,1.410367126E0,-3.496728516E-1,9.775721283E0,9.883123653E0
2.708420313E1,1.401984558E0,-3.501219177E-1,9.770482178E0,9.876764047E0
2.709423412E1,1.379980316E0,-3.520678711E-1,9.768685913E0,9.871956337E0
2.710426613E1,1.378184052E0,-3.547622681E-1,9.775721283E0,9.878763797E0
2.711429713E1,1.375489655E0,-3.616479492E-1,9.761351166E0,9.864417753E0
2.712432913E1,1.375789032E0,-3.643423462E-1,9.769883423E0,9.873001717E0
2.713436012E1,1.392853546E0,-3.685336304E-1,9.772428131E0,9.878067099E0
2.714439113E1,1.398541718E0,-3.644920349E-1,9.779313812E0,9.885532460E0
2.715442313E1,1.434017944E0,-3.625460815E-1,9.775571594E0,9.886842121E0
2.716445413E1,1.430126038E0,-3.634442139E-1,9.782606964E0,9.893267973E0
2.717448512E1,1.448238373E0,-3.565585327E-1,9.791438599E0,9.904382777E0
2.718451713E1,1.441652069E0,-3.510200500E-1,9.785001984E0,9.896860087E0
2.719454813E1,1.438209229E0,-3.544628906E-1,9.755213928E0,9.867030380E0
2.720458012E1,1.435664520E0,-3.725752258E-1,9.732910309E0,9.845277446E0
2.721461113E1,1.415755920E0,-3.662882996E-1,9.732461243E0,9.841713966E0
2.722464213E1,1.413211212E0,-3.635939026E-1,9.720037079E0,9.828961658E0
2.723467413E1,1.402882690E0,-3.592529297E-1,9.733808441E0,9.840943516E0
2.724470512E1,1.413660278E0,-3.607498169E-1,9.758806458E0,9.867263009E0
2.725473713E1,1.436113586E0,-3.606001282E-1,9.795629883E0,9.906907665E0
2.726476813E1,1.430275726E0,-3.594026184E-1,9.798024902E0,9.908387905E0
2.727479913E1,1.428479462E0,-3.369493103E-1,9.772727509E0,9.882322165E0
2.728483112E1,1.395098877E0,-3.242257690E-1,9.748328247E0,9.852985681E0
2.729486213E1,1.365161133E0,-3.333567810E-1,9.742939453E0,9.843762535E0
2.730489313E1,1.359622650E0,-3.704795837E-1,9.761351166E0,9.862545587E0
2.731492513E1,1.358275452E0,-3.885919189E-1,9.764045563E0,9.865723574E0
2.732495612E1,1.356479187E0,-3.710783386E-1,9.725874939E0,9.827022858E0
2.733498813E1,1.364861755E0,-3.658392334E-1,9.753866730E0,9.855688821E0
2.734501913E1,1.388213196E0,-3.929328918E-1,9.815538483E0,9.921004377E0
2.735505013E1,1.432071991E0,-4.188290405E-1,9.808652802E0,9.921487677E0
2.736508213E1,1.461111603E0,-3.776646423E-1,9.813891907E0,9.929247306E0
2.737511313E1,1.426084442E0,-3.776646423E-1,9.764344940E0,9.875159722E0
2.738514513E1,1.415456543E0,-3.974235535E-1,9.743987274E0,9.854275758E0
2.739517612E1,1.432371368E0,-4.246669006E-1,9.738299103E0,9.852233205E0
2.740520713E1,1.448837128E0,-4.517605591E-1,9.762099609E0,9.879362601E0
2.741523913E1,1.476679230E0,-4.450245667E-1,9.775272217E0,9.896189940E0
2.742527013E1,1.470392303E0,-4.010160828E-1,9.772128754E0,9.890266316E0
2.743530112E1,1.425934753E0,-3.472778320E-1,9.745633850E0,9.855519822E0
2.744533313E1,1.411265259E0,-3.028202820E-1,9.696386261E0,9.803227850E0
2.745536413E1,1.397044830E0,-2.811154175E-1,9.700128479E0,9.804246664E0
2.746539613E1,1.406774597E0,-2.845582581E-1,9.741442566E0,9.846608118E0
2.747542712E1,1.397044830E0,-2.647993469E-1,9.777667236E0,9.880517676E0
2.748545813E1,1.403331757E0,-2.670446777E-1,9.803413696E0,9.906945694E0
2.749549013E1,1.392703857E0,-2.938389587E-1,9.812395020E0,9.915092606E0
2.750552113E1,1.369202728E0,-3.041674805E-1,9.801767120E0,9.901609599E0
2.751555313E1,1.367107086E0,-3.239263916E-1,9.815688171E0,9.915727123E0
2.752558413E1,1.384620667E0,-3.770658875E-1,9.804461517E0,9.908926214E0
2.753561513E1,1.419647827E0,-3.992198181E-1,9.783954163E0,9.894469944E0
2.754564712E1,1.437161407E0,-4.156855774E-1,9.754764862E0,9.868822874E0
2.755567813E1,1.449286194E0,-4.288581848E-1,9.725276184E0,9.842019441E0
2.756571013E1,1.445094910E0,-4.278103638E-1,9.712852020E0,9.829080088E0
2.757574113E1,1.453028412E0,-4.369413757E-1,9.729617157E0,9.847215817E0
2.758577212E1,1.449585571E0,-4.275109863E-1,9.738748169E0,9.855317340E0
2.759580413E1,1.451232147E0,-4.150868225E-1,9.752070465E0,9.868193866E0
2.760583513E1,1.448837128E0,-3.947291565E-1,9.770482178E0,9.885204202E0
2.761586613E1,1.432521057E0,-3.516188049E-1,9.787846069E0,9.898367696E0
2.762589812E1,1.409918060E0,-3.216810608E-1,9.800569611E0,9.906690282E0
2.763592913E1,1.398392029E0,-2.871029663E-1,9.792037354E0,9.895550713E0
2.764596113E1,1.408121796E0,-2.730322266E-1,9.754465485E0,9.859358523E0
2.765599213E1,1.387913818E0,-2.649490356E-1,9.785600739E0,9.887086759E0
2.766602312E1,1.367406464E0,-2.595602417E-1,9.766590271E0,9.865265201E0
2.767605513E1,1.361269226E0,-2.700384521E-1,9.747280426E0,9.845580246E0
2.768608613E1,1.383273468E0,-3.025209045E-1,9.724078674E0,9.826630676E0
2.769611812E1,1.412762146E0,-3.207829285E-1,9.744586029E0,9.851687949E0
2.770614913E1,1.416654053E0,-3.541635132E-1,9.767787781E0,9.876336296E0
2.771618013E1,1.418001251E0,-4.135899353E-1,9.795480194E0,9.906221097E0
2.772621213E1,1.442699890E0,-4.454736328E-1,9.819430389E0,9.934839853E0
2.773624312E1,1.460812225E0,-4.619393921E-1,9.810449066E0,9.929364090E0
2.774627413E1,1.473685455E0,-4.614903259E-1,9.782906342E0,9.904038501E0
2.775630613E1,1.454076233E0,-4.147874451E-1,9.753717041E0,9.870227071E0
2.776633713E1,1.438508606E0,-3.743714905E-1,9.719887390E0,9.832887262E0
2.777636954E1,1.428479462E0,-3.513194275E-1,9.717342682E0,9.828058186E0
2.778640054E1,1.424587555E0,-3.314108276E-1,9.710906067E0,9.820436827E0
2.779643154E1,1.419198761E0,-3.152444458E-1,9.724827118E0,9.832892080E0
2.780646354E1,1.428479462E0,-3.143463135E-1,9.761201477E0,9.870178390E0
2.781649454E1,1.419947205E0,-3.100053406E-1,9.793683929E0,9.900939263E0
2.782652654E1,1.431173859E0,-3.023712158E-1,9.788594513E0,9.897285967E0
2.783655754E1,1.396296387E0,-3.171903992E-1,9.812694397E0,9.916613569E0
2.784658854E1,1.389410706E0,-3.478765869E-1,9.806557159E0,9.910602583E0
2.785662054E1,1.384620667E0,-3.661386108E-1,9.770182800E0,9.874598920E0
2.786665154E1,1.381028137E0,-3.582051086E-1,9.756860504E0,9.860622522E0
2.787668354E1,1.390907593E0,-3.553610229E-1,9.750723267E0,9.855836322E0
2.788671454E1,1.414708099E0,-3.652404785E-1,9.735005951E0,9.844040861E0
2.789674554E1,1.406026154E0,-3.725752258E-1,9.729317780E0,9.837446127E0
2.790677754E1,1.407972107E0,-3.730242920E-1,9.736203461E0,9.844551305E0
2.791680854E1,1.428629150E0,-3.689826965E-1,9.741292877E0,9.852406630E0
2.792683954E1,1.416953430E0,-3.707789612E-1,9.745783539E0,9.855228604E0
2.793687154E1,1.390308838E0,-3.688330078E-1,9.780062256E0,9.885272590E0
2.794690254E1,1.400337982E0,-3.685336304E-1,9.803264008E0,9.909629090E0
2.795693454E1,1.403780823E0,-3.692820740E-1,9.820627899E0,9.927320997E0
2.796696554E1,1.409618683E0,-3.478765869E-1,9.807754669E0,9.914640417E0
2.797699654E1,1.413959656E0,-3.441343689E-1,9.793384552E0,9.900913663E0
2.798702854E1,1.412313080E0,-3.378474426E-1,9.787247314E0,9.894391296E0
2.799705954E1,1.411864014E0,-3.588038635E-1,9.775122528E0,9.883072429E0
2.800709154E1,1.425635376E0,-3.492237854E-1,9.774224396E0,9.883817887E0
2.801712254E1,1.413959656E0,-3.532653809E-1,9.765093384E0,9.873253118E0
2.802715354E1,1.408271484E0,-3.501219177E-1,9.768386536E0,9.875585524E0
2.803718554E1,1.425186310E0,-3.444337463E-1,9.761201477E0,9.870706403E0
2.804721654E1,1.400188293E0,-3.290158081E-1,9.733509064E0,9.839206134E0
2.805724754E1,1.395098877E0,-3.200344849E-1,9.733359375E0,9.838038812E0
2.806727954E1,1.395997009E0,-3.162922668E-1,9.767338715E0,9.871664197E0
2.807731054E1,1.432820435E0,-3.222798157E-1,9.804611206E0,9.913992111E0
2.808734254E1,1.448238373E0,-2.951861572E-1,9.805958405E0,9.916720702E0
2.809737354E1,1.448687439E0,-2.833607483E-1,9.787097626E0,9.897791094E0
2.810740454E1,1.400787048E0,-2.871029663E-1,9.748178558E0,9.852492967E0
2.811743654E1,1.372046814E0,-3.144960022E-1,9.756710815E0,9.857729258E0
2.812746754E1,1.352437592E0,-3.595523071E-1,9.772727509E0,9.872414510E0
2.813749954E1,1.367256775E0,-3.990701294E-1,9.775421906E0,9.878639658E0
2.814753054E1,1.359622650E0,-3.977229309E-1,9.766290894E0,9.868495078E0
2.815756154E1,1.366508331E0,-3.873944092E-1,9.779014435E0,9.881626524E0
2.816759354E1,1.406475220E0,-3.932322693E-1,9.804162140E0,9.912335720E0
2.817762454E1,1.446741486E0,-4.140390015E-1,9.795480194E0,9.910394616E0
2.818765554E1,1.458417206E0,-4.005670166E-1,9.783804474E0,9.900013367E0
2.819768754E1,1.453327789E0,-4.095483398E-1,9.754315796E0,9.870489763E0
2.820771854E1,1.435514832E0,-4.375401306E-1,9.730664978E0,9.845708969E0
2.821775054E1,1.462309113E0,-4.480183411E-1,9.743388519E0,9.862691733E0
2.822778154E1,1.482367401E0,-4.664300537E-1,9.764195251E0,9.887086478E0
2.823781254E1,1.492845612E0,-4.659809875E-1,9.783505096E0,9.907709033E0
2.824784454E1,1.474433899E0,-4.002676392E-1,9.782906342E0,9.901486050E0
2.825787554E1,1.439257050E0,-3.192860413E-1,9.754315796E0,9.865094073E0
2.826790754E1,1.405876465E0,-2.522254944E-1,9.717342682E0,9.821754178E0
2.827793854E1,1.389710083E0,-2.278262329E-1,9.690099335E0,9.791895834E0
2.828796954E1,1.381477203E0,-2.219883728E-1,9.712402954E0,9.812671871E0
2.829800154E1,1.393601990E0,-2.094145203E-1,9.745184784E0,9.846553073E0
2.830803254E1,1.396446075E0,-2.287243652E-1,9.781858521E0,9.883680114E0
2.831806454E1,1.390308838E0,-2.592608643E-1,9.828561401E0,9.929793255E0
2.832809554E1,1.388063507E0,-2.956352234E-1,9.844428406E0,9.946199833E0
2.833812654E1,1.382824402E0,-3.326083374E-1,9.853409729E0,9.955526853E0
2.834815854E1,1.394949188E0,-3.826043701E-1,9.825717316E0,9.931615685E0
2.835818954E1,1.406924286E0,-4.209246826E-1,9.805808716E0,9.915165057E0
2.836822154E1,1.422192535E0,-4.433779907E-1,9.773625641E0,9.886504631E0
2.837825254E1,1.445394287E0,-4.667294312E-1,9.743538208E0,9.861213811E0
2.838828354E1,1.467697906E0,-4.679269409E-1,9.727820892E0,9.849040160E0
2.839831554E1,1.471889191E0,-4.565505981E-1,9.728269958E0,9.849575251E0
2.840834654E1,1.486858063E0,-4.647834778E-1,9.715396729E0,9.839497150E0
2.841837754E1,1.485810242E0,-4.505630493E-1,9.726324005E0,9.849467894E0
2.842840954E1,1.490300903E0,-4.219725037E-1,9.755812683E0,9.878002768E0
2.843844054E1,1.482217712E0,-3.809577942E-1,9.760602722E0,9.879851400E0
2.844847254E1,1.484463043E0,-3.502716064E-1,9.767039337E0,9.885412391E0
2.845850354E1,1.491648102E0,-3.242257690E-1,9.782756653E0,9.901134487E0
2.846853454E1,1.492097168E0,-2.998265076E-1,9.762997742E0,9.880909614E0
2.847856654E1,1.465153198E0,-2.794688416E-1,9.813143463E0,9.925853180E0
2.848859754E1,1.436562653E0,-2.630030823E-1,9.782008209E0,9.890428074E0
2.849862954E1,1.432371368E0,-2.820135498E-1,9.770931244E0,9.879388481E0
2.850866054E1,1.425186310E0,-3.225791931E-1,9.760752411E0,9.869523848E0
2.851869154E1,1.433568878E0,-3.555107117E-1,9.765392761E0,9.876457025E0
2.852872354E1,1.425635376E0,-3.637435913E-1,9.771529999E0,9.881677193E0
2.853875454E1,1.424138489E0,-4.035607910E-1,9.786498871E0,9.897807429E0
2.854878554E1,1.443598022E0,-4.508624268E-1,9.791139221E0,9.907252870E0
2.855881754E1,1.477727051E0,-4.349954224E-1,9.777667236E0,9.898266254E0
2.856884854E1,1.494941254E0,-4.299060059E-1,9.741143188E0,9.864559754E0
2.857888054E1,1.505718842E0,-4.182302856E-1,9.713600464E0,9.838502923E0
2.858891154E1,1.495989075E0,-3.984713745E-1,9.699380035E0,9.822155355E0
2.859894254E1,1.476679230E0,-3.860472107E-1,9.682764587E0,9.802323401E0
2.860897454E1,1.451681213E0,-3.806584167E-1,9.686506805E0,9.802075967E0
2.861900554E1,1.457070007E0,-3.918850708E-1,9.710457001E0,9.826983366E0
2.862903754E1,1.441352692E0,-3.872447205E-1,9.742191010E0,9.855848098E0
2.863906854E1,1.434916077E0,-3.852987671E-1,9.770931244E0,9.883245249E0
2.864909954E1,1.439855804E0,-3.894900513E-1,9.788145447E0,9.901145314E0
2.865913154E1,1.441801758E0,-3.954776001E-1,9.799072723E0,9.912467961E0
2.866916254E1,1.439107361E0,-3.899391174E-1,9.818981323E0,9.931539495E0
2.867919454E1,1.428030396E0,-3.956272888E-1,9.783954163E0,9.895531861E0
2.868922554E1,1.417402496E0,-3.844006348E-1,9.758058014E0,9.867952670E0
2.869925654E1,1.426683197E0,-3.677851868E-1,9.740544434E0,9.851339845E0
2.870928854E1,1.434766388E0,-3.582051086E-1,9.708211670E0,9.820195483E0
2.871931954E1,1.434766388E0,-3.549119568E-1,9.705217896E0,9.817116251E0
2.872935054E1,1.442101135E0,-3.448828125E-1,9.726324005E0,9.838698008E0
2.873938254E1,1.446891174E0,-3.721261597E-1,9.740694122E0,9.854597604E0
2.874941354E1,1.415456543E0,-3.797602844E-1,9.764644318E0,9.874006975E0
2.875944554E1,1.428030396E0,-3.724255371E-1,9.770182800E0,9.881014297E0
2.876947592E1,1.427431641E0,-3.701802063E-1,9.779014435E0,9.889576219E0
2.877950692E1,1.440304871E0,-3.809577942E-1,9.784103851E0,9.896883102E0
2.878953892E1,1.465003510E0,-3.847000122E-1,9.790690155E0,9.907161203E0
2.879956992E1,1.471589813E0,-3.899391174E-1,9.787995758E0,9.905679687E0
2.880960192E1,1.467548218E0,-3.656895447E-1,9.775272217E0,9.891580942E0
2.881963292E1,1.456620941E0,-3.716770935E-1,9.745334473E0,9.860600003E0
2.882966392E1,1.449884949E0,-3.646417236E-1,9.730964355E0,9.845140793E0
2.883969592E1,1.471440125E0,-3.731739807E-1,9.740993500E0,9.858567301E0
2.884972692E1,1.474433899E0,-3.971241760E-1,9.751322021E0,9.870154209E0
2.885975892E1,1.492396545E0,-3.854484558E-1,9.749675446E0,9.870764370E0
2.886978992E1,1.498833160E0,-3.767665100E-1,9.743089142E0,9.864899385E0
2.887982092E1,1.486109619E0,-3.826043701E-1,9.742340698E0,9.862459642E0
2.888985292E1,1.479822693E0,-3.852987671E-1,9.723928986E0,9.843430564E0
2.889988392E1,1.479074249E0,-3.947291565E-1,9.746681671E0,9.866168220E0
2.890991592E1,1.464404755E0,-4.147874451E-1,9.770482178E0,9.888318962E0
2.891994692E1,1.473386078E0,-4.215234375E-1,9.782008209E0,9.901324818E0
2.892997792E1,1.449735260E0,-3.971241760E-1,9.766590271E0,9.881585169E0
2.894000992E1,1.438358917E0,-3.700305176E-1,9.716294861E0,9.829149749E0
2.895004092E1,1.422042847E0,-3.661386108E-1,9.712103577E0,9.822485389E0
2.896007192E1,1.433868256E0,-4.261637878E-1,9.770931244E0,9.884770666E0
2.897010392E1,1.487157440E0,-4.617897034E-1,9.815987549E0,9.938737271E0
2.898013492E1,1.543739777E0,-4.647834778E-1,9.797126770E0,9.928889622E0
2.899016692E1,1.508113861E0,-4.487667847E-1,9.778265991E0,9.904053960E0
2.900019792E1,1.447789307E0,-3.957769775E-1,9.732461243E0,9.847514160E0
2.901022892E1,1.438358917E0,-4.192781067E-1,9.720635834E0,9.835417201E0
2.902026092E1,1.451232147E0,-4.240681458E-1,9.720336456E0,9.837217562E0
2.903029192E1,1.441502380E0,-3.951782227E-1,9.729766846E0,9.843904602E0
2.904032392E1,1.445394287E0,-3.619473267E-1,9.742939453E0,9.856218327E0
2.905035492E1,1.463506622E0,-3.077600098E-1,9.746981049E0,9.861044946E0
2.906038592E1,1.510658569E0,-3.028202820E-1,9.730066223E0,9.851293222E0
2.907041792E1,1.505419464E0,-2.941383362E-1,9.740394745E0,9.860430767E0
2.908044892E1,1.489851837E0,-3.026705933E-1,9.757159882E0,9.874889212E0
2.909048092E1,1.453178101E0,-3.296145630E-1,9.792037354E0,9.904764908E0
2.910051192E1,1.426234131E0,-3.608995056E-1,9.785600739E0,9.895573458E0
2.911054292E1,1.436113586E0,-3.835025024E-1,9.793683929E0,9.905843796E0
2.912057492E1,1.447340240E0,-4.210743713E-1,9.797276459E0,9.912553829E0
2.913060592E1,1.452878723E0,-4.400848389E-1,9.793833618E0,9.910787466E0
2.914063692E1,1.486708374E0,-4.457730103E-1,9.773176575E0,9.895655397E0
2.915066892E1,1.508413239E0,-4.490661621E-1,9.735155640E0,9.861552933E0
2.916069992E1,1.503174133E0,-4.418811035E-1,9.732461243E0,9.857768167E0
2.917073192E1,1.476230164E0,-4.525090027E-1,9.735305328E0,9.856986848E0
2.918076292E1,1.474733276E0,-4.546046448E-1,9.707163849E0,9.829065755E0
2.919079392E1,1.465901642E0,-4.516108704E-1,9.710457001E0,9.830859330E0
2.920082592E1,1.473386078E0,-4.689747620E-1,9.720935211E0,9.843138993E0
2.921085692E1,1.481918335E0,-4.489164734E-1,9.751621399E0,9.873789944E0
2.922088892E1,1.491797791E0,-4.288581848E-1,9.767638092E0,9.890203936E0
2.923091992E1,1.483714600E0,-4.146377563E-1,9.764794006E0,9.885572086E0
2.924095092E1,1.485061798E0,-3.760180664E-1,9.812095642E0,9.930962643E0
2.925098292E1,1.462009735E0,-3.439846802E-1,9.778715057E0,9.893384967E0
2.926101392E1,1.467847595E0,-3.546125793E-1,9.766141205E0,9.882198170E0
2.927104592E1,1.464853821E0,-3.863465881E-1,9.743837585E0,9.860904182E0
2.928107692E1,1.457519073E0,-3.893403625E-1,9.739945679E0,9.856088960E0
2.929110792E1,1.453926544E0,-3.668870544E-1,9.762398987E0,9.876889312E0
2.930113992E1,1.464255066E0,-3.638932800E-1,9.767488403E0,9.883333999E0
2.931117092E1,1.488654327E0,-3.808081055E-1,9.768087158E0,9.888206776E0
2.932120192E1,1.507515106E0,-4.285588074E-1,9.801168365E0,9.925682131E0
2.933123392E1,1.554367676E0,-4.466711426E-1,9.807904358E0,9.940350189E0
2.934126492E1,1.550326080E0,-4.105961609E-1,9.769134979E0,9.899903959E0
2.935129692E1,1.494492188E0,-4.198768616E-1,9.733059998E0,9.856077333E0
2.936132792E1,1.453627167E0,-4.228706360E-1,9.697134705E0,9.814594897E0
2.937135892E1,1.437011719E0,-4.128414917E-1,9.705666962E0,9.820153357E0
2.938139092E1,1.466799774E0,-4.155358887E-1,9.755812683E0,9.874211501E0
2.939142192E1,1.495540009E0,-3.924838257E-1,9.740095367E0,9.862055629E0
2.940145392E1,1.498384094E0,-3.903881836E-1,9.715097351E0,9.837716929E0
2.941148492E1,1.469194794E0,-3.962260437E-1,9.730365601E0,9.848631536E0
2.942151592E1,1.444795532E0,-4.093986511E-1,9.736203461E0,9.851329820E0
2.943154792E1,1.429826660E0,-4.385879517E-1,9.759554901E0,9.873483455E0
2.944157892E1,1.432970123E0,-4.535568237E-1,9.767638092E0,9.882604468E0
2.945161092E1,1.441502380E0,-4.596940613E-1,9.769284668E0,9.885755948E0
2.946164192E1,1.450633392E0,-4.508624268E-1,9.776918793E0,9.894228381E0
2.947167292E1,1.443448334E0,-4.402345276E-1,9.742041321E0,9.858231009E0
2.948170492E1,1.449286194E0,-4.525090027E-1,9.734856262E0,9.852543901E0
2.949173592E1,1.439406738E0,-4.453239441E-1,9.746382294E0,9.862158637E0
2.950176692E1,1.469344482E0,-4.294569397E-1,9.752818909E0,9.872227871E0
2.951179892E1,1.475182343E0,-4.031117249E-1,9.763147430E0,9.882191546E0
2.952182992E1,1.480271759E0,-3.902384949E-1,9.755064240E0,9.874450308E0
2.953186192E1,1.497036896E0,-3.866459656E-1,9.744586029E0,9.866487290E0
2.954189292E1,1.488055573E0,-3.700305176E-1,9.754465485E0,9.874250800E0
2.955192392E1,1.479972382E0,-3.722758484E-1,9.752519531E0,9.871197737E0
2.956195592E1,1.467697906E0,-3.686833191E-1,9.757459259E0,9.874111389E0
2.957198692E1,1.454525299E0,-3.899391174E-1,9.761800232E0,9.877268860E0
2.958201892E1,1.473535767E0,-4.087998962E-1,9.784702606E0,9.903475658E0
2.959204992E1,1.487007751E0,-4.101470947E-1,9.788444824E0,9.909241382E0
2.960208092E1,1.504072266E0,-4.076023865E-1,9.772128754E0,9.895598692E0
2.961211292E1,1.496887207E0,-4.086502075E-1,9.739197235E0,9.862029664E0
2.962214392E1,1.480870514E0,-4.143383789E-1,9.719588013E0,9.840479912E0
2.963217592E1,1.463806000E0,-4.275109863E-1,9.691745911E0,9.810985294E0
2.964220692E1,1.443298645E0,-4.682263184E-1,9.711953888E0,9.829770861E0
2.965223792E1,1.432820435E0,-4.917274475E-1,9.740993500E0,9.858079156E0
2.966226992E1,1.452729034E0,-4.854405212E-1,9.737850037E0,9.857575639E0
2.967230092E1,1.425785065E0,-4.492158508E-1,9.709558868E0,9.823960065E0
2.968233292E1,1.419647827E0,-4.670288086E-1,9.688752136E0,9.803337892E0
2.969236392E1,1.431473236E0,-4.767585754E-1,9.740245056E0,9.856408480E0
2.970239492E1,1.457369385E0,-5.119354248E-1,9.757908325E0,9.879411839E0
2.971242692E1,1.507515106E0,-5.222639465E-1,9.771080933E0,9.900473929E0
2.972245792E1,1.536255341E0,-5.168751526E-1,9.777966614E0,9.911401086E0
2.973248892E1,1.488055573E0,-4.884342957E-1,9.765991516E0,9.890776903E0
2.974252092E1,1.461111603E0,-4.375401306E-1,9.747430115E0,9.866036809E0
2.975255192E1,1.461710358E0,-4.429289246E-1,9.730515289E0,9.849655375E0
2.976258392E1,1.460961914E0,-4.210743713E-1,9.737999725E0,9.855980519E0
2.977261550E1,1.461710358E0,-3.784130859E-1,9.738748169E0,9.855100686E0
2.978264650E1,1.470092926E0,-3.135978699E-1,9.767638092E0,9.882624688E0
2.979267850E1,1.475781097E0,-2.868035889E-1,9.740095367E0,9.855437277E0
2.980270950E1,1.480870514E0,-2.954855347E-1,9.715247040E0,9.831902879E0
2.981274150E1,1.467398529E0,-3.276686096E-1,9.744136963E0,9.859453855E0
2.982277250E1,1.442999268E0,-3.721261597E-1,9.767338715E0,9.880365901E0
2.983280350E1,1.438807983E0,-3.914360046E-1,9.774823151E0,9.887899584E0
2.984283550E1,1.435065765E0,-4.068539429E-1,9.775272217E0,9.888422058E0
2.985286650E1,1.431323547E0,-4.396357727E-1,9.776320038E0,9.890318508E0
2.986289850E1,1.437161407E0,-4.562512207E-1,9.772877197E0,9.888514894E0
2.987292950E1,1.445693665E0,-4.776567078E-1,9.751920776E0,9.870063066E0
2.988296050E1,1.460512848E0,-4.731660461E-1,9.721533966E0,9.842012322E0
2.989299250E1,1.473386078E0,-4.673281860E-1,9.727521515E0,9.849565320E0
2.990302350E1,1.473535767E0,-4.508624268E-1,9.719737701E0,9.841132332E0
2.991305550E1,1.457818451E0,-4.177812195E-1,9.710756378E0,9.828456909E0
2.992308650E1,1.447489929E0,-4.189787292E-1,9.698781281E0,9.815147915E0
2.993311750E1,1.454076233E0,-4.135899353E-1,9.721384277E0,9.838226801E0
2.994314950E1,1.437760162E0,-4.082011414E-1,9.736652527E0,9.850694640E0
2.995318050E1,1.426982574E0,-3.855981445E-1,9.740694122E0,9.852212299E0
2.996321150E1,1.429976349E0,-3.817062378E-1,9.759255524E0,9.870845981E0
2.997324350E1,1.444496155E0,-3.698808289E-1,9.768985291E0,9.882128039E0
2.998327450E1,1.446292419E0,-3.677851868E-1,9.750274200E0,9.863816436E0
2.999330650E1,1.442400513E0,-3.534150696E-1,9.788295135E0,9.900310253E0
3.000333750E1,1.420545959E0,-3.391946411E-1,9.782606964E0,9.891026380E0
3.001336850E1,1.431622925E0,-3.252735901E-1,9.767338715E0,9.877056883E0
3.002340050E1,1.459914093E0,-3.511697388E-1,9.735904083E0,9.851015057E0
3.003343150E1,1.451082458E0,-3.701802063E-1,9.687105560E0,9.802177708E0
3.004346350E1,1.410816193E0,-3.689826965E-1,9.700577545E0,9.809574673E0
3.005349450E1,1.392105103E0,-4.161346436E-1,9.751322021E0,9.858975901E0
3.006352550E1,1.427731018E0,-4.629872131E-1,9.794582062E0,9.908915722E0
3.007355750E1,1.481469269E0,-4.634362793E-1,9.839338989E0,9.961029873E0
3.008358850E1,1.530118103E0,-4.448748779E-1,9.843530273E0,9.971673045E0
3.009362050E1,1.525328064E0,-4.294569397E-1,9.830058289E0,9.956962635E0
3.010365150E1,1.493294678E0,-4.010160828E-1,9.737400970E0,9.859397576E0
3.011368250E1,1.424138489E0,-3.617976379E-1,9.675878906E0,9.786812585E0
3.012371450E1,1.361568604E0,-3.531156921E-1,9.679022369E0,9.780696999E0
3.013374550E1,1.367256775E0,-3.546125793E-1,9.735305328E0,9.837241026E0
3.014377750E1,1.394500122E0,-3.649411011E-1,9.775870972E0,9.881572033E0
3.015380850E1,1.438059540E0,-3.683839417E-1,9.768835602E0,9.880985325E0
3.016383950E1,1.441352692E0,-3.477268982E-1,9.771080933E0,9.882936515E0
3.017387150E1,1.402882690E0,-3.549119568E-1,9.804910583E0,9.911120718E0
3.018390250E1,1.402283936E0,-3.842509460E-1,9.783355408E0,9.890808463E0
3.019393350E1,1.391057281E0,-3.986210632E-1,9.776320038E0,9.882832215E0
3.020396550E1,1.400038605E0,-3.945794678E-1,9.765542450E0,9.873278098E0
3.021399650E1,1.430724792E0,-4.107458496E-1,9.757608948E0,9.870492286E0
3.022402850E1,1.429527283E0,-4.071533203E-1,9.773925018E0,9.886300235E0
3.023405950E1,1.452878723E0,-4.052073669E-1,9.757459259E0,9.873351041E0
3.024409050E1,1.440304871E0,-4.126918030E-1,9.759255524E0,9.873594129E0
3.025412250E1,1.438209229E0,-4.129911804E-1,9.756860504E0,9.870933816E0
3.026415350E1,1.422192535E0,-3.971241760E-1,9.759554901E0,9.870625668E0
3.027418550E1,1.424886932E0,-3.766168213E-1,9.746531982E0,9.857333751E0
3.028421650E1,1.411714325E0,-3.730242920E-1,9.763895874E0,9.872474214E0
3.029424750E1,1.411564636E0,-3.529660034E-1,9.746382294E0,9.854393311E0
3.030427950E1,1.407223663E0,-3.499722290E-1,9.741741943E0,9.849075850E0
3.031431050E1,1.405876465E0,-3.390449524E-1,9.765692139E0,9.872192414E0
3.032434250E1,1.415456543E0,-3.586541748E-1,9.744735718E0,9.853528518E0
3.033437350E1,1.417402496E0,-3.606001282E-1,9.746681671E0,9.855803665E0
3.034440450E1,1.416504364E0,-3.646417236E-1,9.759704590E0,9.868702138E0
3.035443650E1,1.429377594E0,-3.716770935E-1,9.746082916E0,9.857352402E0
3.036446750E1,1.435215454E0,-3.845503235E-1,9.788744202E0,9.900870436E0
3.037449950E1,1.470541992E0,-3.999682617E-1,9.802814941E0,9.920566977E0
3.038453050E1,1.474284210E0,-3.779640198E-1,9.780211945E0,9.897924854E0
3.039456150E1,1.445394287E0,-3.543132019E-1,9.750573578E0,9.863487598E0
3.040459350E1,1.418001251E0,-3.474275208E-1,9.730365601E0,9.839280876E0
3.041462450E1,1.400637360E0,-3.712280273E-1,9.736652527E0,9.843881231E0
3.042465550E1,1.388362885E0,-3.882925415E-1,9.763297119E0,9.869158689E0
3.043468750E1,1.390159149E0,-3.706292725E-1,9.744136963E0,9.849777341E0
3.044471850E1,1.367705841E0,-3.505709839E-1,9.692644043E0,9.794940930E0
3.045475050E1,1.351240082E0,-3.579057312E-1,9.768985291E0,9.868486200E0
3.046478150E1,1.387913818E0,-3.903881836E-1,9.820029144E0,9.925305038E0
3.047481250E1,1.436712341E0,-4.062551880E-1,9.883497162E0,9.995634136E0
3.048484450E1,1.428030396E0,-3.824546814E-1,9.870324554E0,9.980423298E0
3.049487550E1,1.403032379E0,-3.480262756E-1,9.766889648E0,9.873284942E0
3.050490750E1,1.366508331E0,-3.622467041E-1,9.718689880E0,9.820972492E0
3.051493850E1,1.365161133E0,-3.914360046E-1,9.713001709E0,9.816276752E0
3.052496950E1,1.432221680E0,-4.405339050E-1,9.759854279E0,9.874213113E0
3.053500150E1,1.481169891E0,-4.698728943E-1,9.795330505E0,9.917819543E0
3.054503250E1,1.490600281E0,-4.227209473E-1,9.798324280E0,9.920067585E0
3.055506450E1,1.456321564E0,-3.638932800E-1,9.766739960E0,9.881421975E0
3.056509550E1,1.435963898E0,-3.182382202E-1,9.734856262E0,9.845338711E0
3.057512650E1,1.398392029E0,-3.116519165E-1,9.730215912E0,9.835127293E0
3.058515850E1,1.404978333E0,-2.995271301E-1,9.739496613E0,9.844870486E0
3.059518950E1,1.414558411E0,-2.844085693E-1,9.777667236E0,9.883554033E0
3.060522050E1,1.397793274E0,-2.511776733E-1,9.784403229E0,9.886933944E0
3.061525250E1,1.389859772E0,-2.441423035E-1,9.788145447E0,9.889343099E0
3.062528350E1,1.383423157E0,-2.607577515E-1,9.800419922E0,9.901014336E0
3.063531550E1,1.392853546E0,-2.767744446E-1,9.793534241E0,9.895956650E0
3.064534650E1,1.387165375E0,-3.134481812E-1,9.768985291E0,9.871957817E0
3.065537750E1,1.396595764E0,-3.415896606E-1,9.759405212E0,9.864742943E0
3.066540950E1,1.397493896E0,-3.635939026E-1,9.744436340E0,9.850849167E0
3.067544050E1,1.392703857E0,-3.932322693E-1,9.754016418E0,9.860785564E0
3.068547250E1,1.403481445E0,-4.194277954E-1,9.768536224E0,9.877751759E0
3.069550350E1,1.402283936E0,-4.327500916E-1,9.761949921E0,9.871643183E0
3.070553450E1,1.400936737E0,-4.231700134E-1,9.758656769E0,9.867779818E0
3.071556650E1,1.420246582E0,-3.903881836E-1,9.759255524E0,9.869780730E0
3.072559750E1,1.428928528E0,-3.734733582E-1,9.771529999E0,9.882515753E0
3.073562950E1,1.432820435E0,-3.424877930E-1,9.769434357E0,9.879884611E0
3.074566050E1,1.430275726E0,-3.360511780E-1,9.770332489E0,9.880182994E0
3.075569150E1,1.421444092E0,-3.140469360E-1,9.797126770E0,9.904686857E0
3.076572350E1,1.404080200E0,-2.772235107E-1,9.753417664E0,9.857862355E0
3.077575438E1,1.368304596E0,-2.625540161E-1,9.707014160E0,9.806493562E0
3.078578637E1,1.338516541E0,-2.556683350E-1,9.731263733E0,9.826214259E0
3.079581738E1,1.332379303E0,-2.487826538E-1,9.733359375E0,9.827278979E0
3.080584838E1,1.381926270E0,-2.733316040E-1,9.777966614E0,9.878920056E0
3.081588038E1,1.426084442E0,-3.152444458E-1,9.792785797E0,9.901098402E0
3.082591137E1,1.456171875E0,-3.195854187E-1,9.789342957E0,9.902212222E0
3.083594338E1,1.436862030E0,-3.278182983E-1,9.766440582E0,9.877013667E0
3.084597438E1,1.396895142E0,-3.806584167E-1,9.771979065E0,9.878653335E0
3.085600538E1,1.387614441E0,-3.755690002E-1,9.772428131E0,9.877594722E0
3.086603738E1,1.398242340E0,-3.888912964E-1,9.768386536E0,9.875611049E0
3.087606838E1,1.427731018E0,-3.712280273E-1,9.787397003E0,9.897947575E0
3.088610038E1,1.443148956E0,-3.661386108E-1,9.761351166E0,9.874244932E0
3.089613137E1,1.429377594E0,-3.594026184E-1,9.773026886E0,9.883539096E0
3.090616238E1,1.427132263E0,-3.303630066E-1,9.740544434E0,9.850078785E0
3.091619438E1,1.390159149E0,-3.426374817E-1,9.724228363E0,9.829067105E0
3.092622538E1,1.389111328E0,-3.486250305E-1,9.763746185E0,9.868227260E0
3.093625637E1,1.397344208E0,-3.493734741E-1,9.769434357E0,9.875043307E0
3.094628838E1,1.403930511E0,-3.655398560E-1,9.785001984E0,9.891961589E0
3.095631938E1,1.419498138E0,-3.511697388E-1,9.791139221E0,9.899732441E0
3.096635138E1,1.439855804E0,-3.570075989E-1,9.767039337E0,9.879053425E0
3.097638237E1,1.402882690E0,-3.472778320E-1,9.719737701E0,9.826595683E0
3.098641338E1,1.383273468E0,-3.616479492E-1,9.688452759E0,9.793383051E0
3.099644538E1,1.372944946E0,-3.673361206E-1,9.698481903E0,9.802064317E0
3.100647638E1,1.377136230E0,-3.869453430E-1,9.729317780E0,9.833913532E0
3.101650838E1,1.395398254E0,-3.879931641E-1,9.755363617E0,9.862291533E0
3.102653938E1,1.404529266E0,-3.887416077E-1,9.803563385E0,9.911290407E0
3.103657038E1,1.427880707E0,-3.763174438E-1,9.830657043E0,9.940939394E0
3.104660237E1,1.417252808E0,-3.832031250E-1,9.823621674E0,9.932723340E0
3.105663338E1,1.397194519E0,-3.854484558E-1,9.830058289E0,9.936335793E0
3.106666538E1,1.395997009E0,-3.638932800E-1,9.822124786E0,9.927505290E0
3.107669638E1,1.386117554E0,-3.417393494E-1,9.814490662E0,9.917778713E0
3.108672737E1,1.378333740E0,-3.224295044E-1,9.794582062E0,9.896342883E0
3.109675938E1,1.381626892E0,-2.998265076E-1,9.773026886E0,9.874757887E0
3.110679038E1,1.380728760E0,-2.980302429E-1,9.752968597E0,9.854726297E0
3.111682238E1,1.400188293E0,-2.971321106E-1,9.748777313E0,9.853297613E0
3.112685337E1,1.407073975E0,-3.082090759E-1,9.749076691E0,9.854914831E0
3.113688438E1,1.411714325E0,-3.212319946E-1,9.735604706E0,9.842668658E0
3.114691638E1,1.427880707E0,-3.408412170E-1,9.755962372E0,9.865790280E0
3.115694738E1,1.426683197E0,-3.811074829E-1,9.769733734E0,9.880706710E0
3.116697837E1,1.441652069E0,-4.002676392E-1,9.783654785E0,9.897397427E0
3.117701038E1,1.436412964E0,-4.132905579E-1,9.793983307E0,9.907381102E0
3.118704138E1,1.429676971E0,-4.135899353E-1,9.778715057E0,9.891324535E0
3.119707337E1,1.401535492E0,-4.281097412E-1,9.771230621E0,9.880512514E0
3.120710438E1,1.402433624E0,-4.002676392E-1,9.796078949E0,9.904049527E0
3.121713538E1,1.421444092E0,-4.058061218E-1,9.771979065E0,9.883155203E0
3.122716738E1,1.403780823E0,-3.790118408E-1,9.764195251E0,9.871867072E0
3.123719837E1,1.404529266E0,-3.634442139E-1,9.761650543E0,9.868871034E0
3.124723038E1,1.390608215E0,-3.620970154E-1,9.754315796E0,9.859593405E0
3.125726138E1,1.349743195E0,-3.538641357E-1,9.748028870E0,9.847390180E0
3.126729238E1,1.374741211E0,-3.453318787E-1,9.769733734E0,9.872024349E0
3.127732437E1,1.407373352E0,-3.308120728E-1,9.787696381E0,9.893893916E0
3.128735538E1,1.426383820E0,-2.992277527E-1,9.774823151E0,9.882877904E0
3.129738738E1,1.405277710E0,-2.944377136E-1,9.733509064E0,9.838836197E0
3.130741838E1,1.366358643E0,-3.110531616E-1,9.743089142E0,9.843346790E0
3.131744937E1,1.367107086E0,-3.522175598E-1,9.783954163E0,9.885281890E0
3.132748138E1,1.385518799E0,-3.845503235E-1,9.789642334E0,9.894677272E0
3.133751238E1,1.388063507E0,-3.724255371E-1,9.747280426E0,9.852659376E0
3.134754437E1,1.376687164E0,-3.706292725E-1,9.756710815E0,9.860326543E0
3.135757538E1,1.389710083E0,-4.102967834E-1,9.828262024E0,9.934504113E0
3.136760638E1,1.421294403E0,-4.302053833E-1,9.815688171E0,9.927380759E0
3.137763838E1,1.458417206E0,-4.079017639E-1,9.832453308E0,9.948391963E0
3.138766937E1,1.457968140E0,-3.890409851E-1,9.758507080E0,9.874486539E0
3.139770138E1,1.395547943E0,-3.742218018E-1,9.685159607E0,9.792339487E0
3.140773238E1,1.395248566E0,-4.079017639E-1,9.685159607E0,9.793641765E0
3.141776338E1,1.434467010E0,-4.701722717E-1,9.721084900E0,9.837593669E0
3.142779537E1,1.488953705E0,-5.022056580E-1,9.799970856E0,9.925151003E0
3.143782638E1,1.507365417E0,-4.620890808E-1,9.832602997E0,9.958200566E0
3.144785838E1,1.481169891E0,-4.354444885E-1,9.795779572E0,9.916691664E0
3.145788938E1,1.433718567E0,-3.640429688E-1,9.733059998E0,9.844822656E0
3.146792037E1,1.408570862E0,-3.315605164E-1,9.730365601E0,9.837378664E0
3.147795238E1,1.399739227E0,-2.772235107E-1,9.740394745E0,9.844359429E0
3.148798338E1,1.397643585E0,-2.673440552E-1,9.757459259E0,9.860673995E0
3.149801537E1,1.391805725E0,-2.421963501E-1,9.775421906E0,9.876976039E0
3.150804638E1,1.367855530E0,-2.445913696E-1,9.786947937E0,9.885100081E0
3.151807738E1,1.352437592E0,-2.655477905E-1,9.793983307E0,9.890485938E0
3.152810938E1,1.334175568E0,-3.014730835E-1,9.783205719E0,9.878361433E0
3.153814037E1,1.354832611E0,-3.564088440E-1,9.793683929E0,9.893373721E0
3.154817238E1,1.393302612E0,-3.860472107E-1,9.805659027E0,9.911673601E0
3.155820338E1,1.434167633E0,-4.219725037E-1,9.802216187E0,9.915560486E0
3.156823438E1,1.452429657E0,-4.541555786E-1,9.772128754E0,9.889909483E0
3.157826637E1,1.440304871E0,-4.691244507E-1,9.766141205E0,9.882918086E0
3.158829738E1,1.435963898E0,-4.704716492E-1,9.736053772E0,9.852617872E0
3.159832838E1,1.436712341E0,-4.809498596E-1,9.740245056E0,9.857374340E0
3.160836038E1,1.451681213E0,-4.568499756E-1,9.764494629E0,9.882380564E0
3.161839137E1,1.453776855E0,-4.327500916E-1,9.755962372E0,9.873172823E0
3.162842338E1,1.439706116E0,-3.827540588E-1,9.747579803E0,9.860758916E0
3.163845438E1,1.422342224E0,-3.597019958E-1,9.762848053E0,9.872469044E0
3.164848538E1,1.437460785E0,-3.379971313E-1,9.774823151E0,9.885732304E0
3.165851738E1,1.430724792E0,-3.121009827E-1,9.764195251E0,9.873393002E0
3.166854838E1,1.393152924E0,-2.836601257E-1,9.746831360E0,9.849977649E0
3.167858038E1,1.357227631E0,-2.752775574E-1,9.764494629E0,9.862210702E0
3.168861137E1,1.341210938E0,-2.902464294E-1,9.725126495E0,9.821465019E0
3.169864238E1,1.348395996E0,-2.987786865E-1,9.752519531E0,9.849826276E0
3.170867438E1,1.383123779E0,-3.662882996E-1,9.760752411E0,9.865063919E0
3.171870538E1,1.406924286E0,-4.113446045E-1,9.789792023E0,9.898922577E0
3.172873738E1,1.409468994E0,-4.375401306E-1,9.796827393E0,9.907364492E0
3.173876838E1,1.398691406E0,-4.620890808E-1,9.813143463E0,9.923086647E0
3.174879938E1,1.419049072E0,-4.858895874E-1,9.803264008E0,9.917347133E0
3.175883138E1,1.443298645E0,-4.561015320E-1,9.789342957E0,9.905673885E0
3.176886238E1,1.467398529E0,-4.349954224E-1,9.760902100E0,9.880166459E0
3.177889454E1,1.467697906E0,-4.035607910E-1,9.723330231E0,9.841755394E0
3.178892554E1,1.450633392E0,-3.604504395E-1,9.709558868E0,9.823939901E0
3.179895654E1,1.427731018E0,-3.580554199E-1,9.698930969E0,9.809988863E0
3.180898854E1,1.401984558E0,-3.543132019E-1,9.713450775E0,9.820500217E0
3.181901954E1,1.403032379E0,-3.459306335E-1,9.766440582E0,9.872767064E0
3.182905154E1,1.397493896E0,-3.673361206E-1,9.787546692E0,9.893634078E0
3.183908254E1,1.408271484E0,-3.737727356E-1,9.808054047E0,9.915687511E0
3.184911354E1,1.412762146E0,-3.881428528E-1,9.811047821E0,9.919839268E0
3.185914554E1,1.405726776E0,-3.858975220E-1,9.795779572E0,9.903649937E0
3.186917654E1,1.400038605E0,-4.102967834E-1,9.780361633E0,9.888575490E0
3.187920854E1,1.388512573E0,-4.061054993E-1,9.751621399E0,9.858347161E0
3.188923954E1,1.387315063E0,-4.120930481E-1,9.739945679E0,9.846877962E0
3.189927054E1,1.372196503E0,-4.008663940E-1,9.733958130E0,9.838371714E0
3.190930254E1,1.368304596E0,-4.022135925E-1,9.731563110E0,9.835514924E0
3.191933354E1,1.388811951E0,-3.996688843E-1,9.735305328E0,9.841986775E0
3.192936454E1,1.384171600E0,-4.035607910E-1,9.753417664E0,9.859409133E0
3.193939654E1,1.393003235E0,-4.004173279E-1,9.765093384E0,9.872073786E0
3.194942754E1,1.388362885E0,-3.814068604E-1,9.772577820E0,9.878071671E0
3.195945954E1,1.382525024E0,-3.854484558E-1,9.788145447E0,9.892812403E0
3.196949054E1,1.390907593E0,-3.929328918E-1,9.783505096E0,9.889691207E0
3.197952254E1,1.384021912E0,-3.802093506E-1,9.782457275E0,9.887191014E0
3.198955354E1,1.397194519E0,-3.876937866E-1,9.781559143E0,9.888445695E0
3.199958454E1,1.396595764E0,-3.891906738E-1,9.764045563E0,9.871095930E0
3.200961654E1,1.399140472E0,-3.999682617E-1,9.756112061E0,9.864040309E0
3.201964754E1,1.392703857E0,-3.866459656E-1,9.760003967E0,9.866448022E0
3.202967854E1,1.402583313E0,-4.040098572E-1,9.753267975E0,9.861881165E0
3.203971054E1,1.409019928E0,-4.150868225E-1,9.746082916E0,9.856153735E0
3.204974154E1,1.422641602E0,-4.141886902E-1,9.760752411E0,9.872575602E0
3.205977354E1,1.435365143E0,-4.105961609E-1,9.780361633E0,9.893651297E0
3.206980454E1,1.447040863E0,-4.266128540E-1,9.755662994E0,9.871620244E0
3.207983554E1,1.445244598E0,-4.255650330E-1,9.749675446E0,9.865394510E0
3.208986754E1,1.427581329E0,-4.207749939E-1,9.772278442E0,9.884961609E0
3.209989854E1,1.428030396E0,-3.972738647E-1,9.758357391E0,9.870290589E0
3.210993054E1,1.383572845E0,-3.857478333E-1,9.726623383E0,9.832104436E0
3.211996154E1,1.375639343E0,-3.942800903E-1,9.753866730E0,9.858283653E0
3.212999254E1,1.389261017E0,-3.763174438E-1,9.791588287E0,9.896810708E0
3.214002454E1,1.412163391E0,-3.613485718E-1,9.789193268E0,9.897124990E0
3.215005554E1,1.410067749E0,-3.291654968E-1,9.780211945E0,9.886818834E0
3.216008754E1,1.391356659E0,-3.221301270E-1,9.747430115E0,9.851499125E0
3.217011854E1,1.358125763E0,-3.299139404E-1,9.732610931E0,9.832449559E0
3.218014954E1,1.338366852E0,-3.742218018E-1,9.737999725E0,9.836661346E0
3.219018154E1,1.351689148E0,-4.273612976E-1,9.757758636E0,9.860200548E0
3.220021254E1,1.367705841E0,-4.150868225E-1,9.752220154E0,9.856404733E0
3.221024454E1,1.362766113E0,-4.141886902E-1,9.749226379E0,9.852720373E0
3.222027554E1,1.374142456E0,-4.357438660E-1,9.793085175E0,9.898618966E0
3.223030654E1,1.431323547E0,-4.583468628E-1,9.829309845E0,9.943545694E0
3.224033854E1,1.455423431E0,-4.393363953E-1,9.821076965E0,9.938049436E0
3.225036954E1,1.442101135E0,-4.043092346E-1,9.761800232E0,9.876024778E0
3.226040154E1,1.419348450E0,-3.995191956E-1,9.733059998E0,9.844116137E0
3.227043254E1,1.401086426E0,-4.171824646E-1,9.730814667E0,9.840012117E0
3.228046354E1,1.420695648E0,-4.572990417E-1,9.754166107E0,9.867687418E0
3.229049554E1,1.459614716E0,-4.710704041E-1,9.779463501E0,9.899004435E0
3.230052654E1,1.465003510E0,-4.402345276E-1,9.788145447E0,9.906958817E0
3.231055854E1,1.445244598E0,-3.814068604E-1,9.765243073E0,9.878976435E0
3.232058954E1,1.423689423E0,-3.303630066E-1,9.722432098E0,9.831669095E0
3.233062054E1,1.406026154E0,-2.900967407E-1,9.698631592E0,9.804311318E0
3.234065254E1,1.405577087E0,-2.890489197E-1,9.720186768E0,9.825539528E0
3.235068354E1,1.410217438E0,-2.883004761E-1,9.757908325E0,9.863498632E0
3.236071454E1,1.396895142E0,-2.811154175E-1,9.780511322E0,9.883761614E0
3.237074654E1,1.363514557E0,-2.791694641E-1,9.798923035E0,9.897272360E0
3.238077754E1,1.348246307E0,-2.923420715E-1,9.813891907E0,9.910383764E0
3.239080954E1,1.333876190E0,-3.284170532E-1,9.826166382E0,9.921725113E0
3.240084054E1,1.367406464E0,-3.739224243E-1,9.815837860E0,9.917675701E0
3.241087154E1,1.380279694E0,-4.098477173E-1,9.817035370E0,9.922062822E0
3.242090354E1,1.424288177E0,-4.375401306E-1,9.786648560E0,9.899420600E0
3.243093454E1,1.447789307E0,-4.543052673E-1,9.766440582E0,9.883615169E0
3.244096654E1,1.444795532E0,-4.510121155E-1,9.742789764E0,9.859655088E0
3.245099754E1,1.436412964E0,-4.610412598E-1,9.721234589E0,9.837593363E0
3.246102854E1,1.444795532E0,-4.447251892E-1,9.729766846E0,9.846500774E0
3.247106054E1,1.450932770E0,-4.276606750E-1,9.735754395E0,9.852563787E0
3.248109154E1,1.441502380E0,-4.070036316E-1,9.758207703E0,9.872497082E0
3.249112354E1,1.438059540E0,-3.674858093E-1,9.777816925E0,9.889831388E0
3.250115454E1,1.412911835E0,-3.288661194E-1,9.790989532E0,9.897875974E0
3.251118554E1,1.402733002E0,-3.124003601E-1,9.807305603E0,9.912037987E0
3.252121754E1,1.410816193E0,-2.996768188E-1,9.771979065E0,9.877843053E0
3.253124854E1,1.401236115E0,-2.683918762E-1,9.797575836E0,9.900908499E0
3.254128054E1,1.360670471E0,-2.555186462E-1,9.791288910E0,9.888683048E0
3.255131154E1,1.325194244E0,-2.659968567E-1,9.746232605E0,9.839509343E0
3.256134254E1,1.340163116E0,-3.100053406E-1,9.748477936E0,9.845047616E0
3.257137454E1,1.356030121E0,-3.336561584E-1,9.737850037E0,9.837472615E0
3.258140554E1,1.385069733E0,-3.686833191E-1,9.754764862E0,9.859502171E0
3.259143754E1,1.400487671E0,-4.189787292E-1,9.788295135E0,9.896849527E0
3.260146854E1,1.430275726E0,-4.454736328E-1,9.833052063E0,9.946509352E0
3.261149954E1,1.466500397E0,-4.562512207E-1,9.836195526E0,9.955376990E0
3.262153154E1,1.484163666E0,-4.686753845E-1,9.798174591E0,9.921019288E0
3.263156254E1,1.472338257E0,-4.534071350E-1,9.760602722E0,9.881433270E0
3.264159454E1,1.438059540E0,-4.282594299E-1,9.732161865E0,9.847151667E0
3.265162554E1,1.435963898E0,-4.180805969E-1,9.729168091E0,9.843449367E0
3.266165654E1,1.436263275E0,-3.978726196E-1,9.762398987E0,9.875504483E0
3.267168854E1,1.422940979E0,-3.704795837E-1,9.758656769E0,9.868809355E0
3.268171954E1,1.420096893E0,-3.727249146E-1,9.780661011E0,9.890244125E0
3.269175154E1,1.422641602E0,-3.459306335E-1,9.804012451E0,9.912731070E0
3.270178254E1,1.427281952E0,-3.264710999E-1,9.795031128E0,9.903855408E0
3.271181354E1,1.420096893E0,-3.447331238E-1,9.782457275E0,9.891005331E0
3.272184554E1,1.389261017E0,-3.514691162E-1,9.770931244E0,9.875458171E0
3.273187654E1,1.387015686E0,-3.664379883E-1,9.753118286E0,9.858062975E0
3.274190854E1,1.375789032E0,-3.836521912E-1,9.742939453E0,9.847073355E0
3.275193954E1,1.394799500E0,-3.894900513E-1,9.741442566E0,9.848495896E0
3.276197054E1,1.384920044E0,-4.026626587E-1,9.750872955E0,9.856960187E0
3.277200254E1,1.418001251E0,-4.243675232E-1,9.747130737E0,9.858872803E0
3.278203287E1,1.436263275E0,-4.090992737E-1,9.760003967E0,9.873595690E0
3.279206488E1,1.434317322E0,-4.200265503E-1,9.765841827E0,9.879542251E0
3.280209588E1,1.414259033E0,-4.324507141E-1,9.773326263E0,9.884586409E0
3.281212688E1,1.400038605E0,-4.227209473E-1,9.784552917E0,9.893244002E0
3.282215888E1,1.405577087E0,-4.191284180E-1,9.787097626E0,9.896393056E0
3.283218988E1,1.400787048E0,-4.152365112E-1,9.776918793E0,9.885482628E0
3.284222188E1,1.405427399E0,-3.921844482E-1,9.772278442E0,9.880610344E0
3.285225287E1,1.406774597E0,-3.891906738E-1,9.759105835E0,9.867655793E0
3.286228388E1,1.417252808E0,-3.781137085E-1,9.746831360E0,9.856586481E0
3.287231588E1,1.427880707E0,-3.815565491E-1,9.758507080E0,9.869796814E0
3.288234688E1,1.437011719E0,-3.854484558E-1,9.757159882E0,9.869941345E0
3.289237887E1,1.426533508E0,-3.951782227E-1,9.768985291E0,9.880497826E0
3.290240988E1,1.438209229E0,-4.110452271E-1,9.773026886E0,9.886832581E0
3.291244088E1,1.430724792E0,-4.212240601E-1,9.780511322E0,9.893573917E0
3.292247288E1,1.441502380E0,-4.224215698E-1,9.781858521E0,9.896520864E0
3.293250387E1,1.449435883E0,-4.213737488E-1,9.790839844E0,9.906511246E0
3.294253588E1,1.449585571E0,-4.263134766E-1,9.785151672E0,9.901122904E0
3.295256688E1,1.443148956E0,-4.140390015E-1,9.738598480E0,9.853649454E0
3.296259788E1,1.428329773E0,-3.996688843E-1,9.717791748E0,9.830327442E0
3.297262988E1,1.425335999E0,-3.986210632E-1,9.745933228E0,9.857671933E0
3.298266088E1,1.455722809E0,-4.041595459E-1,9.754615173E0,9.870916422E0
3.299269288E1,1.483415222E0,-3.848497009E-1,9.777667236E0,9.897040295E0
3.300272387E1,1.482666779E0,-3.788621521E-1,9.769584045E0,9.888711227E0
3.301275488E1,1.456770630E0,-3.748205566E-1,9.759854279E0,9.875091223E0
3.302278688E1,1.420096893E0,-3.891906738E-1,9.740694122E0,9.851358614E0
3.303281788E1,1.393152924E0,-4.138893127E-1,9.732910309E0,9.840819199E0
3.304284987E1,1.380728760E0,-4.553530884E-1,9.747280426E0,9.855112077E0
3.305288088E1,1.385518799E0,-4.787045288E-1,9.760752411E0,9.870213169E0
3.306291188E1,1.400936737E0,-4.519102478E-1,9.768685913E0,9.878971155E0
3.307294388E1,1.421893158E0,-4.382885742E-1,9.754016418E0,9.866849209E0
3.308297487E1,1.423839111E0,-4.433779907E-1,9.789941711E0,9.902871330E0
3.309300688E1,1.462309113E0,-4.641847229E-1,9.815987549E0,9.935161144E0
3.310303788E1,1.497635651E0,-4.390370178E-1,9.821825409E0,9.945045018E0
3.311306888E1,1.508712616E0,-4.351451111E-1,9.787696381E0,9.912848504E0
3.312310088E1,1.504671021E0,-4.252656555E-1,9.763746185E0,9.888155810E0
3.313313188E1,1.469194794E0,-3.975732422E-1,9.706864471E0,9.825467709E0
3.314316288E1,1.467099152E0,-3.984713745E-1,9.699978790E0,9.818388253E0
3.315319487E1,1.467248840E0,-3.986210632E-1,9.709109802E0,9.827437665E0
3.316322588E1,1.466201019E0,-3.764671326E-1,9.720785522E0,9.837944099E0
3.317325788E1,1.444496155E0,-3.243754578E-1,9.712552643E0,9.824737524E0
3.318328888E1,1.448687439E0,-3.070115662E-1,9.712552643E0,9.824796702E0
3.319331987E1,1.451830902E0,-2.968327332E-1,9.728569336E0,9.840781674E0
3.320335188E1,1.484013977E0,-3.213816833E-1,9.777367859E0,9.894569517E0
3.321338288E1,1.473835144E0,-3.409909058E-1,9.807305603E0,9.923291189E0
3.322341488E1,1.463955688E0,-3.603007507E-1,9.820927277E0,9.935974812E0
3.323344587E1,1.469045105E0,-3.646417236E-1,9.819729767E0,9.935700771E0
3.324347688E1,1.448388062E0,-3.905378723E-1,9.807006226E0,9.921074484E0
3.325350888E1,1.421144714E0,-4.083508301E-1,9.777667236E0,9.888841150E0
3.326353988E1,1.417103119E0,-4.324507141E-1,9.749376068E0,9.861314749E0
3.327357188E1,1.428629150E0,-4.611909485E-1,9.694739685E0,9.810283171E0
3.328360288E1,1.458566895E0,-4.740641785E-1,9.684111786E0,9.804803686E0
3.329363388E1,1.475032654E0,-4.944218445E-1,9.701475677E0,9.825416256E0
3.330366587E1,1.508562927E0,-4.917274475E-1,9.712852020E0,9.841598059E0
3.331369688E1,1.537303162E0,-4.843927002E-1,9.736951904E0,9.869456403E0
3.332372888E1,1.546583862E0,-4.504133606E-1,9.749974823E0,9.882145662E0
3.333375988E1,1.521136780E0,-4.411326599E-1,9.760303345E0,9.887971304E0
3.334379087E1,1.495689697E0,-4.105961609E-1,9.736053772E0,9.858824470E0
3.335382288E1,1.477277985E0,-3.888912964E-1,9.750124512E0,9.869068582E0
3.336385388E1,1.466350708E0,-3.731739807E-1,9.773326263E0,9.889759829E0
3.337388588E1,1.487307129E0,-3.427871704E-1,9.791139221E0,9.909389123E0
3.338391687E1,1.481169891E0,-3.077600098E-1,9.813143463E0,9.929066678E0
3.339394788E1,1.471140747E0,-3.001258850E-1,9.774972839E0,9.889611957E0
3.340397988E1,1.461410980E0,-3.171903992E-1,9.772428131E0,9.886186493E0
3.341401088E1,1.440155182E0,-3.847000122E-1,9.780361633E0,9.893306562E0
3.342404288E1,1.445543976E0,-3.851490784E-1,9.803264008E0,9.916749588E0
3.343407388E1,1.426383820E0,-3.927832031E-1,9.799222412E0,9.910277964E0
3.344410488E1,1.434317322E0,-4.005670166E-1,9.781559143E0,9.894272049E0
3.345413687E1,1.465602264E0,-4.367916870E-1,9.782756653E0,9.901570820E0
3.346416788E1,1.511556702E0,-4.863386536E-1,9.792486420E0,9.920389066E0
3.347420688E1,1.555116119E0,-4.845423889E-1,9.793384552E0,9.927917629E0
3.348426488E1,1.566791840E0,-4.471202087E-1,9.767937469E0,9.902896322E0
3.349432287E1,1.533411255E0,-4.215234375E-1,9.714348907E0,9.843658201E0
3.350438088E1,1.493594055E0,-4.023632813E-1,9.684560852E0,9.807315551E0
3.351443888E1,1.463057556E0,-3.953279114E-1,9.705517273E0,9.823130209E0
3.352449587E1,1.468596039E0,-3.824546814E-1,9.732910309E0,9.850512118E0
3.353455288E1,1.483415222E0,-3.600013733E-1,9.745035095E0,9.863864898E0
3.354460988E1,1.491199036E0,-3.670367432E-1,9.743987274E0,9.864262696E0
3.355466588E1,1.474882965E0,-3.635939026E-1,9.727671204E0,9.845560793E0
3.356472288E1,1.472188568E0,-3.796105957E-1,9.726773071E0,9.844874695E0
3.357478088E1,1.463806000E0,-4.176315308E-1,9.735904083E0,9.854185528E0
3.358483888E1,1.460213470E0,-4.363426208E-1,9.742640076E0,9.861118289E0
3.359489488E1,1.462009735E0,-4.565505981E-1,9.749825134E0,9.869397199E0
3.360495187E1,1.457818451E0,-4.610412598E-1,9.761800232E0,9.880816639E0
3.361500888E1,1.484762421E0,-4.555027771E-1,9.756112061E0,9.878953627E0
3.362506588E1,1.492845612E0,-4.629872131E-1,9.746981049E0,9.871503672E0
3.363512387E1,1.483265533E0,-4.625381470E-1,9.733509064E0,9.856734595E0
3.364518088E1,1.471739502E0,-4.564009094E-1,9.746831360E0,9.867879231E0
3.365523788E1,1.485510864E0,-4.459226990E-1,9.742340698E0,9.865028731E0
3.366529488E1,1.485660553E0,-4.349954224E-1,9.741143188E0,9.863380704E0
3.367535188E1,1.470541992E0,-4.299060059E-1,9.768536224E0,9.887952917E0
3.368540787E1,1.468745728E0,-3.977229309E-1,9.747280426E0,9.865336955E0
3.369546488E1,1.463656311E0,-3.839515686E-1,9.754465485E0,9.871134965E0
3.370552087E1,1.461111603E0,-3.972738647E-1,9.758956146E0,9.875722693E0
3.371557688E1,1.469344482E0,-3.954776001E-1,9.760752411E0,9.878646839E0
3.372563388E1,1.478176117E0,-3.667373657E-1,9.740394745E0,9.858741842E0
3.373568988E1,1.463207245E0,-3.721261597E-1,9.729317780E0,9.845764459E0
3.374574688E1,1.477427673E0,-3.986210632E-1,9.763147430E0,9.882344814E0
3.375580388E1,1.498683472E0,-4.207749939E-1,9.768386536E0,9.891636834E0
3.376585988E1,1.507215729E0,-4.110452271E-1,9.760453033E0,9.884690225E0
3.377591850E1,1.501078491E0,-4.296066284E-1,9.761351166E0,9.885432468E0
3.378597450E1,1.492396545E0,-4.224215698E-1,9.750423889E0,9.873016431E0
3.379603150E1,1.468446350E0,-4.291575623E-1,9.737999725E0,9.857441329E0
3.380608850E1,1.451681213E0,-4.471202087E-1,9.744136963E0,9.861820318E0
3.381614550E1,1.468596039E0,-4.528083801E-1,9.773775330E0,9.893861428E0
3.382620250E1,1.481319580E0,-4.412823486E-1,9.784552917E0,9.905882778E0
3.383625950E1,1.475481720E0,-4.287084961E-1,9.745184784E0,9.865569611E0
3.384631650E1,1.470392303E0,-4.170327759E-1,9.712852020E0,9.832368190E0
3.385637350E1,1.455573120E0,-4.342469788E-1,9.728120270E0,9.845993476E0
3.386642950E1,1.473984833E0,-4.802014160E-1,9.763297119E0,9.885605461E0
3.387648550E1,1.525028687E0,-4.998106384E-1,9.791139221E0,9.921790686E0
3.388654250E1,1.539997559E0,-5.089416504E-1,9.764794006E0,9.898576467E0
3.389659950E1,1.510359192E0,-4.933740234E-1,9.734856262E0,9.863672200E0
3.390665650E1,1.470541992E0,-4.357438660E-1,9.713151398E0,9.833497676E0
3.391671250E1,1.464554443E0,-4.538562012E-1,9.699829102E0,9.820264241E0
3.392676850E1,1.460812225E0,-4.430786133E-1,9.707313538E0,9.826608119E0
3.393682550E1,1.478026428E0,-4.020639038E-1,9.731114044E0,9.850928791E0
3.394688150E1,1.476529541E0,-3.390449524E-1,9.722581787E0,9.839902823E0
3.395692850E1,1.480271759E0,-3.043171692E-1,9.728269958E0,9.844950472E0
3.396697750E1,1.480421448E0,-3.203338623E-1,9.744735718E0,9.861751145E0
3.397702050E1,1.464853821E0,-3.532653809E-1,9.767189026E0,9.882741250E0
3.398705550E1,1.482517090E0,-3.793112183E-1,9.785001984E0,9.903938496E0
3.399708650E1,1.473984833E0,-4.010160828E-1,9.815987549E0,9.934135933E0
3.400711850E1,1.468146973E0,-4.396357727E-1,9.803563385E0,9.922630205E0
3.401714950E1,1.480421448E0,-4.671784973E-1,9.785600739E0,9.907970793E0
3.402718050E1,1.473835144E0,-4.680766296E-1,9.771380310E0,9.892985339E0
3.403721250E1,1.477277985E0,-4.739144897E-1,9.758357391E0,9.880915148E0
3.404724350E1,1.489103394E0,-4.924758911E-1,9.731712799E0,9.857291485E0
3.405727550E1,1.488055573E0,-4.646337891E-1,9.717043304E0,9.841296892E0
3.406730650E1,1.504820709E0,-4.611909485E-1,9.705068207E0,9.831863066E0
3.407733750E1,1.502575378E0,-4.463717651E-1,9.704170074E0,9.829949001E0
3.408736950E1,1.499731293E0,-4.496649170E-1,9.700128479E0,9.825674786E0
3.409740050E1,1.494492188E0,-4.498146057E-1,9.711654510E0,9.836263183E0
3.410743150E1,1.487456818E0,-4.420307922E-1,9.732610931E0,9.855538268E0
3.411746350E1,1.485810242E0,-4.529580688E-1,9.756561127E0,9.879437641E0
3.412749450E1,1.472787323E0,-4.471202087E-1,9.775571594E0,9.896000150E0
3.413752650E1,1.485959930E0,-4.390370178E-1,9.773026886E0,9.895093983E0
3.414755750E1,1.479822693E0,-4.260140991E-1,9.805509338E0,9.925692752E0
3.415758850E1,1.470691681E0,-3.806584167E-1,9.825118561E0,9.941870527E0
3.416762050E1,1.485211487E0,-3.784130859E-1,9.771979065E0,9.891441981E0
3.417765150E1,1.492396545E0,-3.999682617E-1,9.740095367E0,9.861880136E0
3.418768350E1,1.487456818E0,-3.945794678E-1,9.713151398E0,9.834303779E0
3.419771450E1,1.443448334E0,-3.897894287E-1,9.715995483E0,9.830363530E0
3.420774550E1,1.423988800E0,-4.061054993E-1,9.688752136E0,9.801254192E0
3.421777750E1,1.438807983E0,-4.273612976E-1,9.717791748E0,9.833020012E0
3.422780850E1,1.491348724E0,-5.002597046E-1,9.800120544E0,9.925560109E0
3.423784050E1,1.566193085E0,-5.096900940E-1,9.838740234E0,9.975648058E0
3.424787150E1,1.578168182E0,-4.842430115E-1,9.779313812E0,9.917665287E0
3.425790250E1,1.509311371E0,-4.650828552E-1,9.719438324E0,9.846918513E0
3.426793450E1,1.458267517E0,-4.402345276E-1,9.671987000E0,9.791204375E0
3.427796550E1,1.433119812E0,-4.466711426E-1,9.700278168E0,9.815739607E0
3.428799750E1,1.476978607E0,-4.465214539E-1,9.741442566E0,9.862887533E0
3.429802850E1,1.523681488E0,-4.210743713E-1,9.759554901E0,9.886749758E0
3.430805950E1,1.504371643E0,-3.841012573E-1,9.707463226E0,9.830844832E0
3.431809150E1,1.487905884E0,-3.908372498E-1,9.704619141E0,9.825795150E0
3.432812250E1,1.466350708E0,-3.936813354E-1,9.724677429E0,9.842485484E0
3.433815450E1,1.461710358E0,-4.372407532E-1,9.748927002E0,9.867591111E0
3.434818550E1,1.459614716E0,-4.564009094E-1,9.751920776E0,9.871106105E0
3.435821650E1,1.477128296E0,-4.538562012E-1,9.762848053E0,9.884386453E0
3.436824850E1,1.466350708E0,-4.507127380E-1,9.759255524E0,9.879088761E0
3.437827950E1,1.443747711E0,-4.587959290E-1,9.760752411E0,9.877610479E0
3.438831150E1,1.447040863E0,-4.670288086E-1,9.756561127E0,9.874336848E0
3.439834250E1,1.459015961E0,-4.799020386E-1,9.766889648E0,9.886918981E0
3.440837350E1,1.471889191E0,-4.577481079E-1,9.749525757E0,9.870625289E0
3.441840550E1,1.487756195E0,-4.403842163E-1,9.756710815E0,9.879309829E0
3.442843650E1,1.475481720E0,-4.460723877E-1,9.760153656E0,9.881124747E0
3.443846850E1,1.474583588E0,-4.260140991E-1,9.768087158E0,9.887942733E0
3.444849950E1,1.467099152E0,-4.219725037E-1,9.746082916E0,9.864916265E0
3.445853050E1,1.477277985E0,-4.089495850E-1,9.757758636E0,9.877420899E0
3.446856250E1,1.488504639E0,-4.134402466E-1,9.749974823E0,9.871605135E0
3.447859350E1,1.482966156E0,-3.935316467E-1,9.724228363E0,9.844525028E0
3.448862550E1,1.466799774E0,-3.969744873E-1,9.715247040E0,9.833367448E0
3.449865650E1,1.455872498E0,-4.114942932E-1,9.732760620E0,9.849645759E0
3.450868750E1,1.478325806E0,-4.210743713E-1,9.749226379E0,9.869658850E0
3.451871950E1,1.504072266E0,-4.212240601E-1,9.762548676E0,9.886709247E0
3.452875050E1,1.493743744E0,-4.019142151E-1,9.756710815E0,9.878573346E0
3.453878250E1,1.473835144E0,-3.782633972E-1,9.720186768E0,9.838562091E0
3.454881350E1,1.443298645E0,-4.029620361E-1,9.701176300E0,9.816226922E0
3.455884450E1,1.427581329E0,-4.291575623E-1,9.723629608E0,9.837232203E0
3.456887650E1,1.432221680E0,-4.420307922E-1,9.766141205E0,9.880494127E0
3.457890750E1,1.437760162E0,-4.331991577E-1,9.769733734E0,9.884458156E0
3.458893950E1,1.425934753E0,-4.049079895E-1,9.711654510E0,9.824127123E0
3.459897050E1,1.435664520E0,-4.120930481E-1,9.743987274E0,9.857801037E0
3.460900150E1,1.449735260E0,-4.610412598E-1,9.783804474E0,9.901369670E0
3.461903350E1,1.487756195E0,-4.971162415E-1,9.821376343E0,9.945852217E0
3.462906450E1,1.510059814E0,-4.499642944E-1,9.782157898E0,9.908247153E0
3.463909650E1,1.468146973E0,-4.499642944E-1,9.761500854E0,9.881539472E0
3.464912750E1,1.426832886E0,-4.800517273E-1,9.734556885E0,9.850274082E0
3.465915850E1,1.444196777E0,-4.785548401E-1,9.731263733E0,9.849477799E0
3.466919050E1,1.467398529E0,-4.849914551E-1,9.750274200E0,9.871996867E0
3.467922150E1,1.472787323E0,-4.572990417E-1,9.745035095E0,9.866302951E0
3.468925250E1,1.451980591E0,-3.776646423E-1,9.746082916E0,9.860882842E0
3.469928450E1,1.422641602E0,-3.375480652E-1,9.724976807E0,9.834277895E0
3.470931550E1,1.448986816E0,-3.022215271E-1,9.730515289E0,9.842450327E0
3.471934750E1,1.461560669E0,-3.023712158E-1,9.717192993E0,9.831145793E0
3.472937850E1,1.461410980E0,-3.035687256E-1,9.741292877E0,9.854981631E0
3.473940950E1,1.465901642E0,-3.085084534E-1,9.760752411E0,9.875035834E0
3.474944150E1,1.460961914E0,-3.357518005E-1,9.784403229E0,9.898569873E0
3.475947250E1,1.443148956E0,-3.549119568E-1,9.811047821E0,9.922968344E0
3.476950450E1,1.444047089E0,-3.908372498E-1,9.809700623E0,9.923117053E0
3.477953500E1,1.438658295E0,-4.153862000E-1,9.807904358E0,9.921555890E0
3.478956700E1,1.446292419E0,-4.249662781E-1,9.780960388E0,9.896440987E0
3.479959800E1,1.454824677E0,-4.421804810E-1,9.758357391E0,9.876111451E0
3.480962900E1,1.444047089E0,-4.622387695E-1,9.740544434E0,9.857846750E0
3.481966100E1,1.436263275E0,-4.535568237E-1,9.724527740E0,9.840477924E0
3.482969200E1,1.451980591E0,-4.505630493E-1,9.727820892E0,9.845900366E0
3.483972300E1,1.466500397E0,-4.496649170E-1,9.734257507E0,9.854369141E0
3.484975500E1,1.456620941E0,-4.472698975E-1,9.742789764E0,9.861224433E0
3.485978600E1,1.450334015E0,-4.354444885E-1,9.747579803E0,9.864501644E0
3.486981800E1,1.437161407E0,-4.234693909E-1,9.759704590E0,9.874036303E0
3.487984900E1,1.441502380E0,-4.089495850E-1,9.785151672E0,9.899210177E0
3.488988100E1,1.448537750E0,-3.900888062E-1,9.801467743E0,9.915603905E0
3.489991200E1,1.441352692E0,-3.608995056E-1,9.776469727E0,9.888736337E0
3.490994300E1,1.441652069E0,-3.465293884E-1,9.739795990E0,9.852008386E0
3.491997500E1,1.411265259E0,-3.204835510E-1,9.762398987E0,9.869083712E0
3.493000600E1,1.417252808E0,-3.091072083E-1,9.749525757E0,9.856845604E0
3.494003700E1,1.434467010E0,-2.926414490E-1,9.746082916E0,9.855428293E0
3.495006900E1,1.439107361E0,-3.261717224E-1,9.710157623E0,9.821638308E0
3.496010000E1,1.422791290E0,-3.441343689E-1,9.683513031E0,9.793527870E0
3.497013200E1,1.401834869E0,-3.598516846E-1,9.753567352E0,9.860360558E0
3.498016300E1,1.413510590E0,-4.125421143E-1,9.785750427E0,9.895914036E0
3.499019400E1,1.455722809E0,-4.363426208E-1,9.839338989E0,9.956009016E0
3.500022600E1,1.488504639E0,-4.438270569E-1,9.866282959E0,9.987800956E0
3.501025700E1,1.502425690E0,-4.697232056E-1,9.834698639E0,9.959880529E0
3.502028900E1,1.508263550E0,-4.421804810E-1,9.790839844E0,9.916195206E0
3.503032000E1,1.471739502E0,-4.228706360E-1,9.744436340E0,9.864019279E0
3.504035200E1,1.420096893E0,-3.858975220E-1,9.700278168E0,9.811268451E0
3.505038300E1,1.405427399E0,-3.680845642E-1,9.713001709E0,9.821054659E0
3.506041400E1,1.410367126E0,-3.574566650E-1,9.730814667E0,9.838986979E0
3.507044600E1,1.430425415E0,-3.510200500E-1,9.737850037E0,9.848606768E0
3.508047700E1,1.429676971E0,-3.537144470E-1,9.768087158E0,9.878492642E0
3.509050800E1,1.424138489E0,-3.549119568E-1,9.789492645E0,9.898903939E0
3.510054000E1,1.428928528E0,-3.571572876E-1,9.778415680E0,9.888721418E0
3.511057100E1,1.423988800E0,-3.799099731E-1,9.759105835E0,9.869763036E0
3.512060300E1,1.412313080E0,-3.908372498E-1,9.762698364E0,9.872064695E0
3.513063400E1,1.419198761E0,-3.951782227E-1,9.768386536E0,9.878849450E0
3.514066600E1,1.432071991E0,-3.838018799E-1,9.773176575E0,9.884994407E0
3.515069700E1,1.455273743E0,-3.700305176E-1,9.778265991E0,9.892887852E0
3.516072800E1,1.456471252E0,-3.701802063E-1,9.763895874E0,9.878866561E0
3.517076000E1,1.448986816E0,-3.665876770E-1,9.752669220E0,9.866534662E0
3.518079100E1,1.436263275E0,-3.742218018E-1,9.737999725E0,9.850458507E0
3.519082300E1,1.409319305E0,-3.695814514E-1,9.732012177E0,9.840469113E0
3.520085400E1,1.413211212E0,-3.653901672E-1,9.745035095E0,9.853749789E0
3.521088500E1,1.419049072E0,-3.722758484E-1,9.748627625E0,9.858398964E0
3.522091700E1,1.421444092E0,-3.592529297E-1,9.761800232E0,9.871287137E0
3.523094800E1,1.430275726E0,-3.643423462E-1,9.769434357E0,9.880297650E0
3.524098000E1,1.427731018E0,-3.629951477E-1,9.790839844E0,9.901046722E0
3.525101100E1,1.423090668E0,-3.517684937E-1,9.786498871E0,9.895680283E0
3.526104200E1,1.429078217E0,-3.430865479E-1,9.770182800E0,9.880103485E0
3.527107400E1,1.418450317E0,-3.552113342E-1,9.779762878E0,9.888475027E0
3.528110500E1,1.434766388E0,-3.626957703E-1,9.768536224E0,9.880000141E0
3.529113700E1,1.422641602E0,-3.682342529E-1,9.750872955E0,9.860985193E0
3.530116800E1,1.422192535E0,-3.802093506E-1,9.741143188E0,9.851754228E0
3.531119900E1,1.427581329E0,-3.718267822E-1,9.732311554E0,9.843481690E0
3.532123100E1,1.434467010E0,-3.942800903E-1,9.734107819E0,9.847131939E0
3.533126200E1,1.450034637E0,-3.920347595E-1,9.747280426E0,9.862340868E0
3.534129400E1,1.464554443E0,-3.844006348E-1,9.804012451E0,9.920249176E0
3.535132500E1,1.481020203E0,-3.409909058E-1,9.791288910E0,9.908533401E0
3.536135600E1,1.453776855E0,-3.182382202E-1,9.746681671E0,9.859642301E0
3.537138800E1,1.410067749E0,-3.126997375E-1,9.724827118E0,9.831497071E0
3.538141900E1,1.372944946E0,-3.279679871E-1,9.748028870E0,9.849700892E0
3.539145100E1,1.374591522E0,-3.417393494E-1,9.757159882E0,9.859434902E0
3.540148200E1,1.385818176E0,-3.351530457E-1,9.730066223E0,9.833972152E0
3.541151300E1,1.361568604E0,-3.272195435E-1,9.728269958E0,9.828538959E0
3.542154500E1,1.386267242E0,-3.643423462E-1,9.801617432E0,9.905866266E0
3.543157600E1,1.436263275E0,-3.891906738E-1,9.825867004E0,9.937906418E0
3.544160800E1,1.469344482E0,-3.951782227E-1,9.856553192E0,9.973303358E0
3.545163900E1,1.467248840E0,-3.700305176E-1,9.778116302E0,9.894508587E0
3.546167000E1,1.420246582E0,-3.591032410E-1,9.696835327E0,9.806868555E0
3.547170200E1,1.391356659E0,-4.058061218E-1,9.700577545E0,9.808249419E0
3.548173300E1,1.407972107E0,-4.514611816E-1,9.728868713E0,9.840583778E0
3.549176500E1,1.462458801E0,-4.918771362E-1,9.787097626E0,9.907977029E0
3.550179600E1,1.481169891E0,-4.748126221E-1,9.804162140E0,9.926777248E0
3.551182700E1,1.504970398E0,-4.179309082E-1,9.795929260E0,9.919668957E0
3.552185900E1,1.492845612E0,-3.556604004E-1,9.750423889E0,9.870453301E0
3.553189000E1,1.472338257E0,-3.094065857E-1,9.723330231E0,9.839037715E0
3.554192200E1,1.458117828E0,-2.857557678E-1,9.741891632E0,9.854553086E0
3.555195300E1,1.454076233E0,-2.653981018E-1,9.770332489E0,9.881506504E0
3.556198400E1,1.444047089E0,-2.501298523E-1,9.767937469E0,9.877268820E0
3.557201600E1,1.426084442E0,-2.299218750E-1,9.755363617E0,9.861729068E0
3.558204700E1,1.389710083E0,-2.320175171E-1,9.779762878E0,9.880733181E0
3.559207900E1,1.365610199E0,-2.556683350E-1,9.782157898E0,9.880327457E0
3.560211000E1,1.353036346E0,-2.983296204E-1,9.788744202E0,9.886314832E0
3.561214100E1,1.376836853E0,-3.430865479E-1,9.775571594E0,9.878015392E0
3.562217300E1,1.402433624E0,-3.739224243E-1,9.779762878E0,9.886880196E0
3.563220400E1,1.414708099E0,-3.867956543E-1,9.771979065E0,9.881426250E0
3.564223600E1,1.429227905E0,-4.099974060E-1,9.761351166E0,9.873943835E0
3.565226700E1,1.447639618E0,-4.267625427E-1,9.766590271E0,9.882513458E0
3.566229800E1,1.445993042E0,-4.213737488E-1,9.768087158E0,9.883520549E0
3.567233000E1,1.454974365E0,-4.279600525E-1,9.777816925E0,9.894736178E0
3.568236100E1,1.456171875E0,-4.189787292E-1,9.765841827E0,9.882694284E0
3.569239300E1,1.455273743E0,-3.950285339E-1,9.765692139E0,9.881427638E0
3.570242400E1,1.434167633E0,-3.629951477E-1,9.793534241E0,9.904641094E0
3.571245500E1,1.423090668E0,-3.568579102E-1,9.788893890E0,9.898231065E0
3.572248700E1,1.422791290E0,-3.239263916E-1,9.784852295E0,9.893058061E0
3.573251800E1,1.420845337E0,-3.038681030E-1,9.725126495E0,9.833067815E0
3.574255000E1,1.400487671E0,-2.704875183E-1,9.733059998E0,9.837021202E0
3.575258100E1,1.369801483E0,-2.606080627E-1,9.703571320E0,9.803242781E0
3.576261200E1,1.379381561E0,-2.647993469E-1,9.721683655E0,9.822624154E0
3.577264400E1,1.403331757E0,-3.052153015E-1,9.754764862E0,9.859915512E0
3.578267575E1,1.440005493E0,-3.504212952E-1,9.795779572E0,9.907255337E0
3.579270775E1,1.468446350E0,-3.543132019E-1,9.810598755E0,9.926213803E0
3.580273875E1,1.458267517E0,-3.845503235E-1,9.794731750E0,9.910156062E0
3.581276975E1,1.417402496E0,-4.228706360E-1,9.809850311E0,9.920736492E0
3.582280175E1,1.407523041E0,-4.243675232E-1,9.798623657E0,9.908291199E0
3.583283275E1,1.419348450E0,-4.147874451E-1,9.783505096E0,9.894623319E0
3.584286475E1,1.431772614E0,-4.090992737E-1,9.773625641E0,9.886409520E0
3.585289575E1,1.423689423E0,-3.767665100E-1,9.752070465E0,9.862642796E0
3.586292675E1,1.414408722E0,-3.508703613E-1,9.731114044E0,9.839626140E0
3.587295875E1,1.416654053E0,-3.240760803E-1,9.736951904E0,9.844804030E0
3.588298975E1,1.433868256E0,-3.303630066E-1,9.755363617E0,9.865710172E0
3.589302175E1,1.432371368E0,-3.409909058E-1,9.778265991E0,9.888500813E0
3.590305275E1,1.445993042E0,-3.330574036E-1,9.792636108E0,9.904420481E0
3.591308375E1,1.429976349E0,-3.353027344E-1,9.792187042E0,9.901726483E0
3.592311575E1,1.413510590E0,-3.516188049E-1,9.788594513E0,9.896374614E0
3.593314675E1,1.400637360E0,-3.579057312E-1,9.783205719E0,9.889438592E0
3.594317875E1,1.387015686E0,-3.608995056E-1,9.746382294E0,9.851194282E0
3.595320975E1,1.386566620E0,-3.884422302E-1,9.740843811E0,9.846699574E0
3.596324075E1,1.371298370E0,-4.028123474E-1,9.740095367E0,9.844398142E0
3.597327275E1,1.391506348E0,-4.073030090E-1,9.742640076E0,9.849935091E0
3.598330375E1,1.413360901E0,-3.998185730E-1,9.766440582E0,9.876274884E0
3.599333575E1,1.428928528E0,-3.841012573E-1,9.769434357E0,9.880851085E0
3.600336675E1,1.411714325E0,-3.767665100E-1,9.777816925E0,9.886384281E0
3.601339775E1,1.407972107E0,-3.861968994E-1,9.770033112E0,9.878516108E0
3.602342975E1,1.400337982E0,-3.588038635E-1,9.762548676E0,9.868994038E0
3.603346075E1,1.407223663E0,-3.782633972E-1,9.775272217E0,9.883284300E0
3.604349275E1,1.409319305E0,-3.686833191E-1,9.792935486E0,9.900691578E0
3.605352375E1,1.394200745E0,-3.603007507E-1,9.786498871E0,9.891874064E0
3.606355475E1,1.391955414E0,-3.625460815E-1,9.781110077E0,9.886308405E0
3.607358675E1,1.397044830E0,-3.523672485E-1,9.769134979E0,9.874811146E0
3.608361775E1,1.415157166E0,-3.582051086E-1,9.784852295E0,9.893144856E0
3.609364975E1,1.412762146E0,-3.740721130E-1,9.776769104E0,9.885395336E0
3.610368075E1,1.411714325E0,-3.766168213E-1,9.764344940E0,9.873054729E0
3.611371275E1,1.426832886E0,-3.855981445E-1,9.757608948E0,9.868914347E0
3.612374375E1,1.421743469E0,-3.878434753E-1,9.776769104E0,9.887213519E0
3.613377475E1,1.425186310E0,-3.957769775E-1,9.766889648E0,9.878255354E0
3.614380675E1,1.447340240E0,-3.923341370E-1,9.759255524E0,9.873793001E0
3.615383775E1,1.449735260E0,-4.023632813E-1,9.765991516E0,9.881205333E0
3.616386975E1,1.435365143E0,-3.963757324E-1,9.768386536E0,9.881232834E0
3.617390075E1,1.426234131E0,-3.926335144E-1,9.757309570E0,9.868809195E0
3.618393175E1,1.403930511E0,-3.857478333E-1,9.763746185E0,9.871705113E0
3.619396375E1,1.406624908E0,-3.838018799E-1,9.786798248E0,9.894812655E0
3.620399475E1,1.436412964E0,-3.770658875E-1,9.793234863E0,9.905196110E0
3.621402675E1,1.425335999E0,-3.474275208E-1,9.784403229E0,9.893777597E0
3.622405775E1,1.393601990E0,-3.275189209E-1,9.762249298E0,9.866656298E0
3.623408875E1,1.351090393E0,-3.297642517E-1,9.728569336E0,9.827474296E0
3.624412075E1,1.356030121E0,-3.481759644E-1,9.738299103E0,9.838420280E0
3.625415175E1,1.356628876E0,-3.900888062E-1,9.757459259E0,9.859037599E0
3.626418375E1,1.368304596E0,-3.960763550E-1,9.748477936E0,9.852002640E0
3.627421475E1,1.370699615E0,-3.802093506E-1,9.739646301E0,9.842971434E0
3.628424575E1,1.383572845E0,-3.929328918E-1,9.802814941E0,9.907767198E0
3.629427775E1,1.423240356E0,-4.423301697E-1,9.830058289E0,9.942399864E0
3.630430875E1,1.458267517E0,-4.209246826E-1,9.831854553E0,9.948320748E0
3.631434075E1,1.457219696E0,-3.911366272E-1,9.800120544E0,9.915585701E0
3.632437175E1,1.428479462E0,-3.948788452E-1,9.719737701E0,9.832079325E0
3.633440275E1,1.400038605E0,-4.099974060E-1,9.720635834E0,9.829494747E0
3.634443475E1,1.422641602E0,-4.646337891E-1,9.740394745E0,9.854698548E0
3.635446575E1,1.474134521E0,-4.808001709E-1,9.781858521E0,9.903988969E0
3.636449775E1,1.517394562E0,-4.544549561E-1,9.801168365E0,9.928339080E0
3.637452875E1,1.488354950E0,-4.010160828E-1,9.770332489E0,9.891178459E0
3.638455975E1,1.448088684E0,-3.484753418E-1,9.726922760E0,9.840295843E0
3.639459175E1,1.414708099E0,-3.225791931E-1,9.705217896E0,9.813088746E0
3.640462275E1,1.421593781E0,-2.998265076E-1,9.712702332E0,9.820764298E0
3.641465475E1,1.407073975E0,-2.918930054E-1,9.732161865E0,9.837684345E0
3.642468575E1,1.393601990E0,-2.737806702E-1,9.770033112E0,9.872721477E0
3.643471675E1,1.365610199E0,-2.793191528E-1,9.794132996E0,9.892823234E0
3.644474875E1,1.348545685E0,-2.802172852E-1,9.801617432E0,9.897919047E0
3.645477975E1,1.340911560E0,-3.135978699E-1,9.797276459E0,9.893584459E0
3.646481175E1,1.349593506E0,-3.643423462E-1,9.816586304E0,9.915619730E0
3.647484275E1,1.396446075E0,-4.083508301E-1,9.812844086E0,9.920116990E0
3.648487375E1,1.446591797E0,-4.423301697E-1,9.796228638E0,9.912334706E0
3.649490575E1,1.454674988E0,-4.544549561E-1,9.777816925E0,9.895873506E0
3.650493675E1,1.453178101E0,-4.590953064E-1,9.751471710E0,9.869837669E0
3.651496875E1,1.444645844E0,-4.733157349E-1,9.727521515E0,9.845593137E0
3.652499975E1,1.449884949E0,-4.583468628E-1,9.715696106E0,9.833971682E0
3.653503075E1,1.433568878E0,-4.337979126E-1,9.728719025E0,9.843336539E0
3.654506275E1,1.442699890E0,-4.105961609E-1,9.727371826E0,9.842343970E0
3.655509375E1,1.452579346E0,-3.782633972E-1,9.762398987E0,9.877120225E0
3.656512575E1,1.447340240E0,-3.505709839E-1,9.803114319E0,9.915580877E0
3.657515675E1,1.449735260E0,-3.332070923E-1,9.795929260E0,9.908228366E0
3.658518875E1,1.442400513E0,-3.159928894E-1,9.788744202E0,9.899489067E0
3.659521975E1,1.398092651E0,-2.833607483E-1,9.790390778E0,9.893771169E0
3.660525075E1,1.373843079E0,-2.808160400E-1,9.785451050E0,9.885411205E0
3.661528275E1,1.347198486E0,-2.887495422E-1,9.749974823E0,9.846843611E0
3.662531375E1,1.345851288E0,-2.939886475E-1,9.726623383E0,9.823693167E0
3.663534575E1,1.367705841E0,-3.442840576E-1,9.724827118E0,9.826566707E0
3.664537675E1,1.399589539E0,-3.852987671E-1,9.764644318E0,9.871959515E0
3.665540775E1,1.416953430E0,-4.288581848E-1,9.777966614E0,9.889403797E0
3.666543975E1,1.453028412E0,-4.625381470E-1,9.803862762E0,9.921741690E0
3.667547075E1,1.451980591E0,-4.674778748E-1,9.816586304E0,9.934392274E0
3.668550275E1,1.469344482E0,-4.800517273E-1,9.815538483E0,9.936509376E0
3.669553375E1,1.477427673E0,-4.590953064E-1,9.767787781E0,9.889552020E0
3.670556475E1,1.464853821E0,-4.086502075E-1,9.714648285E0,9.832964101E0
3.671559675E1,1.440454559E0,-3.667373657E-1,9.699829102E0,9.813057130E0
3.672562775E1,1.407822418E0,-3.547622681E-1,9.698631592E0,9.806695416E0
3.673565975E1,1.399589539E0,-3.459306335E-1,9.720186768E0,9.826522766E0
3.674569075E1,1.417252808E0,-3.498225403E-1,9.750124512E0,9.858798574E0
3.675572175E1,1.422791290E0,-3.535647583E-1,9.786049805E0,9.895257140E0
3.676575375E1,1.435215454E0,-3.344046021E-1,9.810000000E0,9.920069044E0
3.677578475E1,1.422940979E0,-3.381468201E-1,9.792636108E0,9.901253772E0
3.678581700E1,1.409319305E0,-3.607498169E-1,9.799372101E0,9.906766117E0
3.679584800E1,1.392703857E0,-3.890409851E-1,9.773625641E0,9.880016958E0
3.680587900E1,1.391206970E0,-3.878434753E-1,9.764494629E0,9.870726151E0
3.681591100E1,1.388811951E0,-4.005670166E-1,9.739496613E0,9.846169145E0
3.682594200E1,1.386716309E0,-4.038601685E-1,9.741741943E0,9.848229346E0
3.683597400E1,1.394649811E0,-3.957769775E-1,9.752070465E0,9.859237591E0
3.684600500E1,1.408421173E0,-3.981719971E-1,9.762249298E0,9.871357683E0
3.685603600E1,1.418450317E0,-3.861968994E-1,9.764344940E0,9.874390182E0
3.686606800E1,1.410067749E0,-3.839515686E-1,9.773026886E0,9.881688336E0
3.687609900E1,1.395847321E0,-3.873944092E-1,9.777667236E0,9.884393798E0
3.688613100E1,1.384470978E0,-3.861968994E-1,9.792785797E0,9.897704865E0
3.689616200E1,1.401685181E0,-3.827540588E-1,9.780211945E0,9.887556204E0
3.690619300E1,1.390907593E0,-3.917353821E-1,9.761201477E0,9.867579988E0
3.691622500E1,1.399739227E0,-3.860472107E-1,9.768536224E0,9.875859574E0
3.692625600E1,1.412462769E0,-3.728746033E-1,9.751471710E0,9.860288386E0
3.693628800E1,1.419647827E0,-3.661386108E-1,9.765841827E0,9.875278428E0
3.694631900E1,1.405726776E0,-3.902384949E-1,9.757459259E0,9.865919371E0
3.695635000E1,1.425785065E0,-3.791615295E-1,9.767787781E0,9.878578068E0
3.696638200E1,1.444945221E0,-4.004173279E-1,9.781559143E0,9.895812245E0
3.697641300E1,1.445244598E0,-3.941304016E-1,9.767338715E0,9.881547262E0
3.698644500E1,1.427132263E0,-3.896397400E-1,9.777816925E0,9.889096493E0
3.699647600E1,1.422940979E0,-3.962260437E-1,9.776469727E0,9.887422132E0
3.700650800E1,1.424587555E0,-3.900888062E-1,9.756112061E0,9.867286431E0
3.701653900E1,1.426234131E0,-3.794609070E-1,9.751920776E0,9.862965741E0
3.702657000E1,1.418749695E0,-3.628454590E-1,9.764943695E0,9.874139603E0
3.703660200E1,1.429227905E0,-3.544628906E-1,9.794132996E0,9.904210089E0
3.704663300E1,1.431622925E0,-3.224295044E-1,9.775421906E0,9.884957178E0
3.705666500E1,1.408870239E0,-3.198847961E-1,9.764045563E0,9.870350925E0
3.706669600E1,1.389261017E0,-3.138972473E-1,9.733059998E0,9.836718689E0
3.707672700E1,1.367406464E0,-3.408412170E-1,9.727671204E0,9.829219716E0
3.708675900E1,1.360221405E0,-3.841012573E-1,9.740095367E0,9.842113280E0
3.709679000E1,1.378932495E0,-3.992198181E-1,9.768985291E0,9.873900187E0
3.710682200E1,1.379381561E0,-3.857478333E-1,9.751022644E0,9.855655102E0
3.711685300E1,1.388362885E0,-3.818559265E-1,9.760752411E0,9.866390073E0
3.712688400E1,1.405726776E0,-3.875440979E-1,9.818083191E0,9.925775322E0
3.713691600E1,1.430425415E0,-4.062551880E-1,9.830207977E0,9.942039480E0
3.714694700E1,1.442699890E0,-3.785627747E-1,9.834399261E0,9.946863907E0
3.715697900E1,1.452130280E0,-3.595523071E-1,9.781559143E0,9.895294815E0
3.716701000E1,1.408570862E0,-3.668870544E-1,9.754615173E0,9.862616041E0
3.717704100E1,1.403182068E0,-3.797602844E-1,9.733059998E0,9.841015939E0
3.718707300E1,1.405128021E0,-4.324507141E-1,9.762398987E0,9.872478531E0
3.719710400E1,1.439706116E0,-4.481680298E-1,9.768087158E0,9.883781413E0
3.720713600E1,1.441951447E0,-4.272116089E-1,9.795779572E0,9.910551506E0
3.721716700E1,1.431173859E0,-3.818559265E-1,9.784403229E0,9.895889000E0
3.722719800E1,1.411564636E0,-3.242257690E-1,9.738448792E0,9.845558488E0
3.723723000E1,1.399739227E0,-2.950364685E-1,9.704020386E0,9.808890257E0
3.724726100E1,1.407972107E0,-2.746788025E-1,9.730365601E0,9.835540078E0
3.725729300E1,1.404229889E0,-2.447410583E-1,9.753118286E0,9.856727452E0
3.726732400E1,1.399888916E0,-2.564167786E-1,9.784103851E0,9.887068661E0
3.727735500E1,1.386267242E0,-2.692900085E-1,9.798773346E0,9.900010761E0
3.728738700E1,1.352736969E0,-2.917433167E-1,9.823771362E0,9.920760820E0
3.729741800E1,1.358874207E0,-3.339555359E-1,9.826465759E0,9.925597953E0
3.730745000E1,1.388063507E0,-3.611988831E-1,9.827962646E0,9.932071018E0
3.731748100E1,1.400188293E0,-3.721261597E-1,9.798024902E0,9.904559411E0
3.732751300E1,1.411265259E0,-4.116439819E-1,9.752519531E0,9.862695251E0
3.733754400E1,1.417103119E0,-4.269122314E-1,9.740993500E0,9.852785883E0
3.734757500E1,1.413809967E0,-4.430786133E-1,9.714498596E0,9.826833684E0
3.735760700E1,1.437460785E0,-4.471202087E-1,9.726473694E0,9.842281265E0
3.736763800E1,1.447938995E0,-4.433779907E-1,9.752818909E0,9.869680240E0
3.737767000E1,1.471440125E0,-4.245172119E-1,9.756860504E0,9.876319041E0
3.738770100E1,1.481020203E0,-4.067042542E-1,9.767787781E0,9.887795878E0
3.739773200E1,1.448388062E0,-3.694317627E-1,9.769284668E0,9.882976815E0
3.740776400E1,1.432521057E0,-3.421884155E-1,9.775421906E0,9.885751510E0
3.741779500E1,1.424288177E0,-3.201841736E-1,9.775272217E0,9.883676524E0
3.742782700E1,1.436712341E0,-3.064128113E-1,9.773176575E0,9.882965725E0
3.743785800E1,1.417552185E0,-2.862048340E-1,9.787995758E0,9.894252289E0
3.744788900E1,1.389560394E0,-2.604583740E-1,9.761949921E0,9.863791508E0
3.745792100E1,1.379082184E0,-2.863545227E-1,9.739496613E0,9.840816066E0
3.746795200E1,1.383572845E0,-3.324586487E-1,9.743089142E0,9.846450558E0
3.747798400E1,1.391506348E0,-3.493734741E-1,9.756411438E0,9.861334387E0
3.748801500E1,1.408421173E0,-3.646417236E-1,9.759105835E0,9.866952948E0
3.749804600E1,1.393751678E0,-4.173321533E-1,9.790540466E0,9.898049934E0
3.750807800E1,1.424138489E0,-4.800517273E-1,9.823771362E0,9.938063387E0
3.751810900E1,1.450932770E0,-4.813989258E-1,9.839937744E0,9.957977989E0
3.752814100E1,1.461410980E0,-4.605921936E-1,9.806856537E0,9.925840134E0
3.753817800E1,1.455124054E0,-4.370910645E-1,9.747280426E0,9.864984050E0
3.754823600E1,1.449884949E0,-4.083508301E-1,9.737999725E0,9.853809183E0
3.755829300E1,1.448388062E0,-3.736230469E-1,9.741741943E0,9.855909813E0
3.756835000E1,1.447340240E0,-3.558100891E-1,9.740095367E0,9.853469052E0
3.757840700E1,1.437011719E0,-3.450325012E-1,9.743837585E0,9.855273766E0
3.758846400E1,1.449435883E0,-3.435356140E-1,9.767039337E0,9.879976645E0
3.759852200E1,1.436862030E0,-3.415896606E-1,9.769584045E0,9.880588465E0
3.760857900E1,1.432820435E0,-3.385958862E-1,9.771380310E0,9.881674693E0
3.761863700E1,1.415007477E0,-3.444337463E-1,9.761500854E0,9.869537968E0
3.762869400E1,1.415306854E0,-3.634442139E-1,9.751022644E0,9.859899989E0
3.763875100E1,1.416055298E0,-3.637435913E-1,9.740694122E0,9.849804262E0
3.764880900E1,1.418600006E0,-3.728746033E-1,9.748028870E0,9.857764873E0
3.765886600E1,1.422791290E0,-3.915856934E-1,9.724976807E0,9.836302573E0
3.766892400E1,1.425485687E0,-4.138893127E-1,9.735904083E0,9.848408101E0
3.767898200E1,1.427581329E0,-4.311035156E-1,9.715247040E0,9.829031679E0
3.768903900E1,1.431473236E0,-4.331991577E-1,9.745933228E0,9.860019859E0
3.769909600E1,1.413211212E0,-4.477189636E-1,9.746981049E0,9.859069822E0
3.770915400E1,1.413061523E0,-4.550537109E-1,9.780361633E0,9.892385477E0
3.771921200E1,1.408720551E0,-4.331991577E-1,9.790540466E0,9.900850353E0
3.772927100E1,1.395997009E0,-4.189787292E-1,9.797426147E0,9.905246587E0
3.773932800E1,1.394200745E0,-4.029620361E-1,9.776469727E0,9.883599265E0
3.774938500E1,1.399290161E0,-3.941304016E-1,9.795480194E0,9.902766480E0
3.775944200E1,1.405128021E0,-3.900888062E-1,9.784103851E0,9.892180862E0
3.776949900E1,1.418749695E0,-3.695814514E-1,9.773925018E0,9.883271291E0
3.777955488E1,1.434467010E0,-3.722758484E-1,9.782307587E0,9.893928776E0
3.778961088E1,1.425785065E0,-3.622467041E-1,9.776469727E0,9.886528513E0
3.779966787E1,1.451232147E0,-3.764671326E-1,9.756261749E0,9.870787485E0
3.780972488E1,1.452729034E0,-3.631448364E-1,9.757459259E0,9.871692206E0
3.781978288E1,1.435365143E0,-3.757186890E-1,9.740544434E0,9.852900258E0
3.782983987E1,1.425036621E0,-3.776646423E-1,9.737400970E0,9.848367256E0
3.783989688E1,1.427281952E0,-3.960763550E-1,9.750573578E0,9.862438611E0
3.784995488E1,1.471290436E0,-4.002676392E-1,9.766739960E0,9.885045229E0
3.786001287E1,1.480122070E0,-3.992198181E-1,9.777517548E0,9.896968586E0
3.787007088E1,1.486408997E0,-3.888912964E-1,9.768835602E0,9.888922953E0
3.788012988E1,1.481020203E0,-3.890409851E-1,9.742939453E0,9.862537347E0
3.789018688E1,1.443747711E0,-3.838018799E-1,9.722731476E0,9.836829707E0
3.790024487E1,1.394949188E0,-3.908372498E-1,9.723330231E0,9.830655511E0
3.791030188E1,1.375339966E0,-4.309538269E-1,9.740245056E0,9.846301589E0
3.792035888E1,1.399739227E0,-4.317022705E-1,9.773925018E0,9.883078823E0
3.793041687E1,1.396446075E0,-4.267625427E-1,9.756561127E0,9.865225437E0
3.794047488E1,1.390308838E0,-3.894900513E-1,9.707463226E0,9.814250020E0
3.795053288E1,1.381776581E0,-4.019142151E-1,9.722132721E0,9.828057092E0
3.796059088E1,1.404529266E0,-4.706213379E-1,9.796228638E0,9.907587114E0
3.797064788E1,1.477876740E0,-4.954696655E-1,9.822573853E0,9.945479724E0
3.798069488E1,1.531016235E0,-5.037025452E-1,9.826765137E0,9.958064070E0
3.799074388E1,1.493743744E0,-4.677772522E-1,9.793534241E0,9.917832367E0
3.800078688E1,1.450783081E0,-4.064048767E-1,9.729467468E0,9.845429076E0
3.801082188E1,1.425635376E0,-4.179309082E-1,9.701026611E0,9.814123485E0
3.802085288E1,1.432221680E0,-4.125421143E-1,9.710007935E0,9.823731675E0
3.803088488E1,1.434766388E0,-3.703298950E-1,9.730066223E0,9.842250125E0
3.804091587E1,1.434017944E0,-2.881507874E-1,9.740544434E0,9.849753510E0
3.805094788E1,1.454974365E0,-2.736309814E-1,9.729617157E0,9.841609337E0
3.806097888E1,1.465602264E0,-2.661465454E-1,9.732910309E0,9.846236188E0
3.807100988E1,1.441352692E0,-2.983296204E-1,9.767039337E0,9.877325324E0
3.808104188E1,1.427431641E0,-3.188369751E-1,9.790540466E0,9.899186872E0
3.809107288E1,1.405277710E0,-3.549119568E-1,9.819131012E0,9.925527783E0
3.810110488E1,1.404379578E0,-3.841012573E-1,9.836494904E0,9.943663699E0
3.811113587E1,1.413360901E0,-4.183799744E-1,9.836195526E0,9.946022987E0
3.812116788E1,1.403780823E0,-4.469705200E-1,9.826316071E0,9.936139631E0
3.813119888E1,1.411265259E0,-4.555027771E-1,9.794432373E0,9.906061676E0
3.814122988E1,1.438508606E0,-4.569996643E-1,9.759554901E0,9.875579354E0
3.815126187E1,1.460961914E0,-4.707710266E-1,9.714049530E0,9.834571335E0
3.816129288E1,1.459914093E0,-4.493655396E-1,9.689350891E0,9.809016222E0
3.817132388E1,1.447489929E0,-4.348457336E-1,9.686806183E0,9.804005912E0
3.818135588E1,1.430126038E0,-4.406835938E-1,9.694140930E0,9.808966861E0
3.819138687E1,1.432670746E0,-4.496649170E-1,9.724078674E0,9.839331790E0
3.820141888E1,1.438957672E0,-4.577481079E-1,9.742490387E0,9.858815925E0
3.821144988E1,1.445693665E0,-4.402345276E-1,9.774523773E0,9.890659816E0
3.822148187E1,1.432820435E0,-4.293072510E-1,9.775571594E0,9.889341692E0
3.823151288E1,1.457668762E0,-4.104464722E-1,9.814340973E0,9.930486054E0
3.824154388E1,1.459614716E0,-3.631448364E-1,9.859097900E0,9.973172048E0
3.825157588E1,1.475032654E0,-3.281176758E-1,9.777966614E0,9.894039298E0
3.826160687E1,1.466201019E0,-3.213816833E-1,9.756710815E0,9.871496216E0
3.827163788E1,1.445543976E0,-3.595523071E-1,9.730964355E0,9.844315240E0
3.828166988E1,1.411265259E0,-3.507206726E-1,9.740544434E0,9.848496356E0
3.829170088E1,1.412163391E0,-3.550616455E-1,9.757908325E0,9.865954039E0
3.830173287E1,1.397643585E0,-3.671864319E-1,9.722282410E0,9.829089923E0
3.831176388E1,1.405277710E0,-3.852987671E-1,9.743687897E0,9.852041129E0
3.832179588E1,1.462758179E0,-4.668791199E-1,9.804311829E0,9.923818219E0
3.833182688E1,1.510808258E0,-5.023553467E-1,9.809550934E0,9.937916885E0
3.834185787E1,1.516047363E0,-4.534071350E-1,9.799372101E0,9.926312065E0
3.835188988E1,1.480870514E0,-4.240681458E-1,9.753567352E0,9.874456307E0
3.836192088E1,1.426533508E0,-4.076023865E-1,9.700876923E0,9.813671618E0
3.837195287E1,1.403930511E0,-4.111949158E-1,9.713151398E0,9.822698825E0
3.838198388E1,1.422791290E0,-4.281097412E-1,9.737700348E0,9.850402077E0
3.839201488E1,1.448537750E0,-4.005670166E-1,9.740993500E0,9.856250297E0
3.840204688E1,1.422192535E0,-3.975732422E-1,9.707463226E0,9.819141428E0
3.841207787E1,1.398242340E0,-4.005670166E-1,9.706565094E0,9.814934615E0
3.842210988E1,1.410816193E0,-4.016148376E-1,9.739646301E0,9.849487646E0
3.843214088E1,1.433119812E0,-4.270619202E-1,9.754166107E0,9.868129039E0
3.844217188E1,1.454375610E0,-4.406835938E-1,9.774074707E0,9.891508824E0
3.845220388E1,1.466201019E0,-4.330494690E-1,9.794132996E0,9.912735163E0
3.846223488E1,1.442550201E0,-4.346960449E-1,9.791288910E0,9.906525640E0
3.847226688E1,1.429976349E0,-4.290078735E-1,9.773026886E0,9.886401500E0
3.848229788E1,1.448687439E0,-4.384382629E-1,9.743987274E0,9.860842327E0
3.849232887E1,1.431622925E0,-4.267625427E-1,9.731563110E0,9.845556919E0
3.850236088E1,1.427132263E0,-4.254153442E-1,9.738748169E0,9.851949077E0
3.851239188E1,1.435215454E0,-4.040098572E-1,9.747130737E0,9.860508353E0
3.852242387E1,1.431622925E0,-3.894900513E-1,9.766739960E0,9.878788192E0
3.853245488E1,1.417402496E0,-3.769161987E-1,9.765243073E0,9.874769259E0
3.854248588E1,1.406325531E0,-3.755690002E-1,9.770182800E0,9.878019818E0
3.855251788E1,1.413510590E0,-3.668870544E-1,9.791438599E0,9.899741821E0
3.856254887E1,1.423839111E0,-3.781137085E-1,9.778864746E0,9.889210460E0
3.857258088E1,1.428030396E0,-3.887416077E-1,9.785001984E0,9.896294997E0
3.858261188E1,1.429976349E0,-3.847000122E-1,9.753118286E0,9.864894463E0
3.859264388E1,1.413809967E0,-3.879931641E-1,9.724677429E0,9.834569051E0
3.860267488E1,1.419647827E0,-4.176315308E-1,9.715845795E0,9.827892732E0
3.861270588E1,1.438508606E0,-4.472698975E-1,9.741592255E0,9.857381855E0
3.862273788E1,1.472787323E0,-4.578977966E-1,9.775721283E0,9.896640819E0
3.863276888E1,1.475781097E0,-4.602928162E-1,9.774224396E0,9.895719371E0
3.864280088E1,1.456022186E0,-4.531077576E-1,9.762548676E0,9.880924243E0
3.865283188E1,1.430575104E0,-4.429289246E-1,9.747430115E0,9.861801306E0
3.866286288E1,1.416654053E0,-4.505630493E-1,9.725725250E0,9.838681182E0
3.867289487E1,1.410816193E0,-4.625381470E-1,9.745334473E0,9.857783110E0
3.868292588E1,1.398092651E0,-4.496649170E-1,9.764943695E0,9.874765160E0
3.869295788E1,1.399888916E0,-4.113446045E-1,9.751920776E0,9.860469167E0
3.870298888E1,1.381028137E0,-3.863465881E-1,9.693542175E0,9.799043949E0
3.871301987E1,1.379082184E0,-3.915856934E-1,9.728868713E0,9.833925639E0
3.872305188E1,1.408720551E0,-4.349954224E-1,9.761650543E0,9.872362227E0
3.873308288E1,1.463656311E0,-4.564009094E-1,9.816735992E0,9.935738379E0
3.874311487E1,1.511856079E0,-4.454736328E-1,9.804910583E0,9.930781798E0
3.875314588E1,1.478325806E0,-4.643344116E-1,9.771080933E0,9.893183321E0
3.876317688E1,1.421144714E0,-4.420307922E-1,9.757309570E0,9.870163807E0
3.877320888E1,1.427431641E0,-4.264631653E-1,9.749076691E0,9.862247626E0
3.878323992E1,1.451830902E0,-4.305047607E-1,9.729168091E0,9.846311952E0
3.879327192E1,1.446591797E0,-4.046086121E-1,9.728719025E0,9.843998670E0
3.880330292E1,1.452429657E0,-3.447331238E-1,9.736203461E0,9.849977191E0
3.881333392E1,1.442699890E0,-2.959346008E-1,9.716294861E0,9.827275619E0
3.882336592E1,1.448238373E0,-2.905458069E-1,9.718839569E0,9.830445250E0
3.883339692E1,1.447639618E0,-3.200344849E-1,9.741891632E0,9.854061858E0
3.884342892E1,1.422791290E0,-3.740721130E-1,9.775122528E0,9.885205382E0
3.885345992E1,1.389710083E0,-4.026626587E-1,9.798324280E0,9.904574197E0
3.886349092E1,1.393452301E0,-4.248165894E-1,9.844578094E0,9.951778550E0
3.887352292E1,1.385818176E0,-4.508624268E-1,9.850266266E0,9.957485348E0
3.888355392E1,1.404229889E0,-4.421804810E-1,9.811197510E0,9.921037332E0
3.889358592E1,1.426832886E0,-4.447251892E-1,9.788444824E0,9.901882884E0
3.890361692E1,1.441502380E0,-4.513114929E-1,9.746082916E0,9.862441046E0
3.891364892E1,1.434167633E0,-4.540058899E-1,9.708061981E0,9.823921090E0
3.892367992E1,1.434616699E0,-4.486170959E-1,9.691147156E0,9.807023787E0
3.893371092E1,1.430126038E0,-4.354444885E-1,9.689051514E0,9.803702955E0
3.894374292E1,1.433419189E0,-4.311035156E-1,9.713151398E0,9.827810076E0
3.895377392E1,1.432820435E0,-4.239184570E-1,9.735005951E0,9.849011226E0
3.896380592E1,1.441053314E0,-4.026626587E-1,9.738299103E0,9.852575363E0
3.897383692E1,1.422042847E0,-3.953279114E-1,9.733209686E0,9.844483776E0
3.898386792E1,1.412013702E0,-3.870950317E-1,9.769434357E0,9.878535970E0
3.899389992E1,1.415755920E0,-3.870950317E-1,9.792336731E0,9.901720358E0
3.900393092E1,1.419198761E0,-3.604504395E-1,9.788295135E0,9.897210279E0
3.901396292E1,1.420545959E0,-3.347039795E-1,9.774074707E0,9.882434617E0
3.902399392E1,1.412163391E0,-3.234773254E-1,9.820178833E0,9.926467415E0
3.903402492E1,1.412762146E0,-3.100053406E-1,9.771230621E0,9.877699532E0
3.904405692E1,1.429227905E0,-3.197351074E-1,9.739945679E0,9.849439820E0
3.905408792E1,1.408271484E0,-3.582051086E-1,9.713750153E0,9.821836972E0
3.906411992E1,1.395847321E0,-3.604504395E-1,9.680369568E0,9.787127731E0
3.907415092E1,1.379231873E0,-3.685336304E-1,9.688602448E0,9.793217805E0
3.908418192E1,1.387464752E0,-4.135899353E-1,9.740843811E0,9.847850183E0
3.909421392E1,1.436562653E0,-4.538562012E-1,9.801916809E0,9.917019252E0
3.910424492E1,1.491947479E0,-4.858895874E-1,9.858948212E0,9.983028389E0
3.911427692E1,1.516197052E0,-4.903802490E-1,9.842781830E0,9.970941803E0
3.912430792E1,1.507964172E0,-4.580474854E-1,9.798324280E0,9.924259274E0
3.913433992E1,1.451681213E0,-4.102967834E-1,9.734407196E0,9.850604309E0
3.914437092E1,1.383572845E0,-3.944297791E-1,9.701325989E0,9.807424464E0
3.915440192E1,1.377734985E0,-3.832031250E-1,9.722881165E0,9.827482713E0
3.916443392E1,1.410516815E0,-3.718267822E-1,9.752669220E0,9.861154585E0
3.917446492E1,1.445244598E0,-3.204835510E-1,9.766590271E0,9.878143914E0
3.918449692E1,1.447040863E0,-3.053649902E-1,9.739795990E0,9.851436492E0
3.919452792E1,1.402134247E0,-3.186872864E-1,9.735455017E0,9.841068358E0
3.920455892E1,1.382824402E0,-3.341052246E-1,9.763297119E0,9.866397532E0
3.921459092E1,1.381177826E0,-3.586541748E-1,9.768236847E0,9.871916536E0
3.922462192E1,1.371747437E0,-3.826043701E-1,9.770631866E0,9.873870781E0
3.923465392E1,1.368154907E0,-4.111949158E-1,9.782307587E0,9.886074592E0
3.924468492E1,1.375789032E0,-4.165837097E-1,9.787696381E0,9.892691135E0
3.925471592E1,1.383123779E0,-4.114942932E-1,9.795330505E0,9.901053411E0
3.926474792E1,1.397194519E0,-4.114942932E-1,9.783205719E0,9.891036054E0
3.927477892E1,1.409918060E0,-3.981719971E-1,9.759554901E0,9.868906816E0
3.928481092E1,1.409768372E0,-3.990701294E-1,9.766141205E0,9.875435072E0
3.929484192E1,1.413061523E0,-3.836521912E-1,9.762548676E0,9.871741919E0
3.930487292E1,1.407073975E0,-3.667373657E-1,9.749675446E0,9.857511083E0
3.931490492E1,1.402882690E0,-3.519181824E-1,9.749825134E0,9.856521516E0
3.932493592E1,1.403331757E0,-3.710783386E-1,9.754166107E0,9.861581800E0
3.933496792E1,1.384770355E0,-3.664379883E-1,9.765093384E0,9.869595459E0
3.934499892E1,1.393302612E0,-3.650907898E-1,9.772877197E0,9.878446850E0
3.935503092E1,1.417252808E0,-3.556604004E-1,9.775122528E0,9.883730079E0
3.936506192E1,1.420545959E0,-3.671864319E-1,9.769134979E0,9.878703100E0
3.937509292E1,1.412313080E0,-3.716770935E-1,9.769134979E0,9.877690537E0
3.938512492E1,1.430126038E0,-3.808081055E-1,9.782457275E0,9.893773074E0
3.939515592E1,1.432371368E0,-3.826043701E-1,9.770033112E0,9.881883466E0
3.940518792E1,1.413360901E0,-3.881428528E-1,9.760453033E0,9.869887909E0
3.941521892E1,1.424587555E0,-3.811074829E-1,9.779912567E0,9.890469273E0
3.942524992E1,1.431922302E0,-3.773652649E-1,9.812844086E0,9.923946547E0
3.943528192E1,1.428329773E0,-3.620970154E-1,9.791139221E0,9.901396237E0
3.944531292E1,1.423689423E0,-3.411405945E-1,9.749974823E0,9.859273681E0
3.945534492E1,1.386117554E0,-3.314108276E-1,9.709558868E0,9.813597120E0
3.946537592E1,1.344803467E0,-3.335064697E-1,9.730664978E0,9.828812942E0
3.947540692E1,1.353335724E0,-3.537144470E-1,9.770332489E0,9.869955848E0
3.948543892E1,1.364263000E0,-3.516188049E-1,9.761500854E0,9.862644080E0
3.949546992E1,1.357077942E0,-3.350033569E-1,9.720186768E0,9.820179152E0
3.950550192E1,1.362317047E0,-3.543132019E-1,9.779463501E0,9.880250602E0
3.951553292E1,1.405427399E0,-4.017645264E-1,9.838291168E0,9.946286444E0
3.952556392E1,1.462009735E0,-4.007167053E-1,9.867630157E0,9.983394777E0
3.953559592E1,1.482367401E0,-3.894900513E-1,9.820178833E0,9.939065747E0
3.954562692E1,1.432670746E0,-3.601510620E-1,9.737700348E0,9.849114799E0
3.955565892E1,1.384470978E0,-3.682342529E-1,9.700727234E0,9.805940303E0
3.956568992E1,1.373543701E0,-4.227209473E-1,9.727072449E0,9.832662596E0
3.957572192E1,1.427431641E0,-4.619393921E-1,9.775272217E0,9.889736903E0
3.958575292E1,1.458117828E0,-4.652325439E-1,9.805209961E0,9.923945349E0
3.959578392E1,1.466650085E0,-3.939807129E-1,9.791737976E0,9.908804967E0
3.960581592E1,1.434317322E0,-3.344046021E-1,9.768087158E0,9.878492767E0
3.961584692E1,1.411115570E0,-2.893482971E-1,9.744436340E0,9.850330410E0
3.962587892E1,1.393302612E0,-2.827619934E-1,9.725874939E0,9.829236483E0
3.963590992E1,1.398841095E0,-2.727328491E-1,9.760303345E0,9.863805604E0
3.964594092E1,1.398841095E0,-2.441423035E-1,9.772727509E0,9.875351378E0
3.965597292E1,1.414857788E0,-2.580633545E-1,9.781559143E0,9.886724358E0
3.966600392E1,1.385967865E0,-2.655477905E-1,9.793683929E0,9.894830340E0
3.967603592E1,1.368154907E0,-2.769241333E-1,9.789043579E0,9.888069024E0
3.968606692E1,1.359622650E0,-3.191363525E-1,9.792935486E0,9.892017347E0
3.969609792E1,1.370998993E0,-3.617976379E-1,9.784702606E0,9.886907548E0
3.970612992E1,1.385069733E0,-3.595523071E-1,9.773775330E0,9.877974500E0
3.971616092E1,1.386865997E0,-4.053570557E-1,9.757459259E0,9.863859429E0
3.972619292E1,1.390757904E0,-4.132905579E-1,9.752369843E0,9.859702540E0
3.973622392E1,1.411414948E0,-4.224215698E-1,9.753717041E0,9.864356454E0
3.974625592E1,1.429078217E0,-4.144880676E-1,9.746382294E0,9.859311980E0
3.975628692E1,1.436412964E0,-3.869453430E-1,9.746232605E0,9.859110451E0
3.976631792E1,1.433718567E0,-3.725752258E-1,9.758656769E0,9.870447972E0
3.977634992E1,1.415905609E0,-3.597019958E-1,9.775421906E0,9.883979343E0
3.978638104E1,1.419647827E0,-3.555107117E-1,9.779613190E0,9.888509592E0
3.979641304E1,1.432970123E0,-3.278182983E-1,9.788744202E0,9.898503991E0
3.980644404E1,1.422042847E0,-3.040177917E-1,9.797575836E0,9.904904085E0
3.981647504E1,1.412612457E0,-2.891986084E-1,9.771979065E0,9.877787436E0
3.982650704E1,1.396595764E0,-2.710862732E-1,9.753866730E0,9.857072774E0
3.983653804E1,1.344803467E0,-2.694396973E-1,9.771529999E0,9.867314358E0
3.984657004E1,1.341660004E0,-2.589614868E-1,9.747729492E0,9.843035247E0
3.985660104E1,1.359922028E0,-2.628533936E-1,9.748477936E0,9.846385220E0
3.986663204E1,1.389410706E0,-3.047662354E-1,9.760303345E0,9.863410462E0
3.987666404E1,1.414408722E0,-3.453318787E-1,9.777068481E0,9.884881093E0
3.988669504E1,1.423240356E0,-3.728746033E-1,9.784103851E0,9.894106163E0
3.989672704E1,1.420396271E0,-3.926335144E-1,9.809251556E0,9.919329753E0
3.990675804E1,1.413360901E0,-4.147874451E-1,9.795480194E0,9.905608002E0
3.991678904E1,1.432970123E0,-4.059558105E-1,9.806108093E0,9.918566400E0
3.992682104E1,1.450783081E0,-3.800596619E-1,9.773326263E0,9.887725883E0
3.993685204E1,1.429826660E0,-3.686833191E-1,9.742789764E0,9.854049120E0
3.994688404E1,1.407223663E0,-3.240760803E-1,9.719588013E0,9.826275738E0
3.995691504E1,1.378034363E0,-3.213816833E-1,9.722731476E0,9.825160164E0
3.996694704E1,1.372944946E0,-3.104544067E-1,9.739795990E0,9.840984996E0
3.997697804E1,1.385518799E0,-3.155438232E-1,9.765093384E0,9.867941986E0
3.998700904E1,1.401834869E0,-3.210823059E-1,9.798324280E0,9.903302153E0
3.999704104E1,1.399290161E0,-3.351530457E-1,9.815388794E0,9.920292218E0
4.000707204E1,1.408421173E0,-3.231779480E-1,9.801018677E0,9.906970339E0
4.001710404E1,1.416504364E0,-3.327580261E-1,9.781708832E0,9.889339725E0
4.002713504E1,1.390757904E0,-3.405418396E-1,9.735155640E0,9.839889817E0
4.003716604E1,1.385668488E0,-3.472778320E-1,9.718091125E0,9.822523819E0
4.004719804E1,1.377435608E0,-3.637435913E-1,9.742789764E0,9.846399883E0
4.005722904E1,1.385369110E0,-3.502716064E-1,9.760602722E0,9.864649171E0
4.006726104E1,1.400337982E0,-3.436853027E-1,9.770033112E0,9.875860117E0
4.007729204E1,1.400637360E0,-3.513194275E-1,9.781559143E0,9.887573495E0
4.008732304E1,1.388063507E0,-3.433859253E-1,9.784403229E0,9.888335590E0
4.009735504E1,1.387614441E0,-3.577560425E-1,9.778864746E0,9.883302026E0
4.010738604E1,1.372046814E0,-3.447331238E-1,9.778265991E0,9.880072833E0
4.011741804E1,1.369352417E0,-3.441343689E-1,9.787846069E0,9.889159984E0
4.012744904E1,1.373094635E0,-3.354524231E-1,9.781259766E0,9.882861924E0
4.013748104E1,1.374292145E0,-3.365002441E-1,9.788893890E0,9.890619541E0
4.014751204E1,1.376986542E0,-3.243754578E-1,9.773475952E0,9.875330048E0
4.015754304E1,1.387764130E0,-3.134481812E-1,9.773925018E0,9.876930156E0
4.016757504E1,1.400637360E0,-3.275189209E-1,9.755513306E0,9.860988465E0
4.017760604E1,1.413959656E0,-3.448828125E-1,9.761051788E0,9.868959321E0
4.018763804E1,1.393901367E0,-3.456312561E-1,9.757309570E0,9.862429317E0
4.019766904E1,1.407223663E0,-3.528163147E-1,9.761201477E0,9.868425004E0
4.020770004E1,1.411414948E0,-3.511697388E-1,9.780960388E0,9.888508404E0
4.021773204E1,1.406026154E0,-3.558100891E-1,9.772278442E0,9.879318616E0
4.022776304E1,1.398541718E0,-3.691323853E-1,9.771380310E0,9.877856590E0
4.023779504E1,1.401535492E0,-3.600013733E-1,9.794132996E0,9.900451700E0
4.024782604E1,1.413510590E0,-3.525169373E-1,9.804012451E0,9.911656800E0
4.025785804E1,1.403481445E0,-3.472778320E-1,9.773775330E0,9.880133919E0
4.026788904E1,1.376836853E0,-3.333567810E-1,9.767638092E0,9.869830817E0
4.027792004E1,1.375040588E0,-3.302133179E-1,9.747280426E0,9.849327549E0
4.028795204E1,1.387764130E0,-3.332070923E-1,9.756112061E0,9.859951257E0
4.029798304E1,1.384321289E0,-3.330574036E-1,9.788145447E0,9.891160900E0
4.030801504E1,1.395098877E0,-3.095562744E-1,9.782606964E0,9.886431357E0
4.031804604E1,1.391206970E0,-2.890489197E-1,9.760453033E0,9.863338660E0
4.032807704E1,1.368154907E0,-2.841091919E-1,9.729467468E0,9.829298200E0
4.033810904E1,1.359023895E0,-3.231779480E-1,9.738748169E0,9.838424967E0
4.034814004E1,1.349144440E0,-3.580554199E-1,9.767787781E0,9.867019435E0
4.035817204E1,1.346150665E0,-3.761677551E-1,9.788893890E0,9.888178163E0
4.036820304E1,1.356179810E0,-3.571572876E-1,9.738299103E0,9.838762850E0
4.037823404E1,1.367406464E0,-3.574566650E-1,9.759255524E0,9.861067086E0
4.038826604E1,1.416953430E0,-3.971241760E-1,9.808503113E0,9.918275956E0
4.039829704E1,1.449435883E0,-4.049079895E-1,9.795480194E0,9.910411045E0
4.040832904E1,1.457668762E0,-3.782633972E-1,9.810898132E0,9.925804934E0
4.041836004E1,1.444047089E0,-3.588038635E-1,9.731563110E0,9.844660115E0
4.042839104E1,1.406175842E0,-3.680845642E-1,9.702972565E0,9.811243211E0
4.043842304E1,1.396146698E0,-3.981719971E-1,9.734407196E0,9.842075492E0
4.044845404E1,1.434766388E0,-4.474195862E-1,9.777816925E0,9.892645889E0
4.045848604E1,1.483714600E0,-4.433779907E-1,9.811945953E0,9.933391991E0
4.046851704E1,1.470541992E0,-3.957769775E-1,9.814490662E0,9.931936373E0
4.047854904E1,1.444945221E0,-3.387455750E-1,9.768985291E0,9.881077313E0
4.048858004E1,1.383423157E0,-2.808160400E-1,9.722132721E0,9.824081734E0
4.049861104E1,1.372495880E0,-2.540217590E-1,9.691895599E0,9.791890129E0
4.050864304E1,1.373992767E0,-2.315684509E-1,9.731114044E0,9.830364216E0
4.051867404E1,1.367107086E0,-2.420466614E-1,9.757908325E0,9.856182996E0
4.052870604E1,1.368753662E0,-2.375559998E-1,9.774224396E0,9.872455722E0
4.053873704E1,1.354383545E0,-2.502795410E-1,9.784702606E0,9.881163885E0
4.054876804E1,1.353485413E0,-2.790197754E-1,9.791288910E0,9.888332181E0
4.055880004E1,1.347497864E0,-3.222798157E-1,9.810149689E0,9.907504816E0
4.056883104E1,1.377285919E0,-3.691323853E-1,9.827962646E0,9.930862249E0
4.057886304E1,1.395847321E0,-4.043092346E-1,9.814041595E0,9.921051766E0
4.058889404E1,1.421743469E0,-4.206253052E-1,9.784403229E0,9.896101590E0
4.059892504E1,1.421593781E0,-4.302053833E-1,9.748028870E0,9.860531040E0
4.060895704E1,1.415157166E0,-4.194277954E-1,9.733658752E0,9.844932818E0
4.061898804E1,1.410666504E0,-4.177812195E-1,9.729317780E0,9.839926097E0
4.062902004E1,1.432371368E0,-4.126918030E-1,9.730664978E0,9.844178136E0
4.063905104E1,1.440604248E0,-3.953279114E-1,9.737101593E0,9.851028991E0
4.064908304E1,1.436712341E0,-3.749702454E-1,9.747579803E0,9.860023178E0
4.065911404E1,1.436562653E0,-3.375480652E-1,9.784852295E0,9.895503291E0
4.066914504E1,1.445094910E0,-3.062631226E-1,9.792785797E0,9.903572591E0
4.067917704E1,1.433868256E0,-2.935395813E-1,9.806108093E0,9.914731444E0
4.068920804E1,1.428479462E0,-2.779719543E-1,9.786199493E0,9.893812334E0
4.069924004E1,1.394799500E0,-2.640509033E-1,9.783954163E0,9.886402155E0
4.070927104E1,1.341809692E0,-2.517764282E-1,9.785151672E0,9.879931066E0
4.071930204E1,1.323098602E0,-2.519261169E-1,9.743089142E0,9.835743119E0
4.072933404E1,1.340761871E0,-2.764750671E-1,9.725725250E0,9.821599284E0
4.073936504E1,1.352437592E0,-3.356021118E-1,9.753118286E0,9.852158775E0
4.074939704E1,1.392254791E0,-3.998185730E-1,9.769883423E0,9.876682155E0
4.075942804E1,1.432221680E0,-4.284091187E-1,9.809550934E0,9.922806198E0
4.076946004E1,1.434766388E0,-4.418811035E-1,9.834399261E0,9.948327615E0
4.077949104E1,1.444645844E0,-4.426295471E-1,9.817783813E0,9.933368086E0
4.078952263E1,1.458267517E0,-4.326004028E-1,9.789492645E0,9.906959852E0
4.079955463E1,1.453776855E0,-4.052073669E-1,9.751022644E0,9.867122314E0
4.080958563E1,1.433868256E0,-3.695814514E-1,9.708960114E0,9.821225744E0
4.081961763E1,1.405277710E0,-3.347039795E-1,9.703122253E0,9.810066955E0
4.082964862E1,1.378633118E0,-3.219804382E-1,9.711804199E0,9.814450646E0
4.083967963E1,1.389859772E0,-3.186872864E-1,9.733509064E0,9.837401611E0
4.084971163E1,1.384920044E0,-3.167413330E-1,9.793234863E0,9.895745434E0
4.085974263E1,1.394350433E0,-3.016227722E-1,9.825567627E0,9.928593486E0
4.086977462E1,1.408421173E0,-3.106040955E-1,9.820029144E0,9.925376441E0
4.087980563E1,1.390757904E0,-3.270698547E-1,9.810748444E0,9.914230543E0
4.088983663E1,1.376238098E0,-3.276686096E-1,9.794282684E0,9.895927007E0
4.089986863E1,1.391506348E0,-3.586541748E-1,9.774823151E0,9.879883115E0
4.090989962E1,1.398990784E0,-3.785627747E-1,9.754615173E0,9.861693676E0
4.091993163E1,1.405277710E0,-3.808081055E-1,9.742490387E0,9.850682169E0
4.092996263E1,1.388811951E0,-3.838018799E-1,9.725874939E0,9.832026538E0
4.093999462E1,1.399589539E0,-3.891906738E-1,9.741891632E0,9.849607750E0
4.095002563E1,1.413510590E0,-3.785627747E-1,9.757758636E0,9.866872634E0
4.096005663E1,1.404379578E0,-3.697311401E-1,9.760153656E0,9.867602673E0
4.097008863E1,1.393152924E0,-3.722758484E-1,9.772128754E0,9.877953470E0
4.098011962E1,1.373992767E0,-3.755690002E-1,9.775571594E0,9.878800949E0
4.099015163E1,1.356329498E0,-3.600013733E-1,9.789193268E0,9.889263650E0
4.100018263E1,1.380429382E0,-3.519181824E-1,9.780810699E0,9.884011818E0
4.101021363E1,1.376836853E0,-3.390449524E-1,9.776320038E0,9.878616537E0
4.102024562E1,1.384770355E0,-3.258723450E-1,9.784702606E0,9.887577399E0
4.103027663E1,1.390608215E0,-3.373983765E-1,9.770931244E0,9.875157024E0
4.104030863E1,1.392254791E0,-3.442840576E-1,9.762099609E0,9.866888755E0
4.105033963E1,1.402433624E0,-3.511697388E-1,9.765542450E0,9.871978505E0
4.106037163E1,1.405128021E0,-3.617976379E-1,9.764644318E0,9.871857016E0
4.107040263E1,1.414558411E0,-3.549119568E-1,9.762398987E0,9.870733102E0
4.108043363E1,1.416055298E0,-3.565585327E-1,9.769434357E0,9.877965086E0
4.109046562E1,1.412911835E0,-3.670367432E-1,9.765542450E0,9.874049583E0
4.110049663E1,1.417252808E0,-3.888912964E-1,9.771979065E0,9.881873143E0
4.111052863E1,1.417552185E0,-3.830534363E-1,9.755213928E0,9.865109372E0
4.112055963E1,1.439706116E0,-3.769161987E-1,9.778265991E0,9.890869796E0
4.113059062E1,1.437011719E0,-3.847000122E-1,9.775421906E0,9.887965929E0
4.114062263E1,1.419498138E0,-3.706292725E-1,9.772278442E0,9.881789665E0
4.115065363E1,1.388063507E0,-3.632945251E-1,9.748178558E0,9.853207012E0
4.116068563E1,1.370849304E0,-3.478765869E-1,9.753717041E0,9.855721285E0
4.117071662E1,1.369202728E0,-3.326083374E-1,9.756561127E0,9.857780147E0
4.118074763E1,1.397493896E0,-3.326083374E-1,9.785301361E0,9.890184034E0
4.119077963E1,1.400637360E0,-3.240760803E-1,9.767638092E0,9.872870110E0
4.120081063E1,1.379980316E0,-3.005749512E-1,9.752369843E0,9.854106176E0
4.121084263E1,1.349294128E0,-3.164419556E-1,9.732311554E0,9.830494308E0
4.122087363E1,1.339115295E0,-3.580554199E-1,9.751172333E0,9.849202776E0
4.123090563E1,1.358125763E0,-3.785627747E-1,9.774823151E0,9.875980103E0
4.124093662E1,1.375040588E0,-4.017645264E-1,9.780960388E0,9.885309174E0
4.125096763E1,1.373394012E0,-3.716770935E-1,9.761201477E0,9.864350422E0
4.126099963E1,1.392703857E0,-3.707789612E-1,9.770931244E0,9.876649151E0
4.127103063E1,1.420995026E0,-4.047583008E-1,9.797575836E0,9.908357503E0
4.128106262E1,1.444645844E0,-4.080514526E-1,9.803563385E0,9.917830541E0
4.129109363E1,1.450783081E0,-3.731739807E-1,9.812844086E0,9.926527057E0
4.130112463E1,1.426982574E0,-3.728746033E-1,9.742041321E0,9.853054543E0
4.131115663E1,1.403930511E0,-3.767665100E-1,9.734107819E0,9.842043940E0
4.132118762E1,1.416204987E0,-4.135899353E-1,9.738448792E0,9.849572481E0
4.133121963E1,1.450034637E0,-4.393363953E-1,9.777367859E0,9.894065856E0
4.134125063E1,1.468895416E0,-4.206253052E-1,9.794282684E0,9.912746980E0
4.135128262E1,1.457968140E0,-3.695814514E-1,9.786798248E0,9.901700940E0
4.136131363E1,1.408570862E0,-3.098556519E-1,9.748477936E0,9.854587990E0
4.137134463E1,1.389261017E0,-2.733316040E-1,9.718091125E0,9.820695060E0
4.138137663E1,1.387464752E0,-2.555186462E-1,9.706265717E0,9.808258886E0
4.139140762E1,1.391206970E0,-2.459385681E-1,9.732461243E0,9.834467167E0
4.140143963E1,1.393003235E0,-2.508782959E-1,9.770182800E0,9.872176552E0
4.141147063E1,1.363215179E0,-2.754272461E-1,9.801467743E0,9.899645737E0
4.142150163E1,1.348695374E0,-2.842588806E-1,9.810748444E0,9.907096817E0
4.143153363E1,1.343156891E0,-3.107537842E-1,9.829609222E0,9.925817640E0
4.144156463E1,1.370699615E0,-3.474275208E-1,9.825268250E0,9.926500869E0
4.145159663E1,1.400337982E0,-3.806584167E-1,9.820927277E0,9.927560620E0
4.146162763E1,1.438059540E0,-4.182302856E-1,9.795629883E0,9.909454910E0
4.147165862E1,1.430874481E0,-4.246669006E-1,9.748777313E0,9.862373085E0
4.148169063E1,1.442250824E0,-4.258644104E-1,9.729617157E0,9.845145908E0
4.149172163E1,1.430275726E0,-4.251159668E-1,9.703870697E0,9.817918249E0
4.150175362E1,1.428329773E0,-4.080514526E-1,9.702224121E0,9.815283227E0
4.151178463E1,1.459465027E0,-3.926335144E-1,9.718689880E0,9.835503659E0
4.152181663E1,1.460213470E0,-3.722758484E-1,9.746382294E0,9.862189438E0
4.153184763E1,1.432521057E0,-3.486250305E-1,9.746681671E0,9.857558500E0
4.154187862E1,1.418749695E0,-3.228785706E-1,9.769733734E0,9.877489484E0
4.155191063E1,1.395547943E0,-3.050656128E-1,9.809251556E0,9.912720877E0
4.156194163E1,1.391955414E0,-2.885998535E-1,9.802216187E0,9.904760064E0
4.157197363E1,1.378184052E0,-2.618055725E-1,9.810299377E0,9.910091186E0
4.158200463E1,1.346300354E0,-2.520758057E-1,9.794731750E0,9.890037256E0
4.159203563E1,1.349743195E0,-2.490820312E-1,9.749675446E0,9.845812300E0
4.160206763E1,1.346450043E0,-2.827619934E-1,9.745933228E0,9.842565547E0
4.161209863E1,1.361718292E0,-3.097059631E-1,9.730365601E0,9.830066592E0
4.162213063E1,1.369352417E0,-3.282673645E-1,9.737400970E0,9.838692147E0
4.163216163E1,1.404678955E0,-3.893403625E-1,9.776020660E0,9.884092717E0
4.164219363E1,1.452729034E0,-4.188290405E-1,9.814790039E0,9.930556023E0
4.165222462E1,1.472787323E0,-4.326004028E-1,9.828411713E0,9.947558615E0
4.166225563E1,1.500330048E0,-4.345463562E-1,9.819131012E0,9.942592952E0
4.167228763E1,1.484013977E0,-4.258644104E-1,9.795629883E0,9.916552969E0
4.168231863E1,1.453627167E0,-3.905378723E-1,9.734407196E0,9.850088082E0
4.169235063E1,1.410965881E0,-3.492237854E-1,9.707463226E0,9.815682567E0
4.170238163E1,1.401086426E0,-3.237767029E-1,9.703421631E0,9.809396815E0
4.171241263E1,1.400188293E0,-3.149450684E-1,9.708660736E0,9.814163792E0
4.172244462E1,1.400038605E0,-2.924917603E-1,9.733509064E0,9.838031217E0
4.173247563E1,1.418150940E0,-2.731819153E-1,9.763446808E0,9.869684596E0
4.174250763E1,1.435365143E0,-2.752775574E-1,9.766889648E0,9.875635890E0
4.175253863E1,1.422641602E0,-2.942880249E-1,9.790839844E0,9.898033108E0
4.176257062E1,1.401535492E0,-3.305126953E-1,9.806706848E0,9.911863578E0
4.177260163E1,1.380279694E0,-3.610491943E-1,9.787546692E0,9.890985734E0
4.178263200E1,1.382225647E0,-3.731739807E-1,9.783804474E0,9.888004680E0
4.179266400E1,1.386865997E0,-3.823049927E-1,9.774374084E0,9.879673231E0
4.180269500E1,1.408421173E0,-4.005670166E-1,9.773026886E0,9.882113066E0
4.181272700E1,1.418450317E0,-4.070036316E-1,9.756710815E0,9.867677498E0
4.182275800E1,1.412163391E0,-3.731739807E-1,9.772428131E0,9.880982534E0
4.183278900E1,1.393302612E0,-3.495231628E-1,9.773925018E0,9.878920431E0
4.184282100E1,1.383423157E0,-3.342549133E-1,9.764195251E0,9.867375278E0
4.185285200E1,1.359023895E0,-3.373983765E-1,9.778415680E0,9.878167685E0
4.186288400E1,1.338666229E0,-3.315605164E-1,9.773176575E0,9.870002027E0
4.187291500E1,1.351539459E0,-3.384461975E-1,9.779313812E0,9.878065771E0
4.188294700E1,1.367256775E0,-3.393443298E-1,9.794282684E0,9.895075491E0
4.189297800E1,1.377884674E0,-3.305126953E-1,9.789642334E0,9.891658195E0
4.190300900E1,1.393751678E0,-3.420387268E-1,9.787397003E0,9.892051068E0
4.191304100E1,1.404229889E0,-3.365002441E-1,9.789043579E0,9.894971864E0
4.192307200E1,1.425186310E0,-3.321592712E-1,9.772428131E0,9.881388434E0
4.193310400E1,1.419498138E0,-3.429368591E-1,9.782008209E0,9.890412795E0
4.194313500E1,1.419348450E0,-3.528163147E-1,9.792037354E0,9.900657802E0
4.195316600E1,1.426982574E0,-3.595523071E-1,9.773625641E0,9.883790533E0
4.196319800E1,1.416204987E0,-3.617976379E-1,9.760153656E0,9.868998606E0
4.197322900E1,1.429078217E0,-3.670367432E-1,9.757608948E0,9.868531446E0
4.198326100E1,1.421144714E0,-3.685336304E-1,9.759704590E0,9.869513819E0
4.199329200E1,1.436113586E0,-3.775149536E-1,9.778116302E0,9.890222353E0
4.200332300E1,1.427581329E0,-3.814068604E-1,9.781858521E0,9.892836588E0
4.201335500E1,1.431473236E0,-3.797602844E-1,9.781559143E0,9.893039612E0
4.202338600E1,1.419049072E0,-3.644920349E-1,9.766889648E0,9.876167684E0
4.203341800E1,1.393452301E0,-3.478765869E-1,9.757309570E0,9.862444803E0
4.204344900E1,1.382225647E0,-3.498225403E-1,9.763147430E0,9.866710257E0
4.205348100E1,1.412013702E0,-3.391946411E-1,9.800270233E0,9.907276737E0
4.206351200E1,1.424138489E0,-3.248245239E-1,9.780361633E0,9.888839926E0
4.207354300E1,1.400787048E0,-2.885998535E-1,9.765243073E0,9.869420778E0
4.208357500E1,1.390308838E0,-2.971321106E-1,9.742340698E0,9.845529363E0
4.209360600E1,1.363215179E0,-3.191363525E-1,9.748028870E0,9.848059224E0
4.210363800E1,1.342558136E0,-3.405418396E-1,9.776619415E0,9.874245201E0
4.211366900E1,1.338815918E0,-3.870950317E-1,9.805659027E0,9.904202117E0
4.212370000E1,1.361718292E0,-3.876937866E-1,9.793234863E0,9.895050898E0
4.213373200E1,1.364113312E0,-3.725752258E-1,9.797575836E0,9.899096408E0
4.214376300E1,1.387165375E0,-3.842509460E-1,9.790690155E0,9.895933017E0
4.215379500E1,1.434916077E0,-4.144880676E-1,9.817484436E0,9.930447380E0
4.216382600E1,1.451232147E0,-4.023632813E-1,9.815837860E0,9.930692013E0
4.217385800E1,1.462907867E0,-3.965254211E-1,9.787546692E0,9.904211331E0
4.218388900E1,1.460363159E0,-4.110452271E-1,9.752669220E0,9.869963305E0
4.219392000E1,1.453178101E0,-4.204756165E-1,9.740394745E0,9.857170797E0
4.220395200E1,1.458417206E0,-4.173321533E-1,9.739646301E0,9.857071418E0
4.221398300E1,1.469793549E0,-4.340972900E-1,9.742191010E0,9.861998743E0
4.222401500E1,1.462309113E0,-3.882925415E-1,9.745484161E0,9.862230000E0
4.223404600E1,1.427431641E0,-3.273692322E-1,9.737101593E0,9.846617650E0
4.224407700E1,1.392703857E0,-2.841091919E-1,9.706565094E0,9.810083995E0
4.225410900E1,1.386865997E0,-2.636018372E-1,9.688003693E0,9.790316582E0
4.226414000E1,1.397493896E0,-2.668949890E-1,9.708361359E0,9.812059029E0
4.227417200E1,1.390009460E0,-2.805166626E-1,9.769883423E0,9.872255973E0
4.228420300E1,1.406624908E0,-3.038681030E-1,9.809101868E0,9.914101518E0
4.229423500E1,1.407223663E0,-3.320095825E-1,9.850715332E0,9.956259406E0
4.230426600E1,1.395248566E0,-3.698808289E-1,9.857451324E0,9.962573814E0
4.231429700E1,1.388063507E0,-3.858975220E-1,9.843679962E0,9.948551271E0
4.232432900E1,1.394949188E0,-4.108955383E-1,9.834399261E0,9.941334277E0
4.233436000E1,1.419947205E0,-4.387376404E-1,9.780361633E0,9.892634354E0
4.234439200E1,1.452130280E0,-4.466711426E-1,9.736802216E0,9.854618960E0
4.235442300E1,1.470841370E0,-4.388873291E-1,9.712852020E0,9.833386537E0
4.236445400E1,1.466799774E0,-4.200265503E-1,9.693392487E0,9.812735693E0
4.237448600E1,1.471589813E0,-4.065545654E-1,9.685908051E0,9.805492234E0
4.238451700E1,1.470392303E0,-3.924838257E-1,9.694889374E0,9.813611825E0
4.239454900E1,1.463656311E0,-3.987707520E-1,9.717642059E0,9.835338078E0
4.240458000E1,1.487756195E0,-3.941304016E-1,9.747729492E0,9.868484561E0
4.241461200E1,1.480870514E0,-3.662882996E-1,9.755662994E0,9.874214149E0
4.242464300E1,1.478625183E0,-3.511697388E-1,9.781559143E0,9.898916703E0
4.243467400E1,1.467548218E0,-3.492237854E-1,9.770332489E0,9.886103983E0
4.244470600E1,1.460213470E0,-3.546125793E-1,9.787696381E0,9.902372135E0
4.245473700E1,1.453178101E0,-3.257226562E-1,9.821076965E0,9.933346596E0
4.246476900E1,1.422940979E0,-2.989283752E-1,9.767787781E0,9.875413780E0
4.247480000E1,1.428180084E0,-3.264710999E-1,9.793384552E0,9.902356422E0
4.248483100E1,1.435215454E0,-4.014651489E-1,9.796078949E0,9.908793087E0
4.249486300E1,1.453178101E0,-4.044589233E-1,9.798174591E0,9.913603731E0
4.250489400E1,1.458117828E0,-3.963757324E-1,9.787546692E0,9.903498956E0
4.251492600E1,1.436562653E0,-4.043092346E-1,9.752369843E0,9.865895588E0
4.252495700E1,1.454375610E0,-4.412823486E-1,9.774074707E0,9.891535518E0
4.253498900E1,1.487756195E0,-4.652325439E-1,9.771979065E0,9.895525992E0
4.254502000E1,1.503623199E0,-4.439767456E-1,9.766290894E0,9.891331351E0
4.255505100E1,1.493743744E0,-4.173321533E-1,9.732910309E0,9.855707969E0
4.256508300E1,1.494342499E0,-3.917353821E-1,9.710307312E0,9.832425144E0
4.257511400E1,1.481319580E0,-3.887416077E-1,9.701625366E0,9.821759643E0
4.258514600E1,1.469643860E0,-3.893403625E-1,9.700128479E0,9.818550377E0
4.259517700E1,1.459465027E0,-3.980223083E-1,9.712103577E0,9.829212370E0
4.260520800E1,1.474284210E0,-4.044589233E-1,9.736652527E0,9.855937468E0
4.261524000E1,1.481469269E0,-3.995191956E-1,9.756860504E0,9.876775470E0
4.262527100E1,1.477277985E0,-3.915856934E-1,9.759405212E0,9.878343976E0
4.263530300E1,1.467697906E0,-4.016148376E-1,9.760003967E0,9.877910157E0
4.264533400E1,1.450783081E0,-4.017645264E-1,9.762398987E0,9.877784178E0
4.265536600E1,1.446442108E0,-3.855981445E-1,9.757010193E0,9.871176658E0
4.266539700E1,1.448837128E0,-3.849993896E-1,9.749825134E0,9.864402856E0
4.267542800E1,1.455423431E0,-3.993695068E-1,9.753118286E0,9.869198026E0
4.268546000E1,1.472338257E0,-4.074526978E-1,9.751771088E0,9.870706003E0
4.269549100E1,1.487007751E0,-4.120930481E-1,9.751322021E0,9.872653843E0
4.270552300E1,1.486558685E0,-4.105961609E-1,9.745633850E0,9.866905547E0
4.271555400E1,1.491498413E0,-4.095483398E-1,9.736652527E0,9.858737231E0
4.272558500E1,1.466500397E0,-4.038601685E-1,9.736353149E0,9.854455799E0
4.273561700E1,1.470092926E0,-3.909869385E-1,9.748028870E0,9.866007847E0
4.274564800E1,1.460363159E0,-3.977229309E-1,9.747579803E0,9.864388279E0
4.275568000E1,1.465751953E0,-4.085005188E-1,9.765692139E0,9.883523886E0
4.276571100E1,1.487157440E0,-3.912863159E-1,9.764045563E0,9.884398211E0
4.277574300E1,1.470991058E0,-4.185296631E-1,9.763596497E0,9.882651381E0
4.278577388E1,1.478176117E0,-4.104464722E-1,9.777367859E0,9.896989097E0
4.279580488E1,1.479822693E0,-4.010160828E-1,9.765093384E0,9.884722449E0
4.280583687E1,1.490300903E0,-4.085005188E-1,9.751920776E0,9.873592471E0
4.281586788E1,1.475332031E0,-3.908372498E-1,9.739047546E0,9.857910807E0
4.282589988E1,1.491797791E0,-4.209246826E-1,9.724228363E0,9.846992205E0
4.283593088E1,1.506317596E0,-4.153862000E-1,9.739795990E0,9.864338007E0
4.284596187E1,1.519340515E0,-4.055067444E-1,9.739945679E0,9.866071819E0
4.285599388E1,1.531165924E0,-4.173321533E-1,9.761650543E0,9.889815799E0
4.286602488E1,1.525028687E0,-4.200265503E-1,9.764045563E0,9.891345740E0
4.287605688E1,1.511257324E0,-4.077520752E-1,9.742490387E0,9.867435300E0
4.288608787E1,1.481319580E0,-4.137396240E-1,9.725575562E0,9.846436319E0
4.289611988E1,1.457668762E0,-4.302053833E-1,9.735604706E0,9.853520887E0
4.290615088E1,1.463207245E0,-4.415817261E-1,9.770182800E0,9.889006108E0
4.291618188E1,1.471589813E0,-4.294569397E-1,9.746232605E0,9.866055941E0
4.292621388E1,1.459764404E0,-3.920347595E-1,9.711804199E0,9.828720373E0
4.293624488E1,1.449286194E0,-3.802093506E-1,9.678124237E0,9.793420157E0
4.294627688E1,1.437311096E0,-4.367916870E-1,9.713151398E0,9.828629622E0
4.295630787E1,1.488205261E0,-4.876858521E-1,9.796677704E0,9.921062767E0
4.296633888E1,1.539398804E0,-5.101391602E-1,9.814340973E0,9.947425766E0
4.297637088E1,1.542542267E0,-5.050497437E-1,9.788744202E0,9.922400160E0
4.298640188E1,1.487606506E0,-4.692741394E-1,9.759405212E0,9.883277869E0
4.299643387E1,1.463356934E0,-4.504133606E-1,9.721983032E0,9.841810798E0
4.300646488E1,1.496737518E0,-4.584965515E-1,9.717492371E0,9.842768933E0
4.301649688E1,1.488205261E0,-4.346960449E-1,9.729018402E0,9.851777232E0
4.302652788E1,1.483115845E0,-3.712280273E-1,9.733958130E0,9.853293040E0
4.303655887E1,1.488205261E0,-3.125500488E-1,9.726324005E0,9.844481758E0
4.304659088E1,1.482666779E0,-2.945874023E-1,9.711654510E0,9.828596840E0
4.305662188E1,1.496887207E0,-3.079096985E-1,9.730515289E0,9.849792256E0
4.306665387E1,1.479074249E0,-3.351530457E-1,9.738448792E0,9.855829395E0
4.307668488E1,1.480870514E0,-3.606001282E-1,9.789492645E0,9.907430352E0
4.308671588E1,1.494941254E0,-3.912863159E-1,9.809401245E0,9.930372960E0
4.309674788E1,1.497935028E0,-4.309538269E-1,9.812245331E0,9.935274983E0
4.310677887E1,1.489103394E0,-4.709207153E-1,9.813442841E0,9.936943978E0
4.311681088E1,1.500629425E0,-4.866380310E-1,9.783954163E0,9.910321100E0
4.312684188E1,1.510808258E0,-4.782554626E-1,9.770482178E0,9.898161035E0
4.313687388E1,1.502575378E0,-4.893324280E-1,9.729467468E0,9.856962829E0
4.314690488E1,1.503473511E0,-4.867877197E-1,9.701325989E0,9.829197364E0
4.315693588E1,1.494492188E0,-4.891827393E-1,9.720635834E0,9.847008056E0
4.316696788E1,1.523681488E0,-4.776567078E-1,9.711804199E0,9.842200060E0
4.317699888E1,1.523831177E0,-4.620890808E-1,9.721084900E0,9.850638528E0
4.318703088E1,1.513951721E0,-4.405339050E-1,9.734706573E0,9.861573506E0
4.319706188E1,1.490151215E0,-4.459226990E-1,9.752968597E0,9.876223679E0
4.320709288E1,1.471889191E0,-4.246669006E-1,9.746831360E0,9.866484750E0
4.321712487E1,1.479373627E0,-4.107458496E-1,9.743238831E0,9.863465993E0
4.322715588E1,1.490600281E0,-3.745211792E-1,9.786947937E0,9.906891805E0
4.323718788E1,1.487307129E0,-3.555107117E-1,9.810149689E0,9.928620613E0
4.324721888E1,1.501677246E0,-3.182382202E-1,9.770033112E0,9.889886608E0
4.325725088E1,1.503623199E0,-3.606001282E-1,9.744735718E0,9.866650363E0
4.326728188E1,1.482666779E0,-3.999682617E-1,9.733958130E0,9.854350119E0
4.327731288E1,1.473984833E0,-3.962260437E-1,9.735904083E0,9.854818856E0
4.328734487E1,1.454375610E0,-4.134402466E-1,9.768386536E0,9.884711264E0
4.329737588E1,1.471889191E0,-4.243675232E-1,9.743538208E0,9.863218663E0
4.330740788E1,1.505569153E0,-4.454736328E-1,9.769883423E0,9.895241651E0
4.331743888E1,1.561702423E0,-5.197192383E-1,9.807305603E0,9.944459047E0
4.332746988E1,1.594334564E0,-5.032534790E-1,9.802814941E0,9.944362601E0
4.333750188E1,1.559307404E0,-4.568499756E-1,9.749076691E0,9.883554411E0
4.334753288E1,1.487456818E0,-4.387376404E-1,9.686656494E0,9.810011852E0
4.335756488E1,1.441502380E0,-4.418811035E-1,9.686955872E0,9.803586185E0
4.336759587E1,1.467398529E0,-4.538562012E-1,9.724827118E0,9.845379950E0
4.337762788E1,1.523681488E0,-4.281097412E-1,9.763147430E0,9.890598110E0
4.338765888E1,1.529519348E0,-3.936813354E-1,9.730515289E0,9.857856878E0
4.339768988E1,1.505269775E0,-3.802093506E-1,9.691446533E0,9.815015647E0
4.340772188E1,1.455722809E0,-4.010160828E-1,9.707163849E0,9.823898044E0
4.341775288E1,1.452729034E0,-4.345463562E-1,9.734706573E0,9.852094410E0
4.342778488E1,1.472937012E0,-4.558021545E-1,9.736053772E0,9.857385155E0
4.343781587E1,1.476379852E0,-4.689747620E-1,9.749974823E0,9.872266399E0
4.344784788E1,1.466799774E0,-4.480183411E-1,9.765243073E0,9.884947864E0
4.345787888E1,1.490450592E0,-4.653822327E-1,9.774972839E0,9.898894767E0
4.346790988E1,1.503024445E0,-4.710704041E-1,9.781110077E0,9.907123909E0
4.347794187E1,1.495240631E0,-4.674778748E-1,9.765243073E0,9.890108815E0
4.348797288E1,1.494941254E0,-4.459226990E-1,9.759554901E0,9.883451233E0
4.349800488E1,1.492995300E0,-4.366419983E-1,9.748328247E0,9.871656133E0
4.350803588E1,1.481918335E0,-4.227209473E-1,9.751920776E0,9.872929341E0
4.351806687E1,1.477427673E0,-4.306544495E-1,9.744286652E0,9.865058446E0
4.352809888E1,1.481768646E0,-4.221221924E-1,9.729766846E0,9.850999357E0
4.353812988E1,1.484762421E0,-4.188290405E-1,9.711205444E0,9.832977595E0
4.354816187E1,1.488354950E0,-4.227209473E-1,9.732461243E0,9.854678853E0
4.355819288E1,1.484313354E0,-4.475692749E-1,9.728120270E0,9.850879574E0
4.356822488E1,1.505868530E0,-4.087998962E-1,9.734107819E0,9.858377778E0
4.357825588E1,1.508413239E0,-4.132905579E-1,9.696086884E0,9.821416417E0
4.358828687E1,1.490600281E0,-4.323010254E-1,9.704918518E0,9.828235692E0
4.359831888E1,1.513352966E0,-4.724176025E-1,9.734706573E0,9.862957349E0
4.360834988E1,1.526525574E0,-4.828958130E-1,9.745184784E0,9.875833897E0
4.361838188E1,1.532363434E0,-4.810995483E-1,9.760752411E0,9.892011024E0
4.362841287E1,1.534758453E0,-4.625381470E-1,9.773326263E0,9.903904851E0
4.363844388E1,1.503922577E0,-4.631369019E-1,9.746681671E0,9.872896359E0
4.364847588E1,1.471440125E0,-4.454736328E-1,9.746531982E0,9.867039499E0
4.365850688E1,1.469494171E0,-4.520599365E-1,9.761650543E0,9.881983234E0
4.366853888E1,1.491797791E0,-4.676275635E-1,9.781858521E0,9.906002842E0
4.367856988E1,1.480421448E0,-4.165837097E-1,9.728419647E0,9.849230350E0
4.368860188E1,1.447190552E0,-3.775149536E-1,9.688901825E0,9.803657308E0
4.369863287E1,1.464704132E0,-4.017645264E-1,9.708511047E0,9.826594511E0
4.370866388E1,1.494043121E0,-4.700225830E-1,9.761201477E0,9.886057877E0
4.371869588E1,1.550026703E0,-4.906796265E-1,9.796977081E0,9.930967184E0
4.372872688E1,1.574126587E0,-4.905299377E-1,9.774673462E0,9.912756197E0
4.373875887E1,1.542093201E0,-5.120851135E-1,9.749974823E0,9.884446957E0
4.374878988E1,1.490899658E0,-4.984634399E-1,9.754016418E0,9.879882787E0
4.375882088E1,1.502874756E0,-5.026547241E-1,9.735754395E0,9.863884019E0
4.376885288E1,1.528471527E0,-5.017565918E-1,9.737400970E0,9.869395247E0
4.377888387E1,1.504072266E0,-4.640350342E-1,9.736053772E0,9.862469515E0
4.378891588E1,1.492097168E0,-3.939807129E-1,9.732760620E0,9.854349499E0
4.379894688E1,1.508562927E0,-3.505709839E-1,9.739945679E0,9.862312302E0
4.380897887E1,1.500629425E0,-3.388952637E-1,9.718240814E0,9.839255215E0
4.381900988E1,1.510059814E0,-3.423381042E-1,9.729467468E0,9.851904041E0
4.382904088E1,1.502126312E0,-3.417393494E-1,9.748477936E0,9.869447366E0
4.383907288E1,1.479822693E0,-3.570075989E-1,9.769883423E0,9.887767783E0
4.384910387E1,1.462907867E0,-3.809577942E-1,9.795330505E0,9.911292952E0
4.385913588E1,1.459465027E0,-3.941304016E-1,9.769434357E0,9.885708097E0
4.386916688E1,1.458417206E0,-4.194277954E-1,9.756112061E0,9.873430152E0
4.387919788E1,1.457219696E0,-4.281097412E-1,9.739646301E0,9.857356505E0
4.388922987E1,1.474134521E0,-4.426295471E-1,9.725725250E0,9.846762166E0
4.389926088E1,1.498833160E0,-4.679269409E-1,9.721983032E0,9.847964792E0
4.390929288E1,1.496138763E0,-4.784051514E-1,9.728868713E0,9.854856119E0
4.391932388E1,1.501377869E0,-4.766088867E-1,9.721833344E0,9.848620974E0
4.392935588E1,1.503772888E0,-4.746629333E-1,9.742191010E0,9.868987966E0
4.393938688E1,1.506167908E0,-4.715194702E-1,9.768685913E0,9.895357338E0
4.394941788E1,1.501976624E0,-4.725672913E-1,9.741292877E0,9.867727223E0
4.395944987E1,1.487307129E0,-4.583468628E-1,9.751471710E0,9.874885562E0
4.396948088E1,1.478924561E0,-4.206253052E-1,9.767488403E0,9.887768869E0
4.397951288E1,1.470541992E0,-4.076023865E-1,9.771829376E0,9.890262019E0
4.398954388E1,1.490151215E0,-4.117936707E-1,9.775721283E0,9.897214319E0
4.399957588E1,1.491648102E0,-3.914360046E-1,9.748627625E0,9.869851912E0
4.400960688E1,1.464554443E0,-3.457809448E-1,9.777517548E0,9.892640374E0
4.401963788E1,1.467248840E0,-3.197351074E-1,9.745334473E0,9.860354643E0
4.402966988E1,1.485660553E0,-3.233276367E-1,9.728120270E0,9.846220190E0
4.403970088E1,1.484762421E0,-3.444337463E-1,9.715845795E0,9.834674044E0
4.404973288E1,1.469045105E0,-3.695814514E-1,9.669891357E0,9.787823192E0
4.405976388E1,1.438807983E0,-3.646417236E-1,9.714199219E0,9.826942478E0
4.406979488E1,1.426683197E0,-4.149371338E-1,9.743987274E0,9.856616345E0
4.407982688E1,1.470841370E0,-4.415817261E-1,9.780960388E0,9.900785568E0
4.408985788E1,1.518143005E0,-4.567002869E-1,9.819580078E0,9.946732441E0
4.409988988E1,1.538350983E0,-4.721182251E-1,9.840835876E0,9.971532987E0
4.410992087E1,1.535057831E0,-4.564009094E-1,9.808054047E0,9.937938846E0
4.411995288E1,1.507964172E0,-4.391867065E-1,9.762997742E0,9.888526979E0
4.412998388E1,1.458417206E0,-4.237687683E-1,9.704020386E0,9.822147034E0
4.414001488E1,1.420545959E0,-4.008663940E-1,9.728120270E0,9.839459775E0
4.415004688E1,1.435065765E0,-3.921844482E-1,9.738299103E0,9.851278689E0
4.416007788E1,1.451232147E0,-3.724255371E-1,9.732610931E0,9.847258048E0
4.417010988E1,1.467248840E0,-3.570075989E-1,9.735305328E0,9.851722866E0
4.418014087E1,1.461710358E0,-3.547622681E-1,9.745184784E0,9.860582128E0
4.419017188E1,1.436862030E0,-3.580554199E-1,9.772577820E0,9.884131394E0
4.420020388E1,1.448238373E0,-3.743714905E-1,9.770332489E0,9.884176513E0
4.421023488E1,1.428329773E0,-4.052073669E-1,9.782906342E0,9.894926753E0
4.422026687E1,1.438957672E0,-4.113446045E-1,9.786199493E0,9.899974954E0
4.423029788E1,1.461261292E0,-4.186793518E-1,9.788893890E0,9.906211211E0
4.424032988E1,1.449735260E0,-4.207749939E-1,9.779164124E0,9.894990393E0
4.425036088E1,1.464554443E0,-4.071533203E-1,9.767338715E0,9.884917759E0
4.426039187E1,1.458566895E0,-3.950285339E-1,9.761351166E0,9.877623272E0
4.427042388E1,1.449585571E0,-3.963757324E-1,9.754615173E0,9.869697525E0
4.428045488E1,1.436412964E0,-3.897894287E-1,9.748777313E0,9.861738037E0
4.429048687E1,1.437610474E0,-3.826043701E-1,9.764794006E0,9.877464855E0
4.430051788E1,1.434916077E0,-3.776646423E-1,9.791737976E0,9.903521966E0
4.431054988E1,1.456022186E0,-3.579057312E-1,9.789792023E0,9.903944919E0
4.432058088E1,1.463057556E0,-3.348536682E-1,9.787846069E0,9.902252020E0
4.433061187E1,1.461410980E0,-3.302133179E-1,9.784103851E0,9.898153922E0
4.434064388E1,1.455722809E0,-3.338058472E-1,9.767937469E0,9.881455239E0
4.435067488E1,1.452279968E0,-3.417393494E-1,9.765093384E0,9.878408358E0
4.436070688E1,1.450483704E0,-3.469784546E-1,9.739496613E0,9.853024474E0
4.437073787E1,1.456471252E0,-3.667373657E-1,9.723180542E0,9.838498089E0
4.438076888E1,1.455573120E0,-3.932322693E-1,9.730814667E0,9.846932457E0
4.439080088E1,1.444196777E0,-3.963757324E-1,9.737550659E0,9.852040951E0
4.440083188E1,1.441652069E0,-4.065545654E-1,9.739795990E0,9.854302270E0
4.441086388E1,1.456471252E0,-4.110452271E-1,9.756261749E0,9.872938266E0
4.442089488E1,1.478924561E0,-4.050576782E-1,9.766739960E0,9.886379470E0
4.443092688E1,1.469793549E0,-3.676354980E-1,9.761351166E0,9.878229878E0
4.444095787E1,1.442550201E0,-3.475772095E-1,9.729617157E0,9.842114154E0
4.445098888E1,1.428180084E0,-3.433859253E-1,9.717492371E0,9.827882286E0
4.446102088E1,1.409768372E0,-3.586541748E-1,9.757010193E0,9.864853146E0
4.447105188E1,1.427132263E0,-3.685336304E-1,9.770332489E0,9.880886624E0
4.448108387E1,1.409768372E0,-3.528163147E-1,9.717342682E0,9.825409661E0
4.449111488E1,1.397044830E0,-3.502716064E-1,9.714797974E0,9.820983867E0
4.450114688E1,1.427581329E0,-4.050576782E-1,9.789342957E0,9.901176480E0
4.451117788E1,1.473685455E0,-4.023632813E-1,9.815538483E0,9.933702267E0
4.452120887E1,1.507964172E0,-4.047583008E-1,9.847422180E0,9.970431727E0
4.453124088E1,1.509161682E0,-3.814068604E-1,9.774823151E0,9.897990089E0
4.454127188E1,1.468296661E0,-3.628454590E-1,9.696835327E0,9.814080052E0
4.455130387E1,1.436562653E0,-3.951782227E-1,9.689949646E0,9.803825897E0
4.456133488E1,1.466350708E0,-4.565505981E-1,9.733509064E0,9.853924170E0
4.457136588E1,1.506616974E0,-4.683760071E-1,9.785750427E0,9.912122992E0
4.458139788E1,1.534908142E0,-4.414320374E-1,9.814640350E0,9.943740265E0
4.459142887E1,1.495390320E0,-3.866459656E-1,9.802964630E0,9.923900587E0
4.460146088E1,1.459614716E0,-3.496728516E-1,9.742191010E0,9.857131017E0
4.461149188E1,1.441352692E0,-3.192860413E-1,9.719138947E0,9.830620683E0
4.462152388E1,1.443598022E0,-3.004252625E-1,9.726773071E0,9.837903484E0
4.463155487E1,1.448388062E0,-2.866539001E-1,9.759704590E0,9.870756411E0
4.464158588E1,1.456321564E0,-2.698887634E-1,9.774823151E0,9.886398741E0
4.465161788E1,1.451531525E0,-2.619552612E-1,9.785600739E0,9.896137941E0
4.466164888E1,1.411115570E0,-2.636018372E-1,9.782906342E0,9.887668561E0
4.467168088E1,1.400637360E0,-2.713856506E-1,9.783804474E0,9.887277945E0
4.468171188E1,1.393901367E0,-3.088078308E-1,9.779613190E0,9.883276655E0
4.469174288E1,1.394799500E0,-3.571572876E-1,9.774972839E0,9.880441335E0
4.470177487E1,1.412612457E0,-3.953279114E-1,9.771529999E0,9.881020020E0
4.471180588E1,1.418749695E0,-4.339476013E-1,9.757908325E0,9.870052487E0
4.472183788E1,1.429377594E0,-4.511618042E-1,9.746531982E0,9.861113171E0
4.473186888E1,1.453028412E0,-4.623884583E-1,9.762848053E0,9.881209276E0
4.474190088E1,1.467997284E0,-4.613406372E-1,9.770332489E0,9.890765802E0
4.475193188E1,1.471589813E0,-4.502636719E-1,9.762997742E0,9.883543841E0
4.476196288E1,1.492546234E0,-4.065545654E-1,9.775272217E0,9.896915064E0
4.477199488E1,1.499581604E0,-3.855981445E-1,9.776320038E0,9.898174801E0
4.478202587E1,1.498234406E0,-3.397933960E-1,9.760602722E0,9.880765729E0
4.479205875E1,1.494492188E0,-3.201841736E-1,9.764494629E0,9.883389103E0
4.480208975E1,1.483864288E0,-3.028202820E-1,9.753866730E0,9.870738044E0
4.481212175E1,1.454225922E0,-2.682421875E-1,9.704319763E0,9.816340915E0
4.482215275E1,1.414408722E0,-2.511776733E-1,9.727671204E0,9.833169850E0
4.483218375E1,1.371747437E0,-2.649490356E-1,9.704469452E0,9.804520201E0
4.484221575E1,1.390009460E0,-2.808160400E-1,9.750723267E0,9.853303414E0
4.485224675E1,1.402733002E0,-3.228785706E-1,9.773326263E0,9.878755827E0
4.486227875E1,1.436562653E0,-3.653901672E-1,9.791737976E0,9.903300198E0
4.487230975E1,1.445543976E0,-3.870950317E-1,9.803114319E0,9.916677382E0
4.488234075E1,1.424138489E0,-4.153862000E-1,9.810598755E0,9.922124977E0
4.489237275E1,1.407373352E0,-4.323010254E-1,9.796378326E0,9.906392494E0
4.490240375E1,1.428329773E0,-4.559518433E-1,9.802814941E0,9.916813944E0
4.491243575E1,1.451381836E0,-4.266128540E-1,9.792636108E0,9.908795573E0
4.492246675E1,1.463955688E0,-3.921844482E-1,9.771829376E0,9.888661399E0
4.493249875E1,1.451830902E0,-3.606001282E-1,9.724677429E0,9.839064820E0
4.494252975E1,1.426084442E0,-3.496728516E-1,9.712253265E0,9.822619377E0
4.495256075E1,1.418600006E0,-3.493734741E-1,9.719138947E0,9.828334023E0
4.496259275E1,1.423539734E0,-3.565585327E-1,9.744586029E0,9.854468846E0
4.497262375E1,1.435664520E0,-3.601510620E-1,9.782008209E0,9.893357671E0
4.498265575E1,1.447489929E0,-3.577560425E-1,9.793085175E0,9.905944363E0
4.499268675E1,1.461410980E0,-3.600013733E-1,9.794881439E0,9.909844875E0
4.500271875E1,1.454076233E0,-3.607498169E-1,9.791737976E0,9.905685777E0
4.501274975E1,1.446442108E0,-3.559597778E-1,9.758058014E0,9.871099145E0
4.502278075E1,1.424737244E0,-3.603007507E-1,9.724078674E0,9.834500440E0
4.503281275E1,1.416204987E0,-3.520678711E-1,9.730365601E0,9.839187114E0
4.504284375E1,1.398990784E0,-3.517684937E-1,9.730365601E0,9.836713425E0
4.505287575E1,1.400337982E0,-3.646417236E-1,9.744885406E0,9.851735971E0
4.506290675E1,1.410367126E0,-3.739224243E-1,9.758806458E0,9.867282143E0
4.507293775E1,1.411714325E0,-3.836521912E-1,9.773925018E0,9.882800039E0
4.508296975E1,1.416654053E0,-3.794609070E-1,9.774374084E0,9.883789153E0
4.509300075E1,1.412911835E0,-3.745211792E-1,9.779912567E0,9.888542652E0
4.510303275E1,1.419348450E0,-3.676354980E-1,9.791438599E0,9.900604815E0
4.511306375E1,1.435215454E0,-3.697311401E-1,9.782008209E0,9.893645896E0
4.512309575E1,1.415306854E0,-3.716770935E-1,9.787097626E0,9.895883856E0
4.513312675E1,1.412163391E0,-3.785627747E-1,9.760453033E0,9.869344387E0
4.514315775E1,1.410067749E0,-3.703298950E-1,9.763746185E0,9.871989407E0
4.515318975E1,1.417103119E0,-3.731739807E-1,9.749525757E0,9.859041158E0
4.516322075E1,1.412762146E0,-3.740721130E-1,9.753717041E0,9.862597170E0
4.517325275E1,1.422641602E0,-3.614982605E-1,9.759105835E0,9.868877181E0
4.518328375E1,1.431473236E0,-3.824546814E-1,9.772278442E0,9.883967481E0
4.519331575E1,1.427731018E0,-3.745211792E-1,9.761500854E0,9.872465797E0
4.520334675E1,1.437610474E0,-3.782633972E-1,9.772577820E0,9.884992884E0
4.521337775E1,1.442849579E0,-3.788621521E-1,9.769733734E0,9.882967605E0
4.522340975E1,1.423839111E0,-3.882925415E-1,9.741741943E0,9.852899320E0
4.523344075E1,1.420396271E0,-3.745211792E-1,9.759105835E0,9.869039385E0
4.524347275E1,1.439257050E0,-3.611988831E-1,9.784253540E0,9.896137773E0
4.525350375E1,1.450184326E0,-3.576063538E-1,9.797875214E0,9.911068337E0
4.526353475E1,1.450334015E0,-3.463796997E-1,9.794132996E0,9.906991914E0
4.527356675E1,1.406774597E0,-3.197351074E-1,9.767488403E0,9.873453044E0
4.528359775E1,1.358125763E0,-3.248245239E-1,9.734556885E0,9.834206338E0
4.529362975E1,1.350491638E0,-3.502716064E-1,9.748028870E0,9.847364353E0
4.530366075E1,1.346899109E0,-3.866459656E-1,9.781559143E0,9.881423560E0
4.531369275E1,1.358425140E0,-3.709286499E-1,9.744735718E0,9.845952526E0
4.532372375E1,1.385518799E0,-3.535647583E-1,9.726623383E0,9.831168435E0
4.533375475E1,1.412163391E0,-3.842509460E-1,9.802814941E0,9.911459782E0
4.534378675E1,1.450034637E0,-4.119433594E-1,9.826166382E0,9.941118828E0
4.535381775E1,1.467548218E0,-3.986210632E-1,9.836195526E0,9.953056764E0
4.536384975E1,1.464105377E0,-3.823049927E-1,9.794582062E0,9.910781979E0
4.537388075E1,1.420695648E0,-3.739224243E-1,9.710756378E0,9.821251628E0
4.538391275E1,1.403182068E0,-3.951782227E-1,9.712103577E0,9.820898209E0
4.539394375E1,1.417552185E0,-4.580474854E-1,9.735604706E0,9.848921803E0
4.540397475E1,1.487756195E0,-4.748126221E-1,9.791737976E0,9.915492833E0
4.541400675E1,1.500629425E0,-4.474195862E-1,9.800868988E0,9.925175358E0
4.542403775E1,1.495240631E0,-3.796105957E-1,9.787546692E0,9.908376204E0
4.543406975E1,1.466350708E0,-3.399430847E-1,9.727970581E0,9.843736959E0
4.544410075E1,1.433119812E0,-3.094065857E-1,9.699080658E0,9.809267579E0
4.545413275E1,1.432221680E0,-2.923420715E-1,9.716145172E0,9.825487257E0
4.546416375E1,1.415306854E0,-2.758763123E-1,9.744286652E0,9.850397128E0
4.547419475E1,1.423390045E0,-2.574645996E-1,9.758507080E0,9.865129886E0
4.548422675E1,1.403930511E0,-2.706372070E-1,9.766889648E0,9.870987731E0
4.549425775E1,1.361119537E0,-2.655477905E-1,9.786947937E0,9.884711020E0
4.550428975E1,1.351090393E0,-3.132984924E-1,9.807455292E0,9.905038137E0
4.551432075E1,1.360371094E0,-3.320095825E-1,9.800868988E0,9.900397608E0
4.552435175E1,1.395697632E0,-3.782633972E-1,9.809550934E0,9.915560731E0
4.553438375E1,1.435215454E0,-4.231700134E-1,9.789342957E0,9.903037503E0
4.554441475E1,1.438658295E0,-4.296066284E-1,9.783804474E0,9.898339736E0
4.555444675E1,1.431922302E0,-4.381388855E-1,9.767638092E0,9.881756982E0
4.556447775E1,1.428778839E0,-4.526586914E-1,9.745184784E0,9.859763452E0
4.557450975E1,1.450483704E0,-4.614903259E-1,9.762548676E0,9.880497606E0
4.558454075E1,1.468296661E0,-4.420307922E-1,9.764644318E0,9.884309028E0
4.559457175E1,1.451830902E0,-3.906875610E-1,9.781708832E0,9.896579076E0
4.560460375E1,1.452279968E0,-3.603007507E-1,9.782606964E0,9.896379780E0
4.561463475E1,1.450184326E0,-3.251239014E-1,9.783954163E0,9.896186093E0
4.562466675E1,1.448537750E0,-2.826123047E-1,9.783804474E0,9.894491463E0
4.563469775E1,1.434167633E0,-2.616558838E-1,9.756261749E0,9.864580271E0
4.564472975E1,1.414558411E0,-2.785707092E-1,9.766290894E0,9.872133252E0
4.565476075E1,1.377285919E0,-2.603086853E-1,9.773475952E0,9.873475037E0
4.566479175E1,1.368154907E0,-2.591111755E-1,9.747130737E0,9.846092832E0
4.567482375E1,1.360520782E0,-2.847079468E-1,9.724228363E0,9.823069412E0
4.568485475E1,1.375639343E0,-3.342549133E-1,9.764494629E0,9.866583264E0
4.569488675E1,1.384770355E0,-3.758683777E-1,9.798473969E0,9.902977233E0
4.570491775E1,1.407822418E0,-4.159849548E-1,9.807604980E0,9.916860536E0
4.571494875E1,1.420396271E0,-4.320016479E-1,9.841284943E0,9.952639866E0
4.572498075E1,1.432071991E0,-4.426295471E-1,9.844428406E0,9.957887413E0
4.573501175E1,1.445244598E0,-4.375401306E-1,9.812844086E0,9.928347414E0
4.574504375E1,1.475332031E0,-4.090992737E-1,9.762698364E0,9.882016301E0
4.575507475E1,1.457968140E0,-3.870950317E-1,9.735904083E0,9.852072979E0
4.576510675E1,1.439406738E0,-3.570075989E-1,9.725425873E0,9.837848067E0
4.577513775E1,1.416953430E0,-3.390449524E-1,9.711804199E0,9.820481114E0
4.578516875E1,1.409319305E0,-3.276686096E-1,9.705217896E0,9.812481950E0
4.579519975E1,1.420695648E0,-3.143463135E-1,9.731114044E0,9.839297245E0
4.580523075E1,1.431772614E0,-3.263214111E-1,9.774972839E0,9.884662487E0
4.581526275E1,1.432970123E0,-3.471281433E-1,9.798773346E0,9.909079695E0
4.582529375E1,1.439855804E0,-3.547622681E-1,9.822873230E0,9.934177344E0
4.583532575E1,1.414109344E0,-3.592529297E-1,9.824519806E0,9.932268488E0
4.584535675E1,1.396296387E0,-3.800596619E-1,9.810149689E0,9.916306059E0
4.585538775E1,1.392853546E0,-3.764671326E-1,9.774972839E0,9.880883691E0
4.586541975E1,1.380279694E0,-4.050576782E-1,9.772877197E0,9.878176576E0
4.587545075E1,1.373094635E0,-4.007167053E-1,9.765692139E0,9.869888839E0
4.588548275E1,1.389560394E0,-4.007167053E-1,9.761500854E0,9.868046965E0
4.589551375E1,1.402283936E0,-3.814068604E-1,9.763895874E0,9.871450454E0
4.590554475E1,1.423839111E0,-3.579057312E-1,9.755363617E0,9.865218377E0
4.591557675E1,1.432071991E0,-3.484753418E-1,9.755812683E0,9.866516425E0
4.592560775E1,1.426982574E0,-3.489244080E-1,9.753567352E0,9.863574586E0
4.593563975E1,1.409019928E0,-3.565585327E-1,9.760902100E0,9.868519694E0
4.594567075E1,1.392105103E0,-3.622467041E-1,9.773026886E0,9.878321406E0
4.595570275E1,1.398092651E0,-3.647914124E-1,9.763446808E0,9.869783655E0
4.596573375E1,1.415157166E0,-3.589535522E-1,9.765991516E0,9.874518102E0
4.597576475E1,1.385219421E0,-3.770658875E-1,9.775272217E0,9.880129475E0
4.598579675E1,1.407223663E0,-3.752696228E-1,9.782606964E0,9.890424902E0
4.599582775E1,1.416055298E0,-3.818559265E-1,9.782457275E0,9.891789368E0
4.600585975E1,1.432221680E0,-3.953279114E-1,9.800270233E0,9.912257046E0
4.601589075E1,1.448687439E0,-3.897894287E-1,9.775571594E0,9.890016739E0
4.602592275E1,1.447789307E0,-3.885919189E-1,9.776769104E0,9.891021771E0
4.603595375E1,1.464704132E0,-3.751199341E-1,9.772727509E0,9.888997731E0
4.604598475E1,1.460662537E0,-3.899391174E-1,9.764195251E0,9.880541304E0
4.605601675E1,1.445843353E0,-3.872447205E-1,9.755812683E0,9.869969736E0
4.606604775E1,1.425635376E0,-3.797602844E-1,9.711055756E0,9.822487363E0
4.607607975E1,1.411864014E0,-3.706292725E-1,9.718091125E0,9.827106450E0
4.608611075E1,1.419647827E0,-3.851490784E-1,9.760003967E0,9.870228833E0
4.609614275E1,1.447489929E0,-4.073030090E-1,9.801318054E0,9.915995080E0
4.610617375E1,1.462309113E0,-3.999682617E-1,9.813891907E0,9.930296919E0
4.611620475E1,1.482068024E0,-3.754193115E-1,9.805659027E0,9.924132921E0
4.612623675E1,1.456022186E0,-3.562591553E-1,9.776619415E0,9.890864896E0
4.613626775E1,1.430575104E0,-3.532653809E-1,9.740095367E0,9.850928856E0
4.614629975E1,1.399439850E0,-3.748205566E-1,9.762249298E0,9.869165806E0
4.615633075E1,1.394649811E0,-4.116439819E-1,9.758507080E0,9.866253559E0
4.616636275E1,1.385967865E0,-3.983216858E-1,9.749076691E0,9.855154154E0
4.617639375E1,1.400936737E0,-3.683839417E-1,9.759405212E0,9.866322545E0
4.618642475E1,1.388961639E0,-3.580554199E-1,9.738448792E0,9.843515784E0
4.619645675E1,1.417552185E0,-4.043092346E-1,9.762698364E0,9.873358066E0
4.620648775E1,1.447040863E0,-4.459226990E-1,9.811047821E0,9.927206740E0
4.621651975E1,1.496737518E0,-4.650828552E-1,9.814490662E0,9.938850648E0
4.622655075E1,1.519639893E0,-4.757107544E-1,9.803713074E0,9.932189897E0
4.623658175E1,1.477577362E0,-4.417314148E-1,9.763596497E0,9.884643547E0
4.624661375E1,1.480271759E0,-4.424798584E-1,9.724078674E0,9.846049917E0
4.625664475E1,1.482367401E0,-4.448748779E-1,9.733509064E0,9.855786395E0
4.626667675E1,1.509311371E0,-4.061054993E-1,9.740544434E0,9.865148167E0
4.627670775E1,1.474882965E0,-3.306623840E-1,9.718091125E0,9.834933274E0
4.628673975E1,1.440454559E0,-2.658471680E-1,9.680818634E0,9.791007787E0
4.629677075E1,1.449136505E0,-2.469863892E-1,9.654473419E0,9.765749121E0
4.630680175E1,1.438209229E0,-2.659968567E-1,9.691147156E0,9.800894516E0
4.631683375E1,1.442400513E0,-2.993774414E-1,9.747130737E0,9.857824491E0
4.632686475E1,1.443448334E0,-3.239263916E-1,9.805808716E0,9.916771449E0
4.633689675E1,1.442699890E0,-3.577560425E-1,9.840087433E0,9.951718095E0
4.634692775E1,1.438807983E0,-3.888912964E-1,9.862091675E0,9.974079259E0
4.635695975E1,1.427581329E0,-4.038601685E-1,9.844428406E0,9.955594514E0
4.636699075E1,1.411414948E0,-4.159849548E-1,9.829758911E0,9.939280451E0
4.637702175E1,1.431323547E0,-4.255650330E-1,9.771979065E0,9.885411855E0
4.638705375E1,1.459914093E0,-4.215234375E-1,9.722881165E0,9.840906935E0
4.639708475E1,1.450932770E0,-4.340972900E-1,9.697583771E0,9.815130022E0
4.640711675E1,1.460662537E0,-4.090992737E-1,9.706565094E0,9.824372916E0
4.641714775E1,1.456321564E0,-4.128414917E-1,9.704918518E0,9.822258093E0
4.642717875E1,1.475332031E0,-4.156855774E-1,9.711355133E0,9.831572490E0
4.643721075E1,1.489253082E0,-4.099974060E-1,9.746232605E0,9.867878323E0
4.644724175E1,1.491797791E0,-4.090992737E-1,9.752220154E0,9.874138990E0
4.645727375E1,1.486708374E0,-4.116439819E-1,9.771230621E0,9.892254567E0
4.646730475E1,1.483115845E0,-3.990701294E-1,9.779613190E0,9.899480982E0
4.647733675E1,1.484313354E0,-3.659889221E-1,9.795330505E0,9.913911122E0
4.648736775E1,1.491199036E0,-3.471281433E-1,9.818532257E0,9.937190156E0
4.649739875E1,1.488804016E0,-2.957849121E-1,9.770931244E0,9.888130434E0
4.650743075E1,1.444047089E0,-2.891986084E-1,9.719887390E0,9.830824925E0
4.651746175E1,1.444346466E0,-3.359014893E-1,9.749825134E0,9.861949943E0
4.652749375E1,1.452279968E0,-3.689826965E-1,9.752519531E0,9.866960147E0
4.653752475E1,1.457968140E0,-3.701802063E-1,9.787097626E0,9.902019209E0
4.654755675E1,1.461111603E0,-3.770658875E-1,9.791887665E0,9.907476462E0
4.655758775E1,1.461860046E0,-3.797602844E-1,9.773475952E0,9.889493660E0
4.656761875E1,1.474134521E0,-4.150868225E-1,9.780511322E0,9.899685418E0
4.657765075E1,1.489103394E0,-4.290078735E-1,9.799372101E0,9.921147627E0
4.658768175E1,1.518741760E0,-4.346960449E-1,9.791139221E0,9.917759043E0
4.659771375E1,1.515897675E0,-4.224215698E-1,9.758207703E0,9.884280617E0
4.660774475E1,1.492097168E0,-4.099974060E-1,9.731862488E0,9.854115856E0
4.661777675E1,1.492246857E0,-3.847000122E-1,9.699978790E0,9.821628343E0
4.662780775E1,1.470541992E0,-3.743714905E-1,9.710606689E0,9.828455120E0
4.663783875E1,1.473236389E0,-3.715274048E-1,9.720635834E0,9.838659415E0
4.664787075E1,1.489851837E0,-3.591032410E-1,9.727222137E0,9.847205906E0
4.665790175E1,1.492845612E0,-3.559597778E-1,9.729467468E0,9.849763073E0
4.666793375E1,1.477427673E0,-3.637435913E-1,9.751022644E0,9.869019431E0
4.667796475E1,1.463806000E0,-3.929328918E-1,9.765692139E0,9.882604273E0
4.668799675E1,1.458267517E0,-3.989204407E-1,9.758656769E0,9.875072840E0
4.669802775E1,1.448088684E0,-3.993695068E-1,9.746981049E0,9.862053356E0
4.670805875E1,1.447340240E0,-4.132905579E-1,9.743089142E0,9.858670746E0
4.671809075E1,1.451980591E0,-4.073030090E-1,9.739346924E0,9.855405719E0
4.672812175E1,1.454674988E0,-4.195774841E-1,9.733209686E0,9.850253569E0
4.673815375E1,1.461261292E0,-4.387376404E-1,9.730664978E0,9.849549035E0
4.674818475E1,1.454525299E0,-4.550537109E-1,9.746382294E0,9.864820604E0
4.675821675E1,1.455872498E0,-4.288581848E-1,9.763746185E0,9.881003170E0
4.676824775E1,1.447938995E0,-4.216731262E-1,9.766290894E0,9.882042976E0
4.677827875E1,1.446591797E0,-4.210743713E-1,9.762548676E0,9.878121689E0
4.678831079E1,1.452279968E0,-4.067042542E-1,9.763596497E0,9.879389759E0
4.679834179E1,1.449435883E0,-3.869453430E-1,9.764344940E0,9.878918118E0
4.680837379E1,1.465003510E0,-3.833528137E-1,9.771529999E0,9.888174411E0
4.681840479E1,1.468296661E0,-3.888912964E-1,9.761500854E0,9.878969099E0
4.682843579E1,1.479074249E0,-3.769161987E-1,9.738448792E0,9.857337943E0
4.683846779E1,1.466051331E0,-3.694317627E-1,9.731263733E0,9.848008944E0
4.684849879E1,1.478924561E0,-3.794609070E-1,9.757309570E0,9.876046703E0
4.685853079E1,1.498982849E0,-3.923341370E-1,9.778116302E0,9.900122933E0
4.686856179E1,1.516945496E0,-3.935316467E-1,9.787097626E0,9.911774348E0
4.687859379E1,1.504820709E0,-3.900888062E-1,9.766889648E0,9.889832559E0
4.688862479E1,1.500479736E0,-3.784130859E-1,9.739646301E0,9.861812510E0
4.689865579E1,1.474134521E0,-3.872447205E-1,9.713600464E0,9.832449595E0
4.690868779E1,1.466201019E0,-4.138893127E-1,9.724078674E0,9.842700638E0
4.691871879E1,1.477427673E0,-4.288581848E-1,9.747430115E0,9.868085210E0
4.692875079E1,1.485061798E0,-4.285588074E-1,9.772727509E0,9.894204069E0
4.693878179E1,1.482068024E0,-4.062551880E-1,9.749376068E0,9.869746837E0
4.694881379E1,1.480571136E0,-3.924838257E-1,9.736802216E0,9.856543605E0
4.695884479E1,1.457219696E0,-3.882925415E-1,9.717642059E0,9.833962962E0
4.696887579E1,1.453926544E0,-4.463717651E-1,9.745484161E0,9.863448266E0
4.697890779E1,1.482816467E0,-4.791535950E-1,9.801018677E0,9.924127163E0
4.698893879E1,1.534010010E0,-4.978646851E-1,9.799671478E0,9.931496213E0
4.699897079E1,1.503473511E0,-4.727169800E-1,9.755812683E0,9.882296041E0
4.700900179E1,1.456770630E0,-4.216731262E-1,9.722581787E0,9.840151701E0
4.701903379E1,1.447639618E0,-4.179309082E-1,9.707612915E0,9.823852361E0
4.702906479E1,1.466799774E0,-4.237687683E-1,9.724527740E0,9.843653860E0
4.703909579E1,1.447190552E0,-3.716770935E-1,9.733658752E0,9.847670642E0
4.704912779E1,1.424138489E0,-3.402424622E-1,9.729916534E0,9.839472096E0
4.705915879E1,1.450783081E0,-3.046165466E-1,9.730515289E0,9.842788761E0
4.706919079E1,1.469045105E0,-2.897973633E-1,9.727521515E0,9.842090777E0
4.707922179E1,1.470392303E0,-3.204835510E-1,9.751771088E0,9.867208449E0
4.708925379E1,1.464704132E0,-3.504212952E-1,9.776918793E0,9.892234043E0
4.709928479E1,1.453776855E0,-4.041595459E-1,9.811047821E0,9.926402744E0
4.710931579E1,1.441352692E0,-4.363426208E-1,9.809251556E0,9.924177979E0
4.711934779E1,1.452130280E0,-4.599934387E-1,9.824519806E0,9.941904532E0
4.712937879E1,1.462758179E0,-4.751119995E-1,9.814790039E0,9.934560706E0
4.713941079E1,1.489253082E0,-4.872367859E-1,9.788444824E0,9.913068471E0
4.714944179E1,1.484013977E0,-4.731660461E-1,9.745633850E0,9.869324330E0
4.715947279E1,1.493594055E0,-4.617897034E-1,9.722581787E0,9.847470210E0
4.716950479E1,1.492097168E0,-4.451742554E-1,9.709558868E0,9.833619247E0
4.717953579E1,1.497785339E0,-4.330494690E-1,9.711055756E0,9.835420512E0
4.718956779E1,1.501078491E0,-4.287084961E-1,9.710007935E0,9.834697845E0
4.719959879E1,1.479373627E0,-4.273612976E-1,9.719887390E0,9.841107401E0
4.720963079E1,1.483864288E0,-4.308041382E-1,9.719737701E0,9.841785733E0
4.721966179E1,1.482666779E0,-4.213737488E-1,9.727820892E0,9.849180470E0
4.722969279E1,1.463207245E0,-4.076023865E-1,9.775721283E0,9.893019850E0
4.723972479E1,1.453776855E0,-3.775149536E-1,9.755363617E0,9.870314280E0
4.724975579E1,1.454674988E0,-3.571572876E-1,9.780062256E0,9.894102202E0
4.725978779E1,1.451232147E0,-3.501219177E-1,9.827962646E0,9.940699668E0
4.726981879E1,1.458267517E0,-3.549119568E-1,9.780361633E0,9.894846150E0
4.727985079E1,1.467099152E0,-3.787124634E-1,9.762848053E0,9.879726978E0
4.728988179E1,1.468895416E0,-4.025129700E-1,9.763147430E0,9.881230601E0
4.729991279E1,1.445843353E0,-3.984713745E-1,9.729317780E0,9.844230132E0
4.730994479E1,1.429676971E0,-4.095483398E-1,9.723030853E0,9.836108736E0
4.731997579E1,1.439107361E0,-4.191284180E-1,9.712103577E0,9.827087794E0
4.733000779E1,1.492546234E0,-4.701722717E-1,9.759405212E0,9.884065273E0
4.734003879E1,1.566642151E0,-4.978646851E-1,9.825867004E0,9.962424367E0
4.735007079E1,1.589245148E0,-4.731660461E-1,9.792336731E0,9.931739269E0
4.736010179E1,1.526375885E0,-4.299060059E-1,9.735904083E0,9.864201480E0
4.737013279E1,1.458117828E0,-4.155358887E-1,9.702673187E0,9.820419780E0
4.738016479E1,1.426234131E0,-4.216731262E-1,9.709858246E0,9.823100283E0
4.739019579E1,1.439406738E0,-4.207749939E-1,9.757309570E0,9.871880946E0
4.740022779E1,1.472487946E0,-3.918850708E-1,9.781708832E0,9.899677890E0
4.741025879E1,1.493594055E0,-3.600013733E-1,9.764045563E0,9.884179781E0
4.742029079E1,1.452729034E0,-3.396437073E-1,9.715995483E0,9.829870179E0
4.743032179E1,1.424288177E0,-3.558100891E-1,9.720336456E0,9.830571624E0
4.744035279E1,1.429078217E0,-3.960763550E-1,9.734257507E0,9.846568450E0
4.745038479E1,1.427281952E0,-4.372407532E-1,9.750872955E0,9.864473460E0
4.746041579E1,1.429976349E0,-4.475692749E-1,9.779762878E0,9.893882583E0
4.747044779E1,1.438508606E0,-4.528083801E-1,9.784702606E0,9.900239771E0
4.748047879E1,1.451082458E0,-4.438270569E-1,9.785600739E0,9.902555457E0
4.749051079E1,1.473236389E0,-4.288581848E-1,9.774074707E0,9.893779924E0
4.750054179E1,1.468146973E0,-4.415817261E-1,9.766739960E0,9.886337006E0
4.751057279E1,1.473386078E0,-4.303550720E-1,9.745783539E0,9.865919562E0
4.752060479E1,1.463207245E0,-4.119433594E-1,9.735904083E0,9.853857168E0
4.753063579E1,1.453178101E0,-4.004173279E-1,9.735155640E0,9.851158102E0
4.754066779E1,1.457519073E0,-4.050576782E-1,9.742939453E0,9.859680662E0
4.755069879E1,1.473386078E0,-4.053570557E-1,9.755962372E0,9.874916844E0
4.756072979E1,1.461261292E0,-3.911366272E-1,9.771380310E0,9.887777586E0
4.757076179E1,1.456471252E0,-3.769161987E-1,9.759704590E0,9.874978887E0
4.758079279E1,1.466799774E0,-3.680845642E-1,9.744136963E0,9.860790687E0
4.759082479E1,1.454525299E0,-3.730242920E-1,9.731563110E0,9.846731008E0
4.760085579E1,1.444346466E0,-3.849993896E-1,9.754465485E0,9.868331071E0
4.761088779E1,1.481469269E0,-4.038601685E-1,9.764045563E0,9.884049776E0
4.762091879E1,1.483564911E0,-4.047583008E-1,9.758956146E0,9.879373421E0
4.763094979E1,1.480720825E0,-3.974235535E-1,9.747430115E0,9.867262715E0
4.764098179E1,1.456920319E0,-3.882925415E-1,9.730664978E0,9.846787742E0
4.765101279E1,1.441951447E0,-4.189787292E-1,9.736802216E0,9.851907660E0
4.766104479E1,1.431323547E0,-4.348457336E-1,9.774224396E0,9.888035217E0
4.767107579E1,1.451681213E0,-4.610412598E-1,9.800419922E0,9.918072798E0
4.768110779E1,1.459764404E0,-4.355941772E-1,9.766590271E0,9.884682085E0
4.769113879E1,1.428180084E0,-3.957769775E-1,9.717492371E0,9.829852275E0
4.770116979E1,1.424288177E0,-3.929328918E-1,9.723629608E0,9.835241015E0
4.771120179E1,1.448837128E0,-4.342469788E-1,9.756411438E0,9.872956174E0
4.772123279E1,1.479523315E0,-4.653822327E-1,9.768985291E0,9.891341844E0
4.773126479E1,1.490749969E0,-4.596940613E-1,9.772727509E0,9.896456793E0
4.774129579E1,1.484313354E0,-4.670288086E-1,9.761500854E0,9.884745873E0
4.775132779E1,1.450932770E0,-4.614903259E-1,9.759554901E0,9.877605534E0
4.776135879E1,1.449585571E0,-4.472698975E-1,9.766440582E0,9.883557575E0
4.777138979E1,1.468745728E0,-4.469705200E-1,9.743687897E0,9.863896314E0
4.778142179E1,1.456321564E0,-3.924838257E-1,9.743388519E0,9.859438924E0
4.779145342E1,1.432670746E0,-3.201841736E-1,9.732760620E0,9.842849824E0
4.780148542E1,1.413660278E0,-2.707868958E-1,9.710157623E0,9.816258044E0
4.781151642E1,1.429078217E0,-2.784210205E-1,9.727970581E0,9.836320168E0
4.782154842E1,1.452878723E0,-2.871029663E-1,9.732760620E0,9.844791211E0
4.783157942E1,1.438807983E0,-2.980302429E-1,9.767488403E0,9.877389339E0
4.784161042E1,1.443598022E0,-3.168910217E-1,9.807305603E0,9.918046096E0
4.785164242E1,1.437760162E0,-3.662882996E-1,9.836195526E0,9.947465196E0
4.786167342E1,1.441053314E0,-3.963757324E-1,9.830657043E0,9.943619375E0
4.787170542E1,1.412762146E0,-4.155358887E-1,9.824220428E0,9.933975739E0
4.788173642E1,1.419647827E0,-4.471202087E-1,9.786798248E0,9.899330098E0
4.789176842E1,1.457519073E0,-4.408332825E-1,9.759554901E0,9.877631685E0
4.790179942E1,1.465901642E0,-4.405339050E-1,9.710307312E0,9.830208840E0
4.791183042E1,1.471589813E0,-4.334985352E-1,9.687105560E0,9.807829102E0
4.792186242E1,1.472937012E0,-4.318519592E-1,9.693991241E0,9.814759587E0
4.793189342E1,1.462309113E0,-4.251159668E-1,9.678124237E0,9.797201655E0
4.794192542E1,1.450932770E0,-4.264631653E-1,9.704170074E0,9.821303048E0
4.795195642E1,1.463656311E0,-4.147874451E-1,9.723030853E0,9.841324474E0
4.796198842E1,1.481020203E0,-4.005670166E-1,9.728719025E0,9.848951652E0
4.797201942E1,1.458866272E0,-4.005670166E-1,9.774823151E0,9.891203787E0
4.798205042E1,1.461560669E0,-3.742218018E-1,9.804611206E0,9.920010204E0
4.799208242E1,1.449735260E0,-3.520678711E-1,9.808802490E0,9.921607249E0
4.800211342E1,1.445693665E0,-3.393443298E-1,9.778715057E0,9.890826706E0
4.801214542E1,1.424288177E0,-3.050656128E-1,9.796228638E0,9.903926361E0
4.802217642E1,1.399888916E0,-2.844085693E-1,9.808353424E0,9.911830008E0
4.803220842E1,1.420845337E0,-2.686912537E-1,9.758357391E0,9.864914366E0
4.804223942E1,1.450334015E0,-2.896476746E-1,9.741292877E0,9.852926035E0
4.805227042E1,1.434916077E0,-3.234773254E-1,9.691596222E0,9.802584305E0
4.806230242E1,1.404080200E0,-3.257226562E-1,9.687704315E0,9.794342824E0
4.807233342E1,1.390458527E0,-3.849993896E-1,9.738897858E0,9.845188212E0
4.808236542E1,1.435365143E0,-4.345463562E-1,9.794881439E0,9.909026493E0
4.809239642E1,1.504970398E0,-4.692741394E-1,9.844877472E0,9.970294206E0
4.810242842E1,1.526226196E0,-4.802014160E-1,9.862091675E0,9.991036583E0
4.811245942E1,1.528321838E0,-4.689747620E-1,9.827064514E0,9.956249391E0
4.812249042E1,1.494043121E0,-4.360432434E-1,9.770931244E0,9.894109153E0
4.813252242E1,1.429227905E0,-3.824546814E-1,9.724527740E0,9.836432471E0
4.814255342E1,1.390308838E0,-3.659889221E-1,9.713600464E0,9.819416506E0
4.815258542E1,1.392404480E0,-3.438349915E-1,9.718839569E0,9.824095648E0
4.816261642E1,1.425186310E0,-3.333567810E-1,9.744735718E0,9.854042671E0
4.817264842E1,1.435365143E0,-3.058140564E-1,9.756112061E0,9.865876437E0
4.818267942E1,1.444346466E0,-2.877017212E-1,9.753267975E0,9.863830148E0
4.819271042E1,1.446292419E0,-3.128494263E-1,9.767937469E0,9.879384542E0
4.820274242E1,1.433269501E0,-3.376977539E-1,9.765692139E0,9.876084456E0
4.821277342E1,1.417103119E0,-3.540138245E-1,9.765243073E0,9.873878635E0
4.822280542E1,1.417252808E0,-3.606001282E-1,9.779463501E0,9.888202280E0
4.823283642E1,1.412762146E0,-3.772155762E-1,9.793384552E0,9.901947761E0
4.824286742E1,1.422491913E0,-3.884422302E-1,9.776320038E0,9.886900631E0
4.825289942E1,1.432371368E0,-3.770658875E-1,9.773326263E0,9.884926539E0
4.826293042E1,1.437460785E0,-3.791615295E-1,9.758656769E0,9.871243027E0
4.827296242E1,1.431473236E0,-3.781137085E-1,9.757159882E0,9.868852748E0
4.828299342E1,1.429377594E0,-3.782633972E-1,9.732760620E0,9.844431563E0
4.829302542E1,1.423240356E0,-3.730242920E-1,9.744586029E0,9.855035115E0
4.830305642E1,1.431473236E0,-3.745211792E-1,9.748627625E0,9.860280032E0
4.831308842E1,1.432221680E0,-3.767665100E-1,9.772428131E0,9.884005439E0
4.832311942E1,1.450034637E0,-3.683839417E-1,9.782157898E0,9.895904219E0
4.833315042E1,1.452729034E0,-3.540138245E-1,9.775272217E0,9.888968316E0
4.834318242E1,1.443298645E0,-3.447331238E-1,9.782756653E0,9.894659147E0
4.835321342E1,1.437760162E0,-3.504212952E-1,9.774823151E0,9.886208424E0
4.836324542E1,1.439107361E0,-3.565585327E-1,9.765392761E0,9.877300226E0
4.837327642E1,1.436263275E0,-3.528163147E-1,9.746382294E0,9.857956145E0
4.838330742E1,1.412163391E0,-3.469784546E-1,9.719588013E0,9.827766309E0
4.839333942E1,1.429227905E0,-3.623963928E-1,9.727521515E0,9.838632952E0
4.840337042E1,1.432071991E0,-3.526666260E-1,9.759704590E0,9.870513544E0
4.841340242E1,1.459015961E0,-3.483256531E-1,9.787696381E0,9.901972469E0
4.842343342E1,1.469943237E0,-3.228785706E-1,9.785451050E0,9.900506853E0
4.843346542E1,1.451681213E0,-2.980302429E-1,9.748927002E0,9.860921765E0
4.844349642E1,1.414109344E0,-3.098556519E-1,9.739795990E0,9.846793472E0
4.845352842E1,1.398691406E0,-3.372486877E-1,9.770631866E0,9.875997236E0
4.846355942E1,1.383123779E0,-3.589535522E-1,9.770931244E0,9.874865893E0
4.847359042E1,1.372346191E0,-3.438349915E-1,9.712852020E0,9.815347724E0
4.848362242E1,1.362616425E0,-3.457809448E-1,9.727970581E0,9.829023329E0
4.849365342E1,1.400787048E0,-3.829037476E-1,9.793833618E0,9.900908876E0
4.850368542E1,1.440604248E0,-4.065545654E-1,9.814340973E0,9.927835411E0
4.851371642E1,1.488953705E0,-3.785627747E-1,9.834249573E0,9.953529905E0
4.852374742E1,1.474284210E0,-3.585044861E-1,9.753866730E0,9.871167893E0
4.853377942E1,1.410816193E0,-3.565585327E-1,9.705517273E0,9.814000298E0
4.854381042E1,1.399439850E0,-3.894900513E-1,9.705666962E0,9.813771220E0
4.855384242E1,1.441652069E0,-4.358935547E-1,9.759405212E0,9.874935644E0
4.856387342E1,1.462758179E0,-4.432283020E-1,9.784552917E0,9.903211025E0
4.857390542E1,1.476828918E0,-3.969744873E-1,9.794432373E0,9.913098300E0
4.858393642E1,1.458716583E0,-3.426374817E-1,9.759704590E0,9.874061383E0
4.859396742E1,1.424587555E0,-2.960842896E-1,9.720635834E0,9.828930594E0
4.860399942E1,1.414558411E0,-2.863545227E-1,9.710457001E0,9.817125321E0
4.861403042E1,1.443598022E0,-2.679428101E-1,9.731114044E0,9.841257498E0
4.862406242E1,1.436712341E0,-2.499801636E-1,9.770332489E0,9.878564136E0
4.863409342E1,1.456920319E0,-2.421963501E-1,9.804162140E0,9.914780439E0
4.864412542E1,1.426533508E0,-2.466870117E-1,9.807754669E0,9.914025619E0
4.865415642E1,1.396745453E0,-2.718347168E-1,9.799671478E0,9.902441772E0
4.866418742E1,1.404529266E0,-2.963836670E-1,9.802814941E0,9.907357191E0
4.867421942E1,1.382824402E0,-3.222798157E-1,9.811646576E0,9.913852739E0
4.868425042E1,1.391206970E0,-3.423381042E-1,9.792636108E0,9.896887095E0
4.869428242E1,1.409618683E0,-3.523672485E-1,9.763895874E0,9.871415813E0
4.870431342E1,1.410516815E0,-3.456312561E-1,9.741292877E0,9.848949465E0
4.871434542E1,1.416654053E0,-3.788621521E-1,9.729467468E0,9.839358844E0
4.872437642E1,1.407373352E0,-3.948788452E-1,9.713151398E0,9.822522035E0
4.873440742E1,1.400787048E0,-3.818559265E-1,9.730814667E0,9.838535073E0
4.874443942E1,1.424737244E0,-3.824546814E-1,9.763147430E0,9.873965543E0
4.875447042E1,1.458417206E0,-3.591032410E-1,9.775421906E0,9.890136971E0
4.876450242E1,1.458566895E0,-3.429368591E-1,9.792486420E0,9.906453117E0
4.877453342E1,1.460812225E0,-3.236270142E-1,9.814490662E0,9.927886671E0
4.878456542E1,1.457968140E0,-3.062631226E-1,9.808054047E0,9.920554036E0
4.879459600E1,1.449286194E0,-2.945874023E-1,9.798324280E0,9.909307287E0
4.880462700E1,1.421593781E0,-2.475851440E-1,9.731413422E0,9.837816550E0
4.881465900E1,1.375938721E0,-2.357597351E-1,9.752220154E0,9.851628695E0
4.882469000E1,1.365610199E0,-2.148033142E-1,9.724677429E0,9.822442811E0
4.883472200E1,1.366957397E0,-2.122586060E-1,9.703421631E0,9.801531390E0
4.884475300E1,1.393751678E0,-2.576142883E-1,9.744586029E0,9.847124745E0
4.885478500E1,1.434467010E0,-3.080593872E-1,9.745334473E0,9.855158049E0
4.886481600E1,1.437760162E0,-3.276686096E-1,9.757758636E0,9.868554839E0
4.887484700E1,1.431922302E0,-3.606001282E-1,9.775272217E0,9.886171192E0
4.888487900E1,1.436712341E0,-3.903881836E-1,9.808203735E0,9.920554712E0
4.889491000E1,1.445993042E0,-4.146377563E-1,9.814939728E0,9.929544914E0
4.890494200E1,1.461710358E0,-4.234693909E-1,9.827064514E0,9.944200343E0
4.891497300E1,1.471440125E0,-3.887416077E-1,9.803563385E0,9.920993454E0
4.892500500E1,1.432970123E0,-3.354524231E-1,9.743687897E0,9.854206489E0
4.893503600E1,1.410965881E0,-3.052153015E-1,9.719588013E0,9.826208436E0
4.894506700E1,1.404080200E0,-2.993774414E-1,9.724078674E0,9.829484937E0
4.895509900E1,1.403930511E0,-2.920426941E-1,9.730964355E0,9.836054956E0
4.896513000E1,1.438508606E0,-2.884501648E-1,9.752519531E0,9.862258753E0
4.897516200E1,1.432521057E0,-2.893482971E-1,9.768985291E0,9.877697739E0
4.898519300E1,1.443747711E0,-3.240760803E-1,9.791588287E0,9.902758906E0
4.899522500E1,1.441652069E0,-3.240760803E-1,9.796677704E0,9.907486060E0
4.900525600E1,1.433718567E0,-3.520678711E-1,9.769883423E0,9.880795657E0
4.901528700E1,1.423988800E0,-3.662882996E-1,9.754166107E0,9.864363521E0
4.902531900E1,1.392703857E0,-3.626957703E-1,9.760453033E0,9.865982753E0
4.903535000E1,1.386865997E0,-3.595523071E-1,9.736203461E0,9.841053449E0
4.904538200E1,1.403032379E0,-3.535647583E-1,9.755213928E0,9.861932198E0
4.905541300E1,1.425186310E0,-3.399430847E-1,9.762398987E0,9.871734969E0
4.906544500E1,1.425785065E0,-3.360511780E-1,9.766141205E0,9.875388979E0
4.907547600E1,1.415905609E0,-3.414399719E-1,9.770332489E0,9.878297773E0
4.908550700E1,1.391057281E0,-3.254232788E-1,9.780960388E0,9.884742120E0
4.909553900E1,1.379980316E0,-3.183879089E-1,9.780062256E0,9.882071355E0
4.910557000E1,1.407373352E0,-3.338058472E-1,9.770182800E0,9.876669380E0
4.911560200E1,1.385069733E0,-3.237767029E-1,9.772877197E0,9.875848228E0
4.912563300E1,1.391955414E0,-3.228785706E-1,9.767787781E0,9.871751039E0
4.913566500E1,1.385967865E0,-3.194357300E-1,9.754764862E0,9.857909698E0
4.914569600E1,1.394949188E0,-3.239263916E-1,9.739047546E0,9.843772582E0
4.915572700E1,1.409319305E0,-3.273692322E-1,9.745484161E0,9.852299887E0
4.916575900E1,1.422940979E0,-3.393443298E-1,9.736203461E0,9.845484926E0
4.917579000E1,1.435963898E0,-3.579057312E-1,9.761800232E0,9.873339486E0
4.918582200E1,1.449435883E0,-3.691323853E-1,9.784702606E0,9.898359874E0
4.919585300E1,1.448687439E0,-3.528163147E-1,9.792037354E0,9.904906369E0
4.920588500E1,1.439406738E0,-3.574566650E-1,9.774523773E0,9.886403897E0
4.921591600E1,1.431024170E0,-3.655398560E-1,9.782457275E0,9.893327039E0
4.922594700E1,1.420995026E0,-3.603007507E-1,9.773625641E0,9.882955108E0
4.923597900E1,1.387015686E0,-3.607498169E-1,9.760902100E0,9.865554356E0
4.924601000E1,1.391955414E0,-3.526666260E-1,9.780062256E0,9.884914332E0
4.925604200E1,1.404828644E0,-3.595523071E-1,9.807305603E0,9.913932851E0
4.926607300E1,1.443448334E0,-3.522175598E-1,9.812844086E0,9.924691902E0
4.927610500E1,1.450633392E0,-3.213816833E-1,9.793683929E0,9.905749257E0
4.928613600E1,1.428479462E0,-3.146456909E-1,9.755213928E0,9.864266535E0
4.929616700E1,1.410067749E0,-3.230282593E-1,9.735455017E0,9.842343354E0
4.930619900E1,1.390009460E0,-3.528163147E-1,9.742340698E0,9.847324913E0
4.931623000E1,1.377734985E0,-3.632945251E-1,9.754764862E0,9.858274398E0
4.932626200E1,1.376836853E0,-3.453318787E-1,9.718689880E0,9.821805680E0
4.933629300E1,1.357077942E0,-3.379971313E-1,9.746082916E0,9.845914625E0
4.934632500E1,1.378034363E0,-3.797602844E-1,9.801767120E0,9.905444728E0
4.935635600E1,1.446292419E0,-3.950285339E-1,9.819580078E0,9.933376174E0
4.936638700E1,1.460063782E0,-3.811074829E-1,9.840985565E0,9.956004523E0
4.937641900E1,1.448687439E0,-3.824546814E-1,9.786049805E0,9.900087760E0
4.938645000E1,1.420545959E0,-3.790118408E-1,9.739346924E0,9.849694376E0
4.939648200E1,1.408720551E0,-4.095483398E-1,9.728269958E0,9.838265082E0
4.940651300E1,1.445094910E0,-4.538562012E-1,9.763596497E0,9.880389734E0
4.941654500E1,1.493594055E0,-4.546046448E-1,9.792636108E0,9.916310329E0
4.942657600E1,1.476080475E0,-4.212240601E-1,9.774972839E0,9.894763124E0
4.943660700E1,1.460213470E0,-3.565585327E-1,9.748028870E0,9.863235991E0
4.944663900E1,1.422342224E0,-2.859054565E-1,9.693841553E0,9.801804088E0
4.945667000E1,1.397044830E0,-2.637515259E-1,9.699829102E0,9.803467944E0
4.946670200E1,1.398691406E0,-2.582130432E-1,9.737999725E0,9.841323604E0
4.947673300E1,1.398691406E0,-2.311193848E-1,9.743089142E0,9.845686357E0
4.948676500E1,1.369053040E0,-2.478845215E-1,9.791139221E0,9.889497470E0
4.949679600E1,1.370250549E0,-2.640509033E-1,9.802515564E0,9.901344395E0
4.950682700E1,1.352587280E0,-2.814147949E-1,9.836644592E0,9.933189995E0
4.951685900E1,1.363065491E0,-3.167413330E-1,9.823921051E0,9.923089107E0
4.952689000E1,1.385818176E0,-3.487747192E-1,9.813293152E0,9.916796777E0
4.953692200E1,1.412911835E0,-3.906875610E-1,9.789941711E0,9.899086591E0
4.954695300E1,1.447639618E0,-4.221221924E-1,9.767338715E0,9.883053838E0
4.955698500E1,1.459465027E0,-4.278103638E-1,9.751322021E0,9.869211774E0
4.956701600E1,1.436712341E0,-4.276606750E-1,9.717941437E0,9.832874543E0
4.957704700E1,1.447340240E0,-4.326004028E-1,9.704768829E0,9.821633006E0
4.958707900E1,1.446292419E0,-4.294569397E-1,9.704170074E0,9.820749048E0
4.959711000E1,1.444346466E0,-4.194277954E-1,9.729916534E0,9.845472673E0
4.960714200E1,1.444795532E0,-3.821553040E-1,9.764045563E0,9.877755947E0
4.961717300E1,1.440454559E0,-3.555107117E-1,9.790241089E0,9.902025943E0
4.962720500E1,1.434467010E0,-3.200344849E-1,9.802216187E0,9.911788933E0
4.963723600E1,1.433568878E0,-2.799179077E-1,9.813293152E0,9.921400922E0
4.964726700E1,1.431024170E0,-2.606080627E-1,9.761351166E0,9.869129816E0
4.965729900E1,1.396296387E0,-2.406994629E-1,9.767039337E0,9.869277443E0
4.966733000E1,1.353934479E0,-2.275268555E-1,9.752519531E0,9.848682361E0
4.967736200E1,1.348395996E0,-2.420466614E-1,9.719438324E0,9.815510159E0
4.968739300E1,1.352437592E0,-2.671943665E-1,9.694889374E0,9.792413402E0
4.969742500E1,1.403631134E0,-3.375480652E-1,9.738748169E0,9.845168102E0
4.970745600E1,1.435365143E0,-3.811074829E-1,9.778116302E0,9.890251485E0
4.971748700E1,1.442699890E0,-4.011657715E-1,9.809101868E0,9.922741375E0
4.972751900E1,1.431024170E0,-4.355941772E-1,9.821825409E0,9.935080615E0
4.973755000E1,1.441053314E0,-4.355941772E-1,9.827663269E0,9.942300653E0
4.974758200E1,1.451980591E0,-4.357438660E-1,9.815538483E0,9.931914018E0
4.975761300E1,1.459165649E0,-4.192781067E-1,9.778715057E0,9.895869173E0
4.976764500E1,1.448088684E0,-3.647914124E-1,9.753866730E0,9.867519941E0
4.977767600E1,1.409169617E0,-3.170407104E-1,9.723330231E0,9.830026683E0
4.978770700E1,1.395098877E0,-3.019221497E-1,9.707762604E0,9.812141083E0
4.979773900E1,1.377734985E0,-2.974314880E-1,9.721983032E0,9.823623225E0
4.980777000E1,1.397344208E0,-3.098556519E-1,9.757010193E0,9.861431400E0
4.981780200E1,1.428778839E0,-3.065625000E-1,9.778864746E0,9.887445841E0
4.982783300E1,1.436113586E0,-3.044668579E-1,9.796528015E0,9.905911541E0
4.983786500E1,1.421144714E0,-3.224295044E-1,9.785750427E0,9.893660824E0
4.984789600E1,1.409918060E0,-3.391946411E-1,9.777816925E0,9.884767360E0
4.985792700E1,1.404229889E0,-3.338058472E-1,9.789193268E0,9.895028689E0
4.986795900E1,1.395098877E0,-3.493734741E-1,9.755363617E0,9.860805342E0
4.987799000E1,1.393302612E0,-3.580554199E-1,9.750872955E0,9.856420204E0
4.988802200E1,1.402583313E0,-3.604504395E-1,9.750274200E0,9.857231429E0
4.989805300E1,1.402733002E0,-3.733236694E-1,9.743837585E0,9.851365455E0
4.990808500E1,1.392703857E0,-3.493734741E-1,9.746531982E0,9.851729368E0
4.991811600E1,1.393601990E0,-3.591032410E-1,9.767937469E0,9.873382604E0
4.992814800E1,1.395697632E0,-3.644920349E-1,9.776619415E0,9.882464951E0
4.993817900E1,1.391356659E0,-3.529660034E-1,9.790839844E0,9.895504191E0
4.994821000E1,1.393751678E0,-3.585044861E-1,9.785600739E0,9.890856941E0
4.995824200E1,1.394051056E0,-3.474275208E-1,9.784403229E0,9.889319025E0
4.996827300E1,1.379231873E0,-3.228785706E-1,9.766290894E0,9.868483619E0
4.997830500E1,1.392703857E0,-3.137475586E-1,9.761650543E0,9.865489491E0
4.998833600E1,1.394799500E0,-3.227288818E-1,9.748328247E0,9.852894153E0
4.999836700E1,1.403481445E0,-3.273692322E-1,9.752070465E0,9.857982001E0
5.000839900E1,1.397942963E0,-3.350033569E-1,9.769584045E0,9.874778185E0
5.001843000E1,1.427132263E0,-3.492237854E-1,9.767189026E0,9.877076755E0
5.002846200E1,1.428180084E0,-3.513194275E-1,9.783205719E0,9.893140949E0
5.003849300E1,1.431922302E0,-3.523672485E-1,9.769883423E0,9.880545848E0
5.004852500E1,1.443598022E0,-3.408412170E-1,9.763297119E0,9.875328786E0
5.005855600E1,1.444047089E0,-3.496728516E-1,9.775571594E0,9.887838140E0
5.006858800E1,1.438807983E0,-3.460803223E-1,9.765991516E0,9.877475907E0
5.007861900E1,1.421743469E0,-3.465293884E-1,9.729916534E0,9.839345145E0
5.008865000E1,1.420096893E0,-3.305126953E-1,9.728569336E0,9.837223956E0
5.009868200E1,1.423390045E0,-3.400927734E-1,9.778415680E0,9.887320948E0
5.010871300E1,1.437161407E0,-3.236270142E-1,9.804461517E0,9.914516277E0
5.011874500E1,1.429377594E0,-2.981799316E-1,9.789492645E0,9.897787522E0
5.012877600E1,1.395547943E0,-2.706372070E-1,9.768536224E0,9.871428393E0
5.013880800E1,1.367855530E0,-2.739303589E-1,9.748777313E0,9.848082336E0
5.014883900E1,1.352287903E0,-3.041674805E-1,9.767638092E0,9.865493111E0
5.015887000E1,1.361867981E0,-3.321592712E-1,9.796378326E0,9.896163019E0
5.016890200E1,1.367705841E0,-3.508703613E-1,9.770033112E0,9.871538699E0
5.017893300E1,1.365610199E0,-3.305126953E-1,9.762548676E0,9.863137761E0
5.018896500E1,1.384171600E0,-3.556604004E-1,9.814490662E0,9.917996385E0
5.019899600E1,1.420845337E0,-3.785627747E-1,9.825567627E0,9.934983162E0
5.020902800E1,1.441053314E0,-3.646417236E-1,9.828112335E0,9.939888848E0
5.021905900E1,1.416654053E0,-3.558100891E-1,9.786648560E0,9.895049245E0
5.022909000E1,1.390458527E0,-3.540138245E-1,9.733209686E0,9.838397812E0
5.023912200E1,1.382974091E0,-3.814068604E-1,9.747280426E0,9.852287259E0
5.024915300E1,1.413809967E0,-4.291575623E-1,9.782457275E0,9.893407157E0
5.025918500E1,1.461261292E0,-4.505630493E-1,9.816586304E0,9.934971479E0
5.026921600E1,1.474134521E0,-4.197271729E-1,9.812993774E0,9.931973132E0
5.027924700E1,1.450184326E0,-3.513194275E-1,9.808054047E0,9.920906415E0
5.028927900E1,1.428180084E0,-2.993774414E-1,9.739047546E0,9.847759761E0
5.029931000E1,1.410217438E0,-2.695893860E-1,9.694589996E0,9.800329936E0
5.030934200E1,1.393901367E0,-2.362088013E-1,9.690847778E0,9.793430772E0
5.031937300E1,1.394649811E0,-2.151026917E-1,9.730066223E0,9.831861775E0
5.032940500E1,1.391805725E0,-2.133064270E-1,9.762848053E0,9.863864603E0
5.033943600E1,1.378633118E0,-2.288740540E-1,9.785301361E0,9.884590803E0
5.034946800E1,1.374441833E0,-2.507286072E-1,9.812395020E0,9.911359705E0
5.035949900E1,1.350791016E0,-2.954855347E-1,9.833800507E0,9.930537774E0
5.036953000E1,1.373843079E0,-3.336561584E-1,9.827513580E0,9.928685432E0
5.037956200E1,1.391656036E0,-3.591032410E-1,9.812694397E0,9.917390432E0
5.038959300E1,1.401984558E0,-3.820056152E-1,9.795180817E0,9.902376292E0
5.039962500E1,1.420845337E0,-3.996688843E-1,9.749525757E0,9.860618093E0
5.040965600E1,1.413211212E0,-4.105961609E-1,9.735155640E0,9.845761040E0
5.041968800E1,1.440005493E0,-4.222718811E-1,9.718689880E0,9.833863043E0
5.042971900E1,1.445993042E0,-4.343966675E-1,9.722282410E0,9.838819624E0
5.043975000E1,1.444945221E0,-4.291575623E-1,9.734407196E0,9.850417573E0
5.044978200E1,1.451082458E0,-4.135899353E-1,9.738448792E0,9.854647726E0
5.045981300E1,1.454974365E0,-3.781137085E-1,9.767189026E0,9.882201265E0
5.046984500E1,1.479822693E0,-3.576063538E-1,9.788444824E0,9.906129899E0
5.047987600E1,1.479074249E0,-3.329077148E-1,9.794881439E0,9.911518077E0
5.048990800E1,1.481169891E0,-3.070115662E-1,9.779762878E0,9.896053876E0
5.049993900E1,1.445394287E0,-2.914439392E-1,9.792187042E0,9.902577002E0
5.050997000E1,1.389410706E0,-2.724334717E-1,9.785151672E0,9.887055950E0
5.052000200E1,1.367855530E0,-2.691403198E-1,9.765392761E0,9.864398666E0
5.053003300E1,1.378034363E0,-3.129991150E-1,9.776619415E0,9.878220201E0
5.054006500E1,1.402733002E0,-3.397933960E-1,9.758656769E0,9.864811268E0
5.055009600E1,1.419647827E0,-3.432362366E-1,9.768386536E0,9.876972541E0
5.056012800E1,1.415755920E0,-3.603007507E-1,9.799970856E0,9.908259697E0
5.057015900E1,1.445993042E0,-3.950285339E-1,9.819280701E0,9.933036640E0
5.058019000E1,1.465153198E0,-4.230203247E-1,9.809850311E0,9.927677635E0
5.059022200E1,1.466949463E0,-4.082011414E-1,9.780511322E0,9.898331709E0
5.060025300E1,1.466500397E0,-3.908372498E-1,9.727072449E0,9.844760819E0
5.061028500E1,1.457818451E0,-3.594026184E-1,9.708810425E0,9.824225402E0
5.062031600E1,1.439706116E0,-3.574566650E-1,9.703870697E0,9.816599995E0
5.063034800E1,1.429377594E0,-3.391946411E-1,9.723330231E0,9.833683139E0
5.064037900E1,1.411714325E0,-3.508703613E-1,9.736502838E0,9.844568800E0
5.065041000E1,1.410816193E0,-3.481759644E-1,9.763596497E0,9.871142050E0
5.066044200E1,1.421893158E0,-3.608995056E-1,9.783505096E0,9.892876254E0
5.067047300E1,1.434916077E0,-3.716770935E-1,9.803563385E0,9.914987799E0
5.068050500E1,1.423240356E0,-3.817062378E-1,9.798024902E0,9.908208958E0
5.069053600E1,1.427581329E0,-3.954776001E-1,9.798623657E0,9.909965518E0
5.070056800E1,1.415905609E0,-3.869453430E-1,9.780661011E0,9.890189341E0
5.071059900E1,1.417701874E0,-3.812571716E-1,9.754914551E0,9.864765255E0
5.072063000E1,1.412612457E0,-3.829037476E-1,9.731114044E0,9.840562473E0
5.073066200E1,1.393601990E0,-3.829037476E-1,9.729317780E0,9.836074737E0
5.074069300E1,1.410816193E0,-3.875440979E-1,9.732012177E0,9.841374587E0
5.075072500E1,1.427581329E0,-3.905378723E-1,9.733958130E0,9.845834102E0
5.076075600E1,1.438059540E0,-3.746708679E-1,9.740843811E0,9.853549191E0
5.077078800E1,1.440005493E0,-3.778143311E-1,9.757908325E0,9.870822376E0
5.078081900E1,1.440753937E0,-3.766168213E-1,9.761351166E0,9.874289277E0
5.079085163E1,1.440005493E0,-3.716770935E-1,9.766889648E0,9.879468259E0
5.080088263E1,1.430724792E0,-3.454815674E-1,9.771230621E0,9.881461370E0
5.081091362E1,1.424437866E0,-3.670367432E-1,9.804760895E0,9.914488157E0
5.082094563E1,1.431473236E0,-3.626957703E-1,9.786798248E0,9.897579694E0
5.083097663E1,1.433419189E0,-3.703298950E-1,9.799222412E0,9.910428582E0
5.084100862E1,1.445693665E0,-3.604504395E-1,9.798623657E0,9.911255232E0
5.085103963E1,1.438658295E0,-3.713777161E-1,9.782906342E0,9.895095532E0
5.086107163E1,1.457968140E0,-3.757186890E-1,9.762099609E0,9.877521167E0
5.087110263E1,1.428329773E0,-3.733236694E-1,9.741891632E0,9.853118749E0
5.088113362E1,1.402583313E0,-3.749702454E-1,9.722432098E0,9.830235427E0
5.089116563E1,1.396146698E0,-3.784130859E-1,9.699679413E0,9.806946659E0
5.090119663E1,1.409618683E0,-4.068539429E-1,9.737400970E0,9.847310934E0
5.091122863E1,1.444196777E0,-4.206253052E-1,9.773925018E0,9.888995917E0
5.092125962E1,1.455423431E0,-3.975732422E-1,9.799222412E0,9.914690198E0
5.093129163E1,1.467099152E0,-3.906875610E-1,9.800120544E0,9.917024724E0
5.094132263E1,1.447489929E0,-3.773652649E-1,9.777517548E0,9.891283083E0
5.095135363E1,1.432670746E0,-3.683839417E-1,9.765692139E0,9.877094469E0
5.096138563E1,1.402583313E0,-3.830534363E-1,9.767488403E0,9.875110105E0
5.097141663E1,1.408870239E0,-4.079017639E-1,9.766739960E0,9.876259851E0
5.098144863E1,1.412313080E0,-4.010160828E-1,9.770332489E0,9.880022221E0
5.099147962E1,1.390159149E0,-3.507206726E-1,9.745334473E0,9.850233065E0
5.100151163E1,1.378782806E0,-3.387455750E-1,9.690548401E0,9.794004232E0
5.101154263E1,1.372645569E0,-3.716770935E-1,9.710756378E0,9.814330805E0
5.102157363E1,1.413061523E0,-4.267625427E-1,9.778265991E0,9.889052277E0
5.103160563E1,1.494492188E0,-4.375401306E-1,9.825118561E0,9.947758692E0
5.104163663E1,1.532962189E0,-4.626878357E-1,9.818981323E0,9.948690735E0
5.105166863E1,1.490450592E0,-4.468208313E-1,9.798923035E0,9.921692621E0
5.106169963E1,1.447340240E0,-4.209246826E-1,9.749376068E0,9.865206793E0
5.107173163E1,1.437760162E0,-4.263134766E-1,9.722581787E0,9.837555289E0
5.108176263E1,1.449286194E0,-4.207749939E-1,9.712402954E0,9.828949751E0
5.109179363E1,1.424886932E0,-3.782633972E-1,9.704918518E0,9.816253329E0
5.110182562E1,1.413660278E0,-3.210823059E-1,9.711355133E0,9.818958588E0
5.111185663E1,1.416803741E0,-2.797682190E-1,9.711055756E0,9.817851445E0
5.112188863E1,1.443298645E0,-2.719844055E-1,9.693991241E0,9.804618946E0
5.113191963E1,1.457519073E0,-3.004252625E-1,9.715247040E0,9.828562572E0
5.114195163E1,1.433868256E0,-3.278182983E-1,9.765542450E0,9.875690475E0
5.115198263E1,1.423240356E0,-3.661386108E-1,9.810149689E0,9.919612266E0
5.116201363E1,1.404080200E0,-3.884422302E-1,9.828112335E0,9.935498007E0
5.117204562E1,1.407523041E0,-4.343966675E-1,9.842632141E0,9.952247437E0
5.118207663E1,1.408720551E0,-4.532574463E-1,9.830806732E0,9.941564108E0
5.119210863E1,1.419797516E0,-4.620890808E-1,9.789792023E0,9.902998493E0
5.120213963E1,1.438508606E0,-4.670288086E-1,9.762099609E0,9.878563241E0
5.121217162E1,1.453776855E0,-4.457730103E-1,9.731712799E0,9.849792623E0
5.122220263E1,1.463057556E0,-4.290078735E-1,9.711654510E0,9.830606212E0
5.123223363E1,1.447639618E0,-4.179309082E-1,9.706415405E0,9.822669023E0
5.124226563E1,1.424886932E0,-4.320016479E-1,9.720785522E0,9.834154736E0
5.125229662E1,1.437460785E0,-4.233197021E-1,9.717043304E0,9.831908444E0
5.126232863E1,1.452279968E0,-4.174818420E-1,9.734407196E0,9.850994450E0
5.127235963E1,1.460662537E0,-4.129911804E-1,9.744586029E0,9.862101887E0
5.128239162E1,1.460961914E0,-3.830534363E-1,9.768536224E0,9.884606194E0
5.129242263E1,1.466051331E0,-3.857478333E-1,9.770931244E0,9.887831171E0
5.130245463E1,1.457070007E0,-3.441343689E-1,9.837692413E0,9.950963445E0
5.131248563E1,1.447340240E0,-3.192860413E-1,9.796528015E0,9.908011834E0
5.132251662E1,1.431772614E0,-3.168910217E-1,9.737550659E0,9.847349165E0
5.133254863E1,1.431473236E0,-3.656895447E-1,9.723479919E0,9.835085471E0
5.134257963E1,1.413061523E0,-3.836521912E-1,9.730515289E0,9.840064007E0
5.135261163E1,1.394500122E0,-3.956272888E-1,9.765392761E0,9.872388127E0
5.136264262E1,1.399888916E0,-4.243675232E-1,9.760902100E0,9.869903068E0
5.137267463E1,1.435963898E0,-4.126918030E-1,9.753417664E0,9.867191240E0
5.138270563E1,1.463656311E0,-4.673281860E-1,9.805509338E0,9.925154851E0
5.139273663E1,1.533411255E0,-5.128335571E-1,9.837093658E0,9.969090228E0
5.140276863E1,1.539847870E0,-4.596940613E-1,9.802964630E0,9.933809221E0
5.141279963E1,1.489702148E0,-4.192781067E-1,9.752968597E0,9.874988764E0
5.142283163E1,1.416204987E0,-4.234693909E-1,9.687105560E0,9.799233492E0
5.143286262E1,1.373693390E0,-4.188290405E-1,9.715696106E0,9.821262756E0
5.144289463E1,1.399888916E0,-4.125421143E-1,9.752369843E0,9.860963316E0
5.145292563E1,1.460063782E0,-3.848497009E-1,9.775421906E0,9.891348188E0
5.146295663E1,1.458716583E0,-3.577560425E-1,9.754166107E0,9.869123563E0
5.147298862E1,1.419049072E0,-3.641926575E-1,9.724677429E0,9.834413438E0
5.148301963E1,1.403182068E0,-3.800596619E-1,9.749226379E0,9.857016803E0
5.149305163E1,1.401535492E0,-4.138893127E-1,9.760003967E0,9.868803552E0
5.150308263E1,1.414109344E0,-4.424798584E-1,9.768985291E0,9.880716941E0
5.151311463E1,1.419647827E0,-4.459226990E-1,9.782157898E0,9.894688482E0
5.152314563E1,1.420695648E0,-4.616400146E-1,9.768835602E0,9.882390229E0
5.153317663E1,1.412762146E0,-4.575984192E-1,9.753267975E0,9.865674299E0
5.154320862E1,1.419797516E0,-4.567002869E-1,9.745933228E0,9.859392203E0
5.155323963E1,1.406624908E0,-4.493655396E-1,9.757010193E0,9.868118915E0
5.156327163E1,1.403182068E0,-4.352947998E-1,9.763297119E0,9.873214882E0
5.157330263E1,1.418600006E0,-4.328997803E-1,9.771230621E0,9.883156179E0
5.158333463E1,1.414857788E0,-4.120930481E-1,9.784702606E0,9.895051709E0
5.159336563E1,1.428629150E0,-4.150868225E-1,9.779613190E0,9.892123759E0
5.160339663E1,1.433568878E0,-4.105961609E-1,9.765841827E0,9.879037176E0
5.161342863E1,1.415755920E0,-4.005670166E-1,9.765093384E0,9.875316074E0
5.162345962E1,1.411115570E0,-4.123924255E-1,9.762548676E0,9.872622312E0
5.163349163E1,1.428180084E0,-3.920347595E-1,9.772727509E0,9.884310424E0
5.164352263E1,1.444496155E0,-3.920347595E-1,9.766590271E0,9.880614653E0
5.165355462E1,1.424587555E0,-4.138893127E-1,9.746981049E0,9.859228856E0
5.166358563E1,1.419348450E0,-4.201762390E-1,9.742789764E0,9.854595399E0
5.167361763E1,1.407223663E0,-4.212240601E-1,9.711654510E0,9.822114919E0
5.168364863E1,1.416654053E0,-4.279600525E-1,9.721234589E0,9.833232451E0
5.169367962E1,1.423539734E0,-4.664300537E-1,9.758207703E0,9.872519432E0
5.170371163E1,1.436412964E0,-4.816983032E-1,9.771829376E0,9.888577492E0
5.171374263E1,1.439556427E0,-4.549040222E-1,9.782307587E0,9.898121140E0
5.172377463E1,1.435514832E0,-4.408332825E-1,9.781110077E0,9.895713777E0
5.173380563E1,1.427880707E0,-4.227209473E-1,9.756112061E0,9.869106284E0
5.174383763E1,1.411414948E0,-4.126918030E-1,9.727671204E0,9.838190572E0
5.175386863E1,1.401984558E0,-4.252656555E-1,9.740694122E0,9.850255508E0
5.176389963E1,1.395847321E0,-4.370910645E-1,9.759255524E0,9.868257532E0
5.177393163E1,1.396296387E0,-4.140390015E-1,9.745035095E0,9.853262450E0
5.178396263E1,1.363514557E0,-4.037104797E-1,9.715995483E0,9.819507235E0
5.179399392E1,1.383123779E0,-3.966751099E-1,9.739197235E0,9.844914693E0
5.180402492E1,1.418001251E0,-4.317022705E-1,9.778265991E0,9.889973721E0
5.181405692E1,1.464404755E0,-4.790039062E-1,9.822124786E0,9.942236235E0
5.182408792E1,1.513053589E0,-4.831951904E-1,9.807155914E0,9.934944181E0
5.183411892E1,1.478176117E0,-4.704716492E-1,9.784103851E0,9.906312956E0
5.184415092E1,1.410666504E0,-4.740641785E-1,9.755213928E0,9.868075578E0
5.185418192E1,1.381177826E0,-4.644841003E-1,9.743687897E0,9.852048086E0
5.186421392E1,1.398990784E0,-4.680766296E-1,9.735455017E0,9.846591051E0
5.187424492E1,1.406325531E0,-4.472698975E-1,9.733359375E0,9.844596822E0
5.188427692E1,1.387315063E0,-3.867956543E-1,9.720186768E0,9.826305753E0
5.189430792E1,1.384470978E0,-3.290158081E-1,9.719138947E0,9.822763010E0
5.190433892E1,1.389111328E0,-3.064128113E-1,9.706565094E0,9.810245920E0
5.191437092E1,1.401236115E0,-3.246748352E-1,9.735604706E0,9.841284235E0
5.192440192E1,1.398990784E0,-3.370989990E-1,9.760752411E0,9.866260618E0
5.193443392E1,1.395547943E0,-3.700305176E-1,9.792037354E0,9.897902413E0
5.194446492E1,1.397643585E0,-3.854484558E-1,9.809550934E0,9.916111517E0
5.195449692E1,1.395398254E0,-4.093986511E-1,9.820478210E0,9.927564446E0
5.196452792E1,1.395547943E0,-4.099974060E-1,9.793085175E0,9.900513581E0
5.197455992E1,1.390608215E0,-4.227209473E-1,9.776918793E0,9.884362665E0
5.198459092E1,1.386117554E0,-4.324507141E-1,9.759255524E0,9.866681502E0
5.199462192E1,1.393751678E0,-4.448748779E-1,9.742191010E0,9.851433554E0
5.200465392E1,1.397942963E0,-4.403842163E-1,9.739346924E0,9.849013214E0
5.201468492E1,1.403780823E0,-4.367916870E-1,9.733359375E0,9.843763117E0
5.202471692E1,1.391805725E0,-4.299060059E-1,9.751771088E0,9.859968646E0
5.203474792E1,1.409319305E0,-4.326004028E-1,9.771529999E0,9.882111239E0
5.204477992E1,1.413211212E0,-4.285588074E-1,9.771080933E0,9.882046912E0
5.205481092E1,1.430575104E0,-4.002676392E-1,9.776469727E0,9.888686446E0
5.206484192E1,1.419647827E0,-3.848497009E-1,9.779014435E0,9.889015753E0
5.207487392E1,1.409169617E0,-3.847000122E-1,9.784702606E0,9.893136924E0
5.208490492E1,1.408870239E0,-3.703298950E-1,9.773625641E0,9.881589839E0
5.209493692E1,1.404379578E0,-3.585044861E-1,9.766590271E0,9.873555235E0
5.210496792E1,1.386716309E0,-3.306623840E-1,9.815538483E0,9.918523854E0
5.211499992E1,1.375639343E0,-3.052153015E-1,9.772577820E0,9.873642551E0
5.212503092E1,1.412013702E0,-3.216810608E-1,9.753417664E0,9.860345710E0
5.213506192E1,1.407822418E0,-3.549119568E-1,9.716294861E0,9.824169801E0
5.214509392E1,1.395697632E0,-3.534150696E-1,9.693392487E0,9.799731220E0
5.215512492E1,1.366957397E0,-3.468287659E-1,9.694589996E0,9.796628906E0
5.216515692E1,1.345102844E0,-3.935316467E-1,9.770482178E0,9.870485844E0
5.217518792E1,1.410217438E0,-4.460723877E-1,9.824819183E0,9.935530473E0
5.218521992E1,1.491348724E0,-4.827461243E-1,9.871821442E0,9.995500158E0
5.219525092E1,1.520837402E0,-4.673281860E-1,9.861941986E0,9.989456530E0
5.220528292E1,1.485810242E0,-4.342469788E-1,9.803264008E0,9.924726078E0
5.221531392E1,1.413809967E0,-3.941304016E-1,9.727371826E0,9.837477321E0
5.222534492E1,1.347348175E0,-3.821553040E-1,9.680519257E0,9.781300673E0
5.223537692E1,1.325493622E0,-3.661386108E-1,9.719588013E0,9.816383344E0
5.224540792E1,1.382375336E0,-3.620970154E-1,9.764794006E0,9.868803261E0
5.225543992E1,1.420246582E0,-3.379971313E-1,9.763147430E0,9.871696418E0
5.226547092E1,1.431473236E0,-3.230282593E-1,9.758357391E0,9.868079948E0
5.227550292E1,1.400038605E0,-3.156935120E-1,9.762698364E0,9.867626353E0
5.228553392E1,1.373094635E0,-3.411405945E-1,9.768685913E0,9.870612456E0
5.229556492E1,1.354383545E0,-3.685336304E-1,9.754465485E0,9.854936261E0
5.230559692E1,1.351689148E0,-3.953279114E-1,9.774074707E0,9.875013118E0
5.231562792E1,1.382974091E0,-4.302053833E-1,9.781858521E0,9.888500904E0
5.232565992E1,1.389111328E0,-4.209246826E-1,9.766590271E0,9.873859093E0
5.233569092E1,1.405876465E0,-4.020639038E-1,9.748178558E0,9.857237403E0
5.234572292E1,1.416055298E0,-3.954776001E-1,9.744136963E0,9.854431505E0
5.235575392E1,1.412163391E0,-3.858975220E-1,9.730664978E0,9.840170896E0
5.236578492E1,1.402583313E0,-3.754193115E-1,9.742939453E0,9.850535457E0
5.237581692E1,1.402283936E0,-3.790118408E-1,9.753267975E0,9.860846130E0
5.238584792E1,1.400637360E0,-3.954776001E-1,9.765991516E0,9.873843114E0
5.239587992E1,1.388961639E0,-3.829037476E-1,9.774374084E0,9.879990813E0
5.240591092E1,1.389560394E0,-3.812571716E-1,9.788893890E0,9.894376116E0
5.241594292E1,1.391206970E0,-3.763174438E-1,9.796827393E0,9.902267347E0
5.242597392E1,1.388512573E0,-3.782633972E-1,9.774673462E0,9.880045124E0
5.243600492E1,1.380429382E0,-3.849993896E-1,9.786648560E0,9.891021173E0
5.244603692E1,1.370400238E0,-3.683839417E-1,9.795180817E0,9.897437586E0
5.245606792E1,1.388662262E0,-3.748205566E-1,9.775421906E0,9.880675420E0
5.246609992E1,1.403182068E0,-3.604504395E-1,9.773176575E0,9.879970890E0
5.247613092E1,1.404978333E0,-3.577560425E-1,9.758207703E0,9.865321640E0
5.248616292E1,1.377285919E0,-3.498225403E-1,9.753267975E0,9.856243123E0
5.249619392E1,1.370998993E0,-3.456312561E-1,9.726773071E0,9.828998605E0
5.250622592E1,1.362915802E0,-3.520678711E-1,9.736353149E0,9.837584252E0
5.251625692E1,1.387764130E0,-3.809577942E-1,9.792187042E0,9.897370620E0
5.252628792E1,1.407822418E0,-3.601510620E-1,9.818681946E0,9.925632872E0
5.253631992E1,1.402283936E0,-3.603007507E-1,9.792187042E0,9.898643540E0
5.254635092E1,1.373992767E0,-3.670367432E-1,9.767338715E0,9.870333209E0
5.255638292E1,1.344953156E0,-3.740721130E-1,9.752070465E0,9.851482492E0
5.256641392E1,1.328487396E0,-4.010160828E-1,9.785151672E0,9.883060554E0
5.257644592E1,1.344504089E0,-4.074526978E-1,9.788444824E0,9.888749214E0
5.258647692E1,1.353784790E0,-3.673361206E-1,9.731563110E0,9.832140645E0
5.259650792E1,1.343605957E0,-3.448828125E-1,9.720935211E0,9.819409478E0
5.260653992E1,1.376986542E0,-3.857478333E-1,9.800719299E0,9.904493531E0
5.261657092E1,1.435365143E0,-4.132905579E-1,9.807006226E0,9.920103492E0
5.262660292E1,1.443598022E0,-4.019142151E-1,9.820029144E0,9.933704379E0
5.263663392E1,1.418001251E0,-3.893403625E-1,9.754615173E0,9.864827958E0
5.264666592E1,1.347647552E0,-3.930825806E-1,9.717941437E0,9.818811212E0
5.265669692E1,1.351988525E0,-4.340972900E-1,9.742340698E0,9.845278854E0
5.266672792E1,1.375339966E0,-4.727169800E-1,9.792037354E0,9.899445282E0
5.267675992E1,1.438059540E0,-4.540058899E-1,9.817933502E0,9.933073786E0
5.268679092E1,1.462458801E0,-3.987707520E-1,9.803563385E0,9.920063453E0
5.269682292E1,1.432221680E0,-3.239263916E-1,9.766889648E0,9.876655337E0
5.270685392E1,1.411564636E0,-2.859054565E-1,9.717791748E0,9.823936742E0
5.271688592E1,1.417252808E0,-2.685415649E-1,9.697583771E0,9.804277183E0
5.272691692E1,1.412762146E0,-2.529739380E-1,9.711804199E0,9.817282389E0
5.273694892E1,1.405427399E0,-2.522254944E-1,9.746232605E0,9.850273796E0
5.274697992E1,1.389560394E0,-2.478845215E-1,9.787097626E0,9.888357030E0
5.275701092E1,1.349743195E0,-2.803669739E-1,9.799222412E0,9.895714841E0
5.276704292E1,1.335822144E0,-3.101550293E-1,9.804461517E0,9.899903160E0
5.277707392E1,1.337618408E0,-3.297642517E-1,9.807754669E0,9.904040545E0
5.278710592E1,1.337917786E0,-3.616479492E-1,9.812395020E0,9.909788558E0
5.279713750E1,1.368304596E0,-3.860472107E-1,9.786798248E0,9.889525260E0
5.280716950E1,1.400038605E0,-3.975732422E-1,9.780810699E0,9.888499912E0
5.281720050E1,1.413959656E0,-4.117936707E-1,9.757010193E0,9.867527747E0
5.282723150E1,1.399739227E0,-4.099974060E-1,9.742490387E0,9.851065258E0
5.283726350E1,1.401984558E0,-4.087998962E-1,9.734556885E0,9.843489005E0
5.284729450E1,1.405427399E0,-4.035607910E-1,9.729916534E0,9.839174927E0
5.285732650E1,1.401385803E0,-3.915856934E-1,9.752070465E0,9.860025349E0
5.286735750E1,1.406774597E0,-3.670367432E-1,9.756261749E0,9.863993819E0
5.287738950E1,1.407073975E0,-3.329077148E-1,9.786199493E0,9.892440813E0
5.288742050E1,1.393003235E0,-3.258723450E-1,9.787097626E0,9.891103616E0
5.289745150E1,1.394799500E0,-3.116519165E-1,9.795330505E0,9.899045018E0
5.290748350E1,1.398092651E0,-2.938389587E-1,9.783505096E0,9.887263341E0
5.291751450E1,1.372046814E0,-2.712359619E-1,9.735005951E0,9.834959190E0
5.292754650E1,1.336570587E0,-2.628533936E-1,9.779613190E0,9.874023850E0
5.293757750E1,1.333427124E0,-2.585124207E-1,9.742939453E0,9.837160452E0
5.294760950E1,1.348845062E0,-2.700384521E-1,9.730515289E0,9.827269792E0
5.295764050E1,1.351988525E0,-3.118016052E-1,9.745184784E0,9.843460758E0
5.296767250E1,1.396446075E0,-3.514691162E-1,9.781110077E0,9.886541686E0
5.297770350E1,1.399589539E0,-3.653901672E-1,9.803114319E0,9.909258862E0
5.298773450E1,1.404678955E0,-3.710783386E-1,9.818532257E0,9.925441944E0
5.299776650E1,1.413211212E0,-3.860472107E-1,9.830207977E0,9.938771919E0
5.300779750E1,1.423240356E0,-4.101470947E-1,9.805359650E0,9.916597784E0
5.301782950E1,1.436712341E0,-3.980223083E-1,9.785151672E0,9.898068365E0
5.302786050E1,1.438209229E0,-3.664379883E-1,9.775122528E0,9.887150400E0
5.303789250E1,1.430874481E0,-3.403921509E-1,9.738598480E0,9.849038986E0
5.304792350E1,1.402283936E0,-3.246748352E-1,9.723030853E0,9.828995013E0
5.305795450E1,1.397044830E0,-3.231779480E-1,9.735005951E0,9.840046703E0
5.306798650E1,1.392554169E0,-3.034190369E-1,9.744286652E0,9.847963880E0
5.307801750E1,1.388961639E0,-2.995271301E-1,9.769883423E0,9.872666967E0
5.308804950E1,1.375938721E0,-3.029699707E-1,9.796078949E0,9.896876322E0
5.309808050E1,1.384470978E0,-3.109034729E-1,9.797276459E0,9.899497304E0
5.310811250E1,1.367556152E0,-3.150947571E-1,9.798923035E0,9.898908383E0
5.311814350E1,1.367855530E0,-3.237767029E-1,9.762099609E0,9.862780992E0
5.312817450E1,1.348395996E0,-3.195854187E-1,9.764344940E0,9.862187319E0
5.313820650E1,1.324296112E0,-3.396437073E-1,9.747579803E0,9.842988879E0
5.314823750E1,1.336869965E0,-3.369493103E-1,9.754016418E0,9.850969111E0
5.315826950E1,1.362317047E0,-3.332070923E-1,9.769434357E0,9.869588763E0
5.316830050E1,1.383872223E0,-3.387455750E-1,9.767488403E0,9.870850045E0
5.317833250E1,1.374890900E0,-3.585044861E-1,9.764943695E0,9.867774613E0
5.318836350E1,1.359622650E0,-3.704795837E-1,9.779912567E0,9.880916895E0
5.319839450E1,1.371747437E0,-3.722758484E-1,9.774523773E0,9.877327337E0
5.320842650E1,1.385219421E0,-3.721261597E-1,9.786199493E0,9.890753826E0
5.321845750E1,1.381477203E0,-3.604504395E-1,9.777667236E0,9.881355189E0
5.322848950E1,1.379082184E0,-3.451821899E-1,9.771679688E0,9.874550234E0
5.323852050E1,1.390159149E0,-3.471281433E-1,9.765542450E0,9.870099278E0
5.324855250E1,1.395098877E0,-3.420387268E-1,9.777517548E0,9.882466330E0
5.325858350E1,1.414109344E0,-3.471281433E-1,9.760602722E0,9.868615338E0
5.326861550E1,1.421743469E0,-3.610491943E-1,9.762848053E0,9.872431976E0
5.327864650E1,1.416803741E0,-3.516188049E-1,9.770182800E0,9.878635563E0
5.328867750E1,1.424587555E0,-3.683839417E-1,9.765392761E0,9.875629206E0
5.329870950E1,1.408720551E0,-3.649411011E-1,9.765991516E0,9.873817189E0
5.330874050E1,1.398092651E0,-3.562591553E-1,9.762997742E0,9.869027741E0
5.331877250E1,1.385219421E0,-3.532653809E-1,9.748927002E0,9.853182580E0
5.332880350E1,1.378782806E0,-3.525169373E-1,9.762848053E0,9.866028194E0
5.333883550E1,1.374292145E0,-3.375480652E-1,9.766889648E0,9.868877900E0
5.334886650E1,1.388662262E0,-3.411405945E-1,9.760902100E0,9.865088422E0
5.335889750E1,1.381327515E0,-3.400927734E-1,9.778265991E0,9.881205118E0
5.336892950E1,1.387165375E0,-3.394940186E-1,9.764943695E0,9.868820058E0
5.337896050E1,1.392703857E0,-3.412902832E-1,9.762099609E0,9.866848123E0
5.338899250E1,1.376687164E0,-3.465293884E-1,9.761051788E0,9.863745849E0
5.339902350E1,1.360520782E0,-3.532653809E-1,9.732760620E0,9.833740007E0
5.340905550E1,1.360371094E0,-3.730242920E-1,9.760752411E0,9.862152111E0
5.341908650E1,1.395248566E0,-3.718267822E-1,9.796528015E0,9.902370164E0
5.342911850E1,1.413510590E0,-3.525169373E-1,9.810000000E0,9.917579361E0
5.343914950E1,1.379980316E0,-3.459306335E-1,9.782906342E0,9.885811558E0
5.344918050E1,1.351539459E0,-3.397933960E-1,9.725725250E0,9.825062346E0
5.345921250E1,1.327140198E0,-3.427871704E-1,9.744136963E0,9.840071611E0
5.346924350E1,1.341660004E0,-3.710783386E-1,9.770631866E0,9.869295708E0
5.347927550E1,1.356179810E0,-3.821553040E-1,9.779912567E0,9.880888430E0
5.348930650E1,1.357826385E0,-3.456312561E-1,9.733359375E0,9.833688941E0
5.349933850E1,1.352287903E0,-3.366499329E-1,9.766440582E0,9.865362507E0
5.350936950E1,1.392703857E0,-3.806584167E-1,9.818981323E0,9.924561405E0
5.351940050E1,1.440155182E0,-3.893403625E-1,9.810000000E0,9.922788563E0
5.352943250E1,1.447789307E0,-3.661386108E-1,9.806257782E0,9.919316662E0
5.353946350E1,1.412013702E0,-3.650907898E-1,9.733958130E0,9.842612197E0
5.354949550E1,1.386865997E0,-3.743714905E-1,9.697733459E0,9.803549641E0
5.355952650E1,1.395547943E0,-4.171824646E-1,9.728120270E0,9.836560336E0
5.356955850E1,1.423390045E0,-4.607418823E-1,9.785750427E0,9.899456234E0
5.357958950E1,1.459465027E0,-4.388873291E-1,9.829160156E0,9.946609957E0
5.358962150E1,1.447639618E0,-3.869453430E-1,9.812245331E0,9.926003506E0
5.359965250E1,1.421144714E0,-3.318598938E-1,9.761051788E0,9.869544838E0
5.360968350E1,1.393302612E0,-2.962339783E-1,9.719138947E0,9.822968421E0
5.361971550E1,1.370699615E0,-2.727328491E-1,9.714199219E0,9.814217600E0
5.362974650E1,1.384171600E0,-2.444416809E-1,9.739646301E0,9.840548401E0
5.363977850E1,1.377734985E0,-2.284249878E-1,9.763147430E0,9.862523988E0
5.364980950E1,1.369801483E0,-2.396516418E-1,9.778116302E0,9.876504819E0
5.365984150E1,1.349294128E0,-2.659968567E-1,9.801018677E0,9.897035722E0
5.366987250E1,1.338965607E0,-2.957849121E-1,9.808203735E0,9.903594202E0
5.367990350E1,1.344055023E0,-3.345542908E-1,9.800120544E0,9.897513484E0
5.368993550E1,1.362317047E0,-3.914360046E-1,9.795929260E0,9.897947260E0
5.369996650E1,1.400637360E0,-4.126918030E-1,9.793833618E0,9.902084451E0
5.370999850E1,1.422192535E0,-4.397854614E-1,9.763147430E0,9.875985551E0
5.372002950E1,1.432670746E0,-4.246669006E-1,9.744436340E0,9.858343017E0
5.373006150E1,1.424138489E0,-4.342469788E-1,9.747280426E0,9.860335521E0
5.374009250E1,1.416204987E0,-4.364923096E-1,9.740694122E0,9.852780526E0
5.375012350E1,1.421444092E0,-4.129911804E-1,9.762099609E0,9.873684915E0
5.376015550E1,1.426234131E0,-3.878434753E-1,9.763746185E0,9.874983844E0
5.377018650E1,1.407373352E0,-3.362008667E-1,9.747879181E0,9.854688189E0
5.378021850E1,1.387464752E0,-3.073109436E-1,9.761800232E0,9.864696763E0
5.379024950E1,1.391206970E0,-2.924917603E-1,9.783355408E0,9.886103949E0
5.380028150E1,1.393901367E0,-2.667453003E-1,9.793683929E0,9.895976909E0
5.381031250E1,1.392404480E0,-2.698887634E-1,9.761949921E0,9.864446078E0
5.382034450E1,1.367107086E0,-2.639012146E-1,9.783954163E0,9.882529266E0
5.383037550E1,1.325343933E0,-2.785707092E-1,9.779313812E0,9.872644875E0
5.384040650E1,1.338366852E0,-2.824626160E-1,9.746831360E0,9.842343853E0
5.385043850E1,1.357976074E0,-3.138972473E-1,9.711504822E0,9.811011997E0
5.386046950E1,1.380279694E0,-3.505709839E-1,9.742340698E0,9.845876006E0
5.387050150E1,1.409169617E0,-3.936813354E-1,9.770182800E0,9.879130324E0
5.388053250E1,1.429826660E0,-4.207749939E-1,9.810000000E0,9.922578086E0
5.389056450E1,1.437011719E0,-4.460723877E-1,9.827064514E0,9.941588415E0
5.390059550E1,1.445394287E0,-4.486170959E-1,9.825867004E0,9.941734473E0
5.391062650E1,1.439556427E0,-4.414320374E-1,9.790540466E0,9.905648266E0
5.392065850E1,1.435065765E0,-3.959266663E-1,9.733658752E0,9.846841341E0
5.393068950E1,1.419647827E0,-3.571572876E-1,9.704170074E0,9.813963425E0
5.394072150E1,1.391506348E0,-3.149450684E-1,9.680369568E0,9.784939207E0
5.395075250E1,1.368903351E0,-3.198847961E-1,9.711205444E0,9.812427521E0
5.396078450E1,1.367855530E0,-3.077600098E-1,9.728868713E0,9.829375942E0
5.397081550E1,1.396446075E0,-3.128494263E-1,9.779912567E0,9.884059198E0
5.398084750E1,1.404529266E0,-3.162922668E-1,9.793234863E0,9.898494448E0
5.399087850E1,1.417552185E0,-3.092568970E-1,9.800868988E0,9.907680200E0
5.400090950E1,1.407523041E0,-3.290158081E-1,9.810898132E0,9.916808694E0
5.401094150E1,1.384021912E0,-3.501219177E-1,9.814490662E0,9.917778428E0
5.402097250E1,1.368603973E0,-3.608995056E-1,9.793833618E0,9.895579934E0
5.403100450E1,1.360520782E0,-3.662882996E-1,9.761500854E0,9.862661043E0
5.404103550E1,1.351838837E0,-3.688330078E-1,9.728419647E0,9.828817572E0
5.405106750E1,1.354383545E0,-3.767665100E-1,9.733658752E0,9.834654061E0
5.406109850E1,1.386117554E0,-3.701802063E-1,9.729018402E0,9.834233795E0
5.407112950E1,1.397194519E0,-3.785627747E-1,9.725575562E0,9.832714900E0
5.408116150E1,1.400637360E0,-3.727249146E-1,9.752220154E0,9.859336022E0
5.409119250E1,1.392554169E0,-3.652404785E-1,9.776619415E0,9.882049125E0
5.410122450E1,1.387015686E0,-3.622467041E-1,9.782157898E0,9.886639891E0
5.411125550E1,1.370849304E0,-3.709286499E-1,9.790690155E0,9.893150640E0
5.412128750E1,1.358574829E0,-3.725752258E-1,9.797575836E0,9.898334715E0
5.413131850E1,1.373094635E0,-3.673361206E-1,9.801168365E0,9.903697594E0
5.414135050E1,1.365161133E0,-3.567082214E-1,9.792636108E0,9.893767110E0
5.415138150E1,1.373094635E0,-3.306623840E-1,9.777367859E0,9.878848553E0
5.416141250E1,1.382375336E0,-3.356021118E-1,9.761351166E0,9.864459789E0
5.417144450E1,1.397793274E0,-3.347039795E-1,9.753118286E0,9.858456730E0
5.418147550E1,1.412462769E0,-3.457809448E-1,9.753417664E0,9.861225667E0
5.419150750E1,1.412462769E0,-3.707789612E-1,9.762548676E0,9.871164306E0
5.420153850E1,1.416953430E0,-3.703298950E-1,9.750423889E0,9.859800570E0
5.421157050E1,1.417701874E0,-3.703298950E-1,9.755662994E0,9.865089117E0
5.422160150E1,1.421294403E0,-3.788621521E-1,9.771380310E0,9.881471929E0
5.423163250E1,1.425635376E0,-3.721261597E-1,9.772727509E0,9.883173431E0
5.424166450E1,1.413360901E0,-3.926335144E-1,9.765542450E0,9.875098453E0
5.425169550E1,1.415606232E0,-3.852987671E-1,9.769284668E0,9.878831868E0
5.426172750E1,1.395098877E0,-3.769161987E-1,9.746531982E0,9.853083395E0
5.427175850E1,1.358425140E0,-3.656895447E-1,9.749076691E0,9.850052996E0
5.428179050E1,1.366208954E0,-3.568579102E-1,9.779463501E0,9.880879558E0
5.429182150E1,1.387015686E0,-3.390449524E-1,9.807006226E0,9.910405395E0
5.430185350E1,1.397044830E0,-3.156935120E-1,9.782457275E0,9.886752095E0
5.431188450E1,1.371448059E0,-3.152444458E-1,9.758207703E0,9.859151404E0
5.432191550E1,1.345102844E0,-3.270698547E-1,9.710906067E0,9.809076052E0
5.433194750E1,1.344055023E0,-3.490740967E-1,9.732910309E0,9.831473934E0
5.434197850E1,1.350341949E0,-3.866459656E-1,9.768835602E0,9.869299240E0
5.435201050E1,1.346000977E0,-3.977229309E-1,9.769883423E0,9.870183598E0
5.436204150E1,1.343156891E0,-3.734733582E-1,9.752220154E0,9.851362886E0
5.437207350E1,1.367556152E0,-3.625460815E-1,9.795629883E0,9.897273074E0
5.438210450E1,1.412163391E0,-3.986210632E-1,9.815688171E0,9.924758862E0
5.439213550E1,1.432371368E0,-3.984713745E-1,9.810748444E0,9.922764343E0
5.440216750E1,1.460063782E0,-3.757186890E-1,9.804461517E0,9.919698404E0
5.441219850E1,1.432221680E0,-3.839515686E-1,9.737400970E0,9.849652553E0
5.442223050E1,1.401236115E0,-3.981719971E-1,9.734856262E0,9.843242862E0
5.443226150E1,1.390608215E0,-4.436773682E-1,9.748328247E0,9.857004841E0
5.444229350E1,1.412462769E0,-4.593946838E-1,9.789043579E0,9.901084221E0
5.445232450E1,1.425635376E0,-4.418811035E-1,9.797575836E0,9.910609840E0
5.446235650E1,1.407822418E0,-3.667373657E-1,9.793534241E0,9.900998595E0
5.447238750E1,1.393901367E0,-3.104544067E-1,9.741891632E0,9.846004039E0
5.448241850E1,1.384920044E0,-2.788700867E-1,9.721384277E0,9.823496543E0
5.449245050E1,1.394200745E0,-2.610571289E-1,9.713151398E0,9.816173216E0
5.450248150E1,1.403780823E0,-2.570155334E-1,9.741741943E0,9.845719561E0
5.451251350E1,1.383123779E0,-2.610571289E-1,9.773625641E0,9.874458992E0
5.452254450E1,1.365310822E0,-2.555186462E-1,9.786648560E0,9.884728294E0
5.453257650E1,1.350940704E0,-2.836601257E-1,9.801318054E0,9.898047255E0
5.454260750E1,1.331331482E0,-3.055146790E-1,9.806557159E0,9.901229522E0
5.455263850E1,1.344504089E0,-3.528163147E-1,9.791288910E0,9.889464552E0
5.456267050E1,1.374142456E0,-4.010160828E-1,9.784403229E0,9.888560458E0
5.457270150E1,1.400637360E0,-4.143383789E-1,9.772877197E0,9.881426517E0
5.458273350E1,1.420246582E0,-4.477189636E-1,9.762398987E0,9.875322101E0
5.459276450E1,1.413660278E0,-4.486170959E-1,9.742640076E0,9.854883476E0
5.460279650E1,1.418749695E0,-4.480183411E-1,9.734856262E0,9.847893053E0
5.461282750E1,1.434467010E0,-4.490661621E-1,9.755662994E0,9.870780946E0
5.462285950E1,1.426383820E0,-4.180805969E-1,9.767787781E0,9.880234831E0
5.463289050E1,1.433419189E0,-3.805087280E-1,9.754914551E0,9.867007417E0
5.464292150E1,1.413809967E0,-3.445834351E-1,9.763746185E0,9.871592371E0
5.465295350E1,1.404828644E0,-3.170407104E-1,9.760453033E0,9.866129015E0
5.466298450E1,1.388063507E0,-2.856060791E-1,9.771979065E0,9.874202043E0
5.467301650E1,1.380878448E0,-2.752775574E-1,9.766141205E0,9.867123038E0
5.468304750E1,1.369352417E0,-2.460882568E-1,9.783804474E0,9.882232311E0
5.469307950E1,1.350641327E0,-2.465373230E-1,9.791139221E0,9.886931774E0
5.470311050E1,1.347348175E0,-2.490820312E-1,9.742640076E0,9.838517399E0
5.471314150E1,1.347497864E0,-3.002755737E-1,9.743987274E0,9.841300926E0
5.472317350E1,1.353036346E0,-3.423381042E-1,9.726773071E0,9.826393902E0
5.473320450E1,1.374142456E0,-3.583547974E-1,9.742939453E0,9.845890251E0
5.474323650E1,1.377884674E0,-3.990701294E-1,9.782906342E0,9.887521410E0
5.475326750E1,1.420845337E0,-4.511618042E-1,9.822573853E0,9.935054380E0
5.476329950E1,1.448238373E0,-4.561015320E-1,9.843380585E0,9.959797404E0
5.477333050E1,1.476978607E0,-4.586462402E-1,9.829908600E0,9.950825356E0
5.478336250E1,1.464255066E0,-4.393363953E-1,9.793983307E0,9.912576274E0
5.479339350E1,1.436712341E0,-3.920347595E-1,9.730365601E0,9.843670470E0
5.480342413E1,1.408421173E0,-3.487747192E-1,9.714049530E0,9.821815121E0
5.481345613E1,1.383572845E0,-3.353027344E-1,9.707163849E0,9.811000547E0
5.482348713E1,1.378184052E0,-3.103047180E-1,9.725425873E0,9.827491476E0
5.483351913E1,1.379680939E0,-2.965333557E-1,9.751022644E0,9.852608494E0
5.484355013E1,1.392254791E0,-2.865042114E-1,9.768536224E0,9.871411147E0
5.485358213E1,1.403032379E0,-2.850073242E-1,9.779164124E0,9.883409330E0
5.486361312E1,1.392554169E0,-3.008743286E-1,9.816885681E0,9.919726657E0
5.487364413E1,1.377435608E0,-3.267704773E-1,9.802964630E0,9.904656649E0
5.488367613E1,1.369352417E0,-3.475772095E-1,9.791288910E0,9.892687930E0
5.489370713E1,1.342857513E0,-3.745211792E-1,9.781858521E0,9.880702836E0
5.490373913E1,1.349443817E0,-3.736230469E-1,9.767488403E0,9.867341208E0
5.491377013E1,1.352886658E0,-3.829037476E-1,9.747579803E0,9.848463312E0
5.492380213E1,1.357826385E0,-3.909869385E-1,9.753717041E0,9.855534455E0
5.493383312E1,1.370250549E0,-3.608995056E-1,9.761949921E0,9.864253711E0
5.494386513E1,1.387764130E0,-3.487747192E-1,9.779164124E0,9.883298237E0
5.495389613E1,1.391656036E0,-3.287164307E-1,9.781708832E0,9.885675935E0
5.496392713E1,1.385967865E0,-3.176394653E-1,9.792935486E0,9.895624648E0
5.497395912E1,1.375938721E0,-3.246748352E-1,9.818382568E0,9.919639982E0
5.498399013E1,1.350491638E0,-3.107537842E-1,9.798324280E0,9.895835198E0
5.499402213E1,1.350641327E0,-3.173400879E-1,9.789193268E0,9.887023898E0
5.500405313E1,1.348994751E0,-3.362008667E-1,9.780361633E0,9.878678633E0
5.501408513E1,1.362766113E0,-3.453318787E-1,9.785001984E0,9.885476691E0
5.502411613E1,1.372346191E0,-3.457809448E-1,9.769284668E0,9.871262404E0
5.503414813E1,1.390458527E0,-3.594026184E-1,9.776619415E0,9.881539979E0
5.504417912E1,1.409319305E0,-3.591032410E-1,9.781259766E0,9.888790555E0
5.505421013E1,1.407523041E0,-3.734733582E-1,9.777966614E0,9.885809757E0
5.506424213E1,1.408720551E0,-3.629951477E-1,9.782457275E0,9.890031821E0
5.507427313E1,1.404978333E0,-3.683839417E-1,9.771080933E0,9.878445902E0
5.508430512E1,1.413510590E0,-3.592529297E-1,9.756112061E0,9.864522157E0
5.509433613E1,1.408870239E0,-3.502716064E-1,9.756411438E0,9.863831390E0
5.510436813E1,1.396595764E0,-3.433859253E-1,9.752519531E0,9.857993246E0
5.511439913E1,1.400787048E0,-3.474275208E-1,9.739496613E0,9.845847069E0
5.512443012E1,1.388213196E0,-3.507206726E-1,9.743538208E0,9.848181440E0
5.513446213E1,1.361568604E0,-3.421884155E-1,9.735754395E0,9.836456456E0
5.514449313E1,1.346450043E0,-3.532653809E-1,9.769134979E0,9.867812442E0
5.515452512E1,1.361867981E0,-3.779640198E-1,9.800569611E0,9.901954650E0
5.516455613E1,1.408870239E0,-3.844006348E-1,9.855804749E0,9.963411386E0
5.517458813E1,1.424138489E0,-3.869453430E-1,9.845176849E0,9.955169729E0
5.518461913E1,1.410666504E0,-3.656895447E-1,9.792037354E0,9.899884058E0
5.519465112E1,1.398392029E0,-3.758683777E-1,9.751172333E0,9.858100180E0
5.520468213E1,1.377734985E0,-3.779640198E-1,9.740394745E0,9.844607675E0
5.521471313E1,1.367556152E0,-4.040098572E-1,9.752220154E0,9.855923687E0
5.522474513E1,1.365011444E0,-4.087998962E-1,9.729916534E0,9.833699678E0
5.523477612E1,1.354233856E0,-3.701802063E-1,9.727371826E0,9.828160833E0
5.524480813E1,1.350940704E0,-3.471281433E-1,9.711953888E0,9.811604714E0
5.525483913E1,1.382525024E0,-3.647914124E-1,9.769284668E0,9.873366758E0
5.526487112E1,1.413959656E0,-4.026626587E-1,9.781858521E0,9.891722562E0
5.527490213E1,1.451531525E0,-4.077520752E-1,9.817634125E0,9.932731011E0
5.528493313E1,1.453926544E0,-4.427792358E-1,9.800270233E0,9.917421665E0
5.529496513E1,1.440005493E0,-4.622387695E-1,9.794731750E0,9.910804738E0
5.530499612E1,1.441801758E0,-4.680766296E-1,9.755363617E0,9.872436748E0
5.531502813E1,1.448238373E0,-4.715194702E-1,9.766290894E0,9.884339270E0
5.532505913E1,1.437311096E0,-4.433779907E-1,9.785451050E0,9.900378754E0
5.533509113E1,1.423988800E0,-3.902384949E-1,9.749376068E0,9.860545822E0
5.534512212E1,1.409319305E0,-3.275189209E-1,9.708061981E0,9.815289959E0
5.535515413E1,1.398691406E0,-2.881507874E-1,9.698930969E0,9.803500929E0
5.536518513E1,1.436113586E0,-2.802172852E-1,9.695039063E0,9.804831788E0
5.537521613E1,1.445843353E0,-2.872526550E-1,9.737251282E0,9.848199816E0
5.538524813E1,1.442250824E0,-3.140469360E-1,9.792636108E0,9.903253752E0
5.539527913E1,1.439257050E0,-3.465293884E-1,9.826914825E0,9.937796459E0
5.540531113E1,1.421743469E0,-3.653901672E-1,9.842931519E0,9.951792067E0
5.541534212E1,1.398541718E0,-4.004173279E-1,9.833201752E0,9.940226842E0
5.542537413E1,1.402583313E0,-4.309538269E-1,9.819580078E0,9.928600811E0
5.543540513E1,1.414708099E0,-4.364923096E-1,9.808203735E0,9.919313739E0
5.544543713E1,1.413211212E0,-4.375401306E-1,9.770631866E0,9.881996477E0
5.545546813E1,1.423090668E0,-4.484674072E-1,9.745633850E0,9.859193131E0
5.546549913E1,1.430874481E0,-4.414320374E-1,9.716145172E0,9.830856577E0
5.547553113E1,1.442400513E0,-4.270619202E-1,9.725126495E0,9.840781802E0
5.548556213E1,1.430874481E0,-4.132905579E-1,9.716743927E0,9.830224993E0
5.549559413E1,1.435664520E0,-4.129911804E-1,9.735155640E0,9.849109079E0
5.550562513E1,1.459914093E0,-4.140390015E-1,9.733509064E0,9.851090099E0
5.551565713E1,1.461710358E0,-4.099974060E-1,9.749376068E0,9.866865194E0
5.552568812E1,1.430724792E0,-3.938310242E-1,9.776170349E0,9.888153670E0
5.553571913E1,1.431772614E0,-3.944297791E-1,9.780211945E0,9.892324972E0
5.554575113E1,1.451830902E0,-3.802093506E-1,9.764943695E0,9.879600067E0
5.555578213E1,1.419797516E0,-3.697311401E-1,9.821975098E0,9.930947635E0
5.556581413E1,1.414408722E0,-3.457809448E-1,9.779313812E0,9.887117635E0
5.557584513E1,1.427132263E0,-3.459306335E-1,9.778715057E0,9.888358947E0
5.558587713E1,1.428030396E0,-3.926335144E-1,9.786349182E0,9.897780671E0
5.559590812E1,1.435215454E0,-4.083508301E-1,9.799970856E0,9.912922000E0
5.560594013E1,1.453776855E0,-3.950285339E-1,9.783804474E0,9.899108277E0
5.561597113E1,1.442400513E0,-3.781137085E-1,9.754315796E0,9.867632232E0
5.562600213E1,1.407822418E0,-4.146377563E-1,9.751172333E0,9.860996415E0
5.563603412E1,1.442400513E0,-4.450245667E-1,9.758806458E0,9.874860484E0
5.564606513E1,1.494941254E0,-4.505630493E-1,9.786349182E0,9.910120419E0
5.565609713E1,1.496587830E0,-4.243675232E-1,9.758507080E0,9.881716620E0
5.566612813E1,1.498234406E0,-4.082011414E-1,9.735305328E0,9.858372297E0
5.567616013E1,1.488804016E0,-4.113446045E-1,9.711804199E0,9.833864072E0
5.568619113E1,1.458417206E0,-4.149371338E-1,9.706714783E0,9.824432067E0
5.569622213E1,1.435514832E0,-4.111949158E-1,9.707463226E0,9.821640717E0
5.570625412E1,1.443448334E0,-4.189787292E-1,9.734107819E0,9.849464010E0
5.571628513E1,1.441203003E0,-4.147874451E-1,9.751471710E0,9.866119563E0
5.572631713E1,1.428479462E0,-4.126918030E-1,9.762848053E0,9.875427596E0
5.573634813E1,1.404379578E0,-4.284091187E-1,9.763297119E0,9.873083966E0
5.574638012E1,1.405277710E0,-4.445755005E-1,9.764943695E0,9.875554576E0
5.575641113E1,1.408720551E0,-4.372407532E-1,9.766440582E0,9.877197716E0
5.576644313E1,1.403032379E0,-4.284091187E-1,9.760003967E0,9.869635843E0
5.577647413E1,1.391356659E0,-4.215234375E-1,9.739047546E0,9.846959047E0
5.578650512E1,1.404379578E0,-4.231700134E-1,9.728719025E0,9.838664987E0
5.579653754E1,1.398242340E0,-4.111949158E-1,9.715845795E0,9.824552021E0
5.580656854E1,1.408570862E0,-4.387376404E-1,9.690249023E0,9.801912503E0
5.581660054E1,1.418899384E0,-4.379891968E-1,9.726473694E0,9.839176821E0
5.582663154E1,1.437161407E0,-4.406835938E-1,9.756561127E0,9.871682732E0
5.583666354E1,1.456471252E0,-4.418811035E-1,9.769284668E0,9.887137621E0
5.584669454E1,1.463057556E0,-4.267625427E-1,9.786349182E0,9.904306841E0
5.585672654E1,1.454525299E0,-4.309538269E-1,9.789193268E0,9.906042090E0
5.586675754E1,1.459465027E0,-4.426295471E-1,9.781259766E0,9.899444514E0
5.587678854E1,1.458417206E0,-4.601431274E-1,9.782756653E0,9.901567561E0
5.588682054E1,1.462758179E0,-4.590953064E-1,9.770482178E0,9.890032961E0
5.589685154E1,1.462009735E0,-4.526586914E-1,9.761500854E0,9.880752567E0
5.590688354E1,1.451381836E0,-4.242178345E-1,9.745484161E0,9.862095697E0
5.591691454E1,1.450483704E0,-4.243675232E-1,9.730365601E0,9.847030288E0
5.592694654E1,1.468745728E0,-4.257147217E-1,9.770033112E0,9.888983468E0
5.593697754E1,1.483714600E0,-4.186793518E-1,9.785151672E0,9.905851537E0
5.594700954E1,1.495839386E0,-3.966751099E-1,9.795929260E0,9.917414819E0
5.595704054E1,1.481319580E0,-3.827540588E-1,9.787397003E0,9.906258046E0
5.596707154E1,1.471290436E0,-3.933819580E-1,9.775421906E0,9.893347176E0
5.597710354E1,1.442999268E0,-4.107458496E-1,9.754016418E0,9.868728152E0
5.598713454E1,1.419198761E0,-4.333488464E-1,9.763446808E0,9.875566309E0
5.599716654E1,1.413510590E0,-4.535568237E-1,9.768985291E0,9.881133517E0
5.600719754E1,1.448238373E0,-4.212240601E-1,9.754615173E0,9.870528926E0
5.601722954E1,1.444496155E0,-4.096980286E-1,9.726324005E0,9.841534447E0
5.602726054E1,1.428479462E0,-4.008663940E-1,9.685458984E0,9.798436772E0
5.603729154E1,1.424437866E0,-4.465214539E-1,9.714348907E0,9.828376231E0
5.604732354E1,1.449435883E0,-5.066963196E-1,9.778415680E0,9.898233112E0
5.605735454E1,1.508562927E0,-5.140310669E-1,9.800419922E0,9.929160120E0
5.606738654E1,1.533261566E0,-5.221142578E-1,9.789941711E0,9.923026405E0
5.607741754E1,1.485660553E0,-4.875361633E-1,9.762997742E0,9.887416432E0
5.608744954E1,1.437311096E0,-4.403842163E-1,9.728419647E0,9.843878823E0
5.609748054E1,1.417701874E0,-4.779560852E-1,9.715097351E0,9.829620398E0
5.610751254E1,1.420995026E0,-4.757107544E-1,9.715995483E0,9.830874621E0
5.611754354E1,1.420695648E0,-4.107458496E-1,9.725874939E0,9.837669013E0
5.612757454E1,1.407073975E0,-3.692820740E-1,9.733808441E0,9.841913086E0
5.613760654E1,1.441053314E0,-3.438349915E-1,9.731114044E0,9.843243251E0
5.614763754E1,1.462458801E0,-3.460803223E-1,9.733059998E0,9.848401609E0
5.615766954E1,1.450334015E0,-3.652404785E-1,9.753267975E0,9.867274474E0
5.616770054E1,1.447190552E0,-3.852987671E-1,9.785451050E0,9.899387248E0
5.617773254E1,1.443897400E0,-4.296066284E-1,9.807904358E0,9.922922425E0
5.618776354E1,1.447639618E0,-4.813989258E-1,9.814939728E0,9.932796547E0
5.619779554E1,1.462009735E0,-5.074447632E-1,9.832004242E0,9.953053806E0
5.620782654E1,1.462758179E0,-5.068460083E-1,9.809251556E0,9.930658108E0
5.621785754E1,1.457519073E0,-4.911286926E-1,9.773475952E0,9.893755679E0
5.622788954E1,1.457070007E0,-4.911286926E-1,9.727072449E0,9.847852498E0
5.623792054E1,1.438059540E0,-4.767585754E-1,9.710157623E0,9.827638325E0
5.624795254E1,1.447190552E0,-4.659809875E-1,9.721983032E0,9.840144961E0
5.625798354E1,1.439855804E0,-4.529580688E-1,9.714049530E0,9.830621243E0
5.626801554E1,1.447639618E0,-4.549040222E-1,9.722581787E0,9.840284281E0
5.627804654E1,1.468895416E0,-4.561015320E-1,9.747879181E0,9.868476624E0
5.628807754E1,1.453477478E0,-4.564009094E-1,9.739646301E0,9.858073272E0
5.629810954E1,1.439257050E0,-4.499642944E-1,9.722881165E0,9.839123277E0
5.630814054E1,1.426832886E0,-4.598437500E-1,9.760453033E0,9.874905153E0
5.631817254E1,1.435664520E0,-4.357438660E-1,9.770781555E0,9.885301084E0
5.632820354E1,1.441502380E0,-3.993695068E-1,9.809101868E0,9.922494876E0
5.633823554E1,1.463955688E0,-3.655398560E-1,9.771829376E0,9.887640517E0
5.634826654E1,1.463506622E0,-3.884422302E-1,9.755513306E0,9.872323883E0
5.635829854E1,1.460063782E0,-4.260140991E-1,9.728419647E0,9.846594492E0
5.636832954E1,1.446292419E0,-4.216731262E-1,9.727072449E0,9.843043656E0
5.637836054E1,1.421893158E0,-4.451742554E-1,9.744885406E0,9.858131256E0
5.638839254E1,1.414408722E0,-4.568499756E-1,9.746531982E0,9.859216481E0
5.639842354E1,1.435215454E0,-4.770579529E-1,9.781110077E0,9.897350253E0
5.640845554E1,1.504221954E0,-5.492079163E-1,9.812095642E0,9.941907961E0
5.641848654E1,1.549577637E0,-5.315446472E-1,9.820328522E0,9.956032485E0
5.642851854E1,1.523831177E0,-4.965174866E-1,9.770631866E0,9.901203873E0
5.643854954E1,1.454974365E0,-4.643344116E-1,9.698182526E0,9.817703456E0
5.644858154E1,1.409468994E0,-4.593946838E-1,9.690698090E0,9.803431837E0
5.645861254E1,1.432371368E0,-4.549040222E-1,9.720486145E0,9.835978665E0
5.646864354E1,1.445843353E0,-4.348457336E-1,9.744586029E0,9.860857503E0
5.647867554E1,1.443448334E0,-3.975732422E-1,9.734856262E0,9.849316424E0
5.648870654E1,1.415306854E0,-3.734733582E-1,9.708810425E0,9.818532258E0
5.649873854E1,1.379231873E0,-3.745211792E-1,9.694739685E0,9.799516531E0
5.650876954E1,1.378782806E0,-4.092489624E-1,9.715546417E0,9.821423976E0
5.651880154E1,1.391506348E0,-4.561015320E-1,9.749076691E0,9.858438763E0
5.652883254E1,1.407672729E0,-4.772076416E-1,9.771080933E0,9.883485834E0
5.653886454E1,1.422342224E0,-4.888833618E-1,9.774224396E0,9.889263212E0
5.654889554E1,1.423839111E0,-4.993615723E-1,9.792336731E0,9.907902828E0
5.655892654E1,1.428928528E0,-4.930746460E-1,9.773925018E0,9.890124853E0
5.656895854E1,1.441502380E0,-4.769082642E-1,9.774823151E0,9.892044189E0
5.657898954E1,1.437760162E0,-4.614903259E-1,9.741143188E0,9.857484376E0
5.658902154E1,1.430425415E0,-4.472698975E-1,9.730964355E0,9.845701322E0
5.659905254E1,1.418450317E0,-4.385879517E-1,9.744436340E0,9.856896078E0
5.660908454E1,1.439556427E0,-4.272116089E-1,9.738897858E0,9.853982137E0
5.661911554E1,1.436712341E0,-4.237687683E-1,9.752968597E0,9.867325817E0
5.662914754E1,1.422940979E0,-4.290078735E-1,9.754914551E0,9.867480260E0
5.663917854E1,1.441652069E0,-4.300556946E-1,9.767488403E0,9.882668582E0
5.664920954E1,1.456920319E0,-4.180805969E-1,9.778864746E0,9.895635600E0
5.665924154E1,1.452279968E0,-4.424798584E-1,9.785001984E0,9.902079042E0
5.666927254E1,1.466949463E0,-4.323010254E-1,9.760602722E0,9.879685744E0
5.667930454E1,1.450932770E0,-4.293072510E-1,9.737101593E0,9.853966615E0
5.668933554E1,1.439107361E0,-4.323010254E-1,9.721533966E0,9.836978033E0
5.669936754E1,1.429676971E0,-4.445755005E-1,9.741741943E0,9.856122955E0
5.670939854E1,1.436263275E0,-4.415817261E-1,9.755064240E0,9.870112711E0
5.671942954E1,1.451681213E0,-4.462220764E-1,9.766889648E0,9.884261525E0
5.672946154E1,1.431622925E0,-4.363426208E-1,9.767189026E0,9.881190239E0
5.673949254E1,1.411864014E0,-4.192781067E-1,9.748777313E0,9.859402275E0
5.674952454E1,1.395847321E0,-4.373904419E-1,9.741292877E0,9.850506944E0
5.675955554E1,1.384920044E0,-4.578977966E-1,9.765243073E0,9.873583250E0
5.676958754E1,1.384021912E0,-4.808001709E-1,9.777966614E0,9.887128833E0
5.677961854E1,1.405876465E0,-4.384382629E-1,9.744436340E0,9.855087840E0
5.678965054E1,1.398392029E0,-4.123924255E-1,9.718839569E0,9.827584156E0
5.679968117E1,1.417851562E0,-4.266128540E-1,9.762848053E0,9.874487515E0
5.680971217E1,1.441502380E0,-4.785548401E-1,9.798923035E0,9.915938508E0
5.681974417E1,1.481768646E0,-4.896318054E-1,9.816286926E0,9.939560687E0
5.682977517E1,1.473236389E0,-4.632865906E-1,9.779463501E0,9.900654841E0
5.683980717E1,1.412313080E0,-4.947212219E-1,9.767338715E0,9.881309776E0
5.684983817E1,1.390009460E0,-5.020559692E-1,9.765692139E0,9.876888652E0
5.685987017E1,1.413510590E0,-5.029541016E-1,9.772428131E0,9.886927055E0
5.686990117E1,1.442999268E0,-5.098397827E-1,9.774972839E0,9.894052633E0
5.687993317E1,1.444645844E0,-4.531077576E-1,9.766141205E0,9.882804374E0
5.688996417E1,1.452279968E0,-3.659889221E-1,9.754016418E0,9.868328191E0
5.689999517E1,1.422491913E0,-3.254232788E-1,9.710606689E0,9.819636746E0
5.691002717E1,1.423240356E0,-3.100053406E-1,9.696835327E0,9.805627557E0
5.692005817E1,1.430575104E0,-3.137475586E-1,9.730964355E0,9.840561465E0
5.693009017E1,1.424437866E0,-3.137475586E-1,9.772577820E0,9.880826788E0
5.694012117E1,1.423240356E0,-3.469784546E-1,9.790989532E0,9.899973898E0
5.695015317E1,1.396595764E0,-3.655398560E-1,9.798024902E0,9.903806899E0
5.696018417E1,1.387913818E0,-4.087998962E-1,9.794731750E0,9.901019755E0
5.697021617E1,1.404229889E0,-4.442761230E-1,9.807604980E0,9.917578248E0
5.698024717E1,1.405277710E0,-4.700225830E-1,9.789792023E0,9.901300648E0
5.699027817E1,1.420845337E0,-5.098397827E-1,9.752968597E0,9.869099986E0
5.700031017E1,1.440005493E0,-5.207670593E-1,9.746831360E0,9.866384125E0
5.701034117E1,1.431173859E0,-5.179229736E-1,9.739646301E0,9.857850318E0
5.702037317E1,1.421593781E0,-4.935237122E-1,9.727820892E0,9.843525478E0
5.703040417E1,1.418749695E0,-4.834945679E-1,9.731862488E0,9.846611863E0
5.704043617E1,1.413510590E0,-4.668791199E-1,9.732161865E0,9.845352349E0
5.705046717E1,1.414109344E0,-4.415817261E-1,9.729916534E0,9.842051383E0
5.706049917E1,1.414259033E0,-4.366419983E-1,9.753267975E0,9.864938978E0
5.707053017E1,1.406475220E0,-4.122427368E-1,9.782307587E0,9.891494242E0
5.708056117E1,1.421893158E0,-3.791615295E-1,9.797276459E0,9.907177682E0
5.709059317E1,1.415755920E0,-3.608995056E-1,9.789642334E0,9.898065988E0
5.710062417E1,1.420995026E0,-3.586541748E-1,9.757459259E0,9.866907868E0
5.711065617E1,1.397643585E0,-3.453318787E-1,9.793384552E0,9.898638426E0
5.712068717E1,1.390907593E0,-3.309617615E-1,9.785600739E0,9.889496521E0
5.713071917E1,1.403331757E0,-3.164419556E-1,9.753866730E0,9.859380899E0
5.714075017E1,1.425186310E0,-3.480262756E-1,9.729467468E0,9.839451993E0
5.715078117E1,1.416504364E0,-3.513194275E-1,9.702972565E0,9.812114275E0
5.716081317E1,1.391356659E0,-3.561094666E-1,9.710906067E0,9.816536250E0
5.717084417E1,1.391955414E0,-4.334985352E-1,9.751022644E0,9.859406851E0
5.718087617E1,1.428329773E0,-4.810995483E-1,9.809401245E0,9.924511852E0
5.719090717E1,1.478176117E0,-5.099894714E-1,9.846673737E0,9.970059055E0
5.720093917E1,1.503323822E0,-5.212161255E-1,9.843230896E0,9.971000112E0
5.721097017E1,1.484612732E0,-5.093907166E-1,9.805808716E0,9.930631321E0
5.722100217E1,1.440753937E0,-4.743635559E-1,9.731263733E0,9.848770813E0
5.723103317E1,1.390009460E0,-4.400848389E-1,9.695488129E0,9.804503609E0
5.724106517E1,1.372495880E0,-4.107458496E-1,9.699380035E0,9.804612698E0
5.725109617E1,1.380130005E0,-3.929328918E-1,9.734107819E0,9.839309433E0
5.726112717E1,1.413510590E0,-3.668870544E-1,9.752220154E0,9.860954124E0
5.727115917E1,1.440604248E0,-3.424877930E-1,9.745035095E0,9.856893400E0
5.728119017E1,1.433269501E0,-3.367996216E-1,9.759255524E0,9.869689145E0
5.729122217E1,1.391955414E0,-3.418890381E-1,9.760453033E0,9.865134130E0
5.730125317E1,1.391805725E0,-3.703298950E-1,9.742789764E0,9.848665889E0
5.731128517E1,1.381477203E0,-3.956272888E-1,9.755213928E0,9.860486753E0
5.732131617E1,1.385668488E0,-4.147874451E-1,9.755213928E0,9.861862125E0
5.733134717E1,1.394799500E0,-4.315525818E-1,9.755363617E0,9.864016554E0
5.734137917E1,1.410367126E0,-4.302053833E-1,9.768386536E0,9.879047910E0
5.735141017E1,1.408720551E0,-4.191284180E-1,9.756261749E0,9.866347122E0
5.736144217E1,1.404080200E0,-4.222718811E-1,9.768236847E0,9.877661963E0
5.737147317E1,1.382525024E0,-4.360432434E-1,9.762698364E0,9.869741056E0
5.738150517E1,1.401984558E0,-4.435276794E-1,9.780062256E0,9.889989648E0
5.739153617E1,1.402134247E0,-4.468208313E-1,9.797426147E0,9.907330035E0
5.740156817E1,1.387165375E0,-4.272116089E-1,9.784403229E0,9.891475324E0
5.741159917E1,1.398691406E0,-4.146377563E-1,9.780810699E0,9.889010065E0
5.742163017E1,1.391805725E0,-4.016148376E-1,9.789941711E0,9.896533553E0
5.743166217E1,1.399589539E0,-3.844006348E-1,9.768985291E0,9.876218321E0
5.744169317E1,1.411265259E0,-3.957769775E-1,9.758058014E0,9.867522751E0
5.745172517E1,1.405726776E0,-3.992198181E-1,9.755513306E0,9.864354216E0
5.746175617E1,1.423090668E0,-3.911366272E-1,9.752519531E0,9.863559810E0
5.747178817E1,1.428928528E0,-3.847000122E-1,9.745334473E0,9.857046963E0
5.748181917E1,1.427281952E0,-3.950285339E-1,9.754016418E0,9.865800404E0
5.749185117E1,1.413510590E0,-4.023632813E-1,9.766590271E0,9.876547672E0
5.750188217E1,1.415157166E0,-3.978726196E-1,9.763147430E0,9.873197059E0
5.751191317E1,1.420695648E0,-3.959266663E-1,9.766739960E0,9.877466451E0
5.752194517E1,1.410067749E0,-4.007167053E-1,9.756710815E0,9.866218671E0
5.753197617E1,1.408870239E0,-4.044589233E-1,9.795031128E0,9.904096989E0
5.754200817E1,1.437161407E0,-4.013154602E-1,9.816885681E0,9.929639041E0
5.755203917E1,1.436862030E0,-3.823049927E-1,9.803114319E0,9.915229697E0
5.756207117E1,1.415306854E0,-3.591032410E-1,9.771979065E0,9.880466764E0
5.757210217E1,1.398092651E0,-3.420387268E-1,9.713750153E0,9.819806290E0
5.758213417E1,1.355880432E0,-3.564088440E-1,9.726922760E0,9.827434324E0
5.759216517E1,1.355880432E0,-3.962260437E-1,9.761351166E0,9.863031147E0
5.760219617E1,1.356179810E0,-3.975732422E-1,9.750573578E0,9.852460264E0
5.761222817E1,1.347497864E0,-3.885919189E-1,9.718091125E0,9.818760069E0
5.762225917E1,1.363215179E0,-4.029620361E-1,9.791288910E0,9.893941204E0
5.763229117E1,1.411265259E0,-4.393363953E-1,9.822573853E0,9.933158772E0
5.764232217E1,1.448388062E0,-4.348457336E-1,9.846224670E0,9.961679530E0
5.765235417E1,1.462009735E0,-4.168830872E-1,9.790540466E0,9.907872960E0
5.766238517E1,1.439406738E0,-3.915856934E-1,9.728569336E0,9.842270695E0
5.767241617E1,1.395697632E0,-4.296066284E-1,9.723330231E0,9.832379392E0
5.768244817E1,1.387614441E0,-4.884342957E-1,9.733509064E0,9.844045946E0
5.769247917E1,1.425785065E0,-5.072950745E-1,9.772577820E0,9.889059034E0
5.770251117E1,1.446891174E0,-4.781057739E-1,9.812844086E0,9.930457605E0
5.771254217E1,1.438957672E0,-4.086502075E-1,9.780810699E0,9.894536478E0
5.772257417E1,1.401535492E0,-3.658392334E-1,9.732610931E0,9.839809735E0
5.773260517E1,1.377734985E0,-3.366499329E-1,9.722132721E0,9.825036972E0
5.774263717E1,1.389710083E0,-2.956352234E-1,9.717791748E0,9.821108428E0
5.775266817E1,1.404529266E0,-2.730322266E-1,9.758806458E0,9.863141109E0
5.776270017E1,1.401984558E0,-2.680924988E-1,9.780062256E0,9.883676038E0
5.777273117E1,1.391955414E0,-2.848576355E-1,9.799372101E0,9.901837068E0
5.778276217E1,1.382525024E0,-3.029699707E-1,9.809251556E0,9.910831567E0
5.779279417E1,1.382375336E0,-3.308120728E-1,9.808503113E0,9.910960171E0
5.780282487E1,1.378932495E0,-3.534150696E-1,9.803862762E0,9.906668567E0
5.781285688E1,1.388662262E0,-3.667373657E-1,9.780361633E0,9.885259372E0
5.782288788E1,1.386566620E0,-3.911366272E-1,9.760303345E0,9.866056772E0
5.783291988E1,1.387165375E0,-4.233197021E-1,9.744885406E0,9.852218985E0
5.784295087E1,1.380579071E0,-4.429289246E-1,9.740694122E0,9.848010286E0
5.785298288E1,1.384920044E0,-4.535568237E-1,9.735904083E0,9.844366188E0
5.786301388E1,1.414259033E0,-4.507127380E-1,9.728419647E0,9.841007033E0
5.787304488E1,1.434616699E0,-4.376898193E-1,9.755363617E0,9.869995783E0
5.788307688E1,1.433718567E0,-4.269122314E-1,9.783505096E0,9.897210463E0
5.789310788E1,1.426982574E0,-4.013154602E-1,9.795031128E0,9.906561874E0
5.790313988E1,1.438059540E0,-3.818559265E-1,9.797575836E0,9.909910265E0
5.791317087E1,1.424437866E0,-3.499722290E-1,9.793983307E0,9.903212247E0
5.792320288E1,1.406475220E0,-3.080593872E-1,9.787247314E0,9.892587282E0
5.793323388E1,1.400487671E0,-2.838098145E-1,9.734407196E0,9.838729450E0
5.794326588E1,1.379531250E0,-2.772235107E-1,9.743687897E0,9.844765775E0
5.795329687E1,1.350940704E0,-2.832110596E-1,9.751471710E0,9.848677566E0
5.796332788E1,1.350192261E0,-2.815644836E-1,9.728269958E0,9.825555154E0
5.797335988E1,1.365310822E0,-2.887495422E-1,9.719887390E0,9.819555021E0
5.798339088E1,1.393452301E0,-3.350033569E-1,9.750274200E0,9.855038485E0
5.799342288E1,1.412013702E0,-4.001179504E-1,9.775721283E0,9.885272059E0
5.800345388E1,1.428479462E0,-4.293072510E-1,9.807305603E0,9.920085760E0
5.801348588E1,1.427731018E0,-4.556524658E-1,9.828262024E0,9.941869514E0
5.802351687E1,1.419647827E0,-4.830455017E-1,9.822873230E0,9.936678087E0
5.803354888E1,1.430874481E0,-4.893324280E-1,9.805209961E0,9.921138563E0
5.804357988E1,1.427132263E0,-4.484674072E-1,9.783954163E0,9.897655711E0
5.805361088E1,1.419647827E0,-4.028123474E-1,9.739646301E0,9.850805440E0
5.806364288E1,1.411414948E0,-3.504212952E-1,9.709708557E0,9.818010364E0
5.807367388E1,1.409918060E0,-3.164419556E-1,9.711953888E0,9.818862091E0
5.808370588E1,1.416504364E0,-3.121009827E-1,9.739795990E0,9.847208618E0
5.809373688E1,1.436412964E0,-3.067121887E-1,9.746981049E0,9.857027652E0
5.810376888E1,1.427731018E0,-3.092568970E-1,9.777517548E0,9.886045978E0
5.811379988E1,1.438358917E0,-3.323089600E-1,9.775122528E0,9.885966117E0
5.812383188E1,1.424288177E0,-3.424877930E-1,9.792037354E0,9.901004506E0
5.813386287E1,1.384620667E0,-3.706292725E-1,9.784253540E0,9.888688375E0
5.814389388E1,1.361418915E0,-3.894900513E-1,9.747130737E0,9.849452856E0
5.815392588E1,1.347348175E0,-4.061054993E-1,9.726773071E0,9.828040657E0
5.816395688E1,1.338067474E0,-4.284091187E-1,9.754315796E0,9.854980243E0
5.817398888E1,1.359772339E0,-4.568499756E-1,9.752519531E0,9.857450478E0
5.818401988E1,1.392404480E0,-4.330494690E-1,9.771679688E0,9.879880869E0
5.819405188E1,1.400936737E0,-4.071533203E-1,9.778864746E0,9.887092257E0
5.820408288E1,1.406774597E0,-4.117936707E-1,9.781259766E0,9.890481859E0
5.821411488E1,1.396745453E0,-3.954776001E-1,9.771979065E0,9.879214303E0
5.822414588E1,1.390458527E0,-3.727249146E-1,9.769733734E0,9.875221315E0
5.823417688E1,1.384920044E0,-3.688330078E-1,9.776020660E0,9.880517257E0
5.824420887E1,1.378483429E0,-3.635939026E-1,9.759405212E0,9.862981658E0
5.825423988E1,1.378034363E0,-3.617976379E-1,9.759854279E0,9.863297206E0
5.826427188E1,1.378782806E0,-3.688330078E-1,9.738897858E0,9.842926968E0
5.827430288E1,1.378034363E0,-3.534150696E-1,9.754615173E0,9.857808991E0
5.828433488E1,1.400188293E0,-3.679348755E-1,9.769733734E0,9.876416383E0
5.829436588E1,1.404529266E0,-3.806584167E-1,9.773176575E0,9.880920182E0
5.830439788E1,1.397942963E0,-3.951782227E-1,9.788744202E0,9.895954901E0
5.831442887E1,1.403481445E0,-3.951782227E-1,9.790690155E0,9.898663531E0
5.832445988E1,1.402134247E0,-3.984713745E-1,9.778265991E0,9.886316082E0
5.833449188E1,1.410367126E0,-3.879931641E-1,9.766739960E0,9.875671297E0
5.834452288E1,1.424886932E0,-3.851490784E-1,9.765991516E0,9.876904013E0
5.835455487E1,1.426982574E0,-3.929328918E-1,9.763746185E0,9.875293165E0
5.836458588E1,1.402433624E0,-3.571572876E-1,9.749525757E0,9.856349927E0
5.837461788E1,1.396595764E0,-3.592529297E-1,9.757908325E0,9.863889561E0
5.838464888E1,1.389710083E0,-3.623963928E-1,9.760303345E0,9.865401494E0
5.839468088E1,1.367855530E0,-3.673361206E-1,9.755962372E0,9.858233431E0
5.840471188E1,1.366658020E0,-3.930825806E-1,9.768685913E0,9.871650952E0
5.841474288E1,1.364562378E0,-3.959266663E-1,9.787247314E0,9.889843194E0
5.842477487E1,1.377585297E0,-3.965254211E-1,9.770631866E0,9.875232692E0
5.843480588E1,1.389261017E0,-3.875440979E-1,9.777068481E0,9.882879373E0
5.844483788E1,1.386716309E0,-3.987707520E-1,9.778116302E0,9.884005193E0
5.845486888E1,1.394200745E0,-3.959266663E-1,9.790241089E0,9.896937618E0
5.846490087E1,1.419647827E0,-4.062551880E-1,9.802665253E0,9.913258258E0
5.847493188E1,1.409618683E0,-3.698808289E-1,9.797276459E0,9.905072573E0
5.848496388E1,1.411265259E0,-3.418890381E-1,9.755213928E0,9.862695196E0
5.849499488E1,1.378034363E0,-3.357518005E-1,9.725276184E0,9.828158771E0
5.850502587E1,1.350791016E0,-3.601510620E-1,9.732311554E0,9.832203890E0
5.851505788E1,1.359173584E0,-3.924838257E-1,9.746831360E0,9.848965323E0
5.852508888E1,1.373244324E0,-4.171824646E-1,9.757309570E0,9.862298476E0
5.853512087E1,1.371747437E0,-3.980223083E-1,9.747430115E0,9.851523061E0
5.854515188E1,1.372795258E0,-3.890409851E-1,9.776619415E0,9.880192655E0
5.855518388E1,1.415606232E0,-4.140390015E-1,9.809251556E0,9.919515381E0
5.856521488E1,1.455722809E0,-4.108955383E-1,9.822124786E0,9.937912223E0
5.857524687E1,1.457369385E0,-3.920347595E-1,9.791588287E0,9.907210403E0
5.858527788E1,1.422491913E0,-3.909869385E-1,9.723779297E0,9.835051492E0
5.859530888E1,1.377285919E0,-4.228706360E-1,9.728269958E0,9.834377076E0
5.860534088E1,1.393302612E0,-4.668791199E-1,9.740694122E0,9.850908093E0
5.861537187E1,1.433419189E0,-4.957690430E-1,9.789492645E0,9.906293140E0
5.862540388E1,1.458267517E0,-4.748126221E-1,9.796977081E0,9.916287163E0
5.863543488E1,1.436862030E0,-4.040098572E-1,9.792935486E0,9.906027553E0
5.864546687E1,1.419348450E0,-3.483256531E-1,9.741442566E0,9.850461108E0
5.865549788E1,1.392105103E0,-3.149450684E-1,9.695937195E0,9.800425761E0
5.866552988E1,1.383872223E0,-2.903961182E-1,9.692045288E0,9.794650280E0
5.867556088E1,1.367556152E0,-2.637515259E-1,9.733958130E0,9.833092879E0
5.868559187E1,1.383722534E0,-2.668949890E-1,9.760003967E0,9.861216884E0
5.869562388E1,1.383572845E0,-2.692900085E-1,9.793983307E0,9.894892619E0
5.870565488E1,1.355281677E0,-2.959346008E-1,9.799372101E0,9.897073269E0
5.871568688E1,1.348695374E0,-3.255729675E-1,9.828711090E0,9.926154273E0
5.872571788E1,1.347797241E0,-3.760180664E-1,9.806407471E0,9.905734424E0
5.873574988E1,1.367556152E0,-4.303550720E-1,9.798623657E0,9.902951120E0
5.874578088E1,1.397793274E0,-4.552033997E-1,9.789792023E0,9.899548678E0
5.875581287E1,1.404229889E0,-4.722679138E-1,9.756261749E0,9.868107310E0
5.876584388E1,1.419348450E0,-4.855902100E-1,9.738897858E0,9.853754582E0
5.877587488E1,1.429826660E0,-4.818479919E-1,9.706265717E0,9.822839504E0
5.878590688E1,1.432670746E0,-4.529580688E-1,9.713600464E0,9.829127655E0
5.879593787E1,1.434467010E0,-4.345463562E-1,9.728120270E0,9.842908621E0
5.880596975E1,1.437460785E0,-4.020639038E-1,9.756860504E0,9.870373640E0
5.881600075E1,1.412911835E0,-3.631448364E-1,9.769584045E0,9.877902938E0
5.882603275E1,1.419647827E0,-3.287164307E-1,9.795330505E0,9.903128503E0
5.883606375E1,1.402283936E0,-3.113525391E-1,9.791438599E0,9.896242240E0
5.884609575E1,1.388662262E0,-2.959346008E-1,9.796827393E0,9.899181134E0
5.885612675E1,1.371597748E0,-2.766247559E-1,9.776918793E0,9.876534955E0
5.886615775E1,1.339714050E0,-2.856060791E-1,9.810898132E0,9.906065149E0
5.887618975E1,1.334474945E0,-2.974314880E-1,9.772577820E0,9.867753854E0
5.888622075E1,1.350042572E0,-3.064128113E-1,9.755662994E0,9.853398613E0
5.889625275E1,1.358275452E0,-3.637435913E-1,9.731862488E0,9.832922713E0
5.890628375E1,1.365759888E0,-4.096980286E-1,9.766889648E0,9.870424811E0
5.891631575E1,1.400038605E0,-4.520599365E-1,9.786199493E0,9.896169300E0
5.892634675E1,1.430425415E0,-4.881349182E-1,9.814939728E0,9.930631119E0
5.893637875E1,1.448238373E0,-4.836442566E-1,9.819879456E0,9.937873951E0
5.894640975E1,1.447789307E0,-4.818479919E-1,9.816586304E0,9.934467174E0
5.895644175E1,1.438358917E0,-4.516108704E-1,9.772278442E0,9.887884238E0
5.896647275E1,1.445094910E0,-3.977229309E-1,9.730215912E0,9.844977629E0
5.897650375E1,1.414259033E0,-3.758683777E-1,9.697284393E0,9.807075520E0
5.898653575E1,1.397044830E0,-3.501219177E-1,9.690847778E0,9.797287904E0
5.899656675E1,1.375789032E0,-3.357518005E-1,9.703721008E0,9.806514475E0
5.900659875E1,1.379680939E0,-3.318598938E-1,9.738299103E0,9.841144237E0
5.901662975E1,1.381626892E0,-3.321592712E-1,9.783205719E0,9.885865505E0
5.902666175E1,1.391356659E0,-3.408412170E-1,9.799970856E0,9.904114037E0
5.903669275E1,1.389560394E0,-3.799099731E-1,9.805060272E0,9.910318694E0
5.904672475E1,1.372944946E0,-3.888912964E-1,9.806257782E0,9.909536112E0
5.905675575E1,1.364712067E0,-3.915856934E-1,9.791438599E0,9.893838902E0
5.906678675E1,1.362017670E0,-4.240681458E-1,9.779014435E0,9.882512294E0
5.907681875E1,1.368753662E0,-4.135899353E-1,9.768386536E0,9.872482906E0
5.908684975E1,1.375339966E0,-4.176315308E-1,9.747130737E0,9.852539456E0
5.909688175E1,1.382525024E0,-4.176315308E-1,9.741741943E0,9.848214439E0
5.910691275E1,1.387614441E0,-4.245172119E-1,9.747130737E0,9.854554597E0
5.911694475E1,1.405577087E0,-3.978726196E-1,9.738448792E0,9.847402421E0
5.912697575E1,1.401086426E0,-3.749702454E-1,9.736802216E0,9.844235026E0
5.913700775E1,1.378184052E0,-3.668870544E-1,9.750423889E0,9.854174923E0
5.914703875E1,1.368753662E0,-3.848497009E-1,9.764045563E0,9.867024964E0
5.915706975E1,1.360221405E0,-3.948788452E-1,9.786498871E0,9.888462556E0
5.916710175E1,1.363215179E0,-3.863465881E-1,9.793683929E0,9.895648752E0
5.917713275E1,1.372645569E0,-3.803590393E-1,9.779014435E0,9.882203812E0
5.918716475E1,1.363364868E0,-3.676354980E-1,9.787097626E0,9.888437670E0
5.919719575E1,1.374292145E0,-3.719764709E-1,9.768536224E0,9.871744798E0
5.920722775E1,1.397493896E0,-3.909869385E-1,9.764794006E0,9.872034338E0
5.921725875E1,1.405876465E0,-3.882925415E-1,9.758357391E0,9.866752186E0
5.922729075E1,1.412911835E0,-3.879931641E-1,9.764794006E0,9.874110620E0
5.923732175E1,1.413809967E0,-3.936813354E-1,9.761800232E0,9.871503806E0
5.924735275E1,1.413809967E0,-3.770658875E-1,9.747130737E0,9.856347950E0
5.925738475E1,1.408870239E0,-3.806584167E-1,9.774074707E0,9.882426451E0
5.926741575E1,1.415456543E0,-3.782633972E-1,9.762398987E0,9.871729048E0
5.927744775E1,1.422042847E0,-3.668870544E-1,9.765841827E0,9.875650792E0
5.928747875E1,1.419647827E0,-3.740721130E-1,9.773326263E0,9.882977089E0
5.929751075E1,1.399439850E0,-3.848497009E-1,9.788145447E0,9.895167127E0
5.930754175E1,1.385369110E0,-3.873944092E-1,9.775421906E0,9.880698125E0
5.931757375E1,1.375489655E0,-3.803590393E-1,9.767787781E0,9.871490410E0
5.932760475E1,1.346000977E0,-3.731739807E-1,9.748777313E0,9.848331663E0
5.933763575E1,1.341061249E0,-3.731739807E-1,9.769134979E0,9.867811426E0
5.934766775E1,1.376986542E0,-3.826043701E-1,9.780062256E0,9.883931190E0
5.935769875E1,1.412612457E0,-3.658392334E-1,9.794881439E0,9.902980092E0
5.936773075E1,1.412013702E0,-3.523672485E-1,9.790839844E0,9.898408469E0
5.937776175E1,1.382225647E0,-3.342549133E-1,9.765841827E0,9.868836846E0
5.938779375E1,1.355730743E0,-3.417393494E-1,9.756561127E0,9.856230347E0
5.939782475E1,1.337917786E0,-3.619473267E-1,9.757159882E0,9.855110290E0
5.940785675E1,1.339863739E0,-3.814068604E-1,9.784552917E0,9.883227298E0
5.941788775E1,1.359173584E0,-3.854484558E-1,9.748178558E0,9.850020739E0
5.942791875E1,1.349743195E0,-3.742218018E-1,9.740095367E0,9.840289956E0
5.943795075E1,1.361119537E0,-4.025129700E-1,9.801617432E0,9.903856186E0
5.944798175E1,1.416803741E0,-4.221221924E-1,9.837842102E0,9.948299212E0
5.945801375E1,1.442699890E0,-4.093986511E-1,9.841135254E0,9.954744262E0
5.946804475E1,1.437760162E0,-3.790118408E-1,9.785750427E0,9.898066260E0
5.947807675E1,1.394350433E0,-3.773652649E-1,9.737101593E0,9.843666243E0
5.948810775E1,1.370998993E0,-3.866459656E-1,9.716294861E0,9.820158816E0
5.949813975E1,1.396895142E0,-4.245172119E-1,9.753866730E0,9.862527419E0
5.950817075E1,1.429227905E0,-4.327500916E-1,9.791139221E0,9.904361277E0
5.951820275E1,1.448238373E0,-4.092489624E-1,9.795031128E0,9.909970429E0
5.952823375E1,1.423090668E0,-3.528163147E-1,9.783804474E0,9.893052935E0
5.953826475E1,1.380878448E0,-3.052153015E-1,9.742041321E0,9.844153126E0
5.954829675E1,1.378633118E0,-2.815644836E-1,9.722731476E0,9.824022353E0
5.955832775E1,1.377734985E0,-2.501298523E-1,9.727820892E0,9.828083127E0
5.956835975E1,1.374292145E0,-2.415975952E-1,9.753567352E0,9.852873915E0
5.957839075E1,1.384470978E0,-2.380050659E-1,9.794582062E0,9.894808945E0
5.958842275E1,1.368454285E0,-2.642005920E-1,9.819280701E0,9.917698451E0
5.959845375E1,1.354233856E0,-3.037184143E-1,9.833950195E0,9.931403257E0
5.960848475E1,1.342558136E0,-3.519181824E-1,9.849667511E0,9.946972345E0
5.961851675E1,1.368603973E0,-4.028123474E-1,9.839189301E0,9.942081307E0
5.962854775E1,1.394649811E0,-4.346960449E-1,9.835596771E0,9.943488955E0
5.963857975E1,1.411115570E0,-4.369413757E-1,9.801168365E0,9.911864923E0
5.964861075E1,1.425785065E0,-4.462220764E-1,9.777816925E0,9.891293192E0
5.965864275E1,1.393901367E0,-4.478686523E-1,9.743687897E0,9.853070647E0
5.966867375E1,1.387913818E0,-4.412823486E-1,9.724527740E0,9.832978931E0
5.967870575E1,1.408121796E0,-4.276606750E-1,9.722132721E0,9.832881840E0
5.968873675E1,1.435514832E0,-4.049079895E-1,9.735754395E0,9.849343478E0
5.969876875E1,1.458417206E0,-3.788621521E-1,9.748178558E0,9.863949639E0
5.970879975E1,1.439406738E0,-3.288661194E-1,9.745484161E0,9.856698546E0
5.971883075E1,1.428928528E0,-2.877017212E-1,9.754166107E0,9.862472584E0
5.972886275E1,1.411414948E0,-2.829116821E-1,9.769584045E0,9.875064739E0
5.973889375E1,1.403930511E0,-2.881507874E-1,9.746382294E0,9.851193815E0
5.974892575E1,1.394350433E0,-2.778222656E-1,9.776469727E0,9.879309624E0
5.975895675E1,1.363813934E0,-2.832110596E-1,9.781259766E0,9.879941273E0
5.976898875E1,1.353036346E0,-2.989283752E-1,9.746681671E0,9.844687355E0
5.977901975E1,1.381177826E0,-3.442840576E-1,9.763596497E0,9.866813075E0
5.978905175E1,1.401385803E0,-3.761677551E-1,9.765542450E0,9.872750564E0
5.979908275E1,1.400038605E0,-3.894900513E-1,9.777816925E0,9.885216963E0
5.980911442E1,1.397344208E0,-4.300556946E-1,9.806257782E0,9.914646258E0
5.981914642E1,1.419647827E0,-4.569996643E-1,9.837692413E0,9.950097520E0
5.982917742E1,1.450932770E0,-4.569996643E-1,9.828561401E0,9.945585645E0
5.983920942E1,1.460812225E0,-4.571493530E-1,9.805659027E0,9.924409647E0
5.984924042E1,1.465901642E0,-4.240681458E-1,9.756261749E0,9.874884543E0
5.985927242E1,1.461560669E0,-4.028123474E-1,9.723479919E0,9.840959258E0
5.986930342E1,1.437161407E0,-3.737727356E-1,9.708361359E0,9.821273809E0
5.987933542E1,1.441352692E0,-3.611988831E-1,9.724677429E0,9.837546102E0
5.988936642E1,1.437311096E0,-3.603007507E-1,9.723779297E0,9.836033938E0
5.989939742E1,1.433868256E0,-3.480262756E-1,9.738448792E0,9.849593155E0
5.990942942E1,1.425335999E0,-3.308120728E-1,9.759854279E0,9.868929774E0
5.991946042E1,1.443448334E0,-3.501219177E-1,9.795031128E0,9.907005766E0
5.992949242E1,1.432221680E0,-3.423381042E-1,9.781259766E0,9.891486082E0
5.993952342E1,1.425635376E0,-3.698808289E-1,9.794282684E0,9.904404139E0
5.994955542E1,1.414857788E0,-3.998185730E-1,9.787546692E0,9.897360643E0
5.995958642E1,1.406026154E0,-4.059558105E-1,9.772278442E0,9.881251723E0
5.996961842E1,1.401236115E0,-4.191284180E-1,9.772727509E0,9.881565374E0
5.997964942E1,1.393601990E0,-4.170327759E-1,9.749974823E0,9.857892873E0
5.998968142E1,1.371448059E0,-4.364923096E-1,9.756261749E0,9.861847628E0
5.999971242E1,1.389111328E0,-4.453239441E-1,9.738299103E0,9.846949432E0
6.000974342E1,1.405128021E0,-4.474195862E-1,9.745484161E0,9.856420779E0
6.001977542E1,1.409319305E0,-4.366419983E-1,9.762398987E0,9.873260410E0
6.002980642E1,1.422042847E0,-4.296066284E-1,9.775421906E0,9.887650942E0
6.003983842E1,1.421294403E0,-4.111949158E-1,9.794282684E0,9.905409246E0
6.004986942E1,1.425186310E0,-4.028123474E-1,9.773326263E0,9.884903644E0
6.005990142E1,1.428030396E0,-3.893403625E-1,9.780810699E0,9.892174416E0
6.006993242E1,1.431323547E0,-3.872447205E-1,9.762249298E0,9.874216775E0
6.007996442E1,1.417851562E0,-3.725752258E-1,9.760153656E0,9.869635998E0
6.008999542E1,1.422042847E0,-3.740721130E-1,9.765243073E0,9.875328251E0
6.010002642E1,1.424437866E0,-3.701802063E-1,9.764344940E0,9.874638663E0
6.011005842E1,1.439855804E0,-3.873944092E-1,9.752669220E0,9.865992909E0
6.012008942E1,1.444496155E0,-3.939807129E-1,9.765692139E0,9.879804294E0
6.013012142E1,1.436263275E0,-4.219725037E-1,9.745783539E0,9.860081631E0
6.014015242E1,1.437311096E0,-4.296066284E-1,9.788744202E0,9.903026713E0
6.015018442E1,1.444645844E0,-4.328997803E-1,9.806856537E0,9.922138830E0
6.016021542E1,1.472188568E0,-4.111949158E-1,9.789642334E0,9.908255016E0
6.017024742E1,1.465751953E0,-4.116439819E-1,9.779463501E0,9.897261537E0
6.018027842E1,1.449884949E0,-4.002676392E-1,9.776320038E0,9.891350465E0
6.019030942E1,1.437909851E0,-3.902384949E-1,9.733059998E0,9.846437312E0
6.020034142E1,1.415007477E0,-3.830534363E-1,9.724078674E0,9.833955570E0
6.021037242E1,1.425335999E0,-3.923341370E-1,9.734556885E0,9.846172176E0
6.022040442E1,1.445244598E0,-3.987707520E-1,9.748328247E0,9.862943459E0
6.023043542E1,1.438209229E0,-3.887416077E-1,9.787397003E0,9.900136662E0
6.024046742E1,1.445693665E0,-3.790118408E-1,9.785900116E0,9.899369739E0
6.025049842E1,1.430425415E0,-3.707789612E-1,9.777517548E0,9.888551122E0
6.026053042E1,1.401834869E0,-3.709286499E-1,9.757758636E0,9.864916760E0
6.027056142E1,1.387764130E0,-3.802093506E-1,9.751621399E0,9.857208953E0
6.028059342E1,1.402733002E0,-4.111949158E-1,9.754315796E0,9.863235665E0
6.029062442E1,1.410516815E0,-4.230203247E-1,9.759854279E0,9.870322154E0
6.030065542E1,1.410367126E0,-4.161346436E-1,9.729018402E0,9.839517394E0
6.031068742E1,1.391506348E0,-4.155358887E-1,9.702673187E0,9.810750581E0
6.032071842E1,1.390009460E0,-4.376898193E-1,9.712702332E0,9.821419717E0
6.033075042E1,1.428778839E0,-4.908293152E-1,9.767488403E0,9.883630512E0
6.034078142E1,1.504371643E0,-5.230123901E-1,9.808203735E0,9.936676331E0
6.035081342E1,1.544637909E0,-5.198689270E-1,9.800868988E0,9.935451821E0
6.036084442E1,1.547781372E0,-4.930746460E-1,9.785001984E0,9.918921998E0
6.037087642E1,1.503024445E0,-4.387376404E-1,9.737850037E0,9.862925354E0
6.038090742E1,1.484912109E0,-4.258644104E-1,9.717192993E0,9.839215626E0
6.039093842E1,1.470242615E0,-4.010160828E-1,9.727072449E0,9.845728295E0
6.040097042E1,1.445094910E0,-3.694317627E-1,9.720785522E0,9.834553894E0
6.041100142E1,1.423839111E0,-2.908451843E-1,9.717791748E0,9.825852899E0
6.042103342E1,1.421743469E0,-2.549198914E-1,9.711205444E0,9.818036964E0
6.043106442E1,1.424587555E0,-2.671943665E-1,9.720486145E0,9.827954692E0
6.044109642E1,1.448687439E0,-2.775228882E-1,9.756710815E0,9.867579246E0
6.045112742E1,1.441352692E0,-3.068618774E-1,9.778864746E0,9.889279929E0
6.046115942E1,1.434616699E0,-3.411405945E-1,9.813442841E0,9.923616395E0
6.047119042E1,1.410217438E0,-3.926335144E-1,9.848769379E0,9.956964024E0
6.048122142E1,1.401535492E0,-4.294569397E-1,9.825118561E0,9.933865800E0
6.049125342E1,1.400038605E0,-4.613406372E-1,9.808353424E0,9.918504936E0
6.050128442E1,1.400188293E0,-4.656816101E-1,9.803563385E0,9.913992216E0
6.051131642E1,1.442849579E0,-4.556524658E-1,9.757758636E0,9.874375306E0
6.052134742E1,1.484313354E0,-4.405339050E-1,9.709109802E0,9.831788719E0
6.053137942E1,1.477876740E0,-4.177812195E-1,9.694739685E0,9.815632347E0
6.054141042E1,1.495090942E0,-4.302053833E-1,9.675729218E0,9.800005586E0
6.055144242E1,1.493144989E0,-4.432283020E-1,9.689051514E0,9.813442440E0
6.056147342E1,1.456321564E0,-4.317022705E-1,9.704918518E0,9.823068909E0
6.057150542E1,1.455573120E0,-4.393363953E-1,9.727970581E0,9.846071359E0
6.058153642E1,1.452130280E0,-4.104464722E-1,9.737251282E0,9.853487260E0
6.059156742E1,1.440304871E0,-4.013154602E-1,9.755513306E0,9.869426127E0
6.060159942E1,1.449585571E0,-3.876937866E-1,9.771979065E0,9.886515041E0
6.061163042E1,1.468596039E0,-3.668870544E-1,9.822723541E0,9.938675878E0
6.062166242E1,1.469793549E0,-3.210823059E-1,9.811646576E0,9.926318323E0
6.063169342E1,1.451531525E0,-2.921923828E-1,9.769733734E0,9.881296342E0
6.064172542E1,1.427132263E0,-3.424877930E-1,9.744286652E0,9.854193358E0
6.065175642E1,1.409019928E0,-3.737727356E-1,9.746082916E0,9.854500263E0
6.066178842E1,1.411414948E0,-3.631448364E-1,9.765093384E0,9.873247446E0
6.067181942E1,1.416354675E0,-3.661386108E-1,9.736502838E0,9.845791262E0
6.068185042E1,1.442400513E0,-3.710783386E-1,9.749974823E0,9.863073934E0
6.069188242E1,1.472338257E0,-4.089495850E-1,9.767488403E0,9.886296041E0
6.070191342E1,1.510957947E0,-4.736151123E-1,9.820927277E0,9.947759434E0
6.071194542E1,1.532213745E0,-4.755610657E-1,9.813442841E0,9.943716492E0
6.072197642E1,1.502874756E0,-4.436773682E-1,9.767338715E0,9.892238761E0
6.073200842E1,1.452729034E0,-4.366419983E-1,9.708361359E0,9.826156835E0
6.074203942E1,1.429527283E0,-4.327500916E-1,9.717941437E0,9.832049973E0
6.075207142E1,1.433419189E0,-4.327500916E-1,9.759854279E0,9.874042675E0
6.076210242E1,1.471889191E0,-4.107458496E-1,9.782307587E0,9.900944988E0
6.077213342E1,1.489253082E0,-3.743714905E-1,9.771230621E0,9.891156485E0
6.078216542E1,1.470841370E0,-3.499722290E-1,9.723030853E0,9.839877228E0
6.079219642E1,1.437909851E0,-3.564088440E-1,9.711654510E0,9.823993350E0
6.080222829E1,1.435365143E0,-3.891906738E-1,9.732910309E0,9.845876576E0
6.081225929E1,1.439556427E0,-3.899391174E-1,9.717492371E0,9.831278309E0
6.082229129E1,1.433269501E0,-4.264631653E-1,9.734407196E0,9.848594608E0
6.083232229E1,1.423839111E0,-4.427792358E-1,9.758656769E0,9.871917402E0
6.084235429E1,1.429377594E0,-4.553530884E-1,9.771380310E0,9.885865663E0
6.085238529E1,1.435514832E0,-4.758604431E-1,9.766590271E0,9.882986973E0
6.086241729E1,1.438807983E0,-4.770579529E-1,9.771380310E0,9.888256968E0
6.087244829E1,1.452878723E0,-4.767585754E-1,9.754764862E0,9.873884384E0
6.088247929E1,1.464255066E0,-4.601431274E-1,9.757608948E0,9.877586090E0
6.089251129E1,1.492995300E0,-4.269122314E-1,9.762099609E0,9.884830692E0
6.090254229E1,1.478026428E0,-4.073030090E-1,9.757309570E0,9.877021207E0
6.091257429E1,1.472487946E0,-3.848497009E-1,9.745484161E0,9.863609460E0
6.092260529E1,1.460363159E0,-3.712280273E-1,9.746232605E0,9.862024173E0
6.093263729E1,1.462159424E0,-3.746708679E-1,9.735604706E0,9.851917957E0
6.094266829E1,1.464704132E0,-3.824546814E-1,9.739047546E0,9.855997001E0
6.095270029E1,1.476828918E0,-3.809577942E-1,9.755812683E0,9.874311804E0
6.096273129E1,1.470991058E0,-4.059558105E-1,9.758656769E0,9.877246415E0
6.097276229E1,1.460363159E0,-4.132905579E-1,9.743837585E0,9.861330566E0
6.098279429E1,1.453028412E0,-4.315525818E-1,9.729317780E0,9.846682368E0
6.099282529E1,1.444795532E0,-4.427792358E-1,9.709409180E0,9.826297075E0
6.100285729E1,1.434467010E0,-4.466711426E-1,9.742041321E0,9.857209535E0
6.101288829E1,1.458117828E0,-4.499642944E-1,9.773775330E0,9.892181744E0
6.102292029E1,1.475631409E0,-4.426295471E-1,9.768835602E0,9.889568139E0
6.103295129E1,1.464704132E0,-4.345463562E-1,9.754615173E0,9.873535634E0
6.104298329E1,1.459015961E0,-4.227209473E-1,9.744436340E0,9.862122498E0
6.105301429E1,1.429976349E0,-4.143383789E-1,9.714648285E0,9.828066949E0
6.106304629E1,1.416504364E0,-4.224215698E-1,9.703870697E0,9.815805168E0
6.107307729E1,1.435215454E0,-4.334985352E-1,9.735005951E0,9.849776913E0
6.108310829E1,1.446142731E0,-4.278103638E-1,9.743538208E0,9.859558170E0
6.109314029E1,1.438059540E0,-4.135899353E-1,9.719438324E0,9.833949014E0
6.110317129E1,1.414857788E0,-3.930825806E-1,9.706565094E0,9.817012906E0
6.111320329E1,1.423689423E0,-4.147874451E-1,9.749226379E0,9.861356661E0
6.112323429E1,1.466650085E0,-4.707710266E-1,9.787397003E0,9.907866972E0
6.113326629E1,1.515448608E0,-4.921765137E-1,9.818083191E0,9.946536068E0
6.114329729E1,1.534608765E0,-4.858895874E-1,9.800868988E0,9.932177288E0
6.115332929E1,1.475332031E0,-4.965174866E-1,9.779164124E0,9.902281816E0
6.116336029E1,1.447489929E0,-4.474195862E-1,9.748178558E0,9.865211431E0
6.117339129E1,1.449136505E0,-4.635859680E-1,9.735155640E0,9.853332629E0
6.118342329E1,1.457070007E0,-4.460723877E-1,9.741592255E0,9.860053409E0
6.119345429E1,1.440304871E0,-3.947291565E-1,9.734257507E0,9.848150001E0
6.120348629E1,1.426084442E0,-3.243754578E-1,9.729018402E0,9.838329906E0
6.121351729E1,1.448537750E0,-2.767744446E-1,9.730066223E0,9.841191717E0
6.122354929E1,1.460662537E0,-2.724334717E-1,9.720186768E0,9.833096452E0
6.123358029E1,1.462458801E0,-3.031196594E-1,9.748178558E0,9.861929450E0
6.124361229E1,1.443598022E0,-3.373983765E-1,9.774224396E0,9.886014134E0
6.125364329E1,1.437760162E0,-3.640429688E-1,9.808952179E0,9.920444769E0
6.126367529E1,1.436712341E0,-3.893403625E-1,9.831255798E0,9.943305227E0
6.127370629E1,1.424138489E0,-4.170327759E-1,9.808652802E0,9.920269984E0
6.128373729E1,1.405577087E0,-4.459226990E-1,9.788744202E0,9.899192242E0
6.129376929E1,1.408121796E0,-4.589456177E-1,9.762698364E0,9.874397066E0
6.130380029E1,1.431772614E0,-4.656816101E-1,9.736053772E0,9.851780308E0
6.131383229E1,1.444346466E0,-4.535568237E-1,9.745783539E0,9.862664310E0
6.132386329E1,1.466650085E0,-4.375401306E-1,9.753267975E0,9.872625792E0
6.133389529E1,1.469494171E0,-4.162843323E-1,9.742191010E0,9.861186107E0
6.134392629E1,1.464853821E0,-4.249662781E-1,9.735305328E0,9.854063268E0
6.135395829E1,1.462608490E0,-4.258644104E-1,9.749376068E0,9.867670333E0
6.136398929E1,1.434017944E0,-4.189787292E-1,9.753267975E0,9.867025227E0
6.137402029E1,1.416204987E0,-3.981719971E-1,9.746232605E0,9.856633680E0
6.138405229E1,1.428030396E0,-4.010160828E-1,9.769434357E0,9.881393240E0
6.139408329E1,1.429976349E0,-3.692820740E-1,9.781409454E0,9.892278429E0
6.140411529E1,1.442400513E0,-3.333567810E-1,9.759704590E0,9.871346396E0
6.141414629E1,1.435065765E0,-3.065625000E-1,9.767937469E0,9.877550138E0
6.142417829E1,1.416504364E0,-2.954855347E-1,9.782756653E0,9.889192285E0
6.143420929E1,1.430724792E0,-2.746788025E-1,9.757010193E0,9.865174595E0
6.144424129E1,1.487307129E0,-2.978805542E-1,9.748477936E0,9.865781134E0
6.145427229E1,1.467847595E0,-3.535647583E-1,9.728868713E0,9.845327371E0
6.146430429E1,1.432371368E0,-3.516188049E-1,9.712852020E0,9.824195534E0
6.147433529E1,1.394949188E0,-3.444337463E-1,9.729018402E0,9.834547113E0
6.148436629E1,1.417103119E0,-4.147874451E-1,9.772577820E0,9.883496705E0
6.149439829E1,1.485061798E0,-4.806504822E-1,9.842632141E0,9.965632990E0
6.150442929E1,1.527274017E0,-4.800517273E-1,9.870923309E0,9.999907128E0
6.151446129E1,1.518741760E0,-4.559518433E-1,9.820927277E0,9.948119480E0
6.152449229E1,1.490600281E0,-4.309538269E-1,9.756411438E0,9.879027004E0
6.153452429E1,1.418001251E0,-3.932322693E-1,9.698481903E0,9.809480638E0
6.154455529E1,1.374292145E0,-3.665876770E-1,9.683962097E0,9.787859180E0
6.155458729E1,1.390608215E0,-3.742218018E-1,9.746382294E0,9.852197774E0
6.156461829E1,1.446142731E0,-3.499722290E-1,9.790540466E0,9.902953700E0
6.157464929E1,1.462009735E0,-3.086581421E-1,9.780361633E0,9.893847381E0
6.158468129E1,1.435963898E0,-2.920426941E-1,9.754315796E0,9.863769964E0
6.159471229E1,1.406624908E0,-3.180885315E-1,9.752369843E0,9.858422363E0
6.160474429E1,1.387464752E0,-3.445834351E-1,9.764494629E0,9.868594203E0
6.161477529E1,1.414259033E0,-3.671864319E-1,9.756561127E0,9.865365655E0
6.162480729E1,1.421294403E0,-3.809577942E-1,9.749974823E0,9.860386183E0
6.163483829E1,1.415905609E0,-3.748205566E-1,9.759554901E0,9.868849528E0
6.164487029E1,1.415755920E0,-3.872447205E-1,9.753267975E0,9.863090768E0
6.165490129E1,1.421294403E0,-3.896397400E-1,9.754914551E0,9.865609702E0
6.166493329E1,1.420396271E0,-4.096980286E-1,9.737999725E0,9.849569366E0
6.167496429E1,1.425335999E0,-4.150868225E-1,9.769584045E0,9.881733259E0
6.168499529E1,1.423539734E0,-4.049079895E-1,9.782457275E0,9.893780177E0
6.169502729E1,1.434317322E0,-4.013154602E-1,9.788444824E0,9.901109653E0
6.170505829E1,1.424288177E0,-3.715274048E-1,9.790241089E0,9.900275249E0
6.171509029E1,1.419348450E0,-3.718267822E-1,9.779463501E0,9.888918624E0
6.172512129E1,1.411265259E0,-3.571572876E-1,9.759105835E0,9.867085571E0
6.173515329E1,1.404379578E0,-3.466790771E-1,9.770332489E0,9.876834783E0
6.174518429E1,1.410666504E0,-3.553610229E-1,9.761949921E0,9.869748107E0
6.175521629E1,1.406624908E0,-3.474275208E-1,9.755363617E0,9.862373893E0
6.176524729E1,1.415456543E0,-3.463796997E-1,9.751920776E0,9.860195482E0
6.177527829E1,1.418300629E0,-3.676354980E-1,9.759405212E0,9.868775133E0
6.178531029E1,1.422491913E0,-3.668870544E-1,9.766141205E0,9.876011512E0
6.179534129E1,1.437610474E0,-3.628454590E-1,9.752369843E0,9.864436033E0
6.180537363E1,1.426533508E0,-3.680845642E-1,9.737251282E0,9.848073244E0
6.181540463E1,1.431173859E0,-3.779640198E-1,9.748777313E0,9.860515936E0
6.182543662E1,1.435365143E0,-3.861968994E-1,9.792037354E0,9.904212067E0
6.183546763E1,1.460662537E0,-3.704795837E-1,9.805659027E0,9.920773111E0
6.184549963E1,1.454225922E0,-3.603007507E-1,9.777966614E0,9.892078688E0
6.185553063E1,1.427581329E0,-3.359014893E-1,9.746831360E0,9.856548068E0
6.186556262E1,1.403481445E0,-3.299139404E-1,9.710756378E0,9.817198827E0
6.187559363E1,1.374741211E0,-3.562591553E-1,9.714199219E0,9.817458961E0
6.188562463E1,1.378034363E0,-3.728746033E-1,9.759704590E0,9.863561621E0
6.189565663E1,1.374292145E0,-3.608995056E-1,9.751621399E0,9.854595236E0
6.190568762E1,1.356928253E0,-3.384461975E-1,9.722432098E0,9.822498970E0
6.191571963E1,1.379680939E0,-3.649411011E-1,9.788893890E0,9.892378132E0
6.192575063E1,1.416354675E0,-4.171824646E-1,9.835297394E0,9.945510374E0
6.193578262E1,1.448537750E0,-4.176315308E-1,9.846673737E0,9.961408604E0
6.194581363E1,1.452579346E0,-3.824546814E-1,9.777367859E0,9.892076657E0
6.195584563E1,1.413061523E0,-4.028123474E-1,9.749226379E0,9.859331400E0
6.196587663E1,1.389560394E0,-4.215234375E-1,9.741292877E0,9.848926186E0
6.197590862E1,1.433269501E0,-4.453239441E-1,9.745184784E0,9.860081204E0
6.198593963E1,1.478176117E0,-4.589456177E-1,9.780211945E0,9.901928165E0
6.199597063E1,1.479822693E0,-4.095483398E-1,9.775571594E0,9.895423439E0
6.200600263E1,1.459315338E0,-3.504212952E-1,9.752669220E0,9.867469445E0
6.201603362E1,1.413211212E0,-2.969824219E-1,9.715396729E0,9.822133072E0
6.202606563E1,1.402283936E0,-2.755769348E-1,9.706415405E0,9.811057176E0
6.203609663E1,1.397194519E0,-2.817141724E-1,9.731413422E0,9.835238817E0
6.204612862E1,1.408870239E0,-2.734812927E-1,9.758507080E0,9.863476456E0
6.205615963E1,1.400337982E0,-2.770738220E-1,9.805359650E0,9.908723138E0
6.206619163E1,1.395547943E0,-2.878514099E-1,9.814790039E0,9.917687029E0
6.207622263E1,1.379531250E0,-3.077600098E-1,9.806108093E0,9.907450663E0
6.208625362E1,1.361269226E0,-3.432362366E-1,9.807754669E0,9.907720054E0
6.209628563E1,1.362017670E0,-3.655398560E-1,9.785001984E0,9.886100108E0
6.210631663E1,1.388512573E0,-4.001179504E-1,9.770332489E0,9.876611691E0
6.211634863E1,1.414259033E0,-4.180805969E-1,9.743538208E0,9.854514540E0
6.212637962E1,1.416204987E0,-4.230203247E-1,9.732161865E0,9.843757277E0
6.213641163E1,1.426832886E0,-4.047583008E-1,9.727371826E0,9.839788819E0
6.214644263E1,1.424437866E0,-4.092489624E-1,9.726773071E0,9.839035640E0
6.215647462E1,1.417851562E0,-3.986210632E-1,9.743687897E0,9.854372412E0
6.216650563E1,1.410666504E0,-4.031117249E-1,9.734257507E0,9.844198711E0
6.217653763E1,1.419797516E0,-3.864962769E-1,9.752818909E0,9.863198316E0
6.218656863E1,1.416654053E0,-3.574566650E-1,9.753118286E0,9.861947083E0
6.219659962E1,1.408720551E0,-3.378474426E-1,9.767787781E0,9.874629746E0
6.220663163E1,1.405277710E0,-3.239263916E-1,9.793085175E0,9.898699459E0
6.221666263E1,1.407523041E0,-3.191363525E-1,9.780960388E0,9.886867817E0
6.222669463E1,1.397942963E0,-3.050656128E-1,9.747879181E0,9.852332621E0
6.223672562E1,1.383872223E0,-2.746788025E-1,9.786349182E0,9.887526540E0
6.224675763E1,1.374890900E0,-2.736309814E-1,9.778116302E0,9.878094823E0
6.225678863E1,1.383872223E0,-2.653981018E-1,9.736951904E0,9.838382533E0
6.226682062E1,1.390009460E0,-2.844085693E-1,9.709259491E0,9.812376593E0
6.227685163E1,1.380878448E0,-3.174897766E-1,9.717791748E0,9.820544868E0
6.228688363E1,1.396446075E0,-3.517684937E-1,9.729467468E0,9.835463382E0
6.229691463E1,1.435814209E0,-3.893403625E-1,9.774673462E0,9.887233670E0
6.230694562E1,1.441652069E0,-4.370910645E-1,9.816137238E0,9.931060344E0
6.231697763E1,1.458117828E0,-4.617897034E-1,9.843679962E0,9.961796652E0
6.232700863E1,1.466201019E0,-4.593946838E-1,9.836345215E0,9.955625349E0
6.233704062E1,1.447040863E0,-4.062551880E-1,9.799222412E0,9.913815129E0
6.234707163E1,1.423689423E0,-3.611988831E-1,9.742191010E0,9.852291199E0
6.235710363E1,1.382674713E0,-3.320095825E-1,9.738448792E0,9.841717563E0
6.236713463E1,1.366508331E0,-3.242257690E-1,9.734856262E0,9.835644047E0
6.237716662E1,1.373992767E0,-3.129991150E-1,9.737251282E0,9.838693363E0
6.238719763E1,1.396595764E0,-2.830613708E-1,9.743538208E0,9.847189461E0
6.239722863E1,1.393003235E0,-3.119512939E-1,9.768386536E0,9.872139947E0
6.240726063E1,1.398691406E0,-3.005749512E-1,9.773326263E0,9.877478889E0
6.241729162E1,1.403481445E0,-3.264710999E-1,9.782756653E0,9.888309829E0
6.242732363E1,1.392105103E0,-3.290158081E-1,9.782157898E0,9.886193462E0
6.243735463E1,1.358275452E0,-3.571572876E-1,9.746831360E0,9.847496895E0
6.244738662E1,1.352886658E0,-3.785627747E-1,9.742789764E0,9.843554464E0
6.245741763E1,1.361568604E0,-3.852987671E-1,9.753267975E0,9.855382306E0
6.246744963E1,1.397344208E0,-3.737727356E-1,9.773176575E0,9.879638518E0
6.247748063E1,1.397643585E0,-3.772155762E-1,9.790390778E0,9.896840443E0
6.248751262E1,1.402882690E0,-3.930825806E-1,9.784403229E0,9.892276801E0
6.249754363E1,1.384770355E0,-3.770658875E-1,9.785900116E0,9.890581818E0
6.250757463E1,1.385668488E0,-3.841012573E-1,9.779313812E0,9.884462027E0
6.251760663E1,1.365909576E0,-3.567082214E-1,9.773026886E0,9.874462225E0
6.252763762E1,1.384920044E0,-3.411405945E-1,9.775721283E0,9.879226034E0
6.253766963E1,1.385967865E0,-3.510200500E-1,9.774523773E0,9.878534152E0
6.254770063E1,1.388961639E0,-3.499722290E-1,9.771979065E0,9.876399640E0
6.255773262E1,1.373543701E0,-3.394940186E-1,9.777068481E0,9.878914241E0
6.256776363E1,1.378782806E0,-3.519181824E-1,9.762698364E0,9.865858695E0
6.257779563E1,1.369202728E0,-3.487747192E-1,9.769883423E0,9.871523794E0
6.258782663E1,1.377734985E0,-3.520678711E-1,9.767638092E0,9.870605826E0
6.259785862E1,1.403481445E0,-3.561094666E-1,9.766290894E0,9.873044715E0
6.260788963E1,1.402733002E0,-3.601510620E-1,9.774224396E0,9.880932709E0
6.261792063E1,1.400337982E0,-3.591032410E-1,9.771529999E0,9.877889457E0
6.262795263E1,1.394649811E0,-3.568579102E-1,9.772278442E0,9.877743751E0
6.263798362E1,1.393003235E0,-3.589535522E-1,9.761949921E0,9.867369047E0
6.264801563E1,1.384620667E0,-3.671864319E-1,9.761500854E0,9.866047800E0
6.265804663E1,1.407373352E0,-3.577560425E-1,9.788295135E0,9.895423730E0
6.266807862E1,1.412612457E0,-3.514691162E-1,9.769134979E0,9.876993608E0
6.267810963E1,1.409169617E0,-3.597019958E-1,9.765841827E0,9.873540962E0
6.268814163E1,1.409618683E0,-3.606001282E-1,9.767638092E0,9.875414481E0
6.269817263E1,1.415157166E0,-3.553610229E-1,9.766739960E0,9.875128389E0
6.270820462E1,1.414857788E0,-3.528163147E-1,9.754615173E0,9.863002539E0
6.271823563E1,1.401236115E0,-3.589535522E-1,9.733958130E0,9.840846060E0
6.272826663E1,1.396296387E0,-3.653901672E-1,9.746082916E0,9.852374627E0
6.273829863E1,1.374441833E0,-3.541635132E-1,9.753717041E0,9.856445519E0
6.274832962E1,1.378184052E0,-3.620970154E-1,9.778864746E0,9.882140520E0
6.275836163E1,1.408121796E0,-3.796105957E-1,9.809401245E0,9.917220578E0
6.276839263E1,1.419797516E0,-3.640429688E-1,9.806557159E0,9.915488671E0
6.277842462E1,1.400337982E0,-3.373983765E-1,9.768536224E0,9.874162450E0
6.278845563E1,1.371747437E0,-3.040177917E-1,9.733658752E0,9.834542722E0
6.279848763E1,1.337169342E0,-3.155438232E-1,9.738299103E0,9.834737372E0
6.280851850E1,1.341360626E0,-3.329077148E-1,9.763746185E0,9.861075775E0
6.281854950E1,1.353335724E0,-3.344046021E-1,9.751172333E0,9.850315014E0
6.282858150E1,1.332978058E0,-3.085084534E-1,9.722282410E0,9.818084499E0
6.283861250E1,1.326990509E0,-3.303630066E-1,9.745933228E0,9.841405286E0
6.284864450E1,1.364113312E0,-3.908372498E-1,9.826465759E0,9.928393032E0
6.285867550E1,1.426683197E0,-4.002676392E-1,9.847871246E0,9.958725180E0
6.286870750E1,1.443148956E0,-3.902384949E-1,9.842781830E0,9.955667689E0
6.287873850E1,1.413360901E0,-3.858975220E-1,9.755812683E0,9.865210948E0
6.288877050E1,1.375938721E0,-3.808081055E-1,9.722432098E0,9.826693650E0
6.289880150E1,1.365460510E0,-4.174818420E-1,9.737400970E0,9.841531952E0
6.290883350E1,1.428030396E0,-4.556524658E-1,9.782157898E0,9.896337864E0
6.291886450E1,1.447938995E0,-4.438270569E-1,9.817185059E0,9.933309230E0
6.292889550E1,1.447190552E0,-3.935316467E-1,9.798923035E0,9.913027806E0
6.293892750E1,1.398242340E0,-3.239263916E-1,9.753417664E0,9.858456576E0
6.294895850E1,1.374741211E0,-2.906954956E-1,9.698182526E0,9.799447003E0
6.295899050E1,1.350491638E0,-2.594105530E-1,9.692494354E0,9.789564255E0
6.296902150E1,1.381776581E0,-2.564167786E-1,9.700427856E0,9.801701724E0
6.297905350E1,1.392105103E0,-2.433938599E-1,9.730964355E0,9.833049602E0
6.298908450E1,1.391805725E0,-2.540217590E-1,9.769584045E0,9.871495462E0
6.299911650E1,1.376238098E0,-2.854563904E-1,9.791588287E0,9.891952176E0
6.300914750E1,1.362915802E0,-3.257226562E-1,9.835447083E0,9.934769954E0
6.301917950E1,1.361418915E0,-3.547622681E-1,9.817185059E0,9.917481545E0
6.302921050E1,1.369801483E0,-3.920347595E-1,9.804012451E0,9.907002952E0
6.303924150E1,1.387913818E0,-4.059558105E-1,9.781559143E0,9.887871569E0
6.304927350E1,1.375190277E0,-4.261637878E-1,9.778715057E0,9.884130313E0
6.305930450E1,1.374441833E0,-4.565505981E-1,9.753717041E0,9.860655400E0
6.306933650E1,1.375339966E0,-4.689747620E-1,9.758357391E0,9.865953392E0
6.307936750E1,1.377285919E0,-4.468208313E-1,9.758207703E0,9.865048552E0
6.308939950E1,1.411714325E0,-4.239184570E-1,9.755213928E0,9.865943593E0
6.309943050E1,1.418150940E0,-3.894900513E-1,9.757159882E0,9.867371663E0
6.310946250E1,1.426533508E0,-3.487747192E-1,9.777816925E0,9.887484284E0
6.311949350E1,1.423839111E0,-3.257226562E-1,9.766440582E0,9.875058213E0
6.312952550E1,1.421593781E0,-3.074606323E-1,9.776619415E0,9.884217122E0
6.313955650E1,1.411265259E0,-2.957849121E-1,9.775721283E0,9.881492041E0
6.314958750E1,1.405577087E0,-2.890489197E-1,9.754764862E0,9.859748158E0
6.315961950E1,1.393003235E0,-2.862048340E-1,9.741143188E0,9.844401548E0
6.316965050E1,1.346300354E0,-2.613565063E-1,9.773026886E0,9.868783430E0
6.317968250E1,1.343605957E0,-2.703378296E-1,9.742789764E0,9.838714952E0
6.318971350E1,1.343905334E0,-2.951861572E-1,9.733209686E0,9.829984090E0
6.319974550E1,1.363813934E0,-3.519181824E-1,9.767638092E0,9.868667020E0
6.320977650E1,1.398541718E0,-4.110452271E-1,9.802665253E0,9.910455245E0
6.321980850E1,1.411564636E0,-4.171824646E-1,9.816137238E0,9.925880626E0
6.322983950E1,1.409319305E0,-4.568499756E-1,9.821376343E0,9.932488413E0
6.323987150E1,1.396446075E0,-4.595443726E-1,9.815837860E0,9.925316900E0
6.324990250E1,1.421444092E0,-4.540058899E-1,9.820777588E0,9.933493700E0
6.325993350E1,1.437760162E0,-4.170327759E-1,9.778715057E0,9.892640638E0
6.326996550E1,1.431473236E0,-3.927832031E-1,9.740095367E0,9.852555609E0
6.327999650E1,1.390907593E0,-3.415896606E-1,9.721234589E0,9.826174706E0
6.329002850E1,1.364113312E0,-3.261717224E-1,9.703271942E0,9.804115437E0
6.330005950E1,1.370250549E0,-3.016227722E-1,9.723629608E0,9.824333851E0
6.331009150E1,1.389111328E0,-2.888992310E-1,9.762249298E0,9.864816491E0
6.332012250E1,1.406026154E0,-3.005749512E-1,9.789193268E0,9.894218498E0
6.333015450E1,1.402583313E0,-3.158432007E-1,9.796378326E0,9.901314316E0
6.334018550E1,1.391955414E0,-3.408412170E-1,9.803264008E0,9.907456677E0
6.335021650E1,1.369202728E0,-3.570075989E-1,9.783205719E0,9.885003019E0
6.336024850E1,1.363963623E0,-3.638932800E-1,9.771380310E0,9.872825748E0
6.337027950E1,1.366807709E0,-3.788621521E-1,9.760003967E0,9.862523880E0
6.338031150E1,1.362167358E0,-4.013154602E-1,9.743238831E0,9.846179814E0
6.339034250E1,1.379082184E0,-4.273612976E-1,9.752818909E0,9.859106553E0
6.340037450E1,1.387614441E0,-4.400848389E-1,9.758357391E0,9.866341139E0
6.341040550E1,1.375489655E0,-4.372407532E-1,9.764494629E0,9.870587957E0
6.342043750E1,1.368154907E0,-4.378395081E-1,9.759704590E0,9.864856054E0
6.343046850E1,1.376986542E0,-4.159849548E-1,9.778265991E0,9.883502477E0
6.344050050E1,1.369502106E0,-3.951782227E-1,9.781708832E0,9.885015403E0
6.345053150E1,1.377585297E0,-3.794609070E-1,9.778565369E0,9.882412281E0
6.346056250E1,1.388961639E0,-3.559597778E-1,9.780511322E0,9.885055565E0
6.347059450E1,1.393601990E0,-3.385958862E-1,9.757010193E0,9.861846763E0
6.348062550E1,1.392254791E0,-3.282673645E-1,9.752519531E0,9.856864110E0
6.349065750E1,1.394200745E0,-3.384461975E-1,9.751022644E0,9.856002443E0
6.350068850E1,1.396296387E0,-3.502716064E-1,9.742041321E0,9.847827318E0
6.351072050E1,1.391656036E0,-3.592529297E-1,9.755513306E0,9.860821926E0
6.352075150E1,1.394200745E0,-3.625460815E-1,9.763746185E0,9.869446537E0
6.353078350E1,1.399290161E0,-3.778143311E-1,9.767338715E0,9.874292997E0
6.354081450E1,1.403331757E0,-3.887416077E-1,9.771230621E0,9.879140039E0
6.355084650E1,1.391356659E0,-3.894900513E-1,9.777667236E0,9.883842999E0
6.356087750E1,1.384171600E0,-4.071533203E-1,9.772877197E0,9.878807294E0
6.357090850E1,1.386865997E0,-4.203259277E-1,9.771529999E0,9.878404208E0
6.358094050E1,1.392404480E0,-4.177812195E-1,9.770631866E0,9.878187002E0
6.359097150E1,1.405577087E0,-4.189787292E-1,9.771529999E0,9.880991278E0
6.360100350E1,1.406924286E0,-4.079017639E-1,9.765692139E0,9.874946215E0
6.361103450E1,1.402583313E0,-3.821553040E-1,9.767787781E0,9.875371424E0
6.362106650E1,1.398841095E0,-3.817062378E-1,9.768685913E0,9.875711647E0
6.363109750E1,1.376836853E0,-3.926335144E-1,9.756710815E0,9.861199051E0
6.364112950E1,1.362466736E0,-3.800596619E-1,9.761500854E0,9.863450709E0
6.365116050E1,1.364113312E0,-3.709286499E-1,9.757159882E0,9.859034544E0
6.366119250E1,1.362915802E0,-3.848497009E-1,9.753267975E0,9.855550972E0
6.367122350E1,1.355131989E0,-3.875440979E-1,9.746681671E0,9.848064619E0
6.368125450E1,1.361269226E0,-3.897894287E-1,9.769883423E0,9.871960889E0
6.369128650E1,1.390458527E0,-3.947291565E-1,9.806856537E0,9.912800873E0
6.370131750E1,1.400936737E0,-3.763174438E-1,9.804760895E0,9.911487011E0
6.371134950E1,1.389410706E0,-3.553610229E-1,9.787546692E0,9.892058118E0
6.372138050E1,1.368454285E0,-3.406915283E-1,9.748477936E0,9.849952280E0
6.373141250E1,1.368753662E0,-3.454815674E-1,9.746232605E0,9.847938571E0
6.374144350E1,1.369053040E0,-3.688330078E-1,9.759554901E0,9.862010742E0
6.375147550E1,1.364412689E0,-3.984713745E-1,9.778116302E0,9.880888616E0
6.376150650E1,1.342258759E0,-3.814068604E-1,9.736652527E0,9.836134007E0
6.377153850E1,1.356628876E0,-3.701802063E-1,9.746531982E0,9.847454543E0
6.378156950E1,1.387913818E0,-4.117936707E-1,9.786648560E0,9.893147569E0
6.379160050E1,1.426683197E0,-4.414320374E-1,9.793085175E0,9.906301248E0
6.380163250E1,1.447040863E0,-4.321513367E-1,9.789642334E0,9.905441891E0
6.381166262E1,1.418450317E0,-4.303550720E-1,9.745933228E0,9.858013049E0
6.382169463E1,1.403631134E0,-4.477189636E-1,9.737101593E0,9.847932781E0
6.383172563E1,1.396146698E0,-4.694238281E-1,9.760902100E0,9.871412975E0
6.384175762E1,1.428629150E0,-4.790039062E-1,9.767189026E0,9.882732793E0
6.385178863E1,1.456770630E0,-4.674778748E-1,9.798623657E0,9.917345502E0
6.386182063E1,1.427132263E0,-3.996688843E-1,9.802814941E0,9.914213155E0
6.387185163E1,1.403631134E0,-3.362008667E-1,9.767488403E0,9.873552607E0
6.388188362E1,1.396895142E0,-2.981799316E-1,9.724228363E0,9.828572865E0
6.389191463E1,1.382974091E0,-2.703378296E-1,9.710307312E0,9.812021605E0
6.390194563E1,1.384620667E0,-2.553689575E-1,9.728269958E0,9.829629906E0
6.391197763E1,1.375190277E0,-2.528242493E-1,9.749076691E0,9.848835704E0
6.392200862E1,1.360820160E0,-2.710862732E-1,9.773625641E0,9.871629928E0
6.393204063E1,1.340612183E0,-2.984793091E-1,9.788145447E0,9.884033701E0
6.394207163E1,1.326840820E0,-3.477268982E-1,9.816286926E0,9.911655239E0
6.395210362E1,1.341959381E0,-3.920347595E-1,9.813442841E0,9.912527761E0
6.396213463E1,1.365011444E0,-4.179309082E-1,9.802365875E0,9.905771007E0
6.397216663E1,1.404978333E0,-4.526586914E-1,9.801318054E0,9.911846428E0
6.398219763E1,1.425335999E0,-4.632865906E-1,9.770482178E0,9.884762979E0
6.399222963E1,1.432521057E0,-4.556524658E-1,9.718839569E0,9.834407878E0
6.400226063E1,1.418749695E0,-4.565505981E-1,9.706714783E0,9.820468472E0
6.401229163E1,1.414109344E0,-4.439767456E-1,9.721833344E0,9.834168198E0
6.402232363E1,1.410816193E0,-4.339476013E-1,9.726473694E0,9.837835299E0
6.403235463E1,1.418899384E0,-3.971241760E-1,9.742340698E0,9.853130739E0
6.404238663E1,1.415755920E0,-3.626957703E-1,9.745783539E0,9.854755696E0
6.405241763E1,1.394949188E0,-3.415896606E-1,9.776170349E0,9.881096773E0
6.406244962E1,1.378932495E0,-3.228785706E-1,9.805509338E0,9.907255865E0
6.407248063E1,1.378184052E0,-3.088078308E-1,9.825268250E0,9.926260612E0
6.408251263E1,1.382974091E0,-2.917433167E-1,9.797126770E0,9.898556685E0
6.409254363E1,1.394500122E0,-2.878514099E-1,9.820178833E0,9.922872635E0
6.410257563E1,1.369651794E0,-2.664459229E-1,9.772577820E0,9.871687632E0
6.411260663E1,1.366807709E0,-2.872526550E-1,9.738448792E0,9.838092410E0
6.412263763E1,1.387015686E0,-3.288661194E-1,9.717192993E0,9.821191634E0
6.413266962E1,1.375190277E0,-3.656895447E-1,9.711804199E0,9.815498864E0
6.414270063E1,1.395398254E0,-3.953279114E-1,9.732311554E0,9.839781940E0
6.415273263E1,1.394200745E0,-4.370910645E-1,9.777218170E0,9.885789774E0
6.416276363E1,1.424587555E0,-4.602928162E-1,9.823621674E0,9.937044931E0
6.417279562E1,1.439406738E0,-4.667294312E-1,9.855954437E0,9.971437509E0
6.418282663E1,1.449884949E0,-4.513114929E-1,9.849517822E0,9.965884294E0
6.419285863E1,1.446741486E0,-4.218228149E-1,9.807006226E0,9.922115023E0
6.420288963E1,1.415905609E0,-3.625460815E-1,9.756710815E0,9.865578254E0
6.421292163E1,1.395847321E0,-3.245251465E-1,9.719288635E0,9.824371628E0
6.422295263E1,1.378034363E0,-2.782713318E-1,9.701026611E0,9.802363539E0
6.423298363E1,1.376088409E0,-2.794688416E-1,9.696535950E0,9.797679907E0
6.424301562E1,1.398541718E0,-2.707868958E-1,9.733059998E0,9.836752584E0
6.425304663E1,1.399888916E0,-2.636018372E-1,9.784103851E0,9.887257612E0
6.426307863E1,1.401834869E0,-2.899470520E-1,9.804162140E0,9.908118164E0
6.427310963E1,1.402882690E0,-3.228785706E-1,9.825867004E0,9.930759931E0
6.428314162E1,1.377136230E0,-3.477268982E-1,9.822573853E0,9.924735527E0
6.429317263E1,1.365460510E0,-3.944297791E-1,9.807006226E0,9.909461558E0
6.430320463E1,1.353635101E0,-4.062551880E-1,9.803413696E0,9.904761045E0
6.431323563E1,1.354832611E0,-4.215234375E-1,9.778265991E0,9.880675038E0
6.432326763E1,1.354383545E0,-4.282594299E-1,9.759554901E0,9.862386770E0
6.433329863E1,1.373693390E0,-4.186793518E-1,9.746681671E0,9.851909943E0
6.434332963E1,1.391805725E0,-4.131408691E-1,9.753866730E0,9.861324695E0
6.435336162E1,1.371597748E0,-3.829037476E-1,9.748477936E0,9.851939795E0
6.436339263E1,1.375789032E0,-3.855981445E-1,9.748028870E0,9.852184947E0
6.437342463E1,1.380429382E0,-3.836521912E-1,9.758207703E0,9.862828796E0
6.438345563E1,1.387165375E0,-3.772155762E-1,9.775870972E0,9.881000588E0
6.439348762E1,1.386865997E0,-3.749702454E-1,9.774074707E0,9.879095928E0
6.440351863E1,1.393751678E0,-3.594026184E-1,9.778715057E0,9.884077203E0
6.441355063E1,1.390458527E0,-3.477268982E-1,9.773176575E0,9.877715792E0
6.442358163E1,1.393302612E0,-3.387455750E-1,9.770182800E0,9.874842413E0
6.443361363E1,1.414708099E0,-3.546125793E-1,9.743987274E0,9.852534551E0
6.444364463E1,1.415306854E0,-3.480262756E-1,9.743388519E0,9.851793523E0
6.445367563E1,1.392105103E0,-3.698808289E-1,9.749675446E0,9.855503018E0
6.446370762E1,1.394949188E0,-3.695814514E-1,9.772278442E0,9.878253876E0
6.447373863E1,1.399140472E0,-3.893403625E-1,9.766440582E0,9.873831152E0
6.448377063E1,1.397044830E0,-3.860472107E-1,9.777816925E0,9.884658341E0
6.449380163E1,1.413510590E0,-3.983216858E-1,9.797575836E0,9.907026023E0
6.450383362E1,1.420995026E0,-4.119433594E-1,9.785750427E0,9.896960928E0
6.451386463E1,1.422641602E0,-4.052073669E-1,9.801018677E0,9.912016406E0
6.452389663E1,1.410516815E0,-3.998185730E-1,9.781110077E0,9.890375469E0
6.453392763E1,1.407223663E0,-4.005670166E-1,9.752070465E0,9.861217507E0
6.454395963E1,1.394500122E0,-4.008663940E-1,9.750723267E0,9.858089504E0
6.455399063E1,1.379231873E0,-4.020639038E-1,9.726473694E0,9.832000125E0
6.456402163E1,1.377285919E0,-4.067042542E-1,9.721384277E0,9.826883388E0
6.457405362E1,1.382225647E0,-4.105961609E-1,9.726922760E0,9.833217344E0
6.458408463E1,1.409618683E0,-4.114942932E-1,9.774972839E0,9.884657121E0
6.459411663E1,1.440005493E0,-4.150868225E-1,9.813442841E0,9.927213772E0
6.460414763E1,1.430425415E0,-3.906875610E-1,9.796528015E0,9.908113584E0
6.461417963E1,1.409918060E0,-3.847000122E-1,9.762997742E0,9.871777345E0
6.462421063E1,1.387764130E0,-3.680845642E-1,9.763446808E0,9.868448160E0
6.463424263E1,1.380878448E0,-4.029620361E-1,9.766590271E0,9.871954680E0
6.464427363E1,1.388512573E0,-4.227209473E-1,9.759704590E0,9.867040785E0
6.465430563E1,1.384321289E0,-4.059558105E-1,9.753118286E0,9.859232316E0
6.466433663E1,1.394500122E0,-3.791615295E-1,9.751172333E0,9.857674975E0
6.467436763E1,1.390159149E0,-3.734733582E-1,9.740694122E0,9.846478903E0
6.468439962E1,1.429078217E0,-4.011657715E-1,9.779463501E0,9.891466266E0
6.469443063E1,1.453776855E0,-4.457730103E-1,9.773026886E0,9.890613491E0
6.470446263E1,1.483265533E0,-4.448748779E-1,9.783804474E0,9.905595403E0
6.471449363E1,1.477727051E0,-4.707710266E-1,9.767039337E0,9.889406454E0
6.472452563E1,1.442550201E0,-4.957690430E-1,9.745035095E0,9.863693377E0
6.473455663E1,1.400637360E0,-4.929249573E-1,9.715396729E0,9.828209075E0
6.474458863E1,1.412462769E0,-5.310955811E-1,9.728868713E0,9.845201879E0
6.475461962E1,1.415755920E0,-5.137316895E-1,9.754465485E0,9.870049745E0
6.476465163E1,1.403930511E0,-4.471202087E-1,9.763746185E0,9.874293744E0
6.477468263E1,1.391506348E0,-3.939807129E-1,9.704020386E0,9.811193728E0
6.478471463E1,1.414109344E0,-3.567082214E-1,9.694140930E0,9.803229793E0
6.479474562E1,1.421444092E0,-3.552113342E-1,9.696236572E0,9.806308279E0
6.480477663E1,1.422042847E0,-3.502716064E-1,9.757758636E0,9.867053748E0
6.481480888E1,1.437760162E0,-3.670367432E-1,9.818083191E0,9.929583466E0
6.482483988E1,1.441502380E0,-3.809577942E-1,9.825867004E0,9.938345956E0
6.483487188E1,1.420845337E0,-3.848497009E-1,9.812993774E0,9.922789808E0
6.484490288E1,1.409768372E0,-4.073030090E-1,9.805808716E0,9.915000110E0
6.485493488E1,1.408271484E0,-4.405339050E-1,9.791139221E0,9.901702174E0
6.486496587E1,1.401385803E0,-4.537065125E-1,9.763746185E0,9.874232696E0
6.487499788E1,1.419797516E0,-4.730163574E-1,9.718240814E0,9.832790753E0
6.488502888E1,1.425335999E0,-4.891827393E-1,9.720186768E0,9.836305875E0
6.489505988E1,1.433568878E0,-5.041516113E-1,9.741592255E0,9.859407093E0
6.490509187E1,1.433269501E0,-5.239105225E-1,9.764644318E0,9.883168639E0
6.491512288E1,1.441652069E0,-5.131329346E-1,9.786049805E0,9.904970312E0
6.492515488E1,1.469943237E0,-4.911286926E-1,9.789492645E0,9.911412955E0
6.493518588E1,1.471290436E0,-4.577481079E-1,9.768985291E0,9.889757453E0
6.494521788E1,1.461410980E0,-4.282594299E-1,9.729766846E0,9.848222736E0
6.495524888E1,1.449884949E0,-4.007167053E-1,9.685608673E0,9.801722074E0
6.496528088E1,1.410516815E0,-3.962260437E-1,9.655521240E0,9.766045422E0
6.497531187E1,1.397493896E0,-4.031117249E-1,9.647288361E0,9.756313903E0
6.498534388E1,1.412462769E0,-4.333488464E-1,9.702822876E0,9.814663217E0
6.499537488E1,1.413061523E0,-4.352947998E-1,9.721683655E0,9.833481454E0
6.500540688E1,1.416354675E0,-4.495152283E-1,9.723180542E0,9.836074642E0
6.501543788E1,1.407223663E0,-5.078938293E-1,9.750423889E0,9.864532457E0
6.502546888E1,1.412612457E0,-5.525010681E-1,9.772577820E0,9.889590923E0
6.503550088E1,1.422042847E0,-5.381309509E-1,9.799072723E0,9.916330824E0
6.504553188E1,1.429078217E0,-5.273533630E-1,9.798024902E0,9.915727815E0
6.505556388E1,1.427281952E0,-5.149291992E-1,9.801168365E0,9.917922523E0
6.506559488E1,1.474882965E0,-5.233117676E-1,9.807754669E0,9.931826953E0
6.507562688E1,1.508562927E0,-5.074447632E-1,9.804162140E0,9.932515168E0
6.508565787E1,1.527423706E0,-4.522096252E-1,9.775870972E0,9.904805398E0
6.509568988E1,1.516795807E0,-4.073030090E-1,9.746232605E0,9.871961064E0
6.510572088E1,1.506616974E0,-3.900888062E-1,9.715396729E0,9.839257979E0
6.511575287E1,1.493294678E0,-3.944297791E-1,9.694140930E0,9.816408316E0
6.512578388E1,1.482068024E0,-4.098477173E-1,9.711504822E0,9.832488326E0
6.513581488E1,1.453627167E0,-4.156855774E-1,9.734257507E0,9.850969275E0
6.514584688E1,1.461560669E0,-3.809577942E-1,9.749974823E0,9.866270698E0
6.515587787E1,1.463955688E0,-3.570075989E-1,9.748777313E0,9.864546608E0
6.516590988E1,1.450932770E0,-3.338058472E-1,9.732161865E0,9.845385052E0
6.517594088E1,1.445843353E0,-3.591032410E-1,9.732311554E0,9.845674498E0
6.518597288E1,1.430126038E0,-3.814068604E-1,9.726024628E0,9.838002172E0
6.519600387E1,1.435215454E0,-3.827540588E-1,9.719737701E0,9.832580793E0
6.520603588E1,1.439107361E0,-3.725752258E-1,9.727671204E0,9.840601066E0
6.521606688E1,1.442999268E0,-3.881428528E-1,9.763297119E0,9.876987010E0
6.522609887E1,1.449585571E0,-4.010160828E-1,9.771529999E0,9.886602589E0
6.523612988E1,1.467099152E0,-4.153862000E-1,9.798923035E0,9.916845177E0
6.524616088E1,1.458866272E0,-4.480183411E-1,9.835297394E0,9.952993824E0
6.525619288E1,1.465153198E0,-4.625381470E-1,9.849368134E0,9.968483739E0
6.526622387E1,1.444645844E0,-4.891827393E-1,9.850565643E0,9.967945870E0
6.527625588E1,1.425635376E0,-4.770579529E-1,9.819280701E0,9.933694881E0
6.528628688E1,1.402433624E0,-4.581971741E-1,9.777816925E0,9.888501835E0
6.529631888E1,1.384021912E0,-4.472698975E-1,9.744885406E0,9.852835054E0
6.530634987E1,1.401834869E0,-4.140390015E-1,9.682016144E0,9.791731507E0
6.531638188E1,1.403182068E0,-3.505709839E-1,9.613758087E0,9.721942424E0
6.532641288E1,1.426683197E0,-2.719844055E-1,9.562714233E0,9.672378403E0
6.533644487E1,1.459015961E0,-2.549198914E-1,9.484726410E0,9.599674307E0
6.534647588E1,1.444496155E0,-2.894979858E-1,9.389225006E0,9.504100401E0
6.535650788E1,1.420396271E0,-3.829037476E-1,9.368867340E0,9.483660479E0
6.536653888E1,1.394799500E0,-4.908293152E-1,9.373956757E0,9.489860080E0
6.537656987E1,1.375639343E0,-6.054908752E-1,9.465865631E0,9.584446512E0
6.538660188E1,1.412013702E0,-6.953041077E-1,9.629176025E0,9.756959640E0
6.539663288E1,1.458716583E0,-7.891589355E-1,9.781708832E0,9.921313097E0
6.540666488E1,1.522633667E0,-8.270301819E-1,9.836345215E0,9.987796523E0
6.541669587E1,1.538800049E0,-7.911048889E-1,9.825268250E0,9.976454717E0
6.542672788E1,1.539099426E0,-7.078779602E-1,9.771979065E0,9.917736289E0
6.543675888E1,1.540446625E0,-5.843847656E-1,9.792486420E0,9.930119417E0
6.544679087E1,1.580114136E0,-4.808001709E-1,9.771829376E0,9.910427783E0
6.545682188E1,1.596430206E0,-4.420307922E-1,9.740544434E0,9.880394045E0
6.546685388E1,1.573527832E0,-4.543052673E-1,9.739346924E0,9.876095464E0
6.547688488E1,1.538201294E0,-4.831951904E-1,9.816137238E0,9.947667620E0
6.548691587E1,1.495989075E0,-4.781057739E-1,9.926008759E0,1.004948846E1
6.549694788E1,1.447938995E0,-4.230203247E-1,1.001402573E1,1.012700275E1
6.550697888E1,1.348545685E0,-3.969744873E-1,1.004740631E1,1.014527170E1
6.551701088E1,1.269510040E0,-4.161346436E-1,1.004216721E1,1.013064391E1
6.552704188E1,1.178948364E0,-4.396357727E-1,9.995763702E0,1.007464594E1
6.553707388E1,1.141226807E0,-4.616400146E-1,9.953850861E0,1.002968878E1
6.554710488E1,1.130299530E0,-4.794529724E-1,9.968071289E0,1.004340069E1
6.555713687E1,1.165925446E0,-5.189707947E-1,9.965227203E0,1.004661466E1
6.556716788E1,1.209784241E0,-5.611830139E-1,9.909393311E0,9.998728923E0
6.557719988E1,1.206042023E0,-6.108796692E-1,9.810299377E0,9.903013946E0
6.558723088E1,1.183888092E0,-6.984475708E-1,9.735005951E0,9.831569605E0
6.559726187E1,1.164278870E0,-8.255332947E-1,9.720336456E0,9.824560618E0
6.560729388E1,1.178499298E0,-9.701325989E-1,9.742041321E0,9.860901934E0
6.561732488E1,1.242865448E0,-1.082997894E0,9.757010193E0,9.895294178E0
6.562735687E1,1.342109070E0,-1.152303772E0,9.822124786E0,9.980140082E0
6.563738788E1,1.421144714E0,-1.190175018E0,9.805659027E0,9.979334538E0
6.564741988E1,1.444196777E0,-1.121617584E0,9.654024353E0,9.825676391E0
6.565745088E1,1.442999268E0,-9.095086670E-1,9.472152557E0,9.624506583E0
6.566748287E1,1.441203003E0,-7.539820862E-1,9.438322906E0,9.577447174E0
6.567751388E1,1.467847595E0,-7.099736023E-1,9.498048706E0,9.636989587E0
6.568754588E1,1.468296661E0,-7.342231750E-1,9.508526917E0,9.649200116E0
6.569757688E1,1.440753937E0,-7.946974182E-1,9.475296021E0,9.617096785E0
6.570760888E1,1.375789032E0,-8.448431396E-1,9.499096527E0,9.635319934E0
6.571763988E1,1.285077667E0,-9.271719360E-1,9.545799408E0,9.676433162E0
6.572767088E1,1.215771790E0,-1.028960266E0,9.690398712E0,9.820421960E0
6.573770287E1,1.193019104E0,-1.139729919E0,9.983189850E0,1.011861445E1
6.574773388E1,1.293909302E0,-1.094224548E0,1.018137772E1,1.032143308E1
6.575776588E1,1.387614441E0,-9.280700684E-1,1.019844223E1,1.033416720E1
6.576779688E1,1.422342224E0,-7.758366394E-1,1.007345215E1,1.020291224E1
6.577782887E1,1.409468994E0,-6.468049622E-1,9.889933777E0,1.001078167E1
6.578785988E1,1.340013428E0,-4.968168640E-1,9.744586029E0,9.848828350E0
6.579789188E1,1.312470703E0,-3.526666260E-1,9.681866455E0,9.776783272E0
6.580792375E1,1.255439301E0,-2.567161560E-1,9.688003693E0,9.772381827E0
6.581795475E1,1.234183502E0,-2.020797729E-1,9.708061981E0,9.788284456E0
6.582798675E1,1.226998444E0,-2.041754150E-1,9.745933228E0,9.824989937E0
6.583801775E1,1.232387238E0,-2.643502808E-1,9.784552917E0,9.865400913E0
6.584804975E1,1.225651245E0,-3.317102051E-1,9.758656769E0,9.840916348E0
6.585808075E1,1.207987976E0,-4.055067444E-1,9.785600739E0,9.868214250E0
6.586811275E1,1.205293579E0,-5.081932068E-1,9.796228638E0,9.883171984E0
6.587814375E1,1.231638794E0,-6.236032104E-1,9.748328247E0,9.845593872E0
6.588817575E1,1.233135681E0,-8.044271851E-1,9.624685364E0,9.736647013E0
6.589820675E1,1.191522217E0,-1.004710693E0,9.525591431E0,9.652256776E0
6.590823875E1,1.180295563E0,-1.190175018E0,9.584868164E0,9.730329486E0
6.591826975E1,1.239871674E0,-1.310375061E0,9.754315796E0,9.919729896E0
6.592830175E1,1.349892883E0,-1.342558136E0,9.932744751E0,1.011355978E1
6.593833275E1,1.454225922E0,-1.274300079E0,1.004680756E1,1.023117568E1
6.594836375E1,1.504820709E0,-1.174906769E0,1.004860382E1,1.022835911E1
6.595839575E1,1.471290436E0,-9.867480469E-1,9.971663818E0,1.012780561E1
6.596842675E1,1.417252808E0,-7.725434875E-1,9.858349457E0,9.989618760E0
6.597845875E1,1.329834595E0,-5.388793945E-1,9.751920776E0,9.856916855E0
6.598848975E1,1.261576538E0,-3.945794678E-1,9.704170074E0,9.793782985E0
6.599852175E1,1.220561829E0,-2.824626160E-1,9.678273926E0,9.759023644E0
6.600855275E1,1.186432800E0,-2.206411743E-1,9.692194977E0,9.767033776E0
6.601858475E1,1.171314240E0,-2.203417969E-1,9.735455017E0,9.808140086E0
6.602861575E1,1.166524200E0,-2.685415649E-1,9.732161865E0,9.805501917E0
6.603864775E1,1.154698792E0,-3.360511780E-1,9.733359375E0,9.807371942E0
6.604867875E1,1.159039764E0,-4.254153442E-1,9.709109802E0,9.787296079E0
6.605871075E1,1.224902802E0,-4.758604431E-1,9.717192993E0,9.805644788E0
6.606874175E1,1.348395996E0,-5.556445312E-1,9.699978790E0,9.809001027E0
6.607877275E1,1.338217163E0,-7.508386230E-1,9.559570770E0,9.681940773E0
6.608880475E1,1.234183502E0,-1.000818787E0,9.533075867E0,9.664594282E0
6.609883575E1,1.181792450E0,-1.188528442E0,9.662107544E0,9.806403798E0
6.610886775E1,1.238075409E0,-1.268761597E0,9.898615723E0,1.005610163E1
6.611889875E1,1.340462494E0,-1.307081909E0,1.000788849E1,1.018150946E1
6.612893075E1,1.343605957E0,-1.347048798E0,9.958191833E0,1.013831357E1
6.613896175E1,1.297202454E0,-1.366059265E0,9.954748993E0,1.013143029E1
6.614899375E1,1.302890625E0,-1.303938446E0,1.004905289E1,1.021671392E1
6.615902475E1,1.331181793E0,-1.126108246E0,1.008677444E1,1.023636573E1
6.616905675E1,1.343755646E0,-8.909472656E-1,1.000070343E1,1.012983393E1
6.617908775E1,1.305285645E0,-6.559359741E-1,9.901459808E0,1.000864271E1
6.618911875E1,1.246308289E0,-4.272116089E-1,9.815837860E0,9.903861217E0
6.619915075E1,1.189875641E0,-2.255809021E-1,9.726024628E0,9.801134926E0
6.620918175E1,1.141825562E0,-8.187973022E-2,9.625433807E0,9.693268070E0
6.621921375E1,1.106349335E0,3.981719971E-2,9.556427307E0,9.620337683E0
6.622924475E1,1.081201630E0,1.106199646E-1,9.507179718E0,9.569101313E0
6.623927675E1,1.058598633E0,1.154100037E-1,9.479487305E0,9.539110550E0
6.624930775E1,1.050216064E0,5.269042969E-2,9.487869873E0,9.545962748E0
6.625933975E1,1.081501007E0,-6.242019653E-2,9.628726959E0,9.689474886E0
6.626937075E1,1.205143890E0,-1.454974365E-1,9.804311829E0,9.879173636E0
6.627940275E1,1.328786774E0,-2.532733154E-1,9.805359650E0,9.898227090E0
6.628943375E1,1.330433350E0,-4.860392761E-1,9.596992950E0,9.700956693E0
6.629946575E1,1.202000427E0,-7.945477295E-1,9.465865631E0,9.574900692E0
6.630949675E1,1.116228790E0,-1.081351318E0,9.621691589E0,9.746396074E0
6.631952775E1,1.152004395E0,-1.304088135E0,9.906399536E0,1.005805706E1
6.632955975E1,1.246158600E0,-1.400936737E0,1.013048355E1,1.030253522E1
6.633959075E1,1.334924011E0,-1.395547943E0,1.024289978E1,1.042336664E1
6.634962275E1,1.397044830E0,-1.259780273E0,1.018377274E1,1.035606140E1
6.635965375E1,1.377884674E0,-1.038839722E0,1.004516098E1,1.019230167E1
6.636968575E1,1.309027863E0,-7.902067566E-1,9.927655334E0,1.004471608E1
6.637971675E1,1.263522491E0,-5.484594727E-1,9.807006226E0,9.903265521E0
6.638974875E1,1.245410156E0,-3.408412170E-1,9.705517273E0,9.791030831E0
6.639977975E1,1.228794708E0,-1.709445190E-1,9.637857971E0,9.717379520E0
6.640981175E1,1.185534668E0,-4.969665527E-2,9.537566528E0,9.611094500E0
6.641984275E1,1.102756805E0,-1.107696533E-2,9.436376953E0,9.500600259E0
6.642987375E1,1.042432251E0,-6.391708374E-2,9.455836487E0,9.513337693E0
6.643990575E1,1.047072601E0,-1.844165039E-1,9.577683105E0,9.636513070E0
6.644993675E1,1.153501282E0,-3.306623840E-1,9.749076691E0,9.822647257E0
6.645996875E1,1.298100586E0,-5.001100159E-1,9.820627899E0,9.918664602E0
6.646999975E1,1.415905609E0,-6.506968689E-1,9.857900391E0,9.980300357E0
6.648003175E1,1.426084442E0,-8.336164856E-1,9.846224670E0,9.983825597E0
6.649006275E1,1.369801483E0,-9.681866455E-1,9.859546967E0,1.000122032E1
6.650009475E1,1.321152649E0,-1.033001862E0,9.876162415E0,1.001754068E1
6.651012575E1,1.288071442E0,-1.028511200E0,9.902657318E0,1.003890359E1
6.652015775E1,1.259630585E0,-9.743238831E-1,9.866133270E0,9.993826191E0
6.653018875E1,1.267414398E0,-9.093589783E-1,9.792935486E0,9.916393419E0
6.654021975E1,1.271755371E0,-8.425978088E-1,9.754166107E0,9.872744767E0
6.655025175E1,1.311572571E0,-7.517367554E-1,9.737101593E0,9.853754523E0
6.656028275E1,1.325194244E0,-6.921606445E-1,9.762698364E0,9.876512821E0
6.657031475E1,1.339564362E0,-6.378236389E-1,9.801916809E0,9.913567713E0
6.658034575E1,1.341809692E0,-6.012995911E-1,9.831255798E0,9.940603856E0
6.659037775E1,1.336570587E0,-5.572911072E-1,9.832153931E0,9.938221432E0
6.660040875E1,1.313518524E0,-5.468128967E-1,9.845625916E0,9.947898518E0
6.661044075E1,1.300944672E0,-5.378315735E-1,9.817334747E0,9.917750823E0
6.662047175E1,1.328936462E0,-5.150788879E-1,9.795779572E0,9.898922961E0
6.663050375E1,1.357227631E0,-5.083428955E-1,9.719138947E0,9.826603747E0
6.664053475E1,1.357527008E0,-4.885839844E-1,9.642198944E0,9.749543290E0
6.665056675E1,1.337768097E0,-5.309458923E-1,9.569300537E0,9.676933388E0
6.666059775E1,1.298998718E0,-5.977070618E-1,9.599687347E0,9.705598826E0
6.667062875E1,1.298699341E0,-6.536906433E-1,9.698032837E0,9.806414857E0
6.668066075E1,1.296304321E0,-6.953041077E-1,9.822124786E0,9.931665923E0
6.669069175E1,1.323847046E0,-6.988966370E-1,9.913734283E0,1.002612363E1
6.670072375E1,1.365610199E0,-6.777905273E-1,9.944121094E0,1.006030991E1
6.671075475E1,1.394649811E0,-6.189628601E-1,9.901908875E0,1.001878049E1
6.672078675E1,1.405726776E0,-5.526507568E-1,9.782008209E0,9.897937928E0
6.673081775E1,1.384770355E0,-5.319937134E-1,9.742640076E0,9.854929827E0
6.674084975E1,1.361418915E0,-5.324427795E-1,9.660760345E0,9.770734222E0
6.675088075E1,1.387464752E0,-5.463638306E-1,9.586365051E0,9.701647632E0
6.676091275E1,1.394799500E0,-6.197113037E-1,9.609716492E0,9.730167460E0
6.677094375E1,1.424587555E0,-6.800358582E-1,9.717342682E0,9.844726876E0
6.678097575E1,1.409019928E0,-7.108717346E-1,9.774523773E0,9.901110583E0
6.679100675E1,1.374890900E0,-6.897656250E-1,9.816137238E0,9.935927328E0
6.680103775E1,1.314865723E0,-6.866221619E-1,9.793833618E0,9.905528699E0
6.681106954E1,1.269659729E0,-6.568341064E-1,9.774224396E0,9.878204767E0
6.682110054E1,1.267863464E0,-6.521937561E-1,9.788744202E0,9.892034548E0
6.683113254E1,1.284329224E0,-6.427633667E-1,9.820777588E0,9.925236457E0
6.684116354E1,1.322499847E0,-6.535409546E-1,9.856702881E0,9.966479484E0
6.685119554E1,1.376238098E0,-6.608757019E-1,9.843979340E0,9.961662373E0
6.686122654E1,1.414109344E0,-6.586303711E-1,9.792935486E0,9.916404824E0
6.687125854E1,1.409169617E0,-6.605763245E-1,9.748927002E0,9.872370423E0
6.688128954E1,1.385668488E0,-6.604266357E-1,9.708361359E0,9.828963362E0
6.689132154E1,1.378184052E0,-6.289920044E-1,9.676028595E0,9.793903797E0
6.690135254E1,1.388662262E0,-6.188131714E-1,9.661808167E0,9.780687587E0
6.691138354E1,1.403631134E0,-6.057902527E-1,9.661359100E0,9.781565409E0
6.692141554E1,1.452279968E0,-6.483018494E-1,9.660460968E0,9.790501443E0
6.693144654E1,1.471739502E0,-6.719526672E-1,9.718091125E0,9.851844125E0
6.694147854E1,1.491797791E0,-6.801855469E-1,9.765392761E0,9.902070935E0
6.695150954E1,1.502126312E0,-6.831793213E-1,9.792636108E0,9.930701858E0
6.696154154E1,1.511706390E0,-6.689588928E-1,9.790241089E0,9.928825851E0
6.697157254E1,1.496288452E0,-6.783892822E-1,9.771230621E0,9.908382260E0
6.698160454E1,1.490749969E0,-6.740483093E-1,9.772278442E0,9.908284541E0
6.699163554E1,1.494492188E0,-6.975494385E-1,9.774823151E0,9.912983897E0
6.700166754E1,1.529818726E0,-7.229965210E-1,9.783505096E0,9.928748223E0
6.701169854E1,1.569635925E0,-7.185058594E-1,9.823471985E0,9.973996664E0
6.702173054E1,1.593735809E0,-7.020401001E-1,9.838440857E0,9.991384920E0
6.703176154E1,1.583407288E0,-6.580316162E-1,9.841584320E0,9.989843151E0
6.704179254E1,1.555415497E0,-6.379733276E-1,9.822274475E0,9.965109292E0
6.705182454E1,1.523681488E0,-6.285429382E-1,9.758207703E0,9.896428097E0
6.706185554E1,1.458267517E0,-6.418652344E-1,9.725725250E0,9.855367409E0
6.707188754E1,1.397344208E0,-6.833290100E-1,9.703122253E0,9.827008234E0
6.708191854E1,1.351090393E0,-7.059320068E-1,9.624835052E0,9.744805541E0
6.709195054E1,1.323397980E0,-7.375163269E-1,9.611961823E0,9.730628069E0
6.710198154E1,1.310524750E0,-7.872129822E-1,9.617200928E0,9.737953229E0
6.711201354E1,1.352736969E0,-8.357121277E-1,9.674531708E0,9.804329443E0
6.712204454E1,1.448537750E0,-8.496331787E-1,9.741292877E0,9.884984829E0
6.713207654E1,1.530267792E0,-8.415499878E-1,9.789792023E0,9.944342801E0
6.714210754E1,1.578168182E0,-8.089178467E-1,9.808203735E0,9.967237501E0
6.715213954E1,1.545236664E0,-7.768844604E-1,9.779014435E0,9.930781899E0
6.716217054E1,1.488055573E0,-7.155120850E-1,9.710906067E0,9.850277335E0
6.717220154E1,1.399439850E0,-6.447093201E-1,9.640702057E0,9.763053731E0
6.718223354E1,1.362616425E0,-6.526428223E-1,9.609117737E0,9.727168645E0
6.719226454E1,1.337768097E0,-6.893165588E-1,9.645492096E0,9.762187182E0
6.720229654E1,1.329535217E0,-7.110214233E-1,9.672585754E0,9.789388670E0
6.721232754E1,1.332678680E0,-7.258406067E-1,9.718540192E0,9.836305226E0
6.722235954E1,1.345551910E0,-7.408094788E-1,9.757459259E0,9.877617112E0
6.723239054E1,1.365759888E0,-7.731422424E-1,9.850715332E0,9.974950704E0
6.724242254E1,1.396146698E0,-8.405021667E-1,9.917177124E0,1.005017769E1
6.725245354E1,1.444496155E0,-8.720864868E-1,9.870474243E0,1.001365896E1
6.726248554E1,1.460063782E0,-8.884025574E-1,9.798773346E0,9.946708221E0
6.727251654E1,1.429078217E0,-8.897497559E-1,9.711355133E0,9.856182714E0
6.728254854E1,1.429527283E0,-9.216334534E-1,9.649833069E0,9.798583302E0
6.729257954E1,1.455423431E0,-9.506730652E-1,9.675878906E0,9.830802065E0
6.730261054E1,1.456620941E0,-9.732760620E-1,9.745035095E0,9.901248399E0
6.731264254E1,1.426383820E0,-9.907896423E-1,9.809401245E0,9.961957022E0
6.732267354E1,1.411265259E0,-9.578581238E-1,9.827663269E0,9.974574033E0
6.733270554E1,1.444945221E0,-8.584648132E-1,9.829459534E0,9.972116288E0
6.734273654E1,1.492546234E0,-7.183561707E-1,9.858050079E0,9.996243355E0
6.735276854E1,1.506167908E0,-5.980064392E-1,9.836045837E0,9.968648413E0
6.736279954E1,1.509910126E0,-5.191204834E-1,9.803114319E0,9.932289012E0
6.737283154E1,1.484612732E0,-4.776567078E-1,9.792336731E0,9.915749571E0
6.738286254E1,1.500330048E0,-5.025050354E-1,9.798473969E0,9.925401436E0
6.739289454E1,1.572929077E0,-5.740562439E-1,9.783804474E0,9.926050395E0
6.740292554E1,1.636846161E0,-6.189628601E-1,9.756261749E0,9.911963665E0
6.741295654E1,1.736838226E0,-6.512956238E-1,9.733658752E0,9.908829685E0
6.742298854E1,1.836381226E0,-6.885681152E-1,9.665849762E0,9.862812666E0
6.743301954E1,1.919308777E0,-7.494914246E-1,9.611063690E0,9.829447026E0
6.744305154E1,1.956581268E0,-8.060737610E-1,9.561516724E0,9.792883499E0
6.745308254E1,1.937121735E0,-8.663983154E-1,9.541458435E0,9.774585194E0
6.746311454E1,1.887574768E0,-9.348060608E-1,9.532626801E0,9.762570081E0
6.747314554E1,1.860331421E0,-9.363029480E-1,9.536369019E0,9.761138779E0
6.748317754E1,1.841770020E0,-9.144483948E-1,9.558373260E0,9.777056411E0
6.749320854E1,1.834135895E0,-8.705895996E-1,9.565109253E0,9.778205140E0
6.750324054E1,1.805545349E0,-7.923023987E-1,9.597142639E0,9.797595824E0
6.751327154E1,1.773661652E0,-7.029382324E-1,9.601932678E0,9.789642944E0
6.752330354E1,1.735790405E0,-6.381230164E-1,9.683662720E0,9.858676026E0
6.753333454E1,1.703757019E0,-6.316864014E-1,9.735754395E0,9.903874460E0
6.754336554E1,1.654210052E0,-6.614744568E-1,9.783654785E0,9.944539221E0
6.755339754E1,1.593137054E0,-6.795867920E-1,9.869426422E0,1.002025458E1
6.756342854E1,1.588796082E0,-7.039860535E-1,9.936337280E0,1.008715361E1
6.757346054E1,1.618883514E0,-6.783892822E-1,9.938881989E0,1.009268899E1
6.758349154E1,1.618883514E0,-6.379733276E-1,9.891280975E0,1.004316848E1
6.759352354E1,1.629810791E0,-6.215075684E-1,9.860295410E0,1.001339006E1
6.760355454E1,1.638492737E0,-6.352789307E-1,9.820927277E0,9.976915873E0
6.761358654E1,1.669178925E0,-6.162684631E-1,9.766739960E0,9.927494877E0
6.762361754E1,1.718276825E0,-5.822891235E-1,9.738299103E0,9.905857120E0
6.763364954E1,1.806144104E0,-6.027964783E-1,9.657167816E0,9.843089472E0
6.764368054E1,1.849553833E0,-6.352789307E-1,9.580826569E0,9.778377495E0
6.765371254E1,1.861528931E0,-6.695576477E-1,9.536818085E0,9.739840686E0
6.766374354E1,1.888772278E0,-6.920109558E-1,9.519304504E0,9.729516850E0
6.767377454E1,1.903142395E0,-7.098239136E-1,9.503138123E0,9.717789622E0
6.768380654E1,1.898352356E0,-7.357200623E-1,9.540111237E0,9.754934550E0
6.769383754E1,1.900447998E0,-7.752378845E-1,9.556127930E0,9.774061458E0
6.770386954E1,1.852248230E0,-8.693920898E-1,9.623637543E0,9.838753258E0
6.771390054E1,1.803150330E0,-9.346563721E-1,9.677375793E0,9.888201853E0
6.772393254E1,1.747017059E0,-9.352551270E-1,9.697583771E0,9.897974629E0
6.773396354E1,1.713486786E0,-9.300160217E-1,9.687255249E0,9.881491842E0
6.774399554E1,1.756746826E0,-9.369017029E-1,9.687255249E0,9.889735005E0
6.775402654E1,1.805844727E0,-8.798703003E-1,9.693542175E0,9.899495281E0
6.776405854E1,1.831890564E0,-8.086184692E-1,9.720486145E0,9.924592574E0
6.777408954E1,1.834135895E0,-6.963519287E-1,9.748328247E0,9.943785200E0
6.778412054E1,1.880389709E0,-5.884263611E-1,9.726324005E0,9.923884809E0
6.779415254E1,1.909728699E0,-5.284011841E-1,9.687704315E0,9.888270143E0
6.780418354E1,1.898651733E0,-5.075944519E-1,9.692045288E0,9.889300905E0
6.781421487E1,1.900747375E0,-5.282514954E-1,9.644743652E0,9.844438549E0
6.782424588E1,1.869013367E0,-5.773493958E-1,9.634415131E0,9.830996806E0
6.783427788E1,1.818418579E0,-5.926176453E-1,9.647438049E0,9.835186969E0
6.784430888E1,1.798360291E0,-6.224057007E-1,9.640252991E0,9.826289550E0
6.785434087E1,1.780846710E0,-6.653663635E-1,9.626781006E0,9.812697893E0
6.786437188E1,1.791624298E0,-7.098239136E-1,9.678273926E0,9.868270051E0
6.787440388E1,1.824705505E0,-7.081773376E-1,9.780810699E0,9.974734245E0
6.788443488E1,1.889670410E0,-6.622229004E-1,9.835297394E0,1.003705476E1
6.789446688E1,1.964065704E0,-5.944139099E-1,9.815538483E0,1.002774539E1
6.790449788E1,2.033670959E0,-5.785469055E-1,9.731563110E0,9.958607064E0
6.791452888E1,2.058070221E0,-6.027964783E-1,9.666448517E0,9.901476837E0
6.792456087E1,2.023941193E0,-6.111790466E-1,9.620344391E0,9.849918983E0
6.793459188E1,1.952689362E0,-7.011419678E-1,9.596693573E0,9.818407373E0
6.794462388E1,1.944755859E0,-7.825726318E-1,9.590556335E0,9.816988647E0
6.795465488E1,1.941313019E0,-8.084687805E-1,9.562265167E0,9.790772857E0
6.796468687E1,1.887574768E0,-8.164022827E-1,9.504335632E0,9.724291594E0
6.797471788E1,1.864223328E0,-8.349636841E-1,9.432485046E0,9.651127764E0
6.798474988E1,1.834285583E0,-8.831634521E-1,9.441166992E0,9.658168328E0
6.799478088E1,1.823507996E0,-9.415420532E-1,9.545500031E0,9.763618882E0
6.800481288E1,1.732197876E0,-9.310638428E-1,9.585466919E0,9.785119591E0
6.801484388E1,1.640289001E0,-8.991801453E-1,9.585466919E0,9.766281227E0
6.802487588E1,1.606309662E0,-8.714877319E-1,9.598190460E0,9.770618287E0
6.803490687E1,1.614692230E0,-8.243357849E-1,9.616751862E0,9.786147191E0
6.804493788E1,1.592238922E0,-7.942483521E-1,9.739646301E0,9.900846696E0
6.805496988E1,1.597028961E0,-7.676037598E-1,9.851912842E0,1.000999019E1
6.806500088E1,1.649420013E0,-6.857240295E-1,9.912836151E0,1.007249345E1
6.807503288E1,1.686542816E0,-5.956114197E-1,9.898615723E0,1.005891509E1
6.808506388E1,1.693278809E0,-5.239105225E-1,9.817035370E0,9.975763570E0
6.809509588E1,1.691482544E0,-5.046006775E-1,9.755662994E0,9.914065538E0
6.810512688E1,1.725162506E0,-5.331912231E-1,9.727371826E0,9.893545431E0
6.811515888E1,1.780098267E0,-5.658233643E-1,9.720486145E0,9.898320909E0
6.812518988E1,1.787582703E0,-6.225553894E-1,9.702972565E0,9.885884064E0
6.813522188E1,1.812580719E0,-6.966513062E-1,9.714797974E0,9.906970858E0
6.814525287E1,1.858086090E0,-7.476951599E-1,9.734107819E0,9.938027319E0
6.815528488E1,1.913321228E0,-7.991880798E-1,9.738299103E0,9.956604297E0
6.816531588E1,1.942510529E0,-8.038284302E-1,9.724078674E0,9.948728228E0
6.817534688E1,1.996697845E0,-7.695497131E-1,9.684860229E0,9.918443765E0
6.818537888E1,2.027384033E0,-7.664062500E-1,9.626781006E0,9.867754410E0
6.819540988E1,2.041155396E0,-7.605683899E-1,9.598489838E0,9.842549811E0
6.820544188E1,2.052082672E0,-7.289840698E-1,9.577832794E0,9.822288028E0
6.821547288E1,2.064955902E0,-7.366181946E-1,9.559421082E0,9.807608305E0
6.822550488E1,2.065854034E0,-7.548802185E-1,9.584269409E0,9.833403131E0
6.823553588E1,2.096390533E0,-7.873626709E-1,9.569749603E0,9.828270484E0
6.824556788E1,2.079176331E0,-7.848179626E-1,9.576784973E0,9.831262578E0
6.825559887E1,2.046095123E0,-7.930508423E-1,9.638756104E0,9.885396002E0
6.826563088E1,2.054028625E0,-7.864645386E-1,9.639953613E0,9.887682526E0
6.827566188E1,2.025288391E0,-7.433541870E-1,9.669591980E0,9.907339581E0
6.828569387E1,1.988464966E0,-7.041357422E-1,9.684560852E0,9.911635534E0
6.829572488E1,1.964664459E0,-7.171586609E-1,9.664352875E0,9.888070564E0
6.830575588E1,1.924847260E0,-7.255412292E-1,9.682315521E0,9.898418101E0
6.831578788E1,1.837878113E0,-7.325765991E-1,9.676028595E0,9.876233786E0
6.832581887E1,1.748064880E0,-7.964936829E-1,9.658065948E0,9.847251945E0
6.833585088E1,1.676064606E0,-8.650511169E-1,9.644893341E0,9.827587372E0
6.834588188E1,1.620979156E0,-9.503736877E-1,9.699230347E0,9.879567444E0
6.835591388E1,1.669627991E0,-1.013242950E0,9.754615173E0,9.948207682E0
6.836594487E1,1.743424530E0,-1.011895752E0,9.804910583E0,1.000998170E1
6.837597688E1,1.828447723E0,-9.614506531E-1,9.795629883E0,1.001109251E1
6.838600788E1,1.886077881E0,-8.952882385E-1,9.737700348E0,9.958997885E0
6.839603987E1,1.904788971E0,-8.499325562E-1,9.665999451E0,9.888485817E0
6.840607088E1,1.890718231E0,-8.358618164E-1,9.642648010E0,9.861751419E0
6.841610288E1,1.898651733E0,-8.340655518E-1,9.661658478E0,9.881709786E0
6.842613388E1,1.911524963E0,-8.207432556E-1,9.688153381E0,9.908978914E0
6.843616587E1,1.945354614E0,-8.018824768E-1,9.716743927E0,9.941958189E0
6.844619688E1,2.021246796E0,-7.891589355E-1,9.693691864E0,9.933572992E0
6.845622788E1,2.091001740E0,-7.635621643E-1,9.695488129E0,9.947753792E0
6.846625988E1,2.164648590E0,-7.337741089E-1,9.665251007E0,9.931827878E0
6.847629087E1,2.226320343E0,-7.080276489E-1,9.615105286E0,9.894849927E0
6.848632288E1,2.227817230E0,-6.903643799E-1,9.570947113E0,9.851030465E0
6.849635388E1,2.198029175E0,-6.997947693E-1,9.548044739E0,9.822739094E0
6.850638587E1,2.206112366E0,-7.400610352E-1,9.538464661E0,9.818193835E0
6.851641688E1,2.194736023E0,-7.795788574E-1,9.519005127E0,9.799799386E0
6.852644888E1,2.154469757E0,-8.014334106E-1,9.508077850E0,9.782002855E0
6.853647988E1,2.136507111E0,-8.416996765E-1,9.523196411E0,9.796141631E0
6.854651187E1,2.087558899E0,-8.238867188E-1,9.534572754E0,9.795140075E0
6.855654288E1,2.042951660E0,-8.065228271E-1,9.576335907E0,9.824985494E0
6.856657488E1,1.999691620E0,-7.969427490E-1,9.565408630E0,9.804638014E0
6.857660588E1,1.915566559E0,-8.307723999E-1,9.565408630E0,9.790639422E0
6.858663687E1,1.855092316E0,-8.707392883E-1,9.595346375E0,9.811739217E0
6.859666888E1,1.822310486E0,-8.713380432E-1,9.631121979E0,9.840658314E0
6.860669988E1,1.826950836E0,-8.699908447E-1,9.655670929E0,9.865425207E0
6.861673187E1,1.885030060E0,-8.753796387E-1,9.670789490E0,9.891602357E0
6.862676288E1,1.961071930E0,-8.526269531E-1,9.701775055E0,9.934647203E0
6.863679488E1,2.068099365E0,-8.469387817E-1,9.734107819E0,9.987351767E0
6.864682588E1,2.158211975E0,-8.414002991E-1,9.715247040E0,9.987585216E0
6.865685788E1,2.179018707E0,-8.164022827E-1,9.711654510E0,9.986534361E0
6.866688888E1,2.162852325E0,-8.165519714E-1,9.678722992E0,9.950998244E0
6.867692088E1,2.147434387E0,-8.116122437E-1,9.649384003E0,9.918709619E0
6.868695188E1,2.155367889E0,-8.108638000E-1,9.607770538E0,9.879897042E0
6.869698388E1,2.182611237E0,-7.804769897E-1,9.561516724E0,9.838472351E0
6.870701488E1,2.155816956E0,-7.036866760E-1,9.545500031E0,9.811182014E0
6.871704588E1,2.124232635E0,-6.650669861E-1,9.488019562E0,9.745624330E0
6.872707787E1,2.117346954E0,-6.433621216E-1,9.480684814E0,9.735525538E0
6.873710888E1,2.110311584E0,-7.054829407E-1,9.551188202E0,9.806952495E0
6.874714088E1,2.104922791E0,-7.282356262E-1,9.542356567E0,9.798856869E0
6.875717188E1,2.100731506E0,-7.647596741E-1,9.586365051E0,9.843593100E0
6.876720388E1,2.119442596E0,-8.187973022E-1,9.642348633E0,9.906429887E0
6.877723488E1,2.158211975E0,-8.827143860E-1,9.720785522E0,9.996536140E0
6.878726688E1,2.169288940E0,-8.993298340E-1,9.783505096E0,1.006139059E1
6.879729787E1,2.164798279E0,-8.990304565E-1,9.766739960E0,1.004409363E1
6.880732988E1,2.171683960E0,-8.770262146E-1,9.700278168E0,9.979017123E0
6.881736100E1,2.093696136E0,-8.288264465E-1,9.619895325E0,9.879924233E0
6.882739300E1,1.988914032E0,-7.720944214E-1,9.589209137E0,9.823687734E0
6.883742400E1,1.949545898E0,-7.533833313E-1,9.556576996E0,9.782457745E0
6.884745500E1,1.962868195E0,-7.143145752E-1,9.545200653E0,9.771077339E0
6.885748700E1,1.976938934E0,-6.830296326E-1,9.580676880E0,9.806333999E0
6.886751800E1,2.021546173E0,-6.721023560E-1,9.649982758E0,9.882334629E0
6.887755000E1,2.054627380E0,-6.768923950E-1,9.686357117E0,9.924978145E0
6.888758100E1,2.108215942E0,-7.111711121E-1,9.698182526E0,9.950129804E0
6.889761300E1,2.130369873E0,-7.105723572E-1,9.671088867E0,9.928411190E0
6.890764400E1,2.098935242E0,-7.126679993E-1,9.629475403E0,9.881306663E0
6.891767600E1,2.121089172E0,-7.441026306E-1,9.576485596E0,9.836756801E0
6.892770700E1,2.131866760E0,-8.077203369E-1,9.522897034E0,9.791978142E0
6.893773900E1,2.141446838E0,-8.408015442E-1,9.513766022E0,9.787976589E0
6.894777000E1,2.157014465E0,-8.740324402E-1,9.539811859E0,9.819605614E0
6.895780200E1,2.196532288E0,-8.937913513E-1,9.567803650E0,9.857306110E0
6.896783300E1,2.212998047E0,-9.139993286E-1,9.605225830E0,9.899147356E0
6.897786500E1,2.221081238E0,-8.804690552E-1,9.676777039E0,9.967368834E0
6.898789600E1,2.222877502E0,-8.235873413E-1,9.702523499E0,9.987914834E0
6.899792700E1,2.211201782E0,-7.596702576E-1,9.675280151E0,9.953771056E0
6.900795900E1,2.178419952E0,-6.978488159E-1,9.639205170E0,9.906905812E0
6.901799000E1,2.122136993E0,-6.334826660E-1,9.566007385E0,9.819025563E0
6.902802200E1,2.054178314E0,-5.962101746E-1,9.529333649E0,9.766438189E0
6.903805300E1,2.041155396E0,-6.388714600E-1,9.523795166E0,9.761001304E0
6.904808500E1,2.094294891E0,-6.747967529E-1,9.505982208E0,9.757311079E0
6.905811600E1,2.138453064E0,-7.099736023E-1,9.559271393E0,9.821237885E0
6.906814800E1,2.172133026E0,-7.581733704E-1,9.610015869E0,9.881568385E0
6.907817900E1,2.146087189E0,-7.662565613E-1,9.648934937E0,9.914372635E0
6.908821100E1,2.156415710E0,-7.955955505E-1,9.733658752E0,1.000136059E1
6.909824200E1,2.166893921E0,-8.402027893E-1,9.762698364E0,1.003551939E1
6.910827400E1,2.162552948E0,-8.560697937E-1,9.763446808E0,1.003665205E1
6.911830500E1,2.081271973E0,-8.473878479E-1,9.752220154E0,1.000777483E1
6.912833600E1,2.042203217E0,-8.535250854E-1,9.652377777E0,9.902903403E0
6.913836800E1,2.021845551E0,-8.496331787E-1,9.573791199E0,9.821772441E0
6.914839900E1,2.038460999E0,-8.355624390E-1,9.550439758E0,9.801244177E0
6.915843100E1,2.047592010E0,-7.954458618E-1,9.489366760E0,9.740300235E0
6.916846200E1,2.354154510E0,-7.288343811E-1,8.261021118E0,8.620772177E0
6.917849400E1,2.729124756E0,-5.837860107E-1,7.582332458E0,8.079646870E0
6.918852500E1,1.681004333E0,-8.518785095E-1,9.544452209E0,9.728722452E0
6.919855700E1,1.398691406E0,-1.044378204E0,1.076471466E1,1.090532646E1
6.920858800E1,2.012864227E0,-9.520202637E-1,1.093431198E1,1.115872499E1
6.921862000E1,2.299218750E0,-9.101074219E-1,1.087728058E1,1.115481668E1
6.922865100E1,2.269730072E0,-1.006956024E0,1.061637314E1,1.090289015E1
6.923868300E1,2.142644348E0,-1.113085327E0,1.028271698E1,1.056239330E1
6.924871400E1,2.017354889E0,-1.087338867E0,9.947713623E0,1.020828256E1
6.925874600E1,1.873803406E0,-1.021625519E0,9.491911469E0,9.728886947E0
6.926877700E1,1.731449432E0,-9.660910034E-1,8.985364838E0,9.201523256E0
6.927880800E1,1.624272308E0,-9.988728333E-1,8.687633972E0,8.894435986E0
6.928884000E1,1.622326355E0,-1.046773224E0,8.628955994E0,8.842316355E0
6.929887100E1,1.740281067E0,-1.055155792E0,8.798104248E0,9.030424702E0
6.930890300E1,1.885179749E0,-1.053209839E0,9.157656555E0,9.408816463E0
6.931893400E1,2.061513062E0,-1.040935364E0,9.549092560E0,9.824385541E0
6.932896600E1,2.198777618E0,-1.013542328E0,9.856702881E0,1.014970358E1
6.933899700E1,2.314487000E0,-9.541159058E-1,1.004471191E1,1.035197685E1
6.934902900E1,2.334694977E0,-8.161029053E-1,1.007165588E1,1.037087638E1
6.935906000E1,2.270777893E0,-6.236032104E-1,1.000429596E1,1.027770650E1
6.936909200E1,2.188000031E0,-4.334985352E-1,9.858499146E0,1.010768374E1
6.937912300E1,2.082020416E0,-2.986289978E-1,9.715995483E0,9.941054095E0
6.938915500E1,1.987267456E0,-2.606080627E-1,9.622290344E0,9.828815797E0
6.939918600E1,1.891167297E0,-3.929328918E-1,9.521250458E0,9.715200476E0
6.940921700E1,1.777852936E0,-6.081852722E-1,9.437424774E0,9.622662664E0
6.941924900E1,1.722767487E0,-8.051756287E-1,9.503886566E0,9.692269882E0
6.942928000E1,1.726509705E0,-9.719288635E-1,9.621392212E0,9.823271836E0
6.943931200E1,1.755100250E0,-1.093476105E0,9.685758362E0,9.904038667E0
6.944934300E1,1.810485077E0,-1.198258209E0,9.737251282E0,9.976359129E0
6.945937500E1,1.848056946E0,-1.315614166E0,9.805359650E0,1.006435457E1
6.946940600E1,1.896107025E0,-1.366059265E0,9.861043854E0,1.013417612E1
6.947943800E1,1.968406677E0,-1.362915802E0,9.838141479E0,1.012527491E1
6.948946900E1,2.026635590E0,-1.257534943E0,9.786648560E0,1.007308969E1
6.949950100E1,2.059866486E0,-1.054107971E0,9.690997467E0,9.963414347E0
6.950953200E1,2.036365356E0,-8.848100281E-1,9.595046997E0,9.848583630E0
6.951956400E1,1.999242554E0,-7.458988953E-1,9.537416840E0,9.773211137E0
6.952959500E1,1.961670685E0,-6.466552734E-1,9.496701508E0,9.718726997E0
6.953962700E1,1.944606171E0,-5.836363220E-1,9.504335632E0,9.718771544E0
6.954965800E1,1.911974030E0,-5.842350769E-1,9.473799133E0,9.682450379E0
6.955968900E1,1.855541382E0,-6.017486572E-1,9.477241974E0,9.675910846E0
6.956972100E1,1.817221069E0,-6.319857788E-1,9.502239990E0,9.695063861E0
6.957975200E1,1.795665894E0,-6.394702148E-1,9.561217346E0,9.749369995E0
6.958978400E1,1.801503754E0,-6.547384644E-1,9.634564819E0,9.823387272E0
6.959981500E1,1.852697296E0,-7.231462097E-1,9.742041321E0,9.942977261E0
6.960984700E1,1.943857727E0,-7.803273010E-1,9.852511597E0,1.007270958E1
6.961987800E1,2.064806213E0,-7.934999084E-1,9.881102142E0,1.012567264E1
6.962991000E1,2.159110107E0,-7.855664063E-1,9.867330780E0,1.013129250E1
6.963994100E1,2.176773376E0,-7.762857056E-1,9.828112335E0,1.009617521E1
6.964997300E1,2.171085205E0,-7.593708801E-1,9.787397003E0,1.005402383E1
6.966000400E1,2.133513336E0,-7.562274170E-1,9.691596222E0,9.952426658E0
6.967003600E1,2.125879211E0,-7.560777283E-1,9.664352875E0,9.924249717E0
6.968006700E1,2.104473724E0,-7.979905701E-1,9.641899567E0,9.901102255E0
6.969009900E1,2.100881195E0,-8.138575745E-1,9.629176025E0,9.889241471E0
6.970013000E1,2.124082947E0,-8.684939575E-1,9.648336182E0,9.917479579E0
6.971016100E1,2.124082947E0,-9.276210022E-1,9.660460968E0,9.934622046E0
6.972019300E1,2.114951935E0,-9.551637268E-1,9.665550385E0,9.940232576E0
6.973022400E1,2.090402985E0,-9.526190186E-1,9.658964081E0,9.928386311E0
6.974025600E1,2.012265472E0,-9.418414307E-1,9.655670929E0,9.907989640E0
6.975028700E1,1.939516754E0,-9.430389404E-1,9.634564819E0,9.872987741E0
6.976031900E1,1.908082123E0,-9.527687073E-1,9.661808167E0,9.894396527E0
6.977035000E1,1.936672668E0,-9.867480469E-1,9.661658478E0,9.903131690E0
6.978038200E1,1.988015900E0,-9.925859070E-1,9.631571045E0,9.884563460E0
6.979041300E1,2.015109558E0,-9.807604980E-1,9.619895325E0,9.877496836E0
6.980044500E1,1.993105316E0,-9.717791748E-1,9.624685364E0,9.876810817E0
6.981047600E1,1.970951385E0,-9.592053223E-1,9.662556610E0,9.908063608E0
6.982051929E1,1.950294342E0,-9.148974609E-1,9.722132721E0,9.957939045E0
6.983055029E1,2.005230103E0,-8.084687805E-1,9.716893616E0,9.954526160E0
6.984058129E1,2.054328003E0,-7.804769897E-1,9.583970032E0,9.832694923E0
6.985061329E1,2.240989838E0,-5.710624695E-1,8.001460876E0,8.328956955E0
6.986064429E1,2.800975342E0,2.209405518E-1,7.895630951E0,8.380648287E0
6.987067629E1,2.165995789E0,-4.258644104E-1,9.612111511E0,9.862331669E0
6.988070729E1,1.763482819E0,-1.028660889E0,9.824070740E0,1.003396137E1
6.989073929E1,1.755249939E0,-1.078357544E0,9.994865570E0,1.020495444E1
6.990077029E1,1.528172150E0,-1.114731903E0,1.055574921E1,1.072388822E1
6.991080229E1,1.610351257E0,-8.273295593E-1,1.117411331E1,1.131982834E1
6.992083329E1,2.186952209E0,-1.279838562E0,1.044527893E1,1.074823700E1
6.993086529E1,2.381846924E0,-1.599573669E0,9.696685638E0,1.011224718E1
6.994089629E1,2.267335052E0,-1.227148132E0,9.741891632E0,1.007725922E1
6.995092829E1,1.842817841E0,-9.122030640E-1,9.601184235E0,9.818901707E0
6.996095929E1,1.408421173E0,-6.725514221E-1,9.667196960E0,9.792378296E0
6.997099129E1,1.465153198E0,-3.423381042E-1,9.836494904E0,9.950904545E0
6.998102229E1,1.490001526E0,-3.872447205E-1,9.621242523E0,9.743632316E0
6.999105329E1,1.544338531E0,-6.963519287E-1,9.597142639E0,9.745513550E0
7.000108529E1,1.872156830E0,-9.446855164E-1,9.521100769E0,9.749295450E0
7.001111629E1,2.356399841E0,-1.169368286E0,9.346414032E0,9.709557027E0
7.002114829E1,3.078947296E0,-1.431323547E0,9.191186829E0,9.798291630E0
7.003117929E1,3.705544281E0,-1.559307404E0,9.176367645E0,1.001839414E1
7.004121129E1,3.988905029E0,-1.483265533E0,9.342222748E0,1.026589333E1
7.005124229E1,3.955225067E0,-1.282982025E0,9.324260101E0,1.020939149E1
7.006127429E1,4.191733246E0,-1.145567780E0,9.067094879E0,1.005460903E1
7.007130529E1,4.273163910E0,-7.271878052E-1,8.944200439E0,9.939187764E0
7.008133729E1,4.359983368E0,-4.264631653E-1,8.964258728E0,9.977437564E0
7.009136829E1,3.948788452E0,-3.143463135E-1,9.245673523E0,1.005853979E1
7.010140029E1,3.178639984E0,-4.270619202E-1,9.386081543E0,9.918904212E0
7.011143129E1,2.748135223E0,-6.110293579E-1,9.614057465E0,1.001776946E1
7.012146329E1,2.727927246E0,-7.864645386E-1,9.812694397E0,1.021513998E1
7.013149429E1,3.355272675E0,-1.021625519E0,9.743538208E0,1.035558353E1
7.014152529E1,3.410956879E0,-9.601034546E-1,9.635762329E0,1.026666164E1
7.015155729E1,3.253783722E0,-1.092278595E0,9.540859680E0,1.013943709E1
7.016158829E1,3.226240997E0,-1.114133148E0,9.289981384E0,9.897155034E0
7.017162029E1,3.263962555E0,-6.644682312E-1,9.150920563E0,9.738291264E0
7.018165129E1,2.928360443E0,-6.297404480E-1,9.155261536E0,9.632791999E0
7.019168329E1,2.620301056E0,-7.932005310E-1,9.157057800E0,9.557554722E0
7.020171429E1,2.442321167E0,-9.074130249E-1,9.281149750E0,9.639920734E0
7.021174629E1,2.230062561E0,-8.563691711E-1,9.297316132E0,9.599303852E0
7.022177729E1,2.100132751E0,-7.759863281E-1,9.345964966E0,9.610399237E0
7.023180929E1,2.450554047E0,-9.204359436E-1,9.454489288E0,9.810187825E0
7.024184029E1,2.751128998E0,-1.141077118E0,9.415420532E0,9.875267670E0
7.025187229E1,2.746189270E0,-1.403481445E0,9.464668121E0,9.954459218E0
7.026190329E1,3.013233948E0,-1.599723358E0,9.304950256E0,9.910640389E0
7.027193529E1,3.424877930E0,-1.688339081E0,9.259893951E0,1.001628243E1
7.028196629E1,3.791615295E0,-1.688638458E0,9.223818970E0,1.011467660E1
7.029199729E1,4.094136200E0,-1.803898773E0,9.234446869E0,1.026114082E1
7.030202929E1,4.379742279E0,-1.836081848E0,9.182804260E0,1.033814457E1
7.031206029E1,4.381688232E0,-2.109563141E0,9.128317566E0,1.034290240E1
7.032209229E1,4.256398773E0,-1.719324646E0,9.262139282E0,1.033732228E1
7.033212329E1,4.110751648E0,-1.437610474E0,9.161398773E0,1.014377792E1
7.034215529E1,4.077520752E0,-2.005379791E0,9.040599976E0,1.011830873E1
7.035218629E1,3.320395203E0,-2.029329987E0,9.151519318E0,9.944521623E0
7.036221829E1,2.925067291E0,-1.766476593E0,9.091943207E0,9.712872360E0
7.037224929E1,2.703977051E0,-1.703307953E0,9.109307098E0,9.653612054E0
7.038228129E1,2.545756073E0,-1.688937836E0,9.261091461E0,9.751984416E0
7.039231229E1,2.452500000E0,-1.440903625E0,9.393865356E0,9.815073400E0
7.040234429E1,2.603086853E0,-1.310075684E0,9.376950531E0,9.819346247E0
7.041237529E1,2.739453278E0,-1.180744629E0,9.339977417E0,9.804791700E0
7.042240729E1,2.929857330E0,-1.026265869E0,9.279952240E0,9.785438119E0
7.043243829E1,3.316802673E0,-1.081950073E0,9.118587799E0,9.763218700E0
7.044246929E1,3.672163696E0,-1.283880157E0,8.999285889E0,9.804095113E0
7.045250129E1,3.874243469E0,-1.362317047E0,8.989855499E0,9.883479756E0
7.046253229E1,3.888314209E0,-1.434167633E0,9.043743439E0,9.948121409E0
7.047256429E1,3.783382416E0,-1.479074249E0,9.078171844E0,9.945594360E0
7.048259529E1,3.521876221E0,-1.391805725E0,9.076674957E0,9.834976541E0
7.049262729E1,3.233875122E0,-1.352736969E0,9.142987061E0,9.791938419E0
7.050265829E1,3.107537842E0,-1.345252533E0,9.236093445E0,9.837271875E0
7.051269029E1,2.994672546E0,-1.229992218E0,9.325457611E0,9.871428679E0
7.052272129E1,2.991678772E0,-1.048868866E0,9.396709442E0,9.917076994E0
7.053275329E1,3.168760529E0,-8.975335693E-1,9.343270569E0,9.906730779E0
7.054278429E1,3.372935944E0,-8.545729065E-1,9.279203796E0,9.910126882E0
7.055281629E1,3.540886688E0,-7.978408813E-1,9.179960175E0,9.871478988E0
7.056284729E1,3.560196533E0,-6.363267517E-1,9.162745972E0,9.850676364E0
7.057287929E1,3.561394043E0,-4.995112610E-1,9.188043365E0,9.866771504E0
7.058291029E1,3.600013733E0,-4.878355408E-1,9.177415466E0,9.870310888E0
7.059294229E1,3.684138794E0,-5.355862427E-1,9.091643829E0,9.824343174E0
7.060297329E1,3.752396851E0,-4.890330505E-1,9.055868225E0,9.814702479E0
7.061300429E1,3.770958252E0,-4.646337891E-1,9.033714294E0,9.800204317E0
7.062303629E1,3.733236694E0,-4.619393921E-1,9.016200714E0,9.769458508E0
7.063306729E1,3.713477783E0,-4.080514526E-1,9.001231842E0,9.745696379E0
7.064309929E1,3.659889221E0,-2.926414490E-1,8.981023865E0,9.702536668E0
7.065313029E1,3.630250854E0,-1.666035461E-1,9.042545929E0,9.745466376E0
7.066316229E1,3.670816498E0,-1.212478638E-1,9.086554413E0,9.800768638E0
7.067319329E1,3.647914124E0,-2.127076721E-1,9.062753906E0,9.771695368E0
7.068322529E1,3.582949219E0,-3.076103210E-1,8.961714020E0,9.656317486E0
7.069325629E1,3.402125244E0,-3.204835510E-1,8.936416626E0,9.567481800E0
7.070328829E1,3.116070099E0,-3.038681030E-1,8.961863708E0,9.493009524E0
7.071331929E1,2.850073242E0,-2.029779053E-1,8.988508301E0,9.431723013E0
7.072335129E1,2.400108948E0,-5.792953491E-2,8.998238068E0,9.313010636E0
7.073338229E1,2.141147461E0,7.080276489E-2,8.938961334E0,9.192091993E0
7.074341429E1,2.131567383E0,-6.197113037E-2,9.050479431E0,9.298311560E0
7.075344529E1,2.211052094E0,-4.263134766E-1,9.323661346E0,9.591723278E0
7.076347629E1,3.064277802E0,-7.502398682E-1,9.284742279E0,9.806074520E0
7.077350829E1,3.677402802E0,-3.086581421E-1,8.691226501E0,9.442244400E0
7.078353929E1,3.515888672E0,-3.758683777E-1,9.542356567E0,1.017640993E1
7.079357129E1,3.506308594E0,-1.171463928E0,1.013871643E1,1.079166802E1
7.080360229E1,4.266278229E0,-2.467768250E0,1.061173279E1,1.170042234E1
7.081362338E1,3.211421814E0,-1.529070282E0,1.056922119E1,1.115166905E1
7.082365438E1,2.802322540E0,-1.113833771E0,1.059706329E1,1.101777599E1
7.083368638E1,3.304977264E0,-1.275946655E0,1.062400726E1,1.119912697E1
7.084371738E1,3.042872314E0,-7.451504517E-1,1.069915100E1,1.114836998E1
7.085374938E1,2.956202545E0,-6.252497864E-1,1.064301773E1,1.106362948E1
7.086378038E1,2.687511292E0,-2.285746765E-1,1.033555710E1,1.068169948E1
7.087381238E1,2.397863617E0,-2.029779053E-1,1.076216995E1,1.102793054E1
7.088384338E1,2.129621429E0,-2.646496582E-1,1.010982651E1,1.033508195E1
7.089387538E1,1.839973755E0,1.071771240E-1,9.556277618E0,9.732390882E0
7.090390637E1,1.479523315E0,5.445675659E-1,9.186396790E0,9.320698957E0
7.091393838E1,9.984237671E-1,8.982820129E-1,8.505462799E0,8.610845372E0
7.092396938E1,5.915698242E-1,1.158590698E0,8.168663177E0,8.271598719E0
7.093400038E1,3.784130859E-1,1.295855255E0,8.042026520E0,8.154546453E0
7.094403238E1,4.056564331E-1,1.317410431E0,8.139922943E0,8.255814491E0
7.095406338E1,5.999523926E-1,1.222208405E0,8.428971863E0,8.538225982E0
7.096409538E1,8.614585876E-1,1.047521667E0,8.825497284E0,8.929099330E0
7.097412637E1,1.089883575E0,8.545729065E-1,9.294621735E0,9.397240779E0
7.098415838E1,1.260379028E0,5.906716919E-1,9.728269958E0,9.827343727E0
7.099418938E1,1.363215179E0,3.034190369E-1,1.009740234E1,1.019352504E1
7.100422138E1,1.456770630E0,1.338217163E-1,1.039363632E1,1.049608331E1
7.101425237E1,1.544937286E0,2.679428101E-2,1.057790314E1,1.069016295E1
7.102428438E1,1.592238922E0,-1.616638184E-2,1.062595322E1,1.074459715E1
7.103431538E1,1.558259583E0,-5.703140259E-2,1.058074722E1,1.069502863E1
7.104434737E1,1.441352692E0,-3.847000122E-2,1.046518753E1,1.056404882E1
7.105437838E1,1.262624359E0,2.739303589E-2,1.027059219E1,1.034794833E1
7.106441038E1,1.105600891E0,1.405577087E-1,1.004067032E1,1.010233489E1
7.107444138E1,9.192384338E-1,2.484832764E-1,9.813143463E0,9.859235663E0
7.108447337E1,7.559280396E-1,3.564088440E-1,9.671238556E0,9.707281271E0
7.109450438E1,6.602769470E-1,4.439767456E-1,9.536219330E0,9.569355261E0
7.110453638E1,6.376739502E-1,5.774990845E-1,9.449998627E0,9.489078317E0
7.111456738E1,6.661148071E-1,6.761439514E-1,9.423354034E0,9.471033779E0
7.112459837E1,7.286846924E-1,7.003935242E-1,9.456435242E0,9.510294420E0
7.113463038E1,7.794291687E-1,6.343807983E-1,9.543105011E0,9.595874222E0
7.114466138E1,8.268804932E-1,5.287005615E-1,9.676627350E0,9.726272282E0
7.115469337E1,9.213340759E-1,4.239184570E-1,9.832602997E0,9.884768335E0
7.116472438E1,1.055754547E0,3.826043701E-1,9.967173157E0,1.003023153E1
7.117475638E1,1.199455719E0,3.763174438E-1,1.003902374E1,1.011742589E1
7.118478738E1,1.264121246E0,3.818559265E-1,1.003094055E1,1.011748906E1
7.119481937E1,1.288819885E0,4.008663940E-1,9.974657593E0,1.006556231E1
7.120485038E1,1.263672180E0,4.182302856E-1,9.842482452E0,9.932081593E0
7.121488238E1,1.241518250E0,4.493655396E-1,9.756860504E0,9.845792190E0
7.122491338E1,1.267863464E0,4.802014160E-1,9.710307312E0,9.804495870E0
7.123494538E1,1.242865448E0,4.782554626E-1,9.626481628E0,9.718157817E0
7.124497638E1,1.270557861E0,5.224136353E-1,9.622889099E0,9.720454099E0
7.125500838E1,1.302142181E0,5.532495117E-1,9.699829102E0,9.802466214E0
7.126503937E1,1.314117279E0,5.730084229E-1,9.812395020E0,9.916568907E0
7.127507138E1,1.279988251E0,5.547463989E-1,9.865684204E0,9.963826489E0
7.128510238E1,1.218466187E0,5.107379150E-1,9.916428680E0,1.000405272E1
7.129513338E1,1.226100311E0,4.960684204E-1,9.974807281E0,1.006211639E1
7.130516538E1,1.278940430E0,5.180726624E-1,9.974807281E0,1.006979981E1
7.131519638E1,1.353186035E0,5.155279541E-1,9.789043579E0,9.895567478E0
7.132522838E1,1.410965881E0,5.779481506E-1,9.332792358E0,9.456524837E0
7.133525938E1,1.333726501E0,6.364764404E-1,9.346264343E0,9.462377387E0
7.134529138E1,1.229243774E0,4.920268250E-1,9.987530823E0,1.007491452E1
7.135532238E1,1.220262451E0,2.930905151E-1,1.051533325E1,1.058995637E1
7.136535438E1,1.332828369E0,2.375559998E-1,1.054991135E1,1.063642298E1
7.137538537E1,1.402433624E0,2.603086853E-1,1.039483383E1,1.049224242E1
7.138541738E1,1.391356659E0,2.929408264E-1,1.022508682E1,1.032347268E1
7.139544838E1,1.331630859E0,3.393443298E-1,1.003094055E1,1.012463153E1
7.140548037E1,1.213227081E0,3.225791931E-1,9.800868988E0,9.880941767E0