"Time (s)","Acceleration x (m/s^2)","Acceleration y (m/s^2)","Acceleration z (m/s^2)","Absolute acceleration (m/s^2)"
1.340566666E-2,1.595681763E-1,8.928932190E-1,9.752070465E0,9.794161458E0
2.343466665E-2,1.493893433E-1,9.081614685E-1,9.960586853E0,1.000301779E1
3.346366667E-2,1.645079041E-1,9.225315857E-1,1.002076172E1,1.006448175E1
4.349366666E-2,1.691482544E-1,9.747729492E-1,9.992470551E0,1.004132766E1
5.352266665E-2,1.351689148E-1,9.794132996E-1,9.891580353E0,9.940869324E0
6.355166667E-2,9.370513916E-2,9.930349731E-1,9.794432373E0,9.845090382E0
7.358166666E-2,8.861572266E-2,9.786648560E-1,9.753118286E0,9.802497332E0
8.361066665E-2,7.319778442E-2,9.550140381E-1,9.719588013E0,9.766667849E0
9.363966667E-2,5.478607178E-2,9.401948547E-1,9.749226379E0,9.794609889E0
1.036686667E-1,8.038284302E-2,9.166937256E-1,9.795779572E0,9.838906758E0
1.136986667E-1,7.768844604E-2,8.771759033E-1,9.833800507E0,9.873150736E0
1.237276667E-1,7.828720093E-2,8.345146179E-1,9.843081207E0,9.878703922E0
1.337566667E-1,8.681945801E-2,8.307723999E-1,9.825717316E0,9.861158206E0
1.437866667E-1,1.178050232E-1,8.276289368E-1,9.819430389E0,9.854951083E0
1.538156667E-1,1.212478638E-1,8.152047729E-1,9.802665253E0,9.837250933E0
1.638446667E-1,1.457968140E-1,8.318202209E-1,9.783355408E0,9.819736484E0
1.738746667E-1,1.573228455E-1,8.433462524E-1,9.802066498E0,9.839537134E0
1.839036667E-1,1.471440125E-1,8.529263306E-1,9.815688171E0,9.853774351E0
1.939326667E-1,1.333726501E-1,8.801696777E-1,9.795929260E0,9.836295898E0
2.039626667E-1,1.300794983E-1,8.922944641E-1,9.801018677E0,9.842412163E0
2.139916667E-1,1.279838562E-1,8.978329468E-1,9.842183075E0,9.883878366E0
2.240206667E-1,1.188528442E-1,8.984317017E-1,9.857900391E0,9.899469967E0
2.340506667E-1,1.094224548E-1,9.195378113E-1,9.867330780E0,9.910688159E0
2.440796667E-1,8.068222046E-2,9.036708069E-1,9.856553192E0,9.898220617E0
2.541086667E-1,5.254074097E-2,9.077124023E-1,9.859097900E0,9.900934993E0
2.641386667E-1,6.586303711E-2,9.020242310E-1,9.847571869E0,9.889017007E0
2.741676667E-1,5.254074097E-2,8.699908447E-1,9.812095642E0,9.850729186E0
2.841966667E-1,4.715194702E-2,8.448431396E-1,9.806856537E0,9.843293065E0
2.942266667E-1,3.607498169E-2,8.472381592E-1,9.810299377E0,9.846882135E0
3.042556667E-1,5.553451538E-2,8.512797546E-1,9.804461517E0,9.841505319E0
3.142846667E-1,3.233276367E-2,8.571176147E-1,9.798623657E0,9.836092801E0
3.243146667E-1,-3.293151855E-3,8.904981995E-1,9.763446808E0,9.803973249E0
3.343436667E-1,-7.334747314E-3,9.256750488E-1,9.766590271E0,9.810362563E0
3.443726667E-1,2.993774414E-2,9.466314697E-1,9.802365875E0,9.848014224E0
3.544026667E-1,4.595443726E-2,9.360035706E-1,9.846524048E0,9.891018669E0
3.644316667E-1,6.301895142E-2,9.265731812E-1,9.851164398E0,9.894844579E0
3.744606667E-1,9.131011963E-2,9.063652039E-1,9.798473969E0,9.840727998E0
3.844906667E-1,9.220825195E-2,9.000782776E-1,9.789792023E0,9.831514182E0
3.945196667E-1,9.310638428E-2,8.720864868E-1,9.829010468E0,9.868062141E0
4.045486667E-1,9.610015869E-2,8.672964478E-1,9.811047821E0,9.849776531E0
4.145786667E-1,6.331832886E-2,8.578660583E-1,9.777218170E0,9.814985407E0
4.246076667E-1,5.388793945E-2,8.586145020E-1,9.716743927E0,9.754754498E0
4.346366667E-1,4.505630493E-2,8.602610779E-1,9.679022369E0,9.717281164E0
4.446666667E-1,7.349716187E-2,8.527766418E-1,9.710457001E0,9.748107765E0
4.546956667E-1,8.517288208E-2,8.613088989E-1,9.826316071E0,9.864359835E0
4.647246667E-1,9.026229858E-2,8.692424011E-1,9.946216736E0,9.984535893E0
4.747546667E-1,9.475296021E-2,8.842112732E-1,9.976902924E0,1.001645644E1
4.847836667E-1,1.029858398E-1,9.159452820E-1,9.898915100E0,9.941734356E0
4.948126667E-1,1.037342834E-1,9.544152832E-1,9.829010468E0,9.875784329E0
5.048426667E-1,1.104702759E-1,9.747729492E-1,9.788444824E0,9.837481286E0
5.148716667E-1,1.267863464E-1,9.774673462E-1,9.776918793E0,9.826477409E0
5.249006667E-1,1.320254517E-1,9.506730652E-1,9.760003967E0,9.807083534E0
5.349306667E-1,1.528321838E-1,9.113049316E-1,9.768236847E0,9.811844141E0
5.449596667E-1,1.805245972E-1,8.593629456E-1,9.767039337E0,9.806434174E0
5.549886667E-1,2.192939758E-1,8.246351624E-1,9.780361633E0,9.817514282E0
5.650186667E-1,2.510279846E-1,7.581733704E-1,9.811646576E0,9.844097238E0
5.750476667E-1,2.525248718E-1,7.054829407E-1,9.813891907E0,9.842456469E0
5.850766667E-1,2.466870117E-1,6.662644958E-1,9.834698639E0,9.860327590E0
5.951066667E-1,2.447410583E-1,6.761439514E-1,9.852511597E0,9.878717204E0
6.051354167E-1,2.320175171E-1,7.041357422E-1,9.883048096E0,9.910816260E0
6.151644167E-1,1.957928467E-1,7.294331360E-1,9.919272766E0,9.947983703E0
6.251944167E-1,1.336720276E-1,7.810757446E-1,9.940678253E0,9.972212977E0
6.352234167E-1,7.619155884E-2,8.268804932E-1,9.911339264E0,9.946063669E0
6.452524167E-1,4.086502075E-2,8.725355530E-1,9.862091675E0,9.900698988E0
6.552824167E-1,-2.230361938E-2,8.975335693E-1,9.816286926E0,9.857258898E0
6.653114167E-1,-4.400848389E-2,9.282197571E-1,9.806706848E0,9.850635912E0
6.753404167E-1,-2.679428101E-2,9.386979675E-1,9.782606964E0,9.827577058E0
6.853704167E-1,3.832031250E-2,9.418414307E-1,9.792336731E0,9.837600946E0
6.953994167E-1,9.056167603E-2,9.282197571E-1,9.820478210E0,9.864663482E0
7.054284167E-1,1.445993042E-1,9.181906128E-1,9.854307861E0,9.898048615E0
7.154584167E-1,1.833686829E-1,8.872050476E-1,9.830507355E0,9.872164490E0
7.254874167E-1,2.233355713E-1,8.628057861E-1,9.754166107E0,9.794798061E0
7.355164167E-1,2.450404358E-1,8.193960571E-1,9.693991241E0,9.731645334E0
7.455464167E-1,2.354603577E-1,7.930508423E-1,9.699829102E0,9.735042672E0
7.555754167E-1,2.210902405E-1,7.649093628E-1,9.763895874E0,9.796306950E0
7.656044167E-1,2.158511353E-1,7.441026306E-1,9.810598755E0,9.841144668E0
7.756344167E-1,1.919009399E-1,7.235952759E-1,9.859996033E0,9.888373873E0
7.856634167E-1,1.772314453E-1,7.244934082E-1,9.895621948E0,9.923690615E0
7.956924167E-1,1.746867371E-1,7.420069885E-1,9.926757202E0,9.955983044E0
8.057224167E-1,1.420545959E-1,7.469467163E-1,9.929601288E0,9.958669120E0
8.157514167E-1,1.026864624E-1,7.704478455E-1,9.909093933E0,9.939531024E0
8.257804167E-1,8.292755127E-2,7.902067566E-1,9.864636383E0,9.896582979E0
8.358104167E-1,5.059478760E-2,8.282276917E-1,9.836644592E0,9.871580308E0
8.458394167E-1,3.802093506E-2,8.508306885E-1,9.801467743E0,9.838400702E0
8.558684167E-1,3.817062378E-2,8.839118958E-1,9.783056030E0,9.822980328E0
8.658984167E-1,2.963836670E-2,9.110055542E-1,9.782008209E0,9.824382635E0
8.759274167E-1,4.520599365E-2,9.081614685E-1,9.804012451E0,9.846088613E0
8.859564167E-1,7.993377686E-2,9.148974609E-1,9.825268250E0,9.868096217E0
8.959864167E-1,9.355545044E-2,9.101074219E-1,9.835297394E0,9.877759005E0
9.060154167E-1,1.017883301E-1,8.916957092E-1,9.834848328E0,9.875713834E0
9.160444167E-1,1.255888367E-1,8.792715454E-1,9.811347198E0,9.851468157E0
9.260744167E-1,1.299298096E-1,8.569679260E-1,9.798923035E0,9.837182951E0
9.361034167E-1,1.294807434E-1,8.472381592E-1,9.807155914E0,9.844535788E0
9.461324167E-1,1.166075134E-1,8.337661743E-1,9.813891907E0,9.849935924E0
9.561624167E-1,1.089733887E-1,8.204438782E-1,9.820178833E0,9.854994453E0
9.661914167E-1,9.490264893E-2,8.054750061E-1,9.808652802E0,9.842127122E0
9.762204167E-1,1.011895752E-1,8.059240723E-1,9.808503113E0,9.842077334E0
9.862504167E-1,1.059796143E-1,7.997868347E-1,9.803114319E0,9.836256453E0
9.962794167E-1,8.382568359E-2,7.879614258E-1,9.822424164E0,9.854335412E0
1.006308417E0,9.894424438E-2,7.840695190E-1,9.840686188E0,9.872368491E0
1.016338417E0,9.370513916E-2,7.765850830E-1,9.858199768E0,9.889184380E0
1.026367417E0,8.816665649E-2,7.780819702E-1,9.846524048E0,9.877612097E0
1.036396417E0,1.083746338E-1,7.725434875E-1,9.835447083E0,9.866336089E0
1.046426417E0,1.207987976E-1,7.806266785E-1,9.840237122E0,9.871891256E0
1.056455417E0,1.303788757E-1,7.840695190E-1,9.844578094E0,9.876612857E0
1.066485417E0,1.404080200E-1,7.933502197E-1,9.841883698E0,9.874806008E0
1.076514417E0,1.553768921E-1,7.860154724E-1,9.839189301E0,9.871758121E0
1.086543417E0,1.562750244E-1,7.665559387E-1,9.825417938E0,9.856513965E0
1.096573417E0,1.507365417E-1,7.782316589E-1,9.811796265E0,9.843765131E0
1.106602417E0,1.710942078E-1,7.804769897E-1,9.805060272E0,9.837561919E0
1.116631417E0,1.585203552E-1,7.767347717E-1,9.808353424E0,9.840337520E0
1.126661417E0,1.429527283E-1,7.782316589E-1,9.798024902E0,9.829922278E0
1.136690417E0,1.615141296E-1,7.679031372E-1,9.804910583E0,9.836261159E0
1.146719417E0,1.405577087E-1,7.676037598E-1,9.803862762E0,9.834871482E0
1.156749417E0,1.302291870E-1,7.611671448E-1,9.825867004E0,9.856165454E0
1.166778417E0,1.202000427E-1,7.628137207E-1,9.827363892E0,9.857657626E0
1.176807417E0,1.061293030E-1,7.605683899E-1,9.822873230E0,9.852845589E0
1.186837417E0,8.876541138E-2,7.577243042E-1,9.826316071E0,9.855887222E0
1.196866417E0,8.427474976E-2,7.295828247E-1,9.857750702E0,9.885071686E0
1.206895417E0,8.232879639E-2,7.348219299E-1,9.875114594E0,9.902758683E0
1.216925417E0,7.993377686E-2,7.247927856E-1,9.877659302E0,9.904537711E0
1.226954417E0,8.607101440E-2,7.111711121E-1,9.853110352E0,9.879117176E0
1.236983417E0,7.574249268E-2,7.143145752E-1,9.792785797E0,9.819095473E0
1.247013417E0,5.433700562E-2,7.197033691E-1,9.770931244E0,9.797551879E0
1.257042417E0,4.894821167E-2,6.966513062E-1,9.789642334E0,9.814520671E0
1.267071417E0,5.792953491E-2,6.962022400E-1,9.860594788E0,9.885311475E0
1.277101417E0,6.900650024E-2,6.985972595E-1,9.881700897E0,9.906604497E0
1.287130417E0,1.050814819E-1,6.950047302E-1,9.848320312E0,9.873372609E0
1.297159417E0,1.549278259E-1,6.939569092E-1,9.784403229E0,9.810205164E0
1.307189417E0,1.675016785E-1,6.783892822E-1,9.741143188E0,9.766173224E0
1.317218417E0,1.779798889E-1,6.718029785E-1,9.768536224E0,9.793227050E0
1.327247417E0,1.549278259E-1,6.520440674E-1,9.781110077E0,9.804043984E0
1.337277417E0,1.481918335E-1,6.288423157E-1,9.785900116E0,9.807203707E0
1.347306417E0,1.431024170E-1,6.185137939E-1,9.753417664E0,9.774057179E0
1.357335417E0,1.345701599E-1,6.014492798E-1,9.774972839E0,9.794383307E0
1.367365417E0,1.380130005E-1,6.158193970E-1,9.849218445E0,9.869416654E0
1.377394417E0,1.254391479E-1,6.206094360E-1,9.948162689E0,9.968291325E0
1.387423417E0,1.243913269E-1,6.509962463E-1,9.998757477E0,1.002069960E1
1.397453417E0,1.154100037E-1,6.789880371E-1,9.922565918E0,9.946439495E0
1.407482417E0,1.152603149E-1,7.161108398E-1,9.831704865E0,9.858423820E0
1.417511417E0,1.411564636E-1,7.249424744E-1,9.776170349E0,9.804028429E0
1.427541417E0,1.513352966E-1,7.261399841E-1,9.770033112E0,9.798149246E0
1.437570417E0,1.513352966E-1,7.060816956E-1,9.797875214E0,9.824449727E0
1.447600417E0,1.621128845E-1,6.864724731E-1,9.818681946E0,9.843984975E0
1.457629417E0,1.796264648E-1,6.628216553E-1,9.835596771E0,9.859541676E0
1.467658417E0,1.775308228E-1,6.301895142E-1,9.872869263E0,9.894554234E0
1.477688417E0,1.703457642E-1,5.990542603E-1,9.891730042E0,9.911317112E0
1.487717417E0,1.534309387E-1,5.674699402E-1,9.894723816E0,9.912170427E0
1.497746417E0,1.561253357E-1,5.569917297E-1,9.876761169E0,9.893686174E0
1.507776417E0,1.422042847E-1,5.599855042E-1,9.838590546E0,9.855540054E0
1.517805417E0,1.543290710E-1,5.638774109E-1,9.805359650E0,9.822772168E0
1.527834417E0,1.550775146E-1,5.770500183E-1,9.810598755E0,9.828778342E0
1.537864417E0,1.480421448E-1,5.888754272E-1,9.812694397E0,9.831462865E0
1.547893417E0,1.531315613E-1,5.881269836E-1,9.835297394E0,9.854055888E0
1.557922417E0,1.643582153E-1,6.111790466E-1,9.824370117E0,9.844734717E0
1.567952417E0,1.496887207E-1,6.165678406E-1,9.847122803E0,9.867542253E0
1.577981417E0,1.619631958E-1,6.213578796E-1,9.858648834E0,9.879538174E0
1.588010417E0,1.745370483E-1,6.225553894E-1,9.879006500E0,9.900141808E0
1.598040417E0,1.627116394E-1,6.273454285E-1,9.882449341E0,9.903678223E0
1.608069458E0,1.612147522E-1,6.183641052E-1,9.915680237E0,9.936250748E0
1.618098458E0,1.600172424E-1,6.165678406E-1,9.885143738E0,9.905646276E0
1.628128458E0,1.866618347E-1,6.126759338E-1,9.807006226E0,9.827898328E0
1.638157458E0,2.224374390E-1,5.990542603E-1,9.779912567E0,9.800767023E0
1.648186458E0,2.195933533E-1,5.852828979E-1,9.776769104E0,9.796733712E0
1.658216458E0,1.769320679E-1,5.795947266E-1,9.775421906E0,9.794187482E0
1.668245458E0,1.576222229E-1,5.595364380E-1,9.793983307E0,9.811219843E0
1.678274458E0,1.510359192E-1,5.367837524E-1,9.831405487E0,9.847206837E0
1.688304458E0,1.487905884E-1,5.287005615E-1,9.865235138E0,9.880512499E0
1.698333458E0,1.803749084E-1,5.309458923E-1,9.882299652E0,9.898196051E0
1.708363458E0,1.739382935E-1,5.403762817E-1,9.870773621E0,9.887084147E0
1.718392458E0,1.751358032E-1,5.448669434E-1,9.853709106E0,9.870315886E0
1.728421458E0,1.770817566E-1,5.523513794E-1,9.830207977E0,9.847306173E0
1.738451458E0,1.776805115E-1,5.590873718E-1,9.847721558E0,9.865179620E0
1.748480458E0,1.694476318E-1,5.421725464E-1,9.847422180E0,9.863791724E0
1.758509458E0,1.661544800E-1,5.260061646E-1,9.842183075E0,9.857629405E0
1.768539458E0,1.570234680E-1,5.155279541E-1,9.822723541E0,9.837495779E0
1.778568458E0,1.495390320E-1,5.102888489E-1,9.819729767E0,9.834116601E0
1.788597458E0,1.371148682E-1,5.008584595E-1,9.832303619E0,9.846007015E0
1.798627458E0,1.471440125E-1,4.737648010E-1,9.859097900E0,9.871571094E0
1.808656458E0,1.639091492E-1,4.920268250E-1,9.869576111E0,9.883192258E0
1.818685458E0,1.531315613E-1,4.825964355E-1,9.859846344E0,9.872837410E0
1.828715458E0,1.627116394E-1,4.909790039E-1,9.839488678E0,9.853074287E0
1.838744458E0,1.531315613E-1,4.945715332E-1,9.830058289E0,9.843683062E0
1.848773458E0,1.600172424E-1,4.929249573E-1,9.824669495E0,9.838328680E0
1.858803458E0,1.727407837E-1,5.068460083E-1,9.829758911E0,9.844333015E0
1.868832458E0,1.661544800E-1,5.192701721E-1,9.845625916E0,9.860709837E0
1.878861458E0,1.600172424E-1,5.116360474E-1,9.840237122E0,9.854828439E0
1.888891458E0,1.550775146E-1,4.966671753E-1,9.854457550E0,9.868184277E0
1.898920458E0,1.745370483E-1,4.956193542E-1,9.859247589E0,9.873239830E0
1.908950458E0,1.646575928E-1,4.897814941E-1,9.846374359E0,9.859923228E0
1.918979458E0,1.537303162E-1,4.876858521E-1,9.849817200E0,9.863081130E0
1.929008458E0,1.594184875E-1,4.718188477E-1,9.849817200E0,9.862399614E0
1.939037458E0,1.465452576E-1,4.888833618E-1,9.852062531E0,9.865273365E0
1.949067458E0,1.555265808E-1,4.632865906E-1,9.836794281E0,9.848926069E0
1.959096458E0,1.544787598E-1,4.730163574E-1,9.830806732E0,9.843392158E0
1.969126458E0,1.736389160E-1,4.697232056E-1,9.839638367E0,9.852374006E0
1.979155458E0,1.683998108E-1,4.686753845E-1,9.847272491E0,9.859857536E0
1.989184458E0,1.672023010E-1,4.578977966E-1,9.875264282E0,9.887288387E0
1.999214458E0,1.716929626E-1,4.552033997E-1,9.880503387E0,9.892473695E0
2.009243458E0,1.616638184E-1,4.513114929E-1,9.844129028E0,9.855794924E0
2.019272458E0,1.613644409E-1,4.321513367E-1,9.794132996E0,9.804990280E0
2.029302458E0,1.669029236E-1,4.294569397E-1,9.822424164E0,9.833224614E0
2.039331458E0,1.715432739E-1,4.183799744E-1,9.858948212E0,9.869312475E0
2.049360458E0,1.559756470E-1,4.131408691E-1,9.867031403E0,9.876908549E0
2.059390458E0,1.507365417E-1,4.123924255E-1,9.856553192E0,9.866328083E0
2.069419458E0,1.495390320E-1,4.067042542E-1,9.814490662E0,9.824051976E0
2.079448458E0,1.320254517E-1,4.071533203E-1,9.786648560E0,9.796004011E0
2.089478458E0,1.312770081E-1,3.923341370E-1,9.816586304E0,9.825300320E0
2.099507458E0,1.387614441E-1,4.071533203E-1,9.861343231E0,9.870720282E0
2.109536458E0,1.441502380E-1,3.920347595E-1,9.877210236E0,9.886038265E0
2.119566458E0,1.327738953E-1,3.918850708E-1,9.871372375E0,9.880040253E0
2.129595458E0,1.731898499E-1,3.811074829E-1,9.784403229E0,9.793354082E0
2.139625458E0,1.892065430E-1,3.739224243E-1,9.759554901E0,9.768547945E0
2.149654458E0,1.966909790E-1,3.617976379E-1,9.791139221E0,9.799795514E0
2.159683458E0,1.796264648E-1,3.568579102E-1,9.824968872E0,9.833088354E0
2.169713458E0,1.445993042E-1,3.418890381E-1,9.839638367E0,9.846638018E0
2.179742458E0,1.460961914E-1,3.321592712E-1,9.800270233E0,9.806985802E0
2.189771458E0,1.395098877E-1,3.314108276E-1,9.792785797E0,9.799385175E0
2.199801458E0,1.422042847E-1,3.329077148E-1,9.884095917E0,9.890723012E0
2.209830458E0,1.407073975E-1,3.493734741E-1,9.960586853E0,9.967705396E0
2.219859458E0,1.633103943E-1,3.734733582E-1,9.990823975E0,9.999135779E0
2.229889458E0,1.634600830E-1,4.022135925E-1,9.916129303E0,9.925629216E0
2.239918458E0,1.550775146E-1,4.276606750E-1,9.810149689E0,9.820691402E0
2.249947458E0,1.625619507E-1,4.269122314E-1,9.762698364E0,9.773380162E0
2.259977458E0,1.721420288E-1,4.198768616E-1,9.767488403E0,9.778024298E0
2.270006458E0,1.887574768E-1,3.980223083E-1,9.820627899E0,9.830502707E0
2.280036458E0,2.014810181E-1,3.623963928E-1,9.885443115E0,9.894135199E0
2.290065458E0,2.121089172E-1,3.173400879E-1,9.882149963E0,9.889518837E0
2.300094458E0,2.185455322E-1,3.113525391E-1,9.887538757E0,9.894853472E0
2.310124458E0,2.103126526E-1,2.868035889E-1,9.882449341E0,9.888846883E0
2.320153458E0,2.113604736E-1,2.561174011E-1,9.872719574E0,9.878302544E0
2.330182458E0,1.945953369E-1,2.582130432E-1,9.866881714E0,9.872177879E0
2.340212458E0,1.975891113E-1,2.650987244E-1,9.855205994E0,9.860750680E0
2.350241458E0,1.836680603E-1,2.733316040E-1,9.844129028E0,9.849635549E0
2.360270458E0,1.739382935E-1,2.884501648E-1,9.848619690E0,9.854378104E0
2.370300458E0,1.916015625E-1,3.026705933E-1,9.821376343E0,9.827906894E0
2.380329458E0,1.857637024E-1,3.243754578E-1,9.830207977E0,9.837312462E0
2.390358458E0,1.923500061E-1,3.243754578E-1,9.846823425E0,9.854042294E0
2.400388458E0,1.776805115E-1,3.278182983E-1,9.858499146E0,9.865548165E0
2.410417458E0,1.919009399E-1,3.279679871E-1,9.881700897E0,9.889004075E0
2.420446458E0,1.972897339E-1,3.210823059E-1,9.908644867E0,9.915808600E0
2.430476458E0,1.927990723E-1,3.212319946E-1,9.946067047E0,9.953120676E0
2.440505458E0,1.844165039E-1,3.126997375E-1,9.902807007E0,9.909458976E0
2.450535458E0,2.017803955E-1,3.100053406E-1,9.807455292E0,9.814428050E0
2.460564458E0,2.487826538E-1,2.971321106E-1,9.773925018E0,9.781604703E0
2.470593458E0,2.363584900E-1,2.918930054E-1,9.828561401E0,9.835735157E0
2.480623458E0,1.941462708E-1,2.742297363E-1,9.801767120E0,9.807524326E0
2.490652458E0,1.817221069E-1,2.607577515E-1,9.793983307E0,9.799139072E0
2.500681458E0,1.794767761E-1,2.502795410E-1,9.811646576E0,9.816479017E0
2.510711458E0,1.856140137E-1,2.460882568E-1,9.825567627E0,9.830401375E0
2.520740458E0,2.080673218E-1,2.469863892E-1,9.870623932E0,9.875905583E0
2.530769458E0,2.278262329E-1,2.597099304E-1,9.925410004E0,9.931420733E0
2.540799458E0,2.176473999E-1,2.544708252E-1,9.903854828E0,9.909513926E0
2.550828458E0,2.228865051E-1,2.567161560E-1,9.867330780E0,9.873185823E0
2.560857458E0,2.239343262E-1,2.688409424E-1,9.858798523E0,9.865005340E0
2.570887458E0,2.279759216E-1,2.637515259E-1,9.869576111E0,9.875731390E0
2.580916458E0,2.225871277E-1,2.671943665E-1,9.880353699E0,9.886471922E0
2.590946458E0,2.230361938E-1,2.520758057E-1,9.858798523E0,9.864542345E0
2.600975458E0,2.052232361E-1,2.537223816E-1,9.825567627E0,9.830985241E0
2.611004917E0,1.910028076E-1,2.300715637E-1,9.831555176E0,9.836101472E0
2.621034917E0,1.896556091E-1,2.252815247E-1,9.851314087E0,9.855714599E0
2.631063917E0,1.948947144E-1,2.050735474E-1,9.859546967E0,9.863605096E0
2.641092917E0,1.857637024E-1,1.920506287E-1,9.855954437E0,9.859575522E0
2.651122917E0,2.143542480E-1,1.968406677E-1,9.839937744E0,9.844240387E0
2.661151917E0,2.032772827E-1,1.969903564E-1,9.833052063E0,9.837125583E0
2.671180917E0,2.053729248E-1,1.913021851E-1,9.803114319E0,9.807131329E0
2.681210917E0,2.010319519E-1,1.956431580E-1,9.795629883E0,9.799645651E0
2.691239917E0,2.052232361E-1,1.971400452E-1,9.831854553E0,9.835971977E0
2.701268917E0,1.974394226E-1,1.969903564E-1,9.867181091E0,9.871122034E0
2.711298917E0,2.008822632E-1,1.913021851E-1,9.924062805E0,9.927938999E0
2.721327917E0,1.987866211E-1,1.984872437E-1,9.908046112E0,9.912027596E0
2.731357917E0,1.954934692E-1,1.960922241E-1,9.870623932E0,9.874506907E0
2.741386917E0,2.103126526E-1,1.986369324E-1,9.851014709E0,9.855261480E0
2.751415917E0,2.032772827E-1,2.056723022E-1,9.857750702E0,9.861991262E0
2.761445917E0,1.990859985E-1,2.040257263E-1,9.849218445E0,9.853342870E0
2.771474917E0,1.966909790E-1,2.200424194E-1,9.835596771E0,9.840023875E0
2.781503917E0,2.016307068E-1,2.231858826E-1,9.830357666E0,9.834957993E0
2.791533917E0,1.875599670E-1,2.174977112E-1,9.810149689E0,9.814352801E0
2.801562917E0,1.835183716E-1,2.139051819E-1,9.822723541E0,9.826766110E0
2.811591917E0,2.076182556E-1,2.046244812E-1,9.839488678E0,9.843805868E0
2.821621917E0,2.124082947E-1,1.960922241E-1,9.860744476E0,9.864981048E0
2.831650917E0,2.035766602E-1,1.800755310E-1,9.882898407E0,9.886634998E0
2.841680917E0,2.130070496E-1,1.688488770E-1,9.840686188E0,9.844439374E0
2.851709917E0,2.424957275E-1,1.513352966E-1,9.732012177E0,9.736209096E0
2.861738917E0,2.562670898E-1,1.428030396E-1,9.736502838E0,9.740921571E0
2.871768917E0,2.679428101E-1,1.314266968E-1,9.792935486E0,9.797481909E0
2.881797917E0,2.451901245E-1,1.031355286E-1,9.859846344E0,9.863433736E0
2.891826917E0,2.065704346E-1,9.131011963E-2,9.881401520E0,9.883982238E0
2.901856917E0,1.669029236E-1,8.472381592E-2,9.831555176E0,9.833336763E0
2.911885917E0,1.673519897E-1,9.879455566E-2,9.796827393E0,9.798754717E0
2.921914917E0,1.938468933E-1,1.110690308E-1,9.841734009E0,9.844269462E0
2.931944917E0,2.106120300E-1,1.416055298E-1,9.924062805E0,9.927307395E0
2.941973917E0,1.984872437E-1,1.890568542E-1,9.946965179E0,9.950741478E0
2.952002917E0,1.833686829E-1,2.306703186E-1,9.902956696E0,9.907339915E0
2.962032917E0,2.146536255E-1,2.552192688E-1,9.834698639E0,9.840351131E0
2.972061917E0,2.100132751E-1,2.600093079E-1,9.776469727E0,9.782181287E0
2.982091917E0,2.294728088E-1,2.480342102E-1,9.780062256E0,9.785897837E0
2.992120917E0,2.462379456E-1,2.260299683E-1,9.815089417E0,9.820779140E0
3.002149917E0,2.552192688E-1,1.776805115E-1,9.865235138E0,9.870135337E0
3.012179917E0,2.631527710E-1,1.314266968E-1,9.883048096E0,9.887424438E0
3.022208917E0,2.444416809E-1,9.669891357E-2,9.882149963E0,9.885645670E0
3.032237917E0,2.418969727E-1,6.601272583E-2,9.875713348E0,9.878895989E0
3.042267917E0,2.330653381E-1,7.140151978E-2,9.858199768E0,9.861212922E0
3.052296917E0,2.183958435E-1,7.828720093E-2,9.833351440E0,9.836087951E0
3.062325917E0,2.281256104E-1,8.891510010E-2,9.837991791E0,9.841038038E0
3.072355917E0,2.219883728E-1,1.200503540E-1,9.854307861E0,9.857538960E0
3.082384917E0,2.257305908E-1,1.444496155E-1,9.854457550E0,9.858100912E0
3.092414917E0,2.387535095E-1,1.673519897E-1,9.839638367E0,9.843957188E0
3.102443917E0,2.418969727E-1,1.941462708E-1,9.843530273E0,9.848415871E0
3.112472917E0,2.377056885E-1,2.130070496E-1,9.854756927E0,9.859924447E0
3.122502917E0,2.380050659E-1,2.257305908E-1,9.875264282E0,9.880710772E0
3.132531917E0,2.381547546E-1,2.513273621E-1,9.874815216E0,9.880883497E0
3.142560917E0,2.561174011E-1,2.418969727E-1,9.873468018E0,9.879751058E0
3.152590917E0,2.594105530E-1,2.414479065E-1,9.912686462E0,9.919019298E0
3.162619917E0,2.360591125E-1,2.520758057E-1,9.906848602E0,9.912866152E0
3.172648917E0,2.531236267E-1,2.496807861E-1,9.848769379E0,9.855184947E0
3.182678917E0,2.960842896E-1,2.279759216E-1,9.809251556E0,9.816366692E0
3.192707917E0,2.891986084E-1,2.197430420E-1,9.771979065E0,9.778726793E0
3.202737917E0,2.550695801E-1,2.002835083E-1,9.757758636E0,9.763146398E0
3.212766917E0,2.185455322E-1,1.842668152E-1,9.791588287E0,9.795760185E0
3.222795917E0,2.191442871E-1,1.694476318E-1,9.848619690E0,9.852514731E0
3.232825917E0,2.392025757E-1,1.713935852E-1,9.887389069E0,9.891767093E0
3.242854917E0,2.549198914E-1,1.734892273E-1,9.909093933E0,9.913890520E0
3.252883917E0,2.544708252E-1,1.850152588E-1,9.903555450E0,9.908551691E0
3.262913917E0,2.351609802E-1,2.106120300E-1,9.868378601E0,9.873426676E0
3.272942917E0,2.356100464E-1,2.290237427E-1,9.824968872E0,9.830461704E0
3.282971917E0,2.492317200E-1,2.525248718E-1,9.824519806E0,9.830924406E0
3.293001917E0,2.532733154E-1,2.468367004E-1,9.823322296E0,9.829686499E0
3.303030917E0,2.667453003E-1,2.513273621E-1,9.829459534E0,9.836289606E0
3.313060917E0,2.514770508E-1,2.610571289E-1,9.804162140E0,9.810860655E0
3.323089917E0,2.480342102E-1,2.495310974E-1,9.807455292E0,9.813764112E0
3.333118917E0,2.374063110E-1,2.565664673E-1,9.818532257E0,9.824752607E0
3.343148917E0,2.194436646E-1,2.583627319E-1,9.861492920E0,9.867317236E0
3.353177917E0,2.228865051E-1,2.498304749E-1,9.888436890E0,9.894103182E0
3.363206917E0,2.213896179E-1,2.633024597E-1,9.885892181E0,9.891875746E0
3.373236917E0,2.420466614E-1,2.869532776E-1,9.849667511E0,9.856818901E0
3.383265917E0,2.502795410E-1,2.841091919E-1,9.847571869E0,9.854848025E0
3.393295917E0,2.245330811E-1,3.083587646E-1,9.832303619E0,9.839699929E0
3.403324917E0,2.225871277E-1,3.359014893E-1,9.840686188E0,9.848932911E0
3.413353917E0,2.112107849E-1,3.411405945E-1,9.836794281E0,9.844973775E0
3.423383917E0,2.115101624E-1,3.486250305E-1,9.834099884E0,9.842550304E0
3.433412917E0,2.254312134E-1,3.442840576E-1,9.850715332E0,9.859307445E0
3.443441917E0,2.326162720E-1,3.507206726E-1,9.891280975E0,9.900230030E0
3.453471917E0,2.218386841E-1,3.385958862E-1,9.884245605E0,9.892531060E0
3.463500917E0,2.246827698E-1,3.420387268E-1,9.888287201E0,9.896751821E0
3.473529917E0,2.291734314E-1,3.430865479E-1,9.850266266E0,9.858903304E0
3.483559917E0,2.154020691E-1,3.466790771E-1,9.839488678E0,9.847950136E0
3.493588917E0,2.210902405E-1,3.728746033E-1,9.850565643E0,9.860099384E0
3.503618917E0,2.180964661E-1,3.724255371E-1,9.866881714E0,9.876316196E0
3.513647917E0,2.240840149E-1,3.823049927E-1,9.854607239E0,9.864565605E0
3.523676917E0,2.207908630E-1,4.017645264E-1,9.818083191E0,9.828780234E0
3.533706917E0,1.995350647E-1,4.162843323E-1,9.775870972E0,9.786764539E0
3.543735917E0,2.017803955E-1,4.125421143E-1,9.783205719E0,9.793978786E0
3.553764917E0,2.077679443E-1,4.276606750E-1,9.839338989E0,9.850819911E0
3.563794917E0,2.052232361E-1,4.258644104E-1,9.885443115E0,9.896740001E0
3.573823917E0,2.020797729E-1,4.245172119E-1,9.877359924E0,9.888543380E0
3.583852917E0,2.186952209E-1,4.225712585E-1,9.787696381E0,9.799254793E0
3.593882917E0,2.432441711E-1,4.212240601E-1,9.779014435E0,9.791104164E0
3.603911917E0,2.451901245E-1,4.177812195E-1,9.875413971E0,9.887287820E0
3.613942292E0,2.127076721E-1,4.028123474E-1,9.859996033E0,9.870512859E0
3.623971292E0,2.019300842E-1,4.040098572E-1,9.825567627E0,9.835943214E0
3.634000292E0,1.796264648E-1,4.031117249E-1,9.782457275E0,9.792407011E0
3.644030292E0,1.757345581E-1,4.037104797E-1,9.737550659E0,9.747500071E0
3.654059292E0,1.839674377E-1,4.176315308E-1,9.801168365E0,9.811786863E0
3.664088292E0,1.793270874E-1,4.263134766E-1,9.918973389E0,9.929749970E0
3.674118292E0,1.567240906E-1,4.429289246E-1,9.986483002E0,9.997529256E0
3.684147292E0,1.586700439E-1,4.810995483E-1,9.957144012E0,9.970022560E0
3.694177292E0,1.540296936E-1,5.173242188E-1,9.855355682E0,9.870125892E0
3.704206292E0,1.791773987E-1,5.553451538E-1,9.803713074E0,9.821064240E0
3.714235292E0,2.076182556E-1,5.815406799E-1,9.781110077E0,9.800582087E0
3.724265292E0,2.118095398E-1,5.840853882E-1,9.795629883E0,9.815313740E0
3.734294292E0,2.171983337E-1,5.599855042E-1,9.823921051E0,9.842265171E0
3.744323292E0,2.165995789E-1,5.628295898E-1,9.849218445E0,9.867664187E0
3.754353292E0,2.179467773E-1,5.373825073E-1,9.881251831E0,9.898253306E0
3.764382292E0,2.249821472E-1,5.110372925E-1,9.897567902E0,9.913305526E0
3.774412292E0,2.177970886E-1,4.855902100E-1,9.892328796E0,9.906634264E0
3.784441292E0,2.142045593E-1,4.767585754E-1,9.859097900E0,9.872942507E0
3.794470292E0,2.008822632E-1,4.785548401E-1,9.840237122E0,9.853914706E0
3.804500292E0,2.028282166E-1,5.113366699E-1,9.842781830E0,9.858141743E0
3.814529292E0,1.986369324E-1,5.231620789E-1,9.841434631E0,9.857331829E0
3.824558292E0,2.164498901E-1,5.361849976E-1,9.835896149E0,9.852877648E0
3.834588292E0,2.023791504E-1,5.688171387E-1,9.836644592E0,9.855155356E0
3.844617292E0,1.999841309E-1,5.857319641E-1,9.847871246E0,9.867301742E0
3.854647292E0,2.056723022E-1,6.138734436E-1,9.851763153E0,9.873012657E0
3.864676292E0,1.963916016E-1,6.010002136E-1,9.848320312E0,9.868595842E0
3.874705292E0,2.004331970E-1,6.243516541E-1,9.841734009E0,9.863554975E0
3.884735292E0,2.103126526E-1,6.200106812E-1,9.826765137E0,9.848551046E0
3.894764292E0,2.028282166E-1,6.309379578E-1,9.869276733E0,9.891503689E0
3.904793292E0,1.775308228E-1,6.274951172E-1,9.937085724E0,9.958460724E0
3.914823292E0,1.836680603E-1,6.471043396E-1,9.937684479E0,9.960424227E0
3.924852292E0,2.127076721E-1,6.327342224E-1,9.815688171E0,9.838360200E0
3.934882292E0,2.420466614E-1,6.472540283E-1,9.712103577E0,9.736656523E0
3.944911292E0,2.134561157E-1,6.301895142E-1,9.701625366E0,9.724414485E0
3.954940292E0,1.737886047E-1,6.294410706E-1,9.758956146E0,9.780778272E0
3.964970292E0,1.600172424E-1,6.161187744E-1,9.822873230E0,9.843477351E0
3.974999292E0,1.594184875E-1,6.018983459E-1,9.881251831E0,9.900850146E0
3.985028292E0,1.826202393E-1,6.077362061E-1,9.898466034E0,9.918786381E0
3.995058292E0,1.914518738E-1,6.159690857E-1,9.913883972E0,9.934846106E0
4.005087292E0,1.865121460E-1,6.167175293E-1,9.897717590E0,9.918666281E0
4.015116292E0,1.769320679E-1,6.324348450E-1,9.861492920E0,9.883335540E0
4.025146292E0,1.761836243E-1,6.480024719E-1,9.810449066E0,9.833405247E0
4.035175292E0,1.832189941E-1,6.493496704E-1,9.814640350E0,9.837804094E0
4.045205292E0,1.842668152E-1,6.590794373E-1,9.816286926E0,9.840113261E0
4.055234292E0,1.856140137E-1,6.649172974E-1,9.845176849E0,9.869350271E0
4.065263292E0,1.907034302E-1,6.713539124E-1,9.830207977E0,9.854951687E0
4.075293292E0,1.892065430E-1,6.676116943E-1,9.837243347E0,9.861686527E0
4.085322292E0,1.704954529E-1,6.650669861E-1,9.828411713E0,9.852363147E0
4.095351292E0,1.618135071E-1,6.652166748E-1,9.823621674E0,9.847448381E0
4.105381292E0,1.683998108E-1,6.773414612E-1,9.836345215E0,9.861076875E0
4.115410292E0,1.737886047E-1,6.532415771E-1,9.826615448E0,9.849837471E0
4.125440292E0,1.745370483E-1,6.788383484E-1,9.823172607E0,9.848147275E0
4.135469292E0,1.719923401E-1,6.903643799E-1,9.829908600E0,9.855622123E0
4.145498292E0,1.678010559E-1,6.923103333E-1,9.831854553E0,9.857627237E0
4.155528292E0,1.797761536E-1,7.057823181E-1,9.830058289E0,9.857002288E0
4.165557292E0,1.591191101E-1,7.072792053E-1,9.836195526E0,9.862875098E0
4.175587292E0,1.538800049E-1,7.024891663E-1,9.831555176E0,9.857821628E0
4.185616292E0,1.627116394E-1,7.168592834E-1,9.851164398E0,9.878552642E0
4.195645292E0,1.504371643E-1,7.117698669E-1,9.840835876E0,9.867689620E0
4.205675292E0,1.582209778E-1,7.146139526E-1,9.849966888E0,9.877122794E0
4.215704292E0,1.571731567E-1,7.096742249E-1,9.844727783E0,9.871525010E0
4.225733292E0,1.402583313E-1,7.081773376E-1,9.833351440E0,9.859816839E0
4.235763292E0,1.580712891E-1,7.289840698E-1,9.820777588E0,9.849064765E0
4.245792292E0,1.651066589E-1,7.286846924E-1,9.831555176E0,9.859904602E0
4.255822292E0,1.583706665E-1,7.357200623E-1,9.829459534E0,9.858227021E0
4.265851292E0,1.651066589E-1,7.277865601E-1,9.826914825E0,9.855211234E0
4.275880292E0,1.507365417E-1,7.280859375E-1,9.817783813E0,9.845898113E0
4.285910292E0,1.520837402E-1,7.382647705E-1,9.822573853E0,9.851452757E0
4.295939292E0,1.663041687E-1,7.357200623E-1,9.828112335E0,9.857014414E0
4.305968292E0,1.597178650E-1,7.223977661E-1,9.826765137E0,9.854576672E0
4.315998292E0,1.615141296E-1,7.391629028E-1,9.817933502E0,9.847043560E0
4.326027292E0,1.561253357E-1,7.364685059E-1,9.815388794E0,9.844217498E0
4.336057292E0,1.429527283E-1,7.414082336E-1,9.814939728E0,9.843940446E0
4.346086292E0,1.350192261E-1,7.432044983E-1,9.806257782E0,9.835307560E0
4.356115292E0,1.387614441E-1,7.533833313E-1,9.823621674E0,9.853445284E0
4.366145292E0,1.413061523E-1,7.713459778E-1,9.825268250E0,9.856512478E0
4.376174292E0,1.410067749E-1,7.625143433E-1,9.819729767E0,9.850299677E0
4.386203292E0,1.508862305E-1,7.664062500E-1,9.814340973E0,9.845376271E0
4.396233292E0,1.386117554E-1,7.593708801E-1,9.827064514E0,9.857335052E0
4.406262292E0,1.296304321E-1,7.680528259E-1,9.818382568E0,9.849230704E0
4.416292292E0,1.348695374E-1,7.551795959E-1,9.841434631E0,9.871287739E0
4.426321292E0,1.386117554E-1,7.740403748E-1,9.842931519E0,9.874292511E0
4.436350292E0,1.284329224E-1,7.798782349E-1,9.825717316E0,9.857455343E0
4.446380292E0,1.407073975E-1,7.804769897E-1,9.829160156E0,9.861101981E0
4.456409292E0,1.315763855E-1,7.780819702E-1,9.820777588E0,9.852430986E0
4.466439292E0,1.384620667E-1,7.900570679E-1,9.825567627E0,9.858252437E0
4.476468292E0,1.371148682E-1,7.702981567E-1,9.819280701E0,9.850402693E0
4.486497292E0,1.338217163E-1,8.032296753E-1,9.825417938E0,9.859103601E0
4.496527292E0,1.190025330E-1,7.936495972E-1,9.815089417E0,9.847843497E0
4.506556292E0,1.287322998E-1,7.912545776E-1,9.824519806E0,9.857172273E0
4.516585292E0,1.221459961E-1,7.887098694E-1,9.824370117E0,9.856735317E0
4.526615292E0,1.311273193E-1,7.867639160E-1,9.838440857E0,9.870719849E0
4.536644292E0,1.236428833E-1,7.996371460E-1,9.846524048E0,9.879713708E0
4.546674292E0,1.199006653E-1,8.161029053E-1,9.825268250E0,9.859832468E0
4.556703292E0,1.236428833E-1,8.078700256E-1,9.817933502E0,9.851891179E0
4.566732292E0,1.118174744E-1,8.042774963E-1,9.817783813E0,9.851306738E0
4.576762292E0,1.219963074E-1,8.256829834E-1,9.832752686E0,9.868113339E0
4.586791292E0,1.284329224E-1,8.229885864E-1,9.850565643E0,9.885719434E0
4.596820292E0,1.194515991E-1,8.250842285E-1,9.829309845E0,9.864601598E0
4.606850292E0,9.714797974E-2,8.372090149E-1,9.780661011E0,9.816908193E0
4.616879292E0,8.442443848E-2,8.518785095E-1,9.758507080E0,9.795983101E0
4.626909292E0,9.505233765E-2,8.478369141E-1,9.816735992E0,9.853738779E0
4.636938292E0,1.043330383E-1,8.337661743E-1,9.845775604E0,9.881566104E0
4.646967292E0,1.109193420E-1,8.367599487E-1,9.837842102E0,9.873986406E0
4.656997292E0,1.323248291E-1,8.304730225E-1,9.816735992E0,9.852690031E0
4.667026292E0,1.664538574E-1,8.222401428E-1,9.831555176E0,9.867282448E0
4.677056292E0,1.713935852E-1,8.229885864E-1,9.866432648E0,9.902180526E0
4.687085292E0,1.399589539E-1,8.119116211E-1,9.838141479E0,9.872579033E0
4.697114292E0,1.125659180E-1,8.101153564E-1,9.734706573E0,9.769005581E0
4.707144292E0,1.142124939E-1,8.128097534E-1,9.636810150E0,9.671701715E0
4.717173292E0,1.191522217E-1,8.184979248E-1,9.662706299E0,9.698042541E0
4.727202292E0,1.210981750E-1,8.002359009E-1,9.789342957E0,9.822742885E0
4.737232292E0,9.535171509E-2,8.066725159E-1,9.951156464E0,9.984253976E0
4.747261292E0,8.322692871E-2,8.246351624E-1,1.001207977E1,1.004632725E1
4.757291292E0,7.933502197E-2,8.726852417E-1,9.954599304E0,9.993093659E0
4.767320292E0,1.001417542E-1,8.994795227E-1,9.857900391E0,9.899358156E0
4.777349292E0,1.374142456E-1,9.297166443E-1,9.810898132E0,9.855809347E0
4.787379292E0,1.484912109E-1,9.499246216E-1,9.779912567E0,9.827059390E0
4.797408292E0,1.564247131E-1,9.632469177E-1,9.774224396E0,9.822819140E0
4.807438292E0,1.598675537E-1,9.520202637E-1,9.762997742E0,9.810607786E0
4.817467292E0,1.609153748E-1,9.415420532E-1,9.789642334E0,9.836131975E0
4.827496292E0,1.426533508E-1,9.274713135E-1,9.851314087E0,9.895905328E0
4.837526292E0,1.389111328E-1,9.026229858E-1,9.886790314E0,9.928879457E0
4.847555292E0,1.490899658E-1,8.767268372E-1,9.904004517E0,9.943851529E0
4.857584292E0,1.480421448E-1,8.508306885E-1,9.880653076E0,9.918323172E0
4.867614292E0,1.311273193E-1,8.357121277E-1,9.831704865E0,9.868030689E0
4.877643292E0,1.351689148E-1,8.511300659E-1,9.799521790E0,9.837343154E0
4.887673292E0,1.221459961E-1,8.687933350E-1,9.789043579E0,9.828280404E0
4.897702292E0,1.330732727E-1,8.810678101E-1,9.787995758E0,9.828471394E0
4.907731292E0,1.278341675E-1,9.156459045E-1,9.805509338E0,9.848998039E0
4.917761292E0,1.398092651E-1,9.113049316E-1,9.835896149E0,9.879011912E0
4.927790292E0,1.245410156E-1,9.303153992E-1,9.836045837E0,9.880728461E0
4.937820292E0,1.281335449E-1,9.431886292E-1,9.832153931E0,9.878120971E0
4.947849292E0,1.345701599E-1,9.499246216E-1,9.835147705E0,9.881831627E0
4.957878292E0,1.451980591E-1,9.648934937E-1,9.828860779E0,9.877176020E0
4.967908292E0,1.389111328E-1,9.842033386E-1,9.820029144E0,9.870203894E0
4.977937292E0,1.257385254E-1,9.686357117E-1,9.861343231E0,9.909599167E0
4.987967292E0,1.175056458E-1,9.800120544E-1,9.857451324E0,9.906744057E0
4.997996292E0,1.522334290E-1,9.855505371E-1,9.760303345E0,9.811116463E0
5.008025292E0,1.549278259E-1,9.821076965E-1,9.691446533E0,9.742313589E0
5.018055292E0,1.462458801E-1,9.551637268E-1,9.711355133E0,9.759310638E0
5.028084292E0,1.290316772E-1,9.373507690E-1,9.759854279E0,9.805612229E0
5.038113292E0,1.079255676E-1,9.042695618E-1,9.830806732E0,9.872897871E0
5.048143292E0,1.049317932E-1,9.009764099E-1,9.871372375E0,9.912959283E0
5.058172292E0,1.272354126E-1,8.993298340E-1,9.860295410E0,9.902040627E0
5.068202292E0,1.366658020E-1,8.991801453E-1,9.854906616E0,9.896786695E0
5.078231292E0,1.399589539E-1,9.159452820E-1,9.820927277E0,9.864540377E0
5.088260292E0,1.276844788E-1,9.267228699E-1,9.817484436E0,9.861953116E0
5.098290292E0,1.236428833E-1,9.430389404E-1,9.801168365E0,9.847208302E0
5.108319292E0,1.133143616E-1,9.520202637E-1,9.766290894E0,9.813237006E0
5.118349292E0,1.215472412E-1,9.725276184E-1,9.805509338E0,9.854369441E0
5.128378292E0,1.185534668E-1,9.701325989E-1,9.825268250E0,9.873758573E0
5.138407292E0,1.285826111E-1,9.614506531E-1,9.824519806E0,9.872290021E0
5.148437292E0,1.212478638E-1,9.523196411E-1,9.826615448E0,9.873397840E0
5.158466292E0,1.199006653E-1,9.434880066E-1,9.823771362E0,9.869702608E0
5.168496292E0,1.007405090E-1,9.214837646E-1,9.817634125E0,9.861299143E0
5.178525292E0,1.077758789E-1,9.107061768E-1,9.801767120E0,9.844574143E0
5.188554292E0,1.074765015E-1,9.307644653E-1,9.809550934E0,9.854195209E0
5.198584292E0,1.068777466E-1,9.370513916E-1,9.795480194E0,9.840778445E0
5.208613292E0,1.119671631E-1,9.473799133E-1,9.811496887E0,9.857765290E0
5.218643292E0,1.118174744E-1,9.478289795E-1,9.813442841E0,9.859743572E0
5.228672292E0,1.121168518E-1,9.604028320E-1,9.799821167E0,9.847407714E0
5.238701292E0,1.170565796E-1,9.638456726E-1,9.804611206E0,9.852568276E0
5.248731292E0,1.185534668E-1,9.547146606E-1,9.813742218E0,9.860784519E0
5.258760292E0,1.225950623E-1,9.717791748E-1,9.804461517E0,9.853265954E0
5.268789292E0,1.190025330E-1,9.569599915E-1,9.814041595E0,9.861305515E0
5.278819292E0,1.104702759E-1,9.599537659E-1,9.818981323E0,9.866413185E0
5.288848292E0,1.107696533E-1,9.460327148E-1,9.820478210E0,9.866561716E0
5.298878292E0,1.118174744E-1,9.512718201E-1,9.821076965E0,9.867673180E0
5.308907292E0,1.125659180E-1,9.653425598E-1,9.822573853E0,9.870537697E0
5.318936292E0,1.239422607E-1,9.650431824E-1,9.815688171E0,9.863792592E0
5.328966292E0,1.041833496E-1,9.532177734E-1,9.807155914E0,9.853922337E0
5.338995292E0,9.325607300E-2,9.711804199E-1,9.804611206E0,9.853034507E0
5.349025292E0,1.034349060E-1,9.648934937E-1,9.799372101E0,9.847304799E0
5.359054292E0,1.050814819E-1,9.539662170E-1,9.810748444E0,9.857579758E0
5.369083292E0,9.789642334E-2,9.571096802E-1,9.792785797E0,9.839933756E0
5.379113292E0,1.103205872E-1,9.481283569E-1,9.801767120E0,9.848134681E0
5.389142292E0,1.061293030E-1,9.433383179E-1,9.810748444E0,9.856568147E0
5.399172292E0,1.023870850E-1,9.455836487E-1,9.824819183E0,9.870748884E0
5.409201292E0,9.445358276E-2,9.297166443E-1,9.804012451E0,9.848449353E0
5.419230292E0,9.175918579E-2,9.379495239E-1,9.805808716E0,9.850992520E0
5.429260292E0,8.711883545E-2,9.446855164E-1,9.814640350E0,9.860384659E0
5.439289292E0,8.068222046E-2,9.526190186E-1,9.813592529E0,9.860050251E0
5.449319292E0,9.565109253E-2,9.583071899E-1,9.812844086E0,9.859990408E0
5.459348292E0,9.475296021E-2,9.587562561E-1,9.819430389E0,9.866580201E0
5.469377292E0,9.699829102E-2,9.590556335E-1,9.810748444E0,9.857990739E0
5.479407292E0,9.819580078E-2,9.639953613E-1,9.818532257E0,9.866230544E0
5.489436292E0,9.864486694E-2,9.617500305E-1,9.791588287E0,9.839201955E0
5.499466292E0,9.056167603E-2,9.572593689E-1,9.807455292E0,9.854477470E0
5.509495292E0,9.340576172E-2,9.539662170E-1,9.829010468E0,9.875637850E0
5.519524292E0,9.340576172E-2,9.424401855E-1,9.820478210E0,9.866038233E0
5.529554292E0,9.639953613E-2,9.520202637E-1,9.823771362E0,9.870264395E0
5.539583292E0,9.340576172E-2,9.627978516E-1,9.818382568E0,9.865918133E0
5.549612292E0,1.046324158E-1,9.487271118E-1,9.803563385E0,9.849918077E0
5.559642292E0,9.714797974E-2,9.512718201E-1,9.812245331E0,9.858727820E0
5.569671292E0,9.610015869E-2,9.377998352E-1,9.815089417E0,9.860257807E0
5.579701292E0,9.340576172E-2,9.533674622E-1,9.818831635E0,9.865449246E0
5.589730292E0,7.125183105E-2,9.539662170E-1,9.822723541E0,9.869195820E0
5.599759292E0,8.996292114E-2,9.592053223E-1,9.805209961E0,9.852426633E0
5.609789042E0,8.666976929E-2,9.650431824E-1,9.803114319E0,9.850881704E0
5.619818042E0,9.460327148E-2,9.623487854E-1,9.827812958E0,9.875270756E0
5.629848042E0,9.490264893E-2,9.773176575E-1,9.819430389E0,9.868402580E0
5.639877042E0,9.295669556E-2,9.737251282E-1,9.805659027E0,9.854325473E0
5.649906042E0,8.427474976E-2,9.752220154E-1,9.758507080E0,9.807477792E0
5.659936042E0,6.975494385E-2,9.723779297E-1,9.744436340E0,9.793080423E0
5.669965042E0,7.694000244E-2,9.632469177E-1,9.776020660E0,9.823662471E0
5.679995042E0,7.993377686E-2,9.466314697E-1,9.833201752E0,9.878985638E0
5.690024042E0,8.652008057E-2,9.419911194E-1,9.849218445E0,9.894540766E0
5.700053042E0,1.080752563E-1,9.457333374E-1,9.820178833E0,9.866205153E0
5.710083042E0,1.236428833E-1,9.445358276E-1,9.797126770E0,9.843329134E0
5.720112042E0,1.266366577E-1,9.351054382E-1,9.810449066E0,9.855727771E0
5.730142042E0,1.212478638E-1,9.496252441E-1,9.823471985E0,9.870009675E0
5.740171042E0,1.125659180E-1,9.526190186E-1,9.787546692E0,9.834440723E0
5.750200042E0,1.112187195E-1,9.394464111E-1,9.715546417E0,9.761494319E0
5.760230042E0,9.145980835E-2,9.366023254E-1,9.653575287E0,9.699335268E0
5.770259042E0,9.610015869E-2,9.288185120E-1,9.691296844E0,9.736178593E0
5.780289042E0,9.355545044E-2,9.142987061E-1,9.814939728E0,9.857876881E0
5.790318042E0,7.918533325E-2,9.342073059E-1,9.962383118E0,1.000640250E1
5.800347042E0,7.694000244E-2,9.458830261E-1,9.971663818E0,1.001672071E1
5.810377042E0,8.113128662E-2,9.699829102E-1,9.889634399E0,9.937420072E0
5.820406042E0,9.265731812E-2,1.005608826E0,9.789642334E0,9.841591920E0
5.830436042E0,1.202000427E-1,1.022074585E0,9.763895874E0,9.817980808E0
5.840465042E0,1.405577087E-1,1.026265869E0,9.753118286E0,9.807970963E0
5.850494042E0,1.546284485E-1,1.025966492E0,9.760003967E0,9.814998453E0
5.860524042E0,1.423539734E-1,1.015039215E0,9.762099609E0,9.815760696E0
5.870553042E0,1.315763855E-1,1.005159760E0,9.800569611E0,9.852858630E0
5.880583042E0,1.339714050E-1,9.955796814E-1,9.853559418E0,9.904633281E0
5.890612042E0,1.320254517E-1,9.626481628E-1,9.878557434E0,9.926228850E0
5.900642042E0,1.225950623E-1,9.259744263E-1,9.883946228E0,9.927983241E0
5.910671042E0,1.273851013E-1,9.210346985E-1,9.878707123E0,9.922367978E0
5.920700042E0,1.133143616E-1,9.271719360E-1,9.836794281E0,9.881042944E0
5.930730042E0,1.115180969E-1,9.306147766E-1,9.806407471E0,9.851096773E0
5.940759042E0,1.139131165E-1,9.430389404E-1,9.801617432E0,9.847537911E0
5.950789042E0,1.011895752E-1,9.627978516E-1,9.806407471E0,9.854077659E0
5.960818042E0,1.151106262E-1,9.906399536E-1,9.826765137E0,9.877243088E0
5.970847042E0,1.200503540E-1,1.000519409E0,9.828711090E0,9.880233442E0
5.980877042E0,1.269360352E-1,1.008003845E0,9.840835876E0,9.893140819E0
5.990906042E0,1.257385254E-1,1.012195129E0,9.836195526E0,9.888937839E0
6.000936042E0,1.219963074E-1,1.007405090E0,9.832153931E0,9.884381571E0
6.010965042E0,1.454974365E-1,1.013093262E0,9.834399261E0,9.887514162E0
6.020994042E0,1.357676697E-1,1.012045441E0,9.846374359E0,9.899179605E0
6.031024042E0,1.269360352E-1,9.957293701E-1,9.873767395E0,9.924659808E0
6.041053042E0,1.047821045E-1,1.011446686E0,9.843979340E0,9.896359579E0
6.051083042E0,1.273851013E-1,9.964778137E-1,9.733808441E0,9.785510808E0
6.061112042E0,1.353186035E-1,1.006207581E0,9.670789490E0,9.723936146E0
6.071141042E0,1.065783691E-1,9.934840393E-1,9.689650269E0,9.741031353E0
6.081171042E0,9.056167603E-2,9.726773071E-1,9.770931244E0,9.819643575E0
6.091200042E0,8.502319336E-2,9.554631042E-1,9.835297394E0,9.881964051E0
6.101230042E0,1.047821045E-1,9.394464111E-1,9.889185333E0,9.934260184E0
6.111259042E0,1.182540894E-1,9.300160217E-1,9.888137512E0,9.932480923E0
6.121288042E0,1.293310547E-1,9.244775391E-1,9.849218445E0,9.893355812E0
6.131318042E0,1.254391479E-1,9.213340759E-1,9.821226654E0,9.865144928E0
6.141347042E0,1.085243225E-1,9.289682007E-1,9.799222412E0,9.843755347E0
6.151377042E0,1.014889526E-1,9.391470337E-1,9.787397003E0,9.832875330E0
6.161406042E0,9.190887451E-2,9.475296021E-1,9.814041595E0,9.860105072E0
6.171435042E0,1.112187195E-1,9.542655945E-1,9.823771362E0,9.870637072E0
6.181465042E0,1.112187195E-1,9.539662170E-1,9.849966888E0,9.896679688E0
6.191494042E0,1.037342834E-1,9.413923645E-1,9.848919067E0,9.894351276E0
6.201524042E0,9.400451660E-2,9.440867615E-1,9.844278717E0,9.889891815E0
6.211553042E0,9.819580078E-2,9.244775391E-1,9.827064514E0,9.870942108E0
6.221583042E0,1.002914429E-1,9.198371887E-1,9.824370117E0,9.867847132E0
6.231612042E0,9.864486694E-2,9.159452820E-1,9.818382568E0,9.861507128E0
6.241641042E0,1.173559570E-1,9.083111572E-1,9.800270233E0,9.842972022E0
6.251671042E0,1.118174744E-1,9.077124023E-1,9.791887665E0,9.834506037E0
6.261700042E0,1.197509766E-1,9.131011963E-1,9.801617432E0,9.844785339E0
6.271730042E0,1.128652954E-1,9.166937256E-1,9.811496887E0,9.854873775E0
6.281759042E0,1.176553345E-1,8.993298340E-1,9.816436615E0,9.858248564E0
6.291788042E0,1.252894592E-1,8.924441528E-1,9.828411713E0,9.869641878E0
6.301818042E0,1.261875916E-1,8.888516235E-1,9.825268250E0,9.866198695E0
6.311847042E0,1.227447510E-1,8.927435303E-1,9.829010468E0,9.870233232E0
6.321877042E0,1.275347900E-1,8.747808838E-1,9.833800507E0,9.873456291E0
6.331906042E0,1.172062683E-1,8.535250854E-1,9.848170624E0,9.885783076E0
6.341935042E0,1.095721436E-1,8.611592102E-1,9.825717316E0,9.863991180E0
6.351965042E0,1.112187195E-1,8.457412720E-1,9.827513580E0,9.864465068E0
6.361994042E0,1.193019104E-1,8.331674194E-1,9.822274475E0,9.858269461E0
6.372024042E0,1.055305481E-1,8.342152405E-1,9.828411713E0,9.864315919E0
6.382053042E0,1.142124939E-1,8.339158630E-1,9.836494904E0,9.872441043E0
6.392083042E0,1.170565796E-1,8.295748901E-1,9.814790039E0,9.850482234E0
6.402112042E0,1.207987976E-1,8.390052795E-1,9.818532257E0,9.855054434E0
6.412141042E0,1.345701599E-1,8.330177307E-1,9.817185059E0,9.853382675E0
6.422171042E0,1.127156067E-1,8.167016602E-1,9.808203735E0,9.842792638E0
6.432200042E0,1.092727661E-1,8.153544617E-1,9.821975098E0,9.856365367E0
6.442230042E0,1.193019104E-1,8.207432556E-1,9.830058289E0,9.864983446E0
6.452259042E0,1.222956848E-1,8.147557068E-1,9.798024902E0,9.832602661E0
6.462288042E0,1.249900818E-1,7.981402588E-1,9.801617432E0,9.834854075E0
6.472318042E0,1.175056458E-1,7.932005310E-1,9.807604980E0,9.840329777E0
6.482347042E0,1.052311707E-1,7.702981567E-1,9.819430389E0,9.850159695E0
6.492377042E0,1.136137390E-1,7.679031372E-1,9.844428406E0,9.874986276E0
6.502406042E0,1.049317932E-1,7.617658997E-1,9.836494904E0,9.866505458E0
6.512436042E0,1.038839722E-1,7.574249268E-1,9.822424164E0,9.852131792E0
6.522465042E0,9.999206543E-2,7.565267944E-1,9.828262024E0,9.857842848E0
6.532494042E0,1.001417542E-1,7.485932922E-1,9.834548950E0,9.863507152E0
6.542524042E0,1.058299255E-1,7.294331360E-1,9.848170624E0,9.875714521E0
6.552553042E0,1.115180969E-1,7.261399841E-1,9.829908600E0,9.857323097E0
6.562583042E0,1.100212097E-1,7.258406067E-1,9.828411713E0,9.855791498E0
6.572612042E0,1.065783691E-1,7.264393616E-1,9.864786072E0,9.892071438E0
6.582641042E0,1.185534668E-1,7.432044983E-1,9.871522064E0,9.900169479E0
6.592671042E0,1.199006653E-1,7.312294006E-1,9.842632141E0,9.870485301E0
6.602700042E0,1.125659180E-1,7.390132141E-1,9.807305603E0,9.835753901E0
6.612730292E0,8.502319336E-2,7.105723572E-1,9.782008209E0,9.808151030E0
6.622759292E0,9.864486694E-2,7.180567932E-1,9.798024902E0,9.824796606E0
6.632789292E0,9.430389404E-2,7.075785828E-1,9.833052063E0,9.858928621E0
6.642818292E0,1.064286804E-1,7.006929016E-1,9.864337006E0,9.889764515E0
6.652847292E0,1.131646729E-1,6.855743408E-1,9.858499146E0,9.882956229E0
6.662877292E0,1.336720276E-1,6.719526672E-1,9.818981323E0,9.842854404E0
6.672906292E0,1.624122620E-1,6.616241455E-1,9.760153656E0,9.783901249E0
6.682936292E0,1.721420288E-1,6.403683472E-1,9.765991516E0,9.788477654E0
6.692965292E0,1.478924561E-1,6.502478027E-1,9.770931244E0,9.793660794E0
6.702994292E0,1.392105103E-1,6.114784241E-1,9.801617432E0,9.821659213E0
6.713024292E0,1.160087585E-1,5.998027039E-1,9.793085175E0,9.812122021E0
6.723053292E0,1.019380188E-1,5.852828979E-1,9.775122528E0,9.793159238E0
6.733083292E0,1.143621826E-1,5.861810303E-1,9.834698639E0,9.852816056E0
6.743112292E0,1.202000427E-1,5.987548828E-1,9.936337280E0,9.955086841E0
6.753142292E0,1.055305481E-1,6.185137939E-1,9.973909149E0,9.993625955E0
6.763171292E0,1.137634277E-1,6.438111877E-1,9.927206268E0,9.948711437E0
6.773200292E0,1.179547119E-1,6.647676086E-1,9.826765137E0,9.849931083E0
6.783230292E0,1.287322998E-1,6.810836792E-1,9.767937469E0,9.792499650E0
6.793259292E0,1.246907043E-1,6.950047302E-1,9.765542450E0,9.791036650E0
6.803289292E0,1.540296936E-1,6.869215393E-1,9.800120544E0,9.825372717E0
6.813318292E0,1.763333130E-1,6.453080750E-1,9.833052063E0,9.855781492E0
6.823348292E0,1.721420288E-1,6.162684631E-1,9.862540741E0,9.883275245E0
6.833377292E0,1.842668152E-1,5.875282288E-1,9.868378601E0,9.887569969E0
6.843406292E0,1.646575928E-1,5.484594727E-1,9.880503387E0,9.897083768E0
6.853436292E0,1.678010559E-1,5.210664368E-1,9.883796539E0,9.898944462E0
6.863465292E0,1.654060364E-1,5.020559692E-1,9.873617706E0,9.887757378E0
6.873495292E0,1.577719116E-1,5.008584595E-1,9.836943970E0,9.850950098E0
6.883524292E0,1.634600830E-1,5.004093933E-1,9.830207977E0,9.844293659E0
6.893554292E0,1.532812500E-1,5.239105225E-1,9.821825409E0,9.836982858E0
6.903583292E0,1.580712891E-1,5.340893555E-1,9.823322296E0,9.839100513E0
6.913612292E0,1.577719116E-1,5.583389282E-1,9.815538483E0,9.832671562E0
6.923642292E0,1.462458801E-1,5.501060486E-1,9.817035370E0,9.833523681E0
6.933671292E0,1.447489929E-1,5.595364380E-1,9.842931519E0,9.859885100E0
6.943701292E0,1.634600830E-1,5.628295898E-1,9.888436890E0,9.905790249E0
6.953730292E0,1.612147522E-1,5.548960876E-1,9.893376617E0,9.910237170E0
6.963759292E0,1.601669312E-1,5.480104065E-1,9.896969147E0,9.913423583E0
6.973789292E0,1.603166199E-1,5.504054260E-1,9.905950470E0,9.922524994E0
6.983818292E0,1.511856079E-1,5.474116516E-1,9.870773621E0,9.887097070E0
6.993848292E0,1.679507446E-1,5.489085388E-1,9.785151672E0,9.801974357E0
7.003877292E0,1.978884888E-1,5.237608337E-1,9.746531982E0,9.762600624E0
7.013907292E0,2.131567383E-1,5.099894714E-1,9.777966614E0,9.793577291E0
7.023936292E0,1.784289551E-1,4.941224670E-1,9.807305603E0,9.821366356E0
7.033966292E0,1.499880981E-1,4.858895874E-1,9.812993774E0,9.826160590E0
7.043995292E0,1.425036621E-1,4.694238281E-1,9.828262024E0,9.840497977E0
7.054024292E0,1.559756470E-1,4.767585754E-1,9.849966888E0,9.862731612E0
7.064054292E0,1.568737793E-1,4.665797424E-1,9.865983582E0,9.878255821E0
7.074083292E0,1.770817566E-1,4.553530884E-1,9.876312103E0,9.888389411E0
7.084113292E0,1.776805115E-1,4.622387695E-1,9.868528290E0,9.880945585E0
7.094142292E0,1.784289551E-1,4.584965515E-1,9.835596771E0,9.847894182E0
7.104171292E0,1.857637024E-1,4.698728943E-1,9.834399261E0,9.847370082E0
7.114201292E0,1.784289551E-1,4.569996643E-1,9.839039612E0,9.851263171E0
7.124230292E0,1.797761536E-1,4.535568237E-1,9.864486694E0,9.876544487E0
7.134260292E0,1.691482544E-1,4.490661621E-1,9.850715332E0,9.862396469E0
7.144289292E0,1.694476318E-1,4.302053833E-1,9.828262024E0,9.839132258E0
7.154319292E0,1.501377869E-1,4.144880676E-1,9.819131012E0,9.829022105E0
7.164348292E0,1.465452576E-1,4.107458496E-1,9.833201752E0,9.842867690E0
7.174378292E0,1.381626892E-1,3.974235535E-1,9.833800507E0,9.842797713E0
7.184407292E0,1.597178650E-1,4.004173279E-1,9.859097900E0,9.868518391E0
7.194436292E0,1.710942078E-1,4.108955383E-1,9.863289185E0,9.873326790E0
7.204466292E0,1.755848694E-1,4.086502075E-1,9.855505371E0,9.865536537E0
7.214495292E0,1.860630798E-1,4.143383789E-1,9.853409729E0,9.863872417E0
7.224525292E0,1.739382935E-1,4.171824646E-1,9.851014709E0,9.861378532E0
7.234554292E0,1.697470093E-1,4.101470947E-1,9.842033386E0,9.852038158E0
7.244583292E0,1.697470093E-1,4.059558105E-1,9.846673737E0,9.856500284E0
7.254613292E0,1.624122620E-1,4.059558105E-1,9.853858795E0,9.863554685E0
7.264642292E0,1.755848694E-1,3.891906738E-1,9.861492920E0,9.870731586E0
7.274672292E0,1.727407837E-1,3.905378723E-1,9.842632141E0,9.851891528E0
7.284701292E0,1.733395386E-1,3.872447205E-1,9.859397278E0,9.868521660E0
7.294731292E0,1.760339355E-1,3.978726196E-1,9.879904633E0,9.889479568E0
7.304760292E0,1.709445190E-1,3.914360046E-1,9.869426422E0,9.878664995E0
7.314790292E0,1.669029236E-1,3.872447205E-1,9.872420197E0,9.881421740E0
7.324819292E0,1.695973206E-1,3.951782227E-1,9.848919067E0,9.858302890E0
7.334848292E0,1.721420288E-1,3.906875610E-1,9.850865021E0,9.860112135E0
7.344878292E0,1.648072815E-1,3.887416077E-1,9.841434631E0,9.850488165E0
7.354907292E0,1.800755310E-1,3.799099731E-1,9.844578094E0,9.853551474E0
7.364937292E0,1.803749084E-1,3.665876770E-1,9.868677979E0,9.877131500E0
7.374966292E0,1.709445190E-1,3.411405945E-1,9.887838135E0,9.895197922E0
7.384996292E0,1.597178650E-1,3.475772095E-1,9.842183075E0,9.849613566E0
7.395025292E0,1.606159973E-1,3.239263916E-1,9.821226654E0,9.827879669E0
7.405054292E0,1.683998108E-1,3.118016052E-1,9.839039612E0,9.845419200E0
7.415084292E0,1.558259583E-1,3.141966248E-1,9.858050079E0,9.864286726E0
7.425113292E0,1.586700439E-1,3.110531616E-1,9.878557434E0,9.884726968E0
7.435143292E0,1.749861145E-1,3.095562744E-1,9.859546967E0,9.865957207E0
7.445172292E0,1.453477478E-1,3.212319946E-1,9.834099884E0,9.840418512E0
7.455202292E0,1.404080200E-1,3.263214111E-1,9.809101868E0,9.815532565E0
7.465231292E0,1.371148682E-1,3.370989990E-1,9.806108093E0,9.812858511E0
7.475260292E0,1.460961914E-1,3.156935120E-1,9.834848328E0,9.840998329E0
7.485290292E0,1.570234680E-1,3.134481812E-1,9.841734009E0,9.847976159E0
7.495319292E0,1.528321838E-1,3.209326172E-1,9.839338989E0,9.845757826E0
7.505349292E0,1.812730408E-1,3.053649902E-1,9.813442841E0,9.819865991E0
7.515378292E0,2.086660767E-1,2.802172852E-1,9.756561127E0,9.762814567E0
7.525408292E0,2.157014465E-1,2.622546387E-1,9.789043579E0,9.794931281E0
7.535437292E0,2.140548706E-1,2.447410583E-1,9.846673737E0,9.852040466E0
7.545466292E0,1.800755310E-1,2.236349487E-1,9.868528290E0,9.872704310E0
7.555496292E0,1.595681763E-1,2.022294617E-1,9.863738251E0,9.867101451E0
7.565525292E0,1.487905884E-1,2.073188782E-1,9.827812958E0,9.831125434E0
7.575555292E0,1.302291870E-1,2.124082947E-1,9.838740234E0,9.841894448E0
7.585584292E0,1.585203552E-1,2.441423035E-1,9.905651093E0,9.909927232E0
7.595614292E0,1.719923401E-1,2.799179077E-1,9.949659576E0,9.955082174E0
7.605643292E0,1.712438965E-1,3.034190369E-1,9.913734283E0,9.919854587E0
7.615673333E0,1.648072815E-1,3.393443298E-1,9.830058289E0,9.837294444E0
7.625702333E0,1.761836243E-1,3.549119568E-1,9.774523773E0,9.782551720E0
7.635731333E0,1.850152588E-1,3.409909058E-1,9.769284668E0,9.776984626E0
7.645761333E0,1.987866211E-1,3.336561584E-1,9.811047821E0,9.818732194E0
7.655790333E0,2.189945984E-1,2.929408264E-1,9.849517822E0,9.856306321E0
7.665820333E0,2.237846375E-1,2.564167786E-1,9.883197784E0,9.889055950E0
7.675849333E0,2.272274780E-1,1.945953369E-1,9.908644867E0,9.913160080E0
7.685879333E0,2.227368164E-1,1.866618347E-1,9.914333038E0,9.918591328E0
7.695908333E0,2.139051819E-1,1.672023010E-1,9.903256073E0,9.906976980E0
7.705937333E0,2.073188782E-1,1.643582153E-1,9.882000275E0,9.885541167E0
7.715967333E0,1.844165039E-1,1.712438965E-1,9.857301636E0,9.860513651E0
7.725996333E0,1.769320679E-1,1.948947144E-1,9.846673737E0,9.850191500E0
7.736026333E0,1.784289551E-1,2.243833923E-1,9.834399261E0,9.838576809E0
7.746055333E0,1.902543640E-1,2.415975952E-1,9.848470001E0,9.853269888E0
7.756085333E0,2.073188782E-1,2.585124207E-1,9.845176849E0,9.850752102E0
7.766114333E0,1.978884888E-1,2.637515259E-1,9.838141479E0,9.843665602E0
7.776144333E0,1.881587219E-1,2.493814087E-1,9.842332764E0,9.847289425E0
7.786173333E0,2.095642090E-1,2.433938599E-1,9.856403503E0,9.861635146E0
7.796202333E0,2.237846375E-1,2.463876343E-1,9.871522064E0,9.877131886E0
7.806232333E0,2.216889954E-1,2.496807861E-1,9.919272766E0,9.924890867E0
7.816261333E0,1.887574768E-1,2.453398132E-1,9.959688721E0,9.964498002E0
7.826291333E0,1.821711731E-1,2.326162720E-1,9.866432648E0,9.870855579E0
7.836320333E0,2.110610962E-1,2.344125366E-1,9.785900116E0,9.790982438E0
7.846350333E0,2.438429260E-1,2.213896179E-1,9.770781555E0,9.776330852E0
7.856379333E0,2.266287231E-1,2.155517578E-1,9.828561401E0,9.833536615E0
7.866408333E0,1.910028076E-1,1.995350647E-1,9.827214203E0,9.831095326E0
7.876438333E0,1.766326904E-1,2.055226135E-1,9.828711090E0,9.832446305E0
7.886467333E0,1.896556091E-1,1.986369324E-1,9.873767395E0,9.877586165E0
7.896497333E0,2.189945984E-1,1.969903564E-1,9.905800781E0,9.910179259E0
7.906526333E0,2.255809021E-1,1.935475159E-1,9.922565918E0,9.927016761E0
7.916556333E0,2.197430420E-1,2.011816406E-1,9.914183350E0,9.918658808E0
7.926585333E0,2.106120300E-1,2.080673218E-1,9.875563660E0,9.880000356E0
7.936615333E0,2.335144043E-1,2.216889954E-1,9.841883698E0,9.847149319E0
7.946644333E0,2.245330811E-1,2.302212524E-1,9.821376343E0,9.826639822E0
7.956673333E0,2.128573608E-1,2.320175171E-1,9.824819183E0,9.829863294E0
7.966703333E0,2.180964661E-1,2.242337036E-1,9.818382568E0,9.823364143E0
7.976732333E0,2.134561157E-1,2.109114075E-1,9.813592529E0,9.818179336E0
7.986762333E0,2.103126526E-1,1.908531189E-1,9.839488678E0,9.843586428E0
7.996791333E0,2.155517578E-1,1.636097717E-1,9.871971130E0,9.875679456E0
8.006821333E0,2.189945984E-1,1.463955688E-1,9.867330780E0,9.870846317E0
8.016850333E0,2.188449097E-1,1.318757629E-1,9.873617706E0,9.876923151E0
8.026879333E0,2.198927307E-1,1.398092651E-1,9.868528290E0,9.871967891E0
8.036909333E0,2.142045593E-1,1.517843628E-1,9.847422180E0,9.850921057E0
8.046938333E0,2.004331970E-1,1.612147522E-1,9.827363892E0,9.830729613E0
8.056968333E0,1.953437805E-1,1.724414062E-1,9.822723541E0,9.826178962E0
8.066997333E0,2.062710571E-1,1.895059204E-1,9.832902374E0,9.836891244E0
8.077027333E0,2.059716797E-1,1.704954529E-1,9.844278717E0,9.847909245E0
8.087056333E0,1.986369324E-1,1.743873596E-1,9.867480469E0,9.871020129E0
8.097086333E0,2.005828857E-1,1.784289551E-1,9.879006500E0,9.882653481E0
8.107115333E0,2.158511353E-1,1.731898499E-1,9.873318329E0,9.877196022E0
8.117144333E0,2.155517578E-1,1.698966980E-1,9.870025177E0,9.873840410E0
8.127174333E0,2.002835083E-1,1.526824951E-1,9.847122803E0,9.850342782E0
8.137203333E0,2.091151428E-1,1.559756470E-1,9.831255798E0,9.834716474E0
8.147233333E0,2.133064270E-1,1.628613281E-1,9.840686188E0,9.844344980E0
8.157262333E0,1.911524963E-1,1.594184875E-1,9.842033386E0,9.845180278E0
8.167292333E0,2.040257263E-1,1.529818726E-1,9.863289185E0,9.866585199E0
8.177321333E0,2.022294617E-1,1.389111328E-1,9.876012726E0,9.879059693E0
8.187350333E0,1.983375549E-1,1.396595764E-1,9.878258057E0,9.881235996E0
8.197380333E0,2.035766602E-1,1.113684082E-1,9.900262299E0,9.902981367E0
8.207409333E0,2.097138977E-1,1.196012878E-1,9.877509613E0,9.880459531E0
8.217439333E0,2.002835083E-1,1.184037781E-1,9.821825409E0,9.824580770E0
8.227468333E0,1.904040527E-1,1.017883301E-1,9.796378326E0,9.798757211E0
8.237498333E0,1.850152588E-1,9.415420532E-2,9.818681946E0,9.820876275E0
8.247527333E0,1.965412903E-1,9.535171509E-2,9.853559418E0,9.855980602E0
8.257557333E0,2.059716797E-1,8.652008057E-2,9.874964905E0,9.877491682E0
8.267586333E0,2.152523804E-1,1.025367737E-1,9.863438873E0,9.866320174E0
8.277615333E0,2.002835083E-1,1.008901978E-1,9.826016693E0,9.828575501E0
8.287645333E0,1.791773987E-1,8.876541138E-2,9.817334747E0,9.819370926E0
8.297674333E0,1.797761536E-1,9.475296021E-2,9.812694397E0,9.814798465E0
8.307704333E0,1.880090332E-1,8.891510010E-2,9.823921051E0,9.826122231E0
8.317733333E0,1.761836243E-1,9.550140381E-2,9.862091675E0,9.864127604E0
8.327763333E0,1.917512512E-1,8.861572266E-2,9.888287201E0,9.890543213E0
8.337792333E0,2.061213684E-1,8.652008057E-2,9.812395020E0,9.814941047E0
8.347822333E0,2.311193848E-1,8.487350464E-2,9.737550659E0,9.740662838E0
8.357851333E0,2.383044434E-1,9.011260986E-2,9.850116577E0,9.853410875E0
8.367880333E0,2.167492676E-1,7.319778442E-2,9.893675995E0,9.896320672E0
8.377910333E0,1.797761536E-1,6.870712280E-2,9.893526306E0,9.895398067E0
8.387939333E0,1.701960754E-1,5.613327026E-2,9.849218445E0,9.850848777E0
8.397969333E0,1.585203552E-1,6.511459351E-2,9.785750427E0,9.787250893E0
8.407998333E0,1.522334290E-1,7.349716187E-2,9.808503113E0,9.809959743E0
8.418028333E0,1.787283325E-1,9.190887451E-2,9.899962921E0,9.902002671E0
8.428057333E0,1.972897339E-1,1.088237000E-1,9.955647125E0,9.958196399E0
8.438087333E0,1.933978271E-1,1.169068909E-1,9.933044128E0,9.935614505E0
8.448116333E0,1.793270874E-1,1.234931946E-1,9.883946228E0,9.886344209E0
8.458145333E0,2.008822632E-1,1.317260742E-1,9.823921051E0,9.826857598E0
8.468175333E0,2.094145203E-1,1.231938171E-1,9.811945953E0,9.814953619E0
8.478204333E0,2.203417969E-1,8.652008057E-2,9.821076965E0,9.823929407E0
8.488234333E0,2.306703186E-1,6.810836792E-2,9.856852570E0,9.859786515E0
8.498263333E0,2.344125366E-1,3.517684937E-2,9.872420197E0,9.875265424E0
8.508293333E0,2.255809021E-1,3.023712158E-2,9.871671753E0,9.874295125E0
8.518322333E0,2.130070496E-1,1.496887207E-2,9.877359924E0,9.879667765E0
8.528352333E0,2.062710571E-1,4.340972900E-3,9.867929535E0,9.870086114E0
8.538381333E0,2.100132751E-1,1.002914429E-2,9.852960663E0,9.855203701E0
8.548410333E0,2.113604736E-1,3.592529297E-2,9.849667511E0,9.852000505E0
8.558440333E0,2.052232361E-1,5.239105225E-2,9.841135254E0,9.843414270E0
8.568469333E0,2.043251038E-1,6.706054688E-2,9.842781830E0,9.845130777E0
8.578499333E0,2.008822632E-1,9.535171509E-2,9.837093658E0,9.839606561E0
8.588528333E0,2.083666992E-1,7.708969116E-2,9.832153931E0,9.834663717E0
8.598558333E0,2.185455322E-1,8.367599487E-2,9.847422180E0,9.850202405E0
8.608587333E0,2.083666992E-1,8.262817383E-2,9.891730042E0,9.894269418E0
8.618617417E0,2.083666992E-1,6.810836792E-2,9.893077240E0,9.895505682E0
8.628646417E0,2.074685669E-1,7.993377686E-2,9.880952454E0,9.883453546E0
8.638675417E0,2.137554932E-1,8.741821289E-2,9.893226929E0,9.895922009E0
8.648705417E0,1.880090332E-1,8.876541138E-2,9.957144012E0,9.959314413E0
8.658734417E0,1.790277100E-1,7.364685059E-2,9.895771637E0,9.897664930E0
8.668764417E0,2.016307068E-1,7.813751221E-2,9.802515564E0,9.804900397E0
8.678793417E0,2.450404358E-1,7.155120850E-2,9.787696381E0,9.791024708E0
8.688823417E0,2.282752991E-1,7.020401001E-2,9.785900116E0,9.788813988E0
8.698852417E0,2.031275940E-1,4.730163574E-2,9.786349182E0,9.788571325E0
8.708882417E0,1.904040527E-1,3.861968994E-2,9.810898132E0,9.812821579E0
8.718911417E0,2.136058044E-1,3.577560425E-2,9.853110352E0,9.855490395E0
8.728941417E0,2.351609802E-1,1.646575928E-2,9.901459808E0,9.904265654E0
8.738970417E0,2.392025757E-1,2.993774414E-3,9.927805023E0,9.930686754E0
8.748999417E0,2.152523804E-1,1.886077881E-2,9.922116852E0,9.924469363E0
8.759029417E0,2.109114075E-1,3.068618774E-2,9.874964905E0,9.877264659E0
8.769058417E0,2.092648315E-1,4.116439819E-2,9.821376343E0,9.823691747E0
8.779088417E0,2.139051819E-1,4.879852295E-2,9.826465759E0,9.828914795E0
8.789117417E0,2.160008240E-1,5.703140259E-2,9.841284943E0,9.843820308E0
8.799147417E0,2.182461548E-1,4.460723877E-2,9.824070740E0,9.826595905E0
8.809176417E0,2.011816406E-1,2.125579834E-2,9.809101868E0,9.811187763E0
8.819206417E0,2.037263489E-1,2.903961182E-2,9.806108093E0,9.808267108E0
8.829235417E0,1.877096558E-1,2.948867798E-2,9.849068756E0,9.850901474E0
8.839264417E0,1.951940918E-1,1.317260742E-2,9.885143738E0,9.887079496E0
8.849294417E0,2.034269714E-1,1.167572021E-2,9.890233154E0,9.892331914E0
8.859323417E0,2.092648315E-1,2.664459229E-2,9.876910858E0,9.879163416E0
8.869353417E0,2.053729248E-1,2.619552612E-2,9.840536499E0,9.842714200E0
8.879382417E0,1.889071655E-1,3.263214111E-2,9.824370117E0,9.826240327E0
8.889412417E0,1.933978271E-1,3.412902832E-2,9.826615448E0,9.828577653E0
8.899441417E0,1.821711731E-1,4.730163574E-2,9.846224670E0,9.848023357E0
8.909471417E0,2.032772827E-1,2.814147949E-2,9.861792297E0,9.863927256E0
8.919500417E0,1.924996948E-1,3.158432007E-2,9.885293427E0,9.887218003E0
8.929530417E0,1.895059204E-1,4.475692749E-2,9.878258057E0,9.880177018E0
8.939559417E0,1.895059204E-1,4.101470947E-2,9.877659302E0,9.879562135E0
8.949588417E0,1.908531189E-1,2.125579834E-2,9.878258057E0,9.880124440E0
8.959618417E0,1.953437805E-1,2.230361938E-2,9.851314087E0,9.853275896E0
8.969647417E0,2.103126526E-1,2.724334717E-2,9.850565643E0,9.852848172E0
8.979677417E0,2.038760376E-1,3.562591553E-2,9.848919067E0,9.851093413E0
8.989706417E0,2.059716797E-1,3.637435913E-2,9.848320312E0,9.850541122E0
8.999736417E0,2.034269714E-1,3.188369751E-2,9.853858795E0,9.856009956E0
9.009765417E0,2.074685669E-1,2.140548706E-2,9.875713348E0,9.877915546E0
9.019795417E0,2.035766602E-1,1.152603149E-2,9.880802765E0,9.882906434E0
9.029824417E0,1.993853760E-1,1.691482544E-2,9.877060547E0,9.879087290E0
9.039854417E0,1.995350647E-1,1.990859985E-2,9.874964905E0,9.877000682E0
9.049883417E0,1.850152588E-1,-2.245330811E-3,9.862091675E0,9.863827244E0
9.059912417E0,1.890568542E-1,-8.831634521E-3,9.837692413E0,9.839512819E0
9.069942417E0,1.853146362E-1,-1.496887207E-4,9.828561401E0,9.830308274E0
9.079971417E0,1.896556091E-1,-1.032852173E-2,9.846673737E0,9.848505450E0
9.090001417E0,1.960922241E-1,-8.981323242E-3,9.861642609E0,9.863596087E0
9.100030417E0,2.013313293E-1,4.939727783E-3,9.882299652E0,9.884351527E0
9.110060417E0,1.942959595E-1,1.496887207E-3,9.862840118E0,9.864753842E0
9.120089417E0,1.585203552E-1,-8.382568359E-3,9.814790039E0,9.816073679E0
9.130119417E0,1.603166199E-1,5.388793945E-3,9.788444824E0,9.789759064E0
9.140148417E0,1.673519897E-1,1.526824951E-2,9.796078949E0,9.797520226E0
9.150177417E0,1.818717957E-1,3.742218018E-3,9.858948212E0,9.860626308E0
9.160207417E0,1.730401611E-1,9.131011963E-3,9.889484711E0,9.891002685E0
9.170236417E0,1.842668152E-1,5.837860107E-3,9.889933777E0,9.891651958E0
9.180266417E0,2.142045593E-1,-6.735992432E-3,9.807305603E0,9.809646893E0
9.190295417E0,2.219883728E-1,-3.592529297E-3,9.727671204E0,9.730204458E0
9.200325417E0,2.291734314E-1,-1.137634277E-2,9.803563385E0,9.806248259E0
9.210354417E0,2.013313293E-1,-3.906875610E-2,9.852810974E0,9.854945193E0
9.220384417E0,1.748364258E-1,-6.122268677E-2,9.884245605E0,9.885981346E0
9.230413417E0,1.399589539E-1,-6.256988525E-2,9.849517822E0,9.850710879E0
9.240443417E0,1.240919495E-1,-5.777984619E-2,9.801318054E0,9.802273865E0
9.250472417E0,1.480421448E-1,-3.442840576E-2,9.832303619E0,9.833478340E0
9.260502417E0,1.769320679E-1,-5.239105225E-3,9.934391327E0,9.935968168E0
9.270531417E0,1.951940918E-1,1.916015625E-2,9.940827942E0,9.942762595E0
9.280560417E0,1.790277100E-1,5.553451538E-2,9.903405762E0,9.905179488E0
9.290590417E0,1.839674377E-1,8.936416626E-2,9.824819183E0,9.826947744E0
9.300619417E0,1.878593445E-1,1.100212097E-1,9.798623657E0,9.801041852E0
9.310649417E0,2.064207458E-1,7.993377686E-2,9.827513580E0,9.830006211E0
9.320678417E0,2.227368164E-1,5.852828979E-2,9.862989807E0,9.865678141E0
9.330708417E0,2.347119141E-1,1.002914429E-2,9.915081482E0,9.917864239E0
9.340737417E0,2.219883728E-1,-1.901046753E-2,9.931996307E0,9.934494999E0
9.350767417E0,2.149530029E-1,-5.463638306E-2,9.904154205E0,9.906637192E0
9.360796417E0,2.022294617E-1,-5.807922363E-2,9.880653076E0,9.882893056E0
9.370826417E0,1.938468933E-1,-5.523513794E-2,9.854307861E0,9.856369056E0
9.380855417E0,1.926493835E-1,-3.652404785E-2,9.839039612E0,9.840993256E0
9.390884417E0,1.814227295E-1,-1.437011719E-2,9.829609222E0,9.831293820E0
9.400914417E0,1.954934692E-1,-1.332229614E-2,9.831555176E0,9.833507632E0
9.410943417E0,2.049238586E-1,-6.436614990E-3,9.849068756E0,9.851202494E0
9.420973417E0,2.104623413E-1,1.077758789E-2,9.863887939E0,9.866138851E0
9.431002417E0,2.062710571E-1,1.661544800E-2,9.854756927E0,9.856929437E0
9.441032417E0,2.002835083E-1,1.601669312E-2,9.852810974E0,9.854859416E0
9.451061417E0,1.896556091E-1,3.487747192E-2,9.851613464E0,9.853500573E0
9.461091417E0,1.986369324E-1,1.871109009E-2,9.850715332E0,9.852735625E0
9.471120417E0,2.035766602E-1,3.203338623E-2,9.861642609E0,9.863795645E0
9.481150417E0,2.023791504E-1,4.745132446E-2,9.879006500E0,9.881193166E0
9.491179417E0,1.854643250E-1,4.460723877E-2,9.935888214E0,9.937719126E0
9.501208417E0,1.751358032E-1,6.286926270E-2,9.924960938E0,9.926705128E0
9.511238417E0,2.165995789E-1,7.334747314E-2,9.828860779E0,9.831520708E0
9.521267417E0,2.484832764E-1,6.406677246E-2,9.770631866E0,9.774001001E0
9.531297417E0,2.360591125E-1,6.152206421E-2,9.775122528E0,9.778165948E0
9.541326417E0,2.001338196E-1,2.948867798E-2,9.754914551E0,9.757011890E0
9.551356417E0,2.115101624E-1,2.200424194E-2,9.788893890E0,9.791203416E0
9.561385417E0,2.206411743E-1,1.062789917E-2,9.864337006E0,9.866810024E0
9.571415417E0,2.103126526E-1,-9.131011963E-3,9.904154205E0,9.906391135E0
9.581444417E0,2.113604736E-1,-8.382568359E-3,9.925410004E0,9.927663736E0
9.591474417E0,2.044747925E-1,-1.032852173E-2,9.914033661E0,9.916147440E0
9.601503417E0,1.935475159E-1,9.879455566E-3,9.875264282E0,9.877165732E0
9.611533417E0,2.019300842E-1,4.101470947E-2,9.819879456E0,9.822041055E0
9.621561958E0,1.987866211E-1,4.984634399E-2,9.822873230E0,9.825010904E0
9.631591958E0,2.046244812E-1,6.227050781E-2,9.832153931E0,9.834480144E0
9.641620958E0,2.121089172E-1,6.436614990E-2,9.848470001E0,9.850964144E0
9.651649958E0,2.094145203E-1,6.361770630E-2,9.836494904E0,9.838929497E0
9.661679958E0,2.013313293E-1,5.328918457E-2,9.837991791E0,9.840195959E0
9.671708958E0,2.007325745E-1,5.673202515E-2,9.870623932E0,9.872827806E0
9.681738958E0,1.770817566E-1,5.658233643E-2,9.864187317E0,9.865938928E0
9.691767958E0,1.948947144E-1,5.149291992E-2,9.866133270E0,9.868192397E0
9.701797958E0,1.986369324E-1,4.909790039E-2,9.864037628E0,9.866159616E0
9.711826958E0,1.901046753E-1,7.080276489E-2,9.851613464E0,9.853701876E0
9.721856958E0,2.112107849E-1,8.741821289E-2,9.840237122E0,9.842891778E0
9.731885958E0,2.001338196E-1,9.355545044E-2,9.827214203E0,9.829697104E0
9.741915958E0,2.088157654E-1,1.032852173E-1,9.855655060E0,9.858408011E0
9.751944958E0,2.041754150E-1,1.098715210E-1,9.850415955E0,9.853144363E0
9.761974958E0,2.040257263E-1,1.049317932E-1,9.866582336E0,9.869249423E0
9.772003958E0,2.038760376E-1,1.200503540E-1,9.865534515E0,9.868371132E0
9.782032958E0,1.929487610E-1,1.143621826E-1,9.873468018E0,9.876015321E0
9.792062958E0,1.866618347E-1,1.164578247E-1,9.876461792E0,9.878912015E0
9.802091958E0,1.875599670E-1,1.221459961E-1,9.856553192E0,9.859094239E0
9.812121958E0,1.827699280E-1,1.471440125E-1,9.859696655E0,9.862488243E0
9.822150958E0,1.770817566E-1,1.353186035E-1,9.853409729E0,9.855929807E0
9.832180958E0,1.824705505E-1,1.417552185E-1,9.854008484E0,9.856717164E0
9.842209958E0,1.844165039E-1,1.453477478E-1,9.854607239E0,9.857404285E0
9.852239958E0,1.924996948E-1,1.694476318E-1,9.881102142E0,9.884429583E0
9.862268958E0,1.770817566E-1,1.528321838E-1,9.863738251E0,9.866511435E0
9.872298958E0,1.922003174E-1,1.369651794E-1,9.846224670E0,9.849052781E0
9.882327958E0,1.989363098E-1,1.290316772E-1,9.828561401E0,9.831421263E0
9.892357958E0,2.028282166E-1,1.459465027E-1,9.843979340E0,9.847150294E0
9.902386958E0,1.772314453E-1,1.505868530E-1,9.861492920E0,9.864234892E0
9.912416958E0,1.746867371E-1,1.469943237E-1,9.852361908E0,9.855006745E0
9.922445958E0,1.694476318E-1,1.595681763E-1,9.853110352E0,9.855859075E0
9.932474958E0,1.782792664E-1,1.734892273E-1,9.844129028E0,9.847271619E0
9.942504958E0,1.706451416E-1,1.790277100E-1,9.856852570E0,9.859955034E0
9.952533958E0,1.568737793E-1,2.028282166E-1,9.874515839E0,9.877844487E0
9.962563958E0,1.829196167E-1,2.112107849E-1,9.852960663E0,9.856921599E0
9.972592958E0,1.594184875E-1,2.097138977E-1,9.839039612E0,9.842565451E0
9.982622958E0,1.716929626E-1,2.121089172E-1,9.850565643E0,9.854344837E0
9.992651958E0,1.642085266E-1,2.152523804E-1,9.875264282E0,9.878974778E0
1.000268196E1,1.511856079E-1,2.237846375E-1,9.900711365E0,9.904394084E0
1.001271096E1,1.598675537E-1,2.338137817E-1,9.898166656E0,9.902218422E0
1.002274096E1,1.422042847E-1,2.487826538E-1,9.853409729E0,9.857575673E0
1.003276996E1,1.261875916E-1,2.387535095E-1,9.796078949E0,9.799800474E0
1.004279996E1,1.498384094E-1,2.592608643E-1,9.779014435E0,9.783598063E0
1.005282896E1,1.516346741E-1,2.462379456E-1,9.836644592E0,9.840894423E0
1.006285896E1,1.546284485E-1,2.460882568E-1,9.898016968E0,9.902283034E0
1.007288796E1,1.573228455E-1,2.439926147E-1,9.872120819E0,9.876388628E0
1.008291796E1,1.896556091E-1,2.472857666E-1,9.827513580E0,9.832453543E0
1.009294696E1,2.070195007E-1,2.396516418E-1,9.764943695E0,9.770077551E0
1.010297596E1,2.107617188E-1,2.152523804E-1,9.787097626E0,9.791732943E0
1.011300596E1,1.899549866E-1,2.471360779E-1,9.844428406E0,9.849361897E0
1.012303496E1,1.547781372E-1,2.239343262E-1,9.830207977E0,9.833976395E0
1.013306496E1,1.393601990E-1,2.249821472E-1,9.803114319E0,9.806685912E0
1.014309396E1,1.459465027E-1,2.375559998E-1,9.776918793E0,9.780893329E0
1.015312396E1,1.410067749E-1,2.412982178E-1,9.836644592E0,9.840614034E0
1.016315296E1,1.357676697E-1,2.908451843E-1,9.955048370E0,9.960221475E0
1.017318296E1,1.281335449E-1,3.245251465E-1,9.983040161E0,9.989135380E0
1.018321196E1,1.278341675E-1,3.686833191E-1,9.941576385E0,9.949231628E0
1.019324196E1,1.447489929E-1,4.228706360E-1,9.854457550E0,9.864588458E0
1.020327096E1,1.463955688E-1,4.343966675E-1,9.801467743E0,9.812181309E0
1.021330096E1,1.775308228E-1,4.547543335E-1,9.788295135E0,9.800461232E0
1.022332996E1,1.820214844E-1,4.472698975E-1,9.790091400E0,9.801993257E0
1.023335996E1,1.951940918E-1,4.321513367E-1,9.825118561E0,9.836554795E0
1.024338896E1,1.938468933E-1,4.037104797E-1,9.842183075E0,9.852366541E0
1.025341896E1,1.841171265E-1,3.704795837E-1,9.861043854E0,9.869718341E0
1.026344796E1,1.935475159E-1,3.579057312E-1,9.888586578E0,9.896954161E0
1.027347796E1,1.844165039E-1,3.330574036E-1,9.895472260E0,9.902792935E0
1.028350696E1,1.673519897E-1,3.100053406E-1,9.907147980E0,9.913409660E0
1.029353596E1,1.772314453E-1,3.297642517E-1,9.890831909E0,9.897914493E0
1.030356596E1,1.636097717E-1,3.414399719E-1,9.867031403E0,9.874292790E0
1.031359496E1,1.529818726E-1,3.902384949E-1,9.822424164E0,9.831363384E0
1.032362496E1,1.478924561E-1,4.152365112E-1,9.818981323E0,9.828870116E0
1.033365396E1,1.320254517E-1,4.352947998E-1,9.810299377E0,9.820839382E0
1.034368396E1,1.543290710E-1,4.580474854E-1,9.833501129E0,9.845372995E0
1.035371296E1,1.378633118E-1,4.667294312E-1,9.863588562E0,9.875587171E0
1.036374296E1,1.456471252E-1,4.905299377E-1,9.871821442E0,9.885074167E0
1.037377196E1,1.517843628E-1,4.950205994E-1,9.872420197E0,9.885988288E0
1.038380196E1,1.528321838E-1,4.996609497E-1,9.858948212E0,9.872784743E0
1.039383096E1,1.636097717E-1,5.209167480E-1,9.848170624E0,9.863294939E0
1.040386096E1,1.507365417E-1,5.288502502E-1,9.903555450E0,9.918811151E0
1.041388996E1,1.447489929E-1,5.288502502E-1,9.933942261E0,9.949062453E0
1.042391996E1,1.504371643E-1,5.251080322E-1,9.881700897E0,9.896786469E0
1.043394896E1,1.930984497E-1,5.372328186E-1,9.751621399E0,9.768317461E0
1.044397896E1,2.067201233E-1,5.313949585E-1,9.710606689E0,9.727332424E0
1.045400796E1,1.736389160E-1,5.001100159E-1,9.769883423E0,9.784215993E0
1.046403796E1,1.246907043E-1,4.885839844E-1,9.813742218E0,9.826688069E0
1.047406696E1,1.344204712E-1,4.842430115E-1,9.847871246E0,9.860685992E0
1.048409696E1,1.396595764E-1,4.757107544E-1,9.892628174E0,9.905044054E0
1.049412596E1,1.489402771E-1,4.834945679E-1,9.902657318E0,9.915572206E0
1.050415596E1,1.332229614E-1,5.019062805E-1,9.905351715E0,9.918954122E0
1.051418496E1,1.145118713E-1,5.285508728E-1,9.880653076E0,9.895442598E0
1.052421496E1,1.278341675E-1,5.453160095E-1,9.832153931E0,9.848094335E0
1.053424396E1,1.240919495E-1,5.625302124E-1,9.807006226E0,9.823910126E0
1.054427296E1,1.410067749E-1,5.857319641E-1,9.813742218E0,9.832217510E0
1.055430296E1,1.440005493E-1,5.959107971E-1,9.833800507E0,9.852891872E0
1.056433196E1,1.471440125E-1,6.010002136E-1,9.843979340E0,9.863406199E0
1.057436196E1,1.498384094E-1,6.011499023E-1,9.849368134E0,9.868834044E0
1.058439096E1,1.344204712E-1,5.891748047E-1,9.836045837E0,9.854592510E0
1.059442096E1,1.209484863E-1,5.944139099E-1,9.852511597E0,9.871167165E0
1.060444996E1,1.148112488E-1,6.077362061E-1,9.849817200E0,9.869215966E0
1.061447996E1,1.181044006E-1,5.941145325E-1,9.843829651E0,9.862449134E0
1.062450879E1,1.193019104E-1,6.090834045E-1,9.834548950E0,9.854114298E0
1.063453879E1,1.341210938E-1,6.206094360E-1,9.823771362E0,9.844268806E0
1.064456779E1,1.396595764E-1,6.259982300E-1,9.830657043E0,9.851558074E0
1.065459779E1,1.196012878E-1,6.300398254E-1,9.837393036E0,9.858273500E0
1.066462679E1,1.184037781E-1,6.295907593E-1,9.837842102E0,9.858678471E0
1.067465679E1,1.155596924E-1,6.333329773E-1,9.845925293E0,9.866950369E0
1.068468579E1,1.049317932E-1,6.298901367E-1,9.831255798E0,9.851972535E0
1.069471579E1,1.010398865E-1,6.360273743E-1,9.843829651E0,9.864873140E0
1.070474479E1,1.038839722E-1,6.420149231E-1,9.856253815E0,9.877687700E0
1.071477479E1,1.094224548E-1,6.493496704E-1,9.846524048E0,9.868518840E0
1.072480379E1,1.128652954E-1,6.640191650E-1,9.852960663E0,9.875955339E0
1.073483379E1,1.233435059E-1,6.667135620E-1,9.843829651E0,9.867152719E0
1.074486279E1,1.166075134E-1,6.709048462E-1,9.827363892E0,9.850928468E0
1.075489279E1,1.158590698E-1,6.753955078E-1,9.836644592E0,9.860484737E0
1.076492179E1,1.136137390E-1,6.999444580E-1,9.833501129E0,9.859035185E0
1.077495179E1,1.164578247E-1,7.029382324E-1,9.841883698E0,9.867642033E0
1.078498079E1,9.759704590E-2,7.060816956E-1,9.831555176E0,9.857360383E0
1.079501079E1,1.158590698E-1,7.188052368E-1,9.832602997E0,9.859522604E0
1.080503979E1,1.098715210E-1,7.081773376E-1,9.828561401E0,9.854654033E0
1.081506979E1,1.001417542E-1,7.164102173E-1,9.826166382E0,9.852756860E0
1.082509879E1,1.080752563E-1,7.068301392E-1,9.824070740E0,9.850058630E0
1.083512779E1,8.936416626E-2,7.134164429E-1,9.820178833E0,9.846464405E0
1.084515779E1,8.786727905E-2,7.173083496E-1,9.829459534E0,9.855989380E0
1.085518679E1,9.295669556E-2,7.234455872E-1,9.838889923E0,9.865889184E0
1.086521679E1,9.774673462E-2,7.307803345E-1,9.832902374E0,9.860505232E0
1.087524579E1,9.145980835E-2,7.339237976E-1,9.838740234E0,9.866499807E0
1.088527579E1,7.679031372E-2,7.366181946E-1,9.837093658E0,9.864933591E0
1.089530479E1,9.490264893E-2,7.441026306E-1,9.832902374E0,9.861473741E0
1.090533479E1,8.547225952E-2,7.545808411E-1,9.828561401E0,9.857855597E0
1.091536379E1,8.113128662E-2,7.632627869E-1,9.822124786E0,9.852070223E0
1.092539379E1,8.966354370E-2,7.671546936E-1,9.807604980E0,9.837971403E0
1.093542279E1,8.487350464E-2,7.667056274E-1,9.819280701E0,9.849533720E0
1.094545279E1,8.457412720E-2,7.708969116E-1,9.819430389E0,9.850007513E0
1.095548179E1,8.247848511E-2,7.765850830E-1,9.827962646E0,9.858941975E0
1.096551179E1,8.217910767E-2,7.782316589E-1,9.819729767E0,9.850862430E0
1.097554079E1,7.394622803E-2,7.785310364E-1,9.842781830E0,9.873800320E0
1.098557079E1,6.691085815E-2,7.939489746E-1,9.841584320E0,9.873784177E0
1.099559979E1,7.005432129E-2,7.946974182E-1,9.854008484E0,9.886249784E0
1.100562979E1,8.187973022E-2,7.993377686E-1,9.885892181E0,9.918493302E0
1.101565879E1,8.038284302E-2,8.101153564E-1,9.867480469E0,9.901005964E0
1.102568879E1,6.002517700E-2,8.303233337E-1,9.813891907E0,9.849137740E0
1.103571779E1,7.170089722E-2,8.419990540E-1,9.768685913E0,9.805168428E0
1.104574779E1,5.254074097E-2,8.571176147E-1,9.738897858E0,9.776683621E0
1.105577679E1,4.326004028E-2,8.499325562E-1,9.789792023E0,9.826712809E0
1.106580679E1,7.214996338E-2,8.366102600E-1,9.854158173E0,9.889871366E0
1.107583579E1,5.777984619E-2,8.310717773E-1,9.849966888E0,9.885133611E0
1.108586579E1,7.544311523E-2,8.390052795E-1,9.811047821E0,9.847145824E0
1.109589479E1,1.098715210E-1,8.425978088E-1,9.804012451E0,9.840767397E0
1.110592479E1,1.137634277E-1,8.301736450E-1,9.802066498E0,9.837816731E0
1.111595379E1,8.562194824E-2,8.336164856E-1,9.856852570E0,9.892410735E0
1.112598379E1,7.155120850E-2,8.165519714E-1,9.824070740E0,9.858206865E0
1.113601279E1,8.232879639E-2,8.181985474E-1,9.724378052E0,9.759085786E0
1.114604279E1,8.831634521E-2,8.205935669E-1,9.639504547E0,9.674772426E0
1.115607179E1,8.187973022E-2,8.288264465E-1,9.704768829E0,9.740441243E0
1.116610179E1,7.035369873E-2,8.415499878E-1,9.847721558E0,9.883864421E0
1.117613079E1,4.161346436E-2,8.463400269E-1,9.942025452E0,9.978070615E0
1.118616079E1,1.751358032E-2,8.887019348E-1,9.951605530E0,9.991223673E0
1.119618979E1,4.790039063E-2,9.113049316E-1,9.884544983E0,9.926580511E0
1.120621979E1,7.993377686E-2,9.511221313E-1,9.827513580E0,9.873755410E0
1.121624879E1,8.861572266E-2,9.719288635E-1,9.811796265E0,9.860215231E0
1.122627779E1,1.077758789E-1,9.919871521E-1,9.791139221E0,9.841852539E0
1.123630779E1,1.038839722E-1,9.831555176E-1,9.783355408E0,9.833180039E0
1.124633779E1,1.020877075E-1,9.915380859E-1,9.787397003E0,9.838023672E0
1.125636679E1,1.004411316E-1,9.774673462E-1,9.803264008E0,9.852386312E0
1.126639579E1,9.415420532E-2,9.641450500E-1,9.851314087E0,9.898829725E0
1.127642579E1,1.055305481E-1,9.363029480E-1,9.862989807E0,9.907894218E0
1.128645479E1,9.774673462E-2,9.151968384E-1,9.876910858E0,9.919703009E0
1.129648479E1,8.891510010E-2,9.080117798E-1,9.858050079E0,9.900178920E0
1.130651379E1,8.307723999E-2,8.972341919E-1,9.833501129E0,9.874698754E0
1.131654379E1,7.514373779E-2,9.183403015E-1,9.801767120E0,9.844980151E0
1.132657279E1,9.026229858E-2,9.367520142E-1,9.791139221E0,9.836262444E0
1.133660279E1,8.307723999E-2,9.503736877E-1,9.805659027E0,9.851957213E0
1.134663179E1,1.022373962E-1,9.798623657E-1,9.812095642E0,9.861430101E0
1.135666179E1,9.340576172E-2,9.825567627E-1,9.814191284E0,9.863695707E0
1.136669079E1,7.798782349E-2,1.000669098E0,9.825118561E0,9.876253109E0
1.137672079E1,7.319778442E-2,1.018032990E0,9.829758911E0,9.882606404E0
1.138674979E1,6.466552734E-2,1.015637970E0,9.811646576E0,9.864284599E0
1.139677979E1,9.610015869E-2,1.044228516E0,9.800419922E0,9.856362365E0
1.140680879E1,8.592132568E-2,1.048419800E0,9.817933502E0,9.874127040E0
1.141683879E1,6.750961304E-2,1.052760773E0,9.880503387E0,9.936659901E0
1.142686779E1,6.002517700E-2,1.048419800E0,9.873767395E0,9.929454651E0
1.143689779E1,9.610015869E-2,1.064735870E0,9.747729492E0,9.806178051E0
1.144692679E1,1.225950623E-1,1.056952057E0,9.674082642E0,9.732422728E0
1.145695679E1,1.085243225E-1,1.037941589E0,9.708061981E0,9.763993430E0
1.146698579E1,6.271957397E-2,1.032253418E0,9.772128754E0,9.826697372E0
1.147701579E1,5.613327026E-2,1.008452911E0,9.830207977E0,9.881959173E0
1.148704479E1,5.852828979E-2,9.892927551E-1,9.867929535E0,9.917568201E0
1.149707479E1,4.939727783E-2,9.922865295E-1,9.854307861E0,9.904264540E0
1.150710379E1,6.271957397E-2,9.996212769E-1,9.843081207E0,9.893908434E0
1.151713379E1,5.748046875E-2,1.019529877E0,9.847571869E0,9.900374583E0
1.152716279E1,5.089416504E-2,1.034199371E0,9.802515564E0,9.857051787E0
1.153719279E1,6.077362061E-2,1.053509216E0,9.788594513E0,9.845311455E0
1.154722179E1,7.200027466E-2,1.065184937E0,9.777367859E0,9.835482969E0
1.155725179E1,6.271957397E-2,1.066831512E0,9.780062256E0,9.838276320E0
1.156728079E1,6.242019653E-2,1.061293030E0,9.786349182E0,9.843925512E0
1.157731079E1,5.763015747E-2,1.055754547E0,9.815388794E0,9.872172814E0
1.158733979E1,6.391708374E-2,1.045276337E0,9.815388794E0,9.871096453E0
1.159736979E1,4.445755005E-2,1.029559021E0,9.814340973E0,9.868295546E0
1.160739879E1,4.445755005E-2,1.033750305E0,9.798324280E0,9.852805431E0
1.161742883E1,4.625381470E-2,1.039288788E0,9.797575836E0,9.852652073E0
1.162745783E1,4.400848389E-2,1.050066376E0,9.792636108E0,9.848872935E0
1.163748783E1,5.269042969E-2,1.050814819E0,9.776918793E0,9.833368149E0
1.164751683E1,5.673202515E-2,1.058299255E0,9.785900116E0,9.843122315E0
1.165754683E1,4.385879517E-2,1.062939606E0,9.779313812E0,9.837008836E0
1.166757583E1,6.391708374E-2,1.065484314E0,9.812395020E0,9.870280555E0
1.167760583E1,6.182144165E-2,1.062041473E0,9.823771362E0,9.881206291E0
1.168763483E1,6.840774536E-2,1.082399139E0,9.812245331E0,9.872002125E0
1.169766483E1,4.849914551E-2,1.083746338E0,9.807155914E0,9.866973468E0
1.170769383E1,4.849914551E-2,1.062340851E0,9.812844086E0,9.870300365E0
1.171772383E1,5.209167480E-2,1.062191162E0,9.794432373E0,9.851998230E0
1.172775283E1,4.355941772E-2,1.068328400E0,9.802964630E0,9.861102298E0
1.173778283E1,5.583389282E-2,1.067130890E0,9.802066498E0,9.860141651E0
1.174781183E1,5.119354248E-2,1.087189178E0,9.807904358E0,9.868109697E0
1.175784183E1,5.179229736E-2,1.085991669E0,9.807006226E0,9.867088297E0
1.176787083E1,4.849914551E-2,1.090033264E0,9.800868988E0,9.861417627E0
1.177790083E1,4.760101318E-2,1.090033264E0,9.797575836E0,9.858140324E0
1.178792983E1,4.281097412E-2,1.087638245E0,9.793983307E0,9.854283269E0
1.179795983E1,4.176315308E-2,1.081650696E0,9.810449066E0,9.869985981E0
1.180798883E1,3.936813354E-2,1.083896027E0,9.786798248E0,9.846715209E0
1.181801883E1,3.113525391E-2,1.067729645E0,9.783954163E0,9.842092006E0
1.182804783E1,4.266128540E-2,1.064436493E0,9.784103851E0,9.841927312E0
1.183807783E1,4.176315308E-2,1.090632019E0,9.785750427E0,9.846427463E0
1.184810683E1,4.385879517E-2,1.081201630E0,9.800719299E0,9.860274811E0
1.185813683E1,3.981719971E-2,1.080004120E0,9.794282684E0,9.853728615E0
1.186816583E1,3.622467041E-2,1.092577972E0,9.807604980E0,9.868341011E0
1.187819583E1,3.921844482E-2,1.091530151E0,9.805659027E0,9.866302505E0
1.188822483E1,2.978805542E-2,1.094074860E0,9.810898132E0,9.871758166E0
1.189825483E1,3.008743286E-2,1.075214081E0,9.804162140E0,9.862990715E0
1.190828383E1,3.652404785E-2,1.083147583E0,9.794432373E0,9.854209669E0
1.191831383E1,3.532653809E-2,1.086590424E0,9.798473969E0,9.858601261E0
1.192834283E1,2.769241333E-2,1.090781708E0,9.794132996E0,9.854725402E0
1.193837283E1,3.188369751E-2,1.086590424E0,9.795929260E0,9.856060338E0
1.194840183E1,3.876937866E-2,1.096769257E0,9.792187042E0,9.853493438E0
1.195843183E1,3.173400879E-2,1.085542603E0,9.791288910E0,9.851332311E0
1.196846083E1,1.871109009E-2,1.082099762E0,9.817634125E0,9.877106348E0
1.197849083E1,1.437011719E-2,1.082698517E0,9.804910583E0,9.864517937E0
1.198851983E1,1.721420288E-2,1.090482330E0,9.812993774E0,9.873413536E0
1.199854983E1,2.350112915E-2,1.093326416E0,9.840237122E0,9.900817217E0
1.200857883E1,3.802093506E-2,1.102756805E0,9.831704865E0,9.893429067E0
1.201860883E1,2.694396973E-2,1.107846222E0,9.774823151E0,9.837439548E0
1.202863783E1,6.436614990E-3,1.118474121E0,9.727222137E0,9.791316372E0
1.203866783E1,-8.532257080E-3,1.127006378E0,9.727820892E0,9.792891069E0
1.204869683E1,3.592529297E-3,1.116228790E0,9.788744202E0,9.852182127E0
1.205872683E1,1.407073975E-2,1.093476105E0,9.839189301E0,9.899774445E0
1.206875583E1,2.380050659E-2,1.089733887E0,9.840087433E0,9.900273082E0
1.207878583E1,4.385879517E-2,1.087039490E0,9.795779572E0,9.856007095E0
1.208881483E1,6.481521606E-2,1.078207855E0,9.795180817E0,9.854557343E0
1.209884483E1,6.691085815E-2,1.067130890E0,9.828561401E0,9.886549682E0
1.210887383E1,5.284011841E-2,1.065334625E0,9.817783813E0,9.875556134E0
1.211890383E1,2.888992310E-2,1.085542603E0,9.778415680E0,9.838528883E0
1.212893283E1,1.856140137E-2,1.074465637E0,9.693991241E0,9.753373115E0
1.213896283E1,2.020797729E-2,1.070424042E0,9.646839294E0,9.706066369E0
1.214899183E1,2.365081787E-2,1.069376221E0,9.707463226E0,9.766215600E0
1.215902183E1,2.020797729E-2,1.077160034E0,9.841734009E0,9.900525764E0
1.216905083E1,4.490661621E-4,1.072968750E0,9.958191833E0,1.001582981E1
1.217908083E1,1.496887207E-3,1.105900269E0,9.924811249E0,9.986235325E0
1.218910983E1,2.305206299E-2,1.124611359E0,9.831405487E0,9.895545258E0
1.219913983E1,4.550537109E-2,1.137634277E0,9.782756653E0,9.848787246E0
1.220916883E1,5.718109131E-2,1.161135406E0,9.771380310E0,9.840293607E0
1.221919883E1,8.008346558E-2,1.168470154E0,9.790690155E0,9.860494388E0
1.222922783E1,9.056167603E-2,1.175056458E0,9.791139221E0,9.861813542E0
1.223925783E1,8.352630615E-2,1.171463928E0,9.793534241E0,9.863702008E0
1.224928683E1,5.927673340E-2,1.137334900E0,9.783056030E0,9.849123296E0
1.225931683E1,5.718109131E-2,1.123862915E0,9.821675720E0,9.885931999E0
1.226934583E1,6.706054688E-2,1.088835754E0,9.847272491E0,9.907514115E0
1.227937583E1,5.448669434E-2,1.081501007E0,9.843230896E0,9.902616205E0
1.228940483E1,5.703140259E-2,1.075064392E0,9.843230896E0,9.901929635E0
1.229943483E1,4.505630493E-2,1.061742096E0,9.804611206E0,9.862034641E0
1.230946383E1,5.538482666E-2,1.083596649E0,9.779463501E0,9.839469271E0
1.231949383E1,5.852828979E-2,1.098565521E0,9.784403229E0,9.846055977E0
1.232952283E1,6.466552734E-2,1.102906494E0,9.793234863E0,9.855355572E0
1.233955283E1,4.879852295E-2,1.135089569E0,9.797875214E0,9.863527175E0
1.234958183E1,5.373825073E-2,1.139430542E0,9.806407471E0,9.872528412E0
1.235961183E1,6.556365967E-2,1.150357819E0,9.826316071E0,9.893639837E0
1.236964083E1,4.954696655E-2,1.158141632E0,9.827214203E0,9.895346681E0
1.237967083E1,5.328918457E-2,1.159488831E0,9.796228638E0,9.864752891E0
1.238969983E1,7.394622803E-2,1.172811127E0,9.779164124E0,9.849518005E0
1.239972983E1,6.706054688E-2,1.171164551E0,9.799521790E0,9.869485844E0
1.240975883E1,5.014572144E-2,1.183738403E0,9.851014709E0,9.922007962E0
1.241978883E1,4.520599365E-2,1.182391205E0,9.819879456E0,9.890911235E0
1.242981783E1,7.289840698E-2,1.167871399E0,9.733209686E0,9.803295802E0
1.243984783E1,8.397537231E-2,1.158441010E0,9.659712524E0,9.729289979E0
1.244987683E1,7.200027466E-2,1.142574005E0,9.682016144E0,9.749466447E0
1.245990683E1,3.891906738E-2,1.130598907E0,9.767488403E0,9.832781819E0
1.246993583E1,3.038681030E-2,1.108894043E0,9.831704865E0,9.894088634E0
1.247996583E1,3.622467041E-2,1.092577972E0,9.858499146E0,9.918923543E0
1.248999583E1,5.433700562E-2,1.102906494E0,9.852661285E0,9.914347666E0
1.250002483E1,5.059478760E-2,1.119072876E0,9.810898132E0,9.874644606E0
1.251005483E1,4.340972900E-2,1.125808868E0,9.790839844E0,9.855448993E0
1.252008383E1,4.415817261E-2,1.148262177E0,9.803413696E0,9.870530688E0
1.253011383E1,4.086502075E-2,1.162632294E0,9.785151672E0,9.854063987E0
1.254014283E1,5.313949585E-2,1.152453461E0,9.778265991E0,9.846088491E0
1.255017283E1,6.167175293E-2,1.147513733E0,9.789492645E0,9.856711288E0
1.256020183E1,5.358856201E-2,1.128353577E0,9.807305603E0,9.872147523E0
1.257023183E1,4.924758911E-2,1.131796417E0,9.823921051E0,9.889024890E0
1.258026083E1,3.787124634E-2,1.134939880E0,9.815688171E0,9.881156665E0
1.259029083E1,3.278182983E-2,1.120719452E0,9.798174591E0,9.862114989E0
1.260031983E1,3.832031250E-2,1.128802643E0,9.787846069E0,9.852796280E0
1.261034983E1,5.074447632E-2,1.133442993E0,9.788145447E0,9.853682525E0
1.262037958E1,5.538482666E-2,1.144519958E0,9.779912567E0,9.846810815E0
1.263040958E1,4.251159668E-2,1.137484589E0,9.792336731E0,9.858272520E0
1.264043858E1,4.715194702E-2,1.138532410E0,9.787546692E0,9.853656661E0
1.265046858E1,3.637435913E-2,1.146914978E0,9.790690155E0,9.857705147E0
1.266049758E1,4.745132446E-2,1.161434784E0,9.792187042E0,9.860938569E0
1.267052758E1,5.538482666E-2,1.155896301E0,9.796827393E0,9.864937440E0
1.268055658E1,6.062393188E-2,1.140478363E0,9.792636108E0,9.859010504E0
1.269058658E1,3.996688843E-2,1.140029297E0,9.789492645E0,9.855730841E0
1.270061558E1,3.278182983E-2,1.143172760E0,9.788594513E0,9.855176363E0
1.271064558E1,3.981719971E-2,1.134640503E0,9.795929260E0,9.861502145E0
1.272067458E1,3.772155762E-2,1.131047974E0,9.802665253E0,9.867772722E0
1.273070458E1,3.397933960E-2,1.136137390E0,9.817185059E0,9.882767084E0
1.274073358E1,4.415817261E-2,1.149010620E0,9.811796265E0,9.878943329E0
1.275076358E1,3.023712158E-2,1.137484589E0,9.794881439E0,9.860754935E0
1.276079258E1,4.400848389E-2,1.144370270E0,9.784702606E0,9.851493549E0
1.277082258E1,5.029541016E-2,1.148411865E0,9.783205719E0,9.850507275E0
1.278085158E1,4.834945679E-2,1.133592682E0,9.786498871E0,9.852052080E0
1.279088158E1,4.700225830E-2,1.138083344E0,9.784103851E0,9.850184317E0
1.280091058E1,4.909790039E-2,1.140029297E0,9.782606964E0,9.848932755E0
1.281094058E1,3.861968994E-2,1.127605133E0,9.809850311E0,9.874520138E0
1.282096958E1,2.499801636E-2,1.120869141E0,9.811197510E0,9.875047803E0
1.283099958E1,2.874023438E-2,1.123413849E0,9.791139221E0,9.855419419E0
1.284102858E1,2.544708252E-2,1.128802643E0,9.788893890E0,9.853795541E0
1.285105858E1,2.694396973E-2,1.119372253E0,9.794432373E0,9.858226297E0
1.286108758E1,2.769241333E-2,1.140478363E0,9.797875214E0,9.864066933E0
1.287111758E1,3.218307495E-2,1.143771515E0,9.787696381E0,9.854351804E0
1.288114658E1,1.676513672E-2,1.134490814E0,9.791588287E0,9.857106658E0
1.289117658E1,2.454895020E-2,1.131646729E0,9.809401245E0,9.874491367E0
1.290120658E1,2.709365845E-2,1.139131165E0,9.798923035E0,9.864950406E0
1.291123558E1,2.409988403E-2,1.132544861E0,9.807155914E0,9.872362726E0
1.292126558E1,8.532257080E-3,1.130898285E0,9.793534241E0,9.858616366E0
1.293129458E1,1.466949463E-2,1.126557312E0,9.814191284E0,9.878648548E0
1.294132458E1,2.260299683E-2,1.138532410E0,9.815987549E0,9.881820607E0
1.295135358E1,3.053649902E-2,1.143322449E0,9.800719299E0,9.867229474E0
1.296138358E1,1.197509766E-2,1.152752838E0,9.761201477E0,9.829040481E0
1.297141258E1,-7.484436035E-4,1.157692566E0,9.725874939E0,9.794533984E0
1.298144258E1,-2.395019531E-3,1.156944122E0,9.757758636E0,9.826107014E0
1.299147158E1,7.634124756E-3,1.133293304E0,9.812993774E0,9.878221440E0
1.300150158E1,2.320175171E-2,1.117575989E0,9.850865021E0,9.914083723E0
1.301153058E1,3.248245239E-2,1.109492798E0,9.823621674E0,9.886130293E0
1.302156058E1,6.511459351E-2,1.099313965E0,9.765243073E0,9.827141160E0
1.303158958E1,8.891510010E-2,1.103205872E0,9.761201477E0,9.823747929E0
1.304161958E1,7.499404907E-2,1.107397156E0,9.786199493E0,9.848941725E0
1.305164858E1,2.888992310E-2,1.109792175E0,9.785600739E0,9.848373222E0
1.306167858E1,5.089416504E-3,1.105451202E0,9.754764862E0,9.817203562E0
1.307170758E1,3.412902832E-2,1.101559296E0,9.692194977E0,9.754652282E0
1.308173758E1,2.829116821E-2,1.091230774E0,9.670789490E0,9.732201927E0
1.309176658E1,3.547622681E-2,1.106798401E0,9.738448792E0,9.801206361E0
1.310179658E1,3.218307495E-2,1.105900269E0,9.863139496E0,9.924997323E0
1.311182558E1,1.601669312E-2,1.130000153E0,9.974058838E0,1.003787859E1
1.312185558E1,1.721420288E-2,1.143621826E0,9.903555450E0,9.969382015E0
1.313188458E1,1.032852173E-2,1.180295563E0,9.801018677E0,9.871837286E0
1.314191458E1,4.326004028E-2,1.204844513E0,9.749076691E0,9.823340473E0
1.315194458E1,5.942642212E-2,1.212179260E0,9.751920776E0,9.827149581E0
1.316197358E1,7.259902954E-2,1.184486847E0,9.773625641E0,9.845406943E0
1.317200358E1,8.202941895E-2,1.181343384E0,9.782008209E0,9.853425071E0
1.318203258E1,8.262817383E-2,1.153650970E0,9.786349182E0,9.854459310E0
1.319206258E1,6.870712280E-2,1.146765289E0,9.792187042E0,9.859346752E0
1.320209158E1,5.882766724E-2,1.127904510E0,9.811197510E0,9.875992398E0
1.321212158E1,4.520599365E-2,1.106349335E0,9.836644592E0,9.898769078E0
1.322215058E1,4.550537109E-2,1.085841980E0,9.855954437E0,9.915692685E0
1.323218058E1,4.879852295E-2,1.085692291E0,9.840985565E0,9.900813398E0
1.324220958E1,5.493576050E-2,1.100212097E0,9.807754669E0,9.869424312E0
1.325223958E1,5.463638306E-2,1.118174744E0,9.756710815E0,9.820728376E0
1.326226858E1,4.251159668E-2,1.131946106E0,9.748927002E0,9.814514095E0
1.327229858E1,4.775070190E-2,1.158890076E0,9.779912567E0,9.848451460E0
1.328232758E1,6.032455444E-2,1.170266418E0,9.815089417E0,9.884793513E0
1.329235758E1,6.301895142E-2,1.168470154E0,9.840536499E0,9.909866421E0
1.330238658E1,5.553451538E-2,1.185534668E0,9.829309845E0,9.900702428E0
1.331241658E1,6.167175293E-2,1.189576263E0,9.827812958E0,9.899737503E0
1.332244558E1,6.376739502E-2,1.195563812E0,9.794881439E0,9.867783009E0
1.333247558E1,5.897735596E-2,1.198108521E0,9.787995758E0,9.861227272E0
1.334250458E1,5.733078003E-2,1.191821594E0,9.812694397E0,9.884973286E0
1.335253458E1,3.442840576E-2,1.196461945E0,9.800719299E0,9.873540666E0
1.336256358E1,5.493576050E-2,1.200503540E0,9.762548676E0,9.836238271E0
1.337259358E1,8.592132568E-2,1.196911011E0,9.709259491E0,9.783133358E0
1.338262258E1,6.137237549E-2,1.173709259E0,9.692793732E0,9.763790776E0
1.339265258E1,5.523513794E-2,1.154998169E0,9.725874939E0,9.794371599E0
1.340268258E1,4.191284180E-2,1.128802643E0,9.796078949E0,9.860989548E0
1.341271158E1,3.338058472E-2,1.125808868E0,9.838590546E0,9.902849277E0
1.342274158E1,4.430786133E-2,1.119072876E0,9.845027161E0,9.908523961E0
1.343277058E1,5.134323120E-2,1.124012604E0,9.841434631E0,9.905547742E0
1.344280058E1,5.358856201E-2,1.145567780E0,9.831854553E0,9.898513082E0
1.345282958E1,4.176315308E-2,1.132544861E0,9.792935486E0,9.858295362E0
1.346285958E1,4.760101318E-2,1.146765289E0,9.766590271E0,9.833799978E0
1.347288858E1,4.969665527E-2,1.162632294E0,9.772428131E0,9.841470174E0
1.348291858E1,3.158432007E-2,1.174457703E0,9.786349182E0,9.856621063E0
1.349294758E1,3.607498169E-2,1.162781982E0,9.808054047E0,9.876805532E0
1.350297758E1,4.760101318E-2,1.161584473E0,9.815987549E0,9.884591843E0
1.351300658E1,3.382965088E-2,1.163829803E0,9.809101868E0,9.877961516E0
1.352303658E1,3.113525391E-2,1.151705017E0,9.796378326E0,9.863894878E0
1.353306558E1,3.248245239E-2,1.152603149E0,9.786947937E0,9.854638454E0
1.354309558E1,2.409988403E-2,1.137334900E0,9.797575836E0,9.863397171E0
1.355312458E1,4.340972900E-2,1.154698792E0,9.789792023E0,9.857750329E0
1.356315458E1,4.340972900E-2,1.150806885E0,9.795929260E0,9.863390440E0
1.357318358E1,5.583389282E-2,1.160985718E0,9.795629883E0,9.864348436E0
1.358321358E1,4.445755005E-2,1.158291321E0,9.788594513E0,9.856987258E0
1.359324358E1,4.775070190E-2,1.156195679E0,9.782906342E0,9.851107809E0
1.360327258E1,5.059478760E-2,1.159039764E0,9.807155914E0,9.875537461E0
1.361330258E1,4.296066284E-2,1.154100037E0,9.804012451E0,9.871800882E0
1.362333092E1,3.787124634E-2,1.146166534E0,9.798923035E0,9.865800758E0
1.363336092E1,4.296066284E-2,1.135388947E0,9.798324280E0,9.863980554E0
1.364338992E1,4.041595459E-2,1.145418091E0,9.789492645E0,9.856357456E0
1.365341992E1,4.311035156E-2,1.135388947E0,9.789043579E0,9.854762339E0
1.366344892E1,2.544708252E-2,1.140777740E0,9.800719299E0,9.866920502E0
1.367347892E1,3.652404785E-2,1.144070892E0,9.807604980E0,9.874175797E0
1.368350792E1,2.305206299E-2,1.138682098E0,9.806108093E0,9.872025337E0
1.369353792E1,3.278182983E-2,1.132694550E0,9.804461517E0,9.869728326E0
1.370356692E1,3.412902832E-2,1.133442993E0,9.782756653E0,9.848257995E0
1.371359692E1,3.787124634E-2,1.137634277E0,9.778265991E0,9.844294377E0
1.372362592E1,3.367996216E-2,1.131796417E0,9.793833618E0,9.859070667E0
1.373365592E1,3.203338623E-2,1.129102020E0,9.775571594E0,9.840614691E0
1.374368492E1,3.652404785E-2,1.115180969E0,9.794582062E0,9.857930836E0
1.375371492E1,3.442840576E-2,1.127904510E0,9.805509338E0,9.870226304E0
1.376374392E1,3.397933960E-2,1.119971008E0,9.783804474E0,9.847757087E0
1.377377392E1,3.966751099E-2,1.120719452E0,9.792636108E0,9.856637741E0
1.378380392E1,3.233276367E-2,1.108744354E0,9.795929260E0,9.858528771E0
1.379383292E1,4.071533203E-2,1.113534393E0,9.788744202E0,9.851960700E0
1.380386292E1,3.412902832E-2,1.109343109E0,9.797126770E0,9.859792081E0
1.381389192E1,2.335144043E-2,1.106049957E0,9.811945953E0,9.874116426E0
1.382392192E1,2.020797729E-2,1.112187195E0,9.815239105E0,9.878071037E0
1.383395092E1,2.409988403E-2,1.104403381E0,9.808203735E0,9.870215203E0
1.384398092E1,1.152603149E-2,1.098565521E0,9.824070740E0,9.885309553E0
1.385400992E1,2.125579834E-2,1.118623810E0,9.839338989E0,9.902745214E0
1.386403992E1,2.380050659E-2,1.111139374E0,9.819131012E0,9.881828323E0
1.387406892E1,3.098556519E-2,1.107397156E0,9.800419922E0,9.862835252E0
1.388409892E1,1.257385254E-2,1.122066650E0,9.772278442E0,9.836494173E0
1.389412792E1,-8.382568359E-3,1.119372253E0,9.734407196E0,9.798558464E0
1.390415792E1,-1.362167358E-2,1.099763031E0,9.737700348E0,9.799615928E0
1.391418792E1,1.062789917E-2,1.086440735E0,9.808054047E0,9.868048977E0
1.392421692E1,2.245330811E-2,1.061742096E0,9.853409729E0,9.910473436E0
1.393424692E1,3.832031250E-2,1.061293030E0,9.856852570E0,9.913897010E0
1.394427592E1,3.562591553E-2,1.044677582E0,9.800868988E0,9.856452373E0
1.395430592E1,7.229965210E-2,1.034947815E0,9.739346924E0,9.794448567E0
1.396433492E1,7.125183105E-2,1.031504974E0,9.759255524E0,9.813875265E0
1.397436492E1,5.703140259E-2,1.027014313E0,9.770781555E0,9.824773951E0
1.398439392E1,3.023712158E-2,1.024768982E0,9.762848053E0,9.816530337E0
1.399442392E1,2.305206299E-2,1.024469604E0,9.741891632E0,9.795637904E0
1.400445292E1,2.484832764E-2,1.008153534E0,9.724228363E0,9.776380120E0
1.401448292E1,2.739303589E-2,1.025218048E0,9.762099609E0,9.815824530E0
1.402451192E1,3.457809448E-2,1.018032990E0,9.867031403E0,9.919470526E0
1.403454192E1,3.397933960E-2,1.035396881E0,9.971963196E0,1.002562972E1
1.404457092E1,2.574645996E-2,1.059796143E0,9.969717865E0,1.002592166E1
1.405460092E1,2.844085693E-2,1.086590424E0,9.850715332E0,9.910503528E0
1.406463092E1,3.487747192E-2,1.101708984E0,9.752369843E0,9.814463647E0
1.407465992E1,6.631210327E-2,1.105750580E0,9.749974823E0,9.812700479E0
1.408468992E1,7.529342651E-2,1.090182953E0,9.765841827E0,9.826791672E0
1.409471892E1,7.649093628E-2,1.057550812E0,9.786498871E0,9.843770859E0
1.410474892E1,8.861572266E-2,1.033001862E0,9.794731750E0,9.849452556E0
1.411477792E1,1.055305481E-1,1.000818787E0,9.807754669E0,9.859250813E0
1.412480792E1,8.681945801E-2,9.717791748E-1,9.812544708E0,9.860929268E0
1.413483692E1,8.637039185E-2,9.243278503E-1,9.843380585E0,9.887061401E0
1.414486692E1,7.753875732E-2,9.023236084E-1,9.888736267E0,9.930121103E0
1.415489592E1,7.289840698E-2,8.940907288E-1,9.881551208E0,9.922185581E0
1.416492592E1,6.870712280E-2,8.946894836E-1,9.831555176E0,9.872419517E0
1.417495492E1,6.421646118E-2,9.110055542E-1,9.789642334E0,9.832148895E0
1.418498492E1,6.960525513E-2,9.339079285E-1,9.764943695E0,9.809747921E0
1.419501392E1,7.050338745E-2,9.565109253E-1,9.762997742E0,9.809995351E0
1.420504392E1,8.352630615E-2,9.770182800E-1,9.787995758E0,9.836991528E0
1.421507392E1,6.556365967E-2,9.862989807E-1,9.829010468E0,9.878589527E0
1.422510292E1,6.451583862E-2,9.768685913E-1,9.837991791E0,9.886582676E0
1.423513292E1,7.200027466E-2,9.716294861E-1,9.845925293E0,9.894012976E0
1.424516192E1,1.002914429E-1,9.755213928E-1,9.836494904E0,9.885258335E0
1.425519192E1,1.133143616E-1,9.749226379E-1,9.858349457E0,9.907086772E0
1.426522092E1,7.843688965E-2,9.584568787E-1,9.882149963E0,9.928830738E0
1.427525092E1,7.155120850E-2,9.602531433E-1,9.840237122E0,9.887237849E0
1.428527992E1,9.325607300E-2,9.618997192E-1,9.761650543E0,9.809371493E0
1.429530992E1,1.221459961E-1,9.334588623E-1,9.725575562E0,9.771032959E0
1.430533892E1,1.196012878E-1,9.107061768E-1,9.758357391E0,9.801491172E0
1.431536892E1,7.469467163E-2,8.951385498E-1,9.791887665E0,9.833001391E0
1.432539792E1,5.987548828E-2,8.771759033E-1,9.799671478E0,9.839033678E0
1.433542792E1,6.795867920E-2,8.536747742E-1,9.795031128E0,9.832396137E0
1.434545792E1,8.801696777E-2,8.587641907E-1,9.818981323E0,9.856856352E0
1.435548692E1,8.696914673E-2,8.460406494E-1,9.843829651E0,9.880502548E0
1.436551692E1,9.879455566E-2,8.547225952E-1,9.865983582E0,9.903430876E0
1.437554592E1,8.726852417E-2,8.583151245E-1,9.866582336E0,9.904229786E0
1.438557592E1,8.981323242E-2,8.617579651E-1,9.833950195E0,9.872044857E0
1.439560492E1,9.205856323E-2,8.740324402E-1,9.795929260E0,9.835275164E0
1.440563492E1,9.190887451E-2,8.795709229E-1,9.801318054E0,9.841134480E0
1.441566392E1,9.699829102E-2,8.689430237E-1,9.809101868E0,9.847992186E0
1.442569392E1,1.025367737E-1,8.509803772E-1,9.826765137E0,9.864075955E0
1.443572292E1,8.876541138E-2,8.431965637E-1,9.819280701E0,9.855817228E0
1.444575292E1,7.738906860E-2,8.258326721E-1,9.821675720E0,9.856637491E0
1.445578292E1,8.741821289E-2,8.117619324E-1,9.839039612E0,9.872856722E0
1.446581192E1,9.041198730E-2,8.128097534E-1,9.835297394E0,9.869240541E0
1.447584192E1,1.026864624E-1,8.083190918E-1,9.832153931E0,9.865859070E0
1.448587092E1,9.684860229E-2,8.298742676E-1,9.819580078E0,9.855060825E0
1.449590092E1,1.161584473E-1,8.303233337E-1,9.799072723E0,9.834874471E0
1.450592992E1,1.116677856E-1,8.403524780E-1,9.817634125E0,9.854166722E0
1.451595992E1,9.819580078E-2,8.343649292E-1,9.828112335E0,9.863954548E0
1.452598892E1,9.999206543E-2,8.062234497E-1,9.830058289E0,9.863571393E0
1.453601892E1,9.340576172E-2,8.184979248E-1,9.837842102E0,9.872274344E0
1.454604792E1,1.064286804E-1,8.155041504E-1,9.838291168E0,9.872605897E0
1.455607792E1,9.475296021E-2,7.958949280E-1,9.824968872E0,9.857608239E0
1.456610692E1,1.073268127E-1,7.801776123E-1,9.837243347E0,9.868715865E0
1.457613692E1,9.909393311E-2,7.743397522E-1,9.840087433E0,9.871005134E0
1.458616692E1,9.490264893E-2,7.710466003E-1,9.832004242E0,9.862648062E0
1.459619592E1,9.295669556E-2,7.705975342E-1,9.825118561E0,9.855730122E0
1.460622592E1,8.981323242E-2,7.873626709E-1,9.816286926E0,9.848222957E0
1.461625492E1,1.019380188E-1,7.764353943E-1,9.811496887E0,9.842698535E0
1.462628542E1,9.939331055E-2,7.755372620E-1,9.814790039E0,9.845884449E0
1.463631442E1,9.430389404E-2,7.731422424E-1,9.828262024E0,9.859075847E0
1.464634442E1,1.152603149E-1,7.637118530E-1,9.814490662E0,9.844834569E0
1.465637342E1,1.019380188E-1,7.806266785E-1,9.805509338E0,9.837061693E0
1.466640342E1,1.076261902E-1,7.469467163E-1,9.825717316E0,9.854655426E0
1.467643242E1,9.580078125E-2,7.421566772E-1,9.861941986E0,9.890291910E0
1.468646242E1,1.023870850E-1,7.382647705E-1,9.862690430E0,9.890812934E0
1.469649242E1,9.295669556E-2,7.310797119E-1,9.832303619E0,9.859884023E0
1.470652142E1,9.969268799E-2,7.159611511E-1,9.815388794E0,9.841971153E0
1.471655142E1,7.948471069E-2,7.134164429E-1,9.827363892E0,9.853545651E0
1.472658042E1,9.071136475E-2,7.318281555E-1,9.845027161E0,9.872606586E0
1.473661042E1,8.158035278E-2,7.328759766E-1,9.853709106E0,9.881262354E0
1.474663942E1,7.963439941E-2,7.252418518E-1,9.826914825E0,9.853962267E0
1.475666942E1,7.529342651E-2,7.265890503E-1,9.809850311E0,9.837009905E0
1.476669842E1,6.286926270E-2,7.189549255E-1,9.794881439E0,9.821433253E0
1.477672842E1,6.975494385E-2,7.183561707E-1,9.803862762E0,9.830392993E0
1.478675742E1,6.496490479E-2,7.045848083E-1,9.840536499E0,9.865942367E0
1.479678742E1,6.870712280E-2,6.975494385E-1,9.859097900E0,9.883982360E0
1.480681742E1,8.577163696E-2,7.015910339E-1,9.854607239E0,9.879922600E0
1.481684642E1,1.200503540E-1,6.917115784E-1,9.797575836E0,9.822696639E0
1.482687642E1,1.460961914E-1,6.676116943E-1,9.723180542E0,9.747168272E0
1.483690542E1,1.378633118E-1,6.794371033E-1,9.758806458E0,9.783401481E0
1.484693542E1,1.092727661E-1,6.505471802E-1,9.776918793E0,9.799147578E0
1.485696442E1,8.038284302E-2,6.375242615E-1,9.799222412E0,9.820267739E0
1.486699442E1,7.035369873E-2,6.262976074E-1,9.808353424E0,9.828580530E0
1.487702342E1,6.331832886E-2,6.225553894E-1,9.792336731E0,9.812310792E0
1.488705342E1,7.753875732E-2,6.500981140E-1,9.851164398E0,9.872896222E0
1.489708342E1,8.083190918E-2,6.776408386E-1,9.941726074E0,9.965121587E0
1.490711242E1,8.322692871E-2,7.000941467E-1,9.958940277E0,9.983864481E0
1.491714242E1,7.963439941E-2,7.412585449E-1,9.890083466E0,9.918142811E0
1.492717142E1,9.145980835E-2,7.614665222E-1,9.799671478E0,9.829636679E0
1.493720142E1,9.505233765E-2,7.797285461E-1,9.755213928E0,9.786787539E0
1.494723042E1,1.008901978E-1,7.674540710E-1,9.769134979E0,9.799753202E0
1.495726042E1,1.181044006E-1,7.291337585E-1,9.823621674E0,9.851351556E0
1.496728942E1,1.363664246E-1,7.000941467E-1,9.851014709E0,9.876802034E0
1.497731942E1,1.475930786E-1,6.569837952E-1,9.871671753E0,9.894610383E0
1.498734842E1,1.401086426E-1,6.286926270E-1,9.861043854E0,9.882058021E0
1.499737842E1,1.257385254E-1,6.047424316E-1,9.877210236E0,9.896504718E0
1.500740842E1,1.234931946E-1,6.075865173E-1,9.878258057E0,9.897696408E0
1.501743742E1,1.299298096E-1,5.992039490E-1,9.867929535E0,9.886959110E0
1.502746742E1,1.130149841E-1,6.078858948E-1,9.843679962E0,9.863079278E0
1.503749642E1,1.176553345E-1,6.382727051E-1,9.811646576E0,9.833089207E0
1.504752642E1,1.140628052E-1,6.453080750E-1,9.816286926E0,9.838136097E0
1.505755542E1,1.167572021E-1,6.685098267E-1,9.809700623E0,9.833146187E0
1.506758542E1,1.169068909E-1,6.872209167E-1,9.831255798E0,9.855938838E0
1.507761442E1,1.169068909E-1,6.981481934E-1,9.846823425E0,9.872234281E0
1.508764442E1,1.067280579E-1,6.962022400E-1,9.849966888E0,9.875117019E0
1.509767442E1,1.267863464E-1,7.003935242E-1,9.856104126E0,9.881771825E0
1.510770342E1,1.365161133E-1,7.123686218E-1,9.855954437E0,9.882608136E0
1.511773342E1,1.209484863E-1,7.072792053E-1,9.906998291E0,9.932949590E0
1.512776242E1,1.064286804E-1,6.994953918E-1,9.892179108E0,9.917450699E0
1.513779242E1,1.187031555E-1,7.023394775E-1,9.828112335E0,9.853890767E0
1.514782142E1,1.487905884E-1,6.882687378E-1,9.769584045E0,9.794928530E0
1.515785142E1,1.746867371E-1,6.825805664E-1,9.802066498E0,9.827356680E0
1.516788042E1,1.422042847E-1,6.472540283E-1,9.836644592E0,9.858941965E0
1.517791042E1,1.064286804E-1,6.385720825E-1,9.810000000E0,9.831337720E0
1.518794042E1,1.052311707E-1,6.433621216E-1,9.790839844E0,9.812519211E0
1.519796942E1,1.296304321E-1,6.268963623E-1,9.799072723E0,9.819960760E0
1.520799942E1,1.374142456E-1,6.180647278E-1,9.848020935E0,9.868353612E0
1.521802842E1,1.202000427E-1,6.101312256E-1,9.896220703E0,9.915739628E0
1.522805842E1,1.284329224E-1,6.131250000E-1,9.905501404E0,9.925289686E0
1.523808742E1,1.432521057E-1,6.158193970E-1,9.887987823E0,9.908181362E0
1.524811742E1,1.377136230E-1,6.301895142E-1,9.834848328E0,9.855980189E0
1.525814642E1,1.354682922E-1,6.280938721E-1,9.830806732E0,9.851782305E0
1.526817642E1,1.454974365E-1,6.251000977E-1,9.833351440E0,9.854274209E0
1.527820642E1,1.323248291E-1,6.418652344E-1,9.828112335E0,9.849938726E0
1.528823542E1,1.212478638E-1,6.343807983E-1,9.820328522E0,9.841544204E0
1.529826542E1,1.178050232E-1,6.355783081E-1,9.817185059E0,9.838442981E0
1.530829442E1,1.173559570E-1,6.331832886E-1,9.827513580E0,9.848589578E0
1.531832442E1,1.303788757E-1,6.213578796E-1,9.827064514E0,9.847552043E0
1.532835342E1,1.311273193E-1,6.165678406E-1,9.861193542E0,9.881320173E0
1.533838342E1,1.448986816E-1,6.170169067E-1,9.869276733E0,9.889607107E0
1.534841242E1,1.463955688E-1,6.259982300E-1,9.849068756E0,9.870028410E0
1.535844242E1,1.339714050E-1,6.156697083E-1,9.848320312E0,9.868455325E0
1.536847242E1,1.317260742E-1,6.285429382E-1,9.831555176E0,9.852507049E0
1.537850142E1,1.281335449E-1,6.010002136E-1,9.832004242E0,9.851189110E0
1.538853142E1,1.333726501E-1,6.068380737E-1,9.840835876E0,9.860430592E0
1.539856042E1,1.272354126E-1,5.887257385E-1,9.849068756E0,9.867468886E0
1.540859042E1,1.196012878E-1,5.842350769E-1,9.832602997E0,9.850670880E0
1.541861942E1,1.324745178E-1,5.686674500E-1,9.849517822E0,9.866809692E0
1.542864942E1,1.266366577E-1,5.724096680E-1,9.840087433E0,9.857535714E0
1.543867842E1,1.266366577E-1,5.745053101E-1,9.862840118E0,9.880369851E0
1.544870842E1,1.200503540E-1,5.798941040E-1,9.860894165E0,9.878659980E0
1.545873842E1,1.215472412E-1,5.954617310E-1,9.829160156E0,9.847930635E0
1.546876742E1,1.291813660E-1,5.899232483E-1,9.833650818E0,9.852176697E0
1.547879742E1,1.300794983E-1,6.004014587E-1,9.847272491E0,9.866416680E0
1.548882642E1,1.428030396E-1,5.950126648E-1,9.829459534E0,9.848487574E0
1.549885642E1,1.297801208E-1,5.932164001E-1,9.823172607E0,9.841924032E0
1.550888542E1,1.380130005E-1,5.959107971E-1,9.855355682E0,9.874319870E0
1.551891542E1,1.296304321E-1,5.798941040E-1,9.877808990E0,9.895665297E0
1.552894442E1,1.290316772E-1,5.722599792E-1,9.867031403E0,9.884454429E0
1.553897442E1,1.287322998E-1,5.538482666E-1,9.823621674E0,9.840064161E0
1.554900442E1,1.371148682E-1,5.571414185E-1,9.827064514E0,9.843800283E0
1.555903342E1,1.178050232E-1,5.417234802E-1,9.835147705E0,9.850760008E0
1.556906342E1,1.025367737E-1,5.423222351E-1,9.857151947E0,9.872591945E0
1.557909242E1,1.305285645E-1,5.447172546E-1,9.864187317E0,9.880078239E0
1.558912242E1,1.070274353E-1,5.333409119E-1,9.843530273E0,9.858549368E0
1.559915142E1,1.059796143E-1,5.414241028E-1,9.790390778E0,9.805922869E0
1.560918142E1,1.005908203E-1,5.472619629E-1,9.773475952E0,9.789302649E0
1.561921142E1,1.038839722E-1,5.432203674E-1,9.829010468E0,9.844558244E0
1.562923921E1,1.151106262E-1,5.360353088E-1,9.887089691E0,9.902278873E0
1.563926921E1,1.148112488E-1,5.225633240E-1,9.893975372E0,9.908430891E0
1.564929821E1,1.264869690E-1,5.384303284E-1,9.872869263E0,9.888349390E0
1.565932821E1,1.483415222E-1,5.186714172E-1,9.784403229E0,9.799263839E0
1.566935721E1,1.704954529E-1,5.066963196E-1,9.746831360E0,9.761482030E0
1.567938721E1,1.432521057E-1,5.047503662E-1,9.762398987E0,9.776488535E0
1.568941621E1,1.097218323E-1,5.032534790E-1,9.790241089E0,9.803781083E0
1.569944621E1,9.954299927E-2,4.665797424E-1,9.819879456E0,9.831461640E0
1.570947621E1,9.086105347E-2,4.567002869E-1,9.821376343E0,9.832408868E0
1.571950521E1,9.714797974E-2,4.561015320E-1,9.827663269E0,9.838721038E0
1.572953521E1,1.185534668E-1,4.716691589E-1,9.911339264E0,9.923264217E0
1.573956421E1,1.219963074E-1,4.914280701E-1,1.001103195E1,1.002382888E1
1.574959421E1,1.257385254E-1,5.189707947E-1,9.965975647E0,9.980271111E0
1.575962321E1,1.116677856E-1,5.640270996E-1,9.858798523E0,9.875550849E0
1.576965321E1,1.064286804E-1,5.795947266E-1,9.778415680E0,9.796155895E0
1.577968321E1,1.293310547E-1,5.839356995E-1,9.743238831E0,9.761578271E0
1.578971221E1,1.559756470E-1,5.719606018E-1,9.779313812E0,9.797267271E0
1.579974221E1,1.754351807E-1,5.463638306E-1,9.868677979E0,9.885347540E0
1.580977121E1,1.682501221E-1,5.037025452E-1,9.891131287E0,9.905377453E0
1.581980121E1,1.731898499E-1,4.763095093E-1,9.905202026E0,9.918159741E0
1.582983021E1,1.728904724E-1,4.297563171E-1,9.906100159E0,9.916925026E0
1.583986021E1,1.552272034E-1,4.016148376E-1,9.904154205E0,9.913508990E0
1.584988921E1,1.612147522E-1,4.086502075E-1,9.896071014E0,9.905816812E0
1.585991921E1,1.552272034E-1,4.204756165E-1,9.859247589E0,9.869430493E0
1.586994921E1,1.375639343E-1,4.209246826E-1,9.823471985E0,9.833448188E0
1.587997821E1,1.375639343E-1,4.466711426E-1,9.829758911E0,9.840863742E0
1.589000821E1,1.465452576E-1,4.764591980E-1,9.825867004E0,9.838503508E0
1.590003721E1,1.450483704E-1,4.929249573E-1,9.834548950E0,9.847962586E0
1.591006721E1,1.528321838E-1,4.971162415E-1,9.841434631E0,9.855167063E0
1.592009621E1,1.516346741E-1,5.002597046E-1,9.854457550E0,9.868312239E0
1.593012621E1,1.480421448E-1,4.969665527E-1,9.859846344E0,9.873472649E0
1.594015621E1,1.487905884E-1,5.019062805E-1,9.862840118E0,9.876723331E0
1.595018521E1,1.721420288E-1,4.960684204E-1,9.869875488E0,9.883833209E0
1.596021521E1,1.531315613E-1,5.014572144E-1,9.910890198E0,9.924749525E0
1.597024421E1,1.227447510E-1,5.008584595E-1,9.914333038E0,9.927735143E0
1.598027421E1,1.513352966E-1,4.867877197E-1,9.860445099E0,9.873613432E0
1.599030321E1,1.853146362E-1,4.999603271E-1,9.803264008E0,9.817753666E0
1.600033321E1,1.865121460E-1,4.769082642E-1,9.812993774E0,9.826345968E0
1.601036321E1,1.740879822E-1,4.658312988E-1,9.815388794E0,9.827978561E0
1.602039221E1,1.414558411E-1,4.474195862E-1,9.792935486E0,9.804171534E0
1.603042221E1,1.399589539E-1,4.336482239E-1,9.790091400E0,9.800690226E0
1.604045121E1,1.511856079E-1,4.405339050E-1,9.823471985E0,9.834507057E0
1.605048121E1,1.589694214E-1,4.305047607E-1,9.872719574E0,9.883379858E0
1.606051021E1,1.573228455E-1,4.225712585E-1,9.897717590E0,9.907983167E0
1.607054021E1,1.537303162E-1,4.299060059E-1,9.899214478E0,9.909737608E0
1.608057021E1,1.634600830E-1,4.260140991E-1,9.882748718E0,9.893276982E0
1.609059921E1,1.797761536E-1,4.417314148E-1,9.840985565E0,9.852534852E0
1.610062921E1,1.678010559E-1,4.423301697E-1,9.839638367E0,9.851004840E0
1.611065821E1,1.682501221E-1,4.423301697E-1,9.833351440E0,9.844732837E0
1.612068821E1,1.567240906E-1,4.343966675E-1,9.827663269E0,9.838507419E0
1.613071721E1,1.537303162E-1,4.348457336E-1,9.808353424E0,9.819191449E0
1.614074721E1,1.535806274E-1,4.171824646E-1,9.830357666E0,9.840404466E0
1.615077621E1,1.478924561E-1,4.038601685E-1,9.863438873E0,9.872811232E0
1.616080621E1,1.546284485E-1,4.104464722E-1,9.866133270E0,9.875877782E0
1.617083621E1,1.480421448E-1,4.135899353E-1,9.855954437E0,9.865739252E0
1.618086521E1,1.627116394E-1,4.197271729E-1,9.864935760E0,9.875201443E0
1.619089521E1,1.594184875E-1,4.255650330E-1,9.839937744E0,9.850426116E0
1.620092421E1,1.507365417E-1,4.255650330E-1,9.825268250E0,9.835635377E0
1.621095421E1,1.387614441E-1,4.186793518E-1,9.830507355E0,9.840397451E0
1.622098321E1,1.434017944E-1,4.255650330E-1,9.828262024E0,9.838516356E0
1.623101321E1,1.429527283E-1,4.047583008E-1,9.841434631E0,9.850791865E0
1.624104321E1,1.606159973E-1,4.074526978E-1,9.866432648E0,9.876148459E0
1.625107221E1,1.685494995E-1,3.966751099E-1,9.902058563E0,9.911433996E0
1.626110221E1,1.543290710E-1,3.869453430E-1,9.893226929E0,9.901993901E0
1.627113121E1,1.574725342E-1,3.844006348E-1,9.870324554E0,9.879062114E0
1.628116121E1,1.480421448E-1,3.847000122E-1,9.824070740E0,9.832714604E0
1.629119121E1,1.549278259E-1,3.938310242E-1,9.843979340E0,9.853072351E0
1.630122021E1,1.624122620E-1,3.909869385E-1,9.838590546E0,9.847695794E0
1.631125021E1,1.624122620E-1,3.918850708E-1,9.850415955E0,9.859545939E0
1.632127921E1,1.622625732E-1,3.939807129E-1,9.862840118E0,9.872039564E0
1.633130921E1,1.721420288E-1,3.930825806E-1,9.856852570E0,9.866189202E0
1.634133821E1,1.817221069E-1,3.884422302E-1,9.847422180E0,9.856755748E0
1.635136821E1,1.567240906E-1,3.725752258E-1,9.852661285E0,9.860948694E0
1.636139721E1,1.550775146E-1,3.769161987E-1,9.870324554E0,9.878735833E0
1.637142721E1,1.502874756E-1,3.740721130E-1,9.852212219E0,9.860456474E0
1.638145721E1,1.531315613E-1,3.526666260E-1,9.817484436E0,9.825010111E0
1.639148621E1,1.457968140E-1,3.608995056E-1,9.827214203E0,9.834919631E0
1.640151621E1,1.306782532E-1,3.585044861E-1,9.871372375E0,9.878744599E0
1.641154521E1,1.595681763E-1,3.520678711E-1,9.880353699E0,9.887911964E0
1.642157521E1,1.546284485E-1,3.614982605E-1,9.874366150E0,9.882190942E0
1.643160521E1,1.330732727E-1,3.616479492E-1,9.840835876E0,9.848377962E0
1.644163421E1,1.359173584E-1,3.561094666E-1,9.786798248E0,9.794218061E0
1.645166421E1,1.231938171E-1,3.601510620E-1,9.775870972E0,9.783278528E0
1.646169321E1,1.324745178E-1,3.585044861E-1,9.843530273E0,9.850947325E0
1.647172321E1,1.366658020E-1,3.471281433E-1,9.882748718E0,9.889787547E0
1.648175221E1,1.272354126E-1,3.466790771E-1,9.896520081E0,9.903407744E0
1.649178221E1,1.561253357E-1,3.324586487E-1,9.859996033E0,9.866834631E0
1.650181221E1,1.836680603E-1,3.128494263E-1,9.748627625E0,9.755375404E0
1.651184121E1,1.987866211E-1,3.207829285E-1,9.756112061E0,9.763408234E0
1.652187121E1,1.703457642E-1,3.050656128E-1,9.801617432E0,9.807843136E0
1.653190021E1,1.303788757E-1,2.754272461E-1,9.835746460E0,9.840465804E0
1.654193021E1,1.163081360E-1,2.784210205E-1,9.844428406E0,9.849051552E0
1.655195921E1,9.415420532E-2,2.773731995E-1,9.826166382E0,9.830531352E0
1.656198921E1,1.077758789E-1,2.764750671E-1,9.829010468E0,9.833488744E0
1.657201921E1,1.365161133E-1,2.992277527E-1,9.905651093E0,9.911109800E0
1.658204821E1,1.380130005E-1,3.318598938E-1,9.965825958E0,9.972304930E0
1.659207821E1,1.264869690E-1,3.643423462E-1,9.952952728E0,9.960422296E0
1.660210721E1,1.344204712E-1,4.041595459E-1,9.858199768E0,9.867396641E0
1.661213721E1,1.426533508E-1,4.197271729E-1,9.788295135E0,9.798328558E0
1.662216667E1,1.582209778E-1,4.162843323E-1,9.777966614E0,9.788102861E0
1.663219667E1,1.803749084E-1,4.041595459E-1,9.803264008E0,9.813249474E0
1.664222667E1,1.910028076E-1,3.528163147E-1,9.858499146E0,9.866659355E0
1.665225567E1,2.103126526E-1,3.144960022E-1,9.896071014E0,9.903300494E0
1.666228567E1,2.020797729E-1,2.713856506E-1,9.918075256E0,9.923845182E0
1.667231467E1,1.836680603E-1,2.420466614E-1,9.911339264E0,9.915995489E0
1.668234467E1,1.799258423E-1,2.242337036E-1,9.897717590E0,9.901892120E0
1.669237367E1,1.715432739E-1,2.353106689E-1,9.899364166E0,9.903646253E0
1.670240367E1,1.574725342E-1,2.484832764E-1,9.865085449E0,9.869470728E0
1.671243367E1,1.435514832E-1,2.546205139E-1,9.859996033E0,9.864327671E0
1.672246267E1,1.369651794E-1,2.944377136E-1,9.830657043E0,9.836019059E0
1.673249267E1,1.519340515E-1,3.109034729E-1,9.825268250E0,9.831360084E0
1.674252167E1,1.805245972E-1,3.302133179E-1,9.807904358E0,9.815121897E0
1.675255167E1,1.758842468E-1,3.384461975E-1,9.823621674E0,9.831023542E0
1.676258167E1,1.686991882E-1,3.282673645E-1,9.845326538E0,9.852242056E0
1.677261067E1,1.701960754E-1,3.296145630E-1,9.871222687E0,9.878190613E0
1.678264067E1,1.757345581E-1,3.233276367E-1,9.889634399E0,9.896478765E0
1.679266967E1,1.818717957E-1,3.180885315E-1,9.901759186E0,9.908536352E0
1.680269967E1,1.595681763E-1,3.164419556E-1,9.949360199E0,9.955670037E0
1.681272867E1,1.480421448E-1,3.237767029E-1,9.952204285E0,9.958570076E0
1.682275867E1,1.396595764E-1,3.147953796E-1,9.852511597E0,9.858528576E0
1.683278867E1,1.797761536E-1,3.068618774E-1,9.771529999E0,9.777999908E0
1.684281767E1,1.827699280E-1,2.974314880E-1,9.785001984E0,9.791227408E0
1.685284767E1,1.580712891E-1,2.754272461E-1,9.785301361E0,9.790452974E0
1.686287667E1,1.398092651E-1,2.540217590E-1,9.769883423E0,9.774185172E0
1.687290667E1,1.577719116E-1,2.591111755E-1,9.812095642E0,9.816784171E0
1.688293567E1,1.737886047E-1,2.580633545E-1,9.853709106E0,9.858619697E0
1.689296567E1,1.736389160E-1,2.484832764E-1,9.901609497E0,9.906248788E0
1.690299567E1,1.749861145E-1,2.493814087E-1,9.901010742E0,9.905696591E0
1.691302467E1,1.612147522E-1,2.546205139E-1,9.893226929E0,9.897815964E0
1.692305467E1,1.681004333E-1,2.646496582E-1,9.885293427E0,9.890264068E0
1.693308367E1,1.622625732E-1,2.627037048E-1,9.852661285E0,9.857498505E0
1.694311367E1,1.660047913E-1,2.700384521E-1,9.849517822E0,9.854617176E0
1.695314367E1,1.600172424E-1,2.832110596E-1,9.808652802E0,9.814045231E0
1.696317267E1,1.740879822E-1,2.692900085E-1,9.796228638E0,9.801475361E0
1.697320267E1,1.580712891E-1,2.703378296E-1,9.830357666E0,9.835344474E0
1.698323167E1,1.595681763E-1,2.703378296E-1,9.864486694E0,9.869480345E0
1.699326167E1,1.688488770E-1,2.653981018E-1,9.887538757E0,9.892541068E0
1.700329067E1,1.525328064E-1,2.556683350E-1,9.892179108E0,9.896658024E0
1.701332067E1,1.576222229E-1,2.751278687E-1,9.885892181E0,9.890975904E0
1.702335067E1,1.770817566E-1,2.724334717E-1,9.850565643E0,9.855923165E0
1.703337967E1,1.745370483E-1,2.609074402E-1,9.826615448E0,9.831627894E0
1.704340967E1,1.661544800E-1,2.601589966E-1,9.834548950E0,9.839392414E0
1.705343867E1,1.725910950E-1,2.601589966E-1,9.842781830E0,9.847731949E0
1.706346867E1,1.769320679E-1,2.489323425E-1,9.823771362E0,9.828517490E0
1.707349867E1,1.836680603E-1,2.180964661E-1,9.864037628E0,9.868157799E0
1.708352767E1,1.547781372E-1,2.248324585E-1,9.857002258E0,9.860780873E0
1.709355767E1,1.562750244E-1,2.314187622E-1,9.871522064E0,9.875470844E0
1.710358667E1,1.633103943E-1,2.288740540E-1,9.871372375E0,9.875375749E0
1.711361667E1,1.692979431E-1,2.330653381E-1,9.860145721E0,9.864352736E0
1.712364567E1,1.715432739E-1,2.574645996E-1,9.858499146E0,9.863352397E0
1.713367567E1,1.829196167E-1,2.751278687E-1,9.847422180E0,9.852962931E0
1.714370567E1,1.667532349E-1,2.802172852E-1,9.815987549E0,9.821402137E0
1.715373467E1,1.657054138E-1,2.880010986E-1,9.848320312E0,9.853923883E0
1.716376467E1,1.633103943E-1,2.966830444E-1,9.852661285E0,9.858479879E0
1.717379367E1,1.812730408E-1,2.847079468E-1,9.853858795E0,9.859637503E0
1.718382367E1,1.745370483E-1,2.701881409E-1,9.866732025E0,9.871973747E0
1.719385367E1,1.742376709E-1,2.665956116E-1,9.859696655E0,9.864839082E0
1.720388267E1,1.740879822E-1,2.507286072E-1,9.863139496E0,9.867861581E0
1.721391267E1,1.562750244E-1,2.529739380E-1,9.866282959E0,9.870762743E0
1.722394167E1,1.600172424E-1,2.348616028E-1,9.861343231E0,9.865437437E0
1.723397167E1,1.606159973E-1,2.254312134E-1,9.875264282E0,9.879142745E0
1.724400067E1,1.462458801E-1,2.339634705E-1,9.887538757E0,9.891387640E0
1.725403067E1,1.538800049E-1,2.450404358E-1,9.886790314E0,9.891023535E0
1.726406067E1,1.688488770E-1,2.643502808E-1,9.842931519E0,9.847928305E0
1.727408967E1,1.669029236E-1,2.607577515E-1,9.810748444E0,9.815632237E0
1.728411967E1,1.588197327E-1,2.531236267E-1,9.842931519E0,9.847466484E0
1.729414867E1,1.478924561E-1,2.722837830E-1,9.874366150E0,9.879226564E0
1.730417867E1,1.574725342E-1,2.656974792E-1,9.870623932E0,9.875454904E0
1.731420867E1,1.637594604E-1,2.523751831E-1,9.862391052E0,9.866978649E0
1.732423767E1,1.269360352E-1,2.579136658E-1,9.815688171E0,9.819896460E0
1.733426767E1,1.213975525E-1,2.508782959E-1,9.786199493E0,9.790167405E0
1.734429667E1,1.435514832E-1,2.576142883E-1,9.801318054E0,9.805753808E0
1.735432667E1,1.523831177E-1,2.604583740E-1,9.871971130E0,9.876582059E0
1.736435667E1,1.495390320E-1,2.453398132E-1,9.894873505E0,9.899044157E0
1.737438567E1,1.540296936E-1,2.502795410E-1,9.897418213E0,9.901780258E0
1.738441567E1,1.821711731E-1,2.647993469E-1,9.797575836E0,9.802846387E0
1.739444467E1,2.029779053E-1,2.502795410E-1,9.731413422E0,9.736747253E0
1.740447467E1,1.998344421E-1,2.254312134E-1,9.807904358E0,9.812529793E0
1.741450367E1,1.754351807E-1,2.176473999E-1,9.835596771E0,9.839568677E0
1.742453367E1,1.405577087E-1,1.954934692E-1,9.830657043E0,9.833605243E0
1.743456367E1,1.362167358E-1,1.878593445E-1,9.811945953E0,9.814689477E0
1.744459267E1,1.136137390E-1,1.850152588E-1,9.797875214E0,9.800280477E0
1.745462267E1,1.347198486E-1,2.125579834E-1,9.868677979E0,9.871886110E0
1.746465167E1,1.556762695E-1,2.471360779E-1,9.977651367E0,9.981925573E0
1.747468167E1,1.642085266E-1,2.878514099E-1,9.989476776E0,9.994972193E0
1.748471167E1,1.609153748E-1,3.237767029E-1,9.928104401E0,9.934685808E0
1.749474067E1,1.519340515E-1,3.580554199E-1,9.832153931E0,9.839844438E0
1.750477067E1,1.543290710E-1,3.784130859E-1,9.776769104E0,9.785306742E0
1.751479967E1,1.758842468E-1,3.713777161E-1,9.770781555E0,9.779418637E0
1.752482967E1,1.875599670E-1,3.384461975E-1,9.827962646E0,9.835576971E0
1.753485967E1,2.026785278E-1,2.917433167E-1,9.886790314E0,9.893170142E0
1.754488867E1,2.094145203E-1,2.498304749E-1,9.909992065E0,9.915352361E0
1.755491867E1,2.001338196E-1,2.139051819E-1,9.895921326E0,9.900255949E0
1.756494767E1,1.962419128E-1,1.901046753E-1,9.883497162E0,9.887272972E0
1.757497767E1,1.764830017E-1,1.755848694E-1,9.863289185E0,9.866430451E0
1.758500767E1,1.758842468E-1,1.835183716E-1,9.859846344E0,9.863122436E0
1.759503667E1,1.860630798E-1,2.082170105E-1,9.842183075E0,9.846143482E0
1.760506667E1,1.631607056E-1,2.421963501E-1,9.851314087E0,9.855641518E0
1.761509567E1,1.715432739E-1,2.911445618E-1,9.833351440E0,9.839156102E0
1.762512554E1,1.808239746E-1,3.026705933E-1,9.850415955E0,9.856723658E0
1.763515554E1,1.787283325E-1,3.089575195E-1,9.867630157E0,9.874083425E0
1.764518454E1,1.832189941E-1,3.240760803E-1,9.862989807E0,9.870013295E0
1.765521454E1,1.669029236E-1,3.098556519E-1,9.864486694E0,9.870763134E0
1.766524354E1,1.748364258E-1,3.216810608E-1,9.880353699E0,9.887134858E0
1.767527354E1,1.733395386E-1,3.246748352E-1,9.887089691E0,9.893937685E0
1.768530254E1,1.986369324E-1,3.221301270E-1,9.894274750E0,9.901509848E0
1.769533254E1,1.803749084E-1,3.266207886E-1,9.940827942E0,9.947827724E0
1.770536254E1,1.520837402E-1,3.281176758E-1,9.918224945E0,9.924816207E0
1.771539154E1,1.830693054E-1,3.375480652E-1,9.818532257E0,9.826038304E0
1.772542154E1,2.336640930E-1,3.338058472E-1,9.775870972E0,9.784358871E0
1.773545054E1,2.203417969E-1,3.043171692E-1,9.773775330E0,9.780994001E0
1.774548054E1,1.968406677E-1,2.941383362E-1,9.771380310E0,9.777787928E0
1.775551054E1,1.760339355E-1,2.791694641E-1,9.779613190E0,9.785180513E0
1.776553954E1,1.796264648E-1,2.692900085E-1,9.833501129E0,9.838827533E0
1.777556954E1,1.913021851E-1,2.637515259E-1,9.880054321E0,9.885425372E0
1.778559854E1,1.889071655E-1,2.710862732E-1,9.909393311E0,9.914900376E0
1.779562854E1,1.770817566E-1,2.749781799E-1,9.902208252E0,9.907608148E0
1.780565854E1,1.788780212E-1,2.978805542E-1,9.879156189E0,9.885264649E0
1.781568754E1,1.688488770E-1,3.183879089E-1,9.867181091E0,9.873760352E0
1.782571754E1,1.899549866E-1,3.441343689E-1,9.854607239E0,9.862443672E0
1.783574654E1,2.013313293E-1,3.547622681E-1,9.839189301E0,9.847641173E0
1.784577654E1,1.854643250E-1,3.525169373E-1,9.857002258E0,9.865047325E0
1.785580654E1,1.920506287E-1,3.588038635E-1,9.845625916E0,9.854033353E0
1.786583554E1,1.881587219E-1,3.505709839E-1,9.820627899E0,9.828684350E0
1.787586554E1,1.877096558E-1,3.351530457E-1,9.837243347E0,9.844740685E0
1.788589454E1,1.655557251E-1,3.150947571E-1,9.859097900E0,9.865521011E0
1.789592454E1,1.755848694E-1,3.195854187E-1,9.887389069E0,9.894110747E0
1.790595454E1,1.755848694E-1,3.230282593E-1,9.875264282E0,9.882106149E0
1.791598354E1,1.826202393E-1,3.270698547E-1,9.857900391E0,9.865015203E0
1.792601354E1,1.790277100E-1,3.388952637E-1,9.842931519E0,9.850390947E0
1.793604254E1,1.716929626E-1,3.469784546E-1,9.838889923E0,9.846503310E0
1.794607254E1,1.703457642E-1,3.543132019E-1,9.840237122E0,9.848087232E0
1.795610254E1,1.845661926E-1,3.550616455E-1,9.851613464E0,9.859737385E0
1.796613154E1,1.820214844E-1,3.528163147E-1,9.851763153E0,9.859759044E0
1.797616154E1,1.682501221E-1,3.604504395E-1,9.860744476E0,9.868764576E0
1.798619054E1,1.679507446E-1,3.432362366E-1,9.890831909E0,9.898210668E0
1.799622054E1,1.631607056E-1,3.409909058E-1,9.856403503E0,9.863649742E0
1.800625054E1,1.692979431E-1,3.550616455E-1,9.852062531E0,9.859912103E0
1.801627954E1,1.683998108E-1,3.592529297E-1,9.870623932E0,9.878594939E0
1.802630954E1,1.748364258E-1,3.655398560E-1,9.866133270E0,9.874450510E0
1.803633954E1,1.667532349E-1,3.739224243E-1,9.842183075E0,9.850695016E0
1.804636854E1,1.695973206E-1,3.906875610E-1,9.838440857E0,9.847655483E0
1.805639854E1,1.848655701E-1,3.888912964E-1,9.834698639E0,9.844120531E0
1.806642754E1,1.829196167E-1,3.990701294E-1,9.836345215E0,9.846136488E0
1.807645754E1,1.880090332E-1,3.999682617E-1,9.862690430E0,9.872587529E0
1.808648754E1,1.591191101E-1,3.767665100E-1,9.853559418E0,9.862043657E0
1.809651654E1,1.646575928E-1,3.673361206E-1,9.851763153E0,9.859984035E0
1.810654654E1,1.706451416E-1,3.739224243E-1,9.856553192E0,9.865119288E0
1.811657554E1,1.672023010E-1,3.836521912E-1,9.853858795E0,9.862741950E0
1.812660554E1,1.631607056E-1,3.921844482E-1,9.852810974E0,9.861962997E0
1.813663554E1,1.688488770E-1,4.013154602E-1,9.837243347E0,9.846873652E0
1.814666454E1,1.673519897E-1,3.829037476E-1,9.841284943E0,9.850152856E0
1.815669454E1,1.504371643E-1,3.945794678E-1,9.847422180E0,9.856472386E0
1.816672354E1,1.531315613E-1,3.966751099E-1,9.846374359E0,9.855551148E0
1.817675354E1,1.474433899E-1,3.827540588E-1,9.856253815E0,9.864784817E0
1.818678354E1,1.565744019E-1,3.915856934E-1,9.868528290E0,9.877535396E0
1.819681254E1,1.395098877E-1,4.010160828E-1,9.865833893E0,9.874966091E0
1.820684254E1,1.329235840E-1,4.099974060E-1,9.829609222E0,9.839054020E0
1.821687254E1,1.451980591E-1,4.273612976E-1,9.814939728E0,9.825312311E0
1.822690154E1,1.309776306E-1,4.400848389E-1,9.849517822E0,9.860214558E0
1.823693154E1,1.457968140E-1,4.400848389E-1,9.886490936E0,9.897354920E0
1.824696054E1,1.627116394E-1,4.405339050E-1,9.892328796E0,9.903469807E0
1.825699054E1,1.535806274E-1,4.465214539E-1,9.873767395E0,9.885051896E0
1.826702054E1,1.302291870E-1,4.415817261E-1,9.810898132E0,9.821694163E0
1.827704954E1,1.112187195E-1,4.414320374E-1,9.773775330E0,9.784371009E0
1.828707954E1,1.272354126E-1,4.487667847E-1,9.811047821E0,9.822130106E0
1.829710854E1,1.287322998E-1,4.382885742E-1,9.888287201E0,9.898832893E0
1.830713854E1,1.372645569E-1,4.475692749E-1,9.902208252E0,9.913268284E0
1.831716854E1,1.453477478E-1,4.418811035E-1,9.855655060E0,9.866626654E0
1.832719754E1,1.618135071E-1,4.462220764E-1,9.765542450E0,9.777070987E0
1.833722754E1,1.700463867E-1,4.314028931E-1,9.761201477E0,9.772209500E0
1.834725754E1,1.790277100E-1,4.261637878E-1,9.833950195E0,9.844807918E0
1.835728654E1,1.568737793E-1,4.227209473E-1,9.829758911E0,9.840094646E0
1.836731654E1,1.209484863E-1,3.959266663E-1,9.810299377E0,9.819030519E0
1.837734554E1,1.294807434E-1,3.918850708E-1,9.783804474E0,9.792505765E0
1.838737554E1,1.258882141E-1,4.192781067E-1,9.831255798E0,9.840997538E0
1.839740554E1,1.347198486E-1,4.221221924E-1,9.926008759E0,9.935893843E0
1.840743454E1,1.296304321E-1,4.652325439E-1,9.987830200E0,9.999499861E0
1.841746454E1,1.052311707E-1,5.086422729E-1,9.960137787E0,9.973672107E0
1.842749454E1,1.110690308E-1,5.418731689E-1,9.873318329E0,9.888800619E0
1.843752354E1,1.258882141E-1,5.785469055E-1,9.785750427E0,9.803646046E0
1.844755354E1,1.567240906E-1,5.975573730E-1,9.758656769E0,9.778190998E0
1.845758254E1,1.710942078E-1,5.993536377E-1,9.789043579E0,9.808867019E0
1.846761254E1,1.793270874E-1,5.623805237E-1,9.827064514E0,9.844776637E0
1.847764254E1,1.835183716E-1,5.382806396E-1,9.875114594E0,9.891476799E0
1.848767154E1,1.965412903E-1,4.950205994E-1,9.900861053E0,9.915176422E0
1.849770154E1,1.760339355E-1,4.734654236E-1,9.893526306E0,9.906413086E0
1.850773154E1,1.718426514E-1,4.378395081E-1,9.886790314E0,9.897972320E0
1.851776054E1,1.624122620E-1,4.291575623E-1,9.878108368E0,9.888760230E0
1.852779054E1,1.538800049E-1,4.318519592E-1,9.868827667E0,9.879470365E0
1.853781954E1,1.348695374E-1,4.471202087E-1,9.847571869E0,9.858639763E0
1.854784954E1,1.357676697E-1,4.739144897E-1,9.814640350E0,9.827013433E0
1.855787954E1,1.399589539E-1,5.134323120E-1,9.805209961E0,9.819640708E0
1.856790854E1,1.407073975E-1,5.360353088E-1,9.801467743E0,9.817122916E0
1.857793854E1,1.622625732E-1,5.755531311E-1,9.830956421E0,9.849126596E0
1.858796854E1,1.604663086E-1,5.798941040E-1,9.849368134E0,9.867729183E0
1.859799754E1,1.577719116E-1,5.936654663E-1,9.867480469E0,9.886581890E0
1.860802754E1,1.639091492E-1,5.945635986E-1,9.883646851E0,9.902870652E0
1.861805654E1,1.603166199E-1,6.014492798E-1,9.863738251E0,9.883358485E0
1.862808692E1,1.832189941E-1,5.959107971E-1,9.862241364E0,9.881927119E0
1.863811692E1,1.633103943E-1,5.989045715E-1,9.867480469E0,9.886987801E0
1.864814592E1,1.290316772E-1,6.195616150E-1,9.917177124E0,9.937349137E0
1.865817592E1,1.417552185E-1,6.198609924E-1,9.876162415E0,9.896610846E0
1.866820592E1,1.794767761E-1,5.983058167E-1,9.814490662E0,9.834348413E0
1.867823492E1,1.866618347E-1,5.861810303E-1,9.776320038E0,9.795656401E0
1.868826492E1,1.547781372E-1,5.694158936E-1,9.746382294E0,9.764228518E0
1.869829392E1,1.395098877E-1,5.499563599E-1,9.789492645E0,9.805920725E0
1.870832392E1,1.282832336E-1,5.411247253E-1,9.830507355E0,9.846225033E0
1.871835392E1,1.359173584E-1,5.384303284E-1,9.865534515E0,9.881151351E0
1.872838292E1,1.469943237E-1,5.477110291E-1,9.903106384E0,9.919330157E0
1.873841292E1,1.649569702E-1,5.539979553E-1,9.901459808E0,9.918317946E0
1.874844292E1,1.450483704E-1,5.686674500E-1,9.895322571E0,9.912710552E0
1.875847192E1,1.365161133E-1,5.879772949E-1,9.868079224E0,9.886523227E0
1.876850192E1,1.383123779E-1,6.174659729E-1,9.833650818E0,9.853988175E0
1.877853092E1,1.555265808E-1,6.409671021E-1,9.811796265E0,9.833939866E0
1.878856092E1,1.580712891E-1,6.445596313E-1,9.818681946E0,9.841085245E0
1.879859092E1,1.510359192E-1,6.364764404E-1,9.819580078E0,9.841344777E0
1.880861992E1,1.490899658E-1,6.282435608E-1,9.812993774E0,9.834213980E0
1.881864992E1,1.529818726E-1,6.239025879E-1,9.823022919E0,9.844005138E0
1.882867992E1,1.342707825E-1,6.080355835E-1,9.848769379E0,9.868434232E0
1.883870892E1,1.417552185E-1,6.156697083E-1,9.859846344E0,9.880066480E0
1.884873892E1,1.303788757E-1,6.107299805E-1,9.852361908E0,9.872133757E0
1.885876792E1,1.398092651E-1,6.116281128E-1,9.832602997E0,9.852599519E0
1.886879792E1,1.440005493E-1,6.283932495E-1,9.832453308E0,9.853565461E0
1.887882792E1,1.471440125E-1,6.412664795E-1,9.825567627E0,9.847570931E0
1.888885692E1,1.326242065E-1,6.486012268E-1,9.833052063E0,9.855312557E0
1.889888692E1,1.309776306E-1,6.599775696E-1,9.857750702E0,9.880686941E0
1.890891692E1,1.359173584E-1,6.517446899E-1,9.863588562E0,9.886031762E0
1.891894592E1,1.384620667E-1,6.508465576E-1,9.846823425E0,9.869280853E0
1.892897592E1,1.335223389E-1,6.512956238E-1,9.839488678E0,9.861924338E0
1.893900592E1,1.308279419E-1,6.491999817E-1,9.847721558E0,9.869964359E0
1.894903492E1,1.306782532E-1,6.415658569E-1,9.852661285E0,9.874392030E0
1.895906492E1,1.416055298E-1,6.397695923E-1,9.854158173E0,9.875919732E0
1.896909392E1,1.329235840E-1,6.619235229E-1,9.840835876E0,9.863967872E0
1.897912392E1,1.213975525E-1,6.727011108E-1,9.837393036E0,9.861113826E0
1.898915392E1,1.405577087E-1,6.882687378E-1,9.824370117E0,9.849452702E0
1.899918292E1,1.305285645E-1,6.845265198E-1,9.823921051E0,9.848605946E0
1.900921292E1,1.344204712E-1,7.050338745E-1,9.814191284E0,9.840401018E0
1.901924292E1,1.258882141E-1,6.822811890E-1,9.833052063E0,9.857498077E0
1.902927192E1,1.291813660E-1,7.006929016E-1,9.843230896E0,9.868984387E0
1.903930192E1,1.243913269E-1,6.828799438E-1,9.831555176E0,9.856027364E0
1.904933092E1,1.318757629E-1,6.765930176E-1,9.840237122E0,9.864351775E0
1.905936092E1,1.303788757E-1,6.806346130E-1,9.846973114E0,9.871329274E0
1.906939092E1,1.207987976E-1,6.824308777E-1,9.829160156E0,9.853562484E0
1.907941992E1,1.193019104E-1,6.887178040E-1,9.846524048E0,9.871301889E0
1.908944992E1,9.969268799E-2,7.089257812E-1,9.835297394E0,9.861317824E0
1.909947992E1,1.188528442E-1,7.111711121E-1,9.818981323E0,9.845419472E0
1.910950892E1,1.212478638E-1,7.271878052E-1,9.829309845E0,9.856918138E0
1.911953892E1,1.059796143E-1,7.307803345E-1,9.828711090E0,9.856410770E0
1.912956892E1,1.128652954E-1,7.104226685E-1,9.830207977E0,9.856491659E0
1.913959792E1,1.143621826E-1,7.352709961E-1,9.834399261E0,9.862510379E0
1.914962792E1,1.158590698E-1,7.192543030E-1,9.838440857E0,9.865377265E0
1.915965692E1,1.321751404E-1,7.158114624E-1,9.832153931E0,9.859062188E0
1.916968692E1,1.029858398E-1,7.204518127E-1,9.826615448E0,9.853528711E0
1.917971692E1,9.056167603E-2,7.256909180E-1,9.850565643E0,9.877675446E0
1.918974592E1,1.004411316E-1,7.252418518E-1,9.846374359E0,9.873558233E0
1.919977592E1,7.948471069E-2,7.165599060E-1,9.851314087E0,9.877659903E0
1.920980592E1,7.873626709E-2,7.364685059E-1,9.853409729E0,9.881207849E0
1.921983492E1,8.966354370E-2,7.391629028E-1,9.864786072E0,9.892846182E0
1.922986492E1,8.622070312E-2,7.559280396E-1,9.872270508E0,9.901544637E0
1.923989392E1,1.016386414E-1,7.580236816E-1,9.837243347E0,9.866928954E0
1.924992392E1,8.128097534E-2,7.752378845E-1,9.794132996E0,9.825102621E0
1.925995392E1,6.227050781E-2,7.809260559E-1,9.757908325E0,9.789305287E0
1.926998292E1,5.867797852E-2,7.734416199E-1,9.782307587E0,9.813011605E0
1.928001292E1,7.963439941E-2,7.720944214E-1,9.861492920E0,9.891992420E0
1.929004292E1,8.711883545E-2,7.734416199E-1,9.893077240E0,9.923647460E0
1.930007192E1,1.049317932E-1,7.689509583E-1,9.843679962E0,9.874225613E0
1.931010192E1,1.420545959E-1,7.625143433E-1,9.797725525E0,9.828378966E0
1.932013192E1,1.535806274E-1,7.711962891E-1,9.796827393E0,9.828334431E0
1.933016092E1,1.486408997E-1,7.581733704E-1,9.828711090E0,9.859030514E0
1.934019092E1,1.142124939E-1,7.393125916E-1,9.824370117E0,9.852810553E0
1.935021992E1,8.337661743E-2,7.387138367E-1,9.758357391E0,9.786633168E0
1.936024992E1,9.804611206E-2,7.417076111E-1,9.702972565E0,9.731773724E0
1.937027992E1,9.729766846E-2,7.430548096E-1,9.718989258E0,9.747838195E0
1.938030892E1,7.948471069E-2,7.508386230E-1,9.839638367E0,9.868564214E0
1.939033892E1,7.170089722E-2,7.653584290E-1,9.959688721E0,9.989309984E0
1.940036892E1,5.149291992E-2,7.952961731E-1,9.981692963E0,1.001345804E1
1.941039792E1,5.194198608E-2,8.229885864E-1,9.893526306E0,9.927833145E0
1.942042792E1,8.187973022E-2,8.665480042E-1,9.804611206E0,9.843170761E0
1.943045792E1,1.083746338E-1,8.963360596E-1,9.764195251E0,9.805848882E0
1.944048692E1,1.432521057E-1,8.993298340E-1,9.779912567E0,9.822219970E0
1.945051692E1,1.302291870E-1,8.943901062E-1,9.810149689E0,9.851696819E0
1.946054592E1,1.176553345E-1,8.702902222E-1,9.823921051E0,9.863096505E0
1.947057592E1,1.272354126E-1,8.538244629E-1,9.832752686E0,9.870573967E0
1.948060592E1,1.341210938E-1,8.327183533E-1,9.843380585E0,9.879450878E0
1.949063492E1,1.305285645E-1,8.101153564E-1,9.865384827E0,9.899451620E0
1.950066492E1,1.124162292E-1,7.961943054E-1,9.885892181E0,9.918539560E0
1.951069492E1,1.061293030E-1,7.807763672E-1,9.890083466E0,9.921422586E0
1.952072392E1,1.008901978E-1,7.909552002E-1,9.846074982E0,9.878308636E0
1.953075392E1,9.430389404E-2,8.104147339E-1,9.826765137E0,9.860576977E0
1.954078392E1,1.022373962E-1,8.318202209E-1,9.795929260E0,9.831714369E0
1.955081292E1,1.011895752E-1,8.625064087E-1,9.783355408E0,9.821822625E0
1.956084292E1,1.136137390E-1,8.863069153E-1,9.790390778E0,9.831083338E0
1.957087192E1,1.128652954E-1,9.030720520E-1,9.836943970E0,9.878954619E0
1.958090192E1,1.095721436E-1,8.872050476E-1,9.850116577E0,9.890598336E0
1.959093192E1,1.164578247E-1,9.020242310E-1,9.855505371E0,9.897383304E0
1.960096092E1,1.231938171E-1,9.017248535E-1,9.850565643E0,9.892518785E0
1.961099092E1,1.245410156E-1,9.113049316E-1,9.839937744E0,9.882831677E0
1.962102092E1,1.239422607E-1,9.214837646E-1,9.824370117E0,9.868269464E0
1.963105021E1,9.804611206E-2,9.300160217E-1,9.864786072E0,9.909013426E0
1.964108021E1,7.798782349E-2,9.310638428E-1,9.902807007E0,9.946785842E0
1.965111021E1,9.116043091E-2,9.144483948E-1,9.836045837E0,9.878882721E0
1.966113921E1,1.279838562E-1,9.145980835E-1,9.737400970E0,9.781096420E0
1.967116921E1,1.305285645E-1,9.165440369E-1,9.693991241E0,9.738098216E0
1.968119821E1,1.080752563E-1,8.916957092E-1,9.718689880E0,9.760109348E0
1.969122821E1,7.514373779E-2,8.720864868E-1,9.802964630E0,9.841966113E0
1.970125821E1,7.125183105E-2,8.604107666E-1,9.859097900E0,9.896827518E0
1.971128721E1,9.086105347E-2,8.442443848E-1,9.859097900E0,9.895595774E0
1.972131721E1,1.019380188E-1,8.660989380E-1,9.875413971E0,9.913844856E0
1.973134721E1,9.804611206E-2,8.686436462E-1,9.884994049E0,9.923571039E0
1.974137621E1,1.050814819E-1,8.901988220E-1,9.847571869E0,9.888284370E0
1.975140621E1,9.295669556E-2,9.198371887E-1,9.818681946E0,9.862112175E0
1.976143621E1,9.056167603E-2,9.291178894E-1,9.784103851E0,9.828537513E0
1.977146521E1,8.951385498E-2,9.310638428E-1,9.767488403E0,9.812172151E0
1.978149521E1,8.981323242E-2,9.430389404E-1,9.788444824E0,9.834177187E0
1.979152521E1,9.729766846E-2,9.282197571E-1,9.805209961E0,9.849527965E0
1.980155421E1,9.370513916E-2,9.111552429E-1,9.808054047E0,9.850731380E0
1.981158421E1,7.963439941E-2,9.114546204E-1,9.813742218E0,9.856298874E0
1.982161321E1,7.978408813E-2,9.042695618E-1,9.820478210E0,9.862345625E0
1.983164321E1,6.840774536E-2,9.008267212E-1,9.828112335E0,9.869547126E0
1.984167321E1,7.170089722E-2,9.265731812E-1,9.834698639E0,9.878510829E0
1.985170221E1,6.706054688E-2,9.339079285E-1,9.814041595E0,9.858605052E0
1.986173221E1,9.265731812E-2,9.313632202E-1,9.799671478E0,9.844266550E0
1.987176221E1,8.217910767E-2,9.460327148E-1,9.796677704E0,9.842592409E0
1.988179121E1,7.768844604E-2,9.527687073E-1,9.809101868E0,9.855571173E0
1.989182121E1,8.023315430E-2,9.485774231E-1,9.843380585E0,9.889306236E0
1.990185121E1,7.155120850E-2,9.502239990E-1,9.842931519E0,9.888950708E0
1.991188021E1,7.349716187E-2,9.392967224E-1,9.821825409E0,9.866911094E0
1.992191021E1,7.469467163E-2,9.321116638E-1,9.815388794E0,9.859831065E0
1.993194021E1,7.304809570E-2,9.208850098E-1,9.809101868E0,9.852504487E0
1.994196921E1,7.125183105E-2,9.298663330E-1,9.832453308E0,9.876581710E0
1.995199921E1,7.155120850E-2,9.265731812E-1,9.845027161E0,9.888792506E0
1.996202821E1,9.011260986E-2,9.431886292E-1,9.824220428E0,9.869804056E0
1.997205821E1,9.190887451E-2,9.663903809E-1,9.799821167E0,9.847784142E0
1.998208821E1,6.840774536E-2,9.547146606E-1,9.794432373E0,9.841090652E0
1.999211721E1,7.289840698E-2,9.650431824E-1,9.809401245E0,9.857026697E0
2.000214721E1,7.753875732E-2,9.741741943E-1,9.801018677E0,9.849619014E0
2.001217721E1,6.825805664E-2,9.723779297E-1,9.801916809E0,9.850266551E0
2.002220621E1,7.185058594E-2,9.701325989E-1,9.813592529E0,9.861689414E0
2.003223621E1,7.634124756E-2,9.672885132E-1,9.814939728E0,9.862784440E0
2.004226621E1,7.005432129E-2,9.604028320E-1,9.810598755E0,9.857744627E0
2.005229521E1,6.496490479E-2,9.565109253E-1,9.821376343E0,9.868057907E0
2.006232521E1,7.050338745E-2,9.532177734E-1,9.806407471E0,9.852878886E0
2.007235521E1,5.568420410E-2,9.614506531E-1,9.812245331E0,9.859393821E0
2.008238421E1,4.655319214E-2,9.696835327E-1,9.795180817E0,9.843171267E0
2.009241421E1,7.095245361E-2,9.662406921E-1,9.804910583E0,9.852660903E0
2.010244321E1,4.909790039E-2,9.774673462E-1,9.812245331E0,9.860933599E0
2.011247321E1,5.119354248E-2,9.870474243E-1,9.807904358E0,9.857579383E0
2.012250321E1,5.852828979E-2,9.827064514E-1,9.816735992E0,9.865974005E0
2.013253221E1,6.376739502E-2,9.915380859E-1,9.807754669E0,9.857954438E0
2.014256221E1,5.493576050E-2,9.883946228E-1,9.807455292E0,9.857287719E0
2.015259221E1,6.331832886E-2,9.858499146E-1,9.789342957E0,9.839062190E0
2.016262121E1,5.837860107E-2,9.734257507E-1,9.795180817E0,9.843603658E0
2.017265121E1,4.954696655E-2,9.848020935E-1,9.810748444E0,9.860176220E0
2.018268121E1,5.613327026E-2,9.791139221E-1,9.836943970E0,9.885710985E0
2.019271021E1,4.730163574E-2,9.825567627E-1,9.831854553E0,9.880942222E0
2.020274021E1,4.311035156E-2,9.877958679E-1,9.840985565E0,9.890530626E0
2.021277021E1,4.954696655E-2,9.861492920E-1,9.847871246E0,9.897247770E0
2.022279921E1,5.134323120E-2,1.005159760E0,9.862840118E0,9.914060594E0
2.023282921E1,4.236190796E-2,1.015188904E0,9.850715332E0,9.902979127E0
2.024285821E1,3.098556519E-2,1.030008087E0,9.799521790E0,9.853552865E0
2.025288821E1,1.990859985E-2,1.026565247E0,9.737101593E0,9.791086762E0
2.026291821E1,2.589614868E-2,1.024170227E0,9.727671204E0,9.781471378E0
2.027294721E1,3.113525391E-2,1.024170227E0,9.769284668E0,9.822872135E0
2.028297721E1,2.769241333E-2,1.031954041E0,9.834099884E0,9.888135140E0
2.029300721E1,3.832031250E-2,1.010099487E0,9.839638367E0,9.891423184E0
2.030303621E1,6.646179199E-2,1.005758514E0,9.800569611E0,9.852265326E0
2.031306621E1,9.430389404E-2,1.009051666E0,9.814041595E0,9.866229823E0
2.032309621E1,9.535171509E-2,1.002165985E0,9.820627899E0,9.872089999E0
2.033312521E1,7.409591675E-2,9.918374634E-1,9.814340973E0,9.864609495E0
2.034315521E1,4.490661621E-2,9.824070740E-1,9.781708832E0,9.831020696E0
2.035318521E1,4.520599365E-2,9.840536499E-1,9.703721008E0,9.753594546E0
2.036321421E1,6.316864014E-2,9.714797974E-1,9.673483887E0,9.722348162E0
2.037324421E1,5.822891235E-2,9.756710815E-1,9.736353149E0,9.785289843E0
2.038327421E1,4.131408691E-2,9.888436890E-1,9.872270508E0,9.921756078E0
2.039330321E1,2.993774414E-2,1.007554779E0,9.957144012E0,1.000803576E1
2.040333321E1,1.392105103E-2,1.047821045E0,9.922715607E0,9.977895958E0
2.041336321E1,2.724334717E-2,1.073866882E0,9.861642609E0,9.919976170E0
2.042339221E1,5.897735596E-2,1.103954315E0,9.785001984E0,9.847256333E0
2.043342221E1,7.334747314E-2,1.105451202E0,9.784103851E0,9.846628377E0
2.044345121E1,8.202941895E-2,1.112785950E0,9.783954163E0,9.847374292E0
2.045348121E1,8.202941895E-2,1.093176727E0,9.788594513E0,9.849789171E0
2.046351121E1,8.966354370E-2,1.076710968E0,9.773326263E0,9.832865926E0
2.047354021E1,8.786727905E-2,1.054257660E0,9.782906342E0,9.839940872E0
2.048357021E1,8.652008057E-2,1.027613068E0,9.808503113E0,9.862565977E0
2.049360021E1,8.771759033E-2,1.011446686E0,9.857451324E0,9.909594613E0
2.050362921E1,7.349716187E-2,9.945318604E-1,9.879305878E0,9.929510566E0
2.051365921E1,6.646179199E-2,9.846524048E-1,9.863738251E0,9.912985918E0
2.052368921E1,7.005432129E-2,9.948312378E-1,9.821526031E0,9.872029699E0
2.053371821E1,7.888595581E-2,1.017733612E0,9.790989532E0,9.844058143E0
2.054374821E1,7.349716187E-2,1.050365753E0,9.777068481E0,9.833602501E0
2.055377821E1,8.397537231E-2,1.061442719E0,9.771529999E0,9.829369818E0
2.056380721E1,7.679031372E-2,1.084644470E0,9.796228638E0,9.856391120E0
2.057383721E1,7.200027466E-2,1.096170502E0,9.813442841E0,9.874737171E0
2.058386721E1,7.304809570E-2,1.093775482E0,9.827513580E0,9.888463177E0
2.059389621E1,6.571334839E-2,1.096469879E0,9.839488678E0,9.900611187E0
2.060392621E1,8.307723999E-2,1.091380463E0,9.841584320E0,9.902262119E0
2.061395621E1,8.307723999E-2,1.107846222E0,9.824819183E0,9.887431267E0
2.062398521E1,8.038284302E-2,1.112336884E0,9.818681946E0,9.881815111E0
2.063401517E1,4.580474854E-2,1.108295288E0,9.844727783E0,9.907021835E0
2.064404417E1,4.490661621E-2,1.102607117E0,9.845326538E0,9.906978031E0
2.065407417E1,7.768844604E-2,1.105600891E0,9.779762878E0,9.842365101E0
2.066410417E1,1.029858398E-1,1.110390930E0,9.697583771E0,9.761490926E0
2.067413317E1,8.996292114E-2,1.082249451E0,9.690997467E0,9.751655711E0
2.068416317E1,4.909790039E-2,1.069825287E0,9.745035095E0,9.803705715E0
2.069419317E1,4.191284180E-2,1.056053925E0,9.814490662E0,9.871232624E0
2.070422217E1,4.760101318E-2,1.042282562E0,9.837991791E0,9.893164371E0
2.071425217E1,5.703140259E-2,1.055006104E0,9.839338989E0,9.895902294E0
2.072428217E1,6.212081909E-2,1.048120422E0,9.833950195E0,9.889842863E0
2.073431117E1,6.511459351E-2,1.061592407E0,9.832453308E0,9.889810737E0
2.074434117E1,5.418731689E-2,1.085542603E0,9.812095642E0,9.872110205E0
2.075437117E1,3.712280273E-2,1.095571747E0,9.777367859E0,9.838626825E0
2.076440017E1,4.969665527E-2,1.100810852E0,9.767039337E0,9.829003597E0
2.077443017E1,4.894821167E-2,1.105002136E0,9.774673462E0,9.837055806E0
2.078446017E1,6.331832886E-2,1.102307739E0,9.779164124E0,9.841297807E0
2.079448917E1,6.047424316E-2,1.100361786E0,9.810898132E0,9.872597194E0
2.080451917E1,3.487747192E-2,1.086141357E0,9.819879456E0,9.879825505E0
2.081454917E1,3.637435913E-2,1.086740112E0,9.810000000E0,9.870077364E0
2.082457817E1,3.517684937E-2,1.077908478E0,9.816885681E0,9.875948996E0
2.083460817E1,3.113525391E-2,1.076561279E0,9.810748444E0,9.869687868E0
2.084463817E1,4.655319214E-2,1.078507233E0,9.798773346E0,9.858057828E0
2.085466717E1,5.194198608E-2,1.099613342E0,9.790540466E0,9.852234777E0
2.086469717E1,5.583389282E-2,1.110839996E0,9.785600739E0,9.848607248E0
2.087472717E1,5.957611084E-2,1.115929413E0,9.787546692E0,9.851137904E0
2.088475617E1,5.373825073E-2,1.117575989E0,9.796977081E0,9.860660415E0
2.089478617E1,5.164260864E-2,1.105600891E0,9.811646576E0,9.873876079E0
2.090481517E1,5.583389282E-2,1.100810852E0,9.805659027E0,9.867413588E0
2.091484517E1,4.760101318E-2,1.091979218E0,9.810449066E0,9.871149647E0
2.092487517E1,4.101470947E-2,1.099313965E0,9.794881439E0,9.856463656E0
2.093490417E1,4.296066284E-2,1.100212097E0,9.801467743E0,9.863117265E0
2.094493417E1,4.999603271E-2,1.103654938E0,9.805359650E0,9.867402479E0
2.095496417E1,5.134323120E-2,1.094074860E0,9.809850311E0,9.870805390E0
2.096499317E1,3.562591553E-2,1.121318207E0,9.809850311E0,9.873792932E0
2.097502317E1,4.041595459E-2,1.127305756E0,9.805359650E0,9.870031893E0
2.098505317E1,4.206253052E-2,1.120420074E0,9.789043579E0,9.853044433E0
2.099508217E1,4.311035156E-2,1.120569763E0,9.779762878E0,9.843845644E0
2.100511217E1,4.700225830E-2,1.111289062E0,9.788444824E0,9.851437696E0
2.101514217E1,3.622467041E-2,1.112336884E0,9.794582062E0,9.857608398E0
2.102517117E1,4.251159668E-2,1.100810852E0,9.808353424E0,9.870024755E0
2.103520117E1,3.981719971E-2,1.101409607E0,9.796078949E0,9.857882699E0
2.104523117E1,3.847000122E-2,1.103505249E0,9.792037354E0,9.854095560E0
2.105526017E1,2.993774414E-2,1.119521942E0,9.793983307E0,9.857805773E0
2.106529017E1,3.278182983E-2,1.120719452E0,9.790989532E0,9.854976548E0
2.107532017E1,4.266128540E-2,1.101110229E0,9.809101868E0,9.870802560E0
2.108534917E1,3.323089600E-2,1.103505249E0,9.802665253E0,9.864637560E0
2.109537917E1,3.921844482E-2,1.105151825E0,9.813592529E0,9.875702353E0
2.110540917E1,3.188369751E-2,1.100960541E0,9.794881439E0,9.856613673E0
2.111543817E1,3.023712158E-2,1.100212097E0,9.792935486E0,9.854591132E0
2.112546817E1,2.035766602E-2,1.114881592E0,9.796228638E0,9.859486342E0
2.113549817E1,2.544708252E-2,1.111289062E0,9.803713074E0,9.866529327E0
2.114552717E1,2.260299683E-2,1.113534393E0,9.811347198E0,9.874360921E0
2.115555717E1,2.395019531E-2,1.114582214E0,9.815688171E0,9.878795544E0
2.116558717E1,3.308120728E-2,1.121767273E0,9.822274475E0,9.886178839E0
2.117561617E1,5.134323120E-2,1.120719452E0,9.838440857E0,9.902200095E0
2.118564617E1,4.355941772E-2,1.128802643E0,9.819580078E0,9.884343465E0
2.119567617E1,2.245330811E-2,1.126108246E0,9.772278442E0,9.836973614E0
2.120570517E1,6.286926270E-3,1.122665405E0,9.714648285E0,9.779305110E0
2.121573517E1,3.293151855E-3,1.120569763E0,9.718989258E0,9.783375677E0
2.122576517E1,1.212478638E-2,1.111588440E0,9.782457275E0,9.845417524E0
2.123579417E1,2.245330811E-2,1.097966766E0,9.845176849E0,9.906237548E0
2.124582417E1,3.427871704E-2,1.094224548E0,9.816885681E0,9.877739968E0
2.125585417E1,6.197113037E-2,1.094972992E0,9.770332489E0,9.831693812E0
2.126588317E1,7.993377686E-2,1.101708984E0,9.764794006E0,9.827072508E0
2.127591317E1,6.017486572E-2,1.092577972E0,9.764943695E0,9.826060910E0
2.128594217E1,3.861968994E-2,1.100212097E0,9.776020660E0,9.837811652E0
2.129597217E1,2.335144043E-2,1.094523926E0,9.744436340E0,9.805741558E0
2.130600217E1,2.065704346E-2,1.085392914E0,9.698930969E0,9.759496218E0
2.131603117E1,3.308120728E-2,1.079704742E0,9.668244781E0,9.728402431E0
2.132606117E1,3.981719971E-2,1.082848206E0,9.757010193E0,9.816995139E0
2.133609117E1,4.131408691E-2,1.094823303E0,9.910890198E0,9.971263181E0
2.134612017E1,1.901046753E-2,1.099763031E0,1.001432510E1,1.007454949E1
2.135615017E1,9.729766846E-3,1.120569763E0,9.949060822E0,1.001197196E1
2.136618017E1,1.152603149E-2,1.153052216E0,9.810748444E0,9.878281596E0
2.137620917E1,2.724334717E-2,1.181642761E0,9.718540192E0,9.790150421E0
2.138623917E1,3.712280273E-2,1.203048248E0,9.727970581E0,9.802148480E0
2.139626917E1,7.903564453E-2,1.183289337E0,9.763596497E0,9.835356467E0
2.140629817E1,7.604187012E-2,1.165027313E0,9.791887665E0,9.861244092E0
2.141632817E1,8.337661743E-2,1.149908752E0,9.789193268E0,9.856852775E0
2.142635817E1,7.484436035E-2,1.116378479E0,9.809850311E0,9.873452573E0
2.143638717E1,5.852828979E-2,1.095571747E0,9.838291168E0,9.899276545E0
2.144641717E1,3.592529297E-2,1.072369995E0,9.839788055E0,9.898115831E0
2.145644717E1,3.936813354E-2,1.048569489E0,9.859846344E0,9.915524078E0
2.146647617E1,4.790039063E-2,1.035845947E0,9.860594788E0,9.914968524E0
2.147650617E1,4.445755005E-2,1.048120422E0,9.820328522E0,9.876202973E0
2.148653617E1,6.047424316E-2,1.085392914E0,9.785301361E0,9.845499360E0
2.149656517E1,6.212081909E-2,1.118474121E0,9.764045563E0,9.828093869E0
2.150659517E1,6.616241455E-2,1.122515717E0,9.772577820E0,9.837057296E0
2.151662517E1,6.032455444E-2,1.136586456E0,9.798174591E0,9.864060682E0
2.152665417E1,6.152206421E-2,1.140478363E0,9.815239105E0,9.881467227E0
2.153668417E1,6.825805664E-2,1.149010620E0,9.825867004E0,9.893055491E0
2.154671417E1,6.885681152E-2,1.150956573E0,9.825867004E0,9.893285839E0
2.155674317E1,7.200027466E-2,1.156794434E0,9.831704865E0,9.899786763E0
2.156677317E1,6.930587769E-2,1.146765289E0,9.829609222E0,9.896519156E0
2.157680317E1,5.763015747E-2,1.140628052E0,9.855056305E0,9.921012467E0
2.158683217E1,4.056564331E-2,1.141226807E0,9.834548950E0,9.900626104E0
2.159686217E1,5.388793945E-2,1.128203888E0,9.787097626E0,9.852057037E0
2.160689217E1,9.011260986E-2,1.119222565E0,9.732760620E0,9.797316404E0
2.161692117E1,8.771759033E-2,1.115330658E0,9.685309296E0,9.749711432E0
2.162695096E1,5.987548828E-2,1.090332642E0,9.706116028E0,9.767348601E0
2.163698096E1,4.326004028E-2,1.077160034E0,9.761949921E0,9.821293775E0
2.164700996E1,3.742218018E-2,1.051114197E0,9.822424164E0,9.878575703E0
2.165703996E1,4.969665527E-2,1.044677582E0,9.851164398E0,9.906526183E0
2.166706996E1,5.194198608E-2,1.052611084E0,9.856852570E0,9.913033372E0
2.167709896E1,6.631210327E-2,1.053209839E0,9.845775604E0,9.902168728E0
2.168712896E1,6.406677246E-2,1.056502991E0,9.821675720E0,9.878543267E0
2.169715896E1,6.077362061E-2,1.081800385E0,9.792935486E0,9.852693588E0
2.170718796E1,5.748046875E-2,1.098116455E0,9.768985291E0,9.830678377E0
2.171721796E1,5.418731689E-2,1.095272369E0,9.791438599E0,9.852655868E0
2.172724796E1,5.613327026E-2,1.088835754E0,9.787846069E0,9.848382858E0
2.173727696E1,5.538482666E-2,1.084345093E0,9.801767120E0,9.861719446E0
2.174730696E1,5.658233643E-2,1.073717194E0,9.814340973E0,9.873062286E0
2.175733696E1,5.014572144E-2,1.074016571E0,9.843979340E0,9.902522680E0
2.176736596E1,4.296066284E-2,1.054107971E0,9.842183075E0,9.898563376E0
2.177739596E1,5.957611084E-2,1.053658905E0,9.834998016E0,9.891457546E0
2.178742596E1,5.119354248E-2,1.060694275E0,9.823022919E0,9.880256696E0
2.179745496E1,5.837860107E-2,1.067879333E0,9.798324280E0,9.856517287E0
2.180748496E1,6.346801758E-2,1.066232758E0,9.764045563E0,9.822294347E0
2.181751496E1,6.376739502E-2,1.072519684E0,9.776918793E0,9.835776829E0
2.182754396E1,5.478607178E-2,1.080752563E0,9.786349182E0,9.845997051E0
2.183757396E1,7.065307617E-2,1.074765015E0,9.823621674E0,9.882492321E0
2.184760396E1,6.481521606E-2,1.060245209E0,9.848470001E0,9.905588437E0
2.185763396E1,6.825805664E-2,1.057550812E0,9.845176849E0,9.902049287E0
2.186766296E1,7.080276489E-2,1.044527893E0,9.822573853E0,9.878208777E0
2.187769296E1,6.421646118E-2,1.049168243E0,9.809550934E0,9.865706629E0
2.188772296E1,7.229965210E-2,1.037642212E0,9.790091400E0,9.845192645E0
2.189775196E1,5.733078003E-2,1.028211823E0,9.795629883E0,9.849612742E0
2.190778196E1,5.807922363E-2,1.023571472E0,9.828860779E0,9.882184777E0
2.191781196E1,7.933502197E-2,1.027164001E0,9.829160156E0,9.883003051E0
2.192784096E1,6.750961304E-2,1.017733612E0,9.818681946E0,9.871517330E0
2.193787096E1,6.256988525E-2,1.006207581E0,9.819430389E0,9.871047658E0
2.194790096E1,6.361770630E-2,1.025517426E0,9.792187042E0,9.845946388E0
2.195792996E1,6.242019653E-2,9.985734558E-1,9.794282684E0,9.845253604E0
2.196795996E1,6.511459351E-2,1.003363495E0,9.798923035E0,9.850374148E0
2.197798996E1,6.750961304E-2,9.943821716E-1,9.805509338E0,9.856032003E0
2.198801896E1,7.679031372E-2,9.840536499E-1,9.805808716E0,9.855361125E0
2.199804896E1,8.726852417E-2,9.642947388E-1,9.825717316E0,9.873307496E0
2.200807896E1,7.634124756E-2,9.771679688E-1,9.827962646E0,9.876716813E0
2.201810796E1,6.706054688E-2,9.729766846E-1,9.817634125E0,9.865957660E0
2.202813796E1,6.137237549E-2,9.581575012E-1,9.835447083E0,9.882198727E0
2.203816796E1,5.942642212E-2,9.511221313E-1,9.849966888E0,9.895959403E0
2.204819696E1,5.777984619E-2,9.487271118E-1,9.826465759E0,9.872327535E0
2.205822696E1,5.748046875E-2,9.464817810E-1,9.794881439E0,9.840672445E0
2.206825696E1,6.930587769E-2,9.407936096E-1,9.795180817E0,9.840501164E0
2.207828596E1,6.855743408E-2,9.463320923E-1,9.830058289E0,9.875742529E0
2.208831596E1,7.095245361E-2,9.419911194E-1,9.827513580E0,9.872811387E0
2.209834596E1,7.080276489E-2,9.276210022E-1,9.801318054E0,9.845370961E0
2.210837496E1,4.984634399E-2,9.222322083E-1,9.779313812E0,9.822829304E0
2.211840496E1,3.861968994E-2,9.021739197E-1,9.777218170E0,9.818829075E0
2.212843496E1,4.400848389E-2,8.963360596E-1,9.789642334E0,9.830689300E0
2.213846396E1,6.750961304E-2,8.759783936E-1,9.845476227E0,9.884599022E0
2.214849396E1,6.915618896E-2,8.713380432E-1,9.870324554E0,9.908951477E0
2.215852396E1,8.173004150E-2,8.622070313E-1,9.855056305E0,9.893038741E0
2.216855296E1,1.094224548E-1,8.671467590E-1,9.783954163E0,9.822915852E0
2.217858296E1,1.267863464E-1,8.445437622E-1,9.758357391E0,9.795655564E0
2.218861296E1,1.131646729E-1,8.472381592E-1,9.757608948E0,9.794975810E0
2.219864196E1,8.382568359E-2,8.303233337E-1,9.764494629E0,9.800092803E0
2.220867196E1,6.616241455E-2,8.204438782E-1,9.787247314E0,9.821797983E0
2.221870196E1,7.140151978E-2,8.110134888E-1,9.741292877E0,9.775255903E0
2.222873096E1,7.499404907E-2,8.012837219E-1,9.753417664E0,9.786564046E0
2.223876096E1,8.577163696E-2,8.123606873E-1,9.857002258E0,9.890792697E0
2.224879096E1,9.190887451E-2,8.132588196E-1,9.962083740E0,9.995646532E0
2.225881996E1,6.481521606E-2,8.405021667E-1,9.991722107E0,1.002722073E1
2.226884996E1,7.963439941E-2,8.693920898E-1,9.910740509E0,9.949118638E0
2.227887996E1,6.780899048E-2,8.963360596E-1,9.790690155E0,9.831868088E0
2.228890896E1,8.442443848E-2,9.057664490E-1,9.732910309E0,9.775330349E0
2.229893896E1,1.073268127E-1,8.987310791E-1,9.761201477E0,9.803075582E0
2.230896896E1,1.293310547E-1,8.652008057E-1,9.812095642E0,9.851016183E0
2.231899896E1,1.395098877E-1,8.352630615E-1,9.847272491E0,9.883617906E0
2.232902796E1,1.371148682E-1,7.869136047E-1,9.851014709E0,9.883345806E0
2.233905796E1,1.368154907E-1,7.479945374E-1,9.855205994E0,9.884497938E0
2.234908796E1,1.442999268E-1,7.159611511E-1,9.866732025E0,9.893726482E0
2.235911696E1,1.399589539E-1,7.045848083E-1,9.865384827E0,9.891503730E0
2.236914696E1,1.173559570E-1,6.929090881E-1,9.854607239E0,9.879634571E0
2.237917696E1,1.074765015E-1,7.062313843E-1,9.833501129E0,9.859414710E0
2.238920596E1,1.267863464E-1,7.137158203E-1,9.820478210E0,9.847195404E0
2.239923596E1,1.249900818E-1,7.409591675E-1,9.830507355E0,9.859184442E0
2.240926596E1,1.239422607E-1,7.527845764E-1,9.825867004E0,9.855440563E0
2.241929496E1,1.354682922E-1,7.655081177E-1,9.834399261E0,9.865077961E0
2.242932496E1,1.333726501E-1,7.694000244E-1,9.850565643E0,9.881467915E0
2.243935496E1,1.393601990E-1,7.596702576E-1,9.832752686E0,9.863039366E0
2.244938396E1,1.145118713E-1,7.554789734E-1,9.844578094E0,9.874187526E0
2.245941396E1,1.329235840E-1,7.536827087E-1,9.849517822E0,9.879205820E0
2.246944396E1,1.398092651E-1,7.581733704E-1,9.870623932E0,9.900686355E0
2.247947296E1,1.227447510E-1,7.604187012E-1,9.920021210E0,9.949880586E0
2.248950296E1,1.213975525E-1,7.457492065E-1,9.868977356E0,9.897858016E0
2.249953296E1,1.242416382E-1,7.270381165E-1,9.772727509E0,9.800521586E0
2.250956196E1,1.692979431E-1,7.144642639E-1,9.740993500E0,9.768627096E0
2.251959196E1,1.872605896E-1,7.006929016E-1,9.797575836E0,9.824384425E0
2.252962196E1,1.460961914E-1,6.978488159E-1,9.827812958E0,9.853641185E0
2.253965196E1,1.136137390E-1,6.771917725E-1,9.824370117E0,9.848337168E0
2.254968096E1,1.154100037E-1,6.500981140E-1,9.802066498E0,9.824278836E0
2.255971096E1,1.233435059E-1,6.560856628E-1,9.813293152E0,9.835973999E0
2.256974096E1,1.489402771E-1,6.586303711E-1,9.831555176E0,9.854717365E0
2.257976996E1,1.543290710E-1,6.551875305E-1,9.862989807E0,9.885932232E0
2.258979996E1,1.531315613E-1,6.583309937E-1,9.883646851E0,9.906731249E0
2.259982996E1,1.520837402E-1,6.444099426E-1,9.876012726E0,9.898182712E0
2.260985896E1,1.689985657E-1,6.629713440E-1,9.848170624E0,9.871907422E0
2.261988896E1,1.598675537E-1,6.613247681E-1,9.847122803E0,9.870599555E0
2.262991867E1,1.381626892E-1,6.503974915E-1,9.816885681E0,9.839377536E0
2.263994767E1,1.278341675E-1,6.511459351E-1,9.814340973E0,9.836748514E0
2.264997767E1,1.284329224E-1,6.249504089E-1,9.806706848E0,9.827438997E0
2.266000767E1,1.317260742E-1,6.225553894E-1,9.821675720E0,9.842268078E0
2.267003667E1,1.258882141E-1,6.072871399E-1,9.836195526E0,9.855728686E0
2.268006667E1,1.386117554E-1,5.836363220E-1,9.858050079E0,9.876284521E0
2.269009667E1,1.511856079E-1,5.807922363E-1,9.861492920E0,9.879737816E0
2.270012567E1,1.395098877E-1,5.854325867E-1,9.858648834E0,9.877001122E0
2.271015567E1,1.392105103E-1,6.068380737E-1,9.857151947E0,9.876794851E0
2.272018567E1,1.487905884E-1,5.972579956E-1,9.848769379E0,9.867984294E0
2.273021567E1,1.429527283E-1,5.938151550E-1,9.842931519E0,9.861863556E0
2.274024467E1,1.456471252E-1,5.933660889E-1,9.849817200E0,9.868748414E0
2.275027467E1,1.354682922E-1,5.834866333E-1,9.846973114E0,9.865175509E0
2.276030467E1,1.556762695E-1,5.848338318E-1,9.842632141E0,9.861220674E0
2.277033367E1,1.546284485E-1,5.659730530E-1,9.858050079E0,9.875494257E0
2.278036367E1,1.555265808E-1,5.459147644E-1,9.849068756E0,9.865412653E0
2.279039367E1,1.508862305E-1,5.376818848E-1,9.859546967E0,9.875349860E0
2.280042267E1,1.556762695E-1,5.466632080E-1,9.846074982E0,9.862467658E0
2.281045267E1,1.558259583E-1,5.331912231E-1,9.833052063E0,9.848730247E0
2.282048267E1,1.591191101E-1,5.420228577E-1,9.810449066E0,9.826699270E0
2.283051167E1,1.694476318E-1,5.487588501E-1,9.832153931E0,9.848913630E0
2.284054167E1,1.604663086E-1,5.372328186E-1,9.843679962E0,9.859635071E0
2.285057167E1,1.685494995E-1,5.261558533E-1,9.861343231E0,9.876808150E0
2.286060067E1,1.651066589E-1,5.248086548E-1,9.879605255E0,9.894912043E0
2.287063067E1,1.655557251E-1,5.180726624E-1,9.864786072E0,9.879767822E0
2.288066067E1,1.692979431E-1,5.032534790E-1,9.837243347E0,9.851562441E0
2.289069067E1,1.609153748E-1,5.098397827E-1,9.819430389E0,9.833973944E0
2.290071967E1,1.456471252E-1,4.918771362E-1,9.832752686E0,9.846125206E0
2.291074967E1,1.484912109E-1,4.851411438E-1,9.858199768E0,9.871246843E0
2.292077967E1,1.498384094E-1,4.784051514E-1,9.870324554E0,9.883047599E0
2.293080867E1,1.413061523E-1,4.742138672E-1,9.876761169E0,9.889148468E0
2.294083867E1,1.341210938E-1,4.800517273E-1,9.830806732E0,9.843434316E0
2.295086867E1,1.284329224E-1,4.679269409E-1,9.799970856E0,9.811976325E0
2.296089767E1,1.345701599E-1,4.656816101E-1,9.810000000E0,9.821968667E0
2.297092767E1,1.350192261E-1,4.523593140E-1,9.857451324E0,9.868748946E0
2.298095767E1,1.311273193E-1,4.540058899E-1,9.866133270E0,9.877444074E0
2.299098667E1,1.417552185E-1,4.592449951E-1,9.844129028E0,9.855854952E0
2.300101667E1,1.715432739E-1,4.348457336E-1,9.813293152E0,9.824420614E0
2.301104667E1,1.974394226E-1,4.189787292E-1,9.744586029E0,9.755587239E0
2.302107567E1,1.854643250E-1,4.185296631E-1,9.783355408E0,9.794059788E0
2.303110567E1,1.767823792E-1,4.034111023E-1,9.834399261E0,9.844257278E0
2.304113567E1,1.519340515E-1,3.824546814E-1,9.854607239E0,9.863196205E0
2.305116567E1,1.332229614E-1,3.632945251E-1,9.865983582E0,9.873568924E0
2.306119467E1,1.306782532E-1,3.755690002E-1,9.808802490E0,9.816859741E0
2.307122467E1,1.303788757E-1,3.755690002E-1,9.821825409E0,9.829868010E0
2.308125467E1,1.423539734E-1,4.065545654E-1,9.901160431E0,9.910526179E0
2.309128367E1,1.481918335E-1,4.174818420E-1,9.959089966E0,9.968938000E0
2.310131367E1,1.423539734E-1,4.370910645E-1,9.940977631E0,9.951600349E0
2.311134367E1,1.486408997E-1,4.607418823E-1,9.869875488E0,9.881741717E0
2.312137267E1,1.706451416E-1,4.793032837E-1,9.791288910E0,9.804498453E0
2.313140267E1,1.686991882E-1,4.760101318E-1,9.757758636E0,9.770818731E0
2.314143267E1,1.829196167E-1,4.396357727E-1,9.791288910E0,9.802860690E0
2.315146167E1,2.139051819E-1,3.956272888E-1,9.840686188E0,9.850958381E0
2.316149167E1,2.210902405E-1,3.535647583E-1,9.876162415E0,9.884961961E0
2.317152167E1,2.165995789E-1,3.134481812E-1,9.894274750E0,9.901607847E0
2.318155167E1,2.082170105E-1,3.040177917E-1,9.894873505E0,9.901732314E0
2.319158067E1,1.999841309E-1,2.835104370E-1,9.878707123E0,9.884797734E0
2.320161067E1,2.019300842E-1,2.803669739E-1,9.864486694E0,9.870535910E0
2.321164067E1,1.865121460E-1,3.074606323E-1,9.853110352E0,9.859670503E0
2.322166967E1,1.733395386E-1,3.029699707E-1,9.841883698E0,9.848071492E0
2.323169967E1,1.764830017E-1,3.180885315E-1,9.853110352E0,9.859823029E0
2.324172967E1,1.930984497E-1,3.356021118E-1,9.855804749E0,9.863407273E0
2.325175867E1,1.905537415E-1,3.552113342E-1,9.853709106E0,9.861950566E0
2.326178867E1,1.902543640E-1,3.555107117E-1,9.846374359E0,9.854626964E0
2.327181867E1,1.896556091E-1,3.564088440E-1,9.846823425E0,9.855096554E0
2.328184767E1,1.749861145E-1,3.597019958E-1,9.865384827E0,9.873490945E0
2.329187767E1,1.932481384E-1,3.601510620E-1,9.868977356E0,9.877437303E0
2.330190767E1,2.094145203E-1,3.537144470E-1,9.928254089E0,9.936759915E0
2.331193767E1,1.887574768E-1,3.490740967E-1,9.948462067E0,9.956373818E0
2.332196667E1,1.734892273E-1,3.373983765E-1,9.875114594E0,9.882399729E0
2.333199667E1,2.025288391E-1,3.167413330E-1,9.771380310E0,9.778610135E0
2.334202667E1,2.281256104E-1,3.128494263E-1,9.769284668E0,9.776954484E0
2.335205567E1,2.103126526E-1,3.038681030E-1,9.834099884E0,9.841040990E0
2.336208567E1,1.713935852E-1,2.891986084E-1,9.827064514E0,9.832812851E0
2.337211567E1,1.704954529E-1,2.691403198E-1,9.810149689E0,9.815321805E0
2.338214467E1,1.978884888E-1,2.613565063E-1,9.820029144E0,9.825499452E0
2.339217467E1,2.085163879E-1,2.728825378E-1,9.853260040E0,9.859243246E0
2.340220467E1,2.077679443E-1,2.679428101E-1,9.901908875E0,9.907712159E0
2.341223467E1,1.974394226E-1,2.619552612E-1,9.910590820E0,9.916018016E0
2.342226367E1,2.010319519E-1,2.613565063E-1,9.892328796E0,9.897822492E0
2.343229367E1,2.119592285E-1,2.929408264E-1,9.877210236E0,9.883826338E0
2.344232367E1,2.186952209E-1,2.951861572E-1,9.852212219E0,9.859059188E0
2.345235267E1,2.095642090E-1,2.951861572E-1,9.844578094E0,9.851231897E0
2.346238267E1,2.127076721E-1,2.781216431E-1,9.842482452E0,9.848708394E0
2.347241267E1,2.049238586E-1,2.591111755E-1,9.811197510E0,9.816757559E0
2.348244167E1,1.945953369E-1,2.502795410E-1,9.804760895E0,9.809884984E0
2.349247167E1,2.017803955E-1,2.305206299E-1,9.831106110E0,9.835878325E0
2.350250167E1,1.892065430E-1,2.284249878E-1,9.875413971E0,9.879867316E0
2.351253167E1,1.939965820E-1,2.095642090E-1,9.896969147E0,9.901088330E0
2.352256067E1,2.056723022E-1,2.068698120E-1,9.889784088E0,9.894085381E0
2.353259067E1,2.121089172E-1,2.139051819E-1,9.865833893E0,9.870431805E0
2.354262067E1,2.125579834E-1,2.281256104E-1,9.851314087E0,9.856247330E0
2.355264967E1,1.956431580E-1,2.230361938E-1,9.839338989E0,9.843810905E0
2.356267967E1,1.992356873E-1,2.176473999E-1,9.835896149E0,9.840321046E0
2.357270967E1,2.143542480E-1,2.233355713E-1,9.844278717E0,9.849144632E0
2.358273867E1,2.005828857E-1,2.228865051E-1,9.858050079E0,9.862609353E0
2.359276867E1,1.938468933E-1,1.960922241E-1,9.868079224E0,9.871930730E0
2.360279867E1,2.062710571E-1,2.103126526E-1,9.884544983E0,9.888933647E0
2.361282867E1,2.061213684E-1,2.125579834E-1,9.882599030E0,9.887033453E0
2.362285767E1,2.128573608E-1,2.059716797E-1,9.858349457E0,9.862798112E0
2.363288804E1,1.953437805E-1,2.053729248E-1,9.850865021E0,9.854941851E0
2.364291804E1,1.993853760E-1,2.032772827E-1,9.843679962E0,9.847797286E0
2.365294704E1,2.002835083E-1,1.933978271E-1,9.844278717E0,9.848215050E0
2.366297704E1,2.125579834E-1,2.004331970E-1,9.860594788E0,9.864921892E0
2.367300704E1,2.089654541E-1,1.963916016E-1,9.896370392E0,9.900524388E0
2.368303604E1,2.070195007E-1,1.980381775E-1,9.882149963E0,9.886301841E0
2.369306604E1,2.062710571E-1,1.957928467E-1,9.836644592E0,9.840755023E0
2.370309604E1,1.984872437E-1,1.914518738E-1,9.824968872E0,9.828838403E0
2.371312504E1,2.008822632E-1,1.824705505E-1,9.845775604E0,9.849515036E0
2.372315504E1,2.047741699E-1,1.646575928E-1,9.874216461E0,9.877712048E0
2.373318504E1,1.902543640E-1,1.645079041E-1,9.887089691E0,9.890288274E0
2.374321504E1,1.898052979E-1,1.639091492E-1,9.862989807E0,9.866177588E0
2.375324404E1,1.962419128E-1,1.431024170E-1,9.832453308E0,9.835452569E0
2.376327404E1,1.841171265E-1,1.502874756E-1,9.813143463E0,9.816021092E0
2.377330404E1,1.884580994E-1,1.562750244E-1,9.802665253E0,9.805722023E0
2.378333304E1,1.990859985E-1,1.463955688E-1,9.850865021E0,9.853964104E0
2.379336304E1,1.902543640E-1,1.697470093E-1,9.876012726E0,9.879303525E0
2.380339304E1,1.772314453E-1,1.561253357E-1,9.863438873E0,9.866266392E0
2.381342304E1,2.058219910E-1,1.440005493E-1,9.811496887E0,9.814711917E0
2.382345204E1,2.326162720E-1,1.309776306E-1,9.728269958E0,9.731932072E0
2.383348204E1,2.517764282E-1,1.202000427E-1,9.789642334E0,9.793617128E0
2.384351204E1,2.353106689E-1,1.115180969E-1,9.843979340E0,9.847422842E0
2.385354104E1,1.959425354E-1,8.921447754E-2,9.884095917E0,9.886440451E0
2.386357104E1,1.691482544E-1,7.484436035E-2,9.895023193E0,9.896751831E0
2.387360104E1,1.393601990E-1,7.185058594E-2,9.827962646E0,9.829213272E0
2.388363004E1,1.642085266E-1,1.013392639E-1,9.815239105E0,9.817135671E0
2.389366004E1,1.811233521E-1,1.255888367E-1,9.892628174E0,9.895083143E0
2.390369004E1,1.923500061E-1,1.585203552E-1,9.956545258E0,9.959664688E0
2.391372004E1,1.920506287E-1,1.960922241E-1,9.916578369E0,9.920376110E0
2.392374904E1,1.842668152E-1,2.160008240E-1,9.859097900E0,9.863185187E0
2.393377904E1,1.926493835E-1,2.263293457E-1,9.805958405E0,9.810461711E0
2.394380904E1,1.986369324E-1,2.173480225E-1,9.779164124E0,9.783595850E0
2.395383804E1,2.218386841E-1,1.942959595E-1,9.830956421E0,9.835378359E0
2.396386804E1,2.564167786E-1,1.562750244E-1,9.869875488E0,9.874442445E0
2.397389804E1,2.553689575E-1,9.729766846E-2,9.893226929E0,9.897000515E0
2.398392804E1,2.588117981E-1,5.837860107E-2,9.897118835E0,9.900674363E0
2.399395704E1,2.320175171E-1,3.817062378E-2,9.875264282E0,9.878063260E0
2.400398704E1,2.171983337E-1,2.634521484E-2,9.860295410E0,9.862722482E0
2.401401704E1,2.121089172E-1,2.844085693E-2,9.845476227E0,9.847801846E0
2.402404604E1,2.031275940E-1,4.580474854E-2,9.839488678E0,9.841691742E0
2.403407604E1,2.080673218E-1,6.900650024E-2,9.859546967E0,9.861983588E0
2.404410604E1,2.137554932E-1,1.043330383E-1,9.867929535E0,9.870795819E0
2.405413604E1,2.174977112E-1,1.290316772E-1,9.851613464E0,9.854858816E0
2.406416504E1,2.282752991E-1,1.431024170E-1,9.849667511E0,9.853351612E0
2.407419504E1,2.288740540E-1,1.610650635E-1,9.853559418E0,9.857533083E0
2.408422504E1,2.375559998E-1,1.595681763E-1,9.880802765E0,9.884946036E0
2.409425404E1,2.287243652E-1,1.383123779E-1,9.874216461E0,9.877833562E0
2.410428404E1,2.213896179E-1,1.567240906E-1,9.871372375E0,9.875098398E0
2.411431404E1,2.300715637E-1,1.553768921E-1,9.898915100E0,9.902807433E0
2.412434304E1,1.984872437E-1,1.670526123E-1,9.957293701E0,9.960672749E0
2.413437304E1,1.995350647E-1,1.666035461E-1,9.923014984E0,9.926419161E0
2.414440304E1,2.119592285E-1,1.663041687E-1,9.806557159E0,9.810257240E0
2.415443304E1,2.613565063E-1,1.568737793E-1,9.772428131E0,9.777180994E0
2.416446204E1,2.478845215E-1,1.342707825E-1,9.811945953E0,9.815995047E0
2.417449204E1,2.168989563E-1,1.037342834E-1,9.808802490E0,9.811748685E0
2.418452204E1,1.914518738E-1,9.669891357E-2,9.813442841E0,9.815786514E0
2.419455104E1,2.192939758E-1,8.187973022E-2,9.835297394E0,9.838082586E0
2.420458104E1,2.414479065E-1,9.969268799E-2,9.863738251E0,9.867196562E0
2.421461104E1,2.243833923E-1,8.786727905E-2,9.893077240E0,9.896011613E0
2.422464104E1,2.293231201E-1,1.007405090E-1,9.908345490E0,9.911510888E0
2.423467004E1,2.154020691E-1,1.164578247E-1,9.896819458E0,9.899848275E0
2.424470004E1,2.085163879E-1,1.360670471E-1,9.862690430E0,9.865832749E0
2.425473004E1,2.267784119E-1,1.484912109E-1,9.851014709E0,9.854743472E0
2.426475904E1,2.406994629E-1,1.480421448E-1,9.854906616E0,9.858957203E0
2.427478904E1,2.302212524E-1,1.490899658E-1,9.842183075E0,9.846004130E0
2.428481904E1,2.249821472E-1,1.393601990E-1,9.843230896E0,9.846787938E0
2.429484904E1,2.194436646E-1,1.357676697E-1,9.833501129E0,9.836886339E0
2.430487804E1,2.140548706E-1,1.254391479E-1,9.812993774E0,9.816129649E0
2.431490804E1,2.100132751E-1,1.181044006E-1,9.855205994E0,9.858150912E0
2.432493804E1,2.097138977E-1,1.131646729E-1,9.879455566E0,9.882329101E0
2.433496704E1,2.231858826E-1,1.113684082E-1,9.880204010E0,9.883351969E0
2.434499704E1,2.261796570E-1,1.188528442E-1,9.877958679E0,9.881262617E0
2.435502704E1,2.139051819E-1,1.215472412E-1,9.856104126E0,9.859174291E0
2.436505704E1,2.061213684E-1,1.231938171E-1,9.858050079E0,9.860974298E0
2.437508604E1,2.245330811E-1,1.294807434E-1,9.881700897E0,9.885099544E0
2.438511604E1,2.225871277E-1,1.321751404E-1,9.872120819E0,9.875514405E0
2.439514604E1,2.197430420E-1,1.261875916E-1,9.865983582E0,9.869237171E0
2.440517504E1,2.180964661E-1,1.384620667E-1,9.873168640E0,9.876547818E0
2.441520504E1,2.127076721E-1,1.203497314E-1,9.901908875E0,9.904924430E0
2.442523504E1,2.119592285E-1,1.294807434E-1,9.890682220E0,9.893800421E0
2.443526404E1,2.032772827E-1,1.417552185E-1,9.851463776E0,9.854580393E0
2.444529404E1,2.031275940E-1,1.457968140E-1,9.832902374E0,9.836080857E0
2.445532404E1,2.061213684E-1,1.472937012E-1,9.833201752E0,9.836464718E0
2.446535404E1,2.044747925E-1,1.381626892E-1,9.864337006E0,9.867423343E0
2.447538304E1,2.206411743E-1,1.517843628E-1,9.866432648E0,9.870066576E0
2.448541304E1,2.309696960E-1,1.544787598E-1,9.849966888E0,9.853885446E0
2.449544304E1,2.200424194E-1,1.477427673E-1,9.824070740E0,9.827645318E0
2.450547204E1,1.936972046E-1,1.450483704E-1,9.796977081E0,9.799965182E0
2.451550204E1,2.029779053E-1,1.366658020E-1,9.817185059E0,9.820234215E0
2.452553204E1,1.999841309E-1,1.442999268E-1,9.855655060E0,9.858739918E0
2.453556204E1,2.160008240E-1,1.308279419E-1,9.901160431E0,9.904380353E0
2.454559104E1,2.097138977E-1,1.272354126E-1,9.886041870E0,9.889084519E0
2.455562104E1,2.245330811E-1,1.396595764E-1,9.876012726E0,9.879551977E0
2.456565104E1,2.371069336E-1,1.571731567E-1,9.765542450E0,9.769684869E0
2.457568104E1,2.393522644E-1,1.309776306E-1,9.716145172E0,9.719975394E0
2.458571004E1,2.538720703E-1,1.351689148E-1,9.804162140E0,9.808379934E0
2.459574004E1,2.237846375E-1,1.062789917E-1,9.863289185E0,9.866399968E0
2.460577004E1,1.808239746E-1,9.235794067E-2,9.885892181E0,9.887977120E0
2.461579904E1,1.588197327E-1,9.145980835E-2,9.864486694E0,9.866189049E0
2.462582904E1,1.442999268E-1,1.047821045E-1,9.799821167E0,9.801443601E0
2.463585942E1,1.893562317E-1,1.402583313E-1,9.808353424E0,9.811183673E0
2.464588942E1,1.977388000E-1,1.787283325E-1,9.906698914E0,9.910283942E0
2.465591842E1,2.094145203E-1,2.209405518E-1,9.960137787E0,9.964788703E0
2.466594842E1,1.817221069E-1,2.585124207E-1,9.932295685E0,9.937321026E0
2.467597842E1,1.811233521E-1,2.764750671E-1,9.866133270E0,9.871668037E0
2.468600742E1,2.029779053E-1,3.055146790E-1,9.809700623E0,9.816555687E0
2.469603742E1,2.221380615E-1,3.017724609E-1,9.815688171E0,9.822837992E0
2.470606742E1,2.369572449E-1,2.688409424E-1,9.831704865E0,9.838233822E0
2.471609742E1,2.502795410E-1,2.549198914E-1,9.851314087E0,9.857789470E0
2.472612642E1,2.634521484E-1,2.064207458E-1,9.884694672E0,9.890359210E0
2.473615642E1,2.354603577E-1,1.871109009E-1,9.887838135E0,9.892410983E0
2.474618642E1,2.381547546E-1,1.634600830E-1,9.888885956E0,9.893103777E0
2.475621542E1,2.278262329E-1,1.576222229E-1,9.855954437E0,9.859847231E0
2.476624542E1,2.073188782E-1,1.718426514E-1,9.850565643E0,9.854245507E0
2.477627542E1,2.071691895E-1,2.035766602E-1,9.847721558E0,9.852003979E0
2.478630542E1,1.986369324E-1,2.127076721E-1,9.855056305E0,9.859352715E0
2.479633442E1,2.157014465E-1,2.362088013E-1,9.853409729E0,9.858600560E0
2.480636442E1,2.246827698E-1,2.553689575E-1,9.848619690E0,9.854491638E0
2.481639442E1,2.192939758E-1,2.844085693E-1,9.864037628E0,9.870573257E0
2.482642442E1,2.201921082E-1,2.968327332E-1,9.874066772E0,9.880981169E0
2.483645342E1,2.197430420E-1,3.219804382E-1,9.874515839E0,9.882207317E0
2.484648342E1,2.046244812E-1,3.438349915E-1,9.870923309E0,9.879029338E0
2.485651342E1,2.121089172E-1,3.499722290E-1,9.877659302E0,9.886132916E0
2.486654242E1,2.200424194E-1,3.650907898E-1,9.841434631E0,9.850662189E0
2.487657242E1,2.236349487E-1,3.739224243E-1,9.894274750E0,9.903863054E0
2.488660242E1,1.978884888E-1,3.797602844E-1,9.958191833E0,9.967394962E0
2.489663242E1,2.053729248E-1,3.739224243E-1,9.893675995E0,9.902869317E0
2.490666142E1,2.296224976E-1,3.715274048E-1,9.808952179E0,9.818671089E0
2.491669142E1,2.401007080E-1,3.614982605E-1,9.782457275E0,9.792078415E0
2.492672142E1,2.243833923E-1,3.617976379E-1,9.772428131E0,9.781697042E0
2.493675142E1,2.056723022E-1,3.420387268E-1,9.802365875E0,9.810487671E0
2.494678042E1,1.767823792E-1,3.339555359E-1,9.834099884E0,9.841356555E0
2.495681042E1,1.856140137E-1,3.382965088E-1,9.865235138E0,9.872778809E0
2.496684042E1,1.956431580E-1,3.369493103E-1,9.903256073E0,9.910917815E0
2.497686942E1,1.968406677E-1,3.502716064E-1,9.899663544E0,9.907813822E0
2.498689942E1,1.877096558E-1,3.595523071E-1,9.886041870E0,9.894358829E0
2.499692942E1,1.950444031E-1,3.797602844E-1,9.855205994E0,9.864448559E0
2.500695942E1,1.993853760E-1,4.061054993E-1,9.831255798E0,9.841659757E0
2.501698842E1,2.038760376E-1,4.261637878E-1,9.834698639E0,9.846038713E0
2.502701842E1,2.095642090E-1,4.340972900E-1,9.824968872E0,9.836786617E0
2.503704842E1,2.004331970E-1,4.355941772E-1,9.828262024E0,9.839951736E0
2.504707842E1,1.968406677E-1,4.400848389E-1,9.814790039E0,9.826623246E0
2.505710742E1,2.001338196E-1,4.334985352E-1,9.816735992E0,9.828340657E0
2.506713742E1,2.005828857E-1,4.300556946E-1,9.835746460E0,9.847186899E0
2.507716742E1,2.019300842E-1,4.294569397E-1,9.856702881E0,9.868120424E0
2.508719742E1,1.877096558E-1,4.306544495E-1,9.880054321E0,9.891216890E0
2.509722642E1,1.965412903E-1,4.355941772E-1,9.864486694E0,9.876055311E0
2.510725642E1,1.960922241E-1,4.517605591E-1,9.849068756E0,9.861373896E0
2.511728642E1,1.916015625E-1,4.754113770E-1,9.847422180E0,9.860753051E0
2.512731642E1,2.016307068E-1,4.894821167E-1,9.835147705E0,9.849384654E0
2.513734542E1,1.890568542E-1,4.986131287E-1,9.826016693E0,9.840475680E0
2.514737542E1,1.868115234E-1,4.926255798E-1,9.837842102E0,9.851939694E0
2.515740542E1,1.764830017E-1,4.942721558E-1,9.854607239E0,9.868573101E0
2.516743442E1,1.751358032E-1,4.882846069E-1,9.874366150E0,9.887982669E0
2.517746442E1,1.805245972E-1,4.742138672E-1,9.875413971E0,9.888441182E0
2.518749442E1,1.763333130E-1,4.866380310E-1,9.872569885E0,9.886128977E0
2.519752442E1,1.791773987E-1,4.933740234E-1,9.848619690E0,9.862597643E0
2.520755342E1,1.769320679E-1,4.941224670E-1,9.827962646E0,9.841966864E0
2.521758342E1,1.701960754E-1,5.022056580E-1,9.845625916E0,9.859894872E0
2.522761342E1,1.826202393E-1,5.185217285E-1,9.833501129E0,9.848855740E0
2.523764342E1,1.890568542E-1,5.219645691E-1,9.845027161E0,9.860666778E0
2.524767242E1,1.880090332E-1,5.114863586E-1,9.854307861E0,9.869364170E0
2.525770242E1,1.823208618E-1,5.364843750E-1,9.846823425E0,9.863112488E0
2.526773242E1,1.706451416E-1,5.411247253E-1,9.846673737E0,9.863007625E0
2.527776242E1,1.778302002E-1,5.370831299E-1,9.841434631E0,9.857683170E0
2.528779142E1,1.663041687E-1,5.495072937E-1,9.843081207E0,9.859810495E0
2.529782142E1,1.654060364E-1,5.508544922E-1,9.835447083E0,9.852249446E0
2.530785142E1,1.604663086E-1,5.590873718E-1,9.838590546E0,9.855769480E0
2.531788142E1,1.707948303E-1,5.689668274E-1,9.847122803E0,9.865025171E0
2.532791042E1,1.565744019E-1,5.882766724E-1,9.840087433E0,9.858899821E0
2.533794042E1,1.670526123E-1,5.734574890E-1,9.827663269E0,9.845797347E0
2.534797042E1,1.547781372E-1,5.797444153E-1,9.841584320E0,9.859860130E0
2.535800042E1,1.742376709E-1,5.860313416E-1,9.845925293E0,9.864889071E0
2.536802942E1,1.511856079E-1,5.929170227E-1,9.841584320E0,9.860587691E0
2.537805942E1,1.658551025E-1,5.965095520E-1,9.851314087E0,9.870750772E0
2.538808942E1,1.676513672E-1,6.007008362E-1,9.841734009E0,9.861474371E0
2.539811942E1,1.625619507E-1,5.950126648E-1,9.843530273E0,9.862837051E0
2.540814842E1,1.390608215E-1,5.855822754E-1,9.841584320E0,9.859970915E0
2.541817842E1,1.495390320E-1,6.007008362E-1,9.844578094E0,9.864021557E0
2.542820842E1,1.442999268E-1,6.277944946E-1,9.849068756E0,9.870111639E0
2.543823842E1,1.516346741E-1,6.345304871E-1,9.837692413E0,9.859300890E0
2.544826742E1,1.428030396E-1,6.328839111E-1,9.836345215E0,9.857718901E0
2.545829742E1,1.416055298E-1,6.418652344E-1,9.826465759E0,9.848424870E0
2.546832742E1,1.311273193E-1,6.568341064E-1,9.819879456E0,9.842695664E0
2.547835642E1,1.402583313E-1,6.562353516E-1,9.837093658E0,9.859955826E0
2.548838642E1,1.294807434E-1,6.542893982E-1,9.843979340E0,9.866548997E0
2.549841642E1,1.413061523E-1,6.557862854E-1,9.839638367E0,9.862479722E0
2.550844642E1,1.243913269E-1,6.544390869E-1,9.829459534E0,9.852006823E0
2.551847542E1,1.465452576E-1,6.569837952E-1,9.822124786E0,9.845163205E0
2.552850542E1,1.288819885E-1,6.692582703E-1,9.822873230E0,9.846489511E0
2.553853542E1,1.374142456E-1,6.712042236E-1,9.838889923E0,9.862715280E0
2.554856542E1,1.347198486E-1,6.809339905E-1,9.832303619E0,9.856775081E0
2.555859442E1,1.152603149E-1,6.804849243E-1,9.821226654E0,9.845447560E0
2.556862442E1,1.432521057E-1,6.938072205E-1,9.845027161E0,9.870483748E0
2.557865442E1,1.269360352E-1,7.065307617E-1,9.857900391E0,9.884002154E0
2.558868442E1,1.136137390E-1,7.126679993E-1,9.844278717E0,9.870695377E0
2.559871342E1,1.151106262E-1,7.092251587E-1,9.808952179E0,9.835232261E0
2.560874342E1,1.252894592E-1,7.053332520E-1,9.841584320E0,9.867622529E0
2.561877342E1,1.267863464E-1,7.180567932E-1,9.866282959E0,9.893190575E0
2.562880342E1,1.276844788E-1,7.339237976E-1,9.864786072E0,9.892873784E0
2.563883154E1,1.154100037E-1,7.435038757E-1,9.838740234E0,9.867468109E0
2.564886154E1,1.061293030E-1,7.565267944E-1,9.788594513E0,9.818359270E0
2.565889154E1,9.699829102E-2,7.548802185E-1,9.766141205E0,9.795752490E0
2.566892154E1,1.170565796E-1,7.673043823E-1,9.834698639E0,9.865280309E0
2.567895054E1,1.046324158E-1,7.659571838E-1,9.875563660E0,9.905775888E0
2.568898054E1,9.430389404E-2,7.747888184E-1,9.860145721E0,9.890989060E0
2.569901054E1,1.300794983E-1,7.752378845E-1,9.811197510E0,9.842637402E0
2.570904054E1,1.477427673E-1,7.658074951E-1,9.780810699E0,9.811857469E0
2.571906954E1,1.565744019E-1,7.670050049E-1,9.817783813E0,9.848943661E0
2.572909954E1,1.366658020E-1,7.580236816E-1,9.874815216E0,9.904809589E0
2.573912954E1,1.058299255E-1,7.463479614E-1,9.815837860E0,9.844740126E0
2.574915954E1,1.008901978E-1,7.370672607E-1,9.710756378E0,9.739211283E0
2.575918854E1,1.243913269E-1,7.500901794E-1,9.673483887E0,9.703318968E0
2.576921854E1,1.193019104E-1,7.509883118E-1,9.770631866E0,9.800176706E0
2.577924854E1,1.076261902E-1,7.623646545E-1,9.933493195E0,9.963286120E0
2.578927854E1,9.580078125E-2,7.958949280E-1,1.001672012E1,1.004874662E1
2.579930754E1,7.080276489E-2,8.321195984E-1,9.960886230E0,9.995833660E0
2.580933754E1,7.873626709E-2,8.655001831E-1,9.863438873E0,9.901652204E0
2.581936754E1,1.161584473E-1,9.042695618E-1,9.779164124E0,9.821570505E0
2.582939754E1,1.486408997E-1,9.163943481E-1,9.774972839E0,9.818959554E0
2.583942654E1,1.474433899E-1,9.327104187E-1,9.804311829E0,9.849681148E0
2.584945654E1,1.486408997E-1,9.306147766E-1,9.821526031E0,9.866636284E0
2.585948654E1,1.519340515E-1,9.229806519E-1,9.818981323E0,9.863436088E0
2.586951654E1,1.565744019E-1,9.009764099E-1,9.835147705E0,9.877570775E0
2.587954554E1,1.528321838E-1,8.925938416E-1,9.858349457E0,9.899855325E0
2.588957554E1,1.457968140E-1,8.638536072E-1,9.866582336E0,9.905399879E0
2.589960554E1,1.401086426E-1,8.375083923E-1,9.871821442E0,9.908274790E0
2.590963554E1,1.281335449E-1,8.298742676E-1,9.845176849E0,9.880921855E0
2.591966454E1,1.281335449E-1,8.333171082E-1,9.826615448E0,9.862718021E0
2.592969454E1,1.172062683E-1,8.460406494E-1,9.808503113E0,9.845621128E0
2.593972454E1,1.369651794E-1,8.623567200E-1,9.790690155E0,9.829548936E0
2.594975454E1,1.369651794E-1,8.854087830E-1,9.800120544E0,9.840989323E0
2.595978354E1,1.372645569E-1,9.172924805E-1,9.806407471E0,9.850172310E0
2.596981354E1,1.267863464E-1,9.461824036E-1,9.817933502E0,9.864236117E0
2.597984354E1,1.246907043E-1,9.523196411E-1,9.829160156E0,9.875973362E0
2.598987354E1,1.224453735E-1,9.719288635E-1,9.834099884E0,9.882770822E0
2.599990254E1,1.332229614E-1,9.725276184E-1,9.834249573E0,9.883118080E0
2.600993254E1,1.438508606E-1,9.815089417E-1,9.831854553E0,9.881771948E0
2.601996254E1,1.333726501E-1,9.979747009E-1,9.834548950E0,9.885954421E0
2.602999254E1,1.155596924E-1,9.961784363E-1,9.869426422E0,9.920247145E0
2.604002154E1,1.215472412E-1,9.925859070E-1,9.888586578E0,9.939021332E0
2.605005154E1,1.296304321E-1,9.991722107E-1,9.785600739E0,9.837333529E0
2.606008154E1,1.544787598E-1,9.981243896E-1,9.690548401E0,9.743040814E0
2.607011154E1,1.431024170E-1,9.698332214E-1,9.694140930E0,9.743583691E0
2.608014054E1,1.094224548E-1,9.598040771E-1,9.751771088E0,9.799501849E0
2.609017054E1,9.475296021E-2,9.599537659E-1,9.829758911E0,9.876975732E0
2.610020054E1,1.041833496E-1,9.361532593E-1,9.862241364E0,9.907120763E0
2.611023054E1,1.237925720E-1,9.327104187E-1,9.868827667E0,9.913578206E0
2.612025954E1,1.133143616E-1,9.494755554E-1,9.860894165E0,9.907147809E0
2.613028954E1,1.022373962E-1,9.647438049E-1,9.844877472E0,9.892562637E0
2.614031954E1,9.849517822E-2,9.689350891E-1,9.839638367E0,9.887720652E0
2.615034954E1,1.073268127E-1,1.004411316E0,9.805808716E0,9.857699818E0
2.616037854E1,1.010398865E-1,1.016685791E0,9.785900116E0,9.839090412E0
2.617040854E1,1.122665405E-1,1.022673340E0,9.806706848E0,9.860525531E0
2.618043854E1,1.053808594E-1,1.028361511E0,9.813293152E0,9.867591145E0
2.619046854E1,1.143621826E-1,1.010997620E0,9.824519806E0,9.877063547E0
2.620049754E1,9.924362183E-2,1.003513184E0,9.802665253E0,9.854396687E0
2.621052754E1,9.565109253E-2,1.012344818E0,9.820627899E0,9.873131393E0
2.622055754E1,8.232879639E-2,1.003064117E0,9.810449066E0,9.861938275E0
2.623058754E1,9.490264893E-2,9.939331055E-1,9.821825409E0,9.872444677E0
2.624061754E1,7.813751221E-2,9.940827942E-1,9.826016693E0,9.876482680E0
2.625064654E1,7.918533325E-2,1.000968475E0,9.811796265E0,9.863039802E0
2.626067654E1,1.020877075E-1,1.027613068E0,9.789043579E0,9.843362470E0
2.627070654E1,9.984237671E-2,1.037492523E0,9.786498871E0,9.841845324E0
2.628073654E1,9.116043091E-2,1.048569489E0,9.796677704E0,9.853055477E0
2.629076554E1,1.008901978E-1,1.026265869E0,9.807305603E0,9.861371287E0
2.630079554E1,9.639953613E-2,1.031954041E0,9.805659027E0,9.860282499E0
2.631082554E1,9.804611206E-2,1.022523651E0,9.816286926E0,9.869886356E0
2.632085554E1,8.427474976E-2,1.034498749E0,9.821376343E0,9.876068204E0
2.633088454E1,8.846603394E-2,1.028660889E0,9.815538483E0,9.869689213E0
2.634091454E1,8.352630615E-2,1.028361511E0,9.809101868E0,9.863213649E0
2.635094454E1,8.876541138E-2,1.040935364E0,9.812395020E0,9.867852945E0
2.636097454E1,8.532257080E-2,1.041983185E0,9.809550934E0,9.865105089E0
2.637100354E1,8.981323242E-2,1.054706726E0,9.824370117E0,9.881230738E0
2.638103354E1,7.993377686E-2,1.051563263E0,9.801318054E0,9.857890763E0
2.639106354E1,7.918533325E-2,1.058149567E0,9.804461517E0,9.861714682E0
2.640109354E1,6.616241455E-2,1.060843964E0,9.801916809E0,9.859378303E0
2.641112254E1,8.337661743E-2,1.061891785E0,9.795629883E0,9.853371536E0
2.642115254E1,7.125183105E-2,1.064586182E0,9.784403229E0,9.842406571E0
2.643118254E1,8.996292114E-2,1.057700500E0,9.795180817E0,9.852532208E0
2.644121254E1,7.634124756E-2,1.054257660E0,9.799821167E0,9.856661813E0
2.645124154E1,4.984634399E-2,1.063089294E0,9.809550934E0,9.867113713E0
2.646127154E1,7.873626709E-2,1.052611084E0,9.813891907E0,9.870494610E0
2.647130154E1,7.918533325E-2,1.053209839E0,9.803862762E0,9.860590568E0
2.648133154E1,6.541397095E-2,1.056652679E0,9.792935486E0,9.849993873E0
2.649136054E1,6.780899048E-2,1.052760773E0,9.802515564E0,9.859118352E0
2.650139054E1,7.200027466E-2,1.065184937E0,9.805958405E0,9.863905070E0
2.651142054E1,6.691085815E-2,1.081950073E0,9.814640350E0,9.874323178E0
2.652145054E1,6.122268677E-2,1.075214081E0,9.801916809E0,9.860902934E0
2.653147954E1,6.331832886E-2,1.075363770E0,9.785900116E0,9.845011809E0
2.654150954E1,5.553451538E-2,1.083896027E0,9.794582062E0,9.854529539E0
2.655153954E1,5.029541016E-2,1.074016571E0,9.778715057E0,9.837647554E0
2.656156954E1,5.972579956E-2,1.062939606E0,9.794582062E0,9.852271085E0
2.657159954E1,5.433700562E-2,1.059347076E0,9.804311829E0,9.861526209E0
2.658162854E1,5.164260864E-2,1.063388672E0,9.808652802E0,9.866262322E0
2.659165854E1,4.864883423E-2,1.073417816E0,9.827962646E0,9.886528324E0
2.660168854E1,5.897735596E-2,1.075962524E0,9.814939728E0,9.873915917E0
2.661171854E1,3.113525391E-2,1.086740112E0,9.807754669E0,9.867827782E0
2.662174754E1,4.146377563E-2,1.090182953E0,9.805509338E0,9.866013962E0
2.663177758E1,5.224136353E-2,1.099313965E0,9.826465759E0,9.887904210E0
2.664180758E1,7.050338745E-2,1.102158051E0,9.822573853E0,9.884466611E0
2.665183758E1,6.601272583E-2,1.092727661E0,9.801318054E0,9.862263788E0
2.666186658E1,3.981719971E-2,1.093326416E0,9.765991516E0,9.827081884E0
2.667189658E1,2.065704346E-2,1.099313965E0,9.733059998E0,9.794966811E0
2.668192658E1,2.454895020E-2,1.091081085E0,9.775571594E0,9.836303197E0
2.669195658E1,6.137237549E-2,1.087787933E0,9.830507355E0,9.890698863E0
2.670198558E1,5.478607178E-2,1.070873108E0,9.842632141E0,9.900867547E0
2.671201558E1,6.840774536E-2,1.074016571E0,9.786349182E0,9.845345171E0
2.672204558E1,9.101074219E-2,1.076860657E0,9.780661011E0,9.840185041E0
2.673207558E1,8.532257080E-2,1.067729645E0,9.814939728E0,9.873214694E0
2.674210458E1,8.053253174E-2,1.068777466E0,9.839937744E0,9.898138490E0
2.675213458E1,5.703140259E-2,1.065184937E0,9.826166382E0,9.883896868E0
2.676216458E1,3.847000122E-2,1.065933380E0,9.729467468E0,9.787759250E0
2.677219458E1,5.164260864E-2,1.071471863E0,9.639654236E0,9.699157319E0
2.678222458E1,6.077362061E-2,1.061442719E0,9.650282135E0,9.708671349E0
2.679225358E1,3.787124634E-2,1.056802368E0,9.790690155E0,9.847633177E0
2.680228358E1,2.469863892E-2,1.071471863E0,9.949210510E0,1.000677030E1
2.681231358E1,2.664459229E-2,1.087039490E0,9.970615997E0,1.002973320E1
2.682234358E1,6.017486572E-2,1.126108246E0,9.894125061E0,9.958185152E0
2.683237258E1,5.433700562E-2,1.152154083E0,9.806557159E0,9.874156919E0
2.684240258E1,7.484436035E-2,1.174158325E0,9.758507080E0,9.829176460E0
2.685243258E1,9.056167603E-2,1.185384979E0,9.777966614E0,9.849973100E0
2.686246258E1,8.726852417E-2,1.163081360E0,9.786498871E0,9.855756399E0
2.687249158E1,8.502319336E-2,1.154698792E0,9.779463501E0,9.847764447E0
2.688252158E1,8.696914673E-2,1.132095795E0,9.778565369E0,9.844264583E0
2.689255158E1,9.145980835E-2,1.116977234E0,9.804162140E0,9.868008832E0
2.690258158E1,8.247848511E-2,1.085392914E0,9.822124786E0,9.882257627E0
2.691261058E1,8.068222046E-2,1.071022797E0,9.847721558E0,9.906120296E0
2.692264058E1,7.858657837E-2,1.055305481E0,9.833501129E0,9.890277547E0
2.693267058E1,7.888595581E-2,1.051862640E0,9.818532257E0,9.875029807E0
2.694270058E1,6.706054688E-2,1.073417816E0,9.799821167E0,9.858662071E0
2.695273058E1,7.200027466E-2,1.085991669E0,9.792187042E0,9.852486438E0
2.696275958E1,8.726852417E-2,1.114582214E0,9.795629883E0,9.859222794E0
2.697278958E1,8.786727905E-2,1.124311981E0,9.798024902E0,9.862712106E0
2.698281958E1,7.723937988E-2,1.135987701E0,9.806407471E0,9.872287550E0
2.699284958E1,8.143066406E-2,1.143172760E0,9.808054047E0,9.874786028E0
2.700287858E1,8.397537231E-2,1.147813110E0,9.812993774E0,9.880251698E0
2.701290858E1,8.577163696E-2,1.162183228E0,9.814041595E0,9.882987355E0
2.702293858E1,9.385482788E-2,1.152303772E0,9.792935486E0,9.860943066E0
2.703296858E1,9.714797974E-2,1.153950348E0,9.809850311E0,9.877965492E0
2.704299758E1,7.334747314E-2,1.163680115E0,9.837243347E0,9.906103570E0
2.705302758E1,5.763015747E-2,1.155447235E0,9.857750702E0,9.925403188E0
2.706305758E1,7.364685059E-2,1.151255951E0,9.802814941E0,9.870460724E0
2.707308758E1,9.939331055E-2,1.139430542E0,9.692045288E0,9.759299302E0
2.708311658E1,9.205856323E-2,1.137035522E0,9.676477661E0,9.743487286E0
2.709314658E1,5.508544922E-2,1.127305756E0,9.717492371E0,9.782817112E0
2.710317658E1,5.418731689E-2,1.108894043E0,9.797126770E0,9.859831399E0
2.711320658E1,6.676116943E-2,1.085243225E0,9.857002258E0,9.916788968E0
2.712323658E1,7.903564453E-2,1.092727661E0,9.863438873E0,9.924098286E0
2.713326558E1,7.529342651E-2,1.094224548E0,9.843829651E0,9.904745260E0
2.714329558E1,6.990463257E-2,1.094224548E0,9.813891907E0,9.874952576E0
2.715332558E1,7.529342651E-2,1.120420074E0,9.817484436E0,9.881498413E0
2.716335558E1,6.256988525E-2,1.131946106E0,9.802066498E0,9.867407188E0
2.717338458E1,6.316864014E-2,1.146166534E0,9.779613190E0,9.846751857E0
2.718341458E1,6.706054688E-2,1.147962799E0,9.790839844E0,9.858136769E0
2.719344458E1,7.140151978E-2,1.144969025E0,9.795180817E0,9.862130575E0
2.720347458E1,7.753875732E-2,1.150657196E0,9.813891907E0,9.881421892E0
2.721350358E1,6.406677246E-2,1.133592682E0,9.821675720E0,9.887085054E0
2.722353358E1,6.915618896E-2,1.122665405E0,9.822124786E0,9.886318602E0
2.723356358E1,5.748046875E-2,1.110241241E0,9.811347198E0,9.874131530E0
2.724359358E1,5.134323120E-2,1.121467896E0,9.793534241E0,9.857669060E0
2.725362358E1,6.182144165E-2,1.129700775E0,9.782008209E0,9.847219422E0
2.726365258E1,4.805007935E-2,1.128353577E0,9.769134979E0,9.834199960E0
2.727368258E1,4.340972900E-2,1.140478363E0,9.787846069E0,9.854161861E0
2.728371258E1,5.463638306E-2,1.139430542E0,9.789792023E0,9.856029370E0
2.729374258E1,7.005432129E-2,1.149309998E0,9.818681946E0,9.885966631E0
2.730377158E1,6.735992432E-2,1.151705017E0,9.806108093E0,9.873738793E0
2.731380158E1,7.529342651E-2,1.138233032E0,9.785750427E0,9.852012736E0
2.732383158E1,5.822891235E-2,1.133143616E0,9.780211945E0,9.845808791E0
2.733386158E1,5.703140259E-2,1.129251709E0,9.795629883E0,9.860670708E0
2.734389058E1,4.520599365E-2,1.111588440E0,9.811646576E0,9.874516746E0
2.735392058E1,6.107299805E-2,1.115779724E0,9.802814941E0,9.866299969E0
2.736395058E1,6.885681152E-2,1.112486572E0,9.814041595E0,9.877134203E0
2.737398058E1,6.810836792E-2,1.132694550E0,9.802515564E0,9.867975835E0
2.738401058E1,6.601272583E-2,1.149309998E0,9.797875214E0,9.865273937E0
2.739403958E1,5.613327026E-2,1.134939880E0,9.792187042E0,9.857898688E0
2.740406958E1,4.191284180E-2,1.136137390E0,9.785900116E0,9.851720963E0
2.741409958E1,4.580474854E-2,1.145118713E0,9.783954163E0,9.850845344E0
2.742412958E1,6.047424316E-2,1.146166534E0,9.790241089E0,9.857290471E0
2.743415858E1,5.568420410E-2,1.141975250E0,9.798923035E0,9.865399173E0
2.744418858E1,5.388793945E-2,1.135089569E0,9.798024902E0,9.863702359E0
2.745421858E1,4.954696655E-2,1.123114471E0,9.801018677E0,9.865282972E0
2.746424858E1,4.565505981E-2,1.128802643E0,9.806257782E0,9.871118046E0
2.747427858E1,5.164260864E-2,1.120719452E0,9.795031128E0,9.859072667E0
2.748430758E1,4.580474854E-2,1.126108246E0,9.799372101E0,9.863970368E0
2.749433758E1,4.879852295E-2,1.129700775E0,9.807305603E0,9.872276755E0
2.750436758E1,4.565505981E-2,1.126557312E0,9.792636108E0,9.857329137E0
2.751439758E1,4.954696655E-2,1.139729919E0,9.805060272E0,9.871202872E0
2.752442658E1,4.400848389E-2,1.131796417E0,9.794881439E0,9.860152245E0
2.753445658E1,5.059478760E-2,1.124311981E0,9.790091400E0,9.854568833E0
2.754448658E1,4.879852295E-2,1.131347351E0,9.793085175E0,9.858338874E0
2.755451658E1,2.679428101E-2,1.123713226E0,9.803413696E0,9.867642548E0
2.756454558E1,3.891906738E-2,1.133892059E0,9.811197510E0,9.876579492E0
2.757457558E1,3.861968994E-2,1.142424316E0,9.824070740E0,9.890348361E0
2.758460558E1,2.035766602E-2,1.137783966E0,9.805659027E0,9.871469786E0
2.759463558E1,3.308120728E-2,1.138382721E0,9.789193268E0,9.855217624E0
2.760466558E1,3.562591553E-2,1.134191437E0,9.787995758E0,9.853553693E0
2.761469458E1,4.430786133E-2,1.142124939E0,9.806856537E0,9.873238967E0
2.762472458E1,3.547622681E-2,1.153650970E0,9.824070740E0,9.891639653E0
2.763475533E1,2.365081787E-2,1.149908752E0,9.808353424E0,9.875558029E0
2.764478533E1,1.586700439E-2,1.135688324E0,9.784103851E0,9.849808521E0
2.765481433E1,1.212478638E-2,1.149759064E0,9.745035095E0,9.812634810E0
2.766484433E1,1.616638184E-2,1.142124939E0,9.762398987E0,9.828995102E0
2.767487433E1,3.667373657E-2,1.119222565E0,9.831255798E0,9.894826663E0
2.768490433E1,3.353027344E-2,1.125509491E0,9.837243347E0,9.901477292E0
2.769493433E1,5.194198608E-2,1.103056183E0,9.782157898E0,9.844289921E0
2.770496333E1,8.756790161E-2,1.101858673E0,9.755962372E0,9.818378811E0
2.771499333E1,9.475296021E-2,1.102607117E0,9.795330505E0,9.857647807E0
2.772502333E1,6.062393188E-2,1.106948090E0,9.813891907E0,9.876309214E0
2.773505333E1,3.861968994E-2,1.109492798E0,9.794132996E0,9.856850759E0
2.774508233E1,3.442840576E-2,1.120719452E0,9.725425873E0,9.789847078E0
2.775511233E1,2.634521484E-2,1.116378479E0,9.671837311E0,9.736089150E0
2.776514233E1,4.206253052E-2,1.104253693E0,9.682315521E0,9.745172104E0
2.777517233E1,3.397933960E-2,1.118623810E0,9.779613190E0,9.843439844E0
2.778520233E1,4.311035156E-2,1.112935638E0,9.924212494E0,9.986514801E0
2.779523133E1,3.637435913E-2,1.132245483E0,9.959089966E0,1.002331162E1
2.780526133E1,3.592529297E-2,1.154698792E0,9.865384827E0,9.932796067E0
2.781529133E1,3.757186890E-2,1.176104279E0,9.786349182E0,9.856838400E0
2.782532133E1,6.331832886E-2,1.208287354E0,9.749076691E0,9.823872142E0
2.783535033E1,7.185058594E-2,1.190773773E0,9.758656769E0,9.831301369E0
2.784538033E1,6.780899048E-2,1.189725952E0,9.779164124E0,9.851502264E0
2.785541033E1,8.696914673E-2,1.176553345E0,9.781708832E0,9.852597073E0
2.786544033E1,9.385482788E-2,1.155746613E0,9.787546692E0,9.855994582E0
2.787547033E1,9.011260986E-2,1.145717468E0,9.807904358E0,9.875007681E0
2.788549933E1,6.616241455E-2,1.117126923E0,9.840237122E0,9.903666828E0
2.789552933E1,5.897735596E-2,1.105750580E0,9.858050079E0,9.920046070E0
2.790555933E1,6.286926270E-2,1.101110229E0,9.855056305E0,9.916578596E0
2.791558933E1,4.610412598E-2,1.094673615E0,9.833201752E0,9.894053396E0
2.792561833E1,5.179229736E-2,1.107846222E0,9.811646576E0,9.874128530E0
2.793564833E1,7.200027466E-2,1.121168518E0,9.773475952E0,9.837836910E0
2.794567833E1,6.631210327E-2,1.137185211E0,9.760003967E0,9.826253861E0
2.795570833E1,7.529342651E-2,1.165775757E0,9.781259766E0,9.850773818E0
2.796573833E1,7.694000244E-2,1.171763306E0,9.801168365E0,9.871263867E0
2.797576733E1,8.113128662E-2,1.182540894E0,9.805359650E0,9.876743548E0
2.798579733E1,6.406677246E-2,1.198557587E0,9.826914825E0,9.899944436E0
2.799582733E1,7.723937988E-2,1.190025330E0,9.820927277E0,9.893065186E0
2.800585733E1,8.412506104E-2,1.196461945E0,9.813143463E0,9.886171293E0
2.801588633E1,7.364685059E-2,1.200353851E0,9.804611206E0,9.878090611E0
2.802591633E1,6.032455444E-2,1.201102295E0,9.853858795E0,9.926974309E0
2.803594633E1,4.685256958E-2,1.191222839E0,9.815089417E0,9.887223436E0
2.804597633E1,6.062393188E-2,1.200353851E0,9.759854279E0,9.833579215E0
2.805600633E1,8.637039185E-2,1.180594940E0,9.722581787E0,9.794379044E0
2.806603533E1,9.145980835E-2,1.173858948E0,9.718689880E0,9.789751923E0
2.807606533E1,6.271957397E-2,1.145717468E0,9.734556885E0,9.801948786E0
2.808609533E1,3.996688843E-2,1.128802643E0,9.804611206E0,9.869457617E0
2.809612533E1,5.658233643E-2,1.108744354E0,9.853709106E0,9.916052579E0
2.810615433E1,5.553451538E-2,1.113684082E0,9.840087433E0,9.903065031E0
2.811618433E1,6.331832886E-2,1.115779724E0,9.821076965E0,9.884458830E0
2.812621433E1,6.002517700E-2,1.124461670E0,9.836345215E0,9.900591106E0
2.813624433E1,6.915618896E-2,1.138382721E0,9.811796265E0,9.877856232E0
2.814627433E1,6.271957397E-2,1.134041748E0,9.796378326E0,9.861998415E0
2.815630333E1,4.281097412E-2,1.153950348E0,9.784552917E0,9.852457053E0
2.816633333E1,5.777984619E-2,1.163530426E0,9.787397003E0,9.856484244E0
2.817636333E1,6.765930176E-2,1.152902527E0,9.790091400E0,9.857974013E0
2.818639333E1,6.256988525E-2,1.149309998E0,9.789342957E0,9.856777566E0
2.819642333E1,5.194198608E-2,1.137035522E0,9.804760895E0,9.870607071E0
2.820645233E1,5.089416504E-2,1.132844238E0,9.811347198E0,9.876662398E0
2.821648233E1,3.592529297E-2,1.146316223E0,9.806557159E0,9.873393278E0
2.822651233E1,3.278182983E-2,1.145867157E0,9.794582062E0,9.861436201E0
2.823654233E1,5.044509888E-2,1.150806885E0,9.796827393E0,9.864315899E0
2.824657133E1,5.269042969E-2,1.168470154E0,9.799072723E0,9.868633392E0
2.825660133E1,4.954696655E-2,1.171912994E0,9.793683929E0,9.863674765E0
2.826663133E1,5.748046875E-2,1.156644745E0,9.788145447E0,9.856415289E0
2.827666133E1,5.763015747E-2,1.135688324E0,9.803862762E0,9.869591393E0
2.828669133E1,7.349716187E-2,1.116079102E0,9.791737976E0,9.855413080E0
2.829672033E1,5.688171387E-2,1.094224548E0,9.807006226E0,9.868025841E0
2.830675033E1,6.212081909E-2,1.085991669E0,9.815388794E0,9.875479435E0
2.831678033E1,6.541397095E-2,1.083596649E0,9.808503113E0,9.868393689E0
2.832681033E1,6.481521606E-2,1.098116455E0,9.808353424E0,9.869845878E0
2.833683933E1,4.909790039E-2,1.097667389E0,9.816885681E0,9.878184488E0
2.834686933E1,5.897735596E-2,1.112037506E0,9.814490662E0,9.877465904E0
2.835689933E1,6.706054688E-2,1.121916962E0,9.823172607E0,9.887260230E0
2.836692933E1,6.780899048E-2,1.118174744E0,9.813143463E0,9.876876907E0
2.837695933E1,5.149291992E-2,1.105002136E0,9.807155914E0,9.869345894E0
2.838698833E1,4.805007935E-2,1.102158051E0,9.804611206E0,9.866481748E0
2.839701833E1,5.972579956E-2,1.092128906E0,9.793085175E0,9.853975338E0
2.840704833E1,3.966751099E-2,1.093625793E0,9.796378326E0,9.857312981E0
2.841707833E1,4.879852295E-2,1.076411591E0,9.802665253E0,9.861708233E0
2.842710833E1,5.328918457E-2,1.068777466E0,9.793384552E0,9.851675289E0
2.843713733E1,4.879852295E-2,1.070424042E0,9.789043579E0,9.847515581E0
2.844716733E1,5.074447632E-2,1.070274353E0,9.805359650E0,9.863728507E0
2.845719733E1,5.149291992E-2,1.078207855E0,9.810299377E0,9.869506450E0
2.846722733E1,6.017486572E-2,1.068029022E0,9.802066498E0,9.860264430E0
2.847725633E1,4.535568237E-2,1.074914703E0,9.795480194E0,9.854386383E0
2.848728633E1,4.805007935E-2,1.062191162E0,9.808652802E0,9.866115175E0
2.849731633E1,4.984634399E-2,1.053658905E0,9.819879456E0,9.876371513E0
2.850734633E1,5.089416504E-2,1.044078827E0,9.837991791E0,9.893370168E0
2.851737633E1,5.523513794E-2,1.030457153E0,9.829908600E0,9.883926140E0
2.852740533E1,4.894821167E-2,1.017284546E0,9.802515564E0,9.855281587E0
2.853743533E1,3.323089600E-2,1.014290771E0,9.786648560E0,9.839124966E0
2.854746533E1,4.086502075E-2,1.007854156E0,9.806257782E0,9.857998359E0
2.855749533E1,5.763015747E-2,1.014590149E0,9.819879456E0,9.872322266E0
2.856752533E1,5.269042969E-2,1.011746063E0,9.830657043E0,9.882723526E0
2.857755433E1,5.328918457E-2,1.004111938E0,9.814041595E0,9.865419046E0
2.858758433E1,2.140548706E-2,1.016835480E0,9.775571594E0,9.828337224E0
2.859761433E1,2.215393066E-2,1.004411316E0,9.763746185E0,9.815297879E0
2.860764433E1,3.832031250E-2,9.973759460E-1,9.798174591E0,9.848880776E0
2.861767333E1,3.712280273E-2,9.777667236E-1,9.840087433E0,9.888616008E0
2.862770333E1,5.583389282E-2,9.839039612E-1,9.855804749E0,9.904951876E0
2.863773542E1,7.738906860E-2,9.705816650E-1,9.803713074E0,9.851944370E0
2.864776542E1,1.067280579E-1,9.596543884E-1,9.756710815E0,9.804373175E0
2.865779542E1,8.831634521E-2,9.446855164E-1,9.751920776E0,9.797968633E0
2.866782442E1,8.996292114E-2,9.372010803E-1,9.767937469E0,9.813207508E0
2.867785442E1,6.137237549E-2,9.126521301E-1,9.785001984E0,9.827663217E0
2.868788442E1,6.346801758E-2,9.265731812E-1,9.762099609E0,9.806179421E0
2.869791442E1,6.017486572E-2,9.077124023E-1,9.735155640E0,9.777567087E0
2.870794442E1,6.481521606E-2,9.071136475E-1,9.763746185E0,9.806008146E0
2.871797342E1,7.454498291E-2,9.129515076E-1,9.885293427E0,9.927641388E0
2.872800342E1,6.586303711E-2,9.307644653E-1,9.975106659E0,1.001865327E1
2.873803342E1,5.298980713E-2,9.494755554E-1,9.963880005E0,1.000915663E1
2.874806342E1,3.772155762E-2,9.752220154E-1,9.850415955E0,9.898645128E0
2.875809342E1,5.179229736E-2,9.925859070E-1,9.749825134E0,9.800357104E0
2.876812242E1,5.792953491E-2,9.885443115E-1,9.739197235E0,9.789409506E0
2.877815242E1,7.334747314E-2,9.684860229E-1,9.787846069E0,9.835917634E0
2.878818242E1,1.040336609E-1,9.478289795E-1,9.824968872E0,9.871130437E0
2.879821242E1,1.200503540E-1,9.081614685E-1,9.844877472E0,9.887405210E0
2.880824142E1,1.213975525E-1,8.912466431E-1,9.836644592E0,9.877683675E0
2.881827142E1,1.203497314E-1,8.454418945E-1,9.880952454E0,9.917785914E0
2.882830142E1,1.109193420E-1,8.116122437E-1,9.873168640E0,9.907092234E0
2.883833142E1,9.834548950E-2,8.012837219E-1,9.885592804E0,9.918501526E0
2.884836142E1,9.116043091E-2,7.982899475E-1,9.865085449E0,9.897751663E0
2.885839042E1,8.876541138E-2,8.173004150E-1,9.817185059E0,9.851547175E0
2.886842042E1,9.370513916E-2,8.455915833E-1,9.793683929E0,9.830567160E0
2.887845042E1,9.400451660E-2,8.554710388E-1,9.801168365E0,9.838880469E0
2.888848042E1,1.031355286E-1,8.655001831E-1,9.809700623E0,9.848347770E0
2.889851042E1,8.502319336E-2,8.741821289E-1,9.842482452E0,9.881593200E0
2.890853942E1,9.520202637E-2,8.629554749E-1,9.849667511E0,9.887856474E0
2.891856942E1,9.505233765E-2,8.611592102E-1,9.835447083E0,9.873532774E0
2.892859942E1,1.025367737E-1,8.541238403E-1,9.858349457E0,9.895812010E0
2.893862942E1,9.580078125E-2,8.482859802E-1,9.864786072E0,9.901654970E0
2.894865942E1,1.199006653E-1,8.614585876E-1,9.871072998E0,9.909317292E0
2.895868842E1,8.367599487E-2,8.530760193E-1,9.876461792E0,9.913588548E0
2.896871842E1,7.888595581E-2,8.524772644E-1,9.823471985E0,9.860706989E0
2.897874842E1,1.002914429E-1,8.460406494E-1,9.761351166E0,9.798460070E0
2.898877842E1,1.480421448E-1,8.237370300E-1,9.762099609E0,9.797910387E0
2.899880842E1,1.273851013E-1,8.051756287E-1,9.805808716E0,9.839635122E0
2.900883742E1,9.639953613E-2,7.920030212E-1,9.821675720E0,9.854028395E0
2.901886742E1,9.505233765E-2,7.734416199E-1,9.799821167E0,9.830754894E0
2.902889742E1,8.083190918E-2,7.692503357E-1,9.779613190E0,9.810153618E0
2.903892742E1,1.017883301E-1,7.535330200E-1,9.814041595E0,9.843453932E0
2.904895742E1,1.215472412E-1,7.424560547E-1,9.842332764E0,9.871044978E0
2.905898642E1,1.185534668E-1,7.473957825E-1,9.881700897E0,9.910634087E0
2.906901642E1,1.137634277E-1,7.418572998E-1,9.890981598E0,9.919415877E0
2.907904642E1,1.127156067E-1,7.475454712E-1,9.856702881E0,9.885652266E0
2.908907642E1,1.261875916E-1,7.708969116E-1,9.826465759E0,9.857465936E0
2.909910642E1,1.185534668E-1,7.571255493E-1,9.838141479E0,9.867944152E0
2.910913542E1,1.222956848E-1,7.451504517E-1,9.833650818E0,9.862600764E0
2.911916542E1,1.206491089E-1,7.409591675E-1,9.799970856E0,9.828682794E0
2.912919542E1,1.046324158E-1,7.180567932E-1,9.814041595E0,9.840831567E0
2.913922542E1,9.669891357E-2,7.011419678E-1,9.831555176E0,9.856998930E0
2.914925542E1,1.041833496E-1,6.888674927E-1,9.824669495E0,9.849341261E0
2.915928442E1,1.149609375E-1,6.863227844E-1,9.836794281E0,9.861378033E0
2.916931442E1,1.170565796E-1,6.929090881E-1,9.842183075E0,9.867238364E0
2.917934442E1,1.239422607E-1,7.042854309E-1,9.850865021E0,9.876786993E0
2.918937442E1,1.178050232E-1,6.981481934E-1,9.836195526E0,9.861644455E0
2.919940442E1,1.228944397E-1,6.884184265E-1,9.830357666E0,9.855199380E0
2.920943342E1,1.143621826E-1,6.944059753E-1,9.839189301E0,9.864325849E0
2.921946342E1,1.290316772E-1,6.872209167E-1,9.825268250E0,9.850117661E0
2.922949342E1,1.237925720E-1,6.794371033E-1,9.830956421E0,9.855184601E0
2.923952342E1,1.348695374E-1,6.710545349E-1,9.853110352E0,9.876856159E0
2.924955242E1,1.300794983E-1,6.563850403E-1,9.862840118E0,9.885513502E0
2.925958242E1,1.194515991E-1,6.451583862E-1,9.861792297E0,9.883594758E0
2.926961242E1,1.128652954E-1,6.451583862E-1,9.839189301E0,9.860964152E0
2.927964242E1,1.172062683E-1,6.448590088E-1,9.853559418E0,9.875333597E0
2.928967242E1,1.287322998E-1,6.357279968E-1,9.873767395E0,9.895049503E0
2.929970142E1,1.130149841E-1,6.405180359E-1,9.874815216E0,9.896211967E0
2.930973142E1,1.278341675E-1,6.580316162E-1,9.851164398E0,9.873944864E0
2.931976142E1,1.296304321E-1,6.581813049E-1,9.798773346E0,9.821708902E0
2.932979142E1,1.167572021E-1,6.450086975E-1,9.810748444E0,9.832621903E0
2.933982142E1,1.243913269E-1,6.406677246E-1,9.827064514E0,9.848711860E0
2.934985142E1,1.263372803E-1,6.262976074E-1,9.855804749E0,9.876492143E0
2.935988042E1,1.200503540E-1,6.119274902E-1,9.875114594E0,9.894784261E0
2.936991042E1,1.139131165E-1,6.093827820E-1,9.854756927E0,9.874237068E0
2.937994042E1,1.140628052E-1,5.927673340E-1,9.817783813E0,9.836323624E0
2.938997042E1,1.109193420E-1,5.806425476E-1,9.796378326E0,9.814197735E0
2.939999942E1,1.178050232E-1,5.957611084E-1,9.817334747E0,9.836100389E0
2.941002942E1,1.107696533E-1,5.691165161E-1,9.862989807E0,9.880016774E0
2.942005942E1,9.265731812E-2,5.560935974E-1,9.841284943E0,9.857419276E0
2.943008942E1,1.166075134E-1,5.448669434E-1,9.832602997E0,9.848378496E0
2.944011942E1,1.636097717E-1,5.227130127E-1,9.743388519E0,9.758771280E0
2.945014842E1,1.648072815E-1,5.236111450E-1,9.763446808E0,9.778866174E0
2.946017842E1,1.522334290E-1,5.195695496E-1,9.815688171E0,9.830608415E0
2.947020842E1,1.302291870E-1,5.008584595E-1,9.846673737E0,9.860263816E0
2.948023842E1,1.052311707E-1,5.016069031E-1,9.860894165E0,9.874204617E0
2.949026842E1,9.475296021E-2,4.921765137E-1,9.831106110E0,9.843874399E0
2.950029742E1,8.891510010E-2,5.017565918E-1,9.814340973E0,9.827560954E0
2.951032742E1,1.160087585E-1,5.135820007E-1,9.865534515E0,9.879574676E0
2.952035742E1,1.163081360E-1,5.478607178E-1,9.925709381E0,9.941498160E0
2.953038742E1,1.130149841E-1,5.815406799E-1,9.931846619E0,9.949499445E0
2.954041742E1,9.939331055E-2,6.075865173E-1,9.864486694E0,9.883680395E0
2.955044742E1,1.148112488E-1,6.053411865E-1,9.798024902E0,9.817378039E0
2.956047642E1,1.263372803E-1,6.084846497E-1,9.771380310E0,9.791122910E0
2.957050642E1,1.478924561E-1,5.701643372E-1,9.805209961E0,9.822886639E0
2.958053642E1,1.664538574E-1,5.275030518E-1,9.861043854E0,9.876545562E0
2.959056642E1,1.713935852E-1,4.944218445E-1,9.881700897E0,9.895546541E0
2.960059642E1,1.737886047E-1,4.531077576E-1,9.905351715E0,9.917232564E0
2.961062542E1,1.799258423E-1,4.348457336E-1,9.903106384E0,9.914281627E0
2.962065542E1,1.673519897E-1,3.993695068E-1,9.884095917E0,9.893576440E0
2.963068542E1,1.676513672E-1,3.835025024E-1,9.858798523E0,9.867679031E0
2.964072029E1,1.577719116E-1,3.978726196E-1,9.869576111E0,9.878852525E0
2.965075029E1,1.460961914E-1,4.062551880E-1,9.848020935E0,9.857479582E0
2.966077929E1,1.496887207E-1,4.343966675E-1,9.846973114E0,9.857686680E0
2.967080929E1,1.592687988E-1,4.496649170E-1,9.839488678E0,9.851045758E0
2.968083929E1,1.639091492E-1,4.739144897E-1,9.847571869E0,9.860331276E0
2.969086929E1,1.559756470E-1,4.837939453E-1,9.844129028E0,9.857244103E0
2.970089929E1,1.423539734E-1,4.960684204E-1,9.843829651E0,9.857349072E0
2.971092829E1,1.556762695E-1,4.944218445E-1,9.848020935E0,9.861653228E0
2.972095829E1,1.520837402E-1,4.929249573E-1,9.851613464E0,9.865109849E0
2.973098829E1,1.689985657E-1,4.948709106E-1,9.905800781E0,9.919594087E0
2.974101829E1,1.553768921E-1,4.799020386E-1,9.953551483E0,9.966325054E0
2.975104829E1,1.392105103E-1,4.857398987E-1,9.929900665E0,9.942748616E0
2.976107729E1,1.597178650E-1,4.683760071E-1,9.827663269E0,9.840114390E0
2.977110729E1,2.023791504E-1,4.583468628E-1,9.765542450E0,9.778387316E0
2.978113729E1,1.924996948E-1,4.532574463E-1,9.792336731E0,9.804710965E0
2.979116729E1,1.591191101E-1,4.276606750E-1,9.834099884E0,9.844680445E0
2.980119729E1,1.336720276E-1,4.031117249E-1,9.818532257E0,9.827713007E0
2.981122629E1,1.516346741E-1,3.930825806E-1,9.810449066E0,9.819491732E0
2.982125629E1,1.689985657E-1,3.812571716E-1,9.830956421E0,9.839797848E0
2.983128629E1,1.679507446E-1,3.830534363E-1,9.866881714E0,9.875742612E0
2.984131629E1,1.648072815E-1,3.875440979E-1,9.898915100E0,9.907869197E0
2.985134629E1,1.742376709E-1,3.797602844E-1,9.919123077E0,9.927919181E0
2.986137529E1,1.709445190E-1,3.939807129E-1,9.882748718E0,9.892075872E0
2.987140529E1,1.766326904E-1,3.930825806E-1,9.871971130E0,9.881372730E0
2.988143529E1,1.808239746E-1,4.070036316E-1,9.865235138E0,9.875282963E0
2.989146529E1,1.776805115E-1,4.020639038E-1,9.849218445E0,9.859022757E0
2.990149529E1,1.829196167E-1,3.842509460E-1,9.830657043E0,9.839864139E0
2.991152429E1,1.827699280E-1,3.803590393E-1,9.798174591E0,9.807257678E0
2.992155429E1,1.636097717E-1,3.713777161E-1,9.819580078E0,9.827962275E0
2.993158429E1,1.580712891E-1,3.625460815E-1,9.843230896E0,9.851173568E0
2.994161429E1,1.657054138E-1,3.541635132E-1,9.851314087E0,9.859070916E0
2.995164429E1,1.841171265E-1,3.457809448E-1,9.866582336E0,9.874356211E0
2.996167429E1,1.901046753E-1,3.420387268E-1,9.882748718E0,9.890493037E0
2.997170329E1,1.883084106E-1,3.562591553E-1,9.867480469E0,9.875705111E0
2.998173329E1,1.645079041E-1,3.484753418E-1,9.851912842E0,9.859446463E0
2.999176329E1,1.633103943E-1,3.462300110E-1,9.870324554E0,9.877745305E0
3.000179329E1,1.676513672E-1,3.474275208E-1,9.884245605E0,9.891770522E0
3.001182329E1,1.555265808E-1,3.293151855E-1,9.864935760E0,9.871656121E0
3.002185229E1,1.525328064E-1,3.264710999E-1,9.859546967E0,9.866129739E0
3.003188229E1,1.778302002E-1,3.390449524E-1,9.865534515E0,9.872960363E0
3.004191229E1,1.712438965E-1,3.297642517E-1,9.882599030E0,9.889582019E0
3.005194229E1,1.743873596E-1,3.255729675E-1,9.895771637E0,9.902661511E0
3.006197229E1,1.793270874E-1,3.472778320E-1,9.886191559E0,9.893914475E0
3.007200129E1,1.790277100E-1,3.585044861E-1,9.864337006E0,9.872472889E0
3.008203129E1,1.541793823E-1,3.379971313E-1,9.816586304E0,9.823613388E0
3.009206129E1,1.607656860E-1,3.393443298E-1,9.776619415E0,9.783827849E0
3.010209129E1,1.731898499E-1,3.388952637E-1,9.795779572E0,9.803170005E0
3.011212129E1,1.809736633E-1,3.330574036E-1,9.826765137E0,9.834072999E0
3.012215129E1,1.764830017E-1,3.243754578E-1,9.876012726E0,9.882914198E0
3.013218029E1,1.907034302E-1,3.047662354E-1,9.919422455E0,9.925935326E0
3.014221029E1,2.034269714E-1,2.835104370E-1,9.875863037E0,9.882025674E0
3.015224029E1,2.103126526E-1,2.642005920E-1,9.766141205E0,9.771977661E0
3.016227029E1,2.157014465E-1,2.544708252E-1,9.755213928E0,9.760916007E0
3.017230029E1,1.883084106E-1,2.405497742E-1,9.807305603E0,9.812062344E0
3.018232929E1,1.715432739E-1,2.275268555E-1,9.859846344E0,9.863962971E0
3.019235929E1,1.528321838E-1,2.194436646E-1,9.897418213E0,9.901030274E0
3.020238929E1,1.428030396E-1,2.086660767E-1,9.842482452E0,9.845729788E0
3.021241929E1,1.508862305E-1,2.411485291E-1,9.812844086E0,9.816966350E0
3.022244929E1,1.643582153E-1,2.662962341E-1,9.848320312E0,9.853290835E0
3.023247829E1,1.672023010E-1,3.023712158E-1,9.899513855E0,9.905541859E0
3.024250829E1,1.559756470E-1,3.336561584E-1,9.930649109E0,9.937476871E0
3.025253829E1,1.568737793E-1,3.460803223E-1,9.890981598E0,9.898277524E0
3.026256829E1,1.676513672E-1,3.541635132E-1,9.816735992E0,9.824553136E0
3.027259829E1,1.845661926E-1,3.619473267E-1,9.801018677E0,9.809436153E0
3.028262829E1,1.956431580E-1,3.320095825E-1,9.843230896E0,9.850771598E0
3.029265729E1,2.031275940E-1,2.942880249E-1,9.865534515E0,9.872012841E0
3.030268729E1,2.049238586E-1,2.442919922E-1,9.889035645E0,9.894174970E0
3.031271729E1,2.062710571E-1,2.221380615E-1,9.875114594E0,9.879766257E0
3.032274729E1,2.053729248E-1,1.907034302E-1,9.887987823E0,9.891958807E0
3.033277729E1,2.080673218E-1,1.556762695E-1,9.892628174E0,9.896040587E0
3.034280629E1,2.055226135E-1,1.718426514E-1,9.862690430E0,9.866328190E0
3.035283629E1,1.770817566E-1,1.842668152E-1,9.858948212E0,9.862259987E0
3.036286629E1,1.902543640E-1,2.008822632E-1,9.856702881E0,9.860585281E0
3.037289629E1,2.007325745E-1,2.158511353E-1,9.830806732E0,9.835224770E0
3.038292629E1,2.029779053E-1,2.427951050E-1,9.835596771E0,9.840686629E0
3.039295529E1,2.104623413E-1,2.583627319E-1,9.850865021E0,9.856499752E0
3.040298529E1,2.163002014E-1,2.430944824E-1,9.863738251E0,9.869103961E0
3.041301529E1,1.956431580E-1,2.369572449E-1,9.873318329E0,9.878098997E0
3.042304529E1,1.895059204E-1,2.469863892E-1,9.861492920E0,9.866405494E0
3.043307529E1,1.984872437E-1,2.531236267E-1,9.857451324E0,9.862698179E0
3.044310529E1,2.233355713E-1,2.570155334E-1,9.875413971E0,9.881282147E0
3.045313429E1,2.116598511E-1,2.577639771E-1,9.951904907E0,9.957492327E0
3.046316429E1,2.011816406E-1,2.653981018E-1,9.956545258E0,9.962113414E0
3.047319429E1,1.926493835E-1,2.619552612E-1,9.869426422E0,9.874781630E0
3.048322429E1,2.299218750E-1,2.481838989E-1,9.784552917E0,9.790400151E0
3.049325429E1,2.436932373E-1,2.424957275E-1,9.783654785E0,9.789693127E0
3.050328329E1,2.115101624E-1,2.230361938E-1,9.805060272E0,9.809877096E0
3.051331329E1,1.755848694E-1,2.025288391E-1,9.804162140E0,9.807825612E0
3.052334329E1,1.933978271E-1,1.987866211E-1,9.813891907E0,9.817810000E0
3.053337329E1,2.046244812E-1,1.787283325E-1,9.850565643E0,9.854311670E0
3.054340329E1,2.089654541E-1,1.631607056E-1,9.897268524E0,9.900818765E0
3.055343329E1,2.080673218E-1,1.667532349E-1,9.954000549E0,9.957571270E0
3.056346229E1,2.065704346E-1,1.598675537E-1,9.919123077E0,9.922561746E0
3.057349229E1,1.986369324E-1,1.748364258E-1,9.879455566E0,9.882998872E0
3.058352229E1,2.095642090E-1,1.886077881E-1,9.865983582E0,9.870011251E0
3.059355229E1,2.103126526E-1,1.986369324E-1,9.844727783E0,9.848977265E0
3.060358229E1,2.267784119E-1,2.020797729E-1,9.858648834E0,9.863327102E0
3.061361129E1,2.085163879E-1,1.977388000E-1,9.835596771E0,9.839793878E0
3.062364129E1,1.930984497E-1,2.016307068E-1,9.803862762E0,9.807837020E0
3.063367129E1,1.999841309E-1,1.923500061E-1,9.812844086E0,9.816766333E0
3.064369417E1,2.014810181E-1,1.694476318E-1,9.842332764E0,9.845853002E0
3.065372417E1,2.028282166E-1,1.525328064E-1,9.871222687E0,9.874484436E0
3.066375417E1,2.119592285E-1,1.523831177E-1,9.900711365E0,9.904152304E0
3.067378317E1,2.180964661E-1,1.553768921E-1,9.889185333E0,9.892810248E0
3.068381317E1,2.070195007E-1,1.434017944E-1,9.874216461E0,9.877427391E0
3.069384317E1,1.962419128E-1,1.499880981E-1,9.839788055E0,9.842887599E0
3.070387317E1,1.880090332E-1,1.577719116E-1,9.831106110E0,9.834169345E0
3.071390317E1,1.948947144E-1,1.526824951E-1,9.835447083E0,9.838562660E0
3.072393217E1,1.947450256E-1,1.543290710E-1,9.885143738E0,9.888266269E0
3.073396217E1,1.869612122E-1,1.589694214E-1,9.927805023E0,9.930837747E0
3.074399217E1,1.917512512E-1,1.511856079E-1,9.907896423E0,9.910904962E0
3.075402217E1,2.136058044E-1,1.450483704E-1,9.870623932E0,9.874000368E0
3.076405217E1,2.180964661E-1,1.573228455E-1,9.847122803E0,9.850794082E0
3.077408217E1,1.978884888E-1,1.505868530E-1,9.865235138E0,9.868368689E0
3.078411117E1,2.037263489E-1,1.621128845E-1,9.868528290E0,9.871962096E0
3.079414117E1,2.008822632E-1,1.844165039E-1,9.859696655E0,9.863467000E0
3.080417117E1,1.968406677E-1,1.749861145E-1,9.830806732E0,9.834334110E0
3.081420117E1,1.800755310E-1,1.661544800E-1,9.805209961E0,9.808270841E0
3.082423117E1,1.917512512E-1,1.681004333E-1,9.794731750E0,9.798050641E0
3.083426117E1,2.026785278E-1,1.481918335E-1,9.840087433E0,9.843290105E0
3.084429017E1,2.053729248E-1,1.444496155E-1,9.883646851E0,9.886835631E0
3.085432017E1,1.998344421E-1,1.258882141E-1,9.936337280E0,9.939143836E0
3.086435017E1,1.886077881E-1,1.073268127E-1,9.906249847E0,9.908626443E0
3.087438017E1,1.908531189E-1,9.460327148E-2,9.782457275E0,9.784776187E0
3.088441017E1,2.390528870E-1,9.026229858E-2,9.732461243E0,9.735815087E0
3.089443917E1,2.275268555E-1,7.394622803E-2,9.810000000E0,9.812916820E0
3.090446917E1,2.028282166E-1,5.658233643E-2,9.859397278E0,9.861645681E0
3.091449917E1,1.739382935E-1,4.894821167E-2,9.903555450E0,9.905203734E0
3.092452917E1,1.435514832E-1,4.236190796E-2,9.882000275E0,9.883133662E0
3.093455917E1,1.469943237E-1,4.924758911E-2,9.815089417E0,9.816313611E0
3.094458917E1,1.645079041E-1,8.771759033E-2,9.824669495E0,9.826438211E0
3.095461817E1,1.944456482E-1,1.221459961E-1,9.902208252E0,9.904870369E0
3.096464817E1,2.125579834E-1,1.573228455E-1,9.913434906E0,9.916961380E0
3.097467817E1,1.914518738E-1,1.898052979E-1,9.873018951E0,9.876698997E0
3.098470817E1,1.960922241E-1,2.167492676E-1,9.846074982E0,9.850412425E0
3.099473817E1,2.041754150E-1,2.161505127E-1,9.824519806E0,9.829018164E0
3.100476817E1,2.046244812E-1,1.927990723E-1,9.819729767E0,9.823753629E0
3.101479717E1,2.195933533E-1,1.457968140E-1,9.856852570E0,9.860376287E0
3.102482717E1,2.430944824E-1,9.565109253E-2,9.891280975E0,9.894730082E0
3.103485717E1,2.192939758E-1,6.750961304E-2,9.911039886E0,9.913695528E0
3.104488717E1,2.088157654E-1,4.445755005E-2,9.900411987E0,9.902713669E0
3.105491717E1,2.017803955E-1,-2.844085693E-3,9.882000275E0,9.884060544E0
3.106494617E1,1.992356873E-1,1.451980591E-2,9.862840118E0,9.864862943E0
3.107497617E1,1.899549866E-1,2.020797729E-2,9.852810974E0,9.854662620E0
3.108500617E1,1.845661926E-1,2.709365845E-2,9.833052063E0,9.834821382E0
3.109503617E1,2.047741699E-1,6.481521606E-2,9.846973114E0,9.849315356E0
3.110506617E1,2.046244812E-1,6.915618896E-2,9.857451324E0,9.859817461E0
3.111509617E1,2.118095398E-1,8.966354370E-2,9.873617706E0,9.876296342E0
3.112512517E1,2.218386841E-1,1.025367737E-1,9.879455566E0,9.882477851E0
3.113515517E1,2.092648315E-1,1.110690308E-1,9.871671753E0,9.874514231E0
3.114518517E1,2.011816406E-1,1.266366577E-1,9.844428406E0,9.847298184E0
3.115521517E1,1.916015625E-1,1.296304321E-1,9.859247589E0,9.861961176E0
3.116524517E1,2.004331970E-1,1.248403931E-1,9.869725800E0,9.872550124E0
3.117527517E1,2.186952209E-1,1.341210938E-1,9.882149963E0,9.885479450E0
3.118530417E1,1.990859985E-1,1.212478638E-1,9.945617981E0,9.948349275E0
3.119533417E1,1.963916016E-1,1.275347900E-1,9.928104401E0,9.930865610E0
3.120536417E1,2.188449097E-1,1.285826111E-1,9.840985565E0,9.844258402E0
3.121539417E1,2.526745605E-1,1.148112488E-1,9.803563385E0,9.807491071E0
3.122542417E1,2.257305908E-1,1.032852173E-1,9.774673462E0,9.777825087E0
3.123545417E1,1.986369324E-1,7.948471069E-2,9.757758636E0,9.760103896E0
3.124548317E1,1.848655701E-1,7.200027466E-2,9.810598755E0,9.812604509E0
3.125551317E1,2.025288391E-1,6.676116943E-2,9.862540741E0,9.864845911E0
3.126554317E1,2.098635864E-1,5.852828979E-2,9.891131287E0,9.893530533E0
3.127557317E1,2.062710571E-1,5.224136353E-2,9.921817474E0,9.924098896E0
3.128560317E1,2.122586060E-1,7.274871826E-2,9.924362183E0,9.926898349E0
3.129563217E1,2.026785278E-1,7.349716187E-2,9.890831909E0,9.893181302E0
3.130566217E1,2.074685669E-1,1.062789917E-1,9.842632141E0,9.845392115E0
3.131569217E1,2.001338196E-1,1.103205872E-1,9.817185059E0,9.819844533E0
3.132572217E1,2.209405518E-1,9.340576172E-2,9.839638367E0,9.842561788E0
3.133575217E1,2.321672058E-1,9.145980835E-2,9.839039612E0,9.842203361E0
3.134578217E1,2.186952209E-1,9.220825195E-2,9.845476227E0,9.848336514E0
3.135581117E1,1.938468933E-1,9.190887451E-2,9.848470001E0,9.850806324E0
3.136584117E1,1.962419128E-1,8.532257080E-2,9.853709106E0,9.856032365E0
3.137587117E1,2.071691895E-1,7.723937988E-2,9.882149963E0,9.884623053E0
3.138590117E1,2.020797729E-1,9.550140381E-2,9.884245605E0,9.886772372E0
3.139593117E1,2.094145203E-1,1.125659180E-1,9.872270508E0,9.875132936E0
3.140596117E1,2.269281006E-1,1.236428833E-1,9.852810974E0,9.856199471E0
3.141599017E1,2.125579834E-1,1.434017944E-1,9.838590546E0,9.841931157E0
3.142602017E1,1.998344421E-1,1.327738953E-1,9.838141479E0,9.841066532E0
3.143605017E1,2.118095398E-1,1.384620667E-1,9.847871246E0,9.851121921E0
3.144608017E1,2.059716797E-1,1.239422607E-1,9.873318329E0,9.876244268E0
3.145611017E1,1.987866211E-1,1.032852173E-1,9.880353699E0,9.882892955E0
3.146614017E1,2.046244812E-1,1.013392639E-1,9.888885956E0,9.891521939E0
3.147616917E1,2.195933533E-1,1.197509766E-1,9.882898407E0,9.886063041E0
3.148619917E1,2.001338196E-1,1.213975525E-1,9.870623932E0,9.873398995E0
3.149622917E1,1.975891113E-1,1.432521057E-1,9.857301636E0,9.860322417E0
3.150625917E1,1.914518738E-1,1.540296936E-1,9.843380585E0,9.846447090E0
3.151628917E1,1.899549866E-1,1.552272034E-1,9.842482452E0,9.845539051E0
3.152631917E1,2.130070496E-1,1.558259583E-1,9.837243347E0,9.840783018E0
3.153634817E1,2.160008240E-1,1.595681763E-1,9.880204010E0,9.883852975E0
3.154637817E1,2.118095398E-1,1.559756470E-1,9.878407745E0,9.881909293E0
3.155640817E1,2.130070496E-1,1.567240906E-1,9.863887939E0,9.867432276E0
3.156643817E1,2.124082947E-1,1.577719116E-1,9.811796265E0,9.815363223E0
3.157646817E1,2.064207458E-1,1.478924561E-1,9.811047821E0,9.814333449E0
3.158649817E1,1.917512512E-1,1.519340515E-1,9.844129028E0,9.847168569E0
3.159652717E1,1.899549866E-1,1.565744019E-1,9.872869263E0,9.875937724E0
3.160655717E1,2.088157654E-1,1.589694214E-1,9.879605255E0,9.883090372E0
3.161658717E1,1.862127686E-1,1.836680603E-1,9.849817200E0,9.853289198E0
3.162661717E1,1.658551025E-1,1.971400452E-1,9.804461517E0,9.807845725E0
3.163664733E1,1.839674377E-1,1.971400452E-1,9.789792023E0,9.793504790E0
3.164667733E1,1.728904724E-1,2.052232361E-1,9.826166382E0,9.829829778E0
3.165670633E1,1.826202393E-1,2.005828857E-1,9.878856812E0,9.882580409E0
3.166673633E1,1.863624573E-1,2.134561157E-1,9.919422455E0,9.923468966E0
3.167676633E1,1.796264648E-1,2.195933533E-1,9.912536774E0,9.916595797E0
3.168679633E1,1.847158813E-1,2.206411743E-1,9.781858521E0,9.786090057E0
3.169682633E1,2.170486450E-1,2.239343262E-1,9.728419647E0,9.733416950E0
3.170685633E1,2.257305908E-1,2.270777893E-1,9.800569611E0,9.805798454E0
3.171688533E1,1.966909790E-1,2.221380615E-1,9.828860779E0,9.833338033E0
3.172691533E1,1.621128845E-1,1.980381775E-1,9.862091675E0,9.865411898E0
3.173694533E1,1.484912109E-1,1.712438965E-1,9.852810974E0,9.855417708E0
3.174697533E1,1.356179810E-1,1.904040527E-1,9.803862762E0,9.806649326E0
3.175700533E1,1.463955688E-1,1.896556091E-1,9.844578094E0,9.847493020E0
3.176703533E1,1.627116394E-1,2.185455322E-1,9.943522339E0,9.947254583E0
3.177706433E1,1.686991882E-1,2.667453003E-1,9.997110901E0,1.000209172E1
3.178709433E1,1.435514832E-1,3.155438232E-1,9.933642883E0,9.939689928E0
3.179712433E1,1.648072815E-1,3.567082214E-1,9.839488678E0,9.847331600E0
3.180715433E1,1.862127686E-1,3.818559265E-1,9.790390778E0,9.799604110E0
3.181718433E1,1.826202393E-1,3.799099731E-1,9.785750427E0,9.794824815E0
3.182721433E1,2.094145203E-1,3.626957703E-1,9.813592529E0,9.822525184E0
3.183724333E1,2.136058044E-1,3.260220337E-1,9.849218445E0,9.856927603E0
3.184727333E1,2.228865051E-1,3.014730835E-1,9.896220703E0,9.903320081E0
3.185730333E1,2.261796570E-1,2.698887634E-1,9.912387085E0,9.918639771E0
3.186733333E1,2.215393066E-1,2.544708252E-1,9.902357941E0,9.908104150E0
3.187736333E1,2.023791504E-1,2.583627319E-1,9.880503387E0,9.885952448E0
3.188739333E1,1.848655701E-1,2.456391907E-1,9.861492920E0,9.866283824E0
3.189742233E1,1.784289551E-1,2.880010986E-1,9.840536499E0,9.846366848E0
3.190745233E1,1.761836243E-1,3.031196594E-1,9.831704865E0,9.837954195E0
3.191748233E1,1.793270874E-1,3.278182983E-1,9.827812958E0,9.834913857E0
3.192751233E1,1.974394226E-1,3.613485718E-1,9.833201752E0,9.841819537E0
3.193754233E1,2.100132751E-1,3.873944092E-1,9.865384827E0,9.875221404E0
3.194757233E1,1.916015625E-1,4.092489624E-1,9.884095917E0,9.894420042E0
3.195760133E1,1.889071655E-1,4.162843323E-1,9.887688446E0,9.898250420E0
3.196763133E1,1.827699280E-1,4.140390015E-1,9.886940002E0,9.897293355E0
3.197766133E1,1.805245972E-1,4.225712585E-1,9.877060547E0,9.887743961E0
3.198769133E1,1.922003174E-1,4.343966675E-1,9.861193542E0,9.872627791E0
3.199772133E1,1.805245972E-1,4.427792358E-1,9.882000275E0,9.893562150E0
3.200775133E1,1.516346741E-1,4.418811035E-1,9.937235413E0,9.948210876E0
3.201778033E1,1.642085266E-1,4.264631653E-1,9.895322571E0,9.905869172E0
3.202781033E1,1.975891113E-1,4.355941772E-1,9.837243347E0,9.848864930E0
3.203784033E1,2.157014465E-1,4.323010254E-1,9.775272217E0,9.787203799E0
3.204787033E1,2.158511353E-1,4.123924255E-1,9.752070465E0,9.763172516E0
3.205790033E1,1.791773987E-1,3.900888062E-1,9.780062256E0,9.789478615E0
3.206793033E1,1.582209778E-1,3.787124634E-1,9.847422180E0,9.855971824E0
3.207796033E1,1.742376709E-1,3.921844482E-1,9.854457550E0,9.863797495E0
3.208798933E1,1.844165039E-1,3.924838257E-1,9.895322571E0,9.904820129E0
3.209801933E1,1.733395386E-1,4.062551880E-1,9.920470276E0,9.930298101E0
3.210804933E1,1.701960754E-1,4.143383789E-1,9.932445374E0,9.942540626E0
3.211807933E1,1.651066589E-1,4.427792358E-1,9.891280975E0,9.902562951E0
3.212810933E1,1.649569702E-1,4.638853455E-1,9.857002258E0,9.869290447E0
3.213813933E1,1.743873596E-1,4.837939453E-1,9.821825409E0,9.835279452E0
3.214816833E1,1.907034302E-1,5.077441406E-1,9.805958405E0,9.820946601E0
3.215819833E1,1.933978271E-1,4.989125061E-1,9.826914825E0,9.841472014E0
3.216822833E1,1.838177490E-1,4.938230896E-1,9.828262024E0,9.842376980E0
3.217825833E1,1.800755310E-1,4.894821167E-1,9.821526031E0,9.835364433E0
3.218828833E1,1.797761536E-1,4.755610657E-1,9.848170624E0,9.861285029E0
3.219831833E1,1.624122620E-1,4.739144897E-1,9.861193542E0,9.873910612E0
3.220834833E1,1.624122620E-1,4.824467468E-1,9.870324554E0,9.883442691E0
3.221837733E1,1.670526123E-1,4.984634399E-1,9.887838135E0,9.901803642E0
3.222840733E1,1.675016785E-1,5.086422729E-1,9.852361908E0,9.866904729E0
3.223843733E1,1.619631958E-1,5.179229736E-1,9.836943970E0,9.851900474E0
3.224846733E1,1.610650635E-1,5.110372925E-1,9.858798523E0,9.873348438E0
3.225849733E1,1.508862305E-1,5.158273315E-1,9.848320312E0,9.862974068E0
3.226852733E1,1.576222229E-1,5.337899780E-1,9.850415955E0,9.866127456E0
3.227855633E1,1.528321838E-1,5.072950745E-1,9.859996033E0,9.874220361E0
3.228858633E1,1.447489929E-1,5.022056580E-1,9.849218445E0,9.863075928E0
3.229861633E1,1.606159973E-1,5.195695496E-1,9.868079224E0,9.883053050E0
3.230864633E1,1.634600830E-1,5.263055420E-1,9.861792297E0,9.877178951E0
3.231867633E1,1.648072815E-1,5.429209900E-1,9.845027161E0,9.861363214E0
3.232870633E1,1.508862305E-1,5.569917297E-1,9.826465759E0,9.843395540E0
3.233873533E1,1.499880981E-1,5.671705627E-1,9.831704865E0,9.849192831E0
3.234876533E1,1.525328064E-1,5.760021973E-1,9.822873230E0,9.840928985E0
3.235879533E1,1.556762695E-1,5.792953491E-1,9.843679962E0,9.861939637E0
3.236882533E1,1.541793823E-1,5.840853882E-1,9.831854553E0,9.850395473E0
3.237885533E1,1.507365417E-1,5.885760498E-1,9.834548950E0,9.853298753E0
3.238888533E1,1.634600830E-1,5.718109131E-1,9.839189301E0,9.857146291E0
3.239891433E1,1.567240906E-1,5.828878784E-1,9.844428406E0,9.862914952E0
3.240894433E1,1.516346741E-1,5.764512634E-1,9.827663269E0,9.845722648E0
3.241897433E1,1.396595764E-1,5.788462830E-1,9.841434631E0,9.859432206E0
3.242900433E1,1.453477478E-1,5.864804077E-1,9.836794281E0,9.855333935E0
3.243903433E1,1.456471252E-1,5.795947266E-1,9.843380585E0,9.861505183E0
3.244906433E1,1.422042847E-1,5.968089294E-1,9.846374359E0,9.865469628E0
3.245909433E1,1.419049072E-1,6.044430542E-1,9.854008484E0,9.873549089E0
3.246912333E1,1.453477478E-1,6.209088135E-1,9.836644592E0,9.857293267E0
3.247915333E1,1.336720276E-1,6.262976074E-1,9.826914825E0,9.847759740E0
3.248918333E1,1.281335449E-1,6.134243774E-1,9.837692413E0,9.857631546E0
3.249921333E1,1.194515991E-1,6.301895142E-1,9.852361908E0,9.873218456E0
3.250924333E1,1.107696533E-1,6.334826660E-1,9.839937744E0,9.860930231E0
3.251927333E1,1.338217163E-1,6.490502930E-1,9.839638367E0,9.861929716E0
3.252930233E1,1.330732727E-1,6.423143005E-1,9.833351440E0,9.855205564E0
3.253933233E1,1.320254517E-1,6.393205261E-1,9.832453308E0,9.854100644E0
3.254936233E1,1.258882141E-1,6.503974915E-1,9.840686188E0,9.862959464E0
3.255939233E1,1.175056458E-1,6.319857788E-1,9.851164398E0,9.872114951E0
3.256942233E1,1.134640503E-1,6.481521606E-1,9.836794281E0,9.858777665E0
3.257945233E1,1.131646729E-1,6.460565186E-1,9.849368134E0,9.871182700E0
3.258948233E1,1.128652954E-1,6.637197876E-1,9.830956421E0,9.853982275E0
3.259951133E1,1.116677856E-1,6.674620056E-1,9.828561401E0,9.851832035E0
3.260954133E1,1.148112488E-1,6.764433289E-1,9.818382568E0,9.842326628E0
3.261957133E1,1.158590698E-1,6.719526672E-1,9.841584320E0,9.865177426E0
3.262960133E1,1.222956848E-1,6.759942627E-1,9.859247589E0,9.883151699E0
3.263963033E1,1.073268127E-1,6.994953918E-1,9.835596771E0,9.861023106E0
3.264966033E1,1.040336609E-1,7.008425903E-1,9.818232880E0,9.843764535E0
3.265969033E1,1.004411316E-1,6.933581543E-1,9.827962646E0,9.852902300E0
3.266971933E1,1.079255676E-1,7.111711121E-1,9.853559418E0,9.879779627E0
3.267974933E1,1.116677856E-1,7.176077271E-1,9.879156189E0,9.905814330E0
3.268977933E1,1.047821045E-1,7.240443420E-1,9.851763153E0,9.878889448E0
3.269980933E1,9.939331055E-2,7.388635254E-1,9.806856537E0,9.835152946E0
3.270983933E1,8.996292114E-2,7.403604126E-1,9.769584045E0,9.798009966E0
3.271986933E1,1.019380188E-1,7.482939148E-1,9.805509338E0,9.834548720E0
3.272989833E1,9.595046997E-2,7.264393616E-1,9.864935760E0,9.892111918E0
3.273992833E1,9.280700684E-2,7.312294006E-1,9.877509613E0,9.904973788E0
3.274995833E1,1.094224548E-1,7.439529419E-1,9.830806732E0,9.859523328E0
3.275998833E1,1.369651794E-1,7.315287781E-1,9.778565369E0,9.806846307E0
3.277001833E1,1.615141296E-1,7.339237976E-1,9.811496887E0,9.840233845E0
3.278004833E1,1.555265808E-1,7.201524353E-1,9.874515839E0,9.901962992E0
3.279007833E1,1.113684082E-1,7.098239136E-1,9.834848328E0,9.861059504E0
3.280010733E1,1.040336609E-1,7.212002563E-1,9.734407196E0,9.761641064E0
3.281013733E1,1.130149841E-1,7.209008789E-1,9.684111786E0,9.711564835E0
3.282016733E1,1.064286804E-1,7.144642639E-1,9.745035095E0,9.771770324E0
3.283019733E1,1.125659180E-1,7.203021240E-1,9.891580353E0,9.918410564E0
3.284022733E1,8.562194824E-2,7.417076111E-1,9.975256348E0,1.000315953E1
3.285025733E1,6.870712280E-2,7.780819702E-1,9.980196075E0,1.001071655E1
3.286028633E1,7.664062500E-2,8.196954346E-1,9.882299652E0,9.916532701E0
3.287031633E1,8.666976929E-2,8.613088989E-1,9.797725525E0,9.835892950E0
3.288034633E1,1.179547119E-1,8.815168762E-1,9.783954163E0,9.824293581E0
3.289037633E1,1.460961914E-1,8.984317017E-1,9.810449066E0,9.852585168E0
3.290040633E1,1.604663086E-1,8.815168762E-1,9.814790039E0,9.855603733E0
3.291043633E1,1.681004333E-1,8.604107666E-1,9.807904358E0,9.847007278E0
3.292046633E1,1.559756470E-1,8.572673035E-1,9.828112335E0,9.866662440E0
3.293049533E1,1.609153748E-1,8.321195984E-1,9.866881714E0,9.903215212E0
3.294052533E1,1.586700439E-1,8.035290527E-1,9.899214478E0,9.933039937E0
3.295055533E1,1.434017944E-1,7.861651611E-1,9.898615723E0,9.930821364E0
3.296058533E1,1.270857239E-1,7.872129822E-1,9.861193542E0,9.893381280E0
3.297061533E1,1.166075134E-1,7.958949280E-1,9.838141479E0,9.870971270E0
3.298064533E1,1.227447510E-1,8.107141113E-1,9.802365875E0,9.836600043E0
3.299067533E1,1.287322998E-1,8.397537231E-1,9.787247314E0,9.824050504E0
3.300070433E1,1.384620667E-1,8.593629456E-1,9.805509338E0,9.844068763E0
3.301073433E1,1.350192261E-1,8.906478882E-1,9.820328522E0,9.861558504E0
3.302076433E1,1.219963074E-1,9.027726746E-1,9.829309845E0,9.871434224E0
3.303079433E1,1.044827271E-1,9.267228699E-1,9.837093658E0,9.881201524E0
3.304082433E1,1.202000427E-1,9.279203796E-1,9.844129028E0,9.888496377E0
3.305085433E1,1.338217163E-1,9.249266052E-1,9.845476227E0,9.889732029E0
3.306088433E1,1.543290710E-1,9.388476562E-1,9.842482452E0,9.888362514E0
3.307091333E1,1.402583313E-1,9.395960999E-1,9.855205994E0,9.900888769E0
3.308094333E1,1.161584473E-1,9.331594849E-1,9.878707123E0,9.923363030E0
3.309097333E1,1.098715210E-1,9.473799133E-1,9.895023193E0,9.940879461E0
3.310100333E1,1.377136230E-1,9.451345825E-1,9.796228638E0,9.842679510E0
3.311103333E1,1.480421448E-1,9.511221313E-1,9.694440308E0,9.742110791E0
3.312106333E1,1.457968140E-1,9.470805359E-1,9.693691864E0,9.740938364E0
3.313109333E1,1.161584473E-1,9.300160217E-1,9.752519531E0,9.797451699E0
3.314112233E1,1.014889526E-1,9.151968384E-1,9.814490662E0,9.857591603E0
3.315115233E1,9.415420532E-2,8.890013123E-1,9.867181091E0,9.907595623E0
3.316118233E1,9.056167603E-2,9.009764099E-1,9.866282959E0,9.907749459E0
3.317121233E1,1.143621826E-1,9.056167603E-1,9.869426422E0,9.911548735E0
3.318124233E1,1.133143616E-1,9.238787842E-1,9.870025177E0,9.913818091E0
3.319127233E1,1.050814819E-1,9.377998352E-1,9.837842102E0,9.882997919E0
3.320130233E1,1.119671631E-1,9.605525208E-1,9.807155914E0,9.854719931E0
3.321133133E1,1.044827271E-1,9.834548950E-1,9.791737976E0,9.841556420E0
3.322136133E1,1.164578247E-1,9.684860229E-1,9.782457275E0,9.830971363E0
3.323139133E1,1.210981750E-1,9.813592529E-1,9.805808716E0,9.855537292E0
3.324142133E1,1.136137390E-1,9.666897583E-1,9.823921051E0,9.872022183E0
3.325145133E1,1.058299255E-1,9.699829102E-1,9.836345215E0,9.884622097E0
3.326148133E1,1.007405090E-1,9.458830261E-1,9.826765137E0,9.872697524E0
3.327151133E1,9.565109253E-2,9.484277344E-1,9.822573853E0,9.868719339E0
3.328154033E1,8.457412720E-2,9.610015869E-1,9.842931519E0,9.890094929E0
3.329157033E1,9.819580078E-2,9.610015869E-1,9.831405487E0,9.878749937E0
3.330160033E1,1.062789917E-1,9.656419373E-1,9.802964630E0,9.850983459E0
3.331163033E1,1.038839722E-1,9.882449341E-1,9.790241089E0,9.840540661E0
3.332166033E1,1.085243225E-1,9.834548950E-1,9.789342957E0,9.839217275E0
3.333169033E1,1.070274353E-1,1.002165985E0,9.816586304E0,9.868189205E0
3.334171933E1,9.086105347E-2,1.000818787E0,9.824070740E0,9.875335937E0
3.335174933E1,9.400451660E-2,9.895921326E-1,9.818232880E0,9.868425726E0
3.336177933E1,8.143066406E-2,9.981243896E-1,9.814191284E0,9.865152498E0
3.337180933E1,9.370513916E-2,9.936337280E-1,9.828112335E0,9.878657840E0
3.338183933E1,1.013392639E-1,9.828561401E-1,9.820029144E0,9.869612365E0
3.339186933E1,8.457412720E-2,1.010698242E0,9.808652802E0,9.860949929E0
3.340189933E1,9.220825195E-2,9.943821716E-1,9.820927277E0,9.871570839E0
3.341192933E1,8.128097534E-2,1.012344818E0,9.807754669E0,9.860197781E0
3.342195833E1,8.592132568E-2,1.020877075E0,9.809550934E0,9.862903325E0
3.343198833E1,8.382568359E-2,1.015338593E0,9.808652802E0,9.861420232E0
3.344201833E1,8.262817383E-2,1.026864624E0,9.810598755E0,9.864538829E0
3.345204833E1,9.759704590E-2,1.052461395E0,9.799222412E0,9.856062097E0
3.346207833E1,7.200027466E-2,1.026116180E0,9.794881439E0,9.848746157E0
3.347210833E1,6.646179199E-2,1.027912445E0,9.808503113E0,9.862441608E0
3.348213833E1,7.514373779E-2,1.036594391E0,9.802665253E0,9.857607244E0
3.349216733E1,7.604187012E-2,1.023272095E0,9.802665253E0,9.856222106E0
3.350219733E1,7.873626709E-2,1.029109955E0,9.830806732E0,9.884838274E0
3.351222733E1,8.711883545E-2,1.031205597E0,9.822124786E0,9.876492798E0
3.352225733E1,5.777984619E-2,1.035247192E0,9.810299377E0,9.864940402E0
3.353228733E1,6.391708374E-2,1.036295013E0,9.820178833E0,9.874912914E0
3.354231733E1,7.229965210E-2,1.045126648E0,9.806257782E0,9.862059046E0
3.355234733E1,5.942642212E-2,1.044378204E0,9.801318054E0,9.856981938E0
3.356237633E1,5.688171387E-2,1.040486298E0,9.798773346E0,9.854024881E0
3.357240633E1,4.415817261E-2,1.044228516E0,9.814640350E0,9.870133147E0
3.358243633E1,6.137237549E-2,1.037492523E0,9.819131012E0,9.873980511E0
3.359246633E1,6.242019653E-2,1.041833496E0,9.811197510E0,9.866555118E0
3.360249633E1,6.197113037E-2,1.059197388E0,9.816137238E0,9.873311997E0
3.361252633E1,6.421646118E-2,1.062939606E0,9.808652802E0,9.866287759E0
3.362255633E1,6.526428223E-2,1.053359528E0,9.808503113E0,9.865118298E0
3.363258533E1,5.448669434E-2,1.045875092E0,9.808802490E0,9.864554212E0
3.364261608E1,5.553451538E-2,1.057251434E0,9.802066498E0,9.859075631E0
3.365264608E1,6.945556641E-2,1.071172485E0,9.809251556E0,9.867808808E0
3.366267608E1,6.212081909E-2,1.055754547E0,9.800569611E0,9.857466274E0
3.367270608E1,6.750961304E-2,1.046773224E0,9.817334747E0,9.873213928E0
3.368273608E1,5.478607178E-2,1.060694275E0,9.810898132E0,9.868221523E0
3.369276608E1,3.772155762E-2,1.050665131E0,9.814490662E0,9.870640662E0
3.370279608E1,4.071533203E-2,1.053808594E0,9.808652802E0,9.865183225E0
3.371282508E1,4.775070190E-2,1.056952057E0,9.806257782E0,9.863169849E0
3.372285508E1,5.942642212E-2,1.068178711E0,9.815987549E0,9.874115090E0
3.373288508E1,6.077362061E-2,1.070424042E0,9.824819183E0,9.883145908E0
3.374291508E1,4.655319214E-2,1.070723419E0,9.789492645E0,9.847983656E0
3.375294508E1,2.395019531E-2,1.082249451E0,9.759704590E0,9.819555548E0
3.376297508E1,2.260299683E-2,1.084345093E0,9.739945679E0,9.800145764E0
3.377300508E1,3.203338623E-2,1.076860657E0,9.788594513E0,9.847702146E0
3.378303408E1,4.819976807E-2,1.074166260E0,9.868827667E0,9.927231029E0
3.379306408E1,4.864883423E-2,1.060694275E0,9.834998016E0,9.892149667E0
3.380309408E1,6.706054688E-2,1.063987427E0,9.779912567E0,9.837848148E0
3.381312408E1,8.217910767E-2,1.048569489E0,9.788744202E0,9.845088340E0
3.382315408E1,9.475296021E-2,1.044527893E0,9.805060272E0,9.860995061E0
3.383318408E1,7.379653931E-2,1.055604858E0,9.837542725E0,9.894291001E0
3.384321408E1,6.062393188E-2,1.054557037E0,9.825417938E0,9.882034379E0
3.385324308E1,4.924758911E-2,1.050665131E0,9.727521515E0,9.784221858E0
3.386327308E1,5.119354248E-2,1.033899994E0,9.639205170E0,9.694629765E0
3.387330308E1,6.496490479E-2,1.030307465E0,9.691446533E0,9.746275690E0
3.388333308E1,5.448669434E-2,1.040486298E0,9.805808716E0,9.861007307E0
3.389336308E1,4.086502075E-2,1.052162018E0,9.936636658E0,9.992270159E0
3.390339308E1,3.218307495E-2,1.060694275E0,9.968670044E0,1.002499329E1
3.391342308E1,4.116439819E-2,1.097966766E0,9.876162415E0,9.937092611E0
3.392345308E1,4.939727783E-2,1.130149841E0,9.792187042E0,9.857312302E0
3.393348208E1,8.307723999E-2,1.150806885E0,9.761949921E0,9.829899520E0
3.394351208E1,8.966354370E-2,1.159488831E0,9.771380310E0,9.840341816E0
3.395354208E1,1.103205872E-1,1.152453461E0,9.773326263E0,9.841657679E0
3.396357208E1,1.056802368E-1,1.144070892E0,9.776170349E0,9.843453318E0
3.397360208E1,9.759704590E-2,1.115630035E0,9.790690155E0,9.854530393E0
3.398363208E1,9.939331055E-2,1.094823303E0,9.825118561E0,9.886428669E0
3.399366208E1,1.008901978E-1,1.071172485E0,9.854307861E0,9.912869047E0
3.400369108E1,8.277786255E-2,1.056652679E0,9.864935760E0,9.921709763E0
3.401372108E1,7.424560547E-2,1.034798126E0,9.857301636E0,9.911746320E0
3.402375108E1,6.421646118E-2,1.040486298E0,9.814790039E0,9.869996910E0
3.403378108E1,7.514373779E-2,1.052162018E0,9.788444824E0,9.845117753E0
3.404381108E1,7.694000244E-2,1.080153809E0,9.783804474E0,9.843550274E0
3.405384108E1,9.325607300E-2,1.093625793E0,9.775272217E0,9.836699700E0
3.406387108E1,8.562194824E-2,1.120719452E0,9.782008209E0,9.846371302E0
3.407390108E1,7.858657837E-2,1.125060425E0,9.808802490E0,9.873426108E0
3.408393008E1,8.577163696E-2,1.127904510E0,9.823172607E0,9.888086035E0
3.409396008E1,8.427474976E-2,1.136586456E0,9.824220428E0,9.890108090E0
3.410399008E1,9.610015869E-2,1.141226807E0,9.820777588E0,9.887330595E0
3.411402008E1,9.864486694E-2,1.143621826E0,9.806407471E0,9.873359569E0
3.412405008E1,1.010398865E-1,1.143172760E0,9.796827393E0,9.863816704E0
3.413408008E1,7.963439941E-2,1.160686340E0,9.833201752E0,9.901787268E0
3.414411008E1,6.885681152E-2,1.153501282E0,9.850565643E0,9.918112218E0
3.415414008E1,8.457412720E-2,1.153052216E0,9.790989532E0,9.859014059E0
3.416416908E1,1.086740112E-1,1.135688324E0,9.690398712E0,9.757326745E0
3.417419908E1,1.097218323E-1,1.124461670E0,9.671837311E0,9.737601855E0
3.418422908E1,7.888595581E-2,1.125659180E0,9.738598480E0,9.803756012E0
3.419425908E1,6.750961304E-2,1.094374237E0,9.792636108E0,9.853828417E0
3.420428908E1,6.900650024E-2,1.079405365E0,9.850415955E0,9.909620190E0
3.421431908E1,7.604187012E-2,1.069525909E0,9.860594788E0,9.918719555E0
3.422434908E1,6.586303711E-2,1.088835754E0,9.842632141E0,9.902893956E0
3.423437808E1,7.873626709E-2,1.112636261E0,9.824070740E0,9.887189932E0
3.424440808E1,7.918533325E-2,1.121916962E0,9.821226654E0,9.885416581E0
3.425443808E1,6.002517700E-2,1.137634277E0,9.779313812E0,9.845445313E0
3.426446808E1,5.688171387E-2,1.135688324E0,9.777218170E0,9.843120371E0
3.427449808E1,7.170089722E-2,1.140777740E0,9.774074707E0,9.840683475E0
3.428452808E1,8.277786255E-2,1.142424316E0,9.779762878E0,9.846610963E0
3.429455808E1,7.963439941E-2,1.124012604E0,9.808503113E0,9.873017740E0
3.430458808E1,6.691085815E-2,1.112486572E0,9.819131012E0,9.882177759E0
3.431461708E1,6.765930176E-2,1.107097778E0,9.815538483E0,9.878007845E0
3.432464708E1,4.969665527E-2,1.108894043E0,9.826914825E0,9.889406997E0
3.433467708E1,6.346801758E-2,1.116827545E0,9.814191284E0,9.877736710E0
3.434470708E1,6.870712280E-2,1.115779724E0,9.780211945E0,9.843893068E0
3.435473708E1,4.700225830E-2,1.128353577E0,9.774972839E0,9.839994157E0
3.436476708E1,6.197113037E-2,1.134341125E0,9.779613190E0,9.845374769E0
3.437479708E1,7.798782349E-2,1.128802643E0,9.785600739E0,9.850799933E0
3.438482708E1,8.113128662E-2,1.116079102E0,9.799671478E0,9.863355206E0
3.439485608E1,7.768844604E-2,1.131946106E0,9.821076965E0,9.886399256E0
3.440488608E1,8.502319336E-2,1.130449219E0,9.808203735E0,9.873500134E0
3.441491608E1,7.798782349E-2,1.129551086E0,9.792785797E0,9.858023201E0
3.442494608E1,5.703140259E-2,1.116528168E0,9.798623657E0,9.862196171E0
3.443497608E1,6.661148071E-2,1.100511475E0,9.796827393E0,9.858670780E0
3.444500608E1,6.047424316E-2,1.109043732E0,9.790839844E0,9.853637906E0
3.445503608E1,5.613327026E-2,1.132544861E0,9.792785797E0,9.858218017E0
3.446506608E1,6.421646118E-2,1.133293304E0,9.812694397E0,9.878129823E0
3.447509508E1,5.882766724E-2,1.131047974E0,9.808353424E0,9.873526579E0
3.448512508E1,5.852828979E-2,1.127006378E0,9.804311829E0,9.869047541E0
3.449515508E1,6.571334839E-2,1.138083344E0,9.792037354E0,9.858171609E0
3.450518508E1,6.421646118E-2,1.125210114E0,9.783804474E0,9.848505041E0
3.451521508E1,6.780899048E-2,1.121018829E0,9.796528015E0,9.860691782E0
3.452524508E1,6.945556641E-2,1.124611359E0,9.786947937E0,9.851595034E0
3.453527508E1,6.092330933E-2,1.125060425E0,9.789492645E0,9.854117863E0
3.454530508E1,5.643264771E-2,1.117875366E0,9.788893890E0,9.852678498E0
3.455533408E1,5.433700562E-2,1.117725677E0,9.779463501E0,9.843280427E0
3.456536408E1,5.448669434E-2,1.118773499E0,9.790989532E0,9.854851545E0
3.457539408E1,6.810836792E-2,1.127305756E0,9.813592529E0,9.878362989E0
3.458542408E1,6.256988525E-2,1.119222565E0,9.801318054E0,9.865212098E0
3.459545408E1,5.538482666E-2,1.112336884E0,9.803713074E0,9.866770031E0
3.460548408E1,5.837860107E-2,1.122366028E0,9.821376343E0,9.885471503E0
3.461551408E1,5.538482666E-2,1.106798401E0,9.811197510E0,9.873584291E0
3.462554408E1,3.861968994E-2,1.125060425E0,9.804012451E0,9.868430097E0
3.463557308E1,4.700225830E-2,1.118174744E0,9.797426147E0,9.861140050E0
3.464560317E1,5.164260864E-2,1.128203888E0,9.790091400E0,9.855019056E0
3.465563317E1,4.296066284E-2,1.129850464E0,9.785451050E0,9.850556326E0
3.466566317E1,4.520599365E-2,1.130449219E0,9.783205719E0,9.848404600E0
3.467569317E1,3.981719971E-2,1.103205872E0,9.827663269E0,9.889469851E0
3.468572317E1,4.146377563E-2,1.096769257E0,9.840985565E0,9.902000754E0
3.469575317E1,3.712280273E-2,1.114432526E0,9.828860779E0,9.891907913E0
3.470578317E1,2.978805542E-2,1.117276611E0,9.807455292E0,9.870935804E0
3.471581217E1,4.011657715E-2,1.124461670E0,9.787097626E0,9.851563496E0
3.472584217E1,4.610412598E-2,1.138981476E0,9.801168365E0,9.867233945E0
3.473587217E1,5.748046875E-2,1.140478363E0,9.788145447E0,9.854531252E0
3.474590217E1,3.397933960E-2,1.147813110E0,9.770482178E0,9.837731015E0
3.475593217E1,2.484832764E-2,1.146615601E0,9.748627625E0,9.815858869E0
3.476596217E1,2.754272461E-2,1.143172760E0,9.735455017E0,9.802381698E0
3.477599217E1,3.772155762E-2,1.134640503E0,9.779014435E0,9.844691732E0
3.478602217E1,3.442840576E-2,1.111289062E0,9.843679962E0,9.906269928E0
3.479605217E1,4.790039063E-2,1.109193420E0,9.850415955E0,9.912784622E0
3.480608117E1,7.319778442E-2,1.113384705E0,9.799222412E0,9.862542436E0
3.481611117E1,9.355545044E-2,1.118174744E0,9.761201477E0,9.825483278E0
3.482614117E1,8.247848511E-2,1.106499023E0,9.800719299E0,9.863328119E0
3.483617117E1,7.125183105E-2,1.109941864E0,9.810149689E0,9.872997755E0
3.484620117E1,5.553451538E-2,1.119222565E0,9.783654785E0,9.847621245E0
3.485623117E1,5.029541016E-2,1.123713226E0,9.728269958E0,9.793084163E0
3.486626117E1,4.505630493E-2,1.118025055E0,9.669142914E0,9.733670160E0
3.487629117E1,4.311035156E-2,1.111438751E0,9.672286377E0,9.736029907E0
3.488632017E1,4.370910645E-2,1.096469879E0,9.786798248E0,9.848125539E0
3.489635017E1,4.490661621E-2,1.112935638E0,9.921967163E0,9.984291398E0
3.490638017E1,5.044509888E-2,1.127006378E0,9.972262573E0,1.003587111E1
3.491641017E1,3.158432007E-2,1.147214355E0,9.899663544E0,9.965963908E0
3.492644017E1,5.658233643E-2,1.174607391E0,9.795330505E0,9.865667935E0
3.493647017E1,6.182144165E-2,1.197958832E0,9.745184784E0,9.818734833E0
3.494650017E1,7.783813477E-2,1.195563812E0,9.760453033E0,9.833711152E0
3.495653017E1,7.858657837E-2,1.189426575E0,9.792187042E0,9.864473554E0
3.496656017E1,9.430389404E-2,1.177301788E0,9.804611206E0,9.875491564E0
3.497658917E1,9.984237671E-2,1.171763306E0,9.815388794E0,9.885588244E0
3.498661917E1,9.355545044E-2,1.146765289E0,9.801767120E0,9.869065910E0
3.499664917E1,8.158035278E-2,1.117875366E0,9.825118561E0,9.888844999E0
3.500667917E1,6.212081909E-2,1.089284821E0,9.852810974E0,9.913036089E0
3.501670917E1,6.900650024E-2,1.091679840E0,9.870174866E0,9.930603136E0
3.502673917E1,7.604187012E-2,1.071471863E0,9.842183075E0,9.900626344E0
3.503676917E1,7.379653931E-2,1.100960541E0,9.796228638E0,9.858177091E0
3.504679917E1,7.873626709E-2,1.107995911E0,9.774972839E0,9.837883327E0
3.505682817E1,9.265731812E-2,1.134341125E0,9.765991516E0,9.832085509E0
3.506685817E1,9.160949707E-2,1.144220581E0,9.787846069E0,9.854925860E0
3.507688817E1,8.143066406E-2,1.150806885E0,9.798623657E0,9.866306959E0
3.508691817E1,8.741821289E-2,1.167572021E0,9.824968872E0,9.894487339E0
3.509694817E1,7.843688965E-2,1.166823578E0,9.824968872E0,9.894323774E0
3.510697817E1,8.711883545E-2,1.164428558E0,9.824669495E0,9.893816970E0
3.511700817E1,9.774673462E-2,1.171912994E0,9.821376343E0,9.891530102E0
3.512703817E1,9.415420532E-2,1.172661438E0,9.833052063E0,9.903176901E0
3.513706817E1,8.113128662E-2,1.176403656E0,9.852361908E0,9.922678218E0
3.514709717E1,6.002517700E-2,1.176104279E0,9.834698639E0,9.904954397E0
3.515712717E1,7.514373779E-2,1.160386963E0,9.767787781E0,9.836758745E0
3.516715717E1,9.864486694E-2,1.154399414E0,9.718540192E0,9.787358800E0
3.517718717E1,9.789642334E-2,1.132095795E0,9.682016144E0,9.748469685E0
3.518721717E1,5.448669434E-2,1.126108246E0,9.724827118E0,9.789961749E0
3.519724717E1,6.047424316E-2,1.108295288E0,9.783056030E0,9.845819462E0
3.520727717E1,5.059478760E-2,1.084494781E0,9.835746460E0,9.895483676E0
3.521730717E1,6.137237549E-2,1.075513458E0,9.856852570E0,9.915545287E0
3.522733717E1,6.721023560E-2,1.076112213E0,9.856403503E0,9.915201699E0
3.523736617E1,7.708969116E-2,1.078058167E0,9.830207977E0,9.889445945E0
3.524739617E1,6.765930176E-2,1.100511475E0,9.812544708E0,9.874296782E0
3.525742617E1,5.792953491E-2,1.124311981E0,9.804461517E0,9.868885393E0
3.526745617E1,7.244934082E-2,1.124910736E0,9.791139221E0,9.855814544E0
3.527748617E1,7.304809570E-2,1.124012604E0,9.775721283E0,9.840399736E0
3.528751617E1,7.484436035E-2,1.128652954E0,9.780361633E0,9.845553963E0
3.529754617E1,6.227050781E-2,1.125359802E0,9.795629883E0,9.860257456E0
3.530757617E1,5.897735596E-2,1.112636261E0,9.808652802E0,9.871732754E0
3.531760617E1,6.481521606E-2,1.095122681E0,9.824519806E0,9.885579604E0
3.532763517E1,6.032455444E-2,1.087338867E0,9.823022919E0,9.883204143E0
3.533766517E1,7.214996338E-2,1.075363770E0,9.814041595E0,9.873045391E0
3.534769517E1,7.214996338E-2,1.083746338E0,9.806856537E0,9.866820505E0
3.535772517E1,7.170089722E-2,1.094074860E0,9.805808716E0,9.866915698E0
3.536775517E1,6.676116943E-2,1.089284821E0,9.788893890E0,9.849540196E0
3.537778517E1,7.005432129E-2,1.099763031E0,9.789342957E0,9.851173628E0
3.538781517E1,6.421646118E-2,1.105750580E0,9.800120544E0,9.862513411E0
3.539784517E1,7.454498291E-2,1.097368011E0,9.793983307E0,9.855550848E0
3.540787417E1,9.220825195E-2,1.096020813E0,9.821526031E0,9.882921510E0
3.541790417E1,7.379653931E-2,1.094972992E0,9.801318054E0,9.862567991E0
3.542793417E1,7.289840698E-2,1.084195404E0,9.813742218E0,9.873719166E0
3.543796417E1,6.586303711E-2,1.070723419E0,9.806257782E0,9.864759413E0
3.544799417E1,6.990463257E-2,1.070723419E0,9.810598755E0,9.869102453E0
3.545802417E1,7.080276489E-2,1.060245209E0,9.807006226E0,9.864405914E0
3.546805417E1,6.571334839E-2,1.068478088E0,9.811496887E0,9.869723139E0
3.547808417E1,4.580474854E-2,1.082249451E0,9.801617432E0,9.861291306E0
3.548811417E1,6.212081909E-2,1.076860657E0,9.802665253E0,9.861832179E0
3.549814417E1,7.035369873E-2,1.080602875E0,9.789792023E0,9.849501513E0
3.550817317E1,7.753875732E-2,1.080602875E0,9.803413696E0,9.863094592E0
3.551820317E1,7.694000244E-2,1.066981201E0,9.808203735E0,9.866368590E0
3.552823317E1,6.795867920E-2,1.073717194E0,9.801168365E0,9.860039976E0
3.553826317E1,8.187973022E-2,1.056802368E0,9.802066498E0,9.859211082E0
3.554829317E1,7.738906860E-2,1.059197388E0,9.794731750E0,9.852139780E0
3.555832317E1,6.661148071E-2,1.051862640E0,9.812245331E0,9.868688390E0
3.556835317E1,6.256988525E-2,1.044527893E0,9.808952179E0,9.864608272E0
3.557838317E1,5.822891235E-2,1.046623535E0,9.789342957E0,9.845305833E0
3.558841317E1,4.355941772E-2,1.049766998E0,9.797725525E0,9.853899413E0
3.559844217E1,6.122268677E-2,1.033301239E0,9.810748444E0,9.865203733E0
3.560847217E1,5.628295898E-2,1.038690033E0,9.798024902E0,9.853087676E0
3.561850217E1,6.735992432E-2,1.048120422E0,9.818532257E0,9.874546545E0
3.562853217E1,4.206253052E-2,1.037642212E0,9.826615448E0,9.881338056E0
3.563856217E1,4.700225830E-2,1.032403107E0,9.818681946E0,9.872921581E0
3.564859304E1,5.328918457E-2,1.036145325E0,9.804611206E0,9.859352807E0
3.565862304E1,5.493576050E-2,1.039139099E0,9.792785797E0,9.847917631E0
3.566865304E1,6.541397095E-2,1.031205597E0,9.820328522E0,9.874538786E0
3.567868304E1,5.224136353E-2,1.031654663E0,9.826615448E0,9.880759671E0
3.568871204E1,5.373825073E-2,1.031804352E0,9.811796265E0,9.866045508E0
3.569874204E1,4.296066284E-2,1.033600616E0,9.790839844E0,9.845340050E0
3.570877204E1,3.083587646E-2,1.030906219E0,9.746981049E0,9.801395719E0
3.571880204E1,3.682342529E-2,1.010249176E0,9.786947937E0,9.839019732E0
3.572883204E1,3.248245239E-2,9.913883972E-1,9.833950195E0,9.883849579E0
3.573886204E1,4.834945679E-2,9.963281250E-1,9.857451324E0,9.907792591E0
3.574889204E1,6.631210327E-2,9.874964905E-1,9.827962646E0,9.877671608E0
3.575892204E1,9.280700684E-2,9.830058289E-1,9.783205719E0,9.832905356E0
3.576895204E1,1.128652954E-1,9.768685913E-1,9.771829376E0,9.821184255E0
3.577898104E1,9.639953613E-2,9.834548950E-1,9.786498871E0,9.836261310E0
3.578901104E1,7.185058594E-2,9.677375793E-1,9.783505096E0,9.831513134E0
3.579904104E1,5.568420410E-2,9.448352051E-1,9.769733734E0,9.815473067E0
3.580907104E1,6.047424316E-2,9.451345825E-1,9.752818909E0,9.798694463E0
3.581910104E1,6.855743408E-2,9.458830261E-1,9.731413422E0,9.777515124E0
3.582913104E1,8.666976929E-2,9.355545044E-1,9.790690155E0,9.835669148E0
3.583916104E1,7.828720093E-2,9.496252441E-1,9.917476501E0,9.963144943E0
3.584919104E1,5.508544922E-2,9.610015869E-1,9.972561951E0,1.001890964E1
3.585922104E1,6.137237549E-2,9.806108093E-1,9.912985840E0,9.961558733E0
3.586925104E1,5.748046875E-2,1.005758514E0,9.818532257E0,9.870077501E0
3.587928004E1,6.960525513E-2,1.028062134E0,9.742490387E0,9.796829874E0
3.588931004E1,7.379653931E-2,1.021326141E0,9.743538208E0,9.797198060E0
3.589934004E1,1.020877075E-1,1.004261627E0,9.798174591E0,9.850034956E0
3.590937004E1,1.107696533E-1,9.687854004E-1,9.843380585E0,9.891559857E0
3.591940004E1,1.329235840E-1,9.421408081E-1,9.851763153E0,9.897602498E0
3.592943004E1,1.318757629E-1,9.265731812E-1,9.849667511E0,9.894032502E0
3.593946004E1,1.240919495E-1,8.988807678E-1,9.858349457E0,9.900022195E0
3.594949004E1,1.178050232E-1,8.652008057E-1,9.884245605E0,9.922739624E0
3.595952004E1,9.954299927E-2,8.544232178E-1,9.865684204E0,9.903114291E0
3.596955004E1,9.041198730E-2,8.635542297E-1,9.838291168E0,9.876531443E0
3.597957904E1,9.011260986E-2,8.743318176E-1,9.827962646E0,9.867189376E0
3.598960904E1,1.109193420E-1,8.818162537E-1,9.804012451E0,9.844214705E0
3.599963904E1,1.074765015E-1,8.873547363E-1,9.796378326E0,9.837071614E0
3.600966904E1,1.233435059E-1,9.090596008E-1,9.820927277E0,9.863681643E0
3.601969904E1,1.204994202E-1,9.020242310E-1,9.834399261E0,9.876415172E0
3.602972904E1,1.207987976E-1,9.021739197E-1,9.853858795E0,9.895809380E0
3.603975904E1,1.091230774E-1,8.933422852E-1,9.837692413E0,9.878773219E0
3.604978904E1,1.130149841E-1,8.888516235E-1,9.855355682E0,9.896002487E0
3.605981904E1,1.225950623E-1,8.940907288E-1,9.849068756E0,9.890327757E0
3.606984804E1,1.287322998E-1,8.894503784E-1,9.879156189E0,9.919950654E0
3.607987804E1,9.819580078E-2,8.924441528E-1,9.905950470E0,9.946554866E0
3.608990804E1,8.532257080E-2,8.885522461E-1,9.841135254E0,9.881535717E0
3.609993804E1,1.145118713E-1,8.857081604E-1,9.751621399E0,9.792431354E0
3.610996804E1,1.435514832E-1,8.768765259E-1,9.754465485E0,9.794851523E0
3.611999804E1,1.419049072E-1,8.572673035E-1,9.786349182E0,9.824849849E0
3.613002804E1,1.019380188E-1,8.277786255E-1,9.780211945E0,9.815709577E0
3.614005804E1,9.804611206E-2,8.161029053E-1,9.791588287E0,9.826028607E0
3.615008804E1,1.125659180E-1,8.015830994E-1,9.814041595E0,9.847366094E0
3.616011804E1,1.062789917E-1,7.958949280E-1,9.835746460E0,9.868467580E0
3.617014704E1,1.152603149E-1,8.042774963E-1,9.861043854E0,9.894459718E0
3.618017704E1,1.212478638E-1,7.955955505E-1,9.888885956E0,9.921579449E0
3.619020704E1,1.184037781E-1,8.074209595E-1,9.875413971E0,9.909074082E0
3.620023704E1,1.224453735E-1,8.099656677E-1,9.848470001E0,9.882479376E0
3.621026704E1,1.252894592E-1,7.940986633E-1,9.824819183E0,9.857655001E0
3.622029704E1,1.264869690E-1,7.987390137E-1,9.811347198E0,9.844618673E0
3.623032704E1,1.330732727E-1,7.930508423E-1,9.824070740E0,9.856926703E0
3.624035704E1,1.263372803E-1,7.885601807E-1,9.835596771E0,9.867965956E0
3.625038704E1,1.100212097E-1,7.677534485E-1,9.835746460E0,9.866278855E0
3.626041704E1,1.047821045E-1,7.469467163E-1,9.834848328E0,9.863729027E0
3.627044604E1,1.143621826E-1,7.485932922E-1,9.849966888E0,9.879034281E0
3.628047604E1,1.224453735E-1,7.457492065E-1,9.851463776E0,9.880408558E0
3.629050604E1,1.188528442E-1,7.461982727E-1,9.840835876E0,9.869801853E0
3.630053604E1,1.287322998E-1,7.490423584E-1,9.810299377E0,9.839695642E0
3.631056604E1,1.260379028E-1,7.433541870E-1,9.798473969E0,9.827438787E0
3.632059604E1,1.236428833E-1,7.463479614E-1,9.803264008E0,9.832411100E0
3.633062604E1,1.344204712E-1,7.213499451E-1,9.810449066E0,9.837851670E0
3.634065604E1,1.457968140E-1,7.270381165E-1,9.816735992E0,9.844701452E0
3.635068604E1,1.423539734E-1,7.053332520E-1,9.849966888E0,9.876214222E0
3.636071604E1,1.401086426E-1,6.903643799E-1,9.871372375E0,9.896475432E0
3.637074504E1,1.311273193E-1,6.848258972E-1,9.860894165E0,9.885515395E0
3.638077504E1,1.411564636E-1,6.990463257E-1,9.864786072E0,9.890530580E0
3.639080504E1,1.348695374E-1,6.912625122E-1,9.865983582E0,9.891090217E0
3.640083504E1,1.233435059E-1,7.068301392E-1,9.859846344E0,9.885918895E0
3.641086504E1,1.240919495E-1,7.005432129E-1,9.839189301E0,9.864877379E0
3.642089504E1,1.279838562E-1,7.116201782E-1,9.819430389E0,9.846014235E0
3.643092504E1,1.384620667E-1,7.002438354E-1,9.812544708E0,9.838472789E0
3.644095504E1,1.377136230E-1,7.026388550E-1,9.804012451E0,9.830123425E0
3.645098504E1,1.321751404E-1,6.774911499E-1,9.835297394E0,9.859489812E0
3.646101504E1,1.384620667E-1,6.791377258E-1,9.879904633E0,9.904186758E0
3.647104504E1,1.402583313E-1,6.623725891E-1,9.879156189E0,9.902329870E0
3.648107404E1,1.441502380E-1,6.584806824E-1,9.845176849E0,9.868225945E0
3.649110404E1,1.414558411E-1,6.351292419E-1,9.812395020E0,9.833946051E0
3.650113404E1,1.401086426E-1,6.165678406E-1,9.823921051E0,9.844247617E0
3.651116404E1,1.300794983E-1,6.227050781E-1,9.855355682E0,9.875865426E0
3.652119404E1,1.305285645E-1,6.078858948E-1,9.871372375E0,9.890932997E0
3.653122404E1,1.257385254E-1,5.989045715E-1,9.852062531E0,9.871050246E0
3.654125404E1,1.074765015E-1,6.065386963E-1,9.829908600E0,9.849189991E0
3.655128404E1,9.744735718E-2,6.062393188E-1,9.786498871E0,9.805742310E0
3.656131404E1,1.076261902E-1,6.030958557E-1,9.795180817E0,9.814319907E0
3.657134404E1,1.182540894E-1,5.890251160E-1,9.831854553E0,9.850192819E0
3.658137304E1,1.083746338E-1,5.935157776E-1,9.859846344E0,9.878288109E0
3.659140304E1,1.342707825E-1,5.890251160E-1,9.848170624E0,9.866683529E0
3.660143304E1,1.489402771E-1,5.742059326E-1,9.831704865E0,9.849584570E0
3.661146304E1,1.703457642E-1,5.722599792E-1,9.768087158E0,9.786318301E0
3.662149304E1,1.689985657E-1,5.406756592E-1,9.774224396E0,9.790625783E0
3.663152304E1,1.619631958E-1,5.318440247E-1,9.802665253E0,9.818418213E0
3.664155204E1,1.335223389E-1,5.037025452E-1,9.840087433E0,9.853875641E0
3.665158204E1,1.161584473E-1,4.989125061E-1,9.848470001E0,9.861783198E0
3.666161204E1,1.034349060E-1,5.020559692E-1,9.821526031E0,9.834893622E0
3.667164204E1,1.110690308E-1,5.028044128E-1,9.824220428E0,9.837705812E0
3.668167204E1,1.170565796E-1,5.315446472E-1,9.895472260E0,9.910429516E0
3.669170104E1,1.372645569E-1,5.438191223E-1,9.941277008E0,9.957086388E0
3.670173104E1,1.299298096E-1,5.770500183E-1,9.912836151E0,9.930467715E0
3.671176104E1,1.305285645E-1,6.032455444E-1,9.833351440E0,9.852702342E0
3.672179104E1,1.299298096E-1,6.068380737E-1,9.767787781E0,9.787482431E0
3.673182104E1,1.454974365E-1,5.990542603E-1,9.778864746E0,9.798276952E0
3.674185104E1,1.661544800E-1,5.846841431E-1,9.820178833E0,9.838972262E0
3.675188104E1,1.848655701E-1,5.441184998E-1,9.879455566E0,9.896154936E0
3.676191104E1,1.890568542E-1,5.081932068E-1,9.909393311E0,9.924216776E0
3.677194104E1,1.799258423E-1,4.607418823E-1,9.893675995E0,9.906032560E0
3.678197104E1,1.851649475E-1,4.414320374E-1,9.881700897E0,9.893288681E0
3.679200004E1,1.815724182E-1,4.369413757E-1,9.868528290E0,9.879865228E0
3.680203004E1,1.624122620E-1,4.215234375E-1,9.867480469E0,9.877815070E0
3.681206004E1,1.468446350E-1,4.261637878E-1,9.848320312E0,9.858630326E0
3.682209004E1,1.508862305E-1,4.402345276E-1,9.845027161E0,9.856020134E0
3.683212004E1,1.374142456E-1,4.610412598E-1,9.847871246E0,9.859615094E0
3.684215004E1,1.685494995E-1,4.766088867E-1,9.846524048E0,9.859492928E0
3.685218004E1,1.790277100E-1,4.894821167E-1,9.849667511E0,9.863447356E0
3.686221004E1,1.672023010E-1,5.044509888E-1,9.839937744E0,9.854278371E0
3.687224004E1,1.724414062E-1,5.098397827E-1,9.841584320E0,9.856290102E0
3.688227004E1,1.642085266E-1,5.002597046E-1,9.842632141E0,9.856704910E0
3.689230004E1,1.859133911E-1,5.075944519E-1,9.843081207E0,9.857913753E0
3.690232904E1,1.890568542E-1,5.066963196E-1,9.884095917E0,9.898880530E0
3.691235904E1,1.552272034E-1,4.924758911E-1,9.931696930E0,9.945110954E0
3.692238904E1,1.402583313E-1,4.903802490E-1,9.897717590E0,9.910850553E0
3.693241904E1,1.853146362E-1,4.727169800E-1,9.799671478E0,9.812816310E0
3.694244904E1,2.263293457E-1,4.523593140E-1,9.772428131E0,9.785509976E0
3.695247904E1,2.074685669E-1,4.367916870E-1,9.837842102E0,9.849719154E0
3.696250904E1,1.845661926E-1,4.099974060E-1,9.836494904E0,9.846765689E0
3.697253904E1,1.547781372E-1,4.146377563E-1,9.796528015E0,9.806520376E0
3.698256904E1,1.597178650E-1,4.019142151E-1,9.811945953E0,9.821472813E0
3.699259904E1,1.820214844E-1,3.867956543E-1,9.831704865E0,9.840994017E0
3.700262904E1,1.896556091E-1,3.887416077E-1,9.862989807E0,9.872469662E0
3.701265804E1,1.781295776E-1,3.860472107E-1,9.916728058E0,9.925837898E0
3.702268804E1,1.767823792E-1,4.029620361E-1,9.919123077E0,9.928878740E0
3.703271804E1,1.842668152E-1,4.005670166E-1,9.890981598E0,9.900804269E0
3.704274804E1,1.995350647E-1,4.201762390E-1,9.873468018E0,9.884418699E0
3.705277804E1,1.901046753E-1,4.102967834E-1,9.852511597E0,9.862883351E0
3.706280804E1,1.887574768E-1,4.068539429E-1,9.839338989E0,9.849555892E0
3.707283804E1,1.758842468E-1,4.040098572E-1,9.817185059E0,9.827068826E0
3.708286804E1,1.746867371E-1,3.885919189E-1,9.800120544E0,9.809377239E0
3.709289804E1,1.841171265E-1,3.736230469E-1,9.827663269E0,9.836486091E0
3.710292804E1,1.784289551E-1,3.570075989E-1,9.842632141E0,9.850720724E0
3.711295804E1,1.712438965E-1,3.519181824E-1,9.858648834E0,9.866414127E0
3.712298804E1,1.886077881E-1,3.415896606E-1,9.865983582E0,9.873696796E0
3.713301704E1,1.942959595E-1,3.424877930E-1,9.871821442E0,9.879671421E0
3.714304704E1,1.814227295E-1,3.381468201E-1,9.866133270E0,9.873593226E0
3.715307704E1,1.827699280E-1,3.481759644E-1,9.842482452E0,9.850334622E0
3.716310704E1,1.724414062E-1,3.486250305E-1,9.847422180E0,9.855100154E0
3.717313704E1,1.758842468E-1,3.399430847E-1,9.849068756E0,9.856503028E0
3.718316704E1,1.920506287E-1,3.373983765E-1,9.858499146E0,9.866140406E0
3.719319704E1,1.784289551E-1,3.324586487E-1,9.882748718E0,9.889948831E0
3.720322704E1,1.865121460E-1,3.347039795E-1,9.862690430E0,9.870130498E0
3.721325704E1,1.733395386E-1,3.323089600E-1,9.872270508E0,9.879382613E0
3.722328704E1,1.770817566E-1,3.391946411E-1,9.887987823E0,9.895388530E0
3.723331704E1,1.734892273E-1,3.342549133E-1,9.905950470E0,9.913106454E0
3.724334604E1,1.739382935E-1,3.332070923E-1,9.891580353E0,9.898719279E0
3.725337604E1,1.856140137E-1,3.474275208E-1,9.842332764E0,9.850211809E0
3.726340604E1,1.901046753E-1,3.320095825E-1,9.814490662E0,9.821944670E0
3.727343604E1,1.719923401E-1,3.300636292E-1,9.827214203E0,9.834259624E0
3.728346604E1,1.869612122E-1,3.311114502E-1,9.854607239E0,9.861940636E0
3.729349604E1,1.965412903E-1,3.138972473E-1,9.874366150E0,9.881308963E0
3.730352604E1,1.806742859E-1,3.013233948E-1,9.867330780E0,9.873583732E0
3.731355604E1,1.700463867E-1,2.888992310E-1,9.845326538E0,9.851032087E0
3.732358604E1,1.571731567E-1,2.824626160E-1,9.827214203E0,9.832529050E0
3.733361604E1,1.648072815E-1,2.664459229E-1,9.820478210E0,9.825474398E0
3.734364604E1,1.779798889E-1,2.639012146E-1,9.850865021E0,9.856006410E0
3.735367604E1,1.731898499E-1,2.676434326E-1,9.876012726E0,9.881156567E0
3.736370504E1,1.701960754E-1,2.468367004E-1,9.877359924E0,9.881909438E0
3.737373504E1,1.963916016E-1,2.622546387E-1,9.808353424E0,9.813824130E0
3.738376504E1,2.186952209E-1,2.480342102E-1,9.762099609E0,9.767698672E0
3.739379504E1,2.058219910E-1,2.369572449E-1,9.807604980E0,9.812625891E0
3.740382504E1,1.806742859E-1,2.263293457E-1,9.826914825E0,9.831181168E0
3.741385504E1,1.588197327E-1,1.975891113E-1,9.877509613E0,9.880762183E0
3.742388504E1,1.318757629E-1,2.067201233E-1,9.866432648E0,9.869479096E0
3.743391504E1,1.366658020E-1,2.011816406E-1,9.819580078E0,9.822591537E0
3.744394504E1,1.411564636E-1,2.173480225E-1,9.842931519E0,9.846342782E0
3.745397504E1,1.660047913E-1,2.532733154E-1,9.913434906E0,9.918059114E0
3.746400504E1,1.785786438E-1,2.874023438E-1,9.935139771E0,9.940899994E0
3.747403404E1,1.631607056E-1,3.077600098E-1,9.907297668E0,9.913419427E0
3.748406404E1,1.663041687E-1,3.195854187E-1,9.836794281E0,9.843389337E0
3.749409404E1,1.743873596E-1,3.234773254E-1,9.790241089E0,9.797135760E0
3.750412404E1,1.854643250E-1,3.219804382E-1,9.785151672E0,9.792204127E0
3.751415404E1,1.960922241E-1,2.885998535E-1,9.834249573E0,9.840437322E0
3.752418404E1,2.266287231E-1,2.291734314E-1,9.890083466E0,9.895333850E0
3.753421404E1,2.158511353E-1,1.959425354E-1,9.899813232E0,9.904104565E0
3.754424404E1,2.236349487E-1,1.742376709E-1,9.894424438E0,9.898485052E0
3.755427404E1,2.118095398E-1,1.621128845E-1,9.873468018E0,9.877070141E0
3.756430404E1,1.948947144E-1,1.565744019E-1,9.867630157E0,9.870796544E0
3.757433404E1,1.981878662E-1,1.499880981E-1,9.850266266E0,9.853401462E0
3.758436404E1,1.862127686E-1,1.639091492E-1,9.847721558E0,9.850845714E0
3.759439404E1,1.914518738E-1,1.883084106E-1,9.843679962E0,9.847342234E0
3.760442304E1,1.911524963E-1,1.984872437E-1,9.859696655E0,9.863546755E0
3.761445304E1,1.968406677E-1,2.228865051E-1,9.868528290E0,9.873007407E0
3.762448304E1,2.019300842E-1,2.356100464E-1,9.862690430E0,9.867570641E0
3.763451304E1,1.929487610E-1,2.246827698E-1,9.865235138E0,9.869679625E0
3.764454292E1,1.995350647E-1,2.381547546E-1,9.851463776E0,9.856361928E0
3.765457292E1,1.908531189E-1,2.312690735E-1,9.856104126E0,9.860664219E0
3.766460292E1,2.002835083E-1,2.368075562E-1,9.880503387E0,9.885369922E0
3.767463292E1,2.094145203E-1,2.493814087E-1,9.909992065E0,9.915341056E0
3.768466292E1,1.848655701E-1,2.433938599E-1,9.976453857E0,9.981134576E0
3.769469292E1,1.757345581E-1,2.374063110E-1,9.930948486E0,9.935340066E0
3.770472292E1,2.142045593E-1,2.204914856E-1,9.830507355E0,9.835312651E0
3.771475292E1,2.390528870E-1,2.233355713E-1,9.791139221E0,9.796603101E0
3.772478192E1,2.332150269E-1,2.032772827E-1,9.816586304E0,9.821460052E0
3.773481192E1,1.917512512E-1,1.856140137E-1,9.814640350E0,9.818267989E0
3.774484192E1,1.743873596E-1,1.724414062E-1,9.812844086E0,9.815908315E0
3.775487192E1,1.924996948E-1,1.615141296E-1,9.827363892E0,9.830575975E0
3.776490192E1,2.107617188E-1,1.670526123E-1,9.848170624E0,9.851842047E0
3.777493192E1,2.124082947E-1,1.670526123E-1,9.884395294E0,9.888088500E0
3.778496192E1,1.939965820E-1,1.534309387E-1,9.913434906E0,9.916519922E0
3.779499192E1,1.902543640E-1,1.643582153E-1,9.902807007E0,9.905998030E0
3.780502192E1,2.100132751E-1,1.766326904E-1,9.883497162E0,9.887306045E0
3.781505192E1,2.079176331E-1,1.823208618E-1,9.873468018E0,9.877339790E0
3.782508192E1,2.160008240E-1,1.814227295E-1,9.873168640E0,9.877197455E0
3.783511192E1,2.160008240E-1,1.883084106E-1,9.847721558E0,9.851889986E0
3.784514092E1,1.987866211E-1,1.763333130E-1,9.819729767E0,9.823324399E0
3.785517092E1,2.124082947E-1,1.728904724E-1,9.802066498E0,9.805891904E0
3.786520092E1,1.929487610E-1,1.678010559E-1,9.820777588E0,9.824106008E0
3.787523092E1,1.978884888E-1,1.568737793E-1,9.868528290E0,9.871758701E0
3.788526092E1,1.983375549E-1,1.564247131E-1,9.894873505E0,9.898097198E0
3.789529092E1,2.065704346E-1,1.627116394E-1,9.901459808E0,9.904950922E0
3.790532092E1,1.924996948E-1,1.615141296E-1,9.873767395E0,9.876964388E0
3.791535092E1,1.908531189E-1,1.520837402E-1,9.856702881E0,9.859723427E0
3.792538092E1,1.969903564E-1,1.558259583E-1,9.873168640E0,9.876362991E0
3.793541092E1,1.851649475E-1,1.553768921E-1,9.867330780E0,9.870291017E0
3.794544092E1,1.978884888E-1,1.610650635E-1,9.872869263E0,9.876165718E0
3.795547092E1,1.950444031E-1,1.547781372E-1,9.867031403E0,9.870172607E0
3.796550092E1,1.820214844E-1,1.335223389E-1,9.874216461E0,9.876796584E0
3.797553092E1,1.826202393E-1,1.314266968E-1,9.901010742E0,9.903566875E0
3.798555992E1,1.959425354E-1,1.342707825E-1,9.886640625E0,9.889493666E0
3.799558992E1,1.887574768E-1,1.363664246E-1,9.883347473E0,9.886090353E0
3.800561992E1,2.008822632E-1,1.378633118E-1,9.888885956E0,9.891886848E0
3.801564992E1,1.869612122E-1,1.401086426E-1,9.905052338E0,9.907807363E0
3.802567992E1,2.029779053E-1,1.481918335E-1,9.890532532E0,9.893725012E0
3.803570992E1,1.878593445E-1,1.682501221E-1,9.854906616E0,9.858132868E0
3.804573992E1,1.929487610E-1,1.624122620E-1,9.801617432E0,9.804861613E0
3.805576992E1,1.923500061E-1,1.378633118E-1,9.815538483E0,9.818390933E0
3.806579992E1,1.869612122E-1,1.293310547E-1,9.884395294E0,9.887009222E0
3.807582992E1,1.969903564E-1,1.245410156E-1,9.879904633E0,9.882653045E0
3.808585992E1,1.992356873E-1,1.199006653E-1,9.874515839E0,9.877253367E0
3.809588992E1,1.784289551E-1,1.089733887E-1,9.838141479E0,9.840362791E0
3.810591992E1,1.689985657E-1,9.879455566E-2,9.817334747E0,9.819286248E0
3.811594892E1,1.688488770E-1,9.310638428E-2,9.814939728E0,9.816833532E0
3.812597892E1,1.841171265E-1,8.098159790E-2,9.827064514E0,9.829122753E0
3.813600892E1,1.845661926E-1,9.774673462E-2,9.878707123E0,9.880914610E0
3.814603892E1,1.681004333E-1,1.079255676E-1,9.902058563E0,9.904073378E0
3.815606892E1,1.884580994E-1,1.053808594E-1,9.852361908E0,9.854727634E0
3.816609892E1,2.076182556E-1,9.475296021E-2,9.749825134E0,9.752495763E0
3.817612892E1,2.227368164E-1,9.699829102E-2,9.775721283E0,9.778739538E0
3.818615892E1,2.182461548E-1,7.753875732E-2,9.860445099E0,9.863164867E0
3.819618892E1,1.757345581E-1,5.987548828E-2,9.881102142E0,9.882846111E0
3.820621892E1,1.441502380E-1,4.071533203E-2,9.906698914E0,9.907831266E0
3.821624892E1,1.234931946E-1,2.859054565E-2,9.836644592E0,9.837461300E0
3.822627892E1,1.315763855E-1,5.553451538E-2,9.818382568E0,9.819421199E0
3.823630892E1,1.769320679E-1,7.484436035E-2,9.858349457E0,9.860221126E0
3.824633792E1,1.845661926E-1,1.210981750E-1,9.944121094E0,9.946570956E0
3.825636792E1,1.815724182E-1,1.484912109E-1,9.956096191E0,9.958858848E0
3.826639792E1,1.860630798E-1,1.639091492E-1,9.881850586E0,9.884961137E0
3.827642792E1,1.899549866E-1,1.820214844E-1,9.830507355E0,9.834027129E0
3.828645792E1,1.745370483E-1,1.636097717E-1,9.817933502E0,9.820847702E0
3.829648792E1,1.953437805E-1,1.384620667E-1,9.821076965E0,9.823995302E0
3.830651792E1,2.121089172E-1,1.058299255E-1,9.854457550E0,9.857308140E0
3.831654792E1,2.152523804E-1,6.047424316E-2,9.904902649E0,9.907425862E0
3.832657792E1,2.151026917E-1,3.083587646E-2,9.903854828E0,9.906238462E0
3.833660792E1,2.171983337E-1,5.239105225E-3,9.895621948E0,9.898006684E0
3.834663792E1,2.088157654E-1,-6.286926270E-3,9.877060547E0,9.879269639E0
3.835666792E1,1.969903564E-1,-9.280700684E-3,9.865983582E0,9.867954366E0
3.836669792E1,1.911524963E-1,1.212478638E-2,9.849817200E0,9.851679306E0
3.837672792E1,1.938468933E-1,3.023712158E-2,9.838141479E0,9.840097493E0
3.838675692E1,1.875599670E-1,6.092330933E-2,9.833950195E0,9.835927350E0
3.839678692E1,2.011816406E-1,8.187973022E-2,9.845326538E0,9.847722223E0
3.840681692E1,1.998344421E-1,9.220825195E-2,9.869426422E0,9.871879966E0
3.841684692E1,2.074685669E-1,9.250762939E-2,9.866432648E0,9.869047272E0
3.842687692E1,2.004331970E-1,9.759704590E-2,9.871821442E0,9.874338318E0
3.843690692E1,1.965412903E-1,9.699829102E-2,9.874815216E0,9.877247223E0
3.844693692E1,1.944456482E-1,9.131011963E-2,9.881102142E0,9.883436963E0
3.845696692E1,2.034269714E-1,9.849517822E-2,9.878258057E0,9.880843388E0
3.846699692E1,1.987866211E-1,1.133143616E-1,9.911189575E0,9.913830494E0
3.847702692E1,1.826202393E-1,1.011895752E-1,9.982890472E0,9.985073443E0
3.848705692E1,1.701960754E-1,1.004411316E-1,9.920320587E0,9.922288833E0
3.849708692E1,2.284249878E-1,1.067280579E-1,9.805509338E0,9.808750289E0
3.850711692E1,2.377056885E-1,9.520202637E-2,9.800120544E0,9.803465209E0
3.851714692E1,2.119592285E-1,7.694000244E-2,9.803264008E0,9.805857009E0
3.852717592E1,1.794767761E-1,5.029541016E-2,9.778565369E0,9.780341620E0
3.853720592E1,1.886077881E-1,2.784210205E-2,9.807006226E0,9.808859220E0
3.854723592E1,2.025288391E-1,1.826202393E-2,9.860145721E0,9.862242396E0
3.855726592E1,2.031275940E-1,1.017883301E-2,9.901310120E0,9.903398735E0
3.856729592E1,2.017803955E-1,8.382568359E-3,9.936187592E0,9.938239756E0
3.857732592E1,1.905537415E-1,8.382568359E-3,9.938881989E0,9.940712056E0
3.858735592E1,1.950444031E-1,3.367996216E-2,9.877808990E0,9.879791856E0
3.859738592E1,2.028282166E-1,5.433700562E-2,9.851164398E0,9.853402042E0
3.860741592E1,2.155517578E-1,6.571334839E-2,9.868228912E0,9.870801521E0
3.861744592E1,2.173480225E-1,6.047424316E-2,9.850266266E0,9.852849476E0
3.862747592E1,2.203417969E-1,7.604187012E-2,9.825717316E0,9.828481757E0
3.863750592E1,2.173480225E-1,7.484436035E-2,9.813293152E0,9.815985143E0
3.864753592E1,1.993853760E-1,4.281097412E-2,9.817634125E0,9.819751887E0
3.865756592E1,1.971400452E-1,3.712280273E-2,9.864636383E0,9.866675898E0
3.866759592E1,1.981878662E-1,3.023712158E-2,9.885742493E0,9.887775146E0
3.867762492E1,1.880090332E-1,2.649490356E-2,9.870474243E0,9.872300196E0
3.868765492E1,1.927990723E-1,2.679428101E-2,9.867779846E0,9.869699515E0
3.869768492E1,2.023791504E-1,2.290237427E-2,9.860894165E0,9.862997292E0
3.870771492E1,1.942959595E-1,2.290237427E-2,9.863588562E0,9.865528610E0
3.871774492E1,1.889071655E-1,2.859054565E-2,9.869725800E0,9.871574884E0
3.872777492E1,1.960922241E-1,3.083587646E-2,9.853409729E0,9.855408987E0
3.873780492E1,1.962419128E-1,1.676513672E-2,9.870623932E0,9.872588757E0
3.874783492E1,1.917512512E-1,1.856140137E-2,9.880353699E0,9.882231645E0
3.875786492E1,1.845661926E-1,2.709365845E-2,9.873617706E0,9.875379758E0
3.876789492E1,1.889071655E-1,2.754272461E-2,9.868677979E0,9.870524280E0
3.877792492E1,1.884580994E-1,3.098556519E-2,9.869276733E0,9.871124546E0
3.878795492E1,1.761836243E-1,3.293151855E-2,9.849218445E0,9.850849158E0
3.879798492E1,1.887574768E-1,3.652404785E-2,9.858648834E0,9.860523324E0
3.880801492E1,1.826202393E-1,4.266128540E-2,9.852361908E0,9.854146604E0
3.881804492E1,1.939965820E-1,3.293151855E-2,9.869725800E0,9.871687116E0
3.882807492E1,2.004331970E-1,2.484832764E-2,9.868079224E0,9.870145818E0
3.883810392E1,1.986369324E-1,2.035766602E-2,9.853110352E0,9.855133417E0
3.884813392E1,2.016307068E-1,1.137634277E-2,9.859397278E0,9.861465360E0
3.885816392E1,1.839674377E-1,7.035369873E-3,9.850415955E0,9.852136215E0
3.886819392E1,1.878593445E-1,-5.837860107E-3,9.850266266E0,9.852059212E0
3.887822392E1,2.023791504E-1,-7.484436035E-4,9.854158173E0,9.856236156E0
3.888825392E1,1.838177490E-1,1.347198486E-3,9.845027161E0,9.846743146E0
3.889828392E1,1.812730408E-1,2.395019531E-3,9.841135254E0,9.842804922E0
3.890831392E1,2.049238586E-1,1.047821045E-2,9.845027161E0,9.847165246E0
3.891834392E1,1.854643250E-1,1.466949463E-2,9.873318329E0,9.875070989E0
3.892837392E1,1.923500061E-1,1.347198486E-3,9.891131287E0,9.893001489E0
3.893840392E1,1.848655701E-1,1.047821045E-3,9.883796539E0,9.885525297E0
3.894843392E1,1.725910950E-1,1.960922241E-2,9.841883698E0,9.843416425E0
3.895846392E1,1.800755310E-1,1.736389160E-2,9.841584320E0,9.843246956E0
3.896849392E1,1.820214844E-1,1.152603149E-2,9.864486694E0,9.866172632E0
3.897852392E1,1.802252197E-1,2.290237427E-2,9.889933777E0,9.891602285E0
3.898855392E1,1.787283325E-1,2.035766602E-2,9.897717590E0,9.899352087E0
3.899858292E1,1.836680603E-1,2.245330811E-2,9.865235138E0,9.866970276E0
3.900861292E1,1.571731567E-1,1.422042847E-2,9.839937744E0,9.841203200E0
3.901864292E1,1.468446350E-1,-8.232879639E-3,9.822873230E0,9.823974227E0
3.902867292E1,1.621128845E-1,-1.362167358E-2,9.836943970E0,9.838289120E0
3.903870292E1,1.622625732E-1,-9.280700684E-3,9.872120819E0,9.873458601E0
3.904873292E1,1.663041687E-1,-8.532257080E-3,9.885143738E0,9.886546242E0
3.905876292E1,1.654060364E-1,-1.721420288E-2,9.887838135E0,9.889236496E0
3.906879292E1,2.052232361E-1,-2.170486450E-2,9.746831360E0,9.749015809E0
3.907882292E1,2.109114075E-1,-2.948867798E-2,9.747729492E0,9.750055562E0
3.908885292E1,2.180964661E-1,-3.532653809E-2,9.870474243E0,9.872946663E0
3.909888292E1,1.808239746E-1,-5.224136353E-2,9.890682220E0,9.892472960E0
3.910891292E1,1.399589539E-1,-6.735992432E-2,9.879156189E0,9.880377163E0
3.911894292E1,1.401086426E-1,-7.319778442E-2,9.832004242E0,9.833274926E0
3.912897292E1,1.478924561E-1,-4.999603271E-2,9.804611206E0,9.805854001E0
3.913900292E1,1.695973206E-1,-1.721420288E-2,9.889634399E0,9.891103484E0
3.914903292E1,1.860630798E-1,3.487747192E-2,9.953850861E0,9.955650801E0
3.915906292E1,1.863624573E-1,6.676116943E-2,9.937235413E0,9.939206994E0
3.916909192E1,1.716929626E-1,1.095721436E-1,9.874515839E0,9.876616201E0
3.917912192E1,1.814227295E-1,1.134640503E-1,9.816586304E0,9.818918217E0
3.918915192E1,1.963916016E-1,9.550140381E-2,9.819879456E0,9.822307402E0
3.919918192E1,1.887574768E-1,5.613327026E-2,9.862241364E0,9.864207269E0
3.920921192E1,2.191442871E-1,8.981323242E-3,9.879904633E0,9.882338814E0
3.921924192E1,2.176473999E-1,-1.766326904E-2,9.903555450E0,9.905962494E0
3.922927192E1,2.273771667E-1,-6.406677246E-2,9.885143738E0,9.887966001E0
3.923930192E1,2.062710571E-1,-7.304809570E-2,9.867330780E0,9.869756861E0
3.924933192E1,1.863624573E-1,-9.864486694E-2,9.854158173E0,9.856413905E0
3.925936192E1,1.713935852E-1,-9.400451660E-2,9.849817200E0,9.851756771E0
3.926939192E1,1.704954529E-1,-6.286926270E-2,9.846224670E0,9.847901376E0
3.927942192E1,1.710942078E-1,-5.254074097E-2,9.864037628E0,9.865661260E0
3.928945192E1,1.916015625E-1,-1.601669312E-2,9.855056305E0,9.856931696E0
3.929948192E1,1.938468933E-1,7.035369873E-3,9.850715332E0,9.852624963E0
3.930951192E1,1.923500061E-1,1.960922241E-2,9.854307861E0,9.856204466E0
3.931954192E1,1.923500061E-1,2.020797729E-2,9.849517822E0,9.851416559E0
3.932957192E1,1.908531189E-1,3.293151855E-2,9.875413971E0,9.877312919E0
3.933960192E1,1.919009399E-1,1.975891113E-2,9.879305878E0,9.881189251E0
3.934963092E1,1.922003174E-1,2.200424194E-2,9.885592804E0,9.887485536E0
3.935966092E1,1.948947144E-1,2.664459229E-2,9.873468018E0,9.875427311E0
3.936969092E1,2.050735474E-1,3.158432007E-2,9.915380859E0,9.917551629E0
3.937972092E1,1.929487610E-1,1.990859985E-2,9.976004791E0,9.977890417E0
3.938975092E1,2.070195007E-1,2.814147949E-2,9.910291443E0,9.912493405E0
3.939978092E1,2.213896179E-1,2.634521484E-2,9.818382568E0,9.820913587E0
3.940981092E1,2.399510193E-1,1.047821045E-2,9.819430389E0,9.822367304E0
3.941984092E1,2.161505127E-1,-3.293151855E-3,9.814790039E0,9.817170438E0
3.942987092E1,1.752854919E-1,-1.841171265E-2,9.768536224E0,9.770126098E0
3.943990092E1,1.790277100E-1,-2.993774414E-2,9.792636108E0,9.794318207E0
3.944993092E1,2.207908630E-1,-3.517684937E-2,9.830507355E0,9.833049419E0
3.945996092E1,2.055226135E-1,-4.535568237E-2,9.884994049E0,9.887234398E0
3.946999092E1,1.866618347E-1,-5.239105225E-2,9.914333038E0,9.916228469E0
3.948002092E1,1.859133911E-1,-4.580474854E-2,9.923913116E0,9.925760092E0
3.949005092E1,1.854643250E-1,-3.188369751E-2,9.876611481E0,9.878404118E0
3.950008092E1,2.008822632E-1,-5.987548828E-4,9.830357666E0,9.832409973E0
3.951011092E1,1.948947144E-1,-5.239105225E-3,9.832602997E0,9.834535733E0
3.952014092E1,2.058219910E-1,1.032852173E-2,9.850865021E0,9.853020401E0
3.953017092E1,2.170486450E-1,1.511856079E-2,9.845925293E0,9.848328973E0
3.954020092E1,2.025288391E-1,1.930984497E-2,9.810748444E0,9.812857679E0
3.955023092E1,1.917512512E-1,5.388793945E-3,9.833650818E0,9.835521643E0
3.956025992E1,1.904040527E-1,6.286926270E-3,9.858798523E0,9.860639003E0
3.957028992E1,1.797761536E-1,9.729766846E-3,9.888586578E0,9.890225410E0
3.958031992E1,1.818717957E-1,7.484436035E-4,9.887838135E0,9.889510650E0
3.959034992E1,1.969903564E-1,-2.993774414E-4,9.874964905E0,9.876929541E0
3.960037992E1,1.878593445E-1,-1.945953369E-3,9.862241364E0,9.864030598E0
3.961040992E1,1.974394226E-1,-3.891906738E-3,9.848020935E0,9.850000701E0
3.962043992E1,2.082170105E-1,1.466949463E-2,9.856104126E0,9.858314159E0
3.963046992E1,2.092648315E-1,1.257385254E-2,9.879605255E0,9.881829277E0
3.964049992E1,2.025288391E-1,1.466949463E-2,9.871222687E0,9.873311018E0
3.965052983E1,2.065704346E-1,1.242416382E-2,9.873767395E0,9.875935818E0
3.966055983E1,2.049238586E-1,1.317260742E-2,9.863887939E0,9.866025167E0
3.967058983E1,1.871109009E-1,1.841171265E-2,9.872869263E0,9.874659334E0
3.968061983E1,1.827699280E-1,3.427871704E-2,9.871671753E0,9.873423068E0
3.969064983E1,1.890568542E-1,4.999603271E-2,9.868677979E0,9.870615338E0
3.970067983E1,1.981878662E-1,4.370910645E-2,9.852661285E0,9.854751307E0
3.971070983E1,1.953437805E-1,4.610412598E-2,9.882149963E0,9.884188013E0
3.972073983E1,1.944456482E-1,3.876937866E-2,9.866732025E0,9.868723982E0
3.973076983E1,2.103126526E-1,3.876937866E-2,9.848619690E0,9.850941289E0
3.974079983E1,1.956431580E-1,3.397933960E-2,9.848619690E0,9.850621333E0
3.975082983E1,1.950444031E-1,2.619552612E-2,9.837243347E0,9.839211615E0
3.976085983E1,1.939965820E-1,1.811233521E-2,9.848170624E0,9.850097835E0
3.977088883E1,1.992356873E-1,2.724334717E-2,9.826316071E0,9.828373445E0
3.978091883E1,1.892065430E-1,2.529739380E-2,9.842781830E0,9.844632711E0
3.979094883E1,1.980381775E-1,3.113525391E-2,9.861043854E0,9.863081385E0
3.980097883E1,1.941462708E-1,4.146377563E-2,9.864636383E0,9.866633823E0
3.981100883E1,1.984872437E-1,5.089416504E-2,9.862091675E0,9.864220172E0
3.982103883E1,1.821711731E-1,5.733078003E-2,9.857900391E0,9.859750162E0
3.983106883E1,1.887574768E-1,6.466552734E-2,9.839488678E0,9.841511493E0
3.984109883E1,1.862127686E-1,7.050338745E-2,9.850415955E0,9.852428147E0
3.985112883E1,1.722917175E-1,7.708969116E-2,9.861941986E0,9.863748121E0
3.986115883E1,1.595681763E-1,8.936416626E-2,9.900112610E0,9.901801737E0
3.987118883E1,1.676513672E-1,9.849517822E-2,9.908195801E0,9.910103547E0
3.988121883E1,1.585203552E-1,9.759704590E-2,9.885443115E0,9.887195733E0
3.989124883E1,1.721420288E-1,9.460327148E-2,9.840386810E0,9.842347039E0
3.990127883E1,1.854643250E-1,1.106199646E-1,9.813143463E0,9.815519264E0
3.991130883E1,1.703457642E-1,1.140628052E-1,9.862391052E0,9.864521543E0
3.992133883E1,1.764830017E-1,1.017883301E-1,9.904752960E0,9.906848052E0
3.993136883E1,1.785786438E-1,1.082249451E-1,9.907447357E0,9.909647628E0
3.994139883E1,1.691482544E-1,1.164578247E-1,9.900411987E0,9.902541647E0
3.995142883E1,1.582209778E-1,1.080752563E-1,9.850865021E0,9.852728343E0
3.996145883E1,1.532812500E-1,1.131646729E-1,9.802515564E0,9.804367025E0
3.997148883E1,1.658551025E-1,1.251397705E-1,9.816137238E0,9.818335813E0
3.998151883E1,1.761836243E-1,1.145118713E-1,9.865833893E0,9.868071343E0
3.999154883E1,1.606159973E-1,1.031355286E-1,9.894723816E0,9.896564749E0
4.000157783E1,1.543290710E-1,1.169068909E-1,9.871222687E0,9.873121189E0
4.001160783E1,1.957928467E-1,1.311273193E-1,9.808503113E0,9.811333371E0
4.002163783E1,2.158511353E-1,1.428030396E-1,9.734556885E0,9.737996825E0
4.003166783E1,2.285746765E-1,1.341210938E-1,9.816286926E0,9.819863740E0
4.004169783E1,2.035766602E-1,1.089733887E-1,9.881401520E0,9.884099081E0
4.005172783E1,1.713935852E-1,9.175918579E-2,9.877359924E0,9.879272978E0
4.006175783E1,1.555265808E-1,1.034349060E-1,9.848769379E0,9.850540370E0
4.007178783E1,1.484912109E-1,1.305285645E-1,9.811047821E0,9.813039626E0
4.008181783E1,1.698966980E-1,1.475930786E-1,9.883497162E0,9.886059111E0
4.009184783E1,1.652563477E-1,1.908531189E-1,9.968370667E0,9.971566994E0
4.010187783E1,1.490899658E-1,2.179467773E-1,9.968220978E0,9.971717910E0
4.011190783E1,1.520837402E-1,2.694396973E-1,9.904303894E0,9.909135323E0
4.012193783E1,1.577719116E-1,2.959346008E-1,9.823771362E0,9.829494038E0
4.013196783E1,1.724414062E-1,3.314108276E-1,9.775272217E0,9.782408501E0
4.014199783E1,1.889071655E-1,3.140469360E-1,9.785151672E0,9.792012288E0
4.015202783E1,1.999841309E-1,2.941383362E-1,9.828860779E0,9.835294364E0
4.016205783E1,2.088157654E-1,2.381547546E-1,9.877060547E0,9.882137763E0
4.017208783E1,2.149530029E-1,2.023791504E-1,9.895023193E0,9.899426555E0
4.018211783E1,2.061213684E-1,1.752854919E-1,9.881401520E0,9.885105311E0
4.019214783E1,1.986369324E-1,1.637594604E-1,9.883646851E0,9.886998981E0
4.020217783E1,1.818717957E-1,1.395098877E-1,9.874066772E0,9.876726937E0
4.021220783E1,1.719923401E-1,1.589694214E-1,9.862241364E0,9.865021914E0
4.022223783E1,1.595681763E-1,1.639091492E-1,9.854906616E0,9.857561191E0
4.023226783E1,1.529818726E-1,1.904040527E-1,9.843081207E0,9.846111152E0
4.024229783E1,1.625619507E-1,2.284249878E-1,9.813592529E0,9.817596584E0
4.025232783E1,1.673519897E-1,2.597099304E-1,9.833800507E0,9.838652771E0
4.026235783E1,1.845661926E-1,2.933898926E-1,9.860145721E0,9.866236160E0
4.027238783E1,1.820214844E-1,3.204835510E-1,9.868528290E0,9.875408454E0
4.028241683E1,1.898052979E-1,3.221301270E-1,9.880054321E0,9.887126340E0
4.029244683E1,1.877096558E-1,3.409909058E-1,9.862690430E0,9.870368394E0
4.030247683E1,1.916015625E-1,3.391946411E-1,9.875264282E0,9.882945351E0
4.031250683E1,2.076182556E-1,3.559597778E-1,9.865534515E0,9.874137126E0
4.032253683E1,2.053729248E-1,3.685336304E-1,9.884694672E0,9.893694145E0
4.033256683E1,1.734892273E-1,3.709286499E-1,9.960437164E0,9.968851242E0
4.034259683E1,1.686991882E-1,3.812571716E-1,9.933044128E0,9.941789683E0
4.035262683E1,1.736389160E-1,3.629951477E-1,9.848919067E0,9.857135626E0
4.036265683E1,2.038760376E-1,3.496728516E-1,9.806108093E0,9.814458339E0
4.037268683E1,1.978884888E-1,3.421884155E-1,9.788145447E0,9.796123930E0
4.038271683E1,1.787283325E-1,3.179388428E-1,9.778864746E0,9.785664241E0
4.039274683E1,1.646575928E-1,2.902464294E-1,9.800120544E0,9.805800212E0
4.040277683E1,1.766326904E-1,2.894979858E-1,9.849817200E0,9.855653558E0
4.041280683E1,1.832189941E-1,2.888992310E-1,9.891430664E0,9.897344722E0
4.042283683E1,1.820214844E-1,2.954855347E-1,9.906100159E0,9.912177555E0
4.043286683E1,1.811233521E-1,3.201841736E-1,9.910890198E0,9.917714862E0
4.044289683E1,1.610650635E-1,3.317102051E-1,9.873018951E0,9.879902673E0
4.045292683E1,1.686991882E-1,3.644920349E-1,9.861492920E0,9.869668509E0
4.046295683E1,1.661544800E-1,4.046086121E-1,9.835147705E0,9.844869010E0
4.047298683E1,1.740879822E-1,4.224215698E-1,9.835447083E0,9.846053317E0
4.048301683E1,1.754351807E-1,4.242178345E-1,9.849817200E0,9.860508970E0
4.049304683E1,1.854643250E-1,4.185296631E-1,9.855205994E0,9.865832417E0
4.050307683E1,1.694476318E-1,4.183799744E-1,9.836494904E0,9.846846515E0
4.051310683E1,1.657054138E-1,4.053570557E-1,9.828860779E0,9.838611530E0
4.052313683E1,1.797761536E-1,4.025129700E-1,9.880802765E0,9.890631903E0
4.053316683E1,1.651066589E-1,3.939807129E-1,9.899813232E0,9.909025333E0
4.054319683E1,1.648072815E-1,3.947291565E-1,9.886191559E0,9.895441177E0
4.055322683E1,1.899549866E-1,3.954776001E-1,9.869276733E0,9.879023670E0
4.056325683E1,1.707948303E-1,4.117936707E-1,9.857301636E0,9.867377587E0
4.057328683E1,1.681004333E-1,4.209246826E-1,9.848320312E0,9.858744764E0
4.058331683E1,1.857637024E-1,4.204756165E-1,9.843979340E0,9.854706344E0
4.059334683E1,1.776805115E-1,4.302053833E-1,9.852960663E0,9.863948543E0
4.060337583E1,1.586700439E-1,4.379891968E-1,9.869127045E0,9.880115351E0
4.061340583E1,1.541793823E-1,4.275109863E-1,9.868677979E0,9.879136702E0
4.062343583E1,1.549278259E-1,4.320016479E-1,9.857900391E0,9.868577819E0
4.063346583E1,1.658551025E-1,4.215234375E-1,9.858050079E0,9.868451818E0
4.064349583E1,1.630110168E-1,4.317022705E-1,9.863588562E0,9.874376880E0
4.065352554E1,1.615141296E-1,4.501139832E-1,9.846673737E0,9.858279418E0
4.066355554E1,1.538800049E-1,4.320016479E-1,9.856702881E0,9.867365209E0
4.067358554E1,1.582209778E-1,4.546046448E-1,9.840686188E0,9.852451670E0
4.068361554E1,1.619631958E-1,4.578977966E-1,9.838590546E0,9.850571882E0
4.069364554E1,1.663041687E-1,4.704716492E-1,9.830357666E0,9.843014401E0
4.070367554E1,1.648072815E-1,4.706213379E-1,9.836494904E0,9.849125741E0
4.071370554E1,1.646575928E-1,4.822970581E-1,9.841434631E0,9.854621159E0
4.072373554E1,1.651066589E-1,4.781057739E-1,9.851613464E0,9.864589864E0
4.073376554E1,1.612147522E-1,4.848417664E-1,9.852960663E0,9.866199651E0
4.074379554E1,1.649569702E-1,4.837939453E-1,9.861792297E0,9.875029858E0
4.075382554E1,1.636097717E-1,4.903802490E-1,9.846374359E0,9.859935546E0
4.076385554E1,1.525328064E-1,4.857398987E-1,9.846374359E0,9.859528261E0
4.077388554E1,1.451980591E-1,4.846920776E-1,9.842931519E0,9.855927646E0
4.078391554E1,1.453477478E-1,4.849914551E-1,9.838440857E0,9.851459850E0
4.079394554E1,1.504371643E-1,4.899311829E-1,9.866432648E0,9.879734667E0
4.080397554E1,1.411564636E-1,5.047503662E-1,9.847422180E0,9.861360032E0
4.081400554E1,1.502874756E-1,5.028044128E-1,9.849667511E0,9.863637700E0
4.082403554E1,1.451980591E-1,5.017565918E-1,9.852212219E0,9.866049248E0
4.083406554E1,1.377136230E-1,4.927752686E-1,9.844727783E0,9.858014893E0
4.084409554E1,1.487905884E-1,5.102888489E-1,9.843979340E0,9.858319461E0
4.085412554E1,1.380130005E-1,5.195695496E-1,9.842931519E0,9.857601178E0
4.086415554E1,1.285826111E-1,5.122348022E-1,9.820627899E0,9.834818265E0
4.087418554E1,1.362167358E-1,5.123844910E-1,9.846374359E0,9.860637955E0
4.088421554E1,1.164578247E-1,5.307962036E-1,9.848470001E0,9.863451140E0
4.089424554E1,1.230441284E-1,5.409750366E-1,9.848320312E0,9.863934652E0
4.090427554E1,1.320254517E-1,5.399272156E-1,9.824220428E0,9.839931867E0
4.091430554E1,1.158590698E-1,5.451663208E-1,9.839338989E0,9.855111435E0
4.092433554E1,1.356179810E-1,5.409750366E-1,9.873318329E0,9.889057642E0
4.093436554E1,1.386117554E-1,5.605842590E-1,9.894274750E0,9.911111984E0
4.094439554E1,1.381626892E-1,5.767506409E-1,9.874665527E0,9.892459224E0
4.095442554E1,1.236428833E-1,5.870791626E-1,9.826166382E0,9.844465210E0
4.096445554E1,1.139131165E-1,5.941145325E-1,9.783804474E0,9.802488371E0
4.097448554E1,1.133143616E-1,6.027964783E-1,9.798473969E0,9.817652258E0
4.098451554E1,1.148112488E-1,6.030958557E-1,9.867630157E0,9.886709825E0
4.099454454E1,1.299298096E-1,5.873785400E-1,9.881251831E0,9.899547114E0
4.100457454E1,1.258882141E-1,5.918692017E-1,9.848320312E0,9.866892620E0
4.101460454E1,1.610650635E-1,5.947132874E-1,9.803264008E0,9.822607141E0
4.102463454E1,1.803749084E-1,5.661227417E-1,9.815538483E0,9.833505264E0
4.103466454E1,1.692979431E-1,5.572911072E-1,9.878707123E0,9.895862246E0
4.104469454E1,1.273851013E-1,5.547463989E-1,9.832902374E0,9.849362397E0
4.105472454E1,1.085243225E-1,5.412744141E-1,9.768386536E0,9.783973172E0
4.106475454E1,1.234931946E-1,5.745053101E-1,9.717492371E0,9.735243443E0
4.107478454E1,1.303788757E-1,5.688171387E-1,9.785001984E0,9.802388250E0
4.108481454E1,1.064286804E-1,5.851332092E-1,9.927954712E0,9.945752495E0
4.109484454E1,1.098715210E-1,5.947132874E-1,9.998308411E0,1.001658259E1
4.110487454E1,7.858657837E-2,6.345304871E-1,9.953551483E0,9.974065967E0
4.111490454E1,9.490264893E-2,6.885681152E-1,9.854307861E0,9.878791221E0
4.112493454E1,1.157093811E-1,7.194039917E-1,9.788444824E0,9.815527639E0
4.113496454E1,1.368154907E-1,7.330256653E-1,9.765991516E0,9.794418584E0
4.114499454E1,1.531315613E-1,7.417076111E-1,9.796528015E0,9.825759035E0
4.115502454E1,1.636097717E-1,7.271878052E-1,9.830806732E0,9.859022835E0
4.116505454E1,1.673519897E-1,7.099736023E-1,9.847122803E0,9.874102324E0
4.117508454E1,1.737886047E-1,6.834786987E-1,9.853858795E0,9.879062646E0
4.118511454E1,1.577719116E-1,6.613247681E-1,9.863139496E0,9.886544550E0
4.119514454E1,1.466949463E-1,6.527925110E-1,9.865085449E0,9.887748398E0
4.120517454E1,1.621128845E-1,6.390211487E-1,9.886191559E0,9.908148775E0
4.121520454E1,1.408570862E-1,6.300398254E-1,9.867480469E0,9.888577335E0
4.122523454E1,1.287322998E-1,6.599775696E-1,9.850565643E0,9.873489043E0
4.123526454E1,1.428030396E-1,6.607260132E-1,9.826316071E0,9.849540045E0
4.124529454E1,1.308279419E-1,6.932084656E-1,9.807904358E0,9.833241674E0
4.125532454E1,1.534309387E-1,7.220983887E-1,9.818981323E0,9.846692915E0
4.126535454E1,1.336720276E-1,7.238946533E-1,9.823022919E0,9.850567037E0
4.127538454E1,1.422042847E-1,7.424560547E-1,9.841584320E0,9.870574704E0
4.128541454E1,1.366658020E-1,7.616162109E-1,9.852212219E0,9.882551412E0
4.129544454E1,1.363664246E-1,7.556286621E-1,9.840087433E0,9.869999552E0
4.130547454E1,1.525328064E-1,7.695497131E-1,9.839039612E0,9.870267144E0
4.131550454E1,1.594184875E-1,7.743397522E-1,9.841584320E0,9.873287104E0
4.132553454E1,1.661544800E-1,7.908055115E-1,9.842183075E0,9.875299912E0
4.133556454E1,1.357676697E-1,7.981402588E-1,9.906549225E0,9.939576363E0
4.134559454E1,1.294807434E-1,7.948471069E-1,9.922715607E0,9.955341893E0
4.135562454E1,1.366658020E-1,7.909552002E-1,9.852960663E0,9.885601726E0
4.136565454E1,1.582209778E-1,7.911048889E-1,9.750723267E0,9.784042367E0
4.137568454E1,1.666035461E-1,7.881111145E-1,9.704918518E0,9.738291396E0
4.138571454E1,1.330732727E-1,7.696994019E-1,9.753717041E0,9.784944649E0
4.139574454E1,1.143621826E-1,7.580236816E-1,9.806557159E0,9.836475077E0
4.140577454E1,1.094224548E-1,7.355703735E-1,9.862091675E0,9.890090457E0
4.141580454E1,1.163081360E-1,7.426057434E-1,9.868827667E0,9.897411298E0
4.142583454E1,1.416055298E-1,7.487429810E-1,9.887089691E0,9.916411182E0
4.143586454E1,1.230441284E-1,7.587721252E-1,9.890382843E0,9.920209059E0
4.144589354E1,1.206491089E-1,7.866142273E-1,9.871971130E0,9.903995767E0
4.145592454E1,1.236428833E-1,7.997868347E-1,9.819580078E0,9.852872650E0
4.146595354E1,1.193019104E-1,8.083190918E-1,9.807754669E0,9.841730760E0
4.147598354E1,1.459465027E-1,8.315208435E-1,9.807455292E0,9.843724224E0
4.148601354E1,1.360670471E-1,8.583151245E-1,9.824070740E0,9.862433016E0
4.149604354E1,1.408570862E-1,8.321195984E-1,9.806856537E0,9.843104128E0
4.150607354E1,1.335223389E-1,8.433462524E-1,9.816885681E0,9.853948731E0
4.151610354E1,1.137634277E-1,8.171507263E-1,9.830058289E0,9.864619779E0
4.152613354E1,1.101708984E-1,8.193960571E-1,9.844428406E0,9.879084885E0
4.153616354E1,1.104702759E-1,8.217910767E-1,9.847122803E0,9.881972058E0
4.154619354E1,1.194515991E-1,8.199948120E-1,9.846524048E0,9.881330680E0
4.155622354E1,1.152603149E-1,8.342152405E-1,9.808203735E0,9.844290758E0
4.156625354E1,1.282832336E-1,8.342152405E-1,9.795180817E0,9.831476943E0
4.157628354E1,1.125659180E-1,8.583151245E-1,9.799671478E0,9.837831927E0
4.158631354E1,1.179547119E-1,8.635542297E-1,9.835896149E0,9.874436301E0
4.159634354E1,1.130149841E-1,8.617579651E-1,9.853409729E0,9.891667325E0
4.160637354E1,1.103205872E-1,8.693920898E-1,9.837542725E0,9.876500397E0
4.161640354E1,9.535171509E-2,8.722361755E-1,9.835596771E0,9.874657044E0
4.162643354E1,1.065783691E-1,8.646020508E-1,9.825417938E0,9.863961340E0
4.163646354E1,1.118174744E-1,8.556207275E-1,9.811047821E0,9.848921226E0
4.164649367E1,1.118174744E-1,8.689430237E-1,9.824669495E0,9.863655296E0
4.165652367E1,1.202000427E-1,8.672964478E-1,9.823022919E0,9.861968893E0
4.166655367E1,1.014889526E-1,8.690927124E-1,9.837393036E0,9.876230247E0
4.167658367E1,1.092727661E-1,8.798703003E-1,9.836794281E0,9.876671201E0
4.168661367E1,1.041833496E-1,8.925938416E-1,9.820627899E0,9.861658596E0
4.169664367E1,9.819580078E-2,8.963360596E-1,9.829010468E0,9.870284065E0
4.170667367E1,1.061293030E-1,9.222322083E-1,9.811796265E0,9.855613711E0
4.171670367E1,9.370513916E-2,9.258247375E-1,9.801318054E0,9.845393222E0
4.172673367E1,9.340576172E-2,9.274713135E-1,9.834848328E0,9.878925513E0
4.173676367E1,1.086740112E-1,9.189390564E-1,9.819580078E0,9.863083288E0
4.174679367E1,9.460327148E-2,9.110055542E-1,9.821675720E0,9.864288867E0
4.175682367E1,1.041833496E-1,9.190887451E-1,9.837093658E0,9.880485309E0
4.176685367E1,9.280700684E-2,9.195378113E-1,9.834399261E0,9.877731104E0
4.177688367E1,9.490264893E-2,9.249266052E-1,9.816735992E0,9.860669414E0
4.178691367E1,9.505233765E-2,9.249266052E-1,9.816885681E0,9.860819877E0
4.179694367E1,7.768844604E-2,9.316625977E-1,9.806856537E0,9.851317974E0
4.180697367E1,7.888595581E-2,9.316625977E-1,9.812844086E0,9.857288027E0
4.181700367E1,9.250762939E-2,9.291178894E-1,9.813143463E0,9.857464296E0
4.182703367E1,9.071136475E-2,9.407936096E-1,9.823172607E0,9.868537949E0
4.183706367E1,8.442443848E-2,9.482780457E-1,9.825118561E0,9.871135369E0
4.184709367E1,8.487350464E-2,9.448352051E-1,9.832303619E0,9.877960900E0
4.185712367E1,7.095245361E-2,9.509724426E-1,9.818981323E0,9.865180032E0
4.186715367E1,7.364685059E-2,9.479786682E-1,9.812095642E0,9.858058039E0
4.187718367E1,9.026229858E-2,9.568103027E-1,9.793384552E0,9.840427543E0
4.188721367E1,7.364685059E-2,9.607022095E-1,9.806856537E0,9.854075691E0
4.189724367E1,7.544311523E-2,9.729766846E-1,9.833351440E0,9.881658557E0
4.190727367E1,6.541397095E-2,9.696835327E-1,9.838440857E0,9.886328117E0
4.191730367E1,6.197113037E-2,9.608518982E-1,9.804611206E0,9.851775357E0
4.192733367E1,6.960525513E-2,9.810598755E-1,9.826166382E0,9.875265522E0
4.193736367E1,7.244934082E-2,9.762698364E-1,9.839488678E0,9.888068019E0
4.194739367E1,7.110214233E-2,9.897418213E-1,9.833052063E0,9.882993335E0
4.195742367E1,7.304809570E-2,9.901908875E-1,9.811347198E0,9.861457695E0
4.196745367E1,6.271957397E-2,1.013542328E0,9.748477936E0,9.801225630E0
4.197748367E1,4.221221924E-2,1.013392639E0,9.751172333E0,9.803780310E0
4.198751367E1,4.775070190E-2,9.979747009E-1,9.804611206E0,9.855386067E0
4.199754367E1,5.852828979E-2,9.954299927E-1,9.839638367E0,9.890034864E0
4.200757367E1,7.259902954E-2,9.933343506E-1,9.821376343E0,9.871748428E0
4.201760267E1,9.160949707E-2,9.839039612E-1,9.793234863E0,9.842962379E0
4.202763267E1,1.154100037E-1,9.916877747E-1,9.810748444E0,9.861417197E0
4.203766267E1,1.125659180E-1,9.937834167E-1,9.838590546E0,9.889294236E0
4.204769267E1,8.352630615E-2,9.825567627E-1,9.848919067E0,9.898161508E0
4.205772267E1,5.523513794E-2,9.774673462E-1,9.782756653E0,9.831623521E0
4.206775267E1,5.703140259E-2,9.849517822E-1,9.673034821E0,9.723218872E0
4.207778267E1,7.140151978E-2,9.852511597E-1,9.666598206E0,9.716940820E0
4.208781267E1,8.412506104E-2,9.728269958E-1,9.734856262E0,9.783705629E0
4.209784267E1,6.436614990E-2,9.839039612E-1,9.878108368E0,9.927196731E0
4.210787267E1,4.266128540E-2,1.001267853E0,9.967322845E0,1.001757865E1
4.211790267E1,2.948867798E-2,1.037342834E0,9.927505646E0,9.981598974E0
4.212793267E1,5.059478760E-2,1.064586182E0,9.855355682E0,9.912816915E0
4.213796267E1,6.960525513E-2,1.076261902E0,9.803264008E0,9.862411965E0
4.214799267E1,9.789642334E-2,1.092128906E0,9.805509338E0,9.866627724E0
4.215802267E1,1.025367737E-1,1.109043732E0,9.807006226E0,9.870048779E0
4.216805267E1,9.550140381E-2,1.088536377E0,9.798473969E0,9.859215185E0
4.217808267E1,1.035845947E-1,1.096918945E0,9.776020660E0,9.837913442E0
4.218811267E1,1.071771240E-1,1.070723419E0,9.788295135E0,9.847266485E0
4.219814267E1,1.136137390E-1,1.056502991E0,9.816885681E0,9.874226609E0
4.220817267E1,9.535171509E-2,1.030307465E0,9.861792297E0,9.915925208E0
4.221820267E1,8.846603394E-2,1.002465363E0,9.868079224E0,9.919261596E0
4.222823267E1,8.202941895E-2,1.012793884E0,9.866282959E0,9.918468617E0
4.223826267E1,9.774673462E-2,1.008901978E0,9.841135254E0,9.893198710E0
4.224829267E1,8.023315430E-2,1.021775208E0,9.810748444E0,9.864139443E0
4.225832267E1,9.490264893E-2,1.043629761E0,9.786798248E0,9.842742989E0
4.226835267E1,9.310638428E-2,1.059347076E0,9.783654785E0,9.841279692E0
4.227838267E1,1.014889526E-1,1.065184937E0,9.787995758E0,9.846307933E0
4.228841267E1,9.071136475E-2,1.092428284E0,9.796677704E0,9.857815282E0
4.229844267E1,9.101074219E-2,1.099463654E0,9.827663269E0,9.889391721E0
4.230847267E1,8.666976929E-2,1.115779724E0,9.846823425E0,9.910217334E0
4.231850267E1,8.876541138E-2,1.110989685E0,9.830357666E0,9.893336607E0
4.232853267E1,1.050814819E-1,1.117725677E0,9.806407471E0,9.870459984E0
4.233856267E1,8.861572266E-2,1.122515717E0,9.823621674E0,9.887944026E0
4.234859267E1,7.469467163E-2,1.125359802E0,9.858349457E0,9.922654282E0
4.235862267E1,7.334747314E-2,1.113684082E0,9.861043854E0,9.924004130E0
4.236865267E1,9.984237671E-2,1.110839996E0,9.765243073E0,9.828728619E0
4.237868267E1,1.115180969E-1,1.106648712E0,9.664652252E0,9.728443391E0
4.238871267E1,1.106199646E-1,1.098415833E0,9.676777039E0,9.739546600E0
4.239874267E1,8.487350464E-2,1.079105988E0,9.742191010E0,9.802140527E0
4.240877267E1,6.212081909E-2,1.054856415E0,9.826615448E0,9.883266273E0
4.241880267E1,6.152206421E-2,1.037342834E0,9.851763153E0,9.906417231E0
4.242883267E1,7.903564453E-2,1.046473846E0,9.850715332E0,9.906459847E0
4.243886267E1,7.619155884E-2,1.056952057E0,9.818232880E0,9.875254411E0
4.244889267E1,7.454498291E-2,1.064137115E0,9.817035370E0,9.874822946E0
4.245892267E1,7.619155884E-2,1.087787933E0,9.815388794E0,9.875775662E0
4.246895267E1,8.158035278E-2,1.100361786E0,9.782606964E0,9.844635617E0
4.247898267E1,9.116043091E-2,1.107696533E0,9.788145447E0,9.851045281E0
4.248901267E1,9.071136475E-2,1.097368011E0,9.799222412E0,9.860892707E0
4.249904267E1,8.637039185E-2,1.112336884E0,9.809251556E0,9.872495596E0
4.250907267E1,7.933502197E-2,1.099912720E0,9.807006226E0,9.868813158E0
4.251910267E1,7.664062500E-2,1.082399139E0,9.820627899E0,9.880394426E0
4.252913267E1,6.496490479E-2,1.067430267E0,9.809700623E0,9.867819117E0
4.253916267E1,5.927673340E-2,1.076261902E0,9.821675720E0,9.880646101E0
4.254919267E1,4.460723877E-2,1.079704742E0,9.807305603E0,9.866660799E0
4.255922267E1,5.912704468E-2,1.088835754E0,9.803114319E0,9.863574892E0
4.256925267E1,7.604187012E-2,1.089434509E0,9.782157898E0,9.842929597E0
4.257928267E1,7.050338745E-2,1.089135132E0,9.778415680E0,9.839136104E0
4.258931267E1,5.777984619E-2,1.092128906E0,9.798473969E0,9.859319255E0
4.259934267E1,8.577163696E-2,1.089584198E0,9.822274475E0,9.882895647E0
4.260937267E1,8.861572266E-2,1.095422058E0,9.819580078E0,9.880888378E0
4.261940267E1,7.529342651E-2,1.087338867E0,9.823921051E0,9.884199499E0
4.262943267E1,7.574249268E-2,1.084494781E0,9.817484436E0,9.877492926E0
4.263946267E1,7.409591675E-2,1.085093536E0,9.788594513E0,9.848832455E0
4.264949279E1,6.676116943E-2,1.097218323E0,9.783505096E0,9.845065621E0
4.265952279E1,7.454498291E-2,1.096769257E0,9.809850311E0,9.871252346E0
4.266955279E1,7.873626709E-2,1.099313965E0,9.814191284E0,9.875881791E0
4.267958279E1,6.960525513E-2,1.085093536E0,9.812245331E0,9.872306281E0
4.268961279E1,6.810836792E-2,1.097068634E0,9.807754669E0,9.869156498E0
4.269964279E1,5.852828979E-2,1.101708984E0,9.803713074E0,9.865595688E0
4.270967279E1,6.346801758E-2,1.102158051E0,9.780810699E0,9.842918190E0
4.271970279E1,7.439529419E-2,1.110091553E0,9.795480194E0,9.858461855E0
4.272973279E1,6.077362061E-2,1.106948090E0,9.795031128E0,9.857568783E0
4.273976279E1,7.080276489E-2,1.093625793E0,9.794432373E0,9.855553557E0
4.274979279E1,7.664062500E-2,1.093625793E0,9.792785797E0,9.853960870E0
4.275982279E1,6.511459351E-2,1.087039490E0,9.799072723E0,9.859397598E0
4.276985279E1,6.810836792E-2,1.089434509E0,9.805359650E0,9.865930476E0
4.277988279E1,6.601272583E-2,1.094823303E0,9.798773346E0,9.859967283E0
4.278991279E1,5.373825073E-2,1.099613342E0,9.819879456E0,9.881400196E0
4.279994279E1,4.879852295E-2,1.100062408E0,9.819430389E0,9.880978280E0
4.280997279E1,6.391708374E-2,1.090482330E0,9.805209961E0,9.865869424E0
4.282000279E1,5.418731689E-2,1.094673615E0,9.795330505E0,9.856457086E0
4.283003279E1,4.430786133E-2,1.098565521E0,9.797426147E0,9.858923293E0
4.284006279E1,5.044509888E-2,1.097368011E0,9.822873230E0,9.884108445E0
4.285009279E1,5.373825073E-2,1.097068634E0,9.839189301E0,9.900307747E0
4.286012279E1,4.251159668E-2,1.096769257E0,9.817334747E0,9.878500472E0
4.287015279E1,4.056564331E-2,1.109043732E0,9.764045563E0,9.826912502E0
4.288018279E1,5.388793945E-2,1.105002136E0,9.789193268E0,9.851509451E0
4.289021279E1,4.939727783E-2,1.109792175E0,9.805509338E0,9.868236527E0
4.290024279E1,5.104385376E-2,1.097517700E0,9.833052063E0,9.894243955E0
4.291027279E1,4.745132446E-2,1.116977234E0,9.832303619E0,9.895659868E0
4.292030279E1,3.697311401E-2,1.120569763E0,9.792486420E0,9.856461530E0
4.293033279E1,2.365081787E-2,1.117575989E0,9.740993500E0,9.804921714E0
4.294036279E1,2.380050659E-2,1.119971008E0,9.754615173E0,9.818727958E0
4.295039279E1,3.472778320E-2,1.107247467E0,9.798174591E0,9.860599794E0
4.296042279E1,4.565505981E-2,1.088835754E0,9.831704865E0,9.891919340E0
4.297045279E1,7.155120850E-2,1.099014587E0,9.802515564E0,9.864190997E0
4.298048279E1,8.801696777E-2,1.086590424E0,9.779912567E0,9.840483502E0
4.299051279E1,9.999206543E-2,1.091979218E0,9.795031128E0,9.856218941E0
4.300054279E1,9.565109253E-2,1.093176727E0,9.813293152E0,9.874457300E0
4.301057279E1,7.005432129E-2,1.087787933E0,9.802365875E0,9.862786977E0
4.302060279E1,3.936813354E-2,1.100661163E0,9.731114044E0,9.793241822E0
4.303063279E1,5.418731689E-2,1.075812836E0,9.659862213E0,9.719734950E0
4.304066279E1,7.095245361E-2,1.084045715E0,9.663454742E0,9.724327582E0
4.305069179E1,5.358856201E-2,1.080153809E0,9.757908325E0,9.817656485E0
4.306072279E1,5.882766724E-2,1.072220306E0,9.895771637E0,9.953864243E0
4.307075179E1,3.427871704E-2,1.088835754E0,9.957443390E0,1.001685665E1
4.308078279E1,4.296066284E-2,1.121617584E0,9.915979614E0,9.979304752E0
4.309081179E1,5.149291992E-2,1.137334900E0,9.816885681E0,9.882683172E0
4.310084179E1,5.134323120E-2,1.159638519E0,9.791588287E0,9.860152068E0
4.311087279E1,8.936416626E-2,1.180744629E0,9.787696381E0,9.859064067E0
4.312090179E1,9.879455566E-2,1.168021088E0,9.800719299E0,9.870569001E0
4.313093179E1,1.070274353E-1,1.151405640E0,9.796977081E0,9.864986049E0
4.314096179E1,1.079255676E-1,1.121467896E0,9.782457275E0,9.847121839E0
4.315099179E1,1.023870850E-1,1.116977234E0,9.785600739E0,9.849675277E0
4.316102179E1,8.996292114E-2,1.092577972E0,9.807455292E0,9.868535821E0
4.317105179E1,8.038284302E-2,1.081650696E0,9.835896149E0,9.895518313E0
4.318108179E1,7.319778442E-2,1.063238983E0,9.867779846E0,9.925165699E0
4.319111179E1,6.990463257E-2,1.055904236E0,9.862391052E0,9.919000841E0
4.320114179E1,7.933502197E-2,1.072220306E0,9.819430389E0,9.878115387E0
4.321117179E1,9.684860229E-2,1.094523926E0,9.803862762E0,9.865246441E0
4.322120179E1,7.993377686E-2,1.110091553E0,9.791288910E0,9.854340728E0
4.323123179E1,9.295669556E-2,1.131946106E0,9.776469727E0,9.842220443E0
4.324126179E1,8.232879639E-2,1.142124939E0,9.789642334E0,9.856384958E0
4.325129179E1,7.738906860E-2,1.148711243E0,9.797575836E0,9.864989552E0
4.326132179E1,8.966354370E-2,1.161285095E0,9.806706848E0,9.875632731E0
4.327135179E1,8.861572266E-2,1.157692566E0,9.810598755E0,9.879066391E0
4.328138179E1,8.801696777E-2,1.159638519E0,9.829609222E0,9.898167808E0
4.329141179E1,1.064286804E-1,1.162931671E0,9.807604980E0,9.876884761E0
4.330144179E1,8.562194824E-2,1.166224823E0,9.832602997E0,9.901893412E0
4.331147179E1,6.780899048E-2,1.165775757E0,9.843380585E0,9.912404981E0
4.332150179E1,7.559280396E-2,1.154549103E0,9.800270233E0,9.868332916E0
4.333153179E1,7.933502197E-2,1.153800659E0,9.718689880E0,9.787261261E0
4.334156179E1,8.681945801E-2,1.136287079E0,9.684560852E0,9.751379638E0
4.335159179E1,7.679031372E-2,1.124012604E0,9.707463226E0,9.772622134E0
4.336162179E1,6.885681152E-2,1.097817078E0,9.766290894E0,9.828040568E0
4.337165179E1,6.331832886E-2,1.090182953E0,9.835896149E0,9.896330690E0
4.338168179E1,6.780899048E-2,1.095721436E0,9.847122803E0,9.908129542E0
4.339171179E1,8.292755127E-2,1.093326416E0,9.855655060E0,9.916459867E0
4.340174179E1,7.768844604E-2,1.101259918E0,9.843829651E0,9.905543453E0
4.341177179E1,8.038284302E-2,1.120569763E0,9.807754669E0,9.871888859E0
4.342180179E1,6.691085815E-2,1.137783966E0,9.790839844E0,9.856955629E0
4.343183179E1,7.409591675E-2,1.148262177E0,9.787397003E0,9.854802704E0
4.344186179E1,6.765930176E-2,1.144669647E0,9.789642334E0,9.856568541E0
4.345189179E1,6.885681152E-2,1.132844238E0,9.798773346E0,9.864280836E0
4.346192179E1,7.274871826E-2,1.131646729E0,9.801617432E0,9.866996553E0
4.347195179E1,6.855743408E-2,1.130898285E0,9.815538483E0,9.880709831E0
4.348198179E1,6.556365967E-2,1.118623810E0,9.810299377E0,9.874086879E0
4.349201179E1,5.388793945E-2,1.105600891E0,9.802665253E0,9.864963421E0
4.350204179E1,4.894821167E-2,1.108594666E0,9.784403229E0,9.847127734E0
4.351207179E1,6.556365967E-2,1.115480347E0,9.786798248E0,9.850381462E0
4.352210179E1,6.780899048E-2,1.121767273E0,9.795180817E0,9.859438478E0
4.353213179E1,7.259902954E-2,1.129251709E0,9.785151672E0,9.850364120E0
4.354216179E1,7.155120850E-2,1.131347351E0,9.794132996E0,9.859518626E0
4.355219179E1,7.933502197E-2,1.139131165E0,9.818083191E0,9.884263827E0
4.356222179E1,6.840774536E-2,1.131347351E0,9.824070740E0,9.889236186E0
4.357225179E1,6.122268677E-2,1.129850464E0,9.826465759E0,9.891397252E0
4.358228179E1,6.945556641E-2,1.135089569E0,9.802665253E0,9.868409115E0
4.359231179E1,7.020401001E-2,1.126407623E0,9.793384552E0,9.858199821E0
4.360234179E1,4.655319214E-2,1.128203888E0,9.798923035E0,9.863767224E0
4.361237179E1,5.298980713E-2,1.122515717E0,9.786947937E0,9.851253696E0
4.362240179E1,6.062393188E-2,1.134640503E0,9.810299377E0,9.875882655E0
4.363243179E1,5.912704468E-2,1.122665405E0,9.824220428E0,9.888335585E0
4.364246179E1,7.200027466E-2,1.136436768E0,9.813143463E0,9.878990697E0
4.365249179E1,6.331832886E-2,1.141077118E0,9.804162140E0,9.870545145E0
4.366252179E1,5.972579956E-2,1.135239258E0,9.799970856E0,9.865686196E0
4.367255179E1,6.466552734E-2,1.140478363E0,9.792037354E0,9.858441462E0
4.368258179E1,6.661148071E-2,1.117725677E0,9.772278442E0,9.836217451E0
4.369261179E1,5.284011841E-2,1.125659180E0,9.759854279E0,9.824696240E0
4.370264179E1,7.484436035E-2,1.108295288E0,9.796378326E0,9.859155564E0
4.371267179E1,5.254074097E-2,1.122665405E0,9.825417938E0,9.889488147E0
4.372270279E1,5.328918457E-2,1.115480347E0,9.837243347E0,9.900428921E0
4.373273179E1,5.538482666E-2,1.110091553E0,9.828411713E0,9.891058969E0
4.374276179E1,4.849914551E-2,1.111738129E0,9.784103851E0,9.847182440E0
4.375279279E1,4.056564331E-2,1.132993927E0,9.794731750E0,9.860126311E0
4.376282179E1,4.625381470E-2,1.134341125E0,9.799821167E0,9.865361834E0
4.377285179E1,5.777984619E-2,1.135838013E0,9.813592529E0,9.879274509E0
4.378288179E1,4.939727783E-2,1.138233032E0,9.787995758E0,9.854079129E0
4.379291279E1,3.517684937E-2,1.131197662E0,9.770182800E0,9.835513078E0
4.380294179E1,3.203338623E-2,1.131197662E0,9.758507080E0,9.823904250E0
4.381297279E1,3.038681030E-2,1.116528168E0,9.789792023E0,9.853303322E0
4.382300279E1,4.550537109E-2,1.120869141E0,9.835447083E0,9.899213993E0
4.383303179E1,3.936813354E-2,1.104852448E0,9.851164398E0,9.913006042E0
4.384306279E1,6.810836792E-2,1.096320190E0,9.803563385E0,9.864908097E0
4.385309179E1,9.490264893E-2,1.089135132E0,9.766889648E0,9.827886612E0
4.386312279E1,9.819580078E-2,1.104104004E0,9.802814941E0,9.865286050E0
4.387315279E1,8.322692871E-2,1.102607117E0,9.820627899E0,9.882681899E0
4.388318279E1,2.829116821E-2,1.107097778E0,9.775421906E0,9.837954021E0
4.389321279E1,4.355941772E-2,1.102008362E0,9.715995483E0,9.778388829E0
4.390324279E1,4.954696655E-2,1.102158051E0,9.670639801E0,9.733369480E0
4.391327279E1,3.382965088E-2,1.107995911E0,9.702523499E0,9.765641895E0
4.392330279E1,4.700225830E-2,1.085542603E0,9.797276459E0,9.857344367E0
4.393333279E1,4.999603271E-2,1.091530151E0,9.925859070E0,9.985820745E0
4.394336279E1,5.658233643E-2,1.117426300E0,9.962083740E0,1.002471723E1
4.395339279E1,4.176315308E-2,1.131796417E0,9.890382843E0,9.955017834E0
4.396342279E1,5.643264771E-2,1.164727936E0,9.811646576E0,9.880697563E0
4.397345279E1,5.403762817E-2,1.199755096E0,9.744286652E0,9.818016842E0
4.398348279E1,7.619155884E-2,1.187181244E0,9.758058014E0,9.830305217E0
4.399351279E1,8.577163696E-2,1.180295563E0,9.781858521E0,9.853182760E0
4.400354279E1,1.035845947E-1,1.159039764E0,9.796528015E0,9.865397311E0
4.401357279E1,1.070274353E-1,1.132544861E0,9.806557159E0,9.872318677E0
4.402360279E1,1.071771240E-1,1.112935638E0,9.802515564E0,9.866074399E0
4.403363279E1,8.951385498E-2,1.107097778E0,9.817484436E0,9.880115327E0
4.404366279E1,6.676116943E-2,1.066083069E0,9.843081207E0,9.900870559E0
4.405369279E1,5.194198608E-2,1.043929138E0,9.873168640E0,9.928340496E0
4.406372279E1,5.748046875E-2,1.068927155E0,9.855804749E0,9.913768028E0
4.407375279E1,7.005432129E-2,1.091380463E0,9.823621674E0,9.884308863E0
4.408378279E1,8.517288208E-2,1.110989685E0,9.785301361E0,9.848536705E0
4.409381279E1,8.173004150E-2,1.119671631E0,9.786798248E0,9.850977835E0
4.410384279E1,9.175918579E-2,1.145118713E0,9.793833618E0,9.860978327E0
4.411387279E1,7.843688965E-2,1.143771515E0,9.802216187E0,9.869032769E0
4.412390279E1,8.098159790E-2,1.154249725E0,9.820178833E0,9.888112194E0
4.413393279E1,7.768844604E-2,1.164129181E0,9.809550934E0,9.878690286E0
4.414396279E1,9.086105347E-2,1.171014862E0,9.818382568E0,9.888385500E0
4.415399279E1,8.921447754E-2,1.174757080E0,9.819580078E0,9.890003353E0
4.416402279E1,9.400451660E-2,1.179247742E0,9.845176849E0,9.915995627E0
4.417405279E1,7.155120850E-2,1.163680115E0,9.858648834E0,9.927347472E0
4.418408279E1,5.688171387E-2,1.156195679E0,9.819580078E0,9.887576897E0
4.419411279E1,9.190887451E-2,1.151255951E0,9.744136963E0,9.812341344E0
4.420414279E1,9.205856323E-2,1.141376495E0,9.720785522E0,9.787997050E0
4.421417279E1,6.571334839E-2,1.119372253E0,9.737101593E0,9.801451929E0
4.422420279E1,5.927673340E-2,1.116977234E0,9.754166107E0,9.818090869E0
4.423423279E1,6.286926270E-2,1.085991669E0,9.790241089E0,9.850489888E0
4.424426279E1,4.864883423E-2,1.086590424E0,9.829908600E0,9.889901341E0
4.425429279E1,6.706054688E-2,1.086440735E0,9.850266266E0,9.910226844E0
4.426432279E1,7.229965210E-2,1.105151825E0,9.853858795E0,9.915902427E0
4.427435279E1,6.870712280E-2,1.103654938E0,9.859696655E0,9.921511630E0
4.428438279E1,6.346801758E-2,1.106049957E0,9.847422180E0,9.909545817E0
4.429441279E1,7.274871826E-2,1.110989685E0,9.832303619E0,9.895139459E0
4.430444279E1,6.885681152E-2,1.106798401E0,9.809850311E0,9.872330378E0
4.431447279E1,6.271957397E-2,1.102607117E0,9.789642334E0,9.851739604E0
4.432450279E1,7.708969116E-2,1.103654938E0,9.778864746E0,9.841249553E0
4.433453279E1,6.945556641E-2,1.077309723E0,9.779463501E0,9.838868161E0
4.434456279E1,4.849914551E-2,1.072369995E0,9.800719299E0,9.859332044E0
4.435459279E1,6.376739502E-2,1.061891785E0,9.816586304E0,9.874059302E0
4.436462279E1,7.095245361E-2,1.054257660E0,9.817334747E0,9.874034383E0
4.437465279E1,6.750961304E-2,1.038690033E0,9.823172607E0,9.878165549E0
4.438468279E1,7.289840698E-2,1.045575714E0,9.808652802E0,9.864492513E0
4.439471279E1,7.679031372E-2,1.061143341E0,9.792636108E0,9.850261108E0
4.440474279E1,6.900650024E-2,1.063538361E0,9.779164124E0,9.837069009E0
4.441477279E1,7.649093628E-2,1.056652679E0,9.807305603E0,9.864360544E0
4.442480279E1,7.214996338E-2,1.049617310E0,9.811197510E0,9.867446412E0
4.443483279E1,7.110214233E-2,1.035396881E0,9.828561401E0,9.883204007E0
4.444486279E1,6.780899048E-2,1.044976959E0,9.834698639E0,9.890291817E0
4.445489279E1,8.202941895E-2,1.026714935E0,9.807455292E0,9.861391975E0
4.446492279E1,8.232879639E-2,1.036744080E0,9.813442841E0,9.868397879E0
4.447495279E1,6.556365967E-2,1.022224274E0,9.803713074E0,9.857080252E0
4.448498279E1,6.616241455E-2,1.005159760E0,9.810000000E0,9.861583220E0
4.449501279E1,7.679031372E-2,1.001267853E0,9.815388794E0,9.866625119E0
4.450504279E1,7.484436035E-2,1.016835480E0,9.817933502E0,9.870733221E0
4.451507279E1,6.795867920E-2,1.005908203E0,9.821376343E0,9.872988553E0
4.452510279E1,6.107299805E-2,9.988728333E-1,9.828112335E0,9.878930556E0
4.453513279E1,7.499404907E-2,9.975256348E-1,9.816735992E0,9.867572500E0
4.454516279E1,7.439529419E-2,9.939331055E-1,9.817185059E0,9.867652211E0
4.455519279E1,7.409591675E-2,9.746232605E-1,9.812095642E0,9.860659288E0
4.456522279E1,7.259902954E-2,9.717791748E-1,9.827363892E0,9.875561070E0
4.457525279E1,6.107299805E-2,9.803114319E-1,9.813592529E0,9.862623320E0
4.458528279E1,7.918533325E-2,9.735754395E-1,9.789492645E0,9.838103766E0
4.459531279E1,7.065307617E-2,9.481283569E-1,9.807455292E0,9.853431815E0
4.460534279E1,6.406677246E-2,9.460327148E-1,9.822573853E0,9.868233861E0
4.461537279E1,6.601272583E-2,9.505233765E-1,9.839039612E0,9.885067165E0
4.462540279E1,4.969665527E-2,9.566606140E-1,9.820927277E0,9.867536768E0
4.463543279E1,5.837860107E-2,9.369017029E-1,9.808054047E0,9.852873542E0
4.464546279E1,6.017486572E-2,9.391470337E-1,9.791438599E0,9.836558748E0
4.465549271E1,4.535568237E-2,9.322613525E-1,9.788295135E0,9.832694952E0
4.466552271E1,5.703140259E-2,9.346563721E-1,9.822723541E0,9.867255590E0
4.467555271E1,5.763015747E-2,9.256750488E-1,9.826316071E0,9.869989010E0
4.468558271E1,7.768844604E-2,9.080117798E-1,9.826016693E0,9.868187521E0
4.469561271E1,1.190025330E-1,9.039701843E-1,9.802216187E0,9.844529743E0
4.470564271E1,1.185534668E-1,8.756790161E-1,9.803563385E0,9.843308575E0
4.471567271E1,1.095721436E-1,8.557704163E-1,9.791438599E0,9.829375305E0
4.472570271E1,7.768844604E-2,8.530760193E-1,9.784403229E0,9.821828788E0
4.473573271E1,7.065307617E-2,8.289761353E-1,9.774523773E0,9.809867903E0
4.474576271E1,7.589218140E-2,8.196954346E-1,9.752818909E0,9.787499011E0
4.475579271E1,7.813751221E-2,8.339158630E-1,9.773026886E0,9.808851903E0
4.476582271E1,8.053253174E-2,8.322692871E-1,9.855804749E0,9.891210487E0
4.477585271E1,7.155120850E-2,8.485853577E-1,9.958790588E0,9.995135150E0
4.478588271E1,6.271957397E-2,8.758287048E-1,9.949060822E0,9.987733521E0
4.479591271E1,5.478607178E-2,8.970845032E-1,9.851314087E0,9.892226815E0
4.480594271E1,7.185058594E-2,9.216334534E-1,9.773176575E0,9.816799432E0
4.481597271E1,7.379653931E-2,9.392967224E-1,9.748777313E0,9.794201517E0
4.482600271E1,1.038839722E-1,9.098080444E-1,9.780810699E0,9.823583893E0
4.483603271E1,1.249900818E-1,8.927435303E-1,9.829160156E0,9.870410473E0
4.484606271E1,1.329235840E-1,8.592132568E-1,9.867031403E0,9.905262480E0
4.485609271E1,1.353186035E-1,8.277786255E-1,9.867779846E0,9.903363452E0
4.486612271E1,1.246907043E-1,7.918533325E-1,9.844727783E0,9.877309583E0
4.487615271E1,1.197509766E-1,7.577243042E-1,9.857750702E0,9.887554567E0
4.488618371E1,1.252894592E-1,7.436535645E-1,9.852062531E0,9.880883269E0
4.489621371E1,1.203497314E-1,7.394622803E-1,9.849517822E0,9.877969926E0
4.490624371E1,1.080752563E-1,7.497908020E-1,9.838440857E0,9.867562262E0
4.491627371E1,1.043330383E-1,7.602690125E-1,9.820328522E0,9.850266323E0
4.492630371E1,1.088237000E-1,7.926017761E-1,9.820627899E0,9.853161549E0
4.493633371E1,1.040336609E-1,7.996371460E-1,9.827363892E0,9.860391657E0
4.494636371E1,1.035845947E-1,8.063731384E-1,9.826316071E0,9.859891223E0
4.495639371E1,1.055305481E-1,8.119116211E-1,9.853559418E0,9.887515885E0
4.496642371E1,1.016386414E-1,8.083190918E-1,9.833201752E0,9.866892462E0
4.497645371E1,9.684860229E-2,8.104147339E-1,9.853858795E0,9.887602583E0
4.498648371E1,1.202000427E-1,8.041278076E-1,9.845925293E0,9.879438975E0
4.499651371E1,1.267863464E-1,8.159532166E-1,9.880054321E0,9.914500886E0
4.500654371E1,1.014889526E-1,8.038284302E-1,9.903854828E0,9.936940203E0
4.501657371E1,1.022373962E-1,7.902067566E-1,9.836345215E0,9.868564556E0
4.502660371E1,1.231938171E-1,7.920030212E-1,9.764494629E0,9.797336417E0
4.503663371E1,1.504371643E-1,7.698490906E-1,9.771230621E0,9.802665292E0
4.504666371E1,1.495390320E-1,7.503895569E-1,9.837393036E0,9.867104345E0
4.505669371E1,1.133143616E-1,7.384144592E-1,9.825417938E0,9.853777637E0
4.506672371E1,9.774673462E-2,7.231462097E-1,9.809401245E0,9.836505866E0
4.507675371E1,1.098715210E-1,7.156617737E-1,9.802066498E0,9.828771599E0
4.508678371E1,1.327738953E-1,7.054829407E-1,9.821376343E0,9.847576776E0
4.509681371E1,1.207987976E-1,7.021897888E-1,9.844578094E0,9.870328298E0
4.510684371E1,1.216969299E-1,7.059320068E-1,9.868378601E0,9.894344160E0
4.511687371E1,1.210981750E-1,7.071295166E-1,9.866881714E0,9.892929378E0
4.512690371E1,1.133143616E-1,7.116201782E-1,9.848020935E0,9.874348574E0
4.513693371E1,1.348695374E-1,7.105723572E-1,9.851613464E0,9.878126883E0
4.514696371E1,1.351689148E-1,6.994953918E-1,9.842183075E0,9.867934542E0
4.515699371E1,1.390608215E-1,6.956034851E-1,9.826615448E0,9.852186218E0
4.516702371E1,1.176553345E-1,6.703060913E-1,9.810149689E0,9.833727165E0
4.517705371E1,1.083746338E-1,6.810836792E-1,9.813592529E0,9.837795402E0
4.518708371E1,1.136137390E-1,6.689588928E-1,9.824669495E0,9.848073150E0
4.519711371E1,1.148112488E-1,6.752458191E-1,9.848470001E0,9.872259108E0
4.520714371E1,1.133143616E-1,6.628216553E-1,9.851014709E0,9.873938601E0
4.521717371E1,1.204994202E-1,6.514453125E-1,9.840087433E0,9.862363905E0
4.522720371E1,1.359173584E-1,6.622229004E-1,9.838141479E0,9.861340703E0
4.523723371E1,1.266366577E-1,6.806346130E-1,9.828112335E0,9.852466310E0
4.524726371E1,1.297801208E-1,6.825805664E-1,9.811347198E0,9.835918511E0
4.525729371E1,1.308279419E-1,6.688092041E-1,9.831405487E0,9.854996477E0
4.526732371E1,1.248403931E-1,6.589297485E-1,9.851763153E0,9.874563826E0
4.527735371E1,1.338217163E-1,6.515950012E-1,9.861941986E0,9.884350461E0
4.528738371E1,1.318757629E-1,6.450086975E-1,9.857451324E0,9.879411625E0
4.529741371E1,1.329235840E-1,6.375242615E-1,9.856253815E0,9.877744941E0
4.530744371E1,1.308279419E-1,6.218069458E-1,9.867630157E0,9.888067797E0
4.531747371E1,1.336720276E-1,6.262976074E-1,9.899364166E0,9.920056845E0
4.532750371E1,1.257385254E-1,6.237528992E-1,9.882599030E0,9.903062225E0
4.533753371E1,1.240919495E-1,6.258485413E-1,9.830806732E0,9.851489543E0
4.534756371E1,1.323248291E-1,6.342311096E-1,9.816286926E0,9.837644432E0
4.535759371E1,1.362167358E-1,6.306385803E-1,9.818532257E0,9.839707094E0
4.536762371E1,1.284329224E-1,6.271957397E-1,9.838740234E0,9.859547602E0
4.537765371E1,1.330732727E-1,6.267466736E-1,9.832602997E0,9.853456327E0
4.538768371E1,1.372645569E-1,6.207591248E-1,9.840536499E0,9.861051771E0
4.539771371E1,1.191522217E-1,6.209088135E-1,9.828860779E0,9.849174037E0
4.540774371E1,1.260379028E-1,6.042933655E-1,9.828860779E0,9.848226248E0
4.541777371E1,1.260379028E-1,5.920188904E-1,9.839638367E0,9.858237931E0
4.542780371E1,1.342707825E-1,5.857319641E-1,9.869576111E0,9.887853315E0
4.543783371E1,1.258882141E-1,5.640270996E-1,9.868079224E0,9.884986696E0
4.544786371E1,1.317260742E-1,5.655239868E-1,9.847871246E0,9.864975277E0
4.545789471E1,1.495390320E-1,5.598358154E-1,9.763895874E0,9.781075641E0
4.546792471E1,1.550775146E-1,5.489085388E-1,9.730215912E0,9.746920094E0
4.547795471E1,1.616638184E-1,5.337899780E-1,9.780511322E0,9.796400801E0
4.548798471E1,1.392105103E-1,5.254074097E-1,9.808203735E0,9.823252670E0
4.549801471E1,1.278341675E-1,5.081932068E-1,9.876012726E0,9.889905423E0
4.550804471E1,9.819580078E-2,4.962181091E-1,9.861792297E0,9.874756814E0
4.551807471E1,1.007405090E-1,4.977149963E-1,9.824519806E0,9.837634791E0
4.552810471E1,1.064286804E-1,5.096900940E-1,9.860744476E0,9.874481894E0
4.553813471E1,1.191522217E-1,5.287005615E-1,9.924362183E0,9.939149172E0
4.554816471E1,1.263372803E-1,5.641767883E-1,9.944270782E0,9.961063093E0
4.555819471E1,1.166075134E-1,5.984555054E-1,9.896520081E0,9.915283960E0
4.556822471E1,1.134640503E-1,6.089337158E-1,9.818083191E0,9.837602955E0
4.557825471E1,1.399589539E-1,6.195616150E-1,9.778715057E0,9.799322083E0
4.558828471E1,1.431024170E-1,5.995033264E-1,9.795779572E0,9.815150531E0
4.559831471E1,1.657054138E-1,5.771997070E-1,9.839488678E0,9.857796672E0
4.560834471E1,1.901046753E-1,5.405259705E-1,9.875563660E0,9.892171941E0
4.561837471E1,1.860630798E-1,4.917274475E-1,9.874515839E0,9.888502333E0
4.562840471E1,1.710942078E-1,4.632865906E-1,9.876461792E0,9.888802011E0
4.563843471E1,1.787283325E-1,4.596940613E-1,9.881401520E0,9.893702969E0
4.564846471E1,1.776805115E-1,4.330494690E-1,9.886191559E0,9.897266579E0
4.565849504E1,1.663041687E-1,4.314028931E-1,9.883497162E0,9.894305518E0
4.566852504E1,1.606159973E-1,4.438270569E-1,9.879904633E0,9.891172605E0
4.567855504E1,1.440005493E-1,4.559518433E-1,9.854756927E0,9.866350001E0
4.568858504E1,1.513352966E-1,4.968168640E-1,9.841883698E0,9.855577308E0
4.569861504E1,1.606159973E-1,5.144801331E-1,9.835147705E0,9.849904451E0
4.570864504E1,1.728904724E-1,5.129832458E-1,9.820178833E0,9.835087963E0
4.571867504E1,1.713935852E-1,5.177732849E-1,9.827962646E0,9.843084614E0
4.572870504E1,1.468446350E-1,5.156776428E-1,9.850865021E0,9.865446185E0
4.573873504E1,1.493893433E-1,5.105882263E-1,9.884994049E0,9.899299211E0
4.574876504E1,1.698966980E-1,5.089416504E-1,9.875713348E0,9.890278087E0
4.575879504E1,1.802252197E-1,5.089416504E-1,9.930798798E0,9.945464669E0
4.576882504E1,1.489402771E-1,5.102888489E-1,9.936636658E0,9.950845491E0
4.577885504E1,1.477427673E-1,5.120851135E-1,9.830207977E0,9.844645650E0
4.578888504E1,1.896556091E-1,4.965174866E-1,9.772727509E0,9.787170266E0
4.579891504E1,2.074685669E-1,4.897814941E-1,9.812694397E0,9.827100307E0
4.580894504E1,1.760339355E-1,4.550537109E-1,9.843679962E0,9.855764660E0
4.581897504E1,1.501377869E-1,4.538562012E-1,9.833052063E0,9.844665544E0
4.582900504E1,1.321751404E-1,4.430786133E-1,9.803713074E0,9.814610484E0
4.583903504E1,1.585203552E-1,4.266128540E-1,9.813742218E0,9.824289468E0
4.584906504E1,1.682501221E-1,4.218228149E-1,9.832303619E0,9.842786041E0
4.585909504E1,1.791773987E-1,4.222718811E-1,9.871971130E0,9.882622733E0
4.586912504E1,1.718426514E-1,4.183799744E-1,9.899064789E0,9.909392282E0
4.587915504E1,1.559756470E-1,4.119433594E-1,9.899962921E0,9.909757392E0
4.588918604E1,1.688488770E-1,4.249662781E-1,9.897717590E0,9.908275318E0
4.589921604E1,1.772314453E-1,4.281097412E-1,9.880353699E0,9.891212168E0
4.590924604E1,1.814227295E-1,4.397854614E-1,9.841883698E0,9.853375065E0
4.591927604E1,1.827699280E-1,4.339476013E-1,9.808503113E0,9.819798811E0
4.592930604E1,1.850152588E-1,4.445755005E-1,9.820029144E0,9.831828437E0
4.593933604E1,1.672023010E-1,4.330494690E-1,9.833052063E0,9.844003318E0
4.594936604E1,1.613644409E-1,4.074526978E-1,9.840985565E0,9.850738707E0
4.595939604E1,1.667532349E-1,3.936813354E-1,9.832153931E0,9.841445145E0
4.596942604E1,1.773811340E-1,3.885919189E-1,9.856852570E0,9.866104111E0
4.597945604E1,1.824705505E-1,3.712280273E-1,9.857750702E0,9.866425627E0
4.598948604E1,1.838177490E-1,3.668870544E-1,9.860744476E0,9.869279442E0
4.599951604E1,1.600172424E-1,3.682342529E-1,9.849667511E0,9.857847233E0
4.600954604E1,1.588197327E-1,3.833528137E-1,9.850715332E0,9.859451082E0
4.601957604E1,1.773811340E-1,3.876937866E-1,9.880802765E0,9.889996654E0
4.602960604E1,1.745370483E-1,3.668870544E-1,9.890981598E0,9.899322515E0
4.603963604E1,1.716929626E-1,3.805087280E-1,9.880952454E0,9.889766770E0
4.604966604E1,1.657054138E-1,3.782633972E-1,9.866881714E0,9.875520049E0
4.605969604E1,1.739382935E-1,3.872447205E-1,9.874515839E0,9.883636783E0
4.606972604E1,1.809736633E-1,3.839515686E-1,9.884245605E0,9.893355420E0
4.607975604E1,1.817221069E-1,3.878434753E-1,9.878707123E0,9.887987657E0
4.608978604E1,1.835183716E-1,3.935316467E-1,9.875863037E0,9.885404234E0
4.609981604E1,1.736389160E-1,3.911366272E-1,9.849517822E0,9.858810256E0
4.610984604E1,1.657054138E-1,3.945794678E-1,9.832004242E0,9.841313868E0
4.611987604E1,1.627116394E-1,3.809577942E-1,9.810449066E0,9.819191148E0
4.612990604E1,1.835183716E-1,3.695814514E-1,9.835147705E0,9.843800070E0
4.613993604E1,1.821711731E-1,3.700305176E-1,9.869127045E0,9.877741520E0
4.614996604E1,1.835183716E-1,3.504212952E-1,9.900861053E0,9.908759946E0
4.615999604E1,1.980381775E-1,3.417393494E-1,9.884694672E0,9.892582760E0
4.617002604E1,2.130070496E-1,3.167413330E-1,9.782756653E0,9.790200448E0
4.618005604E1,2.297721863E-1,2.996768188E-1,9.749974823E0,9.757284996E0
4.619008604E1,2.339634705E-1,2.850073242E-1,9.804012451E0,9.810944308E0
4.620011604E1,2.041754150E-1,2.746788025E-1,9.849218445E0,9.855163115E0
4.621014604E1,1.663041687E-1,2.703378296E-1,9.895621948E0,9.900710750E0
4.622017604E1,1.570234680E-1,2.676434326E-1,9.857002258E0,9.861885362E0
4.623020604E1,1.625619507E-1,2.788700867E-1,9.819879456E0,9.825183328E0
4.624023604E1,1.678010559E-1,2.978805542E-1,9.842781830E0,9.848717895E0
4.625026604E1,1.814227295E-1,3.234773254E-1,9.908195801E0,9.915134685E0
4.626029704E1,1.739382935E-1,3.577560425E-1,9.927056580E0,9.935023717E0
4.627032704E1,1.757345581E-1,3.787124634E-1,9.881700897E0,9.890516588E0
4.628035704E1,1.642085266E-1,3.869453430E-1,9.840536499E0,9.849510126E0
4.629038704E1,1.681004333E-1,3.873944092E-1,9.798174591E0,9.807270645E0
4.630041704E1,1.893562317E-1,3.743714905E-1,9.806706848E0,9.815676696E0
4.631044704E1,2.131567383E-1,3.495231628E-1,9.853260040E0,9.861761286E0
4.632047704E1,2.230361938E-1,2.983296204E-1,9.891280975E0,9.898292026E0
4.633050704E1,2.122586060E-1,2.787203979E-1,9.901459808E0,9.907655884E0
4.634053704E1,2.082170105E-1,2.396516418E-1,9.904902649E0,9.909989088E0
4.635056704E1,2.100132751E-1,2.332150269E-1,9.867031403E0,9.872021248E0
4.636059704E1,1.905537415E-1,2.270777893E-1,9.850865021E0,9.855324282E0
4.637062704E1,2.049238586E-1,2.245330811E-1,9.842482452E0,9.847175723E0
4.638065704E1,1.841171265E-1,2.368075562E-1,9.832602997E0,9.837177371E0
4.639068704E1,1.910028076E-1,2.555186462E-1,9.851463776E0,9.856627738E0
4.640071704E1,1.848655701E-1,2.709365845E-1,9.859247589E0,9.864701969E0
4.641074704E1,1.980381775E-1,2.764750671E-1,9.863887939E0,9.869748875E0
4.642077704E1,2.179467773E-1,3.065625000E-1,9.858948212E0,9.866120879E0
4.643080704E1,1.993853760E-1,3.100053406E-1,9.875713348E0,9.882589336E0
4.644083704E1,2.020797729E-1,3.088078308E-1,9.884395294E0,9.891282467E0
4.645086704E1,1.998344421E-1,3.138972473E-1,9.876312103E0,9.883319586E0
4.646089704E1,2.004331970E-1,3.291654968E-1,9.875863037E0,9.883379691E0
4.647092704E1,2.035766602E-1,3.132984924E-1,9.927954712E0,9.934982847E0
4.648095704E1,1.803749084E-1,3.164419556E-1,9.956844635E0,9.963504690E0
4.649098704E1,1.806742859E-1,3.222798157E-1,9.881102142E0,9.888007232E0
4.650101704E1,2.299218750E-1,3.073109436E-1,9.784702606E0,9.792226977E0
4.651104704E1,2.543211365E-1,2.936892700E-1,9.798923035E0,9.806621501E0
4.652107704E1,2.242337036E-1,2.659968567E-1,9.824370117E0,9.830528128E0
4.653110704E1,1.886077881E-1,2.502795410E-1,9.800569611E0,9.805578894E0
4.654113704E1,1.889071655E-1,2.362088013E-1,9.835297394E0,9.839946918E0
4.655116704E1,2.050735474E-1,2.366578674E-1,9.858050079E0,9.863022532E0
4.656119704E1,1.995350647E-1,2.426454163E-1,9.865534515E0,9.870535057E0
4.657122704E1,2.002835083E-1,2.531236267E-1,9.902807007E0,9.908065990E0
4.658125704E1,1.978884888E-1,2.412982178E-1,9.904453583E0,9.909368570E0
4.659128804E1,1.875599670E-1,2.640509033E-1,9.896520081E0,9.901818587E0
4.660131804E1,2.067201233E-1,2.701881409E-1,9.878557434E0,9.884413580E0
4.661134804E1,2.215393066E-1,2.812651062E-1,9.886640625E0,9.893121478E0
4.662137804E1,2.079176331E-1,2.731819153E-1,9.851314087E0,9.857294119E0
4.663140804E1,2.038760376E-1,2.722837830E-1,9.836045837E0,9.841925707E0
4.664143804E1,1.947450256E-1,2.719844055E-1,9.819879456E0,9.825575488E0
4.665146829E1,1.932481384E-1,2.655477905E-1,9.826765137E0,9.832251702E0
4.666149829E1,1.995350647E-1,2.508782959E-1,9.854607239E0,9.859819369E0
4.667152829E1,1.926493835E-1,2.415975952E-1,9.879305878E0,9.884137181E0
4.668155829E1,1.944456482E-1,2.267784119E-1,9.876461792E0,9.880978448E0
4.669158829E1,2.174977112E-1,2.177970886E-1,9.863289185E0,9.868090715E0
4.670161829E1,2.154020691E-1,2.219883728E-1,9.855056305E0,9.859909313E0
4.671164829E1,2.007325745E-1,2.390528870E-1,9.842033386E0,9.846982331E0
4.672167829E1,2.037263489E-1,2.423460388E-1,9.854906616E0,9.859990895E0
4.673170829E1,1.957928467E-1,2.420466614E-1,9.852661285E0,9.857578599E0
4.674173829E1,1.785786438E-1,2.351609802E-1,9.854457550E0,9.858880495E0
4.675176829E1,1.883084106E-1,2.332150269E-1,9.844578094E0,9.849140428E0
4.676179829E1,1.739382935E-1,2.225871277E-1,9.855056305E0,9.859104134E0
4.677182829E1,2.014810181E-1,2.321672058E-1,9.895921326E0,9.900694677E0
4.678185829E1,1.868115234E-1,2.529739380E-1,9.900711365E0,9.905704411E0
4.679188829E1,1.824705505E-1,2.640509033E-1,9.885892181E0,9.891101183E0
4.680191829E1,1.947450256E-1,2.558180237E-1,9.849068756E0,9.854314986E0
4.681194829E1,1.927990723E-1,2.520758057E-1,9.856104126E0,9.861212006E0
4.682197829E1,1.930984497E-1,2.606080627E-1,9.857750702E0,9.863085343E0
4.683200829E1,1.892065430E-1,2.444416809E-1,9.874964905E0,9.879801755E0
4.684203829E1,2.041754150E-1,2.460882568E-1,9.851314087E0,9.856502233E0
4.685206829E1,1.826202393E-1,2.402503967E-1,9.829160156E0,9.833791730E0
4.686209829E1,1.818717957E-1,2.516267395E-1,9.811347198E0,9.816258310E0
4.687212829E1,1.790277100E-1,2.285746765E-1,9.811197510E0,9.815492544E0
4.688215829E1,1.923500061E-1,2.164498901E-1,9.880952454E0,9.885194508E0
4.689218929E1,1.960922241E-1,2.028282166E-1,9.901010742E0,9.905029286E0
4.690221929E1,1.826202393E-1,2.134561157E-1,9.912836151E0,9.916815730E0
4.691224929E1,1.944456482E-1,1.966909790E-1,9.891430664E0,9.895296713E0
4.692227929E1,2.171983337E-1,1.993853760E-1,9.757309570E0,9.761763145E0
4.693230929E1,2.276765442E-1,2.062710571E-1,9.755812683E0,9.760648824E0
4.694233929E1,2.173480225E-1,1.956431580E-1,9.822873230E0,9.827225188E0
4.695236929E1,1.950444031E-1,1.752854919E-1,9.824519806E0,9.828018963E0
4.696239929E1,1.612147522E-1,1.628613281E-1,9.863887939E0,9.866549513E0
4.697242929E1,1.362167358E-1,1.681004333E-1,9.829010468E0,9.831391536E0
4.698245929E1,1.556762695E-1,1.782792664E-1,9.792935486E0,9.795795222E0
4.699248929E1,1.589694214E-1,1.969903564E-1,9.846224670E0,9.849477993E0
4.700251929E1,1.736389160E-1,2.411485291E-1,9.929002533E0,9.933448263E0
4.701254929E1,1.889071655E-1,2.700384521E-1,9.933493195E0,9.938958383E0
4.702257929E1,1.776805115E-1,2.969824219E-1,9.900112610E0,9.906159630E0
4.703260929E1,1.769320679E-1,3.335064697E-1,9.842931519E0,9.850169156E0
4.704263929E1,2.007325745E-1,3.279679871E-1,9.797875214E0,9.805417649E0
4.705266929E1,1.907034302E-1,3.195854187E-1,9.817484436E0,9.824535780E0
4.706269929E1,2.019300842E-1,2.797682190E-1,9.853559418E0,9.859598329E0
4.707272929E1,2.263293457E-1,2.351609802E-1,9.895322571E0,9.900703735E0
4.708275929E1,1.998344421E-1,1.884580994E-1,9.896220703E0,9.900032044E0
4.709278929E1,2.056723022E-1,1.438508606E-1,9.898016968E0,9.901198617E0
4.710281929E1,2.091151428E-1,1.456471252E-1,9.877509613E0,9.880796445E0
4.711284929E1,1.974394226E-1,1.187031555E-1,9.875713348E0,9.878400017E0
4.712287929E1,1.889071655E-1,1.444496155E-1,9.856403503E0,9.859271861E0
4.713290929E1,1.770817566E-1,1.775308228E-1,9.839338989E0,9.842533560E0
4.714293929E1,1.936972046E-1,2.186952209E-1,9.855655060E0,9.859983918E0
4.715296929E1,2.047741699E-1,2.401007080E-1,9.840087433E0,9.845146088E0
4.716300029E1,2.095642090E-1,2.622546387E-1,9.838141479E0,9.843867249E0
4.717303029E1,2.046244812E-1,2.796185303E-1,9.870174866E0,9.876254836E0
4.718306029E1,2.125579834E-1,2.782713318E-1,9.868528290E0,9.874738803E0
4.719309029E1,2.037263489E-1,2.812651062E-1,9.863289185E0,9.869401604E0
4.720312029E1,1.990859985E-1,3.013233948E-1,9.889933777E0,9.896525710E0
4.721315029E1,2.001338196E-1,3.070115662E-1,9.862540741E0,9.869347472E0
4.722318029E1,2.077679443E-1,3.195854187E-1,9.882449341E0,9.889798144E0
4.723321029E1,1.848655701E-1,3.122506714E-1,9.949360199E0,9.955975298E0
4.724324029E1,1.872605896E-1,3.140469360E-1,9.919422455E0,9.926159068E0
4.725327029E1,2.176473999E-1,3.011737061E-1,9.835596771E0,9.842613466E0
4.726330029E1,2.471360779E-1,2.959346008E-1,9.793683929E0,9.801270246E0
4.727333029E1,2.305206299E-1,2.758763123E-1,9.807006226E0,9.813593562E0
4.728336029E1,2.065704346E-1,2.535726929E-1,9.790091400E0,9.795553077E0
4.729339029E1,1.808239746E-1,2.406994629E-1,9.810449066E0,9.815067214E0
4.730342029E1,1.960922241E-1,2.258802795E-1,9.846823425E0,9.851365673E0
4.731345029E1,1.983375549E-1,2.191442871E-1,9.871671753E0,9.876095646E0
4.732348029E1,2.023791504E-1,2.186952209E-1,9.887389069E0,9.891877856E0
4.733351029E1,1.933978271E-1,2.336640930E-1,9.907746735E0,9.912388561E0
4.734354029E1,1.868115234E-1,2.601589966E-1,9.867330780E0,9.872527436E0
4.735357029E1,1.859133911E-1,2.800675964E-1,9.853709106E0,9.859441404E0
4.736360029E1,1.812730408E-1,3.052153015E-1,9.845476227E0,9.851873854E0
4.737363029E1,1.975891113E-1,3.158432007E-1,9.832153931E0,9.839209790E0
4.738366029E1,2.122586060E-1,3.064128113E-1,9.829459534E0,9.836524653E0
4.739369029E1,2.082170105E-1,3.221301270E-1,9.811496887E0,9.818991461E0
4.740372029E1,2.020797729E-1,3.260220337E-1,9.821376343E0,9.828863610E0
4.741375029E1,1.878593445E-1,3.046165466E-1,9.847422180E0,9.853923379E0
4.742378129E1,1.951940918E-1,3.058140564E-1,9.869426422E0,9.876092389E0
4.743381129E1,1.965412903E-1,3.043171692E-1,9.887089691E0,9.893724272E0
4.744384129E1,1.999841309E-1,3.112028503E-1,9.887239380E0,9.894157034E0
4.745387129E1,2.041754150E-1,3.297642517E-1,9.877359924E0,9.884971985E0
4.746390129E1,1.922003174E-1,3.469784546E-1,9.850415955E0,9.858398931E0
4.747393129E1,1.839674377E-1,3.498225403E-1,9.849517822E0,9.857444961E0
4.748396129E1,1.856140137E-1,3.534150696E-1,9.844428406E0,9.852518734E0
4.749399129E1,1.919009399E-1,3.454815674E-1,9.855655060E0,9.863575424E0
4.750402129E1,1.890568542E-1,3.478765869E-1,9.867630157E0,9.875570137E0
4.751405129E1,1.797761536E-1,3.580554199E-1,9.865384827E0,9.873517151E0
4.752408129E1,1.865121460E-1,3.541635132E-1,9.872120819E0,9.880232186E0
4.753411129E1,1.904040527E-1,3.589535522E-1,9.854158173E0,9.862531858E0
4.754414129E1,1.823208618E-1,3.725752258E-1,9.839488678E0,9.848227792E0
4.755417129E1,1.719923401E-1,3.861968994E-1,9.859996033E0,9.869055232E0
4.756420129E1,1.775308228E-1,4.032614136E-1,9.846973114E0,9.856825882E0
4.757423129E1,1.779798889E-1,4.249662781E-1,9.838141479E0,9.848923847E0
4.758426129E1,1.736389160E-1,4.215234375E-1,9.843829651E0,9.854380482E0
4.759429129E1,1.815724182E-1,4.239184570E-1,9.842033386E0,9.852831906E0
4.760432129E1,1.811233521E-1,4.282594299E-1,9.852212219E0,9.863178870E0
4.761435129E1,1.839674377E-1,4.294569397E-1,9.857750702E0,9.868815845E0
4.762438129E1,1.778302002E-1,4.264631653E-1,9.863738251E0,9.874554506E0
4.763441129E1,1.787283325E-1,4.152365112E-1,9.860445099E0,9.870802537E0
4.764444129E1,1.797761536E-1,4.225712585E-1,9.847272491E0,9.857974511E0
4.765447092E1,1.597178650E-1,4.236190796E-1,9.839338989E0,9.849748965E0
4.766450192E1,1.589694214E-1,4.450245667E-1,9.841284943E0,9.852624395E0
4.767453192E1,1.648072815E-1,4.412823486E-1,9.857151947E0,9.868400887E0
4.768456192E1,1.574725342E-1,4.486170959E-1,9.885742493E0,9.897169268E0
4.769459192E1,1.510359192E-1,4.689747620E-1,9.886790314E0,9.899059141E0
4.770462192E1,1.463955688E-1,4.799020386E-1,9.865235138E0,9.877985724E0
4.771465192E1,1.519340515E-1,4.902305603E-1,9.849218445E0,9.862581504E0
4.772468192E1,1.534309387E-1,5.051994324E-1,9.855505371E0,9.869637969E0
4.773471192E1,1.481918335E-1,4.927752686E-1,9.889035645E0,9.902414567E0
4.774474192E1,1.501377869E-1,5.047503662E-1,9.877359924E0,9.891387838E0
4.775477192E1,1.475930786E-1,5.161267090E-1,9.858648834E0,9.873253128E0
4.776480192E1,1.323248291E-1,5.090913391E-1,9.816885681E0,9.830967823E0
4.777483192E1,1.330732727E-1,5.066963196E-1,9.792037354E0,9.806041260E0
4.778486192E1,1.380130005E-1,5.173242188E-1,9.804162140E0,9.818771166E0
4.779489192E1,1.450483704E-1,5.068460083E-1,9.870623932E0,9.884692646E0
4.780492192E1,1.447489929E-1,4.993615723E-1,9.885892181E0,9.899554458E0
4.781495192E1,1.425036621E-1,5.022056580E-1,9.854158173E0,9.867976039E0
4.782498192E1,1.670526123E-1,5.035528564E-1,9.785451050E0,9.799822667E0
4.783501192E1,1.830693054E-1,5.066963196E-1,9.778415680E0,9.793246078E0
4.784504192E1,1.838177490E-1,4.923262024E-1,9.842931519E0,9.856950590E0
4.785507192E1,1.525328064E-1,5.050497437E-1,9.836943970E0,9.851081573E0
4.786510192E1,1.257385254E-1,4.933740234E-1,9.815239105E0,9.828435623E0
4.787513192E1,1.284329224E-1,4.956193542E-1,9.755962372E0,9.769387666E0
4.788516292E1,1.377136230E-1,5.113366699E-1,9.776918793E0,9.791249732E0
4.789519292E1,1.399589539E-1,5.195695496E-1,9.876012726E0,9.890660665E0
4.790522292E1,1.380130005E-1,5.357359314E-1,9.966574402E0,9.981916944E0
4.791525292E1,1.131646729E-1,5.724096680E-1,9.974956970E0,9.992008088E0
4.792528292E1,9.804611206E-2,6.203100586E-1,9.893226929E0,9.913139597E0
4.793531292E1,1.311273193E-1,6.530918884E-1,9.812095642E0,9.834680690E0
4.794534292E1,1.534309387E-1,6.780899048E-1,9.785301361E0,9.809967875E0
4.795537292E1,1.727407837E-1,6.837780762E-1,9.795330505E0,9.820686918E0
4.796540292E1,1.739382935E-1,6.709048462E-1,9.841135254E0,9.865511184E0
4.797543292E1,1.796264648E-1,6.468049622E-1,9.859546967E0,9.882372626E0
4.798546292E1,1.904040527E-1,6.255491638E-1,9.871671753E0,9.893304234E0
4.799549292E1,1.806742859E-1,6.077362061E-1,9.884395294E0,9.904708821E0
4.800552292E1,1.688488770E-1,5.902226257E-1,9.880204010E0,9.899257748E0
4.801555292E1,1.625619507E-1,5.721102905E-1,9.879006500E0,9.896893755E0
4.802558292E1,1.516346741E-1,5.682183838E-1,9.874366150E0,9.891863933E0
4.803561292E1,1.393601990E-1,5.837860107E-1,9.840686188E0,9.858972158E0
4.804564292E1,1.423539734E-1,6.102809143E-1,9.837991791E0,9.857930306E0
4.805567292E1,1.395098877E-1,6.195616150E-1,9.816885681E0,9.837406370E0
4.806570292E1,1.526824951E-1,6.611750793E-1,9.822274475E0,9.845686380E0
4.807573292E1,1.550775146E-1,6.731501770E-1,9.837991791E0,9.862213883E0
4.808576292E1,1.416055298E-1,6.873706055E-1,9.845775604E0,9.870756188E0
4.809579392E1,1.359173584E-1,7.114704895E-1,9.847871246E0,9.874473752E0
4.810582392E1,1.410067749E-1,7.203021240E-1,9.843679962E0,9.871005686E0
4.811585392E1,1.525328064E-1,7.138655090E-1,9.859996033E0,9.886980934E0
4.812588392E1,1.636097717E-1,7.244934082E-1,9.836494904E0,9.864496482E0
4.813591392E1,1.567240906E-1,7.381150818E-1,9.837991791E0,9.866886986E0
4.814594392E1,1.380130005E-1,7.399113464E-1,9.895771637E0,9.924354522E0
4.815597392E1,1.302291870E-1,7.405101013E-1,9.905800781E0,9.934294337E0
4.816600392E1,1.528321838E-1,7.429051208E-1,9.828112335E0,9.857335227E0
4.817603392E1,1.772314453E-1,7.491920471E-1,9.740694122E0,9.771070652E0
4.818606392E1,1.703457642E-1,7.447013855E-1,9.721833344E0,9.751801956E0
4.819609392E1,1.435514832E-1,7.168592834E-1,9.775571594E0,9.802871735E0
4.820612392E1,1.224453735E-1,7.101232910E-1,9.826914825E0,9.853300104E0
4.821615392E1,1.275347900E-1,6.932084656E-1,9.872869263E0,9.897997301E0
4.822618392E1,1.333726501E-1,6.846762085E-1,9.865384827E0,9.890014538E0
4.823621392E1,1.299298096E-1,7.075785828E-1,9.879754944E0,9.905912727E0
4.824624392E1,1.374142456E-1,7.268884277E-1,9.890831909E0,9.918457809E0
4.825627392E1,1.353186035E-1,7.448510742E-1,9.867630157E0,9.896627667E0
4.826630392E1,1.357676697E-1,7.595205688E-1,9.844428406E0,9.874617714E0
4.827633392E1,1.287322998E-1,7.765850830E-1,9.818382568E0,9.849887951E0
4.828636492E1,1.374142456E-1,8.125103760E-1,9.798623657E0,9.833213176E0
4.829639492E1,1.324745178E-1,8.096662903E-1,9.815837860E0,9.850065071E0
4.830642492E1,1.507365417E-1,8.009843445E-1,9.822873230E0,9.856629034E0
4.831645492E1,1.419049072E-1,7.955955505E-1,9.802365875E0,9.835623317E0
4.832648492E1,1.187031555E-1,7.782316589E-1,9.826465759E0,9.857949293E0
4.833651492E1,1.116677856E-1,7.857160950E-1,9.855205994E0,9.887108003E0
4.834654492E1,1.041833496E-1,7.670050049E-1,9.855954437E0,9.886303086E0
4.835657492E1,1.181044006E-1,7.607180786E-1,9.848919067E0,9.878959836E0
4.836660492E1,1.264869690E-1,7.863148499E-1,9.844578094E0,9.876740751E0
4.837663492E1,1.273851013E-1,7.984396362E-1,9.821825409E0,9.855048817E0
4.838666492E1,1.326242065E-1,8.009843445E-1,9.809850311E0,9.843390078E0
4.839669492E1,1.173559570E-1,8.104147339E-1,9.825717316E0,9.859780182E0
4.840672492E1,1.115180969E-1,8.173004150E-1,9.848020935E0,9.882506392E0
4.841675492E1,1.076261902E-1,8.033793640E-1,9.851912842E0,9.885200476E0
4.842678492E1,1.179547119E-1,8.306227112E-1,9.834548950E0,9.870268510E0
4.843681492E1,1.067280579E-1,8.279283142E-1,9.836794281E0,9.872151635E0
4.844684492E1,1.188528442E-1,8.370593262E-1,9.831854553E0,9.868138541E0
4.845687492E1,1.212478638E-1,8.343649292E-1,9.859546967E0,9.895530924E0
4.846690592E1,1.049317932E-1,8.282276917E-1,9.838889923E0,9.874245627E0
4.847693592E1,9.714797974E-2,8.586145020E-1,9.824370117E0,9.862297136E0
4.848696592E1,1.020877075E-1,8.581654358E-1,9.824519806E0,9.862457059E0
4.849699592E1,1.154100037E-1,8.490344238E-1,9.826166382E0,9.863453994E0
4.850702592E1,1.017883301E-1,8.607101440E-1,9.815239105E0,9.853430951E0
4.851705592E1,1.097218323E-1,8.707392883E-1,9.827962646E0,9.867070263E0
4.852708592E1,1.100212097E-1,8.554710388E-1,9.825118561E0,9.862904750E0
4.853711592E1,9.864486694E-2,8.553213501E-1,9.828411713E0,9.866052008E0
4.854714592E1,9.505233765E-2,8.611592102E-1,9.838291168E0,9.876365893E0
4.855717592E1,1.103205872E-1,8.695417786E-1,9.829309845E0,9.868313208E0
4.856720592E1,1.005908203E-1,8.605604553E-1,9.838740234E0,9.876815894E0
4.857723592E1,9.325607300E-2,8.644523621E-1,9.838141479E0,9.876487349E0
4.858726592E1,9.879455566E-2,8.816665649E-1,9.838889923E0,9.878808188E0
4.859729592E1,8.951385498E-2,8.770262146E-1,9.823921051E0,9.863397616E0
4.860732592E1,8.562194824E-2,8.753796387E-1,9.815538483E0,9.854867647E0
4.861735592E1,8.622070312E-2,8.813671875E-1,9.824968872E0,9.864798805E0
4.862738592E1,7.738906860E-2,8.810678101E-1,9.818382568E0,9.858139064E0
4.863741592E1,8.517288208E-2,8.816665649E-1,9.825717316E0,9.865561875E0
4.864744692E1,8.711883545E-2,8.839118958E-1,9.843530273E0,9.883520535E0
4.865747692E1,9.145980835E-2,8.863069153E-1,9.829609222E0,9.869909944E0
4.866750692E1,7.948471069E-2,8.831634521E-1,9.827064514E0,9.866990041E0
4.867753692E1,8.726852417E-2,8.888516235E-1,9.831106110E0,9.871591581E0
4.868756692E1,8.936416626E-2,8.948391724E-1,9.817185059E0,9.858288166E0
4.869759692E1,8.801696777E-2,9.032217407E-1,9.825417938E0,9.867238426E0
4.870762692E1,8.487350464E-2,8.996292114E-1,9.815239105E0,9.856746670E0
4.871765692E1,7.065307617E-2,9.026229858E-1,9.820777588E0,9.862423259E0
4.872768692E1,7.035369873E-2,9.041198730E-1,9.822723541E0,9.864495940E0
4.873771692E1,7.798782349E-2,9.138496399E-1,9.824819183E0,9.867536433E0
4.874774692E1,7.259902954E-2,9.071136475E-1,9.844278717E0,9.886250515E0
4.875777692E1,7.514373779E-2,9.054670715E-1,9.828561401E0,9.870467893E0
4.876780692E1,6.107299805E-2,9.217831421E-1,9.818382568E0,9.861746819E0
4.877783692E1,6.706054688E-2,9.219328308E-1,9.810149689E0,9.853603106E0
4.878786692E1,6.765930176E-2,9.303153992E-1,9.839338989E0,9.883453661E0
4.879789692E1,7.858657837E-2,9.369017029E-1,9.848619690E0,9.893395294E0
4.880792692E1,7.289840698E-2,9.389973450E-1,9.835896149E0,9.880884740E0
4.881795792E1,5.942642212E-2,9.569599915E-1,9.791438599E0,9.838270872E0
4.882798792E1,4.730163574E-2,9.395960999E-1,9.762848053E0,9.808072205E0
4.883801792E1,4.266128540E-2,9.427395630E-1,9.792486420E0,9.837853839E0
4.884804792E1,6.436614990E-2,9.445358276E-1,9.848320312E0,9.893720428E0
4.885807792E1,7.005432129E-2,9.352551270E-1,9.856104126E0,9.900626157E0
4.886810792E1,8.352630615E-2,9.337582397E-1,9.815388794E0,9.860057721E0
4.887813792E1,1.101708984E-1,9.357041931E-1,9.799222412E0,9.844411605E0
4.888816792E1,1.209484863E-1,9.253756714E-1,9.820927277E0,9.865169093E0
4.889819792E1,1.064286804E-1,9.271719360E-1,9.854457550E0,9.898550827E0
4.890822792E1,7.484436035E-2,9.210346985E-1,9.823172607E0,9.866540765E0
4.891825792E1,7.170089722E-2,9.095086670E-1,9.708211670E0,9.750985635E0
4.892828792E1,7.274871826E-2,9.165440369E-1,9.645641785E0,9.689362765E0
4.893831792E1,8.502319336E-2,9.087602234E-1,9.708960114E0,9.751768074E0
4.894834792E1,6.855743408E-2,9.151968384E-1,9.846973114E0,9.889649381E0
4.895837792E1,5.029541016E-2,9.297166443E-1,9.959688721E0,1.000311462E1
4.896840792E1,3.951782227E-2,9.514215088E-1,9.965975647E0,1.001136530E1
4.897843792E1,5.209167480E-2,9.958790588E-1,9.879455566E0,9.929659155E0
4.898846892E1,5.897735596E-2,1.026565247E0,9.809251556E0,9.862998055E0
4.899849892E1,9.116043091E-2,1.062789917E0,9.776769104E0,9.834787580E0
4.900852892E1,1.043330383E-1,1.062041473E0,9.792636108E0,9.850611119E0
4.901855892E1,1.095721436E-1,1.046773224E0,9.800120544E0,9.856475177E0
4.902858892E1,1.143621826E-1,1.035097504E0,9.784552917E0,9.839816124E0
4.903861892E1,1.167572021E-1,1.001716919E0,9.795629883E0,9.847407468E0
4.904864892E1,1.133143616E-1,9.761201477E-1,9.850266266E0,9.899161389E0
4.905867892E1,1.044827271E-1,9.574090576E-1,9.873168640E0,9.920030632E0
4.906870892E1,9.071136475E-2,9.256750488E-1,9.872719574E0,9.916435581E0
4.907873892E1,7.828720093E-2,9.180409241E-1,9.874066772E0,9.916961362E0
4.908876892E1,8.292755127E-2,9.312135315E-1,9.833950195E0,9.878289936E0
4.909879892E1,8.532257080E-2,9.487271118E-1,9.775571594E0,9.821871668E0
4.910882892E1,9.669891357E-2,9.707313538E-1,9.764045563E0,9.812657937E0
4.911885892E1,8.637039185E-2,9.969268799E-1,9.759704590E0,9.810869316E0
4.912888892E1,9.190887451E-2,1.016386414E0,9.775272217E0,9.828399437E0
4.913891892E1,9.160949707E-2,1.015637970E0,9.820328522E0,9.873133498E0
4.914894992E1,9.011260986E-2,1.032852173E0,9.850565643E0,9.904975890E0
4.915897992E1,8.442443848E-2,1.034349060E0,9.867330780E0,9.921754995E0
4.916900992E1,1.031355286E-1,1.039438477E0,9.866282959E0,9.921421708E0
4.917903992E1,1.188528442E-1,1.032103729E0,9.838590546E0,9.893292072E0
4.918906992E1,1.134640503E-1,1.044228516E0,9.828860779E0,9.884826326E0
4.919909992E1,6.586303711E-2,1.052461395E0,9.870174866E0,9.926347002E0
4.920912992E1,6.661148071E-2,1.049317932E0,9.871372375E0,9.927209970E0
4.921915992E1,1.041833496E-1,1.048120422E0,9.788145447E0,9.844653467E0
4.922918992E1,1.122665405E-1,1.037193146E0,9.697134705E0,9.753091555E0
4.923921992E1,1.017883301E-1,1.041983185E0,9.691296844E0,9.747683025E0
4.924924992E1,8.128097534E-2,1.010249176E0,9.746531982E0,9.799086472E0
4.925927992E1,6.406677246E-2,9.876461792E-1,9.823771362E0,9.873501573E0
4.926930992E1,7.424560547E-2,9.689350891E-1,9.856253815E0,9.904043966E0
4.927933992E1,8.457412720E-2,9.605525208E-1,9.876012726E0,9.922975425E0
4.928936992E1,9.909393311E-2,9.693841553E-1,9.865534515E0,9.913541069E0
4.929939992E1,8.382568359E-2,9.815089417E-1,9.853260040E0,9.902379510E0
4.930942992E1,8.008346558E-2,1.010698242E0,9.840237122E0,9.892329903E0
4.931946092E1,7.694000244E-2,1.026265869E0,9.796378326E0,9.850287798E0
4.932949092E1,7.828720093E-2,1.038989410E0,9.756112061E0,9.811592655E0
4.933952092E1,8.996292114E-2,1.047970734E0,9.798324280E0,9.854617937E0
4.934955092E1,7.903564453E-2,1.034498749E0,9.817484436E0,9.872154524E0
4.935958092E1,8.846603394E-2,1.028511200E0,9.836195526E0,9.890217589E0
4.936961092E1,8.113128662E-2,9.993218994E-1,9.814939728E0,9.866015832E0
4.937964092E1,7.110214233E-2,1.000220032E0,9.823022919E0,9.874070837E0
4.938967092E1,7.214996338E-2,9.999206543E-1,9.804162140E0,9.855284988E0
4.939970092E1,5.673202515E-2,9.967771912E-1,9.810449066E0,9.861120330E0
4.940973092E1,6.571334839E-2,1.003513184E0,9.824968872E0,9.876303473E0
4.941976092E1,7.394622803E-2,1.006806335E0,9.813293152E0,9.865082338E0
4.942979092E1,7.903564453E-2,1.016087036E0,9.793983307E0,9.846866939E0
4.943982092E1,8.262817383E-2,1.014590149E0,9.797725525E0,9.850464255E0
4.944985092E1,7.738906860E-2,1.023272095E0,9.816735992E0,9.870226968E0
4.945988092E1,7.289840698E-2,1.019978943E0,9.830657043E0,9.883698150E0
4.946991092E1,8.756790161E-2,1.012344818E0,9.823322296E0,9.875736484E0
4.947994192E1,8.517288208E-2,1.007105713E0,9.824070740E0,9.875924374E0
4.948997192E1,7.679031372E-2,1.008303223E0,9.811047821E0,9.863023446E0
4.950000192E1,7.604187012E-2,1.013392639E0,9.807455292E0,9.859965837E0
4.951003192E1,7.783813477E-2,1.021326141E0,9.807754669E0,9.861096162E0
4.952006192E1,7.200027466E-2,1.018182678E0,9.824669495E0,9.877550844E0
4.953009192E1,8.741821289E-2,1.025667114E0,9.827962646E0,9.881724786E0
4.954012192E1,7.664062500E-2,1.027014313E0,9.815388794E0,9.869269951E0
4.955015192E1,7.469467163E-2,1.029409332E0,9.816735992E0,9.870844362E0
4.956018192E1,6.900650024E-2,1.034947815E0,9.813891907E0,9.868553756E0
4.957021192E1,6.301895142E-2,1.022673340E0,9.816137238E0,9.869467180E0
4.958024192E1,6.915618896E-2,1.019529877E0,9.804910583E0,9.858016804E0
4.959027192E1,6.840774536E-2,1.022972717E0,9.797426147E0,9.850924419E0
4.960030192E1,6.451583862E-2,1.015188904E0,9.823172607E0,9.875702045E0
4.961033192E1,5.897735596E-2,1.017883301E0,9.811646576E0,9.864480385E0
4.962036192E1,5.658233643E-2,1.020577698E0,9.810149689E0,9.863255918E0
4.963039292E1,5.328918457E-2,1.013692017E0,9.797725525E0,9.850169374E0
4.964042292E1,5.763015747E-2,1.025667114E0,9.802964630E0,9.856643942E0
4.965045292E1,7.918533325E-2,1.028810577E0,9.820478210E0,9.874538663E0
4.966048279E1,6.541397095E-2,1.023122406E0,9.832752686E0,9.886055018E0
4.967051279E1,5.658233643E-2,1.019080811E0,9.810748444E0,9.863696684E0
4.968054279E1,6.840774536E-2,1.020877075E0,9.803563385E0,9.856811080E0
4.969057279E1,5.523513794E-2,1.022224274E0,9.793534241E0,9.846893231E0
4.970060279E1,4.969665527E-2,1.022224274E0,9.780361633E0,9.833762551E0
4.971063279E1,6.242019653E-2,1.016985168E0,9.804012451E0,9.856815675E0
4.972066279E1,6.706054688E-2,1.007854156E0,9.807155914E0,9.859035158E0
4.973069279E1,5.448669434E-2,1.009201355E0,9.837093658E0,9.888875963E0
4.974072279E1,4.999603271E-2,1.019230499E0,9.844428406E0,9.897176418E0
4.975075279E1,3.876937866E-2,1.014141083E0,9.802515564E0,9.854912307E0
4.976078279E1,4.610412598E-2,1.037941589E0,9.805509338E0,9.860398659E0
4.977081279E1,6.107299805E-2,1.028960266E0,9.834249573E0,9.888121854E0
4.978084379E1,4.595443726E-2,1.037342834E0,9.818083191E0,9.872838979E0
4.979087379E1,5.313949585E-2,1.049168243E0,9.818382568E0,9.874422214E0
4.980090379E1,3.532653809E-2,1.057550812E0,9.771979065E0,9.829101512E0
4.981093379E1,2.514770508E-2,1.040785675E0,9.750423889E0,9.805846891E0
4.982096379E1,5.478607178E-2,1.040336609E0,9.792935486E0,9.848192078E0
4.983099379E1,5.194198608E-2,1.024170227E0,9.846374359E0,9.899631844E0
4.984102379E1,5.239105225E-2,1.011296997E0,9.842033386E0,9.893992501E0
4.985105379E1,7.185058594E-2,1.005608826E0,9.789792023E0,9.841566921E0
4.986108379E1,9.969268799E-2,1.009650421E0,9.769134979E0,9.821676580E0
4.987111379E1,1.071771240E-1,1.008003845E0,9.815089417E0,9.867296435E0
4.988114379E1,7.963439941E-2,9.954299927E-1,9.823322296E0,9.873949739E0
4.989117379E1,6.047424316E-2,9.973759460E-1,9.788594513E0,9.839461289E0
4.990120379E1,5.403762817E-2,1.002914429E0,9.731862488E0,9.783552775E0
4.991123379E1,6.122268677E-2,1.001267853E0,9.678423615E0,9.730270767E0
4.992126379E1,5.837860107E-2,1.006956024E0,9.697434082E0,9.749748523E0
4.993129479E1,5.493576050E-2,9.963281250E-1,9.835147705E0,9.885636957E0
4.994132479E1,4.355941772E-2,1.003962250E0,9.992470551E0,1.004287336E1
4.995135479E1,3.981719971E-2,1.037193146E0,9.985285492E0,1.003908768E1
4.996138479E1,5.014572144E-2,1.074615326E0,9.866732025E0,9.925205970E0
4.997141479E1,5.014572144E-2,1.118174744E0,9.762997742E0,9.826950405E0
4.998144479E1,6.526428223E-2,1.125210114E0,9.744885406E0,9.809849582E0
4.999147479E1,8.113128662E-2,1.123563538E0,9.772128754E0,9.836842872E0
5.000150479E1,9.190887451E-2,1.106798401E0,9.806257782E0,9.868948355E0
5.001153479E1,9.894424438E-2,1.072220306E0,9.802964630E0,9.861924857E0
5.002156479E1,1.080752563E-1,1.046473846E0,9.808503113E0,9.864761583E0
5.003159479E1,1.056802368E-1,1.032103729E0,9.831405487E0,9.885997181E0
5.004162479E1,8.532257080E-2,1.001716919E0,9.844578094E0,9.895778625E0
5.005165479E1,7.783813477E-2,9.804611206E-1,9.855355682E0,9.904312112E0
5.006168479E1,6.077362061E-2,9.732760620E-1,9.871222687E0,9.919274019E0
5.007171579E1,7.200027466E-2,9.963281250E-1,9.832453308E0,9.883065912E0
5.008174579E1,7.454498291E-2,1.015039215E0,9.803862762E0,9.856550443E0
5.009177579E1,8.517288208E-2,1.036145325E0,9.784852295E0,9.839928149E0
5.010180579E1,8.741821289E-2,1.058748322E0,9.778116302E0,9.835656988E0
5.011183579E1,8.247848511E-2,1.073567505E0,9.808952179E0,9.867871743E0
5.012186579E1,8.367599487E-2,1.069825287E0,9.810299377E0,9.868814604E0
5.013189579E1,9.310638428E-2,1.084195404E0,9.812395020E0,9.872550050E0
5.014192579E1,7.843688965E-2,1.084494781E0,9.834848328E0,9.894772504E0
5.015195579E1,8.457412720E-2,1.076860657E0,9.820328522E0,9.879556363E0
5.016198579E1,9.595046997E-2,1.099164276E0,9.809401245E0,9.871257336E0
5.017201579E1,9.520202637E-2,1.092877350E0,9.844129028E0,9.905065404E0
5.018204579E1,5.239105225E-2,1.107397156E0,9.859846344E0,9.921977787E0
5.019207579E1,5.089416504E-2,1.107247467E0,9.840536499E0,9.902764551E0
5.020210579E1,9.235794067E-2,1.087189178E0,9.782157898E0,9.842820909E0
5.021213579E1,1.143621826E-1,1.083297272E0,9.723330231E0,9.784158751E0
5.022216679E1,9.654922485E-2,1.076710968E0,9.676327972E0,9.736526654E0
5.023219679E1,6.765930176E-2,1.044228516E0,9.734257507E0,9.790340147E0
5.024222679E1,5.598358154E-2,1.025068359E0,9.826615448E0,9.880094659E0
5.025225679E1,4.969665527E-2,1.010099487E0,9.873468018E0,9.925126771E0
5.026228679E1,8.307723999E-2,1.011446686E0,9.847871246E0,9.900024965E0
5.027231679E1,8.068222046E-2,1.019230499E0,9.842033386E0,9.894996797E0
5.028234679E1,7.649093628E-2,1.036594391E0,9.827064514E0,9.881881185E0
5.029237679E1,6.062393188E-2,1.058299255E0,9.821226654E0,9.878267336E0
5.030240679E1,6.706054688E-2,1.070873108E0,9.780810699E0,9.839488008E0
5.031243679E1,6.646179199E-2,1.083896027E0,9.762698364E0,9.822908282E0
5.032246679E1,7.125183105E-2,1.073567505E0,9.799521790E0,9.858410182E0
5.033249679E1,8.202941895E-2,1.079405365E0,9.813592529E0,9.873117193E0
5.034252679E1,7.185058594E-2,1.065184937E0,9.816885681E0,9.874767133E0
5.035255679E1,5.508544922E-2,1.049766998E0,9.820927277E0,9.877026766E0
5.036258779E1,7.020401001E-2,1.049168243E0,9.818083191E0,9.874231117E0
5.037261779E1,5.074447632E-2,1.044677582E0,9.804760895E0,9.860388555E0
5.038264779E1,6.376739502E-2,1.035995636E0,9.804910583E0,9.859696993E0
5.039267779E1,6.960525513E-2,1.061143341E0,9.786798248E0,9.844403996E0
5.040270779E1,7.200027466E-2,1.069076843E0,9.788145447E0,9.846618741E0
5.041273779E1,8.158035278E-2,1.062640228E0,9.781409454E0,9.839300307E0
5.042276779E1,7.424560547E-2,1.075064392E0,9.805509338E0,9.864547088E0
5.043279779E1,7.604187012E-2,1.079105988E0,9.828411713E0,9.887766628E0
5.044282779E1,7.858657837E-2,1.063238983E0,9.823322296E0,9.881007738E0
5.045285779E1,7.140151978E-2,1.054856415E0,9.825867004E0,9.882584815E0
5.046288779E1,7.364685059E-2,1.058598633E0,9.823471985E0,9.880620262E0
5.047291779E1,5.239105225E-2,1.050814819E0,9.795180817E0,9.851523935E0
5.048294779E1,5.209167480E-2,1.059796143E0,9.804461517E0,9.861711162E0
5.049297779E1,7.035369873E-2,1.064885559E0,9.798473969E0,9.856420395E0
5.050300879E1,6.750961304E-2,1.064735870E0,9.805060272E0,9.862931966E0
5.051303879E1,6.361770630E-2,1.073417816E0,9.810299377E0,9.869055015E0
5.052306879E1,6.810836792E-2,1.073866882E0,9.813891907E0,9.872704958E0
5.053309879E1,6.721023560E-2,1.065334625E0,9.807155914E0,9.865077912E0
5.054312879E1,6.256988525E-2,1.061742096E0,9.802814941E0,9.860344418E0
5.055315879E1,6.451583862E-2,1.068029022E0,9.809850311E0,9.868029764E0
5.056318879E1,6.631210327E-2,1.069076843E0,9.801318054E0,9.859673331E0
5.057321879E1,6.271957397E-2,1.068777466E0,9.820178833E0,9.878366835E0
5.058324879E1,5.792953491E-2,1.068478088E0,9.817185059E0,9.875329044E0
5.059327879E1,5.433700562E-2,1.066681824E0,9.812245331E0,9.870203699E0
5.060330879E1,6.391708374E-2,1.070124664E0,9.808503113E0,9.866913677E0
5.061333879E1,6.586303711E-2,1.064436493E0,9.802814941E0,9.860656356E0
5.062336879E1,6.646179199E-2,1.074615326E0,9.795480194E0,9.854473477E0
5.063339979E1,6.137237549E-2,1.058748322E0,9.811197510E0,9.868348958E0
5.064342979E1,5.059478760E-2,1.065334625E0,9.830806732E0,9.888491225E0
5.065345979E1,4.370910645E-2,1.061442719E0,9.822723541E0,9.880003487E0
5.066348992E1,4.595443726E-2,1.059197388E0,9.791438599E0,9.848668984E0
5.067351992E1,4.984634399E-2,1.058748322E0,9.802066498E0,9.859205865E0
5.068354992E1,5.269042969E-2,1.068178711E0,9.819430389E0,9.877499441E0
5.069357992E1,6.122268677E-2,1.089733887E0,9.831854553E0,9.892251115E0
5.070360992E1,4.026626587E-2,1.082698517E0,9.816885681E0,9.876492390E0
5.071363992E1,2.589614868E-2,1.068178711E0,9.769584045E0,9.827840495E0
5.072366992E1,1.751358032E-2,1.065484314E0,9.751771088E0,9.809821757E0
5.073369992E1,3.382965088E-2,1.065184937E0,9.809850311E0,9.867569433E0
5.074372992E1,4.041595459E-2,1.059197388E0,9.844278717E0,9.901179526E0
5.075375992E1,5.388793945E-2,1.049018555E0,9.848020935E0,9.903881066E0
5.076379092E1,7.229965210E-2,1.057700500E0,9.805808716E0,9.862953014E0
5.077382092E1,1.083746338E-1,1.052910461E0,9.761500854E0,9.818720102E0
5.078385092E1,9.565109253E-2,1.049467621E0,9.788594513E0,9.845156878E0
5.079388092E1,7.259902954E-2,1.057251434E0,9.805209961E0,9.862311777E0
5.080391092E1,4.520599365E-2,1.062939606E0,9.766889648E0,9.824663739E0
5.081394092E1,3.457809448E-2,1.055305481E0,9.708061981E0,9.765312731E0
5.082397092E1,5.269042969E-2,1.033899994E0,9.678273926E0,9.733484045E0
5.083400092E1,5.598358154E-2,1.029409332E0,9.709259491E0,9.763838262E0
5.084403092E1,4.715194702E-2,1.035097504E0,9.842482452E0,9.896873798E0
5.085406092E1,4.864883423E-2,1.033001862E0,9.974807281E0,1.002827203E1
5.086409092E1,4.580474854E-2,1.081051941E0,9.985135803E0,1.004359041E1
5.087412092E1,4.685256958E-2,1.111139374E0,9.871971130E0,9.934416937E0
5.088415092E1,3.981719971E-2,1.147064667E0,9.760153656E0,9.827407702E0
5.089418092E1,5.583389282E-2,1.173559570E0,9.735904083E0,9.806538013E0
5.090421192E1,7.888595581E-2,1.148112488E0,9.763596497E0,9.831185169E0
5.091424192E1,8.517288208E-2,1.121318207E0,9.808952179E0,9.873203725E0
5.092427192E1,9.565109253E-2,1.095721436E0,9.809700623E0,9.871169176E0
5.093430192E1,1.017883301E-1,1.068178711E0,9.806557159E0,9.865086413E0
5.094433192E1,9.086105347E-2,1.041085052E0,9.825567627E0,9.880986439E0
5.095436192E1,7.170089722E-2,1.037043457E0,9.841584320E0,9.896331749E0
5.096439192E1,5.403762817E-2,1.018781433E0,9.862690430E0,9.915316343E0
5.097442192E1,5.029541016E-2,1.011446686E0,9.857451324E0,9.909334016E0
5.098445192E1,6.227050781E-2,1.031804352E0,9.826765137E0,9.880982284E0
5.099448192E1,6.167175293E-2,1.042282562E0,9.781559143E0,9.837126390E0
5.100451192E1,8.771759033E-2,1.070274353E0,9.784403229E0,9.843156410E0
5.101454192E1,7.664062500E-2,1.096469879E0,9.782457275E0,9.844012918E0
5.102457292E1,7.379653931E-2,1.114731903E0,9.802216187E0,9.865673586E0
5.103460292E1,7.424560547E-2,1.117426300E0,9.807455292E0,9.871187023E0
5.104463292E1,8.262817383E-2,1.121916962E0,9.818382568E0,9.882619154E0
5.105466292E1,7.559280396E-2,1.132844238E0,9.824669495E0,9.890054652E0
5.106469292E1,8.816665649E-2,1.134490814E0,9.838440857E0,9.904027527E0
5.107472292E1,9.310638428E-2,1.133892059E0,9.833351440E0,9.898948457E0
5.108475292E1,7.918533325E-2,1.125659180E0,9.880054321E0,9.944287420E0
5.109478292E1,5.134323120E-2,1.115630035E0,9.867630157E0,9.930628954E0
5.110481292E1,6.556365967E-2,1.116977234E0,9.790989532E0,9.854715255E0
5.111484292E1,1.026864624E-1,1.116977234E0,9.736203461E0,9.800604087E0
5.112487292E1,1.073268127E-1,1.107247467E0,9.708061981E0,9.771590629E0
5.113490292E1,7.963439941E-2,1.089284821E0,9.720186768E0,9.781355420E0
5.114493292E1,6.167175293E-2,1.081650696E0,9.768386536E0,9.828283021E0
5.115496392E1,5.134323120E-2,1.062041473E0,9.833201752E0,9.890521974E0
5.116499392E1,7.753875732E-2,1.056053925E0,9.847721558E0,9.904487974E0
5.117502392E1,7.274871826E-2,1.038240967E0,9.837093658E0,9.891999208E0
5.118505392E1,6.152206421E-2,1.059796143E0,9.842033386E0,9.899119860E0
5.119508392E1,6.346801758E-2,1.076561279E0,9.830657043E0,9.889632465E0
5.120511392E1,5.089416504E-2,1.087039490E0,9.806257782E0,9.866455126E0
5.121514392E1,5.538482666E-2,1.108894043E0,9.776769104E0,9.839610134E0
5.122517392E1,7.274871826E-2,1.103355560E0,9.778265991E0,9.840587973E0
5.123520392E1,6.601272583E-2,1.115779724E0,9.788744202E0,9.852351756E0
5.124523392E1,6.586303711E-2,1.095122681E0,9.815538483E0,9.876660738E0
5.125526392E1,4.849914551E-2,1.089584198E0,9.808353424E0,9.868806553E0
5.126529392E1,4.879852295E-2,1.075962524E0,9.810299377E0,9.869247718E0
5.127532492E1,4.834945679E-2,1.069525909E0,9.801617432E0,9.859915193E0
5.128535492E1,6.616241455E-2,1.081800385E0,9.804311829E0,9.864035684E0
5.129538492E1,6.616241455E-2,1.081201630E0,9.807155914E0,9.866796925E0
5.130541492E1,7.259902954E-2,1.091380463E0,9.801767120E0,9.862607192E0
5.131544492E1,8.262817383E-2,1.096918945E0,9.796228638E0,9.857796615E0
5.132547492E1,6.556365967E-2,1.093625793E0,9.785900116E0,9.847037984E0
5.133550492E1,7.035369873E-2,1.091679840E0,9.795629883E0,9.856524708E0
5.134553492E1,7.050338745E-2,1.100212097E0,9.805808716E0,9.867589470E0
5.135556492E1,7.529342651E-2,1.081800385E0,9.817933502E0,9.877640377E0
5.136559492E1,6.271957397E-2,1.083596649E0,9.819430389E0,9.879237249E0
5.137562492E1,5.284011841E-2,1.077459412E0,9.814640350E0,9.873746810E0
5.138565492E1,6.691085815E-2,1.087937622E0,9.799521790E0,9.859955002E0
5.139568492E1,6.301895142E-2,1.090033264E0,9.816286926E0,9.876823018E0
5.140571592E1,5.628295898E-2,1.090033264E0,9.812694397E0,9.873211819E0
5.141574592E1,5.987548828E-2,1.097667389E0,9.806557159E0,9.867979636E0
5.142577592E1,6.286926270E-2,1.103954315E0,9.793234863E0,9.855461266E0
5.143580592E1,5.538482666E-2,1.096020813E0,9.796827393E0,9.858101037E0
5.144583592E1,5.733078003E-2,1.081051941E0,9.787397003E0,9.847085874E0
5.145586592E1,5.658233643E-2,1.094823303E0,9.797276459E0,9.858421052E0
5.146589592E1,4.221221924E-2,1.080303497E0,9.783954163E0,9.843505299E0
5.147592592E1,5.089416504E-2,1.086141357E0,9.786498871E0,9.846717901E0
5.148595592E1,6.286926270E-2,1.081950073E0,9.814790039E0,9.874445403E0
5.149598592E1,4.790039063E-2,1.076261902E0,9.852212219E0,9.910939398E0
5.150601592E1,4.909790039E-2,1.084644470E0,9.846224670E0,9.905907555E0
5.151604592E1,5.598358154E-2,1.080153809E0,9.811496887E0,9.870933977E0
5.152607692E1,4.625381470E-2,1.087338867E0,9.783804474E0,9.844149288E0
5.153610692E1,4.041595459E-2,1.096619568E0,9.797276459E0,9.858541167E0
5.154613692E1,4.281097412E-2,1.100062408E0,9.810149689E0,9.871727660E0
5.155616692E1,5.343887329E-2,1.102307739E0,9.814340973E0,9.876194955E0
5.156619692E1,3.906875610E-2,1.122964783E0,9.794132996E0,9.858378031E0
5.157622692E1,3.637435913E-2,1.098415833E0,9.771529999E0,9.833139832E0
5.158625692E1,1.901046753E-2,1.093625793E0,9.767787781E0,9.828838024E0
5.159628692E1,4.340972900E-2,1.081650696E0,9.805958405E0,9.865529528E0
5.160631692E1,3.472778320E-2,1.066681824E0,9.835746460E0,9.893478890E0
5.161634692E1,4.011657715E-2,1.055604858E0,9.823771362E0,9.880404584E0
5.162637692E1,5.628295898E-2,1.058898010E0,9.794282684E0,9.851517958E0
5.163640692E1,7.214996338E-2,1.073118439E0,9.751322021E0,9.810457174E0
5.164643792E1,8.382568359E-2,1.063688049E0,9.799671478E0,9.857586931E0
5.165646746E1,5.463638306E-2,1.064885559E0,9.802964630E0,9.860785056E0
5.166649746E1,2.529739380E-2,1.073268127E0,9.782906342E0,9.841636090E0
5.167652746E1,4.565505981E-2,1.066681824E0,9.717043304E0,9.775521729E0
5.168655746E1,4.984634399E-2,1.064586182E0,9.685309296E0,9.743769525E0
5.169658746E1,4.954696655E-2,1.062041473E0,9.721683655E0,9.779648259E0
5.170661746E1,5.553451538E-2,1.062041473E0,9.838141479E0,9.895455722E0
5.171664746E1,4.745132446E-2,1.075214081E0,9.955647125E0,1.001365301E1
5.172667746E1,2.799179077E-2,1.095571747E0,9.949360199E0,1.000953692E1
5.173670746E1,2.529739380E-2,1.137933655E0,9.843530273E0,9.909118084E0
5.174673746E1,4.834945679E-2,1.172362061E0,9.762698364E0,9.832957328E0
5.175676746E1,3.817062378E-2,1.170865173E0,9.746681671E0,9.816831762E0
5.176679846E1,6.481521606E-2,1.178349609E0,9.796078949E0,9.866907904E0
5.177682846E1,8.143066406E-2,1.161584473E0,9.830956421E0,9.899677449E0
5.178685846E1,9.475296021E-2,1.114133148E0,9.846823425E0,9.910106072E0
5.179688846E1,8.996292114E-2,1.090931396E0,9.840835876E0,9.901528942E0
5.180691846E1,8.906478882E-2,1.070723419E0,9.814939728E0,9.873571949E0
5.181694846E1,6.945556641E-2,1.057101746E0,9.852361908E0,9.909153513E0
5.182697846E1,5.807922363E-2,1.042432251E0,9.868528290E0,9.923602612E0
5.183700846E1,5.807922363E-2,1.036145325E0,9.842332764E0,9.896892672E0
5.184703846E1,6.002517700E-2,1.047371979E0,9.818532257E0,9.874419819E0
5.185706846E1,5.897735596E-2,1.076112213E0,9.795629883E0,9.854737978E0
5.186709846E1,7.828720093E-2,1.082848206E0,9.776320038E0,9.836418180E0
5.187712846E1,7.304809570E-2,1.114582214E0,9.789642334E0,9.853158203E0
5.188715946E1,7.244934082E-2,1.138083344E0,9.817933502E0,9.883941565E0
5.189718946E1,7.274871826E-2,1.126407623E0,9.818382568E0,9.883052300E0
5.190721946E1,7.529342651E-2,1.125359802E0,9.822573853E0,9.887115903E0
5.191724946E1,6.271957397E-2,1.132395172E0,9.829309845E0,9.894522960E0
5.192727946E1,7.035369873E-2,1.139280853E0,9.835896149E0,9.901907066E0
5.193730946E1,9.190887451E-2,1.131796417E0,9.846374359E0,9.911634496E0
5.194733946E1,6.421646118E-2,1.138382721E0,9.876910858E0,9.942505070E0
5.195736946E1,4.595443726E-2,1.130748596E0,9.836644592E0,9.901529227E0
5.196739946E1,5.748046875E-2,1.131047974E0,9.769584045E0,9.835006149E0
5.197742946E1,9.160949707E-2,1.123563538E0,9.740843811E0,9.805856693E0
5.198745946E1,8.891510010E-2,1.118025055E0,9.776170349E0,9.840294336E0
5.199749046E1,6.481521606E-2,1.093326416E0,9.786648560E0,9.847743584E0
5.200752046E1,4.146377563E-2,1.078656921E0,9.816586304E0,9.875757523E0
5.201755046E1,4.161346436E-2,1.058598633E0,9.843081207E0,9.899929818E0
5.202758046E1,5.448669434E-2,1.052910461E0,9.834399261E0,9.890753160E0
5.203761046E1,6.242019653E-2,1.052012329E0,9.826465759E0,9.882816175E0
5.204764046E1,7.993377686E-2,1.042731628E0,9.814041595E0,9.869604404E0
5.205767046E1,5.703140259E-2,1.030606842E0,9.818232880E0,9.872340144E0
5.206770046E1,7.065307617E-2,1.046922913E0,9.812395020E0,9.868340056E0
5.207773046E1,6.990463257E-2,1.039288788E0,9.814790039E0,9.869909389E0
5.208776046E1,7.649093628E-2,1.037342834E0,9.812844086E0,9.867818405E0
5.209779046E1,6.795867920E-2,1.016386414E0,9.809401245E0,9.862150501E0
5.210782046E1,5.942642212E-2,1.013692017E0,9.814640350E0,9.867029351E0
5.211785146E1,4.760101318E-2,9.907896423E-1,9.785001984E0,9.835150929E0
5.212788146E1,4.670288086E-2,9.993218994E-1,9.774972839E0,9.826032741E0
5.213791146E1,6.032455444E-2,9.945318604E-1,9.784702606E0,9.835300594E0
5.214794146E1,7.200027466E-2,9.770182800E-1,9.807006226E0,9.855816550E0
5.215797146E1,6.556365967E-2,9.806108093E-1,9.839937744E0,9.888896347E0
5.216800146E1,6.451583862E-2,9.994715881E-1,9.840087433E0,9.890926470E0
5.217803146E1,7.484436035E-2,1.014290771E0,9.822873230E0,9.875384850E0
5.218806146E1,6.227050781E-2,1.007105713E0,9.799072723E0,9.850886547E0
5.219809146E1,6.256988525E-2,1.007255402E0,9.802665253E0,9.854477383E0
5.220812146E1,7.005432129E-2,9.969268799E-1,9.812544708E0,9.863305960E0
5.221815146E1,7.200027466E-2,9.749226379E-1,9.816436615E0,9.864992955E0
5.222818246E1,7.544311523E-2,9.545649719E-1,9.828860779E0,9.875393165E0
5.223821246E1,7.903564453E-2,9.193881226E-1,9.834249573E0,9.877448345E0
5.224824246E1,7.005432129E-2,9.110055542E-1,9.842632141E0,9.884950490E0
5.225827246E1,7.364685059E-2,9.059161377E-1,9.846374359E0,9.888235228E0
5.226830246E1,8.232879639E-2,8.901988220E-1,9.847721558E0,9.888217830E0
5.227833246E1,7.559280396E-2,9.017248535E-1,9.844578094E0,9.886078082E0
5.228836246E1,7.514373779E-2,8.837622070E-1,9.818981323E0,9.858959197E0
5.229839246E1,6.496490479E-2,8.903485107E-1,9.810898132E0,9.851429494E0
5.230842246E1,7.065307617E-2,9.059161377E-1,9.792336731E0,9.834405654E0
5.231845246E1,7.708969116E-2,8.948391724E-1,9.784403229E0,9.825539502E0
5.232848246E1,7.843688965E-2,9.009764099E-1,9.781259766E0,9.822980884E0
5.233851346E1,7.499404907E-2,8.903485107E-1,9.834249573E0,9.874756161E0
5.234854346E1,9.430389404E-2,8.842112732E-1,9.867630157E0,9.907615643E0
5.235857346E1,8.726852417E-2,8.779243469E-1,9.859696655E0,9.899090114E0
5.236860346E1,8.502319336E-2,8.626560974E-1,9.818382568E0,9.856573479E0
5.237863346E1,8.681945801E-2,8.473878479E-1,9.800719299E0,9.837667537E0
5.238866346E1,7.095245361E-2,8.452922058E-1,9.829609222E0,9.866142642E0
5.239869346E1,6.436614990E-2,8.408015442E-1,9.834249573E0,9.870337122E0
5.240872346E1,7.214996338E-2,8.372090149E-1,9.826615448E0,9.862479187E0
5.241875346E1,6.286926270E-2,8.364605713E-1,9.815538483E0,9.851315371E0
5.242878346E1,4.355941772E-2,8.274792480E-1,9.805958405E0,9.840906440E0
5.243881346E1,5.733078003E-2,8.187973022E-1,9.834249573E0,9.868443672E0
5.244884446E1,5.119354248E-2,8.126600647E-1,9.852511597E0,9.886102464E0
5.245887446E1,5.448669434E-2,8.050259399E-1,9.862540741E0,9.895491167E0
5.246890446E1,6.795867920E-2,8.047265625E-1,9.840686188E0,9.873768676E0
5.247893446E1,8.442443848E-2,8.003855896E-1,9.790690155E0,9.823714078E0
5.248896446E1,1.264869690E-1,7.720944214E-1,9.742490387E0,9.773855313E0
5.249899446E1,1.209484863E-1,7.514373779E-1,9.753118286E0,9.782770721E0
5.250902446E1,1.035845947E-1,7.439529419E-1,9.779463501E0,9.808267029E0
5.251905446E1,7.454498291E-2,7.120692444E-1,9.809550934E0,9.835643806E0
5.252908446E1,6.421646118E-2,6.897656250E-1,9.804760895E0,9.829203252E0
5.253911446E1,8.038284302E-2,6.927593994E-1,9.796977081E0,9.821768523E0
5.254914446E1,7.544311523E-2,6.875202942E-1,9.836943970E0,9.861229258E0
5.255917546E1,8.786727905E-2,7.044351196E-1,9.931547241E0,9.956886064E0
5.256920546E1,5.882766724E-2,7.406597900E-1,9.953850861E0,9.981542194E0
5.257923546E1,5.643264771E-2,7.749385071E-1,9.901459808E0,9.931899147E0
5.258926546E1,8.217910767E-2,7.937992859E-1,9.803264008E0,9.835692955E0
5.259929546E1,8.637039185E-2,8.265811157E-1,9.734556885E0,9.769968983E0
5.260932546E1,1.053808594E-1,8.274792480E-1,9.762698364E0,9.798270581E0
5.261935546E1,1.351689148E-1,7.955955505E-1,9.827513580E0,9.860591569E0
5.262938546E1,1.437011719E-1,7.463479614E-1,9.886041870E0,9.915216042E0
5.263941546E1,1.387614441E-1,7.135661316E-1,9.894723816E0,9.921390566E0
5.264944546E1,1.386117554E-1,6.725514221E-1,9.892927551E0,9.916731022E0
5.265947642E1,1.369651794E-1,6.370751953E-1,9.883646851E0,9.905104711E0
5.266950742E1,1.264869690E-1,6.224057007E-1,9.879455566E0,9.899850004E0
5.267953742E1,1.125659180E-1,5.950126648E-1,9.866282959E0,9.884849548E0
5.268956742E1,1.074765015E-1,6.150709534E-1,9.840985565E0,9.860773822E0
5.269959742E1,9.984237671E-2,6.294410706E-1,9.814191284E0,9.834862232E0
5.270962742E1,1.016386414E-1,6.553372192E-1,9.823471985E0,9.845831561E0
5.271965742E1,9.714797974E-2,6.721023560E-1,9.824070740E0,9.847513656E0
5.272968742E1,1.059796143E-1,6.718029785E-1,9.824819183E0,9.848330971E0
5.273971742E1,1.140628052E-1,6.715036011E-1,9.844428406E0,9.867963217E0
5.274974742E1,1.179547119E-1,6.792874146E-1,9.858798523E0,9.882876758E0
5.275977742E1,1.160087585E-1,6.590794373E-1,9.869576111E0,9.892238187E0
5.276980842E1,1.230441284E-1,6.626719666E-1,9.889933777E0,9.912873655E0
5.277983842E1,1.234931946E-1,6.667135620E-1,9.914482727E0,9.937641837E0
5.278986842E1,8.876541138E-2,6.634204102E-1,9.895472260E0,9.918083342E0
5.279989842E1,8.861572266E-2,6.468049622E-1,9.830058289E0,9.851713321E0
5.280992842E1,1.366658020E-1,6.442602539E-1,9.760453033E0,9.782647506E0
5.281995842E1,1.719923401E-1,6.321354675E-1,9.773775330E0,9.795706243E0
5.282998842E1,1.565744019E-1,6.203100586E-1,9.834099884E0,9.854888160E0
5.284001842E1,1.149609375E-1,5.810916138E-1,9.863738251E0,9.881508780E0
5.285004842E1,1.154100037E-1,5.818400574E-1,9.843230896E0,9.861087759E0
5.286007842E1,1.254391479E-1,5.528004456E-1,9.814191284E0,9.830547995E0
5.287010842E1,1.306782532E-1,5.587879944E-1,9.834698639E0,9.851427214E0
5.288013942E1,1.330732727E-1,5.628295898E-1,9.871522064E0,9.888449500E0
5.289016942E1,1.288819885E-1,5.510041809E-1,9.897717590E0,9.913880657E0
5.290019942E1,1.451980591E-1,5.643264771E-1,9.888287201E0,9.905441465E0
5.291022942E1,1.368154907E-1,5.643264771E-1,9.865235138E0,9.882309810E0
5.292025942E1,1.380130005E-1,5.764512634E-1,9.848170624E0,9.865992514E0
5.293028942E1,1.571731567E-1,5.614823914E-1,9.855355682E0,9.872588389E0
5.294031942E1,1.366658020E-1,5.593867493E-1,9.841584320E0,9.858416354E0
5.295034942E1,1.248403931E-1,5.496569824E-1,9.821526031E0,9.837686797E0
5.296037942E1,1.190025330E-1,5.384303284E-1,9.816137238E0,9.831613250E0
5.297040942E1,1.207987976E-1,5.138813782E-1,9.829908600E0,9.844072811E0
5.298044042E1,1.049317932E-1,5.063969421E-1,9.857301636E0,9.870858326E0
5.299047042E1,1.278341675E-1,4.948709106E-1,9.848470001E0,9.861723995E0
5.300050042E1,1.371148682E-1,4.963677979E-1,9.844129028E0,9.857588843E0
5.301053042E1,1.395098877E-1,5.019062805E-1,9.852062531E0,9.865825309E0
5.302056042E1,1.389111328E-1,5.051994324E-1,9.845625916E0,9.859557416E0
5.303059042E1,1.315763855E-1,4.921765137E-1,9.854307861E0,9.867468444E0
5.304062042E1,1.445993042E-1,4.851411438E-1,9.872719574E0,9.885689793E0
5.305065042E1,1.336720276E-1,4.879852295E-1,9.861492920E0,9.874464057E0
5.306068042E1,1.282832336E-1,4.754113770E-1,9.850565643E0,9.862865510E0
5.307071042E1,1.411564636E-1,4.733157349E-1,9.840087433E0,9.852475507E0
5.308074042E1,1.339714050E-1,4.662803650E-1,9.841734009E0,9.853684286E0
5.309077142E1,1.309776306E-1,4.601431274E-1,9.857601013E0,9.869203847E0
5.310080142E1,1.287322998E-1,4.689747620E-1,9.900861053E0,9.912797735E0
5.311083142E1,1.333726501E-1,4.661306763E-1,9.907297668E0,9.919153853E0
5.312086142E1,1.456471252E-1,4.809498596E-1,9.852511597E0,9.865318576E0
5.313089142E1,1.600172424E-1,4.834945679E-1,9.820777588E0,9.833974016E0
5.314092142E1,1.487905884E-1,4.677772522E-1,9.837093658E0,9.849333269E0
5.315095142E1,1.526824951E-1,4.730163574E-1,9.839488678E0,9.852035011E0
5.316098142E1,1.431024170E-1,4.755610657E-1,9.849817200E0,9.862329111E0
5.317101142E1,1.428030396E-1,4.549040222E-1,9.853709106E0,9.865237632E0
5.318104142E1,1.327738953E-1,4.408332825E-1,9.830058289E0,9.840833748E0
5.319107242E1,1.323248291E-1,4.261637878E-1,9.821825409E0,9.831957069E0
5.320110242E1,1.338217163E-1,4.082011414E-1,9.834698639E0,9.844076074E0
5.321113242E1,1.395098877E-1,4.043092346E-1,9.871821442E0,9.881082306E0
5.322116242E1,1.336720276E-1,3.984713745E-1,9.892777863E0,9.901701949E0
5.323119242E1,1.354682922E-1,3.855981445E-1,9.865085449E0,9.873547919E0
5.324122242E1,1.333726501E-1,3.838018799E-1,9.818382568E0,9.826786270E0
5.325125242E1,1.691482544E-1,3.745211792E-1,9.760752411E0,9.769399412E0
5.326128242E1,1.808239746E-1,3.595523071E-1,9.785750427E0,9.794023004E0
5.327131242E1,1.740879822E-1,3.525169373E-1,9.828860779E0,9.836720949E0
5.328134242E1,1.251397705E-1,3.305126953E-1,9.853709106E0,9.860044714E0
5.329137342E1,1.013392639E-1,3.119512939E-1,9.867330780E0,9.872780762E0
5.330140342E1,1.071771240E-1,3.086581421E-1,9.818831635E0,9.824266459E0
5.331143342E1,1.196012878E-1,3.403921509E-1,9.831555176E0,9.838173024E0
5.332146342E1,1.239422607E-1,3.677851868E-1,9.903405762E0,9.911007684E0
5.333149342E1,1.369651794E-1,3.947291565E-1,9.959688721E0,9.968448725E0
5.334152342E1,1.284329224E-1,4.336482239E-1,9.926008759E0,9.936306943E0
5.335155342E1,1.375639343E-1,4.340972900E-1,9.852212219E0,9.862730347E0
5.336158342E1,1.445993042E-1,4.427792358E-1,9.794881439E0,9.805950480E0
5.337161342E1,1.570234680E-1,4.402345276E-1,9.787995758E0,9.799149135E0
5.338164342E1,1.724414062E-1,4.011657715E-1,9.821975098E0,9.831676603E0
5.339167442E1,1.772314453E-1,3.580554199E-1,9.868228912E0,9.876312902E0
5.340170442E1,1.796264648E-1,3.167413330E-1,9.892029419E0,9.898729048E0
5.341173442E1,1.853146362E-1,2.936892700E-1,9.890532532E0,9.896627136E0
5.342176442E1,1.936972046E-1,2.691403198E-1,9.889185333E0,9.894743133E0
5.343179442E1,1.914518738E-1,2.529739380E-1,9.866881714E0,9.871980773E0
5.344182442E1,1.734892273E-1,2.591111755E-1,9.872270508E0,9.877194039E0
5.345185442E1,1.685494995E-1,2.713856506E-1,9.848320312E0,9.853500499E0
5.346188442E1,1.657054138E-1,2.909948730E-1,9.863289185E0,9.868972076E0
5.347191442E1,1.633103943E-1,3.121009827E-1,9.862989807E0,9.869277848E0
5.348194442E1,1.763333130E-1,3.356021118E-1,9.859996033E0,9.867281489E0
5.349197442E1,1.737886047E-1,3.540138245E-1,9.845775604E0,9.853670662E0
5.350200542E1,1.865121460E-1,3.489244080E-1,9.840237122E0,9.848187733E0
5.351203542E1,1.802252197E-1,3.399430847E-1,9.859247589E0,9.866752528E0
5.352206542E1,1.821711731E-1,3.294648743E-1,9.883796539E0,9.890963930E0
5.353209542E1,1.824705505E-1,3.144960022E-1,9.906549225E0,9.913219496E0
5.354212542E1,1.793270874E-1,3.246748352E-1,9.941277008E0,9.948193831E0
5.355215542E1,1.460961914E-1,3.164419556E-1,9.967173157E0,9.973265280E0
5.356218542E1,1.621128845E-1,3.239263916E-1,9.869426422E0,9.876071425E0
5.357221542E1,1.942959595E-1,3.112028503E-1,9.771829376E0,9.778714000E0
5.358224542E1,2.290237427E-1,3.173400879E-1,9.780211945E0,9.788038735E0
5.359227642E1,2.025288391E-1,2.909948730E-1,9.833052063E0,9.839441489E0
5.360230642E1,1.675016785E-1,2.692900085E-1,9.831555176E0,9.836668699E0
5.361233642E1,1.624122620E-1,2.603086853E-1,9.811197510E0,9.815993833E0
5.362236642E1,1.646575928E-1,2.496807861E-1,9.834698639E0,9.839245395E0
5.363239642E1,1.776805115E-1,2.347119141E-1,9.863139496E0,9.867531645E0
5.364242642E1,1.794767761E-1,2.372566223E-1,9.903555450E0,9.908022667E0
5.365245642E1,1.767823792E-1,2.523751831E-1,9.915680237E0,9.920466713E0
5.366248667E1,1.863624573E-1,2.501298523E-1,9.879605255E0,9.884528107E0
5.367251667E1,1.932481384E-1,2.686912537E-1,9.854158173E0,9.859714657E0
5.368254667E1,1.986369324E-1,2.773731995E-1,9.863887939E0,9.869786107E0
5.369257767E1,1.939965820E-1,2.547702026E-1,9.853858795E0,9.859060588E0
5.370260767E1,1.883084106E-1,2.522254944E-1,9.860445099E0,9.865467820E0
5.371263767E1,1.797761536E-1,2.492317200E-1,9.849068756E0,9.853861744E0
5.372266767E1,1.758842468E-1,2.432441711E-1,9.826615448E0,9.831199019E0
5.373269767E1,1.808239746E-1,2.257305908E-1,9.849218445E0,9.853464141E0
5.374272767E1,1.775308228E-1,2.290237427E-1,9.862690430E0,9.866946416E0
5.375275767E1,1.848655701E-1,2.261796570E-1,9.881850586E0,9.886167282E0
5.376278767E1,1.996847534E-1,2.254312134E-1,9.892029419E0,9.896612514E0
5.377281767E1,1.874102783E-1,2.270777893E-1,9.887987823E0,9.892370299E0
5.378284767E1,1.887574768E-1,2.227368164E-1,9.846524048E0,9.850851582E0
5.379287867E1,1.892065430E-1,2.342628479E-1,9.834399261E0,9.839008437E0
5.380290867E1,1.824705505E-1,2.118095398E-1,9.859696655E0,9.863659408E0
5.381293867E1,1.772314453E-1,2.062710571E-1,9.886191559E0,9.889931358E0
5.382296867E1,1.781295776E-1,1.959425354E-1,9.887389069E0,9.890934547E0
5.383299867E1,1.719923401E-1,1.811233521E-1,9.871072998E0,9.874232586E0
5.384302867E1,1.848655701E-1,1.651066589E-1,9.883048096E0,9.886155732E0
5.385305867E1,1.757345581E-1,1.817221069E-1,9.884395294E0,9.887627415E0
5.386308867E1,1.748364258E-1,1.959425354E-1,9.875413971E0,9.878904917E0
5.387311867E1,1.835183716E-1,2.121089172E-1,9.868677979E0,9.872662976E0
5.388314967E1,1.824705505E-1,2.188449097E-1,9.838590546E0,9.842715709E0
5.389317967E1,1.669029236E-1,2.088157654E-1,9.815388794E0,9.819028352E0
5.390320967E1,1.730401611E-1,2.300715637E-1,9.783056030E0,9.787290795E0
5.391323967E1,1.847158813E-1,2.198927307E-1,9.820178833E0,9.824377084E0
5.392326967E1,1.936972046E-1,2.067201233E-1,9.868228912E0,9.872294246E0
5.393329967E1,1.945953369E-1,1.884580994E-1,9.912985840E0,9.916686546E0
5.394332967E1,1.987866211E-1,1.755848694E-1,9.907597046E0,9.911146523E0
5.395335967E1,2.094145203E-1,1.553768921E-1,9.823471985E0,9.826932291E0
5.396338967E1,2.399510193E-1,1.466949463E-1,9.738748169E0,9.742808209E0
5.397341967E1,2.200424194E-1,1.311273193E-1,9.796078949E0,9.799427321E0
5.398345067E1,1.986369324E-1,1.011895752E-1,9.834698639E0,9.837224877E0
5.399348067E1,1.736389160E-1,9.565109253E-2,9.892777863E0,9.894763941E0
5.400351067E1,1.437011719E-1,8.637039185E-2,9.892628174E0,9.894048820E0
5.401354067E1,1.477427673E-1,9.774673462E-2,9.841584320E0,9.843178566E0
5.402357067E1,1.547781372E-1,1.315763855E-1,9.844428406E0,9.846524222E0
5.403360067E1,1.745370483E-1,1.660047913E-1,9.901010742E0,9.903940352E0
5.404363067E1,1.784289551E-1,2.034269714E-1,9.918075256E0,9.921765781E0
5.405366067E1,1.758842468E-1,2.305206299E-1,9.903705139E0,9.907948855E0
5.406369067E1,1.670526123E-1,2.505789185E-1,9.846374359E0,9.850978854E0
5.407372067E1,1.841171265E-1,2.501298523E-1,9.795779572E0,9.800702091E0
5.408375167E1,1.910028076E-1,2.239343262E-1,9.821376343E0,9.825785563E0
5.409378167E1,2.103126526E-1,1.914518738E-1,9.855355682E0,9.859458446E0
5.410381167E1,2.270777893E-1,1.477427673E-1,9.898016968E0,9.901723696E0
5.411384167E1,2.356100464E-1,1.140628052E-1,9.934840393E0,9.938288386E0
5.412387167E1,2.321672058E-1,7.559280396E-2,9.893226929E0,9.896239435E0
5.413390167E1,2.019300842E-1,6.466552734E-2,9.869576111E0,9.871853423E0
5.414393167E1,2.118095398E-1,4.954696655E-2,9.847721558E0,9.850123759E0
5.415396167E1,1.904040527E-1,4.939727783E-2,9.859696655E0,9.861658680E0
5.416399167E1,1.911524963E-1,6.107299805E-2,9.839189301E0,9.841235455E0
5.417402267E1,1.981878662E-1,1.020877075E-1,9.853110352E0,9.855632092E0
5.418405267E1,1.984872437E-1,1.294807434E-1,9.858648834E0,9.861496808E0
5.419408267E1,2.083666992E-1,1.413061523E-1,9.855355682E0,9.858570877E0
5.420411267E1,2.031275940E-1,1.487905884E-1,9.871372375E0,9.874583132E0
5.421414267E1,2.043251038E-1,1.552272034E-1,9.872270508E0,9.875604752E0
5.422417267E1,2.058219910E-1,1.486408997E-1,9.898016968E0,9.901272479E0
5.423420267E1,2.038760376E-1,1.576222229E-1,9.913883972E0,9.917232760E0
5.424423267E1,1.989363098E-1,1.564247131E-1,9.909243622E0,9.912474641E0
5.425426267E1,2.053729248E-1,1.637594604E-1,9.924661560E0,9.928136899E0
5.426429367E1,1.797761536E-1,1.460961914E-1,9.947114868E0,9.949811946E0
5.427432367E1,1.785786438E-1,1.423539734E-1,9.910890198E0,9.913521044E0
5.428435367E1,2.279759216E-1,1.471440125E-1,9.814041595E0,9.817791850E0
5.429438367E1,2.516267395E-1,1.454974365E-1,9.786947937E0,9.791263220E0
5.430441367E1,2.393522644E-1,1.199006653E-1,9.805060272E0,9.808714116E0
5.431444367E1,1.896556091E-1,9.774673462E-2,9.778565369E0,9.780892819E0
5.432447367E1,1.924996948E-1,7.244934082E-2,9.797875214E0,9.800033864E0
5.433450367E1,2.055226135E-1,5.748046875E-2,9.838141479E0,9.840455849E0
5.434453367E1,2.089654541E-1,5.763015747E-2,9.876162415E0,9.878540977E0
5.435456367E1,2.022294617E-1,4.939727783E-2,9.918823700E0,9.921008035E0
5.436459467E1,1.914518738E-1,5.209167480E-2,9.929152222E0,9.931134437E0
5.437462467E1,1.975891113E-1,8.652008057E-2,9.898466034E0,9.900815977E0
5.438465467E1,1.960922241E-1,1.095721436E-1,9.863289185E0,9.865846733E0
5.439468467E1,1.966909790E-1,1.050814819E-1,9.846224670E0,9.848749653E0
5.440471467E1,2.017803955E-1,1.047821045E-1,9.855505371E0,9.858127649E0
5.441474467E1,1.971400452E-1,1.100212097E-1,9.855655060E0,9.858240488E0
5.442477467E1,1.947450256E-1,1.065783691E-1,9.822424164E0,9.824932622E0
5.443480467E1,1.821711731E-1,1.047821045E-1,9.822124786E0,9.824372802E0
5.444483467E1,1.779798889E-1,9.759704590E-2,9.836045837E0,9.838140055E0
5.445486567E1,2.008822632E-1,8.816665649E-2,9.853559418E0,9.856001230E0
5.446489567E1,1.992356873E-1,8.801696777E-2,9.882299652E0,9.884699705E0
5.447492567E1,2.065704346E-1,7.813751221E-2,9.908495178E0,9.910956236E0
5.448495567E1,1.989363098E-1,6.810836792E-2,9.883048096E0,9.885284724E0
5.449498567E1,1.942959595E-1,6.301895142E-2,9.892029419E0,9.894138079E0
5.450501567E1,1.978884888E-1,6.496490479E-2,9.894723816E0,9.896915665E0
5.451504567E1,1.954934692E-1,6.960525513E-2,9.885293427E0,9.887471300E0
5.452507567E1,2.026785278E-1,7.035369873E-2,9.870324554E0,9.872655926E0
5.453510567E1,1.923500061E-1,7.035369873E-2,9.851463776E0,9.853592578E0
5.454513667E1,1.751358032E-1,5.658233643E-2,9.856702881E0,9.858421060E0
5.455516667E1,1.868115234E-1,5.987548828E-2,9.875563660E0,9.877511894E0
5.456519667E1,1.865121460E-1,7.050338745E-2,9.884245605E0,9.886256556E0
5.457522667E1,1.947450256E-1,7.080276489E-2,9.887389069E0,9.889560215E0
5.458525667E1,1.972897339E-1,6.271957397E-2,9.865384827E0,9.867556676E0
5.459528667E1,2.020797729E-1,7.020401001E-2,9.830956421E0,9.833283734E0
5.460531667E1,1.951940918E-1,7.005432129E-2,9.835297394E0,9.837483579E0
5.461534667E1,1.853146362E-1,7.514373779E-2,9.852361908E0,9.854391065E0
5.462537667E1,1.812730408E-1,5.119354248E-2,9.837093658E0,9.838896907E0
5.463540767E1,2.019300842E-1,6.915618896E-2,9.843230896E0,9.845544820E0
5.464543767E1,1.924996948E-1,6.256988525E-2,9.821376343E0,9.823461935E0
5.465546767E1,1.740879822E-1,5.403762817E-2,9.809251556E0,9.810945051E0
5.466549733E1,1.643582153E-1,3.727249146E-2,9.835596771E0,9.837040546E0
5.467552733E1,1.933978271E-1,3.906875610E-2,9.885143738E0,9.887112612E0
5.468555733E1,1.968406677E-1,4.086502075E-2,9.914482727E0,9.916520758E0
5.469558733E1,1.833686829E-1,4.430786133E-2,9.929750977E0,9.931542766E0
5.470561733E1,1.874102783E-1,5.493576050E-2,9.883646851E0,9.885576140E0
5.471564733E1,1.968406677E-1,6.870712280E-2,9.727072449E0,9.729306519E0
5.472567833E1,2.142045593E-1,6.870712280E-2,9.735005951E0,9.737604691E0
5.473570833E1,2.201921082E-1,4.745132446E-2,9.843530273E0,9.846107070E0
5.474573833E1,1.820214844E-1,1.945953369E-2,9.894424438E0,9.896117696E0
5.475576833E1,1.410067749E-1,-1.496887207E-3,9.922715607E0,9.923717558E0
5.476579833E1,1.320254517E-1,7.484436035E-4,9.855205994E0,9.856090323E0
5.477582833E1,1.318757629E-1,-5.837860107E-3,9.806108093E0,9.806996545E0
5.478585833E1,1.681004333E-1,3.083587646E-2,9.857151947E0,9.858633430E0
5.479588833E1,1.803749084E-1,7.140151978E-2,9.934241638E0,9.936135577E0
5.480591833E1,1.886077881E-1,1.085243225E-1,9.933044128E0,9.935427323E0
5.481594933E1,1.733395386E-1,1.350192261E-1,9.877509613E0,9.879953084E0
5.482597933E1,1.818717957E-1,1.666035461E-1,9.824370117E0,9.827465711E0
5.483600933E1,1.845661926E-1,1.526824951E-1,9.796078949E0,9.799007062E0
5.484603933E1,1.950444031E-1,1.374142456E-1,9.807904358E0,9.810805924E0
5.485606933E1,2.219883728E-1,9.160949707E-2,9.841734009E0,9.844663500E0
5.486609933E1,2.336640930E-1,4.281097412E-2,9.896669769E0,9.899520403E0
5.487612933E1,2.312690735E-1,5.987548828E-4,9.910590820E0,9.913288866E0
5.488615933E1,2.269281006E-1,-3.128494263E-2,9.893975372E0,9.896626889E0
5.489618933E1,2.056723022E-1,-4.340972900E-2,9.876312103E0,9.878548793E0
5.490622033E1,1.784289551E-1,-3.308120728E-2,9.866432648E0,9.868101360E0
5.491625033E1,1.675016785E-1,-7.933502197E-3,9.845925293E0,9.847353179E0
5.492628033E1,1.736389160E-1,2.844085693E-2,9.842781830E0,9.844354398E0
5.493631033E1,1.857637024E-1,6.825805664E-2,9.850116577E0,9.852104542E0
5.494634033E1,2.086660767E-1,9.580078125E-2,9.863139496E0,9.865811676E0
5.495637033E1,2.128573608E-1,1.204994202E-1,9.875114594E0,9.878143378E0
5.496640033E1,2.062710571E-1,1.227447510E-1,9.889335022E0,9.892247530E0
5.497643033E1,2.053729248E-1,1.293310547E-1,9.884994049E0,9.887973094E0
5.498646133E1,2.001338196E-1,1.140628052E-1,9.869276733E0,9.871964704E0
5.499649133E1,1.944456482E-1,1.038839722E-1,9.879006500E0,9.881466006E0
5.500652133E1,1.905537415E-1,9.654922485E-2,9.877958679E0,9.880268223E0
5.501655133E1,1.935475159E-1,8.771759033E-2,9.913584595E0,9.915861765E0
5.502658133E1,1.787283325E-1,7.229965210E-2,9.959089966E0,9.960955978E0
5.503661133E1,1.781295776E-1,6.556365967E-2,9.907746735E0,9.909564778E0
5.504664133E1,2.192939758E-1,7.394622803E-2,9.808802490E0,9.811532204E0
5.505667133E1,2.414479065E-1,6.271957397E-2,9.796528015E0,9.799703668E0
5.506670133E1,2.037263489E-1,3.577560425E-2,9.803264008E0,9.805445911E0
5.507673233E1,1.742376709E-1,4.924758911E-2,9.793683929E0,9.795357523E0
5.508676233E1,1.769320679E-1,5.194198608E-2,9.787846069E0,9.789582913E0
5.509679233E1,2.113604736E-1,3.936813354E-2,9.843679962E0,9.846027539E0
5.510682233E1,2.091151428E-1,5.643264771E-2,9.882149963E0,9.884523341E0
5.511685233E1,1.956431580E-1,6.481521606E-2,9.918674011E0,9.920815057E0
5.512688233E1,1.902543640E-1,7.259902954E-2,9.932445374E0,9.934532623E0
5.513691233E1,1.971400452E-1,9.280700684E-2,9.915829926E0,9.918223654E0
5.514694233E1,1.984872437E-1,1.049317932E-1,9.878557434E0,9.881108483E0
5.515697333E1,2.152523804E-1,1.242416382E-1,9.845625916E0,9.848762320E0
5.516700333E1,2.255809021E-1,1.118174744E-1,9.850116577E0,9.853333775E0
5.517703333E1,2.279759216E-1,9.729766846E-2,9.840536499E0,9.843657778E0
5.518706333E1,2.174977112E-1,8.247848511E-2,9.834399261E0,9.837149831E0
5.519709333E1,2.077679443E-1,6.406677246E-2,9.837692413E0,9.840094720E0
5.520712333E1,1.815724182E-1,5.194198608E-2,9.854906616E0,9.856716032E0
5.521715333E1,1.739382935E-1,5.313949585E-2,9.874066772E0,9.875741641E0
5.522718333E1,1.848655701E-1,4.640350342E-2,9.880054321E0,9.881892630E0
5.523721433E1,1.910028076E-1,6.286926270E-2,9.872270508E0,9.874318184E0
5.524724433E1,2.005828857E-1,8.053253174E-2,9.867630157E0,9.869997158E0
5.525727433E1,1.944456482E-1,7.918533325E-2,9.857151947E0,9.859387604E0
5.526730433E1,1.866618347E-1,8.277786255E-2,9.861193542E0,9.863307402E0
5.527733433E1,2.043251038E-1,9.684860229E-2,9.871072998E0,9.873662468E0
5.528736433E1,1.917512512E-1,9.086105347E-2,9.881700897E0,9.883978799E0
5.529739433E1,1.950444031E-1,8.846603394E-2,9.883497162E0,9.885817351E0
5.530742433E1,1.975891113E-1,9.430389404E-2,9.869875488E0,9.872303522E0
5.531745433E1,1.977388000E-1,1.101708984E-1,9.876910858E0,9.879504358E0
5.532748533E1,1.968406677E-1,1.137634277E-1,9.870773621E0,9.873391526E0
5.533751533E1,1.945953369E-1,1.204994202E-1,9.865384827E0,9.868039584E0
5.534754533E1,1.987866211E-1,1.109193420E-1,9.874366150E0,9.876989728E0
5.535757533E1,2.038760376E-1,1.140628052E-1,9.884395294E0,9.887155612E0
5.536760533E1,1.963916016E-1,1.052311707E-1,9.915829926E0,9.918332842E0
5.537763533E1,2.017803955E-1,1.010398865E-1,9.896669769E0,9.899242239E0
5.538766533E1,2.007325745E-1,9.969268799E-2,9.840237122E0,9.842789178E0
5.539769533E1,1.889071655E-1,8.352630615E-2,9.815239105E0,9.817412146E0
5.540772633E1,1.809736633E-1,7.020401001E-2,9.837243347E0,9.839158335E0
5.541775633E1,1.802252197E-1,6.256988525E-2,9.860145721E0,9.861991167E0
5.542778633E1,1.917512512E-1,5.957611084E-2,9.892029419E0,9.894067105E0
5.543781633E1,1.933978271E-1,7.529342651E-2,9.869426422E0,9.871608264E0
5.544784633E1,1.803749084E-1,8.726852417E-2,9.826465759E0,9.828508545E0
5.545787633E1,1.636097717E-1,7.918533325E-2,9.798174591E0,9.799860397E0
5.546790633E1,1.673519897E-1,9.250762939E-2,9.793833618E0,9.795700143E0
5.547793633E1,1.951940918E-1,1.002914429E-1,9.848769379E0,9.851214005E0
5.548796733E1,1.850152588E-1,1.007405090E-1,9.874216461E0,9.876463437E0
5.549799733E1,1.763333130E-1,9.116043091E-2,9.893675995E0,9.895667150E0
5.550802733E1,1.939965820E-1,9.654922485E-2,9.844877472E0,9.847261998E0
5.551805733E1,2.168989563E-1,9.699829102E-2,9.722432098E0,9.725334942E0
5.552808733E1,2.324665833E-1,9.355545044E-2,9.797276459E0,9.800480567E0
5.553811733E1,2.246827698E-1,9.145980835E-2,9.854158173E0,9.857143630E0
5.554814733E1,1.850152588E-1,6.077362061E-2,9.873617706E0,9.875537995E0
5.555817733E1,1.398092651E-1,6.331832886E-2,9.889933777E0,9.891124605E0
5.556820833E1,1.341210938E-1,7.424560547E-2,9.831555176E0,9.832750279E0
5.557823833E1,1.478924561E-1,8.951385498E-2,9.817634125E0,9.819156008E0
5.558826833E1,1.698966980E-1,1.185534668E-1,9.903705139E0,9.905871759E0
5.559829833E1,1.924996948E-1,1.589694214E-1,9.973160706E0,9.976284973E0
5.560832833E1,1.791773987E-1,1.917512512E-1,9.945318604E0,9.948780589E0
5.561835833E1,1.829196167E-1,2.185455322E-1,9.885143738E0,9.889251157E0
5.562838833E1,2.010319519E-1,2.386038208E-1,9.838740234E0,9.843686049E0
5.563841833E1,2.113604736E-1,2.371069336E-1,9.802515564E0,9.807660492E0
5.564844933E1,2.131567383E-1,2.137554932E-1,9.804611206E0,9.809257266E0
5.565847933E1,2.287243652E-1,1.667532349E-1,9.849817200E0,9.853883516E0
5.566850871E1,2.345622253E-1,1.348695374E-1,9.880952454E0,9.884656323E0
5.567853871E1,2.345622253E-1,1.122665405E-1,9.911638641E0,9.915049358E0
5.568856871E1,2.315684509E-1,8.637039185E-2,9.889634399E0,9.892722191E0
5.569859871E1,2.189945984E-1,8.831634521E-2,9.875264282E0,9.878087014E0
5.570862871E1,2.107617188E-1,8.861572266E-2,9.871671753E0,9.874319037E0
5.571865871E1,1.895059204E-1,1.053808594E-1,9.850715332E0,9.853101551E0
5.572868971E1,1.731898499E-1,1.199006653E-1,9.841434631E0,9.843688663E0
5.573871971E1,1.872605896E-1,1.546284485E-1,9.834399261E0,9.837397284E0
5.574874971E1,2.059716797E-1,1.933978271E-1,9.836644592E0,9.840701392E0
5.575877971E1,2.022294617E-1,1.993853760E-1,9.861193542E0,9.865282022E0
5.576880971E1,2.128573608E-1,2.339634705E-1,9.865384827E0,9.870454140E0
5.577883971E1,1.956431580E-1,2.347119141E-1,9.899813232E0,9.904527650E0
5.578886971E1,2.038760376E-1,2.513273621E-1,9.895322571E0,9.900613095E0
5.579889971E1,2.058219910E-1,2.576142883E-1,9.887538757E0,9.893035454E0
5.580893071E1,2.043251038E-1,2.809657288E-1,9.876012726E0,9.882121121E0
5.581896071E1,2.197430420E-1,2.737806702E-1,9.870773621E0,9.877014464E0
5.582899071E1,2.026785278E-1,2.721340942E-1,9.937385101E0,9.943176464E0
5.583902071E1,1.835183716E-1,2.728825378E-1,9.948611755E0,9.954045395E0
5.584905071E1,2.136058044E-1,2.709365845E-1,9.875264282E0,9.881289325E0
5.585908071E1,2.312690735E-1,2.448907471E-1,9.800120544E0,9.805907380E0
5.586911071E1,2.257305908E-1,2.409988403E-1,9.784702606E0,9.790272715E0
5.587914171E1,2.007325745E-1,2.065704346E-1,9.776469727E0,9.780711898E0
5.588917171E1,1.814227295E-1,2.079176331E-1,9.807006226E0,9.810887577E0
5.589920171E1,1.758842468E-1,1.817221069E-1,9.871222687E0,9.874461784E0
5.590923171E1,1.913021851E-1,1.773811340E-1,9.895322571E0,9.898761002E0
5.591926171E1,1.992356873E-1,1.992356873E-1,9.894723816E0,9.898734723E0
5.592929171E1,2.100132751E-1,2.212399292E-1,9.914183350E0,9.918875146E0
5.593932171E1,1.908531189E-1,2.381547546E-1,9.901310120E0,9.906012552E0
5.594935171E1,2.032772827E-1,2.642005920E-1,9.854158173E0,9.859794972E0
5.595938271E1,2.031275940E-1,2.826123047E-1,9.835896149E0,9.842051797E0
5.596941271E1,2.088157654E-1,3.031196594E-1,9.837542725E0,9.844426464E0
5.597944271E1,2.101629639E-1,3.074606323E-1,9.845476227E0,9.852517579E0
5.598947271E1,2.145039368E-1,2.830613708E-1,9.845775604E0,9.852179095E0
5.599950271E1,2.049238586E-1,2.945874023E-1,9.846823425E0,9.853360193E0
5.600953271E1,1.859133911E-1,2.899470520E-1,9.839039612E0,9.845066458E0
5.601956271E1,1.916015625E-1,2.935395813E-1,9.870324554E0,9.876547142E0
5.602959271E1,1.872605896E-1,2.915936279E-1,9.898915100E0,9.904979229E0
5.603962371E1,1.987866211E-1,3.077600098E-1,9.895023193E0,9.901803691E0
5.604965371E1,2.005828857E-1,3.147953796E-1,9.882000275E0,9.889047429E0
5.605968371E1,1.863624573E-1,3.321592712E-1,9.855954437E0,9.863310733E0
5.606971371E1,1.844165039E-1,3.312611389E-1,9.844278717E0,9.851576871E0
5.607974371E1,1.793270874E-1,3.379971313E-1,9.854607239E0,9.862032453E0
5.608977371E1,1.800755310E-1,3.408412170E-1,9.853709106E0,9.861246528E0
5.609980371E1,1.924996948E-1,3.255729675E-1,9.869276733E0,9.876521510E0
5.610983371E1,1.815724182E-1,3.146456909E-1,9.862091675E0,9.868780201E0
5.611986471E1,1.821711731E-1,3.228785706E-1,9.869276733E0,9.876237145E0
5.612989471E1,1.752854919E-1,3.100053406E-1,9.849667511E0,9.856103611E0
5.613992471E1,1.799258423E-1,3.189866638E-1,9.842931519E0,9.849742468E0
5.614995471E1,1.782792664E-1,3.326083374E-1,9.847571869E0,9.854800024E0
5.615998471E1,1.770817566E-1,3.468287659E-1,9.851912842E0,9.859606218E0
5.617001471E1,1.642085266E-1,3.597019958E-1,9.851613464E0,9.859545518E0
5.618004471E1,1.743873596E-1,3.619473267E-1,9.848619690E0,9.856811179E0
5.619007471E1,1.835183716E-1,3.757186890E-1,9.856553192E0,9.865418610E0
5.620010571E1,1.820214844E-1,3.730242920E-1,9.842931519E0,9.851679036E0
5.621013571E1,1.869612122E-1,3.710783386E-1,9.860744476E0,9.869495187E0
5.622016571E1,1.812730408E-1,3.755690002E-1,9.862241364E0,9.871054488E0
5.623019571E1,1.694476318E-1,3.953279114E-1,9.839338989E0,9.848735371E0
5.624022571E1,1.610650635E-1,3.975732422E-1,9.837542725E0,9.846890539E0
5.625025571E1,1.604663086E-1,4.017645264E-1,9.838141479E0,9.847649057E0
5.626028571E1,1.724414062E-1,4.156855774E-1,9.848919067E0,9.859195572E0
5.627031671E1,1.701960754E-1,4.085005188E-1,9.855954437E0,9.865884514E0
5.628034671E1,1.660047913E-1,4.183799744E-1,9.864636383E0,9.874900018E0
5.629037671E1,1.730401611E-1,4.239184570E-1,9.872120819E0,9.882733388E0
5.630040671E1,1.728904724E-1,4.337979126E-1,9.880952454E0,9.891981254E0
5.631043671E1,1.643582153E-1,4.315525818E-1,9.860594788E0,9.871402171E0
5.632046671E1,1.477427673E-1,4.297563171E-1,9.848320312E0,9.858799693E0
5.633049671E1,1.487905884E-1,4.388873291E-1,9.857002258E0,9.867890061E0
5.634052671E1,1.478924561E-1,4.363426208E-1,9.853858795E0,9.864623673E0
5.635055771E1,1.540296936E-1,4.465214539E-1,9.850715332E0,9.862033214E0
5.636058771E1,1.529818726E-1,4.586462402E-1,9.835896149E0,9.847771975E0
5.637061771E1,1.438508606E-1,4.535568237E-1,9.843530273E0,9.855023851E0
5.638064771E1,1.416055298E-1,4.543052673E-1,9.856403503E0,9.867884040E0
5.639067771E1,1.442999268E-1,4.590953064E-1,9.849218445E0,9.860968256E0
5.640070771E1,1.445993042E-1,4.719685364E-1,9.852661285E0,9.865018888E0
5.641073771E1,1.392105103E-1,4.770579529E-1,9.844129028E0,9.856664760E0
5.642076771E1,1.591191101E-1,4.858895874E-1,9.863738251E0,9.876980301E0
5.643079871E1,1.384620667E-1,4.830455017E-1,9.857301636E0,9.870101329E0
5.644082871E1,1.444496155E-1,4.953199768E-1,9.840536499E0,9.854053286E0
5.645085871E1,1.309776306E-1,5.002597046E-1,9.855505371E0,9.869062824E0
5.646088871E1,1.426533508E-1,5.056484985E-1,9.854457550E0,9.868452968E0
5.647091871E1,1.368154907E-1,4.968168640E-1,9.848320312E0,9.861792862E0
5.648094871E1,1.306782532E-1,5.019062805E-1,9.836045837E0,9.849709866E0
5.649097871E1,1.335223389E-1,4.989125061E-1,9.844428406E0,9.857966958E0
5.650100971E1,1.395098877E-1,5.089416504E-1,9.892628174E0,9.906693535E0
5.651103971E1,1.422042847E-1,5.230123901E-1,9.884844360E0,9.899692523E0
5.652106971E1,1.308279419E-1,5.334906006E-1,9.852960663E0,9.868260333E0
5.653109971E1,1.143621826E-1,5.454656982E-1,9.821975098E0,9.837774462E0
5.654112971E1,1.196012878E-1,5.631289673E-1,9.808802490E0,9.825681910E0
5.655115971E1,1.318757629E-1,5.646258545E-1,9.841284943E0,9.858350922E0
5.656118971E1,1.329235840E-1,5.538482666E-1,9.891280975E0,9.907666522E0
5.657121971E1,1.308279419E-1,5.538482666E-1,9.854457550E0,9.870876225E0
5.658125071E1,1.511856079E-1,5.489085388E-1,9.797725525E0,9.814254079E0
5.659128071E1,1.689985657E-1,5.339396667E-1,9.779613190E0,9.795636081E0
5.660131071E1,1.805245972E-1,5.294490051E-1,9.842482452E0,9.858365291E0
5.661134071E1,1.615141296E-1,5.152285767E-1,9.883497162E0,9.898235370E0
5.662137071E1,1.166075134E-1,5.001100159E-1,9.815538483E0,9.828962460E0
5.663140071E1,1.219963074E-1,5.040019226E-1,9.723180542E0,9.736998556E0
5.664143071E1,1.368154907E-1,5.062472534E-1,9.735754395E0,9.749867609E0
5.665146171E1,1.320254517E-1,5.289999390E-1,9.839039612E0,9.854134774E0
5.666149208E1,1.188528442E-1,5.544470215E-1,9.977651367E0,9.993751263E0
5.667152208E1,8.023315430E-2,5.806425476E-1,1.000414627E1,1.002130359E1
5.668155208E1,8.427474976E-2,6.251000977E-1,9.917326813E0,9.937365017E0
5.669158208E1,1.043330383E-1,6.728507996E-1,9.819879456E0,9.843457020E0
5.670161208E1,1.191522217E-1,7.229965210E-1,9.785900116E0,9.813295181E0
5.671164208E1,1.498384094E-1,7.262896729E-1,9.779762878E0,9.807839222E0
5.672167208E1,1.636097717E-1,6.993457031E-1,9.830956421E0,9.857157639E0
5.673170308E1,1.576222229E-1,6.897656250E-1,9.847721558E0,9.873106971E0
5.674173308E1,1.691482544E-1,6.589297485E-1,9.849667511E0,9.873132716E0
5.675176308E1,1.600172424E-1,6.203100586E-1,9.849368134E0,9.870179467E0
5.676179308E1,1.480421448E-1,5.983058167E-1,9.872569885E0,9.891790660E0
5.677182308E1,1.624122620E-1,5.840853882E-1,9.888885956E0,9.907451687E0
5.678185308E1,1.504371643E-1,5.824388123E-1,9.899663544E0,9.917923401E0
5.679188308E1,1.255888367E-1,5.806425476E-1,9.876611481E0,9.894461717E0
5.680191408E1,1.273851013E-1,6.120771790E-1,9.828262024E0,9.848126718E0
5.681194408E1,1.327738953E-1,6.385720825E-1,9.811945953E0,9.833599880E0
5.682197408E1,1.341210938E-1,6.668632507E-1,9.808652802E0,9.832210578E0
5.683200408E1,1.264869690E-1,6.891668701E-1,9.818681946E0,9.843651004E0
5.684203408E1,1.329235840E-1,7.252418518E-1,9.833650818E0,9.861254121E0
5.685206408E1,1.371148682E-1,7.222480774E-1,9.851613464E0,9.879004536E0
5.686209408E1,1.487905884E-1,7.333250427E-1,9.864786072E0,9.893124304E0
5.687212408E1,1.405577087E-1,7.506889343E-1,9.866133270E0,9.895649350E0
5.688215508E1,1.661544800E-1,7.421566772E-1,9.858948212E0,9.888238654E0
5.689218508E1,1.742376709E-1,7.429051208E-1,9.845176849E0,9.874703741E0
5.690221508E1,1.478924561E-1,7.367678833E-1,9.884844360E0,9.913367093E0
5.691224508E1,1.330732727E-1,7.441026306E-1,9.928254089E0,9.956988826E0
5.692227508E1,1.207987976E-1,7.415579224E-1,9.905202026E0,9.933656310E0
5.693230508E1,1.628613281E-1,7.487429810E-1,9.804162140E0,9.834059951E0
5.694233508E1,1.666035461E-1,7.548802185E-1,9.735155640E0,9.765800337E0
5.695236608E1,1.471440125E-1,7.343728638E-1,9.704768829E0,9.733626914E0
5.696239608E1,1.239422607E-1,7.153623962E-1,9.768087158E0,9.795030974E0
5.697242608E1,1.065783691E-1,6.942562866E-1,9.849068756E0,9.874082545E0
5.698245608E1,1.251397705E-1,6.837780762E-1,9.874066772E0,9.898505294E0
5.699248608E1,1.377136230E-1,7.053332520E-1,9.889933777E0,9.916009790E0
5.700251608E1,1.216969299E-1,7.204518127E-1,9.900561676E0,9.927486210E0
5.701254608E1,1.107696533E-1,7.319778442E-1,9.901160431E0,9.928798485E0
5.702257708E1,1.219963074E-1,7.613168335E-1,9.857151947E0,9.887261043E0
5.703260708E1,1.257385254E-1,7.806266785E-1,9.823322296E0,9.855092548E0
5.704263708E1,1.279838562E-1,7.985893250E-1,9.795929260E0,9.829260137E0
5.705266708E1,1.330732727E-1,8.036787415E-1,9.804311829E0,9.838096282E0
5.706269708E1,1.185534668E-1,7.893086243E-1,9.804311829E0,9.836747098E0
5.707272708E1,1.276844788E-1,7.789801025E-1,9.832303619E0,9.863939770E0
5.708275708E1,1.179547119E-1,7.726931763E-1,9.850715332E0,9.881678026E0
5.709278708E1,1.179547119E-1,7.698490906E-1,9.848619690E0,9.879366920E0
5.710281808E1,1.113684082E-1,7.701484680E-1,9.851164398E0,9.881850615E0
5.711284808E1,1.137634277E-1,7.632627869E-1,9.855505371E0,9.885671364E0
5.712287808E1,1.149609375E-1,7.755372620E-1,9.843380585E0,9.874553934E0
5.713290808E1,1.204994202E-1,7.861651611E-1,9.814790039E0,9.846962947E0
5.714293808E1,1.026864624E-1,8.014334106E-1,9.790091400E0,9.823376693E0
5.715296808E1,1.047821045E-1,7.991880798E-1,9.798473969E0,9.831570220E0
5.716299808E1,1.119671631E-1,7.954458618E-1,9.830207977E0,9.862974178E0
5.717302908E1,1.047821045E-1,7.993377686E-1,9.854457550E0,9.887378508E0
5.718305908E1,1.077758789E-1,8.000862122E-1,9.846374359E0,9.879415044E0
5.719308908E1,9.669891357E-2,7.929011536E-1,9.835447083E0,9.867829662E0
5.720311908E1,1.118174744E-1,8.020321655E-1,9.842183075E0,9.875440569E0
5.721314908E1,1.128652954E-1,8.108638000E-1,9.842931519E0,9.876919538E0
5.722317908E1,1.034349060E-1,8.150550842E-1,9.842332764E0,9.876564575E0
5.723320908E1,1.043330383E-1,8.098159790E-1,9.845925293E0,9.879723284E0
5.724324008E1,1.025367737E-1,8.217910767E-1,9.847122803E0,9.881886553E0
5.725327008E1,9.924362183E-2,8.279283142E-1,9.827663269E0,9.862975206E0
5.726330008E1,9.535171509E-2,8.396040344E-1,9.817035370E0,9.853334986E0
5.727333008E1,9.924362183E-2,8.526269531E-1,9.811945953E0,9.849421577E0
5.728336008E1,9.550140381E-2,8.485853577E-1,9.826615448E0,9.863649872E0
5.729339008E1,1.055305481E-1,8.391549683E-1,9.842632141E0,9.878903037E0
5.730342008E1,9.220825195E-2,8.446934509E-1,9.839488678E0,9.876109904E0
5.731345008E1,9.789642334E-2,8.312214661E-1,9.843679962E0,9.879197742E0
5.732348108E1,9.610015869E-2,8.402027893E-1,9.830956421E0,9.867263051E0
5.733351108E1,9.190887451E-2,8.295748901E-1,9.813891907E0,9.849320591E0
5.734354108E1,8.532257080E-2,8.282276917E-1,9.810299377E0,9.845568289E0
5.735357108E1,8.352630615E-2,8.499325562E-1,9.811646576E0,9.848744617E0
5.736360108E1,8.367599487E-2,8.387059021E-1,9.826465759E0,9.862548280E0
5.737363108E1,9.160949707E-2,8.431965637E-1,9.837393036E0,9.873888519E0
5.738366108E1,8.756790161E-2,8.572673035E-1,9.829160156E0,9.866861950E0
5.739369208E1,7.259902954E-2,8.617579651E-1,9.826316071E0,9.864298502E0
5.740372208E1,6.556365967E-2,8.764274597E-1,9.823022919E0,9.862261553E0
5.741375208E1,7.274871826E-2,8.623567200E-1,9.832602997E0,9.870614630E0
5.742378208E1,8.008346558E-2,8.602610779E-1,9.844578094E0,9.882417738E0
5.743381208E1,8.502319336E-2,8.663983154E-1,9.836494904E0,9.874943391E0
5.744384208E1,7.888595581E-2,8.666976929E-1,9.826914825E0,9.865375962E0
5.745387208E1,6.810836792E-2,8.743318176E-1,9.833351440E0,9.872380434E0
5.746390308E1,8.008346558E-2,8.825646973E-1,9.820627899E0,9.860530723E0
5.747393308E1,6.646179199E-2,8.846603394E-1,9.822424164E0,9.862406275E0
5.748396308E1,7.110214233E-2,8.756790161E-1,9.824519806E0,9.863724381E0
5.749399308E1,6.825805664E-2,8.870553589E-1,9.835447083E0,9.875603561E0
5.750402308E1,6.556365967E-2,8.875044250E-1,9.849966888E0,9.890086471E0
5.751405308E1,5.837860107E-2,8.919950867E-1,9.844428406E0,9.884929637E0
5.752408308E1,5.822891235E-2,8.882528687E-1,9.823322296E0,9.863571600E0
5.753411408E1,5.927673340E-2,8.909472656E-1,9.830806732E0,9.871274577E0
5.754414408E1,7.289840698E-2,8.819659424E-1,9.843230896E0,9.882933399E0
5.755417408E1,7.050338745E-2,8.812174988E-1,9.840087433E0,9.879718402E0
5.756420408E1,6.271957397E-2,8.984317017E-1,9.815388794E0,9.856620640E0
5.757423408E1,6.421646118E-2,9.093589783E-1,9.772577820E0,9.815005591E0
5.758426408E1,3.697311401E-2,9.178912354E-1,9.751471710E0,9.794646081E0
5.759429408E1,4.924758911E-2,9.162446594E-1,9.783205719E0,9.826140837E0
5.760432408E1,4.879852295E-2,9.050180054E-1,9.847871246E0,9.889489722E0
5.761435508E1,5.074447632E-2,8.858578491E-1,9.867929535E0,9.907742045E0
5.762438508E1,8.741821289E-2,9.000782776E-1,9.829758911E0,9.871268566E0
5.763441508E1,1.097218323E-1,8.887019348E-1,9.808503113E0,9.849292529E0
5.764444508E1,1.071771240E-1,8.952882385E-1,9.809401245E0,9.850755339E0
5.765447508E1,8.951385498E-2,8.878038025E-1,9.842482452E0,9.882847219E0
5.766450417E1,4.999603271E-2,8.750802612E-1,9.821526031E0,9.860559754E0
5.767453417E1,6.721023560E-2,8.753796387E-1,9.723928986E0,9.763483069E0
5.768456517E1,7.933502197E-2,8.894503784E-1,9.645192719E0,9.686441999E0
5.769459517E1,7.708969116E-2,8.967851257E-1,9.704170074E0,9.745823886E0
5.770462517E1,7.529342651E-2,8.755293274E-1,9.845625916E0,9.884764558E0
5.771465517E1,4.640350342E-2,9.005273438E-1,9.982740784E0,1.002338348E1
5.772468517E1,4.984634399E-2,9.340576172E-1,9.975555725E0,1.001931436E1
5.773471517E1,3.847000122E-2,9.629475403E-1,9.898915100E0,9.945716066E0
5.774474517E1,5.538482666E-2,1.009949799E0,9.819580078E0,9.871535797E0
5.775477617E1,9.056167603E-2,1.014889526E0,9.776320038E0,9.829274421E0
5.776480617E1,9.864486694E-2,1.016536102E0,9.799821167E0,9.852896598E0
5.777483617E1,8.637039185E-2,1.029858398E0,9.810149689E0,9.864436379E0
5.778486617E1,1.100212097E-1,9.979747009E-1,9.811496887E0,9.862734374E0
5.779489617E1,1.089733887E-1,9.782157898E-1,9.814041595E0,9.863275002E0
5.780492617E1,1.083746338E-1,9.599537659E-1,9.818232880E0,9.865645097E0
5.781495617E1,1.118174744E-1,9.315129089E-1,9.846224670E0,9.890821994E0
5.782498717E1,9.939331055E-2,9.113049316E-1,9.891879730E0,9.934265967E0
5.783501717E1,9.370513916E-2,9.047186279E-1,9.865983582E0,9.907821581E0
5.784504717E1,9.729766846E-2,9.102571106E-1,9.837393036E0,9.879895576E0
5.785507717E1,8.726852417E-2,9.250762939E-1,9.807305603E0,9.851224550E0
5.786510717E1,8.113128662E-2,9.657916260E-1,9.780960388E0,9.828861677E0
5.787513717E1,8.816665649E-2,9.819580078E-1,9.774224396E0,9.823821936E0
5.788516717E1,8.577163696E-2,9.982740784E-1,9.806557159E0,9.857609813E0
5.789519817E1,9.624984741E-2,1.013692017E0,9.815837860E0,9.868510953E0
5.790522817E1,9.071136475E-2,1.028062134E0,9.844278717E0,9.898230335E0
5.791525817E1,9.610015869E-2,1.031654663E0,9.854008484E0,9.908331332E0
5.792528817E1,9.595046997E-2,1.030606842E0,9.838590546E0,9.892887388E0
5.793531817E1,1.083746338E-1,1.055604858E0,9.816885681E0,9.874071660E0
5.794534817E1,1.104702759E-1,1.044976959E0,9.819131012E0,9.875196928E0
5.795537817E1,8.502319336E-2,1.040935364E0,9.869426422E0,9.924532900E0
5.796540917E1,6.721023560E-2,1.047821045E0,9.885742493E0,9.941345522E0
5.797543917E1,8.277786255E-2,1.045126648E0,9.810149689E0,9.866011291E0
5.798546917E1,1.076261902E-1,1.048419800E0,9.723479919E0,9.780430932E0
5.799549917E1,1.149609375E-1,1.037193146E0,9.689500580E0,9.745532675E0
5.800552917E1,9.310638428E-2,1.010997620E0,9.720336456E0,9.773214712E0
5.801555917E1,6.556365967E-2,9.921368408E-1,9.776769104E0,9.827199409E0
5.802558917E1,5.433700562E-2,9.680369568E-1,9.848619690E0,9.896229477E0
5.803562017E1,6.735992432E-2,9.698332214E-1,9.854607239E0,9.902444025E0
5.804565017E1,7.214996338E-2,9.868977356E-1,9.858349457E0,9.907887099E0
5.805568017E1,6.571334839E-2,1.004111938E0,9.845925293E0,9.897211926E0
5.806571017E1,6.885681152E-2,1.018781433E0,9.847422180E0,9.900221233E0
5.807574017E1,6.706054688E-2,1.047821045E0,9.809850311E0,9.865880051E0
5.808577017E1,8.202941895E-2,1.062041473E0,9.780511322E0,9.838346540E0
5.809580017E1,7.694000244E-2,1.072369995E0,9.769883423E0,9.828861545E0
5.810583117E1,8.322692871E-2,1.066382446E0,9.785451050E0,9.843736612E0
5.811586117E1,7.783813477E-2,1.053509216E0,9.808802490E0,9.865523135E0
5.812589117E1,6.691085815E-2,1.042132874E0,9.824070740E0,9.879417184E0
5.813592117E1,5.882766724E-2,1.027164001E0,9.817634125E0,9.871396375E0
5.814595117E1,7.334747314E-2,1.023721161E0,9.808353424E0,9.861905585E0
5.815598117E1,7.080276489E-2,1.018781433E0,9.817634125E0,9.870606286E0
5.816601117E1,7.424560547E-2,1.041085052E0,9.820777588E0,9.876084392E0
5.817604217E1,6.227050781E-2,1.043629761E0,9.804311829E0,9.859897115E0
5.818607217E1,5.658233643E-2,1.051563263E0,9.791139221E0,9.847608548E0
5.819610217E1,7.140151978E-2,1.061442719E0,9.789941711E0,9.847574195E0
5.820613217E1,6.092330933E-2,1.067579956E0,9.812694397E0,9.870785680E0
5.821616217E1,7.948471069E-2,1.067130890E0,9.825717316E0,9.883815403E0
5.822619217E1,7.933502197E-2,1.063837738E0,9.835297394E0,9.892983352E0
5.823622217E1,6.885681152E-2,1.068627777E0,9.824220428E0,9.882409302E0
5.824625317E1,6.855743408E-2,1.058448944E0,9.806108093E0,9.863304225E0
5.825628317E1,6.676116943E-2,1.050665131E0,9.799372101E0,9.855762164E0
5.826631317E1,6.092330933E-2,1.066232758E0,9.803563385E0,9.861562705E0
5.827634317E1,6.242019653E-2,1.066681824E0,9.809101868E0,9.867126524E0
5.828637317E1,5.104385376E-2,1.053658905E0,9.819879456E0,9.876377630E0
5.829640317E1,6.735992432E-2,1.069675598E0,9.824220428E0,9.882512346E0
5.830643317E1,6.421646118E-2,1.074465637E0,9.800120544E0,9.859054866E0
5.831646417E1,6.391708374E-2,1.083596649E0,9.809401245E0,9.869276563E0
5.832649417E1,5.089416504E-2,1.081650696E0,9.804162140E0,9.863779890E0
5.833652417E1,4.595443726E-2,1.091230774E0,9.800419922E0,9.861091575E0
5.834655417E1,6.242019653E-2,1.092278595E0,9.798024902E0,9.858917831E0
5.835658417E1,4.655319214E-2,1.087638245E0,9.790690155E0,9.851027249E0
5.836661417E1,4.834945679E-2,1.077309723E0,9.806706848E0,9.865821462E0
5.837664517E1,5.658233643E-2,1.083446960E0,9.815987549E0,9.875761765E0
5.838667517E1,4.790039063E-2,1.069675598E0,9.813742218E0,9.871982408E0
5.839670517E1,4.236190796E-2,1.076112213E0,9.827214203E0,9.886048301E0
5.840673517E1,4.520599365E-2,1.073118439E0,9.806856537E0,9.865498563E0
5.841676517E1,4.326004028E-2,1.078806610E0,9.803413696E0,9.862688033E0
5.842679517E1,3.667373657E-2,1.083746338E0,9.807455292E0,9.867219993E0
5.843682517E1,2.754272461E-2,1.081351318E0,9.817334747E0,9.876747482E0
5.844685617E1,3.667373657E-2,1.090632019E0,9.802665253E0,9.863217995E0
5.845688617E1,3.712280273E-2,1.090781708E0,9.796528015E0,9.857136703E0
5.846691617E1,3.547622681E-2,1.096469879E0,9.799970856E0,9.861183171E0
5.847694617E1,3.382965088E-2,1.078656921E0,9.807155914E0,9.866354561E0
5.848697617E1,4.026626587E-2,1.075663147E0,9.836943970E0,9.895662648E0
5.849700617E1,4.206253052E-2,1.089584198E0,9.832902374E0,9.893176036E0
5.850703617E1,3.098556519E-2,1.081201630E0,9.807604980E0,9.867070108E0
5.851706717E1,3.607498169E-2,1.077758789E0,9.795779572E0,9.854956257E0
5.852709717E1,3.547622681E-2,1.094374237E0,9.805509338E0,9.866454628E0
5.853712717E1,4.221221924E-2,1.102158051E0,9.822274475E0,9.884007796E0
5.854715717E1,1.691482544E-2,1.112336884E0,9.800569611E0,9.863505672E0
5.855718717E1,1.871109009E-2,1.096469879E0,9.779313812E0,9.840608464E0
5.856721717E1,1.451980591E-2,1.091530151E0,9.749825134E0,9.810746100E0
5.857724717E1,2.709365845E-2,1.099164276E0,9.775272217E0,9.836912274E0
5.858727817E1,3.263214111E-2,1.077459412E0,9.820777588E0,9.879759920E0
5.859730817E1,3.802093506E-2,1.070424042E0,9.837093658E0,9.895234452E0
5.860733817E1,6.900650024E-2,1.066831512E0,9.803862762E0,9.861978323E0
5.861736817E1,7.214996338E-2,1.068927155E0,9.779613190E0,9.838122027E0
5.862739817E1,7.349716187E-2,1.076860657E0,9.795180817E0,9.854470962E0
5.863742817E1,5.313949585E-2,1.076261902E0,9.827064514E0,9.885967856E0
5.864745917E1,2.559677124E-2,1.069226532E0,9.773775330E0,9.832120054E0
5.865748917E1,2.724334717E-2,1.081950073E0,9.726024628E0,9.786057082E0
5.866751967E1,3.353027344E-2,1.069974976E0,9.664053497E0,9.723163103E0
5.867754967E1,4.775070190E-2,1.058149567E0,9.687255249E0,9.744992298E0
5.868757967E1,2.978805542E-2,1.061891785E0,9.811796265E0,9.869136104E0
5.869760967E1,2.829116821E-2,1.065484314E0,9.957443390E0,1.001432654E1
5.870763967E1,2.754272461E-2,1.084345093E0,9.988129578E0,1.004685500E1
5.871767067E1,1.871109009E-2,1.124012604E0,9.910890198E0,9.974442288E0
5.872770067E1,3.173400879E-2,1.169517975E0,9.781259766E0,9.850980760E0
5.873773067E1,3.592529297E-2,1.183289337E0,9.745783539E0,9.817421304E0
5.874776067E1,5.658233643E-2,1.185534668E0,9.765841827E0,9.837700982E0
5.875779067E1,7.469467163E-2,1.169517975E0,9.795180817E0,9.865035166E0
5.876782067E1,8.397537231E-2,1.153501282E0,9.807006226E0,9.874967756E0
5.877785067E1,8.981323242E-2,1.133442993E0,9.807754669E0,9.873439679E0
5.878788167E1,7.349716187E-2,1.097966766E0,9.817484436E0,9.878964192E0
5.879791167E1,7.469467163E-2,1.070124664E0,9.826765137E0,9.885143355E0
5.880794167E1,6.466552734E-2,1.060544586E0,9.846074982E0,9.903238308E0
5.881797167E1,5.029541016E-2,1.051862640E0,9.850116577E0,9.906247586E0
5.882800167E1,5.059478760E-2,1.045725403E0,9.821975098E0,9.877615920E0
5.883803167E1,6.077362061E-2,1.072220306E0,9.798773346E0,9.857449412E0
5.884806267E1,6.137237549E-2,1.096320190E0,9.776020660E0,9.837492794E0
5.885809267E1,6.750961304E-2,1.130748596E0,9.771679688E0,9.837117151E0
5.886812267E1,7.140151978E-2,1.138083344E0,9.793234863E0,9.859400639E0
5.887815267E1,6.436614990E-2,1.129401398E0,9.814640350E0,9.879618197E0
5.888818267E1,5.942642212E-2,1.149908752E0,9.819729767E0,9.887007350E0
5.889821267E1,5.927673340E-2,1.155896301E0,9.821226654E0,9.889191220E0
5.890824267E1,6.167175293E-2,1.162332916E0,9.805509338E0,9.874352363E0
5.891827367E1,7.574249268E-2,1.160536652E0,9.817035370E0,9.885684888E0
5.892830367E1,7.723937988E-2,1.167422333E0,9.825268250E0,9.894682259E0
5.893833367E1,6.197113037E-2,1.165925446E0,9.852212219E0,9.921154579E0
5.894836367E1,3.981719971E-2,1.169068909E0,9.849068756E0,9.918289312E0
5.895839367E1,5.703140259E-2,1.178349609E0,9.801916809E0,9.872655849E0
5.896842367E1,8.547225952E-2,1.149309998E0,9.713001709E0,9.781135986E0
5.897845367E1,8.472381592E-2,1.126407623E0,9.680369568E0,9.746051879E0
5.898848467E1,5.014572144E-2,1.119222565E0,9.714648285E0,9.779037020E0
5.899851467E1,4.011657715E-2,1.119671631E0,9.776769104E0,9.840756476E0
5.900854467E1,4.176315308E-2,1.098715210E0,9.834848328E0,9.896118477E0
5.901857467E1,5.044509888E-2,1.097517700E0,9.852511597E0,9.913580311E0
5.902860467E1,6.167175293E-2,1.108744354E0,9.843679962E0,9.906116931E0
5.903863467E1,5.643264771E-2,1.121318207E0,9.825867004E0,9.889802908E0
5.904866567E1,3.697311401E-2,1.127006378E0,9.811197510E0,9.875783866E0
5.905869567E1,4.116439819E-2,1.138981476E0,9.786498871E0,9.852640938E0
5.906872567E1,5.508544922E-2,1.145118713E0,9.790839844E0,9.857731794E0
5.907875567E1,5.583389282E-2,1.147813110E0,9.784403229E0,9.851656658E0
5.908878567E1,6.316864014E-2,1.156345367E0,9.780810699E0,9.849131070E0
5.909881567E1,4.670288086E-2,1.148561554E0,9.803563385E0,9.870725903E0
5.910884567E1,4.580474854E-2,1.136586456E0,9.813592529E0,9.879297808E0
5.911887667E1,5.059478760E-2,1.122216339E0,9.819580078E0,9.883626979E0
5.912890667E1,2.559677124E-2,1.123713226E0,9.812993774E0,9.877157153E0
5.913893667E1,4.685256958E-2,1.100212097E0,9.804461517E0,9.866110047E0
5.914896667E1,4.116439819E-2,1.102008362E0,9.810449066E0,9.872235199E0
5.915899667E1,5.433700562E-2,1.119521942E0,9.790390778E0,9.854340844E0
5.916902667E1,6.182144165E-2,1.152603149E0,9.785451050E0,9.853292250E0
5.917905767E1,4.745132446E-2,1.140178986E0,9.795480194E0,9.861728651E0
5.918908767E1,5.553451538E-2,1.149160309E0,9.805359650E0,9.872625353E0
5.919911767E1,5.628295898E-2,1.147813110E0,9.810598755E0,9.877676378E0
5.920914767E1,3.996688843E-2,1.131646729E0,9.806706848E0,9.871865116E0
5.921917767E1,4.999603271E-2,1.135089569E0,9.800419922E0,9.866060945E0
5.922920767E1,4.909790039E-2,1.122366028E0,9.809251556E0,9.873374914E0
5.923923767E1,4.610412598E-2,1.127754822E0,9.800270233E0,9.865052112E0
5.924926867E1,4.580474854E-2,1.120869141E0,9.796228638E0,9.860250566E0
5.925929867E1,5.298980713E-2,1.136287079E0,9.791588287E0,9.857441729E0
5.926932867E1,4.580474854E-2,1.135538635E0,9.799372101E0,9.865051426E0
5.927935867E1,3.592529297E-2,1.143771515E0,9.804461517E0,9.871016642E0
5.928938867E1,4.430786133E-2,1.131347351E0,9.797575836E0,9.862778629E0
5.929941867E1,4.745132446E-2,1.136287079E0,9.814490662E0,9.880163303E0
5.930944967E1,4.385879517E-2,1.133892059E0,9.803563385E0,9.869016660E0
5.931947967E1,3.876937866E-2,1.134191437E0,9.798324280E0,9.863825423E0
5.932950967E1,4.834945679E-2,1.132095795E0,9.791588287E0,9.856935616E0
5.933953967E1,3.966751099E-2,1.126856689E0,9.792486420E0,9.857188737E0
5.934956967E1,5.119354248E-2,1.121767273E0,9.793234863E0,9.857404916E0
5.935959967E1,3.712280273E-2,1.122964783E0,9.778715057E0,9.843053194E0
5.936962967E1,4.490661621E-2,1.126108246E0,9.805958405E0,9.870509441E0
5.937966067E1,4.400848389E-2,1.123413849E0,9.805359650E0,9.869603502E0
5.938969067E1,3.457809448E-2,1.119372253E0,9.811047821E0,9.874758186E0
5.939972067E1,4.296066284E-2,1.141675873E0,9.815388794E0,9.881656065E0
5.940975067E1,3.697311401E-2,1.122216339E0,9.816436615E0,9.880443529E0
5.941978067E1,3.098556519E-2,1.119821320E0,9.810000000E0,9.873756119E0
5.942981067E1,2.679428101E-2,1.128054199E0,9.797575836E0,9.862338286E0
5.943984067E1,1.781295776E-2,1.135538635E0,9.789342957E0,9.854998773E0
5.944987167E1,2.948867798E-2,1.138382721E0,9.803862762E0,9.869777600E0
5.945990167E1,2.859054565E-2,1.130149841E0,9.830806732E0,9.895595843E0
5.946993167E1,1.152603149E-2,1.141825562E0,9.814640350E0,9.880843267E0
5.947996167E1,4.790039062E-3,1.140478363E0,9.775721283E0,9.842024205E0
5.948999167E1,7.185058594E-3,1.144819336E0,9.754465485E0,9.821418422E0
5.950002167E1,2.110610962E-2,1.146465912E0,9.774823151E0,9.841849276E0
5.951005267E1,1.317260742E-2,1.132395172E0,9.843979340E0,9.908906175E0
5.952008267E1,2.499801636E-2,1.106948090E0,9.851463776E0,9.913490682E0
5.953011267E1,5.164260864E-2,1.104253693E0,9.819430389E0,9.881460234E0
5.954014267E1,8.457412720E-2,1.108295288E0,9.777966614E0,9.840940114E0
5.955017267E1,8.487350464E-2,1.113684082E0,9.789642334E0,9.853151413E0
5.956020267E1,5.343887329E-2,1.116378479E0,9.799521790E0,9.863051451E0
5.957023367E1,2.335144043E-2,1.120569763E0,9.768835602E0,9.832922806E0
5.958026367E1,3.098556519E-2,1.114282837E0,9.723779297E0,9.787464951E0
5.959029367E1,3.083587646E-2,1.115929413E0,9.670190735E0,9.734415142E0
5.960032367E1,3.128494263E-2,1.117725677E0,9.659413147E0,9.723916484E0
5.961035367E1,4.056564331E-2,1.116079102E0,9.776170349E0,9.839755324E0
5.962038367E1,3.098556519E-2,1.120420074E0,9.918524323E0,9.981654471E0
5.963041367E1,1.975891113E-2,1.126557312E0,9.969119110E0,1.003258978E1
5.964044467E1,2.185455322E-2,1.142574005E0,9.897118835E0,9.962876805E0
5.965047467E1,3.098556519E-2,1.188079376E0,9.788444824E0,9.860331880E0
5.966050467E1,3.293151855E-2,1.220561829E0,9.748328247E0,9.824497915E0
5.967053517E1,4.146377563E-2,1.211580505E0,9.773475952E0,9.848374422E0
5.968056517E1,7.379653931E-2,1.202599182E0,9.808353424E0,9.882079114E0
5.969059517E1,7.679031372E-2,1.166524200E0,9.814490662E0,9.883870821E0
5.970062617E1,8.696914673E-2,1.156794434E0,9.791139221E0,9.859621912E0
5.971065617E1,7.828720093E-2,1.151854706E0,9.797126770E0,9.864917187E0
5.972068617E1,5.613327026E-2,1.127455444E0,9.810299377E0,9.875033195E0
5.973071617E1,5.269042969E-2,1.107846222E0,9.829010468E0,9.891387481E0
5.974074617E1,5.628295898E-2,1.084794159E0,9.840686188E0,9.900457100E0
5.975077617E1,5.059478760E-2,1.096170502E0,9.844428406E0,9.905398540E0
5.976080717E1,5.074447632E-2,1.119372253E0,9.807604980E0,9.871407432E0
5.977083717E1,6.526428223E-2,1.123713226E0,9.791288910E0,9.855776446E0
5.978086717E1,6.945556641E-2,1.166075134E0,9.776769104E0,9.846307400E0
5.979089717E1,5.867797852E-2,1.179397430E0,9.784552917E0,9.855551593E0
5.980092717E1,6.945556641E-2,1.178349609E0,9.792336731E0,9.863224145E0
5.981095717E1,7.753875732E-2,1.194066925E0,9.809700623E0,9.882410353E0
5.982098717E1,6.945556641E-2,1.185983734E0,9.825867004E0,9.897426124E0
5.983101817E1,6.915618896E-2,1.192420349E0,9.820478210E0,9.892847980E0
5.984104817E1,9.415420532E-2,1.193019104E0,9.810898132E0,9.883616836E0
5.985107817E1,8.232879639E-2,1.201102295E0,9.823921051E0,9.897416308E0
5.986110817E1,4.864883423E-2,1.210083618E0,9.844578094E0,9.918789590E0
5.987113817E1,3.412902832E-2,1.210233307E0,9.810898132E0,9.885320005E0
5.988116817E1,6.691085815E-2,1.202599182E0,9.749675446E0,9.823792198E0
5.989119917E1,9.131011963E-2,1.200653229E0,9.723479919E0,9.797753184E0
5.990122917E1,6.810836792E-2,1.172960815E0,9.728719025E0,9.799410680E0
5.991125917E1,5.254074097E-2,1.158890076E0,9.746531982E0,9.815328442E0
5.992128917E1,2.844085693E-2,1.141226807E0,9.778864746E0,9.845273141E0
5.993131917E1,3.772155762E-2,1.134490814E0,9.810598755E0,9.876048818E0
5.994134917E1,5.119354248E-2,1.140178986E0,9.822274475E0,9.888362087E0
5.995138017E1,4.834945679E-2,1.144669647E0,9.837393036E0,9.903883481E0
5.996141017E1,4.805007935E-2,1.151854706E0,9.840686188E0,9.907985805E0
5.997144017E1,5.792953491E-2,1.154698792E0,9.810748444E0,9.878637060E0
5.998147017E1,6.331832886E-2,1.165027313E0,9.799222412E0,9.868437451E0
5.999150017E1,5.568420410E-2,1.181044006E0,9.781708832E0,9.852907862E0
6.000153017E1,5.074447632E-2,1.175355835E0,9.796528015E0,9.866914284E0
6.001156017E1,4.445755005E-2,1.182989960E0,9.794881439E0,9.866161570E0
6.002159117E1,4.311035156E-2,1.172811127E0,9.796827393E0,9.866872422E0
6.003162117E1,3.397933960E-2,1.161584473E0,9.801318054E0,9.869968018E0
6.004165117E1,3.832031250E-2,1.161135406E0,9.793833618E0,9.862498711E0
6.005168117E1,4.101470947E-2,1.154549103E0,9.780810699E0,9.848803165E0
6.006171117E1,5.688171387E-2,1.158590698E0,9.803713074E0,9.872099978E0
6.007174117E1,5.313949585E-2,1.169817352E0,9.793384552E0,9.863147440E0
6.008177217E1,3.757186890E-2,1.158291321E0,9.787846069E0,9.856215354E0
6.009180217E1,5.493576050E-2,1.174906769E0,9.781259766E0,9.851724035E0
6.010183217E1,4.251159668E-2,1.186283112E0,9.797575836E0,9.869223228E0
6.011186217E1,5.059478760E-2,1.180145874E0,9.802365875E0,9.873281160E0
6.012189217E1,6.167175293E-2,1.178050232E0,9.821975098E0,9.892562892E0
6.013192217E1,5.239105225E-2,1.177152100E0,9.812395020E0,9.882890666E0
6.014195317E1,5.792953491E-2,1.168170776E0,9.805209961E0,9.874721321E0
6.015198317E1,5.448669434E-2,1.153650970E0,9.798923035E0,9.866750833E0
6.016201317E1,5.254074097E-2,1.159039764E0,9.776170349E0,9.844777316E0
6.017204317E1,4.894821167E-2,1.154249725E0,9.792336731E0,9.860250859E0
6.018207317E1,4.340972900E-2,1.164877625E0,9.803563385E0,9.872622718E0
6.019210317E1,3.981719971E-2,1.161285095E0,9.818083191E0,9.886603361E0
6.020213417E1,4.011657715E-2,1.161584473E0,9.799821167E0,9.868504584E0
6.021216417E1,4.700225830E-2,1.172362061E0,9.774224396E0,9.844394575E0
6.022219417E1,5.269042969E-2,1.173409882E0,9.784403229E0,9.854654412E0
6.023222417E1,4.146377563E-2,1.170565796E0,9.805659027E0,9.875367967E0
6.024225417E1,4.176315308E-2,1.176553345E0,9.784552917E0,9.855125455E0
6.025228417E1,4.445755005E-2,1.172511749E0,9.778864746E0,9.849007869E0
6.026231417E1,3.847000122E-2,1.172362061E0,9.796977081E0,9.866948499E0
6.027234517E1,4.894821167E-2,1.150657196E0,9.797126770E0,9.864588225E0
6.028237517E1,4.400848389E-2,1.167871399E0,9.815837860E0,9.885167335E0
6.029240517E1,3.712280273E-2,1.140628052E0,9.832453308E0,9.898461927E0
6.030243517E1,2.679428101E-2,1.156794434E0,9.805209961E0,9.873248385E0
6.031246517E1,3.367996216E-2,1.169817352E0,9.797276459E0,9.866926218E0
6.032249517E1,3.652404785E-2,1.158291321E0,9.784403229E0,9.852792464E0
6.033252617E1,4.146377563E-2,1.165775757E0,9.809700623E0,9.878814639E0
6.034255617E1,3.757186890E-2,1.167572021E0,9.811945953E0,9.881240786E0
6.035258617E1,1.856140137E-2,1.183738403E0,9.783654785E0,9.855023191E0
6.036261617E1,6.286926270E-3,1.187630310E0,9.750423889E0,9.822488040E0
6.037264617E1,-1.002914429E-2,1.166823578E0,9.759554901E0,9.829063522E0
6.038267617E1,1.212478638E-2,1.149908752E0,9.784852295E0,9.852196282E0
6.039270717E1,1.601669312E-2,1.148711243E0,9.849068756E0,9.915843354E0
6.040273717E1,2.799179077E-2,1.136736145E0,9.871222687E0,9.936497871E0
6.041276717E1,4.490661621E-2,1.148711243E0,9.822723541E0,9.889765007E0
6.042279717E1,6.676116943E-2,1.134790192E0,9.801767120E0,9.867463935E0
6.043282717E1,5.613327026E-2,1.149160309E0,9.802964630E0,9.870250042E0
6.044285717E1,4.445755005E-2,1.163680115E0,9.826765137E0,9.895526309E0
6.045288817E1,2.125579834E-2,1.161883850E0,9.788594513E0,9.857332724E0
6.046291817E1,1.062789917E-2,1.162033539E0,9.728419647E0,9.797580504E0
6.047294817E1,3.457809448E-2,1.158441010E0,9.683213654E0,9.752323204E0
6.048297817E1,3.517684937E-2,1.130598907E0,9.686357117E0,9.752179525E0
6.049300817E1,5.568420410E-2,1.118923187E0,9.781858521E0,9.845803469E0
6.050303817E1,4.670288086E-2,1.119222565E0,9.930200043E0,9.993183337E0
6.051306917E1,2.320175171E-2,1.132993927E0,9.992320862E0,1.005637558E1
6.052309917E1,2.619552612E-2,1.157393188E0,9.920320587E0,9.987642652E0
6.053312917E1,2.739303589E-2,1.185983734E0,9.802216187E0,9.873740424E0
6.054315917E1,3.832031250E-2,1.217418365E0,9.761201477E0,9.836901453E0
6.055318917E1,3.832031250E-2,1.229992218E0,9.776619415E0,9.853762555E0
6.056321917E1,6.750961304E-2,1.197210388E0,9.799821167E0,9.872910673E0
6.057325017E1,8.038284302E-2,1.164428558E0,9.827214203E0,9.896286892E0
6.058328017E1,8.906478882E-2,1.136436768E0,9.825567627E0,9.891471087E0
6.059331017E1,8.397537231E-2,1.106199646E0,9.817634125E0,9.880114844E0
6.060334017E1,6.870712280E-2,1.075663147E0,9.828411713E0,9.887337795E0
6.061337017E1,5.224136353E-2,1.061592407E0,9.865833893E0,9.922922251E0
6.062340017E1,4.655319214E-2,1.044827271E0,9.865684204E0,9.920965479E0
6.063343117E1,4.385879517E-2,1.030906219E0,9.839788055E0,9.893741466E0
6.064346117E1,5.149291992E-2,1.050665131E0,9.810299377E0,9.866535492E0
6.065349117E1,5.882766724E-2,1.074016571E0,9.798324280E0,9.857186768E0
6.066352096E1,5.777984619E-2,1.083596649E0,9.791438599E0,9.851385184E0
6.067355096E1,6.122268677E-2,1.075363770E0,9.758207703E0,9.817472843E0
6.068358096E1,6.122268677E-2,1.065484314E0,9.785001984E0,9.843031487E0
6.069361196E1,5.733078003E-2,1.054706726E0,9.799671478E0,9.856432122E0
6.070364196E1,6.481521606E-2,1.053060150E0,9.828112335E0,9.884580354E0
6.071367196E1,7.604187012E-2,1.052461395E0,9.833201752E0,9.889656922E0
6.072370196E1,9.235794067E-2,1.048270111E0,9.861792297E0,9.917779365E0
6.073373196E1,8.696914673E-2,1.040186920E0,9.888137512E0,9.943078795E0
6.074376196E1,5.463638306E-2,1.047821045E0,9.879006500E0,9.934570122E0
6.075379296E1,5.837860107E-2,1.043629761E0,9.791737976E0,9.847370397E0
6.076382296E1,9.280700684E-2,1.052012329E0,9.727521515E0,9.784682821E0
6.077385296E1,1.074765015E-1,1.015488281E0,9.742640076E0,9.796009560E0
6.078388296E1,8.801696777E-2,9.895921326E-1,9.769134979E0,9.819523299E0
6.079391296E1,6.795867920E-2,9.764195251E-1,9.771979065E0,9.820875130E0
6.080394296E1,5.927673340E-2,9.611512756E-1,9.796078949E0,9.843296616E0
6.081397396E1,5.957611084E-2,9.234297180E-1,9.810898132E0,9.854440315E0
6.082400396E1,8.262817383E-2,9.216334534E-1,9.825417938E0,9.868894229E0
6.083403396E1,8.487350464E-2,9.033714294E-1,9.834249573E0,9.876018839E0
6.084406396E1,9.235794067E-2,8.973838806E-1,9.867031403E0,9.908185329E0
6.085409396E1,9.235794067E-2,9.023236084E-1,9.864037628E0,9.905652740E0
6.086412396E1,9.295669556E-2,9.000782776E-1,9.850565643E0,9.892038483E0
6.087415496E1,9.131011963E-2,9.035211182E-1,9.846374359E0,9.888163428E0
6.088418496E1,8.442443848E-2,8.925938416E-1,9.815089417E0,9.855954114E0
6.089421496E1,7.694000244E-2,8.901988220E-1,9.775721283E0,9.816470868E0
6.090424496E1,7.379653931E-2,8.867559814E-1,9.774523773E0,9.814942541E0
6.091427496E1,7.364685059E-2,8.798703003E-1,9.779762878E0,9.819539580E0
6.092430496E1,6.451583862E-2,8.788224792E-1,9.814790039E0,9.854267845E0
6.093433596E1,7.843688965E-2,8.497828674E-1,9.820478210E0,9.857488298E0
6.094436596E1,8.741821289E-2,8.458909607E-1,9.833650818E0,9.870352672E0
6.095439596E1,9.595046997E-2,8.451425171E-1,9.845625916E0,9.882298419E0
6.096442596E1,9.220825195E-2,8.301736450E-1,9.845176849E0,9.880546434E0
6.097445596E1,9.295669556E-2,8.208929443E-1,9.835896149E0,9.870529835E0
6.098448596E1,9.595046997E-2,8.009843445E-1,9.823621674E0,9.856689363E0
6.099451696E1,9.490264893E-2,8.153544617E-1,9.819430389E0,9.853680662E0
6.100454696E1,9.445358276E-2,8.083190918E-1,9.821825409E0,9.855483529E0
6.101457696E1,1.025367737E-1,8.054750061E-1,9.833201752E0,9.866669168E0
6.102460696E1,1.001417542E-1,8.009843445E-1,9.842482452E0,9.875528599E0
6.103463696E1,1.020877075E-1,7.926017761E-1,9.852661285E0,9.885017647E0
6.104466696E1,1.076261902E-1,7.914042664E-1,9.856553192E0,9.888859638E0
6.105469796E1,1.112187195E-1,7.978408813E-1,9.859546967E0,9.892400420E0
6.106472796E1,1.047821045E-1,7.813751221E-1,9.833800507E0,9.865351427E0
6.107475796E1,1.212478638E-1,7.626640320E-1,9.824669495E0,9.854972762E0
6.108478796E1,1.181044006E-1,7.720944214E-1,9.808353424E0,9.839404217E0
6.109481796E1,1.182540894E-1,7.723937988E-1,9.802365875E0,9.833460884E0
6.110484796E1,1.073268127E-1,7.583230591E-1,9.814041595E0,9.843880604E0
6.111487896E1,1.210981750E-1,7.421566772E-1,9.839338989E0,9.868031873E0
6.112490896E1,1.300794983E-1,7.241940308E-1,9.866582336E0,9.893979213E0
6.113493896E1,1.083746338E-1,7.209008789E-1,9.883646851E0,9.910495356E0
6.114496896E1,1.049317932E-1,7.110214233E-1,9.854158173E0,9.880333772E0
6.115499896E1,1.011895752E-1,6.956034851E-1,9.800120544E0,9.825297259E0
6.116502896E1,1.079255676E-1,6.930587769E-1,9.798773346E0,9.823845351E0
6.117505996E1,9.116043091E-2,6.882687378E-1,9.825417938E0,9.849916839E0
6.118508996E1,1.085243225E-1,6.869215393E-1,9.871522064E0,9.895988409E0
6.119511996E1,9.385482788E-2,6.848258972E-1,9.873018951E0,9.897186391E0
6.120514996E1,9.624984741E-2,6.857240295E-1,9.840835876E0,9.865167623E0
6.121517996E1,8.217910767E-2,6.735992432E-1,9.820927277E0,9.844343651E0
6.122520996E1,8.831634521E-2,6.604266357E-1,9.816286926E0,9.838874536E0
6.123524096E1,8.457412720E-2,6.568341064E-1,9.828561401E0,9.850847834E0
6.124527096E1,9.355545044E-2,6.601272583E-1,9.832153931E0,9.854733458E0
6.125530096E1,1.067280579E-1,6.532415771E-1,9.838291168E0,9.860531859E0
6.126533096E1,1.207987976E-1,6.321354675E-1,9.812844086E0,9.833925800E0
6.127536096E1,1.487905884E-1,6.098318481E-1,9.765392761E0,9.785546960E0
6.128539096E1,1.516346741E-1,5.843847656E-1,9.765542450E0,9.784187139E0
6.129542196E1,1.294807434E-1,5.652246094E-1,9.815239105E0,9.832352863E0
6.130545196E1,1.007405090E-1,5.526507568E-1,9.844428406E0,9.860443304E0
6.131548196E1,8.232879639E-2,5.267546082E-1,9.849966888E0,9.864385239E0
6.132551196E1,9.834548950E-2,5.384303284E-1,9.810598755E0,9.825855026E0
6.133554196E1,8.981323242E-2,5.402265930E-1,9.819729767E0,9.834988759E0
6.134557196E1,1.106199646E-1,5.535488892E-1,9.904303894E0,9.920377451E0
6.135560296E1,1.022373962E-1,5.935157776E-1,9.945767670E0,9.963985548E0
6.136563296E1,1.104702759E-1,6.198609924E-1,9.918524323E0,9.938488621E0
6.137566296E1,1.204994202E-1,6.397695923E-1,9.833351440E0,9.854878274E0
6.138569296E1,1.267863464E-1,6.503974915E-1,9.756112061E0,9.778589582E0
6.139572296E1,1.306782532E-1,6.475534058E-1,9.747729492E0,9.770088662E0
6.140575296E1,1.383123779E-1,6.155200195E-1,9.809850311E0,9.830114869E0
6.141578396E1,1.529818726E-1,5.664221191E-1,9.899513855E0,9.916885198E0
6.142581396E1,1.585203552E-1,5.441184998E-1,9.940079498E0,9.956222882E0
6.143584396E1,1.713935852E-1,5.083428955E-1,9.908046112E0,9.922558441E0
6.144587396E1,1.651066589E-1,4.689747620E-1,9.880653076E0,9.893154338E0
6.145590396E1,1.640588379E-1,4.516108704E-1,9.847122803E0,9.858838429E0
6.146593496E1,1.404080200E-1,4.589456177E-1,9.847871246E0,9.859559502E0
6.147596496E1,1.221459961E-1,4.423301697E-1,9.845925293E0,9.856613034E0
6.148599496E1,1.261875916E-1,4.517605591E-1,9.839488678E0,9.850662331E0
6.149602496E1,1.339714050E-1,4.610412598E-1,9.846673737E0,9.858371623E0
6.150605496E1,1.258882141E-1,4.942721558E-1,9.836644592E0,9.849859372E0
6.151608496E1,1.387614441E-1,4.894821167E-1,9.840536499E0,9.853679824E0
6.152611596E1,1.447489929E-1,4.894821167E-1,9.851314087E0,9.864529094E0
6.153614596E1,1.463955688E-1,4.978646851E-1,9.863438873E0,9.877080911E0
6.154617596E1,1.501377869E-1,4.947212219E-1,9.857601013E0,9.871149284E0
6.155620596E1,1.639091492E-1,4.999603271E-1,9.872569885E0,9.886579928E0
6.156623596E1,1.673519897E-1,4.966671753E-1,9.925559692E0,9.939387314E0
6.157626596E1,1.264869690E-1,4.947212219E-1,9.923913116E0,9.937041792E0
6.158629696E1,1.417552185E-1,4.849914551E-1,9.847721558E0,9.860675998E0
6.159632696E1,1.851649475E-1,4.641847229E-1,9.765093384E0,9.777873097E0
6.160635696E1,1.927990723E-1,4.544549561E-1,9.796827393E0,9.809257248E0
6.161638696E1,1.655557251E-1,4.454736328E-1,9.861941986E0,9.873386207E0
6.162641696E1,1.393601990E-1,4.246669006E-1,9.867181091E0,9.877298514E0
6.163644696E1,1.246907043E-1,3.999682617E-1,9.837991791E0,9.846908391E0
6.164647796E1,1.399589539E-1,3.944297791E-1,9.827363892E0,9.836271876E0
6.165650796E1,1.520837402E-1,3.993695068E-1,9.844428406E0,9.853699615E0
6.166653817E1,1.490899658E-1,4.046086121E-1,9.885592804E0,9.894992725E0
6.167656817E1,1.601669312E-1,3.941304016E-1,9.916877747E0,9.925999016E0
6.168659817E1,1.754351807E-1,3.990701294E-1,9.892029419E0,9.901630194E0
6.169662917E1,1.669029236E-1,4.028123474E-1,9.878407745E0,9.888025787E0
6.170665917E1,1.757345581E-1,4.071533203E-1,9.860894165E0,9.870860661E0
6.171668917E1,1.808239746E-1,4.150868225E-1,9.852960663E0,9.863357856E0
6.172671917E1,1.636097717E-1,4.071533203E-1,9.839338989E0,9.849118424E0
6.173674917E1,1.393601990E-1,3.900888062E-1,9.833052063E0,9.841773388E0
6.174677917E1,1.478924561E-1,3.888912964E-1,9.818083191E0,9.826895042E0
6.175681017E1,1.359173584E-1,3.697311401E-1,9.821975098E0,9.829871284E0
6.176684017E1,1.472937012E-1,3.384461975E-1,9.844278717E0,9.851196106E0
6.177687017E1,1.574725342E-1,3.338058472E-1,9.863588562E0,9.870491541E0
6.178690017E1,1.691482544E-1,3.224295044E-1,9.857301636E0,9.864023898E0
6.179693017E1,1.531315613E-1,3.321592712E-1,9.872569885E0,9.879342852E0
6.180696017E1,1.585203552E-1,3.281176758E-1,9.870923309E0,9.877647336E0
6.181699117E1,1.519340515E-1,3.291654968E-1,9.863289185E0,9.869949717E0
6.182702117E1,1.469943237E-1,3.333567810E-1,9.833052063E0,9.839799131E0
6.183705117E1,1.513352966E-1,3.270698547E-1,9.840087433E0,9.846684607E0
6.184708117E1,1.546284485E-1,3.183879089E-1,9.856702881E0,9.863055941E0
6.185711117E1,1.666035461E-1,3.195854187E-1,9.903256073E0,9.909811927E0
6.186714117E1,1.574725342E-1,3.077600098E-1,9.926008759E0,9.932027170E0
6.187717217E1,1.489402771E-1,3.153941345E-1,9.895322571E0,9.901467843E0
6.188720217E1,1.483415222E-1,3.228785706E-1,9.848170624E0,9.854578652E0
6.189723217E1,1.676513672E-1,3.098556519E-1,9.843530273E0,9.849832778E0
6.190726217E1,1.639091492E-1,3.198847961E-1,9.880653076E0,9.887188564E0
6.191729217E1,1.597178650E-1,3.091072083E-1,9.880952454E0,9.887076335E0
6.192732317E1,1.648072815E-1,3.282673645E-1,9.872120819E0,9.878951886E0
6.193735317E1,1.522334290E-1,3.174897766E-1,9.856702881E0,9.862989732E0
6.194738317E1,1.546284485E-1,3.077600098E-1,9.826465759E0,9.832499962E0
6.195741317E1,1.532812500E-1,2.980302429E-1,9.822274475E0,9.827990284E0
6.196744317E1,1.686991882E-1,2.793191528E-1,9.851613464E0,9.857016103E0
6.197747317E1,1.666035461E-1,2.728825378E-1,9.887987823E0,9.893155453E0
6.198750417E1,1.600172424E-1,2.526745605E-1,9.886490936E0,9.891013749E0
6.199753417E1,1.588197327E-1,2.463876343E-1,9.861193542E0,9.865549587E0
6.200756417E1,1.836680603E-1,2.314187622E-1,9.777367859E0,9.781830649E0
6.201759417E1,1.956431580E-1,2.179467773E-1,9.738149414E0,9.742552594E0
6.202762417E1,1.890568542E-1,1.959425354E-1,9.796228638E0,9.800011811E0
6.203765417E1,1.742376709E-1,1.751358032E-1,9.840237122E0,9.843337743E0
6.204768517E1,1.522334290E-1,1.703457642E-1,9.901010742E0,9.903646117E0
6.205771517E1,1.188528442E-1,1.592687988E-1,9.862091675E0,9.864093712E0
6.206774517E1,1.077758789E-1,1.678010559E-1,9.824519806E0,9.826543759E0
6.207777517E1,1.333726501E-1,2.005828857E-1,9.852810974E0,9.855754961E0
6.208780517E1,1.444496155E-1,2.242337036E-1,9.917326813E0,9.920913141E0
6.209783617E1,1.410067749E-1,2.796185303E-1,9.941726074E0,9.946657065E0
6.210786617E1,1.484912109E-1,2.983296204E-1,9.899214478E0,9.904821930E0
6.211789617E1,1.413061523E-1,3.011737061E-1,9.839338989E0,9.844961390E0
6.212792617E1,1.480421448E-1,3.092568970E-1,9.793234863E0,9.799234939E0
6.213795617E1,1.589694214E-1,2.905458069E-1,9.808353424E0,9.813943399E0
6.214798617E1,1.920506287E-1,2.362088013E-1,9.848769379E0,9.853473312E0
6.215801717E1,1.996847534E-1,1.974394226E-1,9.902507629E0,9.906488463E0
6.216804717E1,1.953437805E-1,1.528321838E-1,9.912387085E0,9.915489629E0
6.217807717E1,1.990859985E-1,1.284329224E-1,9.906399536E0,9.909232161E0
6.218810717E1,1.910028076E-1,9.699829102E-2,9.892328796E0,9.894648036E0
6.219813717E1,1.886077881E-1,8.831634521E-2,9.878707123E0,9.880902140E0
6.220816717E1,1.651066589E-1,9.101074219E-2,9.865684204E0,9.867485393E0
6.221819817E1,1.643582153E-1,1.058299255E-1,9.849966888E0,9.851906480E0
6.222822817E1,1.749861145E-1,1.155596924E-1,9.853858795E0,9.856089860E0
6.223825817E1,1.781295776E-1,1.423539734E-1,9.850865021E0,9.853503766E0
6.224828817E1,1.692979431E-1,1.594184875E-1,9.835896149E0,9.838644678E0
6.225831817E1,1.785786438E-1,1.820214844E-1,9.854008484E0,9.857307206E0
6.226834917E1,1.877096558E-1,1.730401611E-1,9.880503387E0,9.883801141E0
6.227837917E1,1.902543640E-1,1.678010559E-1,9.890532532E0,9.893785306E0
6.228840917E1,1.877096558E-1,1.625619507E-1,9.881700897E0,9.884820379E0
6.229843917E1,2.061213684E-1,1.734892273E-1,9.880653076E0,9.884325457E0
6.230846917E1,1.856140137E-1,1.562750244E-1,9.930948486E0,9.933912235E0
6.231849917E1,1.535806274E-1,1.559756470E-1,9.972711639E0,9.975113676E0
6.232853017E1,1.594184875E-1,1.573228455E-1,9.892328796E0,9.894864009E0
6.233856017E1,2.041754150E-1,1.336720276E-1,9.791588287E0,9.794628987E0
6.234859017E1,2.213896179E-1,1.300794983E-1,9.803264008E0,9.806626293E0
6.235862017E1,1.978884888E-1,1.109193420E-1,9.826316071E0,9.828934351E0
6.236865017E1,1.778302002E-1,1.005908203E-1,9.812844086E0,9.814970766E0
6.237868017E1,1.597178650E-1,8.951385498E-2,9.804162140E0,9.805871598E0
6.238871117E1,1.737886047E-1,7.888595581E-2,9.818083191E0,9.819938035E0
6.239874117E1,1.805245972E-1,8.038284302E-2,9.864636383E0,9.866615504E0
6.240877117E1,1.743873596E-1,7.963439941E-2,9.908195801E0,9.910050283E0
6.241880117E1,1.805245972E-1,6.706054688E-2,9.939181366E0,9.941046850E0
6.242883117E1,1.731898499E-1,7.933502197E-2,9.899364166E0,9.901196880E0
6.243886217E1,1.688488770E-1,8.876541138E-2,9.874964905E0,9.876807233E0
6.244889217E1,1.883084106E-1,8.337661743E-2,9.877808990E0,9.879955575E0
6.245892217E1,1.886077881E-1,9.011260986E-2,9.857002258E0,9.859218362E0
6.246895217E1,1.806742859E-1,8.367599487E-2,9.829309845E0,9.831326304E0
6.247898217E1,1.666035461E-1,7.200027466E-2,9.805060272E0,9.806739913E0
6.248901317E1,1.669029236E-1,6.301895142E-2,9.808503113E0,9.810125447E0
6.249904317E1,1.580712891E-1,6.301895142E-2,9.834548950E0,9.836021095E0
6.250907317E1,1.767823792E-1,4.760101318E-2,9.873917084E0,9.875614231E0
6.251910317E1,1.821711731E-1,3.083587646E-2,9.878108368E0,9.879836138E0
6.252913317E1,1.737886047E-1,2.260299683E-2,9.899663544E0,9.901214655E0
6.253916317E1,1.721420288E-1,3.263214111E-2,9.852361908E0,9.853919672E0
6.254919417E1,1.562750244E-1,2.514770508E-2,9.833800507E0,9.835074311E0
6.255922417E1,1.675016785E-1,2.365081787E-2,9.870623932E0,9.872073388E0
6.256925417E1,1.748364258E-1,2.080673218E-2,9.899813232E0,9.901378830E0
6.257928417E1,1.585203552E-1,1.661544800E-2,9.881850586E0,9.883135928E0
6.258931417E1,1.685494995E-1,1.916015625E-2,9.849817200E0,9.851277831E0
6.259934417E1,1.799258423E-1,2.514770508E-2,9.876461792E0,9.878132579E0
6.260937517E1,1.812730408E-1,2.170486450E-2,9.905800781E0,9.907483037E0
6.261940517E1,1.703457642E-1,2.424957275E-2,9.913135529E0,9.914628673E0
6.262943517E1,1.683998108E-1,5.508544922E-2,9.877509613E0,9.879098595E0
6.263946517E1,1.661544800E-1,6.406677246E-2,9.835746460E0,9.837358400E0
6.264949517E1,1.520837402E-1,7.334747314E-2,9.782008209E0,9.783465333E0
6.265952617E1,1.709445190E-1,5.927673340E-2,9.764494629E0,9.766170750E0
6.266955633E1,1.883084106E-1,6.167175293E-2,9.800419922E0,9.802422869E0
6.267958633E1,1.939965820E-1,4.460723877E-2,9.881102142E0,9.883107003E0
6.268961633E1,1.784289551E-1,2.320175171E-2,9.923464050E0,9.925095162E0
6.269964633E1,1.926493835E-1,1.496887207E-4,9.918224945E0,9.920095759E0
6.270967633E1,2.064207458E-1,-2.125579834E-2,9.829758911E0,9.831949023E0
6.271970733E1,2.137554932E-1,-5.074447632E-2,9.747879181E0,9.750354606E0
6.272973733E1,2.112107849E-1,-7.155120850E-2,9.819580078E0,9.822111916E0
6.273976733E1,1.908531189E-1,-7.993377686E-2,9.876461792E0,9.878629047E0
6.274979733E1,1.472937012E-1,-9.535171509E-2,9.926158447E0,9.927709147E0
6.275982733E1,1.270857239E-1,-9.535171509E-2,9.894873505E0,9.896148968E0
6.276985833E1,1.246907043E-1,-8.996292114E-2,9.813442841E0,9.814647293E0
6.277988833E1,1.413061523E-1,-3.817062378E-2,9.819580078E0,9.820670921E0
6.278991833E1,1.609153748E-1,5.987548828E-4,9.893526306E0,9.894834859E0
6.279994833E1,1.869612122E-1,4.026626587E-2,9.933343506E0,9.935184401E0
6.280997833E1,1.721420288E-1,5.837860107E-2,9.910740509E0,9.912407295E0
6.282000833E1,1.552272034E-1,6.721023560E-2,9.865534515E0,9.866984543E0
6.283003933E1,1.607656860E-1,6.182144165E-2,9.807604980E0,9.809117338E0
6.284006933E1,1.733395386E-1,5.134323120E-2,9.803413696E0,9.805080460E0
6.285009933E1,1.814227295E-1,3.442840576E-3,9.835896149E0,9.837569777E0
6.286012933E1,1.990859985E-1,-4.071533203E-2,9.890981598E0,9.893068783E0
6.287015933E1,2.071691895E-1,-8.322692871E-2,9.893825684E0,9.896344398E0
6.288019033E1,1.996847534E-1,-1.155596924E-1,9.903405762E0,9.906092758E0
6.289022033E1,1.926493835E-1,-1.327738953E-1,9.889634399E0,9.892401693E0
6.290025033E1,1.736389160E-1,-1.275347900E-1,9.883497162E0,9.885845019E0
6.291028033E1,1.694476318E-1,-1.206491089E-1,9.841284943E0,9.843483023E0
6.292031033E1,1.625619507E-1,-9.729766846E-2,9.833351440E0,9.835176347E0
6.293034133E1,1.544787598E-1,-7.679031372E-2,9.835297394E0,9.836810218E0
6.294037133E1,1.603166199E-1,-6.316864014E-2,9.847571869E0,9.849079318E0
6.295040133E1,1.932481384E-1,-5.194198608E-2,9.863887939E0,9.865917499E0
6.296043133E1,1.826202393E-1,-5.643264771E-2,9.876761169E0,9.878610529E0
6.297046133E1,1.707948303E-1,-4.894821167E-2,9.896969147E0,9.898563789E0
6.298049133E1,1.689985657E-1,-5.852828979E-2,9.874515839E0,9.876135333E0
6.299052233E1,1.905537415E-1,-6.107299805E-2,9.869576111E0,9.871604391E0
6.300055233E1,1.787283325E-1,-6.062393188E-2,9.888586578E0,9.890387434E0
6.301058233E1,2.043251038E-1,-5.463638306E-2,9.896520081E0,9.898779904E0
6.302061233E1,1.872605896E-1,-7.289840698E-2,9.944270782E0,9.946300926E0
6.303064233E1,1.657054138E-1,-7.619155884E-2,9.929152222E0,9.930827120E0
6.304067333E1,2.020797729E-1,-8.681945801E-2,9.835147705E0,9.837606631E0
6.305070333E1,2.152523804E-1,-1.046324158E-1,9.798473969E0,9.801396515E0
6.306073333E1,2.082170105E-1,-1.109193420E-1,9.833501129E0,9.836330712E0
6.307076333E1,1.689985657E-1,-1.335223389E-1,9.798324280E0,9.800691171E0
6.308079333E1,1.643582153E-1,-1.486408997E-1,9.805060272E0,9.807564156E0
6.309082333E1,1.669029236E-1,-1.522334290E-1,9.836644592E0,9.839238204E0
6.310085433E1,1.745370483E-1,-1.555265808E-1,9.862540741E0,9.865311022E0
6.311088433E1,1.793270874E-1,-1.603166199E-1,9.904902649E0,9.907822975E0
6.312091433E1,1.779798889E-1,-1.517843628E-1,9.932744751E0,9.935498660E0
6.313094433E1,1.978884888E-1,-1.317260742E-1,9.909692688E0,9.912543608E0
6.314097433E1,1.969903564E-1,-1.100212097E-1,9.878557434E0,9.881133885E0
6.315100533E1,1.883084106E-1,-9.684860229E-2,9.860594788E0,9.862868207E0
6.316103533E1,1.974394226E-1,-1.130149841E-1,9.845476227E0,9.848104226E0
6.317106533E1,1.889071655E-1,-1.128652954E-1,9.845925293E0,9.848384099E0
6.318109533E1,1.707948303E-1,-1.263372803E-1,9.826166382E0,9.828462634E0
6.319112533E1,1.737886047E-1,-1.571731567E-1,9.821376343E0,9.824171168E0
6.320115633E1,1.833686829E-1,-1.606159973E-1,9.858948212E0,9.861961337E0
6.321118633E1,1.826202393E-1,-1.739382935E-1,9.872719574E0,9.875940283E0
6.322121633E1,1.832189941E-1,-1.799258423E-1,9.872270508E0,9.875609727E0
6.323124633E1,1.930984497E-1,-1.877096558E-1,9.873917084E0,9.877588800E0
6.324127633E1,1.838177490E-1,-1.799258423E-1,9.863738251E0,9.867091494E0
6.325130733E1,1.787283325E-1,-1.692979431E-1,9.861343231E0,9.864415641E0
6.326133733E1,1.908531189E-1,-1.752854919E-1,9.849966888E0,9.853374936E0
6.327136733E1,1.887574768E-1,-1.833686829E-1,9.863289185E0,9.866799228E0
6.328139733E1,1.907034302E-1,-1.772314453E-1,9.866133270E0,9.869567594E0
6.329142733E1,1.745370483E-1,-1.760339355E-1,9.863588562E0,9.866703120E0
6.330145833E1,1.823208618E-1,-1.839674377E-1,9.852511597E0,9.855915466E0
6.331148833E1,1.770817566E-1,-1.751358032E-1,9.860295410E0,9.863440377E0
6.332151833E1,1.899549866E-1,-1.577719116E-1,9.903854828E0,9.906932690E0
6.333154833E1,1.854643250E-1,-1.663041687E-1,9.899513855E0,9.902647558E0
6.334157833E1,1.866618347E-1,-1.510359192E-1,9.878707123E0,9.881624811E0
6.335160833E1,1.826202393E-1,-1.561253357E-1,9.841135254E0,9.844067673E0
6.336163933E1,1.797761536E-1,-1.531315613E-1,9.816137238E0,9.818977493E0
6.337166933E1,1.728904724E-1,-1.481918335E-1,9.826765137E0,9.829403084E0
6.338169933E1,1.685494995E-1,-1.630110168E-1,9.874665527E0,9.877449104E0
6.339172933E1,1.736389160E-1,-1.742376709E-1,9.904004517E0,9.907058832E0
6.340175933E1,1.936972046E-1,-1.956431580E-1,9.881850586E0,9.885684896E0
6.341179033E1,1.836680603E-1,-2.055226135E-1,9.843530273E0,9.847388575E0
6.342182033E1,1.658551025E-1,-2.080673218E-1,9.831106110E0,9.834706262E0
6.343185033E1,1.567240906E-1,-2.137554932E-1,9.814041595E0,9.817620195E0
6.344188033E1,1.676513672E-1,-2.131567383E-1,9.855804749E0,9.859534980E0
6.345191033E1,1.667532349E-1,-2.050735474E-1,9.905950470E0,9.909476097E0
6.346194133E1,1.655557251E-1,-1.948947144E-1,9.903405762E0,9.906706735E0
6.347197133E1,1.627116394E-1,-1.992356873E-1,9.876312103E0,9.879661467E0
6.348200133E1,1.845661926E-1,-1.974394226E-1,9.764344940E0,9.768084721E0
6.349203133E1,2.118095398E-1,-1.965412903E-1,9.728719025E0,9.733009073E0
6.350206133E1,2.300715637E-1,-2.201921082E-1,9.841434631E0,9.846585860E0
6.351209233E1,1.892065430E-1,-2.513273621E-1,9.905351715E0,9.910345966E0
6.352212233E1,1.392105103E-1,-2.767744446E-1,9.917326813E0,9.922164823E0
6.353215233E1,1.019380188E-1,-2.799179077E-1,9.840386810E0,9.844895021E0
6.354218233E1,1.044827271E-1,-2.718347168E-1,9.775122528E0,9.779459657E0
6.355221233E1,1.580712891E-1,-2.424957275E-1,9.836644592E0,9.840902781E0
6.356224333E1,1.806742859E-1,-2.014810181E-1,9.937085724E0,9.940770115E0
6.357227333E1,1.999841309E-1,-1.839674377E-1,9.957742767E0,9.961449628E0
6.358230333E1,1.930984497E-1,-1.543290710E-1,9.904303894E0,9.907388157E0
6.359233333E1,1.818717957E-1,-1.305285645E-1,9.825567627E0,9.828117533E0
6.360236333E1,1.740879822E-1,-1.261875916E-1,9.790540466E0,9.792901131E0
6.361239433E1,1.926493835E-1,-1.567240906E-1,9.822274475E0,9.825413584E0
6.362242433E1,1.989363098E-1,-1.965412903E-1,9.854008484E0,9.857975823E0
6.363245433E1,2.309696960E-1,-2.357597351E-1,9.881850586E0,9.887360652E0
6.364248433E1,2.182461548E-1,-2.721340942E-1,9.891580353E0,9.897729549E0
6.365251433E1,1.980381775E-1,-2.962339783E-1,9.878557434E0,9.884982077E0
6.366254433E1,1.893562317E-1,-3.122506714E-1,9.863438873E0,9.870196689E0
6.367257454E1,1.698966980E-1,-3.134481812E-1,9.838590546E0,9.845048429E0
6.368260454E1,1.496887207E-1,-2.929408264E-1,9.839039612E0,9.844537649E0
6.369263454E1,1.719923401E-1,-2.715353394E-1,9.840686188E0,9.845934057E0
6.370266454E1,1.793270874E-1,-2.585124207E-1,9.847871246E0,9.852895765E0
6.371269454E1,2.064207458E-1,-2.198927307E-1,9.857750702E0,9.862363370E0
6.372272554E1,1.917512512E-1,-2.143542480E-1,9.859996033E0,9.864189680E0
6.373275554E1,1.779798889E-1,-2.168989563E-1,9.852960663E0,9.856954693E0
6.374278554E1,1.859133911E-1,-2.176473999E-1,9.862391052E0,9.866544048E0
6.375281554E1,1.865121460E-1,-2.186952209E-1,9.874964905E0,9.879147041E0
6.376284554E1,1.860630798E-1,-2.119592285E-1,9.873318329E0,9.877345848E0
6.377287654E1,1.936972046E-1,-2.198927307E-1,9.878258057E0,9.882603587E0
6.378290654E1,1.874102783E-1,-2.198927307E-1,9.877659302E0,9.881883864E0
6.379293654E1,1.821711731E-1,-2.227368164E-1,9.926008759E0,9.930178644E0
6.380296654E1,1.624122620E-1,-2.396516418E-1,9.912087708E0,9.916314506E0
6.381299654E1,2.062710571E-1,-2.363584900E-1,9.838440857E0,9.843441044E0
6.382302754E1,2.131567383E-1,-2.371069336E-1,9.820328522E0,9.825502927E0
6.383305754E1,2.050735474E-1,-2.392025757E-1,9.810748444E0,9.815806541E0
6.384308754E1,1.700463867E-1,-2.514770508E-1,9.755812683E0,9.760534698E0
6.385311754E1,1.736389160E-1,-2.555186462E-1,9.785451050E0,9.790326476E0
6.386314754E1,1.838177490E-1,-2.625540161E-1,9.832303619E0,9.837526012E0
6.387317854E1,1.992356873E-1,-2.857557678E-1,9.897867279E0,9.903995552E0
6.388320854E1,1.836680603E-1,-2.791694641E-1,9.933642883E0,9.939262069E0
6.389323854E1,1.624122620E-1,-2.743794250E-1,9.943372650E0,9.948483375E0
6.390326854E1,1.745370483E-1,-2.600093079E-1,9.915530548E0,9.920474488E0
6.391329854E1,1.826202393E-1,-2.423460388E-1,9.853559418E0,9.858230823E0
6.392332954E1,1.989363098E-1,-2.294728088E-1,9.838889923E0,9.843575994E0
6.393335954E1,2.056723022E-1,-2.267784119E-1,9.821376343E0,9.826146895E0
6.394338954E1,2.064207458E-1,-2.378553772E-1,9.847871246E0,9.852905804E0
6.395341954E1,1.930984497E-1,-2.532733154E-1,9.861043854E0,9.866185700E0
6.396344954E1,1.832189941E-1,-2.655477905E-1,9.848320312E0,9.853603290E0
6.397348054E1,1.794767761E-1,-2.603086853E-1,9.846673737E0,9.851748890E0
6.398351054E1,1.779798889E-1,-2.630030823E-1,9.849068756E0,9.854187071E0
6.399354054E1,1.751358032E-1,-2.543211365E-1,9.854158173E0,9.858995135E0
6.400357054E1,1.851649475E-1,-2.412982178E-1,9.844727783E0,9.849425162E0
6.401360054E1,1.910028076E-1,-2.489323425E-1,9.846074982E0,9.851073136E0
6.402363154E1,2.061213684E-1,-2.459385681E-1,9.876162415E0,9.881374188E0
6.403366154E1,1.975891113E-1,-2.423460388E-1,9.866582336E0,9.871535851E0
6.404369154E1,2.032772827E-1,-2.523751831E-1,9.859546967E0,9.864871072E0
6.405372154E1,2.092648315E-1,-2.588117981E-1,9.859696655E0,9.865312638E0
6.406375154E1,2.004331970E-1,-2.613565063E-1,9.861941986E0,9.867440419E0
6.407378254E1,1.856140137E-1,-2.622546387E-1,9.889484711E0,9.894702517E0
6.408381254E1,1.766326904E-1,-2.468367004E-1,9.871821442E0,9.876486523E0
6.409384254E1,1.779798889E-1,-2.374063110E-1,9.867330780E0,9.871790887E0
6.410387254E1,1.743873596E-1,-2.200424194E-1,9.840237122E0,9.844241780E0
6.411390254E1,1.868115234E-1,-2.200424194E-1,9.855056305E0,9.859282529E0
6.412393354E1,1.899549866E-1,-2.094145203E-1,9.861343231E0,9.865395464E0
6.413396354E1,1.938468933E-1,-2.215393066E-1,9.852212219E0,9.856609046E0
6.414399354E1,1.975891113E-1,-2.185455322E-1,9.869426422E0,9.873823044E0
6.415402354E1,1.907034302E-1,-2.380050659E-1,9.861792297E0,9.866507058E0
6.416405354E1,1.913021851E-1,-2.414479065E-1,9.841284943E0,9.846104963E0
6.417408454E1,1.950444031E-1,-2.338137817E-1,9.839488678E0,9.844198731E0
6.418411454E1,1.984872437E-1,-2.456391907E-1,9.857451324E0,9.862508931E0
6.419414454E1,1.950444031E-1,-2.393522644E-1,9.861193542E0,9.866026044E0
6.420417454E1,1.814227295E-1,-2.237846375E-1,9.865833893E0,9.870039117E0
6.421420454E1,1.790277100E-1,-2.131567383E-1,9.842332764E0,9.846268377E0
6.422423554E1,1.844165039E-1,-2.013313293E-1,9.848769379E0,9.852553071E0
6.423426554E1,1.842668152E-1,-1.966909790E-1,9.858050079E0,9.861733771E0
6.424429554E1,1.838177490E-1,-1.966909790E-1,9.842033386E0,9.845714676E0
6.425432554E1,1.914518738E-1,-1.749861145E-1,9.837842102E0,9.841260650E0
6.426435554E1,1.857637024E-1,-1.833686829E-1,9.864187317E0,9.867640227E0
6.427438654E1,1.841171265E-1,-1.857637024E-1,9.863289185E0,9.866756347E0
6.428441654E1,1.907034302E-1,-1.957928467E-1,9.857002258E0,9.860790848E0
6.429444654E1,1.914518738E-1,-1.854643250E-1,9.876162415E0,9.879758847E0
6.430447654E1,1.841171265E-1,-1.731898499E-1,9.892628174E0,9.895857013E0
6.431450654E1,1.972897339E-1,-1.853146362E-1,9.881551208E0,9.885257662E0
6.432453754E1,1.883084106E-1,-1.594184875E-1,9.898466034E0,9.901540493E0
6.433456754E1,1.889071655E-1,-1.326242065E-1,9.879754944E0,9.882450751E0
6.434459754E1,1.787283325E-1,-1.378633118E-1,9.838141479E0,9.840730556E0
6.435462754E1,1.754351807E-1,-1.258882141E-1,9.799671478E0,9.802050113E0
6.436465754E1,1.862127686E-1,-1.160087585E-1,9.787846069E0,9.790304587E0
6.437468854E1,1.682501221E-1,-1.065783691E-1,9.845925293E0,9.847939476E0
6.438471854E1,1.800755310E-1,-1.187031555E-1,9.894574127E0,9.896924512E0
6.439474854E1,1.942959595E-1,-1.263372803E-1,9.896669769E0,9.899383039E0
6.440477854E1,1.721420288E-1,-1.216969299E-1,9.884544983E0,9.886792834E0
6.441480854E1,1.591191101E-1,-1.329235840E-1,9.829758911E0,9.831945271E0
6.442483954E1,1.558259583E-1,-1.199006653E-1,9.795779572E0,9.797752564E0
6.443486954E1,1.715432739E-1,-1.125659180E-1,9.839488678E0,9.841627692E0
6.444489954E1,1.746867371E-1,-1.004411316E-1,9.880204010E0,9.882258606E0
6.445492954E1,1.733395386E-1,-7.843688965E-2,9.919572144E0,9.921396598E0
6.446495954E1,1.869612122E-1,-6.825805664E-2,9.881401520E0,9.883405772E0
6.447499054E1,2.071691895E-1,-5.628295898E-2,9.748328247E0,9.750691794E0
6.448502054E1,2.201921082E-1,-5.523513794E-2,9.718989258E0,9.721640174E0
6.449505054E1,2.414479065E-1,-4.415817261E-2,9.851314087E0,9.854371430E0
6.450508054E1,2.109114075E-1,-8.711883545E-2,9.894274750E0,9.896905887E0
6.451511054E1,1.678010559E-1,-1.113684082E-1,9.882000275E0,9.884052284E0
6.452514154E1,1.486408997E-1,-1.178050232E-1,9.830806732E0,9.832636124E0
6.453517154E1,1.736389160E-1,-1.002914429E-1,9.821376343E0,9.823423136E0
6.454520154E1,1.847158813E-1,-5.388793945E-2,9.941726074E0,9.943587944E0
6.455523154E1,1.811233521E-1,-7.185058594E-3,9.998757477E0,1.000040041E1
6.456526154E1,1.631607056E-1,2.859054565E-2,9.948911133E0,9.950290024E0
6.457529254E1,1.573228455E-1,6.421646118E-2,9.848170624E0,9.849636484E0
6.458532254E1,1.673519897E-1,1.022373962E-1,9.779463501E0,9.781429627E0
6.459535254E1,1.984872437E-1,1.187031555E-1,9.763895874E0,9.766634541E0
6.460538254E1,1.993853760E-1,1.112187195E-1,9.809700623E0,9.812357028E0
6.461541254E1,2.157014465E-1,6.721023560E-2,9.871372375E0,9.873957510E0
6.462544354E1,2.336640930E-1,3.517684937E-2,9.922715607E0,9.925528768E0
6.463547354E1,2.136058044E-1,8.532257080E-3,9.940079498E0,9.942378019E0
6.464550354E1,2.043251038E-1,-2.035766602E-2,9.905202026E0,9.907330133E0
6.465553354E1,2.022294617E-1,-3.682342529E-2,9.884844360E0,9.886981377E0
6.466556354E1,1.862127686E-1,-2.918930054E-2,9.845176849E0,9.846980979E0
6.467559446E1,1.853146362E-1,-2.844085693E-3,9.839039612E0,9.840785034E0
6.468562446E1,1.737886047E-1,1.362167358E-2,9.827064514E0,9.828610532E0
6.469565446E1,1.706451416E-1,4.805007935E-2,9.831106110E0,9.832704405E0
6.470568446E1,1.954934692E-1,9.205856323E-2,9.837393036E0,9.839765964E0
6.471571446E1,1.956431580E-1,1.010398865E-1,9.873468018E0,9.875923045E0
6.472574546E1,2.098635864E-1,1.356179810E-1,9.875264282E0,9.878424956E0
6.473577546E1,2.025288391E-1,1.228944397E-1,9.877659302E0,9.880499697E0
6.474580546E1,2.062710571E-1,1.474433899E-1,9.882748718E0,9.886000684E0
6.475583546E1,1.971400452E-1,1.607656860E-1,9.886341248E0,9.889613393E0
6.476586546E1,2.044747925E-1,1.615141296E-1,9.864786072E0,9.868226842E0
6.477589646E1,2.064207458E-1,1.727407837E-1,9.863738251E0,9.867410054E0
6.478592646E1,2.040257263E-1,1.713935852E-1,9.949659576E0,9.953227012E0
6.479595646E1,1.899549866E-1,1.600172424E-1,9.949360199E0,9.952459836E0
6.480598646E1,1.935475159E-1,1.664538574E-1,9.866432648E0,9.869734582E0
6.481601646E1,2.213896179E-1,1.763333130E-1,9.837093658E0,9.841164486E0
6.482604746E1,2.279759216E-1,1.576222229E-1,9.806108093E0,9.810024145E0
6.483607746E1,1.910028076E-1,1.386117554E-1,9.786648560E0,9.789493619E0
6.484610746E1,1.770817566E-1,1.356179810E-1,9.815987549E0,9.818521362E0
6.485613746E1,1.913021851E-1,1.414558411E-1,9.853409729E0,9.856281731E0
6.486616746E1,2.016307068E-1,1.353186035E-1,9.849667511E0,9.852660359E0
6.487619846E1,2.004331970E-1,1.221459961E-1,9.907746735E0,9.910526649E0
6.488622846E1,1.933978271E-1,1.502874756E-1,9.934541016E0,9.937559773E0
6.489625846E1,1.893562317E-1,1.594184875E-1,9.934241638E0,9.937324940E0
6.490628846E1,1.766326904E-1,1.883084106E-1,9.888885956E0,9.892255790E0
6.491631846E1,1.868115234E-1,2.061213684E-1,9.826765137E0,9.830701787E0
6.492634946E1,2.128573608E-1,2.198927307E-1,9.837542725E0,9.842301963E0
6.493637946E1,2.154020691E-1,2.353106689E-1,9.860295410E0,9.865454614E0
6.494640946E1,2.067201233E-1,2.287243652E-1,9.845925293E0,9.850750881E0
6.495643946E1,2.031275940E-1,2.203417969E-1,9.825268250E0,9.829837613E0
6.496647046E1,1.908531189E-1,2.233355713E-1,9.813442841E0,9.817839074E0
6.497650046E1,1.832189941E-1,2.163002014E-1,9.861941986E0,9.866015139E0
6.498653046E1,1.812730408E-1,2.079176331E-1,9.885892181E0,9.889739829E0
6.499656046E1,1.752854919E-1,2.177970886E-1,9.896819458E0,9.900767443E0
6.500659046E1,1.880090332E-1,2.375559998E-1,9.869875488E0,9.874523908E0
6.501662146E1,1.796264648E-1,2.404000854E-1,9.861492920E0,9.866058001E0
6.502665146E1,1.917512512E-1,2.507286072E-1,9.870474243E0,9.875519994E0
6.503668146E1,1.917512512E-1,2.523751831E-1,9.844278717E0,9.849379942E0
6.504671146E1,1.936972046E-1,2.475851440E-1,9.843829651E0,9.848847608E0
6.505674146E1,1.844165039E-1,2.661465454E-1,9.848020935E0,9.853342568E0
6.506677246E1,1.809736633E-1,2.650987244E-1,9.846074982E0,9.851305566E0
6.507680246E1,1.588197327E-1,2.634521484E-1,9.877210236E0,9.881999432E0
6.508683246E1,1.977388000E-1,2.682421875E-1,9.874665527E0,9.880287130E0
6.509686246E1,1.983375549E-1,2.683918762E-1,9.864636383E0,9.870279781E0
6.510689246E1,1.905537415E-1,2.778222656E-1,9.861492920E0,9.867245743E0
6.511692346E1,1.821711731E-1,2.866539001E-1,9.860894165E0,9.866741637E0
6.512695346E1,1.752854919E-1,2.978805542E-1,9.861043854E0,9.867099053E0
6.513698346E1,1.733395386E-1,3.113525391E-1,9.875713348E0,9.882140514E0
6.514701346E1,1.619631958E-1,3.200344849E-1,9.876611481E0,9.883122406E0
6.515704346E1,1.709445190E-1,3.305126953E-1,9.866582336E0,9.873596491E0
6.516707446E1,1.841171265E-1,3.144960022E-1,9.855205994E0,9.861941595E0
6.517710446E1,1.790277100E-1,3.195854187E-1,9.840835876E0,9.847651319E0
6.518713446E1,1.758842468E-1,3.170407104E-1,9.873168640E0,9.879823332E0
6.519716446E1,1.755848694E-1,3.065625000E-1,9.875413971E0,9.881731210E0
6.520719446E1,1.842668152E-1,3.225791931E-1,9.864486694E0,9.871479592E0
6.521722546E1,1.477427673E-1,3.135978699E-1,9.855205994E0,9.861300965E0
6.522725546E1,1.606159973E-1,3.215313721E-1,9.839189301E0,9.845751673E0
6.523728546E1,1.604663086E-1,3.179388428E-1,9.844578094E0,9.851017836E0
6.524731546E1,1.830693054E-1,3.198847961E-1,9.848619690E0,9.855513708E0
6.525734546E1,1.664538574E-1,3.239263916E-1,9.855205994E0,9.861932892E0
6.526737646E1,1.691482544E-1,3.400927734E-1,9.866732025E0,9.874040464E0
6.527740646E1,1.709445190E-1,3.275189209E-1,9.866133270E0,9.873047978E0
6.528743646E1,1.538800049E-1,3.409909058E-1,9.863738251E0,9.870830063E0
6.529746646E1,1.598675537E-1,3.559597778E-1,9.859546967E0,9.867265649E0
6.530749646E1,1.398092651E-1,3.629951477E-1,9.865983582E0,9.873648978E0
6.531752746E1,1.499880981E-1,3.625460815E-1,9.863887939E0,9.871687868E0
6.532755746E1,1.474433899E-1,3.781137085E-1,9.856553192E0,9.864904985E0
6.533758746E1,1.616638184E-1,3.754193115E-1,9.851314087E0,9.859790266E0
6.534761746E1,1.499880981E-1,3.835025024E-1,9.865983582E0,9.874573542E0
6.535764746E1,1.501377869E-1,3.899391174E-1,9.869875488E0,9.878716315E0
6.536767846E1,1.496887207E-1,3.881428528E-1,9.870623932E0,9.879386539E0
6.537770846E1,1.550775146E-1,3.897894287E-1,9.858648834E0,9.867570201E0
6.538773846E1,1.469943237E-1,3.978726196E-1,9.830657043E0,9.839803243E0
6.539776846E1,1.374142456E-1,4.026626587E-1,9.854158173E0,9.863338846E0
6.540779946E1,1.508862305E-1,4.065545654E-1,9.891280975E0,9.900782424E0
6.541782946E1,1.456471252E-1,3.980223083E-1,9.877060547E0,9.886149902E0
6.542785946E1,1.257385254E-1,4.168830872E-1,9.845176849E0,9.854801311E0
6.543788946E1,1.179547119E-1,4.044589233E-1,9.806108093E0,9.815154419E0
6.544791946E1,1.318757629E-1,4.144880676E-1,9.788893890E0,9.798552708E0
6.545795046E1,1.354682922E-1,4.095483398E-1,9.855655060E0,9.865090884E0
6.546798046E1,1.303788757E-1,4.074526978E-1,9.894873505E0,9.904117226E0
6.547801046E1,1.320254517E-1,4.252656555E-1,9.846074982E0,9.856138906E0
6.548804046E1,1.474433899E-1,4.140390015E-1,9.808503113E0,9.818345134E0
6.549807046E1,1.737886047E-1,4.326004028E-1,9.797575836E0,9.808661369E0
6.550810146E1,1.818717957E-1,4.204756165E-1,9.870923309E0,9.881548668E0
6.551813146E1,1.643582153E-1,4.068539429E-1,9.888885956E0,9.898616530E0
6.552816146E1,1.288819885E-1,3.936813354E-1,9.821526031E0,9.830257837E0
6.553819146E1,1.297801208E-1,4.050576782E-1,9.739346924E0,9.748630319E0
6.554822146E1,1.416055298E-1,4.144880676E-1,9.768386536E0,9.778201675E0
6.555825246E1,1.459465027E-1,4.070036316E-1,9.868079224E0,9.877547261E0
6.556828246E1,1.203497314E-1,4.397854614E-1,9.993218994E0,1.000361541E1
6.557831246E1,9.265731812E-2,4.724176025E-1,9.997559967E0,1.000914427E1
6.558834246E1,1.052311707E-1,5.207670593E-1,9.932445374E0,9.946644813E0
6.559837346E1,1.225950623E-1,5.580395508E-1,9.855804749E0,9.872351540E0
6.560840346E1,1.657054138E-1,5.662724304E-1,9.801168365E0,9.818911553E0
6.561843346E1,1.869612122E-1,5.803431702E-1,9.806557159E0,9.825493169E0
6.562846346E1,1.721420288E-1,5.557942200E-1,9.849068756E0,9.866240188E0
6.563849346E1,1.719923401E-1,5.331912231E-1,9.850715332E0,9.866634016E0
6.564852446E1,1.763333130E-1,4.882846069E-1,9.860445099E0,9.874102128E0
6.565855446E1,1.721420288E-1,4.659809875E-1,9.862540741E0,9.875043343E0
6.566858471E1,1.746867371E-1,4.502636719E-1,9.869127045E0,9.880937276E0
6.567861471E1,1.692979431E-1,4.203259277E-1,9.906848602E0,9.917206507E0
6.568864471E1,1.643582153E-1,4.281097412E-1,9.889933777E0,9.900559665E0
6.569867571E1,1.492396545E-1,4.438270569E-1,9.862840118E0,9.873949065E0
6.570870571E1,1.434017944E-1,4.749623108E-1,9.830507355E0,9.843019258E0
6.571873571E1,1.395098877E-1,5.084925842E-1,9.820777588E0,9.834922478E0
6.572876571E1,1.549278259E-1,5.276527405E-1,9.816436615E0,9.831828307E0
6.573879571E1,1.514849854E-1,5.417234802E-1,9.848320312E0,9.864371496E0
6.574882671E1,1.571731567E-1,5.691165161E-1,9.860744476E0,9.878404661E0
6.575885671E1,1.550775146E-1,5.830375671E-1,9.855954437E0,9.874402246E0
6.576888671E1,1.553768921E-1,5.858816528E-1,9.868677979E0,9.887274869E0
6.577891671E1,1.549278259E-1,5.900729370E-1,9.873168640E0,9.891999176E0
6.578894671E1,1.672023010E-1,5.992039490E-1,9.878707123E0,9.898275426E0
6.579897771E1,1.686991882E-1,5.993536377E-1,9.860445099E0,9.880084096E0
6.580900771E1,1.543290710E-1,5.972579956E-1,9.869875488E0,9.889134276E0
6.581903771E1,1.444496155E-1,6.002517700E-1,9.919123077E0,9.938318294E0
6.582906771E1,1.507365417E-1,5.969586182E-1,9.913883972E0,9.932984270E0
6.583909871E1,1.646575928E-1,6.042933655E-1,9.800419922E0,9.820413089E0
6.584912871E1,1.908531189E-1,5.936654663E-1,9.732760620E0,9.752717205E0
6.585915871E1,1.746867371E-1,5.771997070E-1,9.741741943E0,9.760389903E0
6.586918871E1,1.463955688E-1,5.619314575E-1,9.792336731E0,9.809539096E0
6.587921871E1,1.278341675E-1,5.327421570E-1,9.853110352E0,9.868330121E0
6.588924971E1,1.339714050E-1,5.378315735E-1,9.890532532E0,9.906050924E0
6.589927971E1,1.381626892E-1,5.495072937E-1,9.905052338E0,9.921245335E0
6.590930971E1,1.413061523E-1,5.704637146E-1,9.908046112E0,9.925460898E0
6.591933971E1,1.435514832E-1,5.816903687E-1,9.895172882E0,9.913294966E0
6.592936971E1,1.496887207E-1,6.069877625E-1,9.856553192E0,9.876359739E0
6.593940071E1,1.505868530E-1,6.418652344E-1,9.829160156E0,9.851246457E0
6.594943071E1,1.441502380E-1,6.523434448E-1,9.798923035E0,9.821671136E0
6.595946071E1,1.532812500E-1,6.511459351E-1,9.814340973E0,9.837112122E0
6.596949071E1,1.513352966E-1,6.533912659E-1,9.838590546E0,9.861424159E0
6.597952071E1,1.371148682E-1,6.358776855E-1,9.827363892E0,9.848869071E0
6.598955171E1,1.341210938E-1,6.228547668E-1,9.837393036E0,9.858003767E0
6.599958171E1,1.246907043E-1,6.349795532E-1,9.862241364E0,9.883448362E0
6.600961171E1,1.240919495E-1,6.204597473E-1,9.869276733E0,9.889539542E0
6.601964171E1,1.222956848E-1,6.382727051E-1,9.856403503E0,9.877805338E0
6.602967271E1,1.237925720E-1,6.430627441E-1,9.842482452E0,9.864244275E0
6.603970271E1,1.285826111E-1,6.577322388E-1,9.819430389E0,9.842274044E0
6.604973271E1,1.395098877E-1,6.677613831E-1,9.821675720E0,9.845338096E0
6.605976271E1,1.276844788E-1,6.640191650E-1,9.838141479E0,9.861351456E0
6.606979271E1,1.257385254E-1,6.815327454E-1,9.859097900E0,9.883425948E0
6.607982371E1,1.202000427E-1,6.827302551E-1,9.860445099E0,9.884783569E0
6.608985371E1,1.200503540E-1,6.843768311E-1,9.863139496E0,9.887583347E0
6.609988371E1,1.270857239E-1,6.852749634E-1,9.841584320E0,9.866232031E0
6.610991371E1,1.137634277E-1,6.777905273E-1,9.846224670E0,9.870181476E0
6.611994371E1,1.284329224E-1,6.888674927E-1,9.852511597E0,9.877399364E0
6.612997471E1,1.185534668E-1,6.825805664E-1,9.851164398E0,9.875495489E0
6.614000471E1,1.037342834E-1,6.884184265E-1,9.845176849E0,9.869761290E0
6.615003471E1,1.088237000E-1,6.909631348E-1,9.857601013E0,9.882386877E0
6.616006471E1,1.221459961E-1,6.975494385E-1,9.848919067E0,9.874345632E0
6.617009471E1,1.240919495E-1,6.954537964E-1,9.842033386E0,9.867354051E0
6.618012571E1,1.086740112E-1,7.135661316E-1,9.846973114E0,9.873391827E0
6.619015571E1,1.100212097E-1,7.241940308E-1,9.851613464E0,9.878808102E0
6.620018571E1,1.160087585E-1,7.197033691E-1,9.847871246E0,9.874816406E0
6.621021571E1,1.252894592E-1,7.195536804E-1,9.838889923E0,9.865962187E0
6.622024671E1,1.231938171E-1,7.315287781E-1,9.828262024E0,9.856218620E0
6.623027671E1,1.046324158E-1,7.101232910E-1,9.816735992E0,9.842943085E0
6.624030671E1,1.131646729E-1,7.201524353E-1,9.835596771E0,9.862575202E0
6.625033671E1,1.092727661E-1,7.289840698E-1,9.838440857E0,9.866016258E0
6.626036671E1,9.984237671E-2,7.280859375E-1,9.839039612E0,9.866447087E0
6.627039771E1,9.445358276E-2,7.235952759E-1,9.841135254E0,9.868153560E0
6.628042771E1,1.113684082E-1,7.268884277E-1,9.833501129E0,9.860959090E0
6.629045771E1,1.001417542E-1,7.225474548E-1,9.832602997E0,9.859623973E0
6.630048771E1,9.490264893E-2,7.409591675E-1,9.827812958E0,9.856162262E0
6.631051771E1,9.086105347E-2,7.354206848E-1,9.836494904E0,9.864366746E0
6.632054871E1,9.101074219E-2,7.411088562E-1,9.844278717E0,9.872555330E0
6.633057871E1,9.175918579E-2,7.432044983E-1,9.849218445E0,9.877645299E0
6.634060871E1,9.116043091E-2,7.466473389E-1,9.842033386E0,9.870735213E0
6.635063871E1,8.771759033E-2,7.447013855E-1,9.826465759E0,9.855034442E0
6.636066971E1,8.876541138E-2,7.545808411E-1,9.834249573E0,9.863555961E0
6.637069971E1,8.502319336E-2,7.550299072E-1,9.870174866E0,9.899376293E0
6.638072971E1,8.592132568E-2,7.677534485E-1,9.874066772E0,9.904242649E0
6.639075971E1,9.370513916E-2,7.722441101E-1,9.839488678E0,9.870191440E0
6.640078971E1,6.421646118E-2,7.924520874E-1,9.808952179E0,9.841120206E0
6.641082071E1,6.571334839E-2,7.942483521E-1,9.779762878E0,9.812181748E0
6.642085071E1,6.017486572E-2,7.909552002E-1,9.799671478E0,9.831723767E0
6.643088071E1,8.337661743E-2,7.988887024E-1,9.844129028E0,9.876844190E0
6.644091071E1,8.217910767E-2,7.827223206E-1,9.850116577E0,9.881508196E0
6.645094171E1,9.580078125E-2,7.759863281E-1,9.809401245E0,9.840512454E0
6.646097171E1,1.231938171E-1,7.771838379E-1,9.794731750E0,9.826289305E0
6.647100171E1,1.243913269E-1,7.767347717E-1,9.838740234E0,9.870136752E0
6.648103171E1,1.047821045E-1,7.705975342E-1,9.871072998E0,9.901660567E0
6.649106171E1,8.427474976E-2,7.713459778E-1,9.833501129E0,9.864067179E0
6.650109271E1,9.729766846E-2,7.553292847E-1,9.742191010E0,9.771912547E0
6.651112271E1,1.023870850E-1,7.725434875E-1,9.673783264E0,9.705121802E0
6.652115271E1,9.759704590E-2,7.761360168E-1,9.747729492E0,9.779066548E0
6.653118271E1,8.307723999E-2,7.722441101E-1,9.871522064E0,9.902030633E0
6.654121271E1,5.523513794E-2,7.942483521E-1,9.958940277E0,9.990714329E0
6.655124371E1,4.655319214E-2,8.381071472E-1,9.963131561E0,9.998428941E0
6.656127371E1,5.403762817E-2,8.753796387E-1,9.887838135E0,9.926658680E0
6.657130371E1,7.559280396E-2,9.065148926E-1,9.821376343E0,9.863413040E0
6.658133371E1,9.445358276E-2,9.294172668E-1,9.793683929E0,9.838139196E0
6.659136471E1,1.245410156E-1,9.306147766E-1,9.817185059E0,9.861981383E0
6.660139471E1,1.224453735E-1,9.077124023E-1,9.821076965E0,9.863695425E0
6.661142471E1,1.227447510E-1,9.080117798E-1,9.811945953E0,9.854635207E0
6.662145471E1,1.324745178E-1,8.710386658E-1,9.800419922E0,9.839943521E0
6.663148471E1,1.145118713E-1,8.641529846E-1,9.823022919E0,9.861625252E0
6.664151571E1,1.085243225E-1,8.494834900E-1,9.870623932E0,9.907704907E0
6.665154571E1,1.125659180E-1,8.126600647E-1,9.865983582E0,9.900036338E0
6.666157571E1,1.031355286E-1,8.222401428E-1,9.877509613E0,9.912210245E0
6.667160579E1,8.831634521E-2,8.146060181E-1,9.859696655E0,9.893684899E0
6.668163579E1,9.086105347E-2,8.265811157E-1,9.810449066E0,9.845628621E0
6.669166679E1,1.050814819E-1,8.577163696E-1,9.797875214E0,9.835907594E0
6.670169679E1,9.086105347E-2,8.901988220E-1,9.796677704E0,9.837459210E0
6.671172679E1,9.669891357E-2,8.948391724E-1,9.806407471E0,9.847624856E0
6.672175679E1,8.771759033E-2,9.117539978E-1,9.834548950E0,9.877112067E0
6.673178779E1,1.011895752E-1,9.211843872E-1,9.842781830E0,9.886312465E0
6.674181779E1,1.073268127E-1,9.345066833E-1,9.828561401E0,9.873471578E0
6.675184779E1,1.070274353E-1,9.273216248E-1,9.837393036E0,9.881582971E0
6.676187779E1,1.216969299E-1,9.431886292E-1,9.832303619E0,9.878188569E0
6.677190779E1,1.267863464E-1,9.629475403E-1,9.842033386E0,9.889841451E0
6.678193879E1,9.280700684E-2,9.560618591E-1,9.873018951E0,9.919635610E0
6.679196879E1,7.259902954E-2,9.503736877E-1,9.901160431E0,9.946932122E0
6.680199879E1,8.966354370E-2,9.457333374E-1,9.826465759E0,9.872278380E0
6.681202879E1,1.155596924E-1,9.502239990E-1,9.724976807E0,9.771972860E0
6.682205979E1,1.312770081E-1,9.294172668E-1,9.696835327E0,9.742159179E0
6.683208979E1,1.052311707E-1,9.113049316E-1,9.760752411E0,9.803766516E0
6.684211979E1,8.292755127E-2,8.910969543E-1,9.811496887E0,9.852228272E0
6.685214979E1,7.903564453E-2,8.792715454E-1,9.862989807E0,9.902420564E0
6.686217979E1,8.666976929E-2,8.771759033E-1,9.895023193E0,9.934205213E0
6.687221079E1,7.679031372E-2,8.884025574E-1,9.902807007E0,9.942873954E0
6.688224079E1,8.532257080E-2,9.208850098E-1,9.883347473E0,9.926523380E0
6.689227079E1,8.053253174E-2,9.252259827E-1,9.851314087E0,9.894994585E0
6.690230079E1,8.921447754E-2,9.629475403E-1,9.817035370E0,9.864553241E0
6.691233079E1,1.059796143E-1,9.668394470E-1,9.790091400E0,9.838287443E0
6.692236179E1,9.385482788E-2,9.654922485E-1,9.796677704E0,9.844586230E0
6.693239179E1,8.487350464E-2,9.644444275E-1,9.798324280E0,9.846040588E0
6.694242179E1,9.026229858E-2,9.593550110E-1,9.799821167E0,9.847081000E0
6.695245179E1,7.873626709E-2,9.493258667E-1,9.817484436E0,9.863590607E0
6.696248279E1,7.694000244E-2,9.395960999E-1,9.821376343E0,9.866518832E0
6.697251279E1,7.634124756E-2,9.349557495E-1,9.849068756E0,9.893640665E0
6.698254279E1,7.559280396E-2,9.285191345E-1,9.845925293E0,9.889899238E0
6.699257279E1,6.466552734E-2,9.358538818E-1,9.818981323E0,9.863690909E0
6.700260279E1,7.379653931E-2,9.416917419E-1,9.785750427E0,9.831232918E0
6.701263379E1,8.173004150E-2,9.454339600E-1,9.789193268E0,9.835081596E0
6.702266379E1,7.933502197E-2,9.560618591E-1,9.785750427E0,9.832662902E0
6.703269379E1,7.843688965E-2,9.738748169E-1,9.810598755E0,9.859129395E0
6.704272379E1,7.574249268E-2,9.696835327E-1,9.818083191E0,9.866143148E0
6.705275479E1,9.086105347E-2,9.636959839E-1,9.823022919E0,9.870600029E0
6.706278479E1,7.185058594E-2,9.684860229E-1,9.828561401E0,9.876423791E0
6.707281479E1,8.382568359E-2,9.648934937E-1,9.811945953E0,9.859631311E0
6.708284479E1,7.738906860E-2,9.750723267E-1,9.819879456E0,9.868474433E0
6.709287479E1,8.637039185E-2,9.780661011E-1,9.824968872E0,9.873909382E0
6.710290579E1,8.801696777E-2,9.696835327E-1,9.836045837E0,9.884120136E0
6.711293579E1,8.756790161E-2,9.753717041E-1,9.820178833E0,9.868886989E0
6.712296579E1,5.867797852E-2,9.915380859E-1,9.822274475E0,9.872368852E0
6.713299579E1,7.035369873E-2,9.928852844E-1,9.840536499E0,9.890749689E0
6.714302679E1,6.601272583E-2,9.939331055E-1,9.831106110E0,9.881442609E0
6.715305679E1,6.436614990E-2,9.931846619E-1,9.802665253E0,9.853060683E0
6.716308679E1,6.571334839E-2,9.990225220E-1,9.800569611E0,9.851574947E0
6.717311679E1,6.092330933E-2,1.001267853E0,9.794132996E0,9.845368967E0
6.718314679E1,6.945556641E-2,1.004710693E0,9.794731750E0,9.846371805E0
6.719317779E1,8.277786255E-2,9.912387085E-1,9.816586304E0,9.866852234E0
6.720320779E1,7.244934082E-2,9.752220154E-1,9.816735992E0,9.865323737E0
6.721323779E1,6.556365967E-2,9.761201477E-1,9.819879456E0,9.868492370E0
6.722326779E1,5.718109131E-2,9.762698364E-1,9.827363892E0,9.875902669E0
6.723329879E1,5.942642212E-2,9.765692139E-1,9.825717316E0,9.874307049E0
6.724332879E1,6.286926270E-2,9.834548950E-1,9.805509338E0,9.854904843E0
6.725335879E1,6.646179199E-2,9.916877747E-1,9.803413696E0,9.853668450E0
6.726338879E1,5.957611084E-2,9.910890198E-1,9.822873230E0,9.872924858E0
6.727341879E1,4.475692749E-2,9.966275024E-1,9.824669495E0,9.875191150E0
6.728344979E1,4.685256958E-2,9.970765686E-1,9.807754669E0,9.858418154E0
6.729347979E1,5.164260864E-2,1.000220032E0,9.814191284E0,9.865163842E0
6.730350979E1,6.631210327E-2,1.008752289E0,9.848470001E0,9.900219181E0
6.731353979E1,6.750961304E-2,1.003363495E0,9.854457550E0,9.905636247E0
6.732357079E1,4.879852295E-2,1.029708710E0,9.824370117E0,9.878306005E0
6.733360079E1,4.475692749E-2,1.022972717E0,9.781259766E0,9.834709908E0
6.734363079E1,2.829116821E-2,1.019230499E0,9.741891632E0,9.795105092E0
6.735366079E1,2.799179077E-2,1.024619293E0,9.774823151E0,9.828417770E0
6.736369079E1,4.236190796E-2,1.012045441E0,9.830806732E0,9.882853409E0
6.737372179E1,4.505630493E-2,9.942324829E-1,9.853260040E0,9.903396474E0
6.738375179E1,5.912704468E-2,9.885443115E-1,9.818083191E0,9.867901165E0
6.739378179E1,8.876541138E-2,9.879455566E-1,9.796528015E0,9.846617535E0
6.740381179E1,9.595046997E-2,9.961784363E-1,9.815987549E0,9.866873341E0
6.741384179E1,7.484436035E-2,9.915380859E-1,9.828112335E0,9.878286366E0
6.742387279E1,4.490661621E-2,9.803114319E-1,9.804461517E0,9.853450804E0
6.743390279E1,6.466552734E-2,9.809101868E-1,9.737700348E0,9.787194414E0
6.744393279E1,6.945556641E-2,9.665400696E-1,9.665700073E0,9.714153678E0
6.745396279E1,5.852828979E-2,9.813592529E-1,9.702972565E0,9.752649288E0
6.746399379E1,5.807922363E-2,9.773176575E-1,9.807155914E0,9.855903314E0
6.747402379E1,4.819976807E-2,9.952803040E-1,9.944270782E0,9.994069616E0
6.748405379E1,4.355941772E-2,1.019529877E0,9.974956970E0,1.002701876E1
6.749408379E1,3.457809448E-2,1.043031006E0,9.910740509E0,9.965534946E0
6.750411479E1,4.939727783E-2,1.071471863E0,9.810898132E0,9.869357335E0
6.751414479E1,7.214996338E-2,1.101858673E0,9.765692139E0,9.827921505E0
6.752417479E1,8.996292114E-2,1.104104004E0,9.802365875E0,9.864761311E0
6.753420479E1,9.924362183E-2,1.088237000E0,9.807604980E0,9.868293901E0
6.754423479E1,1.068777466E-1,1.064586182E0,9.802365875E0,9.860585345E0
6.755426579E1,1.160087585E-1,1.054856415E0,9.808203735E0,9.865446802E0
6.756429579E1,8.876541138E-2,1.021475830E0,9.808802490E0,9.862246116E0
6.757432579E1,8.382568359E-2,9.978250122E-1,9.830956421E0,9.881820968E0
6.758435579E1,8.292755127E-2,9.854008484E-1,9.865684204E0,9.915120606E0
6.759438679E1,6.242019653E-2,9.749226379E-1,9.859097900E0,9.907380170E0
6.760441679E1,7.903564453E-2,9.671388245E-1,9.853260040E0,9.900926096E0
6.761444679E1,6.900650024E-2,9.782157898E-1,9.816735992E0,9.865595450E0
6.762447679E1,7.244934082E-2,1.010249176E0,9.791288910E0,9.843535484E0
6.763450679E1,7.828720093E-2,1.034798126E0,9.782756653E0,9.837645235E0
6.764453779E1,6.735992432E-2,1.057251434E0,9.784852295E0,9.842034972E0
6.765456779E1,8.247848511E-2,1.061442719E0,9.791887665E0,9.849595290E0
6.766459779E1,7.933502197E-2,1.066083069E0,9.826016693E0,9.883998746E0
6.767462792E1,7.319778442E-2,1.071322174E0,9.827812958E0,9.886303488E0
6.768465892E1,9.071136475E-2,1.066532135E0,9.835596771E0,9.893668844E0
6.769468892E1,9.984237671E-2,1.081800385E0,9.829758911E0,9.889611763E0
6.770471892E1,8.846603394E-2,1.071920929E0,9.834698639E0,9.893338063E0
6.771474892E1,7.664062500E-2,1.081501007E0,9.861492920E0,9.920915322E0
6.772477892E1,5.852828979E-2,1.088386688E0,9.876910858E0,9.936869690E0
6.773480992E1,7.259902954E-2,1.085692291E0,9.815987549E0,9.876113098E0
6.774483992E1,9.879455566E-2,1.078507233E0,9.729916534E0,9.790005821E0
6.775486992E1,1.059796143E-1,1.058748322E0,9.691147156E0,9.749385257E0
6.776489992E1,7.858657837E-2,1.046922913E0,9.721084900E0,9.777612953E0
6.777493092E1,6.002517700E-2,1.024469604E0,9.783505096E0,9.837180133E0
6.778496092E1,4.954696655E-2,1.020577698E0,9.828411713E0,9.881382015E0
6.779499092E1,7.005432129E-2,1.009800110E0,9.857601013E0,9.909434979E0
6.780502092E1,7.095245361E-2,1.009201355E0,9.844727783E0,9.896574496E0
6.781505092E1,7.035369873E-2,1.030457153E0,9.848170624E0,9.902184417E0
6.782508192E1,6.721023560E-2,1.047821045E0,9.848170624E0,9.903984592E0
6.783511192E1,6.331832886E-2,1.066831512E0,9.814939728E0,9.872951967E0
6.784514192E1,6.646179199E-2,1.077160034E0,9.789492645E0,9.848799783E0
6.785517192E1,7.289840698E-2,1.065484314E0,9.796228638E0,9.854271486E0
6.786520292E1,7.304809570E-2,1.065334625E0,9.788744202E0,9.846816081E0
6.787523292E1,5.688171387E-2,1.063089294E0,9.814939728E0,9.872509116E0
6.788526292E1,6.376739502E-2,1.053209839E0,9.816286926E0,9.872831725E0
6.789529292E1,6.092330933E-2,1.044677582E0,9.828711090E0,9.884261459E0
6.790532392E1,4.655319214E-2,1.037791901E0,9.821526031E0,9.876312714E0
6.791535392E1,5.164260864E-2,1.043180695E0,9.822873230E0,9.878245361E0
6.792538392E1,5.388793945E-2,1.054706726E0,9.804162140E0,9.860877519E0
6.793541392E1,6.152206421E-2,1.069525909E0,9.776918793E0,9.835436529E0
6.794544392E1,5.763015747E-2,1.070573730E0,9.778864746E0,9.837461312E0
6.795547492E1,5.822891235E-2,1.072220306E0,9.792037354E0,9.850738172E0
6.796550492E1,6.511459351E-2,1.068927155E0,9.808353424E0,9.866642897E0
6.797553492E1,6.840774536E-2,1.063388672E0,9.823172607E0,9.880799318E0
6.798556492E1,6.990463257E-2,1.064436493E0,9.820178833E0,9.877946346E0
6.799559592E1,6.256988525E-2,1.065035248E0,9.819280701E0,9.877068824E0
6.800562592E1,5.508544922E-2,1.055604858E0,9.815688171E0,9.872439937E0
6.801565592E1,6.316864014E-2,1.055904236E0,9.798174591E0,9.855107780E0
6.802568592E1,5.957611084E-2,1.053958282E0,9.810000000E0,9.866634552E0
6.803571592E1,5.164260864E-2,1.061891785E0,9.816436615E0,9.873839625E0
6.804574692E1,5.194198608E-2,1.057101746E0,9.813143463E0,9.870053024E0
6.805577692E1,5.224136353E-2,1.072819061E0,9.809101868E0,9.867732736E0
6.806580692E1,6.406677246E-2,1.068927155E0,9.801916809E0,9.860237469E0
6.807583692E1,4.939727783E-2,1.072220306E0,9.817035370E0,9.875539475E0
6.808586792E1,4.700225830E-2,1.072819061E0,9.807155914E0,9.865771996E0
6.809589792E1,5.583389282E-2,1.074615326E0,9.807604980E0,9.866459901E0
6.810592792E1,5.388793945E-2,1.055305481E0,9.802365875E0,9.859155660E0
6.811595792E1,5.044509888E-2,1.063388672E0,9.802066498E0,9.859708302E0
6.812598892E1,6.032455444E-2,1.057999878E0,9.806257782E0,9.863351078E0
6.813601892E1,5.957611084E-2,1.049018555E0,9.817933502E0,9.873996531E0
6.814604892E1,4.939727783E-2,1.046773224E0,9.840237122E0,9.895879995E0
6.815607892E1,4.146377563E-2,1.061293030E0,9.827513580E0,9.884740022E0
6.816610892E1,4.355941772E-2,1.069376221E0,9.798324280E0,9.856602945E0
6.817613992E1,4.191284180E-2,1.067879333E0,9.812095642E0,9.870123801E0
6.818616992E1,4.879852295E-2,1.068178711E0,9.839039612E0,9.896973655E0
6.819619992E1,3.996688843E-2,1.076411591E0,9.822274475E0,9.881160616E0
6.820622992E1,3.592529297E-2,1.087338867E0,9.792187042E0,9.852437440E0
6.821626092E1,1.631607056E-2,1.085542603E0,9.758656769E0,9.818861996E0
6.822629092E1,1.062789917E-2,1.071322174E0,9.738897858E0,9.797651537E0
6.823632092E1,1.945953369E-2,1.052910461E0,9.797426147E0,9.853860067E0
6.824635092E1,4.221221924E-2,1.056353302E0,9.845326538E0,9.901925005E0
6.825638092E1,4.879852295E-2,1.041085052E0,9.850865021E0,9.905845801E0
6.826641192E1,6.601272583E-2,1.046922913E0,9.829309845E0,9.885127075E0
6.827644192E1,8.996292114E-2,1.028960266E0,9.785451050E0,9.839812234E0
6.828647192E1,7.888595581E-2,1.037342834E0,9.814191284E0,9.869176952E0
6.829650192E1,4.535568237E-2,1.054107971E0,9.792486420E0,9.849161946E0
6.830653292E1,1.975891113E-2,1.063837738E0,9.758207703E0,9.816045982E0
6.831656292E1,4.191284180E-2,1.044228516E0,9.713151398E0,9.769210815E0
6.832659292E1,3.517684937E-2,1.054557037E0,9.667196960E0,9.724609248E0
6.833662292E1,3.367996216E-2,1.042581940E0,9.708511047E0,9.764389290E0
6.834665392E1,5.029541016E-2,1.045426025E0,9.840835876E0,9.896337502E0
6.835668392E1,3.502716064E-2,1.046922913E0,9.960586853E0,1.001551621E1
6.836671392E1,2.065704346E-2,1.067579956E0,9.958341522E0,1.001542408E1
6.837674392E1,3.832031250E-2,1.097966766E0,9.860744476E0,9.921757964E0
6.838677392E1,4.670288086E-2,1.133143616E0,9.754914551E0,9.820618794E0
6.839680492E1,6.137237549E-2,1.149759064E0,9.751771088E0,9.819508736E0
6.840683492E1,6.780899048E-2,1.155297546E0,9.785750427E0,9.853944485E0
6.841686492E1,7.110214233E-2,1.133293304E0,9.832153931E0,9.897507774E0
6.842689492E1,9.894424438E-2,1.103654938E0,9.824819183E0,9.887108585E0
6.843692592E1,9.924362183E-2,1.101708984E0,9.802515564E0,9.864731287E0
6.844695592E1,7.738906860E-2,1.068328400E0,9.808203735E0,9.866517884E0
6.845698592E1,5.418731689E-2,1.051563263E0,9.830058289E0,9.886291899E0
6.846701592E1,4.385879517E-2,1.019230499E0,9.864786072E0,9.917396768E0
6.847704692E1,5.269042969E-2,1.013542328E0,9.861941986E0,9.914027641E0
6.848707692E1,4.894821167E-2,1.050814819E0,9.842183075E0,9.898241025E0
6.849710692E1,5.688171387E-2,1.049766998E0,9.804012451E0,9.860218376E0
6.850713692E1,7.364685059E-2,1.069825287E0,9.789342957E0,9.847902595E0
6.851716692E1,7.918533325E-2,1.091230774E0,9.781708832E0,9.842707076E0
6.852719792E1,6.197113037E-2,1.103205872E0,9.780211945E0,9.842431066E0
6.853722792E1,6.346801758E-2,1.108744354E0,9.815089417E0,9.877718486E0
6.854725792E1,6.915618896E-2,1.124162292E0,9.817933502E0,9.882324711E0
6.855728792E1,6.795867920E-2,1.121018829E0,9.837991791E0,9.901887904E0
6.856731892E1,8.068222046E-2,1.116228790E0,9.829609222E0,9.893113453E0
6.857734892E1,9.355545044E-2,1.131047974E0,9.830956421E0,9.896248092E0
6.858737892E1,7.424560547E-2,1.118474121E0,9.875413971E0,9.938827791E0
6.859740892E1,4.520599365E-2,1.115330658E0,9.861792297E0,9.924764651E0
6.860743992E1,6.601272583E-2,1.113384705E0,9.789941711E0,9.853270619E0
6.861746992E1,8.262817383E-2,1.112037506E0,9.736353149E0,9.800001402E0
6.862749992E1,8.397537231E-2,1.103056183E0,9.724976807E0,9.787694248E0
6.863752992E1,7.050338745E-2,1.085243225E0,9.726473694E0,9.787084045E0
6.864755992E1,5.733078003E-2,1.071771240E0,9.771529999E0,9.830299025E0
6.865759092E1,4.535568237E-2,1.051114197E0,9.818532257E0,9.874739180E0
6.866762092E1,5.403762817E-2,1.041833496E0,9.845176849E0,9.900295162E0
6.867765067E1,6.092330933E-2,1.041085052E0,9.844578094E0,9.899660984E0
6.868768067E1,6.331832886E-2,1.056053925E0,9.849068756E0,9.905726347E0
6.869771167E1,6.182144165E-2,1.050964508E0,9.837393036E0,9.893566093E0
6.870774167E1,4.760101318E-2,1.066532135E0,9.818981323E0,9.876849238E0
6.871777167E1,4.745132446E-2,1.085093536E0,9.797276459E0,9.857297075E0
6.872780167E1,5.493576050E-2,1.094823303E0,9.773026886E0,9.834312915E0
6.873783267E1,5.837860107E-2,1.084195404E0,9.783804474E0,9.843867010E0
6.874786267E1,5.328918457E-2,1.073866882E0,9.788893890E0,9.847764894E0
6.875789267E1,5.418731689E-2,1.064436493E0,9.806407471E0,9.864156771E0
6.876792267E1,3.936813354E-2,1.056802368E0,9.810598755E0,9.867432747E0
6.877795367E1,4.924758911E-2,1.060095520E0,9.816286926E0,9.873485547E0
6.878798367E1,6.122268677E-2,1.047521667E0,9.827962646E0,9.883820094E0
6.879801367E1,7.005432129E-2,1.039139099E0,9.817484436E0,9.872574048E0
6.880804367E1,6.436614990E-2,1.044976959E0,9.809850311E0,9.865560449E0
6.881807367E1,4.834945679E-2,1.051413574E0,9.791588287E0,9.847995195E0
6.882810467E1,4.625381470E-2,1.069226532E0,9.790989532E0,9.849307631E0
6.883813467E1,4.924758911E-2,1.060843964E0,9.798024902E0,9.855410049E0
6.884816467E1,5.673202515E-2,1.056952057E0,9.807006226E0,9.863961541E0
6.885819467E1,6.301895142E-2,1.055305481E0,9.819280701E0,9.876027264E0
6.886822567E1,5.613327026E-2,1.049317932E0,9.822424164E0,9.878473340E0
6.887825567E1,4.415817261E-2,1.046324158E0,9.819430389E0,9.875118093E0
6.888828567E1,5.867797852E-2,1.044078827E0,9.805509338E0,9.861113380E0
6.889831567E1,5.029541016E-2,1.033001862E0,9.804910583E0,9.859304946E0
6.890834667E1,5.418731689E-2,1.046773224E0,9.793534241E0,9.849466147E0
6.891837667E1,4.071533203E-2,1.046024780E0,9.803563385E0,9.859294124E0
6.892840667E1,6.541397095E-2,1.027613068E0,9.830657043E0,9.884436530E0
6.893843667E1,4.909790039E-2,1.038091278E0,9.813742218E0,9.868615933E0
6.894846667E1,4.146377563E-2,1.023421783E0,9.825867004E0,9.879107945E0
6.895849767E1,4.595443726E-2,1.024918671E0,9.801168365E0,9.854718231E0
6.896852767E1,4.475692749E-2,1.024918671E0,9.794881439E0,9.848459975E0
6.897855767E1,4.415817261E-2,1.015937347E0,9.822124786E0,9.874624750E0
6.898858767E1,5.403762817E-2,1.018631744E0,9.831255798E0,9.884033654E0
6.899861867E1,3.876937866E-2,1.025068359E0,9.822573853E0,9.875992370E0
6.900864867E1,4.595443726E-2,1.024319916E0,9.799521790E0,9.853018340E0
6.901867867E1,4.385879517E-2,1.035696259E0,9.821526031E0,9.876080393E0
6.902870867E1,3.951782227E-2,1.027463379E0,9.848470001E0,9.902000001E0
6.903873967E1,2.290237427E-2,1.035845947E0,9.857301636E0,9.911604153E0
6.904876967E1,4.131408691E-2,1.021176453E0,9.822723541E0,9.875748375E0
6.905879967E1,1.856140137E-2,1.023421783E0,9.791887665E0,9.845242542E0
6.906882967E1,2.484832764E-2,1.017434235E0,9.759554901E0,9.812476840E0
6.907886067E1,2.918930054E-2,1.001866608E0,9.787247314E0,9.838434769E0
6.908889067E1,3.113525391E-2,9.867480469E-1,9.833052063E0,9.882487237E0
6.909892067E1,4.984634399E-2,9.759704590E-1,9.856852570E0,9.905177715E0
6.910895067E1,5.718109131E-2,9.723779297E-1,9.824819183E0,9.872986402E0
6.911898067E1,7.783813477E-2,9.416917419E-1,9.800569611E0,9.846014768E0
6.912901167E1,7.589218140E-2,9.467811584E-1,9.788444824E0,9.834419467E0
6.913904167E1,4.954696655E-2,9.401948547E-1,9.794282684E0,9.839430602E0
6.914907167E1,3.083587646E-2,9.142987061E-1,9.764943695E0,9.807701991E0
6.915910167E1,3.158432007E-2,9.180409241E-1,9.758656769E0,9.801794664E0
6.916913267E1,3.053649902E-2,9.008267212E-1,9.723479919E0,9.765166819E0
6.917916267E1,5.583389282E-2,9.078620911E-1,9.745633850E0,9.787988054E0
6.918919267E1,6.885681152E-2,9.289682007E-1,9.870923309E0,9.914779380E0
6.919922267E1,5.059478760E-2,9.232800293E-1,9.963430939E0,1.000624615E1
6.920925367E1,4.176315308E-2,9.539662170E-1,9.976603546E0,1.002219607E1
6.921928367E1,2.260299683E-2,9.776170349E-1,9.893526306E0,9.941735700E0
6.922931367E1,2.829116821E-2,1.005908203E0,9.793085175E0,9.844651794E0
6.923934367E1,6.541397095E-2,1.026565247E0,9.748328247E0,9.802449633E0
6.924937467E1,7.469467163E-2,9.996212769E-1,9.774823151E0,9.826087198E0
6.925940467E1,8.577163696E-2,9.641450500E-1,9.814640350E0,9.862256215E0
6.926943467E1,1.034349060E-1,9.234297180E-1,9.848919067E0,9.892655256E0
6.927946467E1,9.849517822E-2,9.003776550E-1,9.840686188E0,9.882281410E0
6.928949467E1,9.894424438E-2,8.764274597E-1,9.837393036E0,9.876852576E0
6.929952567E1,7.454498291E-2,8.208929443E-1,9.855505371E0,9.889914474E0
6.930955567E1,8.113128662E-2,8.056246948E-1,9.856553192E0,9.889755015E0
6.931958567E1,8.637039185E-2,7.943980408E-1,9.870923309E0,9.903214381E0
6.932961567E1,7.319778442E-2,7.882608032E-1,9.855954437E0,9.887696945E0
6.933964667E1,7.708969116E-2,8.101153564E-1,9.822424164E0,9.856076611E0
6.934967667E1,7.259902954E-2,8.189469910E-1,9.798773346E0,9.833204151E0
6.935970667E1,7.499404907E-2,8.430468750E-1,9.787397003E0,9.823924483E0
6.936973667E1,7.544311523E-2,8.485853577E-1,9.812694397E0,9.849607104E0
6.937976767E1,7.963439941E-2,8.617579651E-1,9.835447083E0,9.873448625E0
6.938979767E1,7.798782349E-2,8.626560974E-1,9.850565643E0,9.888574272E0
6.939982767E1,8.442443848E-2,8.578660583E-1,9.851164398E0,9.888806888E0
6.940985767E1,9.624984741E-2,8.601113892E-1,9.849667511E0,9.887618809E0
6.941988867E1,1.080752563E-1,8.538244629E-1,9.872120819E0,9.909564367E0
6.942991867E1,8.726852417E-2,8.554710388E-1,9.910441132E0,9.947677614E0
6.943994867E1,6.122268677E-2,8.408015442E-1,9.875713348E0,9.911630017E0
6.944997867E1,8.352630615E-2,8.177494812E-1,9.770033112E0,9.804551895E0
6.946000867E1,1.178050232E-1,8.036787415E-1,9.736353149E0,9.770176569E0
6.947003967E1,1.181044006E-1,7.750881958E-1,9.781409454E0,9.812781526E0
6.948006967E1,8.547225952E-2,7.608677673E-1,9.814790039E0,9.844609123E0
6.949009967E1,7.244934082E-2,7.485932922E-1,9.816436615E0,9.845205363E0
6.950012967E1,7.200027466E-2,7.336244202E-1,9.820178833E0,9.847806920E0
6.951016067E1,9.235794067E-2,7.156617737E-1,9.834399261E0,9.860837216E0
6.952019067E1,1.079255676E-1,7.045848083E-1,9.856553192E0,9.882293687E0
6.953022067E1,1.040336609E-1,7.039860535E-1,9.879305878E0,9.904903028E0
6.954025067E1,1.140628052E-1,7.204518127E-1,9.886341248E0,9.913213626E0
6.955028167E1,9.909393311E-2,7.161108398E-1,9.854307861E0,9.880790341E0
6.956031167E1,9.684860229E-2,7.225474548E-1,9.850415955E0,9.877355362E0
6.957034167E1,1.080752563E-1,7.081773376E-1,9.842332764E0,9.868369148E0
6.958037167E1,1.013392639E-1,7.015910339E-1,9.811347198E0,9.836921951E0
6.959040267E1,8.771759033E-2,7.045848083E-1,9.808203735E0,9.833869769E0
6.960043267E1,9.116043091E-2,6.858737183E-1,9.804012451E0,9.828397282E0
6.961046267E1,8.936416626E-2,6.753955078E-1,9.826765137E0,9.850353197E0
6.962049267E1,8.951385498E-2,6.634204102E-1,9.852062531E0,9.874779768E0
6.963052367E1,9.834548950E-2,6.456074524E-1,9.866432648E0,9.888021744E0
6.964055367E1,1.113684082E-1,6.517446899E-1,9.865983582E0,9.888114385E0
6.965058367E1,9.729766846E-2,6.465055847E-1,9.836794281E0,9.858496743E0
6.966061367E1,9.789642334E-2,6.405180359E-1,9.831555176E0,9.852884057E0
6.967064467E1,1.085243225E-1,6.506968689E-1,9.815388794E0,9.837532268E0
6.968067546E1,1.083746338E-1,6.343807983E-1,9.812844086E0,9.833925620E0
6.969070546E1,1.160087585E-1,6.201603699E-1,9.826166382E0,9.846400494E0
6.970073546E1,1.031355286E-1,6.083349609E-1,9.853260040E0,9.872560042E0
6.971076646E1,1.106199646E-1,6.054908752E-1,9.871821442E0,9.890991586E0
6.972079646E1,1.076261902E-1,5.872288513E-1,9.859846344E0,9.877904183E0
6.973082646E1,1.064286804E-1,5.837860107E-1,9.862241364E0,9.880077828E0
6.974085646E1,1.014889526E-1,5.948629761E-1,9.876162415E0,9.894581649E0
6.975088646E1,1.031355286E-1,6.026467896E-1,9.886640625E0,9.905527898E0
6.976091746E1,9.595046997E-2,5.939648438E-1,9.881251831E0,9.899552438E0
6.977094746E1,1.164578247E-1,6.001020813E-1,9.832602997E0,9.851587011E0
6.978097746E1,1.091230774E-1,5.951623535E-1,9.810149689E0,9.828792550E0
6.979100746E1,1.037342834E-1,5.939648438E-1,9.828860779E0,9.847337673E0
6.980103846E1,1.130149841E-1,5.906716919E-1,9.835297394E0,9.853666336E0
6.981106846E1,1.065783691E-1,5.755531311E-1,9.857750702E0,9.875113633E0
6.982109846E1,9.550140381E-2,5.650749207E-1,9.869725800E0,9.886350062E0
6.983112846E1,1.019380188E-1,5.451663208E-1,9.831704865E0,9.847335590E0
6.984115946E1,1.013392639E-1,5.351371765E-1,9.827363892E0,9.842444945E0
6.985118946E1,1.019380188E-1,5.209167480E-1,9.851912842E0,9.866201511E0
6.986121946E1,9.071136475E-2,5.083428955E-1,9.877060547E0,9.890549332E0
6.987124946E1,9.774673462E-2,5.051994324E-1,9.874815216E0,9.888213005E0
6.988128046E1,1.077758789E-1,5.140310669E-1,9.853260040E0,9.867247691E0
6.989131046E1,1.255888367E-1,4.912783813E-1,9.796677704E0,9.809792100E0
6.990134046E1,1.321751404E-1,4.845423889E-1,9.735455017E0,9.748401714E0
6.991137046E1,1.457968140E-1,4.715194702E-1,9.777367859E0,9.789816626E0
6.992140146E1,1.261875916E-1,4.567002869E-1,9.810598755E0,9.822033720E0
6.993143146E1,9.026229858E-2,4.314028931E-1,9.863738251E0,9.873580304E0
6.994146146E1,9.505233765E-2,4.203259277E-1,9.870623932E0,9.880026601E0
6.995149146E1,8.038284302E-2,4.083508301E-1,9.830207977E0,9.839014213E0
6.996152246E1,8.143066406E-2,4.227209473E-1,9.877210236E0,9.886587176E0
6.997155246E1,9.924362183E-2,4.575984192E-1,9.946067047E0,9.957082671E0
6.998158246E1,9.954299927E-2,4.706213379E-1,9.959539032E0,9.971148930E0
6.999161246E1,9.924362183E-2,5.038522339E-1,9.899364166E0,9.912675081E0
7.000164246E1,1.122665405E-1,5.275030518E-1,9.803713074E0,9.818536209E0
7.001167346E1,1.161584473E-1,5.357359314E-1,9.752968597E0,9.768362311E0
7.002170346E1,1.335223389E-1,5.243595886E-1,9.773176575E0,9.788143928E0
7.003173346E1,1.493893433E-1,4.802014160E-1,9.825867004E0,9.838728219E0
7.004176446E1,1.615141296E-1,4.463717651E-1,9.896370392E0,9.907748559E0
7.005179446E1,1.544787598E-1,4.074526978E-1,9.917626190E0,9.927194500E0
7.006182446E1,1.571731567E-1,3.689826965E-1,9.916728058E0,9.924834860E0
7.007185446E1,1.540296936E-1,3.420387268E-1,9.896220703E0,9.903327716E0
7.008188446E1,1.576222229E-1,3.329077148E-1,9.881551208E0,9.888413755E0
7.009191546E1,1.402583313E-1,3.288661194E-1,9.867630157E0,9.874105035E0
7.010194546E1,1.381626892E-1,3.305126953E-1,9.837243347E0,9.843763723E0
7.011197546E1,1.249900818E-1,3.514691162E-1,9.836794281E0,9.843864830E0
7.012200546E1,1.404080200E-1,3.709286499E-1,9.840835876E0,9.848824967E0
7.013203646E1,1.390608215E-1,3.902384949E-1,9.845476227E0,9.854188253E0
7.014206646E1,1.444496155E-1,3.908372498E-1,9.857750702E0,9.866553012E0
7.015209646E1,1.423539734E-1,3.802093506E-1,9.851912842E0,9.860274360E0
7.016212646E1,1.315763855E-1,3.887416077E-1,9.867779846E0,9.876310621E0
7.017215746E1,1.445993042E-1,3.722758484E-1,9.881251831E0,9.889319290E0
7.018218746E1,1.550775146E-1,3.805087280E-1,9.908495178E0,9.917011275E0
7.019221746E1,1.475930786E-1,3.866459656E-1,9.961035919E0,9.969629652E0
7.020224746E1,1.133143616E-1,3.644920349E-1,9.892478485E0,9.899839654E0
7.021227846E1,1.354682922E-1,3.643423462E-1,9.800719299E0,9.808424735E0
7.022230846E1,1.860630798E-1,3.519181824E-1,9.773026886E0,9.781130834E0
7.023233846E1,1.968406677E-1,3.534150696E-1,9.815688171E0,9.824020701E0
7.024236846E1,1.657054138E-1,3.406915283E-1,9.868677979E0,9.875947248E0
7.025239946E1,1.423539734E-1,3.213816833E-1,9.853409729E0,9.859677182E0
7.026242946E1,1.528321838E-1,3.201841736E-1,9.804760895E0,9.811177900E0
7.027245946E1,1.511856079E-1,3.152444458E-1,9.804162140E0,9.810394050E0
7.028248946E1,1.631607056E-1,3.143463135E-1,9.846823425E0,9.853190681E0
7.029252046E1,1.562750244E-1,2.939886475E-1,9.906249847E0,9.911843282E0
7.030255046E1,1.576222229E-1,3.049159241E-1,9.917626190E0,9.923564266E0
7.031258046E1,1.672023010E-1,2.998265076E-1,9.898765411E0,9.904716514E0
7.032261046E1,1.597178650E-1,2.899470520E-1,9.876461792E0,9.882007722E0
7.033264146E1,1.582209778E-1,2.971321106E-1,9.855205994E0,9.860953633E0
7.034267146E1,1.619631958E-1,2.954855347E-1,9.858648834E0,9.864405741E0
7.035270146E1,1.597178650E-1,2.891986084E-1,9.841284943E0,9.846828675E0
7.036273146E1,1.528321838E-1,2.803669739E-1,9.833052063E0,9.838235421E0
7.037276246E1,1.528321838E-1,2.662962341E-1,9.824370117E0,9.829166779E0
7.038279246E1,1.448986816E-1,2.603086853E-1,9.845176849E0,9.849683418E0
7.039282246E1,1.547781372E-1,2.537223816E-1,9.854158173E0,9.858639085E0
7.040285246E1,1.697470093E-1,2.439926147E-1,9.846224670E0,9.850709959E0
7.041288246E1,1.683998108E-1,2.387535095E-1,9.851912842E0,9.856244131E0
7.042291346E1,1.537303162E-1,2.368075562E-1,9.840237122E0,9.844286538E0
7.043294346E1,1.598675537E-1,2.381547546E-1,9.860295410E0,9.864466579E0
7.044297346E1,1.600172424E-1,2.396516418E-1,9.878108368E0,9.882310628E0
7.045300346E1,1.585203552E-1,2.294728088E-1,9.915829926E0,9.919751488E0
7.046303446E1,1.498384094E-1,2.414479065E-1,9.906698914E0,9.910773532E0
7.047306446E1,1.534309387E-1,2.369572449E-1,9.872869263E0,9.876904235E0
7.048309446E1,1.600172424E-1,2.312690735E-1,9.849218445E0,9.853232712E0
7.049312446E1,1.627116394E-1,2.348616028E-1,9.883796539E0,9.887925418E0
7.050315546E1,1.622625732E-1,2.315684509E-1,9.909692688E0,9.913725952E0
7.051318546E1,1.827699280E-1,2.535726929E-1,9.895771637E0,9.900707058E0
7.052321546E1,1.555265808E-1,2.317181396E-1,9.853260040E0,9.857211332E0
7.053324546E1,1.493893433E-1,2.351609802E-1,9.812993774E0,9.816947829E0
7.054327646E1,1.508862305E-1,2.218386841E-1,9.787546692E0,9.791223075E0
7.055330646E1,1.694476318E-1,2.219883728E-1,9.796078949E0,9.800058883E0
7.056333646E1,1.712438965E-1,2.130070496E-1,9.858499146E0,9.862286848E0
7.057336646E1,1.663041687E-1,2.052232361E-1,9.898915100E0,9.902438781E0
7.058339746E1,1.645079041E-1,1.785786438E-1,9.923014984E0,9.925985067E0
7.059342746E1,1.764830017E-1,1.698966980E-1,9.866282959E0,9.869323714E0
7.060345746E1,1.969903564E-1,1.607656860E-1,9.737400970E0,9.740720120E0
7.061348746E1,2.052232361E-1,1.606159973E-1,9.760003967E0,9.763482551E0
7.062351846E1,1.850152588E-1,1.227447510E-1,9.787546692E0,9.790064717E0
7.063354846E1,1.642085266E-1,9.774673462E-2,9.871072998E0,9.872922617E0
7.064357846E1,1.396595764E-1,9.894424438E-2,9.920769653E0,9.922245979E0
7.065360846E1,1.196012878E-1,1.008901978E-1,9.873767395E0,9.875007133E0
7.066363946E1,1.405577087E-1,1.110690308E-1,9.856702881E0,9.858330715E0
7.067366921E1,1.522334290E-1,1.531315613E-1,9.885892181E0,9.888250023E0
7.068369921E1,1.670526123E-1,1.893562317E-1,9.916428680E0,9.919643145E0
7.069372921E1,1.489402771E-1,2.224374390E-1,9.908644867E0,9.912260323E0
7.070376021E1,1.481918335E-1,2.423460388E-1,9.870773621E0,9.874860216E0
7.071379021E1,1.751358032E-1,2.432441711E-1,9.823771362E0,9.828342895E0
7.072382021E1,1.841171265E-1,2.281256104E-1,9.817484436E0,9.821860367E0
7.073385021E1,1.824705505E-1,2.025288391E-1,9.834399261E0,9.838176776E0
7.074388121E1,2.002835083E-1,1.757345581E-1,9.879305878E0,9.882898398E0
7.075391121E1,1.938468933E-1,1.149609375E-1,9.911788330E0,9.914350233E0
7.076394121E1,2.032772827E-1,8.966354370E-2,9.898466034E0,9.900959096E0
7.077397121E1,1.902543640E-1,7.768844604E-2,9.873468018E0,9.875606458E0
7.078400221E1,1.799258423E-1,6.406677246E-2,9.859247589E0,9.861097347E0
7.079403221E1,1.682501221E-1,4.565505981E-2,9.865983582E0,9.867523728E0
7.080406221E1,1.694476318E-1,6.586303711E-2,9.859247589E0,9.860923560E0
7.081409221E1,1.601669312E-1,9.041198730E-2,9.863738251E0,9.865452856E0
7.082412321E1,1.808239746E-1,1.151106262E-1,9.871072998E0,9.873400118E0
7.083415321E1,1.745370483E-1,1.366658020E-1,9.840835876E0,9.843332336E0
7.084418321E1,1.802252197E-1,1.417552185E-1,9.826615448E0,9.829290251E0
7.085421321E1,1.787283325E-1,1.434017944E-1,9.848919067E0,9.851584374E0
7.086424421E1,1.800755310E-1,1.442999268E-1,9.866732025E0,9.869430101E0
7.087427421E1,1.778302002E-1,1.431024170E-1,9.874515839E0,9.877153686E0
7.088430421E1,1.944456482E-1,1.299298096E-1,9.886790314E0,9.889555782E0
7.089433421E1,1.987866211E-1,1.332229614E-1,9.921518097E0,9.924403550E0
7.090436521E1,1.784289551E-1,1.239422607E-1,9.971364441E0,9.973730866E0
7.091439521E1,1.709445190E-1,1.219963074E-1,9.911638641E0,9.913863308E0
7.092442521E1,1.923500061E-1,1.065783691E-1,9.815987549E0,9.818450439E0
7.093445521E1,2.171983337E-1,8.652008057E-2,9.794432373E0,9.797222379E0
7.094448621E1,1.992356873E-1,9.295669556E-2,9.833351440E0,9.835808882E0
7.095451621E1,1.651066589E-1,6.122268677E-2,9.827812958E0,9.829390416E0
7.096454621E1,1.743873596E-1,5.643264771E-2,9.819879456E0,9.821589898E0
7.097457621E1,1.725910950E-1,5.388793945E-2,9.856553192E0,9.858211421E0
7.098460721E1,1.733395386E-1,3.861968994E-2,9.866133270E0,9.867731441E0
7.099463721E1,1.751358032E-1,6.137237549E-2,9.890532532E0,9.892273393E0
7.100466721E1,1.769320679E-1,7.364685059E-2,9.925110626E0,9.926960751E0
7.101469721E1,1.839674377E-1,7.634124756E-2,9.913883972E0,9.915884601E0
7.102472821E1,1.880090332E-1,7.559280396E-2,9.887089691E0,9.889166003E0
7.103475821E1,1.835183716E-1,9.056167603E-2,9.875264282E0,9.877384525E0
7.104478821E1,2.107617188E-1,6.870712280E-2,9.874216461E0,9.876704506E0
7.105481821E1,2.031275940E-1,6.481521606E-2,9.830657043E0,9.832969019E0
7.106484921E1,1.678010559E-1,6.526428223E-2,9.795629883E0,9.797284390E0
7.107487921E1,1.701960754E-1,6.466552734E-2,9.796228638E0,9.797920384E0
7.108490921E1,1.821711731E-1,5.194198608E-2,9.846823425E0,9.848645383E0
7.109493921E1,1.730401611E-1,2.245330811E-2,9.857900391E0,9.859444567E0
7.110497021E1,1.757345581E-1,1.930984497E-2,9.878707123E0,9.880288959E0
7.111500021E1,1.862127686E-1,3.293151855E-2,9.882449341E0,9.884258427E0
7.112503021E1,1.790277100E-1,3.038681030E-2,9.883946228E0,9.885614160E0
7.113506021E1,1.742376709E-1,1.556762695E-2,9.890233154E0,9.891780071E0
7.114509121E1,1.654060364E-1,2.814147949E-2,9.883197784E0,9.884621872E0
7.115512121E1,1.633103943E-1,2.978805542E-2,9.830357666E0,9.831759225E0
7.116515121E1,1.950444031E-1,3.412902832E-2,9.853559418E0,9.855548707E0
7.117518121E1,1.800755310E-1,2.978805542E-2,9.888586578E0,9.890270929E0
7.118521221E1,1.634600830E-1,4.311035156E-2,9.920769653E0,9.922209845E0
7.119524221E1,1.944456482E-1,5.448669434E-2,9.933942261E0,9.935994502E0
7.120527221E1,1.838177490E-1,6.721023560E-2,9.890532532E0,9.892468850E0
7.121530221E1,1.540296936E-1,8.113128662E-2,9.831704865E0,9.833246055E0
7.122533321E1,1.429527283E-1,7.259902954E-2,9.786199493E0,9.787512791E0
7.123536321E1,1.667532349E-1,7.080276489E-2,9.784702606E0,9.786379553E0
7.124539321E1,1.990859985E-1,6.122268677E-2,9.814939728E0,9.817149551E0
7.125542321E1,1.974394226E-1,5.613327026E-2,9.881551208E0,9.883682894E0
7.126545421E1,1.905537415E-1,2.993774414E-2,9.918524323E0,9.920399777E0
7.127548421E1,1.904040527E-1,7.185058594E-3,9.914782104E0,9.916612804E0
7.128551421E1,1.978884888E-1,2.245330811E-3,9.790091400E0,9.792091427E0
7.129554421E1,2.171983337E-1,-2.694396973E-2,9.746681671E0,9.749138664E0
7.130557521E1,2.116598511E-1,-3.727249146E-2,9.824669495E0,9.827019884E0
7.131560521E1,1.950444031E-1,-6.526428223E-2,9.886191559E0,9.888330763E0
7.132563521E1,1.404080200E-1,-7.768844604E-2,9.915530548E0,9.916828926E0
7.133566521E1,1.124162292E-1,-5.658233643E-2,9.873318329E0,9.874120406E0
7.134569621E1,1.097218323E-1,-3.263214111E-2,9.800270233E0,9.800938750E0
7.135572621E1,1.553768921E-1,-1.047821045E-3,9.835447083E0,9.836674356E0
7.136575621E1,1.868115234E-1,4.625381470E-2,9.908495178E0,9.910364002E0
7.137578621E1,1.853146362E-1,7.005432129E-2,9.943522339E0,9.945495746E0
7.138581721E1,1.817221069E-1,1.038839722E-1,9.905052338E0,9.907263831E0
7.139584721E1,1.763333130E-1,1.149609375E-1,9.851314087E0,9.853562741E0
7.140587721E1,1.856140137E-1,1.110690308E-1,9.825268250E0,9.827649010E0
7.141590721E1,1.904040527E-1,8.202941895E-2,9.829908600E0,9.832094671E0
7.142593821E1,1.983375549E-1,3.323089600E-2,9.848470001E0,9.850523004E0
7.143596821E1,2.002835083E-1,-1.511856079E-2,9.883048096E0,9.885088857E0
7.144599821E1,2.038760376E-1,-4.026626587E-2,9.885592804E0,9.887776894E0
7.145602821E1,1.941462708E-1,-8.622070312E-2,9.892029419E0,9.894310123E0
7.146605921E1,1.920506287E-1,-1.005908203E-1,9.866732025E0,9.869113578E0
7.147608921E1,1.663041687E-1,-1.040336609E-1,9.866582336E0,9.868532164E0
7.148611921E1,1.592687988E-1,-8.202941895E-2,9.862690430E0,9.864317406E0
7.149615021E1,1.715432739E-1,-6.526428223E-2,9.850865021E0,9.852574698E0
7.150618021E1,1.703457642E-1,-4.819976807E-2,9.819580078E0,9.821175785E0
7.151621021E1,1.793270874E-1,-5.987548828E-3,9.837243347E0,9.838879546E0
7.152624021E1,1.808239746E-1,5.987548828E-3,9.861043854E0,9.862703435E0
7.153627021E1,1.974394226E-1,2.799179077E-2,9.858648834E0,9.860665429E0
7.154630121E1,1.757345581E-1,2.544708252E-2,9.869426422E0,9.871023660E0
7.155633121E1,1.935475159E-1,2.739303589E-2,9.868228912E0,9.870164785E0
7.156636121E1,1.856140137E-1,1.751358032E-2,9.881551208E0,9.883309849E0
7.157639121E1,1.933978271E-1,2.260299683E-2,9.889035645E0,9.890952411E0
7.158642221E1,1.987866211E-1,2.409988403E-2,9.915380859E0,9.917402609E0
7.159645221E1,1.736389160E-1,2.275268555E-2,9.976453857E0,9.977990766E0
7.160648221E1,1.821711731E-1,2.993774414E-4,9.943073273E0,9.944741954E0
7.161651321E1,2.128573608E-1,-1.945953369E-3,9.863139496E0,9.865436268E0
7.162654321E1,2.332150269E-1,-1.796264648E-3,9.827363892E0,9.830130901E0
7.163657321E1,1.966909790E-1,-1.706451416E-2,9.822274475E0,9.824258466E0
7.164660321E1,1.681004333E-1,-3.053649902E-2,9.805359650E0,9.806848020E0
7.165663421E1,1.573228455E-1,-3.562591553E-2,9.818532257E0,9.819857197E0
7.166666421E1,1.751358032E-1,-3.098556519E-2,9.845176849E0,9.846783223E0
7.167669358E1,1.800755310E-1,-4.700225830E-2,9.866432648E0,9.868187757E0
7.168672358E1,1.710942078E-1,-4.834945679E-2,9.871522064E0,9.873123050E0
7.169675458E1,1.655557251E-1,-6.286926270E-2,9.901759186E0,9.903342679E0
7.170678458E1,1.830693054E-1,-7.694000244E-2,9.890981598E0,9.892974836E0
7.171681458E1,1.926493835E-1,-5.748046875E-2,9.877210236E0,9.879256036E0
7.172684458E1,2.043251038E-1,-6.676116943E-2,9.894125061E0,9.896459798E0
7.173687558E1,1.878593445E-1,-7.918533325E-2,9.867480469E0,9.869586225E0
7.174690558E1,1.763333130E-1,-8.337661743E-2,9.824220428E0,9.826156529E0
7.175693558E1,1.689985657E-1,-7.185058594E-2,9.795929260E0,9.797650386E0
7.176696558E1,1.600172424E-1,-7.035369873E-2,9.795480194E0,9.797039726E0
7.177699658E1,1.654060364E-1,-6.511459351E-2,9.834249573E0,9.835856024E0
7.178702658E1,1.758842468E-1,-7.394622803E-2,9.864337006E0,9.866182031E0
7.179705658E1,1.754351807E-1,-7.978408813E-2,9.876910858E0,9.878790974E0
7.180708658E1,1.887574768E-1,-7.379653931E-2,9.882748718E0,9.884826632E0
7.181711758E1,1.884580994E-1,-6.197113037E-2,9.881700897E0,9.883692099E0
7.182714758E1,1.857637024E-1,-6.511459351E-2,9.878856812E0,9.880817778E0
7.183717758E1,1.850152588E-1,-7.229965210E-2,9.870773621E0,9.872772141E0
7.184720758E1,1.755848694E-1,-6.945556641E-2,9.868528290E0,9.870334580E0
7.185723858E1,1.860630798E-1,-6.735992432E-2,9.859097900E0,9.861083523E0
7.186726858E1,1.760339355E-1,-7.694000244E-2,9.888736267E0,9.890602240E0
7.187729858E1,1.712438965E-1,-1.026864624E-1,9.926906891E0,9.928914815E0
7.188732858E1,1.694476318E-1,-9.834548950E-2,9.900861053E0,9.902799298E0
7.189735958E1,1.824705505E-1,-1.013392639E-1,9.861343231E0,9.863551869E0
7.190738958E1,1.683998108E-1,-8.128097534E-2,9.852062531E0,9.853836877E0
7.191741958E1,1.706451416E-1,-7.140151978E-2,9.867630157E0,9.869363853E0
7.192744958E1,1.808239746E-1,-7.439529419E-2,9.881551208E0,9.883485532E0
7.193748058E1,1.941462708E-1,-6.586303711E-2,9.889484711E0,9.891609503E0
7.194751058E1,1.886077881E-1,-5.763015747E-2,9.848470001E0,9.850444431E0
7.195754058E1,1.660047913E-1,-6.646179199E-2,9.783505096E0,9.785139076E0
7.196757158E1,1.652563477E-1,-8.307723999E-2,9.797276459E0,9.799022273E0
7.197760158E1,1.679507446E-1,-1.029858398E-1,9.817185059E0,9.819161676E0
7.198763158E1,1.953437805E-1,-1.026864624E-1,9.865235138E0,9.867703280E0
7.199766158E1,1.922003174E-1,-1.139131165E-1,9.906998291E0,9.909517259E0
7.200769258E1,1.924996948E-1,-1.038839722E-1,9.926607513E0,9.929017310E0
7.201772258E1,1.863624573E-1,-1.193019104E-1,9.882299652E0,9.884776696E0
7.202775258E1,2.076182556E-1,-1.106199646E-1,9.743987274E0,9.746826669E0
7.203778258E1,2.270777893E-1,-1.202000427E-1,9.759105835E0,9.762487340E0
7.204781358E1,2.218386841E-1,-1.263372803E-1,9.835596771E0,9.838909358E0
7.205784358E1,1.823208618E-1,-1.357676697E-1,9.895771637E0,9.898382193E0
7.206787358E1,1.291813660E-1,-1.505868530E-1,9.922116852E0,9.924100314E0
7.207790358E1,1.025367737E-1,-1.630110168E-1,9.852960663E0,9.854842475E0
7.208793458E1,1.239422607E-1,-1.425036621E-1,9.839338989E0,9.841151392E0
7.209796458E1,1.637594604E-1,-1.062789917E-1,9.881551208E0,9.883479482E0
7.210799458E1,1.841171265E-1,-5.972579956E-2,9.920470276E0,9.922358428E0
7.211802458E1,1.919009399E-1,-2.350112915E-2,9.921967163E0,9.923850596E0
7.212805558E1,1.878593445E-1,-4.490661621E-4,9.878557434E0,9.880343532E0
7.213808558E1,1.682501221E-1,-1.047821045E-3,9.834998016E0,9.836437118E0
7.214811558E1,1.811233521E-1,-2.769241333E-2,9.820029144E0,9.821738387E0
7.215814658E1,1.907034302E-1,-5.373825073E-2,9.823022919E0,9.825020858E0
7.216817658E1,1.927990723E-1,-9.999206543E-2,9.852960663E0,9.855354064E0
7.217820658E1,1.965412903E-1,-1.469943237E-1,9.882449341E0,9.885496486E0
7.218823658E1,2.008822632E-1,-2.082170105E-1,9.874066772E0,9.878304644E0
7.219826758E1,1.941462708E-1,-2.293231201E-1,9.876910858E0,9.881480151E0
7.220829758E1,1.818717957E-1,-2.308200073E-1,9.855804749E0,9.860184708E0
7.221832758E1,1.663041687E-1,-2.275268555E-1,9.842033386E0,9.846067577E0
7.222835758E1,1.556762695E-1,-2.073188782E-1,9.841734009E0,9.845148273E0
7.223838858E1,1.619631958E-1,-1.728904724E-1,9.868079224E0,9.870922488E0
7.224841858E1,1.922003174E-1,-1.392105103E-1,9.864037628E0,9.866892057E0
7.225844858E1,1.841171265E-1,-1.079255676E-1,9.846224670E0,9.848537318E0
7.226847858E1,1.877096558E-1,-9.190887451E-2,9.837991791E0,9.840211615E0
7.227850958E1,1.910028076E-1,-7.499404907E-2,9.867480469E0,9.869613821E0
7.228853958E1,1.965412903E-1,-1.028361511E-1,9.883946228E0,9.886434989E0
7.229856958E1,1.938468933E-1,-9.774673462E-2,9.893526306E0,9.895907933E0
7.230859958E1,1.965412903E-1,-1.113684082E-1,9.888436890E0,9.891016910E0
7.231863058E1,1.965412903E-1,-9.430389404E-2,9.883048096E0,9.885452006E0
7.232866058E1,2.007325745E-1,-1.014889526E-1,9.897268524E0,9.899824130E0
7.233869058E1,1.775308228E-1,-1.056802368E-1,9.969418488E0,9.971559080E0
7.234872158E1,1.835183716E-1,-1.100212097E-1,9.949809265E0,9.952109730E0
7.235875158E1,2.218386841E-1,-1.230441284E-1,9.862091675E0,9.865353742E0
7.236878158E1,2.176473999E-1,-1.172062683E-1,9.814490662E0,9.817603305E0
7.237881158E1,1.898052979E-1,-1.481918335E-1,9.779313812E0,9.782278135E0
7.238884258E1,1.612147522E-1,-1.658551025E-1,9.768685913E0,9.771423774E0
7.239887258E1,1.631607056E-1,-1.821711731E-1,9.824669495E0,9.827712777E0
7.240890258E1,1.880090332E-1,-1.938468933E-1,9.877509613E0,9.881200341E0
7.241893258E1,1.800755310E-1,-2.055226135E-1,9.907447357E0,9.911214854E0
7.242896358E1,1.788780212E-1,-1.960922241E-1,9.942324829E0,9.945867107E0
7.243899358E1,1.845661926E-1,-1.950444031E-1,9.915081482E0,9.918717044E0
7.244902358E1,1.821711731E-1,-1.844165039E-1,9.885143738E0,9.888541980E0
7.245905358E1,1.854643250E-1,-1.483415222E-1,9.845625916E0,9.848489828E0
7.246908458E1,1.922003174E-1,-1.377136230E-1,9.809101868E0,9.811951154E0
7.247911458E1,1.978884888E-1,-1.559756470E-1,9.800120544E0,9.803359166E0
7.248914458E1,1.996847534E-1,-1.678010559E-1,9.805060272E0,9.808528847E0
7.249917558E1,1.791773987E-1,-1.734892273E-1,9.826615448E0,9.829779968E0
7.250920558E1,1.688488770E-1,-1.911524963E-1,9.844877472E0,9.848180627E0
7.251923558E1,1.688488770E-1,-2.149530029E-1,9.880204010E0,9.883984319E0
7.252926558E1,1.651066589E-1,-2.023791504E-1,9.881401520E0,9.884852732E0
7.253929658E1,1.811233521E-1,-1.868115234E-1,9.876012726E0,9.879439841E0
7.254932658E1,1.878593445E-1,-1.746867371E-1,9.862091675E0,9.865427451E0
7.255935658E1,1.904040527E-1,-1.719923401E-1,9.855954437E0,9.859293734E0
7.256938658E1,1.883084106E-1,-1.553768921E-1,9.847721558E0,9.850747277E0
7.257941758E1,2.019300842E-1,-1.613644409E-1,9.846823425E0,9.850215521E0
7.258944758E1,1.971400452E-1,-1.724414062E-1,9.855655060E0,9.859134693E0
7.259947758E1,1.957928467E-1,-1.924996948E-1,9.858948212E0,9.862770950E0
7.260950758E1,1.850152588E-1,-1.969903564E-1,9.889035645E0,9.892727724E0
7.261953858E1,1.821711731E-1,-2.064207458E-1,9.891131287E0,9.894962051E0
7.262956858E1,1.694476318E-1,-2.092648315E-1,9.876162415E0,9.879832403E0
7.263959858E1,1.713935852E-1,-1.942959595E-1,9.879904633E0,9.883301181E0
7.264962958E1,1.721420288E-1,-2.049238586E-1,9.859996033E0,9.863627549E0
7.265965958E1,1.642085266E-1,-1.927990723E-1,9.849218445E0,9.852473796E0
7.266968958E1,1.712438965E-1,-1.978884888E-1,9.839788055E0,9.843267410E0
7.267971967E1,1.770817566E-1,-1.895059204E-1,9.857151947E0,9.860563622E0
7.268975067E1,1.886077881E-1,-1.944456482E-1,9.874066772E0,9.877781969E0
7.269978067E1,1.839674377E-1,-2.043251038E-1,9.861492920E0,9.865324900E0
7.270981067E1,1.904040527E-1,-2.154020691E-1,9.871971130E0,9.876156426E0
7.271984067E1,1.847158813E-1,-2.183958435E-1,9.857900391E0,9.862049321E0
7.272987167E1,1.851649475E-1,-2.215393066E-1,9.837542725E0,9.841778934E0
7.273990167E1,1.895059204E-1,-2.243833923E-1,9.858199768E0,9.862573856E0
7.274993167E1,1.806742859E-1,-2.335144043E-1,9.847721558E0,9.852146571E0
7.275996267E1,1.681004333E-1,-2.480342102E-1,9.864187317E0,9.868737009E0
7.276999267E1,1.872605896E-1,-2.362088013E-1,9.865684204E0,9.870288037E0
7.278002267E1,1.847158813E-1,-2.240840149E-1,9.852212219E0,9.856491222E0
7.279005267E1,1.874102783E-1,-2.097138977E-1,9.862840118E0,9.866849433E0
7.280008367E1,1.886077881E-1,-2.025288391E-1,9.874665527E0,9.878542914E0
7.281011367E1,1.727407837E-1,-2.130070496E-1,9.875114594E0,9.878921987E0
7.282014367E1,1.722917175E-1,-2.083666992E-1,9.862840118E0,9.866545308E0
7.283017367E1,1.797761536E-1,-2.062710571E-1,9.859696655E0,9.863492553E0
7.284020467E1,1.806742859E-1,-2.254312134E-1,9.851314087E0,9.855549283E0
7.285023467E1,1.737886047E-1,-2.272274780E-1,9.849517822E0,9.853671201E0
7.286026467E1,1.739382935E-1,-2.288740540E-1,9.852810974E0,9.857003701E0
7.287029467E1,1.784289551E-1,-2.345622253E-1,9.869576111E0,9.873975336E0
7.288032567E1,1.698966980E-1,-2.348616028E-1,9.862840118E0,9.867098868E0
7.289035567E1,1.613644409E-1,-2.412982178E-1,9.891580353E0,9.895838781E0
7.290038567E1,1.582209778E-1,-2.408491516E-1,9.917925568E0,9.922111154E0
7.291041667E1,1.595681763E-1,-2.408491516E-1,9.876611481E0,9.880836233E0
7.292044667E1,1.719923401E-1,-2.240840149E-1,9.830058289E0,9.834116176E0
7.293047667E1,1.582209778E-1,-2.127076721E-1,9.830507355E0,9.834081212E0
7.294050667E1,1.571731567E-1,-2.155517578E-1,9.870623932E0,9.874228211E0
7.295053767E1,1.682501221E-1,-2.050735474E-1,9.877659302E0,9.881220398E0
7.296056767E1,1.820214844E-1,-1.971400452E-1,9.852511597E0,9.856164608E0
7.297059767E1,1.654060364E-1,-2.071691895E-1,9.800419922E0,9.804004737E0
7.298062767E1,1.456471252E-1,-2.022294617E-1,9.785151672E0,9.788324836E0
7.299065867E1,1.606159973E-1,-2.160008240E-1,9.785750427E0,9.789451735E0
7.300068867E1,1.805245972E-1,-2.366578674E-1,9.840237122E0,9.844737817E0
7.301071867E1,1.782792664E-1,-2.468367004E-1,9.889335022E0,9.894021378E0
7.302074967E1,1.600172424E-1,-2.424957275E-1,9.889335022E0,9.893601815E0
7.303077967E1,1.860630798E-1,-2.377056885E-1,9.861193542E0,9.865812767E0
7.304080967E1,2.275268555E-1,-2.321672058E-1,9.703421631E0,9.708865095E0
7.305083967E1,2.371069336E-1,-2.252815247E-1,9.728569336E0,9.734065584E0
7.306087067E1,2.252815247E-1,-2.471360779E-1,9.863738251E0,9.869405265E0
7.307090067E1,1.556762695E-1,-2.820135498E-1,9.873468018E0,9.878721448E0
7.308093067E1,1.082249451E-1,-2.921923828E-1,9.885592804E0,9.890502217E0
7.309096067E1,1.017883301E-1,-2.746788025E-1,9.821675720E0,9.826043113E0
7.310099167E1,1.281335449E-1,-2.296224976E-1,9.855655060E0,9.859162305E0
7.311102167E1,1.737886047E-1,-1.862127686E-1,9.952653351E0,9.955912133E0
7.312105167E1,1.905537415E-1,-1.269360352E-1,1.000549347E1,1.000811286E1
7.313108267E1,1.842668152E-1,-8.143066406E-2,9.933493195E0,9.935535831E0
7.314111267E1,1.939965820E-1,-4.311035156E-2,9.825867004E0,9.827876452E0
7.315114267E1,1.839674377E-1,-2.709365845E-2,9.781409454E0,9.783176836E0
7.316117267E1,1.848655701E-1,-4.745132446E-2,9.786947937E0,9.788808754E0
7.317120367E1,2.092648315E-1,-7.469467163E-2,9.830657043E0,9.833167799E0
7.318123367E1,2.091151428E-1,-1.255888367E-1,9.891879730E0,9.894886876E0
7.319126367E1,2.092648315E-1,-1.883084106E-1,9.926308136E0,9.930299343E0
7.320129367E1,1.969903564E-1,-2.281256104E-1,9.919572144E0,9.924150241E0
7.321132467E1,1.791773987E-1,-2.441423035E-1,9.879305878E0,9.883946309E0
7.322135467E1,1.778302002E-1,-2.347119141E-1,9.842183075E0,9.846587274E0
7.323138467E1,1.701960754E-1,-2.257305908E-1,9.842183075E0,9.846242364E0
7.324141467E1,1.739382935E-1,-1.889071655E-1,9.849517822E0,9.852864648E0
7.325144567E1,1.775308228E-1,-1.585203552E-1,9.836943970E0,9.839822791E0
7.326147567E1,1.799258423E-1,-1.157093811E-1,9.833501129E0,9.835827694E0
7.327150567E1,1.734892273E-1,-8.277786255E-2,9.825417938E0,9.827298120E0
7.328153667E1,1.905537415E-1,-4.326004028E-2,9.837093658E0,9.839034191E0
7.329156667E1,1.990859985E-1,-1.556762695E-2,9.846374359E0,9.848399139E0
7.330159667E1,2.091151428E-1,-1.945953369E-2,9.861792297E0,9.864028342E0
7.331162667E1,1.939965820E-1,-1.197509766E-3,9.871671753E0,9.873577837E0
7.332165767E1,1.996847534E-1,7.484436035E-3,9.880353699E0,9.882374170E0
7.333168767E1,2.167492676E-1,6.586303711E-3,9.878258057E0,9.880637928E0
7.334171767E1,1.927990723E-1,6.885681152E-3,9.967921600E0,9.969788359E0
7.335174867E1,1.734892273E-1,7.783813477E-3,9.968370667E0,9.969883291E0
7.336177867E1,1.983375549E-1,-1.496887207E-4,9.874216461E0,9.876208206E0
7.337180867E1,2.251318359E-1,-5.239105225E-3,9.811796265E0,9.814380150E0
7.338183867E1,2.168989563E-1,-1.661544800E-2,9.864037628E0,9.866436011E0
7.339186967E1,1.737886047E-1,-2.739303589E-2,9.840237122E0,9.841809766E0
7.340189967E1,1.667532349E-1,-3.382965088E-2,9.769733734E0,9.771215294E0
7.341192967E1,1.844165039E-1,-4.760101318E-2,9.786049805E0,9.787903048E0
7.342195967E1,1.966909790E-1,-5.568420410E-2,9.848320312E0,9.850441668E0
7.343199067E1,1.945953369E-1,-5.553451538E-2,9.900112610E0,9.902180624E0
7.344202067E1,1.818717957E-1,-4.535568237E-2,9.960137787E0,9.961901386E0
7.345205067E1,1.826202393E-1,-1.466949463E-2,9.960437164E0,9.962121955E0
7.346208167E1,1.709445190E-1,2.409988403E-2,9.897418213E0,9.898923685E0
7.347211167E1,1.812730408E-1,6.406677246E-2,9.840835876E0,9.842713813E0
7.348214167E1,1.886077881E-1,7.679031372E-2,9.806108093E0,9.808222346E0
7.349217167E1,1.980381775E-1,9.370513916E-2,9.817634125E0,9.820078390E0
7.350220267E1,2.058219910E-1,9.804611206E-2,9.858199768E0,9.860835583E0
7.351223267E1,1.877096558E-1,9.250762939E-2,9.851164398E0,9.853386858E0
7.352226267E1,1.916015625E-1,8.756790161E-2,9.832902374E0,9.835158789E0
7.353229267E1,1.706451416E-1,8.337661743E-2,9.859996033E0,9.861825044E0
7.354232367E1,1.695973206E-1,8.187973022E-2,9.899513855E0,9.901305071E0
7.355235367E1,1.847158813E-1,8.936416626E-2,9.907447357E0,9.909572092E0
7.356238367E1,1.947450256E-1,8.202941895E-2,9.900112610E0,9.902367603E0
7.357241467E1,1.932481384E-1,1.071771240E-1,9.894274750E0,9.896742121E0
7.358244467E1,1.980381775E-1,1.020877075E-1,9.861043854E0,9.863560559E0
7.359247467E1,1.836680603E-1,1.124162292E-1,9.830507355E0,9.832865616E0
7.360250467E1,1.850152588E-1,1.261875916E-1,9.840087433E0,9.842635554E0
7.361253567E1,1.811233521E-1,1.249900818E-1,9.859846344E0,9.862301867E0
7.362256567E1,1.710942078E-1,1.179547119E-1,9.868378601E0,9.870566486E0
7.363259567E1,1.742376709E-1,1.070274353E-1,9.890682220E0,9.892795784E0
7.364262567E1,1.736389160E-1,1.209484863E-1,9.880952454E0,9.883218120E0
7.365265667E1,1.788780212E-1,1.276844788E-1,9.887838135E0,9.890280262E0
7.366268667E1,1.824705505E-1,1.234931946E-1,9.876461792E0,9.878919151E0
7.367271667E1,1.842668152E-1,1.294807434E-1,9.855056305E0,9.857629243E0
7.368274804E1,1.706451416E-1,1.570234680E-1,9.853409729E0,9.856138160E0
7.369277804E1,1.673519897E-1,1.607656860E-1,9.841584320E0,9.844319896E0
7.370280804E1,1.688488770E-1,1.881587219E-1,9.832902374E0,9.836151826E0
7.371283804E1,1.788780212E-1,1.930984497E-1,9.853409729E0,9.856924857E0
7.372286904E1,1.833686829E-1,2.022294617E-1,9.876910858E0,9.880682615E0
7.373289904E1,1.859133911E-1,1.814227295E-1,9.883796539E0,9.887209517E0
7.374292904E1,1.742376709E-1,1.978884888E-1,9.870474243E0,9.873995159E0
7.375295904E1,1.709445190E-1,1.874102783E-1,9.879455566E0,9.882711517E0
7.376299004E1,1.678010559E-1,1.917512512E-1,9.879605255E0,9.882890556E0
7.377302004E1,1.669029236E-1,1.896556091E-1,9.887838135E0,9.891065100E0
7.378305004E1,1.704954529E-1,2.077679443E-1,9.876162415E0,9.879818837E0
7.379308104E1,1.597178650E-1,1.966909790E-1,9.852511597E0,9.855768965E0
7.380311104E1,1.743873596E-1,2.167492676E-1,9.843230896E0,9.847161300E0
7.381314104E1,1.598675537E-1,2.183958435E-1,9.836045837E0,9.839768905E0
7.382317104E1,1.498384094E-1,2.326162720E-1,9.835147705E0,9.839039194E0
7.383320204E1,1.622625732E-1,2.177970886E-1,9.839638367E0,9.843385998E0
7.384323204E1,1.618135071E-1,2.212399292E-1,9.851463776E0,9.855276213E0
7.385326204E1,1.594184875E-1,2.192939758E-1,9.862391052E0,9.866116833E0
7.386329204E1,1.570234680E-1,2.189945984E-1,9.852062531E0,9.855747111E0
7.387332304E1,1.526824951E-1,2.206411743E-1,9.865684204E0,9.869332261E0
7.388335304E1,1.586700439E-1,2.248324585E-1,9.860894165E0,9.864733121E0
7.389338304E1,1.642085266E-1,2.332150269E-1,9.872569885E0,9.876689214E0
7.390341404E1,1.517843628E-1,2.351609802E-1,9.873617706E0,9.877584006E0
7.391344404E1,1.510359192E-1,2.561174011E-1,9.842781830E0,9.847271811E0
7.392347404E1,1.468446350E-1,2.782713318E-1,9.861792297E0,9.866810305E0
7.393350404E1,1.435514832E-1,2.796185303E-1,9.909093933E0,9.914077674E0
7.394353504E1,1.522334290E-1,2.947370911E-1,9.916578369E0,9.922125353E0
7.395356504E1,1.532812500E-1,3.113525391E-1,9.895621948E0,9.901705373E0
7.396359504E1,1.335223389E-1,3.155438232E-1,9.842033386E0,9.847995598E0
7.397362604E1,1.243913269E-1,3.359014893E-1,9.797126770E0,9.803672575E0
7.398365604E1,1.285826111E-1,3.338058472E-1,9.776170349E0,9.782712636E0
7.399368604E1,1.425036621E-1,3.300636292E-1,9.857601013E0,9.864154653E0
7.400371604E1,1.407073975E-1,3.309617615E-1,9.883796539E0,9.890337117E0
7.401374704E1,1.302291870E-1,3.239263916E-1,9.875264282E0,9.881433732E0
7.402377704E1,1.604663086E-1,3.134481812E-1,9.821076965E0,9.827387850E0
7.403380704E1,2.002835083E-1,3.122506714E-1,9.767338715E0,9.774380775E0
7.404383704E1,1.939965820E-1,2.908451843E-1,9.858199768E0,9.864397004E0
7.405386804E1,1.534309387E-1,2.731819153E-1,9.891430664E0,9.896391766E0
7.406389804E1,1.326242065E-1,2.679428101E-1,9.824370117E0,9.828918085E0
7.407392804E1,1.315763855E-1,2.679428101E-1,9.754914551E0,9.759480703E0
7.408395904E1,1.405577087E-1,2.808160400E-1,9.761051788E0,9.766101890E0
7.409398904E1,1.496887207E-1,3.034190369E-1,9.857900391E0,9.863704676E0
7.410401904E1,1.266366577E-1,3.290158081E-1,9.977501678E0,9.983728161E0
7.411404904E1,1.109193420E-1,3.673361206E-1,9.982890472E0,9.990262314E0
7.412408004E1,1.100212097E-1,4.153862000E-1,9.909542999E0,9.918855419E0
7.413411004E1,1.317260742E-1,4.688250732E-1,9.837243347E0,9.849289588E0
7.414414004E1,1.598675537E-1,4.980143738E-1,9.758956146E0,9.772962755E0
7.415417104E1,1.722917175E-1,5.008584595E-1,9.784103851E0,9.798430068E0
7.416420104E1,1.802252197E-1,4.926255798E-1,9.829459534E0,9.843446338E0
7.417423104E1,1.835183716E-1,4.595443726E-1,9.871372375E0,9.883767126E0
7.418426104E1,1.820214844E-1,4.168830872E-1,9.890083466E0,9.900539091E0
7.419429204E1,1.716929626E-1,3.893403625E-1,9.900411987E0,9.909552054E0
7.420432204E1,1.700463867E-1,3.758683777E-1,9.903854828E0,9.912443355E0
7.421435204E1,1.755848694E-1,3.608995056E-1,9.901759186E0,9.909889680E0
7.422438204E1,1.493893433E-1,3.706292725E-1,9.888137512E0,9.896208703E0
7.423441304E1,1.474433899E-1,3.927832031E-1,9.870623932E0,9.879536173E0
7.424444304E1,1.591191101E-1,4.059558105E-1,9.840237122E0,9.849892670E0
7.425447304E1,1.315763855E-1,4.411326599E-1,9.840237122E0,9.850998781E0
7.426450404E1,1.387614441E-1,4.662803650E-1,9.817185059E0,9.829231638E0
7.427453404E1,1.423539734E-1,4.938230896E-1,9.829309845E0,9.842736303E0
7.428456404E1,1.493893433E-1,5.179229736E-1,9.859546967E0,9.874270999E0
7.429459404E1,1.444496155E-1,5.044509888E-1,9.871222687E0,9.885159272E0
7.430462504E1,1.588197327E-1,5.007087708E-1,9.883646851E0,9.897596074E0
7.431465504E1,1.579216003E-1,5.137316895E-1,9.890233154E0,9.904825659E0
7.432468504E1,1.630110168E-1,5.209167480E-1,9.871372375E0,9.886451306E0
7.433471604E1,1.796264648E-1,5.275030518E-1,9.852810974E0,9.868556593E0
7.434474604E1,1.713935852E-1,5.340893555E-1,9.881551208E0,9.897458335E0
7.435477604E1,1.526824951E-1,5.298980713E-1,9.937684479E0,9.952973260E0
7.436480604E1,1.505868530E-1,5.342390442E-1,9.913584595E0,9.929111102E0
7.437483704E1,1.643582153E-1,5.382806396E-1,9.813891907E0,9.830016990E0
7.438486704E1,1.854643250E-1,5.391787720E-1,9.711953888E0,9.728677150E0
7.439489704E1,1.685494995E-1,5.307962036E-1,9.726773071E0,9.742703317E0
7.440492804E1,1.423539734E-1,5.135820007E-1,9.793683929E0,9.808173940E0
7.441495804E1,1.362167358E-1,4.906796265E-1,9.840985565E0,9.854152342E0
7.442498804E1,1.392105103E-1,4.851411438E-1,9.889035645E0,9.901907264E0
7.443501804E1,1.410067749E-1,4.860392761E-1,9.927805023E0,9.940695633E0
7.444504904E1,1.453477478E-1,5.060975647E-1,9.919721832E0,9.933687228E0
7.445507904E1,1.398092651E-1,5.345384216E-1,9.900861053E0,9.916265807E0
7.446510904E1,1.275347900E-1,5.640270996E-1,9.837692413E0,9.854673191E0
7.447514004E1,1.410067749E-1,5.743556213E-1,9.792486420E0,9.810329126E0
7.448517004E1,1.660047913E-1,5.929170227E-1,9.814939728E0,9.834233577E0
7.449520004E1,1.490899658E-1,5.990542603E-1,9.823771362E0,9.843148765E0
7.450523004E1,1.451980591E-1,5.906716919E-1,9.837991791E0,9.856777262E0
7.451526104E1,1.432521057E-1,5.773493958E-1,9.836943970E0,9.854913503E0
7.452529104E1,1.239422607E-1,5.757028198E-1,9.841883698E0,9.859486302E0
7.453532104E1,1.312770081E-1,5.700146484E-1,9.847422180E0,9.864779468E0
7.454535104E1,1.237925720E-1,5.785469055E-1,9.868528290E0,9.886247606E0
7.455538204E1,1.351689148E-1,5.906716919E-1,9.865833893E0,9.884424216E0
7.456541204E1,1.360670471E-1,5.974076843E-1,9.847571869E0,9.866614510E0
7.457544204E1,1.296304321E-1,6.056405640E-1,9.813891907E0,9.833416441E0
7.458547304E1,1.413061523E-1,6.120771790E-1,9.823921051E0,9.843984494E0
7.459550304E1,1.324745178E-1,6.295907593E-1,9.846224670E0,9.867222217E0
7.460553304E1,1.242416382E-1,6.256988525E-1,9.841135254E0,9.861788789E0
7.461556304E1,1.143621826E-1,6.262976074E-1,9.862391052E0,9.882918833E0
7.462559404E1,1.185534668E-1,6.267466736E-1,9.868827667E0,9.889419894E0
7.463562404E1,1.267863464E-1,6.236032104E-1,9.865534515E0,9.886036972E0
7.464565404E1,1.284329224E-1,6.201603699E-1,9.872569885E0,9.892862581E0
7.465568504E1,1.353186035E-1,6.342311096E-1,9.855954437E0,9.877266732E0
7.466571504E1,1.393601990E-1,6.491999817E-1,9.852361908E0,9.874710985E0
7.467574504E1,1.239422607E-1,6.465055847E-1,9.846823425E0,9.868802497E0
7.468577533E1,1.146615601E-1,6.608757019E-1,9.833501129E0,9.856350665E0
7.469580633E1,1.152603149E-1,6.782395935E-1,9.825118561E0,9.849175022E0
7.470583633E1,1.152603149E-1,6.902146912E-1,9.834998016E0,9.859861421E0
7.471586633E1,1.193019104E-1,6.795867920E-1,9.829160156E0,9.853347681E0
7.472589733E1,1.327738953E-1,6.774911499E-1,9.834399261E0,9.858601929E0
7.473592733E1,1.190025330E-1,6.878196716E-1,9.836345215E0,9.861082328E0
7.474595733E1,1.185534668E-1,6.965016174E-1,9.836644592E0,9.861984905E0
7.475598733E1,1.273851013E-1,6.836283875E-1,9.827363892E0,9.851936652E0
7.476601833E1,1.122665405E-1,6.794371033E-1,9.842332764E0,9.866395126E0
7.477604833E1,1.035845947E-1,6.685098267E-1,9.833650818E0,9.856892186E0
7.478607833E1,1.181044006E-1,6.795867920E-1,9.834399261E0,9.858559514E0
7.479610933E1,9.505233765E-2,6.884184265E-1,9.842632141E0,9.867135468E0
7.480613933E1,9.669891357E-2,6.917115784E-1,9.827663269E0,9.852450503E0
7.481616933E1,1.071771240E-1,6.839277649E-1,9.851912842E0,9.876205282E0
7.482619933E1,9.909393311E-2,6.984475708E-1,9.852361908E0,9.877584916E0
7.483623033E1,9.819580078E-2,7.038363647E-1,9.834249573E0,9.859893139E0
7.484626033E1,9.729766846E-2,7.101232910E-1,9.827513580E0,9.853616854E0
7.485629033E1,9.116043091E-2,7.104226685E-1,9.828711090E0,9.854774086E0
7.486632033E1,9.669891357E-2,7.204518127E-1,9.843829651E0,9.870632386E0
7.487635133E1,9.220825195E-2,7.283853149E-1,9.850715332E0,9.878038271E0
7.488638133E1,8.681945801E-2,7.339237976E-1,9.857900391E0,9.885564317E0
7.489641133E1,8.711883545E-2,7.361691284E-1,9.836794281E0,9.864687344E0
7.490644233E1,7.559280396E-2,7.517367554E-1,9.830507355E0,9.859497821E0
7.491647233E1,7.439529419E-2,7.503895569E-1,9.864636383E0,9.893415493E0
7.492650233E1,8.128097534E-2,7.623646545E-1,9.892029419E0,9.921696049E0
7.493653233E1,8.771759033E-2,7.578739929E-1,9.846074982E0,9.875589092E0
7.494656333E1,7.903564453E-2,7.779322815E-1,9.791139221E0,9.822312992E0
7.495659333E1,5.328918457E-2,7.831713867E-1,9.767488403E0,9.798980910E0
7.496662333E1,6.256988525E-2,7.728428650E-1,9.775272217E0,9.805975117E0
7.497665433E1,6.391708374E-2,7.695497131E-1,9.845326538E0,9.875563113E0
7.498668433E1,6.466552734E-2,7.695497131E-1,9.877659302E0,9.907802061E0
7.499671433E1,8.038284302E-2,7.786807251E-1,9.831405487E0,9.862521935E0
7.500674433E1,1.134640503E-1,7.667056274E-1,9.800120544E0,9.830720945E0
7.501677533E1,1.309776306E-1,7.810757446E-1,9.803563385E0,9.835501487E0
7.502680533E1,1.115180969E-1,7.731422424E-1,9.841284943E0,9.872237565E0
7.503683533E1,8.741821289E-2,7.704478455E-1,9.862540741E0,9.892974360E0
7.504686633E1,6.930587769E-2,7.500901794E-1,9.804461517E0,9.833356712E0
7.505689633E1,9.160949707E-2,7.502398682E-1,9.693991241E0,9.723410839E0
7.506692633E1,1.038839722E-1,7.711962891E-1,9.691596222E0,9.722786274E0
7.507695633E1,1.041833496E-1,7.659571838E-1,9.791438599E0,9.821904826E0
7.508698733E1,7.694000244E-2,7.812254333E-1,9.916428680E0,9.947451468E0
7.509701733E1,5.852828979E-2,8.063731384E-1,9.974956970E0,1.000766855E1
7.510704733E1,4.864883423E-2,8.402027893E-1,9.939929810E0,9.975495579E0
7.511707833E1,5.478607178E-2,8.779243469E-1,9.865384827E0,9.904522727E0
7.512710833E1,8.173004150E-2,8.994795227E-1,9.805209961E0,9.846719534E0
7.513713833E1,1.107696533E-1,9.240284729E-1,9.818831635E0,9.862836975E0
7.514716833E1,1.136137390E-1,9.238787842E-1,9.824669495E0,9.868667122E0
7.515719933E1,1.204994202E-1,9.119036865E-1,9.826316071E0,9.869274338E0
7.516722933E1,1.103205872E-1,9.213340759E-1,9.806557159E0,9.850359914E0
7.517725933E1,1.167572021E-1,8.993298340E-1,9.807604980E0,9.849443733E0
7.518729033E1,1.133143616E-1,8.806187439E-1,9.844278717E0,9.884237602E0
7.519732033E1,1.038839722E-1,8.488847351E-1,9.876761169E0,9.913718191E0
7.520735033E1,1.023870850E-1,8.334667969E-1,9.886640625E0,9.922238299E0
7.521738033E1,9.430389404E-2,8.315208435E-1,9.870324554E0,9.905737072E0
7.522741133E1,9.131011963E-2,8.333171082E-1,9.828860779E0,9.864545562E0
7.523744133E1,9.175918579E-2,8.672964478E-1,9.817484436E0,9.856146485E0
7.524747133E1,9.669891357E-2,8.925938416E-1,9.791438599E0,9.832514647E0
7.525750233E1,8.981323242E-2,9.077124023E-1,9.768835602E0,9.811328006E0
7.526753233E1,9.415420532E-2,9.220825195E-1,9.813592529E0,9.857266331E0
7.527756233E1,9.535171509E-2,9.454339600E-1,9.833201752E0,9.879007744E0
7.528759233E1,9.984237671E-2,9.583071899E-1,9.848020935E0,9.895041056E0
7.529762333E1,9.535171509E-2,9.545649719E-1,9.851463776E0,9.898061667E0
7.530765333E1,9.415420532E-2,9.584568787E-1,9.845176849E0,9.892169216E0
7.531768333E1,9.879455566E-2,9.666897583E-1,9.839788055E0,9.887652827E0
7.532771433E1,9.250762939E-2,9.765692139E-1,9.863887939E0,9.912544092E0
7.533774433E1,7.035369873E-2,9.900411987E-1,9.898466034E0,9.948103389E0
7.534777433E1,8.187973022E-2,9.842033386E-1,9.893825684E0,9.942994879E0
7.535780433E1,1.044827271E-1,1.001417542E0,9.776769104E0,9.828477392E0
7.536783533E1,1.302291870E-1,9.906399536E-1,9.702972565E0,9.754281304E0
7.537786533E1,1.010398865E-1,9.773176575E-1,9.731712799E0,9.781185657E0
7.538789533E1,7.170089722E-2,9.485774231E-1,9.775721283E0,9.821897309E0
7.539792633E1,5.433700562E-2,9.364526367E-1,9.851314087E0,9.895872134E0
7.540795633E1,5.927673340E-2,9.174421692E-1,9.877060547E0,9.919754982E0
7.541798633E1,7.424560547E-2,9.292675781E-1,9.877359924E0,9.921254443E0
7.542801633E1,7.319778442E-2,9.434880066E-1,9.867330780E0,9.912605321E0
7.543804733E1,7.110214233E-2,9.400451660E-1,9.845775604E0,9.890805714E0
7.544807733E1,6.047424316E-2,9.601034546E-1,9.829160156E0,9.876125007E0
7.545810733E1,4.625381470E-2,1.001417542E0,9.798623657E0,9.849771677E0
7.546813833E1,6.361770630E-2,1.004710693E0,9.777816925E0,9.829506326E0
7.547816833E1,7.499404907E-2,1.005459137E0,9.803713074E0,9.855422985E0
7.548819833E1,8.786727905E-2,9.990225220E-1,9.811945953E0,9.863064942E0
7.549822833E1,7.499404907E-2,1.004860382E0,9.804910583E0,9.856553152E0
7.550825933E1,6.286926270E-2,9.864486694E-1,9.824968872E0,9.874565654E0
7.551828933E1,5.957611084E-2,9.765692139E-1,9.827513580E0,9.876095378E0
7.552831933E1,5.523513794E-2,9.813592529E-1,9.832303619E0,9.881311217E0
7.553835033E1,5.792953491E-2,9.780661011E-1,9.824968872E0,9.873701558E0
7.554838033E1,6.556365967E-2,9.919871521E-1,9.810898132E0,9.861138842E0
7.555841033E1,5.463638306E-2,9.981243896E-1,9.799521790E0,9.850373837E0
7.556844033E1,5.478607178E-2,1.000070343E0,9.803114319E0,9.854145958E0
7.557847133E1,6.242019653E-2,9.943821716E-1,9.811796265E0,9.862253197E0
7.558850133E1,5.254074097E-2,1.017733612E0,9.820328522E0,9.873064089E0
7.559853133E1,5.448669434E-2,1.016087036E0,9.835147705E0,9.887645425E0
7.560856233E1,5.328918457E-2,1.004561005E0,9.837093658E0,9.888396948E0
7.561859233E1,5.703140259E-2,1.028660889E0,9.835297394E0,9.889108687E0
7.562862233E1,6.661148071E-2,1.009201355E0,9.833351440E0,9.885227616E0
7.563865233E1,5.044509888E-2,1.002315674E0,9.812544708E0,9.863732309E0
7.564868333E1,5.792953491E-2,1.015637970E0,9.804311829E0,9.856947131E0
7.565871333E1,4.924758911E-2,1.009201355E0,9.813442841E0,9.865321743E0
7.566874333E1,5.194198608E-2,1.017583923E0,9.818981323E0,9.871705488E0
7.567877317E1,6.197113037E-2,1.013991394E0,9.821975098E0,9.874371564E0
7.568880317E1,4.685256958E-2,1.020727386E0,9.808952179E0,9.862029325E0
7.569883317E1,4.355941772E-2,1.033301239E0,9.803114319E0,9.857517904E0
7.570886417E1,4.700225830E-2,1.029858398E0,9.801018677E0,9.855089276E0
7.571889417E1,3.712280273E-2,1.029708710E0,9.802365875E0,9.856371284E0
7.572892417E1,3.847000122E-2,1.025218048E0,9.815538483E0,9.869009458E0
7.573895417E1,3.742218018E-2,1.026565247E0,9.809101868E0,9.862743841E0
7.574898517E1,3.861968994E-2,1.027613068E0,9.806856537E0,9.860624485E0
7.575901517E1,3.742218018E-2,1.021176453E0,9.797126770E0,9.850273840E0
7.576904517E1,3.113525391E-2,1.020877075E0,9.787846069E0,9.840990300E0
7.577907617E1,3.338058472E-2,1.027313690E0,9.798024902E0,9.851790683E0
7.578910617E1,2.933898926E-2,1.027762756E0,9.802964630E0,9.856737422E0
7.579913617E1,3.667373657E-2,1.035845947E0,9.810898132E0,9.865497654E0
7.580916617E1,4.505630493E-2,1.030457153E0,9.823322296E0,9.877324180E0
7.581919717E1,2.829116821E-2,1.026714935E0,9.831255798E0,9.884762745E0
7.582922717E1,1.526824951E-2,1.017134857E0,9.824070740E0,9.876596698E0
7.583925717E1,1.526824951E-2,1.016835480E0,9.823471985E0,9.875970299E0
7.584928817E1,1.661544800E-2,1.025218048E0,9.833800507E0,9.887111839E0
7.585931817E1,2.365081787E-2,1.031954041E0,9.856852570E0,9.910753305E0
7.586934817E1,2.649490356E-2,1.059047699E0,9.837542725E0,9.894419178E0
7.587937817E1,1.212478638E-2,1.058448944E0,9.791139221E0,9.848191125E0
7.588940917E1,-8.981323242E-4,1.062191162E0,9.745184784E0,9.802901476E0
7.589943917E1,-2.095642090E-3,1.058898010E0,9.747130737E0,9.804479945E0
7.590946917E1,7.634124756E-3,1.049317932E0,9.789792023E0,9.845869908E0
7.591950017E1,2.559677124E-2,1.021176453E0,9.829758911E0,9.882692791E0
7.592953017E1,3.532653809E-2,1.028511200E0,9.831106110E0,9.884823245E0
7.593956017E1,6.062393188E-2,1.016087036E0,9.785750427E0,9.838547634E0
7.594959017E1,6.840774536E-2,9.984237671E-1,9.804311829E0,9.855255454E0
7.595962117E1,7.454498291E-2,1.004411316E0,9.825567627E0,9.877053115E0
7.596965117E1,3.742218018E-2,9.990225220E-1,9.795180817E0,9.846065897E0
7.597968117E1,-2.365081787E-2,1.005309448E0,9.730066223E0,9.781891185E0
7.598971217E1,-2.844085693E-3,1.007704468E0,9.659562836E0,9.711983863E0
7.599974217E1,5.493576050E-2,1.040336609E0,9.682315521E0,9.738200658E0
7.600977217E1,4.595443726E-2,1.037791901E0,9.758507080E0,9.813642763E0
7.601980217E1,8.532257080E-3,1.041833496E0,9.891131287E0,9.945851797E0
7.602983317E1,-4.490661621E-4,1.055904236E0,9.981094208E0,1.003679110E1
7.603986317E1,3.293151855E-3,1.069974976E0,9.949958954E0,1.000732434E1
7.604989317E1,1.601669312E-2,1.083896027E0,9.841434631E0,9.900955648E0
7.605992417E1,3.008743286E-2,1.131347351E0,9.771230621E0,9.836554272E0
7.606995417E1,5.733078003E-2,1.125509491E0,9.790241089E0,9.854891121E0
7.607998417E1,7.349716187E-2,1.116677856E0,9.809700623E0,9.873327584E0
7.609001417E1,7.948471069E-2,1.097966766E0,9.822573853E0,9.884068288E0
7.610004517E1,7.214996338E-2,1.081051941E0,9.800868988E0,9.860573606E0
7.611007517E1,7.484436035E-2,1.065334625E0,9.802515564E0,9.860519810E0
7.612010517E1,6.047424316E-2,1.053808594E0,9.819131012E0,9.875702685E0
7.613013617E1,3.757186890E-2,1.034498749E0,9.847721558E0,9.901980569E0
7.614016617E1,4.565505981E-2,1.027912445E0,9.866133270E0,9.919640824E0
7.615019617E1,4.700225830E-2,1.025218048E0,9.848769379E0,9.902097734E0
7.616022717E1,4.715194702E-2,1.046623535E0,9.838889923E0,9.894513583E0
7.617025717E1,5.209167480E-2,1.046473846E0,9.802964630E0,9.858799957E0
7.618028717E1,5.239105225E-2,1.069076843E0,9.768236847E0,9.826704494E0
7.619031717E1,5.269042969E-2,1.079854431E0,9.783804474E0,9.843357753E0
7.620034817E1,4.849914551E-2,1.080153809E0,9.779463501E0,9.839054364E0
7.621037817E1,5.643264771E-2,1.100960541E0,9.803713074E0,9.865499926E0
7.622040817E1,4.879852295E-2,1.104253693E0,9.808952179E0,9.871033399E0
7.623043917E1,4.849914551E-2,1.114582214E0,9.822573853E0,9.885727225E0
7.624046917E1,3.802093506E-2,1.104104004E0,9.839488678E0,9.901314493E0
7.625049917E1,6.107299805E-2,1.114881592E0,9.831854553E0,9.895052038E0
7.626053017E1,4.565505981E-2,1.156944122E0,9.829160156E0,9.897120463E0
7.627056017E1,3.577560425E-2,1.161285095E0,9.885443115E0,9.953484242E0
7.628059017E1,2.874023438E-2,1.171763306E0,9.877958679E0,9.947257055E0
7.629062017E1,5.867797852E-2,1.158890076E0,9.800569611E0,9.869023964E0
7.630065117E1,7.858657837E-2,1.140927429E0,9.738748169E0,9.805667093E0
7.631068117E1,4.730163574E-2,1.110241241E0,9.745334473E0,9.808486991E0
7.632071117E1,2.679428101E-2,1.054706726E0,9.783954163E0,9.840674940E0
7.633074217E1,4.939727783E-3,1.029559021E0,9.818382568E0,9.872216187E0
7.634077217E1,3.951782227E-2,1.008602600E0,9.809251556E0,9.861047458E0
7.635080217E1,3.353027344E-2,1.022972717E0,9.819729767E0,9.872927132E0
7.636083217E1,5.254074097E-2,1.039737854E0,9.806706848E0,9.861810916E0
7.637086317E1,4.700225830E-2,1.060694275E0,9.800419922E0,9.857764057E0
7.638089317E1,3.442840576E-2,1.081650696E0,9.803114319E0,9.862667179E0
7.639092317E1,3.622467041E-2,1.103355560E0,9.770182800E0,9.832353618E0
7.640095417E1,2.604583740E-2,1.100960541E0,9.763596497E0,9.825508081E0
7.641098417E1,4.326004028E-2,1.100810852E0,9.775122528E0,9.837005459E0
7.642101417E1,4.550537109E-2,1.095871124E0,9.790839844E0,9.852083491E0
7.643104517E1,3.457809448E-2,1.089434509E0,9.810748444E0,9.871111803E0
7.644107517E1,2.918930054E-2,1.076561279E0,9.820927277E0,9.879800037E0
7.645110517E1,2.514770508E-2,1.076860657E0,9.815388794E0,9.874316101E0
7.646113517E1,2.065704346E-2,1.070873108E0,9.815089417E0,9.873356885E0
7.647116617E1,2.709365845E-2,1.074315948E0,9.830357666E0,9.888924141E0
7.648119617E1,3.128494263E-2,1.088985443E0,9.817783813E0,9.878043685E0
7.649122617E1,3.158432007E-2,1.109941864E0,9.782307587E0,9.845126217E0
7.650125717E1,3.278182983E-2,1.115180969E0,9.768685913E0,9.832188348E0
7.651128717E1,5.373825073E-2,1.122964783E0,9.777667236E0,9.842088919E0
7.652131717E1,3.772155762E-2,1.123413849E0,9.782307587E0,9.846675749E0
7.653134717E1,2.888992310E-2,1.109043732E0,9.792935486E0,9.855577003E0
7.654137817E1,2.709365845E-2,1.097667389E0,9.805359650E0,9.866645105E0
7.655140817E1,1.616638184E-2,1.076261902E0,9.796677704E0,9.855632657E0
7.656143817E1,2.963836670E-2,1.055604858E0,9.779164124E0,9.836017030E0
7.657146917E1,3.353027344E-2,1.030906219E0,9.794881439E0,9.849040274E0
7.658149917E1,2.634521484E-2,1.034947815E0,9.828711090E0,9.883085183E0
7.659152917E1,2.948867798E-2,1.031804352E0,9.868827667E0,9.922663419E0
7.660155917E1,2.275268555E-2,1.048868866E0,9.883347473E0,9.938873219E0
7.661159017E1,1.721420288E-2,1.073567505E0,9.875413971E0,9.933611861E0
7.662162017E1,1.916015625E-2,1.090033264E0,9.855655060E0,9.915769072E0
7.663165017E1,2.619552612E-2,1.113684082E0,9.828860779E0,9.891788648E0
7.664168117E1,3.278182983E-2,1.133742371E0,9.793833618E0,9.859291220E0
7.665171117E1,2.230361938E-2,1.141975250E0,9.766141205E0,9.832706594E0
7.666174117E1,8.681945801E-3,1.119821320E0,9.744136963E0,9.808276113E0
7.667177217E1,-6.137237549E-3,1.125808868E0,9.723330231E0,9.788290660E0
7.668180292E1,1.137634277E-2,1.102307739E0,9.756710815E0,9.818789014E0
7.669183292E1,2.439926147E-2,1.089135132E0,9.844877472E0,9.904969616E0
7.670186292E1,1.437011719E-2,1.093027039E0,9.883048096E0,9.943317066E0
7.671189392E1,2.245330811E-2,1.082249451E0,9.860594788E0,9.919833546E0
7.672192392E1,5.553451538E-2,1.075663147E0,9.776619415E0,9.835772592E0
7.673195392E1,6.152206421E-2,1.080752563E0,9.729916534E0,9.789948255E0
7.674198492E1,4.430786133E-2,1.075214081E0,9.771230621E0,9.830310085E0
7.675201492E1,1.287322998E-2,1.072669373E0,9.772278442E0,9.830982212E0
7.676204492E1,-3.742218018E-3,1.067729645E0,9.747579803E0,9.805884592E0
7.677207592E1,1.811233521E-2,1.047072601E0,9.714199219E0,9.770483895E0
7.678210592E1,2.170486450E-2,1.047671356E0,9.689949646E0,9.746446045E0
7.679213592E1,1.871109009E-2,1.031804352E0,9.741442566E0,9.795951898E0
7.680216592E1,1.272354126E-2,1.044378204E0,9.887239380E0,9.942252777E0
7.681219692E1,4.640350342E-3,1.072669373E0,9.975555725E0,1.003306300E1
7.682222692E1,-7.634124756E-3,1.090931396E0,9.954898682E0,1.001449936E1
7.683225692E1,-2.829116821E-2,1.141077118E0,9.846673737E0,9.912610204E0
7.684228792E1,1.945953369E-3,1.180594940E0,9.766739960E0,9.837836024E0
7.685231792E1,1.766326904E-2,1.200653229E0,9.745633850E0,9.819330899E0
7.686234792E1,4.086502075E-2,1.202299805E0,9.779912567E0,9.853622917E0
7.687237792E1,5.673202515E-2,1.156644745E0,9.796528015E0,9.864735513E0
7.688240892E1,6.301895142E-2,1.120869141E0,9.786498871E0,9.850679122E0
7.689243892E1,7.110214233E-2,1.089434509E0,9.793983307E0,9.854645203E0
7.690246892E1,7.140151978E-2,1.052611084E0,9.800868988E0,9.857490613E0
7.691249992E1,3.847000122E-2,1.019829254E0,9.838889923E0,9.891677642E0
7.692252992E1,4.101470947E-2,9.894424438E-1,9.866732025E0,9.916303717E0
7.693255992E1,4.236190796E-2,1.001417542E0,9.851014709E0,9.901874693E0
7.694259092E1,3.053649902E-2,1.030756531E0,9.828112335E0,9.882063731E0
7.695262092E1,4.355941772E-2,1.064286804E0,9.795031128E0,9.852778218E0
7.696265092E1,4.939727783E-2,1.103505249E0,9.786648560E0,9.848789466E0
7.697268092E1,4.775070190E-2,1.122964783E0,9.805659027E0,9.869867222E0
7.698271192E1,5.074447632E-2,1.143771515E0,9.799222412E0,9.865877972E0
7.699274192E1,4.445755005E-2,1.136586456E0,9.811047821E0,9.876763873E0
7.700277192E1,4.281097412E-2,1.152154083E0,9.816735992E0,9.884209496E0
7.701280292E1,4.191284180E-2,1.149459686E0,9.805659027E0,9.872890317E0
7.702283292E1,6.092330933E-2,1.140029297E0,9.812395020E0,9.878586663E0
7.703286292E1,6.556365967E-2,1.144819336E0,9.833950195E0,9.900580102E0
7.704289392E1,4.924758911E-2,1.126707001E0,9.882748718E0,9.946889776E0
7.705292392E1,1.601669312E-2,1.130149841E0,9.867031403E0,9.931555966E0
7.706295392E1,1.990859985E-2,1.123563538E0,9.784852295E0,9.849168788E0
7.707298392E1,4.370910645E-2,1.125060425E0,9.725126495E0,9.790084616E0
7.708301492E1,5.313949585E-2,1.096170502E0,9.710606689E0,9.772425280E0
7.709304492E1,3.248245239E-2,1.087638245E0,9.737550659E0,9.798158240E0
7.710307492E1,7.783813477E-3,1.073717194E0,9.801617432E0,9.860255244E0
7.711310592E1,1.541793823E-2,1.066532135E0,9.863887939E0,9.921391726E0
7.712313592E1,2.634521484E-2,1.059646454E0,9.870923309E0,9.927672016E0
7.713316592E1,3.637435913E-2,1.062490540E0,9.839338989E0,9.896605528E0
7.714319692E1,2.993774414E-2,1.075064392E0,9.805808716E0,9.864610701E0
7.715322692E1,2.874023438E-2,1.103505249E0,9.783804474E0,9.845881363E0
7.716325692E1,3.622467041E-2,1.104253693E0,9.783205719E0,9.845394994E0
7.717328692E1,3.936813354E-2,1.107097778E0,9.790241089E0,9.852717185E0
7.718331792E1,4.311035156E-2,1.116827545E0,9.783954163E0,9.847584543E0
7.719334792E1,5.254074097E-2,1.113833771E0,9.783355408E0,9.846696361E0
7.720337792E1,3.397933960E-2,1.104852448E0,9.759255524E0,9.821655762E0
7.721340892E1,3.023712158E-2,1.080602875E0,9.768386536E0,9.828020776E0
7.722343892E1,2.409988403E-2,1.070274353E0,9.758207703E0,9.816755348E0
7.723346892E1,3.113525391E-2,1.055904236E0,9.762698364E0,9.819683422E0
7.724349992E1,3.098556519E-2,1.053509216E0,9.782756653E0,9.839368349E0
7.725352992E1,3.008743286E-2,1.063837738E0,9.889784088E0,9.946883195E0
7.726355992E1,4.819976807E-2,1.088386688E0,9.928703156E0,9.988295908E0
7.727358992E1,4.071533203E-2,1.119222565E0,9.846973114E0,9.910458940E0
7.728362092E1,2.709365845E-2,1.131197662E0,9.739646301E0,9.805154374E0
7.729365092E1,-6.885681152E-3,1.126557312E0,9.731263733E0,9.796258093E0
7.730368092E1,5.089416504E-3,1.130000153E0,9.814490662E0,9.879329592E0
7.731371192E1,1.332229614E-2,1.143921204E0,9.886490936E0,9.952458804E0
7.732374192E1,2.754272461E-2,1.160087585E0,9.861043854E0,9.929085945E0
7.733377192E1,1.152603149E-2,1.134341125E0,9.793833618E0,9.859312328E0
7.734380292E1,-2.140548706E-2,1.122066650E0,9.717642059E0,9.782231798E0
7.735383292E1,-2.499801636E-2,1.099313965E0,9.711953888E0,9.774004523E0
7.736386292E1,-1.466949463E-2,1.086590424E0,9.793983307E0,9.854085597E0
7.737389292E1,9.729766846E-3,1.071022797E0,9.870025177E0,9.927969656E0
7.738392392E1,2.095642090E-2,1.071022797E0,9.859546967E0,9.917570034E0
7.739395392E1,3.502716064E-2,1.094523926E0,9.819729767E0,9.880602321E0
7.740398392E1,6.017486572E-2,1.083446960E0,9.747280426E0,9.807494789E0
7.741401492E1,5.807922363E-2,1.079854431E0,9.766440582E0,9.826129474E0
7.742404492E1,3.532653809E-2,1.096170502E0,9.790390778E0,9.851628764E0
7.743407492E1,9.580078125E-3,1.072519684E0,9.777218170E0,9.835872376E0
7.744410592E1,1.496887207E-4,1.076561279E0,9.762398987E0,9.821579211E0
7.745413592E1,4.939727783E-3,1.080303497E0,9.720186768E0,9.780036342E0
7.746416592E1,2.020797729E-2,1.079704742E0,9.688752136E0,9.748748056E0
7.747419592E1,2.664459229E-2,1.087189178E0,9.746531982E0,9.807016668E0
7.748422692E1,1.826202393E-2,1.105451202E0,9.880503387E0,9.942167925E0
7.749425692E1,1.676513672E-2,1.108894043E0,9.945019226E0,1.000666450E1
7.750428692E1,1.646575928E-3,1.133592682E0,9.894274750E0,9.959001351E0
7.751431792E1,8.382568359E-3,1.158441010E0,9.800868988E0,9.869097667E0
7.752434792E1,1.990859985E-2,1.189576263E0,9.749974823E0,9.822295917E0
7.753437792E1,1.122665405E-2,1.185834045E0,9.777218170E0,9.848874228E0
7.754440892E1,3.278182983E-2,1.177002411E0,9.818382568E0,9.888733265E0
7.755443892E1,5.703140259E-2,1.162332916E0,9.851912842E0,9.920406092E0
7.756446892E1,6.646179199E-2,1.129102020E0,9.816586304E0,9.881531015E0
7.757449892E1,5.194198608E-2,1.120120697E0,9.802216187E0,9.866144663E0
7.758452992E1,2.634521484E-2,1.091230774E0,9.818083191E0,9.878574604E0
7.759455992E1,1.916015625E-2,1.074016571E0,9.842033386E0,9.900479780E0
7.760458992E1,2.275268555E-2,1.069076843E0,9.857900391E0,9.915727058E0
7.761462092E1,2.409988403E-2,1.042132874E0,9.847272491E0,9.902292525E0
7.762465092E1,2.679428101E-2,1.063238983E0,9.820328522E0,9.877755177E0
7.763468092E1,3.098556519E-2,1.093176727E0,9.790690155E0,9.851579019E0
7.764471192E1,2.634521484E-2,1.110540619E0,9.774074707E0,9.836998064E0
7.765474192E1,2.469863892E-2,1.132544861E0,9.799671478E0,9.864929243E0
7.766477192E1,3.158432007E-2,1.144669647E0,9.792935486E0,9.859657783E0
7.767480292E1,2.020797729E-2,1.150357819E0,9.800868988E0,9.868169252E0
7.768483246E1,3.397933960E-2,1.173709259E0,9.819729767E0,9.889683550E0
7.769486246E1,5.328918457E-2,1.169667664E0,9.817185059E0,9.886763103E0
7.770489246E1,3.817062378E-2,1.182391205E0,9.832303619E0,9.903216670E0
7.771492346E1,2.754272461E-2,1.175655212E0,9.864486694E0,9.934335485E0
7.772495346E1,1.975891113E-2,1.181193695E0,9.835297394E0,9.905992317E0
7.773498346E1,3.682342529E-2,1.170715485E0,9.778565369E0,9.848465433E0
7.774501446E1,5.568420410E-2,1.164578247E0,9.736203461E0,9.805763665E0
7.775504446E1,4.595443726E-2,1.145268402E0,9.718091125E0,9.785450764E0
7.776507446E1,1.347198486E-2,1.116827545E0,9.740843811E0,9.804668450E0
7.777510546E1,7.933502197E-3,1.109792175E0,9.802515564E0,9.865141306E0
7.778513546E1,1.676513672E-2,1.104253693E0,9.835147705E0,9.896958506E0
7.779516546E1,2.963836670E-2,1.110690308E0,9.831405487E0,9.893990360E0
7.780519546E1,2.948867798E-2,1.120569763E0,9.829459534E0,9.893170417E0
7.781522646E1,1.721420288E-2,1.124012604E0,9.840835876E0,9.904834749E0
7.782525646E1,1.107696533E-2,1.117126923E0,9.811646576E0,9.875044496E0
7.783528646E1,1.047821045E-2,1.133892059E0,9.786947937E0,9.852419546E0
7.784531746E1,4.939727783E-3,1.146465912E0,9.761650543E0,9.828745078E0
7.785534746E1,1.137634277E-2,1.140029297E0,9.779762878E0,9.845991985E0
7.786537746E1,1.407073975E-2,1.138382721E0,9.792486420E0,9.858443259E0
7.787540846E1,7.035369873E-3,1.140328674E0,9.808802490E0,9.874867355E0
7.788543846E1,-3.891906738E-3,1.112336884E0,9.807604980E0,9.870482457E0
7.789546846E1,-3.293151855E-3,1.105600891E0,9.803114319E0,9.865263024E0
7.790549946E1,1.945953369E-2,1.113534393E0,9.792486420E0,9.855614024E0
7.791552946E1,3.308120728E-2,1.117426300E0,9.789043579E0,9.852670201E0
7.792555946E1,3.293151855E-2,1.128952332E0,9.795031128E0,9.859931676E0
7.793558946E1,1.062789917E-2,1.132095795E0,9.809700623E0,9.874815449E0
7.794562046E1,1.002914429E-2,1.150507507E0,9.812095642E0,9.879321282E0
7.795565046E1,2.125579834E-2,1.152004395E0,9.800868988E0,9.868363535E0
7.796568046E1,2.035766602E-2,1.141526184E0,9.828262024E0,9.894353484E0
7.797571146E1,2.335144043E-2,1.149759064E0,9.851763153E0,9.918655575E0
7.798574146E1,2.784210205E-2,1.150058441E0,9.859097900E0,9.925987155E0
7.799577146E1,1.871109009E-2,1.150058441E0,9.817783813E0,9.884931134E0
7.800580246E1,5.239105225E-3,1.152603149E0,9.753717041E0,9.821584271E0
7.801583246E1,-1.107696533E-2,1.149309998E0,9.693392487E0,9.761295717E0
7.802586246E1,2.245330811E-3,1.149759064E0,9.715696106E0,9.783491287E0
7.803589346E1,1.826202393E-2,1.143472137E0,9.799372101E0,9.865878349E0
7.804592346E1,1.541793823E-2,1.109043732E0,9.872719574E0,9.934828005E0
7.805595346E1,2.335144043E-2,1.105750580E0,9.874216461E0,9.935963987E0
7.806598346E1,4.191284180E-2,1.093925171E0,9.799671478E0,9.860628279E0
7.807601446E1,6.706054688E-2,1.101409607E0,9.734257507E0,9.796599893E0
7.808604446E1,4.490661621E-2,1.092727661E0,9.752968597E0,9.814095313E0
7.809607446E1,1.347198486E-2,1.098266144E0,9.802066498E0,9.863411055E0
7.810610546E1,8.981323242E-3,1.100661163E0,9.782756653E0,9.844483907E0
7.811613546E1,-0.000000000E0,1.100062408E0,9.748477936E0,9.810349605E0
7.812616546E1,-2.993774414E-4,1.106349335E0,9.692943420E0,9.755878284E0
7.813619646E1,-1.496887207E-4,1.115031281E0,9.692793732E0,9.756717947E0
7.814622646E1,8.831634521E-3,1.101858673E0,9.795779572E0,9.857558924E0
7.815625646E1,9.879455566E-3,1.107247467E0,9.927056580E0,9.988620870E0
7.816628646E1,-0.000000000E0,1.126407623E0,9.965825958E0,1.002928119E1
7.817631746E1,-7.484436035E-4,1.174158325E0,9.878108368E0,9.947646619E0
7.818634746E1,1.182540894E-2,1.202150116E0,9.770631866E0,9.844315711E0
7.819637746E1,2.709365845E-2,1.216220856E0,9.763596497E0,9.839092630E0
7.820640846E1,2.754272461E-2,1.218466187E0,9.792037354E0,9.867594133E0
7.821643846E1,5.029541016E-2,1.195414124E0,9.843230896E0,9.915681471E0
7.822646846E1,6.242019653E-2,1.173559570E0,9.859397278E0,9.929191962E0
7.823649946E1,6.167175293E-2,1.144519958E0,9.822424164E0,9.889072039E0
7.824652946E1,4.610412598E-2,1.117126923E0,9.830507355E0,9.893885637E0
7.825655946E1,2.409988403E-2,1.087937622E0,9.837093658E0,9.897100622E0
7.826659046E1,1.212478638E-2,1.075064392E0,9.854307861E0,9.912784366E0
7.827662046E1,2.125579834E-2,1.072669373E0,9.881551208E0,9.939624021E0
7.828665046E1,2.275268555E-2,1.067579956E0,9.844129028E0,9.901874619E0
7.829668046E1,2.140548706E-2,1.080303497E0,9.814490662E0,9.873790599E0
7.830671146E1,3.457809448E-2,1.106798401E0,9.782606964E0,9.845079855E0
7.831674146E1,3.278182983E-2,1.115779724E0,9.776020660E0,9.839543637E0
7.832677146E1,3.502716064E-2,1.119372253E0,9.799970856E0,9.863754352E0
7.833680246E1,4.430786133E-2,1.132395172E0,9.834998016E0,9.900074141E0
7.834683246E1,4.116439819E-2,1.124311981E0,9.817933502E0,9.882185497E0
7.835686246E1,3.652404785E-2,1.142873383E0,9.815987549E0,9.882363337E0
7.836689346E1,6.526428223E-2,1.130748596E0,9.816286926E0,9.881413909E0
7.837692346E1,3.652404785E-2,1.132544861E0,9.830657043E0,9.895747055E0
7.838695346E1,1.886077881E-2,1.124012604E0,9.823921051E0,9.888032407E0
7.839698446E1,3.517684937E-2,1.105301514E0,9.756710815E0,9.819181981E0
7.840701446E1,6.212081909E-2,1.082399139E0,9.729018402E0,9.789241337E0
7.841704446E1,6.122268677E-2,1.067430267E0,9.746531982E0,9.805000830E0
7.842707546E1,4.026626587E-2,1.052162018E0,9.773475952E0,9.830030441E0
7.843710546E1,1.287322998E-2,1.028660889E0,9.802066498E0,9.855902626E0
7.844713546E1,1.077758789E-2,1.010997620E0,9.806706848E0,9.858688125E0
7.845716546E1,2.424957275E-2,9.892927551E-1,9.811047821E0,9.860828948E0
7.846719646E1,3.637435913E-2,9.831555176E-1,9.822274475E0,9.871423085E0
7.847722646E1,4.221221924E-2,9.592053223E-1,9.845476227E0,9.892181703E0
7.848725646E1,4.655319214E-2,9.741741943E-1,9.851763153E0,9.899920191E0
7.849728746E1,4.460723877E-2,9.627978516E-1,9.835147705E0,9.882261881E0
7.850731746E1,5.194198608E-2,9.623487854E-1,9.814640350E0,9.861844572E0
7.851734746E1,5.239105225E-2,9.711804199E-1,9.801467743E0,9.849604365E0
7.852737846E1,4.086502075E-2,9.677375793E-1,9.786349182E0,9.834165765E0
7.853740846E1,3.248245239E-2,9.575587463E-1,9.789642334E0,9.836415551E0
7.854743846E1,2.335144043E-2,9.553134155E-1,9.809251556E0,9.855687957E0
7.855746846E1,3.353027344E-2,9.418414307E-1,9.817185059E0,9.862317782E0
7.856749946E1,4.924758911E-2,9.301657104E-1,9.856104126E0,9.900021319E0
7.857752946E1,5.014572144E-2,9.273216248E-1,9.823471985E0,9.867271245E0
7.858755946E1,3.936813354E-2,9.093589783E-1,9.819280701E0,9.861377038E0
7.859759046E1,5.478607178E-2,8.946894836E-1,9.815388794E0,9.856232950E0
7.860762046E1,5.718109131E-2,8.988807678E-1,9.817933502E0,9.859161961E0
7.861765046E1,6.077362061E-2,8.973838806E-1,9.839488678E0,9.880512573E0
7.862768146E1,5.358856201E-2,8.858578491E-1,9.821226654E0,9.861242764E0
7.863771146E1,5.179229736E-2,8.919950867E-1,9.829309845E0,9.869836357E0
7.864774146E1,5.284011841E-2,8.890013123E-1,9.820478210E0,9.860776222E0
7.865777246E1,4.071533203E-2,8.813671875E-1,9.816586304E0,9.856157087E0
7.866780246E1,5.493576050E-2,8.791218567E-1,9.814191284E0,9.853640126E0
7.867783246E1,5.328918457E-2,8.797206116E-1,9.822274475E0,9.861735342E0
7.868786404E1,6.301895142E-2,8.599617004E-1,9.847721558E0,9.885399607E0
7.869789404E1,7.065307617E-2,8.381071472E-1,9.895621948E0,9.931301485E0
7.870792404E1,5.718109131E-2,8.298742676E-1,9.904453583E0,9.939324009E0
7.871795404E1,5.119354248E-2,8.222401428E-1,9.861193542E0,9.895546358E0
7.872798504E1,6.376739502E-2,8.325686646E-1,9.802515564E0,9.838015463E0
7.873801504E1,6.376739502E-2,8.171507263E-1,9.775421906E0,9.809723494E0
7.874804504E1,5.029541016E-2,8.217910767E-1,9.804611206E0,9.839119427E0
7.875807604E1,5.867797852E-2,8.286767578E-1,9.841284943E0,9.876286630E0
7.876810604E1,4.775070190E-2,8.125103760E-1,9.837991791E0,9.871602490E0
7.877813604E1,3.847000122E-2,7.945477295E-1,9.824370117E0,9.856522421E0
7.878816704E1,4.580474854E-2,7.988887024E-1,9.802665253E0,9.835271592E0
7.879819704E1,4.221221924E-2,7.815248108E-1,9.818083191E0,9.849229434E0
7.880822704E1,4.715194702E-2,7.586224365E-1,9.840386810E0,9.869698267E0
7.881825804E1,5.643264771E-2,7.601193237E-1,9.870623932E0,9.900009234E0
7.882828804E1,5.763015747E-2,7.417076111E-1,9.876611481E0,9.904590136E0
7.883831804E1,7.559280396E-2,7.232958984E-1,9.820927277E0,9.847816195E0
7.884834904E1,1.001417542E-1,7.110214233E-1,9.764045563E0,9.790411921E0
7.885837904E1,1.094224548E-1,6.954537964E-1,9.733958130E0,9.759383696E0
7.886840904E1,9.011260986E-2,6.789880371E-1,9.757010193E0,9.781022081E0
7.887843904E1,5.972579956E-2,6.715036011E-1,9.786349182E0,9.809542016E0
7.888847004E1,5.029541016E-2,6.553372192E-1,9.809850311E0,9.831844162E0
7.889850004E1,5.388793945E-2,6.421646118E-1,9.803264008E0,9.824421841E0
7.890853004E1,6.002517700E-2,6.418652344E-1,9.862690430E0,9.883736971E0
7.891856104E1,7.125183105E-2,6.700067139E-1,9.970615997E0,9.993356252E0
7.892859104E1,6.346801758E-2,6.884184265E-1,9.995164948E0,1.001904539E1
7.893862104E1,4.969665527E-2,7.361691284E-1,9.911189575E0,9.938616279E0
7.894865204E1,5.179229736E-2,7.578739929E-1,9.799072723E0,9.828473008E0
7.895868204E1,6.032455444E-2,7.683522034E-1,9.757608948E0,9.787999619E0
7.896871204E1,7.619155884E-2,7.569758606E-1,9.767488403E0,9.797073406E0
7.897874304E1,9.894424438E-2,7.223977661E-1,9.810898132E0,9.837955614E0
7.898877304E1,1.196012878E-1,6.750961304E-1,9.840386810E0,9.864242081E0
7.899880304E1,1.339714050E-1,6.405180359E-1,9.875863037E0,9.897519003E0
7.900883304E1,1.219963074E-1,6.119274902E-1,9.886191559E0,9.905863006E0
7.901886404E1,1.140628052E-1,5.739065552E-1,9.879156189E0,9.896469374E0
7.902889404E1,1.145118713E-1,5.595364380E-1,9.901609497E0,9.918067585E0
7.903892404E1,1.128652954E-1,5.345384216E-1,9.894424438E0,9.909495692E0
7.904895504E1,1.025367737E-1,5.516029358E-1,9.876910858E0,9.892833148E0
7.905898504E1,1.067280579E-1,5.661227417E-1,9.839638367E0,9.856488676E0
7.906901504E1,9.550140381E-2,5.875282288E-1,9.805808716E0,9.823858433E0
7.907904604E1,1.094224548E-1,6.195616150E-1,9.798623657E0,9.818801121E0
7.908907604E1,1.038839722E-1,6.252497864E-1,9.817035370E0,9.837474911E0
7.909910604E1,1.187031555E-1,6.170169067E-1,9.847571869E0,9.867597074E0
7.910913704E1,1.077758789E-1,6.084846497E-1,9.864337006E0,9.883674103E0
7.911916704E1,1.225950623E-1,6.222560120E-1,9.880653076E0,9.900986683E0
7.912919704E1,1.110690308E-1,6.161187744E-1,9.928403778E0,9.948122449E0
7.913922804E1,9.370513916E-2,6.045927429E-1,9.936037903E0,9.954856214E0
7.914925804E1,8.966354370E-2,5.938151550E-1,9.863887939E0,9.882152664E0
7.915928804E1,1.242416382E-1,5.788462830E-1,9.788444824E0,9.806332193E0
7.916931904E1,1.627116394E-1,5.810916138E-1,9.781559143E0,9.800155193E0
7.917934904E1,1.564247131E-1,5.623805237E-1,9.837542725E0,9.854845884E0
7.918937904E1,1.161584473E-1,5.300477600E-1,9.849517822E0,9.864453596E0
7.919940904E1,8.906478882E-2,5.264552307E-1,9.831555176E0,9.846043105E0
7.920944004E1,1.158590698E-1,5.165757751E-1,9.802964630E0,9.817249584E0
7.921947004E1,1.199006653E-1,5.149291992E-1,9.814041595E0,9.828272518E0
7.922950004E1,1.188528442E-1,4.966671753E-1,9.850116577E0,9.863346332E0
7.923953104E1,1.082249451E-1,5.092410278E-1,9.915231171E0,9.928889577E0
7.924956104E1,1.311273193E-1,4.941224670E-1,9.920919342E0,9.934082342E0
7.925959104E1,1.236428833E-1,4.891827393E-1,9.896669769E0,9.909523694E0
7.926962204E1,1.344204712E-1,5.014572144E-1,9.861642609E0,9.875298636E0
7.927965204E1,1.375639343E-1,5.069956970E-1,9.846524048E0,9.860527587E0
7.928968204E1,1.377136230E-1,4.905299377E-1,9.844129028E0,9.857304956E0
7.929971304E1,1.166075134E-1,4.812492371E-1,9.829609222E0,9.842073745E0
7.930974304E1,1.199006653E-1,4.836442566E-1,9.817334747E0,9.829971998E0
7.931977304E1,1.181044006E-1,4.734654236E-1,9.820478210E0,9.832594288E0
7.932980404E1,1.224453735E-1,4.552033997E-1,9.844129028E0,9.855408633E0
7.933983404E1,1.297801208E-1,4.623884583E-1,9.846823425E0,9.858528163E0
7.934986404E1,1.297801208E-1,4.453239441E-1,9.846074982E0,9.856994919E0
7.935989504E1,1.341210938E-1,4.457730103E-1,9.843081207E0,9.854082895E0
7.936992504E1,1.392105103E-1,4.408332825E-1,9.839189301E0,9.850043636E0
7.937995504E1,1.236428833E-1,4.379891968E-1,9.865085449E0,9.875577604E0
7.938998504E1,1.121168518E-1,4.251159668E-1,9.896969147E0,9.906729635E0
7.940001604E1,1.246907043E-1,4.291575623E-1,9.853260040E0,9.863389752E0
7.941004604E1,1.278341675E-1,4.185296631E-1,9.853559418E0,9.863272370E0
7.942007604E1,1.234931946E-1,4.174818420E-1,9.897418213E0,9.906988894E0
7.943010704E1,1.236428833E-1,4.022135925E-1,9.924511871E0,9.933428372E0
7.944013704E1,1.374142456E-1,4.153862000E-1,9.884844360E0,9.894522545E0
7.945016704E1,1.350192261E-1,4.206253052E-1,9.867779846E0,9.877663435E0
7.946019804E1,1.149609375E-1,4.291575623E-1,9.827513580E0,9.837551291E0
7.947022804E1,1.083746338E-1,4.287084961E-1,9.808054047E0,9.818017122E0
7.948025804E1,1.031355286E-1,4.143383789E-1,9.805958405E0,9.815250046E0
7.949028904E1,1.332229614E-1,4.128414917E-1,9.839189301E0,9.848747765E0
7.950031904E1,1.465452576E-1,4.079017639E-1,9.851912842E0,9.861442390E0
7.951034904E1,1.351689148E-1,3.945794678E-1,9.907297668E0,9.916073350E0
7.952038004E1,1.293310547E-1,3.845503235E-1,9.914183350E0,9.922481391E0
7.953041004E1,1.502874756E-1,3.481759644E-1,9.790390778E0,9.797732616E0
7.954044004E1,1.715432739E-1,3.534150696E-1,9.734257507E0,9.742181405E0
7.955047004E1,1.576222229E-1,3.347039795E-1,9.783654785E0,9.790647194E0
7.956050104E1,1.384620667E-1,2.938389587E-1,9.846673737E0,9.852030083E0
7.957053104E1,1.221459961E-1,2.856060791E-1,9.884694672E0,9.889574269E0
7.958056104E1,9.684860229E-2,2.706372070E-1,9.865235138E0,9.869421892E0
7.959059204E1,1.047821045E-1,2.721340942E-1,9.832602997E0,9.836926245E0
7.960062204E1,1.182540894E-1,3.119512939E-1,9.859546967E0,9.865189508E0
7.961065204E1,1.396595764E-1,3.411405945E-1,9.918973389E0,9.925820610E0
7.962068304E1,1.308279419E-1,3.643423462E-1,9.952653351E0,9.960179216E0
7.963071304E1,1.240919495E-1,3.932322693E-1,9.903854828E0,9.912435164E0
7.964074304E1,1.351689148E-1,4.098477173E-1,9.843979340E0,9.853434682E0
7.965077404E1,1.335223389E-1,4.150868225E-1,9.798773346E0,9.808470032E0
7.966080404E1,1.525328064E-1,4.098477173E-1,9.814041595E0,9.823780018E0
7.967083404E1,1.619631958E-1,3.739224243E-1,9.845925293E0,9.854354110E0
7.968086504E1,1.700463867E-1,3.266207886E-1,9.883497162E0,9.890354547E0
7.969089446E1,1.707948303E-1,2.824626160E-1,9.898166656E0,9.903668975E0
7.970092446E1,1.748364258E-1,2.528242493E-1,9.880204010E0,9.884984530E0
7.971095546E1,1.642085266E-1,2.321672058E-1,9.882000275E0,9.886091011E0
7.972098546E1,1.534309387E-1,2.154020691E-1,9.882299652E0,9.885837624E0
7.973101546E1,1.472937012E-1,2.207908630E-1,9.868378601E0,9.871947136E0
7.974104646E1,1.411564636E-1,2.243833923E-1,9.848619690E0,9.852186704E0
7.975107646E1,1.405577087E-1,2.386038208E-1,9.856852570E0,9.860741901E0
7.976110646E1,1.507365417E-1,2.721340942E-1,9.841284943E0,9.846200678E0
7.977113646E1,1.712438965E-1,2.697390747E-1,9.841434631E0,9.846619686E0
7.978116746E1,1.603166199E-1,2.781216431E-1,9.841734009E0,9.846968131E0
7.979119746E1,1.565744019E-1,3.004252625E-1,9.842632141E0,9.848460710E0
7.980122746E1,1.489402771E-1,2.734812927E-1,9.863289185E0,9.868203928E0
7.981125846E1,1.694476318E-1,2.838098145E-1,9.887089691E0,9.892613561E0
7.982128846E1,1.817221069E-1,2.885998535E-1,9.933642883E0,9.939495648E0
7.983131846E1,1.420545959E-1,2.761756897E-1,9.972861328E0,9.977695906E0
7.984134946E1,1.460961914E-1,2.568658447E-1,9.917177124E0,9.921578819E0
7.985137946E1,1.926493835E-1,2.670446777E-1,9.814041595E0,9.819564098E0
7.986140946E1,2.191442871E-1,2.550695801E-1,9.799970856E0,9.805738803E0
7.987144046E1,1.811233521E-1,2.451901245E-1,9.832153931E0,9.836878305E0
7.988147046E1,1.616638184E-1,2.269281006E-1,9.836195526E0,9.840140953E0
7.989150046E1,1.514849854E-1,2.228865051E-1,9.820777588E0,9.824474466E0
7.990153146E1,1.525328064E-1,2.165995789E-1,9.816885681E0,9.820459567E0
7.991156146E1,1.776805115E-1,2.047741699E-1,9.839937744E0,9.843671959E0
7.992159146E1,1.663041687E-1,1.983375549E-1,9.885742493E0,9.889130371E0
7.993162246E1,1.550775146E-1,1.880090332E-1,9.922416229E0,9.925408821E0
7.994165246E1,1.651066589E-1,1.996847534E-1,9.930349731E0,9.933729410E0
7.995168246E1,1.689985657E-1,2.032772827E-1,9.890981598E0,9.894513588E0
7.996171346E1,1.734892273E-1,2.160008240E-1,9.860594788E0,9.864486020E0
7.997174346E1,1.797761536E-1,2.142045593E-1,9.846524048E0,9.850494347E0
7.998177346E1,1.763333130E-1,1.960922241E-1,9.837991791E0,9.841525698E0
7.999180446E1,1.630110168E-1,1.901046753E-1,9.834548950E0,9.837736804E0
8.000183446E1,1.520837402E-1,1.800755310E-1,9.826166382E0,9.828992951E0
8.001186446E1,1.576222229E-1,1.734892273E-1,9.842033386E0,9.844824247E0
8.002189446E1,1.502874756E-1,1.697470093E-1,9.846673737E0,9.849283428E0
8.003192546E1,1.648072815E-1,1.562750244E-1,9.856403503E0,9.859019898E0
8.004195546E1,1.757345581E-1,1.531315613E-1,9.853709106E0,9.856465648E0
8.005198546E1,1.836680603E-1,1.739382935E-1,9.853709106E0,9.856955496E0
8.006201646E1,1.761836243E-1,1.685494995E-1,9.882149963E0,9.885157434E0
8.007204646E1,1.591191101E-1,1.502874756E-1,9.901609497E0,9.904028264E0
8.008207646E1,1.657054138E-1,1.342707825E-1,9.884095917E0,9.886396665E0
8.009210746E1,1.586700439E-1,1.392105103E-1,9.838141479E0,9.840405658E0
8.010213746E1,1.528321838E-1,1.402583313E-1,9.868827667E0,9.871007527E0
8.011216746E1,1.615141296E-1,1.523831177E-1,9.903256073E0,9.905745216E0
8.012219846E1,1.682501221E-1,1.570234680E-1,9.912237396E0,9.914908707E0
8.013222846E1,1.704954529E-1,1.630110168E-1,9.911488953E0,9.914295464E0
8.014225846E1,1.502874756E-1,1.667532349E-1,9.862391052E0,9.864945526E0
8.015228946E1,1.562750244E-1,1.607656860E-1,9.801617432E0,9.804181341E0
8.016231946E1,1.300794983E-1,1.492396545E-1,9.783056030E0,9.785058939E0
8.017234946E1,1.511856079E-1,1.571731567E-1,9.791288910E0,9.793717323E0
8.018238046E1,1.877096558E-1,1.525328064E-1,9.830207977E0,9.833183109E0
8.019241046E1,1.781295776E-1,1.368154907E-1,9.890682220E0,9.893232202E0
8.020244046E1,1.660047913E-1,1.308279419E-1,9.940378876E0,9.942625696E0
8.021247146E1,1.692979431E-1,1.116677856E-1,9.879754944E0,9.881836329E0
8.022250146E1,1.972897339E-1,7.738906860E-2,9.770931244E0,9.773229235E0
8.023253146E1,1.980381775E-1,8.592132568E-2,9.808503113E0,9.810878396E0
8.024256246E1,1.859133911E-1,6.212081909E-2,9.826765137E0,9.828719949E0
8.025259246E1,1.550775146E-1,4.415817261E-2,9.871821442E0,9.873138182E0
8.026262246E1,1.263372803E-1,3.682342529E-2,9.881700897E0,9.882577078E0
8.027265246E1,1.119671631E-1,4.161346436E-2,9.854607239E0,9.855331154E0
8.028268346E1,1.377136230E-1,7.424560547E-2,9.871971130E0,9.873210797E0
8.029271346E1,1.634600830E-1,1.134640503E-1,9.917177124E0,9.919173121E0
8.030274346E1,1.540296936E-1,1.423539734E-1,9.937085724E0,9.939298893E0
8.031277446E1,1.499880981E-1,1.763333130E-1,9.917027435E0,9.919728979E0
8.032280446E1,1.462458801E-1,2.026785278E-1,9.867630157E0,9.870794870E0
8.033283446E1,1.483415222E-1,2.128573608E-1,9.828411713E0,9.831835549E0
8.034286546E1,1.573228455E-1,1.778302002E-1,9.813592529E0,9.816464353E0
8.035289546E1,1.715432739E-1,1.437011719E-1,9.842183075E0,9.844726751E0
8.036292546E1,1.953437805E-1,9.460327148E-2,9.861642609E0,9.864030815E0
8.037295646E1,2.028282166E-1,4.146377563E-2,9.870324554E0,9.872495396E0
8.038298646E1,1.935475159E-1,1.496887207E-2,9.880802765E0,9.882709547E0
8.039301646E1,1.954934692E-1,-5.987548828E-4,9.864486694E0,9.866423658E0
8.040304746E1,1.859133911E-1,-1.407073975E-2,9.865384827E0,9.867146475E0
8.041307746E1,1.740879822E-1,-1.496887207E-4,9.869875488E0,9.871410679E0
8.042310746E1,1.679507446E-1,2.050735474E-2,9.854457550E0,9.855909984E0
8.043313846E1,1.631607056E-1,3.173400879E-2,9.869426422E0,9.870826022E0
8.044316846E1,1.676513672E-1,6.990463257E-2,9.869576111E0,9.871247451E0
8.045319846E1,1.672023010E-1,9.101074219E-2,9.847422180E0,9.849262062E0
8.046322946E1,1.802252197E-1,1.166075134E-1,9.838889923E0,9.841231293E0
8.047325946E1,1.826202393E-1,1.134640503E-1,9.841584320E0,9.843932455E0
8.048328946E1,1.718426514E-1,9.879455566E-2,9.851164398E0,9.853158390E0
8.049332046E1,1.757345581E-1,8.517288208E-2,9.864786072E0,9.866718872E0
8.050335046E1,1.886077881E-1,9.759704590E-2,9.890233154E0,9.892512822E0
8.051338046E1,1.832189941E-1,8.158035278E-2,9.942923584E0,9.944946151E0
8.052341146E1,1.595681763E-1,7.753875732E-2,9.995763702E0,9.997337958E0
8.053344146E1,1.678010559E-1,5.972579956E-2,9.931247864E0,9.932844935E0
8.054347146E1,1.939965820E-1,6.810836792E-2,9.826316071E0,9.828466866E0
8.055350246E1,2.124082947E-1,5.972579956E-2,9.813742218E0,9.816222327E0
8.056353246E1,1.775308228E-1,3.951782227E-2,9.802665253E0,9.804352345E0
8.057356246E1,1.508862305E-1,2.769241333E-2,9.790241089E0,9.791442902E0
8.058359346E1,1.589694214E-1,1.197509766E-2,9.806856537E0,9.808152212E0
8.059362346E1,1.760339355E-1,1.676513672E-2,9.855954437E0,9.857540610E0
8.060365346E1,1.719923401E-1,7.933502197E-3,9.887987823E0,9.889486716E0
8.061368346E1,1.685494995E-1,5.837860107E-3,9.931696930E0,9.933128758E0
8.062371446E1,1.642085266E-1,7.484436035E-4,9.947863312E0,9.949218536E0
8.063374446E1,1.580712891E-1,1.990859985E-2,9.903854828E0,9.905136210E0
8.064377446E1,1.712438965E-1,4.236190796E-2,9.857301636E0,9.858879984E0
8.065380546E1,1.791773987E-1,4.864883423E-2,9.835147705E0,9.836900001E0
8.066383546E1,1.898052979E-1,3.397933960E-2,9.839638367E0,9.841527515E0
8.067386546E1,1.784289551E-1,3.502716064E-2,9.844129028E0,9.845808251E0
8.068389704E1,1.568737793E-1,1.541793823E-2,9.844727783E0,9.845989652E0
8.069392704E1,1.429527283E-1,5.239105225E-3,9.822274475E0,9.823316079E0
8.070395704E1,1.444496155E-1,-4.041595459E-3,9.842033386E0,9.843094188E0
8.071398804E1,1.413061523E-1,-3.278182983E-2,9.858648834E0,9.859715965E0
8.072401804E1,1.577719116E-1,-4.655319214E-2,9.864935760E0,9.866307148E0
8.073404804E1,1.728904724E-1,-3.367996216E-2,9.887239380E0,9.888808220E0
8.074407904E1,1.682501221E-1,-5.119354248E-2,9.868827667E0,9.870394542E0
8.075410904E1,1.588197327E-1,-3.592529297E-2,9.860894165E0,9.862238492E0
8.076413904E1,1.534309387E-1,-2.290237427E-2,9.860894165E0,9.862114343E0
8.077417004E1,1.706451416E-1,-1.841171265E-2,9.860594788E0,9.862088436E0
8.078420004E1,1.685494995E-1,-2.170486450E-2,9.875713348E0,9.877175415E0
8.079423004E1,1.442999268E-1,-3.547622681E-2,9.914183350E0,9.915296895E0
8.080426104E1,1.522334290E-1,-2.559677124E-2,9.909393311E0,9.910595643E0
8.081429104E1,1.502874756E-1,-3.038681030E-2,9.869276733E0,9.870467716E0
8.082432104E1,1.655557251E-1,-3.502716064E-2,9.839338989E0,9.840794040E0
8.083435204E1,1.651066589E-1,-2.185455322E-2,9.852661285E0,9.854068816E0
8.084438204E1,1.499880981E-1,-3.323089600E-2,9.905052338E0,9.906243614E0
8.085441204E1,1.722917175E-1,-3.622467041E-2,9.902657318E0,9.904222262E0
8.086444304E1,1.528321838E-1,-2.424957275E-2,9.885892181E0,9.887103213E0
8.087447304E1,1.465452576E-1,-5.089416504E-3,9.827363892E0,9.828457787E0
8.088450304E1,1.288819885E-1,-1.212478638E-2,9.786199493E0,9.787055640E0
8.089453404E1,1.441502380E-1,-1.437011719E-2,9.806407471E0,9.807477416E0
8.090456404E1,1.604663086E-1,-4.041595459E-2,9.846673737E0,9.848064102E0
8.091459404E1,1.745370483E-1,-5.014572144E-2,9.892179108E0,9.893845828E0
8.092462504E1,1.577719116E-1,-5.628295898E-2,9.915680237E0,9.917095054E0
8.093465504E1,1.567240906E-1,-8.472381592E-2,9.901010742E0,9.902613508E0
8.094468504E1,1.739382935E-1,-8.801696777E-2,9.789342957E0,9.791283728E0
8.095471604E1,1.998344421E-1,-9.145980835E-2,9.740843811E0,9.743322680E0
8.096474604E1,2.160008240E-1,-1.163081360E-1,9.823621674E0,9.826684422E0
8.097477604E1,1.761836243E-1,-1.417552185E-1,9.875563660E0,9.878152297E0
8.098480704E1,1.326242065E-1,-1.448986816E-1,9.904004517E0,9.905952265E0
8.099483704E1,1.049317932E-1,-1.525328064E-1,9.851613464E0,9.853352972E0
8.100486704E1,1.062789917E-1,-1.167572021E-1,9.810449066E0,9.811719439E0
8.101489804E1,1.212478638E-1,-7.903564453E-2,9.862391052E0,9.863452993E0
8.102492804E1,1.645079041E-1,-4.775070190E-2,9.921667786E0,9.923146408E0
8.103495804E1,1.739382935E-1,-1.092727661E-2,9.934091949E0,9.935620604E0
8.104498904E1,1.664538574E-1,4.206253052E-2,9.911938019E0,9.913424808E0
8.105501904E1,1.612147522E-1,4.790039063E-2,9.881102142E0,9.882533288E0
8.106504904E1,1.546284485E-1,4.400848389E-2,9.850565643E0,9.851877496E0
8.107508004E1,1.595681763E-1,1.571731567E-2,9.825567627E0,9.826875812E0
8.108511004E1,1.893562317E-1,-3.712280273E-2,9.823621674E0,9.825516611E0
8.109514004E1,1.802252197E-1,-9.145980835E-2,9.864187317E0,9.866257520E0
8.110517104E1,1.914518738E-1,-1.426533508E-1,9.873468018E0,9.876354312E0
8.111520104E1,1.701960754E-1,-1.697470093E-1,9.889784088E0,9.892704891E0
8.112523104E1,1.654060364E-1,-1.878593445E-1,9.875863037E0,9.879034417E0
8.113526204E1,1.606159973E-1,-2.029779053E-1,9.855655060E0,9.859053412E0
8.114529204E1,1.516346741E-1,-1.766326904E-1,9.853709106E0,9.856458560E0
8.115532204E1,1.529818726E-1,-1.392105103E-1,9.854008484E0,9.856179088E0
8.116535304E1,1.594184875E-1,-1.158590698E-1,9.849667511E0,9.851638831E0
8.117538304E1,1.836680603E-1,-8.666976929E-2,9.844727783E0,9.846822367E0
8.118541304E1,1.800755310E-1,-6.706054688E-2,9.850715332E0,9.852589348E0
8.119544404E1,1.694476318E-1,-5.718109131E-2,9.853559418E0,9.855182158E0
8.120547404E1,1.737886047E-1,-5.822891235E-2,9.855804749E0,9.857508830E0
8.121550404E1,1.625619507E-1,-7.185058594E-2,9.870923309E0,9.872523278E0
8.122553504E1,1.716929626E-1,-6.182144165E-2,9.871971130E0,9.873657598E0
8.123556504E1,1.917512512E-1,-5.822891235E-2,9.862091675E0,9.864127501E0
8.124559504E1,1.736389160E-1,-6.795867920E-2,9.909692688E0,9.911446818E0
8.125562604E1,1.513352966E-1,-9.056167603E-2,9.954299927E0,9.955862133E0
8.126565604E1,1.713935852E-1,-8.771759033E-2,9.908794556E0,9.910664947E0
8.127568604E1,2.073188782E-1,-9.580078125E-2,9.833052063E0,9.835703929E0
8.128571704E1,1.972897339E-1,-9.026229858E-2,9.842482452E0,9.844873354E0
8.129574704E1,1.582209778E-1,-8.966354370E-2,9.797276459E0,9.798964202E0
8.130577704E1,1.395098877E-1,-1.175056458E-1,9.768835602E0,9.770538348E0
8.131580804E1,1.613644409E-1,-1.134640503E-1,9.826016693E0,9.827996572E0
8.132583804E1,1.655557251E-1,-1.089733887E-1,9.876761169E0,9.878749673E0
8.133586804E1,1.682501221E-1,-1.323248291E-1,9.929152222E0,9.931459198E0
8.134589904E1,1.492396545E-1,-1.234931946E-1,9.956096191E0,9.957980439E0
8.135592904E1,1.625619507E-1,-1.152603149E-1,9.931846619E0,9.933845609E0
8.136595904E1,1.689985657E-1,-1.130149841E-1,9.898915100E0,9.901002629E0
8.137599004E1,1.701960754E-1,-9.041198730E-2,9.856702881E0,9.858586750E0
8.138602004E1,1.733395386E-1,-8.502319336E-2,9.819131012E0,9.821028936E0
8.139605004E1,1.697470093E-1,-9.026229858E-2,9.815089417E0,9.816972119E0
8.140608104E1,1.697470093E-1,-1.112187195E-1,9.827962646E0,9.830057651E0
8.141611104E1,1.598675537E-1,-1.213975525E-1,9.829908600E0,9.831957998E0
8.142614104E1,1.603166199E-1,-1.399589539E-1,9.840386810E0,9.842687768E0
8.143617204E1,1.562750244E-1,-1.555265808E-1,9.871522064E0,9.873983910E0
8.144620204E1,1.646575928E-1,-1.478924561E-1,9.868228912E0,9.870710520E0
8.145623204E1,1.758842468E-1,-1.365161133E-1,9.849218445E0,9.851734664E0
8.146626304E1,1.624122620E-1,-1.266366577E-1,9.865085449E0,9.867234947E0
8.147629304E1,1.703457642E-1,-1.175056458E-1,9.861193542E0,9.863364707E0
8.148632304E1,1.682501221E-1,-1.136137390E-1,9.852361908E0,9.854453377E0
8.149635404E1,1.778302002E-1,-1.130149841E-1,9.867480469E0,9.869729822E0
8.150638404E1,1.686991882E-1,-1.070274353E-1,9.871821442E0,9.873842862E0
8.151641404E1,1.731898499E-1,-1.127156067E-1,9.880204010E0,9.882364637E0
8.152644504E1,1.712438965E-1,-1.227447510E-1,9.864187317E0,9.866437157E0
8.153647504E1,1.562750244E-1,-1.203497314E-1,9.881700897E0,9.883669286E0
8.154650504E1,1.612147522E-1,-1.145118713E-1,9.876761169E0,9.878740525E0
8.155653604E1,1.504371643E-1,-1.055305481E-1,9.861492920E0,9.863204887E0
8.156656604E1,1.549278259E-1,-1.139131165E-1,9.871072998E0,9.872945911E0
8.157659604E1,1.425036621E-1,-1.199006653E-1,9.858199768E0,9.859958729E0
8.158662704E1,1.529818726E-1,-1.234931946E-1,9.868827667E0,9.870785863E0
8.159665704E1,1.637594604E-1,-1.276844788E-1,9.883048096E0,9.885229393E0
8.160668704E1,1.655557251E-1,-1.302291870E-1,9.904004517E0,9.906244183E0
8.161671804E1,1.474433899E-1,-1.422042847E-1,9.866582336E0,9.868708559E0
8.162674804E1,1.514849854E-1,-1.502874756E-1,9.843530273E0,9.845842893E0
8.163677804E1,1.609153748E-1,-1.603166199E-1,9.834698639E0,9.837321409E0
8.164680904E1,1.573228455E-1,-1.484912109E-1,9.868528290E0,9.870899185E0
8.165683904E1,1.595681763E-1,-1.721420288E-1,9.901609497E0,9.904391224E0
8.166686904E1,1.603166199E-1,-1.437011719E-1,9.872869263E0,9.875216399E0
8.167690004E1,1.445993042E-1,-1.194515991E-1,9.818382568E0,9.820173822E0
8.168692933E1,1.152603149E-1,-1.248403931E-1,9.787995758E0,9.789470416E0
8.169695933E1,1.419049072E-1,-1.071771240E-1,9.789792023E0,9.791407038E0
8.170699033E1,1.571731567E-1,-1.230441284E-1,9.834998016E0,9.837023393E0
8.171702033E1,1.643582153E-1,-1.152603149E-1,9.882599030E0,9.884637684E0
8.172705033E1,1.704954529E-1,-1.082249451E-1,9.922416229E0,9.924471027E0
8.173708133E1,1.594184875E-1,-1.372645569E-1,9.924661560E0,9.926890898E0
8.174711133E1,1.838177490E-1,-1.357676697E-1,9.816586304E0,9.819245820E0
8.175714133E1,2.026785278E-1,-1.258882141E-1,9.748477936E0,9.751397258E0
8.176717233E1,2.058219910E-1,-1.405577087E-1,9.836045837E0,9.839203061E0
8.177720233E1,1.666035461E-1,-1.701960754E-1,9.858798523E0,9.861674896E0
8.178723233E1,9.774673462E-2,-1.907034302E-1,9.880952454E0,9.883275956E0
8.179726333E1,9.041198730E-2,-2.151026917E-1,9.838740234E0,9.841506637E0
8.180729333E1,9.086105347E-2,-1.860630798E-1,9.818232880E0,9.820416085E0
8.181732333E1,1.363664246E-1,-1.630110168E-1,9.897867279E0,9.900148740E0
8.182735433E1,1.666035461E-1,-1.154100037E-1,9.956844635E0,9.958907134E0
8.183738433E1,1.721420288E-1,-8.158035278E-2,9.953551483E0,9.955374195E0
8.184741433E1,1.514849854E-1,-4.415817261E-2,9.896370392E0,9.897628230E0
8.185744533E1,1.606159973E-1,-2.874023438E-2,9.838440857E0,9.839793798E0
8.186747533E1,1.685494995E-1,-2.679428101E-2,9.821526031E0,9.823008727E0
8.187750533E1,1.905537415E-1,-3.847000122E-2,9.844278717E0,9.846197953E0
8.188753633E1,1.910028076E-1,-9.954299927E-2,9.861193542E0,9.863545456E0
8.189756633E1,1.815724182E-1,-1.422042847E-1,9.879754944E0,9.882446476E0
8.190759633E1,1.767823792E-1,-1.881587219E-1,9.864486694E0,9.867864686E0
8.191762733E1,1.712438965E-1,-2.212399292E-1,9.870174866E0,9.874139125E0
8.192765733E1,1.667532349E-1,-2.302212524E-1,9.843081207E0,9.847185188E0
8.193768733E1,1.698966980E-1,-2.290237427E-1,9.847721558E0,9.851849402E0
8.194771833E1,1.451980591E-1,-2.326162720E-1,9.852511597E0,9.856326779E0
8.195774833E1,1.779798889E-1,-1.748364258E-1,9.873617706E0,9.876769271E0
8.196777833E1,1.790277100E-1,-1.520837402E-1,9.849966888E0,9.852767534E0
8.197780933E1,1.899549866E-1,-1.273851013E-1,9.834249573E0,9.836908789E0
8.198783933E1,1.865121460E-1,-9.969268799E-2,9.834548950E0,9.836822580E0
8.199787033E1,1.652563477E-1,-8.861572266E-2,9.859397278E0,9.861180309E0
8.200790033E1,1.695973206E-1,-7.304809570E-2,9.856553192E0,9.858282817E0
8.201793033E1,1.775308228E-1,-8.023315430E-2,9.870324554E0,9.872247027E0
8.202796133E1,1.654060364E-1,-1.029858398E-1,9.877659302E0,9.879580888E0
8.203799133E1,1.936972046E-1,-1.004411316E-1,9.868228912E0,9.870640754E0
8.204802133E1,1.739382935E-1,-1.040336609E-1,9.888885956E0,9.890962692E0
8.205805233E1,1.469943237E-1,-1.181044006E-1,9.940528564E0,9.942316839E0
8.206808233E1,1.460961914E-1,-1.130149841E-1,9.904303894E0,9.906026050E0
8.207811233E1,1.881587219E-1,-1.225950623E-1,9.821076965E0,9.823644233E0
8.208814333E1,1.987866211E-1,-1.210981750E-1,9.817185059E0,9.819944163E0
8.209817333E1,1.752854919E-1,-1.386117554E-1,9.777667236E0,9.780220591E0
8.210820333E1,1.502874756E-1,-1.535806274E-1,9.757010193E0,9.759376068E0
8.211823433E1,1.562750244E-1,-1.576222229E-1,9.823022919E0,9.825530312E0
8.212826433E1,1.598675537E-1,-1.591191101E-1,9.886191559E0,9.888764335E0
8.213829433E1,1.631607056E-1,-1.606159973E-1,9.931696930E0,9.934335550E0
8.214832533E1,1.451980591E-1,-1.561253357E-1,9.949210510E0,9.951494731E0
8.215835533E1,1.489402771E-1,-1.466949463E-1,9.943821716E0,9.946018949E0
8.216838533E1,1.469943237E-1,-1.172062683E-1,9.885742493E0,9.887529988E0
8.217841633E1,1.583706665E-1,-9.699829102E-2,9.837842102E0,9.839594868E0
8.218844633E1,1.776805115E-1,-9.580078125E-2,9.826166382E0,9.828239614E0
8.219847633E1,1.886077881E-1,-9.624984741E-2,9.824968872E0,9.827250392E0
8.220850733E1,2.052232361E-1,-1.047821045E-1,9.854457550E0,9.857151184E0
8.221853733E1,1.793270874E-1,-1.179547119E-1,9.842931519E0,9.845271576E0
8.222856733E1,1.616638184E-1,-1.339714050E-1,9.836794281E0,9.839034772E0
8.223859833E1,1.484912109E-1,-1.375639343E-1,9.860295410E0,9.862372892E0
8.224862833E1,1.499880981E-1,-1.324745178E-1,9.879006500E0,9.881033112E0
8.225865833E1,1.619631958E-1,-1.353186035E-1,9.893226929E0,9.895477869E0
8.226868933E1,1.686991882E-1,-1.122665405E-1,9.875264282E0,9.877343157E0
8.227871933E1,1.769320679E-1,-9.235794067E-2,9.875114594E0,9.877131323E0
8.228874933E1,1.763333130E-1,-9.954299927E-2,9.866881714E0,9.868959266E0
8.229878033E1,1.763333130E-1,-1.011895752E-1,9.870923309E0,9.873016750E0
8.230881033E1,1.766326904E-1,-1.157093811E-1,9.874964905E0,9.877222263E0
8.231884033E1,1.580712891E-1,-1.227447510E-1,9.891580353E0,9.893604736E0
8.232887133E1,1.493893433E-1,-1.372645569E-1,9.890083466E0,9.892164055E0
8.233890133E1,1.546284485E-1,-1.570234680E-1,9.861492920E0,9.863955035E0
8.234893133E1,1.586700439E-1,-1.513352966E-1,9.869875488E0,9.872310809E0
8.235896233E1,1.622625732E-1,-1.496887207E-1,9.852361908E0,9.854834906E0
8.236899233E1,1.531315613E-1,-1.402583313E-1,9.851613464E0,9.853801780E0
8.237902233E1,1.624122620E-1,-1.472937012E-1,9.850715332E0,9.853155115E0
8.238905333E1,1.672023010E-1,-1.422042847E-1,9.859097900E0,9.861540959E0
8.239908333E1,1.621128845E-1,-1.080752563E-1,9.882149963E0,9.884070454E0
8.240911333E1,1.618135071E-1,-1.043330383E-1,9.897717590E0,9.899590016E0
8.241914433E1,1.688488770E-1,-1.127156067E-1,9.854008484E0,9.856099530E0
8.242917433E1,1.761836243E-1,-1.047821045E-1,9.800419922E0,9.802563471E0
8.243920433E1,1.666035461E-1,-1.170565796E-1,9.822124786E0,9.824235049E0
8.244923533E1,1.712438965E-1,-1.170565796E-1,9.865983582E0,9.868163899E0
8.245926533E1,1.773811340E-1,-1.293310547E-1,9.890682220E0,9.893118082E0
8.246929633E1,1.826202393E-1,-1.341210938E-1,9.882599030E0,9.885196113E0
8.247932633E1,1.594184875E-1,-1.209484863E-1,9.835447083E0,9.837482508E0
8.248935633E1,1.302291870E-1,-1.194515991E-1,9.807006226E0,9.808598240E0
8.249938733E1,1.505868530E-1,-1.140628052E-1,9.827663269E0,9.829478727E0
8.250941733E1,1.633103943E-1,-1.103205872E-1,9.873767395E0,9.875734073E0
8.251944733E1,1.808239746E-1,-1.091230774E-1,9.916129303E0,9.918378169E0
8.252947833E1,1.749861145E-1,-9.355545044E-2,9.917177124E0,9.919162005E0
8.253950833E1,1.487905884E-1,-8.816665649E-2,9.905501404E0,9.907011157E0
8.254953833E1,1.592687988E-1,-9.475296021E-2,9.773026886E0,9.774783844E0
8.255956933E1,1.824705505E-1,-9.295669556E-2,9.740993500E0,9.743145838E0
8.256959933E1,1.806742859E-1,-1.251397705E-1,9.828112335E0,9.830569426E0
8.257962933E1,1.484912109E-1,-1.510359192E-1,9.866282959E0,9.868556172E0
8.258966033E1,1.110690308E-1,-1.766326904E-1,9.857451324E0,9.859659327E0
8.259969033E1,9.310638428E-2,-1.833686829E-1,9.838740234E0,9.840889303E0
8.260972033E1,1.113684082E-1,-1.423539734E-1,9.810000000E0,9.811664873E0
8.261975133E1,1.324745178E-1,-1.068777466E-1,9.868228912E0,9.869696764E0
8.262978133E1,1.582209778E-1,-5.568420410E-2,9.959389343E0,9.960801710E0
8.263981133E1,1.549278259E-1,-2.454895020E-2,9.943372650E0,9.944609844E0
8.264984233E1,1.618135071E-1,2.215393066E-2,9.894723816E0,9.896071635E0
8.265987233E1,1.588197327E-1,5.298980713E-2,9.820627899E0,9.822054976E0
8.266990233E1,1.740879822E-1,6.376739502E-2,9.808652802E0,9.810404818E0
8.267993333E1,1.959425354E-1,5.763015747E-2,9.836794281E0,9.838914393E0
8.268996496E1,1.974394226E-1,3.532653809E-2,9.857002258E0,9.859042743E0
8.269999496E1,1.992356873E-1,-6.137237549E-3,9.884844360E0,9.886853926E0
8.271002596E1,2.037263489E-1,-5.239105225E-2,9.891879730E0,9.894116122E0
8.272005596E1,1.923500061E-1,-5.673202515E-2,9.881700897E0,9.883735613E0
8.273008596E1,1.883084106E-1,-7.484436035E-2,9.874665527E0,9.876744454E0
8.274011696E1,1.842668152E-1,-9.520202637E-2,9.869127045E0,9.871306211E0
8.275014696E1,1.645079041E-1,-6.780899048E-2,9.860145721E0,9.861751090E0
8.276017696E1,1.562750244E-1,-5.688171387E-2,9.825867004E0,9.827274281E0
8.277020796E1,1.793270874E-1,-1.901046753E-2,9.831854553E0,9.833508202E0
8.278023796E1,1.814227295E-1,1.347198486E-2,9.846823425E0,9.848503809E0
8.279026796E1,1.652563477E-1,1.257385254E-2,9.851014709E0,9.852408770E0
8.280029896E1,1.655557251E-1,3.921844482E-2,9.852361908E0,9.853830826E0
8.281032896E1,1.919009399E-1,4.370910645E-2,9.850715332E0,9.852681311E0
8.282035996E1,1.833686829E-1,5.343887329E-2,9.862540741E0,9.864389979E0
8.283038996E1,1.628613281E-1,6.990463257E-2,9.863139496E0,9.864731683E0
8.284041996E1,1.672023010E-1,8.966354370E-2,9.847122803E0,9.848950383E0
8.285045096E1,1.773811340E-1,1.002914429E-1,9.859247589E0,9.861353125E0
8.286048096E1,1.604663086E-1,1.109193420E-1,9.936337280E0,9.938251913E0
8.287051096E1,1.589694214E-1,1.222956848E-1,9.967771912E0,9.969789586E0
8.288054196E1,1.666035461E-1,1.284329224E-1,9.883048096E0,9.885286613E0
8.289057196E1,1.978884888E-1,1.345701599E-1,9.836943970E0,9.839854452E0
8.290060196E1,1.926493835E-1,1.258882141E-1,9.796228638E0,9.798931429E0
8.291063296E1,1.637594604E-1,1.193019104E-1,9.796977081E0,9.799071897E0
8.292066296E1,1.651066589E-1,9.774673462E-2,9.807455292E0,9.809331982E0
8.293069296E1,1.651066589E-1,9.131011963E-2,9.868079224E0,9.869882740E0
8.294072396E1,1.550775146E-1,9.415420532E-2,9.918823700E0,9.920482732E0
8.295075396E1,1.745370483E-1,7.873626709E-2,9.951156464E0,9.952998420E0
8.296078396E1,1.657054138E-1,8.861572266E-2,9.968071289E0,9.969842338E0
8.297081496E1,1.630110168E-1,1.067280579E-1,9.926008759E0,9.927920897E0
8.298084496E1,1.745370483E-1,1.267863464E-1,9.856702881E0,9.859063325E0
8.299087496E1,1.851649475E-1,1.342707825E-1,9.851314087E0,9.853968944E0
8.300090596E1,1.860630798E-1,1.450483704E-1,9.826765137E0,9.829596714E0
8.301093596E1,1.930984497E-1,1.456471252E-1,9.830058289E0,9.833033411E0
8.302096596E1,1.749861145E-1,1.422042847E-1,9.837393036E0,9.839976826E0
8.303099696E1,1.695973206E-1,1.438508606E-1,9.811047821E0,9.813567938E0
8.304102696E1,1.645079041E-1,1.441502380E-1,9.833052063E0,9.835484483E0
8.305105696E1,1.492396545E-1,1.501377869E-1,9.865833893E0,9.868104794E0
8.306108796E1,1.520837402E-1,1.513352966E-1,9.873168640E0,9.875499523E0
8.307111796E1,1.724414062E-1,1.748364258E-1,9.868827667E0,9.871882462E0
8.308114796E1,1.734892273E-1,1.896556091E-1,9.870773621E0,9.874119689E0
8.309117896E1,1.718426514E-1,1.926493835E-1,9.848769379E0,9.852152148E0
8.310120896E1,1.637594604E-1,2.161505127E-1,9.851613464E0,9.855345050E0
8.311123996E1,1.487905884E-1,2.134561157E-1,9.851314087E0,9.854749687E0
8.312126996E1,1.603166199E-1,2.165995789E-1,9.847422180E0,9.851108587E0
8.313129996E1,1.616638184E-1,2.131567383E-1,9.856553192E0,9.860183153E0
8.314133096E1,1.549278259E-1,2.005828857E-1,9.879156189E0,9.882406748E0
8.315136096E1,1.694476318E-1,2.028282166E-1,9.888885956E0,9.892417158E0
8.316139096E1,1.547781372E-1,2.029779053E-1,9.890532532E0,9.893825856E0
8.317142196E1,1.664538574E-1,2.083666992E-1,9.888137512E0,9.891733267E0
8.318145196E1,1.637594604E-1,2.073188782E-1,9.868677979E0,9.872213699E0
8.319148196E1,1.490899658E-1,2.225871277E-1,9.866282959E0,9.869919568E0
8.320151296E1,1.505868530E-1,2.408491516E-1,9.874665527E0,9.878750123E0
8.321154296E1,1.374142456E-1,2.451901245E-1,9.856104126E0,9.860111024E0
8.322157296E1,1.414558411E-1,2.399510193E-1,9.852361908E0,9.856298565E0
8.323160396E1,1.523831177E-1,2.435435486E-1,9.827962646E0,9.832160691E0
8.324163396E1,1.588197327E-1,2.474354553E-1,9.827064514E0,9.831461996E0
8.325166396E1,1.683998108E-1,2.625540161E-1,9.851314087E0,9.856250928E0
8.326169496E1,1.686991882E-1,2.640509033E-1,9.846074982E0,9.851059580E0
8.327172496E1,1.471440125E-1,2.505789185E-1,9.862091675E0,9.866371844E0
8.328175496E1,1.502874756E-1,2.606080627E-1,9.873468018E0,9.878050090E0
8.329178596E1,1.537303162E-1,2.722837830E-1,9.871821442E0,9.876772248E0
8.330181596E1,1.567240906E-1,2.788700867E-1,9.880353699E0,9.885530850E0
8.331184596E1,1.651066589E-1,2.888992310E-1,9.856553192E0,9.862168311E0
8.332187696E1,1.378633118E-1,2.987786865E-1,9.851164398E0,9.856658409E0
8.333190696E1,1.514849854E-1,2.992277527E-1,9.855505371E0,9.861210426E0
8.334193696E1,1.441502380E-1,3.083587646E-1,9.857750702E0,9.863625769E0
8.335196796E1,1.335223389E-1,3.153941345E-1,9.853110352E0,9.859061075E0
8.336199796E1,1.383123779E-1,3.131488037E-1,9.852661285E0,9.858606742E0
8.337202896E1,1.471440125E-1,3.173400879E-1,9.861792297E0,9.867993890E0
8.338205896E1,1.375639343E-1,3.272195435E-1,9.864636383E0,9.871020587E0
8.339208896E1,1.375639343E-1,3.177891541E-1,9.872420197E0,9.878491500E0
8.340211996E1,1.362167358E-1,3.230282593E-1,9.871072998E0,9.877296411E0
8.341214996E1,1.456471252E-1,3.257226562E-1,9.873318329E0,9.879763315E0
8.342217996E1,1.251397705E-1,3.302133179E-1,9.870773621E0,9.877088269E0
8.343221096E1,1.240919495E-1,3.279679871E-1,9.836494904E0,9.842743205E0
8.344224096E1,1.199006653E-1,3.350033569E-1,9.811347198E0,9.817796966E0
8.345227096E1,1.342707825E-1,3.387455750E-1,9.833950195E0,9.840698840E0
8.346230196E1,1.219963074E-1,3.397933960E-1,9.901459808E0,9.908039614E0
8.347233196E1,1.323248291E-1,3.394940186E-1,9.903555450E0,9.910256132E0
8.348236196E1,1.112187195E-1,3.514691162E-1,9.860445099E0,9.867333869E0
8.349239296E1,9.145980835E-2,3.737727356E-1,9.807455292E0,9.815001287E0
8.350242296E1,1.017883301E-1,4.007167053E-1,9.780960388E0,9.789694625E0
8.351245296E1,1.151106262E-1,3.993695068E-1,9.833201752E0,9.841981668E0
8.352248396E1,1.248403931E-1,4.105961609E-1,9.926158447E0,9.935431337E0
8.353251396E1,1.106199646E-1,4.061054993E-1,9.919572144E0,9.928497870E0
8.354254396E1,1.360670471E-1,4.141886902E-1,9.851763153E0,9.861404755E0
8.355257496E1,1.652563477E-1,4.152365112E-1,9.760752411E0,9.770978387E0
8.356260496E1,1.779798889E-1,3.978726196E-1,9.798174591E0,9.807864435E0
8.357263496E1,1.595681763E-1,3.650907898E-1,9.855205994E0,9.863256991E0
8.358266596E1,1.188528442E-1,3.611988831E-1,9.815987549E0,9.823349846E0
8.359269596E1,1.216969299E-1,3.378474426E-1,9.733359375E0,9.739981302E0
8.360272696E1,1.448986816E-1,3.405418396E-1,9.751172333E0,9.758192775E0
8.361275696E1,1.365161133E-1,3.540138245E-1,9.844129028E0,9.851438411E0
8.362278696E1,1.071771240E-1,3.763174438E-1,9.986483002E0,9.994145511E0
8.363281796E1,8.562194824E-2,4.153862000E-1,1.002091141E1,1.002988246E1
8.364284796E1,9.175918579E-2,4.781057739E-1,9.952653351E0,9.964552855E0
8.365287796E1,9.325607300E-2,5.399272156E-1,9.879305878E0,9.894488502E0
8.366290896E1,1.182540894E-1,5.703140259E-1,9.811047821E0,9.828321396E0
8.367293896E1,1.393601990E-1,5.834866333E-1,9.820777588E0,9.839082800E0
8.368296896E1,1.546284485E-1,5.513035583E-1,9.835896149E0,9.852547824E0
8.369299871E1,1.678010559E-1,5.330415344E-1,9.842781830E0,9.858633000E0
8.370302871E1,1.543290710E-1,4.932243347E-1,9.845625916E0,9.859180360E0
8.371305871E1,1.489402771E-1,4.339476013E-1,9.840985565E0,9.851674508E0
8.372308971E1,1.531315613E-1,4.197271729E-1,9.866732025E0,9.876842665E0
8.373311971E1,1.440005493E-1,3.972738647E-1,9.873617706E0,9.882655984E0
8.374314971E1,1.435514832E-1,3.924838257E-1,9.888137512E0,9.896964890E0
8.375318071E1,1.375639343E-1,4.150868225E-1,9.864337006E0,9.874024786E0
8.376321071E1,1.363664246E-1,4.496649170E-1,9.851912842E0,9.863112135E0
8.377324071E1,1.431024170E-1,4.822970581E-1,9.830806732E0,9.843670543E0
8.378327171E1,1.306782532E-1,5.183720398E-1,9.837842102E0,9.852356246E0
8.379330171E1,1.377136230E-1,5.468128967E-1,9.843380585E0,9.859518788E0
8.380333271E1,1.297801208E-1,5.688171387E-1,9.876461792E0,9.893679464E0
8.381336271E1,1.170565796E-1,5.888754272E-1,9.877060547E0,9.895291888E0
8.382339271E1,1.321751404E-1,5.842350769E-1,9.901310120E0,9.919412431E0
8.383342371E1,1.365161133E-1,5.920188904E-1,9.903106384E0,9.921725610E0
8.384345371E1,1.496887207E-1,5.813909912E-1,9.861492920E0,9.879750240E0
8.385348371E1,1.419049072E-1,5.894741821E-1,9.832303619E0,9.850980219E0
8.386351471E1,1.374142456E-1,5.822891235E-1,9.871971130E0,9.890083786E0
8.387354471E1,1.288819885E-1,5.782475281E-1,9.911788330E0,9.929477764E0
8.388357471E1,1.453477478E-1,5.942642212E-1,9.870324554E0,9.889266037E0
8.389360571E1,1.707948303E-1,5.960604858E-1,9.787397003E0,9.807017848E0
8.390363571E1,1.764830017E-1,5.903723145E-1,9.730664978E0,9.750155211E0
8.391366571E1,1.505868530E-1,5.804928589E-1,9.743837585E0,9.762275311E0
8.392369671E1,1.164578247E-1,5.598358154E-1,9.812245331E0,9.828892969E0
8.393372671E1,1.073268127E-1,5.429209900E-1,9.859846344E0,9.875365926E0
8.394375771E1,1.064286804E-1,5.438191223E-1,9.906698914E0,9.922184722E0
8.395378771E1,1.134640503E-1,5.481600952E-1,9.929750977E0,9.945516982E0
8.396381771E1,1.035845947E-1,5.581892395E-1,9.947414246E0,9.963601516E0
8.397384871E1,1.088237000E-1,5.816903687E-1,9.921967163E0,9.939599523E0
8.398387871E1,1.245410156E-1,6.035449219E-1,9.867929535E0,9.887153799E0
8.399390871E1,1.290316772E-1,6.453080750E-1,9.827962646E0,9.849970633E0
8.400393971E1,1.399589539E-1,6.385720825E-1,9.810449066E0,9.832205942E0
8.401396971E1,1.326242065E-1,6.514453125E-1,9.806557159E0,9.829065749E0
8.402399971E1,1.218466187E-1,6.518943787E-1,9.803114319E0,9.825521016E0
8.403403071E1,1.202000427E-1,6.436614990E-1,9.799372101E0,9.821224045E0
8.404406071E1,1.148112488E-1,6.346801758E-1,9.818681946E0,9.839843276E0
8.405409071E1,1.014889526E-1,6.239025879E-1,9.851912842E0,9.872170029E0
8.406412171E1,9.789642334E-2,6.180647278E-1,9.861642609E0,9.881476745E0
8.407415171E1,1.133143616E-1,6.313870239E-1,9.860145721E0,9.880989999E0
8.408418271E1,1.022373962E-1,6.463558960E-1,9.840686188E0,9.862420244E0
8.409421271E1,1.112187195E-1,6.569837952E-1,9.815538483E0,9.838129549E0
8.410424271E1,1.005908203E-1,6.551875305E-1,9.839338989E0,9.861641900E0
8.411427371E1,8.936416626E-2,6.628216553E-1,9.852062531E0,9.874738204E0
8.412430371E1,8.936416626E-2,6.590794373E-1,9.862241364E0,9.884643462E0
8.413433371E1,1.026864624E-1,6.592291260E-1,9.866282959E0,9.888815246E0
8.414436471E1,1.001417542E-1,6.737489319E-1,9.868378601E0,9.891858380E0
8.415439471E1,9.834548950E-2,6.578819275E-1,9.850865021E0,9.873298442E0
8.416442471E1,1.007405090E-1,6.774911499E-1,9.853409729E0,9.877187160E0
8.417445571E1,1.010398865E-1,6.902146912E-1,9.844578094E0,9.869261535E0
8.418448571E1,9.909393311E-2,6.985972595E-1,9.844727783E0,9.869980895E0
8.419451571E1,9.310638428E-2,6.997947693E-1,9.836195526E0,9.861497044E0
8.420454671E1,9.086105347E-2,7.188052368E-1,9.830657043E0,9.857319849E0
8.421457671E1,9.505233765E-2,7.219487000E-1,9.828411713E0,9.855349901E0
8.422460771E1,9.265731812E-2,7.255412292E-1,9.840686188E0,9.867831580E0
8.423463771E1,8.786727905E-2,7.321275330E-1,9.844278717E0,9.871856707E0
8.424466771E1,9.535171509E-2,7.110214233E-1,9.839638367E0,9.865755247E0
8.425469871E1,9.999206543E-2,7.092251587E-1,9.852511597E0,9.878511199E0
8.426472871E1,9.250762939E-2,7.096742249E-1,9.859546967E0,9.885487421E0
8.427475871E1,8.936416626E-2,7.173083496E-1,9.850415955E0,9.876902941E0
8.428478971E1,9.250762939E-2,7.246430969E-1,9.837692413E0,9.864778624E0
8.429481971E1,7.649093628E-2,7.313790894E-1,9.829160156E0,9.856630033E0
8.430484971E1,8.128097534E-2,7.283853149E-1,9.826914825E0,9.854207566E0
8.431488071E1,7.514373779E-2,7.403604126E-1,9.843530273E0,9.871619339E0
8.432491071E1,7.873626709E-2,7.487429810E-1,9.846823425E0,9.875563124E0
8.433494171E1,6.032455444E-2,7.554789734E-1,9.854008484E0,9.883110377E0
8.434497171E1,7.155120850E-2,7.610174561E-1,9.837991791E0,9.867641543E0
8.435500171E1,7.858657837E-2,7.644602966E-1,9.818681946E0,9.848710096E0
8.436503271E1,7.080276489E-2,7.566764832E-1,9.838740234E0,9.868048527E0
8.437506271E1,5.568420410E-2,7.643106079E-1,9.854158173E0,9.883911408E0
8.438509271E1,5.673202515E-2,7.692503357E-1,9.857451324E0,9.887583689E0
8.439512371E1,4.370910645E-2,7.649093628E-1,9.838590546E0,9.868376804E0
8.440515371E1,4.415817261E-2,7.619155884E-1,9.848470001E0,9.877997098E0
8.441518371E1,6.780899048E-2,7.453001404E-1,9.869276733E0,9.897610499E0
8.442521471E1,5.239105225E-2,7.650590515E-1,9.878258057E0,9.907978725E0
8.443524471E1,4.819976807E-2,7.780819702E-1,9.845176849E0,9.875993214E0
8.444527571E1,3.712280273E-2,7.955955505E-1,9.789492645E0,9.821838760E0
8.445530571E1,4.326004028E-2,8.020321655E-1,9.770332489E0,9.803291487E0
8.446533571E1,3.802093506E-2,7.990383911E-1,9.789792023E0,9.822420058E0
8.447536671E1,5.149291992E-2,7.999365234E-1,9.861492920E0,9.894018020E0
8.448539671E1,4.475692749E-2,7.975415039E-1,9.858648834E0,9.890957106E0
8.449542671E1,4.909790039E-2,7.870632935E-1,9.838889923E0,9.870442450E0
8.450545771E1,9.759704590E-2,7.860154724E-1,9.805659027E0,9.837595970E0
8.451548771E1,9.550140381E-2,7.756869507E-1,9.811796265E0,9.842873397E0
8.452551771E1,7.963439941E-2,7.786807251E-1,9.846074982E0,9.877139153E0
8.453554871E1,3.308120728E-2,7.680528259E-1,9.822573853E0,9.852611664E0
8.454557871E1,5.014572144E-2,7.650590515E-1,9.731114044E0,9.761270946E0
8.455560971E1,6.301895142E-2,7.626640320E-1,9.673034821E0,9.703258754E0
8.456563971E1,7.080276489E-2,7.671546936E-1,9.745783539E0,9.776187199E0
8.457566971E1,5.852828979E-2,7.753875732E-1,9.873018951E0,9.903593018E0
8.458570071E1,3.278182983E-2,7.958949280E-1,9.963580627E0,9.995372044E0
8.459573071E1,2.844085693E-2,8.271798706E-1,9.972711639E0,1.000699819E1
8.460576071E1,4.326004028E-2,8.668473816E-1,9.889484711E0,9.927497351E0
8.461579171E1,7.424560547E-2,9.030720520E-1,9.820627899E0,9.862341703E0
8.462582171E1,7.828720093E-2,9.208850098E-1,9.804162140E0,9.847626788E0
8.463585271E1,9.071136475E-2,9.023236084E-1,9.811197510E0,9.853020502E0
8.464588271E1,1.116677856E-1,9.051676941E-1,9.825417938E0,9.867656049E0
8.465591271E1,1.175056458E-1,8.857081604E-1,9.821526031E0,9.862081936E0
8.466594371E1,1.146615601E-1,8.705895996E-1,9.805808716E0,9.845047389E0
8.467597371E1,8.861572266E-2,8.684939575E-1,9.821675720E0,9.860397987E0
8.468600417E1,9.954299927E-2,8.680448914E-1,9.847871246E0,9.886555458E0
8.469603517E1,8.217910767E-2,8.578660583E-1,9.887838135E0,9.925322693E0
8.470606517E1,6.391708374E-2,8.605604553E-1,9.899214478E0,9.936754851E0
8.471609517E1,5.777984619E-2,8.623567200E-1,9.882898407E0,9.920618859E0
8.472612617E1,5.119354248E-2,8.738827515E-1,9.840985565E0,9.879842546E0
8.473615617E1,5.254074097E-2,8.940907288E-1,9.800270233E0,9.841110476E0
8.474618717E1,2.844085693E-2,8.776249695E-1,9.795779572E0,9.835056273E0
8.475621717E1,3.083587646E-2,9.108558655E-1,9.787097626E0,9.829439923E0
8.476624717E1,3.966751099E-2,9.321116638E-1,9.809251556E0,9.853518243E0
8.477627817E1,3.083587646E-2,9.683363342E-1,9.833052063E0,9.880664906E0
8.478630817E1,1.721420288E-2,9.912387085E-1,9.835147705E0,9.884987652E0
8.479633817E1,1.422042847E-2,1.016386414E0,9.853559418E0,9.905850633E0
8.480636917E1,3.832031250E-2,1.046324158E0,9.838141479E0,9.893699534E0
8.481639917E1,2.454895020E-2,1.071022797E0,9.852511597E0,9.910584102E0
8.482643017E1,-7.334747314E-3,1.063538361E0,9.904752960E0,9.961691565E0
8.483646017E1,5.688171387E-3,1.061742096E0,9.884395294E0,9.941257414E0
8.484649017E1,6.316864014E-2,1.040486298E0,9.791737976E0,9.847067310E0
8.485652117E1,1.387614441E-1,9.780661011E-1,9.711055756E0,9.761171647E0
8.486655117E1,1.383123779E-1,9.345066833E-1,9.696535950E0,9.742445405E0
8.487658117E1,9.669891357E-2,8.714877319E-1,9.763446808E0,9.802741204E0
8.488661217E1,5.014572144E-2,8.306227112E-1,9.828561401E0,9.863724849E0
8.489664217E1,4.580474854E-2,8.099656677E-1,9.865085449E0,9.898386403E0
8.490667217E1,4.640350342E-2,8.237370300E-1,9.888736267E0,9.923094323E0
8.491670317E1,4.296066284E-2,8.460406494E-1,9.872120819E0,9.908400470E0
8.492673317E1,3.188369751E-2,8.749305725E-1,9.854307861E0,9.893124052E0
8.493676417E1,3.442840576E-2,9.370513916E-1,9.830806732E0,9.875424630E0
8.494679417E1,5.867797852E-2,9.837542725E-1,9.791887665E0,9.841355578E0
8.495682417E1,7.080276489E-2,9.982740784E-1,9.785301361E0,9.836345200E0
8.496685517E1,7.155120850E-2,1.007854156E0,9.778265991E0,9.830329362E0
8.497688517E1,8.128097534E-2,1.011895752E0,9.782008209E0,9.834542400E0
8.498691517E1,6.825805664E-2,9.915380859E-1,9.812245331E0,9.862452300E0
8.499694617E1,4.879852295E-2,9.699829102E-1,9.831555176E0,9.879409158E0
8.500697617E1,4.460723877E-2,9.413923645E-1,9.831704865E0,9.876772243E0
8.501700717E1,5.403762817E-2,9.222322083E-1,9.853409729E0,9.896621423E0
8.502703717E1,6.032455444E-2,9.291178894E-1,9.840835876E0,9.884783753E0
8.503706717E1,5.912704468E-2,9.205856323E-1,9.798024902E0,9.841354881E0
8.504709817E1,6.092330933E-2,9.159452820E-1,9.800120544E0,9.843019359E0
8.505712817E1,3.817062378E-2,9.288185120E-1,9.797426147E0,9.841428755E0
8.506715817E1,3.098556519E-2,9.473799133E-1,9.801168365E0,9.846897488E0
8.507718917E1,2.709365845E-2,9.732760620E-1,9.824819183E0,9.872946487E0
8.508721917E1,4.011657715E-2,1.002914429E0,9.856852570E0,9.907824649E0
8.509725017E1,3.921844482E-2,1.010099487E0,9.840985565E0,9.892766850E0
8.510728017E1,2.589614868E-2,1.028062134E0,9.823921051E0,9.877601287E0
8.511731017E1,3.008743286E-2,1.008752289E0,9.817933502E0,9.869665885E0
8.512734117E1,3.053649902E-2,9.961784363E-1,9.831854553E0,9.882240025E0
8.513737117E1,2.978805542E-2,9.707313538E-1,9.829459534E0,9.877321571E0
8.514740117E1,3.847000122E-2,9.569599915E-1,9.842931519E0,9.889416224E0
8.515743217E1,4.326004028E-2,9.556127930E-1,9.823471985E0,9.869937643E0
8.516746217E1,3.547622681E-2,9.636959839E-1,9.815388794E0,9.862648006E0
8.517749317E1,3.607498169E-2,9.419911194E-1,9.794282684E0,9.839543789E0
8.518752317E1,3.861968994E-2,9.325607300E-1,9.787696381E0,9.832098526E0
8.519755317E1,4.311035156E-2,9.473799133E-1,9.795480194E0,9.841281392E0
8.520758417E1,4.086502075E-2,9.466314697E-1,9.820777588E0,9.866379960E0
8.521761417E1,7.035369873E-2,9.363029480E-1,9.816137238E0,9.860941290E0
8.522764417E1,8.681945801E-2,9.548643494E-1,9.828411713E0,9.875068624E0
8.523767517E1,7.095245361E-2,9.723779297E-1,9.807006226E0,9.855350029E0
8.524770517E1,6.646179199E-2,9.753717041E-1,9.820029144E0,9.868573328E0
8.525773617E1,7.214996338E-2,9.729766846E-1,9.818831635E0,9.867185207E0
8.526776617E1,7.289840698E-2,9.629475403E-1,9.831405487E0,9.878720362E0
8.527779617E1,8.202941895E-2,9.527687073E-1,9.849068756E0,9.895385409E0
8.528782717E1,7.080276489E-2,9.478289795E-1,9.836943970E0,9.882755662E0
8.529785717E1,4.730163574E-2,9.538165283E-1,9.810299377E0,9.856671715E0
8.530788717E1,4.146377563E-2,9.391470337E-1,9.805209961E0,9.850170495E0
8.531791817E1,2.963836670E-2,9.366023254E-1,9.813293152E0,9.857932077E0
8.532794817E1,2.215393066E-2,9.448352051E-1,9.829908600E0,9.875237083E0
8.533797917E1,7.783813477E-3,9.385482788E-1,9.845326538E0,9.889964009E0
8.534800917E1,8.681945801E-3,9.520202637E-1,9.820328522E0,9.866370672E0
8.535803917E1,9.430389404E-3,9.689350891E-1,9.812694397E0,9.860420654E0
8.536807017E1,1.856140137E-2,9.776170349E-1,9.835596771E0,9.884080303E0
8.537810017E1,2.559677124E-2,9.765692139E-1,9.843829651E0,9.892185038E0
8.538813017E1,3.008743286E-2,9.945318604E-1,9.817334747E0,9.867626889E0
8.539816117E1,1.227447510E-2,9.973759460E-1,9.747430115E0,9.798331658E0
8.540819117E1,-2.694396973E-3,9.707313538E-1,9.718689880E0,9.767049688E0
8.541822217E1,4.790039062E-3,9.633966064E-1,9.756261749E0,9.803713546E0
8.542825217E1,1.167572021E-2,9.379495239E-1,9.836794281E0,9.881417275E0
8.543828217E1,3.068618774E-2,9.171427917E-1,9.883048096E0,9.925559541E0
8.544831317E1,4.415817261E-2,9.129515076E-1,9.846823425E0,9.889153754E0
8.545834317E1,6.062393188E-2,9.050180054E-1,9.809850311E0,9.851695082E0
8.546837317E1,6.511459351E-2,9.169931030E-1,9.800868988E0,9.843888926E0
8.547840417E1,3.038681030E-2,9.069639587E-1,9.833351440E0,9.875135823E0
8.548843417E1,1.272354126E-2,9.159452820E-1,9.813143463E0,9.855805511E0
8.549846517E1,1.047821045E-2,9.120533752E-1,9.721384277E0,9.764080265E0
8.550849517E1,2.260299683E-2,9.351054382E-1,9.664951630E0,9.710109324E0
8.551852517E1,2.469863892E-2,9.243278503E-1,9.724827118E0,9.768687449E0
8.552855617E1,5.164260864E-2,9.430389404E-1,9.843230896E0,9.888436877E0
8.553858617E1,3.128494263E-2,9.532177734E-1,9.945767670E0,9.991391165E0
8.554861617E1,6.586303711E-3,9.683363342E-1,9.962532806E0,1.000948443E1
8.555864717E1,8.083190918E-3,1.007255402E0,9.887089691E0,9.938268025E0
8.556867717E1,1.856140137E-2,1.011895752E0,9.819430389E0,9.871448258E0
8.557870817E1,4.415817261E-2,1.038240967E0,9.795779572E0,9.850745741E0
8.558873817E1,6.316864014E-2,1.032702484E0,9.824519806E0,9.878848825E0
8.559876817E1,8.741821289E-2,1.007854156E0,9.818532257E0,9.870511011E0
8.560879917E1,8.277786255E-2,9.821076965E-1,9.817783813E0,9.867130622E0
8.561882917E1,9.086105347E-2,9.581575012E-1,9.801916809E0,9.849055521E0
8.562885917E1,8.307723999E-2,9.434880066E-1,9.813742218E0,9.859341143E0
8.563889017E1,5.942642212E-2,9.147477722E-1,9.826615448E0,9.869278907E0
8.564892017E1,3.278182983E-2,9.033714294E-1,9.867031403E0,9.908353208E0
8.565895117E1,3.098556519E-2,8.954379272E-1,9.871671753E0,9.912248604E0
8.566898117E1,3.697311401E-2,9.050180054E-1,9.854008484E0,9.895549899E0
8.567901117E1,4.370910645E-2,9.166937256E-1,9.830507355E0,9.873252388E0
8.568904158E1,5.179229736E-2,9.562115479E-1,9.792037354E0,9.838750861E0
8.569907158E1,6.436614990E-2,9.857002258E-1,9.776769104E0,9.826543749E0
8.570910158E1,8.173004150E-2,1.003962250E0,9.783954163E0,9.835668714E0
8.571913258E1,8.666976929E-2,1.025367737E0,9.810898132E0,9.864715546E0
8.572916258E1,6.361770630E-2,1.017733612E0,9.829309845E0,9.882062586E0
8.573919358E1,5.298980713E-2,1.005758514E0,9.843979340E0,9.895366964E0
8.574922358E1,5.852828979E-2,9.868977356E-1,9.851314087E0,9.900797036E0
8.575925358E1,7.888595581E-2,1.009800110E0,9.848769379E0,9.900716011E0
8.576928458E1,6.436614990E-2,1.023870850E0,9.874066772E0,9.927217593E0
8.577931458E1,3.981719971E-2,1.019380188E0,9.890382843E0,9.942856439E0
8.578934458E1,3.023712158E-2,1.021625519E0,9.876012726E0,9.928759255E0
8.579937558E1,4.849914551E-2,1.039887543E0,9.808054047E0,9.863145667E0
8.580940558E1,5.418731689E-2,1.026714935E0,9.715845795E0,9.770094131E0
8.581943658E1,5.478607178E-2,1.018182678E0,9.714947662E0,9.768311295E0
8.582946658E1,2.499801636E-2,9.943821716E-1,9.757908325E0,9.808475707E0
8.583949658E1,9.430389404E-3,9.801617432E-1,9.836195526E0,9.884915195E0
8.584952758E1,1.302291870E-2,9.678872681E-1,9.875863037E0,9.923187295E0
8.585955758E1,2.874023438E-2,9.696835327E-1,9.854607239E0,9.902241968E0
8.586958758E1,3.173400879E-2,9.608518982E-1,9.866881714E0,9.913606719E0
8.587961858E1,2.335144043E-2,9.695338440E-1,9.858349457E0,9.905937370E0
8.588964858E1,2.874023438E-2,9.824070740E-1,9.812395020E0,9.861493076E0
8.589967958E1,3.218307495E-2,9.990225220E-1,9.780810699E0,9.831751608E0
8.590970958E1,4.805007935E-2,1.004710693E0,9.773925018E0,9.825546430E0
8.591973958E1,6.750961304E-2,1.003662872E0,9.773026886E0,9.824660362E0
8.592977058E1,7.304809570E-2,9.930349731E-1,9.786947937E0,9.837469411E0
8.593980058E1,7.559280396E-2,9.924362183E-1,9.810598755E0,9.860957958E0
8.594983058E1,4.670288086E-2,9.865983582E-1,9.828860779E0,9.878363310E0
8.595986158E1,4.071533203E-2,9.776170349E-1,9.816735992E0,9.865378774E0
8.596989158E1,7.274871826E-2,9.720785522E-1,9.715995483E0,9.764773286E0
8.597992258E1,5.209167480E-2,9.451345825E-1,9.748178558E0,9.794027676E0
8.598995258E1,2.829116821E-2,9.343569946E-1,9.809251556E0,9.853691668E0
8.599998258E1,9.729766846E-3,9.464817810E-1,9.852810974E0,9.898171878E0
8.601001358E1,7.334747314E-3,9.568103027E-1,9.880054321E0,9.926278917E0
8.602004358E1,2.544708252E-2,1.004710693E0,9.880054321E0,9.931040455E0
8.603007358E1,2.439926147E-2,1.041234741E0,9.864037628E0,9.918871077E0
8.604010458E1,6.137237549E-2,1.054407349E0,9.851314087E0,9.907771226E0
8.605013458E1,7.424560547E-2,1.072669373E0,9.834249573E0,9.892855839E0
8.606016558E1,6.765930176E-2,1.045875092E0,9.850715332E0,9.906312384E0
8.607019558E1,5.074447632E-2,1.053808594E0,9.895322571E0,9.951406752E0
8.608022558E1,4.999603271E-2,1.039288788E0,9.897268524E0,9.951811143E0
8.609025658E1,5.598358154E-2,9.987231445E-1,9.868528290E0,9.919094348E0
8.610028658E1,2.380050659E-2,9.795629883E-1,9.814490662E0,9.863282266E0
8.611031658E1,-2.874023438E-2,9.134005737E-1,9.781110077E0,9.823708106E0
8.612034758E1,-8.921447754E-2,8.586145020E-1,9.737251282E0,9.775440686E0
8.613037758E1,2.769241333E-2,8.934919739E-1,9.679172058E0,9.720363497E0